name,developer,status,status_group,category,capacity_mw,capacity_label,landscape_weight,location,latitude,longitude,precision,nearest_nuclear_name,nearest_nuclear_state,nearest_nuclear_distance_mi,nearest_nuclear_capacity_mw,source,source_url,notes
Delta Gigasite - Expansion,,Planned,Planned,Publicly tracked data-center facility,9700.0,"9,700 MW",4.0,"Millard, UT",39.51095,-112.580122,Public tracker coordinates,Palo Verde,AZ,423.3,4209.6,Cleanview public U.S. data-center tracker,https://cleanview.co/data-centers/us,Individual facility or project from Cleanview's public geocoded U.S. data-center inventory.
PORTS Technology Campus - Phase 2,,Planned,Planned,Publicly tracked data-center facility,9200.0,"9,200 MW",4.0,"Pike, OH",39.008333,-83.0,Public tracker coordinates,Beaver Valley,PA,176.0,1846.8,Cleanview public U.S. data-center tracker,https://cleanview.co/data-centers/us,Individual facility or project from Cleanview's public geocoded U.S. data-center inventory.
GW Ranch,,Planned,Planned,Publicly tracked data-center facility,7650.0,"7,650 MW",4.0,"Pecos, TX",31.1621064,-102.8964115,Public tracker coordinates,Comanche Peak,TX,310.4,2430.0,Cleanview public U.S. data-center tracker,https://cleanview.co/data-centers/us,Individual facility or project from Cleanview's public geocoded U.S. data-center inventory.
Nexus Hubbard - Expansion,,Planned,Planned,Publicly tracked data-center facility,7200.0,"7,200 MW",4.0,"Hill, TX",31.8394143,-96.7873009,Public tracker coordinates,Comanche Peak,TX,66.5,2430.0,Cleanview public U.S. data-center tracker,https://cleanview.co/data-centers/us,Individual facility or project from Cleanview's public geocoded U.S. data-center inventory.
Monarch Compute Campus - Phase 2,,Planned,Planned,Publicly tracked data-center facility,6000.0,"6,000 MW",4.0,"Mason, WV",38.9087381,-82.105927,Public tracker coordinates,Beaver Valley,PA,148.0,1846.8,Cleanview public U.S. data-center tracker,https://cleanview.co/data-centers/us,Individual facility or project from Cleanview's public geocoded U.S. data-center inventory.
Wonder Valley (Stratos Project) - Phase 2 (Expansion),,Planned,Planned,Publicly tracked data-center facility,6000.0,"6,000 MW",4.0,"Box Elder, UT",41.8421,-112.6194,Public tracker coordinates,Columbia Generating Station,WA,461.3,1200.0,Cleanview public U.S. data-center tracker,https://cleanview.co/data-centers/us,Individual facility or project from Cleanview's public geocoded U.S. data-center inventory.
Fermi (Gas - Project Matador),,Planned,Planned,Publicly tracked data-center facility,6000.0,"6,000 MW",4.0,"Carson, TX",35.294622,-101.605936,Public tracker coordinates,Comanche Peak,TX,301.6,2430.0,Cleanview public U.S. data-center tracker,https://cleanview.co/data-centers/us,Individual facility or project from Cleanview's public geocoded U.S. data-center inventory.
Meta Hyperion - Expansion (Phase 2),,Planned,Planned,Publicly tracked data-center facility,5238.0,"5,238 MW",4.0,"Richland Parish, LA",32.481467,-91.631042,Public tracker coordinates,Grand Gulf,MS,47.2,1440.0,Cleanview public U.S. data-center tracker,https://cleanview.co/data-centers/us,Individual facility or project from Cleanview's public geocoded U.S. data-center inventory.
Fermi (Gas - Project Matador East),,Planned,Planned,Publicly tracked data-center facility,5000.0,"5,000 MW",4.0,"Carson, TX",35.302778,-101.527222,Public tracker coordinates,Comanche Peak,TX,298.7,2430.0,Cleanview public U.S. data-center tracker,https://cleanview.co/data-centers/us,Individual facility or project from Cleanview's public geocoded U.S. data-center inventory.
Fermi (SMR/Expansion),,Planned,Planned,Publicly tracked data-center facility,4600.0,"4,600 MW",4.0,"Carson, TX",35.294622,-101.605936,Public tracker coordinates,Comanche Peak,TX,301.6,2430.0,Cleanview public U.S. data-center tracker,https://cleanview.co/data-centers/us,Individual facility or project from Cleanview's public geocoded U.S. data-center inventory.
Homer City Energy Campus,,Planned,Planned,Publicly tracked data-center facility,4500.0,"4,500 MW",4.0,"Indiana, PA",40.51371697,-79.19672639,Public tracker coordinates,Beaver Valley,PA,65.3,1846.8,Cleanview public U.S. data-center tracker,https://cleanview.co/data-centers/us,Individual facility or project from Cleanview's public geocoded U.S. data-center inventory.
Fermi (Nuclear),,Planned,Planned,Publicly tracked data-center facility,4400.0,"4,400 MW",4.0,"Carson, TX",35.294622,-101.605936,Public tracker coordinates,Comanche Peak,TX,301.6,2430.0,Cleanview public U.S. data-center tracker,https://cleanview.co/data-centers/us,Individual facility or project from Cleanview's public geocoded U.S. data-center inventory.
DCIP DeSoto County AI Data Center,,Planned,Planned,Publicly tracked data-center facility,4000.0,"4,000 MW",4.0,"DeSoto, FL",27.2237,-81.8207,Public tracker coordinates,St Lucie,FL,97.1,2160.0,Cleanview public U.S. data-center tracker,https://cleanview.co/data-centers/us,Individual facility or project from Cleanview's public geocoded U.S. data-center inventory.
Tract Caldwell Valley,,Planned,Planned,Publicly tracked data-center facility,4000.0,"4,000 MW",4.0,"Caldwell, TX",29.921659,-97.759283,Public tracker coordinates,South Texas Project,TX,129.1,2708.6,Cleanview public U.S. data-center tracker,https://cleanview.co/data-centers/us,Individual facility or project from Cleanview's public geocoded U.S. data-center inventory.
High Performance Compute Data Center Campus,,Planned,Planned,Publicly tracked data-center facility,4000.0,"4,000 MW",4.0,"Millard, UT",39.1997678,-112.3689572,Public tracker coordinates,Palo Verde,AZ,402.5,4209.6,Cleanview public U.S. data-center tracker,https://cleanview.co/data-centers/us,Individual facility or project from Cleanview's public geocoded U.S. data-center inventory.
Aligned Shippingport Data Center,,Planned,Planned,Publicly tracked data-center facility,3600.0,"3,600 MW",4.0,"Beaver, PA",40.63213,-80.4145,Public tracker coordinates,Beaver Valley,PA,1.2,1846.8,Cleanview public U.S. data-center tracker,https://cleanview.co/data-centers/us,Individual facility or project from Cleanview's public geocoded U.S. data-center inventory.
TECfusions Keystone Connect,,Planned,Planned,Publicly tracked data-center facility,3000.0,"3,000 MW",4.0,"Westmoreland, PA",40.5475375,-79.6493059,Public tracker coordinates,Beaver Valley,PA,41.5,1846.8,Cleanview public U.S. data-center tracker,https://cleanview.co/data-centers/us,Individual facility or project from Cleanview's public geocoded U.S. data-center inventory.
Wonder Valley (Stratos Project) - Phase 1,,Planned,Planned,Publicly tracked data-center facility,3000.0,"3,000 MW",4.0,"Box Elder, UT",41.8421,-112.6194,Public tracker coordinates,Columbia Generating Station,WA,461.3,1200.0,Cleanview public U.S. data-center tracker,https://cleanview.co/data-centers/us,Individual facility or project from Cleanview's public geocoded U.S. data-center inventory.
Vermaland La Osa Data Center Campus,,Planned,Planned,Publicly tracked data-center facility,3000.0,"3,000 MW",4.0,"Pinal, AZ",32.68,-111.55,Public tracker coordinates,Palo Verde,AZ,90.4,4209.6,Cleanview public U.S. data-center tracker,https://cleanview.co/data-centers/us,Individual facility or project from Cleanview's public geocoded U.S. data-center inventory.
Project Jade,,Planned,Planned,Publicly tracked data-center facility,2700.0,"2,700 MW",4.0,"Laramie, WY",41.02251,-104.8177849,Public tracker coordinates,Cooper Nuclear Station,NE,482.7,801.0,Cleanview public U.S. data-center tracker,https://cleanview.co/data-centers/us,Individual facility or project from Cleanview's public geocoded U.S. data-center inventory.
Microsoft Pecos Data Center,,Planned,Planned,Publicly tracked data-center facility,2595.0,"2,595 MW",4.0,"Reeves, TX",31.1343,-103.4383,Public tracker coordinates,Comanche Peak,TX,341.8,2430.0,Cleanview public U.S. data-center tracker,https://cleanview.co/data-centers/us,Individual facility or project from Cleanview's public geocoded U.S. data-center inventory.
George Washington Village Data Center,,Planned,Planned,Publicly tracked data-center facility,2100.0,"2,100 MW",4.0,"Stafford, VA",38.40892022,-77.44693146,Public tracker coordinates,North Anna,VA,30.5,1959.4,Cleanview public U.S. data-center tracker,https://cleanview.co/data-centers/us,Individual facility or project from Cleanview's public geocoded U.S. data-center inventory.
Louisa County Campus 3,,Canceled,Other,Publicly tracked data-center facility,2100.0,"2,100 MW",4.0,"Louisa, VA",38.018072,-77.93566,Public tracker coordinates,North Anna,VA,8.5,1959.4,Cleanview public U.S. data-center tracker,https://cleanview.co/data-centers/us,Individual facility or project from Cleanview's public geocoded U.S. data-center inventory.
Monarch Compute Campus - Phase 1,,Planned,Planned,Publicly tracked data-center facility,2000.0,"2,000 MW",4.0,"Mason, WV",38.9087381,-82.105927,Public tracker coordinates,Beaver Valley,PA,148.0,1846.8,Cleanview public U.S. data-center tracker,https://cleanview.co/data-centers/us,Individual facility or project from Cleanview's public geocoded U.S. data-center inventory.
Eneus Energy Cameron Data Center,,Planned,Planned,Publicly tracked data-center facility,2000.0,"2,000 MW",4.0,"Cameron, TX",26.226423,-97.63307,Public tracker coordinates,South Texas Project,TX,202.3,2708.6,Cleanview public U.S. data-center tracker,https://cleanview.co/data-centers/us,Individual facility or project from Cleanview's public geocoded U.S. data-center inventory.
Project Cardinal Data Center,,Planned,Planned,Publicly tracked data-center facility,1800.0,"1,800 MW",4.0,"Kendall, IL",41.71730289,-88.47554231,Public tracker coordinates,Dresden Generating Station,IL,25.0,2018.6,Cleanview public U.S. data-center tracker,https://cleanview.co/data-centers/us,Individual facility or project from Cleanview's public geocoded U.S. data-center inventory.
Joliet Technology Center,,Planned,Planned,Publicly tracked data-center facility,1800.0,"1,800 MW",4.0,"Will, IL",41.46179335,-88.15049047,Public tracker coordinates,Dresden Generating Station,IL,7.9,2018.6,Cleanview public U.S. data-center tracker,https://cleanview.co/data-centers/us,Individual facility or project from Cleanview's public geocoded U.S. data-center inventory.
Fundamental Ridgeline Data Center,,Planned,Planned,Publicly tracked data-center facility,1656.0,"1,656 MW",4.0,"Tucker, WV",39.13851,-79.4867,Public tracker coordinates,Beaver Valley,PA,114.1,1846.8,Cleanview public U.S. data-center tracker,https://cleanview.co/data-centers/us,Individual facility or project from Cleanview's public geocoded U.S. data-center inventory.
IREN Project Emerald,,Planned,Planned,Publicly tracked data-center facility,1600.0,"1,600 MW",4.0,"Pittsburg, OK",34.7,-95.927,Public tracker coordinates,Arkansas Nuclear One,AR,158.1,1845.0,Cleanview public U.S. data-center tracker,https://cleanview.co/data-centers/us,Individual facility or project from Cleanview's public geocoded U.S. data-center inventory.
Colossus 2,,Planned,Planned,Publicly tracked data-center facility,1563.0,"1,563 MW",4.0,"Shelby, TN",35.00019187,-90.0433191,Public tracker coordinates,Browns Ferry,AL,167.1,3854.0,Cleanview public U.S. data-center tracker,https://cleanview.co/data-centers/us,Individual facility or project from Cleanview's public geocoded U.S. data-center inventory.
Gouldsboro Data Center,,Planned,Planned,Publicly tracked data-center facility,1500.0,"1,500 MW",4.0,"Lackawanna, PA",41.248901,-75.5163103,Public tracker coordinates,TalenEnergy Susquehanna,PA,34.5,2532.0,Cleanview public U.S. data-center tracker,https://cleanview.co/data-centers/us,Individual facility or project from Cleanview's public geocoded U.S. data-center inventory.
Crusoe Victoria Data Center,,Planned,Planned,Publicly tracked data-center facility,1500.0,"1,500 MW",4.0,"Victoria, TX",28.689142,-96.96172,Public tracker coordinates,South Texas Project,TX,55.8,2708.6,Cleanview public U.S. data-center tracker,https://cleanview.co/data-centers/us,Individual facility or project from Cleanview's public geocoded U.S. data-center inventory.
Project Red Clay,,Planned,Planned,Publicly tracked data-center facility,1500.0,"1,500 MW",4.0,"Lowndes, AL",32.270034,-86.51277,Public tracker coordinates,Joseph M Farley,AL,109.6,1776.4,Cleanview public U.S. data-center tracker,https://cleanview.co/data-centers/us,Individual facility or project from Cleanview's public geocoded U.S. data-center inventory.
Project Horizon Phase 2,,Planned,Planned,Publicly tracked data-center facility,1500.0,"1,500 MW",4.0,"Pecos, TX",30.421732,-102.509315,Public tracker coordinates,Comanche Peak,TX,307.3,2430.0,Cleanview public U.S. data-center tracker,https://cleanview.co/data-centers/us,Individual facility or project from Cleanview's public geocoded U.S. data-center inventory.
Takanock Goshen Data Center,,Planned,Planned,Publicly tracked data-center facility,1500.0,"1,500 MW",4.0,"Elkhart, IN",41.67126617,-85.80403264,Public tracker coordinates,Donald C Cook,MI,44.5,2285.3,Cleanview public U.S. data-center tracker,https://cleanview.co/data-centers/us,Individual facility or project from Cleanview's public geocoded U.S. data-center inventory.
Hassayampa Ranch Data Center,,Planned,Planned,Publicly tracked data-center facility,1500.0,"1,500 MW",4.0,"Maricopa, AZ",33.4509,-112.6346,Public tracker coordinates,Palo Verde,AZ,13.8,4209.6,Cleanview public U.S. data-center tracker,https://cleanview.co/data-centers/us,Individual facility or project from Cleanview's public geocoded U.S. data-center inventory.
QTS Blakely Data Center,,Planned,Planned,Publicly tracked data-center facility,1400.0,"1,400 MW",4.0,"Early, GA",31.406296,-84.912908,Public tracker coordinates,Joseph M Farley,AL,17.3,1776.4,Cleanview public U.S. data-center tracker,https://cleanview.co/data-centers/us,Individual facility or project from Cleanview's public geocoded U.S. data-center inventory.
IREN Sweetwater 1,,Planned,Planned,Publicly tracked data-center facility,1400.0,"1,400 MW",4.0,"Nolan, TX",32.46384557,-100.3299567,Public tracker coordinates,Comanche Peak,TX,148.9,2430.0,Cleanview public U.S. data-center tracker,https://cleanview.co/data-centers/us,Individual facility or project from Cleanview's public geocoded U.S. data-center inventory.
Stargate - Michigan Data Center,,Planned,Planned,Publicly tracked data-center facility,1400.0,"1,400 MW",4.0,"Washtenaw, MI",42.12,-83.885,Public tracker coordinates,Fermi,MI,33.9,1217.0,Cleanview public U.S. data-center tracker,https://cleanview.co/data-centers/us,Individual facility or project from Cleanview's public geocoded U.S. data-center inventory.
PAX – Pennsylvania Digital I,,Planned,Planned,Publicly tracked data-center facility,1350.0,"1,350 MW",4.0,"Cumberland, PA",40.256625,-77.1191193,Public tracker coordinates,Crane Clean Energy Center,PA,22.1,980.8,Cleanview public U.S. data-center tracker,https://cleanview.co/data-centers/us,Individual facility or project from Cleanview's public geocoded U.S. data-center inventory.
Spring Valley Technology Park,,Planned,Planned,Publicly tracked data-center facility,1300.0,"1,300 MW",4.0,"Loudoun, VA",38.9961614,-77.5686106,Public tracker coordinates,North Anna,VA,65.8,1959.4,Cleanview public U.S. data-center tracker,https://cleanview.co/data-centers/us,Individual facility or project from Cleanview's public geocoded U.S. data-center inventory.
Project Arrowhead,,Planned,Planned,Publicly tracked data-center facility,1250.0,"1,250 MW",4.0,"Irwin, GA",31.599167,-83.367442,Public tracker coordinates,Edwin I Hatch,GA,64.4,1848.0,Cleanview public U.S. data-center tracker,https://cleanview.co/data-centers/us,Individual facility or project from Cleanview's public geocoded U.S. data-center inventory.
Zenith Volts Roswell Data Center,,Planned,Planned,Publicly tracked data-center facility,1250.0,"1,250 MW",4.0,"Chaves, NM",33.38971,-104.536,Public tracker coordinates,Comanche Peak,TX,399.0,2430.0,Cleanview public U.S. data-center tracker,https://cleanview.co/data-centers/us,Individual facility or project from Cleanview's public geocoded U.S. data-center inventory.
Tract South Valley,,Planned,Planned,Publicly tracked data-center facility,1215.0,"1,215 MW",4.0,"Storey, NV",39.47083,-119.40618,Public tracker coordinates,Diablo Canyon,CA,304.9,2323.0,Cleanview public U.S. data-center tracker,https://cleanview.co/data-centers/us,Individual facility or project from Cleanview's public geocoded U.S. data-center inventory.
CloudBurst San Marcos Data Center,,Planned,Planned,Publicly tracked data-center facility,1200.0,"1,200 MW",4.0,"Hays, TX",29.76191299,-97.99088995,Public tracker coordinates,South Texas Project,TX,134.8,2708.6,Cleanview public U.S. data-center tracker,https://cleanview.co/data-centers/us,Individual facility or project from Cleanview's public geocoded U.S. data-center inventory.
Google Monrovia Data Center,,Planned,Planned,Publicly tracked data-center facility,1200.0,"1,200 MW",4.0,"Morgan, IN",39.59558739,-86.45815461,Public tracker coordinates,Clinton Power Station,IL,132.1,1138.3,Cleanview public U.S. data-center tracker,https://cleanview.co/data-centers/us,Individual facility or project from Cleanview's public geocoded U.S. data-center inventory.
Project Washington Campus,,Canceled,Other,Publicly tracked data-center facility,1200.0,"1,200 MW",4.0,"New Castle, DE",39.60223861,-75.64770157,Public tracker coordinates,PSEG Hope Creek Generating Station,NJ,11.1,1290.7,Cleanview public U.S. data-center tracker,https://cleanview.co/data-centers/us,Individual facility or project from Cleanview's public geocoded U.S. data-center inventory.
MSB Matrix Data Center Phase 2,,Planned,Planned,Publicly tracked data-center facility,1200.0,"1,200 MW",4.0,"Hopkins, TX",33.08515,-95.546,Public tracker coordinates,Comanche Peak,TX,141.1,2430.0,Cleanview public U.S. data-center tracker,https://cleanview.co/data-centers/us,Individual facility or project from Cleanview's public geocoded U.S. data-center inventory.
Bilateral Energy Knox Ranch Data Center,,Planned,Planned,Publicly tracked data-center facility,1200.0,"1,200 MW",4.0,"Hood, TX",32.409314,-97.847592,Public tracker coordinates,Comanche Peak,TX,8.5,2430.0,Cleanview public U.S. data-center tracker,https://cleanview.co/data-centers/us,Individual facility or project from Cleanview's public geocoded U.S. data-center inventory.
Oasis Dahlgren West Data Center,,Planned,Planned,Publicly tracked data-center facility,1200.0,"1,200 MW",4.0,"King George, VA",38.30967,-77.1084,Public tracker coordinates,Calvert Cliffs Nuclear Power Plant,MD,37.1,1850.4,Cleanview public U.S. data-center tracker,https://cleanview.co/data-centers/us,Individual facility or project from Cleanview's public geocoded U.S. data-center inventory.
Nebius Independence Campus,,Planned,Planned,Publicly tracked data-center facility,1200.0,"1,200 MW",4.0,"Jackson, MO",39.0932214,-94.3221065,Public tracker coordinates,Wolf Creek Generating Station,KS,94.5,1296.3,Cleanview public U.S. data-center tracker,https://cleanview.co/data-centers/us,Individual facility or project from Cleanview's public geocoded U.S. data-center inventory.
Stack Infrastructure Stafford Campus,,Planned,Planned,Publicly tracked data-center facility,1100.0,"1,100 MW",4.0,"Stafford, VA",38.38512162,-77.43161729,Public tracker coordinates,North Anna,VA,29.7,1959.4,Cleanview public U.S. data-center tracker,https://cleanview.co/data-centers/us,Individual facility or project from Cleanview's public geocoded U.S. data-center inventory.
EdgeCore Shannon Hill Campus,,Planned,Planned,Publicly tracked data-center facility,1100.0,"1,100 MW",4.0,"Louisa, VA",37.883446,-78.038852,Public tracker coordinates,North Anna,VA,18.2,1959.4,Cleanview public U.S. data-center tracker,https://cleanview.co/data-centers/us,Individual facility or project from Cleanview's public geocoded U.S. data-center inventory.
InfraKey Lacy Lakeview Data Center,,Planned,Planned,Publicly tracked data-center facility,1000.0,"1,000 MW",4.0,"McLennan, TX",31.66293,-97.110344,Public tracker coordinates,Comanche Peak,TX,59.1,2430.0,Cleanview public U.S. data-center tracker,https://cleanview.co/data-centers/us,Individual facility or project from Cleanview's public geocoded U.S. data-center inventory.
Cipher Colchis,,Planned,Planned,Publicly tracked data-center facility,1000.0,"1,000 MW",4.0,"Tom Green, TX",31.53101,-100.31897,Public tracker coordinates,Comanche Peak,TX,157.8,2430.0,Cleanview public U.S. data-center tracker,https://cleanview.co/data-centers/us,Individual facility or project from Cleanview's public geocoded U.S. data-center inventory.
Huntley Page Data Center,,Planned,Planned,Publicly tracked data-center facility,1000.0,"1,000 MW",4.0,"Coconino, AZ",36.898376,-111.483154,Public tracker coordinates,Palo Verde,AZ,254.7,4209.6,Cleanview public U.S. data-center tracker,https://cleanview.co/data-centers/us,Individual facility or project from Cleanview's public geocoded U.S. data-center inventory.
Tract Morris Data Center,,Planned,Planned,Publicly tracked data-center facility,1000.0,"1,000 MW",4.0,"Grundy, IL",41.39786,-88.37636,Public tracker coordinates,Dresden Generating Station,IL,5.5,2018.6,Cleanview public U.S. data-center tracker,https://cleanview.co/data-centers/us,Individual facility or project from Cleanview's public geocoded U.S. data-center inventory.
Chesapeake Data,,Planned,Planned,Publicly tracked data-center facility,1000.0,"1,000 MW",4.0,"Charles, MD",38.3596,-76.9757,Public tracker coordinates,Calvert Cliffs Nuclear Power Plant,MD,29.4,1850.4,Cleanview public U.S. data-center tracker,https://cleanview.co/data-centers/us,Individual facility or project from Cleanview's public geocoded U.S. data-center inventory.
Microsoft Granger Data Center,,Planned,Planned,Publicly tracked data-center facility,1000.0,"1,000 MW",4.0,"St. Joseph, IN",41.729033,-86.123315,Public tracker coordinates,Donald C Cook,MI,28.4,2285.3,Cleanview public U.S. data-center tracker,https://cleanview.co/data-centers/us,Individual facility or project from Cleanview's public geocoded U.S. data-center inventory.
Treetop Development Data Center,,Planned,Planned,Publicly tracked data-center facility,1000.0,"1,000 MW",4.0,"Dutchess, NY",41.5234,-73.81024,Public tracker coordinates,Millstone,CT,86.4,2259.9,Cleanview public U.S. data-center tracker,https://cleanview.co/data-centers/us,Individual facility or project from Cleanview's public geocoded U.S. data-center inventory.
Project Cannoli,,Planned,Planned,Publicly tracked data-center facility,1000.0,"1,000 MW",4.0,"Wayne, MI",42.228857,-83.475064,Public tracker coordinates,Fermi,MI,21.5,1217.0,Cleanview public U.S. data-center tracker,https://cleanview.co/data-centers/us,Individual facility or project from Cleanview's public geocoded U.S. data-center inventory.
Peterson Stafford Data Center,,Planned,Planned,Publicly tracked data-center facility,1000.0,"1,000 MW",4.0,"Stafford, VA",38.3787419,-77.4273005,Public tracker coordinates,North Anna,VA,29.5,1959.4,Cleanview public U.S. data-center tracker,https://cleanview.co/data-centers/us,Individual facility or project from Cleanview's public geocoded U.S. data-center inventory.
AWS Threemile Exascale Campus,,Planned,Planned,Publicly tracked data-center facility,1000.0,"1,000 MW",4.0,"Morrow, OR",45.82175,-119.8259,Public tracker coordinates,Columbia Generating Station,WA,50.7,1200.0,Cleanview public U.S. data-center tracker,https://cleanview.co/data-centers/us,Individual facility or project from Cleanview's public geocoded U.S. data-center inventory.
Project Jarvis,,Canceled,Other,Publicly tracked data-center facility,1000.0,"1,000 MW",4.0,"St. Lucie, FL",27.47149298,-80.55927729,Public tracker coordinates,St Lucie,FL,21.0,2160.0,Cleanview public U.S. data-center tracker,https://cleanview.co/data-centers/us,Individual facility or project from Cleanview's public geocoded U.S. data-center inventory.
Robena Data Center,,Planned,Planned,Publicly tracked data-center facility,910.0,910 MW,4.0,"Greene, PA",39.83526,-79.942505,Public tracker coordinates,Beaver Valley,PA,60.2,1846.8,Cleanview public U.S. data-center tracker,https://cleanview.co/data-centers/us,Individual facility or project from Cleanview's public geocoded U.S. data-center inventory.
Project Sail,,Planned,Planned,Publicly tracked data-center facility,900.0,900 MW,4.0,"Coweta, GA",33.434,-84.87683,Public tracker coordinates,Sequoyah,TN,124.5,2441.0,Cleanview public U.S. data-center tracker,https://cleanview.co/data-centers/us,Individual facility or project from Cleanview's public geocoded U.S. data-center inventory.
Kingsboro Data Center Campus,,Planned,Planned,Publicly tracked data-center facility,900.0,900 MW,4.0,"Edgecombe, NC",35.9179,-77.6708,Public tracker coordinates,Harris (NC),NC,74.7,950.9,Cleanview public U.S. data-center tracker,https://cleanview.co/data-centers/us,Individual facility or project from Cleanview's public geocoded U.S. data-center inventory.
Bolingbroke Technology Campus,,Canceled,Other,Publicly tracked data-center facility,900.0,900 MW,4.0,"Monroe, GA",32.94370218,-83.82536543,Public tracker coordinates,Edwin I Hatch,GA,111.0,1848.0,Cleanview public U.S. data-center tracker,https://cleanview.co/data-centers/us,Individual facility or project from Cleanview's public geocoded U.S. data-center inventory.
Pine Ridge Technology Center,,Planned,Planned,Publicly tracked data-center facility,900.0,900 MW,4.0,"Twiggs, GA",32.63236,-83.5072,Public tracker coordinates,Edwin I Hatch,GA,83.3,1848.0,Cleanview public U.S. data-center tracker,https://cleanview.co/data-centers/us,Individual facility or project from Cleanview's public geocoded U.S. data-center inventory.
Mountain Road Technology Park,,Planned,Planned,Publicly tracked data-center facility,900.0,900 MW,4.0,"Hanover, VA",37.68726488,-77.5432181,Public tracker coordinates,North Anna,VA,29.1,1959.4,Cleanview public U.S. data-center tracker,https://cleanview.co/data-centers/us,Individual facility or project from Cleanview's public geocoded U.S. data-center inventory.
PORTS Technology Campus - Phase 1,,Planned,Planned,Publicly tracked data-center facility,800.0,800 MW,4.0,"Pike, OH",39.008333,-83.0,Public tracker coordinates,Beaver Valley,PA,176.0,1846.8,Cleanview public U.S. data-center tracker,https://cleanview.co/data-centers/us,Individual facility or project from Cleanview's public geocoded U.S. data-center inventory.
MSB Matrix Data Center Phase 1,,Planned,Planned,Publicly tracked data-center facility,800.0,800 MW,4.0,"Hopkins, TX",33.08515,-95.546,Public tracker coordinates,Comanche Peak,TX,141.1,2430.0,Cleanview public U.S. data-center tracker,https://cleanview.co/data-centers/us,Individual facility or project from Cleanview's public geocoded U.S. data-center inventory.
EdgeConneX Ashville Data Center,,Canceled,Other,Publicly tracked data-center facility,800.0,800 MW,4.0,"Pickaway, OH",39.7468828,-82.9828364,Public tracker coordinates,Davis Besse,OH,127.9,925.2,Cleanview public U.S. data-center tracker,https://cleanview.co/data-centers/us,Individual facility or project from Cleanview's public geocoded U.S. data-center inventory.
Viridian Janesville GM Plant Data Center,,Planned,Planned,Publicly tracked data-center facility,800.0,800 MW,4.0,"Rock, WI",42.6633,-89.0217,Public tracker coordinates,Byron Generating Station,IL,42.8,2449.8,Cleanview public U.S. data-center tracker,https://cleanview.co/data-centers/us,Individual facility or project from Cleanview's public geocoded U.S. data-center inventory.
Helios,,Planned,Planned,Publicly tracked data-center facility,800.0,800 MW,4.0,"Collin, TX",33.7662776,-100.863583,Public tracker coordinates,Comanche Peak,TX,205.1,2430.0,Cleanview public U.S. data-center tracker,https://cleanview.co/data-centers/us,Individual facility or project from Cleanview's public geocoded U.S. data-center inventory.
Cielo Hudson Data Center,,Planned,Planned,Publicly tracked data-center facility,750.0,750 MW,4.0,"Weld, CO",40.09549,-104.609,Public tracker coordinates,Cooper Nuclear Station,NE,473.2,801.0,Cleanview public U.S. data-center tracker,https://cleanview.co/data-centers/us,Individual facility or project from Cleanview's public geocoded U.S. data-center inventory.
IREN Childress (Bitcoin mining),,Operating,Operating,Publicly tracked data-center facility,750.0,750 MW,4.0,"Childress, TX",34.38247237,-100.055684,Public tracker coordinates,Comanche Peak,TX,194.7,2430.0,Cleanview public U.S. data-center tracker,https://cleanview.co/data-centers/us,Individual facility or project from Cleanview's public geocoded U.S. data-center inventory.
Tract Sapphire,,Planned,Planned,Publicly tracked data-center facility,700.0,700 MW,4.0,"Lyon, NV",39.42805,-119.232,Public tracker coordinates,Diablo Canyon,CA,304.7,2323.0,Cleanview public U.S. data-center tracker,https://cleanview.co/data-centers/us,Individual facility or project from Cleanview's public geocoded U.S. data-center inventory.
Riot Platforms Rockdale,,Operating,Operating,Publicly tracked data-center facility,700.0,700 MW,4.0,"Milam, TX",30.56359,-97.08498,Public tracker coordinates,Comanche Peak,TX,126.8,2430.0,Cleanview public U.S. data-center tracker,https://cleanview.co/data-centers/us,Individual facility or project from Cleanview's public geocoded U.S. data-center inventory.
CyrusOne Springfield Data Center,,Planned,Planned,Publicly tracked data-center facility,636.0,636 MW,4.0,"Sangamon, IL",39.5435085,-89.8796296,Public tracker coordinates,Clinton Power Station,IL,70.4,1138.3,Cleanview public U.S. data-center tracker,https://cleanview.co/data-centers/us,Individual facility or project from Cleanview's public geocoded U.S. data-center inventory.
Vantage Cheyenne Data Center,,Planned,Planned,Publicly tracked data-center facility,624.0,624 MW,4.0,"Laramie, WY",41.0505,-104.8409,Public tracker coordinates,Cooper Nuclear Station,NE,484.0,801.0,Cleanview public U.S. data-center tracker,https://cleanview.co/data-centers/us,Individual facility or project from Cleanview's public geocoded U.S. data-center inventory.
Stargate Jupiter - Building 3,,Planned,Planned,Publicly tracked data-center facility,612.5,612 MW,4.0,"Dona Ana, NM",31.815678,-106.669409,Public tracker coordinates,Palo Verde,AZ,376.4,4209.6,Cleanview public U.S. data-center tracker,https://cleanview.co/data-centers/us,Individual facility or project from Cleanview's public geocoded U.S. data-center inventory.
Stargate Jupiter - Building 1,,Planned,Planned,Publicly tracked data-center facility,612.5,612 MW,4.0,"Dona Ana, NM",31.820902,-106.670043,Public tracker coordinates,Palo Verde,AZ,376.2,4209.6,Cleanview public U.S. data-center tracker,https://cleanview.co/data-centers/us,Individual facility or project from Cleanview's public geocoded U.S. data-center inventory.
Stargate Jupiter - Building 2,,Planned,Planned,Publicly tracked data-center facility,612.5,612 MW,4.0,"Dona Ana, NM",31.820794,-106.666557,Public tracker coordinates,Palo Verde,AZ,376.4,4209.6,Cleanview public U.S. data-center tracker,https://cleanview.co/data-centers/us,Individual facility or project from Cleanview's public geocoded U.S. data-center inventory.
Stargate Jupiter - Building 4,,Planned,Planned,Publicly tracked data-center facility,612.5,612 MW,4.0,"Dona Ana, NM",31.815381,-106.665796,Public tracker coordinates,Palo Verde,AZ,376.6,4209.6,Cleanview public U.S. data-center tracker,https://cleanview.co/data-centers/us,Individual facility or project from Cleanview's public geocoded U.S. data-center inventory.
IREN Sweetwater 2,,Planned,Planned,Publicly tracked data-center facility,600.0,600 MW,4.0,"Nolan, TX",32.46384557,-100.3299567,Public tracker coordinates,Comanche Peak,TX,148.9,2430.0,Cleanview public U.S. data-center tracker,https://cleanview.co/data-centers/us,Individual facility or project from Cleanview's public geocoded U.S. data-center inventory.
CyrusOne Yorkville Campus Phase 1,,Planned,Planned,Publicly tracked data-center facility,600.0,600 MW,4.0,"Kendall, IL",41.6759,-88.4834,Public tracker coordinates,Dresden Generating Station,IL,22.6,2018.6,Cleanview public U.S. data-center tracker,https://cleanview.co/data-centers/us,Individual facility or project from Cleanview's public geocoded U.S. data-center inventory.
Google Project Spade - Building 1,,Planned,Planned,Publicly tracked data-center facility,600.0,600 MW,4.0,"Montgomery, MO",38.8908,-91.433,Public tracker coordinates,Callaway,MO,20.7,1235.8,Cleanview public U.S. data-center tracker,https://cleanview.co/data-centers/us,Individual facility or project from Cleanview's public geocoded U.S. data-center inventory.
Project Ruby,,Planned,Planned,Publicly tracked data-center facility,600.0,600 MW,4.0,"Muscogee, GA",32.581497,-84.71003,Public tracker coordinates,Joseph M Farley,AL,96.8,1776.4,Cleanview public U.S. data-center tracker,https://cleanview.co/data-centers/us,Individual facility or project from Cleanview's public geocoded U.S. data-center inventory.
Gibson County Data Center,,Planned,Planned,Publicly tracked data-center facility,600.0,600 MW,4.0,"Gibson, IN",38.311283,-87.610799,Public tracker coordinates,Clinton Power Station,IL,144.3,1138.3,Cleanview public U.S. data-center tracker,https://cleanview.co/data-centers/us,Individual facility or project from Cleanview's public geocoded U.S. data-center inventory.
AWS Comanche Peak Campus,,Planned,Planned,Publicly tracked data-center facility,600.0,600 MW,4.0,"Somervell, TX",32.2987,-97.7853,Public tracker coordinates,Comanche Peak,TX,0.0,2430.0,Cleanview public U.S. data-center tracker,https://cleanview.co/data-centers/us,Individual facility or project from Cleanview's public geocoded U.S. data-center inventory.
DCD Kansas Data Center,,Planned,Planned,Publicly tracked data-center facility,600.0,600 MW,4.0,"Wyandotte, KS",39.13246599,-94.88059549,Public tracker coordinates,Wolf Creek Generating Station,KS,75.6,1296.3,Cleanview public U.S. data-center tracker,https://cleanview.co/data-centers/us,Individual facility or project from Cleanview's public geocoded U.S. data-center inventory.
PowerCampus Austin,,Planned,Planned,Publicly tracked data-center facility,600.0,600 MW,4.0,"Williamson, TX",30.5395571,-97.5219783,Public tracker coordinates,Comanche Peak,TX,122.5,2430.0,Cleanview public U.S. data-center tracker,https://cleanview.co/data-centers/us,Individual facility or project from Cleanview's public geocoded U.S. data-center inventory.
PowerHouse 95 - Phase 2,,Planned,Planned,Publicly tracked data-center facility,600.0,600 MW,4.0,"Spotsylvania, VA",38.2181191,-77.48060345,Public tracker coordinates,North Anna,VA,20.0,1959.4,Cleanview public U.S. data-center tracker,https://cleanview.co/data-centers/us,Individual facility or project from Cleanview's public geocoded U.S. data-center inventory.
Bristolville 25 Lordstown Data Center,,Planned,Planned,Publicly tracked data-center facility,600.0,600 MW,4.0,"Trumbull, OH",41.13775278,-80.86162146,Public tracker coordinates,Beaver Valley,PA,42.1,1846.8,Cleanview public U.S. data-center tracker,https://cleanview.co/data-centers/us,Individual facility or project from Cleanview's public geocoded U.S. data-center inventory.
Project Cardinal Data Center,,Planned,Planned,Publicly tracked data-center facility,600.0,600 MW,4.0,"Cascade, MT",47.5273781,-111.1907543,Public tracker coordinates,Columbia Generating Station,WA,390.4,1200.0,Cleanview public U.S. data-center tracker,https://cleanview.co/data-centers/us,Individual facility or project from Cleanview's public geocoded U.S. data-center inventory.
SAT Campus,,Planned,Planned,Publicly tracked data-center facility,600.0,600 MW,4.0,"Bexar, TX",29.41681,-98.79809,Public tracker coordinates,South Texas Project,TX,171.5,2708.6,Cleanview public U.S. data-center tracker,https://cleanview.co/data-centers/us,Individual facility or project from Cleanview's public geocoded U.S. data-center inventory.
Project Spectrum,,Planned,Planned,Publicly tracked data-center facility,600.0,600 MW,4.0,"Hood, TX",32.331016,-97.77933,Public tracker coordinates,Comanche Peak,TX,2.3,2430.0,Cleanview public U.S. data-center tracker,https://cleanview.co/data-centers/us,Individual facility or project from Cleanview's public geocoded U.S. data-center inventory.
Google Project Spade - Building 2,,Planned,Planned,Publicly tracked data-center facility,600.0,600 MW,4.0,"Montgomery, MO",38.8892,-91.435,Public tracker coordinates,Callaway,MO,20.6,1235.8,Cleanview public U.S. data-center tracker,https://cleanview.co/data-centers/us,Individual facility or project from Cleanview's public geocoded U.S. data-center inventory.
GigaPop Red Oak,,Planned,Planned,Publicly tracked data-center facility,540.0,540 MW,4.0,"Dallas, TX",32.5371001,-96.7278709,Public tracker coordinates,Comanche Peak,TX,63.9,2430.0,Cleanview public U.S. data-center tracker,https://cleanview.co/data-centers/us,Individual facility or project from Cleanview's public geocoded U.S. data-center inventory.
La Porte Data Center,,Planned,Planned,Publicly tracked data-center facility,538.0,538 MW,4.0,"LaPorte, IN",41.5835361,-86.6981973,Public tracker coordinates,Donald C Cook,MI,27.9,2285.3,Cleanview public U.S. data-center tracker,https://cleanview.co/data-centers/us,Individual facility or project from Cleanview's public geocoded U.S. data-center inventory.
Taho Reno 2 and 3,,Planned,Planned,Publicly tracked data-center facility,520.0,520 MW,4.0,"Storey, NV",39.5141083,-119.4736264,Public tracker coordinates,Diablo Canyon,CA,306.8,2323.0,Cleanview public U.S. data-center tracker,https://cleanview.co/data-centers/us,Individual facility or project from Cleanview's public geocoded U.S. data-center inventory.
Sentinel Hebron Data Center,,Planned,Planned,Publicly tracked data-center facility,504.0,504 MW,4.0,"Lake, IN",41.28966838,-87.27229987,Public tracker coordinates,Braidwood Generation Station,IL,49.8,2449.8,Cleanview public U.S. data-center tracker,https://cleanview.co/data-centers/us,Individual facility or project from Cleanview's public geocoded U.S. data-center inventory.
Cielo Minooka Data Center,,Planned,Planned,Publicly tracked data-center facility,500.0,500 MW,4.0,"Grundy, IL",41.45592,-88.2842,Public tracker coordinates,Dresden Generating Station,IL,4.6,2018.6,Cleanview public U.S. data-center tracker,https://cleanview.co/data-centers/us,Individual facility or project from Cleanview's public geocoded U.S. data-center inventory.
Davis-Monthan AFB Data Center,,Planned,Planned,Publicly tracked data-center facility,500.0,500 MW,4.0,"Pima, AZ",32.1665,-110.883,Public tracker coordinates,Palo Verde,AZ,142.6,4209.6,Cleanview public U.S. data-center tracker,https://cleanview.co/data-centers/us,Individual facility or project from Cleanview's public geocoded U.S. data-center inventory.
Cielo Kansas City Data Center,,Planned,Planned,Publicly tracked data-center facility,500.0,500 MW,4.0,"Jackson, MO",39.01764,-94.5668,Public tracker coordinates,Wolf Creek Generating Station,KS,81.0,1296.3,Cleanview public U.S. data-center tracker,https://cleanview.co/data-centers/us,Individual facility or project from Cleanview's public geocoded U.S. data-center inventory.
Gemini Data Center Sioux Falls,,Planned,Planned,Publicly tracked data-center facility,500.0,500 MW,4.0,"Minnehaha, SD",43.59611,-96.6499,Public tracker coordinates,Monticello Nuclear Facility,MN,183.0,685.0,Cleanview public U.S. data-center tracker,https://cleanview.co/data-centers/us,Individual facility or project from Cleanview's public geocoded U.S. data-center inventory.
Cielo Mustang Ridge Data Center,,Planned,Planned,Publicly tracked data-center facility,500.0,500 MW,4.0,"Travis, TX",30.05179,-97.6772,Public tracker coordinates,South Texas Project,TX,131.0,2708.6,Cleanview public U.S. data-center tracker,https://cleanview.co/data-centers/us,Individual facility or project from Cleanview's public geocoded U.S. data-center inventory.
Nexus Hubbard - Phase 1,,Planned,Planned,Publicly tracked data-center facility,500.0,500 MW,4.0,"Hill, TX",31.8394143,-96.7873009,Public tracker coordinates,Comanche Peak,TX,66.5,2430.0,Cleanview public U.S. data-center tracker,https://cleanview.co/data-centers/us,Individual facility or project from Cleanview's public geocoded U.S. data-center inventory.
Cloverleaf Troy Data Center,,Planned,Planned,Publicly tracked data-center facility,500.0,500 MW,4.0,"Madison, IL",38.725338,-89.909645,Public tracker coordinates,Callaway,MO,100.8,1235.8,Cleanview public U.S. data-center tracker,https://cleanview.co/data-centers/us,Individual facility or project from Cleanview's public geocoded U.S. data-center inventory.
Quantica Big Sky Data Center,,Planned,Planned,Publicly tracked data-center facility,500.0,500 MW,4.0,"Yellowstone, MT",46.04485,-108.273,Public tracker coordinates,Columbia Generating Station,WA,528.8,1200.0,Cleanview public U.S. data-center tracker,https://cleanview.co/data-centers/us,Individual facility or project from Cleanview's public geocoded U.S. data-center inventory.
New Haven Data Center,,Planned,Planned,Publicly tracked data-center facility,500.0,500 MW,4.0,"Allen, IN",41.078707,-84.942076,Public tracker coordinates,Davis Besse,OH,102.7,925.2,Cleanview public U.S. data-center tracker,https://cleanview.co/data-centers/us,Individual facility or project from Cleanview's public geocoded U.S. data-center inventory.
Project Horizon Phase 1,,Planned,Planned,Publicly tracked data-center facility,500.0,500 MW,4.0,"Pecos, TX",30.421732,-102.509315,Public tracker coordinates,Comanche Peak,TX,307.3,2430.0,Cleanview public U.S. data-center tracker,https://cleanview.co/data-centers/us,Individual facility or project from Cleanview's public geocoded U.S. data-center inventory.
Cipher Milsing,,Planned,Planned,Publicly tracked data-center facility,500.0,500 MW,4.0,"Grimes, TX",30.65215,-95.95875,Public tracker coordinates,South Texas Project,TX,128.4,2708.6,Cleanview public U.S. data-center tracker,https://cleanview.co/data-centers/us,Individual facility or project from Cleanview's public geocoded U.S. data-center inventory.
Zediker Station Data Center,,Planned,Planned,Publicly tracked data-center facility,500.0,500 MW,4.0,"Washington, PA",40.17106,-80.16807,Public tracker coordinates,Beaver Valley,PA,34.1,1846.8,Cleanview public U.S. data-center tracker,https://cleanview.co/data-centers/us,Individual facility or project from Cleanview's public geocoded U.S. data-center inventory.
Cipher Mikeska,,Planned,Planned,Publicly tracked data-center facility,500.0,500 MW,4.0,"McCulloch, TX",31.39282,-99.59939,Public tracker coordinates,Comanche Peak,TX,123.5,2430.0,Cleanview public U.S. data-center tracker,https://cleanview.co/data-centers/us,Individual facility or project from Cleanview's public geocoded U.S. data-center inventory.
Cipher McLennan,,Planned,Planned,Publicly tracked data-center facility,500.0,500 MW,4.0,"McLennan, TX",31.47659,-96.96122,Public tracker coordinates,Comanche Peak,TX,74.6,2430.0,Cleanview public U.S. data-center tracker,https://cleanview.co/data-centers/us,Individual facility or project from Cleanview's public geocoded U.S. data-center inventory.
Beacon Point - Phase 1,,Planned,Planned,Publicly tracked data-center facility,500.0,500 MW,4.0,"Nueces, TX",27.83594,-97.61026,Public tracker coordinates,South Texas Project,TX,115.8,2708.6,Cleanview public U.S. data-center tracker,https://cleanview.co/data-centers/us,Individual facility or project from Cleanview's public geocoded U.S. data-center inventory.
Compass Datacenters: MS,,Planned,Planned,Publicly tracked data-center facility,500.0,500 MW,4.0,"Lauderdale, MS",32.39083051,-88.62399087,Public tracker coordinates,Grand Gulf,MS,144.2,1440.0,Cleanview public U.S. data-center tracker,https://cleanview.co/data-centers/us,Individual facility or project from Cleanview's public geocoded U.S. data-center inventory.
Western Hospitality Childersburg Data Center,,Planned,Planned,Publicly tracked data-center facility,500.0,500 MW,4.0,"Talladega, AL",33.340885,-86.336205,Public tracker coordinates,Browns Ferry,AL,104.3,3854.0,Cleanview public U.S. data-center tracker,https://cleanview.co/data-centers/us,Individual facility or project from Cleanview's public geocoded U.S. data-center inventory.
Muskie Data Campus - Phase 1,,Planned,Planned,Publicly tracked data-center facility,500.0,500 MW,4.0,"Boyd, KY",38.376584,-82.822185,Public tracker coordinates,Beaver Valley,PA,200.7,1846.8,Cleanview public U.S. data-center tracker,https://cleanview.co/data-centers/us,Individual facility or project from Cleanview's public geocoded U.S. data-center inventory.
Stack Infrastructure DFW02,,Planned,Planned,Publicly tracked data-center facility,500.0,500 MW,4.0,"Dallas, TX",32.58107831,-96.73454642,Public tracker coordinates,Comanche Peak,TX,64.3,2430.0,Cleanview public U.S. data-center tracker,https://cleanview.co/data-centers/us,Individual facility or project from Cleanview's public geocoded U.S. data-center inventory.
Muskie Data Campus - Phase 2,,Planned,Planned,Publicly tracked data-center facility,500.0,500 MW,4.0,"Boyd, KY",38.376584,-82.822185,Public tracker coordinates,Beaver Valley,PA,200.7,1846.8,Cleanview public U.S. data-center tracker,https://cleanview.co/data-centers/us,Individual facility or project from Cleanview's public geocoded U.S. data-center inventory.
Beacon Point - Phase 2,,Planned,Planned,Publicly tracked data-center facility,500.0,500 MW,4.0,"Nueces, TX",27.83594,-97.61026,Public tracker coordinates,South Texas Project,TX,115.8,2708.6,Cleanview public U.S. data-center tracker,https://cleanview.co/data-centers/us,Individual facility or project from Cleanview's public geocoded U.S. data-center inventory.
Van Wert Data Center,,Planned,Planned,Publicly tracked data-center facility,500.0,500 MW,4.0,"Van Wert, OH",40.89674639,-84.56170898,Public tracker coordinates,Davis Besse,OH,90.6,925.2,Cleanview public U.S. data-center tracker,https://cleanview.co/data-centers/us,Individual facility or project from Cleanview's public geocoded U.S. data-center inventory.
Five 9s Digital Aliquippa Data Center,,Planned,Planned,Publicly tracked data-center facility,496.0,496 MW,4.0,"Beaver, PA",40.630177,-80.23629,Public tracker coordinates,Beaver Valley,PA,10.4,1846.8,Cleanview public U.S. data-center tracker,https://cleanview.co/data-centers/us,Individual facility or project from Cleanview's public geocoded U.S. data-center inventory.
Justified Data,,Planned,Planned,Publicly tracked data-center facility,480.0,480 MW,4.0,"Hancock, KY",37.899,-86.756,Public tracker coordinates,Watts Bar Nuclear Plant,TN,192.4,2539.8,Cleanview public U.S. data-center tracker,https://cleanview.co/data-centers/us,Individual facility or project from Cleanview's public geocoded U.S. data-center inventory.
EdgeCore Mesa: PH03,,Operating,Operating,Publicly tracked data-center facility,450.0,450 MW,4.0,"Maricopa, AZ",33.34430587,-111.619829,Public tracker coordinates,Palo Verde,AZ,71.7,4209.6,Cleanview public U.S. data-center tracker,https://cleanview.co/data-centers/us,Individual facility or project from Cleanview's public geocoded U.S. data-center inventory.
Balico: Pittslyvania County,,Canceled,Other,Publicly tracked data-center facility,450.0,450 MW,4.0,"Pittsylvania, VA",36.847962,-79.370255,Public tracker coordinates,Harris (NC),NC,87.0,950.9,Cleanview public U.S. data-center tracker,https://cleanview.co/data-centers/us,Individual facility or project from Cleanview's public geocoded U.S. data-center inventory.
Crusoe Abilene - Building 9 (Microsoft),,Planned,Planned,Publicly tracked data-center facility,450.0,450 MW,4.0,"Taylor, TX",32.491541,-99.786218,Public tracker coordinates,Comanche Peak,TX,117.5,2430.0,Cleanview public U.S. data-center tracker,https://cleanview.co/data-centers/us,Individual facility or project from Cleanview's public geocoded U.S. data-center inventory.
75 South Data Center Campus,,Planned,Planned,Publicly tracked data-center facility,450.0,450 MW,4.0,"Spalding, GA",33.256115,-84.14383,Public tracker coordinates,Oconee,SC,128.0,2666.7,Cleanview public U.S. data-center tracker,https://cleanview.co/data-centers/us,Individual facility or project from Cleanview's public geocoded U.S. data-center inventory.
Core Scientific: Muskogee (Polaris),,Planned,Planned,Publicly tracked data-center facility,440.0,440 MW,4.0,"Muskogee, OK",35.6959024,-95.3936557,Public tracker coordinates,Arkansas Nuclear One,AR,124.3,1845.0,Cleanview public U.S. data-center tracker,https://cleanview.co/data-centers/us,Individual facility or project from Cleanview's public geocoded U.S. data-center inventory.
North Country Data Center,,Planned,Planned,Publicly tracked data-center facility,435.0,435 MW,4.0,"St. Lawrence, NY",44.961773,-74.8913,Public tracker coordinates,James A Fitzpatrick,NY,124.7,883.3,Cleanview public U.S. data-center tracker,https://cleanview.co/data-centers/us,Individual facility or project from Cleanview's public geocoded U.S. data-center inventory.
EdgeConneX New Albany - Phase 3,,Planned,Planned,Publicly tracked data-center facility,430.0,430 MW,4.0,"Licking, OH",40.09,-82.72,Public tracker coordinates,Davis Besse,OH,105.8,925.2,Cleanview public U.S. data-center tracker,https://cleanview.co/data-centers/us,Individual facility or project from Cleanview's public geocoded U.S. data-center inventory.
Core Scientific: Hunt 1,,Planned,Planned,Publicly tracked data-center facility,430.0,430 MW,4.0,"Hunt, TX",32.945,-96.075,Public tracker coordinates,Comanche Peak,TX,109.1,2430.0,Cleanview public U.S. data-center tracker,https://cleanview.co/data-centers/us,Individual facility or project from Cleanview's public geocoded U.S. data-center inventory.
Terra Data Center,,Planned,Planned,Publicly tracked data-center facility,417.0,417 MW,4.0,"Santa Clara, CA",37.42468742,-121.9725683,Public tracker coordinates,Diablo Canyon,CA,165.1,2323.0,Cleanview public U.S. data-center tracker,https://cleanview.co/data-centers/us,Individual facility or project from Cleanview's public geocoded U.S. data-center inventory.
PowerHouse Louisville,,Planned,Planned,Publicly tracked data-center facility,402.0,402 MW,4.0,"Jefferson, KY",38.2078813,-85.8459588,Public tracker coordinates,Watts Bar Nuclear Plant,TN,189.3,2539.8,Cleanview public U.S. data-center tracker,https://cleanview.co/data-centers/us,Individual facility or project from Cleanview's public geocoded U.S. data-center inventory.
Remington Technology Park,,Planned,Planned,Publicly tracked data-center facility,400.0,400 MW,4.0,"Fauquier, VA",38.54050798,-77.7890749,Public tracker coordinates,North Anna,VA,33.2,1959.4,Cleanview public U.S. data-center tracker,https://cleanview.co/data-centers/us,Individual facility or project from Cleanview's public geocoded U.S. data-center inventory.
Brazil Data Center,,Planned,Planned,Publicly tracked data-center facility,400.0,400 MW,4.0,"Clay, IN",39.62505773,-87.08966716,Public tracker coordinates,Clinton Power Station,IL,99.9,1138.3,Cleanview public U.S. data-center tracker,https://cleanview.co/data-centers/us,Individual facility or project from Cleanview's public geocoded U.S. data-center inventory.
Lake Hawkeye,,Planned,Planned,Publicly tracked data-center facility,400.0,400 MW,4.0,"Tompkins, NY",42.602544,-76.635978,Public tracker coordinates,R E Ginna Nuclear Power Plant,NY,57.8,614.0,Cleanview public U.S. data-center tracker,https://cleanview.co/data-centers/us,Individual facility or project from Cleanview's public geocoded U.S. data-center inventory.
Geronimo Power Data Center,,Planned,Planned,Publicly tracked data-center facility,400.0,400 MW,4.0,"Nobles, MN",43.85769,-95.73042,Public tracker coordinates,Monticello Nuclear Facility,MN,137.7,685.0,Cleanview public U.S. data-center tracker,https://cleanview.co/data-centers/us,Individual facility or project from Cleanview's public geocoded U.S. data-center inventory.
Project Pegasus (Google LaGrange),,Planned,Planned,Publicly tracked data-center facility,400.0,400 MW,4.0,"Troup, GA",32.9931885,-85.0768837,Public tracker coordinates,Joseph M Farley,AL,122.3,1776.4,Cleanview public U.S. data-center tracker,https://cleanview.co/data-centers/us,Individual facility or project from Cleanview's public geocoded U.S. data-center inventory.
CyrusOne DFW10,,Planned,Planned,Publicly tracked data-center facility,400.0,400 MW,4.0,"Bosque, TX",31.85630146,-97.35560313,Public tracker coordinates,Comanche Peak,TX,39.6,2430.0,Cleanview public U.S. data-center tracker,https://cleanview.co/data-centers/us,Individual facility or project from Cleanview's public geocoded U.S. data-center inventory.
Project Azalea Data Center,,Planned,Planned,Publicly tracked data-center facility,400.0,400 MW,4.0,"McDuffie, GA",33.453014,-82.39851,Public tracker coordinates,Vogtle,GA,42.5,4658.0,Cleanview public U.S. data-center tracker,https://cleanview.co/data-centers/us,Individual facility or project from Cleanview's public geocoded U.S. data-center inventory.
Project Pyramid,,Planned,Planned,Publicly tracked data-center facility,400.0,400 MW,4.0,"Crittenden, AR",35.1041741,-90.2209104,Public tracker coordinates,Arkansas Nuclear One,AR,170.8,1845.0,Cleanview public U.S. data-center tracker,https://cleanview.co/data-centers/us,Individual facility or project from Cleanview's public geocoded U.S. data-center inventory.
Digital Realty Charlotte Campus,,Planned,Planned,Publicly tracked data-center facility,400.0,400 MW,4.0,"Mecklenburg, NC",35.255707,-80.99796,Public tracker coordinates,McGuire,NC,12.6,2440.6,Cleanview public U.S. data-center tracker,https://cleanview.co/data-centers/us,Individual facility or project from Cleanview's public geocoded U.S. data-center inventory.
Core Scientific: Denton 1,,Operating,Operating,Publicly tracked data-center facility,391.0,391 MW,4.0,"Denton, TX",33.21467944,-97.21037879,Public tracker coordinates,Comanche Peak,TX,71.6,2430.0,Cleanview public U.S. data-center tracker,https://cleanview.co/data-centers/us,Individual facility or project from Cleanview's public geocoded U.S. data-center inventory.
CyrusOne Freestone Data Center,,Planned,Planned,Publicly tracked data-center facility,380.0,380 MW,4.0,"Freestone, TX",31.893915,-96.11786,Public tracker coordinates,Comanche Peak,TX,101.5,2430.0,Cleanview public U.S. data-center tracker,https://cleanview.co/data-centers/us,Individual facility or project from Cleanview's public geocoded U.S. data-center inventory.
CyrusOne Freestone Data Center Phase 2,,Planned,Planned,Publicly tracked data-center facility,380.0,380 MW,4.0,"Freestone, TX",31.893915,-96.11786,Public tracker coordinates,Comanche Peak,TX,101.5,2430.0,Cleanview public U.S. data-center tracker,https://cleanview.co/data-centers/us,Individual facility or project from Cleanview's public geocoded U.S. data-center inventory.
"Lake Mariner - CB-3, CB-4 & CB-5",,Planned,Planned,Publicly tracked data-center facility,360.0,360 MW,4.0,"Niagara, NY",43.35973,-78.60527,Public tracker coordinates,R E Ginna Nuclear Power Plant,NY,65.4,614.0,Cleanview public U.S. data-center tracker,https://cleanview.co/data-centers/us,Individual facility or project from Cleanview's public geocoded U.S. data-center inventory.
Cielo Clarksville Data Center,,Planned,Planned,Publicly tracked data-center facility,350.0,350 MW,4.0,"Montgomery, TN",36.57269,-87.3423,Public tracker coordinates,Browns Ferry,AL,129.7,3854.0,Cleanview public U.S. data-center tracker,https://cleanview.co/data-centers/us,Individual facility or project from Cleanview's public geocoded U.S. data-center inventory.
Panther Creek - Phase 1,,Planned,Planned,Publicly tracked data-center facility,350.0,350 MW,4.0,"Carbon, PA",40.8557,-75.8774,Public tracker coordinates,TalenEnergy Susquehanna,PA,21.5,2532.0,Cleanview public U.S. data-center tracker,https://cleanview.co/data-centers/us,Individual facility or project from Cleanview's public geocoded U.S. data-center inventory.
Google Pryor - Building 9,,Planned,Planned,Publicly tracked data-center facility,347.1,347 MW,4.0,"Mayes, OK",36.2450094,-95.3248216,Public tracker coordinates,Arkansas Nuclear One,AR,133.7,1845.0,Cleanview public U.S. data-center tracker,https://cleanview.co/data-centers/us,Individual facility or project from Cleanview's public geocoded U.S. data-center inventory.
Hyperscale Data Dowagiac Data Center,,Planned,Planned,Publicly tracked data-center facility,340.0,340 MW,4.0,"Cass, MI",41.991033,-86.100733,Public tracker coordinates,Donald C Cook,MI,23.9,2285.3,Cleanview public U.S. data-center tracker,https://cleanview.co/data-centers/us,Individual facility or project from Cleanview's public geocoded U.S. data-center inventory.
Imperial Valley AI Data Center,,Planned,Planned,Publicly tracked data-center facility,330.0,330 MW,4.0,"Imperial, CA",32.8249004,-115.5655345,Public tracker coordinates,Palo Verde,AZ,161.2,4209.6,Cleanview public U.S. data-center tracker,https://cleanview.co/data-centers/us,Individual facility or project from Cleanview's public geocoded U.S. data-center inventory.
Becker Data Center,,Planned,Planned,Publicly tracked data-center facility,325.0,325 MW,4.0,"Becker, MN",45.3964749,-93.9279565,Public tracker coordinates,Monticello Nuclear Facility,MN,5.8,685.0,Cleanview public U.S. data-center tracker,https://cleanview.co/data-centers/us,Individual facility or project from Cleanview's public geocoded U.S. data-center inventory.
Lake Mariner expansion,,Planned,Planned,Publicly tracked data-center facility,320.0,320 MW,4.0,"Niagara, NY",43.35973,-78.60527,Public tracker coordinates,R E Ginna Nuclear Power Plant,NY,65.4,614.0,Cleanview public U.S. data-center tracker,https://cleanview.co/data-centers/us,Individual facility or project from Cleanview's public geocoded U.S. data-center inventory.
Marble Hill Data Center,,Planned,Planned,Publicly tracked data-center facility,310.0,310 MW,4.0,"Jefferson, IN",38.59496196,-85.45740646,Public tracker coordinates,Watts Bar Nuclear Plant,TN,210.0,2539.8,Cleanview public U.S. data-center tracker,https://cleanview.co/data-centers/us,Individual facility or project from Cleanview's public geocoded U.S. data-center inventory.
Related Digital Cheyenne Data Center,,Planned,Planned,Publicly tracked data-center facility,302.0,302 MW,4.0,"Laramie, WY",41.137573,-104.71874,Public tracker coordinates,Cooper Nuclear Station,NE,477.9,801.0,Cleanview public U.S. data-center tracker,https://cleanview.co/data-centers/us,Individual facility or project from Cleanview's public geocoded U.S. data-center inventory.
PowerHouse 95 - Phase 1,,Planned,Planned,Publicly tracked data-center facility,300.0,300 MW,4.0,"Spotsylvania, VA",38.2181191,-77.48060345,Public tracker coordinates,North Anna,VA,20.0,1959.4,Cleanview public U.S. data-center tracker,https://cleanview.co/data-centers/us,Individual facility or project from Cleanview's public geocoded U.S. data-center inventory.
Cielo Chisago Data Center,,Planned,Planned,Publicly tracked data-center facility,300.0,300 MW,4.0,"Chisago, MN",45.3618,-92.9186,Public tracker coordinates,Monticello Nuclear Facility,MN,45.2,685.0,Cleanview public U.S. data-center tracker,https://cleanview.co/data-centers/us,Individual facility or project from Cleanview's public geocoded U.S. data-center inventory.
NE Edge Millstone Data Center,,Planned,Planned,Publicly tracked data-center facility,300.0,300 MW,4.0,"New London, CT",41.31387,-72.1673,Public tracker coordinates,Millstone,CT,0.2,2259.9,Cleanview public U.S. data-center tracker,https://cleanview.co/data-centers/us,Individual facility or project from Cleanview's public geocoded U.S. data-center inventory.
Cielo Haines City Data Center,,Planned,Planned,Publicly tracked data-center facility,300.0,300 MW,4.0,"Polk, FL",28.17875,-81.6457,Public tracker coordinates,St Lucie,FL,103.0,2160.0,Cleanview public U.S. data-center tracker,https://cleanview.co/data-centers/us,Individual facility or project from Cleanview's public geocoded U.S. data-center inventory.
Rowan Temple Data Center,,Planned,Planned,Publicly tracked data-center facility,300.0,300 MW,4.0,"Bell, TX",31.05745,-97.2979,Public tracker coordinates,Comanche Peak,TX,90.4,2430.0,Cleanview public U.S. data-center tracker,https://cleanview.co/data-centers/us,Individual facility or project from Cleanview's public geocoded U.S. data-center inventory.
Avaio Digital Appomattox,,Planned,Planned,Publicly tracked data-center facility,300.0,300 MW,4.0,"Appomattox, VA",37.36928208,-78.8492204,Public tracker coordinates,North Anna,VA,75.0,1959.4,Cleanview public U.S. data-center tracker,https://cleanview.co/data-centers/us,Individual facility or project from Cleanview's public geocoded U.S. data-center inventory.
PowerCampus Dallas,,Planned,Planned,Publicly tracked data-center facility,300.0,300 MW,4.0,"Dallas, TX",32.5696867,-96.7669961,Public tracker coordinates,Comanche Peak,TX,62.3,2430.0,Cleanview public U.S. data-center tracker,https://cleanview.co/data-centers/us,Individual facility or project from Cleanview's public geocoded U.S. data-center inventory.
Province Group,,Planned,Planned,Publicly tracked data-center facility,300.0,300 MW,4.0,"Powhatan, VA",37.50839013,-77.73239492,Public tracker coordinates,North Anna,VA,38.2,1959.4,Cleanview public U.S. data-center tracker,https://cleanview.co/data-centers/us,Individual facility or project from Cleanview's public geocoded U.S. data-center inventory.
Calvano: Wichita Falls City,,Planned,Planned,Publicly tracked data-center facility,300.0,300 MW,4.0,"Wichita, TX",33.9593006,-98.56669959,Public tracker coordinates,Comanche Peak,TX,123.3,2430.0,Cleanview public U.S. data-center tracker,https://cleanview.co/data-centers/us,Individual facility or project from Cleanview's public geocoded U.S. data-center inventory.
T5@ATL III,,Planned,Planned,Publicly tracked data-center facility,300.0,300 MW,4.0,"Douglas, GA",33.76270387,-84.601696,Public tracker coordinates,Sequoyah,TN,104.9,2441.0,Cleanview public U.S. data-center tracker,https://cleanview.co/data-centers/us,Individual facility or project from Cleanview's public geocoded U.S. data-center inventory.
Cielo Cherokee County Campus,,Planned,Planned,Publicly tracked data-center facility,300.0,300 MW,4.0,"Cherokee, SC",35.07962376,-81.59792849,Public tracker coordinates,Catawba,SC,30.0,2410.2,Cleanview public U.S. data-center tracker,https://cleanview.co/data-centers/us,Individual facility or project from Cleanview's public geocoded U.S. data-center inventory.
Novva Mesa Arizona,,Planned,Planned,Publicly tracked data-center facility,300.0,300 MW,4.0,"Maricopa, AZ",33.3388619,-111.640804,Public tracker coordinates,Palo Verde,AZ,70.5,4209.6,Cleanview public U.S. data-center tracker,https://cleanview.co/data-centers/us,Individual facility or project from Cleanview's public geocoded U.S. data-center inventory.
Dickerson Data Center,,Planned,Planned,Publicly tracked data-center facility,300.0,300 MW,4.0,"Montgomery, MD",39.209373,-77.46454,Public tracker coordinates,Peach Bottom,PA,74.2,2876.4,Cleanview public U.S. data-center tracker,https://cleanview.co/data-centers/us,Individual facility or project from Cleanview's public geocoded U.S. data-center inventory.
Colossus 1,,Operating,Operating,Publicly tracked data-center facility,300.0,300 MW,4.0,"Shelby, TN",35.06009776,-90.15633975,Public tracker coordinates,Browns Ferry,AL,173.9,3854.0,Cleanview public U.S. data-center tracker,https://cleanview.co/data-centers/us,Individual facility or project from Cleanview's public geocoded U.S. data-center inventory.
CleanSpark Brazoria Data Center,,Planned,Planned,Publicly tracked data-center facility,300.0,300 MW,4.0,"Brazoria, TX",29.182318,-95.47511,Public tracker coordinates,South Texas Project,TX,43.8,2708.6,Cleanview public U.S. data-center tracker,https://cleanview.co/data-centers/us,Individual facility or project from Cleanview's public geocoded U.S. data-center inventory.
Ranalli Lysander Data Center,,Planned,Planned,Publicly tracked data-center facility,300.0,300 MW,4.0,"Onondaga, NY",43.18687,-76.35703,Public tracker coordinates,Nine Mile Point Nuclear Station,NY,23.2,1901.1,Cleanview public U.S. data-center tracker,https://cleanview.co/data-centers/us,Individual facility or project from Cleanview's public geocoded U.S. data-center inventory.
PowerHouse Charlotte,,Planned,Planned,Publicly tracked data-center facility,300.0,300 MW,4.0,"Mecklenburg, NC",35.3138655,-80.697861,Public tracker coordinates,McGuire,NC,16.4,2440.6,Cleanview public U.S. data-center tracker,https://cleanview.co/data-centers/us,Individual facility or project from Cleanview's public geocoded U.S. data-center inventory.
Stargate Milam - Building 1,,Planned,Planned,Publicly tracked data-center facility,300.0,300 MW,4.0,"Milam, TX",30.996249,-97.010689,Public tracker coordinates,Comanche Peak,TX,100.9,2430.0,Cleanview public U.S. data-center tracker,https://cleanview.co/data-centers/us,Individual facility or project from Cleanview's public geocoded U.S. data-center inventory.
Stargate Milam - Building 2,,Planned,Planned,Publicly tracked data-center facility,300.0,300 MW,4.0,"Milam, TX",30.99921,-97.014777,Public tracker coordinates,Comanche Peak,TX,100.6,2430.0,Cleanview public U.S. data-center tracker,https://cleanview.co/data-centers/us,Individual facility or project from Cleanview's public geocoded U.S. data-center inventory.
AWS Wallula Gap Phase 3,,Planned,Planned,Publicly tracked data-center facility,300.0,300 MW,4.0,"Walla Walla, WA",46.1147,-118.9019,Public tracker coordinates,Columbia Generating Station,WA,32.1,1200.0,Cleanview public U.S. data-center tracker,https://cleanview.co/data-centers/us,Individual facility or project from Cleanview's public geocoded U.S. data-center inventory.
Delta Gigasite - Phase 1,,Planned,Planned,Publicly tracked data-center facility,300.0,300 MW,4.0,"Millard, UT",39.51095,-112.580122,Public tracker coordinates,Palo Verde,AZ,423.3,4209.6,Cleanview public U.S. data-center tracker,https://cleanview.co/data-centers/us,Individual facility or project from Cleanview's public geocoded U.S. data-center inventory.
Cielo New Lenox Data Center,,Planned,Planned,Publicly tracked data-center facility,300.0,300 MW,4.0,"Will, IL",41.51055,-87.969,Public tracker coordinates,Dresden Generating Station,IL,17.7,2018.6,Cleanview public U.S. data-center tracker,https://cleanview.co/data-centers/us,Individual facility or project from Cleanview's public geocoded U.S. data-center inventory.
Sentinel East Whiteland Data Center,,Planned,Planned,Publicly tracked data-center facility,300.0,300 MW,4.0,"Chester, PA",40.0416,-75.5794,Public tracker coordinates,Limerick,PA,12.6,2277.0,Cleanview public U.S. data-center tracker,https://cleanview.co/data-centers/us,Individual facility or project from Cleanview's public geocoded U.S. data-center inventory.
Stargate Milam - Building 3,,Planned,Planned,Publicly tracked data-center facility,300.0,300 MW,4.0,"Milam, TX",30.999291,-97.012178,Public tracker coordinates,Comanche Peak,TX,100.6,2430.0,Cleanview public U.S. data-center tracker,https://cleanview.co/data-centers/us,Individual facility or project from Cleanview's public geocoded U.S. data-center inventory.
Rowan Cinco Data Center,,Planned,Planned,Publicly tracked data-center facility,300.0,300 MW,4.0,"Medina, TX",29.219524,-98.82438,Public tracker coordinates,South Texas Project,TX,170.3,2708.6,Cleanview public U.S. data-center tracker,https://cleanview.co/data-centers/us,Individual facility or project from Cleanview's public geocoded U.S. data-center inventory.
AWS Wallula Gap Phase 4,,Planned,Planned,Publicly tracked data-center facility,300.0,300 MW,4.0,"Walla Walla, WA",46.1147,-118.8999,Public tracker coordinates,Columbia Generating Station,WA,32.2,1200.0,Cleanview public U.S. data-center tracker,https://cleanview.co/data-centers/us,Individual facility or project from Cleanview's public geocoded U.S. data-center inventory.
Richmond Campus (Menlo Digital),,Planned,Planned,Publicly tracked data-center facility,300.0,300 MW,4.0,"Chesterfield, VA",37.2112,-77.362621,Public tracker coordinates,Surry,VA,36.7,1695.0,Cleanview public U.S. data-center tracker,https://cleanview.co/data-centers/us,Individual facility or project from Cleanview's public geocoded U.S. data-center inventory.
LS Power Doswell Data Center,,Planned,Planned,Publicly tracked data-center facility,300.0,300 MW,4.0,"Hanover, VA",37.8102866,-77.4484823,Public tracker coordinates,North Anna,VA,25.4,1959.4,Cleanview public U.S. data-center tracker,https://cleanview.co/data-centers/us,Individual facility or project from Cleanview's public geocoded U.S. data-center inventory.
Stargate Milam - Building 4,,Planned,Planned,Publicly tracked data-center facility,300.0,300 MW,4.0,"Milam, TX",30.999101,-97.00958,Public tracker coordinates,Comanche Peak,TX,100.7,2430.0,Cleanview public U.S. data-center tracker,https://cleanview.co/data-centers/us,Individual facility or project from Cleanview's public geocoded U.S. data-center inventory.
Greenlin Park data center,,Planned,Planned,Publicly tracked data-center facility,300.0,300 MW,4.0,"Loudoun, VA",39.056977,-77.563019,Public tracker coordinates,North Anna,VA,70.0,1959.4,Cleanview public U.S. data-center tracker,https://cleanview.co/data-centers/us,Individual facility or project from Cleanview's public geocoded U.S. data-center inventory.
Cipher Barber Lake,,Planned,Planned,Publicly tracked data-center facility,300.0,300 MW,4.0,"Mitchell, TX",32.39625,-100.91538,Public tracker coordinates,Comanche Peak,TX,182.8,2430.0,Cleanview public U.S. data-center tracker,https://cleanview.co/data-centers/us,Individual facility or project from Cleanview's public geocoded U.S. data-center inventory.
AWS Wallula Gap Phase 1,,Planned,Planned,Publicly tracked data-center facility,300.0,300 MW,4.0,"Walla Walla, WA",46.1167,-118.9019,Public tracker coordinates,Columbia Generating Station,WA,32.0,1200.0,Cleanview public U.S. data-center tracker,https://cleanview.co/data-centers/us,Individual facility or project from Cleanview's public geocoded U.S. data-center inventory.
T5@ATL IV,,Planned,Planned,Publicly tracked data-center facility,300.0,300 MW,4.0,"Coweta, GA",33.492702,-84.661315,Public tracker coordinates,Sequoyah,TN,122.3,2441.0,Cleanview public U.S. data-center tracker,https://cleanview.co/data-centers/us,Individual facility or project from Cleanview's public geocoded U.S. data-center inventory.
Coal Creek Data Center,,Planned,Planned,Publicly tracked data-center facility,300.0,300 MW,4.0,"McLean, ND",47.3769,-101.157,Public tracker coordinates,Monticello Nuclear Facility,MN,375.8,685.0,Cleanview public U.S. data-center tracker,https://cleanview.co/data-centers/us,Individual facility or project from Cleanview's public geocoded U.S. data-center inventory.
Farmville Data Hub,,Planned,Planned,Publicly tracked data-center facility,300.0,300 MW,4.0,"Prince Edward, VA",37.29433055,-78.3451251,Public tracker coordinates,North Anna,VA,61.0,1959.4,Cleanview public U.S. data-center tracker,https://cleanview.co/data-centers/us,Individual facility or project from Cleanview's public geocoded U.S. data-center inventory.
TECfusions Clarksville Expansion,,Planned,Planned,Publicly tracked data-center facility,300.0,300 MW,4.0,"Mecklenburg, VA",36.6005,-78.5428,Public tracker coordinates,Harris (NC),NC,70.7,950.9,Cleanview public U.S. data-center tracker,https://cleanview.co/data-centers/us,Individual facility or project from Cleanview's public geocoded U.S. data-center inventory.
AWS Wallula Gap Phase 2,,Planned,Planned,Publicly tracked data-center facility,300.0,300 MW,4.0,"Walla Walla, WA",46.1167,-118.8999,Public tracker coordinates,Columbia Generating Station,WA,32.1,1200.0,Cleanview public U.S. data-center tracker,https://cleanview.co/data-centers/us,Individual facility or project from Cleanview's public geocoded U.S. data-center inventory.
Stack Infrastructure Berry Hill Megasite,,Planned,Planned,Publicly tracked data-center facility,299.0,299 MW,4.0,"Pittsylvania, VA",36.5621,-79.6039,Public tracker coordinates,Harris (NC),NC,73.7,950.9,Cleanview public U.S. data-center tracker,https://cleanview.co/data-centers/us,Individual facility or project from Cleanview's public geocoded U.S. data-center inventory.
Stargate Lighthouse - Building 4,,Planned,Planned,Publicly tracked data-center facility,293.2,293 MW,4.0,"Ozaukee, WI",43.425682,-87.860135,Public tracker coordinates,Point Beach Nuclear Plant,WI,61.2,1286.0,Cleanview public U.S. data-center tracker,https://cleanview.co/data-centers/us,Individual facility or project from Cleanview's public geocoded U.S. data-center inventory.
Stargate Lighthouse - Building 1,,Planned,Planned,Publicly tracked data-center facility,293.2,293 MW,4.0,"Ozaukee, WI",43.428582,-87.854336,Public tracker coordinates,Point Beach Nuclear Plant,WI,61.0,1286.0,Cleanview public U.S. data-center tracker,https://cleanview.co/data-centers/us,Individual facility or project from Cleanview's public geocoded U.S. data-center inventory.
Stargate Lighthouse - Building 3,,Planned,Planned,Publicly tracked data-center facility,293.2,293 MW,4.0,"Ozaukee, WI",43.431712,-87.860515,Public tracker coordinates,Point Beach Nuclear Plant,WI,60.8,1286.0,Cleanview public U.S. data-center tracker,https://cleanview.co/data-centers/us,Individual facility or project from Cleanview's public geocoded U.S. data-center inventory.
Stargate Lighthouse - Building 2,,Planned,Planned,Publicly tracked data-center facility,293.2,293 MW,4.0,"Ozaukee, WI",43.433944,-87.854716,Public tracker coordinates,Point Beach Nuclear Plant,WI,60.6,1286.0,Cleanview public U.S. data-center tracker,https://cleanview.co/data-centers/us,Individual facility or project from Cleanview's public geocoded U.S. data-center inventory.
Meta Eagle Mountain - Stadion South Expansion,,Planned,Planned,Publicly tracked data-center facility,286.0,286 MW,4.0,"Utah, UT",40.257494,-112.015376,Public tracker coordinates,Palo Verde,AZ,476.9,4209.6,Cleanview public U.S. data-center tracker,https://cleanview.co/data-centers/us,Individual facility or project from Cleanview's public geocoded U.S. data-center inventory.
CleanSpark Austin County Data Center,,Planned,Planned,Publicly tracked data-center facility,285.0,285 MW,4.0,"Austin, TX",29.884085,-96.219376,Public tracker coordinates,South Texas Project,TX,76.0,2708.6,Cleanview public U.S. data-center tracker,https://cleanview.co/data-centers/us,Individual facility or project from Cleanview's public geocoded U.S. data-center inventory.
Hut 8 King Mountain (Crypto mining),,Operating,Operating,Publicly tracked data-center facility,280.0,280 MW,4.0,"Upton, TX",31.22,-102.18,Public tracker coordinates,Comanche Peak,TX,268.7,2430.0,Cleanview public U.S. data-center tracker,https://cleanview.co/data-centers/us,Individual facility or project from Cleanview's public geocoded U.S. data-center inventory.
Stream Data Center: Phoenix I-VII,,Operating,Operating,Publicly tracked data-center facility,280.0,280 MW,4.0,"Maricopa, AZ",33.41963459,-112.3601586,Public tracker coordinates,Palo Verde,AZ,29.0,4209.6,Cleanview public U.S. data-center tracker,https://cleanview.co/data-centers/us,Individual facility or project from Cleanview's public geocoded U.S. data-center inventory.
QTS Cedar Rapids - Building 2,,Planned,Planned,Publicly tracked data-center facility,274.2,274 MW,4.0,"Linn, IA",41.91,-91.75429,Public tracker coordinates,Quad Cities Generating Station,IL,75.4,2018.6,Cleanview public U.S. data-center tracker,https://cleanview.co/data-centers/us,Individual facility or project from Cleanview's public geocoded U.S. data-center inventory.
QTS Cedar Rapids - Building 5,,Planned,Planned,Publicly tracked data-center facility,274.2,274 MW,4.0,"Linn, IA",41.90951,-91.73458,Public tracker coordinates,Quad Cities Generating Station,IL,74.4,2018.6,Cleanview public U.S. data-center tracker,https://cleanview.co/data-centers/us,Individual facility or project from Cleanview's public geocoded U.S. data-center inventory.
QTS Cedar Rapids - Building 4,,Planned,Planned,Publicly tracked data-center facility,274.2,274 MW,4.0,"Linn, IA",41.9095,-91.73829,Public tracker coordinates,Quad Cities Generating Station,IL,74.6,2018.6,Cleanview public U.S. data-center tracker,https://cleanview.co/data-centers/us,Individual facility or project from Cleanview's public geocoded U.S. data-center inventory.
QTS Cedar Rapids - Building 3,,Planned,Planned,Publicly tracked data-center facility,274.2,274 MW,4.0,"Linn, IA",41.90728,-91.75433,Public tracker coordinates,Quad Cities Generating Station,IL,75.4,2018.6,Cleanview public U.S. data-center tracker,https://cleanview.co/data-centers/us,Individual facility or project from Cleanview's public geocoded U.S. data-center inventory.
QTS Cedar Rapids - Building 6,,Planned,Planned,Publicly tracked data-center facility,274.2,274 MW,4.0,"Linn, IA",41.90954,-91.73088,Public tracker coordinates,Quad Cities Generating Station,IL,74.2,2018.6,Cleanview public U.S. data-center tracker,https://cleanview.co/data-centers/us,Individual facility or project from Cleanview's public geocoded U.S. data-center inventory.
Microsoft Fairwater Atlanta - Building 4,,Operating,Operating,Publicly tracked data-center facility,268.0,268 MW,4.0,"Fayette County, GA",33.462211,-84.523736,Public tracker coordinates,Sequoyah,TN,126.1,2441.0,Cleanview public U.S. data-center tracker,https://cleanview.co/data-centers/us,Individual facility or project from Cleanview's public geocoded U.S. data-center inventory.
Arcola Pacific Campus,,Planned,Planned,Publicly tracked data-center facility,265.0,265 MW,4.0,"Loudoun, VA",39.00486343,-77.44698918,Public tracker coordinates,Calvert Cliffs Nuclear Power Plant,MD,67.0,1850.4,Cleanview public U.S. data-center tracker,https://cleanview.co/data-centers/us,Individual facility or project from Cleanview's public geocoded U.S. data-center inventory.
Aligned Quantum Frederick campus,,Planned,Planned,Publicly tracked data-center facility,264.0,264 MW,4.0,"Frederick, MD",39.33794043,-77.47590923,Public tracker coordinates,Crane Clean Energy Center,PA,69.0,980.8,Cleanview public U.S. data-center tracker,https://cleanview.co/data-centers/us,Individual facility or project from Cleanview's public geocoded U.S. data-center inventory.
Microsoft Fairwater Atlanta - Building 2,,Operating,Operating,Publicly tracked data-center facility,260.0,260 MW,4.0,"Fayette County, GA",33.450921,-84.523598,Public tracker coordinates,Sequoyah,TN,126.9,2441.0,Cleanview public U.S. data-center tracker,https://cleanview.co/data-centers/us,Individual facility or project from Cleanview's public geocoded U.S. data-center inventory.
CoreWeave Digital Crossroads Data Center,,Planned,Planned,Publicly tracked data-center facility,260.0,260 MW,4.0,"Lake, IN",41.70526316,-87.51887629,Public tracker coordinates,Dresden Generating Station,IL,44.5,2018.6,Cleanview public U.S. data-center tracker,https://cleanview.co/data-centers/us,Individual facility or project from Cleanview's public geocoded U.S. data-center inventory.
Phoenix Campus (Menlo Digital),,Planned,Planned,Publicly tracked data-center facility,257.0,257 MW,4.0,"Maricopa, AZ",33.3117,-111.9782614,Public tracker coordinates,Palo Verde,AZ,51.3,4209.6,Cleanview public U.S. data-center tracker,https://cleanview.co/data-centers/us,Individual facility or project from Cleanview's public geocoded U.S. data-center inventory.
Vantage IN11,,Planned,Planned,Publicly tracked data-center facility,256.0,256 MW,4.0,"Hendricks, IN",39.88325,-86.445352,Public tracker coordinates,Clinton Power Station,IL,127.9,1138.3,Cleanview public U.S. data-center tracker,https://cleanview.co/data-centers/us,Individual facility or project from Cleanview's public geocoded U.S. data-center inventory.
ORD Campus,,Planned,Planned,Publicly tracked data-center facility,252.0,252 MW,4.0,"Cook, IL",42.03501,-87.9537,Public tracker coordinates,Dresden Generating Station,IL,47.5,2018.6,Cleanview public U.S. data-center tracker,https://cleanview.co/data-centers/us,Individual facility or project from Cleanview's public geocoded U.S. data-center inventory.
CloudHQ LC4,,Planned,Planned,Publicly tracked data-center facility,252.0,252 MW,4.0,"Loudoun, VA",39.002365,-77.471752,Public tracker coordinates,North Anna,VA,67.3,1959.4,Cleanview public U.S. data-center tracker,https://cleanview.co/data-centers/us,Individual facility or project from Cleanview's public geocoded U.S. data-center inventory.
Meta Hyperion - Building 2,,Planned,Planned,Publicly tracked data-center facility,251.3,251 MW,4.0,"Richland Parish, LA",32.507287,-91.634711,Public tracker coordinates,Grand Gulf,MS,48.6,1440.0,Cleanview public U.S. data-center tracker,https://cleanview.co/data-centers/us,Individual facility or project from Cleanview's public geocoded U.S. data-center inventory.
Meta Hyperion - Building 4,,Planned,Planned,Publicly tracked data-center facility,251.3,251 MW,4.0,"Richland Parish, LA",32.501924,-91.638244,Public tracker coordinates,Grand Gulf,MS,48.5,1440.0,Cleanview public U.S. data-center tracker,https://cleanview.co/data-centers/us,Individual facility or project from Cleanview's public geocoded U.S. data-center inventory.
Meta Hyperion - Building 6,,Planned,Planned,Publicly tracked data-center facility,251.3,251 MW,4.0,"Richland Parish, LA",32.494747,-91.632458,Public tracker coordinates,Grand Gulf,MS,47.9,1440.0,Cleanview public U.S. data-center tracker,https://cleanview.co/data-centers/us,Individual facility or project from Cleanview's public geocoded U.S. data-center inventory.
Meta Hyperion - Building 5,,Planned,Planned,Publicly tracked data-center facility,251.3,251 MW,4.0,"Richland Parish, LA",32.501514,-91.635899,Public tracker coordinates,Grand Gulf,MS,48.4,1440.0,Cleanview public U.S. data-center tracker,https://cleanview.co/data-centers/us,Individual facility or project from Cleanview's public geocoded U.S. data-center inventory.
Meta Hyperion - Building 7,,Planned,Planned,Publicly tracked data-center facility,251.3,251 MW,4.0,"Richland Parish, LA",32.492162,-91.632485,Public tracker coordinates,Grand Gulf,MS,47.8,1440.0,Cleanview public U.S. data-center tracker,https://cleanview.co/data-centers/us,Individual facility or project from Cleanview's public geocoded U.S. data-center inventory.
Meta Hyperion - Building 1,,Planned,Planned,Publicly tracked data-center facility,251.3,251 MW,4.0,"Richland Parish, LA",32.504557,-91.636431,Public tracker coordinates,Grand Gulf,MS,48.6,1440.0,Cleanview public U.S. data-center tracker,https://cleanview.co/data-centers/us,Individual facility or project from Cleanview's public geocoded U.S. data-center inventory.
Meta Hyperion - Building 8,,Planned,Planned,Publicly tracked data-center facility,251.3,251 MW,4.0,"Richland Parish, LA",32.487988,-91.63252,Public tracker coordinates,Grand Gulf,MS,47.6,1440.0,Cleanview public U.S. data-center tracker,https://cleanview.co/data-centers/us,Individual facility or project from Cleanview's public geocoded U.S. data-center inventory.
Meta Hyperion - Building 9,,Planned,Planned,Publicly tracked data-center facility,251.3,251 MW,4.0,"Richland Parish, LA",32.485606,-91.632558,Public tracker coordinates,Grand Gulf,MS,47.5,1440.0,Cleanview public U.S. data-center tracker,https://cleanview.co/data-centers/us,Individual facility or project from Cleanview's public geocoded U.S. data-center inventory.
Meta Hyperion - Building 3,,Planned,Planned,Publicly tracked data-center facility,251.3,251 MW,4.0,"Richland Parish, LA",32.507644,-91.636991,Public tracker coordinates,Grand Gulf,MS,48.7,1440.0,Cleanview public U.S. data-center tracker,https://cleanview.co/data-centers/us,Individual facility or project from Cleanview's public geocoded U.S. data-center inventory.
Texas Critical Ector Data Center,,Planned,Planned,Publicly tracked data-center facility,250.0,250 MW,4.0,"Ector, TX",31.89517,-102.556,Public tracker coordinates,Comanche Peak,TX,280.6,2430.0,Cleanview public U.S. data-center tracker,https://cleanview.co/data-centers/us,Individual facility or project from Cleanview's public geocoded U.S. data-center inventory.
CoreWeave Kenilworth Campus,,Planned,Planned,Publicly tracked data-center facility,250.0,250 MW,4.0,"Union, NJ",40.6758088,-74.2751617,Public tracker coordinates,Limerick,PA,75.7,2277.0,Cleanview public U.S. data-center tracker,https://cleanview.co/data-centers/us,Individual facility or project from Cleanview's public geocoded U.S. data-center inventory.
Core Scientific: Cottonwood 1 & 2,,Planned,Planned,Publicly tracked data-center facility,250.0,250 MW,4.0,"Reeves, TX",31.54923296,-103.8337321,Public tracker coordinates,Comanche Peak,TX,358.4,2430.0,Cleanview public U.S. data-center tracker,https://cleanview.co/data-centers/us,Individual facility or project from Cleanview's public geocoded U.S. data-center inventory.
Sabey Indianapolis Data Center,,Planned,Planned,Publicly tracked data-center facility,250.0,250 MW,4.0,"Marion, IN",39.6617005,-86.31036356,Public tracker coordinates,Clinton Power Station,IL,138.3,1138.3,Cleanview public U.S. data-center tracker,https://cleanview.co/data-centers/us,Individual facility or project from Cleanview's public geocoded U.S. data-center inventory.
Stack Infrastructure PHX02 Campus,,Planned,Planned,Publicly tracked data-center facility,246.0,246 MW,4.0,"Maricopa, AZ",33.45669123,-111.9993231,Public tracker coordinates,Palo Verde,AZ,50.0,4209.6,Cleanview public U.S. data-center tracker,https://cleanview.co/data-centers/us,Individual facility or project from Cleanview's public geocoded U.S. data-center inventory.
Crow Holdings / CleanArc Dallas Campus,,Planned,Planned,Publicly tracked data-center facility,245.0,245 MW,4.0,"Dallas, TX",32.8044,-96.8334,Public tracker coordinates,Comanche Peak,TX,65.6,2430.0,Cleanview public U.S. data-center tracker,https://cleanview.co/data-centers/us,Individual facility or project from Cleanview's public geocoded U.S. data-center inventory.
Digital Realty IAD39,,Operating,Operating,Publicly tracked data-center facility,242.5,242 MW,4.0,"Loudoun, VA",39.007718,-77.467623,Public tracker coordinates,North Anna,VA,67.8,1959.4,Cleanview public U.S. data-center tracker,https://cleanview.co/data-centers/us,Individual facility or project from Cleanview's public geocoded U.S. data-center inventory.
Prime Data Centers: Phoenix Campus,,Planned,Planned,Publicly tracked data-center facility,240.0,240 MW,4.0,"Maricopa, AZ",33.4177942,-112.313073,Public tracker coordinates,Palo Verde,AZ,31.7,4209.6,Cleanview public U.S. data-center tracker,https://cleanview.co/data-centers/us,Individual facility or project from Cleanview's public geocoded U.S. data-center inventory.
Panattoni Perry Township Data Center,,Planned,Planned,Publicly tracked data-center facility,240.0,240 MW,4.0,"Stark, OH",40.752352,-81.444412,Public tracker coordinates,Beaver Valley,PA,53.7,1846.8,Cleanview public U.S. data-center tracker,https://cleanview.co/data-centers/us,Individual facility or project from Cleanview's public geocoded U.S. data-center inventory.
Stream Data Center: Wilmer II Hyperscale Campus (DFW C),,Planned,Planned,Publicly tracked data-center facility,240.0,240 MW,4.0,"Dallas, TX",32.58932466,-96.70263768,Public tracker coordinates,Comanche Peak,TX,66.3,2430.0,Cleanview public U.S. data-center tracker,https://cleanview.co/data-centers/us,Individual facility or project from Cleanview's public geocoded U.S. data-center inventory.
Equinix xScale Hampton Campus,,Planned,Planned,Publicly tracked data-center facility,240.0,240 MW,4.0,"Henry, GA",33.368831,-84.308595,Public tracker coordinates,Oconee,SC,127.3,2666.7,Cleanview public U.S. data-center tracker,https://cleanview.co/data-centers/us,Individual facility or project from Cleanview's public geocoded U.S. data-center inventory.
Stream Data Center: GA,,Planned,Planned,Publicly tracked data-center facility,240.0,240 MW,4.0,"Douglas, GA",33.73697829,-84.81240641,Public tracker coordinates,Sequoyah,TN,104.2,2441.0,Cleanview public U.S. data-center tracker,https://cleanview.co/data-centers/us,Individual facility or project from Cleanview's public geocoded U.S. data-center inventory.
Ionic Digital Cedarvale,,Operating,Operating,Publicly tracked data-center facility,234.0,234 MW,4.0,"Ward, TX",31.5108344,-103.4495599,Public tracker coordinates,Comanche Peak,TX,336.6,2430.0,Cleanview public U.S. data-center tracker,https://cleanview.co/data-centers/us,Individual facility or project from Cleanview's public geocoded U.S. data-center inventory.
Bauxite Data Center 1,,Planned,Planned,Publicly tracked data-center facility,231.0,231 MW,4.0,"Frederick, MD",39.32365914,-77.48537583,Public tracker coordinates,Crane Clean Energy Center,PA,70.1,980.8,Cleanview public U.S. data-center tracker,https://cleanview.co/data-centers/us,Individual facility or project from Cleanview's public geocoded U.S. data-center inventory.
Bauxite Data Center 2,,Planned,Planned,Publicly tracked data-center facility,230.0,230 MW,4.0,"Frederick, MD",39.32347639,-77.46752863,Public tracker coordinates,Crane Clean Energy Center,PA,69.5,980.8,Cleanview public U.S. data-center tracker,https://cleanview.co/data-centers/us,Individual facility or project from Cleanview's public geocoded U.S. data-center inventory.
Vantage OH22,,Planned,Planned,Publicly tracked data-center facility,226.2,226 MW,4.0,"Fairfield, OH",39.8965,-82.5525,Public tracker coordinates,Davis Besse,OH,120.7,925.2,Cleanview public U.S. data-center tracker,https://cleanview.co/data-centers/us,Individual facility or project from Cleanview's public geocoded U.S. data-center inventory.
Vantage OH21,,Planned,Planned,Publicly tracked data-center facility,226.2,226 MW,4.0,"Fairfield, OH",39.897,-82.5535,Public tracker coordinates,Davis Besse,OH,120.7,925.2,Cleanview public U.S. data-center tracker,https://cleanview.co/data-centers/us,Individual facility or project from Cleanview's public geocoded U.S. data-center inventory.
Vantage OH24,,Planned,Planned,Publicly tracked data-center facility,226.2,226 MW,4.0,"Fairfield, OH",39.8968,-82.551,Public tracker coordinates,Davis Besse,OH,120.7,925.2,Cleanview public U.S. data-center tracker,https://cleanview.co/data-centers/us,Individual facility or project from Cleanview's public geocoded U.S. data-center inventory.
Vantage OH23,,Planned,Planned,Publicly tracked data-center facility,226.2,226 MW,4.0,"Fairfield, OH",39.896,-82.5515,Public tracker coordinates,Davis Besse,OH,120.8,925.2,Cleanview public U.S. data-center tracker,https://cleanview.co/data-centers/us,Individual facility or project from Cleanview's public geocoded U.S. data-center inventory.
Stack Infrastructure PHX01 Campus,,Planned,Planned,Publicly tracked data-center facility,225.0,225 MW,4.0,"Maricopa, AZ",33.4175369,-112.3563855,Public tracker coordinates,Palo Verde,AZ,29.2,4209.6,Cleanview public U.S. data-center tracker,https://cleanview.co/data-centers/us,Individual facility or project from Cleanview's public geocoded U.S. data-center inventory.
Google Kansas City East - Building 2,,Planned,Planned,Publicly tracked data-center facility,216.7,217 MW,4.0,"Clay, MO",39.181208,-94.46257,Public tracker coordinates,Wolf Creek Generating Station,KS,92.8,1296.3,Cleanview public U.S. data-center tracker,https://cleanview.co/data-centers/us,Individual facility or project from Cleanview's public geocoded U.S. data-center inventory.
Google Kansas City East - Building 4,,Planned,Planned,Publicly tracked data-center facility,216.7,217 MW,4.0,"Clay, MO",39.185007,-94.470031,Public tracker coordinates,Wolf Creek Generating Station,KS,92.7,1296.3,Cleanview public U.S. data-center tracker,https://cleanview.co/data-centers/us,Individual facility or project from Cleanview's public geocoded U.S. data-center inventory.
Google Kansas City East - Building 3,,Planned,Planned,Publicly tracked data-center facility,216.7,217 MW,4.0,"Clay, MO",39.183468,-94.465865,Public tracker coordinates,Wolf Creek Generating Station,KS,92.8,1296.3,Cleanview public U.S. data-center tracker,https://cleanview.co/data-centers/us,Individual facility or project from Cleanview's public geocoded U.S. data-center inventory.
EdgeConneX New Albany - Phase 2,,Planned,Planned,Publicly tracked data-center facility,216.0,216 MW,4.0,"Licking, OH",40.0877,-82.7224,Public tracker coordinates,Davis Besse,OH,106.0,925.2,Cleanview public U.S. data-center tracker,https://cleanview.co/data-centers/us,Individual facility or project from Cleanview's public geocoded U.S. data-center inventory.
DC Blox - ATL East Data Center,,Planned,Planned,Publicly tracked data-center facility,216.0,216 MW,4.0,"Rockdale, GA",33.68948558,-84.04594815,Public tracker coordinates,Oconee,SC,100.6,2666.7,Cleanview public U.S. data-center tracker,https://cleanview.co/data-centers/us,Individual facility or project from Cleanview's public geocoded U.S. data-center inventory.
Delta Forge 1 - Building 2,,Planned,Planned,Publicly tracked data-center facility,215.0,215 MW,4.0,"Rapides Parish, LA",31.3848,-92.6874,Public tracker coordinates,River Bend,LA,91.2,1035.9,Cleanview public U.S. data-center tracker,https://cleanview.co/data-centers/us,Individual facility or project from Cleanview's public geocoded U.S. data-center inventory.
Delta Forge 1 - Building 1,,Planned,Planned,Publicly tracked data-center facility,215.0,215 MW,4.0,"Rapides Parish, LA",31.3803,-92.6827,Public tracker coordinates,River Bend,LA,90.8,1035.9,Cleanview public U.S. data-center tracker,https://cleanview.co/data-centers/us,Individual facility or project from Cleanview's public geocoded U.S. data-center inventory.
CLP Campus,,Planned,Planned,Publicly tracked data-center facility,215.0,215 MW,4.0,"Culpeper, VA",39.46035,-77.97771,Public tracker coordinates,Crane Clean Energy Center,PA,81.9,980.8,Cleanview public U.S. data-center tracker,https://cleanview.co/data-centers/us,Individual facility or project from Cleanview's public geocoded U.S. data-center inventory.
Phoenix - Goodyear,,Operating,Operating,Publicly tracked data-center facility,212.0,212 MW,4.0,"Maricopa, AZ",33.43532,-112.35821,Public tracker coordinates,Palo Verde,AZ,29.2,4209.6,Cleanview public U.S. data-center tracker,https://cleanview.co/data-centers/us,Individual facility or project from Cleanview's public geocoded U.S. data-center inventory.
Google Wilbarger County - Building 4,,Planned,Planned,Publicly tracked data-center facility,210.0,210 MW,4.0,"Wilbarger, TX",34.065444,-99.148076,Public tracker coordinates,Comanche Peak,TX,145.3,2430.0,Cleanview public U.S. data-center tracker,https://cleanview.co/data-centers/us,Individual facility or project from Cleanview's public geocoded U.S. data-center inventory.
Meitner Data Center - Building 4,,Planned,Planned,Publicly tracked data-center facility,210.0,210 MW,4.0,"Gray, TX",35.588925,-100.718628,Public tracker coordinates,Comanche Peak,TX,282.7,2430.0,Cleanview public U.S. data-center tracker,https://cleanview.co/data-centers/us,Individual facility or project from Cleanview's public geocoded U.S. data-center inventory.
Meitner Data Center - Building 3,,Planned,Planned,Publicly tracked data-center facility,210.0,210 MW,4.0,"Gray, TX",35.585369,-100.719199,Public tracker coordinates,Comanche Peak,TX,282.6,2430.0,Cleanview public U.S. data-center tracker,https://cleanview.co/data-centers/us,Individual facility or project from Cleanview's public geocoded U.S. data-center inventory.
Meitner Data Center - Building 2,,Planned,Planned,Publicly tracked data-center facility,210.0,210 MW,4.0,"Gray, TX",35.582946,-100.719389,Public tracker coordinates,Comanche Peak,TX,282.4,2430.0,Cleanview public U.S. data-center tracker,https://cleanview.co/data-centers/us,Individual facility or project from Cleanview's public geocoded U.S. data-center inventory.
Meitner Data Center - Building 1,,Planned,Planned,Publicly tracked data-center facility,210.0,210 MW,4.0,"Gray, TX",35.580008,-100.719389,Public tracker coordinates,Comanche Peak,TX,282.3,2430.0,Cleanview public U.S. data-center tracker,https://cleanview.co/data-centers/us,Individual facility or project from Cleanview's public geocoded U.S. data-center inventory.
Google Wilbarger County - Building 1,,Planned,Planned,Publicly tracked data-center facility,210.0,210 MW,4.0,"Wilbarger, TX",34.072991,-99.143846,Public tracker coordinates,Comanche Peak,TX,145.6,2430.0,Cleanview public U.S. data-center tracker,https://cleanview.co/data-centers/us,Individual facility or project from Cleanview's public geocoded U.S. data-center inventory.
Polaris Forge 1 - Building 3,,Planned,Planned,Publicly tracked data-center facility,210.0,210 MW,4.0,"Dickey, ND",46.022778,-98.575386,Public tracker coordinates,Monticello Nuclear Facility,MN,233.0,685.0,Cleanview public U.S. data-center tracker,https://cleanview.co/data-centers/us,Individual facility or project from Cleanview's public geocoded U.S. data-center inventory.
Polaris Forge 1 - Building 2,,Planned,Planned,Publicly tracked data-center facility,210.0,210 MW,4.0,"Dickey, ND",46.018905,-98.572978,Public tracker coordinates,Monticello Nuclear Facility,MN,232.9,685.0,Cleanview public U.S. data-center tracker,https://cleanview.co/data-centers/us,Individual facility or project from Cleanview's public geocoded U.S. data-center inventory.
Google Wilbarger County - Building 2,,Planned,Planned,Publicly tracked data-center facility,210.0,210 MW,4.0,"Wilbarger, TX",34.066717,-99.141992,Public tracker coordinates,Comanche Peak,TX,145.2,2430.0,Cleanview public U.S. data-center tracker,https://cleanview.co/data-centers/us,Individual facility or project from Cleanview's public geocoded U.S. data-center inventory.
Google Wilbarger County - Building 3,,Planned,Planned,Publicly tracked data-center facility,210.0,210 MW,4.0,"Wilbarger, TX",34.07177,-99.150168,Public tracker coordinates,Comanche Peak,TX,145.7,2430.0,Cleanview public U.S. data-center tracker,https://cleanview.co/data-centers/us,Individual facility or project from Cleanview's public geocoded U.S. data-center inventory.
Cipher Odessa,,Operating,Operating,Publicly tracked data-center facility,207.0,207 MW,4.0,"Ector, TX",31.838,-102.326,Public tracker coordinates,Comanche Peak,TX,267.7,2430.0,Cleanview public U.S. data-center tracker,https://cleanview.co/data-centers/us,Individual facility or project from Cleanview's public geocoded U.S. data-center inventory.
Hut 8 Vega Campus (Crypto mining),,Operating,Operating,Publicly tracked data-center facility,205.0,205 MW,4.0,"Oldham, TX",35.2417,-102.4288,Public tracker coordinates,Comanche Peak,TX,335.3,2430.0,Cleanview public U.S. data-center tracker,https://cleanview.co/data-centers/us,Individual facility or project from Cleanview's public geocoded U.S. data-center inventory.
CyrusOne NVA5,,Operating,Operating,Publicly tracked data-center facility,202.2,202 MW,4.0,"Loudoun, VA",39.024327,-77.434034,Public tracker coordinates,Calvert Cliffs Nuclear Power Plant,MD,67.2,1850.4,Cleanview public U.S. data-center tracker,https://cleanview.co/data-centers/us,Individual facility or project from Cleanview's public geocoded U.S. data-center inventory.
Pioneer Park (Phase 1 and 2),,Planned,Planned,Publicly tracked data-center facility,202.0,202 MW,4.0,"Wichita, TX",33.95287018,-98.52469492,Public tracker coordinates,Comanche Peak,TX,122.1,2430.0,Cleanview public U.S. data-center tracker,https://cleanview.co/data-centers/us,Individual facility or project from Cleanview's public geocoded U.S. data-center inventory.
QTS Kearneysville,,Planned,Planned,Publicly tracked data-center facility,201.6,202 MW,4.0,"Berkeley, WV",39.407,-77.895,Public tracker coordinates,Crane Clean Energy Center,PA,80.7,980.8,Cleanview public U.S. data-center tracker,https://cleanview.co/data-centers/us,Individual facility or project from Cleanview's public geocoded U.S. data-center inventory.
PowerHouse Irving,,Planned,Planned,Publicly tracked data-center facility,201.0,201 MW,4.0,"Dallas, TX",32.8868212,-96.940831,Public tracker coordinates,Comanche Peak,TX,63.8,2430.0,Cleanview public U.S. data-center tracker,https://cleanview.co/data-centers/us,Individual facility or project from Cleanview's public geocoded U.S. data-center inventory.
New Albany Data Center - Socrates North,,Planned,Planned,Publicly tracked data-center facility,200.0,200 MW,4.0,"Licking, OH",40.117764,-82.738225,Public tracker coordinates,Davis Besse,OH,103.8,925.2,Cleanview public U.S. data-center tracker,https://cleanview.co/data-centers/us,Individual facility or project from Cleanview's public geocoded U.S. data-center inventory.
Goodnight - Building 6,,Planned,Planned,Publicly tracked data-center facility,200.0,200 MW,4.0,"Armstrong, TX",35.02648,-101.30037,Public tracker coordinates,Comanche Peak,TX,276.3,2430.0,Cleanview public U.S. data-center tracker,https://cleanview.co/data-centers/us,Individual facility or project from Cleanview's public geocoded U.S. data-center inventory.
Goodnight - Building 3,,Planned,Planned,Publicly tracked data-center facility,200.0,200 MW,4.0,"Armstrong, TX",35.01373,-101.30626,Public tracker coordinates,Comanche Peak,TX,276.0,2430.0,Cleanview public U.S. data-center tracker,https://cleanview.co/data-centers/us,Individual facility or project from Cleanview's public geocoded U.S. data-center inventory.
Applied Digital Adair Data Center,,Planned,Planned,Publicly tracked data-center facility,200.0,200 MW,4.0,"Adair, IA",41.46419,-94.6051,Public tracker coordinates,Cooper Nuclear Station,NE,93.4,801.0,Cleanview public U.S. data-center tracker,https://cleanview.co/data-centers/us,Individual facility or project from Cleanview's public geocoded U.S. data-center inventory.
Nebius / DataOne Vineland Phase 2,,Planned,Planned,Publicly tracked data-center facility,200.0,200 MW,4.0,"Cumberland, NJ",39.427614,-75.016756,Public tracker coordinates,PSEG Salem Generating Station,NJ,27.8,2340.0,Cleanview public U.S. data-center tracker,https://cleanview.co/data-centers/us,Individual facility or project from Cleanview's public geocoded U.S. data-center inventory.
New Albany Data Center - Socrates South,,Planned,Planned,Publicly tracked data-center facility,200.0,200 MW,4.0,"Licking, OH",40.054315,-82.752114,Public tracker coordinates,Davis Besse,OH,108.0,925.2,Cleanview public U.S. data-center tracker,https://cleanview.co/data-centers/us,Individual facility or project from Cleanview's public geocoded U.S. data-center inventory.
AREP Powerhouse Las Colinas,,Planned,Planned,Publicly tracked data-center facility,200.0,200 MW,4.0,"Dallas, TX",32.88740367,-96.94064191,Public tracker coordinates,Comanche Peak,TX,63.8,2430.0,Cleanview public U.S. data-center tracker,https://cleanview.co/data-centers/us,Individual facility or project from Cleanview's public geocoded U.S. data-center inventory.
Goodnight - Building 5,,Planned,Planned,Publicly tracked data-center facility,200.0,200 MW,4.0,"Armstrong, TX",35.02342,-101.30038,Public tracker coordinates,Comanche Peak,TX,276.2,2430.0,Cleanview public U.S. data-center tracker,https://cleanview.co/data-centers/us,Individual facility or project from Cleanview's public geocoded U.S. data-center inventory.
MSP Campus,,Planned,Planned,Publicly tracked data-center facility,200.0,200 MW,4.0,"Carver, MN",44.81068,-93.63557,Public tracker coordinates,Monticello Nuclear Facility,MN,37.6,685.0,Cleanview public U.S. data-center tracker,https://cleanview.co/data-centers/us,Individual facility or project from Cleanview's public geocoded U.S. data-center inventory.
Goodnight - Building 4,,Planned,Planned,Publicly tracked data-center facility,200.0,200 MW,4.0,"Armstrong, TX",35.01903,-101.29662,Public tracker coordinates,Comanche Peak,TX,275.8,2430.0,Cleanview public U.S. data-center tracker,https://cleanview.co/data-centers/us,Individual facility or project from Cleanview's public geocoded U.S. data-center inventory.
PowerHouse Reno,,Planned,Planned,Publicly tracked data-center facility,200.0,200 MW,4.0,"Washoe, NV",39.5408326,-119.4977247,Public tracker coordinates,Diablo Canyon,CA,308.3,2323.0,Cleanview public U.S. data-center tracker,https://cleanview.co/data-centers/us,Individual facility or project from Cleanview's public geocoded U.S. data-center inventory.
Stream Data Center: San Antonio III - VII,,Operating,Operating,Publicly tracked data-center facility,200.0,200 MW,4.0,"Bexar, TX",29.44869783,-98.71268396,Public tracker coordinates,South Texas Project,TX,167.0,2708.6,Cleanview public U.S. data-center tracker,https://cleanview.co/data-centers/us,Individual facility or project from Cleanview's public geocoded U.S. data-center inventory.
Chirisa Technology Parks: CTP 04/05/06,,Planned,Planned,Publicly tracked data-center facility,200.0,200 MW,4.0,"Chesterfield, VA",37.3584032,-77.3241147,Public tracker coordinates,Surry,VA,36.9,1695.0,Cleanview public U.S. data-center tracker,https://cleanview.co/data-centers/us,Individual facility or project from Cleanview's public geocoded U.S. data-center inventory.
Eagle Rock Jones County Data Center,,Canceled,Other,Publicly tracked data-center facility,200.0,200 MW,4.0,"Jones, GA",32.91623,-83.382996,Public tracker coordinates,Edwin I Hatch,GA,90.9,1848.0,Cleanview public U.S. data-center tracker,https://cleanview.co/data-centers/us,Individual facility or project from Cleanview's public geocoded U.S. data-center inventory.
Chicago (Hoffman Estates),,Planned,Planned,Publicly tracked data-center facility,200.0,200 MW,4.0,"Cook, IL",42.073976,-88.223486,Public tracker coordinates,Dresden Generating Station,IL,47.3,2018.6,Cleanview public U.S. data-center tracker,https://cleanview.co/data-centers/us,Individual facility or project from Cleanview's public geocoded U.S. data-center inventory.
T5 @ Augusta,,Planned,Planned,Publicly tracked data-center facility,200.0,200 MW,4.0,GA,33.44349008,-82.12584378,Public tracker coordinates,Vogtle,GA,29.5,4658.0,Cleanview public U.S. data-center tracker,https://cleanview.co/data-centers/us,Individual facility or project from Cleanview's public geocoded U.S. data-center inventory.
Prominent Jarell Data Center,,Planned,Planned,Publicly tracked data-center facility,200.0,200 MW,4.0,"Williamson, TX",30.81766122,-97.6375884,Public tracker coordinates,Comanche Peak,TX,102.7,2430.0,Cleanview public U.S. data-center tracker,https://cleanview.co/data-centers/us,Individual facility or project from Cleanview's public geocoded U.S. data-center inventory.
Culpeper Campus Data Center (IAD 5 and IAD6),,Planned,Planned,Publicly tracked data-center facility,192.0,192 MW,4.0,"Culpeper, VA",38.44997135,-77.98074381,Public tracker coordinates,North Anna,VA,28.9,1959.4,Cleanview public U.S. data-center tracker,https://cleanview.co/data-centers/us,Individual facility or project from Cleanview's public geocoded U.S. data-center inventory.
Google Fort Wayne - Building 5,,Planned,Planned,Publicly tracked data-center facility,189.8,190 MW,4.0,"Allen, IN",41.037024,-85.048213,Public tracker coordinates,Donald C Cook,MI,101.8,2285.3,Cleanview public U.S. data-center tracker,https://cleanview.co/data-centers/us,Individual facility or project from Cleanview's public geocoded U.S. data-center inventory.
Google Fort Wayne - Building 7,,Planned,Planned,Publicly tracked data-center facility,189.8,190 MW,4.0,"Allen, IN",41.022345,-85.0446,Public tracker coordinates,Donald C Cook,MI,102.6,2285.3,Cleanview public U.S. data-center tracker,https://cleanview.co/data-centers/us,Individual facility or project from Cleanview's public geocoded U.S. data-center inventory.
Google Fort Wayne - Building 6,,Planned,Planned,Publicly tracked data-center facility,189.8,190 MW,4.0,"Allen, IN",41.022154,-85.048466,Public tracker coordinates,Donald C Cook,MI,102.5,2285.3,Cleanview public U.S. data-center tracker,https://cleanview.co/data-centers/us,Individual facility or project from Cleanview's public geocoded U.S. data-center inventory.
Google Fort Wayne - Building 4,,Planned,Planned,Publicly tracked data-center facility,189.8,190 MW,4.0,"Allen, IN",41.022058,-85.051889,Public tracker coordinates,Donald C Cook,MI,102.3,2285.3,Cleanview public U.S. data-center tracker,https://cleanview.co/data-centers/us,Individual facility or project from Cleanview's public geocoded U.S. data-center inventory.
Google Fort Wayne - Building 3,,Planned,Planned,Publicly tracked data-center facility,189.8,190 MW,4.0,"Allen, IN",41.03616,-85.05441,Public tracker coordinates,Donald C Cook,MI,101.6,2285.3,Cleanview public U.S. data-center tracker,https://cleanview.co/data-centers/us,Individual facility or project from Cleanview's public geocoded U.S. data-center inventory.
Google Fort Wayne - Building 2,,Planned,Planned,Publicly tracked data-center facility,189.8,190 MW,4.0,"Allen, IN",41.03075,-85.04932,Public tracker coordinates,Donald C Cook,MI,102.0,2285.3,Cleanview public U.S. data-center tracker,https://cleanview.co/data-centers/us,Individual facility or project from Cleanview's public geocoded U.S. data-center inventory.
CloudHQ LC1A,,Operating,Operating,Publicly tracked data-center facility,189.0,189 MW,4.0,"Loudoun, VA",39.0104478,-77.4636146,Public tracker coordinates,Calvert Cliffs Nuclear Power Plant,MD,68.0,1850.4,Cleanview public U.S. data-center tracker,https://cleanview.co/data-centers/us,Individual facility or project from Cleanview's public geocoded U.S. data-center inventory.
CloudHQ LC1B,,Operating,Operating,Publicly tracked data-center facility,189.0,189 MW,4.0,"Loudoun, VA",39.0100005,-77.4617314,Public tracker coordinates,Calvert Cliffs Nuclear Power Plant,MD,67.9,1850.4,Cleanview public U.S. data-center tracker,https://cleanview.co/data-centers/us,Individual facility or project from Cleanview's public geocoded U.S. data-center inventory.
Soluna Project Rosa,,Planned,Planned,Publicly tracked data-center facility,187.0,187 MW,4.0,"Cameron, TX",26.2419,-97.8223,Public tracker coordinates,South Texas Project,TX,207.2,2708.6,Cleanview public U.S. data-center tracker,https://cleanview.co/data-centers/us,Individual facility or project from Cleanview's public geocoded U.S. data-center inventory.
Project Gravity,,Planned,Planned,Publicly tracked data-center facility,186.0,186 MW,4.0,"Lackawanna, PA",41.51594827,-75.56498236,Public tracker coordinates,TalenEnergy Susquehanna,PA,42.1,2532.0,Cleanview public U.S. data-center tracker,https://cleanview.co/data-centers/us,Individual facility or project from Cleanview's public geocoded U.S. data-center inventory.
Stargate Frontier - Building 3,,Planned,Planned,Publicly tracked data-center facility,182.0,182 MW,4.0,"Shackelford, TX",32.54065,-99.54166,Public tracker coordinates,Comanche Peak,TX,103.8,2430.0,Cleanview public U.S. data-center tracker,https://cleanview.co/data-centers/us,Individual facility or project from Cleanview's public geocoded U.S. data-center inventory.
Stargate Frontier - Building 4,,Planned,Planned,Publicly tracked data-center facility,182.0,182 MW,4.0,"Shackelford, TX",32.5418,-99.55306,Public tracker coordinates,Comanche Peak,TX,104.5,2430.0,Cleanview public U.S. data-center tracker,https://cleanview.co/data-centers/us,Individual facility or project from Cleanview's public geocoded U.S. data-center inventory.
Stargate Frontier - Building 8,,Planned,Planned,Publicly tracked data-center facility,182.0,182 MW,4.0,"Shackelford, TX",32.546486,-99.548117,Public tracker coordinates,Comanche Peak,TX,104.2,2430.0,Cleanview public U.S. data-center tracker,https://cleanview.co/data-centers/us,Individual facility or project from Cleanview's public geocoded U.S. data-center inventory.
Stargate Frontier - Building 10,,Planned,Planned,Publicly tracked data-center facility,182.0,182 MW,4.0,"Shackelford, TX",32.547261,-99.555406,Public tracker coordinates,Comanche Peak,TX,104.6,2430.0,Cleanview public U.S. data-center tracker,https://cleanview.co/data-centers/us,Individual facility or project from Cleanview's public geocoded U.S. data-center inventory.
Stargate Frontier - Building 2,,Planned,Planned,Publicly tracked data-center facility,182.0,182 MW,4.0,"Shackelford, TX",32.54145,-99.54947,Public tracker coordinates,Comanche Peak,TX,104.2,2430.0,Cleanview public U.S. data-center tracker,https://cleanview.co/data-centers/us,Individual facility or project from Cleanview's public geocoded U.S. data-center inventory.
Stargate Frontier - Building 5,,Planned,Planned,Publicly tracked data-center facility,182.0,182 MW,4.0,"Shackelford, TX",32.54215,-99.55678,Public tracker coordinates,Comanche Peak,TX,104.7,2430.0,Cleanview public U.S. data-center tracker,https://cleanview.co/data-centers/us,Individual facility or project from Cleanview's public geocoded U.S. data-center inventory.
Stargate Frontier - Building 9,,Planned,Planned,Publicly tracked data-center facility,182.0,182 MW,4.0,"Shackelford, TX",32.54686,-99.55173,Public tracker coordinates,Comanche Peak,TX,104.4,2430.0,Cleanview public U.S. data-center tracker,https://cleanview.co/data-centers/us,Individual facility or project from Cleanview's public geocoded U.S. data-center inventory.
Stargate Frontier - Building 6,,Planned,Planned,Publicly tracked data-center facility,182.0,182 MW,4.0,"Shackelford, TX",32.545498,-99.540131,Public tracker coordinates,Comanche Peak,TX,103.7,2430.0,Cleanview public U.S. data-center tracker,https://cleanview.co/data-centers/us,Individual facility or project from Cleanview's public geocoded U.S. data-center inventory.
Stargate Frontier - Building 7,,Planned,Planned,Publicly tracked data-center facility,182.0,182 MW,4.0,"Shackelford, TX",32.546139,-99.543902,Public tracker coordinates,Comanche Peak,TX,104.0,2430.0,Cleanview public U.S. data-center tracker,https://cleanview.co/data-centers/us,Individual facility or project from Cleanview's public geocoded U.S. data-center inventory.
Stargate Frontier - Building 1,,Planned,Planned,Publicly tracked data-center facility,182.0,182 MW,4.0,"Shackelford, TX",32.54105,-99.54557,Public tracker coordinates,Comanche Peak,TX,104.0,2430.0,Cleanview public U.S. data-center tracker,https://cleanview.co/data-centers/us,Individual facility or project from Cleanview's public geocoded U.S. data-center inventory.
Applied Digital Ellendale ELN-01,,Operating,Operating,Publicly tracked data-center facility,180.0,180 MW,4.0,"Dickey, ND",46.013,-98.5735,Public tracker coordinates,Monticello Nuclear Facility,MN,232.8,685.0,Cleanview public U.S. data-center tracker,https://cleanview.co/data-centers/us,Individual facility or project from Cleanview's public geocoded U.S. data-center inventory.
Aligned Phoenix PHX 01/02/03,,Operating,Operating,Publicly tracked data-center facility,180.0,180 MW,4.0,"Maricopa, AZ",33.65924564,-112.1106723,Public tracker coordinates,Palo Verde,AZ,47.1,4209.6,Cleanview public U.S. data-center tracker,https://cleanview.co/data-centers/us,Individual facility or project from Cleanview's public geocoded U.S. data-center inventory.
Cheswick/Springdale AI Data Center Redevelopment,,Planned,Planned,Publicly tracked data-center facility,180.0,180 MW,4.0,"Allegheny, PA",40.538714,-79.791156,Public tracker coordinates,Beaver Valley,PA,34.2,1846.8,Cleanview public U.S. data-center tracker,https://cleanview.co/data-centers/us,Individual facility or project from Cleanview's public geocoded U.S. data-center inventory.
AWS Keystone Trade Center - Building 1,,Planned,Planned,Publicly tracked data-center facility,177.5,178 MW,4.0,"Bucks, PA",40.15553,-74.749732,Public tracker coordinates,Limerick,PA,44.5,2277.0,Cleanview public U.S. data-center tracker,https://cleanview.co/data-centers/us,Individual facility or project from Cleanview's public geocoded U.S. data-center inventory.
Digital Realty IAD50 - 10050 Brickyard Way,,Planned,Planned,Publicly tracked data-center facility,177.0,177 MW,4.0,"Manassas City, VA",38.73829766,-77.50902962,Public tracker coordinates,North Anna,VA,49.3,1959.4,Cleanview public U.S. data-center tracker,https://cleanview.co/data-centers/us,Individual facility or project from Cleanview's public geocoded U.S. data-center inventory.
QTS Eagle Mountain - DC-2,,Planned,Planned,Publicly tracked data-center facility,177.0,177 MW,4.0,"Utah, UT",40.265582,-112.029503,Public tracker coordinates,Palo Verde,AZ,477.4,4209.6,Cleanview public U.S. data-center tracker,https://cleanview.co/data-centers/us,Individual facility or project from Cleanview's public geocoded U.S. data-center inventory.
Digital Realty IAD51 - 10051 Brickyard Way,,Operating,Operating,Publicly tracked data-center facility,177.0,177 MW,4.0,"Manassas City, VA",38.73692557,-77.50782982,Public tracker coordinates,North Anna,VA,49.2,1959.4,Cleanview public U.S. data-center tracker,https://cleanview.co/data-centers/us,Individual facility or project from Cleanview's public geocoded U.S. data-center inventory.
QTS Eagle Mountain - DC-5,,Planned,Planned,Publicly tracked data-center facility,177.0,177 MW,4.0,"Utah, UT",40.265553,-112.035505,Public tracker coordinates,Palo Verde,AZ,477.4,4209.6,Cleanview public U.S. data-center tracker,https://cleanview.co/data-centers/us,Individual facility or project from Cleanview's public geocoded U.S. data-center inventory.
QTS Eagle Mountain - DC-1,,Planned,Planned,Publicly tracked data-center facility,177.0,177 MW,4.0,"Utah, UT",40.266388,-112.027314,Public tracker coordinates,Palo Verde,AZ,477.5,4209.6,Cleanview public U.S. data-center tracker,https://cleanview.co/data-centers/us,Individual facility or project from Cleanview's public geocoded U.S. data-center inventory.
QTS Eagle Mountain - DC-4,,Planned,Planned,Publicly tracked data-center facility,177.0,177 MW,4.0,"Utah, UT",40.265582,-112.033429,Public tracker coordinates,Palo Verde,AZ,477.4,4209.6,Cleanview public U.S. data-center tracker,https://cleanview.co/data-centers/us,Individual facility or project from Cleanview's public geocoded U.S. data-center inventory.
QTS Eagle Mountain - DC-3,,Planned,Planned,Publicly tracked data-center facility,177.0,177 MW,4.0,"Utah, UT",40.265639,-112.031579,Public tracker coordinates,Palo Verde,AZ,477.4,4209.6,Cleanview public U.S. data-center tracker,https://cleanview.co/data-centers/us,Individual facility or project from Cleanview's public geocoded U.S. data-center inventory.
Plaza 500,,Planned,Planned,Publicly tracked data-center facility,176.0,176 MW,4.0,"Fairfax, VA",38.802273,-77.142525,Public tracker coordinates,Calvert Cliffs Nuclear Power Plant,MD,45.6,1850.4,Cleanview public U.S. data-center tracker,https://cleanview.co/data-centers/us,Individual facility or project from Cleanview's public geocoded U.S. data-center inventory.
Digital Realty IAD41,,Operating,Operating,Publicly tracked data-center facility,175.3,175 MW,4.0,"Loudoun, VA",39.008677,-77.458221,Public tracker coordinates,Calvert Cliffs Nuclear Power Plant,MD,67.7,1850.4,Cleanview public U.S. data-center tracker,https://cleanview.co/data-centers/us,Individual facility or project from Cleanview's public geocoded U.S. data-center inventory.
Project Lufkin Data Center,,Planned,Planned,Publicly tracked data-center facility,175.0,175 MW,4.0,"Angelina, TX",31.3579,-94.677475,Public tracker coordinates,Comanche Peak,TX,193.7,2430.0,Cleanview public U.S. data-center tracker,https://cleanview.co/data-centers/us,Individual facility or project from Cleanview's public geocoded U.S. data-center inventory.
Storey County - Building 4,,Planned,Planned,Publicly tracked data-center facility,173.8,174 MW,4.0,"Storey, NV",39.496102,-119.427962,Public tracker coordinates,Diablo Canyon,CA,306.2,2323.0,Cleanview public U.S. data-center tracker,https://cleanview.co/data-centers/us,Individual facility or project from Cleanview's public geocoded U.S. data-center inventory.
Storey County - Building 3,,Planned,Planned,Publicly tracked data-center facility,173.8,174 MW,4.0,"Storey, NV",39.49261,-119.43032,Public tracker coordinates,Diablo Canyon,CA,306.0,2323.0,Cleanview public U.S. data-center tracker,https://cleanview.co/data-centers/us,Individual facility or project from Cleanview's public geocoded U.S. data-center inventory.
Microsoft Fairwater Atlanta - Building 1,,Operating,Operating,Publicly tracked data-center facility,173.0,173 MW,4.0,"Fayette County, GA",33.448347,-84.522712,Public tracker coordinates,Sequoyah,TN,127.1,2441.0,Cleanview public U.S. data-center tracker,https://cleanview.co/data-centers/us,Individual facility or project from Cleanview's public geocoded U.S. data-center inventory.
Core Scientific: Dalton 4,,Planned,Planned,Publicly tracked data-center facility,170.0,170 MW,4.0,"Whiefield, GA",34.68874467,-84.94290974,Public tracker coordinates,Sequoyah,TN,38.1,2441.0,Cleanview public U.S. data-center tracker,https://cleanview.co/data-centers/us,Individual facility or project from Cleanview's public geocoded U.S. data-center inventory.
Abernathy Data Center (Fluidstack / Anthropic),,Planned,Planned,Publicly tracked data-center facility,168.0,168 MW,4.0,"Hale, TX",33.871,-101.849,Public tracker coordinates,Comanche Peak,TX,259.1,2430.0,Cleanview public U.S. data-center tracker,https://cleanview.co/data-centers/us,Individual facility or project from Cleanview's public geocoded U.S. data-center inventory.
Meta Rosemount - Building 1,,Operating,Operating,Publicly tracked data-center facility,168.0,168 MW,4.0,"Dakota, MN",44.734759,-93.06186,Public tracker coordinates,Prairie Island,MN,22.5,1186.2,Cleanview public U.S. data-center tracker,https://cleanview.co/data-centers/us,Individual facility or project from Cleanview's public geocoded U.S. data-center inventory.
Cologix ASH1,,Operating,Operating,Publicly tracked data-center facility,168.0,168 MW,4.0,"Loudoun, VA",39.018005,-77.459315,Public tracker coordinates,Calvert Cliffs Nuclear Power Plant,MD,68.1,1850.4,Cleanview public U.S. data-center tracker,https://cleanview.co/data-centers/us,Individual facility or project from Cleanview's public geocoded U.S. data-center inventory.
Soluna Project Kati,,Planned,Planned,Publicly tracked data-center facility,166.0,166 MW,4.0,"Willacy, TX",26.37778,-97.5874,Public tracker coordinates,South Texas Project,TX,191.8,2708.6,Cleanview public U.S. data-center tracker,https://cleanview.co/data-centers/us,Individual facility or project from Cleanview's public geocoded U.S. data-center inventory.
River Bend - Building 1,,Planned,Planned,Publicly tracked data-center facility,165.0,165 MW,4.0,"West Feliciana Parish, LA",30.715939,-91.316943,Public tracker coordinates,River Bend,LA,3.0,1035.9,Cleanview public U.S. data-center tracker,https://cleanview.co/data-centers/us,Individual facility or project from Cleanview's public geocoded U.S. data-center inventory.
River Bend - Building 2,,Planned,Planned,Publicly tracked data-center facility,165.0,165 MW,4.0,"West Feliciana Parish, LA",30.715272,-91.315976,Public tracker coordinates,River Bend,LA,3.0,1035.9,Cleanview public U.S. data-center tracker,https://cleanview.co/data-centers/us,Individual facility or project from Cleanview's public geocoded U.S. data-center inventory.
Aligned IAD02,,Operating,Operating,Publicly tracked data-center facility,163.1,163 MW,4.0,"Loudoun, VA",39.010411,-77.475189,Public tracker coordinates,North Anna,VA,67.8,1959.4,Cleanview public U.S. data-center tracker,https://cleanview.co/data-centers/us,Individual facility or project from Cleanview's public geocoded U.S. data-center inventory.
Google Michigan City - Building 2,,Planned,Planned,Publicly tracked data-center facility,162.5,162 MW,4.0,"LaPorte, IN",41.716073,-86.842936,Public tracker coordinates,Donald C Cook,MI,22.9,2285.3,Cleanview public U.S. data-center tracker,https://cleanview.co/data-centers/us,Individual facility or project from Cleanview's public geocoded U.S. data-center inventory.
Stack Infrastructure ATL02 Lithia Springs Data Center,,Planned,Planned,Publicly tracked data-center facility,160.0,160 MW,4.0,"Douglas, GA",33.76124682,-84.60195135,Public tracker coordinates,Sequoyah,TN,105.0,2441.0,Cleanview public U.S. data-center tracker,https://cleanview.co/data-centers/us,Individual facility or project from Cleanview's public geocoded U.S. data-center inventory.
Bauxite Data Center 3,,Planned,Planned,Publicly tracked data-center facility,160.0,160 MW,4.0,"Frederick, MD",39.33038503,-77.47482666,Public tracker coordinates,Crane Clean Energy Center,PA,69.4,980.8,Cleanview public U.S. data-center tracker,https://cleanview.co/data-centers/us,Individual facility or project from Cleanview's public geocoded U.S. data-center inventory.
Northlake Chicago CH1,,Operating,Operating,Publicly tracked data-center facility,158.0,158 MW,4.0,"Cook, IL",41.922527,-87.918665,Public tracker coordinates,Dresden Generating Station,IL,41.0,2018.6,Cleanview public U.S. data-center tracker,https://cleanview.co/data-centers/us,Individual facility or project from Cleanview's public geocoded U.S. data-center inventory.
Google Douglas County - Building 2 Phase 2,,Operating,Operating,Publicly tracked data-center facility,158.0,158 MW,4.0,"Douglas, GA",33.7524763,-84.5867329,Public tracker coordinates,Sequoyah,TN,105.8,2441.0,Cleanview public U.S. data-center tracker,https://cleanview.co/data-centers/us,Individual facility or project from Cleanview's public geocoded U.S. data-center inventory.
Microsoft Fairwater Atlanta - Building 3,,Operating,Operating,Publicly tracked data-center facility,158.0,158 MW,4.0,"Fayette County, GA",33.46381,-84.529229,Public tracker coordinates,Sequoyah,TN,126.0,2441.0,Cleanview public U.S. data-center tracker,https://cleanview.co/data-centers/us,Individual facility or project from Cleanview's public geocoded U.S. data-center inventory.
Lincoln - Building 2,,Planned,Planned,Publicly tracked data-center facility,156.2,156 MW,4.0,"Lancaster, NE",40.90533,-96.65545,Public tracker coordinates,Cooper Nuclear Station,NE,65.1,801.0,Cleanview public U.S. data-center tracker,https://cleanview.co/data-centers/us,Individual facility or project from Cleanview's public geocoded U.S. data-center inventory.
Lincoln - Building 4,,Planned,Planned,Publicly tracked data-center facility,155.7,156 MW,4.0,"Lancaster, NE",40.903003,-96.655314,Public tracker coordinates,Cooper Nuclear Station,NE,65.0,801.0,Cleanview public U.S. data-center tracker,https://cleanview.co/data-centers/us,Individual facility or project from Cleanview's public geocoded U.S. data-center inventory.
Lincoln - Building 7,,Planned,Planned,Publicly tracked data-center facility,155.7,156 MW,4.0,"Lancaster, NE",40.899889,-96.648501,Public tracker coordinates,Cooper Nuclear Station,NE,64.6,801.0,Cleanview public U.S. data-center tracker,https://cleanview.co/data-centers/us,Individual facility or project from Cleanview's public geocoded U.S. data-center inventory.
Lincoln - Building 5,,Planned,Planned,Publicly tracked data-center facility,155.7,156 MW,4.0,"Lancaster, NE",40.9025,-96.660131,Public tracker coordinates,Cooper Nuclear Station,NE,65.2,801.0,Cleanview public U.S. data-center tracker,https://cleanview.co/data-centers/us,Individual facility or project from Cleanview's public geocoded U.S. data-center inventory.
Lincoln - Building 6,,Planned,Planned,Publicly tracked data-center facility,155.7,156 MW,4.0,"Lancaster, NE",40.900056,-96.653761,Public tracker coordinates,Cooper Nuclear Station,NE,64.8,801.0,Cleanview public U.S. data-center tracker,https://cleanview.co/data-centers/us,Individual facility or project from Cleanview's public geocoded U.S. data-center inventory.
Lincoln - Building 3,,Planned,Planned,Publicly tracked data-center facility,155.7,156 MW,4.0,"Lancaster, NE",40.903146,-96.65167,Public tracker coordinates,Cooper Nuclear Station,NE,64.8,801.0,Cleanview public U.S. data-center tracker,https://cleanview.co/data-centers/us,Individual facility or project from Cleanview's public geocoded U.S. data-center inventory.
Lincoln - Building 1,,Operating,Operating,Publicly tracked data-center facility,155.1,155 MW,4.0,"Lancaster, NE",40.90529,-96.65184,Public tracker coordinates,Cooper Nuclear Station,NE,64.9,801.0,Cleanview public U.S. data-center tracker,https://cleanview.co/data-centers/us,Individual facility or project from Cleanview's public geocoded U.S. data-center inventory.
Council Bluffs Southlands - Building 2,,Operating,Operating,Publicly tracked data-center facility,154.0,154 MW,4.0,"Pottawattamie, IA",41.17562,-95.802992,Public tracker coordinates,Cooper Nuclear Station,NE,56.8,801.0,Cleanview public U.S. data-center tracker,https://cleanview.co/data-centers/us,Individual facility or project from Cleanview's public geocoded U.S. data-center inventory.
CloudHQ LC8,,Planned,Planned,Publicly tracked data-center facility,151.2,151 MW,4.0,"Loudoun, VA",39.001959,-77.469095,Public tracker coordinates,North Anna,VA,67.4,1959.4,Cleanview public U.S. data-center tracker,https://cleanview.co/data-centers/us,Individual facility or project from Cleanview's public geocoded U.S. data-center inventory.
CloudHQ LC14,,Planned,Planned,Publicly tracked data-center facility,151.2,151 MW,4.0,"Loudoun, VA",39.006098,-77.476042,Public tracker coordinates,North Anna,VA,67.5,1959.4,Cleanview public U.S. data-center tracker,https://cleanview.co/data-centers/us,Individual facility or project from Cleanview's public geocoded U.S. data-center inventory.
CloudHQ LC12,,Planned,Planned,Publicly tracked data-center facility,151.2,151 MW,4.0,"Loudoun, VA",39.005317,-77.478557,Public tracker coordinates,North Anna,VA,67.4,1959.4,Cleanview public U.S. data-center tracker,https://cleanview.co/data-centers/us,Individual facility or project from Cleanview's public geocoded U.S. data-center inventory.
CloudHQ LC10,,Planned,Planned,Publicly tracked data-center facility,151.2,151 MW,4.0,"Loudoun, VA",39.003681,-77.472448,Public tracker coordinates,North Anna,VA,67.4,1959.4,Cleanview public U.S. data-center tracker,https://cleanview.co/data-centers/us,Individual facility or project from Cleanview's public geocoded U.S. data-center inventory.
CloudHQ LC13,,Planned,Planned,Publicly tracked data-center facility,151.2,151 MW,4.0,"Loudoun, VA",39.004824,-77.476731,Public tracker coordinates,North Anna,VA,67.4,1959.4,Cleanview public U.S. data-center tracker,https://cleanview.co/data-centers/us,Individual facility or project from Cleanview's public geocoded U.S. data-center inventory.
CloudHQ LC9,,Planned,Planned,Publicly tracked data-center facility,151.2,151 MW,4.0,"Loudoun, VA",39.003377,-77.470306,Public tracker coordinates,North Anna,VA,67.4,1959.4,Cleanview public U.S. data-center tracker,https://cleanview.co/data-centers/us,Individual facility or project from Cleanview's public geocoded U.S. data-center inventory.
CloudHQ LC11,,Planned,Planned,Publicly tracked data-center facility,151.2,151 MW,4.0,"Loudoun, VA",39.006648,-77.477644,Public tracker coordinates,North Anna,VA,67.5,1959.4,Cleanview public U.S. data-center tracker,https://cleanview.co/data-centers/us,Individual facility or project from Cleanview's public geocoded U.S. data-center inventory.
Avaio Digital Leo,,Planned,Planned,Publicly tracked data-center facility,150.0,150 MW,4.0,"Pulaski, AR",34.618,-92.26808,Public tracker coordinates,Arkansas Nuclear One,AR,72.7,1845.0,Cleanview public U.S. data-center tracker,https://cleanview.co/data-centers/us,Individual facility or project from Cleanview's public geocoded U.S. data-center inventory.
Cielo Des Moines Data Center,,Planned,Planned,Publicly tracked data-center facility,150.0,150 MW,4.0,"Polk, IA",41.57011,-93.5839,Public tracker coordinates,Cooper Nuclear Station,NE,135.9,801.0,Cleanview public U.S. data-center tracker,https://cleanview.co/data-centers/us,Individual facility or project from Cleanview's public geocoded U.S. data-center inventory.
Stargate Abilene - Building 1,,Operating,Operating,Publicly tracked data-center facility,150.0,150 MW,4.0,"Taylor, TX",32.505123,-99.78102,Public tracker coordinates,Comanche Peak,TX,117.3,2430.0,Cleanview public U.S. data-center tracker,https://cleanview.co/data-centers/us,Individual facility or project from Cleanview's public geocoded U.S. data-center inventory.
Stargate Abilene - Building 8,,Planned,Planned,Publicly tracked data-center facility,150.0,150 MW,4.0,"Taylor, TX",32.497559,-99.795027,Public tracker coordinates,Comanche Peak,TX,118.0,2430.0,Cleanview public U.S. data-center tracker,https://cleanview.co/data-centers/us,Individual facility or project from Cleanview's public geocoded U.S. data-center inventory.
Google Jackson County - Building 3,,Planned,Planned,Publicly tracked data-center facility,150.0,150 MW,4.0,"Jackson, AL",34.917437,-85.747191,Public tracker coordinates,Sequoyah,TN,42.8,2441.0,Cleanview public U.S. data-center tracker,https://cleanview.co/data-centers/us,Individual facility or project from Cleanview's public geocoded U.S. data-center inventory.
Google Jackson County - Building 4,,Planned,Planned,Publicly tracked data-center facility,150.0,150 MW,4.0,"Jackson, AL",34.914306,-85.742184,Public tracker coordinates,Sequoyah,TN,42.6,2441.0,Cleanview public U.S. data-center tracker,https://cleanview.co/data-centers/us,Individual facility or project from Cleanview's public geocoded U.S. data-center inventory.
Stargate Abilene - Building 7,,Planned,Planned,Publicly tracked data-center facility,150.0,150 MW,4.0,"Taylor, TX",32.497519,-99.7917,Public tracker coordinates,Comanche Peak,TX,117.8,2430.0,Cleanview public U.S. data-center tracker,https://cleanview.co/data-centers/us,Individual facility or project from Cleanview's public geocoded U.S. data-center inventory.
Stargate Abilene - Building 6,,Planned,Planned,Publicly tracked data-center facility,150.0,150 MW,4.0,"Taylor, TX",32.499056,-99.786186,Public tracker coordinates,Comanche Peak,TX,117.5,2430.0,Cleanview public U.S. data-center tracker,https://cleanview.co/data-centers/us,Individual facility or project from Cleanview's public geocoded U.S. data-center inventory.
Security Land Baltimore Data Center,,Planned,Planned,Publicly tracked data-center facility,150.0,150 MW,4.0,"Baltimore, MD",39.319317,-76.74747,Public tracker coordinates,Peach Bottom,PA,39.7,2876.4,Cleanview public U.S. data-center tracker,https://cleanview.co/data-centers/us,Individual facility or project from Cleanview's public geocoded U.S. data-center inventory.
Stargate Abilene - Building 3,,Planned,Planned,Publicly tracked data-center facility,150.0,150 MW,4.0,"Taylor, TX",32.498989,-99.776726,Public tracker coordinates,Comanche Peak,TX,117.0,2430.0,Cleanview public U.S. data-center tracker,https://cleanview.co/data-centers/us,Individual facility or project from Cleanview's public geocoded U.S. data-center inventory.
FO Permian Partners Data Center,,Planned,Planned,Publicly tracked data-center facility,150.0,150 MW,4.0,"Midland, TX",31.76912,-101.898,Public tracker coordinates,Comanche Peak,TX,243.6,2430.0,Cleanview public U.S. data-center tracker,https://cleanview.co/data-centers/us,Individual facility or project from Cleanview's public geocoded U.S. data-center inventory.
Stargate Abilene - Building 4,,Planned,Planned,Publicly tracked data-center facility,150.0,150 MW,4.0,"Taylor, TX",32.499016,-99.779895,Public tracker coordinates,Comanche Peak,TX,117.2,2430.0,Cleanview public U.S. data-center tracker,https://cleanview.co/data-centers/us,Individual facility or project from Cleanview's public geocoded U.S. data-center inventory.
Soluna Project Gladys,,Planned,Planned,Publicly tracked data-center facility,150.0,150 MW,4.0,"Nueces, TX",27.58049,-97.6401,Public tracker coordinates,South Texas Project,TX,128.2,2708.6,Cleanview public U.S. data-center tracker,https://cleanview.co/data-centers/us,Individual facility or project from Cleanview's public geocoded U.S. data-center inventory.
Stargate Abilene - Building 5,,Planned,Planned,Publicly tracked data-center facility,150.0,150 MW,4.0,"Taylor, TX",32.499043,-99.783032,Public tracker coordinates,Comanche Peak,TX,117.4,2430.0,Cleanview public U.S. data-center tracker,https://cleanview.co/data-centers/us,Individual facility or project from Cleanview's public geocoded U.S. data-center inventory.
Alcove Osawatomie Data Center,,Planned,Planned,Publicly tracked data-center facility,150.0,150 MW,4.0,"Miami, KS",38.516045,-94.931076,Public tracker coordinates,Wolf Creek Generating Station,KS,45.3,1296.3,Cleanview public U.S. data-center tracker,https://cleanview.co/data-centers/us,Individual facility or project from Cleanview's public geocoded U.S. data-center inventory.
"Core Scientific: Calvert 1, 2 & 3",,Operating,Operating,Publicly tracked data-center facility,150.0,150 MW,4.0,"Marshall, KY",37.05091085,-88.3937639,Public tracker coordinates,Browns Ferry,AL,177.2,3854.0,Cleanview public U.S. data-center tracker,https://cleanview.co/data-centers/us,Individual facility or project from Cleanview's public geocoded U.S. data-center inventory.
Stargate Abilene - Building 2,,Operating,Operating,Publicly tracked data-center facility,150.0,150 MW,4.0,"Taylor, TX",32.505137,-99.778199,Public tracker coordinates,Comanche Peak,TX,117.1,2430.0,Cleanview public U.S. data-center tracker,https://cleanview.co/data-centers/us,Individual facility or project from Cleanview's public geocoded U.S. data-center inventory.
Scannell Monticello Data Center,,Planned,Planned,Publicly tracked data-center facility,150.0,150 MW,4.0,"Wright, MN",45.29618861,-93.82621236,Public tracker coordinates,Monticello Nuclear Facility,MN,2.8,685.0,Cleanview public U.S. data-center tracker,https://cleanview.co/data-centers/us,Individual facility or project from Cleanview's public geocoded U.S. data-center inventory.
Council Bluffs Southlands - Building 1,,Operating,Operating,Publicly tracked data-center facility,148.5,148 MW,4.0,"Pottawattamie, IA",41.177481,-95.803341,Public tracker coordinates,Cooper Nuclear Station,NE,56.9,801.0,Cleanview public U.S. data-center tracker,https://cleanview.co/data-centers/us,Individual facility or project from Cleanview's public geocoded U.S. data-center inventory.
Google Lenoir - Building 3,,Operating,Operating,Publicly tracked data-center facility,148.0,148 MW,4.0,"Caldwell, NC",35.891916,-81.547653,Public tracker coordinates,McGuire,NC,46.2,2440.6,Cleanview public U.S. data-center tracker,https://cleanview.co/data-centers/us,Individual facility or project from Cleanview's public geocoded U.S. data-center inventory.
Sterling Data Center (Menlo Digital),,Planned,Planned,Publicly tracked data-center facility,144.0,144 MW,4.0,"Loudoun, VA",39.000881,-77.446457,Public tracker coordinates,Calvert Cliffs Nuclear Power Plant,MD,66.8,1850.4,Cleanview public U.S. data-center tracker,https://cleanview.co/data-centers/us,Individual facility or project from Cleanview's public geocoded U.S. data-center inventory.
Aligned IAD03,,Operating,Operating,Publicly tracked data-center facility,143.1,143 MW,4.0,"Loudoun, VA",38.988621,-77.440752,Public tracker coordinates,Calvert Cliffs Nuclear Power Plant,MD,66.1,1850.4,Cleanview public U.S. data-center tracker,https://cleanview.co/data-centers/us,Individual facility or project from Cleanview's public geocoded U.S. data-center inventory.
Core Scientific: Dalton 3,,Operating,Operating,Publicly tracked data-center facility,142.0,142 MW,4.0,"Whiefield, GA",34.70051551,-84.95049086,Public tracker coordinates,Sequoyah,TN,37.2,2441.0,Cleanview public U.S. data-center tracker,https://cleanview.co/data-centers/us,Individual facility or project from Cleanview's public geocoded U.S. data-center inventory.
Polaris Forge 1 - Building 1,,Operating,Operating,Publicly tracked data-center facility,140.0,140 MW,4.0,"Dickey, ND",46.014988,-98.572407,Public tracker coordinates,Monticello Nuclear Facility,MN,232.8,685.0,Cleanview public U.S. data-center tracker,https://cleanview.co/data-centers/us,Individual facility or project from Cleanview's public geocoded U.S. data-center inventory.
Google Mica - Building 4,,Planned,Planned,Publicly tracked data-center facility,140.0,140 MW,4.0,"Clay, MO",39.31398,-94.573232,Public tracker coordinates,Cooper Nuclear Station,NE,92.0,801.0,Cleanview public U.S. data-center tracker,https://cleanview.co/data-centers/us,Individual facility or project from Cleanview's public geocoded U.S. data-center inventory.
Polaris Forge 2 - Building 2,,Planned,Planned,Publicly tracked data-center facility,140.0,140 MW,4.0,"Cass, ND",46.967714,-96.855998,Public tracker coordinates,Monticello Nuclear Facility,MN,182.9,685.0,Cleanview public U.S. data-center tracker,https://cleanview.co/data-centers/us,Individual facility or project from Cleanview's public geocoded U.S. data-center inventory.
Google Mica - Building 3,,Planned,Planned,Publicly tracked data-center facility,140.0,140 MW,4.0,"Clay, MO",39.31653,-94.577225,Public tracker coordinates,Cooper Nuclear Station,NE,91.7,801.0,Cleanview public U.S. data-center tracker,https://cleanview.co/data-centers/us,Individual facility or project from Cleanview's public geocoded U.S. data-center inventory.
Google Mica - Building 2,,Planned,Planned,Publicly tracked data-center facility,140.0,140 MW,4.0,"Clay, MO",39.320575,-94.577162,Public tracker coordinates,Cooper Nuclear Station,NE,91.5,801.0,Cleanview public U.S. data-center tracker,https://cleanview.co/data-centers/us,Individual facility or project from Cleanview's public geocoded U.S. data-center inventory.
Meta Rosemount - Building 2,,Operating,Operating,Publicly tracked data-center facility,140.0,140 MW,4.0,"Dakota, MN",44.734508,-93.064881,Public tracker coordinates,Prairie Island,MN,22.6,1186.2,Cleanview public U.S. data-center tracker,https://cleanview.co/data-centers/us,Individual facility or project from Cleanview's public geocoded U.S. data-center inventory.
Polaris Forge 2 - Building 1,,Planned,Planned,Publicly tracked data-center facility,140.0,140 MW,4.0,"Cass, ND",46.965638,-96.855871,Public tracker coordinates,Monticello Nuclear Facility,MN,182.8,685.0,Cleanview public U.S. data-center tracker,https://cleanview.co/data-centers/us,Individual facility or project from Cleanview's public geocoded U.S. data-center inventory.
Google Mica - Building 1,,Planned,Planned,Publicly tracked data-center facility,140.0,140 MW,4.0,"Clay, MO",39.323051,-94.57282,Public tracker coordinates,Cooper Nuclear Station,NE,91.5,801.0,Cleanview public U.S. data-center tracker,https://cleanview.co/data-centers/us,Individual facility or project from Cleanview's public geocoded U.S. data-center inventory.
Niagara Digital Campus,,Planned,Planned,Publicly tracked data-center facility,140.0,140 MW,4.0,"Niagara, NY",43.084515,-79.05135,Public tracker coordinates,R E Ginna Nuclear Power Plant,NY,88.7,614.0,Cleanview public U.S. data-center tracker,https://cleanview.co/data-centers/us,Individual facility or project from Cleanview's public geocoded U.S. data-center inventory.
Google Mica - Building 5,,Planned,Planned,Publicly tracked data-center facility,140.0,140 MW,4.0,"Clay, MO",39.316824,-94.570856,Public tracker coordinates,Cooper Nuclear Station,NE,91.9,801.0,Cleanview public U.S. data-center tracker,https://cleanview.co/data-centers/us,Individual facility or project from Cleanview's public geocoded U.S. data-center inventory.
Mesa - Building 2,,Planned,Planned,Publicly tracked data-center facility,138.0,138 MW,4.0,"Maricopa, AZ",33.3532,-111.6739,Public tracker coordinates,Palo Verde,AZ,68.6,4209.6,Cleanview public U.S. data-center tracker,https://cleanview.co/data-centers/us,Individual facility or project from Cleanview's public geocoded U.S. data-center inventory.
Mesa - Building 3,,Planned,Planned,Publicly tracked data-center facility,138.0,138 MW,4.0,"Maricopa, AZ",33.356502,-111.672859,Public tracker coordinates,Palo Verde,AZ,68.6,4209.6,Cleanview public U.S. data-center tracker,https://cleanview.co/data-centers/us,Individual facility or project from Cleanview's public geocoded U.S. data-center inventory.
Mesa - Building 1,,Operating,Operating,Publicly tracked data-center facility,138.0,138 MW,4.0,"Maricopa, AZ",33.35318,-111.67808,Public tracker coordinates,Palo Verde,AZ,68.3,4209.6,Cleanview public U.S. data-center tracker,https://cleanview.co/data-centers/us,Individual facility or project from Cleanview's public geocoded U.S. data-center inventory.
Google Michigan City - Building 1,,Planned,Planned,Publicly tracked data-center facility,137.5,138 MW,4.0,"LaPorte, IN",41.71352985,-86.84278867,Public tracker coordinates,Donald C Cook,MI,23.1,2285.3,Cleanview public U.S. data-center tracker,https://cleanview.co/data-centers/us,Individual facility or project from Cleanview's public geocoded U.S. data-center inventory.
QTS Cedar Rapids - Building 7,,Planned,Planned,Publicly tracked data-center facility,137.1,137 MW,4.0,"Linn, IA",41.90956,-91.72794,Public tracker coordinates,Quad Cities Generating Station,IL,74.1,2018.6,Cleanview public U.S. data-center tracker,https://cleanview.co/data-centers/us,Individual facility or project from Cleanview's public geocoded U.S. data-center inventory.
NTT Gainesville VA12,,Planned,Planned,Publicly tracked data-center facility,134.4,134 MW,4.0,"Prince William, VA",38.80102398813513,-77.61272771736844,Public tracker coordinates,North Anna,VA,52.1,1959.4,Cleanview public U.S. data-center tracker,https://cleanview.co/data-centers/us,Individual facility or project from Cleanview's public geocoded U.S. data-center inventory.
NTT Gainesville VA11,,Planned,Planned,Publicly tracked data-center facility,134.4,134 MW,4.0,"Prince William, VA",38.80044939977437,-77.61133498942738,Public tracker coordinates,North Anna,VA,52.1,1959.4,Cleanview public U.S. data-center tracker,https://cleanview.co/data-centers/us,Individual facility or project from Cleanview's public geocoded U.S. data-center inventory.
Goodnight - Building 2,,Planned,Planned,Publicly tracked data-center facility,132.5,132 MW,4.0,"Armstrong, TX",35.01964,-101.301,Public tracker coordinates,Comanche Peak,TX,276.1,2430.0,Cleanview public U.S. data-center tracker,https://cleanview.co/data-centers/us,Individual facility or project from Cleanview's public geocoded U.S. data-center inventory.
Goodnight - Building 1,,Planned,Planned,Publicly tracked data-center facility,132.5,132 MW,4.0,"Armstrong, TX",35.01965,-101.30429,Public tracker coordinates,Comanche Peak,TX,276.2,2430.0,Cleanview public U.S. data-center tracker,https://cleanview.co/data-centers/us,Individual facility or project from Cleanview's public geocoded U.S. data-center inventory.
Tahoe Reno 1,,Operating,Operating,Publicly tracked data-center facility,130.0,130 MW,4.0,"Storey, NV",39.5141083,-119.4736264,Public tracker coordinates,Diablo Canyon,CA,306.8,2323.0,Cleanview public U.S. data-center tracker,https://cleanview.co/data-centers/us,Individual facility or project from Cleanview's public geocoded U.S. data-center inventory.
Meta Papillion - Building 9,,Operating,Operating,Publicly tracked data-center facility,130.0,130 MW,4.0,"Sarpy, NE",41.10621829966499,-96.1443432897869,Public tracker coordinates,Cooper Nuclear Station,NE,57.7,801.0,Cleanview public U.S. data-center tracker,https://cleanview.co/data-centers/us,Individual facility or project from Cleanview's public geocoded U.S. data-center inventory.
Google Leesburg - Building 3,,Operating,Operating,Publicly tracked data-center facility,128.7,129 MW,4.0,"Loudoun, VA",39.05117,-77.53471,Public tracker coordinates,North Anna,VA,69.9,1959.4,Cleanview public U.S. data-center tracker,https://cleanview.co/data-centers/us,Individual facility or project from Cleanview's public geocoded U.S. data-center inventory.
Google Leesburg - Building 1,,Operating,Operating,Publicly tracked data-center facility,128.6,129 MW,4.0,"Loudoun, VA",39.052612,-77.539577,Public tracker coordinates,North Anna,VA,69.9,1959.4,Cleanview public U.S. data-center tracker,https://cleanview.co/data-centers/us,Individual facility or project from Cleanview's public geocoded U.S. data-center inventory.
Google Leesburg - Building 2,,Operating,Operating,Publicly tracked data-center facility,128.6,129 MW,4.0,"Loudoun, VA",39.05059,-77.540029,Public tracker coordinates,North Anna,VA,69.8,1959.4,Cleanview public U.S. data-center tracker,https://cleanview.co/data-centers/us,Individual facility or project from Cleanview's public geocoded U.S. data-center inventory.
Sentinel Ashburn - Building 1,,Planned,Planned,Publicly tracked data-center facility,128.0,128 MW,4.0,"Loudoun, VA",38.995987,-77.459719,Public tracker coordinates,North Anna,VA,67.1,1959.4,Cleanview public U.S. data-center tracker,https://cleanview.co/data-centers/us,Individual facility or project from Cleanview's public geocoded U.S. data-center inventory.
Sentinel Ashburn - Building 2,,Planned,Planned,Publicly tracked data-center facility,128.0,128 MW,4.0,"Loudoun, VA",38.995079,-77.461736,Public tracker coordinates,North Anna,VA,67.0,1959.4,Cleanview public U.S. data-center tracker,https://cleanview.co/data-centers/us,Individual facility or project from Cleanview's public geocoded U.S. data-center inventory.
QTS Chicago,,Operating,Operating,Publicly tracked data-center facility,125.0,125 MW,4.0,"Cook, IL",41.84217943,-87.66924969,Public tracker coordinates,Dresden Generating Station,IL,44.0,2018.6,Cleanview public U.S. data-center tracker,https://cleanview.co/data-centers/us,Individual facility or project from Cleanview's public geocoded U.S. data-center inventory.
Vantage VA2,,Operating,Operating,Publicly tracked data-center facility,124.8,125 MW,4.0,"Loudoun, VA",38.99755934,-77.43040025,Public tracker coordinates,Calvert Cliffs Nuclear Power Plant,MD,66.0,1850.4,Cleanview public U.S. data-center tracker,https://cleanview.co/data-centers/us,Individual facility or project from Cleanview's public geocoded U.S. data-center inventory.
AWS IAD 870 Turner Court - Building 1,,Planned,Planned,Publicly tracked data-center facility,123.8,124 MW,4.0,"Spotsylvania, VA",38.222306,-77.475623,Public tracker coordinates,North Anna,VA,20.4,1959.4,Cleanview public U.S. data-center tracker,https://cleanview.co/data-centers/us,Individual facility or project from Cleanview's public geocoded U.S. data-center inventory.
AWS IAD 870 Turner Court - Building 2,,Planned,Planned,Publicly tracked data-center facility,123.8,124 MW,4.0,"Spotsylvania, VA",38.221671,-77.477714,Public tracker coordinates,North Anna,VA,20.3,1959.4,Cleanview public U.S. data-center tracker,https://cleanview.co/data-centers/us,Individual facility or project from Cleanview's public geocoded U.S. data-center inventory.
AWS IAD 870 Turner Court - Building 3,,Planned,Planned,Publicly tracked data-center facility,123.8,124 MW,4.0,"Spotsylvania, VA",38.220451,-77.477508,Public tracker coordinates,North Anna,VA,20.3,1959.4,Cleanview public U.S. data-center tracker,https://cleanview.co/data-centers/us,Individual facility or project from Cleanview's public geocoded U.S. data-center inventory.
AWS IAD 870 Turner Court - Building 4,,Planned,Planned,Publicly tracked data-center facility,123.8,124 MW,4.0,"Spotsylvania, VA",38.219194,-77.477603,Public tracker coordinates,North Anna,VA,20.2,1959.4,Cleanview public U.S. data-center tracker,https://cleanview.co/data-centers/us,Individual facility or project from Cleanview's public geocoded U.S. data-center inventory.
Google Moncks Corner - Building 4,,Operating,Operating,Publicly tracked data-center facility,121.0,121 MW,4.0,"Berkeley, SC",33.0621074,-80.0449471,Public tracker coordinates,H B Robinson,SC,92.8,768.6,Cleanview public U.S. data-center tracker,https://cleanview.co/data-centers/us,Individual facility or project from Cleanview's public geocoded U.S. data-center inventory.
DC Blox ATL West - Building 3,,Planned,Planned,Publicly tracked data-center facility,120.0,120 MW,4.0,"Douglas County, GA",33.7348,-84.610078,Public tracker coordinates,Sequoyah,TN,106.7,2441.0,Cleanview public U.S. data-center tracker,https://cleanview.co/data-centers/us,Individual facility or project from Cleanview's public geocoded U.S. data-center inventory.
DC Blox ATL West - Building 2,,Planned,Planned,Publicly tracked data-center facility,120.0,120 MW,4.0,"Douglas County, GA",33.733462,-84.614834,Public tracker coordinates,Sequoyah,TN,106.7,2441.0,Cleanview public U.S. data-center tracker,https://cleanview.co/data-centers/us,Individual facility or project from Cleanview's public geocoded U.S. data-center inventory.
Soluna Project Hedy,,Planned,Planned,Publicly tracked data-center facility,120.0,120 MW,4.0,"Willacy, TX",26.32319,-97.585,Public tracker coordinates,South Texas Project,TX,195.0,2708.6,Cleanview public U.S. data-center tracker,https://cleanview.co/data-centers/us,Individual facility or project from Cleanview's public geocoded U.S. data-center inventory.
Archer: Minneapolis Campus,,Planned,Planned,Publicly tracked data-center facility,120.0,120 MW,4.0,"Rice, MN",44.36566732,-93.28652587,Public tracker coordinates,Prairie Island,MN,36.7,1186.2,Cleanview public U.S. data-center tracker,https://cleanview.co/data-centers/us,Individual facility or project from Cleanview's public geocoded U.S. data-center inventory.
Armory Innovation District,,Planned,Planned,Publicly tracked data-center facility,120.0,120 MW,4.0,"St. Louis (City), MO",38.63223,-90.23908,Public tracker coordinates,Callaway,MO,83.5,1235.8,Cleanview public U.S. data-center tracker,https://cleanview.co/data-centers/us,Individual facility or project from Cleanview's public geocoded U.S. data-center inventory.
West Jordan Campus - Phase 1,,Operating,Operating,Publicly tracked data-center facility,120.0,120 MW,4.0,"Salt Lake, UT",40.5757525,-112.0469697,Public tracker coordinates,Palo Verde,AZ,498.6,4209.6,Cleanview public U.S. data-center tracker,https://cleanview.co/data-centers/us,Individual facility or project from Cleanview's public geocoded U.S. data-center inventory.
EdgeConneX New Albany - Phase 1,,Planned,Planned,Publicly tracked data-center facility,120.0,120 MW,4.0,"Licking, OH",40.0877,-82.7224,Public tracker coordinates,Davis Besse,OH,106.0,925.2,Cleanview public U.S. data-center tracker,https://cleanview.co/data-centers/us,Individual facility or project from Cleanview's public geocoded U.S. data-center inventory.
QTS East Windsor,,Operating,Operating,Publicly tracked data-center facility,119.0,119 MW,4.0,"Mercer, NJ",40.2777337,-74.5478003,Public tracker coordinates,Limerick,PA,54.9,2277.0,Cleanview public U.S. data-center tracker,https://cleanview.co/data-centers/us,Individual facility or project from Cleanview's public geocoded U.S. data-center inventory.
Digital Realty PDX12,,Operating,Operating,Publicly tracked data-center facility,118.5,118 MW,4.0,"Washington, OR",45.56851,-122.9199,Public tracker coordinates,Columbia Generating Station,WA,183.0,1200.0,Cleanview public U.S. data-center tracker,https://cleanview.co/data-centers/us,Individual facility or project from Cleanview's public geocoded U.S. data-center inventory.
Google Springboard - Building 1,,Planned,Planned,Publicly tracked data-center facility,118.0,118 MW,4.0,"Muskogee, OK",35.590738,-95.648832,Public tracker coordinates,Arkansas Nuclear One,AR,137.2,1845.0,Cleanview public U.S. data-center tracker,https://cleanview.co/data-centers/us,Individual facility or project from Cleanview's public geocoded U.S. data-center inventory.
Google Springboard - Building 2,,Planned,Planned,Publicly tracked data-center facility,118.0,118 MW,4.0,"Muskogee, OK",35.590146,-95.645283,Public tracker coordinates,Arkansas Nuclear One,AR,137.0,1845.0,Cleanview public U.S. data-center tracker,https://cleanview.co/data-centers/us,Individual facility or project from Cleanview's public geocoded U.S. data-center inventory.
Google Springboard - Building 4,,Planned,Planned,Publicly tracked data-center facility,118.0,118 MW,4.0,"Muskogee, OK",35.584476,-95.656279,Public tracker coordinates,Arkansas Nuclear One,AR,137.6,1845.0,Cleanview public U.S. data-center tracker,https://cleanview.co/data-centers/us,Individual facility or project from Cleanview's public geocoded U.S. data-center inventory.
The Dalles - Building 4,,Operating,Operating,Publicly tracked data-center facility,118.0,118 MW,4.0,"Wasco, OR",45.6379811,-121.2024481,Public tracker coordinates,Columbia Generating Station,WA,106.5,1200.0,Cleanview public U.S. data-center tracker,https://cleanview.co/data-centers/us,Individual facility or project from Cleanview's public geocoded U.S. data-center inventory.
Google Springboard - Building 3,,Planned,Planned,Publicly tracked data-center facility,118.0,118 MW,4.0,"Muskogee, OK",35.585533,-95.645441,Public tracker coordinates,Arkansas Nuclear One,AR,137.0,1845.0,Cleanview public U.S. data-center tracker,https://cleanview.co/data-centers/us,Individual facility or project from Cleanview's public geocoded U.S. data-center inventory.
CloudHQ MDC3,,Planned,Planned,Publicly tracked data-center facility,117.6,118 MW,4.0,"Prince William, VA",38.73377,-77.51167,Public tracker coordinates,North Anna,VA,48.9,1959.4,Cleanview public U.S. data-center tracker,https://cleanview.co/data-centers/us,Individual facility or project from Cleanview's public geocoded U.S. data-center inventory.
NTT Gainesville VA10,,Operating,Operating,Publicly tracked data-center facility,117.6,118 MW,4.0,"Prince William, VA",38.79981805288792,-77.61000566451116,Public tracker coordinates,North Anna,VA,52.0,1959.4,Cleanview public U.S. data-center tracker,https://cleanview.co/data-centers/us,Individual facility or project from Cleanview's public geocoded U.S. data-center inventory.
CloudHQ MDC2,,Planned,Planned,Publicly tracked data-center facility,117.6,118 MW,4.0,"Prince William, VA",38.73229,-77.50981,Public tracker coordinates,North Anna,VA,48.9,1959.4,Cleanview public U.S. data-center tracker,https://cleanview.co/data-centers/us,Individual facility or project from Cleanview's public geocoded U.S. data-center inventory.
CloudHQ MDC1,,Planned,Planned,Publicly tracked data-center facility,117.6,118 MW,4.0,"Prince William, VA",38.73077,-77.50814,Public tracker coordinates,North Anna,VA,48.8,1959.4,Cleanview public U.S. data-center tracker,https://cleanview.co/data-centers/us,Individual facility or project from Cleanview's public geocoded U.S. data-center inventory.
Google Scissortail - Building 1,,Planned,Planned,Publicly tracked data-center facility,116.0,116 MW,4.0,"Muskogee, OK",35.694416,-95.39664,Public tracker coordinates,Arkansas Nuclear One,AR,124.4,1845.0,Cleanview public U.S. data-center tracker,https://cleanview.co/data-centers/us,Individual facility or project from Cleanview's public geocoded U.S. data-center inventory.
Google Scissortail - Building 2,,Planned,Planned,Publicly tracked data-center facility,116.0,116 MW,4.0,"Muskogee, OK",35.691521,-95.398985,Public tracker coordinates,Arkansas Nuclear One,AR,124.5,1845.0,Cleanview public U.S. data-center tracker,https://cleanview.co/data-centers/us,Individual facility or project from Cleanview's public geocoded U.S. data-center inventory.
Papillion - Building 3,,Operating,Operating,Publicly tracked data-center facility,115.5,116 MW,4.0,"Sarpy, NE",41.13439,-96.15591,Public tracker coordinates,Cooper Nuclear Station,NE,59.7,801.0,Cleanview public U.S. data-center tracker,https://cleanview.co/data-centers/us,Individual facility or project from Cleanview's public geocoded U.S. data-center inventory.
Papillion - Building 4,,Operating,Operating,Publicly tracked data-center facility,115.5,116 MW,4.0,"Sarpy, NE",41.13791,-96.15143,Public tracker coordinates,Cooper Nuclear Station,NE,59.9,801.0,Cleanview public U.S. data-center tracker,https://cleanview.co/data-centers/us,Individual facility or project from Cleanview's public geocoded U.S. data-center inventory.
EdgeConneX PHX11,,Planned,Planned,Publicly tracked data-center facility,115.0,115 MW,4.0,"Maricopa, AZ",33.35207242,-111.6498391,Public tracker coordinates,Palo Verde,AZ,70.0,4209.6,Cleanview public U.S. data-center tracker,https://cleanview.co/data-centers/us,Individual facility or project from Cleanview's public geocoded U.S. data-center inventory.
Bogle Drive Data Center Facility,,Planned,Planned,Publicly tracked data-center facility,114.8,115 MW,4.0,"Fairfax, VA",38.894118,-77.462462,Public tracker coordinates,North Anna,VA,60.3,1959.4,Cleanview public U.S. data-center tracker,https://cleanview.co/data-centers/us,Individual facility or project from Cleanview's public geocoded U.S. data-center inventory.
Columbus - Building 4,,Operating,Operating,Publicly tracked data-center facility,114.4,114 MW,4.0,"Franklin, OH",39.849,-82.99966,Public tracker coordinates,Davis Besse,OH,120.8,925.2,Cleanview public U.S. data-center tracker,https://cleanview.co/data-centers/us,Individual facility or project from Cleanview's public geocoded U.S. data-center inventory.
Columbus - Building 3,,Operating,Operating,Publicly tracked data-center facility,114.4,114 MW,4.0,"Franklin, OH",39.8462,-82.99917,Public tracker coordinates,Davis Besse,OH,121.0,925.2,Cleanview public U.S. data-center tracker,https://cleanview.co/data-centers/us,Individual facility or project from Cleanview's public geocoded U.S. data-center inventory.
Papillion - Building 2,,Operating,Operating,Publicly tracked data-center facility,113.8,114 MW,4.0,"Sarpy, NE",41.13492,-96.14407,Public tracker coordinates,Cooper Nuclear Station,NE,59.5,801.0,Cleanview public U.S. data-center tracker,https://cleanview.co/data-centers/us,Individual facility or project from Cleanview's public geocoded U.S. data-center inventory.
Corscale Kincora VA2,,Planned,Planned,Publicly tracked data-center facility,112.0,112 MW,4.0,"Loudoun, VA",39.0377072,-77.43347908,Public tracker coordinates,Calvert Cliffs Nuclear Power Plant,MD,67.8,1850.4,Cleanview public U.S. data-center tracker,https://cleanview.co/data-centers/us,Individual facility or project from Cleanview's public geocoded U.S. data-center inventory.
QTS Piscataway,,Operating,Operating,Publicly tracked data-center facility,110.5,110 MW,4.0,"Middlesex, NJ",40.5569548,-74.4841745,Public tracker coordinates,Limerick,PA,62.4,2277.0,Cleanview public U.S. data-center tracker,https://cleanview.co/data-centers/us,Individual facility or project from Cleanview's public geocoded U.S. data-center inventory.
Google Stillwater - Building 3,,Planned,Planned,Publicly tracked data-center facility,110.0,110 MW,4.0,"Payne, OK",36.164553,-97.044729,Public tracker coordinates,Wolf Creek Generating Station,KS,161.6,1296.3,Cleanview public U.S. data-center tracker,https://cleanview.co/data-centers/us,Individual facility or project from Cleanview's public geocoded U.S. data-center inventory.
Google Stillwater - Building 6,,Planned,Planned,Publicly tracked data-center facility,110.0,110 MW,4.0,"Payne, OK",36.170953,-97.048085,Public tracker coordinates,Wolf Creek Generating Station,KS,161.3,1296.3,Cleanview public U.S. data-center tracker,https://cleanview.co/data-centers/us,Individual facility or project from Cleanview's public geocoded U.S. data-center inventory.
Google Stillwater - Building 5,,Planned,Planned,Publicly tracked data-center facility,110.0,110 MW,4.0,"Payne, OK",36.171044,-97.044166,Public tracker coordinates,Wolf Creek Generating Station,KS,161.2,1296.3,Cleanview public U.S. data-center tracker,https://cleanview.co/data-centers/us,Individual facility or project from Cleanview's public geocoded U.S. data-center inventory.
Google Stillwater - Building 4,,Planned,Planned,Publicly tracked data-center facility,110.0,110 MW,4.0,"Payne, OK",36.168244,-97.044189,Public tracker coordinates,Wolf Creek Generating Station,KS,161.3,1296.3,Cleanview public U.S. data-center tracker,https://cleanview.co/data-centers/us,Individual facility or project from Cleanview's public geocoded U.S. data-center inventory.
Google Stillwater - Building 2,,Planned,Planned,Publicly tracked data-center facility,110.0,110 MW,4.0,"Payne, OK",36.167589,-97.037792,Public tracker coordinates,Wolf Creek Generating Station,KS,161.2,1296.3,Cleanview public U.S. data-center tracker,https://cleanview.co/data-centers/us,Individual facility or project from Cleanview's public geocoded U.S. data-center inventory.
Google Stillwater - Building 1,,Planned,Planned,Publicly tracked data-center facility,110.0,110 MW,4.0,"Payne, OK",36.171644,-97.03768,Public tracker coordinates,Wolf Creek Generating Station,KS,161.0,1296.3,Cleanview public U.S. data-center tracker,https://cleanview.co/data-centers/us,Individual facility or project from Cleanview's public geocoded U.S. data-center inventory.
Columbus - Building 5,,Planned,Planned,Publicly tracked data-center facility,110.0,110 MW,4.0,"Franklin, OH",39.851989,-83.000248,Public tracker coordinates,Davis Besse,OH,120.6,925.2,Cleanview public U.S. data-center tracker,https://cleanview.co/data-centers/us,Individual facility or project from Cleanview's public geocoded U.S. data-center inventory.
Meta Aiken - Building 1,,Planned,Planned,Publicly tracked data-center facility,109.0,109 MW,4.0,"Aiken, SC",33.643472,-81.841112,Public tracker coordinates,Vogtle,GA,34.9,4658.0,Cleanview public U.S. data-center tracker,https://cleanview.co/data-centers/us,Individual facility or project from Cleanview's public geocoded U.S. data-center inventory.
Serverfarm Covington,,Planned,Planned,Publicly tracked data-center facility,109.0,109 MW,4.0,"Newton, GA",33.6,-83.86,Public tracker coordinates,Oconee,SC,99.1,2666.7,Cleanview public U.S. data-center tracker,https://cleanview.co/data-centers/us,Individual facility or project from Cleanview's public geocoded U.S. data-center inventory.
Meta Bowling Green - Building 1,,Planned,Planned,Publicly tracked data-center facility,109.0,109 MW,4.0,"Wood, OH",41.468137,-83.636337,Public tracker coordinates,Davis Besse,OH,29.8,925.2,Cleanview public U.S. data-center tracker,https://cleanview.co/data-centers/us,Individual facility or project from Cleanview's public geocoded U.S. data-center inventory.
Meta Cheyenne - Building 1,,Planned,Planned,Publicly tracked data-center facility,109.0,109 MW,4.0,"Laramie, WY",41.077122,-104.823329,Public tracker coordinates,Cooper Nuclear Station,NE,483.2,801.0,Cleanview public U.S. data-center tracker,https://cleanview.co/data-centers/us,Individual facility or project from Cleanview's public geocoded U.S. data-center inventory.
AWS IAD-170 Reeds Farm,,Planned,Planned,Publicly tracked data-center facility,108.7,109 MW,4.0,"Loudoun, VA",38.94445015,-77.54935793,Public tracker coordinates,North Anna,VA,62.5,1959.4,Cleanview public U.S. data-center tracker,https://cleanview.co/data-centers/us,Individual facility or project from Cleanview's public geocoded U.S. data-center inventory.
MMM Acquisitions Data Center,,Planned,Planned,Publicly tracked data-center facility,108.0,108 MW,4.0,"Cobb, GA",33.99430576,-84.55411302,Public tracker coordinates,Sequoyah,TN,90.5,2441.0,Cleanview public U.S. data-center tracker,https://cleanview.co/data-centers/us,Individual facility or project from Cleanview's public geocoded U.S. data-center inventory.
Phoenix - El Mirage,,Planned,Planned,Publicly tracked data-center facility,108.0,108 MW,4.0,"Maricopa, AZ",33.580068,-112.339999,Public tracker coordinates,Palo Verde,AZ,32.9,4209.6,Cleanview public U.S. data-center tracker,https://cleanview.co/data-centers/us,Individual facility or project from Cleanview's public geocoded U.S. data-center inventory.
EdgeConneX ATL13,,Planned,Planned,Publicly tracked data-center facility,108.0,108 MW,4.0,"Fulton County, GA",33.6250759,-84.5597792,Public tracker coordinates,Sequoyah,TN,114.7,2441.0,Cleanview public U.S. data-center tracker,https://cleanview.co/data-centers/us,Individual facility or project from Cleanview's public geocoded U.S. data-center inventory.
Meta Jeffersonville - Building 1,,Operating,Operating,Publicly tracked data-center facility,108.0,108 MW,4.0,"Clark, IN",38.370164,-85.665871,Public tracker coordinates,Watts Bar Nuclear Plant,TN,197.3,2539.8,Cleanview public U.S. data-center tracker,https://cleanview.co/data-centers/us,Individual facility or project from Cleanview's public geocoded U.S. data-center inventory.
EdgeConneX ATL11,,Operating,Operating,Publicly tracked data-center facility,108.0,108 MW,4.0,"Fulton County, GA",33.6269956,-84.5569271,Public tracker coordinates,Sequoyah,TN,114.7,2441.0,Cleanview public U.S. data-center tracker,https://cleanview.co/data-centers/us,Individual facility or project from Cleanview's public geocoded U.S. data-center inventory.
EdgeConneX ATL12,,Planned,Planned,Publicly tracked data-center facility,108.0,108 MW,4.0,"Fulton County, GA",33.6250759,-84.5571965,Public tracker coordinates,Sequoyah,TN,114.8,2441.0,Cleanview public U.S. data-center tracker,https://cleanview.co/data-centers/us,Individual facility or project from Cleanview's public geocoded U.S. data-center inventory.
The Dalles - Building 6,,Operating,Operating,Publicly tracked data-center facility,108.0,108 MW,4.0,"Wasco, OR",45.6231958,-121.2066293,Public tracker coordinates,Columbia Generating Station,WA,107.2,1200.0,Cleanview public U.S. data-center tracker,https://cleanview.co/data-centers/us,Individual facility or project from Cleanview's public geocoded U.S. data-center inventory.
Aligned IAD01,,Operating,Operating,Publicly tracked data-center facility,107.9,108 MW,4.0,"Loudoun, VA",39.01362,-77.470578,Public tracker coordinates,North Anna,VA,68.1,1959.4,Cleanview public U.S. data-center tracker,https://cleanview.co/data-centers/us,Individual facility or project from Cleanview's public geocoded U.S. data-center inventory.
Red Oak - Building 1,,Operating,Operating,Publicly tracked data-center facility,107.3,107 MW,4.0,"Ellis, TX",32.53899,-96.79306,Public tracker coordinates,Comanche Peak,TX,60.2,2430.0,Cleanview public U.S. data-center tracker,https://cleanview.co/data-centers/us,Individual facility or project from Cleanview's public geocoded U.S. data-center inventory.
Council Bluffs Southlands - Building 3,,Operating,Operating,Publicly tracked data-center facility,107.0,107 MW,4.0,"Pottawattamie, IA",41.172662,-95.802612,Public tracker coordinates,Cooper Nuclear Station,NE,56.6,801.0,Cleanview public U.S. data-center tracker,https://cleanview.co/data-centers/us,Individual facility or project from Cleanview's public geocoded U.S. data-center inventory.
Digital Dulles - Building 9,,Planned,Planned,Publicly tracked data-center facility,106.4,106 MW,4.0,"Loudoun, VA",38.962479,-77.489886,Public tracker coordinates,North Anna,VA,64.4,1959.4,Cleanview public U.S. data-center tracker,https://cleanview.co/data-centers/us,Individual facility or project from Cleanview's public geocoded U.S. data-center inventory.
Digital Dulles - Building 4,,Planned,Planned,Publicly tracked data-center facility,106.4,106 MW,4.0,"Loudoun, VA",38.955407,-77.484197,Public tracker coordinates,North Anna,VA,64.0,1959.4,Cleanview public U.S. data-center tracker,https://cleanview.co/data-centers/us,Individual facility or project from Cleanview's public geocoded U.S. data-center inventory.
Digital Dulles - Building 3,,Planned,Planned,Publicly tracked data-center facility,106.4,106 MW,4.0,"Loudoun, VA",38.954902,-77.485908,Public tracker coordinates,North Anna,VA,64.0,1959.4,Cleanview public U.S. data-center tracker,https://cleanview.co/data-centers/us,Individual facility or project from Cleanview's public geocoded U.S. data-center inventory.
Digital Dulles - Building 1,,Planned,Planned,Publicly tracked data-center facility,106.4,106 MW,4.0,"Loudoun, VA",38.953768,-77.489933,Public tracker coordinates,North Anna,VA,63.8,1959.4,Cleanview public U.S. data-center tracker,https://cleanview.co/data-centers/us,Individual facility or project from Cleanview's public geocoded U.S. data-center inventory.
Digital Dulles - Building 13,,Planned,Planned,Publicly tracked data-center facility,106.4,106 MW,4.0,"Loudoun, VA",38.966336,-77.486907,Public tracker coordinates,North Anna,VA,64.7,1959.4,Cleanview public U.S. data-center tracker,https://cleanview.co/data-centers/us,Individual facility or project from Cleanview's public geocoded U.S. data-center inventory.
Digital Dulles - Building 7,,Operating,Operating,Publicly tracked data-center facility,106.4,106 MW,4.0,"Loudoun, VA",38.960791,-77.491407,Public tracker coordinates,North Anna,VA,64.3,1959.4,Cleanview public U.S. data-center tracker,https://cleanview.co/data-centers/us,Individual facility or project from Cleanview's public geocoded U.S. data-center inventory.
Digital Dulles - Building 5,,Planned,Planned,Publicly tracked data-center facility,106.4,106 MW,4.0,"Loudoun, VA",38.957858,-77.492003,Public tracker coordinates,North Anna,VA,64.1,1959.4,Cleanview public U.S. data-center tracker,https://cleanview.co/data-centers/us,Individual facility or project from Cleanview's public geocoded U.S. data-center inventory.
Digital Dulles - Building 12,,Planned,Planned,Publicly tracked data-center facility,106.4,106 MW,4.0,"Loudoun, VA",38.964414,-77.486796,Public tracker coordinates,North Anna,VA,64.6,1959.4,Cleanview public U.S. data-center tracker,https://cleanview.co/data-centers/us,Individual facility or project from Cleanview's public geocoded U.S. data-center inventory.
Digital Dulles - Building 11,,Planned,Planned,Publicly tracked data-center facility,106.4,106 MW,4.0,"Loudoun, VA",38.96195,-77.484403,Public tracker coordinates,North Anna,VA,64.5,1959.4,Cleanview public U.S. data-center tracker,https://cleanview.co/data-centers/us,Individual facility or project from Cleanview's public geocoded U.S. data-center inventory.
Digital Dulles - Building 10,,Planned,Planned,Publicly tracked data-center facility,106.4,106 MW,4.0,"Loudoun, VA",38.961703,-77.48678,Public tracker coordinates,North Anna,VA,64.4,1959.4,Cleanview public U.S. data-center tracker,https://cleanview.co/data-centers/us,Individual facility or project from Cleanview's public geocoded U.S. data-center inventory.
Meta Montgomery - Building 3,,Planned,Planned,Publicly tracked data-center facility,106.0,106 MW,4.0,"Montgomery, AL",32.268268,-86.328049,Public tracker coordinates,Joseph M Farley,AL,101.6,1776.4,Cleanview public U.S. data-center tracker,https://cleanview.co/data-centers/us,Individual facility or project from Cleanview's public geocoded U.S. data-center inventory.
Meta Montgomery - Building 2,,Operating,Operating,Publicly tracked data-center facility,106.0,106 MW,4.0,"Montgomery, AL",32.273321,-86.327869,Public tracker coordinates,Joseph M Farley,AL,101.8,1776.4,Cleanview public U.S. data-center tracker,https://cleanview.co/data-centers/us,Individual facility or project from Cleanview's public geocoded U.S. data-center inventory.
Applied Digital Jamestown Hosting,,Operating,Operating,Publicly tracked data-center facility,106.0,106 MW,4.0,"Stutsman, ND",47.0265,-98.683,Public tracker coordinates,Monticello Nuclear Facility,MN,259.1,685.0,Cleanview public U.S. data-center tracker,https://cleanview.co/data-centers/us,Individual facility or project from Cleanview's public geocoded U.S. data-center inventory.
CloudHQ MCC2,,Operating,Operating,Publicly tracked data-center facility,105.0,105 MW,4.0,"Prince William, VA",38.72327559117653,-77.49897169818051,Public tracker coordinates,North Anna,VA,48.5,1959.4,Cleanview public U.S. data-center tracker,https://cleanview.co/data-centers/us,Individual facility or project from Cleanview's public geocoded U.S. data-center inventory.
AWS IAD-668 Celtic Park Drive,,Planned,Planned,Publicly tracked data-center facility,104.9,105 MW,4.0,"Loudoun, VA",39.05593637,-77.54731995,Public tracker coordinates,North Anna,VA,70.0,1959.4,Cleanview public U.S. data-center tracker,https://cleanview.co/data-centers/us,Individual facility or project from Cleanview's public geocoded U.S. data-center inventory.
Equinix DC10,,Operating,Operating,Publicly tracked data-center facility,103.9,104 MW,4.0,"Loudoun, VA",39.021014,-77.451513,Public tracker coordinates,Calvert Cliffs Nuclear Power Plant,MD,67.9,1850.4,Cleanview public U.S. data-center tracker,https://cleanview.co/data-centers/us,Individual facility or project from Cleanview's public geocoded U.S. data-center inventory.
Digital Realty PDX11,,Operating,Operating,Publicly tracked data-center facility,103.5,104 MW,4.0,"Washington, OR",45.56795,-122.91677,Public tracker coordinates,Columbia Generating Station,WA,182.9,1200.0,Cleanview public U.S. data-center tracker,https://cleanview.co/data-centers/us,Individual facility or project from Cleanview's public geocoded U.S. data-center inventory.
Google Cedar Rapids - Building 5,,Planned,Planned,Publicly tracked data-center facility,103.3,103 MW,4.0,"Linn, IA",41.917185,-91.71682,Public tracker coordinates,Quad Cities Generating Station,IL,73.6,2018.6,Cleanview public U.S. data-center tracker,https://cleanview.co/data-centers/us,Individual facility or project from Cleanview's public geocoded U.S. data-center inventory.
Google Cedar Rapids - Building 4,,Planned,Planned,Publicly tracked data-center facility,103.3,103 MW,4.0,"Linn, IA",41.914267,-91.719306,Public tracker coordinates,Quad Cities Generating Station,IL,73.7,2018.6,Cleanview public U.S. data-center tracker,https://cleanview.co/data-centers/us,Individual facility or project from Cleanview's public geocoded U.S. data-center inventory.
Google Cedar Rapids - Building 3,,Planned,Planned,Publicly tracked data-center facility,103.3,103 MW,4.0,"Linn, IA",41.91698,-91.71951,Public tracker coordinates,Quad Cities Generating Station,IL,73.7,2018.6,Cleanview public U.S. data-center tracker,https://cleanview.co/data-centers/us,Individual facility or project from Cleanview's public geocoded U.S. data-center inventory.
Google Cedar Rapids - Building 6,,Planned,Planned,Publicly tracked data-center facility,103.3,103 MW,4.0,"Linn, IA",41.914344,-91.716879,Public tracker coordinates,Quad Cities Generating Station,IL,73.6,2018.6,Cleanview public U.S. data-center tracker,https://cleanview.co/data-centers/us,Individual facility or project from Cleanview's public geocoded U.S. data-center inventory.
Core Scientific: Marble 1,,Operating,Operating,Publicly tracked data-center facility,103.0,103 MW,4.0,"Cherokee, NC",35.1853864,-83.91627717,Public tracker coordinates,Watts Bar Nuclear Plant,TN,57.0,2539.8,Cleanview public U.S. data-center tracker,https://cleanview.co/data-centers/us,Individual facility or project from Cleanview's public geocoded U.S. data-center inventory.
Aligned ATL-01,,Operating,Operating,Publicly tracked data-center facility,102.5,102 MW,4.0,"Douglas County, GA",33.725958,-84.619575,Public tracker coordinates,Sequoyah,TN,107.1,2441.0,Cleanview public U.S. data-center tracker,https://cleanview.co/data-centers/us,Individual facility or project from Cleanview's public geocoded U.S. data-center inventory.
Google Scissortail - Building 3,,Planned,Planned,Publicly tracked data-center facility,102.0,102 MW,4.0,"Muskogee, OK",35.688084,-95.399024,Public tracker coordinates,Arkansas Nuclear One,AR,124.5,1845.0,Cleanview public U.S. data-center tracker,https://cleanview.co/data-centers/us,Individual facility or project from Cleanview's public geocoded U.S. data-center inventory.
Red Oak - Building 2,,Planned,Planned,Publicly tracked data-center facility,101.8,102 MW,4.0,"Ellis, TX",32.53629,-96.79295,Public tracker coordinates,Comanche Peak,TX,60.2,2430.0,Cleanview public U.S. data-center tracker,https://cleanview.co/data-centers/us,Individual facility or project from Cleanview's public geocoded U.S. data-center inventory.
Storey County - Building 1,,Operating,Operating,Publicly tracked data-center facility,101.3,101 MW,4.0,"Storey, NV",39.49634,-119.43365,Public tracker coordinates,Diablo Canyon,CA,306.2,2323.0,Cleanview public U.S. data-center tracker,https://cleanview.co/data-centers/us,Individual facility or project from Cleanview's public geocoded U.S. data-center inventory.
Stack NVA04B 22285 Lockridge Road,,Planned,Planned,Publicly tracked data-center facility,100.8,101 MW,4.0,"Loudoun, VA",39.00045,-77.46077,Public tracker coordinates,North Anna,VA,67.4,1959.4,Cleanview public U.S. data-center tracker,https://cleanview.co/data-centers/us,Individual facility or project from Cleanview's public geocoded U.S. data-center inventory.
Stack NVA04C 22295 Lockridge Road,,Planned,Planned,Publicly tracked data-center facility,100.8,101 MW,4.0,"Loudoun, VA",39.00166,-77.46084,Public tracker coordinates,North Anna,VA,67.4,1959.4,Cleanview public U.S. data-center tracker,https://cleanview.co/data-centers/us,Individual facility or project from Cleanview's public geocoded U.S. data-center inventory.
Stack NVA04A 22275 Lockridge Road,,Operating,Operating,Publicly tracked data-center facility,100.8,101 MW,4.0,"Loudoun, VA",38.99913,-77.46081,Public tracker coordinates,North Anna,VA,67.3,1959.4,Cleanview public U.S. data-center tracker,https://cleanview.co/data-centers/us,Individual facility or project from Cleanview's public geocoded U.S. data-center inventory.
Stack Loudoun County Campus - Building 2,,Planned,Planned,Publicly tracked data-center facility,100.8,101 MW,4.0,"Loudoun, VA",38.95943,-77.52846,Public tracker coordinates,North Anna,VA,63.7,1959.4,Cleanview public U.S. data-center tracker,https://cleanview.co/data-centers/us,Individual facility or project from Cleanview's public geocoded U.S. data-center inventory.
Stack Loudoun County Campus - Building 1,,Planned,Planned,Publicly tracked data-center facility,100.8,101 MW,4.0,"Loudoun, VA",38.9594,-77.535,Public tracker coordinates,North Anna,VA,63.6,1959.4,Cleanview public U.S. data-center tracker,https://cleanview.co/data-centers/us,Individual facility or project from Cleanview's public geocoded U.S. data-center inventory.
Corscale Gainesville Crossing GCDC1,,Operating,Operating,Publicly tracked data-center facility,100.8,101 MW,4.0,"Prince William, VA",38.80251062876824,-77.5823887783089,Public tracker coordinates,North Anna,VA,52.5,1959.4,Cleanview public U.S. data-center tracker,https://cleanview.co/data-centers/us,Individual facility or project from Cleanview's public geocoded U.S. data-center inventory.
Corscale Gainesville Crossing GCDC2,,Operating,Operating,Publicly tracked data-center facility,100.8,101 MW,4.0,"Prince William, VA",38.79994666564604,-77.5834092466098,Public tracker coordinates,North Anna,VA,52.3,1959.4,Cleanview public U.S. data-center tracker,https://cleanview.co/data-centers/us,Individual facility or project from Cleanview's public geocoded U.S. data-center inventory.
Aligned Hillsboro PDX-01,,Operating,Operating,Publicly tracked data-center facility,100.8,101 MW,4.0,"Washington, OR",45.55406,-122.94925,Public tracker coordinates,Columbia Generating Station,WA,184.7,1200.0,Cleanview public U.S. data-center tracker,https://cleanview.co/data-centers/us,Individual facility or project from Cleanview's public geocoded U.S. data-center inventory.
Iron Mountain VA-3,,Operating,Operating,Publicly tracked data-center facility,100.8,101 MW,4.0,"Prince William, VA",38.77564579,-77.54557241,Public tracker coordinates,North Anna,VA,51.2,1959.4,Cleanview public U.S. data-center tracker,https://cleanview.co/data-centers/us,Individual facility or project from Cleanview's public geocoded U.S. data-center inventory.
Google Palo - Building 2,,Planned,Planned,Publicly tracked data-center facility,100.0,100 MW,4.0,"Linn, IA",42.10295,-91.7822,Public tracker coordinates,Quad Cities Generating Station,IL,80.0,2018.6,Cleanview public U.S. data-center tracker,https://cleanview.co/data-centers/us,Individual facility or project from Cleanview's public geocoded U.S. data-center inventory.
Metrobloks Southfield Data Center,,Planned,Planned,Publicly tracked data-center facility,100.0,100 MW,4.0,"Oakland, MI",42.488056,-83.31892,Public tracker coordinates,Fermi,MI,36.4,1217.0,Cleanview public U.S. data-center tracker,https://cleanview.co/data-centers/us,Individual facility or project from Cleanview's public geocoded U.S. data-center inventory.
Soluna Project Fei,,Planned,Planned,Publicly tracked data-center facility,100.0,100 MW,4.0,"Childress, TX",34.37431,-100.094,Public tracker coordinates,Comanche Peak,TX,195.8,2430.0,Cleanview public U.S. data-center tracker,https://cleanview.co/data-centers/us,Individual facility or project from Cleanview's public geocoded U.S. data-center inventory.
Soluna Project Ellen,,Planned,Planned,Publicly tracked data-center facility,100.0,100 MW,4.0,"Cameron, TX",26.2517,-97.4894,Public tracker coordinates,South Texas Project,TX,196.7,2708.6,Cleanview public U.S. data-center tracker,https://cleanview.co/data-centers/us,Individual facility or project from Cleanview's public geocoded U.S. data-center inventory.
Google Palo - Building 1,,Planned,Planned,Publicly tracked data-center facility,100.0,100 MW,4.0,"Linn, IA",42.10295,-91.7831,Public tracker coordinates,Quad Cities Generating Station,IL,80.1,2018.6,Cleanview public U.S. data-center tracker,https://cleanview.co/data-centers/us,Individual facility or project from Cleanview's public geocoded U.S. data-center inventory.
Google Palo - Building 3,,Planned,Planned,Publicly tracked data-center facility,100.0,100 MW,4.0,"Linn, IA",42.10295,-91.7813,Public tracker coordinates,Quad Cities Generating Station,IL,80.0,2018.6,Cleanview public U.S. data-center tracker,https://cleanview.co/data-centers/us,Individual facility or project from Cleanview's public geocoded U.S. data-center inventory.
Core Scientific: Muskogee 1,,Planned,Planned,Publicly tracked data-center facility,100.0,100 MW,4.0,"Muskogee, OK",35.6923441,-95.3929433,Public tracker coordinates,Arkansas Nuclear One,AR,124.2,1845.0,Cleanview public U.S. data-center tracker,https://cleanview.co/data-centers/us,Individual facility or project from Cleanview's public geocoded U.S. data-center inventory.
Google Palo - Building 4,,Planned,Planned,Publicly tracked data-center facility,100.0,100 MW,4.0,"Linn, IA",42.10225,-91.7831,Public tracker coordinates,Quad Cities Generating Station,IL,80.1,2018.6,Cleanview public U.S. data-center tracker,https://cleanview.co/data-centers/us,Individual facility or project from Cleanview's public geocoded U.S. data-center inventory.
Google Palo - Building 5,,Planned,Planned,Publicly tracked data-center facility,100.0,100 MW,4.0,"Linn, IA",42.10225,-91.7822,Public tracker coordinates,Quad Cities Generating Station,IL,80.0,2018.6,Cleanview public U.S. data-center tracker,https://cleanview.co/data-centers/us,Individual facility or project from Cleanview's public geocoded U.S. data-center inventory.
Edwards AFB Data Center,,Planned,Planned,Publicly tracked data-center facility,100.0,100 MW,4.0,"Kern, CA",34.912052,-117.93109,Public tracker coordinates,Diablo Canyon,CA,166.7,2323.0,Cleanview public U.S. data-center tracker,https://cleanview.co/data-centers/us,Individual facility or project from Cleanview's public geocoded U.S. data-center inventory.
Crane PDX01 Data Center,,Planned,Planned,Publicly tracked data-center facility,100.0,100 MW,4.0,"Washington, OR",45.51303,-123.05,Public tracker coordinates,Columbia Generating Station,WA,190.2,1200.0,Cleanview public U.S. data-center tracker,https://cleanview.co/data-centers/us,Individual facility or project from Cleanview's public geocoded U.S. data-center inventory.
Thor Equities Augusta Data Center,,Planned,Planned,Publicly tracked data-center facility,100.0,100 MW,4.0,"Washtenaw, MI",42.091705,-83.63743,Public tracker coordinates,Fermi,MI,21.4,1217.0,Cleanview public U.S. data-center tracker,https://cleanview.co/data-centers/us,Individual facility or project from Cleanview's public geocoded U.S. data-center inventory.
Google Palo - Building 6,,Planned,Planned,Publicly tracked data-center facility,100.0,100 MW,4.0,"Linn, IA",42.10225,-91.7813,Public tracker coordinates,Quad Cities Generating Station,IL,80.0,2018.6,Cleanview public U.S. data-center tracker,https://cleanview.co/data-centers/us,Individual facility or project from Cleanview's public geocoded U.S. data-center inventory.
GotSpace Bozrah Data Center,,Canceled,Other,Publicly tracked data-center facility,100.0,100 MW,4.0,"New London, CT",41.5586,-72.1706,Public tracker coordinates,Millstone,CT,17.1,2259.9,Cleanview public U.S. data-center tracker,https://cleanview.co/data-centers/us,Individual facility or project from Cleanview's public geocoded U.S. data-center inventory.
Las Vegas Campus - Phase 1,,Operating,Operating,Publicly tracked data-center facility,100.0,100 MW,4.0,"Clark, NV",36.2717161,-115.0494066,Public tracker coordinates,Palo Verde,AZ,234.7,4209.6,Cleanview public U.S. data-center tracker,https://cleanview.co/data-centers/us,Individual facility or project from Cleanview's public geocoded U.S. data-center inventory.
Aligned Salt Lake SLC 03,,Operating,Operating,Publicly tracked data-center facility,100.0,100 MW,4.0,"Salt Lake, UT",40.58194643,-111.9688115,Public tracker coordinates,Palo Verde,AZ,499.5,4209.6,Cleanview public U.S. data-center tracker,https://cleanview.co/data-centers/us,Individual facility or project from Cleanview's public geocoded U.S. data-center inventory.
Core Scientific: Grand Forks 1,,Operating,Operating,Publicly tracked data-center facility,100.0,100 MW,4.0,"Grand Forks, ND",47.90981134,-97.11160174,Public tracker coordinates,Monticello Nuclear Facility,MN,235.8,685.0,Cleanview public U.S. data-center tracker,https://cleanview.co/data-centers/us,Individual facility or project from Cleanview's public geocoded U.S. data-center inventory.
Evoque TN campus (including expansion),,Operating,Operating,Publicly tracked data-center facility,100.0,100 MW,4.0,"Summer, TN",36.40917218,-86.38681503,Public tracker coordinates,Watts Bar Nuclear Plant,TN,105.3,2539.8,Cleanview public U.S. data-center tracker,https://cleanview.co/data-centers/us,Individual facility or project from Cleanview's public geocoded U.S. data-center inventory.
Project Trinity,,Planned,Planned,Publicly tracked data-center facility,100.0,100 MW,4.0,"Williams, ND",48.27965572,-102.9130251,Public tracker coordinates,Monticello Nuclear Facility,MN,474.1,685.0,Cleanview public U.S. data-center tracker,https://cleanview.co/data-centers/us,Individual facility or project from Cleanview's public geocoded U.S. data-center inventory.
Atlantic Station,,Planned,Planned,Publicly tracked data-center facility,100.0,100 MW,4.0,"Collin, TX",33.00497518,-96.74034802,Public tracker coordinates,Comanche Peak,TX,78.0,2430.0,Cleanview public U.S. data-center tracker,https://cleanview.co/data-centers/us,Individual facility or project from Cleanview's public geocoded U.S. data-center inventory.
Hamilton Innovation Center,,Planned,Planned,Publicly tracked data-center facility,100.0,100 MW,4.0,"Butler, OH",39.3823232,-84.55546707,Public tracker coordinates,Davis Besse,OH,171.4,925.2,Cleanview public U.S. data-center tracker,https://cleanview.co/data-centers/us,Individual facility or project from Cleanview's public geocoded U.S. data-center inventory.
Edged ATL01-02,,Planned,Planned,Publicly tracked data-center facility,100.0,100 MW,4.0,"Fulton, GA",33.80026374,-84.43806548,Public tracker coordinates,Sequoyah,TN,105.3,2441.0,Cleanview public U.S. data-center tracker,https://cleanview.co/data-centers/us,Individual facility or project from Cleanview's public geocoded U.S. data-center inventory.
CoreWeave Lancaster,,Planned,Planned,Publicly tracked data-center facility,100.0,100 MW,4.0,"Lancaster, PA",40.0594582,-76.3299246,Public tracker coordinates,Peach Bottom,PA,21.0,2876.4,Cleanview public U.S. data-center tracker,https://cleanview.co/data-centers/us,Individual facility or project from Cleanview's public geocoded U.S. data-center inventory.
Machine Investment Group: Harrison Pike,,Planned,Planned,Publicly tracked data-center facility,100.0,100 MW,4.0,"Lancaster, PA",40.05941098,-76.32990596,Public tracker coordinates,Peach Bottom,PA,21.0,2876.4,Cleanview public U.S. data-center tracker,https://cleanview.co/data-centers/us,Individual facility or project from Cleanview's public geocoded U.S. data-center inventory.
Ameresco NAS Lemoore Data Center,,Planned,Planned,Publicly tracked data-center facility,100.0,100 MW,4.0,"Kings, CA",36.25591573,-119.90256685,Public tracker coordinates,Diablo Canyon,CA,89.8,2323.0,Cleanview public U.S. data-center tracker,https://cleanview.co/data-centers/us,Individual facility or project from Cleanview's public geocoded U.S. data-center inventory.
AWS Cipher Stingray - Building 1,,Planned,Planned,Publicly tracked data-center facility,100.0,100 MW,4.0,"Andrews, TX",32.367256,-102.983447,Public tracker coordinates,Comanche Peak,TX,303.5,2430.0,Cleanview public U.S. data-center tracker,https://cleanview.co/data-centers/us,Individual facility or project from Cleanview's public geocoded U.S. data-center inventory.
Storey County - Building 2,,Operating,Operating,Publicly tracked data-center facility,100.0,100 MW,4.0,"Storey, NV",39.49779,-119.43061,Public tracker coordinates,Diablo Canyon,CA,306.3,2323.0,Cleanview public U.S. data-center tracker,https://cleanview.co/data-centers/us,Individual facility or project from Cleanview's public geocoded U.S. data-center inventory.
Nebius / DataOne Vineland Phase 1,,Planned,Planned,Publicly tracked data-center facility,100.0,100 MW,4.0,"Cumberland, NJ",39.427614,-75.016756,Public tracker coordinates,PSEG Salem Generating Station,NJ,27.8,2340.0,Cleanview public U.S. data-center tracker,https://cleanview.co/data-centers/us,Individual facility or project from Cleanview's public geocoded U.S. data-center inventory.
WhiteFiber Madison Data Center,,Planned,Planned,Publicly tracked data-center facility,99.0,99 MW,4.0,"Rockingham, NC",36.40271,-79.9882,Public tracker coordinates,Harris (NC),NC,78.5,950.9,Cleanview public U.S. data-center tracker,https://cleanview.co/data-centers/us,Individual facility or project from Cleanview's public geocoded U.S. data-center inventory.
Alviso-Milpitas San Jose Campus,,Planned,Planned,Publicly tracked data-center facility,99.0,99 MW,4.0,"Santa Clara, CA",37.4210432,-121.9314939,Public tracker coordinates,Diablo Canyon,CA,164.0,2323.0,Cleanview public U.S. data-center tracker,https://cleanview.co/data-centers/us,Individual facility or project from Cleanview's public geocoded U.S. data-center inventory.
Meta Temple - Building 1,,Operating,Operating,Publicly tracked data-center facility,98.8,99 MW,4.0,"Bell, TX",31.131797,-97.372202,Public tracker coordinates,Comanche Peak,TX,84.2,2430.0,Cleanview public U.S. data-center tracker,https://cleanview.co/data-centers/us,Individual facility or project from Cleanview's public geocoded U.S. data-center inventory.
Meta Temple - Building 2,,Operating,Operating,Publicly tracked data-center facility,98.8,99 MW,4.0,"Bell, TX",31.130835,-97.369033,Public tracker coordinates,Comanche Peak,TX,84.3,2430.0,Cleanview public U.S. data-center tracker,https://cleanview.co/data-centers/us,Individual facility or project from Cleanview's public geocoded U.S. data-center inventory.
Meta Kuna - Building 1,,Operating,Operating,Publicly tracked data-center facility,98.8,99 MW,4.0,"Ada, ID",43.4634363,-116.2721468,Public tracker coordinates,Columbia Generating Station,WA,256.1,1200.0,Cleanview public U.S. data-center tracker,https://cleanview.co/data-centers/us,Individual facility or project from Cleanview's public geocoded U.S. data-center inventory.
Meta El Paso - Building 4,,Planned,Planned,Publicly tracked data-center facility,98.8,99 MW,4.0,"El Paso, TX",31.994795,-106.353182,Public tracker coordinates,Palo Verde,AZ,390.4,4209.6,Cleanview public U.S. data-center tracker,https://cleanview.co/data-centers/us,Individual facility or project from Cleanview's public geocoded U.S. data-center inventory.
Meta Kuna - Building 2,,Operating,Operating,Publicly tracked data-center facility,98.8,99 MW,4.0,"Ada, ID",43.4632254,-116.2682699,Public tracker coordinates,Columbia Generating Station,WA,256.2,1200.0,Cleanview public U.S. data-center tracker,https://cleanview.co/data-centers/us,Individual facility or project from Cleanview's public geocoded U.S. data-center inventory.
Meta Lebanon - Building 6,,Planned,Planned,Publicly tracked data-center facility,98.8,99 MW,4.0,"Boone, IN",40.057128,-86.54124,Public tracker coordinates,Braidwood Generation Station,IL,120.6,2449.8,Cleanview public U.S. data-center tracker,https://cleanview.co/data-centers/us,Individual facility or project from Cleanview's public geocoded U.S. data-center inventory.
Meta El Paso - Building 3,,Planned,Planned,Publicly tracked data-center facility,98.8,99 MW,4.0,"El Paso, TX",31.994849,-106.351598,Public tracker coordinates,Palo Verde,AZ,390.5,4209.6,Cleanview public U.S. data-center tracker,https://cleanview.co/data-centers/us,Individual facility or project from Cleanview's public geocoded U.S. data-center inventory.
Meta Huntsville - Building 7,,Operating,Operating,Publicly tracked data-center facility,98.8,99 MW,4.0,"Madison, AL",34.857587,-86.622164,Public tracker coordinates,Browns Ferry,AL,30.1,3854.0,Cleanview public U.S. data-center tracker,https://cleanview.co/data-centers/us,Individual facility or project from Cleanview's public geocoded U.S. data-center inventory.
Meta El Paso - Building 2,,Planned,Planned,Publicly tracked data-center facility,98.8,99 MW,4.0,"El Paso, TX",31.994674,-106.354909,Public tracker coordinates,Palo Verde,AZ,390.3,4209.6,Cleanview public U.S. data-center tracker,https://cleanview.co/data-centers/us,Individual facility or project from Cleanview's public geocoded U.S. data-center inventory.
Meta Eagle Mountain - Building 6,,Operating,Operating,Publicly tracked data-center facility,98.8,99 MW,4.0,"Utah, UT",40.265845,-112.019454,Public tracker coordinates,Palo Verde,AZ,477.5,4209.6,Cleanview public U.S. data-center tracker,https://cleanview.co/data-centers/us,Individual facility or project from Cleanview's public geocoded U.S. data-center inventory.
Meta Eagle Mountain - Building 7,,Operating,Operating,Publicly tracked data-center facility,98.8,99 MW,4.0,"Utah, UT",40.2698447,-112.019433,Public tracker coordinates,Palo Verde,AZ,477.8,4209.6,Cleanview public U.S. data-center tracker,https://cleanview.co/data-centers/us,Individual facility or project from Cleanview's public geocoded U.S. data-center inventory.
Meta Lebanon - Building 10,,Planned,Planned,Publicly tracked data-center facility,98.8,99 MW,4.0,"Boone, IN",40.057182,-86.547367,Public tracker coordinates,Braidwood Generation Station,IL,120.4,2449.8,Cleanview public U.S. data-center tracker,https://cleanview.co/data-centers/us,Individual facility or project from Cleanview's public geocoded U.S. data-center inventory.
Meta Lebanon - Building 9,,Planned,Planned,Publicly tracked data-center facility,98.8,99 MW,4.0,"Boone, IN",40.057169,-86.545835,Public tracker coordinates,Braidwood Generation Station,IL,120.4,2449.8,Cleanview public U.S. data-center tracker,https://cleanview.co/data-centers/us,Individual facility or project from Cleanview's public geocoded U.S. data-center inventory.
Meta Lebanon - Building 8,,Planned,Planned,Publicly tracked data-center facility,98.8,99 MW,4.0,"Boone, IN",40.057155,-86.544304,Public tracker coordinates,Braidwood Generation Station,IL,120.5,2449.8,Cleanview public U.S. data-center tracker,https://cleanview.co/data-centers/us,Individual facility or project from Cleanview's public geocoded U.S. data-center inventory.
Meta Los Lunas - Building 9,,Operating,Operating,Publicly tracked data-center facility,98.8,99 MW,4.0,"Valencia, NM",34.825075495837915,-106.78544593755407,Public tracker coordinates,Palo Verde,AZ,361.4,4209.6,Cleanview public U.S. data-center tracker,https://cleanview.co/data-centers/us,Individual facility or project from Cleanview's public geocoded U.S. data-center inventory.
Meta El Paso - Building 6,,Planned,Planned,Publicly tracked data-center facility,98.8,99 MW,4.0,"El Paso, TX",31.994863,-106.360043,Public tracker coordinates,Palo Verde,AZ,390.0,4209.6,Cleanview public U.S. data-center tracker,https://cleanview.co/data-centers/us,Individual facility or project from Cleanview's public geocoded U.S. data-center inventory.
Meta El Paso - Building 5,,Planned,Planned,Publicly tracked data-center facility,98.8,99 MW,4.0,"El Paso, TX",31.994943,-106.358332,Public tracker coordinates,Palo Verde,AZ,390.1,4209.6,Cleanview public U.S. data-center tracker,https://cleanview.co/data-centers/us,Individual facility or project from Cleanview's public geocoded U.S. data-center inventory.
Meta Gallatin - Building 4,,Operating,Operating,Publicly tracked data-center facility,98.8,99 MW,4.0,"Sumner, TN",36.406283,-86.367164,Public tracker coordinates,Watts Bar Nuclear Plant,TN,104.2,2539.8,Cleanview public U.S. data-center tracker,https://cleanview.co/data-centers/us,Individual facility or project from Cleanview's public geocoded U.S. data-center inventory.
Meta Lebanon - Building 7,,Planned,Planned,Publicly tracked data-center facility,98.8,99 MW,4.0,"Boone, IN",40.057142,-86.542772,Public tracker coordinates,Braidwood Generation Station,IL,120.5,2449.8,Cleanview public U.S. data-center tracker,https://cleanview.co/data-centers/us,Individual facility or project from Cleanview's public geocoded U.S. data-center inventory.
Meta Los Lunas - Building 11,,Planned,Planned,Publicly tracked data-center facility,98.8,99 MW,4.0,"Valencia, NM",34.83224647780744,-106.7918077791135,Public tracker coordinates,Palo Verde,AZ,361.2,4209.6,Cleanview public U.S. data-center tracker,https://cleanview.co/data-centers/us,Individual facility or project from Cleanview's public geocoded U.S. data-center inventory.
Meta El Paso - Building 10,,Planned,Planned,Publicly tracked data-center facility,98.8,99 MW,4.0,"El Paso, TX",31.994997,-106.370977,Public tracker coordinates,Palo Verde,AZ,389.4,4209.6,Cleanview public U.S. data-center tracker,https://cleanview.co/data-centers/us,Individual facility or project from Cleanview's public geocoded U.S. data-center inventory.
Meta El Paso - Building 9,,Planned,Planned,Publicly tracked data-center facility,98.8,99 MW,4.0,"El Paso, TX",31.994963,-106.368244,Public tracker coordinates,Palo Verde,AZ,389.6,4209.6,Cleanview public U.S. data-center tracker,https://cleanview.co/data-centers/us,Individual facility or project from Cleanview's public geocoded U.S. data-center inventory.
Meta Tulsa - Building 4,,Planned,Planned,Publicly tracked data-center facility,98.8,99 MW,4.0,"Tulsa, OK",36.140228,-95.735618,Public tracker coordinates,Wolf Creek Generating Station,KS,145.1,1296.3,Cleanview public U.S. data-center tracker,https://cleanview.co/data-centers/us,Individual facility or project from Cleanview's public geocoded U.S. data-center inventory.
Meta Tulsa - Building 5,,Planned,Planned,Publicly tracked data-center facility,98.8,99 MW,4.0,"Tulsa, OK",36.138782,-95.735507,Public tracker coordinates,Wolf Creek Generating Station,KS,145.2,1296.3,Cleanview public U.S. data-center tracker,https://cleanview.co/data-centers/us,Individual facility or project from Cleanview's public geocoded U.S. data-center inventory.
Meta Beaver Dam - Building 1,,Planned,Planned,Publicly tracked data-center facility,98.8,99 MW,4.0,"Dodge, WI",43.509423,-88.814389,Public tracker coordinates,Point Beach Nuclear Plant,WI,83.0,1286.0,Cleanview public U.S. data-center tracker,https://cleanview.co/data-centers/us,Individual facility or project from Cleanview's public geocoded U.S. data-center inventory.
Meta Beaver Dam - Building 2,,Planned,Planned,Publicly tracked data-center facility,98.8,99 MW,4.0,"Dodge, WI",43.505331,-88.816908,Public tracker coordinates,Point Beach Nuclear Plant,WI,83.3,1286.0,Cleanview public U.S. data-center tracker,https://cleanview.co/data-centers/us,Individual facility or project from Cleanview's public geocoded U.S. data-center inventory.
Meta Tulsa - Building 1,,Planned,Planned,Publicly tracked data-center facility,98.8,99 MW,4.0,"Tulsa, OK",36.144566,-95.735951,Public tracker coordinates,Wolf Creek Generating Station,KS,144.8,1296.3,Cleanview public U.S. data-center tracker,https://cleanview.co/data-centers/us,Individual facility or project from Cleanview's public geocoded U.S. data-center inventory.
Meta Tulsa - Building 3,,Planned,Planned,Publicly tracked data-center facility,98.8,99 MW,4.0,"Tulsa, OK",36.141674,-95.735729,Public tracker coordinates,Wolf Creek Generating Station,KS,145.0,1296.3,Cleanview public U.S. data-center tracker,https://cleanview.co/data-centers/us,Individual facility or project from Cleanview's public geocoded U.S. data-center inventory.
Meta El Paso - Building 1,,Planned,Planned,Publicly tracked data-center facility,98.8,99 MW,4.0,"El Paso, TX",31.994688,-106.356763,Public tracker coordinates,Palo Verde,AZ,390.2,4209.6,Cleanview public U.S. data-center tracker,https://cleanview.co/data-centers/us,Individual facility or project from Cleanview's public geocoded U.S. data-center inventory.
Meta Tulsa - Building 2,,Planned,Planned,Publicly tracked data-center facility,98.8,99 MW,4.0,"Tulsa, OK",36.14312,-95.73584,Public tracker coordinates,Wolf Creek Generating Station,KS,144.9,1296.3,Cleanview public U.S. data-center tracker,https://cleanview.co/data-centers/us,Individual facility or project from Cleanview's public geocoded U.S. data-center inventory.
Meta Lebanon - Building 1,,Planned,Planned,Publicly tracked data-center facility,98.8,99 MW,4.0,"Boone, IN",40.057061,-86.533582,Public tracker coordinates,Braidwood Generation Station,IL,120.9,2449.8,Cleanview public U.S. data-center tracker,https://cleanview.co/data-centers/us,Individual facility or project from Cleanview's public geocoded U.S. data-center inventory.
Meta Lebanon - Building 2,,Planned,Planned,Publicly tracked data-center facility,98.8,99 MW,4.0,"Boone, IN",40.057074,-86.535114,Public tracker coordinates,Braidwood Generation Station,IL,120.8,2449.8,Cleanview public U.S. data-center tracker,https://cleanview.co/data-centers/us,Individual facility or project from Cleanview's public geocoded U.S. data-center inventory.
Meta Lebanon - Building 3,,Planned,Planned,Publicly tracked data-center facility,98.8,99 MW,4.0,"Boone, IN",40.057088,-86.536645,Public tracker coordinates,Braidwood Generation Station,IL,120.8,2449.8,Cleanview public U.S. data-center tracker,https://cleanview.co/data-centers/us,Individual facility or project from Cleanview's public geocoded U.S. data-center inventory.
Meta El Paso - Building 7,,Planned,Planned,Publicly tracked data-center facility,98.8,99 MW,4.0,"El Paso, TX",31.994897,-106.362777,Public tracker coordinates,Palo Verde,AZ,389.9,4209.6,Cleanview public U.S. data-center tracker,https://cleanview.co/data-centers/us,Individual facility or project from Cleanview's public geocoded U.S. data-center inventory.
Meta Lebanon - Building 4,,Planned,Planned,Publicly tracked data-center facility,98.8,99 MW,4.0,"Boone, IN",40.057101,-86.538177,Public tracker coordinates,Braidwood Generation Station,IL,120.7,2449.8,Cleanview public U.S. data-center tracker,https://cleanview.co/data-centers/us,Individual facility or project from Cleanview's public geocoded U.S. data-center inventory.
Meta El Paso - Building 8,,Planned,Planned,Publicly tracked data-center facility,98.8,99 MW,4.0,"El Paso, TX",31.99493,-106.36551,Public tracker coordinates,Palo Verde,AZ,389.7,4209.6,Cleanview public U.S. data-center tracker,https://cleanview.co/data-centers/us,Individual facility or project from Cleanview's public geocoded U.S. data-center inventory.
Meta New Albany - Building 6,,Operating,Operating,Publicly tracked data-center facility,98.8,99 MW,4.0,"Licking, OH",40.061484,-82.740583,Public tracker coordinates,Davis Besse,OH,107.6,925.2,Cleanview public U.S. data-center tracker,https://cleanview.co/data-centers/us,Individual facility or project from Cleanview's public geocoded U.S. data-center inventory.
Meta Lebanon - Building 5,,Planned,Planned,Publicly tracked data-center facility,98.8,99 MW,4.0,"Boone, IN",40.057115,-86.539709,Public tracker coordinates,Braidwood Generation Station,IL,120.6,2449.8,Cleanview public U.S. data-center tracker,https://cleanview.co/data-centers/us,Individual facility or project from Cleanview's public geocoded U.S. data-center inventory.
Meta Los Lunas - Building 12,,Planned,Planned,Publicly tracked data-center facility,98.8,99 MW,4.0,"Valencia, NM",34.82631701689505,-106.79515066424362,Public tracker coordinates,Palo Verde,AZ,360.9,4209.6,Cleanview public U.S. data-center tracker,https://cleanview.co/data-centers/us,Individual facility or project from Cleanview's public geocoded U.S. data-center inventory.
Meta New Albany - Building 7,,Operating,Operating,Publicly tracked data-center facility,98.8,99 MW,4.0,"Licking, OH",40.0652,-82.74112,Public tracker coordinates,Davis Besse,OH,107.3,925.2,Cleanview public U.S. data-center tracker,https://cleanview.co/data-centers/us,Individual facility or project from Cleanview's public geocoded U.S. data-center inventory.
Meta Huntsville - Building 6,,Operating,Operating,Publicly tracked data-center facility,98.8,99 MW,4.0,"Madison, AL",34.851066,-86.626124,Public tracker coordinates,Browns Ferry,AL,29.7,3854.0,Cleanview public U.S. data-center tracker,https://cleanview.co/data-centers/us,Individual facility or project from Cleanview's public geocoded U.S. data-center inventory.
SJDC 04,,Planned,Planned,Publicly tracked data-center facility,98.0,98 MW,4.0,"Santa Clara, CA",37.3787837,-121.9292897,Public tracker coordinates,Diablo Canyon,CA,161.2,2323.0,Cleanview public U.S. data-center tracker,https://cleanview.co/data-centers/us,Individual facility or project from Cleanview's public geocoded U.S. data-center inventory.
Renaissance Tech Park C (AWS IAD-501),,Planned,Planned,Publicly tracked data-center facility,97.9,98 MW,4.0,"Fairfax, VA",38.9375916,-77.4257666,Public tracker coordinates,Calvert Cliffs Nuclear Power Plant,MD,63.4,1850.4,Cleanview public U.S. data-center tracker,https://cleanview.co/data-centers/us,Individual facility or project from Cleanview's public geocoded U.S. data-center inventory.
Google Arcola - Building 3,,Planned,Planned,Publicly tracked data-center facility,97.9,98 MW,4.0,"Loudoun, VA",38.941607,-77.531957,Public tracker coordinates,North Anna,VA,62.5,1959.4,Cleanview public U.S. data-center tracker,https://cleanview.co/data-centers/us,Individual facility or project from Cleanview's public geocoded U.S. data-center inventory.
Renaissance Tech Park A (AWS IAD-500),,Planned,Planned,Publicly tracked data-center facility,97.9,98 MW,4.0,"Fairfax, VA",38.936531,-77.4246658,Public tracker coordinates,Calvert Cliffs Nuclear Power Plant,MD,63.4,1850.4,Cleanview public U.S. data-center tracker,https://cleanview.co/data-centers/us,Individual facility or project from Cleanview's public geocoded U.S. data-center inventory.
Stack NVA02F,,Planned,Planned,Publicly tracked data-center facility,97.6,98 MW,4.0,"Prince William, VA",38.74414674,-77.53886988,Public tracker coordinates,North Anna,VA,49.2,1959.4,Cleanview public U.S. data-center tracker,https://cleanview.co/data-centers/us,Individual facility or project from Cleanview's public geocoded U.S. data-center inventory.
Google Cedar Rapids - Building 2,,Planned,Planned,Publicly tracked data-center facility,97.4,97 MW,4.0,"Linn, IA",41.91974,-91.71954,Public tracker coordinates,Quad Cities Generating Station,IL,73.8,2018.6,Cleanview public U.S. data-center tracker,https://cleanview.co/data-centers/us,Individual facility or project from Cleanview's public geocoded U.S. data-center inventory.
Google Cedar Rapids - Building 1,,Planned,Planned,Publicly tracked data-center facility,97.4,97 MW,4.0,"Linn, IA",41.9182,-91.72508,Public tracker coordinates,Quad Cities Generating Station,IL,74.0,2018.6,Cleanview public U.S. data-center tracker,https://cleanview.co/data-centers/us,Individual facility or project from Cleanview's public geocoded U.S. data-center inventory.
Goodman San Jose Data Center,,Planned,Planned,Publicly tracked data-center facility,97.0,97 MW,4.0,"Santa Clara, CA",37.38153792,-121.93455112,Public tracker coordinates,Diablo Canyon,CA,161.5,2323.0,Cleanview public U.S. data-center tracker,https://cleanview.co/data-centers/us,Individual facility or project from Cleanview's public geocoded U.S. data-center inventory.
Google Mango Farm - Building 1,,Operating,Operating,Publicly tracked data-center facility,96.6,97 MW,4.0,"Prince William, VA",38.77596403502838,-77.58224163235731,Public tracker coordinates,North Anna,VA,50.7,1959.4,Cleanview public U.S. data-center tracker,https://cleanview.co/data-centers/us,Individual facility or project from Cleanview's public geocoded U.S. data-center inventory.
AWS PHX065 Pecos Road - Building 2,,Planned,Planned,Publicly tracked data-center facility,96.3,96 MW,4.0,"Maricopa, AZ",33.294577,-111.607537,Public tracker coordinates,Palo Verde,AZ,72.7,4209.6,Cleanview public U.S. data-center tracker,https://cleanview.co/data-centers/us,Individual facility or project from Cleanview's public geocoded U.S. data-center inventory.
AWS PHX065 Pecos Road - Building 1,,Planned,Planned,Publicly tracked data-center facility,96.3,96 MW,4.0,"Maricopa, AZ",33.2946255,-111.6066156,Public tracker coordinates,Palo Verde,AZ,72.7,4209.6,Cleanview public U.S. data-center tracker,https://cleanview.co/data-centers/us,Individual facility or project from Cleanview's public geocoded U.S. data-center inventory.
Google Mango Farm - Building 2,,Operating,Operating,Publicly tracked data-center facility,96.3,96 MW,4.0,"Prince William, VA",38.775044838233185,-77.58475710015539,Public tracker coordinates,North Anna,VA,50.6,1959.4,Cleanview public U.S. data-center tracker,https://cleanview.co/data-centers/us,Individual facility or project from Cleanview's public geocoded U.S. data-center inventory.
Google Mango Farm - Building 3,,Planned,Planned,Publicly tracked data-center facility,96.3,96 MW,4.0,"Prince William, VA",38.77924712064747,-77.58572279784771,Public tracker coordinates,North Anna,VA,50.9,1959.4,Cleanview public U.S. data-center tracker,https://cleanview.co/data-centers/us,Individual facility or project from Cleanview's public geocoded U.S. data-center inventory.
AWS Elliot Road - Building 2,,Planned,Planned,Publicly tracked data-center facility,96.3,96 MW,4.0,"Maricopa, AZ",33.347525,-111.609577,Public tracker coordinates,Palo Verde,AZ,72.3,4209.6,Cleanview public U.S. data-center tracker,https://cleanview.co/data-centers/us,Individual facility or project from Cleanview's public geocoded U.S. data-center inventory.
AWS Elliot Road - Building 1,,Planned,Planned,Publicly tracked data-center facility,96.3,96 MW,4.0,"Maricopa, AZ",33.347573,-111.608656,Public tracker coordinates,Palo Verde,AZ,72.4,4209.6,Cleanview public U.S. data-center tracker,https://cleanview.co/data-centers/us,Individual facility or project from Cleanview's public geocoded U.S. data-center inventory.
Project Rita,,Planned,Planned,Publicly tracked data-center facility,96.0,96 MW,4.0,"Fayette, GA",33.51916352,-84.57988553,Public tracker coordinates,Sequoyah,TN,121.5,2441.0,Cleanview public U.S. data-center tracker,https://cleanview.co/data-centers/us,Individual facility or project from Cleanview's public geocoded U.S. data-center inventory.
Vantage IN12,,Planned,Planned,Publicly tracked data-center facility,96.0,96 MW,4.0,"Hendricks, IN",39.884,-86.4445,Public tracker coordinates,Clinton Power Station,IL,128.0,1138.3,Cleanview public U.S. data-center tracker,https://cleanview.co/data-centers/us,Individual facility or project from Cleanview's public geocoded U.S. data-center inventory.
Aligned Data Centers: NEO-01,,Planned,Planned,Publicly tracked data-center facility,96.0,96 MW,4.0,"Erie, OH",41.43008392,-82.71970696,Public tracker coordinates,Davis Besse,OH,22.2,925.2,Cleanview public U.S. data-center tracker,https://cleanview.co/data-centers/us,Individual facility or project from Cleanview's public geocoded U.S. data-center inventory.
Vantage TX12,,Planned,Planned,Publicly tracked data-center facility,96.0,96 MW,4.0,"Bexar, TX",29.4154851,-98.7888889,Public tracker coordinates,South Texas Project,TX,170.9,2708.6,Cleanview public U.S. data-center tracker,https://cleanview.co/data-centers/us,Individual facility or project from Cleanview's public geocoded U.S. data-center inventory.
Midlothian - Building 3,,Planned,Planned,Publicly tracked data-center facility,95.0,95 MW,4.0,"Ellis, TX",32.44019,-97.06097,Public tracker coordinates,Comanche Peak,TX,43.4,2430.0,Cleanview public U.S. data-center tracker,https://cleanview.co/data-centers/us,Individual facility or project from Cleanview's public geocoded U.S. data-center inventory.
Midlothian - Building 4,,Planned,Planned,Publicly tracked data-center facility,95.0,95 MW,4.0,"Ellis, TX",32.445132,-97.057219,Public tracker coordinates,Comanche Peak,TX,43.7,2430.0,Cleanview public U.S. data-center tracker,https://cleanview.co/data-centers/us,Individual facility or project from Cleanview's public geocoded U.S. data-center inventory.
Dulles Gateway,,Planned,Planned,Publicly tracked data-center facility,95.0,95 MW,4.0,"Fairfax, VA",38.93891,-77.42799,Public tracker coordinates,Calvert Cliffs Nuclear Power Plant,MD,63.6,1850.4,Cleanview public U.S. data-center tracker,https://cleanview.co/data-centers/us,Individual facility or project from Cleanview's public geocoded U.S. data-center inventory.
Council Bluffs Southlands - Building 9,,Planned,Planned,Publicly tracked data-center facility,93.5,94 MW,4.0,"Pottawattamie, IA",41.169985,-95.801588,Public tracker coordinates,Cooper Nuclear Station,NE,56.4,801.0,Cleanview public U.S. data-center tracker,https://cleanview.co/data-centers/us,Individual facility or project from Cleanview's public geocoded U.S. data-center inventory.
Council Bluffs Southlands - Building 7,,Operating,Operating,Publicly tracked data-center facility,93.5,94 MW,4.0,"Pottawattamie, IA",41.170658,-95.78965,Public tracker coordinates,Cooper Nuclear Station,NE,56.4,801.0,Cleanview public U.S. data-center tracker,https://cleanview.co/data-centers/us,Individual facility or project from Cleanview's public geocoded U.S. data-center inventory.
Council Bluffs Southlands - Building 8,,Planned,Planned,Publicly tracked data-center facility,93.5,94 MW,4.0,"Pottawattamie, IA",41.170038,-95.805277,Public tracker coordinates,Cooper Nuclear Station,NE,56.4,801.0,Cleanview public U.S. data-center tracker,https://cleanview.co/data-centers/us,Individual facility or project from Cleanview's public geocoded U.S. data-center inventory.
Digital Realty IAD42,,Operating,Operating,Publicly tracked data-center facility,93.5,94 MW,4.0,"Loudoun, VA",39.005719,-77.449449,Public tracker coordinates,Calvert Cliffs Nuclear Power Plant,MD,67.2,1850.4,Cleanview public U.S. data-center tracker,https://cleanview.co/data-centers/us,Individual facility or project from Cleanview's public geocoded U.S. data-center inventory.
Meta Montgomery - Building 1,,Operating,Operating,Publicly tracked data-center facility,93.0,93 MW,4.0,"Montgomery, AL",32.270814,-86.328081,Public tracker coordinates,Joseph M Farley,AL,101.7,1776.4,Cleanview public U.S. data-center tracker,https://cleanview.co/data-centers/us,Individual facility or project from Cleanview's public geocoded U.S. data-center inventory.
Meta Montgomery - Building 4,,Planned,Planned,Publicly tracked data-center facility,93.0,93 MW,4.0,"Montgomery, AL",32.265642,-86.327891,Public tracker coordinates,Joseph M Farley,AL,101.5,1776.4,Cleanview public U.S. data-center tracker,https://cleanview.co/data-centers/us,Individual facility or project from Cleanview's public geocoded U.S. data-center inventory.
CloudHQ LC2,,Operating,Operating,Publicly tracked data-center facility,93.0,93 MW,4.0,"Loudoun, VA",39.011764,-77.462457,Public tracker coordinates,Calvert Cliffs Nuclear Power Plant,MD,68.0,1850.4,Cleanview public U.S. data-center tracker,https://cleanview.co/data-centers/us,Individual facility or project from Cleanview's public geocoded U.S. data-center inventory.
Google Arcola - Building 2,,Operating,Operating,Publicly tracked data-center facility,92.9,93 MW,4.0,"Loudoun, VA",38.941767,-77.527479,Public tracker coordinates,North Anna,VA,62.6,1959.4,Cleanview public U.S. data-center tracker,https://cleanview.co/data-centers/us,Individual facility or project from Cleanview's public geocoded U.S. data-center inventory.
Digital Realty ACC7,,Operating,Operating,Publicly tracked data-center facility,92.7,93 MW,4.0,"Loudoun, VA",39.017532,-77.465643,Public tracker coordinates,Calvert Cliffs Nuclear Power Plant,MD,68.3,1850.4,Cleanview public U.S. data-center tracker,https://cleanview.co/data-centers/us,Individual facility or project from Cleanview's public geocoded U.S. data-center inventory.
NTT Hillsboro HI2,,Operating,Operating,Publicly tracked data-center facility,92.4,92 MW,4.0,"Washington, OR",45.54803572,-122.9377228,Public tracker coordinates,Columbia Generating Station,WA,184.3,1200.0,Cleanview public U.S. data-center tracker,https://cleanview.co/data-centers/us,Individual facility or project from Cleanview's public geocoded U.S. data-center inventory.
Meta Bowling Green - Building 2,,Planned,Planned,Publicly tracked data-center facility,92.0,92 MW,4.0,"Wood, OH",41.467435,-83.641819,Public tracker coordinates,Davis Besse,OH,30.1,925.2,Cleanview public U.S. data-center tracker,https://cleanview.co/data-centers/us,Individual facility or project from Cleanview's public geocoded U.S. data-center inventory.
Meta Jeffersonville - Building 2,,Operating,Operating,Publicly tracked data-center facility,92.0,92 MW,4.0,"Clark, IN",38.368359,-85.663564,Public tracker coordinates,Watts Bar Nuclear Plant,TN,197.1,2539.8,Cleanview public U.S. data-center tracker,https://cleanview.co/data-centers/us,Individual facility or project from Cleanview's public geocoded U.S. data-center inventory.
AWS IAD-671 Patriot Park Drive,,Planned,Planned,Publicly tracked data-center facility,91.5,92 MW,4.0,"Loudoun, VA",39.05410133,-77.54460469,Public tracker coordinates,North Anna,VA,70.0,1959.4,Cleanview public U.S. data-center tracker,https://cleanview.co/data-centers/us,Individual facility or project from Cleanview's public geocoded U.S. data-center inventory.
AWS IAD-669 Patriot Park Drive,,Planned,Planned,Publicly tracked data-center facility,91.5,92 MW,4.0,"Loudoun, VA",39.05520793,-77.54479197,Public tracker coordinates,North Anna,VA,70.0,1959.4,Cleanview public U.S. data-center tracker,https://cleanview.co/data-centers/us,Individual facility or project from Cleanview's public geocoded U.S. data-center inventory.
AWS IAD-670 Patriot Park Drive,,Planned,Planned,Publicly tracked data-center facility,91.5,92 MW,4.0,"Loudoun, VA",39.05404251,-77.54598039,Public tracker coordinates,North Anna,VA,69.9,1959.4,Cleanview public U.S. data-center tracker,https://cleanview.co/data-centers/us,Individual facility or project from Cleanview's public geocoded U.S. data-center inventory.
BlackChamber Dulles 28 - Building 2,,Planned,Planned,Publicly tracked data-center facility,91.0,91 MW,4.0,"Loudoun, VA",39.00813162,-77.44312337,Public tracker coordinates,Calvert Cliffs Nuclear Power Plant,MD,67.0,1850.4,Cleanview public U.S. data-center tracker,https://cleanview.co/data-centers/us,Individual facility or project from Cleanview's public geocoded U.S. data-center inventory.
Google Moncks Corner - Building 10,,Operating,Operating,Publicly tracked data-center facility,91.0,91 MW,4.0,"Berkeley, SC",33.0726142,-80.0415447,Public tracker coordinates,H B Robinson,SC,92.1,768.6,Cleanview public U.S. data-center tracker,https://cleanview.co/data-centers/us,Individual facility or project from Cleanview's public geocoded U.S. data-center inventory.
Meta Aiken - Building 2,,Planned,Planned,Publicly tracked data-center facility,91.0,91 MW,4.0,"Aiken, SC",33.641325,-81.844962,Public tracker coordinates,Vogtle,GA,34.8,4658.0,Cleanview public U.S. data-center tracker,https://cleanview.co/data-centers/us,Individual facility or project from Cleanview's public geocoded U.S. data-center inventory.
BlackChamber Dulles 28 - Building 1,,Planned,Planned,Publicly tracked data-center facility,91.0,91 MW,4.0,"Loudoun, VA",39.00993701,-77.44150603,Public tracker coordinates,Calvert Cliffs Nuclear Power Plant,MD,67.0,1850.4,Cleanview public U.S. data-center tracker,https://cleanview.co/data-centers/us,Individual facility or project from Cleanview's public geocoded U.S. data-center inventory.
Google Lenoir - Building 4,,Planned,Planned,Publicly tracked data-center facility,91.0,91 MW,4.0,"Caldwell, NC",35.891629,-81.555397,Public tracker coordinates,McGuire,NC,46.5,2440.6,Cleanview public U.S. data-center tracker,https://cleanview.co/data-centers/us,Individual facility or project from Cleanview's public geocoded U.S. data-center inventory.
Google Moncks Corner - Building 11,,Planned,Planned,Publicly tracked data-center facility,91.0,91 MW,4.0,"Berkeley, SC",33.07541,-80.040995,Public tracker coordinates,H B Robinson,SC,91.9,768.6,Cleanview public U.S. data-center tracker,https://cleanview.co/data-centers/us,Individual facility or project from Cleanview's public geocoded U.S. data-center inventory.
Google Kansas City East - Building 1,,Planned,Planned,Publicly tracked data-center facility,90.8,91 MW,4.0,"Clay, MO",39.17447,-94.4619,Public tracker coordinates,Wolf Creek Generating Station,KS,92.5,1296.3,Cleanview public U.S. data-center tracker,https://cleanview.co/data-centers/us,Individual facility or project from Cleanview's public geocoded U.S. data-center inventory.
Stream Data Center: DFW VIII –X,,Operating,Operating,Publicly tracked data-center facility,90.0,90 MW,4.0,"Dallas, TX",32.58404542,-96.70144147,Public tracker coordinates,Comanche Peak,TX,66.2,2430.0,Cleanview public U.S. data-center tracker,https://cleanview.co/data-centers/us,Individual facility or project from Cleanview's public geocoded U.S. data-center inventory.
EdgeCore Ashburn AS01,,Planned,Planned,Publicly tracked data-center facility,90.0,90 MW,4.0,"Loudoun, VA",39.02181203,-77.41467584,Public tracker coordinates,Calvert Cliffs Nuclear Power Plant,MD,66.3,1850.4,Cleanview public U.S. data-center tracker,https://cleanview.co/data-centers/us,Individual facility or project from Cleanview's public geocoded U.S. data-center inventory.
COL6,,Planned,Planned,Publicly tracked data-center facility,90.0,90 MW,4.0,"Franklin, OH",40.1907716,-83.0112662,Public tracker coordinates,Davis Besse,OH,97.2,925.2,Cleanview public U.S. data-center tracker,https://cleanview.co/data-centers/us,Individual facility or project from Cleanview's public geocoded U.S. data-center inventory.
CyrusOne DFW1,,Operating,Operating,Publicly tracked data-center facility,90.0,90 MW,4.0,"Dallas, TX",32.99209459,-96.93034414,Public tracker coordinates,Comanche Peak,TX,69.1,2430.0,Cleanview public U.S. data-center tracker,https://cleanview.co/data-centers/us,Individual facility or project from Cleanview's public geocoded U.S. data-center inventory.
Manassas Tech Center - Building C,,Planned,Planned,Publicly tracked data-center facility,89.7,90 MW,4.0,"Prince William, VA",38.764036,-77.53787,Public tracker coordinates,North Anna,VA,50.5,1959.4,Cleanview public U.S. data-center tracker,https://cleanview.co/data-centers/us,Individual facility or project from Cleanview's public geocoded U.S. data-center inventory.
Corscale Gainesville Crossing GCDC4,,Planned,Planned,Publicly tracked data-center facility,89.6,90 MW,4.0,"Prince William, VA",38.800684120294534,-77.57763899286154,Public tracker coordinates,North Anna,VA,52.4,1959.4,Cleanview public U.S. data-center tracker,https://cleanview.co/data-centers/us,Individual facility or project from Cleanview's public geocoded U.S. data-center inventory.
Corscale Gainesville Crossing GCDC5,,Planned,Planned,Publicly tracked data-center facility,89.6,90 MW,4.0,"Prince William, VA",38.80366274825903,-77.57753434697644,Public tracker coordinates,North Anna,VA,52.6,1959.4,Cleanview public U.S. data-center tracker,https://cleanview.co/data-centers/us,Individual facility or project from Cleanview's public geocoded U.S. data-center inventory.
CyrusOne NVA10,,Planned,Planned,Publicly tracked data-center facility,89.5,90 MW,4.0,"Loudoun, VA",38.958969,-77.5061194,Public tracker coordinates,North Anna,VA,64.0,1959.4,Cleanview public U.S. data-center tracker,https://cleanview.co/data-centers/us,Individual facility or project from Cleanview's public geocoded U.S. data-center inventory.
CyrusOne NVA9,,Operating,Operating,Publicly tracked data-center facility,89.5,90 MW,4.0,"Loudoun, VA",38.9579581,-77.5054503,Public tracker coordinates,North Anna,VA,63.9,1959.4,Cleanview public U.S. data-center tracker,https://cleanview.co/data-centers/us,Individual facility or project from Cleanview's public geocoded U.S. data-center inventory.
BlackChamber Brambleton - Building 3,,Planned,Planned,Publicly tracked data-center facility,89.3,89 MW,4.0,"Loudoun, VA",38.956443,-77.536432,Public tracker coordinates,North Anna,VA,63.4,1959.4,Cleanview public U.S. data-center tracker,https://cleanview.co/data-centers/us,Individual facility or project from Cleanview's public geocoded U.S. data-center inventory.
BlackChamber Brambleton - Building 1,,Planned,Planned,Publicly tracked data-center facility,89.3,89 MW,4.0,"Loudoun, VA",38.957404,-77.535894,Public tracker coordinates,North Anna,VA,63.5,1959.4,Cleanview public U.S. data-center tracker,https://cleanview.co/data-centers/us,Individual facility or project from Cleanview's public geocoded U.S. data-center inventory.
BlackChamber Brambleton - Building 2,,Planned,Planned,Publicly tracked data-center facility,89.3,89 MW,4.0,"Loudoun, VA",38.956652,-77.533279,Public tracker coordinates,North Anna,VA,63.5,1959.4,Cleanview public U.S. data-center tracker,https://cleanview.co/data-centers/us,Individual facility or project from Cleanview's public geocoded U.S. data-center inventory.
BlackChamber Brambleton - Building 4,,Planned,Planned,Publicly tracked data-center facility,89.3,89 MW,4.0,"Loudoun, VA",38.955728,-77.534008,Public tracker coordinates,North Anna,VA,63.4,1959.4,Cleanview public U.S. data-center tracker,https://cleanview.co/data-centers/us,Individual facility or project from Cleanview's public geocoded U.S. data-center inventory.
Google Douglas County - Building 1,,Operating,Operating,Publicly tracked data-center facility,89.0,89 MW,4.0,"Douglas, GA",33.7496635,-84.5846889,Public tracker coordinates,Sequoyah,TN,106.1,2441.0,Cleanview public U.S. data-center tracker,https://cleanview.co/data-centers/us,Individual facility or project from Cleanview's public geocoded U.S. data-center inventory.
Council Bluffs - Building 1,,Operating,Operating,Publicly tracked data-center facility,88.0,88 MW,4.0,"Pottawattamie, IA",41.221486,-95.863822,Public tracker coordinates,Cooper Nuclear Station,NE,60.5,801.0,Cleanview public U.S. data-center tracker,https://cleanview.co/data-centers/us,Individual facility or project from Cleanview's public geocoded U.S. data-center inventory.
Google Pryor - Building 2,,Operating,Operating,Publicly tracked data-center facility,87.5,88 MW,4.0,"Mayes, OK",36.2388357,-95.3248182,Public tracker coordinates,Arkansas Nuclear One,AR,133.5,1845.0,Cleanview public U.S. data-center tracker,https://cleanview.co/data-centers/us,Individual facility or project from Cleanview's public geocoded U.S. data-center inventory.
Microsoft LYH05,,Planned,Planned,Publicly tracked data-center facility,87.0,87 MW,4.0,"Mecklenburg, VA",36.778112,-78.468853,Public tracker coordinates,Harris (NC),NC,83.6,950.9,Cleanview public U.S. data-center tracker,https://cleanview.co/data-centers/us,Individual facility or project from Cleanview's public geocoded U.S. data-center inventory.
Microsoft LYH06,,Planned,Planned,Publicly tracked data-center facility,87.0,87 MW,4.0,"Mecklenburg, VA",36.779076,-78.469233,Public tracker coordinates,Harris (NC),NC,83.7,950.9,Cleanview public U.S. data-center tracker,https://cleanview.co/data-centers/us,Individual facility or project from Cleanview's public geocoded U.S. data-center inventory.
Microsoft LYH04,,Planned,Planned,Publicly tracked data-center facility,87.0,87 MW,4.0,"Mecklenburg, VA",36.777223,-78.468441,Public tracker coordinates,Harris (NC),NC,83.6,950.9,Cleanview public U.S. data-center tracker,https://cleanview.co/data-centers/us,Individual facility or project from Cleanview's public geocoded U.S. data-center inventory.
Microsoft AVC13,,Planned,Planned,Publicly tracked data-center facility,87.0,87 MW,4.0,"Mecklenburg, VA",36.712296,-78.067089,Public tracker coordinates,Surry,VA,81.8,1695.0,Cleanview public U.S. data-center tracker,https://cleanview.co/data-centers/us,Individual facility or project from Cleanview's public geocoded U.S. data-center inventory.
Microsoft AVC12,,Planned,Planned,Publicly tracked data-center facility,87.0,87 MW,4.0,"Mecklenburg, VA",36.710037,-78.066967,Public tracker coordinates,Surry,VA,81.9,1695.0,Cleanview public U.S. data-center tracker,https://cleanview.co/data-centers/us,Individual facility or project from Cleanview's public geocoded U.S. data-center inventory.
Microsoft SAT17,,Planned,Planned,Publicly tracked data-center facility,87.0,87 MW,4.0,"Bexar, TX",29.4721267,-98.6996292,Public tracker coordinates,South Texas Project,TX,166.7,2708.6,Cleanview public U.S. data-center tracker,https://cleanview.co/data-centers/us,Individual facility or project from Cleanview's public geocoded U.S. data-center inventory.
Microsoft SAT16,,Planned,Planned,Publicly tracked data-center facility,87.0,87 MW,4.0,"Bexar, TX",29.4713454,-98.6992331,Public tracker coordinates,South Texas Project,TX,166.7,2708.6,Cleanview public U.S. data-center tracker,https://cleanview.co/data-centers/us,Individual facility or project from Cleanview's public geocoded U.S. data-center inventory.
Microsoft AVC21,,Planned,Planned,Publicly tracked data-center facility,87.0,87 MW,4.0,"Mecklenburg, VA",36.632254,-78.517052,Public tracker coordinates,Harris (NC),NC,73.2,950.9,Cleanview public U.S. data-center tracker,https://cleanview.co/data-centers/us,Individual facility or project from Cleanview's public geocoded U.S. data-center inventory.
Microsoft AVC20,,Planned,Planned,Publicly tracked data-center facility,87.0,87 MW,4.0,"Mecklenburg, VA",36.632143,-78.515587,Public tracker coordinates,Harris (NC),NC,73.2,950.9,Cleanview public U.S. data-center tracker,https://cleanview.co/data-centers/us,Individual facility or project from Cleanview's public geocoded U.S. data-center inventory.
Meta Cheyenne - Building 2,,Planned,Planned,Publicly tracked data-center facility,87.0,87 MW,4.0,"Laramie, WY",41.076879,-104.826584,Public tracker coordinates,Cooper Nuclear Station,NE,483.3,801.0,Cleanview public U.S. data-center tracker,https://cleanview.co/data-centers/us,Individual facility or project from Cleanview's public geocoded U.S. data-center inventory.
Microsoft AVC19,,Planned,Planned,Publicly tracked data-center facility,87.0,87 MW,4.0,"Mecklenburg, VA",36.63079,-78.517771,Public tracker coordinates,Harris (NC),NC,73.1,950.9,Cleanview public U.S. data-center tracker,https://cleanview.co/data-centers/us,Individual facility or project from Cleanview's public geocoded U.S. data-center inventory.
CloudHQ LC3,,Operating,Operating,Publicly tracked data-center facility,87.0,87 MW,4.0,"Loudoun, VA",39.011212,-77.460405,Public tracker coordinates,Calvert Cliffs Nuclear Power Plant,MD,67.9,1850.4,Cleanview public U.S. data-center tracker,https://cleanview.co/data-centers/us,Individual facility or project from Cleanview's public geocoded U.S. data-center inventory.
Omaha - Building 2,,Operating,Operating,Publicly tracked data-center facility,86.9,87 MW,4.0,"Douglas, NE",41.34195,-96.0878,Public tracker coordinates,Cooper Nuclear Station,NE,71.6,801.0,Cleanview public U.S. data-center tracker,https://cleanview.co/data-centers/us,Individual facility or project from Cleanview's public geocoded U.S. data-center inventory.
Omaha - Building 1,,Operating,Operating,Publicly tracked data-center facility,86.9,87 MW,4.0,"Douglas, NE",41.33912,-96.08472,Public tracker coordinates,Cooper Nuclear Station,NE,71.3,801.0,Cleanview public U.S. data-center tracker,https://cleanview.co/data-centers/us,Individual facility or project from Cleanview's public geocoded U.S. data-center inventory.
Omaha - Building 5,,Planned,Planned,Publicly tracked data-center facility,86.9,87 MW,4.0,"Douglas, NE",41.348041,-96.09779,Public tracker coordinates,Cooper Nuclear Station,NE,72.1,801.0,Cleanview public U.S. data-center tracker,https://cleanview.co/data-centers/us,Individual facility or project from Cleanview's public geocoded U.S. data-center inventory.
Omaha - Building 3,,Operating,Operating,Publicly tracked data-center facility,86.9,87 MW,4.0,"Douglas, NE",41.34551,-96.09365,Public tracker coordinates,Cooper Nuclear Station,NE,71.9,801.0,Cleanview public U.S. data-center tracker,https://cleanview.co/data-centers/us,Individual facility or project from Cleanview's public geocoded U.S. data-center inventory.
Omaha - Building 4,,Planned,Planned,Publicly tracked data-center facility,86.9,87 MW,4.0,"Douglas, NE",41.345686,-96.097917,Public tracker coordinates,Cooper Nuclear Station,NE,72.0,801.0,Cleanview public U.S. data-center tracker,https://cleanview.co/data-centers/us,Individual facility or project from Cleanview's public geocoded U.S. data-center inventory.
AWS IAD-180 Light Speed Plaza,,Planned,Planned,Publicly tracked data-center facility,86.8,87 MW,4.0,"Loudoun, VA",38.98110593,-77.49422246,Public tracker coordinates,North Anna,VA,65.6,1959.4,Cleanview public U.S. data-center tracker,https://cleanview.co/data-centers/us,Individual facility or project from Cleanview's public geocoded U.S. data-center inventory.
AWS IAD-182 Light Speed Plaza,,Planned,Planned,Publicly tracked data-center facility,86.8,87 MW,4.0,"Loudoun, VA",38.98065681,-77.49568121,Public tracker coordinates,North Anna,VA,65.6,1959.4,Cleanview public U.S. data-center tracker,https://cleanview.co/data-centers/us,Individual facility or project from Cleanview's public geocoded U.S. data-center inventory.
CoreSite VA3,,Operating,Operating,Publicly tracked data-center facility,86.7,87 MW,4.0,"Fairfax, VA",38.950916,-77.36452,Public tracker coordinates,Calvert Cliffs Nuclear Power Plant,MD,61.2,1850.4,Cleanview public U.S. data-center tracker,https://cleanview.co/data-centers/us,Individual facility or project from Cleanview's public geocoded U.S. data-center inventory.
Columbus - Building 1,,Operating,Operating,Publicly tracked data-center facility,85.8,86 MW,4.0,"Franklin, OH",39.85205,-82.99471,Public tracker coordinates,Davis Besse,OH,120.6,925.2,Cleanview public U.S. data-center tracker,https://cleanview.co/data-centers/us,Individual facility or project from Cleanview's public geocoded U.S. data-center inventory.
Columbus - Building 2,,Operating,Operating,Publicly tracked data-center facility,85.8,86 MW,4.0,"Franklin, OH",39.8466,-82.99457,Public tracker coordinates,Davis Besse,OH,121.0,925.2,Cleanview public U.S. data-center tracker,https://cleanview.co/data-centers/us,Individual facility or project from Cleanview's public geocoded U.S. data-center inventory.
Digital Realty IAD56,,Planned,Planned,Publicly tracked data-center facility,85.1,85 MW,4.0,"Loudoun, VA",39.0139318,-77.4565,Public tracker coordinates,Calvert Cliffs Nuclear Power Plant,MD,67.8,1850.4,Cleanview public U.S. data-center tracker,https://cleanview.co/data-centers/us,Individual facility or project from Cleanview's public geocoded U.S. data-center inventory.
QTS Suwanee 1,,Operating,Operating,Publicly tracked data-center facility,85.0,85 MW,4.0,"Gwinnett, GA",34.0352667,-84.0613078,Public tracker coordinates,Oconee,SC,84.5,2666.7,Cleanview public U.S. data-center tracker,https://cleanview.co/data-centers/us,Individual facility or project from Cleanview's public geocoded U.S. data-center inventory.
AWS IAD-181 Light Speed Plaza,,Planned,Planned,Publicly tracked data-center facility,84.2,84 MW,4.0,"Loudoun, VA",38.97944636,-77.49328754,Public tracker coordinates,North Anna,VA,65.5,1959.4,Cleanview public U.S. data-center tracker,https://cleanview.co/data-centers/us,Individual facility or project from Cleanview's public geocoded U.S. data-center inventory.
AWS IAD-183 Light Speed Plaza,,Planned,Planned,Publicly tracked data-center facility,84.2,84 MW,4.0,"Loudoun, VA",38.97892796,-77.49472002,Public tracker coordinates,North Anna,VA,65.5,1959.4,Cleanview public U.S. data-center tracker,https://cleanview.co/data-centers/us,Individual facility or project from Cleanview's public geocoded U.S. data-center inventory.
NTT Gainesville VA13,,Planned,Planned,Publicly tracked data-center facility,84.0,84 MW,4.0,"Prince William, VA",38.802576236452225,-77.61481644000615,Public tracker coordinates,North Anna,VA,52.2,1959.4,Cleanview public U.S. data-center tracker,https://cleanview.co/data-centers/us,Individual facility or project from Cleanview's public geocoded U.S. data-center inventory.
CyrusOne NVA1-3,,Operating,Operating,Publicly tracked data-center facility,84.0,84 MW,4.0,"Loudoun, VA",39.025947,-77.414523,Public tracker coordinates,Calvert Cliffs Nuclear Power Plant,MD,66.5,1850.4,Cleanview public U.S. data-center tracker,https://cleanview.co/data-centers/us,Individual facility or project from Cleanview's public geocoded U.S. data-center inventory.
SDC Austin,,Operating,Operating,Publicly tracked data-center facility,84.0,84 MW,4.0,"Williamson, TX",30.4880122,-97.6471123,Public tracker coordinates,Comanche Peak,TX,125.3,2430.0,Cleanview public U.S. data-center tracker,https://cleanview.co/data-centers/us,Individual facility or project from Cleanview's public geocoded U.S. data-center inventory.
Vantage VA42,,Planned,Planned,Publicly tracked data-center facility,83.2,83 MW,4.0,"Stafford, VA",38.3905,-77.464,Public tracker coordinates,North Anna,VA,28.9,1959.4,Cleanview public U.S. data-center tracker,https://cleanview.co/data-centers/us,Individual facility or project from Cleanview's public geocoded U.S. data-center inventory.
Vantage VA43,,Planned,Planned,Publicly tracked data-center facility,83.2,83 MW,4.0,"Stafford, VA",38.3898,-77.463,Public tracker coordinates,North Anna,VA,28.9,1959.4,Cleanview public U.S. data-center tracker,https://cleanview.co/data-centers/us,Individual facility or project from Cleanview's public geocoded U.S. data-center inventory.
Vantage CA3,,Operating,Operating,Publicly tracked data-center facility,83.2,83 MW,4.0,"Santa Clara, CA",37.370735,-121.97451,Public tracker coordinates,Diablo Canyon,CA,161.7,2323.0,Cleanview public U.S. data-center tracker,https://cleanview.co/data-centers/us,Individual facility or project from Cleanview's public geocoded U.S. data-center inventory.
Vantage WA13,,Operating,Operating,Publicly tracked data-center facility,83.2,83 MW,4.0,"Grant, WA",47.252528,-119.813623,Public tracker coordinates,Columbia Generating Station,WA,58.6,1200.0,Cleanview public U.S. data-center tracker,https://cleanview.co/data-centers/us,Individual facility or project from Cleanview's public geocoded U.S. data-center inventory.
Vantage NV11,,Operating,Operating,Publicly tracked data-center facility,83.2,83 MW,4.0,"Storey, NV",39.551959,-119.478657,Public tracker coordinates,Diablo Canyon,CA,309.3,2323.0,Cleanview public U.S. data-center tracker,https://cleanview.co/data-centers/us,Individual facility or project from Cleanview's public geocoded U.S. data-center inventory.
Vantage OH13,,Planned,Planned,Publicly tracked data-center facility,83.2,83 MW,4.0,"Licking, OH",40.098765,-82.747243,Public tracker coordinates,Davis Besse,OH,105.0,925.2,Cleanview public U.S. data-center tracker,https://cleanview.co/data-centers/us,Individual facility or project from Cleanview's public geocoded U.S. data-center inventory.
Vantage OH12,,Planned,Planned,Publicly tracked data-center facility,83.2,83 MW,4.0,"Licking, OH",40.100531,-82.747116,Public tracker coordinates,Davis Besse,OH,104.9,925.2,Cleanview public U.S. data-center tracker,https://cleanview.co/data-centers/us,Individual facility or project from Cleanview's public geocoded U.S. data-center inventory.
Vantage OH11,,Operating,Operating,Publicly tracked data-center facility,83.2,83 MW,4.0,"Licking, OH",40.102498,-82.746954,Public tracker coordinates,Davis Besse,OH,104.7,925.2,Cleanview public U.S. data-center tracker,https://cleanview.co/data-centers/us,Individual facility or project from Cleanview's public geocoded U.S. data-center inventory.
Vantage VA41,,Planned,Planned,Publicly tracked data-center facility,83.2,83 MW,4.0,"Stafford, VA",38.39128353,-77.465087,Public tracker coordinates,North Anna,VA,28.9,1959.4,Cleanview public U.S. data-center tracker,https://cleanview.co/data-centers/us,Individual facility or project from Cleanview's public geocoded U.S. data-center inventory.
Core Scientific: Muskogee 2,,Planned,Planned,Publicly tracked data-center facility,82.5,82 MW,4.0,"Muskogee, OK",35.6923441,-95.3929433,Public tracker coordinates,Arkansas Nuclear One,AR,124.2,1845.0,Cleanview public U.S. data-center tracker,https://cleanview.co/data-centers/us,Individual facility or project from Cleanview's public geocoded U.S. data-center inventory.
Jay Androscoggin Mill Data Center,,Planned,Planned,Publicly tracked data-center facility,82.0,82 MW,4.0,"Franklin, ME",44.5049582,-70.2385486,Public tracker coordinates,Seabrook,NH,115.1,1242.0,Cleanview public U.S. data-center tracker,https://cleanview.co/data-centers/us,Individual facility or project from Cleanview's public geocoded U.S. data-center inventory.
Digital Realty IAD43,,Operating,Operating,Publicly tracked data-center facility,81.8,82 MW,4.0,"Loudoun, VA",39.001754,-77.452708,Public tracker coordinates,Calvert Cliffs Nuclear Power Plant,MD,67.1,1850.4,Cleanview public U.S. data-center tracker,https://cleanview.co/data-centers/us,Individual facility or project from Cleanview's public geocoded U.S. data-center inventory.
Microsoft SAT12,,Operating,Operating,Publicly tracked data-center facility,81.0,81 MW,4.0,"Bexar, TX",29.415772,-98.804537,Public tracker coordinates,South Texas Project,TX,171.8,2708.6,Cleanview public U.S. data-center tracker,https://cleanview.co/data-centers/us,Individual facility or project from Cleanview's public geocoded U.S. data-center inventory.
Microsoft SAT11,,Operating,Operating,Publicly tracked data-center facility,81.0,81 MW,4.0,"Bexar, TX",29.415785,-98.803328,Public tracker coordinates,South Texas Project,TX,171.8,2708.6,Cleanview public U.S. data-center tracker,https://cleanview.co/data-centers/us,Individual facility or project from Cleanview's public geocoded U.S. data-center inventory.
Microsoft SAT13,,Operating,Operating,Publicly tracked data-center facility,81.0,81 MW,4.0,"Bexar, TX",29.41302,-98.806396,Public tracker coordinates,South Texas Project,TX,171.9,2708.6,Cleanview public U.S. data-center tracker,https://cleanview.co/data-centers/us,Individual facility or project from Cleanview's public geocoded U.S. data-center inventory.
Microsoft SAT15,,Operating,Operating,Publicly tracked data-center facility,80.0,80 MW,4.0,"Bexar, TX",29.47022,-98.69884,Public tracker coordinates,South Texas Project,TX,166.6,2708.6,Cleanview public U.S. data-center tracker,https://cleanview.co/data-centers/us,Individual facility or project from Cleanview's public geocoded U.S. data-center inventory.
QTS Ashburn 3 DC1,,Operating,Operating,Publicly tracked data-center facility,80.0,80 MW,4.0,"Loudoun, VA",38.998079,-77.475571,Public tracker coordinates,North Anna,VA,67.0,1959.4,Cleanview public U.S. data-center tracker,https://cleanview.co/data-centers/us,Individual facility or project from Cleanview's public geocoded U.S. data-center inventory.
Google Clarksville - Building 4,,Operating,Operating,Publicly tracked data-center facility,80.0,80 MW,4.0,"Montgomery, TN",36.6240464,-87.2569327,Public tracker coordinates,Browns Ferry,AL,132.9,3854.0,Cleanview public U.S. data-center tracker,https://cleanview.co/data-centers/us,Individual facility or project from Cleanview's public geocoded U.S. data-center inventory.
TECfusions Clarksville,,Operating,Operating,Publicly tracked data-center facility,80.0,80 MW,4.0,"Mecklenburg, VA",36.60103301,-78.55016914,Public tracker coordinates,Harris (NC),NC,70.6,950.9,Cleanview public U.S. data-center tracker,https://cleanview.co/data-centers/us,Individual facility or project from Cleanview's public geocoded U.S. data-center inventory.
Google Douglas County - Building 2 Phase 1,,Operating,Operating,Publicly tracked data-center facility,79.0,79 MW,4.0,"Douglas, GA",33.7521403,-84.5870973,Public tracker coordinates,Sequoyah,TN,105.9,2441.0,Cleanview public U.S. data-center tracker,https://cleanview.co/data-centers/us,Individual facility or project from Cleanview's public geocoded U.S. data-center inventory.
The Dalles - Building 5,,Operating,Operating,Publicly tracked data-center facility,79.0,79 MW,4.0,"Wasco, OR",45.6384132,-121.2026383,Public tracker coordinates,Columbia Generating Station,WA,106.5,1200.0,Cleanview public U.S. data-center tracker,https://cleanview.co/data-centers/us,Individual facility or project from Cleanview's public geocoded U.S. data-center inventory.
QTS Cedar Rapids - Building 1,,Planned,Planned,Publicly tracked data-center facility,78.7,79 MW,4.0,"Linn, IA",41.91223,-91.7548,Public tracker coordinates,Quad Cities Generating Station,IL,75.5,2018.6,Cleanview public U.S. data-center tracker,https://cleanview.co/data-centers/us,Individual facility or project from Cleanview's public geocoded U.S. data-center inventory.
QTS Ashburn 3 DC2,,Operating,Operating,Publicly tracked data-center facility,77.5,78 MW,4.0,"Loudoun, VA",38.998772,-77.474264,Public tracker coordinates,North Anna,VA,67.1,1959.4,Cleanview public U.S. data-center tracker,https://cleanview.co/data-centers/us,Individual facility or project from Cleanview's public geocoded U.S. data-center inventory.
QTS Ashburn 1 DC1,,Operating,Operating,Publicly tracked data-center facility,77.0,77 MW,4.0,"Loudoun, VA",38.999515,-77.450171,Public tracker coordinates,Calvert Cliffs Nuclear Power Plant,MD,66.9,1850.4,Cleanview public U.S. data-center tracker,https://cleanview.co/data-centers/us,Individual facility or project from Cleanview's public geocoded U.S. data-center inventory.
Stack Infrastructure SVY03A,,Planned,Planned,Publicly tracked data-center facility,77.0,77 MW,4.0,"Alameda, CA",37.62674623,-122.1205073,Public tracker coordinates,Diablo Canyon,CA,181.1,2323.0,Cleanview public U.S. data-center tracker,https://cleanview.co/data-centers/us,Individual facility or project from Cleanview's public geocoded U.S. data-center inventory.
Manassas Tech Center - Building A,,Planned,Planned,Publicly tracked data-center facility,77.0,77 MW,4.0,"Prince William, VA",38.761305,-77.539339,Public tracker coordinates,North Anna,VA,50.3,1959.4,Cleanview public U.S. data-center tracker,https://cleanview.co/data-centers/us,Individual facility or project from Cleanview's public geocoded U.S. data-center inventory.
AWS Susquehanna - Building 1,,Operating,Operating,Publicly tracked data-center facility,77.0,77 MW,4.0,"Luzerne, PA",41.083787,-76.143383,Public tracker coordinates,TalenEnergy Susquehanna,PA,0.6,2532.0,Cleanview public U.S. data-center tracker,https://cleanview.co/data-centers/us,Individual facility or project from Cleanview's public geocoded U.S. data-center inventory.
Manassas Tech Center - Building B,,Planned,Planned,Publicly tracked data-center facility,77.0,77 MW,4.0,"Prince William, VA",38.762985,-77.539702,Public tracker coordinates,North Anna,VA,50.4,1959.4,Cleanview public U.S. data-center tracker,https://cleanview.co/data-centers/us,Individual facility or project from Cleanview's public geocoded U.S. data-center inventory.
AWS IAD-612 Technology Drive,,Planned,Planned,Publicly tracked data-center facility,76.3,76 MW,4.0,"Manassas City, VA",38.7465937,-77.4972223,Public tracker coordinates,North Anna,VA,50.0,1959.4,Cleanview public U.S. data-center tracker,https://cleanview.co/data-centers/us,Individual facility or project from Cleanview's public geocoded U.S. data-center inventory.
Lancaster - Building 2,,Operating,Operating,Publicly tracked data-center facility,75.9,76 MW,4.0,"Fairfield, OH",39.72416,-82.68763,Public tracker coordinates,Davis Besse,OH,131.1,925.2,Cleanview public U.S. data-center tracker,https://cleanview.co/data-centers/us,Individual facility or project from Cleanview's public geocoded U.S. data-center inventory.
AWS Jeffersonville Building 18,,Planned,Planned,Publicly tracked data-center facility,75.6,76 MW,4.0,"Fayette, OH",39.633962,-83.571865,Public tracker coordinates,Davis Besse,OH,138.0,925.2,Cleanview public U.S. data-center tracker,https://cleanview.co/data-centers/us,Individual facility or project from Cleanview's public geocoded U.S. data-center inventory.
AWS Beech Road Building 5,,Planned,Planned,Publicly tracked data-center facility,75.6,76 MW,4.0,"Licking, OH",40.115982,-82.756772,Public tracker coordinates,Davis Besse,OH,103.7,925.2,Cleanview public U.S. data-center tracker,https://cleanview.co/data-centers/us,Individual facility or project from Cleanview's public geocoded U.S. data-center inventory.
AWS Beech Road Building 6,,Planned,Planned,Publicly tracked data-center facility,75.6,76 MW,4.0,"Licking, OH",40.116782,-82.760131,Public tracker coordinates,Davis Besse,OH,103.7,925.2,Cleanview public U.S. data-center tracker,https://cleanview.co/data-centers/us,Individual facility or project from Cleanview's public geocoded U.S. data-center inventory.
AWS Jeffersonville Building 8,,Planned,Planned,Publicly tracked data-center facility,75.6,76 MW,4.0,"Fayette, OH",39.635073,-83.566145,Public tracker coordinates,Davis Besse,OH,137.9,925.2,Cleanview public U.S. data-center tracker,https://cleanview.co/data-centers/us,Individual facility or project from Cleanview's public geocoded U.S. data-center inventory.
AWS Jeffersonville Building 7,,Planned,Planned,Publicly tracked data-center facility,75.6,76 MW,4.0,"Fayette, OH",39.635073,-83.569092,Public tracker coordinates,Davis Besse,OH,137.9,925.2,Cleanview public U.S. data-center tracker,https://cleanview.co/data-centers/us,Individual facility or project from Cleanview's public geocoded U.S. data-center inventory.
AWS Beech Road Building 7,,Planned,Planned,Publicly tracked data-center facility,75.6,76 MW,4.0,"Licking, OH",40.116782,-82.759011,Public tracker coordinates,Davis Besse,OH,103.7,925.2,Cleanview public U.S. data-center tracker,https://cleanview.co/data-centers/us,Individual facility or project from Cleanview's public geocoded U.S. data-center inventory.
AWS Jeffersonville Building 16,,Planned,Planned,Publicly tracked data-center facility,75.6,76 MW,4.0,"Fayette, OH",39.633743,-83.566097,Public tracker coordinates,Davis Besse,OH,137.9,925.2,Cleanview public U.S. data-center tracker,https://cleanview.co/data-centers/us,Individual facility or project from Cleanview's public geocoded U.S. data-center inventory.
AWS Beech Road Building 1,,Planned,Planned,Publicly tracked data-center facility,75.6,76 MW,4.0,"Licking, OH",40.117097,-82.754585,Public tracker coordinates,Davis Besse,OH,103.7,925.2,Cleanview public U.S. data-center tracker,https://cleanview.co/data-centers/us,Individual facility or project from Cleanview's public geocoded U.S. data-center inventory.
AWS Beech Road Building 8,,Planned,Planned,Publicly tracked data-center facility,75.6,76 MW,4.0,"Licking, OH",40.116782,-82.757892,Public tracker coordinates,Davis Besse,OH,103.7,925.2,Cleanview public U.S. data-center tracker,https://cleanview.co/data-centers/us,Individual facility or project from Cleanview's public geocoded U.S. data-center inventory.
Corscale Gainesville Crossing GCDC3,,Operating,Operating,Publicly tracked data-center facility,75.6,76 MW,4.0,"Prince William, VA",38.79956791576149,-77.58063110648109,Public tracker coordinates,North Anna,VA,52.3,1959.4,Cleanview public U.S. data-center tracker,https://cleanview.co/data-centers/us,Individual facility or project from Cleanview's public geocoded U.S. data-center inventory.
AWS Jeffersonville Building 6,,Planned,Planned,Publicly tracked data-center facility,75.6,76 MW,4.0,"Fayette, OH",39.625578,-83.587536,Public tracker coordinates,Davis Besse,OH,138.7,925.2,Cleanview public U.S. data-center tracker,https://cleanview.co/data-centers/us,Individual facility or project from Cleanview's public geocoded U.S. data-center inventory.
AWS Jeffersonville Building 5,,Planned,Planned,Publicly tracked data-center facility,75.6,76 MW,4.0,"Fayette, OH",39.627653,-83.585983,Public tracker coordinates,Davis Besse,OH,138.6,925.2,Cleanview public U.S. data-center tracker,https://cleanview.co/data-centers/us,Individual facility or project from Cleanview's public geocoded U.S. data-center inventory.
AWS Jeffersonville Building 4,,Planned,Planned,Publicly tracked data-center facility,75.6,76 MW,4.0,"Fayette, OH",39.627092,-83.584969,Public tracker coordinates,Davis Besse,OH,138.6,925.2,Cleanview public U.S. data-center tracker,https://cleanview.co/data-centers/us,Individual facility or project from Cleanview's public geocoded U.S. data-center inventory.
AWS Jeffersonville Building 22,,Planned,Planned,Publicly tracked data-center facility,75.6,76 MW,4.0,"Fayette, OH",39.63755,-83.561502,Public tracker coordinates,Davis Besse,OH,137.6,925.2,Cleanview public U.S. data-center tracker,https://cleanview.co/data-centers/us,Individual facility or project from Cleanview's public geocoded U.S. data-center inventory.
AWS Jeffersonville Building 10,,Planned,Planned,Publicly tracked data-center facility,75.6,76 MW,4.0,"Fayette, OH",39.621551,-83.590673,Public tracker coordinates,Davis Besse,OH,139.0,925.2,Cleanview public U.S. data-center tracker,https://cleanview.co/data-centers/us,Individual facility or project from Cleanview's public geocoded U.S. data-center inventory.
AWS Jeffersonville Building 17,,Planned,Planned,Publicly tracked data-center facility,75.6,76 MW,4.0,"Fayette, OH",39.632913,-83.566034,Public tracker coordinates,Davis Besse,OH,138.0,925.2,Cleanview public U.S. data-center tracker,https://cleanview.co/data-centers/us,Individual facility or project from Cleanview's public geocoded U.S. data-center inventory.
AWS Jeffersonville Building 11,,Planned,Planned,Publicly tracked data-center facility,75.6,76 MW,4.0,"Fayette, OH",39.623638,-83.589136,Public tracker coordinates,Davis Besse,OH,138.9,925.2,Cleanview public U.S. data-center tracker,https://cleanview.co/data-centers/us,Individual facility or project from Cleanview's public geocoded U.S. data-center inventory.
AWS Jeffersonville Building 21,,Planned,Planned,Publicly tracked data-center facility,75.6,76 MW,4.0,"Fayette, OH",39.631424,-83.566034,Public tracker coordinates,Davis Besse,OH,138.1,925.2,Cleanview public U.S. data-center tracker,https://cleanview.co/data-centers/us,Individual facility or project from Cleanview's public geocoded U.S. data-center inventory.
AWS Jeffersonville Building 12,,Planned,Planned,Publicly tracked data-center facility,75.6,76 MW,4.0,"Fayette, OH",39.622515,-83.591196,Public tracker coordinates,Davis Besse,OH,139.0,925.2,Cleanview public U.S. data-center tracker,https://cleanview.co/data-centers/us,Individual facility or project from Cleanview's public geocoded U.S. data-center inventory.
AWS Jeffersonville Building 15,,Planned,Planned,Publicly tracked data-center facility,75.6,76 MW,4.0,"Fayette, OH",39.628715,-83.586791,Public tracker coordinates,Davis Besse,OH,138.5,925.2,Cleanview public U.S. data-center tracker,https://cleanview.co/data-centers/us,Individual facility or project from Cleanview's public geocoded U.S. data-center inventory.
AWS Jeffersonville Building 9,,Planned,Planned,Publicly tracked data-center facility,75.6,76 MW,4.0,"Fayette, OH",39.622869,-83.588455,Public tracker coordinates,Davis Besse,OH,138.9,925.2,Cleanview public U.S. data-center tracker,https://cleanview.co/data-centers/us,Individual facility or project from Cleanview's public geocoded U.S. data-center inventory.
AWS Jeffersonville Building 23,,Planned,Planned,Publicly tracked data-center facility,75.6,76 MW,4.0,"Fayette, OH",39.636549,-83.562326,Public tracker coordinates,Davis Besse,OH,137.7,925.2,Cleanview public U.S. data-center tracker,https://cleanview.co/data-centers/us,Individual facility or project from Cleanview's public geocoded U.S. data-center inventory.
AWS Beech Road Building 2,,Planned,Planned,Publicly tracked data-center facility,75.6,76 MW,4.0,"Licking, OH",40.115982,-82.760131,Public tracker coordinates,Davis Besse,OH,103.7,925.2,Cleanview public U.S. data-center tracker,https://cleanview.co/data-centers/us,Individual facility or project from Cleanview's public geocoded U.S. data-center inventory.
AWS Jeffersonville Building 14,,Planned,Planned,Publicly tracked data-center facility,75.6,76 MW,4.0,"Fayette, OH",39.626445,-83.588439,Public tracker coordinates,Davis Besse,OH,138.7,925.2,Cleanview public U.S. data-center tracker,https://cleanview.co/data-centers/us,Individual facility or project from Cleanview's public geocoded U.S. data-center inventory.
AWS Jeffersonville Building 19,,Planned,Planned,Publicly tracked data-center facility,75.6,76 MW,4.0,"Fayette, OH",39.632718,-83.571833,Public tracker coordinates,Davis Besse,OH,138.1,925.2,Cleanview public U.S. data-center tracker,https://cleanview.co/data-centers/us,Individual facility or project from Cleanview's public geocoded U.S. data-center inventory.
AWS Beech Road Building 3,,Planned,Planned,Publicly tracked data-center facility,75.6,76 MW,4.0,"Licking, OH",40.115982,-82.759011,Public tracker coordinates,Davis Besse,OH,103.7,925.2,Cleanview public U.S. data-center tracker,https://cleanview.co/data-centers/us,Individual facility or project from Cleanview's public geocoded U.S. data-center inventory.
AWS Jeffersonville Building 20,,Planned,Planned,Publicly tracked data-center facility,75.6,76 MW,4.0,"Fayette, OH",39.631204,-83.569108,Public tracker coordinates,Davis Besse,OH,138.1,925.2,Cleanview public U.S. data-center tracker,https://cleanview.co/data-centers/us,Individual facility or project from Cleanview's public geocoded U.S. data-center inventory.
AWS Beech Road Building 4,,Planned,Planned,Publicly tracked data-center facility,75.6,76 MW,4.0,"Licking, OH",40.115982,-82.757892,Public tracker coordinates,Davis Besse,OH,103.7,925.2,Cleanview public U.S. data-center tracker,https://cleanview.co/data-centers/us,Individual facility or project from Cleanview's public geocoded U.S. data-center inventory.
AWS Cosmos Building 2,,Planned,Planned,Publicly tracked data-center facility,75.6,76 MW,4.0,"Union, OH",40.2193,-83.3242,Public tracker coordinates,Davis Besse,OH,96.0,925.2,Cleanview public U.S. data-center tracker,https://cleanview.co/data-centers/us,Individual facility or project from Cleanview's public geocoded U.S. data-center inventory.
AWS Beech Road Building 11,,Planned,Planned,Publicly tracked data-center facility,75.6,76 MW,4.0,"Licking, OH",40.117582,-82.759011,Public tracker coordinates,Davis Besse,OH,103.6,925.2,Cleanview public U.S. data-center tracker,https://cleanview.co/data-centers/us,Individual facility or project from Cleanview's public geocoded U.S. data-center inventory.
AWS Beech Road Building 9,,Planned,Planned,Publicly tracked data-center facility,75.6,76 MW,4.0,"Licking, OH",40.116782,-82.756772,Public tracker coordinates,Davis Besse,OH,103.7,925.2,Cleanview public U.S. data-center tracker,https://cleanview.co/data-centers/us,Individual facility or project from Cleanview's public geocoded U.S. data-center inventory.
AWS Beech Road Building 10,,Planned,Planned,Publicly tracked data-center facility,75.6,76 MW,4.0,"Licking, OH",40.117582,-82.760131,Public tracker coordinates,Davis Besse,OH,103.6,925.2,Cleanview public U.S. data-center tracker,https://cleanview.co/data-centers/us,Individual facility or project from Cleanview's public geocoded U.S. data-center inventory.
AWS Jeffersonville Building 1,,Planned,Planned,Publicly tracked data-center facility,75.6,76 MW,4.0,"Fayette, OH",39.632901,-83.569029,Public tracker coordinates,Davis Besse,OH,138.0,925.2,Cleanview public U.S. data-center tracker,https://cleanview.co/data-centers/us,Individual facility or project from Cleanview's public geocoded U.S. data-center inventory.
AWS Jeffersonville Building 3,,Planned,Planned,Publicly tracked data-center facility,75.6,76 MW,4.0,"Fayette, OH",39.625847,-83.584113,Public tracker coordinates,Davis Besse,OH,138.7,925.2,Cleanview public U.S. data-center tracker,https://cleanview.co/data-centers/us,Individual facility or project from Cleanview's public geocoded U.S. data-center inventory.
Stack Infrastructure POR03F,,Planned,Planned,Publicly tracked data-center facility,75.6,76 MW,4.0,"Washington, OR",45.5519397,-122.9378134,Public tracker coordinates,Columbia Generating Station,WA,184.2,1200.0,Cleanview public U.S. data-center tracker,https://cleanview.co/data-centers/us,Individual facility or project from Cleanview's public geocoded U.S. data-center inventory.
AWS Jeffersonville Building 13,,Planned,Planned,Publicly tracked data-center facility,75.6,76 MW,4.0,"Fayette, OH",39.62459,-83.586411,Public tracker coordinates,Davis Besse,OH,138.8,925.2,Cleanview public U.S. data-center tracker,https://cleanview.co/data-centers/us,Individual facility or project from Cleanview's public geocoded U.S. data-center inventory.
AWS Jeffersonville Building 2,,Planned,Planned,Publicly tracked data-center facility,75.6,76 MW,4.0,"Fayette, OH",39.633657,-83.568934,Public tracker coordinates,Davis Besse,OH,138.0,925.2,Cleanview public U.S. data-center tracker,https://cleanview.co/data-centers/us,Individual facility or project from Cleanview's public geocoded U.S. data-center inventory.
AWS Beech Road Building 12,,Planned,Planned,Publicly tracked data-center facility,75.6,76 MW,4.0,"Licking, OH",40.117582,-82.757892,Public tracker coordinates,Davis Besse,OH,103.6,925.2,Cleanview public U.S. data-center tracker,https://cleanview.co/data-centers/us,Individual facility or project from Cleanview's public geocoded U.S. data-center inventory.
AWS IAD-667 Celtic Park Drive,,Planned,Planned,Publicly tracked data-center facility,75.3,75 MW,4.0,"Loudoun, VA",39.05779569,-77.54674298,Public tracker coordinates,North Anna,VA,70.2,1959.4,Cleanview public U.S. data-center tracker,https://cleanview.co/data-centers/us,Individual facility or project from Cleanview's public geocoded U.S. data-center inventory.
AWS Project Green - Building 14,,Planned,Planned,Publicly tracked data-center facility,75.0,75 MW,4.0,"Montgomery, MO",38.905561000000006,-91.421359,Public tracker coordinates,Callaway,MO,21.7,1235.8,Cleanview public U.S. data-center tracker,https://cleanview.co/data-centers/us,Individual facility or project from Cleanview's public geocoded U.S. data-center inventory.
AWS Calvert Technology Center - Building 1,,Planned,Planned,Publicly tracked data-center facility,75.0,75 MW,4.0,"Calvert, MD",38.433678,-76.463996,Public tracker coordinates,Calvert Cliffs Nuclear Power Plant,MD,1.2,1850.4,Cleanview public U.S. data-center tracker,https://cleanview.co/data-centers/us,Individual facility or project from Cleanview's public geocoded U.S. data-center inventory.
Midlothian - Building 2,,Operating,Operating,Publicly tracked data-center facility,75.0,75 MW,4.0,"Ellis, TX",32.44213,-97.06249,Public tracker coordinates,Comanche Peak,TX,43.3,2430.0,Cleanview public U.S. data-center tracker,https://cleanview.co/data-centers/us,Individual facility or project from Cleanview's public geocoded U.S. data-center inventory.
AWS Calvert Technology Center - Building 3,,Planned,Planned,Publicly tracked data-center facility,75.0,75 MW,4.0,"Calvert, MD",38.423298,-76.460605,Public tracker coordinates,Calvert Cliffs Nuclear Power Plant,MD,1.3,1850.4,Cleanview public U.S. data-center tracker,https://cleanview.co/data-centers/us,Individual facility or project from Cleanview's public geocoded U.S. data-center inventory.
AWS Calvert Technology Center - Building 4,,Planned,Planned,Publicly tracked data-center facility,75.0,75 MW,4.0,"Calvert, MD",38.422837,-76.459535,Public tracker coordinates,Calvert Cliffs Nuclear Power Plant,MD,1.3,1850.4,Cleanview public U.S. data-center tracker,https://cleanview.co/data-centers/us,Individual facility or project from Cleanview's public geocoded U.S. data-center inventory.
AWS Calvert Technology Center - Building 5,,Planned,Planned,Publicly tracked data-center facility,75.0,75 MW,4.0,"Calvert, MD",38.418252,-76.449978,Public tracker coordinates,Calvert Cliffs Nuclear Power Plant,MD,1.2,1850.4,Cleanview public U.S. data-center tracker,https://cleanview.co/data-centers/us,Individual facility or project from Cleanview's public geocoded U.S. data-center inventory.
Midlothian - Building 1,,Operating,Operating,Publicly tracked data-center facility,75.0,75 MW,4.0,"Ellis, TX",32.44356,-97.06333,Public tracker coordinates,Comanche Peak,TX,43.3,2430.0,Cleanview public U.S. data-center tracker,https://cleanview.co/data-centers/us,Individual facility or project from Cleanview's public geocoded U.S. data-center inventory.
AWS Calvert Technology Center - Building 6,,Planned,Planned,Publicly tracked data-center facility,75.0,75 MW,4.0,"Calvert, MD",38.416156,-76.448619,Public tracker coordinates,Calvert Cliffs Nuclear Power Plant,MD,1.3,1850.4,Cleanview public U.S. data-center tracker,https://cleanview.co/data-centers/us,Individual facility or project from Cleanview's public geocoded U.S. data-center inventory.
AWS Calvert Technology Center - Building 7,,Planned,Planned,Publicly tracked data-center facility,75.0,75 MW,4.0,"Calvert, MD",38.415324,-76.448322,Public tracker coordinates,Calvert Cliffs Nuclear Power Plant,MD,1.4,1850.4,Cleanview public U.S. data-center tracker,https://cleanview.co/data-centers/us,Individual facility or project from Cleanview's public geocoded U.S. data-center inventory.
AWS Calvert Technology Center - Building 8,,Planned,Planned,Publicly tracked data-center facility,75.0,75 MW,4.0,"Calvert, MD",38.416655,-76.4507,Public tracker coordinates,Calvert Cliffs Nuclear Power Plant,MD,1.3,1850.4,Cleanview public U.S. data-center tracker,https://cleanview.co/data-centers/us,Individual facility or project from Cleanview's public geocoded U.S. data-center inventory.
AWS Project Green - Building 12,,Planned,Planned,Publicly tracked data-center facility,75.0,75 MW,4.0,"Montgomery, MO",38.905561000000006,-91.428285,Public tracker coordinates,Callaway,MO,21.4,1235.8,Cleanview public U.S. data-center tracker,https://cleanview.co/data-centers/us,Individual facility or project from Cleanview's public geocoded U.S. data-center inventory.
AWS Project Green - Building 13,,Planned,Planned,Publicly tracked data-center facility,75.0,75 MW,4.0,"Montgomery, MO",38.905561000000006,-91.424822,Public tracker coordinates,Callaway,MO,21.6,1235.8,Cleanview public U.S. data-center tracker,https://cleanview.co/data-centers/us,Individual facility or project from Cleanview's public geocoded U.S. data-center inventory.
AWS Calvert Technology Center - Building 2,,Planned,Planned,Publicly tracked data-center facility,75.0,75 MW,4.0,"Calvert, MD",38.433563,-76.462747,Public tracker coordinates,Calvert Cliffs Nuclear Power Plant,MD,1.1,1850.4,Cleanview public U.S. data-center tracker,https://cleanview.co/data-centers/us,Individual facility or project from Cleanview's public geocoded U.S. data-center inventory.
AWS Project Green - Building 15,,Planned,Planned,Publicly tracked data-center facility,75.0,75 MW,4.0,"Montgomery, MO",38.905561000000006,-91.417896,Public tracker coordinates,Callaway,MO,21.9,1235.8,Cleanview public U.S. data-center tracker,https://cleanview.co/data-centers/us,Individual facility or project from Cleanview's public geocoded U.S. data-center inventory.
AWS Project Green - Building 16,,Planned,Planned,Publicly tracked data-center facility,75.0,75 MW,4.0,"Montgomery, MO",38.902861,-91.431748,Public tracker coordinates,Callaway,MO,21.2,1235.8,Cleanview public U.S. data-center tracker,https://cleanview.co/data-centers/us,Individual facility or project from Cleanview's public geocoded U.S. data-center inventory.
AWS Boardman Airport Building 3,,Planned,Planned,Publicly tracked data-center facility,75.0,75 MW,4.0,"Morrow, OR",45.811061,-119.811971,Public tracker coordinates,Columbia Generating Station,WA,51.0,1200.0,Cleanview public U.S. data-center tracker,https://cleanview.co/data-centers/us,Individual facility or project from Cleanview's public geocoded U.S. data-center inventory.
AWS Lewis & Clark Dr Building 1,,Operating,Operating,Publicly tracked data-center facility,75.0,75 MW,4.0,"Morrow, OR",45.8517,-119.6197,Public tracker coordinates,Columbia Generating Station,WA,44.9,1200.0,Cleanview public U.S. data-center tracker,https://cleanview.co/data-centers/us,Individual facility or project from Cleanview's public geocoded U.S. data-center inventory.
AWS Lewis & Clark Dr Building 2,,Operating,Operating,Publicly tracked data-center facility,75.0,75 MW,4.0,"Morrow, OR",45.8531,-119.6197,Public tracker coordinates,Columbia Generating Station,WA,44.8,1200.0,Cleanview public U.S. data-center tracker,https://cleanview.co/data-centers/us,Individual facility or project from Cleanview's public geocoded U.S. data-center inventory.
AWS Project Green - Building 1,,Planned,Planned,Publicly tracked data-center facility,75.0,75 MW,4.0,"Montgomery, MO",38.910961,-91.431748,Public tracker coordinates,Callaway,MO,21.4,1235.8,Cleanview public U.S. data-center tracker,https://cleanview.co/data-centers/us,Individual facility or project from Cleanview's public geocoded U.S. data-center inventory.
AWS Lewis & Clark Dr Building 3,,Operating,Operating,Publicly tracked data-center facility,75.0,75 MW,4.0,"Morrow, OR",45.8539,-119.6197,Public tracker coordinates,Columbia Generating Station,WA,44.8,1200.0,Cleanview public U.S. data-center tracker,https://cleanview.co/data-centers/us,Individual facility or project from Cleanview's public geocoded U.S. data-center inventory.
AWS Lewis & Clark Dr Building 4,,Operating,Operating,Publicly tracked data-center facility,75.0,75 MW,4.0,"Morrow, OR",45.8552,-119.6197,Public tracker coordinates,Columbia Generating Station,WA,44.7,1200.0,Cleanview public U.S. data-center tracker,https://cleanview.co/data-centers/us,Individual facility or project from Cleanview's public geocoded U.S. data-center inventory.
AWS Boardman Airport Building 4,,Planned,Planned,Publicly tracked data-center facility,75.0,75 MW,4.0,"Morrow, OR",45.811061,-119.810371,Public tracker coordinates,Columbia Generating Station,WA,51.0,1200.0,Cleanview public U.S. data-center tracker,https://cleanview.co/data-centers/us,Individual facility or project from Cleanview's public geocoded U.S. data-center inventory.
AWS Keystone Trade Center - Building 10,,Planned,Planned,Publicly tracked data-center facility,75.0,75 MW,4.0,"Bucks, PA",40.143346,-74.744987,Public tracker coordinates,Limerick,PA,44.8,2277.0,Cleanview public U.S. data-center tracker,https://cleanview.co/data-centers/us,Individual facility or project from Cleanview's public geocoded U.S. data-center inventory.
AWS Boardman Airport Building 2,,Planned,Planned,Publicly tracked data-center facility,75.0,75 MW,4.0,"Morrow, OR",45.812661,-119.810371,Public tracker coordinates,Columbia Generating Station,WA,50.9,1200.0,Cleanview public U.S. data-center tracker,https://cleanview.co/data-centers/us,Individual facility or project from Cleanview's public geocoded U.S. data-center inventory.
AWS Project Green - Building 17,,Planned,Planned,Publicly tracked data-center facility,75.0,75 MW,4.0,"Montgomery, MO",38.902861,-91.428285,Public tracker coordinates,Callaway,MO,21.3,1235.8,Cleanview public U.S. data-center tracker,https://cleanview.co/data-centers/us,Individual facility or project from Cleanview's public geocoded U.S. data-center inventory.
AWS Project Green - Building 2,,Planned,Planned,Publicly tracked data-center facility,75.0,75 MW,4.0,"Montgomery, MO",38.910961,-91.428285,Public tracker coordinates,Callaway,MO,21.6,1235.8,Cleanview public U.S. data-center tracker,https://cleanview.co/data-centers/us,Individual facility or project from Cleanview's public geocoded U.S. data-center inventory.
AWS Project Green - Building 3,,Planned,Planned,Publicly tracked data-center facility,75.0,75 MW,4.0,"Montgomery, MO",38.910961,-91.424822,Public tracker coordinates,Callaway,MO,21.8,1235.8,Cleanview public U.S. data-center tracker,https://cleanview.co/data-centers/us,Individual facility or project from Cleanview's public geocoded U.S. data-center inventory.
Metrobloks Indianapolis Data Center,,Planned,Planned,Publicly tracked data-center facility,75.0,75 MW,4.0,"Marion, IN",39.80436494,-86.1022588,Public tracker coordinates,Clinton Power Station,IL,146.8,1138.3,Cleanview public U.S. data-center tracker,https://cleanview.co/data-centers/us,Individual facility or project from Cleanview's public geocoded U.S. data-center inventory.
AWS Boardman Airport Building 1,,Planned,Planned,Publicly tracked data-center facility,75.0,75 MW,4.0,"Morrow, OR",45.812661,-119.811971,Public tracker coordinates,Columbia Generating Station,WA,50.9,1200.0,Cleanview public U.S. data-center tracker,https://cleanview.co/data-centers/us,Individual facility or project from Cleanview's public geocoded U.S. data-center inventory.
AWS Keystone Trade Center - Building 9,,Planned,Planned,Publicly tracked data-center facility,75.0,75 MW,4.0,"Bucks, PA",40.141881,-74.746809,Public tracker coordinates,Limerick,PA,44.7,2277.0,Cleanview public U.S. data-center tracker,https://cleanview.co/data-centers/us,Individual facility or project from Cleanview's public geocoded U.S. data-center inventory.
AWS Keystone Trade Center - Building 8,,Planned,Planned,Publicly tracked data-center facility,75.0,75 MW,4.0,"Bucks, PA",40.143068,-74.748187,Public tracker coordinates,Limerick,PA,44.7,2277.0,Cleanview public U.S. data-center tracker,https://cleanview.co/data-centers/us,Individual facility or project from Cleanview's public geocoded U.S. data-center inventory.
AWS Wheatfield Campus - Building 9,,Planned,Planned,Publicly tracked data-center facility,75.0,75 MW,4.0,"Jasper, IN",41.225544,-86.996018,Public tracker coordinates,Donald C Cook,MI,56.4,2285.3,Cleanview public U.S. data-center tracker,https://cleanview.co/data-centers/us,Individual facility or project from Cleanview's public geocoded U.S. data-center inventory.
AWS Wheatfield Campus - Building 8,,Planned,Planned,Publicly tracked data-center facility,75.0,75 MW,4.0,"Jasper, IN",41.225544,-86.997018,Public tracker coordinates,Donald C Cook,MI,56.4,2285.3,Cleanview public U.S. data-center tracker,https://cleanview.co/data-centers/us,Individual facility or project from Cleanview's public geocoded U.S. data-center inventory.
AWS Wheatfield Campus - Building 7,,Planned,Planned,Publicly tracked data-center facility,75.0,75 MW,4.0,"Jasper, IN",41.225544,-86.998018,Public tracker coordinates,Donald C Cook,MI,56.4,2285.3,Cleanview public U.S. data-center tracker,https://cleanview.co/data-centers/us,Individual facility or project from Cleanview's public geocoded U.S. data-center inventory.
AWS Project Green - Building 4,,Planned,Planned,Publicly tracked data-center facility,75.0,75 MW,4.0,"Montgomery, MO",38.910961,-91.421359,Public tracker coordinates,Callaway,MO,21.9,1235.8,Cleanview public U.S. data-center tracker,https://cleanview.co/data-centers/us,Individual facility or project from Cleanview's public geocoded U.S. data-center inventory.
AWS Project Green - Building 5,,Planned,Planned,Publicly tracked data-center facility,75.0,75 MW,4.0,"Montgomery, MO",38.910961,-91.417896,Public tracker coordinates,Callaway,MO,22.1,1235.8,Cleanview public U.S. data-center tracker,https://cleanview.co/data-centers/us,Individual facility or project from Cleanview's public geocoded U.S. data-center inventory.
AWS Project Green - Building 6,,Planned,Planned,Publicly tracked data-center facility,75.0,75 MW,4.0,"Montgomery, MO",38.908261,-91.431748,Public tracker coordinates,Callaway,MO,21.3,1235.8,Cleanview public U.S. data-center tracker,https://cleanview.co/data-centers/us,Individual facility or project from Cleanview's public geocoded U.S. data-center inventory.
AWS Project Green - Building 7,,Planned,Planned,Publicly tracked data-center facility,75.0,75 MW,4.0,"Montgomery, MO",38.908261,-91.428285,Public tracker coordinates,Callaway,MO,21.5,1235.8,Cleanview public U.S. data-center tracker,https://cleanview.co/data-centers/us,Individual facility or project from Cleanview's public geocoded U.S. data-center inventory.
AWS Project Green - Building 10,,Planned,Planned,Publicly tracked data-center facility,75.0,75 MW,4.0,"Montgomery, MO",38.908261,-91.417896,Public tracker coordinates,Callaway,MO,22.0,1235.8,Cleanview public U.S. data-center tracker,https://cleanview.co/data-centers/us,Individual facility or project from Cleanview's public geocoded U.S. data-center inventory.
AWS Wheatfield Campus - Building 6,,Planned,Planned,Publicly tracked data-center facility,75.0,75 MW,4.0,"Jasper, IN",41.226544,-86.996018,Public tracker coordinates,Donald C Cook,MI,56.3,2285.3,Cleanview public U.S. data-center tracker,https://cleanview.co/data-centers/us,Individual facility or project from Cleanview's public geocoded U.S. data-center inventory.
AWS Project Green - Building 11,,Planned,Planned,Publicly tracked data-center facility,75.0,75 MW,4.0,"Montgomery, MO",38.905561000000006,-91.431748,Public tracker coordinates,Callaway,MO,21.3,1235.8,Cleanview public U.S. data-center tracker,https://cleanview.co/data-centers/us,Individual facility or project from Cleanview's public geocoded U.S. data-center inventory.
AWS Project Green - Building 8,,Planned,Planned,Publicly tracked data-center facility,75.0,75 MW,4.0,"Montgomery, MO",38.908261,-91.424822,Public tracker coordinates,Callaway,MO,21.7,1235.8,Cleanview public U.S. data-center tracker,https://cleanview.co/data-centers/us,Individual facility or project from Cleanview's public geocoded U.S. data-center inventory.
AWS Project Green - Building 9,,Planned,Planned,Publicly tracked data-center facility,75.0,75 MW,4.0,"Montgomery, MO",38.908261,-91.421359,Public tracker coordinates,Callaway,MO,21.8,1235.8,Cleanview public U.S. data-center tracker,https://cleanview.co/data-centers/us,Individual facility or project from Cleanview's public geocoded U.S. data-center inventory.
AWS Smith's Mill Road Building 10,,Planned,Planned,Publicly tracked data-center facility,75.0,75 MW,4.0,"Licking, OH",40.106771,-82.751632,Public tracker coordinates,Davis Besse,OH,104.4,925.2,Cleanview public U.S. data-center tracker,https://cleanview.co/data-centers/us,Individual facility or project from Cleanview's public geocoded U.S. data-center inventory.
AWS Wheatfield Campus - Building 5,,Planned,Planned,Publicly tracked data-center facility,75.0,75 MW,4.0,"Jasper, IN",41.226544,-86.997018,Public tracker coordinates,Donald C Cook,MI,56.4,2285.3,Cleanview public U.S. data-center tracker,https://cleanview.co/data-centers/us,Individual facility or project from Cleanview's public geocoded U.S. data-center inventory.
AWS Wheatfield Campus - Building 4,,Planned,Planned,Publicly tracked data-center facility,75.0,75 MW,4.0,"Jasper, IN",41.226544,-86.998018,Public tracker coordinates,Donald C Cook,MI,56.4,2285.3,Cleanview public U.S. data-center tracker,https://cleanview.co/data-centers/us,Individual facility or project from Cleanview's public geocoded U.S. data-center inventory.
AWS Wheatfield Campus - Building 3,,Planned,Planned,Publicly tracked data-center facility,75.0,75 MW,4.0,"Jasper, IN",41.227544,-86.996018,Public tracker coordinates,Donald C Cook,MI,56.3,2285.3,Cleanview public U.S. data-center tracker,https://cleanview.co/data-centers/us,Individual facility or project from Cleanview's public geocoded U.S. data-center inventory.
AWS Wheatfield Campus - Building 2,,Planned,Planned,Publicly tracked data-center facility,75.0,75 MW,4.0,"Jasper, IN",41.227544,-86.997018,Public tracker coordinates,Donald C Cook,MI,56.3,2285.3,Cleanview public U.S. data-center tracker,https://cleanview.co/data-centers/us,Individual facility or project from Cleanview's public geocoded U.S. data-center inventory.
AWS Wheatfield Campus - Building 1,,Planned,Planned,Publicly tracked data-center facility,75.0,75 MW,4.0,"Jasper, IN",41.227544,-86.998018,Public tracker coordinates,Donald C Cook,MI,56.3,2285.3,Cleanview public U.S. data-center tracker,https://cleanview.co/data-centers/us,Individual facility or project from Cleanview's public geocoded U.S. data-center inventory.
AWS Keystone Trade Center - Building 7,,Planned,Planned,Publicly tracked data-center facility,75.0,75 MW,4.0,"Bucks, PA",40.143964,-74.748837,Public tracker coordinates,Limerick,PA,44.6,2277.0,Cleanview public U.S. data-center tracker,https://cleanview.co/data-centers/us,Individual facility or project from Cleanview's public geocoded U.S. data-center inventory.
AWS Tract Peru Drive - Building 3,,Planned,Planned,Publicly tracked data-center facility,75.0,75 MW,4.0,"Storey, NV",39.53125,-119.503543,Public tracker coordinates,Diablo Canyon,CA,307.5,2323.0,Cleanview public U.S. data-center tracker,https://cleanview.co/data-centers/us,Individual facility or project from Cleanview's public geocoded U.S. data-center inventory.
AWS Smith's Mill Road Building 9,,Planned,Planned,Publicly tracked data-center facility,75.0,75 MW,4.0,"Licking, OH",40.105632,-82.749921,Public tracker coordinates,Davis Besse,OH,104.5,925.2,Cleanview public U.S. data-center tracker,https://cleanview.co/data-centers/us,Individual facility or project from Cleanview's public geocoded U.S. data-center inventory.
AWS Tract Peru Drive - Building 5,,Planned,Planned,Publicly tracked data-center facility,75.0,75 MW,4.0,"Storey, NV",39.529,-119.50937,Public tracker coordinates,Diablo Canyon,CA,307.3,2323.0,Cleanview public U.S. data-center tracker,https://cleanview.co/data-centers/us,Individual facility or project from Cleanview's public geocoded U.S. data-center inventory.
AWS Galaxy Building 1,,Planned,Planned,Publicly tracked data-center facility,75.0,75 MW,4.0,"Shelby, OH",40.26855,-84.19575,Public tracker coordinates,Davis Besse,OH,108.5,925.2,Cleanview public U.S. data-center tracker,https://cleanview.co/data-centers/us,Individual facility or project from Cleanview's public geocoded U.S. data-center inventory.
AWS Galaxy Building 2,,Planned,Planned,Publicly tracked data-center facility,75.0,75 MW,4.0,"Shelby, OH",40.26855,-84.19425,Public tracker coordinates,Davis Besse,OH,108.5,925.2,Cleanview public U.S. data-center tracker,https://cleanview.co/data-centers/us,Individual facility or project from Cleanview's public geocoded U.S. data-center inventory.
AWS Galaxy Building 3,,Planned,Planned,Publicly tracked data-center facility,75.0,75 MW,4.0,"Shelby, OH",40.26705,-84.19575,Public tracker coordinates,Davis Besse,OH,108.6,925.2,Cleanview public U.S. data-center tracker,https://cleanview.co/data-centers/us,Individual facility or project from Cleanview's public geocoded U.S. data-center inventory.
AWS Galaxy Building 4,,Planned,Planned,Publicly tracked data-center facility,75.0,75 MW,4.0,"Shelby, OH",40.26705,-84.19425,Public tracker coordinates,Davis Besse,OH,108.6,925.2,Cleanview public U.S. data-center tracker,https://cleanview.co/data-centers/us,Individual facility or project from Cleanview's public geocoded U.S. data-center inventory.
AWS Keystone Trade Center - Building 6,,Planned,Planned,Publicly tracked data-center facility,75.0,75 MW,4.0,"Bucks, PA",40.145102,-74.749392,Public tracker coordinates,Limerick,PA,44.6,2277.0,Cleanview public U.S. data-center tracker,https://cleanview.co/data-centers/us,Individual facility or project from Cleanview's public geocoded U.S. data-center inventory.
AWS Keystone Trade Center - Building 2,,Planned,Planned,Publicly tracked data-center facility,75.0,75 MW,4.0,"Bucks, PA",40.148118,-74.751943,Public tracker coordinates,Limerick,PA,44.4,2277.0,Cleanview public U.S. data-center tracker,https://cleanview.co/data-centers/us,Individual facility or project from Cleanview's public geocoded U.S. data-center inventory.
AWS Keystone Trade Center - Building 3,,Planned,Planned,Publicly tracked data-center facility,75.0,75 MW,4.0,"Bucks, PA",40.148579,-74.750216,Public tracker coordinates,Limerick,PA,44.5,2277.0,Cleanview public U.S. data-center tracker,https://cleanview.co/data-centers/us,Individual facility or project from Cleanview's public geocoded U.S. data-center inventory.
AWS Keystone Trade Center - Building 4,,Planned,Planned,Publicly tracked data-center facility,75.0,75 MW,4.0,"Bucks, PA",40.148748,-74.749186,Public tracker coordinates,Limerick,PA,44.6,2277.0,Cleanview public U.S. data-center tracker,https://cleanview.co/data-centers/us,Individual facility or project from Cleanview's public geocoded U.S. data-center inventory.
AWS Keystone Trade Center - Building 5,,Planned,Planned,Publicly tracked data-center facility,75.0,75 MW,4.0,"Bucks, PA",40.15065,-74.748092,Public tracker coordinates,Limerick,PA,44.6,2277.0,Cleanview public U.S. data-center tracker,https://cleanview.co/data-centers/us,Individual facility or project from Cleanview's public geocoded U.S. data-center inventory.
AWS Cipher Black Pearl - Building 4,,Planned,Planned,Publicly tracked data-center facility,75.0,75 MW,4.0,"Winkler, TX",31.68896,-103.070814,Public tracker coordinates,Comanche Peak,TX,312.5,2430.0,Cleanview public U.S. data-center tracker,https://cleanview.co/data-centers/us,Individual facility or project from Cleanview's public geocoded U.S. data-center inventory.
AWS Cipher Black Pearl - Building 3,,Planned,Planned,Publicly tracked data-center facility,75.0,75 MW,4.0,"Winkler, TX",31.689337,-103.068945,Public tracker coordinates,Comanche Peak,TX,312.4,2430.0,Cleanview public U.S. data-center tracker,https://cleanview.co/data-centers/us,Individual facility or project from Cleanview's public geocoded U.S. data-center inventory.
AWS Tract Peru Drive - Building 6,,Planned,Planned,Publicly tracked data-center facility,75.0,75 MW,4.0,"Storey, NV",39.529,-119.506457,Public tracker coordinates,Diablo Canyon,CA,307.4,2323.0,Cleanview public U.S. data-center tracker,https://cleanview.co/data-centers/us,Individual facility or project from Cleanview's public geocoded U.S. data-center inventory.
AWS Cipher Black Pearl - Building 2,,Planned,Planned,Publicly tracked data-center facility,75.0,75 MW,4.0,"Winkler, TX",31.68954,-103.068358,Public tracker coordinates,Comanche Peak,TX,312.4,2430.0,Cleanview public U.S. data-center tracker,https://cleanview.co/data-centers/us,Individual facility or project from Cleanview's public geocoded U.S. data-center inventory.
AWS Cipher Black Pearl - Building 1,,Planned,Planned,Publicly tracked data-center facility,75.0,75 MW,4.0,"Winkler, TX",31.689661,-103.067709,Public tracker coordinates,Comanche Peak,TX,312.3,2430.0,Cleanview public U.S. data-center tracker,https://cleanview.co/data-centers/us,Individual facility or project from Cleanview's public geocoded U.S. data-center inventory.
AWS Tract Peru Drive - Building 12,,Planned,Planned,Publicly tracked data-center facility,75.0,75 MW,4.0,"Storey, NV",39.52675,-119.50063,Public tracker coordinates,Diablo Canyon,CA,307.3,2323.0,Cleanview public U.S. data-center tracker,https://cleanview.co/data-centers/us,Individual facility or project from Cleanview's public geocoded U.S. data-center inventory.
AWS Tract Peru Drive - Building 10,,Planned,Planned,Publicly tracked data-center facility,75.0,75 MW,4.0,"Storey, NV",39.52675,-119.506457,Public tracker coordinates,Diablo Canyon,CA,307.2,2323.0,Cleanview public U.S. data-center tracker,https://cleanview.co/data-centers/us,Individual facility or project from Cleanview's public geocoded U.S. data-center inventory.
AWS Tract Peru Drive - Building 9,,Planned,Planned,Publicly tracked data-center facility,75.0,75 MW,4.0,"Storey, NV",39.52675,-119.50937,Public tracker coordinates,Diablo Canyon,CA,307.2,2323.0,Cleanview public U.S. data-center tracker,https://cleanview.co/data-centers/us,Individual facility or project from Cleanview's public geocoded U.S. data-center inventory.
AWS Tract Peru Drive - Building 8,,Planned,Planned,Publicly tracked data-center facility,75.0,75 MW,4.0,"Storey, NV",39.529,-119.50063,Public tracker coordinates,Diablo Canyon,CA,307.4,2323.0,Cleanview public U.S. data-center tracker,https://cleanview.co/data-centers/us,Individual facility or project from Cleanview's public geocoded U.S. data-center inventory.
AWS Tract Peru Drive - Building 7,,Planned,Planned,Publicly tracked data-center facility,75.0,75 MW,4.0,"Storey, NV",39.529,-119.503543,Public tracker coordinates,Diablo Canyon,CA,307.4,2323.0,Cleanview public U.S. data-center tracker,https://cleanview.co/data-centers/us,Individual facility or project from Cleanview's public geocoded U.S. data-center inventory.
AWS Tract Peru Drive - Building 4,,Planned,Planned,Publicly tracked data-center facility,75.0,75 MW,4.0,"Storey, NV",39.53125,-119.50063,Public tracker coordinates,Diablo Canyon,CA,307.6,2323.0,Cleanview public U.S. data-center tracker,https://cleanview.co/data-centers/us,Individual facility or project from Cleanview's public geocoded U.S. data-center inventory.
AWS Tract Peru Drive - Building 2,,Planned,Planned,Publicly tracked data-center facility,75.0,75 MW,4.0,"Storey, NV",39.53125,-119.506457,Public tracker coordinates,Diablo Canyon,CA,307.5,2323.0,Cleanview public U.S. data-center tracker,https://cleanview.co/data-centers/us,Individual facility or project from Cleanview's public geocoded U.S. data-center inventory.
AWS Tract Peru Drive - Building 1,,Planned,Planned,Publicly tracked data-center facility,75.0,75 MW,4.0,"Storey, NV",39.53125,-119.50937,Public tracker coordinates,Diablo Canyon,CA,307.5,2323.0,Cleanview public U.S. data-center tracker,https://cleanview.co/data-centers/us,Individual facility or project from Cleanview's public geocoded U.S. data-center inventory.
West Jordan Campus - Phase 2,,Planned,Planned,Publicly tracked data-center facility,75.0,75 MW,4.0,"Salt Lake, UT",40.5757525,-112.0469697,Public tracker coordinates,Palo Verde,AZ,498.6,4209.6,Cleanview public U.S. data-center tracker,https://cleanview.co/data-centers/us,Individual facility or project from Cleanview's public geocoded U.S. data-center inventory.
AWS Tract Peru Drive - Building 11,,Planned,Planned,Publicly tracked data-center facility,75.0,75 MW,4.0,"Storey, NV",39.52675,-119.503543,Public tracker coordinates,Diablo Canyon,CA,307.2,2323.0,Cleanview public U.S. data-center tracker,https://cleanview.co/data-centers/us,Individual facility or project from Cleanview's public geocoded U.S. data-center inventory.
Project Annie data center,,Planned,Planned,Publicly tracked data-center facility,75.0,75 MW,4.0,"Lamar, TX",33.65208451,-95.60457737,Public tracker coordinates,Comanche Peak,TX,157.2,2430.0,Cleanview public U.S. data-center tracker,https://cleanview.co/data-centers/us,Individual facility or project from Cleanview's public geocoded U.S. data-center inventory.
New Albany - Building 7,,Planned,Planned,Publicly tracked data-center facility,74.9,75 MW,4.0,"Licking, OH",40.0539,-82.76375,Public tracker coordinates,Davis Besse,OH,107.9,925.2,Cleanview public U.S. data-center tracker,https://cleanview.co/data-centers/us,Individual facility or project from Cleanview's public geocoded U.S. data-center inventory.
AWS Cosner Campus - Building 1,,Operating,Operating,Publicly tracked data-center facility,74.8,75 MW,4.0,"Spotsylvania, VA",38.201487,-77.477434,Public tracker coordinates,North Anna,VA,19.6,1959.4,Cleanview public U.S. data-center tracker,https://cleanview.co/data-centers/us,Individual facility or project from Cleanview's public geocoded U.S. data-center inventory.
Lancaster - Building 3,,Planned,Planned,Publicly tracked data-center facility,74.8,75 MW,4.0,"Fairfield, OH",39.721659,-82.688316,Public tracker coordinates,Davis Besse,OH,131.2,925.2,Cleanview public U.S. data-center tracker,https://cleanview.co/data-centers/us,Individual facility or project from Cleanview's public geocoded U.S. data-center inventory.
AWS Cosner Campus - Building 4,,Planned,Planned,Publicly tracked data-center facility,74.8,75 MW,4.0,"Spotsylvania, VA",38.2055374,-77.4756664,Public tracker coordinates,North Anna,VA,19.8,1959.4,Cleanview public U.S. data-center tracker,https://cleanview.co/data-centers/us,Individual facility or project from Cleanview's public geocoded U.S. data-center inventory.
AWS Cosner Campus - Building 5,,Planned,Planned,Publicly tracked data-center facility,74.8,75 MW,4.0,"Spotsylvania, VA",38.2088972,-77.4779198,Public tracker coordinates,North Anna,VA,19.8,1959.4,Cleanview public U.S. data-center tracker,https://cleanview.co/data-centers/us,Individual facility or project from Cleanview's public geocoded U.S. data-center inventory.
Lancaster - Building 1,,Operating,Operating,Publicly tracked data-center facility,74.8,75 MW,4.0,"Fairfield, OH",39.72406,-82.69116,Public tracker coordinates,Davis Besse,OH,131.0,925.2,Cleanview public U.S. data-center tracker,https://cleanview.co/data-centers/us,Individual facility or project from Cleanview's public geocoded U.S. data-center inventory.
AWS Cosner Campus - Building 3,,Planned,Planned,Publicly tracked data-center facility,74.8,75 MW,4.0,"Spotsylvania, VA",38.20587,-77.478112,Public tracker coordinates,North Anna,VA,19.7,1959.4,Cleanview public U.S. data-center tracker,https://cleanview.co/data-centers/us,Individual facility or project from Cleanview's public geocoded U.S. data-center inventory.
AWS Cosner Campus - Building 6,,Planned,Planned,Publicly tracked data-center facility,74.8,75 MW,4.0,"Spotsylvania, VA",38.2088972,-77.4763212,Public tracker coordinates,North Anna,VA,19.9,1959.4,Cleanview public U.S. data-center tracker,https://cleanview.co/data-centers/us,Individual facility or project from Cleanview's public geocoded U.S. data-center inventory.
AWS Cosner Campus - Building 7,,Planned,Planned,Publicly tracked data-center facility,74.8,75 MW,4.0,"Spotsylvania, VA",38.2077848,-77.4741256,Public tracker coordinates,North Anna,VA,20.0,1959.4,Cleanview public U.S. data-center tracker,https://cleanview.co/data-centers/us,Individual facility or project from Cleanview's public geocoded U.S. data-center inventory.
AWS Cosner Campus - Building 2,,Operating,Operating,Publicly tracked data-center facility,74.8,75 MW,4.0,"Spotsylvania, VA",38.203143,-77.478908,Public tracker coordinates,North Anna,VA,19.6,1959.4,Cleanview public U.S. data-center tracker,https://cleanview.co/data-centers/us,Individual facility or project from Cleanview's public geocoded U.S. data-center inventory.
New Albany - Building 3,,Operating,Operating,Publicly tracked data-center facility,74.7,75 MW,4.0,"Licking, OH",40.05794,-82.76531,Public tracker coordinates,Davis Besse,OH,107.6,925.2,Cleanview public U.S. data-center tracker,https://cleanview.co/data-centers/us,Individual facility or project from Cleanview's public geocoded U.S. data-center inventory.
New Albany - Building 6,,Operating,Operating,Publicly tracked data-center facility,74.6,75 MW,4.0,"Licking, OH",40.05393,-82.76761,Public tracker coordinates,Davis Besse,OH,107.9,925.2,Cleanview public U.S. data-center tracker,https://cleanview.co/data-centers/us,Individual facility or project from Cleanview's public geocoded U.S. data-center inventory.
Stack NVA02D,,Operating,Operating,Publicly tracked data-center facility,74.5,74 MW,4.0,"Prince William, VA",38.74631115,-77.53626206,Public tracker coordinates,North Anna,VA,49.4,1959.4,Cleanview public U.S. data-center tracker,https://cleanview.co/data-centers/us,Individual facility or project from Cleanview's public geocoded U.S. data-center inventory.
New Albany - Building 4,,Operating,Operating,Publicly tracked data-center facility,74.4,74 MW,4.0,"Licking, OH",40.05936,-82.77178,Public tracker coordinates,Davis Besse,OH,107.5,925.2,Cleanview public U.S. data-center tracker,https://cleanview.co/data-centers/us,Individual facility or project from Cleanview's public geocoded U.S. data-center inventory.
New Albany - Building 5,,Operating,Operating,Publicly tracked data-center facility,74.4,74 MW,4.0,"Licking, OH",40.05652,-82.77205,Public tracker coordinates,Davis Besse,OH,107.7,925.2,Cleanview public U.S. data-center tracker,https://cleanview.co/data-centers/us,Individual facility or project from Cleanview's public geocoded U.S. data-center inventory.
AWS Ridgeland Building 12,,Planned,Planned,Publicly tracked data-center facility,74.3,74 MW,4.0,"Madison, MS",32.405783,-90.191051,Public tracker coordinates,Grand Gulf,MS,57.1,1440.0,Cleanview public U.S. data-center tracker,https://cleanview.co/data-centers/us,Individual facility or project from Cleanview's public geocoded U.S. data-center inventory.
AWS Ridgeland Building 9,,Planned,Planned,Publicly tracked data-center facility,74.3,74 MW,4.0,"Madison, MS",32.407629,-90.189507,Public tracker coordinates,Grand Gulf,MS,57.3,1440.0,Cleanview public U.S. data-center tracker,https://cleanview.co/data-centers/us,Individual facility or project from Cleanview's public geocoded U.S. data-center inventory.
AWS Ridgeland Building 14,,Planned,Planned,Publicly tracked data-center facility,74.3,74 MW,4.0,"Madison, MS",32.405783,-90.18858,Public tracker coordinates,Grand Gulf,MS,57.3,1440.0,Cleanview public U.S. data-center tracker,https://cleanview.co/data-centers/us,Individual facility or project from Cleanview's public geocoded U.S. data-center inventory.
AWS Ridgeland Building 8,,Planned,Planned,Publicly tracked data-center facility,74.3,74 MW,4.0,"Madison, MS",32.407629,-90.190433,Public tracker coordinates,Grand Gulf,MS,57.2,1440.0,Cleanview public U.S. data-center tracker,https://cleanview.co/data-centers/us,Individual facility or project from Cleanview's public geocoded U.S. data-center inventory.
AWS Ridgeland Building 7,,Planned,Planned,Publicly tracked data-center facility,74.3,74 MW,4.0,"Madison, MS",32.407629,-90.19136,Public tracker coordinates,Grand Gulf,MS,57.2,1440.0,Cleanview public U.S. data-center tracker,https://cleanview.co/data-centers/us,Individual facility or project from Cleanview's public geocoded U.S. data-center inventory.
AWS Ridgeland Building 6,,Planned,Planned,Publicly tracked data-center facility,74.3,74 MW,4.0,"Madison, MS",32.407629,-90.192287,Public tracker coordinates,Grand Gulf,MS,57.1,1440.0,Cleanview public U.S. data-center tracker,https://cleanview.co/data-centers/us,Individual facility or project from Cleanview's public geocoded U.S. data-center inventory.
AWS Ridgeland Building 13,,Planned,Planned,Publicly tracked data-center facility,74.3,74 MW,4.0,"Madison, MS",32.405783,-90.189816,Public tracker coordinates,Grand Gulf,MS,57.2,1440.0,Cleanview public U.S. data-center tracker,https://cleanview.co/data-centers/us,Individual facility or project from Cleanview's public geocoded U.S. data-center inventory.
AWS Ridgeland Building 11,,Planned,Planned,Publicly tracked data-center facility,74.3,74 MW,4.0,"Madison, MS",32.405783,-90.192287,Public tracker coordinates,Grand Gulf,MS,57.1,1440.0,Cleanview public U.S. data-center tracker,https://cleanview.co/data-centers/us,Individual facility or project from Cleanview's public geocoded U.S. data-center inventory.
CloudHQ MCC1,,Operating,Operating,Publicly tracked data-center facility,74.3,74 MW,4.0,"Prince William, VA",38.716574897269304,-77.50054304120745,Public tracker coordinates,North Anna,VA,48.0,1959.4,Cleanview public U.S. data-center tracker,https://cleanview.co/data-centers/us,Individual facility or project from Cleanview's public geocoded U.S. data-center inventory.
AWS Ridgeland Building 5,,Planned,Planned,Publicly tracked data-center facility,74.3,74 MW,4.0,"Madison, MS",32.409181,-90.190956,Public tracker coordinates,Grand Gulf,MS,57.2,1440.0,Cleanview public U.S. data-center tracker,https://cleanview.co/data-centers/us,Individual facility or project from Cleanview's public geocoded U.S. data-center inventory.
AWS Ridgeland Building 10,,Planned,Planned,Publicly tracked data-center facility,74.3,74 MW,4.0,"Madison, MS",32.407629,-90.18858,Public tracker coordinates,Grand Gulf,MS,57.3,1440.0,Cleanview public U.S. data-center tracker,https://cleanview.co/data-centers/us,Individual facility or project from Cleanview's public geocoded U.S. data-center inventory.
AWS IAD-550 Lake Anna - Building 5,,Planned,Planned,Publicly tracked data-center facility,74.1,74 MW,4.0,"Louisa, VA",38.047615,-77.809247,Public tracker coordinates,North Anna,VA,1.4,1959.4,Cleanview public U.S. data-center tracker,https://cleanview.co/data-centers/us,Individual facility or project from Cleanview's public geocoded U.S. data-center inventory.
AWS IAD-550 Lake Anna - Building 3,,Planned,Planned,Publicly tracked data-center facility,74.1,74 MW,4.0,"Louisa, VA",38.048779,-77.810616,Public tracker coordinates,North Anna,VA,1.4,1959.4,Cleanview public U.S. data-center tracker,https://cleanview.co/data-centers/us,Individual facility or project from Cleanview's public geocoded U.S. data-center inventory.
AWS IAD-550 Lake Anna - Building 1,,Operating,Operating,Publicly tracked data-center facility,74.1,74 MW,4.0,"Louisa, VA",38.048475,-77.813305,Public tracker coordinates,North Anna,VA,1.5,1959.4,Cleanview public U.S. data-center tracker,https://cleanview.co/data-centers/us,Individual facility or project from Cleanview's public geocoded U.S. data-center inventory.
AWS IAD-550 Lake Anna - Building 2,,Planned,Planned,Publicly tracked data-center facility,74.1,74 MW,4.0,"Louisa, VA",38.049825,-77.811164,Public tracker coordinates,North Anna,VA,1.4,1959.4,Cleanview public U.S. data-center tracker,https://cleanview.co/data-centers/us,Individual facility or project from Cleanview's public geocoded U.S. data-center inventory.
AWS IAD-550 Lake Anna - Building 4,,Planned,Planned,Publicly tracked data-center facility,74.1,74 MW,4.0,"Louisa, VA",38.04935,-77.808139,Public tracker coordinates,North Anna,VA,1.2,1959.4,Cleanview public U.S. data-center tracker,https://cleanview.co/data-centers/us,Individual facility or project from Cleanview's public geocoded U.S. data-center inventory.
Google Moncks Corner - Building 3,,Operating,Operating,Publicly tracked data-center facility,74.0,74 MW,4.0,"Berkeley, SC",33.0641546,-80.0436133,Public tracker coordinates,H B Robinson,SC,92.7,768.6,Cleanview public U.S. data-center tracker,https://cleanview.co/data-centers/us,Individual facility or project from Cleanview's public geocoded U.S. data-center inventory.
AWS IAD-55 John Marshall Highway,,Operating,Operating,Publicly tracked data-center facility,72.9,73 MW,4.0,"Prince William, VA",38.81517405,-77.64867969,Public tracker coordinates,North Anna,VA,52.7,1959.4,Cleanview public U.S. data-center tracker,https://cleanview.co/data-centers/us,Individual facility or project from Cleanview's public geocoded U.S. data-center inventory.
Sabey Ashburn - Building A,,Planned,Planned,Publicly tracked data-center facility,72.9,73 MW,4.0,"Loudoun, VA",39.0139576,-77.476984,Public tracker coordinates,North Anna,VA,68.0,1959.4,Cleanview public U.S. data-center tracker,https://cleanview.co/data-centers/us,Individual facility or project from Cleanview's public geocoded U.S. data-center inventory.
Vantage NV13,,Planned,Planned,Publicly tracked data-center facility,72.2,72 MW,4.0,"Storey, NV",39.551517,-119.4822267,Public tracker coordinates,Diablo Canyon,CA,309.2,2323.0,Cleanview public U.S. data-center tracker,https://cleanview.co/data-centers/us,Individual facility or project from Cleanview's public geocoded U.S. data-center inventory.
Vantage NV14,,Planned,Planned,Publicly tracked data-center facility,72.2,72 MW,4.0,"Storey, NV",39.5515843,-119.4841917,Public tracker coordinates,Diablo Canyon,CA,309.2,2323.0,Cleanview public U.S. data-center tracker,https://cleanview.co/data-centers/us,Individual facility or project from Cleanview's public geocoded U.S. data-center inventory.
Lithia Springs Campus Data Center: ATL6,,Planned,Planned,Publicly tracked data-center facility,72.0,72 MW,4.0,"Fulton, GA",33.74736724,-84.54028465,Public tracker coordinates,Sequoyah,TN,106.9,2441.0,Cleanview public U.S. data-center tracker,https://cleanview.co/data-centers/us,Individual facility or project from Cleanview's public geocoded U.S. data-center inventory.
Edged Chicago ORD01-2,,Planned,Planned,Publicly tracked data-center facility,72.0,72 MW,4.0,"DuPage, IL",41.80687597,-88.24086215,Public tracker coordinates,Dresden Generating Station,IL,28.8,2018.6,Cleanview public U.S. data-center tracker,https://cleanview.co/data-centers/us,Individual facility or project from Cleanview's public geocoded U.S. data-center inventory.
Prime Data Centers: ORD01-01,,Planned,Planned,Publicly tracked data-center facility,72.0,72 MW,4.0,"Cook, IL",42.02329795,-87.96170756,Public tracker coordinates,Dresden Generating Station,IL,46.6,2018.6,Cleanview public U.S. data-center tracker,https://cleanview.co/data-centers/us,Individual facility or project from Cleanview's public geocoded U.S. data-center inventory.
West Jordan Campus - Phase 3,,Planned,Planned,Publicly tracked data-center facility,72.0,72 MW,4.0,"Salt Lake, UT",40.5757525,-112.0469697,Public tracker coordinates,Palo Verde,AZ,498.6,4209.6,Cleanview public U.S. data-center tracker,https://cleanview.co/data-centers/us,Individual facility or project from Cleanview's public geocoded U.S. data-center inventory.
Google Lenoir - Building 2,,Operating,Operating,Publicly tracked data-center facility,72.0,72 MW,4.0,"Caldwell, NC",35.89361,-81.545545,Public tracker coordinates,McGuire,NC,46.2,2440.6,Cleanview public U.S. data-center tracker,https://cleanview.co/data-centers/us,Individual facility or project from Cleanview's public geocoded U.S. data-center inventory.
AWS DCA-64 Loisdale Station,,Operating,Operating,Publicly tracked data-center facility,71.6,72 MW,4.0,"Fairfax, VA",38.74226677,-77.18642689,Public tracker coordinates,Calvert Cliffs Nuclear Power Plant,MD,45.5,1850.4,Cleanview public U.S. data-center tracker,https://cleanview.co/data-centers/us,Individual facility or project from Cleanview's public geocoded U.S. data-center inventory.
CloudHQ MCC7,,Planned,Planned,Publicly tracked data-center facility,71.5,72 MW,4.0,"Prince William, VA",38.72105,-77.50024,Public tracker coordinates,North Anna,VA,48.3,1959.4,Cleanview public U.S. data-center tracker,https://cleanview.co/data-centers/us,Individual facility or project from Cleanview's public geocoded U.S. data-center inventory.
Council Bluffs Southlands - Building 5,,Operating,Operating,Publicly tracked data-center facility,71.5,72 MW,4.0,"Pottawattamie, IA",41.173569,-95.792122,Public tracker coordinates,Cooper Nuclear Station,NE,56.6,801.0,Cleanview public U.S. data-center tracker,https://cleanview.co/data-centers/us,Individual facility or project from Cleanview's public geocoded U.S. data-center inventory.
Council Bluffs Southlands - Building 6,,Operating,Operating,Publicly tracked data-center facility,71.5,72 MW,4.0,"Pottawattamie, IA",41.173593,-95.788795,Public tracker coordinates,Cooper Nuclear Station,NE,56.6,801.0,Cleanview public U.S. data-center tracker,https://cleanview.co/data-centers/us,Individual facility or project from Cleanview's public geocoded U.S. data-center inventory.
Entre Court Data Center Facility,,Planned,Planned,Publicly tracked data-center facility,71.1,71 MW,4.0,"Fairfax, VA",38.888365,-77.435831,Public tracker coordinates,North Anna,VA,60.4,1959.4,Cleanview public U.S. data-center tracker,https://cleanview.co/data-centers/us,Individual facility or project from Cleanview's public geocoded U.S. data-center inventory.
QTS Ashburn 2 DC1,,Operating,Operating,Publicly tracked data-center facility,71.0,71 MW,4.0,"Loudoun, VA",38.995355,-77.455183,Public tracker coordinates,Calvert Cliffs Nuclear Power Plant,MD,67.0,1850.4,Cleanview public U.S. data-center tracker,https://cleanview.co/data-centers/us,Individual facility or project from Cleanview's public geocoded U.S. data-center inventory.
Iron Mountain RCH-3,,Planned,Planned,Publicly tracked data-center facility,70.9,71 MW,4.0,"Henrico, VA",37.498587,-77.234197,Public tracker coordinates,Surry,VA,37.3,1695.0,Cleanview public U.S. data-center tracker,https://cleanview.co/data-centers/us,Individual facility or project from Cleanview's public geocoded U.S. data-center inventory.
Iron Mountain RCH-2,,Planned,Planned,Publicly tracked data-center facility,70.9,71 MW,4.0,"Henrico, VA",37.498185,-77.233722,Public tracker coordinates,Surry,VA,37.3,1695.0,Cleanview public U.S. data-center tracker,https://cleanview.co/data-centers/us,Individual facility or project from Cleanview's public geocoded U.S. data-center inventory.
Iron Mountain RCH-4,,Planned,Planned,Publicly tracked data-center facility,70.9,71 MW,4.0,"Henrico, VA",37.499869,-77.236035,Public tracker coordinates,Surry,VA,37.5,1695.0,Cleanview public U.S. data-center tracker,https://cleanview.co/data-centers/us,Individual facility or project from Cleanview's public geocoded U.S. data-center inventory.
Digital Dulles - Building 2,,Planned,Planned,Publicly tracked data-center facility,70.5,70 MW,4.0,"Loudoun, VA",38.95431,-77.488048,Public tracker coordinates,North Anna,VA,63.9,1959.4,Cleanview public U.S. data-center tracker,https://cleanview.co/data-centers/us,Individual facility or project from Cleanview's public geocoded U.S. data-center inventory.
Digital Dulles - Building 8,,Planned,Planned,Publicly tracked data-center facility,70.5,70 MW,4.0,"Loudoun, VA",38.959941,-77.488602,Public tracker coordinates,North Anna,VA,64.3,1959.4,Cleanview public U.S. data-center tracker,https://cleanview.co/data-centers/us,Individual facility or project from Cleanview's public geocoded U.S. data-center inventory.
Digital Dulles - Building 6,,Planned,Planned,Publicly tracked data-center facility,70.5,70 MW,4.0,"Loudoun, VA",38.958142,-77.490092,Public tracker coordinates,North Anna,VA,64.1,1959.4,Cleanview public U.S. data-center tracker,https://cleanview.co/data-centers/us,Individual facility or project from Cleanview's public geocoded U.S. data-center inventory.
CyrusOne DFW7,,Planned,Planned,Publicly tracked data-center facility,70.0,70 MW,4.0,"Tarrant, TX",32.90163154,-97.39391359,Public tracker coordinates,Comanche Peak,TX,47.5,2430.0,Cleanview public U.S. data-center tracker,https://cleanview.co/data-centers/us,Individual facility or project from Cleanview's public geocoded U.S. data-center inventory.
Google Haskell South - Building 3,,Planned,Planned,Publicly tracked data-center facility,70.0,70 MW,4.0,"Haskell, TX",32.988825,-99.576949,Public tracker coordinates,Comanche Peak,TX,114.6,2430.0,Cleanview public U.S. data-center tracker,https://cleanview.co/data-centers/us,Individual facility or project from Cleanview's public geocoded U.S. data-center inventory.
Google Haskell South - Building 4,,Planned,Planned,Publicly tracked data-center facility,70.0,70 MW,4.0,"Haskell, TX",32.988439,-99.573209,Public tracker coordinates,Comanche Peak,TX,114.4,2430.0,Cleanview public U.S. data-center tracker,https://cleanview.co/data-centers/us,Individual facility or project from Cleanview's public geocoded U.S. data-center inventory.
Lake Mariner - CB-1 and CB-2,,Operating,Operating,Publicly tracked data-center facility,70.0,70 MW,4.0,"Niagara, NY",43.35973,-78.60527,Public tracker coordinates,R E Ginna Nuclear Power Plant,NY,65.4,614.0,Cleanview public U.S. data-center tracker,https://cleanview.co/data-centers/us,Individual facility or project from Cleanview's public geocoded U.S. data-center inventory.
Google Haskell South - Building 5,,Planned,Planned,Publicly tracked data-center facility,70.0,70 MW,4.0,"Haskell, TX",32.988506,-99.569993,Public tracker coordinates,Comanche Peak,TX,114.2,2430.0,Cleanview public U.S. data-center tracker,https://cleanview.co/data-centers/us,Individual facility or project from Cleanview's public geocoded U.S. data-center inventory.
Google Haskell North - Building 1,,Planned,Planned,Publicly tracked data-center facility,70.0,70 MW,4.0,"Haskell, TX",33.140234,-99.573162,Public tracker coordinates,Comanche Peak,TX,119.1,2430.0,Cleanview public U.S. data-center tracker,https://cleanview.co/data-centers/us,Individual facility or project from Cleanview's public geocoded U.S. data-center inventory.
Google Haskell North - Building 2,,Planned,Planned,Publicly tracked data-center facility,70.0,70 MW,4.0,"Haskell, TX",33.140261,-99.576917,Public tracker coordinates,Comanche Peak,TX,119.3,2430.0,Cleanview public U.S. data-center tracker,https://cleanview.co/data-centers/us,Individual facility or project from Cleanview's public geocoded U.S. data-center inventory.
Google Haskell North - Building 3,,Planned,Planned,Publicly tracked data-center facility,70.0,70 MW,4.0,"Haskell, TX",33.143511,-99.57267,Public tracker coordinates,Comanche Peak,TX,119.2,2430.0,Cleanview public U.S. data-center tracker,https://cleanview.co/data-centers/us,Individual facility or project from Cleanview's public geocoded U.S. data-center inventory.
Google Haskell North - Building 4,,Planned,Planned,Publicly tracked data-center facility,70.0,70 MW,4.0,"Haskell, TX",33.143565,-99.576758,Public tracker coordinates,Comanche Peak,TX,119.4,2430.0,Cleanview public U.S. data-center tracker,https://cleanview.co/data-centers/us,Individual facility or project from Cleanview's public geocoded U.S. data-center inventory.
AWS Parsons Business Park - Building 5,,Planned,Planned,Publicly tracked data-center facility,70.0,70 MW,4.0,"Prince William, VA",38.6447912,-77.4419442,Public tracker coordinates,North Anna,VA,44.6,1959.4,Cleanview public U.S. data-center tracker,https://cleanview.co/data-centers/us,Individual facility or project from Cleanview's public geocoded U.S. data-center inventory.
AWS Parsons Business Park - Building 4,,Planned,Planned,Publicly tracked data-center facility,70.0,70 MW,4.0,"Prince William, VA",38.6461342,-77.4419408,Public tracker coordinates,North Anna,VA,44.7,1959.4,Cleanview public U.S. data-center tracker,https://cleanview.co/data-centers/us,Individual facility or project from Cleanview's public geocoded U.S. data-center inventory.
AWS Parsons Business Park - Building 3,,Planned,Planned,Publicly tracked data-center facility,70.0,70 MW,4.0,"Prince William, VA",38.6459328,-77.4393694,Public tracker coordinates,North Anna,VA,44.7,1959.4,Cleanview public U.S. data-center tracker,https://cleanview.co/data-centers/us,Individual facility or project from Cleanview's public geocoded U.S. data-center inventory.
AWS Parsons Business Park - Building 2,,Planned,Planned,Publicly tracked data-center facility,70.0,70 MW,4.0,"Prince William, VA",38.6439811,-77.4367526,Public tracker coordinates,North Anna,VA,44.7,1959.4,Cleanview public U.S. data-center tracker,https://cleanview.co/data-centers/us,Individual facility or project from Cleanview's public geocoded U.S. data-center inventory.
AWS Parsons Business Park - Building 1,,Planned,Planned,Publicly tracked data-center facility,70.0,70 MW,4.0,"Prince William, VA",38.6440167,-77.4394865,Public tracker coordinates,North Anna,VA,44.6,1959.4,Cleanview public U.S. data-center tracker,https://cleanview.co/data-centers/us,Individual facility or project from Cleanview's public geocoded U.S. data-center inventory.
Amazon Mattameade Tech Campus - Building 1,,Planned,Planned,Publicly tracked data-center facility,70.0,70 MW,4.0,"Caroline, VA",38.114349,-77.494342,Public tracker coordinates,North Anna,VA,16.5,1959.4,Cleanview public U.S. data-center tracker,https://cleanview.co/data-centers/us,Individual facility or project from Cleanview's public geocoded U.S. data-center inventory.
Amazon Mattameade Tech Campus - Building 11,,Planned,Planned,Publicly tracked data-center facility,70.0,70 MW,4.0,"Caroline, VA",38.117349,-77.489842,Public tracker coordinates,North Anna,VA,16.8,1959.4,Cleanview public U.S. data-center tracker,https://cleanview.co/data-centers/us,Individual facility or project from Cleanview's public geocoded U.S. data-center inventory.
Amazon Mattameade Tech Campus - Building 10,,Planned,Planned,Publicly tracked data-center facility,70.0,70 MW,4.0,"Caroline, VA",38.117349,-77.491342,Public tracker coordinates,North Anna,VA,16.7,1959.4,Cleanview public U.S. data-center tracker,https://cleanview.co/data-centers/us,Individual facility or project from Cleanview's public geocoded U.S. data-center inventory.
Amazon Mattameade Tech Campus - Building 9,,Planned,Planned,Publicly tracked data-center facility,70.0,70 MW,4.0,"Caroline, VA",38.117349,-77.492842,Public tracker coordinates,North Anna,VA,16.6,1959.4,Cleanview public U.S. data-center tracker,https://cleanview.co/data-centers/us,Individual facility or project from Cleanview's public geocoded U.S. data-center inventory.
Amazon Mattameade Tech Campus - Building 8,,Planned,Planned,Publicly tracked data-center facility,70.0,70 MW,4.0,"Caroline, VA",38.117349,-77.494342,Public tracker coordinates,North Anna,VA,16.5,1959.4,Cleanview public U.S. data-center tracker,https://cleanview.co/data-centers/us,Individual facility or project from Cleanview's public geocoded U.S. data-center inventory.
Amazon Mattameade Tech Campus - Building 7,,Planned,Planned,Publicly tracked data-center facility,70.0,70 MW,4.0,"Caroline, VA",38.115849,-77.490592,Public tracker coordinates,North Anna,VA,16.7,1959.4,Cleanview public U.S. data-center tracker,https://cleanview.co/data-centers/us,Individual facility or project from Cleanview's public geocoded U.S. data-center inventory.
Amazon Mattameade Tech Campus - Building 6,,Planned,Planned,Publicly tracked data-center facility,70.0,70 MW,4.0,"Caroline, VA",38.115849,-77.492092,Public tracker coordinates,North Anna,VA,16.6,1959.4,Cleanview public U.S. data-center tracker,https://cleanview.co/data-centers/us,Individual facility or project from Cleanview's public geocoded U.S. data-center inventory.
Amazon Mattameade Tech Campus - Building 5,,Planned,Planned,Publicly tracked data-center facility,70.0,70 MW,4.0,"Caroline, VA",38.115849,-77.493592,Public tracker coordinates,North Anna,VA,16.6,1959.4,Cleanview public U.S. data-center tracker,https://cleanview.co/data-centers/us,Individual facility or project from Cleanview's public geocoded U.S. data-center inventory.
Amazon Mattameade Tech Campus - Building 4,,Planned,Planned,Publicly tracked data-center facility,70.0,70 MW,4.0,"Caroline, VA",38.114349,-77.489842,Public tracker coordinates,North Anna,VA,16.7,1959.4,Cleanview public U.S. data-center tracker,https://cleanview.co/data-centers/us,Individual facility or project from Cleanview's public geocoded U.S. data-center inventory.
AWS Ashton Avenue - Building 2,,Planned,Planned,Publicly tracked data-center facility,70.0,70 MW,4.0,"Prince William, VA",38.77437,-77.51434,Public tracker coordinates,North Anna,VA,51.6,1959.4,Cleanview public U.S. data-center tracker,https://cleanview.co/data-centers/us,Individual facility or project from Cleanview's public geocoded U.S. data-center inventory.
Amazon Mattameade Tech Campus - Building 3,,Planned,Planned,Publicly tracked data-center facility,70.0,70 MW,4.0,"Caroline, VA",38.114349,-77.491342,Public tracker coordinates,North Anna,VA,16.7,1959.4,Cleanview public U.S. data-center tracker,https://cleanview.co/data-centers/us,Individual facility or project from Cleanview's public geocoded U.S. data-center inventory.
Amazon Mattameade Tech Campus - Building 2,,Planned,Planned,Publicly tracked data-center facility,70.0,70 MW,4.0,"Caroline, VA",38.114349,-77.492842,Public tracker coordinates,North Anna,VA,16.6,1959.4,Cleanview public U.S. data-center tracker,https://cleanview.co/data-centers/us,Individual facility or project from Cleanview's public geocoded U.S. data-center inventory.
AWS Brambleton Business Campus - Building 2,,Planned,Planned,Publicly tracked data-center facility,70.0,70 MW,4.0,"Loudoun, VA",38.9547,-77.5186,Public tracker coordinates,North Anna,VA,63.5,1959.4,Cleanview public U.S. data-center tracker,https://cleanview.co/data-centers/us,Individual facility or project from Cleanview's public geocoded U.S. data-center inventory.
Amazon Massaponax Tech Campus - Building 2,,Planned,Planned,Publicly tracked data-center facility,70.0,70 MW,4.0,"Spotsylvania, VA",38.2159,-77.44615,Public tracker coordinates,North Anna,VA,21.6,1959.4,Cleanview public U.S. data-center tracker,https://cleanview.co/data-centers/us,Individual facility or project from Cleanview's public geocoded U.S. data-center inventory.
AWS Miller Road Building 8,,Planned,Planned,Publicly tracked data-center facility,70.0,70 MW,4.0,"Licking, OH",40.114091,-82.74915,Public tracker coordinates,Davis Besse,OH,103.9,925.2,Cleanview public U.S. data-center tracker,https://cleanview.co/data-centers/us,Individual facility or project from Cleanview's public geocoded U.S. data-center inventory.
Amazon Massaponax Tech Campus - Building 3,,Planned,Planned,Publicly tracked data-center facility,70.0,70 MW,4.0,"Spotsylvania, VA",38.2144,-77.44615,Public tracker coordinates,North Anna,VA,21.5,1959.4,Cleanview public U.S. data-center tracker,https://cleanview.co/data-centers/us,Individual facility or project from Cleanview's public geocoded U.S. data-center inventory.
Amazon Massaponax Tech Campus - Building 4,,Planned,Planned,Publicly tracked data-center facility,70.0,70 MW,4.0,"Spotsylvania, VA",38.2174,-77.44465,Public tracker coordinates,North Anna,VA,21.7,1959.4,Cleanview public U.S. data-center tracker,https://cleanview.co/data-centers/us,Individual facility or project from Cleanview's public geocoded U.S. data-center inventory.
Amazon Massaponax Tech Campus - Building 5,,Planned,Planned,Publicly tracked data-center facility,70.0,70 MW,4.0,"Spotsylvania, VA",38.2159,-77.44465,Public tracker coordinates,North Anna,VA,21.6,1959.4,Cleanview public U.S. data-center tracker,https://cleanview.co/data-centers/us,Individual facility or project from Cleanview's public geocoded U.S. data-center inventory.
Amazon Massaponax Tech Campus - Building 6,,Planned,Planned,Publicly tracked data-center facility,70.0,70 MW,4.0,"Spotsylvania, VA",38.2144,-77.44465,Public tracker coordinates,North Anna,VA,21.6,1959.4,Cleanview public U.S. data-center tracker,https://cleanview.co/data-centers/us,Individual facility or project from Cleanview's public geocoded U.S. data-center inventory.
AWS Project Well - Building A,,Planned,Planned,Publicly tracked data-center facility,70.0,70 MW,4.0,"Prince William, VA",38.78063,-77.56294,Public tracker coordinates,North Anna,VA,51.3,1959.4,Cleanview public U.S. data-center tracker,https://cleanview.co/data-centers/us,Individual facility or project from Cleanview's public geocoded U.S. data-center inventory.
AWS 7101 Century Park Drive,,Planned,Planned,Publicly tracked data-center facility,70.0,70 MW,4.0,"Prince William, VA",38.79773,-77.544345,Public tracker coordinates,North Anna,VA,52.7,1959.4,Cleanview public U.S. data-center tracker,https://cleanview.co/data-centers/us,Individual facility or project from Cleanview's public geocoded U.S. data-center inventory.
AWS 13235 Skylark View Way,,Planned,Planned,Publicly tracked data-center facility,70.0,70 MW,4.0,"Prince William, VA",38.79189,-77.58795,Public tracker coordinates,North Anna,VA,51.7,1959.4,Cleanview public U.S. data-center tracker,https://cleanview.co/data-centers/us,Individual facility or project from Cleanview's public geocoded U.S. data-center inventory.
Amazon Carter's Store Tech Campus - Building 10,,Planned,Planned,Publicly tracked data-center facility,70.0,70 MW,4.0,"Spotsylvania, VA",38.186512,-77.454058,Public tracker coordinates,North Anna,VA,20.2,1959.4,Cleanview public U.S. data-center tracker,https://cleanview.co/data-centers/us,Individual facility or project from Cleanview's public geocoded U.S. data-center inventory.
Amazon Carter's Store Tech Campus - Building 9,,Planned,Planned,Publicly tracked data-center facility,70.0,70 MW,4.0,"Spotsylvania, VA",38.188012,-77.454058,Public tracker coordinates,North Anna,VA,20.3,1959.4,Cleanview public U.S. data-center tracker,https://cleanview.co/data-centers/us,Individual facility or project from Cleanview's public geocoded U.S. data-center inventory.
Amazon Carter's Store Tech Campus - Building 8,,Planned,Planned,Publicly tracked data-center facility,70.0,70 MW,4.0,"Spotsylvania, VA",38.189512,-77.454058,Public tracker coordinates,North Anna,VA,20.3,1959.4,Cleanview public U.S. data-center tracker,https://cleanview.co/data-centers/us,Individual facility or project from Cleanview's public geocoded U.S. data-center inventory.
Amazon Carter's Store Tech Campus - Building 7,,Planned,Planned,Publicly tracked data-center facility,70.0,70 MW,4.0,"Spotsylvania, VA",38.191012,-77.454058,Public tracker coordinates,North Anna,VA,20.4,1959.4,Cleanview public U.S. data-center tracker,https://cleanview.co/data-centers/us,Individual facility or project from Cleanview's public geocoded U.S. data-center inventory.
Amazon Carter's Store Tech Campus - Building 6,,Planned,Planned,Publicly tracked data-center facility,70.0,70 MW,4.0,"Spotsylvania, VA",38.192512,-77.454058,Public tracker coordinates,North Anna,VA,20.4,1959.4,Cleanview public U.S. data-center tracker,https://cleanview.co/data-centers/us,Individual facility or project from Cleanview's public geocoded U.S. data-center inventory.
Amazon Carter's Store Tech Campus - Building 5,,Planned,Planned,Publicly tracked data-center facility,70.0,70 MW,4.0,"Spotsylvania, VA",38.186512,-77.455558,Public tracker coordinates,North Anna,VA,20.2,1959.4,Cleanview public U.S. data-center tracker,https://cleanview.co/data-centers/us,Individual facility or project from Cleanview's public geocoded U.S. data-center inventory.
Amazon Carter's Store Tech Campus - Building 4,,Planned,Planned,Publicly tracked data-center facility,70.0,70 MW,4.0,"Spotsylvania, VA",38.188012,-77.455558,Public tracker coordinates,North Anna,VA,20.2,1959.4,Cleanview public U.S. data-center tracker,https://cleanview.co/data-centers/us,Individual facility or project from Cleanview's public geocoded U.S. data-center inventory.
AWS Miller Road Building 4,,Planned,Planned,Publicly tracked data-center facility,70.0,70 MW,4.0,"Licking, OH",40.117516,-82.748078,Public tracker coordinates,Davis Besse,OH,103.7,925.2,Cleanview public U.S. data-center tracker,https://cleanview.co/data-centers/us,Individual facility or project from Cleanview's public geocoded U.S. data-center inventory.
AWS Miller Road Building 6,,Planned,Planned,Publicly tracked data-center facility,70.0,70 MW,4.0,"Licking, OH",40.12015,-82.746488,Public tracker coordinates,Davis Besse,OH,103.6,925.2,Cleanview public U.S. data-center tracker,https://cleanview.co/data-centers/us,Individual facility or project from Cleanview's public geocoded U.S. data-center inventory.
AWS Miller Road Building 7,,Planned,Planned,Publicly tracked data-center facility,70.0,70 MW,4.0,"Licking, OH",40.115352,-82.748992,Public tracker coordinates,Davis Besse,OH,103.9,925.2,Cleanview public U.S. data-center tracker,https://cleanview.co/data-centers/us,Individual facility or project from Cleanview's public geocoded U.S. data-center inventory.
AWS Miller Road Building 1,,Operating,Operating,Publicly tracked data-center facility,70.0,70 MW,4.0,"Licking, OH",40.116786,-82.746375,Public tracker coordinates,Davis Besse,OH,103.8,925.2,Cleanview public U.S. data-center tracker,https://cleanview.co/data-centers/us,Individual facility or project from Cleanview's public geocoded U.S. data-center inventory.
AWS Miller Road Building 2,,Planned,Planned,Publicly tracked data-center facility,70.0,70 MW,4.0,"Licking, OH",40.118073,-82.746075,Public tracker coordinates,Davis Besse,OH,103.7,925.2,Cleanview public U.S. data-center tracker,https://cleanview.co/data-centers/us,Individual facility or project from Cleanview's public geocoded U.S. data-center inventory.
AWS Miller Road Building 5,,Planned,Planned,Publicly tracked data-center facility,70.0,70 MW,4.0,"Licking, OH",40.117535,-82.749354,Public tracker coordinates,Davis Besse,OH,103.7,925.2,Cleanview public U.S. data-center tracker,https://cleanview.co/data-centers/us,Individual facility or project from Cleanview's public geocoded U.S. data-center inventory.
Amazon Carter's Store Tech Campus - Building 3,,Planned,Planned,Publicly tracked data-center facility,70.0,70 MW,4.0,"Spotsylvania, VA",38.189512,-77.455558,Public tracker coordinates,North Anna,VA,20.2,1959.4,Cleanview public U.S. data-center tracker,https://cleanview.co/data-centers/us,Individual facility or project from Cleanview's public geocoded U.S. data-center inventory.
AWS Warrenton - Building 1,,Planned,Planned,Publicly tracked data-center facility,70.0,70 MW,4.0,"Fauquier, VA",38.72947429,-77.7875309,Public tracker coordinates,North Anna,VA,46.3,1959.4,Cleanview public U.S. data-center tracker,https://cleanview.co/data-centers/us,Individual facility or project from Cleanview's public geocoded U.S. data-center inventory.
Amazon Carter's Store Tech Campus - Building 2,,Planned,Planned,Publicly tracked data-center facility,70.0,70 MW,4.0,"Spotsylvania, VA",38.191012,-77.455558,Public tracker coordinates,North Anna,VA,20.3,1959.4,Cleanview public U.S. data-center tracker,https://cleanview.co/data-centers/us,Individual facility or project from Cleanview's public geocoded U.S. data-center inventory.
Amazon Carter's Store Tech Campus - Building 1,,Planned,Planned,Publicly tracked data-center facility,70.0,70 MW,4.0,"Spotsylvania, VA",38.192512,-77.455558,Public tracker coordinates,North Anna,VA,20.3,1959.4,Cleanview public U.S. data-center tracker,https://cleanview.co/data-centers/us,Individual facility or project from Cleanview's public geocoded U.S. data-center inventory.
AWS Miller Road Building 3,,Planned,Planned,Publicly tracked data-center facility,70.0,70 MW,4.0,"Licking, OH",40.11911,-82.7464,Public tracker coordinates,Davis Besse,OH,103.6,925.2,Cleanview public U.S. data-center tracker,https://cleanview.co/data-centers/us,Individual facility or project from Cleanview's public geocoded U.S. data-center inventory.
AWS 13225 Skylark View Way,,Planned,Planned,Publicly tracked data-center facility,70.0,70 MW,4.0,"Prince William, VA",38.79074,-77.58617,Public tracker coordinates,North Anna,VA,51.7,1959.4,Cleanview public U.S. data-center tracker,https://cleanview.co/data-centers/us,Individual facility or project from Cleanview's public geocoded U.S. data-center inventory.
Gainesville East - Building 4,,Planned,Planned,Publicly tracked data-center facility,70.0,70 MW,4.0,"Prince William, VA",38.791084,-77.582578,Public tracker coordinates,North Anna,VA,51.7,1959.4,Cleanview public U.S. data-center tracker,https://cleanview.co/data-centers/us,Individual facility or project from Cleanview's public geocoded U.S. data-center inventory.
Gainesville East - Building 3,,Planned,Planned,Publicly tracked data-center facility,70.0,70 MW,4.0,"Prince William, VA",38.790753,-77.580779,Public tracker coordinates,North Anna,VA,51.7,1959.4,Cleanview public U.S. data-center tracker,https://cleanview.co/data-centers/us,Individual facility or project from Cleanview's public geocoded U.S. data-center inventory.
Gainesville East - Building 2,,Planned,Planned,Publicly tracked data-center facility,70.0,70 MW,4.0,"Prince William, VA",38.789471,-77.579838,Public tracker coordinates,North Anna,VA,51.7,1959.4,Cleanview public U.S. data-center tracker,https://cleanview.co/data-centers/us,Individual facility or project from Cleanview's public geocoded U.S. data-center inventory.
Gainesville East - Building 1,,Planned,Planned,Publicly tracked data-center facility,70.0,70 MW,4.0,"Prince William, VA",38.789307,-77.58191,Public tracker coordinates,North Anna,VA,51.6,1959.4,Cleanview public U.S. data-center tracker,https://cleanview.co/data-centers/us,Individual facility or project from Cleanview's public geocoded U.S. data-center inventory.
AWS Project Well - Building B,,Planned,Planned,Publicly tracked data-center facility,70.0,70 MW,4.0,"Prince William, VA",38.77849,-77.56441,Public tracker coordinates,North Anna,VA,51.1,1959.4,Cleanview public U.S. data-center tracker,https://cleanview.co/data-centers/us,Individual facility or project from Cleanview's public geocoded U.S. data-center inventory.
AWS Ashton Avenue - Building 1,,Planned,Planned,Publicly tracked data-center facility,70.0,70 MW,4.0,"Prince William, VA",38.77167,-77.51203,Public tracker coordinates,North Anna,VA,51.4,1959.4,Cleanview public U.S. data-center tracker,https://cleanview.co/data-centers/us,Individual facility or project from Cleanview's public geocoded U.S. data-center inventory.
Cipher Reveille,,Planned,Planned,Publicly tracked data-center facility,70.0,70 MW,4.0,"La Salle, TX",28.41871,-99.29763,Public tracker coordinates,South Texas Project,TX,198.8,2708.6,Cleanview public U.S. data-center tracker,https://cleanview.co/data-centers/us,Individual facility or project from Cleanview's public geocoded U.S. data-center inventory.
AWS IAD-224 Sudley Manor,,Planned,Planned,Publicly tracked data-center facility,70.0,70 MW,4.0,"Prince William, VA",38.76499,-77.54186,Public tracker coordinates,North Anna,VA,50.5,1959.4,Cleanview public U.S. data-center tracker,https://cleanview.co/data-centers/us,Individual facility or project from Cleanview's public geocoded U.S. data-center inventory.
Amazon Northeast Creek Campus - Building 3,,Planned,Planned,Publicly tracked data-center facility,70.0,70 MW,4.0,"Louisa, VA",37.982142,-77.949633,Public tracker coordinates,North Anna,VA,10.2,1959.4,Cleanview public U.S. data-center tracker,https://cleanview.co/data-centers/us,Individual facility or project from Cleanview's public geocoded U.S. data-center inventory.
Amazon Northeast Creek Campus - Building 2,,Planned,Planned,Publicly tracked data-center facility,70.0,70 MW,4.0,"Louisa, VA",37.983022,-77.950508,Public tracker coordinates,North Anna,VA,10.2,1959.4,Cleanview public U.S. data-center tracker,https://cleanview.co/data-centers/us,Individual facility or project from Cleanview's public geocoded U.S. data-center inventory.
AWS Cosmos Building 1,,Planned,Planned,Publicly tracked data-center facility,70.0,70 MW,4.0,"Union, OH",40.2193,-83.3258,Public tracker coordinates,Davis Besse,OH,96.0,925.2,Cleanview public U.S. data-center tracker,https://cleanview.co/data-centers/us,Individual facility or project from Cleanview's public geocoded U.S. data-center inventory.
Amazon Northeast Creek Campus - Building 1,,Planned,Planned,Publicly tracked data-center facility,70.0,70 MW,4.0,"Louisa, VA",37.983901,-77.951383,Public tracker coordinates,North Anna,VA,10.3,1959.4,Cleanview public U.S. data-center tracker,https://cleanview.co/data-centers/us,Individual facility or project from Cleanview's public geocoded U.S. data-center inventory.
Google Haskell South - Building 1,,Planned,Planned,Publicly tracked data-center facility,70.0,70 MW,4.0,"Haskell, TX",32.987083,-99.587185,Public tracker coordinates,Comanche Peak,TX,115.1,2430.0,Cleanview public U.S. data-center tracker,https://cleanview.co/data-centers/us,Individual facility or project from Cleanview's public geocoded U.S. data-center inventory.
Google Haskell South - Building 2,,Planned,Planned,Publicly tracked data-center facility,70.0,70 MW,4.0,"Haskell, TX",32.98707,-99.583239,Public tracker coordinates,Comanche Peak,TX,114.9,2430.0,Cleanview public U.S. data-center tracker,https://cleanview.co/data-centers/us,Individual facility or project from Cleanview's public geocoded U.S. data-center inventory.
AWS Ashton Avenue - Building 3,,Planned,Planned,Publicly tracked data-center facility,70.0,70 MW,4.0,"Prince William, VA",38.77302,-77.51319,Public tracker coordinates,North Anna,VA,51.5,1959.4,Cleanview public U.S. data-center tracker,https://cleanview.co/data-centers/us,Individual facility or project from Cleanview's public geocoded U.S. data-center inventory.
AWS Colchester Industrial Park - Building 2,,Planned,Planned,Publicly tracked data-center facility,70.0,70 MW,4.0,"Prince William, VA",38.633593,-77.413239,Public tracker coordinates,North Anna,VA,44.6,1959.4,Cleanview public U.S. data-center tracker,https://cleanview.co/data-centers/us,Individual facility or project from Cleanview's public geocoded U.S. data-center inventory.
Amazon Northeast Creek Campus - Building 10,,Planned,Planned,Publicly tracked data-center facility,70.0,70 MW,4.0,"Louisa, VA",37.978746,-77.949875,Public tracker coordinates,North Anna,VA,10.4,1959.4,Cleanview public U.S. data-center tracker,https://cleanview.co/data-centers/us,Individual facility or project from Cleanview's public geocoded U.S. data-center inventory.
Amazon Northeast Creek Campus - Building 9,,Planned,Planned,Publicly tracked data-center facility,70.0,70 MW,4.0,"Louisa, VA",37.979645,-77.9508,Public tracker coordinates,North Anna,VA,10.4,1959.4,Cleanview public U.S. data-center tracker,https://cleanview.co/data-centers/us,Individual facility or project from Cleanview's public geocoded U.S. data-center inventory.
Amazon Northeast Creek Campus - Building 8,,Planned,Planned,Publicly tracked data-center facility,70.0,70 MW,4.0,"Louisa, VA",37.980544,-77.951725,Public tracker coordinates,North Anna,VA,10.4,1959.4,Cleanview public U.S. data-center tracker,https://cleanview.co/data-centers/us,Individual facility or project from Cleanview's public geocoded U.S. data-center inventory.
Amazon Northeast Creek Campus - Building 7,,Planned,Planned,Publicly tracked data-center facility,70.0,70 MW,4.0,"Louisa, VA",37.981443,-77.952651,Public tracker coordinates,North Anna,VA,10.4,1959.4,Cleanview public U.S. data-center tracker,https://cleanview.co/data-centers/us,Individual facility or project from Cleanview's public geocoded U.S. data-center inventory.
AWS Colchester Industrial Park - Building 1,,Planned,Planned,Publicly tracked data-center facility,70.0,70 MW,4.0,"Prince William, VA",38.630186,-77.412641,Public tracker coordinates,North Anna,VA,44.4,1959.4,Cleanview public U.S. data-center tracker,https://cleanview.co/data-centers/us,Individual facility or project from Cleanview's public geocoded U.S. data-center inventory.
AWS 7300 Century Park Drive,,Planned,Planned,Publicly tracked data-center facility,70.0,70 MW,4.0,"Prince William, VA",38.796121,-77.542337,Public tracker coordinates,North Anna,VA,52.6,1959.4,Cleanview public U.S. data-center tracker,https://cleanview.co/data-centers/us,Individual facility or project from Cleanview's public geocoded U.S. data-center inventory.
Amazon Northeast Creek Campus - Building 6,,Planned,Planned,Publicly tracked data-center facility,70.0,70 MW,4.0,"Louisa, VA",37.982342,-77.953576,Public tracker coordinates,North Anna,VA,10.4,1959.4,Cleanview public U.S. data-center tracker,https://cleanview.co/data-centers/us,Individual facility or project from Cleanview's public geocoded U.S. data-center inventory.
Amazon Northeast Creek Campus - Building 5,,Planned,Planned,Publicly tracked data-center facility,70.0,70 MW,4.0,"Louisa, VA",37.980384,-77.947884,Public tracker coordinates,North Anna,VA,10.2,1959.4,Cleanview public U.S. data-center tracker,https://cleanview.co/data-centers/us,Individual facility or project from Cleanview's public geocoded U.S. data-center inventory.
Amazon Northeast Creek Campus - Building 4,,Planned,Planned,Publicly tracked data-center facility,70.0,70 MW,4.0,"Louisa, VA",37.981263,-77.948759,Public tracker coordinates,North Anna,VA,10.2,1959.4,Cleanview public U.S. data-center tracker,https://cleanview.co/data-centers/us,Individual facility or project from Cleanview's public geocoded U.S. data-center inventory.
Amazon Summit Technology Park - Building 5,,Planned,Planned,Publicly tracked data-center facility,70.0,70 MW,4.0,"Spotsylvania, VA",38.1979,-77.43205,Public tracker coordinates,North Anna,VA,21.6,1959.4,Cleanview public U.S. data-center tracker,https://cleanview.co/data-centers/us,Individual facility or project from Cleanview's public geocoded U.S. data-center inventory.
Amazon Summit Technology Park - Building 6,,Planned,Planned,Publicly tracked data-center facility,70.0,70 MW,4.0,"Spotsylvania, VA",38.1964,-77.43205,Public tracker coordinates,North Anna,VA,21.6,1959.4,Cleanview public U.S. data-center tracker,https://cleanview.co/data-centers/us,Individual facility or project from Cleanview's public geocoded U.S. data-center inventory.
Amazon Massaponax Tech Campus - Building 1,,Planned,Planned,Publicly tracked data-center facility,70.0,70 MW,4.0,"Spotsylvania, VA",38.2174,-77.44615,Public tracker coordinates,North Anna,VA,21.6,1959.4,Cleanview public U.S. data-center tracker,https://cleanview.co/data-centers/us,Individual facility or project from Cleanview's public geocoded U.S. data-center inventory.
Iron Mountain Manassas Point DC3,,Planned,Planned,Publicly tracked data-center facility,70.0,70 MW,4.0,"Prince William, VA",38.783018689000166,-77.53549399930063,Public tracker coordinates,North Anna,VA,51.8,1959.4,Cleanview public U.S. data-center tracker,https://cleanview.co/data-centers/us,Individual facility or project from Cleanview's public geocoded U.S. data-center inventory.
Amazon Summit Technology Park - Building 1,,Planned,Planned,Publicly tracked data-center facility,70.0,70 MW,4.0,"Spotsylvania, VA",38.1994,-77.43355,Public tracker coordinates,North Anna,VA,21.6,1959.4,Cleanview public U.S. data-center tracker,https://cleanview.co/data-centers/us,Individual facility or project from Cleanview's public geocoded U.S. data-center inventory.
Amazon Summit Technology Park - Building 2,,Planned,Planned,Publicly tracked data-center facility,70.0,70 MW,4.0,"Spotsylvania, VA",38.1979,-77.43355,Public tracker coordinates,North Anna,VA,21.6,1959.4,Cleanview public U.S. data-center tracker,https://cleanview.co/data-centers/us,Individual facility or project from Cleanview's public geocoded U.S. data-center inventory.
AWS Brambleton Business Campus - Building 1,,Planned,Planned,Publicly tracked data-center facility,70.0,70 MW,4.0,"Loudoun, VA",38.9534,-77.5196,Public tracker coordinates,North Anna,VA,63.4,1959.4,Cleanview public U.S. data-center tracker,https://cleanview.co/data-centers/us,Individual facility or project from Cleanview's public geocoded U.S. data-center inventory.
Iron Mountain Manassas Point DC2,,Planned,Planned,Publicly tracked data-center facility,70.0,70 MW,4.0,"Prince William, VA",38.78458256474122,-77.53586394201615,Public tracker coordinates,North Anna,VA,51.9,1959.4,Cleanview public U.S. data-center tracker,https://cleanview.co/data-centers/us,Individual facility or project from Cleanview's public geocoded U.S. data-center inventory.
Iron Mountain Manassas Point DC1,,Planned,Planned,Publicly tracked data-center facility,70.0,70 MW,4.0,"Prince William, VA",38.783656276043025,-77.53748353206956,Public tracker coordinates,North Anna,VA,51.8,1959.4,Cleanview public U.S. data-center tracker,https://cleanview.co/data-centers/us,Individual facility or project from Cleanview's public geocoded U.S. data-center inventory.
Amazon Summit Crossing Tech Campus - Building 8,,Planned,Planned,Publicly tracked data-center facility,70.0,70 MW,4.0,"Spotsylvania, VA",38.186263000000004,-77.437596,Public tracker coordinates,North Anna,VA,21.0,1959.4,Cleanview public U.S. data-center tracker,https://cleanview.co/data-centers/us,Individual facility or project from Cleanview's public geocoded U.S. data-center inventory.
Amazon Summit Crossing Tech Campus - Building 7,,Planned,Planned,Publicly tracked data-center facility,70.0,70 MW,4.0,"Spotsylvania, VA",38.187763000000004,-77.437596,Public tracker coordinates,North Anna,VA,21.1,1959.4,Cleanview public U.S. data-center tracker,https://cleanview.co/data-centers/us,Individual facility or project from Cleanview's public geocoded U.S. data-center inventory.
Amazon Summit Crossing Tech Campus - Building 6,,Planned,Planned,Publicly tracked data-center facility,70.0,70 MW,4.0,"Spotsylvania, VA",38.189263000000004,-77.437596,Public tracker coordinates,North Anna,VA,21.1,1959.4,Cleanview public U.S. data-center tracker,https://cleanview.co/data-centers/us,Individual facility or project from Cleanview's public geocoded U.S. data-center inventory.
Amazon Summit Technology Park - Building 3,,Planned,Planned,Publicly tracked data-center facility,70.0,70 MW,4.0,"Spotsylvania, VA",38.1964,-77.43355,Public tracker coordinates,North Anna,VA,21.5,1959.4,Cleanview public U.S. data-center tracker,https://cleanview.co/data-centers/us,Individual facility or project from Cleanview's public geocoded U.S. data-center inventory.
Amazon Summit Technology Park - Building 4,,Planned,Planned,Publicly tracked data-center facility,70.0,70 MW,4.0,"Spotsylvania, VA",38.1994,-77.43205,Public tracker coordinates,North Anna,VA,21.7,1959.4,Cleanview public U.S. data-center tracker,https://cleanview.co/data-centers/us,Individual facility or project from Cleanview's public geocoded U.S. data-center inventory.
Amazon Summit Crossing Tech Campus - Building 5,,Planned,Planned,Publicly tracked data-center facility,70.0,70 MW,4.0,"Spotsylvania, VA",38.190763000000004,-77.437596,Public tracker coordinates,North Anna,VA,21.2,1959.4,Cleanview public U.S. data-center tracker,https://cleanview.co/data-centers/us,Individual facility or project from Cleanview's public geocoded U.S. data-center inventory.
Amazon Summit Crossing Tech Campus - Building 4,,Planned,Planned,Publicly tracked data-center facility,70.0,70 MW,4.0,"Spotsylvania, VA",38.186263000000004,-77.439096,Public tracker coordinates,North Anna,VA,21.0,1959.4,Cleanview public U.S. data-center tracker,https://cleanview.co/data-centers/us,Individual facility or project from Cleanview's public geocoded U.S. data-center inventory.
Amazon Summit Crossing Tech Campus - Building 3,,Planned,Planned,Publicly tracked data-center facility,70.0,70 MW,4.0,"Spotsylvania, VA",38.187763000000004,-77.439096,Public tracker coordinates,North Anna,VA,21.0,1959.4,Cleanview public U.S. data-center tracker,https://cleanview.co/data-centers/us,Individual facility or project from Cleanview's public geocoded U.S. data-center inventory.
Amazon Summit Crossing Tech Campus - Building 2,,Planned,Planned,Publicly tracked data-center facility,70.0,70 MW,4.0,"Spotsylvania, VA",38.189263000000004,-77.439096,Public tracker coordinates,North Anna,VA,21.0,1959.4,Cleanview public U.S. data-center tracker,https://cleanview.co/data-centers/us,Individual facility or project from Cleanview's public geocoded U.S. data-center inventory.
Amazon Summit Crossing Tech Campus - Building 1,,Planned,Planned,Publicly tracked data-center facility,70.0,70 MW,4.0,"Spotsylvania, VA",38.190763000000004,-77.439096,Public tracker coordinates,North Anna,VA,21.1,1959.4,Cleanview public U.S. data-center tracker,https://cleanview.co/data-centers/us,Individual facility or project from Cleanview's public geocoded U.S. data-center inventory.
AWS Colchester Industrial Park - Building 3,,Planned,Planned,Publicly tracked data-center facility,70.0,70 MW,4.0,"Prince William, VA",38.6319,-77.4124,Public tracker coordinates,North Anna,VA,44.5,1959.4,Cleanview public U.S. data-center tracker,https://cleanview.co/data-centers/us,Individual facility or project from Cleanview's public geocoded U.S. data-center inventory.
AWS IAD-192 Pacific Blvd,,Operating,Operating,Publicly tracked data-center facility,69.8,70 MW,4.0,"Loudoun, VA",38.98956,-77.4348017,Public tracker coordinates,Calvert Cliffs Nuclear Power Plant,MD,65.9,1850.4,Cleanview public U.S. data-center tracker,https://cleanview.co/data-centers/us,Individual facility or project from Cleanview's public geocoded U.S. data-center inventory.
Renaissance Tech Park E (IAD05),,Planned,Planned,Publicly tracked data-center facility,69.0,69 MW,4.0,"Fairfax, VA",38.935097,-77.424514,Public tracker coordinates,Calvert Cliffs Nuclear Power Plant,MD,63.3,1850.4,Cleanview public U.S. data-center tracker,https://cleanview.co/data-centers/us,Individual facility or project from Cleanview's public geocoded U.S. data-center inventory.
Microsoft AVC10,,Planned,Planned,Publicly tracked data-center facility,69.0,69 MW,4.0,"Mecklenburg, VA",36.702306,-78.067171,Public tracker coordinates,Surry,VA,82.1,1695.0,Cleanview public U.S. data-center tracker,https://cleanview.co/data-centers/us,Individual facility or project from Cleanview's public geocoded U.S. data-center inventory.
AWS Cosgray Road Building 3,,Operating,Operating,Publicly tracked data-center facility,68.8,69 MW,4.0,"Franklin, OH",40.05018,-83.17552,Public tracker coordinates,Davis Besse,OH,107.0,925.2,Cleanview public U.S. data-center tracker,https://cleanview.co/data-centers/us,Individual facility or project from Cleanview's public geocoded U.S. data-center inventory.
Stack NVA02E,,Operating,Operating,Publicly tracked data-center facility,68.8,69 MW,4.0,"Prince William, VA",38.74498898,-77.5392547,Public tracker coordinates,North Anna,VA,49.2,1959.4,Cleanview public U.S. data-center tracker,https://cleanview.co/data-centers/us,Individual facility or project from Cleanview's public geocoded U.S. data-center inventory.
AWS Harrison Road Building 1,,Operating,Operating,Publicly tracked data-center facility,68.8,69 MW,4.0,"Licking, OH",40.092158,-82.727551,Public tracker coordinates,Davis Besse,OH,105.6,925.2,Cleanview public U.S. data-center tracker,https://cleanview.co/data-centers/us,Individual facility or project from Cleanview's public geocoded U.S. data-center inventory.
AWS Harrison Road Building 3,,Operating,Operating,Publicly tracked data-center facility,68.8,69 MW,4.0,"Licking, OH",40.094219,-82.732111,Public tracker coordinates,Davis Besse,OH,105.4,925.2,Cleanview public U.S. data-center tracker,https://cleanview.co/data-centers/us,Individual facility or project from Cleanview's public geocoded U.S. data-center inventory.
AWS New Carlisle - Building 21,,Planned,Planned,Publicly tracked data-center facility,68.8,69 MW,4.0,"St. Joseph, IN",41.6623,-86.4781,Public tracker coordinates,Donald C Cook,MI,22.1,2285.3,Cleanview public U.S. data-center tracker,https://cleanview.co/data-centers/us,Individual facility or project from Cleanview's public geocoded U.S. data-center inventory.
AWS Harrison Road Building 2,,Operating,Operating,Publicly tracked data-center facility,68.8,69 MW,4.0,"Licking, OH",40.09344,-82.73216,Public tracker coordinates,Davis Besse,OH,105.5,925.2,Cleanview public U.S. data-center tracker,https://cleanview.co/data-centers/us,Individual facility or project from Cleanview's public geocoded U.S. data-center inventory.
AWS New Carlisle - Building 22,,Planned,Planned,Publicly tracked data-center facility,68.8,69 MW,4.0,"St. Joseph, IN",41.66,-86.4783,Public tracker coordinates,Donald C Cook,MI,22.3,2285.3,Cleanview public U.S. data-center tracker,https://cleanview.co/data-centers/us,Individual facility or project from Cleanview's public geocoded U.S. data-center inventory.
AWS New Carlisle - Building 24,,Planned,Planned,Publicly tracked data-center facility,68.8,69 MW,4.0,"St. Joseph, IN",41.66,-86.4759,Public tracker coordinates,Donald C Cook,MI,22.3,2285.3,Cleanview public U.S. data-center tracker,https://cleanview.co/data-centers/us,Individual facility or project from Cleanview's public geocoded U.S. data-center inventory.
AWS Smith's Mill Road Building 6,,Operating,Operating,Publicly tracked data-center facility,68.8,69 MW,4.0,"Licking, OH",40.102429,-82.750129,Public tracker coordinates,Davis Besse,OH,104.7,925.2,Cleanview public U.S. data-center tracker,https://cleanview.co/data-centers/us,Individual facility or project from Cleanview's public geocoded U.S. data-center inventory.
AWS New Carlisle - Building 25,,Planned,Planned,Publicly tracked data-center facility,68.8,69 MW,4.0,"St. Joseph, IN",41.6635,-86.4759,Public tracker coordinates,Donald C Cook,MI,22.0,2285.3,Cleanview public U.S. data-center tracker,https://cleanview.co/data-centers/us,Individual facility or project from Cleanview's public geocoded U.S. data-center inventory.
AWS New Carlisle - Building 26,,Planned,Planned,Publicly tracked data-center facility,68.8,69 MW,4.0,"St. Joseph, IN",41.6635,-86.4748,Public tracker coordinates,Donald C Cook,MI,22.1,2285.3,Cleanview public U.S. data-center tracker,https://cleanview.co/data-centers/us,Individual facility or project from Cleanview's public geocoded U.S. data-center inventory.
AWS New Carlisle - Building 27,,Planned,Planned,Publicly tracked data-center facility,68.8,69 MW,4.0,"St. Joseph, IN",41.6631,-86.4807,Public tracker coordinates,Donald C Cook,MI,22.0,2285.3,Cleanview public U.S. data-center tracker,https://cleanview.co/data-centers/us,Individual facility or project from Cleanview's public geocoded U.S. data-center inventory.
AWS Smith's Mill Road Building 7,,Operating,Operating,Publicly tracked data-center facility,68.8,69 MW,4.0,"Licking, OH",40.101978,-82.751912,Public tracker coordinates,Davis Besse,OH,104.7,925.2,Cleanview public U.S. data-center tracker,https://cleanview.co/data-centers/us,Individual facility or project from Cleanview's public geocoded U.S. data-center inventory.
AWS Smith's Mill Road Building 8,,Operating,Operating,Publicly tracked data-center facility,68.8,69 MW,4.0,"Licking, OH",40.103768,-82.75181,Public tracker coordinates,Davis Besse,OH,104.6,925.2,Cleanview public U.S. data-center tracker,https://cleanview.co/data-centers/us,Individual facility or project from Cleanview's public geocoded U.S. data-center inventory.
AWS New Carlisle - Building 28,,Planned,Planned,Publicly tracked data-center facility,68.8,69 MW,4.0,"St. Joseph, IN",41.6603,-86.4805,Public tracker coordinates,Donald C Cook,MI,22.2,2285.3,Cleanview public U.S. data-center tracker,https://cleanview.co/data-centers/us,Individual facility or project from Cleanview's public geocoded U.S. data-center inventory.
AWS New Carlisle - Building 29,,Planned,Planned,Publicly tracked data-center facility,68.8,69 MW,4.0,"St. Joseph, IN",41.6603,-86.4745,Public tracker coordinates,Donald C Cook,MI,22.3,2285.3,Cleanview public U.S. data-center tracker,https://cleanview.co/data-centers/us,Individual facility or project from Cleanview's public geocoded U.S. data-center inventory.
AWS New Carlisle - Building 1,,Operating,Operating,Publicly tracked data-center facility,68.8,69 MW,4.0,"St. Joseph, IN",41.688703,-86.475014,Public tracker coordinates,Donald C Cook,MI,20.4,2285.3,Cleanview public U.S. data-center tracker,https://cleanview.co/data-centers/us,Individual facility or project from Cleanview's public geocoded U.S. data-center inventory.
AWS New Carlisle - Building 2,,Operating,Operating,Publicly tracked data-center facility,68.8,69 MW,4.0,"St. Joseph, IN",41.688226,-86.473114,Public tracker coordinates,Donald C Cook,MI,20.4,2285.3,Cleanview public U.S. data-center tracker,https://cleanview.co/data-centers/us,Individual facility or project from Cleanview's public geocoded U.S. data-center inventory.
AWS Harrison Road Building 4,,Operating,Operating,Publicly tracked data-center facility,68.8,69 MW,4.0,"Licking, OH",40.095502,-82.732004,Public tracker coordinates,Davis Besse,OH,105.4,925.2,Cleanview public U.S. data-center tracker,https://cleanview.co/data-centers/us,Individual facility or project from Cleanview's public geocoded U.S. data-center inventory.
AWS New Carlisle - Building 30,,Planned,Planned,Publicly tracked data-center facility,68.8,69 MW,4.0,"St. Joseph, IN",41.66,-86.4728,Public tracker coordinates,Donald C Cook,MI,22.3,2285.3,Cleanview public U.S. data-center tracker,https://cleanview.co/data-centers/us,Individual facility or project from Cleanview's public geocoded U.S. data-center inventory.
AWS New Carlisle - Building 16,,Operating,Operating,Publicly tracked data-center facility,68.8,69 MW,4.0,"St. Joseph, IN",41.666041,-86.475594,Public tracker coordinates,Donald C Cook,MI,21.9,2285.3,Cleanview public U.S. data-center tracker,https://cleanview.co/data-centers/us,Individual facility or project from Cleanview's public geocoded U.S. data-center inventory.
AWS New Carlisle - Building 3,,Operating,Operating,Publicly tracked data-center facility,68.8,69 MW,4.0,"St. Joseph, IN",41.69174,-86.466939,Public tracker coordinates,Donald C Cook,MI,20.3,2285.3,Cleanview public U.S. data-center tracker,https://cleanview.co/data-centers/us,Individual facility or project from Cleanview's public geocoded U.S. data-center inventory.
AWS New Carlisle - Building 10,,Operating,Operating,Publicly tracked data-center facility,68.8,69 MW,4.0,"St. Joseph, IN",41.668714,-86.470972,Public tracker coordinates,Donald C Cook,MI,21.8,2285.3,Cleanview public U.S. data-center tracker,https://cleanview.co/data-centers/us,Individual facility or project from Cleanview's public geocoded U.S. data-center inventory.
AWS New Carlisle - Building 11,,Operating,Operating,Publicly tracked data-center facility,68.8,69 MW,4.0,"St. Joseph, IN",41.668457,-86.479649,Public tracker coordinates,Donald C Cook,MI,21.7,2285.3,Cleanview public U.S. data-center tracker,https://cleanview.co/data-centers/us,Individual facility or project from Cleanview's public geocoded U.S. data-center inventory.
AWS New Carlisle - Building 32,,Planned,Planned,Publicly tracked data-center facility,68.8,69 MW,4.0,"St. Joseph, IN",41.6642,-86.4725,Public tracker coordinates,Donald C Cook,MI,22.0,2285.3,Cleanview public U.S. data-center tracker,https://cleanview.co/data-centers/us,Individual facility or project from Cleanview's public geocoded U.S. data-center inventory.
AWS New Carlisle - Building 17,,Planned,Planned,Publicly tracked data-center facility,68.8,69 MW,4.0,"St. Joseph, IN",41.68866,-86.461841,Public tracker coordinates,Donald C Cook,MI,20.5,2285.3,Cleanview public U.S. data-center tracker,https://cleanview.co/data-centers/us,Individual facility or project from Cleanview's public geocoded U.S. data-center inventory.
AWS New Carlisle - Building 18,,Planned,Planned,Publicly tracked data-center facility,68.8,69 MW,4.0,"St. Joseph, IN",41.690931,-86.461797,Public tracker coordinates,Donald C Cook,MI,20.4,2285.3,Cleanview public U.S. data-center tracker,https://cleanview.co/data-centers/us,Individual facility or project from Cleanview's public geocoded U.S. data-center inventory.
AWS New Carlisle - Building 4,,Operating,Operating,Publicly tracked data-center facility,68.8,69 MW,4.0,"St. Joseph, IN",41.688222,-86.471921,Public tracker coordinates,Donald C Cook,MI,20.4,2285.3,Cleanview public U.S. data-center tracker,https://cleanview.co/data-centers/us,Individual facility or project from Cleanview's public geocoded U.S. data-center inventory.
AWS New Carlisle - Building 5,,Operating,Operating,Publicly tracked data-center facility,68.8,69 MW,4.0,"St. Joseph, IN",41.688761,-86.469929,Public tracker coordinates,Donald C Cook,MI,20.4,2285.3,Cleanview public U.S. data-center tracker,https://cleanview.co/data-centers/us,Individual facility or project from Cleanview's public geocoded U.S. data-center inventory.
AWS New Carlisle - Building 6,,Operating,Operating,Publicly tracked data-center facility,68.8,69 MW,4.0,"St. Joseph, IN",41.691735,-86.464955,Public tracker coordinates,Donald C Cook,MI,20.3,2285.3,Cleanview public U.S. data-center tracker,https://cleanview.co/data-centers/us,Individual facility or project from Cleanview's public geocoded U.S. data-center inventory.
AWS New Carlisle - Building 7,,Operating,Operating,Publicly tracked data-center facility,68.8,69 MW,4.0,"St. Joseph, IN",41.69173,-86.463759,Public tracker coordinates,Donald C Cook,MI,20.3,2285.3,Cleanview public U.S. data-center tracker,https://cleanview.co/data-centers/us,Individual facility or project from Cleanview's public geocoded U.S. data-center inventory.
AWS New Carlisle - Building 8,,Operating,Operating,Publicly tracked data-center facility,68.8,69 MW,4.0,"St. Joseph, IN",41.670342,-86.470954,Public tracker coordinates,Donald C Cook,MI,21.6,2285.3,Cleanview public U.S. data-center tracker,https://cleanview.co/data-centers/us,Individual facility or project from Cleanview's public geocoded U.S. data-center inventory.
AWS New Carlisle - Building 9,,Operating,Operating,Publicly tracked data-center facility,68.8,69 MW,4.0,"St. Joseph, IN",41.670089,-86.47963,Public tracker coordinates,Donald C Cook,MI,21.6,2285.3,Cleanview public U.S. data-center tracker,https://cleanview.co/data-centers/us,Individual facility or project from Cleanview's public geocoded U.S. data-center inventory.
AWS New Carlisle - Building 12,,Operating,Operating,Publicly tracked data-center facility,68.8,69 MW,4.0,"St. Joseph, IN",41.667583,-86.479656,Public tracker coordinates,Donald C Cook,MI,21.7,2285.3,Cleanview public U.S. data-center tracker,https://cleanview.co/data-centers/us,Individual facility or project from Cleanview's public geocoded U.S. data-center inventory.
AWS New Carlisle - Building 13,,Operating,Operating,Publicly tracked data-center facility,68.8,69 MW,4.0,"St. Joseph, IN",41.666062,-86.479666,Public tracker coordinates,Donald C Cook,MI,21.8,2285.3,Cleanview public U.S. data-center tracker,https://cleanview.co/data-centers/us,Individual facility or project from Cleanview's public geocoded U.S. data-center inventory.
AWS New Carlisle - Building 14,,Operating,Operating,Publicly tracked data-center facility,68.8,69 MW,4.0,"St. Joseph, IN",41.668432,-86.475568,Public tracker coordinates,Donald C Cook,MI,21.7,2285.3,Cleanview public U.S. data-center tracker,https://cleanview.co/data-centers/us,Individual facility or project from Cleanview's public geocoded U.S. data-center inventory.
AWS New Carlisle - Building 15,,Operating,Operating,Publicly tracked data-center facility,68.8,69 MW,4.0,"St. Joseph, IN",41.667561,-86.475579,Public tracker coordinates,Donald C Cook,MI,21.8,2285.3,Cleanview public U.S. data-center tracker,https://cleanview.co/data-centers/us,Individual facility or project from Cleanview's public geocoded U.S. data-center inventory.
AWS New Carlisle - Building 23,,Planned,Planned,Publicly tracked data-center facility,68.8,69 MW,4.0,"St. Joseph, IN",41.66,-86.4772,Public tracker coordinates,Donald C Cook,MI,22.3,2285.3,Cleanview public U.S. data-center tracker,https://cleanview.co/data-centers/us,Individual facility or project from Cleanview's public geocoded U.S. data-center inventory.
AWS New Carlisle - Building 31,,Planned,Planned,Publicly tracked data-center facility,68.8,69 MW,4.0,"St. Joseph, IN",41.6624,-86.4728,Public tracker coordinates,Donald C Cook,MI,22.2,2285.3,Cleanview public U.S. data-center tracker,https://cleanview.co/data-centers/us,Individual facility or project from Cleanview's public geocoded U.S. data-center inventory.
AWS Powerline Rd Building 4,,Operating,Operating,Publicly tracked data-center facility,68.8,69 MW,4.0,"Umatilla, OR",45.8795463,-119.3398692,Public tracker coordinates,Columbia Generating Station,WA,40.9,1200.0,Cleanview public U.S. data-center tracker,https://cleanview.co/data-centers/us,Individual facility or project from Cleanview's public geocoded U.S. data-center inventory.
AWS Hobart - Building 22,,Planned,Planned,Publicly tracked data-center facility,68.8,69 MW,4.0,"Lake, IN",41.5028,-87.2834,Public tracker coordinates,Donald C Cook,MI,49.4,2285.3,Cleanview public U.S. data-center tracker,https://cleanview.co/data-centers/us,Individual facility or project from Cleanview's public geocoded U.S. data-center inventory.
AWS New Carlisle - Building 20,,Planned,Planned,Publicly tracked data-center facility,68.8,69 MW,4.0,"St. Joseph, IN",41.6635,-86.4781,Public tracker coordinates,Donald C Cook,MI,22.0,2285.3,Cleanview public U.S. data-center tracker,https://cleanview.co/data-centers/us,Individual facility or project from Cleanview's public geocoded U.S. data-center inventory.
AWS Hobart - Building 21,,Planned,Planned,Publicly tracked data-center facility,68.8,69 MW,4.0,"Lake, IN",41.5028,-87.2846,Public tracker coordinates,Donald C Cook,MI,49.4,2285.3,Cleanview public U.S. data-center tracker,https://cleanview.co/data-centers/us,Individual facility or project from Cleanview's public geocoded U.S. data-center inventory.
AWS Hobart - Building 20,,Planned,Planned,Publicly tracked data-center facility,68.8,69 MW,4.0,"Lake, IN",41.5037,-87.2798,Public tracker coordinates,Donald C Cook,MI,49.2,2285.3,Cleanview public U.S. data-center tracker,https://cleanview.co/data-centers/us,Individual facility or project from Cleanview's public geocoded U.S. data-center inventory.
AWS Hobart - Building 19,,Planned,Planned,Publicly tracked data-center facility,68.8,69 MW,4.0,"Lake, IN",41.5037,-87.281,Public tracker coordinates,Donald C Cook,MI,49.2,2285.3,Cleanview public U.S. data-center tracker,https://cleanview.co/data-centers/us,Individual facility or project from Cleanview's public geocoded U.S. data-center inventory.
AWS Wilmington - Building 1,,Planned,Planned,Publicly tracked data-center facility,68.8,69 MW,4.0,"Clinton, OH",39.4298,-83.8457,Public tracker coordinates,Davis Besse,OH,154.9,925.2,Cleanview public U.S. data-center tracker,https://cleanview.co/data-centers/us,Individual facility or project from Cleanview's public geocoded U.S. data-center inventory.
AWS Hobart - Building 18,,Planned,Planned,Publicly tracked data-center facility,68.8,69 MW,4.0,"Lake, IN",41.5037,-87.2822,Public tracker coordinates,Donald C Cook,MI,49.3,2285.3,Cleanview public U.S. data-center tracker,https://cleanview.co/data-centers/us,Individual facility or project from Cleanview's public geocoded U.S. data-center inventory.
AWS Hobart - Building 17,,Planned,Planned,Publicly tracked data-center facility,68.8,69 MW,4.0,"Lake, IN",41.5037,-87.2834,Public tracker coordinates,Donald C Cook,MI,49.3,2285.3,Cleanview public U.S. data-center tracker,https://cleanview.co/data-centers/us,Individual facility or project from Cleanview's public geocoded U.S. data-center inventory.
AWS Hobart - Building 16,,Planned,Planned,Publicly tracked data-center facility,68.8,69 MW,4.0,"Lake, IN",41.5037,-87.2846,Public tracker coordinates,Donald C Cook,MI,49.4,2285.3,Cleanview public U.S. data-center tracker,https://cleanview.co/data-centers/us,Individual facility or project from Cleanview's public geocoded U.S. data-center inventory.
AWS Hobart - Building 15,,Planned,Planned,Publicly tracked data-center facility,68.8,69 MW,4.0,"Lake, IN",41.5046,-87.2798,Public tracker coordinates,Donald C Cook,MI,49.2,2285.3,Cleanview public U.S. data-center tracker,https://cleanview.co/data-centers/us,Individual facility or project from Cleanview's public geocoded U.S. data-center inventory.
AWS Hobart - Building 14,,Planned,Planned,Publicly tracked data-center facility,68.8,69 MW,4.0,"Lake, IN",41.5046,-87.281,Public tracker coordinates,Donald C Cook,MI,49.2,2285.3,Cleanview public U.S. data-center tracker,https://cleanview.co/data-centers/us,Individual facility or project from Cleanview's public geocoded U.S. data-center inventory.
AWS Wilmington - Building 9,,Planned,Planned,Publicly tracked data-center facility,68.8,69 MW,4.0,"Clinton, OH",39.4253,-83.8363,Public tracker coordinates,Davis Besse,OH,155.1,925.2,Cleanview public U.S. data-center tracker,https://cleanview.co/data-centers/us,Individual facility or project from Cleanview's public geocoded U.S. data-center inventory.
AWS Wilmington - Building 8,,Planned,Planned,Publicly tracked data-center facility,68.8,69 MW,4.0,"Clinton, OH",39.4253,-83.841,Public tracker coordinates,Davis Besse,OH,155.2,925.2,Cleanview public U.S. data-center tracker,https://cleanview.co/data-centers/us,Individual facility or project from Cleanview's public geocoded U.S. data-center inventory.
AWS Wilmington - Building 7,,Planned,Planned,Publicly tracked data-center facility,68.8,69 MW,4.0,"Clinton, OH",39.4253,-83.8457,Public tracker coordinates,Davis Besse,OH,155.2,925.2,Cleanview public U.S. data-center tracker,https://cleanview.co/data-centers/us,Individual facility or project from Cleanview's public geocoded U.S. data-center inventory.
AWS Wilmington - Building 6,,Planned,Planned,Publicly tracked data-center facility,68.8,69 MW,4.0,"Clinton, OH",39.4275,-83.8363,Public tracker coordinates,Davis Besse,OH,155.0,925.2,Cleanview public U.S. data-center tracker,https://cleanview.co/data-centers/us,Individual facility or project from Cleanview's public geocoded U.S. data-center inventory.
AWS Wilmington - Building 5,,Planned,Planned,Publicly tracked data-center facility,68.8,69 MW,4.0,"Clinton, OH",39.4275,-83.841,Public tracker coordinates,Davis Besse,OH,155.0,925.2,Cleanview public U.S. data-center tracker,https://cleanview.co/data-centers/us,Individual facility or project from Cleanview's public geocoded U.S. data-center inventory.
AWS Wilmington - Building 4,,Planned,Planned,Publicly tracked data-center facility,68.8,69 MW,4.0,"Clinton, OH",39.4275,-83.8457,Public tracker coordinates,Davis Besse,OH,155.1,925.2,Cleanview public U.S. data-center tracker,https://cleanview.co/data-centers/us,Individual facility or project from Cleanview's public geocoded U.S. data-center inventory.
AWS Wilmington - Building 3,,Planned,Planned,Publicly tracked data-center facility,68.8,69 MW,4.0,"Clinton, OH",39.4298,-83.8363,Public tracker coordinates,Davis Besse,OH,154.8,925.2,Cleanview public U.S. data-center tracker,https://cleanview.co/data-centers/us,Individual facility or project from Cleanview's public geocoded U.S. data-center inventory.
AWS Wilmington - Building 2,,Planned,Planned,Publicly tracked data-center facility,68.8,69 MW,4.0,"Clinton, OH",39.4298,-83.841,Public tracker coordinates,Davis Besse,OH,154.9,925.2,Cleanview public U.S. data-center tracker,https://cleanview.co/data-centers/us,Individual facility or project from Cleanview's public geocoded U.S. data-center inventory.
AWS Hobart - Building 13,,Planned,Planned,Publicly tracked data-center facility,68.8,69 MW,4.0,"Lake, IN",41.5046,-87.2822,Public tracker coordinates,Donald C Cook,MI,49.2,2285.3,Cleanview public U.S. data-center tracker,https://cleanview.co/data-centers/us,Individual facility or project from Cleanview's public geocoded U.S. data-center inventory.
AWS Hobart - Building 12,,Planned,Planned,Publicly tracked data-center facility,68.8,69 MW,4.0,"Lake, IN",41.5046,-87.2834,Public tracker coordinates,Donald C Cook,MI,49.3,2285.3,Cleanview public U.S. data-center tracker,https://cleanview.co/data-centers/us,Individual facility or project from Cleanview's public geocoded U.S. data-center inventory.
AWS Hobart - Building 11,,Planned,Planned,Publicly tracked data-center facility,68.8,69 MW,4.0,"Lake, IN",41.5046,-87.2846,Public tracker coordinates,Donald C Cook,MI,49.3,2285.3,Cleanview public U.S. data-center tracker,https://cleanview.co/data-centers/us,Individual facility or project from Cleanview's public geocoded U.S. data-center inventory.
AWS Hobart - Building 10,,Planned,Planned,Publicly tracked data-center facility,68.8,69 MW,4.0,"Lake, IN",41.5055,-87.2798,Public tracker coordinates,Donald C Cook,MI,49.1,2285.3,Cleanview public U.S. data-center tracker,https://cleanview.co/data-centers/us,Individual facility or project from Cleanview's public geocoded U.S. data-center inventory.
AWS Hobart - Building 9,,Planned,Planned,Publicly tracked data-center facility,68.8,69 MW,4.0,"Lake, IN",41.5055,-87.281,Public tracker coordinates,Donald C Cook,MI,49.2,2285.3,Cleanview public U.S. data-center tracker,https://cleanview.co/data-centers/us,Individual facility or project from Cleanview's public geocoded U.S. data-center inventory.
AWS Hobart - Building 8,,Planned,Planned,Publicly tracked data-center facility,68.8,69 MW,4.0,"Lake, IN",41.5055,-87.2822,Public tracker coordinates,Donald C Cook,MI,49.2,2285.3,Cleanview public U.S. data-center tracker,https://cleanview.co/data-centers/us,Individual facility or project from Cleanview's public geocoded U.S. data-center inventory.
AWS Hobart - Building 7,,Planned,Planned,Publicly tracked data-center facility,68.8,69 MW,4.0,"Lake, IN",41.5055,-87.2834,Public tracker coordinates,Donald C Cook,MI,49.3,2285.3,Cleanview public U.S. data-center tracker,https://cleanview.co/data-centers/us,Individual facility or project from Cleanview's public geocoded U.S. data-center inventory.
AWS Hobart - Building 6,,Planned,Planned,Publicly tracked data-center facility,68.8,69 MW,4.0,"Lake, IN",41.5055,-87.2846,Public tracker coordinates,Donald C Cook,MI,49.3,2285.3,Cleanview public U.S. data-center tracker,https://cleanview.co/data-centers/us,Individual facility or project from Cleanview's public geocoded U.S. data-center inventory.
AWS Hobart - Building 5,,Planned,Planned,Publicly tracked data-center facility,68.8,69 MW,4.0,"Lake, IN",41.5064,-87.2798,Public tracker coordinates,Donald C Cook,MI,49.1,2285.3,Cleanview public U.S. data-center tracker,https://cleanview.co/data-centers/us,Individual facility or project from Cleanview's public geocoded U.S. data-center inventory.
AWS Hobart - Building 4,,Planned,Planned,Publicly tracked data-center facility,68.8,69 MW,4.0,"Lake, IN",41.5064,-87.281,Public tracker coordinates,Donald C Cook,MI,49.1,2285.3,Cleanview public U.S. data-center tracker,https://cleanview.co/data-centers/us,Individual facility or project from Cleanview's public geocoded U.S. data-center inventory.
AWS Hobart - Building 3,,Planned,Planned,Publicly tracked data-center facility,68.8,69 MW,4.0,"Lake, IN",41.5064,-87.2822,Public tracker coordinates,Donald C Cook,MI,49.2,2285.3,Cleanview public U.S. data-center tracker,https://cleanview.co/data-centers/us,Individual facility or project from Cleanview's public geocoded U.S. data-center inventory.
AWS Hobart - Building 2,,Planned,Planned,Publicly tracked data-center facility,68.8,69 MW,4.0,"Lake, IN",41.5064,-87.2834,Public tracker coordinates,Donald C Cook,MI,49.2,2285.3,Cleanview public U.S. data-center tracker,https://cleanview.co/data-centers/us,Individual facility or project from Cleanview's public geocoded U.S. data-center inventory.
AWS Hobart - Building 1,,Planned,Planned,Publicly tracked data-center facility,68.8,69 MW,4.0,"Lake, IN",41.5064,-87.2846,Public tracker coordinates,Donald C Cook,MI,49.3,2285.3,Cleanview public U.S. data-center tracker,https://cleanview.co/data-centers/us,Individual facility or project from Cleanview's public geocoded U.S. data-center inventory.
AWS Ridgeland Building 4,,Operating,Operating,Publicly tracked data-center facility,68.8,69 MW,4.0,"Madison, MS",32.41186,-90.189532,Public tracker coordinates,Grand Gulf,MS,57.4,1440.0,Cleanview public U.S. data-center tracker,https://cleanview.co/data-centers/us,Individual facility or project from Cleanview's public geocoded U.S. data-center inventory.
AWS Ridgeland Building 3,,Operating,Operating,Publicly tracked data-center facility,68.8,69 MW,4.0,"Madison, MS",32.411906,-90.190544,Public tracker coordinates,Grand Gulf,MS,57.4,1440.0,Cleanview public U.S. data-center tracker,https://cleanview.co/data-centers/us,Individual facility or project from Cleanview's public geocoded U.S. data-center inventory.
AWS Ridgeland Building 2,,Operating,Operating,Publicly tracked data-center facility,68.8,69 MW,4.0,"Madison, MS",32.411902,-90.192258,Public tracker coordinates,Grand Gulf,MS,57.3,1440.0,Cleanview public U.S. data-center tracker,https://cleanview.co/data-centers/us,Individual facility or project from Cleanview's public geocoded U.S. data-center inventory.
AWS Madison Mega Site Building 11,,Planned,Planned,Publicly tracked data-center facility,68.8,69 MW,4.0,"Madison, MS",32.599012,-90.0867,Public tracker coordinates,Grand Gulf,MS,69.4,1440.0,Cleanview public U.S. data-center tracker,https://cleanview.co/data-centers/us,Individual facility or project from Cleanview's public geocoded U.S. data-center inventory.
AWS Madison Mega Site Building 10,,Planned,Planned,Publicly tracked data-center facility,68.8,69 MW,4.0,"Madison, MS",32.600516,-90.087365,Public tracker coordinates,Grand Gulf,MS,69.4,1440.0,Cleanview public U.S. data-center tracker,https://cleanview.co/data-centers/us,Individual facility or project from Cleanview's public geocoded U.S. data-center inventory.
AWS Madison Mega Site Building 9,,Planned,Planned,Publicly tracked data-center facility,68.8,69 MW,4.0,"Madison, MS",32.600935,-90.088095,Public tracker coordinates,Grand Gulf,MS,69.4,1440.0,Cleanview public U.S. data-center tracker,https://cleanview.co/data-centers/us,Individual facility or project from Cleanview's public geocoded U.S. data-center inventory.
AWS Madison Mega Site Building 8,,Planned,Planned,Publicly tracked data-center facility,68.8,69 MW,4.0,"Madison, MS",32.600801,-90.0904,Public tracker coordinates,Grand Gulf,MS,69.3,1440.0,Cleanview public U.S. data-center tracker,https://cleanview.co/data-centers/us,Individual facility or project from Cleanview's public geocoded U.S. data-center inventory.
AWS Madison Mega Site Building 5,,Operating,Operating,Publicly tracked data-center facility,68.8,69 MW,4.0,"Madison, MS",32.596345,-90.08925,Public tracker coordinates,Grand Gulf,MS,69.2,1440.0,Cleanview public U.S. data-center tracker,https://cleanview.co/data-centers/us,Individual facility or project from Cleanview's public geocoded U.S. data-center inventory.
AWS Madison Mega Site Building 4,,Operating,Operating,Publicly tracked data-center facility,68.8,69 MW,4.0,"Madison, MS",32.596075,-90.094386,Public tracker coordinates,Grand Gulf,MS,68.9,1440.0,Cleanview public U.S. data-center tracker,https://cleanview.co/data-centers/us,Individual facility or project from Cleanview's public geocoded U.S. data-center inventory.
AWS Madison Mega Site Building 3,,Operating,Operating,Publicly tracked data-center facility,68.8,69 MW,4.0,"Madison, MS",32.594459,-90.09442,Public tracker coordinates,Grand Gulf,MS,68.9,1440.0,Cleanview public U.S. data-center tracker,https://cleanview.co/data-centers/us,Individual facility or project from Cleanview's public geocoded U.S. data-center inventory.
AWS Madison Mega Site Building 2,,Operating,Operating,Publicly tracked data-center facility,68.8,69 MW,4.0,"Madison, MS",32.596072,-90.097976,Public tracker coordinates,Grand Gulf,MS,68.8,1440.0,Cleanview public U.S. data-center tracker,https://cleanview.co/data-centers/us,Individual facility or project from Cleanview's public geocoded U.S. data-center inventory.
AWS Madison Mega Site Building 1,,Operating,Operating,Publicly tracked data-center facility,68.8,69 MW,4.0,"Madison, MS",32.594466,-90.097976,Public tracker coordinates,Grand Gulf,MS,68.7,1440.0,Cleanview public U.S. data-center tracker,https://cleanview.co/data-centers/us,Individual facility or project from Cleanview's public geocoded U.S. data-center inventory.
AWS Madison Mega Site Building 7,,Planned,Planned,Publicly tracked data-center facility,68.8,69 MW,4.0,"Madison, MS",32.59803,-90.09104,Public tracker coordinates,Grand Gulf,MS,69.2,1440.0,Cleanview public U.S. data-center tracker,https://cleanview.co/data-centers/us,Individual facility or project from Cleanview's public geocoded U.S. data-center inventory.
AWS Madison Mega Site Building 6,,Planned,Planned,Publicly tracked data-center facility,68.8,69 MW,4.0,"Madison, MS",32.597575,-90.090293,Public tracker coordinates,Grand Gulf,MS,69.2,1440.0,Cleanview public U.S. data-center tracker,https://cleanview.co/data-centers/us,Individual facility or project from Cleanview's public geocoded U.S. data-center inventory.
AWS Butts County - Building 5,,Planned,Planned,Publicly tracked data-center facility,68.8,69 MW,4.0,"Butts, GA",33.274013,-84.068063,Public tracker coordinates,Oconee,SC,124.5,2666.7,Cleanview public U.S. data-center tracker,https://cleanview.co/data-centers/us,Individual facility or project from Cleanview's public geocoded U.S. data-center inventory.
AWS Butts County - Building 3,,Planned,Planned,Publicly tracked data-center facility,68.8,69 MW,4.0,"Butts, GA",33.272612,-84.069949,Public tracker coordinates,Oconee,SC,124.7,2666.7,Cleanview public U.S. data-center tracker,https://cleanview.co/data-centers/us,Individual facility or project from Cleanview's public geocoded U.S. data-center inventory.
AWS Butts County - Building 10,,Planned,Planned,Publicly tracked data-center facility,68.8,69 MW,4.0,"Butts, GA",33.275274,-84.070787,Public tracker coordinates,Oconee,SC,124.6,2666.7,Cleanview public U.S. data-center tracker,https://cleanview.co/data-centers/us,Individual facility or project from Cleanview's public geocoded U.S. data-center inventory.
AWS Butts County - Building 1,,Planned,Planned,Publicly tracked data-center facility,68.8,69 MW,4.0,"Butts, GA",33.270033,-84.073848,Public tracker coordinates,Oconee,SC,125.0,2666.7,Cleanview public U.S. data-center tracker,https://cleanview.co/data-centers/us,Individual facility or project from Cleanview's public geocoded U.S. data-center inventory.
AWS Butts County - Building 4,,Planned,Planned,Publicly tracked data-center facility,68.8,69 MW,4.0,"Butts, GA",33.273348,-84.070088,Public tracker coordinates,Oconee,SC,124.6,2666.7,Cleanview public U.S. data-center tracker,https://cleanview.co/data-centers/us,Individual facility or project from Cleanview's public geocoded U.S. data-center inventory.
AWS Industrial Parkway Building 2,,Operating,Operating,Publicly tracked data-center facility,68.8,69 MW,4.0,"Union, OH",40.135797,-83.212644,Public tracker coordinates,Davis Besse,OH,101.2,925.2,Cleanview public U.S. data-center tracker,https://cleanview.co/data-centers/us,Individual facility or project from Cleanview's public geocoded U.S. data-center inventory.
AWS Scioto Darby Creek Road Building 2,,Operating,Operating,Publicly tracked data-center facility,68.8,69 MW,4.0,"Franklin, OH",40.01642,-83.12586,Public tracker coordinates,Davis Besse,OH,109.2,925.2,Cleanview public U.S. data-center tracker,https://cleanview.co/data-centers/us,Individual facility or project from Cleanview's public geocoded U.S. data-center inventory.
AWS Scioto Darby Creek Road Building 1,,Operating,Operating,Publicly tracked data-center facility,68.8,69 MW,4.0,"Franklin, OH",40.02102,-83.12602,Public tracker coordinates,Davis Besse,OH,108.9,925.2,Cleanview public U.S. data-center tracker,https://cleanview.co/data-centers/us,Individual facility or project from Cleanview's public geocoded U.S. data-center inventory.
AWS Scioto Darby Creek Road Building 3,,Planned,Planned,Publicly tracked data-center facility,68.8,69 MW,4.0,"Franklin, OH",40.0207419,-83.1241103,Public tracker coordinates,Davis Besse,OH,108.9,925.2,Cleanview public U.S. data-center tracker,https://cleanview.co/data-centers/us,Individual facility or project from Cleanview's public geocoded U.S. data-center inventory.
AWS Cosgray Road Building 4,,Operating,Operating,Publicly tracked data-center facility,68.8,69 MW,4.0,"Franklin, OH",40.05153,-83.17572,Public tracker coordinates,Davis Besse,OH,106.9,925.2,Cleanview public U.S. data-center tracker,https://cleanview.co/data-centers/us,Individual facility or project from Cleanview's public geocoded U.S. data-center inventory.
AWS New Carlisle - Building 19,,Planned,Planned,Publicly tracked data-center facility,68.8,69 MW,4.0,"St. Joseph, IN",41.6648,-86.4781,Public tracker coordinates,Donald C Cook,MI,21.9,2285.3,Cleanview public U.S. data-center tracker,https://cleanview.co/data-centers/us,Individual facility or project from Cleanview's public geocoded U.S. data-center inventory.
AWS Powerline Rd Building 3,,Operating,Operating,Publicly tracked data-center facility,68.8,69 MW,4.0,"Umatilla, OR",45.8825,-119.3397,Public tracker coordinates,Columbia Generating Station,WA,40.7,1200.0,Cleanview public U.S. data-center tracker,https://cleanview.co/data-centers/us,Individual facility or project from Cleanview's public geocoded U.S. data-center inventory.
AWS Powerline Rd Building 2,,Operating,Operating,Publicly tracked data-center facility,68.8,69 MW,4.0,"Umatilla, OR",45.8795,-119.3416,Public tracker coordinates,Columbia Generating Station,WA,40.9,1200.0,Cleanview public U.S. data-center tracker,https://cleanview.co/data-centers/us,Individual facility or project from Cleanview's public geocoded U.S. data-center inventory.
AWS Powerline Rd Building 1,,Operating,Operating,Publicly tracked data-center facility,68.8,69 MW,4.0,"Umatilla, OR",45.8825,-119.3417,Public tracker coordinates,Columbia Generating Station,WA,40.7,1200.0,Cleanview public U.S. data-center tracker,https://cleanview.co/data-centers/us,Individual facility or project from Cleanview's public geocoded U.S. data-center inventory.
AWS Butts County - Building 11,,Planned,Planned,Publicly tracked data-center facility,68.8,69 MW,4.0,"Butts, GA",33.274282,-84.072672,Public tracker coordinates,Oconee,SC,124.7,2666.7,Cleanview public U.S. data-center tracker,https://cleanview.co/data-centers/us,Individual facility or project from Cleanview's public geocoded U.S. data-center inventory.
AWS Madison Mega Site Building 12,,Planned,Planned,Publicly tracked data-center facility,68.8,69 MW,4.0,"Madison, MS",32.601913,-90.083776,Public tracker coordinates,Grand Gulf,MS,69.7,1440.0,Cleanview public U.S. data-center tracker,https://cleanview.co/data-centers/us,Individual facility or project from Cleanview's public geocoded U.S. data-center inventory.
AWS Butts County - Building 12,,Planned,Planned,Publicly tracked data-center facility,68.8,69 MW,4.0,"Butts, GA",33.273348,-84.072323,Public tracker coordinates,Oconee,SC,124.7,2666.7,Cleanview public U.S. data-center tracker,https://cleanview.co/data-centers/us,Individual facility or project from Cleanview's public geocoded U.S. data-center inventory.
AWS Butts County - Building 13,,Planned,Planned,Publicly tracked data-center facility,68.8,69 MW,4.0,"Butts, GA",33.272612,-84.07284,Public tracker coordinates,Oconee,SC,124.8,2666.7,Cleanview public U.S. data-center tracker,https://cleanview.co/data-centers/us,Individual facility or project from Cleanview's public geocoded U.S. data-center inventory.
AWS Butts County - Building 2,,Planned,Planned,Publicly tracked data-center facility,68.8,69 MW,4.0,"Butts, GA",33.269291,-84.070949,Public tracker coordinates,Oconee,SC,124.9,2666.7,Cleanview public U.S. data-center tracker,https://cleanview.co/data-centers/us,Individual facility or project from Cleanview's public geocoded U.S. data-center inventory.
AWS Butts County - Building 7,,Planned,Planned,Publicly tracked data-center facility,68.8,69 MW,4.0,"Butts, GA",33.275508,-84.067295,Public tracker coordinates,Oconee,SC,124.4,2666.7,Cleanview public U.S. data-center tracker,https://cleanview.co/data-centers/us,Individual facility or project from Cleanview's public geocoded U.S. data-center inventory.
AWS Butts County - Building 8,,Planned,Planned,Publicly tracked data-center facility,68.8,69 MW,4.0,"Butts, GA",33.276734,-84.06925,Public tracker coordinates,Oconee,SC,124.4,2666.7,Cleanview public U.S. data-center tracker,https://cleanview.co/data-centers/us,Individual facility or project from Cleanview's public geocoded U.S. data-center inventory.
AWS Butts County - Building 9,,Planned,Planned,Publicly tracked data-center facility,68.8,69 MW,4.0,"Butts, GA",33.277283,-84.070046,Public tracker coordinates,Oconee,SC,124.4,2666.7,Cleanview public U.S. data-center tracker,https://cleanview.co/data-centers/us,Individual facility or project from Cleanview's public geocoded U.S. data-center inventory.
AWS Butts County - Building 14,,Planned,Planned,Publicly tracked data-center facility,68.8,69 MW,4.0,"Butts, GA",33.273815,-84.074376,Public tracker coordinates,Oconee,SC,124.7,2666.7,Cleanview public U.S. data-center tracker,https://cleanview.co/data-centers/us,Individual facility or project from Cleanview's public geocoded U.S. data-center inventory.
AWS Butts County - Building 6,,Planned,Planned,Publicly tracked data-center facility,68.8,69 MW,4.0,"Butts, GA",33.274282,-84.070088,Public tracker coordinates,Oconee,SC,124.6,2666.7,Cleanview public U.S. data-center tracker,https://cleanview.co/data-centers/us,Individual facility or project from Cleanview's public geocoded U.S. data-center inventory.
AWS Ridgeland Building 1,,Operating,Operating,Publicly tracked data-center facility,68.8,69 MW,4.0,"Madison, MS",32.411918,-90.187827,Public tracker coordinates,Grand Gulf,MS,57.5,1440.0,Cleanview public U.S. data-center tracker,https://cleanview.co/data-centers/us,Individual facility or project from Cleanview's public geocoded U.S. data-center inventory.
AWS IAD-104 Innovation Drive,,Operating,Operating,Publicly tracked data-center facility,68.5,68 MW,4.0,"Prince William, VA",38.748398,-77.520705,Public tracker coordinates,North Anna,VA,49.7,1959.4,Cleanview public U.S. data-center tracker,https://cleanview.co/data-centers/us,Individual facility or project from Cleanview's public geocoded U.S. data-center inventory.
AWS IAD-105 Innovation Drive,,Operating,Operating,Publicly tracked data-center facility,68.5,68 MW,4.0,"Prince William, VA",38.747593,-77.519386,Public tracker coordinates,North Anna,VA,49.7,1959.4,Cleanview public U.S. data-center tracker,https://cleanview.co/data-centers/us,Individual facility or project from Cleanview's public geocoded U.S. data-center inventory.
AWS IAD-612x Technology Drive,,Planned,Planned,Publicly tracked data-center facility,68.0,68 MW,4.0,"Manassas City, VA",38.7476689,-77.4947425,Public tracker coordinates,North Anna,VA,50.1,1959.4,Cleanview public U.S. data-center tracker,https://cleanview.co/data-centers/us,Individual facility or project from Cleanview's public geocoded U.S. data-center inventory.
AWS IAD 9740 Innovation Drive,,Operating,Operating,Publicly tracked data-center facility,68.0,68 MW,4.0,"Prince William, VA",38.746172,-77.517128,Public tracker coordinates,North Anna,VA,49.7,1959.4,Cleanview public U.S. data-center tracker,https://cleanview.co/data-centers/us,Individual facility or project from Cleanview's public geocoded U.S. data-center inventory.
AWS IAD-195 Village Place Tech Park,,Operating,Operating,Publicly tracked data-center facility,67.8,68 MW,4.0,"Prince William, VA",38.80284282,-77.62202252,Public tracker coordinates,North Anna,VA,52.1,1959.4,Cleanview public U.S. data-center tracker,https://cleanview.co/data-centers/us,Individual facility or project from Cleanview's public geocoded U.S. data-center inventory.
AWS IAD-168 EDS Drive,,Operating,Operating,Publicly tracked data-center facility,67.8,68 MW,4.0,"Fairfax, VA",38.9228,-77.4279,Public tracker coordinates,North Anna,VA,62.7,1959.4,Cleanview public U.S. data-center tracker,https://cleanview.co/data-centers/us,Individual facility or project from Cleanview's public geocoded U.S. data-center inventory.
AWS IAD-197 Village Place Tech Park,,Operating,Operating,Publicly tracked data-center facility,67.8,68 MW,4.0,"Prince William, VA",38.80137105,-77.62028596,Public tracker coordinates,North Anna,VA,52.0,1959.4,Cleanview public U.S. data-center tracker,https://cleanview.co/data-centers/us,Individual facility or project from Cleanview's public geocoded U.S. data-center inventory.
Google Arcola - Building 1,,Operating,Operating,Publicly tracked data-center facility,67.8,68 MW,4.0,"Loudoun, VA",38.943016,-77.524242,Public tracker coordinates,North Anna,VA,62.7,1959.4,Cleanview public U.S. data-center tracker,https://cleanview.co/data-centers/us,Individual facility or project from Cleanview's public geocoded U.S. data-center inventory.
Serverfarm Vienna Cloud Data Center,,Planned,Planned,Publicly tracked data-center facility,67.5,68 MW,4.0,"Fairfax, VA",38.908736,-77.21952,Public tracker coordinates,Calvert Cliffs Nuclear Power Plant,MD,53.2,1850.4,Cleanview public U.S. data-center tracker,https://cleanview.co/data-centers/us,Individual facility or project from Cleanview's public geocoded U.S. data-center inventory.
Stack NVA02I,,Planned,Planned,Publicly tracked data-center facility,67.3,67 MW,4.0,"Prince William, VA",38.74344882,-77.54264309,Public tracker coordinates,North Anna,VA,49.1,1959.4,Cleanview public U.S. data-center tracker,https://cleanview.co/data-centers/us,Individual facility or project from Cleanview's public geocoded U.S. data-center inventory.
QTS Richmond RIC3-DC2,,Operating,Operating,Publicly tracked data-center facility,67.2,67 MW,4.0,"Henrico, VA",37.47973,-77.25221,Public tracker coordinates,Surry,VA,37.3,1695.0,Cleanview public U.S. data-center tracker,https://cleanview.co/data-centers/us,Individual facility or project from Cleanview's public geocoded U.S. data-center inventory.
Yondr NOV1B,,Operating,Operating,Publicly tracked data-center facility,67.2,67 MW,4.0,"Loudoun, VA",38.948743,-77.550155,Public tracker coordinates,North Anna,VA,62.8,1959.4,Cleanview public U.S. data-center tracker,https://cleanview.co/data-centers/us,Individual facility or project from Cleanview's public geocoded U.S. data-center inventory.
Stack NVA06A,,Operating,Operating,Publicly tracked data-center facility,67.2,67 MW,4.0,"Loudoun, VA",39.082183,-77.565079,Public tracker coordinates,North Anna,VA,71.7,1959.4,Cleanview public U.S. data-center tracker,https://cleanview.co/data-centers/us,Individual facility or project from Cleanview's public geocoded U.S. data-center inventory.
QTS Richmond RIC3-DC3,,Operating,Operating,Publicly tracked data-center facility,67.2,67 MW,4.0,"Henrico, VA",37.47851,-77.253,Public tracker coordinates,Surry,VA,37.3,1695.0,Cleanview public U.S. data-center tracker,https://cleanview.co/data-centers/us,Individual facility or project from Cleanview's public geocoded U.S. data-center inventory.
QTS Richmond RIC3-DC4,,Operating,Operating,Publicly tracked data-center facility,67.2,67 MW,4.0,"Henrico, VA",37.47792,-77.24898,Public tracker coordinates,Surry,VA,37.1,1695.0,Cleanview public U.S. data-center tracker,https://cleanview.co/data-centers/us,Individual facility or project from Cleanview's public geocoded U.S. data-center inventory.
Yondr NOV2 - Building 1,,Planned,Planned,Publicly tracked data-center facility,67.2,67 MW,4.0,"Loudoun, VA",38.95474,-77.54788,Public tracker coordinates,North Anna,VA,63.2,1959.4,Cleanview public U.S. data-center tracker,https://cleanview.co/data-centers/us,Individual facility or project from Cleanview's public geocoded U.S. data-center inventory.
Stack NVA05B,,Planned,Planned,Publicly tracked data-center facility,67.2,67 MW,4.0,"Prince William, VA",38.76104,-77.51451,Public tracker coordinates,North Anna,VA,50.7,1959.4,Cleanview public U.S. data-center tracker,https://cleanview.co/data-centers/us,Individual facility or project from Cleanview's public geocoded U.S. data-center inventory.
Menlo Digital MD-VA1,,Planned,Planned,Publicly tracked data-center facility,67.2,67 MW,4.0,"Fairfax, VA",38.927213,-77.423931,Public tracker coordinates,Calvert Cliffs Nuclear Power Plant,MD,63.0,1850.4,Cleanview public U.S. data-center tracker,https://cleanview.co/data-centers/us,Individual facility or project from Cleanview's public geocoded U.S. data-center inventory.
QTS Richmond RIC3-DC1,,Operating,Operating,Publicly tracked data-center facility,67.2,67 MW,4.0,"Henrico, VA",37.4805,-77.25162,Public tracker coordinates,Surry,VA,37.4,1695.0,Cleanview public U.S. data-center tracker,https://cleanview.co/data-centers/us,Individual facility or project from Cleanview's public geocoded U.S. data-center inventory.
Yondr NOV1A,,Operating,Operating,Publicly tracked data-center facility,67.2,67 MW,4.0,"Loudoun, VA",38.949811,-77.549441,Public tracker coordinates,North Anna,VA,62.8,1959.4,Cleanview public U.S. data-center tracker,https://cleanview.co/data-centers/us,Individual facility or project from Cleanview's public geocoded U.S. data-center inventory.
Iron Mountain RCH-1,,Planned,Planned,Publicly tracked data-center facility,67.2,67 MW,4.0,"Henrico, VA",37.497531,-77.232739,Public tracker coordinates,Surry,VA,37.2,1695.0,Cleanview public U.S. data-center tracker,https://cleanview.co/data-centers/us,Individual facility or project from Cleanview's public geocoded U.S. data-center inventory.
QTS Richmond RIC3-DC5,,Operating,Operating,Publicly tracked data-center facility,67.2,67 MW,4.0,"Henrico, VA",37.47702,-77.24969,Public tracker coordinates,Surry,VA,37.1,1695.0,Cleanview public U.S. data-center tracker,https://cleanview.co/data-centers/us,Individual facility or project from Cleanview's public geocoded U.S. data-center inventory.
Digital Realty ACC5,,Operating,Operating,Publicly tracked data-center facility,66.8,67 MW,4.0,"Loudoun, VA",39.020113,-77.463071,Public tracker coordinates,Calvert Cliffs Nuclear Power Plant,MD,68.3,1850.4,Cleanview public U.S. data-center tracker,https://cleanview.co/data-centers/us,Individual facility or project from Cleanview's public geocoded U.S. data-center inventory.
AWS IAD-166 EDS Drive,,Operating,Operating,Publicly tracked data-center facility,66.4,66 MW,4.0,"Fairfax, VA",38.9227,-77.4263,Public tracker coordinates,North Anna,VA,62.8,1959.4,Cleanview public U.S. data-center tracker,https://cleanview.co/data-centers/us,Individual facility or project from Cleanview's public geocoded U.S. data-center inventory.
CloudHQ MCC3,,Planned,Planned,Publicly tracked data-center facility,66.2,66 MW,4.0,"Prince William, VA",38.71991,-77.49301,Public tracker coordinates,North Anna,VA,48.3,1959.4,Cleanview public U.S. data-center tracker,https://cleanview.co/data-centers/us,Individual facility or project from Cleanview's public geocoded U.S. data-center inventory.
CloudHQ MCC5,,Planned,Planned,Publicly tracked data-center facility,66.2,66 MW,4.0,"Prince William, VA",38.71342,-77.50007,Public tracker coordinates,North Anna,VA,47.8,1959.4,Cleanview public U.S. data-center tracker,https://cleanview.co/data-centers/us,Individual facility or project from Cleanview's public geocoded U.S. data-center inventory.
PowerHouse Arcola - Building 2,,Planned,Planned,Publicly tracked data-center facility,66.0,66 MW,4.0,"Loudoun, VA",38.94203,-77.5371,Public tracker coordinates,North Anna,VA,62.5,1959.4,Cleanview public U.S. data-center tracker,https://cleanview.co/data-centers/us,Individual facility or project from Cleanview's public geocoded U.S. data-center inventory.
Equinix DC21,,Operating,Operating,Publicly tracked data-center facility,65.7,66 MW,4.0,"Loudoun, VA",39.0118065,-77.4545558,Public tracker coordinates,Calvert Cliffs Nuclear Power Plant,MD,67.6,1850.4,Cleanview public U.S. data-center tracker,https://cleanview.co/data-centers/us,Individual facility or project from Cleanview's public geocoded U.S. data-center inventory.
AWS IAD-106 Innovation Drive,,Operating,Operating,Publicly tracked data-center facility,65.6,66 MW,4.0,"Prince William, VA",38.747021,-77.51855,Public tracker coordinates,North Anna,VA,49.7,1959.4,Cleanview public U.S. data-center tracker,https://cleanview.co/data-centers/us,Individual facility or project from Cleanview's public geocoded U.S. data-center inventory.
AWS IAD-196 Village Place Tech Park,,Operating,Operating,Publicly tracked data-center facility,65.4,65 MW,4.0,"Prince William, VA",38.80191241,-77.62096013,Public tracker coordinates,North Anna,VA,52.1,1959.4,Cleanview public U.S. data-center tracker,https://cleanview.co/data-centers/us,Individual facility or project from Cleanview's public geocoded U.S. data-center inventory.
AWS IAD-164 Atlantic Boulevard,,Operating,Operating,Publicly tracked data-center facility,65.3,65 MW,4.0,"Loudoun, VA",39.0304712,-77.4289455,Public tracker coordinates,Calvert Cliffs Nuclear Power Plant,MD,67.3,1850.4,Cleanview public U.S. data-center tracker,https://cleanview.co/data-centers/us,Individual facility or project from Cleanview's public geocoded U.S. data-center inventory.
AWS IAD-163 Atlantic Boulevard,,Operating,Operating,Publicly tracked data-center facility,65.3,65 MW,4.0,"Loudoun, VA",39.03230535,-77.4297021,Public tracker coordinates,Calvert Cliffs Nuclear Power Plant,MD,67.4,1850.4,Cleanview public U.S. data-center tracker,https://cleanview.co/data-centers/us,Individual facility or project from Cleanview's public geocoded U.S. data-center inventory.
Stack NVA02H,,Planned,Planned,Publicly tracked data-center facility,65.3,65 MW,4.0,"Prince William, VA",38.74288001,-77.54429487,Public tracker coordinates,North Anna,VA,49.0,1959.4,Cleanview public U.S. data-center tracker,https://cleanview.co/data-centers/us,Individual facility or project from Cleanview's public geocoded U.S. data-center inventory.
AWS IAD-167 EDS Drive,,Operating,Operating,Publicly tracked data-center facility,65.1,65 MW,4.0,"Fairfax, VA",38.9211,-77.4266,Public tracker coordinates,North Anna,VA,62.7,1959.4,Cleanview public U.S. data-center tracker,https://cleanview.co/data-centers/us,Individual facility or project from Cleanview's public geocoded U.S. data-center inventory.
AWS STACK State Line - Building 5,,Planned,Planned,Publicly tracked data-center facility,65.0,65 MW,4.0,"Caddo, LA",32.6565,-93.904048,Public tracker coordinates,Grand Gulf,MS,172.7,1440.0,Cleanview public U.S. data-center tracker,https://cleanview.co/data-centers/us,Individual facility or project from Cleanview's public geocoded U.S. data-center inventory.
AWS Blue Marlin - Building 8,,Planned,Planned,Publicly tracked data-center facility,65.0,65 MW,4.0,"Richmond, NC",34.833205,-79.728204,Public tracker coordinates,H B Robinson,SC,38.6,768.6,Cleanview public U.S. data-center tracker,https://cleanview.co/data-centers/us,Individual facility or project from Cleanview's public geocoded U.S. data-center inventory.
AWS Blue Marlin - Building 17,,Planned,Planned,Publicly tracked data-center facility,65.0,65 MW,4.0,"Richmond, NC",34.830165,-79.720487,Public tracker coordinates,H B Robinson,SC,38.7,768.6,Cleanview public U.S. data-center tracker,https://cleanview.co/data-centers/us,Individual facility or project from Cleanview's public geocoded U.S. data-center inventory.
AWS Blue Marlin - Building 18,,Planned,Planned,Publicly tracked data-center facility,65.0,65 MW,4.0,"Richmond, NC",34.827489,-79.722182,Public tracker coordinates,H B Robinson,SC,38.5,768.6,Cleanview public U.S. data-center tracker,https://cleanview.co/data-centers/us,Individual facility or project from Cleanview's public geocoded U.S. data-center inventory.
AWS Blue Marlin - Building 7,,Planned,Planned,Publicly tracked data-center facility,65.0,65 MW,4.0,"Richmond, NC",34.824334,-79.723165,Public tracker coordinates,H B Robinson,SC,38.3,768.6,Cleanview public U.S. data-center tracker,https://cleanview.co/data-centers/us,Individual facility or project from Cleanview's public geocoded U.S. data-center inventory.
AWS Kline Township - Building 6,,Planned,Planned,Publicly tracked data-center facility,65.0,65 MW,4.0,"Schuylkill, PA",40.8866,-75.99062,Public tracker coordinates,TalenEnergy Susquehanna,PA,16.3,2532.0,Cleanview public U.S. data-center tracker,https://cleanview.co/data-centers/us,Individual facility or project from Cleanview's public geocoded U.S. data-center inventory.
AWS Blue Marlin - Building 13,,Planned,Planned,Publicly tracked data-center facility,65.0,65 MW,4.0,"Richmond, NC",34.832841,-79.721335,Public tracker coordinates,H B Robinson,SC,38.8,768.6,Cleanview public U.S. data-center tracker,https://cleanview.co/data-centers/us,Individual facility or project from Cleanview's public geocoded U.S. data-center inventory.
AWS STACK State Line - Building 4,,Planned,Planned,Publicly tracked data-center facility,65.0,65 MW,4.0,"Caddo, LA",32.6583,-93.897646,Public tracker coordinates,Grand Gulf,MS,172.3,1440.0,Cleanview public U.S. data-center tracker,https://cleanview.co/data-centers/us,Individual facility or project from Cleanview's public geocoded U.S. data-center inventory.
AWS Kline Township - Building 4,,Planned,Planned,Publicly tracked data-center facility,65.0,65 MW,4.0,"Schuylkill, PA",40.8866,-75.99538,Public tracker coordinates,TalenEnergy Susquehanna,PA,16.2,2532.0,Cleanview public U.S. data-center tracker,https://cleanview.co/data-centers/us,Individual facility or project from Cleanview's public geocoded U.S. data-center inventory.
AWS Blue Marlin - Building 10,,Planned,Planned,Publicly tracked data-center facility,65.0,65 MW,4.0,"Richmond, NC",34.83314,-79.726587,Public tracker coordinates,H B Robinson,SC,38.6,768.6,Cleanview public U.S. data-center tracker,https://cleanview.co/data-centers/us,Individual facility or project from Cleanview's public geocoded U.S. data-center inventory.
AWS Blue Marlin - Building 15,,Planned,Planned,Publicly tracked data-center facility,65.0,65 MW,4.0,"Richmond, NC",34.830165,-79.722182,Public tracker coordinates,H B Robinson,SC,38.6,768.6,Cleanview public U.S. data-center tracker,https://cleanview.co/data-centers/us,Individual facility or project from Cleanview's public geocoded U.S. data-center inventory.
AWS Kline Township - Building 1,,Planned,Planned,Publicly tracked data-center facility,65.0,65 MW,4.0,"Schuylkill, PA",40.8884,-75.99538,Public tracker coordinates,TalenEnergy Susquehanna,PA,16.1,2532.0,Cleanview public U.S. data-center tracker,https://cleanview.co/data-centers/us,Individual facility or project from Cleanview's public geocoded U.S. data-center inventory.
AWS Blue Marlin - Building 5,,Planned,Planned,Publicly tracked data-center facility,65.0,65 MW,4.0,"Richmond, NC",34.829472,-79.723577,Public tracker coordinates,H B Robinson,SC,38.6,768.6,Cleanview public U.S. data-center tracker,https://cleanview.co/data-centers/us,Individual facility or project from Cleanview's public geocoded U.S. data-center inventory.
AWS Blue Marlin - Building 9,,Planned,Planned,Publicly tracked data-center facility,65.0,65 MW,4.0,"Richmond, NC",34.831111,-79.728267,Public tracker coordinates,H B Robinson,SC,38.5,768.6,Cleanview public U.S. data-center tracker,https://cleanview.co/data-centers/us,Individual facility or project from Cleanview's public geocoded U.S. data-center inventory.
AWS Blue Marlin - Building 11,,Planned,Planned,Publicly tracked data-center facility,65.0,65 MW,4.0,"Richmond, NC",34.831007,-79.726762,Public tracker coordinates,H B Robinson,SC,38.5,768.6,Cleanview public U.S. data-center tracker,https://cleanview.co/data-centers/us,Individual facility or project from Cleanview's public geocoded U.S. data-center inventory.
AWS Blue Marlin - Building 16,,Planned,Planned,Publicly tracked data-center facility,65.0,65 MW,4.0,"Richmond, NC",34.830165,-79.721335,Public tracker coordinates,H B Robinson,SC,38.7,768.6,Cleanview public U.S. data-center tracker,https://cleanview.co/data-centers/us,Individual facility or project from Cleanview's public geocoded U.S. data-center inventory.
AWS Susquehanna - Building 7,,Planned,Planned,Publicly tracked data-center facility,65.0,65 MW,4.0,"Luzerne, PA",41.080081,-76.145158,Public tracker coordinates,TalenEnergy Susquehanna,PA,0.8,2532.0,Cleanview public U.S. data-center tracker,https://cleanview.co/data-centers/us,Individual facility or project from Cleanview's public geocoded U.S. data-center inventory.
AWS STACK Highway 3 Technology Park - Building 1,,Planned,Planned,Publicly tracked data-center facility,65.0,65 MW,4.0,"Bossier, LA",32.77085,-93.742,Public tracker coordinates,Grand Gulf,MS,165.8,1440.0,Cleanview public U.S. data-center tracker,https://cleanview.co/data-centers/us,Individual facility or project from Cleanview's public geocoded U.S. data-center inventory.
AWS Blue Marlin - Building 14,,Planned,Planned,Publicly tracked data-center facility,65.0,65 MW,4.0,"Richmond, NC",34.832841,-79.720487,Public tracker coordinates,H B Robinson,SC,38.8,768.6,Cleanview public U.S. data-center tracker,https://cleanview.co/data-centers/us,Individual facility or project from Cleanview's public geocoded U.S. data-center inventory.
AWS Blue Marlin - Building 12,,Planned,Planned,Publicly tracked data-center facility,65.0,65 MW,4.0,"Richmond, NC",34.832841,-79.722182,Public tracker coordinates,H B Robinson,SC,38.8,768.6,Cleanview public U.S. data-center tracker,https://cleanview.co/data-centers/us,Individual facility or project from Cleanview's public geocoded U.S. data-center inventory.
AWS Kline Township - Building 5,,Planned,Planned,Publicly tracked data-center facility,65.0,65 MW,4.0,"Schuylkill, PA",40.8866,-75.993,Public tracker coordinates,TalenEnergy Susquehanna,PA,16.3,2532.0,Cleanview public U.S. data-center tracker,https://cleanview.co/data-centers/us,Individual facility or project from Cleanview's public geocoded U.S. data-center inventory.
AWS STACK State Line - Building 3,,Planned,Planned,Publicly tracked data-center facility,65.0,65 MW,4.0,"Caddo, LA",32.6583,-93.89978,Public tracker coordinates,Grand Gulf,MS,172.4,1440.0,Cleanview public U.S. data-center tracker,https://cleanview.co/data-centers/us,Individual facility or project from Cleanview's public geocoded U.S. data-center inventory.
AWS Kline Township - Building 2,,Planned,Planned,Publicly tracked data-center facility,65.0,65 MW,4.0,"Schuylkill, PA",40.8884,-75.993,Public tracker coordinates,TalenEnergy Susquehanna,PA,16.2,2532.0,Cleanview public U.S. data-center tracker,https://cleanview.co/data-centers/us,Individual facility or project from Cleanview's public geocoded U.S. data-center inventory.
AWS Kline Township - Building 8,,Planned,Planned,Publicly tracked data-center facility,65.0,65 MW,4.0,"Schuylkill, PA",40.8848,-75.993,Public tracker coordinates,TalenEnergy Susquehanna,PA,16.4,2532.0,Cleanview public U.S. data-center tracker,https://cleanview.co/data-centers/us,Individual facility or project from Cleanview's public geocoded U.S. data-center inventory.
AWS Kline Township - Building 9,,Planned,Planned,Publicly tracked data-center facility,65.0,65 MW,4.0,"Schuylkill, PA",40.8848,-75.99062,Public tracker coordinates,TalenEnergy Susquehanna,PA,16.4,2532.0,Cleanview public U.S. data-center tracker,https://cleanview.co/data-centers/us,Individual facility or project from Cleanview's public geocoded U.S. data-center inventory.
AWS IAD-193 Wellington Road,,Operating,Operating,Publicly tracked data-center facility,65.0,65 MW,4.0,"Prince William, VA",38.77705673,-77.55690322,Public tracker coordinates,North Anna,VA,51.1,1959.4,Cleanview public U.S. data-center tracker,https://cleanview.co/data-centers/us,Individual facility or project from Cleanview's public geocoded U.S. data-center inventory.
AWS STACK Highway 3 Technology Park - Building 3,,Planned,Planned,Publicly tracked data-center facility,65.0,65 MW,4.0,"Bossier, LA",32.77085,-93.738,Public tracker coordinates,Grand Gulf,MS,165.6,1440.0,Cleanview public U.S. data-center tracker,https://cleanview.co/data-centers/us,Individual facility or project from Cleanview's public geocoded U.S. data-center inventory.
AWS STACK Highway 3 Technology Park - Building 2,,Planned,Planned,Publicly tracked data-center facility,65.0,65 MW,4.0,"Bossier, LA",32.77085,-93.74,Public tracker coordinates,Grand Gulf,MS,165.7,1440.0,Cleanview public U.S. data-center tracker,https://cleanview.co/data-centers/us,Individual facility or project from Cleanview's public geocoded U.S. data-center inventory.
AWS Covington - Building 1,,Planned,Planned,Publicly tracked data-center facility,65.0,65 MW,4.0,"Newton, GA",33.638305,-83.8246486,Public tracker coordinates,Oconee,SC,95.8,2666.7,Cleanview public U.S. data-center tracker,https://cleanview.co/data-centers/us,Individual facility or project from Cleanview's public geocoded U.S. data-center inventory.
AWS Covington - Building 2,,Planned,Planned,Publicly tracked data-center facility,65.0,65 MW,4.0,"Newton, GA",33.6381995,-83.8230323,Public tracker coordinates,Oconee,SC,95.7,2666.7,Cleanview public U.S. data-center tracker,https://cleanview.co/data-centers/us,Individual facility or project from Cleanview's public geocoded U.S. data-center inventory.
AWS Covington - Building 3,,Planned,Planned,Publicly tracked data-center facility,65.0,65 MW,4.0,"Newton, GA",33.6381797,-83.8221371,Public tracker coordinates,Oconee,SC,95.7,2666.7,Cleanview public U.S. data-center tracker,https://cleanview.co/data-centers/us,Individual facility or project from Cleanview's public geocoded U.S. data-center inventory.
AWS Covington - Building 4,,Planned,Planned,Publicly tracked data-center facility,65.0,65 MW,4.0,"Newton, GA",33.6381599,-83.8205763,Public tracker coordinates,Oconee,SC,95.7,2666.7,Cleanview public U.S. data-center tracker,https://cleanview.co/data-centers/us,Individual facility or project from Cleanview's public geocoded U.S. data-center inventory.
AWS STACK State Line - Building 2,,Planned,Planned,Publicly tracked data-center facility,65.0,65 MW,4.0,"Caddo, LA",32.6583,-93.901914,Public tracker coordinates,Grand Gulf,MS,172.6,1440.0,Cleanview public U.S. data-center tracker,https://cleanview.co/data-centers/us,Individual facility or project from Cleanview's public geocoded U.S. data-center inventory.
AWS STACK State Line - Building 1,,Planned,Planned,Publicly tracked data-center facility,65.0,65 MW,4.0,"Caddo, LA",32.6583,-93.904048,Public tracker coordinates,Grand Gulf,MS,172.7,1440.0,Cleanview public U.S. data-center tracker,https://cleanview.co/data-centers/us,Individual facility or project from Cleanview's public geocoded U.S. data-center inventory.
AWS STACK Highway 3 Technology Park - Building 6,,Planned,Planned,Publicly tracked data-center facility,65.0,65 MW,4.0,"Bossier, LA",32.76915,-93.738,Public tracker coordinates,Grand Gulf,MS,165.5,1440.0,Cleanview public U.S. data-center tracker,https://cleanview.co/data-centers/us,Individual facility or project from Cleanview's public geocoded U.S. data-center inventory.
AWS STACK Highway 3 Technology Park - Building 5,,Planned,Planned,Publicly tracked data-center facility,65.0,65 MW,4.0,"Bossier, LA",32.76915,-93.74,Public tracker coordinates,Grand Gulf,MS,165.6,1440.0,Cleanview public U.S. data-center tracker,https://cleanview.co/data-centers/us,Individual facility or project from Cleanview's public geocoded U.S. data-center inventory.
AWS STACK State Line - Building 11,,Planned,Planned,Publicly tracked data-center facility,65.0,65 MW,4.0,"Caddo, LA",32.6547,-93.89978,Public tracker coordinates,Grand Gulf,MS,172.4,1440.0,Cleanview public U.S. data-center tracker,https://cleanview.co/data-centers/us,Individual facility or project from Cleanview's public geocoded U.S. data-center inventory.
AWS Susquehanna - Building 14,,Planned,Planned,Publicly tracked data-center facility,65.0,65 MW,4.0,"Luzerne, PA",41.076481,-76.142778,Public tracker coordinates,TalenEnergy Susquehanna,PA,1.1,2532.0,Cleanview public U.S. data-center tracker,https://cleanview.co/data-centers/us,Individual facility or project from Cleanview's public geocoded U.S. data-center inventory.
AWS STACK State Line - Building 12,,Planned,Planned,Publicly tracked data-center facility,65.0,65 MW,4.0,"Caddo, LA",32.6547,-93.897646,Public tracker coordinates,Grand Gulf,MS,172.3,1440.0,Cleanview public U.S. data-center tracker,https://cleanview.co/data-centers/us,Individual facility or project from Cleanview's public geocoded U.S. data-center inventory.
AWS Blue Marlin - Building 2,,Planned,Planned,Publicly tracked data-center facility,65.0,65 MW,4.0,"Richmond, NC",34.829641,-79.725462,Public tracker coordinates,H B Robinson,SC,38.5,768.6,Cleanview public U.S. data-center tracker,https://cleanview.co/data-centers/us,Individual facility or project from Cleanview's public geocoded U.S. data-center inventory.
AWS Blue Marlin - Building 3,,Planned,Planned,Publicly tracked data-center facility,65.0,65 MW,4.0,"Richmond, NC",34.831917,-79.725415,Public tracker coordinates,H B Robinson,SC,38.6,768.6,Cleanview public U.S. data-center tracker,https://cleanview.co/data-centers/us,Individual facility or project from Cleanview's public geocoded U.S. data-center inventory.
AWS STACK State Line - Building 10,,Planned,Planned,Publicly tracked data-center facility,65.0,65 MW,4.0,"Caddo, LA",32.6547,-93.901914,Public tracker coordinates,Grand Gulf,MS,172.5,1440.0,Cleanview public U.S. data-center tracker,https://cleanview.co/data-centers/us,Individual facility or project from Cleanview's public geocoded U.S. data-center inventory.
AWS Kline Township - Building 3,,Planned,Planned,Publicly tracked data-center facility,65.0,65 MW,4.0,"Schuylkill, PA",40.8884,-75.99062,Public tracker coordinates,TalenEnergy Susquehanna,PA,16.2,2532.0,Cleanview public U.S. data-center tracker,https://cleanview.co/data-centers/us,Individual facility or project from Cleanview's public geocoded U.S. data-center inventory.
AWS Blue Marlin - Building 20,,Planned,Planned,Publicly tracked data-center facility,65.0,65 MW,4.0,"Richmond, NC",34.827489,-79.720487,Public tracker coordinates,H B Robinson,SC,38.6,768.6,Cleanview public U.S. data-center tracker,https://cleanview.co/data-centers/us,Individual facility or project from Cleanview's public geocoded U.S. data-center inventory.
AWS STACK State Line - Building 9,,Planned,Planned,Publicly tracked data-center facility,65.0,65 MW,4.0,"Caddo, LA",32.6547,-93.904048,Public tracker coordinates,Grand Gulf,MS,172.6,1440.0,Cleanview public U.S. data-center tracker,https://cleanview.co/data-centers/us,Individual facility or project from Cleanview's public geocoded U.S. data-center inventory.
AWS STACK State Line - Building 8,,Planned,Planned,Publicly tracked data-center facility,65.0,65 MW,4.0,"Caddo, LA",32.6565,-93.897646,Public tracker coordinates,Grand Gulf,MS,172.3,1440.0,Cleanview public U.S. data-center tracker,https://cleanview.co/data-centers/us,Individual facility or project from Cleanview's public geocoded U.S. data-center inventory.
AWS STACK State Line - Building 7,,Planned,Planned,Publicly tracked data-center facility,65.0,65 MW,4.0,"Caddo, LA",32.6565,-93.89978,Public tracker coordinates,Grand Gulf,MS,172.4,1440.0,Cleanview public U.S. data-center tracker,https://cleanview.co/data-centers/us,Individual facility or project from Cleanview's public geocoded U.S. data-center inventory.
AWS STACK State Line - Building 6,,Planned,Planned,Publicly tracked data-center facility,65.0,65 MW,4.0,"Caddo, LA",32.6565,-93.901914,Public tracker coordinates,Grand Gulf,MS,172.5,1440.0,Cleanview public U.S. data-center tracker,https://cleanview.co/data-centers/us,Individual facility or project from Cleanview's public geocoded U.S. data-center inventory.
AWS Covington - Building 5,,Planned,Planned,Publicly tracked data-center facility,65.0,65 MW,4.0,"Newton, GA",33.6381203,-83.819483,Public tracker coordinates,Oconee,SC,95.6,2666.7,Cleanview public U.S. data-center tracker,https://cleanview.co/data-centers/us,Individual facility or project from Cleanview's public geocoded U.S. data-center inventory.
AWS STACK Highway 3 Technology Park - Building 4,,Planned,Planned,Publicly tracked data-center facility,65.0,65 MW,4.0,"Bossier, LA",32.76915,-93.742,Public tracker coordinates,Grand Gulf,MS,165.7,1440.0,Cleanview public U.S. data-center tracker,https://cleanview.co/data-centers/us,Individual facility or project from Cleanview's public geocoded U.S. data-center inventory.
AWS Susquehanna - Building 13,,Planned,Planned,Publicly tracked data-center facility,65.0,65 MW,4.0,"Luzerne, PA",41.076481,-76.145158,Public tracker coordinates,TalenEnergy Susquehanna,PA,1.1,2532.0,Cleanview public U.S. data-center tracker,https://cleanview.co/data-centers/us,Individual facility or project from Cleanview's public geocoded U.S. data-center inventory.
AWS Susquehanna - Building 4,,Planned,Planned,Publicly tracked data-center facility,65.0,65 MW,4.0,"Luzerne, PA",41.080275,-76.146315,Public tracker coordinates,TalenEnergy Susquehanna,PA,0.8,2532.0,Cleanview public U.S. data-center tracker,https://cleanview.co/data-centers/us,Individual facility or project from Cleanview's public geocoded U.S. data-center inventory.
AWS Susquehanna - Building 6,,Planned,Planned,Publicly tracked data-center facility,65.0,65 MW,4.0,"Luzerne, PA",41.080081,-76.147538,Public tracker coordinates,TalenEnergy Susquehanna,PA,0.8,2532.0,Cleanview public U.S. data-center tracker,https://cleanview.co/data-centers/us,Individual facility or project from Cleanview's public geocoded U.S. data-center inventory.
AWS Blue Marlin - Building 4,,Planned,Planned,Publicly tracked data-center facility,65.0,65 MW,4.0,"Richmond, NC",34.827118,-79.723608,Public tracker coordinates,H B Robinson,SC,38.4,768.6,Cleanview public U.S. data-center tracker,https://cleanview.co/data-centers/us,Individual facility or project from Cleanview's public geocoded U.S. data-center inventory.
AWS Susquehanna - Building 8,,Planned,Planned,Publicly tracked data-center facility,65.0,65 MW,4.0,"Luzerne, PA",41.080081,-76.142778,Public tracker coordinates,TalenEnergy Susquehanna,PA,0.8,2532.0,Cleanview public U.S. data-center tracker,https://cleanview.co/data-centers/us,Individual facility or project from Cleanview's public geocoded U.S. data-center inventory.
AWS Blue Marlin - Building 19,,Planned,Planned,Publicly tracked data-center facility,65.0,65 MW,4.0,"Richmond, NC",34.827489,-79.721335,Public tracker coordinates,H B Robinson,SC,38.5,768.6,Cleanview public U.S. data-center tracker,https://cleanview.co/data-centers/us,Individual facility or project from Cleanview's public geocoded U.S. data-center inventory.
AWS Susquehanna - Building 9,,Planned,Planned,Publicly tracked data-center facility,65.0,65 MW,4.0,"Luzerne, PA",41.078281,-76.147538,Public tracker coordinates,TalenEnergy Susquehanna,PA,0.9,2532.0,Cleanview public U.S. data-center tracker,https://cleanview.co/data-centers/us,Individual facility or project from Cleanview's public geocoded U.S. data-center inventory.
AWS Susquehanna - Building 10,,Planned,Planned,Publicly tracked data-center facility,65.0,65 MW,4.0,"Luzerne, PA",41.078281,-76.145158,Public tracker coordinates,TalenEnergy Susquehanna,PA,0.9,2532.0,Cleanview public U.S. data-center tracker,https://cleanview.co/data-centers/us,Individual facility or project from Cleanview's public geocoded U.S. data-center inventory.
AWS Susquehanna - Building 11,,Planned,Planned,Publicly tracked data-center facility,65.0,65 MW,4.0,"Luzerne, PA",41.078281,-76.142778,Public tracker coordinates,TalenEnergy Susquehanna,PA,1.0,2532.0,Cleanview public U.S. data-center tracker,https://cleanview.co/data-centers/us,Individual facility or project from Cleanview's public geocoded U.S. data-center inventory.
AWS Susquehanna - Building 12,,Planned,Planned,Publicly tracked data-center facility,65.0,65 MW,4.0,"Luzerne, PA",41.076481,-76.147538,Public tracker coordinates,TalenEnergy Susquehanna,PA,1.1,2532.0,Cleanview public U.S. data-center tracker,https://cleanview.co/data-centers/us,Individual facility or project from Cleanview's public geocoded U.S. data-center inventory.
AWS Susquehanna - Building 15,,Planned,Planned,Publicly tracked data-center facility,65.0,65 MW,4.0,"Luzerne, PA",41.074681,-76.145158,Public tracker coordinates,TalenEnergy Susquehanna,PA,1.2,2532.0,Cleanview public U.S. data-center tracker,https://cleanview.co/data-centers/us,Individual facility or project from Cleanview's public geocoded U.S. data-center inventory.
AWS Susquehanna - Building 5,,Planned,Planned,Publicly tracked data-center facility,65.0,65 MW,4.0,"Luzerne, PA",41.079499,-76.146219,Public tracker coordinates,TalenEnergy Susquehanna,PA,0.9,2532.0,Cleanview public U.S. data-center tracker,https://cleanview.co/data-centers/us,Individual facility or project from Cleanview's public geocoded U.S. data-center inventory.
AWS Blue Marlin - Building 1,,Planned,Planned,Publicly tracked data-center facility,65.0,65 MW,4.0,"Richmond, NC",34.827222,-79.725478,Public tracker coordinates,H B Robinson,SC,38.4,768.6,Cleanview public U.S. data-center tracker,https://cleanview.co/data-centers/us,Individual facility or project from Cleanview's public geocoded U.S. data-center inventory.
AWS Blue Marlin - Building 6,,Planned,Planned,Publicly tracked data-center facility,65.0,65 MW,4.0,"Richmond, NC",34.831592,-79.723624,Public tracker coordinates,H B Robinson,SC,38.7,768.6,Cleanview public U.S. data-center tracker,https://cleanview.co/data-centers/us,Individual facility or project from Cleanview's public geocoded U.S. data-center inventory.
AWS Kline Township - Building 7,,Planned,Planned,Publicly tracked data-center facility,65.0,65 MW,4.0,"Schuylkill, PA",40.8848,-75.99538,Public tracker coordinates,TalenEnergy Susquehanna,PA,16.3,2532.0,Cleanview public U.S. data-center tracker,https://cleanview.co/data-centers/us,Individual facility or project from Cleanview's public geocoded U.S. data-center inventory.
AWS IAD-159 Meadowdale Drive,,Planned,Planned,Publicly tracked data-center facility,64.9,65 MW,4.0,"Loudoun, VA",38.92300089,-77.48358759,Public tracker coordinates,North Anna,VA,61.9,1959.4,Cleanview public U.S. data-center tracker,https://cleanview.co/data-centers/us,Individual facility or project from Cleanview's public geocoded U.S. data-center inventory.
AWS IAD-157 Meadowdale Drive,,Planned,Planned,Publicly tracked data-center facility,64.9,65 MW,4.0,"Loudoun, VA",38.92062188,-77.48382144,Public tracker coordinates,North Anna,VA,61.7,1959.4,Cleanview public U.S. data-center tracker,https://cleanview.co/data-centers/us,Individual facility or project from Cleanview's public geocoded U.S. data-center inventory.
AWS IAD-158 Meadowdale Drive,,Planned,Planned,Publicly tracked data-center facility,64.9,65 MW,4.0,"Loudoun, VA",38.92191642,-77.48364504,Public tracker coordinates,North Anna,VA,61.8,1959.4,Cleanview public U.S. data-center tracker,https://cleanview.co/data-centers/us,Individual facility or project from Cleanview's public geocoded U.S. data-center inventory.
AWS IAD-327 Meadowdale Drive,,Planned,Planned,Publicly tracked data-center facility,64.9,65 MW,4.0,"Loudoun, VA",38.92119,-77.4815578,Public tracker coordinates,North Anna,VA,61.8,1959.4,Cleanview public U.S. data-center tracker,https://cleanview.co/data-centers/us,Individual facility or project from Cleanview's public geocoded U.S. data-center inventory.
AWS IAD-156 Lone Cedar Lane,,Operating,Operating,Publicly tracked data-center facility,64.9,65 MW,4.0,"Loudoun, VA",38.92128063,-77.48581435,Public tracker coordinates,North Anna,VA,61.7,1959.4,Cleanview public U.S. data-center tracker,https://cleanview.co/data-centers/us,Individual facility or project from Cleanview's public geocoded U.S. data-center inventory.
AWS IAD-85 Bethlehem Road,,Operating,Operating,Publicly tracked data-center facility,64.8,65 MW,4.0,"Prince William, VA",38.77932741,-77.54278299,Public tracker coordinates,North Anna,VA,51.5,1959.4,Cleanview public U.S. data-center tracker,https://cleanview.co/data-centers/us,Individual facility or project from Cleanview's public geocoded U.S. data-center inventory.
Digital Realty ACC4,,Operating,Operating,Publicly tracked data-center facility,64.7,65 MW,4.0,"Loudoun, VA",39.017902,-77.462549,Public tracker coordinates,Calvert Cliffs Nuclear Power Plant,MD,68.2,1850.4,Cleanview public U.S. data-center tracker,https://cleanview.co/data-centers/us,Individual facility or project from Cleanview's public geocoded U.S. data-center inventory.
AWS IAD-161 Import Plaza,,Operating,Operating,Publicly tracked data-center facility,64.6,65 MW,4.0,"Loudoun, VA",38.9966044,-77.4732601,Public tracker coordinates,North Anna,VA,66.9,1959.4,Cleanview public U.S. data-center tracker,https://cleanview.co/data-centers/us,Individual facility or project from Cleanview's public geocoded U.S. data-center inventory.
AWS IAD-162 Import Plaza,,Operating,Operating,Publicly tracked data-center facility,64.6,65 MW,4.0,"Loudoun, VA",38.9958502,-77.4712939,Public tracker coordinates,North Anna,VA,66.9,1959.4,Cleanview public U.S. data-center tracker,https://cleanview.co/data-centers/us,Individual facility or project from Cleanview's public geocoded U.S. data-center inventory.
AWS Beech Road Building 14,,Planned,Planned,Publicly tracked data-center facility,64.4,64 MW,4.0,"Licking, OH",40.118381,-82.760131,Public tracker coordinates,Davis Besse,OH,103.6,925.2,Cleanview public U.S. data-center tracker,https://cleanview.co/data-centers/us,Individual facility or project from Cleanview's public geocoded U.S. data-center inventory.
Sentinel Cloud Plaza,,Operating,Operating,Publicly tracked data-center facility,64.4,64 MW,4.0,"Loudoun, VA",39.00064655,-77.4398077,Public tracker coordinates,Calvert Cliffs Nuclear Power Plant,MD,66.5,1850.4,Cleanview public U.S. data-center tracker,https://cleanview.co/data-centers/us,Individual facility or project from Cleanview's public geocoded U.S. data-center inventory.
AWS Beech Road Building 13,,Planned,Planned,Publicly tracked data-center facility,64.4,64 MW,4.0,"Licking, OH",40.117582,-82.756772,Public tracker coordinates,Davis Besse,OH,103.6,925.2,Cleanview public U.S. data-center tracker,https://cleanview.co/data-centers/us,Individual facility or project from Cleanview's public geocoded U.S. data-center inventory.
AWS IAD 350 Potomac Church,,Operating,Operating,Publicly tracked data-center facility,64.1,64 MW,4.0,"Stafford, VA",38.4108039,-77.4062673,Public tracker coordinates,North Anna,VA,31.9,1959.4,Cleanview public U.S. data-center tracker,https://cleanview.co/data-centers/us,Individual facility or project from Cleanview's public geocoded U.S. data-center inventory.
AWS IAD 351 Potomac Church,,Planned,Planned,Publicly tracked data-center facility,64.1,64 MW,4.0,"Stafford, VA",38.4110461,-77.4045718,Public tracker coordinates,North Anna,VA,32.0,1959.4,Cleanview public U.S. data-center tracker,https://cleanview.co/data-centers/us,Individual facility or project from Cleanview's public geocoded U.S. data-center inventory.
Equinix DC12,,Operating,Operating,Publicly tracked data-center facility,63.7,64 MW,4.0,"Loudoun, VA",39.023007,-77.449758,Public tracker coordinates,Calvert Cliffs Nuclear Power Plant,MD,67.9,1850.4,Cleanview public U.S. data-center tracker,https://cleanview.co/data-centers/us,Individual facility or project from Cleanview's public geocoded U.S. data-center inventory.
Vantage NV12,,Planned,Planned,Publicly tracked data-center facility,63.7,64 MW,4.0,"Storey, NV",39.55182,-119.480084,Public tracker coordinates,Diablo Canyon,CA,309.2,2323.0,Cleanview public U.S. data-center tracker,https://cleanview.co/data-centers/us,Individual facility or project from Cleanview's public geocoded U.S. data-center inventory.
Sentinel Belmont - Building 4,,Planned,Planned,Publicly tracked data-center facility,63.7,64 MW,4.0,"Loudoun, VA",39.07489847,-77.50764273,Public tracker coordinates,North Anna,VA,71.8,1959.4,Cleanview public U.S. data-center tracker,https://cleanview.co/data-centers/us,Individual facility or project from Cleanview's public geocoded U.S. data-center inventory.
Sentinel Belmont - 19570 Hyperspace Lane,,Planned,Planned,Publicly tracked data-center facility,63.7,64 MW,4.0,"Loudoun, VA",39.07370724,-77.50818022,Public tracker coordinates,North Anna,VA,71.7,1959.4,Cleanview public U.S. data-center tracker,https://cleanview.co/data-centers/us,Individual facility or project from Cleanview's public geocoded U.S. data-center inventory.
QTS Richmond RIC1-DC6,,Operating,Operating,Publicly tracked data-center facility,63.4,63 MW,4.0,"Henrico, VA",37.48523,-77.25013,Public tracker coordinates,Surry,VA,37.5,1695.0,Cleanview public U.S. data-center tracker,https://cleanview.co/data-centers/us,Individual facility or project from Cleanview's public geocoded U.S. data-center inventory.
AWS IAD-143 Optics Plaza,,Operating,Operating,Publicly tracked data-center facility,63.2,63 MW,4.0,"Loudoun, VA",38.9795634,-77.41749155,Public tracker coordinates,Calvert Cliffs Nuclear Power Plant,MD,64.7,1850.4,Cleanview public U.S. data-center tracker,https://cleanview.co/data-centers/us,Individual facility or project from Cleanview's public geocoded U.S. data-center inventory.
AWS IAD-12 Dulles Summit,,Operating,Operating,Publicly tracked data-center facility,63.2,63 MW,4.0,"Loudoun, VA",38.98872395,-77.447671,Public tracker coordinates,Calvert Cliffs Nuclear Power Plant,MD,66.4,1850.4,Cleanview public U.S. data-center tracker,https://cleanview.co/data-centers/us,Individual facility or project from Cleanview's public geocoded U.S. data-center inventory.
AWS IAD-140 Platform Plaza,,Operating,Operating,Publicly tracked data-center facility,63.2,63 MW,4.0,"Loudoun, VA",38.98145515,-77.41755015,Public tracker coordinates,Calvert Cliffs Nuclear Power Plant,MD,64.8,1850.4,Cleanview public U.S. data-center tracker,https://cleanview.co/data-centers/us,Individual facility or project from Cleanview's public geocoded U.S. data-center inventory.
AWS IAD-141 Platform Plaza,,Operating,Operating,Publicly tracked data-center facility,63.2,63 MW,4.0,"Loudoun, VA",38.9823877,-77.41678575,Public tracker coordinates,Calvert Cliffs Nuclear Power Plant,MD,64.8,1850.4,Cleanview public U.S. data-center tracker,https://cleanview.co/data-centers/us,Individual facility or project from Cleanview's public geocoded U.S. data-center inventory.
AWS IAD-142 Optics Plaza,,Operating,Operating,Publicly tracked data-center facility,63.2,63 MW,4.0,"Loudoun, VA",38.979147,-77.419905,Public tracker coordinates,Calvert Cliffs Nuclear Power Plant,MD,64.8,1850.4,Cleanview public U.S. data-center tracker,https://cleanview.co/data-centers/us,Individual facility or project from Cleanview's public geocoded U.S. data-center inventory.
AWS IAD-126 Quail Ridge,,Operating,Operating,Publicly tracked data-center facility,63.1,63 MW,4.0,"Loudoun, VA",38.94995051,-77.55902887,Public tracker coordinates,North Anna,VA,62.7,1959.4,Cleanview public U.S. data-center tracker,https://cleanview.co/data-centers/us,Individual facility or project from Cleanview's public geocoded U.S. data-center inventory.
AWS IAD-127 Quail Ridge,,Operating,Operating,Publicly tracked data-center facility,63.1,63 MW,4.0,"Loudoun, VA",38.94802561,-77.55915211,Public tracker coordinates,North Anna,VA,62.6,1959.4,Cleanview public U.S. data-center tracker,https://cleanview.co/data-centers/us,Individual facility or project from Cleanview's public geocoded U.S. data-center inventory.
The Dalles - Building 3,,Operating,Operating,Publicly tracked data-center facility,63.0,63 MW,4.0,"Wasco, OR",45.6319055,-121.2010325,Public tracker coordinates,Columbia Generating Station,WA,106.7,1200.0,Cleanview public U.S. data-center tracker,https://cleanview.co/data-centers/us,Individual facility or project from Cleanview's public geocoded U.S. data-center inventory.
Hut 8 Salt Creek (Crypto mining),,Operating,Operating,Publicly tracked data-center facility,63.0,63 MW,4.0,"Reeves, TX",31.85,-103.92,Public tracker coordinates,Comanche Peak,TX,360.4,2430.0,Cleanview public U.S. data-center tracker,https://cleanview.co/data-centers/us,Individual facility or project from Cleanview's public geocoded U.S. data-center inventory.
AWS Westfax 4-5A,,Planned,Planned,Publicly tracked data-center facility,63.0,63 MW,4.0,"Fairfax, VA",38.898617,-77.454205,Public tracker coordinates,North Anna,VA,60.7,1959.4,Cleanview public U.S. data-center tracker,https://cleanview.co/data-centers/us,Individual facility or project from Cleanview's public geocoded U.S. data-center inventory.
Digital Realty IAD53 - 9905 Godwin Drive,,Operating,Operating,Publicly tracked data-center facility,63.0,63 MW,4.0,"Manassas City, VA",38.74038525,-77.5039772,Public tracker coordinates,North Anna,VA,49.5,1959.4,Cleanview public U.S. data-center tracker,https://cleanview.co/data-centers/us,Individual facility or project from Cleanview's public geocoded U.S. data-center inventory.
QTS San Antonio DC1,,Operating,Operating,Publicly tracked data-center facility,63.0,63 MW,4.0,"Bexar, TX",29.44916,-98.65314,Public tracker coordinates,South Texas Project,TX,163.6,2708.6,Cleanview public U.S. data-center tracker,https://cleanview.co/data-centers/us,Individual facility or project from Cleanview's public geocoded U.S. data-center inventory.
AWS IAD-174 Atlantic Boulevard,,Operating,Operating,Publicly tracked data-center facility,62.9,63 MW,4.0,"Loudoun, VA",39.02891435,-77.4274784,Public tracker coordinates,Calvert Cliffs Nuclear Power Plant,MD,67.2,1850.4,Cleanview public U.S. data-center tracker,https://cleanview.co/data-centers/us,Individual facility or project from Cleanview's public geocoded U.S. data-center inventory.
QTS Richmond RIC1-DC4,,Operating,Operating,Publicly tracked data-center facility,62.7,63 MW,4.0,"Henrico, VA",37.48386,-77.24777,Public tracker coordinates,Surry,VA,37.3,1695.0,Cleanview public U.S. data-center tracker,https://cleanview.co/data-centers/us,Individual facility or project from Cleanview's public geocoded U.S. data-center inventory.
QTS Ashburn 2 DC2,,Operating,Operating,Publicly tracked data-center facility,62.6,63 MW,4.0,"Loudoun, VA",38.995199,-77.456888,Public tracker coordinates,Calvert Cliffs Nuclear Power Plant,MD,67.1,1850.4,Cleanview public U.S. data-center tracker,https://cleanview.co/data-centers/us,Individual facility or project from Cleanview's public geocoded U.S. data-center inventory.
AWS IAD-214 Pacific Blvd,,Planned,Planned,Publicly tracked data-center facility,62.6,63 MW,4.0,"Loudoun, VA",38.9865317,-77.4351775,Public tracker coordinates,Calvert Cliffs Nuclear Power Plant,MD,65.8,1850.4,Cleanview public U.S. data-center tracker,https://cleanview.co/data-centers/us,Individual facility or project from Cleanview's public geocoded U.S. data-center inventory.
AWS IAD-45 Hornbaker Road,,Planned,Planned,Publicly tracked data-center facility,62.6,63 MW,4.0,"Prince William, VA",38.76260262,-77.53376941,Public tracker coordinates,North Anna,VA,50.5,1959.4,Cleanview public U.S. data-center tracker,https://cleanview.co/data-centers/us,Individual facility or project from Cleanview's public geocoded U.S. data-center inventory.
AWS Cosgray Road Building 1,,Operating,Operating,Publicly tracked data-center facility,62.5,62 MW,4.0,"Franklin, OH",40.04813,-83.17528,Public tracker coordinates,Davis Besse,OH,107.1,925.2,Cleanview public U.S. data-center tracker,https://cleanview.co/data-centers/us,Individual facility or project from Cleanview's public geocoded U.S. data-center inventory.
AWS PDX-80 Cottonwood Bend Rd,,Operating,Operating,Publicly tracked data-center facility,62.5,62 MW,4.0,"Umatilla, OR",45.7978,-119.3666,Public tracker coordinates,Columbia Generating Station,WA,46.5,1200.0,Cleanview public U.S. data-center tracker,https://cleanview.co/data-centers/us,Individual facility or project from Cleanview's public geocoded U.S. data-center inventory.
AWS Warner Road Building 2,,Operating,Operating,Publicly tracked data-center facility,62.5,62 MW,4.0,"Union, OH",40.1174,-83.202082,Public tracker coordinates,Davis Besse,OH,102.4,925.2,Cleanview public U.S. data-center tracker,https://cleanview.co/data-centers/us,Individual facility or project from Cleanview's public geocoded U.S. data-center inventory.
AWS E Penney Ave Building 1,,Operating,Operating,Publicly tracked data-center facility,62.5,62 MW,4.0,"Umatilla, OR",45.8083,-119.268595,Public tracker coordinates,Columbia Generating Station,WA,45.9,1200.0,Cleanview public U.S. data-center tracker,https://cleanview.co/data-centers/us,Individual facility or project from Cleanview's public geocoded U.S. data-center inventory.
AWS Warner Road Building 3,,Operating,Operating,Publicly tracked data-center facility,62.5,62 MW,4.0,"Union, OH",40.118112,-83.202523,Public tracker coordinates,Davis Besse,OH,102.3,925.2,Cleanview public U.S. data-center tracker,https://cleanview.co/data-centers/us,Individual facility or project from Cleanview's public geocoded U.S. data-center inventory.
AWS Wanapa Rd Building 4,,Operating,Operating,Publicly tracked data-center facility,62.5,62 MW,4.0,"Umatilla, OR",45.9206,-119.227,Public tracker coordinates,Columbia Generating Station,WA,38.4,1200.0,Cleanview public U.S. data-center tracker,https://cleanview.co/data-centers/us,Individual facility or project from Cleanview's public geocoded U.S. data-center inventory.
AWS Wanapa Rd Building 1,,Operating,Operating,Publicly tracked data-center facility,62.5,62 MW,4.0,"Umatilla, OR",45.9206,-119.2318,Public tracker coordinates,Columbia Generating Station,WA,38.3,1200.0,Cleanview public U.S. data-center tracker,https://cleanview.co/data-centers/us,Individual facility or project from Cleanview's public geocoded U.S. data-center inventory.
AWS Boardman Far-West Building 3,,Planned,Planned,Publicly tracked data-center facility,62.5,62 MW,4.0,"Morrow, OR",45.809786,-119.86203,Public tracker coordinates,Columbia Generating Station,WA,52.2,1200.0,Cleanview public U.S. data-center tracker,https://cleanview.co/data-centers/us,Individual facility or project from Cleanview's public geocoded U.S. data-center inventory.
AWS Boardman Far-West Building 2,,Planned,Planned,Publicly tracked data-center facility,62.5,62 MW,4.0,"Morrow, OR",45.809786,-119.860455,Public tracker coordinates,Columbia Generating Station,WA,52.2,1200.0,Cleanview public U.S. data-center tracker,https://cleanview.co/data-centers/us,Individual facility or project from Cleanview's public geocoded U.S. data-center inventory.
AWS E Penney Ave Building 2,,Operating,Operating,Publicly tracked data-center facility,62.5,62 MW,4.0,"Umatilla, OR",45.809637,-119.268575,Public tracker coordinates,Columbia Generating Station,WA,45.8,1200.0,Cleanview public U.S. data-center tracker,https://cleanview.co/data-centers/us,Individual facility or project from Cleanview's public geocoded U.S. data-center inventory.
AWS Warner Road Building 1,,Operating,Operating,Publicly tracked data-center facility,62.5,62 MW,4.0,"Union, OH",40.116259,-83.201391,Public tracker coordinates,Davis Besse,OH,102.5,925.2,Cleanview public U.S. data-center tracker,https://cleanview.co/data-centers/us,Individual facility or project from Cleanview's public geocoded U.S. data-center inventory.
AWS PDX-81 Cottonwood Bend Rd,,Operating,Operating,Publicly tracked data-center facility,62.5,62 MW,4.0,"Umatilla, OR",45.7978,-119.362,Public tracker coordinates,Columbia Generating Station,WA,46.5,1200.0,Cleanview public U.S. data-center tracker,https://cleanview.co/data-centers/us,Individual facility or project from Cleanview's public geocoded U.S. data-center inventory.
AWS E Penney Ave Building 7,,Planned,Planned,Publicly tracked data-center facility,62.5,62 MW,4.0,"Umatilla, OR",45.808648,-119.276209,Public tracker coordinates,Columbia Generating Station,WA,45.9,1200.0,Cleanview public U.S. data-center tracker,https://cleanview.co/data-centers/us,Individual facility or project from Cleanview's public geocoded U.S. data-center inventory.
AWS Boardman Far-West Building 1,,Operating,Operating,Publicly tracked data-center facility,62.5,62 MW,4.0,"Morrow, OR",45.8098,-119.8589,Public tracker coordinates,Columbia Generating Station,WA,52.1,1200.0,Cleanview public U.S. data-center tracker,https://cleanview.co/data-centers/us,Individual facility or project from Cleanview's public geocoded U.S. data-center inventory.
AWS Wanapa Rd Building 2,,Operating,Operating,Publicly tracked data-center facility,62.5,62 MW,4.0,"Umatilla, OR",45.9206,-119.23,Public tracker coordinates,Columbia Generating Station,WA,38.4,1200.0,Cleanview public U.S. data-center tracker,https://cleanview.co/data-centers/us,Individual facility or project from Cleanview's public geocoded U.S. data-center inventory.
AWS PDX-68 Lewis & Clark Dr,,Operating,Operating,Publicly tracked data-center facility,62.5,62 MW,4.0,"Morrow, OR",45.8468,-119.6091,Public tracker coordinates,Columbia Generating Station,WA,45.1,1200.0,Cleanview public U.S. data-center tracker,https://cleanview.co/data-centers/us,Individual facility or project from Cleanview's public geocoded U.S. data-center inventory.
Google Pryor - Building 6,,Operating,Operating,Publicly tracked data-center facility,62.5,62 MW,4.0,"Mayes, OK",36.247337,-95.321123,Public tracker coordinates,Arkansas Nuclear One,AR,133.6,1845.0,Cleanview public U.S. data-center tracker,https://cleanview.co/data-centers/us,Individual facility or project from Cleanview's public geocoded U.S. data-center inventory.
AWS PDX-67 Lind Rd,,Operating,Operating,Publicly tracked data-center facility,62.5,62 MW,4.0,"Umatilla, OR",45.9039,-119.3205,Public tracker coordinates,Columbia Generating Station,WA,39.2,1200.0,Cleanview public U.S. data-center tracker,https://cleanview.co/data-centers/us,Individual facility or project from Cleanview's public geocoded U.S. data-center inventory.
AWS Wanapa Rd Building 3,,Operating,Operating,Publicly tracked data-center facility,62.5,62 MW,4.0,"Umatilla, OR",45.9206,-119.2289,Public tracker coordinates,Columbia Generating Station,WA,38.4,1200.0,Cleanview public U.S. data-center tracker,https://cleanview.co/data-centers/us,Individual facility or project from Cleanview's public geocoded U.S. data-center inventory.
AWS Cottonwood Bend Rd Building 3,,Operating,Operating,Publicly tracked data-center facility,62.5,62 MW,4.0,"Umatilla, OR",45.7992,-119.3667,Public tracker coordinates,Columbia Generating Station,WA,46.5,1200.0,Cleanview public U.S. data-center tracker,https://cleanview.co/data-centers/us,Individual facility or project from Cleanview's public geocoded U.S. data-center inventory.
AWS Lewis & Clark Dr Building 5,,Planned,Planned,Publicly tracked data-center facility,62.5,62 MW,4.0,"Morrow, OR",45.850647,-119.619797,Public tracker coordinates,Columbia Generating Station,WA,45.0,1200.0,Cleanview public U.S. data-center tracker,https://cleanview.co/data-centers/us,Individual facility or project from Cleanview's public geocoded U.S. data-center inventory.
AWS Cottonwood Bend Rd Building 4,,Operating,Operating,Publicly tracked data-center facility,62.5,62 MW,4.0,"Umatilla, OR",45.799,-119.3617,Public tracker coordinates,Columbia Generating Station,WA,46.5,1200.0,Cleanview public U.S. data-center tracker,https://cleanview.co/data-centers/us,Individual facility or project from Cleanview's public geocoded U.S. data-center inventory.
AWS E Penney Ave Building 3,,Operating,Operating,Publicly tracked data-center facility,62.5,62 MW,4.0,"Umatilla, OR",45.810375,-119.268715,Public tracker coordinates,Columbia Generating Station,WA,45.8,1200.0,Cleanview public U.S. data-center tracker,https://cleanview.co/data-centers/us,Individual facility or project from Cleanview's public geocoded U.S. data-center inventory.
AWS E Penney Ave Building 5,,Operating,Operating,Publicly tracked data-center facility,62.5,62 MW,4.0,"Umatilla, OR",45.811176,-119.278244,Public tracker coordinates,Columbia Generating Station,WA,45.7,1200.0,Cleanview public U.S. data-center tracker,https://cleanview.co/data-centers/us,Individual facility or project from Cleanview's public geocoded U.S. data-center inventory.
AWS Boardman Far-West Building 4,,Planned,Planned,Publicly tracked data-center facility,62.5,62 MW,4.0,"Morrow, OR",45.809933,-119.863931,Public tracker coordinates,Columbia Generating Station,WA,52.3,1200.0,Cleanview public U.S. data-center tracker,https://cleanview.co/data-centers/us,Individual facility or project from Cleanview's public geocoded U.S. data-center inventory.
AWS Bombing Range Rd Building 1,,Operating,Operating,Publicly tracked data-center facility,62.5,62 MW,4.0,"Morrow, OR",45.820091,-119.632059,Public tracker coordinates,Columbia Generating Station,WA,47.2,1200.0,Cleanview public U.S. data-center tracker,https://cleanview.co/data-centers/us,Individual facility or project from Cleanview's public geocoded U.S. data-center inventory.
AWS PDX-109 Gar Swanson Rd,,Operating,Operating,Publicly tracked data-center facility,62.5,62 MW,4.0,"Morrow, OR",45.8587,-119.6051,Public tracker coordinates,Columbia Generating Station,WA,44.3,1200.0,Cleanview public U.S. data-center tracker,https://cleanview.co/data-centers/us,Individual facility or project from Cleanview's public geocoded U.S. data-center inventory.
AWS Bombing Range Rd Building 2,,Operating,Operating,Publicly tracked data-center facility,62.5,62 MW,4.0,"Morrow, OR",45.818721,-119.632002,Public tracker coordinates,Columbia Generating Station,WA,47.3,1200.0,Cleanview public U.S. data-center tracker,https://cleanview.co/data-centers/us,Individual facility or project from Cleanview's public geocoded U.S. data-center inventory.
AWS Bombing Range Rd Building 3,,Operating,Operating,Publicly tracked data-center facility,62.5,62 MW,4.0,"Morrow, OR",45.819993,-119.636314,Public tracker coordinates,Columbia Generating Station,WA,47.3,1200.0,Cleanview public U.S. data-center tracker,https://cleanview.co/data-centers/us,Individual facility or project from Cleanview's public geocoded U.S. data-center inventory.
AWS Bombing Range Rd Building 4,,Operating,Operating,Publicly tracked data-center facility,62.5,62 MW,4.0,"Morrow, OR",45.818692,-119.6363,Public tracker coordinates,Columbia Generating Station,WA,47.3,1200.0,Cleanview public U.S. data-center tracker,https://cleanview.co/data-centers/us,Individual facility or project from Cleanview's public geocoded U.S. data-center inventory.
AWS E Penney Ave Building 6,,Planned,Planned,Publicly tracked data-center facility,62.5,62 MW,4.0,"Umatilla, OR",45.811436,-119.276118,Public tracker coordinates,Columbia Generating Station,WA,45.7,1200.0,Cleanview public U.S. data-center tracker,https://cleanview.co/data-centers/us,Individual facility or project from Cleanview's public geocoded U.S. data-center inventory.
AWS PDX-112 Gar Swanson Rd,,Operating,Operating,Publicly tracked data-center facility,62.5,62 MW,4.0,"Morrow, OR",45.8623,-119.6051,Public tracker coordinates,Columbia Generating Station,WA,44.0,1200.0,Cleanview public U.S. data-center tracker,https://cleanview.co/data-centers/us,Individual facility or project from Cleanview's public geocoded U.S. data-center inventory.
AWS PDX-110 Gar Swanson Rd,,Operating,Operating,Publicly tracked data-center facility,62.5,62 MW,4.0,"Morrow, OR",45.8601,-119.6051,Public tracker coordinates,Columbia Generating Station,WA,44.2,1200.0,Cleanview public U.S. data-center tracker,https://cleanview.co/data-centers/us,Individual facility or project from Cleanview's public geocoded U.S. data-center inventory.
AWS Warner Road Building 4,,Operating,Operating,Publicly tracked data-center facility,62.5,62 MW,4.0,"Union, OH",40.119301,-83.203217,Public tracker coordinates,Davis Besse,OH,102.3,925.2,Cleanview public U.S. data-center tracker,https://cleanview.co/data-centers/us,Individual facility or project from Cleanview's public geocoded U.S. data-center inventory.
AWS PDX-111 Gar Swanson Rd,,Operating,Operating,Publicly tracked data-center facility,62.5,62 MW,4.0,"Morrow, OR",45.861,-119.6052,Public tracker coordinates,Columbia Generating Station,WA,44.1,1200.0,Cleanview public U.S. data-center tracker,https://cleanview.co/data-centers/us,Individual facility or project from Cleanview's public geocoded U.S. data-center inventory.
AWS Industrial Parkway Building 1,,Operating,Operating,Publicly tracked data-center facility,62.5,62 MW,4.0,"Union, OH",40.13419,-83.215834,Public tracker coordinates,Davis Besse,OH,101.3,925.2,Cleanview public U.S. data-center tracker,https://cleanview.co/data-centers/us,Individual facility or project from Cleanview's public geocoded U.S. data-center inventory.
AWS PDX-69 Lind Rd,,Operating,Operating,Publicly tracked data-center facility,62.5,62 MW,4.0,"Umatilla, OR",45.9051,-119.3202,Public tracker coordinates,Columbia Generating Station,WA,39.1,1200.0,Cleanview public U.S. data-center tracker,https://cleanview.co/data-centers/us,Individual facility or project from Cleanview's public geocoded U.S. data-center inventory.
AWS E Penney Ave Building 4,,Operating,Operating,Publicly tracked data-center facility,62.5,62 MW,4.0,"Umatilla, OR",45.811719,-119.268615,Public tracker coordinates,Columbia Generating Station,WA,45.7,1200.0,Cleanview public U.S. data-center tracker,https://cleanview.co/data-centers/us,Individual facility or project from Cleanview's public geocoded U.S. data-center inventory.
AWS E Penney Ave Building 8,,Planned,Planned,Publicly tracked data-center facility,62.5,62 MW,4.0,"Umatilla, OR",45.808584,-119.278083,Public tracker coordinates,Columbia Generating Station,WA,45.9,1200.0,Cleanview public U.S. data-center tracker,https://cleanview.co/data-centers/us,Individual facility or project from Cleanview's public geocoded U.S. data-center inventory.
AWS Cosgray Road Building 2,,Operating,Operating,Publicly tracked data-center facility,62.5,62 MW,4.0,"Franklin, OH",40.04936,-83.17546,Public tracker coordinates,Davis Besse,OH,107.0,925.2,Cleanview public U.S. data-center tracker,https://cleanview.co/data-centers/us,Individual facility or project from Cleanview's public geocoded U.S. data-center inventory.
Microsoft SN7,,Operating,Operating,Publicly tracked data-center facility,62.5,62 MW,4.0,"Bexar, TX",29.478232,-98.690642,Public tracker coordinates,South Texas Project,TX,166.3,2708.6,Cleanview public U.S. data-center tracker,https://cleanview.co/data-centers/us,Individual facility or project from Cleanview's public geocoded U.S. data-center inventory.
Google Pryor - Building 7,,Operating,Operating,Publicly tracked data-center facility,62.5,62 MW,4.0,"Mayes, OK",36.247337,-95.32398,Public tracker coordinates,Arkansas Nuclear One,AR,133.8,1845.0,Cleanview public U.S. data-center tracker,https://cleanview.co/data-centers/us,Individual facility or project from Cleanview's public geocoded U.S. data-center inventory.
AWS PDX-63 Lind Rd,,Operating,Operating,Publicly tracked data-center facility,62.5,62 MW,4.0,"Umatilla, OR",45.9014,-119.3205,Public tracker coordinates,Columbia Generating Station,WA,39.4,1200.0,Cleanview public U.S. data-center tracker,https://cleanview.co/data-centers/us,Individual facility or project from Cleanview's public geocoded U.S. data-center inventory.
AWS PDX-65 Lind Rd,,Operating,Operating,Publicly tracked data-center facility,62.5,62 MW,4.0,"Umatilla, OR",45.9028,-119.3205,Public tracker coordinates,Columbia Generating Station,WA,39.3,1200.0,Cleanview public U.S. data-center tracker,https://cleanview.co/data-centers/us,Individual facility or project from Cleanview's public geocoded U.S. data-center inventory.
AWS IAD-95 Bethlehem Road,,Operating,Operating,Publicly tracked data-center facility,62.3,62 MW,4.0,"Prince William, VA",38.77858219,-77.53940914,Public tracker coordinates,North Anna,VA,51.5,1959.4,Cleanview public U.S. data-center tracker,https://cleanview.co/data-centers/us,Individual facility or project from Cleanview's public geocoded U.S. data-center inventory.
Equinix DC22,,Operating,Operating,Publicly tracked data-center facility,62.1,62 MW,4.0,"Loudoun, VA",39.0137247,-77.4538002,Public tracker coordinates,Calvert Cliffs Nuclear Power Plant,MD,67.7,1850.4,Cleanview public U.S. data-center tracker,https://cleanview.co/data-centers/us,Individual facility or project from Cleanview's public geocoded U.S. data-center inventory.
Compass 42370 Thunderball Drive,,Operating,Operating,Publicly tracked data-center facility,62.0,62 MW,4.0,"Loudoun, VA",39.044247,-77.537998,Public tracker coordinates,North Anna,VA,69.4,1959.4,Cleanview public U.S. data-center tracker,https://cleanview.co/data-centers/us,Individual facility or project from Cleanview's public geocoded U.S. data-center inventory.
The Dalles - Building 7,,Operating,Operating,Publicly tracked data-center facility,62.0,62 MW,4.0,"Wasco, OR",45.6247362,-121.2086179,Public tracker coordinates,Columbia Generating Station,WA,107.2,1200.0,Cleanview public U.S. data-center tracker,https://cleanview.co/data-centers/us,Individual facility or project from Cleanview's public geocoded U.S. data-center inventory.
QTS Manassas DC4,,Planned,Planned,Publicly tracked data-center facility,61.9,62 MW,4.0,"Prince William, VA",38.751972483585405,-77.51605452393117,Public tracker coordinates,North Anna,VA,50.1,1959.4,Cleanview public U.S. data-center tracker,https://cleanview.co/data-centers/us,Individual facility or project from Cleanview's public geocoded U.S. data-center inventory.
Stack NVA05C,,Planned,Planned,Publicly tracked data-center facility,61.0,61 MW,4.0,"Prince William, VA",38.76037,-77.51185,Public tracker coordinates,North Anna,VA,50.7,1959.4,Cleanview public U.S. data-center tracker,https://cleanview.co/data-centers/us,Individual facility or project from Cleanview's public geocoded U.S. data-center inventory.
AWS IAD-102 Tanner Way,,Operating,Operating,Publicly tracked data-center facility,60.9,61 MW,4.0,"Prince William, VA",38.7359701,-77.50490134,Public tracker coordinates,North Anna,VA,49.2,1959.4,Cleanview public U.S. data-center tracker,https://cleanview.co/data-centers/us,Individual facility or project from Cleanview's public geocoded U.S. data-center inventory.
AWS IAD-100 Tanner Way,,Operating,Operating,Publicly tracked data-center facility,60.9,61 MW,4.0,"Prince William, VA",38.73459785,-77.50664242,Public tracker coordinates,North Anna,VA,49.1,1959.4,Cleanview public U.S. data-center tracker,https://cleanview.co/data-centers/us,Individual facility or project from Cleanview's public geocoded U.S. data-center inventory.
AWS IAD-101 Tanner Way,,Operating,Operating,Publicly tracked data-center facility,60.9,61 MW,4.0,"Prince William, VA",38.73544016,-77.50569513,Public tracker coordinates,North Anna,VA,49.1,1959.4,Cleanview public U.S. data-center tracker,https://cleanview.co/data-centers/us,Individual facility or project from Cleanview's public geocoded U.S. data-center inventory.
QTS Manassas DC5,,Operating,Operating,Publicly tracked data-center facility,60.5,60 MW,4.0,"Prince William, VA",38.754793793721866,-77.51650847239954,Public tracker coordinates,North Anna,VA,50.2,1959.4,Cleanview public U.S. data-center tracker,https://cleanview.co/data-centers/us,Individual facility or project from Cleanview's public geocoded U.S. data-center inventory.
AWS IAD-205 Dean Drive,,Planned,Planned,Publicly tracked data-center facility,60.4,60 MW,4.0,"Manassas City, VA",38.7495225,-77.4930233,Public tracker coordinates,North Anna,VA,50.3,1959.4,Cleanview public U.S. data-center tracker,https://cleanview.co/data-centers/us,Individual facility or project from Cleanview's public geocoded U.S. data-center inventory.
Stack NVA02A,,Operating,Operating,Publicly tracked data-center facility,60.2,60 MW,4.0,"Prince William, VA",38.74303154,-77.53346798,Public tracker coordinates,North Anna,VA,49.2,1959.4,Cleanview public U.S. data-center tracker,https://cleanview.co/data-centers/us,Individual facility or project from Cleanview's public geocoded U.S. data-center inventory.
QTS Richmond RIC1-DC5,,Operating,Operating,Publicly tracked data-center facility,60.1,60 MW,4.0,"Henrico, VA",37.48483,-77.24927,Public tracker coordinates,Surry,VA,37.4,1695.0,Cleanview public U.S. data-center tracker,https://cleanview.co/data-centers/us,Individual facility or project from Cleanview's public geocoded U.S. data-center inventory.
Google Pryor - Building 5,,Operating,Operating,Publicly tracked data-center facility,60.0,60 MW,4.0,"Mayes, OK",36.2414006,-95.3225055,Public tracker coordinates,Arkansas Nuclear One,AR,133.5,1845.0,Cleanview public U.S. data-center tracker,https://cleanview.co/data-centers/us,Individual facility or project from Cleanview's public geocoded U.S. data-center inventory.
Chirisa Technology Parks: DDC-01 (Digital Drive),,Planned,Planned,Publicly tracked data-center facility,60.0,60 MW,4.0,"Chesterfield, VA",37.3563,-77.33366,Public tracker coordinates,Surry,VA,37.3,1695.0,Cleanview public U.S. data-center tracker,https://cleanview.co/data-centers/us,Individual facility or project from Cleanview's public geocoded U.S. data-center inventory.
Google Clarksville - Building 3,,Operating,Operating,Publicly tracked data-center facility,60.0,60 MW,4.0,"Montgomery, TN",36.624288,-87.259056,Public tracker coordinates,Browns Ferry,AL,132.9,3854.0,Cleanview public U.S. data-center tracker,https://cleanview.co/data-centers/us,Individual facility or project from Cleanview's public geocoded U.S. data-center inventory.
Google Henderson - Building 1,,Operating,Operating,Publicly tracked data-center facility,60.0,60 MW,4.0,"Clark, NV",36.0587691,-115.0088509,Public tracker coordinates,Palo Verde,AZ,221.2,4209.6,Cleanview public U.S. data-center tracker,https://cleanview.co/data-centers/us,Individual facility or project from Cleanview's public geocoded U.S. data-center inventory.
Chirisa Technology Parks: CTP-03,,Planned,Planned,Publicly tracked data-center facility,60.0,60 MW,4.0,"Chesterfield, VA",37.3616563,-77.3282825,Public tracker coordinates,Surry,VA,37.2,1695.0,Cleanview public U.S. data-center tracker,https://cleanview.co/data-centers/us,Individual facility or project from Cleanview's public geocoded U.S. data-center inventory.
Google Henderson - Building 2,,Operating,Operating,Publicly tracked data-center facility,60.0,60 MW,4.0,"Clark, NV",36.056109,-115.008452,Public tracker coordinates,Palo Verde,AZ,221.0,4209.6,Cleanview public U.S. data-center tracker,https://cleanview.co/data-centers/us,Individual facility or project from Cleanview's public geocoded U.S. data-center inventory.
Skybox Santa Clara,,Operating,Operating,Publicly tracked data-center facility,60.0,60 MW,4.0,"Santa Clara, CA",37.361279,-121.9538531,Public tracker coordinates,Diablo Canyon,CA,160.6,2323.0,Cleanview public U.S. data-center tracker,https://cleanview.co/data-centers/us,Individual facility or project from Cleanview's public geocoded U.S. data-center inventory.
Novva Tahoe Reno,,Operating,Operating,Publicly tracked data-center facility,60.0,60 MW,4.0,"Storey, NV",39.5247823,-119.4855011,Public tracker coordinates,Diablo Canyon,CA,307.4,2323.0,Cleanview public U.S. data-center tracker,https://cleanview.co/data-centers/us,Individual facility or project from Cleanview's public geocoded U.S. data-center inventory.
Chirisa Technology Parks: DDC-02 (Digital Drive),,Planned,Planned,Publicly tracked data-center facility,60.0,60 MW,4.0,"Chesterfield, VA",37.356,-77.3342,Public tracker coordinates,Surry,VA,37.3,1695.0,Cleanview public U.S. data-center tracker,https://cleanview.co/data-centers/us,Individual facility or project from Cleanview's public geocoded U.S. data-center inventory.
PowerHouse ABX-1,,Operating,Operating,Publicly tracked data-center facility,60.0,60 MW,4.0,"Loudoun, VA",39.019629,-77.4503973,Public tracker coordinates,Calvert Cliffs Nuclear Power Plant,MD,67.8,1850.4,Cleanview public U.S. data-center tracker,https://cleanview.co/data-centers/us,Individual facility or project from Cleanview's public geocoded U.S. data-center inventory.
DFW9 (Red Oak Campus),,Planned,Planned,Publicly tracked data-center facility,60.0,60 MW,4.0,"Ellis, TX",32.53459196,-96.73486648,Public tracker coordinates,Comanche Peak,TX,63.4,2430.0,Cleanview public U.S. data-center tracker,https://cleanview.co/data-centers/us,Individual facility or project from Cleanview's public geocoded U.S. data-center inventory.
AWS West Strickland - Building 1,,Planned,Planned,Publicly tracked data-center facility,60.0,60 MW,4.0,"Douglas, GA",33.7467,-84.78248,Public tracker coordinates,Sequoyah,TN,103.8,2441.0,Cleanview public U.S. data-center tracker,https://cleanview.co/data-centers/us,Individual facility or project from Cleanview's public geocoded U.S. data-center inventory.
AWS West Strickland - Building 4,,Planned,Planned,Publicly tracked data-center facility,60.0,60 MW,4.0,"Douglas, GA",33.7449,-84.78032,Public tracker coordinates,Sequoyah,TN,103.9,2441.0,Cleanview public U.S. data-center tracker,https://cleanview.co/data-centers/us,Individual facility or project from Cleanview's public geocoded U.S. data-center inventory.
AWS West Strickland - Building 3,,Planned,Planned,Publicly tracked data-center facility,60.0,60 MW,4.0,"Douglas, GA",33.7449,-84.78248,Public tracker coordinates,Sequoyah,TN,103.9,2441.0,Cleanview public U.S. data-center tracker,https://cleanview.co/data-centers/us,Individual facility or project from Cleanview's public geocoded U.S. data-center inventory.
AWS West Strickland - Building 2,,Planned,Planned,Publicly tracked data-center facility,60.0,60 MW,4.0,"Douglas, GA",33.7467,-84.78032,Public tracker coordinates,Sequoyah,TN,103.8,2441.0,Cleanview public U.S. data-center tracker,https://cleanview.co/data-centers/us,Individual facility or project from Cleanview's public geocoded U.S. data-center inventory.
Digital Realty IAD55,,Operating,Operating,Publicly tracked data-center facility,60.0,60 MW,4.0,"Loudoun, VA",38.9922596,-77.433964,Public tracker coordinates,Calvert Cliffs Nuclear Power Plant,MD,65.9,1850.4,Cleanview public U.S. data-center tracker,https://cleanview.co/data-centers/us,Individual facility or project from Cleanview's public geocoded U.S. data-center inventory.
T5 Westfields Data Center,,Planned,Planned,Publicly tracked data-center facility,60.0,60 MW,4.0,"Fairfax, VA",38.877273,-77.454944,Public tracker coordinates,North Anna,VA,59.3,1959.4,Cleanview public U.S. data-center tracker,https://cleanview.co/data-centers/us,Individual facility or project from Cleanview's public geocoded U.S. data-center inventory.
AWS Rock House Road - Building 1,,Planned,Planned,Publicly tracked data-center facility,60.0,60 MW,4.0,"Douglas, GA",33.7438,-84.60488,Public tracker coordinates,Sequoyah,TN,106.1,2441.0,Cleanview public U.S. data-center tracker,https://cleanview.co/data-centers/us,Individual facility or project from Cleanview's public geocoded U.S. data-center inventory.
DFW10 (Red Oak Campus),,Planned,Planned,Publicly tracked data-center facility,60.0,60 MW,4.0,"Ellis, TX",32.53459196,-96.73486648,Public tracker coordinates,Comanche Peak,TX,63.4,2430.0,Cleanview public U.S. data-center tracker,https://cleanview.co/data-centers/us,Individual facility or project from Cleanview's public geocoded U.S. data-center inventory.
Google Jackson County - Building 1,,Operating,Operating,Publicly tracked data-center facility,60.0,60 MW,4.0,"Jackson, AL",34.9137209,-85.7473766,Public tracker coordinates,Sequoyah,TN,42.9,2441.0,Cleanview public U.S. data-center tracker,https://cleanview.co/data-centers/us,Individual facility or project from Cleanview's public geocoded U.S. data-center inventory.
Google Jackson County - Building 2,,Operating,Operating,Publicly tracked data-center facility,60.0,60 MW,4.0,"Jackson, AL",34.9137144,-85.7458673,Public tracker coordinates,Sequoyah,TN,42.8,2441.0,Cleanview public U.S. data-center tracker,https://cleanview.co/data-centers/us,Individual facility or project from Cleanview's public geocoded U.S. data-center inventory.
Deep Atomic INL Data Center,,Planned,Planned,Publicly tracked data-center facility,60.0,60 MW,4.0,"Bonneville, ID",43.51967,-112.04594,Public tracker coordinates,Columbia Generating Station,WA,410.1,1200.0,Cleanview public U.S. data-center tracker,https://cleanview.co/data-centers/us,Individual facility or project from Cleanview's public geocoded U.S. data-center inventory.
Google Clarksville - Building 2,,Operating,Operating,Publicly tracked data-center facility,60.0,60 MW,4.0,"Montgomery, TN",36.6245868,-87.2613219,Public tracker coordinates,Browns Ferry,AL,132.9,3854.0,Cleanview public U.S. data-center tracker,https://cleanview.co/data-centers/us,Individual facility or project from Cleanview's public geocoded U.S. data-center inventory.
Google Clarksville - Building 1,,Operating,Operating,Publicly tracked data-center facility,60.0,60 MW,4.0,"Montgomery, TN",36.6248412,-87.2635719,Public tracker coordinates,Browns Ferry,AL,133.0,3854.0,Cleanview public U.S. data-center tracker,https://cleanview.co/data-centers/us,Individual facility or project from Cleanview's public geocoded U.S. data-center inventory.
AWS Rock House Road - Building 4,,Planned,Planned,Publicly tracked data-center facility,60.0,60 MW,4.0,"Douglas, GA",33.742,-84.60272,Public tracker coordinates,Sequoyah,TN,106.3,2441.0,Cleanview public U.S. data-center tracker,https://cleanview.co/data-centers/us,Individual facility or project from Cleanview's public geocoded U.S. data-center inventory.
AWS Rock House Road - Building 3,,Planned,Planned,Publicly tracked data-center facility,60.0,60 MW,4.0,"Douglas, GA",33.742,-84.60488,Public tracker coordinates,Sequoyah,TN,106.3,2441.0,Cleanview public U.S. data-center tracker,https://cleanview.co/data-centers/us,Individual facility or project from Cleanview's public geocoded U.S. data-center inventory.
DC Blox ATL West - Building 1,,Planned,Planned,Publicly tracked data-center facility,60.0,60 MW,4.0,"Douglas County, GA",33.734771,-84.615201,Public tracker coordinates,Sequoyah,TN,106.6,2441.0,Cleanview public U.S. data-center tracker,https://cleanview.co/data-centers/us,Individual facility or project from Cleanview's public geocoded U.S. data-center inventory.
AWS Rock House Road - Building 2,,Planned,Planned,Publicly tracked data-center facility,60.0,60 MW,4.0,"Douglas, GA",33.7438,-84.60272,Public tracker coordinates,Sequoyah,TN,106.2,2441.0,Cleanview public U.S. data-center tracker,https://cleanview.co/data-centers/us,Individual facility or project from Cleanview's public geocoded U.S. data-center inventory.
Chirisa Technology Parks: CTP-02,,Operating,Operating,Publicly tracked data-center facility,60.0,60 MW,4.0,"Chesterfield, VA",37.36057,-77.32572,Public tracker coordinates,Surry,VA,37.0,1695.0,Cleanview public U.S. data-center tracker,https://cleanview.co/data-centers/us,Individual facility or project from Cleanview's public geocoded U.S. data-center inventory.
Stack NVA02B,,Operating,Operating,Publicly tracked data-center facility,59.6,60 MW,4.0,"Prince William, VA",38.74413422,-77.53330418,Public tracker coordinates,North Anna,VA,49.3,1959.4,Cleanview public U.S. data-center tracker,https://cleanview.co/data-centers/us,Individual facility or project from Cleanview's public geocoded U.S. data-center inventory.
AWS IAD-131 Freedom Center,,Operating,Operating,Publicly tracked data-center facility,59.5,60 MW,4.0,"Prince William, VA",38.7609665,-77.51844836,Public tracker coordinates,North Anna,VA,50.6,1959.4,Cleanview public U.S. data-center tracker,https://cleanview.co/data-centers/us,Individual facility or project from Cleanview's public geocoded U.S. data-center inventory.
AWS IAD-119 Charles View,,Operating,Operating,Publicly tracked data-center facility,59.5,60 MW,4.0,"Loudoun, VA",39.0169314,-77.4393886,Public tracker coordinates,Calvert Cliffs Nuclear Power Plant,MD,67.2,1850.4,Cleanview public U.S. data-center tracker,https://cleanview.co/data-centers/us,Individual facility or project from Cleanview's public geocoded U.S. data-center inventory.
CyrusOne NVA14,,Operating,Operating,Publicly tracked data-center facility,59.3,59 MW,4.0,"Loudoun, VA",39.019601,-77.450121,Public tracker coordinates,Calvert Cliffs Nuclear Power Plant,MD,67.7,1850.4,Cleanview public U.S. data-center tracker,https://cleanview.co/data-centers/us,Individual facility or project from Cleanview's public geocoded U.S. data-center inventory.
AWS IAD-50 Smith Switch,,Operating,Operating,Publicly tracked data-center facility,59.3,59 MW,4.0,"Loudoun, VA",39.02956155,-77.4596546,Public tracker coordinates,Calvert Cliffs Nuclear Power Plant,MD,68.6,1850.4,Cleanview public U.S. data-center tracker,https://cleanview.co/data-centers/us,Individual facility or project from Cleanview's public geocoded U.S. data-center inventory.
Papillion - Building 1,,Operating,Operating,Publicly tracked data-center facility,59.2,59 MW,4.0,"Sarpy, NE",41.13497,-96.14673,Public tracker coordinates,Cooper Nuclear Station,NE,59.6,801.0,Cleanview public U.S. data-center tracker,https://cleanview.co/data-centers/us,Individual facility or project from Cleanview's public geocoded U.S. data-center inventory.
Microsoft MNZ02,,Planned,Planned,Publicly tracked data-center facility,58.9,59 MW,4.0,"Prince William, VA",38.79897201897513,-77.53499920725051,Public tracker coordinates,North Anna,VA,52.9,1959.4,Cleanview public U.S. data-center tracker,https://cleanview.co/data-centers/us,Individual facility or project from Cleanview's public geocoded U.S. data-center inventory.
Microsoft LVL10,,Operating,Operating,Publicly tracked data-center facility,58.9,59 MW,4.0,"Mecklenburg, VA",36.695567,-78.365004,Public tracker coordinates,Harris (NC),NC,80.4,950.9,Cleanview public U.S. data-center tracker,https://cleanview.co/data-centers/us,Individual facility or project from Cleanview's public geocoded U.S. data-center inventory.
Microsoft LVL11,,Operating,Operating,Publicly tracked data-center facility,58.9,59 MW,4.0,"Mecklenburg, VA",36.69606,-78.363934,Public tracker coordinates,Harris (NC),NC,80.5,950.9,Cleanview public U.S. data-center tracker,https://cleanview.co/data-centers/us,Individual facility or project from Cleanview's public geocoded U.S. data-center inventory.
Microsoft LVL13,,Planned,Planned,Publicly tracked data-center facility,58.9,59 MW,4.0,"Mecklenburg, VA",36.698504,-78.357701,Public tracker coordinates,Harris (NC),NC,80.8,950.9,Cleanview public U.S. data-center tracker,https://cleanview.co/data-centers/us,Individual facility or project from Cleanview's public geocoded U.S. data-center inventory.
Microsoft LVL12,,Planned,Planned,Publicly tracked data-center facility,58.9,59 MW,4.0,"Mecklenburg, VA",36.697337,-78.356814,Public tracker coordinates,Harris (NC),NC,80.7,950.9,Cleanview public U.S. data-center tracker,https://cleanview.co/data-centers/us,Individual facility or project from Cleanview's public geocoded U.S. data-center inventory.
Microsoft University Boulevard - Building 5,,Planned,Planned,Publicly tracked data-center facility,58.9,59 MW,4.0,"Prince William, VA",38.79376,-77.5799,Public tracker coordinates,North Anna,VA,52.0,1959.4,Cleanview public U.S. data-center tracker,https://cleanview.co/data-centers/us,Individual facility or project from Cleanview's public geocoded U.S. data-center inventory.
Microsoft University Boulevard - Building 4,,Planned,Planned,Publicly tracked data-center facility,58.9,59 MW,4.0,"Prince William, VA",38.79407,-77.58096,Public tracker coordinates,North Anna,VA,52.0,1959.4,Cleanview public U.S. data-center tracker,https://cleanview.co/data-centers/us,Individual facility or project from Cleanview's public geocoded U.S. data-center inventory.
Microsoft LVL08,,Operating,Operating,Publicly tracked data-center facility,58.9,59 MW,4.0,"Mecklenburg, VA",36.692411,-78.366209,Public tracker coordinates,Harris (NC),NC,80.2,950.9,Cleanview public U.S. data-center tracker,https://cleanview.co/data-centers/us,Individual facility or project from Cleanview's public geocoded U.S. data-center inventory.
Microsoft University Boulevard - Building 3,,Planned,Planned,Publicly tracked data-center facility,58.9,59 MW,4.0,"Prince William, VA",38.79444,-77.58221,Public tracker coordinates,North Anna,VA,52.0,1959.4,Cleanview public U.S. data-center tracker,https://cleanview.co/data-centers/us,Individual facility or project from Cleanview's public geocoded U.S. data-center inventory.
Microsoft University Boulevard - Building 2,,Planned,Planned,Publicly tracked data-center facility,58.9,59 MW,4.0,"Prince William, VA",38.79478,-77.5833,Public tracker coordinates,North Anna,VA,52.0,1959.4,Cleanview public U.S. data-center tracker,https://cleanview.co/data-centers/us,Individual facility or project from Cleanview's public geocoded U.S. data-center inventory.
Microsoft AVC43-1,,Operating,Operating,Publicly tracked data-center facility,58.9,59 MW,4.0,"Mecklenburg, VA",36.704541,-78.128596,Public tracker coordinates,Surry,VA,85.2,1695.0,Cleanview public U.S. data-center tracker,https://cleanview.co/data-centers/us,Individual facility or project from Cleanview's public geocoded U.S. data-center inventory.
Microsoft AVC43-2,,Planned,Planned,Publicly tracked data-center facility,58.9,59 MW,4.0,"Mecklenburg, VA",36.70134,-78.12511,Public tracker coordinates,Surry,VA,85.1,1695.0,Cleanview public U.S. data-center tracker,https://cleanview.co/data-centers/us,Individual facility or project from Cleanview's public geocoded U.S. data-center inventory.
Microsoft University Boulevard - Building 1,,Planned,Planned,Publicly tracked data-center facility,58.9,59 MW,4.0,"Prince William, VA",38.79519,-77.58473,Public tracker coordinates,North Anna,VA,52.0,1959.4,Cleanview public U.S. data-center tracker,https://cleanview.co/data-centers/us,Individual facility or project from Cleanview's public geocoded U.S. data-center inventory.
Microsoft LVL09,,Operating,Operating,Publicly tracked data-center facility,58.9,59 MW,4.0,"Mecklenburg, VA",36.695056,-78.366141,Public tracker coordinates,Harris (NC),NC,80.4,950.9,Cleanview public U.S. data-center tracker,https://cleanview.co/data-centers/us,Individual facility or project from Cleanview's public geocoded U.S. data-center inventory.
Microsoft MNZ01,,Planned,Planned,Publicly tracked data-center facility,58.9,59 MW,4.0,"Prince William, VA",38.79855544241973,-77.53271713791467,Public tracker coordinates,North Anna,VA,52.9,1959.4,Cleanview public U.S. data-center tracker,https://cleanview.co/data-centers/us,Individual facility or project from Cleanview's public geocoded U.S. data-center inventory.
Microsoft MNZ03,,Planned,Planned,Publicly tracked data-center facility,58.9,59 MW,4.0,"Prince William, VA",38.779815056126935,-77.56921116718439,Public tracker coordinates,North Anna,VA,51.1,1959.4,Cleanview public U.S. data-center tracker,https://cleanview.co/data-centers/us,Individual facility or project from Cleanview's public geocoded U.S. data-center inventory.
Microsoft MNZ04,,Planned,Planned,Publicly tracked data-center facility,58.9,59 MW,4.0,"Prince William, VA",38.778696501609666,-77.56985995019619,Public tracker coordinates,North Anna,VA,51.1,1959.4,Cleanview public U.S. data-center tracker,https://cleanview.co/data-centers/us,Individual facility or project from Cleanview's public geocoded U.S. data-center inventory.
Microsoft MNZ05,,Planned,Planned,Publicly tracked data-center facility,58.9,59 MW,4.0,"Prince William, VA",38.77774149410254,-77.57027854795338,Public tracker coordinates,North Anna,VA,51.0,1959.4,Cleanview public U.S. data-center tracker,https://cleanview.co/data-centers/us,Individual facility or project from Cleanview's public geocoded U.S. data-center inventory.
Microsoft MNZ06,,Planned,Planned,Publicly tracked data-center facility,58.9,59 MW,4.0,"Prince William, VA",38.776848433170116,-77.57081875714839,Public tracker coordinates,North Anna,VA,50.9,1959.4,Cleanview public U.S. data-center tracker,https://cleanview.co/data-centers/us,Individual facility or project from Cleanview's public geocoded U.S. data-center inventory.
Microsoft University Boulevard - Building 6,,Planned,Planned,Publicly tracked data-center facility,58.9,59 MW,4.0,"Prince William, VA",38.79342,-77.5787,Public tracker coordinates,North Anna,VA,51.9,1959.4,Cleanview public U.S. data-center tracker,https://cleanview.co/data-centers/us,Individual facility or project from Cleanview's public geocoded U.S. data-center inventory.
Microsoft East Coast BN6,,Operating,Operating,Publicly tracked data-center facility,58.8,59 MW,4.0,"Mecklenburg, VA",36.68301,-78.3769,Public tracker coordinates,Harris (NC),NC,79.4,950.9,Cleanview public U.S. data-center tracker,https://cleanview.co/data-centers/us,Individual facility or project from Cleanview's public geocoded U.S. data-center inventory.
Stack Infrastructure POR03E,,Planned,Planned,Publicly tracked data-center facility,58.8,59 MW,4.0,"Washington, OR",45.5518,-122.9398,Public tracker coordinates,Columbia Generating Station,WA,184.3,1200.0,Cleanview public U.S. data-center tracker,https://cleanview.co/data-centers/us,Individual facility or project from Cleanview's public geocoded U.S. data-center inventory.
H5 Ashburn,,Operating,Operating,Publicly tracked data-center facility,58.8,59 MW,4.0,"Loudoun, VA",39.0136782,-77.4517194,Public tracker coordinates,Calvert Cliffs Nuclear Power Plant,MD,67.6,1850.4,Cleanview public U.S. data-center tracker,https://cleanview.co/data-centers/us,Individual facility or project from Cleanview's public geocoded U.S. data-center inventory.
Digital Realty IAD73,,Operating,Operating,Publicly tracked data-center facility,58.4,58 MW,4.0,"Loudoun, VA",39.006626,-77.466409,Public tracker coordinates,North Anna,VA,67.7,1959.4,Cleanview public U.S. data-center tracker,https://cleanview.co/data-centers/us,Individual facility or project from Cleanview's public geocoded U.S. data-center inventory.
AWS IAD-76 Randolph Dr,,Operating,Operating,Publicly tracked data-center facility,58.2,58 MW,4.0,"Loudoun, VA",38.9937936,-77.45050905,Public tracker coordinates,Calvert Cliffs Nuclear Power Plant,MD,66.7,1850.4,Cleanview public U.S. data-center tracker,https://cleanview.co/data-centers/us,Individual facility or project from Cleanview's public geocoded U.S. data-center inventory.
Google Pryor - Building 8,,Operating,Operating,Publicly tracked data-center facility,57.9,58 MW,4.0,"Mayes, OK",36.2473964,-95.3272903,Public tracker coordinates,Arkansas Nuclear One,AR,133.9,1845.0,Cleanview public U.S. data-center tracker,https://cleanview.co/data-centers/us,Individual facility or project from Cleanview's public geocoded U.S. data-center inventory.
Vantage VA16,,Planned,Planned,Publicly tracked data-center facility,57.8,58 MW,4.0,"Loudoun, VA",38.998468,-77.441165,Public tracker coordinates,Calvert Cliffs Nuclear Power Plant,MD,66.5,1850.4,Cleanview public U.S. data-center tracker,https://cleanview.co/data-centers/us,Individual facility or project from Cleanview's public geocoded U.S. data-center inventory.
AWS Houchard Road Building 5,,Operating,Operating,Publicly tracked data-center facility,57.5,58 MW,4.0,"Franklin, OH",40.099786,-83.19926,Public tracker coordinates,Davis Besse,OH,103.6,925.2,Cleanview public U.S. data-center tracker,https://cleanview.co/data-centers/us,Individual facility or project from Cleanview's public geocoded U.S. data-center inventory.
AWS IAD-215,,Planned,Planned,Publicly tracked data-center facility,57.2,57 MW,4.0,"Loudoun, VA",39.018639,-77.475737,Public tracker coordinates,North Anna,VA,68.4,1959.4,Cleanview public U.S. data-center tracker,https://cleanview.co/data-centers/us,Individual facility or project from Cleanview's public geocoded U.S. data-center inventory.
Microsoft MWH 08,,Operating,Operating,Publicly tracked data-center facility,57.0,57 MW,4.0,"Grant County, WA",47.2367,-119.8833,Public tracker coordinates,Columbia Generating Station,WA,58.9,1200.0,Cleanview public U.S. data-center tracker,https://cleanview.co/data-centers/us,Individual facility or project from Cleanview's public geocoded U.S. data-center inventory.
Microsoft MWH 09,,Operating,Operating,Publicly tracked data-center facility,57.0,57 MW,4.0,"Grant County, WA",47.237097,-119.895155,Public tracker coordinates,Columbia Generating Station,WA,59.2,1200.0,Cleanview public U.S. data-center tracker,https://cleanview.co/data-centers/us,Individual facility or project from Cleanview's public geocoded U.S. data-center inventory.
Microsoft CLT08,,Planned,Planned,Publicly tracked data-center facility,57.0,57 MW,4.0,"Catawba County, NC",35.734722,-81.207934,Public tracker coordinates,McGuire,NC,25.4,2440.6,Cleanview public U.S. data-center tracker,https://cleanview.co/data-centers/us,Individual facility or project from Cleanview's public geocoded U.S. data-center inventory.
Microsoft EAT04,,Operating,Operating,Publicly tracked data-center facility,57.0,57 MW,4.0,"Douglas County, WA",47.4196,-120.2138,Public tracker coordinates,Columbia Generating Station,WA,77.6,1200.0,Cleanview public U.S. data-center tracker,https://cleanview.co/data-centers/us,Individual facility or project from Cleanview's public geocoded U.S. data-center inventory.
Microsoft SAT82,,Planned,Planned,Publicly tracked data-center facility,57.0,57 MW,4.0,"Medina, TX",29.426681,-98.8765358,Public tracker coordinates,South Texas Project,TX,176.2,2708.6,Cleanview public U.S. data-center tracker,https://cleanview.co/data-centers/us,Individual facility or project from Cleanview's public geocoded U.S. data-center inventory.
Microsoft Ruthenium - Building 1,,Planned,Planned,Publicly tracked data-center facility,57.0,57 MW,4.0,"Madison, IA",41.49876,-93.8047,Public tracker coordinates,Cooper Nuclear Station,NE,123.9,801.0,Cleanview public U.S. data-center tracker,https://cleanview.co/data-centers/us,Individual facility or project from Cleanview's public geocoded U.S. data-center inventory.
Microsoft EAT12,,Operating,Operating,Publicly tracked data-center facility,57.0,57 MW,4.0,"Chelan County, WA",47.3574,-120.1595,Public tracker coordinates,Columbia Generating Station,WA,72.6,1200.0,Cleanview public U.S. data-center tracker,https://cleanview.co/data-centers/us,Individual facility or project from Cleanview's public geocoded U.S. data-center inventory.
Microsoft Osmium - Building 2,,Operating,Operating,Publicly tracked data-center facility,57.0,57 MW,4.0,"Warren, IA",41.497913,-93.7868884,Public tracker coordinates,Cooper Nuclear Station,NE,124.6,801.0,Cleanview public U.S. data-center tracker,https://cleanview.co/data-centers/us,Individual facility or project from Cleanview's public geocoded U.S. data-center inventory.
Equinix DC16,,Operating,Operating,Publicly tracked data-center facility,57.0,57 MW,4.0,"Loudoun, VA",39.024257,-77.452327,Public tracker coordinates,Calvert Cliffs Nuclear Power Plant,MD,68.0,1850.4,Cleanview public U.S. data-center tracker,https://cleanview.co/data-centers/us,Individual facility or project from Cleanview's public geocoded U.S. data-center inventory.
Microsoft CCO06 - Building 5,,Planned,Planned,Publicly tracked data-center facility,57.0,57 MW,4.0,"Fulton County, GA",33.526192,-84.629103,Public tracker coordinates,Sequoyah,TN,120.4,2441.0,Cleanview public U.S. data-center tracker,https://cleanview.co/data-centers/us,Individual facility or project from Cleanview's public geocoded U.S. data-center inventory.
Microsoft CCO06 - Building 4,,Planned,Planned,Publicly tracked data-center facility,57.0,57 MW,4.0,"Fulton County, GA",33.526192,-84.628067,Public tracker coordinates,Sequoyah,TN,120.4,2441.0,Cleanview public U.S. data-center tracker,https://cleanview.co/data-centers/us,Individual facility or project from Cleanview's public geocoded U.S. data-center inventory.
Microsoft CCO06 - Building 3,,Planned,Planned,Publicly tracked data-center facility,57.0,57 MW,4.0,"Fulton County, GA",33.526137,-84.626707,Public tracker coordinates,Sequoyah,TN,120.5,2441.0,Cleanview public U.S. data-center tracker,https://cleanview.co/data-centers/us,Individual facility or project from Cleanview's public geocoded U.S. data-center inventory.
Microsoft CLT14,,Planned,Planned,Publicly tracked data-center facility,57.0,57 MW,4.0,"Catawba County, NC",35.597921,-81.228806,Public tracker coordinates,McGuire,NC,19.4,2440.6,Cleanview public U.S. data-center tracker,https://cleanview.co/data-centers/us,Individual facility or project from Cleanview's public geocoded U.S. data-center inventory.
Microsoft CLT13,,Planned,Planned,Publicly tracked data-center facility,57.0,57 MW,4.0,"Catawba County, NC",35.598207,-81.230038,Public tracker coordinates,McGuire,NC,19.5,2440.6,Cleanview public U.S. data-center tracker,https://cleanview.co/data-centers/us,Individual facility or project from Cleanview's public geocoded U.S. data-center inventory.
Microsoft Leesburg - Building 4,,Operating,Operating,Publicly tracked data-center facility,57.0,57 MW,4.0,"Loudoun, VA",39.069467,-77.559348,Public tracker coordinates,North Anna,VA,70.8,1959.4,Cleanview public U.S. data-center tracker,https://cleanview.co/data-centers/us,Individual facility or project from Cleanview's public geocoded U.S. data-center inventory.
Microsoft Leesburg - Building 3,,Operating,Operating,Publicly tracked data-center facility,57.0,57 MW,4.0,"Loudoun, VA",39.06954,-77.560774,Public tracker coordinates,North Anna,VA,70.8,1959.4,Cleanview public U.S. data-center tracker,https://cleanview.co/data-centers/us,Individual facility or project from Cleanview's public geocoded U.S. data-center inventory.
Microsoft Ginger West - Building 5,,Planned,Planned,Publicly tracked data-center facility,57.0,57 MW,4.0,"Dallas, IA",41.5306864,-93.8631836,Public tracker coordinates,Cooper Nuclear Station,NE,122.9,801.0,Cleanview public U.S. data-center tracker,https://cleanview.co/data-centers/us,Individual facility or project from Cleanview's public geocoded U.S. data-center inventory.
Microsoft Osmium - Building 1,,Operating,Operating,Publicly tracked data-center facility,57.0,57 MW,4.0,"Warren, IA",41.4989588,-93.7868772,Public tracker coordinates,Cooper Nuclear Station,NE,124.6,801.0,Cleanview public U.S. data-center tracker,https://cleanview.co/data-centers/us,Individual facility or project from Cleanview's public geocoded U.S. data-center inventory.
Microsoft AVC01,,Operating,Operating,Publicly tracked data-center facility,57.0,57 MW,4.0,"Mecklenburg, VA",36.742391,-78.10385,Public tracker coordinates,Surry,VA,82.9,1695.0,Cleanview public U.S. data-center tracker,https://cleanview.co/data-centers/us,Individual facility or project from Cleanview's public geocoded U.S. data-center inventory.
Microsoft AVC02,,Planned,Planned,Publicly tracked data-center facility,57.0,57 MW,4.0,"Mecklenburg, VA",36.742116,-78.102535,Public tracker coordinates,Surry,VA,82.9,1695.0,Cleanview public U.S. data-center tracker,https://cleanview.co/data-centers/us,Individual facility or project from Cleanview's public geocoded U.S. data-center inventory.
Microsoft Ginger West - Building 2,,Operating,Operating,Publicly tracked data-center facility,57.0,57 MW,4.0,"Dallas, IA",41.5339234,-93.8633525,Public tracker coordinates,Cooper Nuclear Station,NE,123.1,801.0,Cleanview public U.S. data-center tracker,https://cleanview.co/data-centers/us,Individual facility or project from Cleanview's public geocoded U.S. data-center inventory.
Microsoft AVC03,,Planned,Planned,Publicly tracked data-center facility,57.0,57 MW,4.0,"Mecklenburg, VA",36.741581,-78.101353,Public tracker coordinates,Surry,VA,82.8,1695.0,Cleanview public U.S. data-center tracker,https://cleanview.co/data-centers/us,Individual facility or project from Cleanview's public geocoded U.S. data-center inventory.
Microsoft AVC11,,Planned,Planned,Publicly tracked data-center facility,57.0,57 MW,4.0,"Mecklenburg, VA",36.70853,-78.067049,Public tracker coordinates,Surry,VA,81.9,1695.0,Cleanview public U.S. data-center tracker,https://cleanview.co/data-centers/us,Individual facility or project from Cleanview's public geocoded U.S. data-center inventory.
Microsoft Osmium - Building 4,,Operating,Operating,Publicly tracked data-center facility,57.0,57 MW,4.0,"Warren, IA",41.4958128,-93.7869109,Public tracker coordinates,Cooper Nuclear Station,NE,124.5,801.0,Cleanview public U.S. data-center tracker,https://cleanview.co/data-centers/us,Individual facility or project from Cleanview's public geocoded U.S. data-center inventory.
Microsoft PHX-80,,Operating,Operating,Publicly tracked data-center facility,57.0,57 MW,4.0,"Maricopa County, AZ",33.5641736,-112.3384023,Public tracker coordinates,Palo Verde,AZ,32.5,4209.6,Cleanview public U.S. data-center tracker,https://cleanview.co/data-centers/us,Individual facility or project from Cleanview's public geocoded U.S. data-center inventory.
Microsoft Ginger East - Building 4,,Operating,Operating,Publicly tracked data-center facility,57.0,57 MW,4.0,"Polk, IA",41.513876,-93.721218,Public tracker coordinates,Cooper Nuclear Station,NE,127.9,801.0,Cleanview public U.S. data-center tracker,https://cleanview.co/data-centers/us,Individual facility or project from Cleanview's public geocoded U.S. data-center inventory.
Microsoft Ginger West - Building 1,,Operating,Operating,Publicly tracked data-center facility,57.0,57 MW,4.0,"Dallas, IA",41.5350193,-93.8632737,Public tracker coordinates,Cooper Nuclear Station,NE,123.1,801.0,Cleanview public U.S. data-center tracker,https://cleanview.co/data-centers/us,Individual facility or project from Cleanview's public geocoded U.S. data-center inventory.
Microsoft Osmium - Building 3,,Operating,Operating,Publicly tracked data-center facility,57.0,57 MW,4.0,"Warren, IA",41.4969009,-93.7868997,Public tracker coordinates,Cooper Nuclear Station,NE,124.5,801.0,Cleanview public U.S. data-center tracker,https://cleanview.co/data-centers/us,Individual facility or project from Cleanview's public geocoded U.S. data-center inventory.
Microsoft CLT19,,Planned,Planned,Publicly tracked data-center facility,57.0,57 MW,4.0,"Catawba County, NC",35.620086,-81.316541,Public tracker coordinates,McGuire,NC,24.4,2440.6,Cleanview public U.S. data-center tracker,https://cleanview.co/data-centers/us,Individual facility or project from Cleanview's public geocoded U.S. data-center inventory.
Microsoft CLT11,,Planned,Planned,Publicly tracked data-center facility,57.0,57 MW,4.0,"Catawba County, NC",35.59186,-81.230948,Public tracker coordinates,McGuire,NC,19.3,2440.6,Cleanview public U.S. data-center tracker,https://cleanview.co/data-centers/us,Individual facility or project from Cleanview's public geocoded U.S. data-center inventory.
Microsoft CLT12,,Planned,Planned,Publicly tracked data-center facility,57.0,57 MW,4.0,"Catawba County, NC",35.592743,-81.230273,Public tracker coordinates,McGuire,NC,19.3,2440.6,Cleanview public U.S. data-center tracker,https://cleanview.co/data-centers/us,Individual facility or project from Cleanview's public geocoded U.S. data-center inventory.
Microsoft AVC18,,Operating,Operating,Publicly tracked data-center facility,57.0,57 MW,4.0,"Mecklenburg, VA",36.629835,-78.517827,Public tracker coordinates,Harris (NC),NC,73.1,950.9,Cleanview public U.S. data-center tracker,https://cleanview.co/data-centers/us,Individual facility or project from Cleanview's public geocoded U.S. data-center inventory.
Microsoft SAT81,,Planned,Planned,Publicly tracked data-center facility,57.0,57 MW,4.0,"Medina, TX",29.4279671,-98.8765843,Public tracker coordinates,South Texas Project,TX,176.2,2708.6,Cleanview public U.S. data-center tracker,https://cleanview.co/data-centers/us,Individual facility or project from Cleanview's public geocoded U.S. data-center inventory.
Microsoft LYH10,,Operating,Operating,Publicly tracked data-center facility,57.0,57 MW,4.0,"Mecklenburg, VA",36.68952,-78.3484,Public tracker coordinates,Harris (NC),NC,80.4,950.9,Cleanview public U.S. data-center tracker,https://cleanview.co/data-centers/us,Individual facility or project from Cleanview's public geocoded U.S. data-center inventory.
Microsoft SAT94,,Planned,Planned,Publicly tracked data-center facility,57.0,57 MW,4.0,"Medina, TX",29.44691,-98.821051,Public tracker coordinates,South Texas Project,TX,173.3,2708.6,Cleanview public U.S. data-center tracker,https://cleanview.co/data-centers/us,Individual facility or project from Cleanview's public geocoded U.S. data-center inventory.
Microsoft CLT10,,Planned,Planned,Publicly tracked data-center facility,57.0,57 MW,4.0,"Catawba County, NC",35.590834,-81.231564,Public tracker coordinates,McGuire,NC,19.3,2440.6,Cleanview public U.S. data-center tracker,https://cleanview.co/data-centers/us,Individual facility or project from Cleanview's public geocoded U.S. data-center inventory.
Microsoft FTY01 - Building 4,,Planned,Planned,Publicly tracked data-center facility,57.0,57 MW,4.0,"Douglas County, GA",33.732012,-84.62153,Public tracker coordinates,Sequoyah,TN,106.7,2441.0,Cleanview public U.S. data-center tracker,https://cleanview.co/data-centers/us,Individual facility or project from Cleanview's public geocoded U.S. data-center inventory.
Microsoft FTY01 - Building 3,,Planned,Planned,Publicly tracked data-center facility,57.0,57 MW,4.0,"Douglas County, GA",33.732953,-84.621389,Public tracker coordinates,Sequoyah,TN,106.6,2441.0,Cleanview public U.S. data-center tracker,https://cleanview.co/data-centers/us,Individual facility or project from Cleanview's public geocoded U.S. data-center inventory.
Microsoft FTY01 - Building 1,,Operating,Operating,Publicly tracked data-center facility,57.0,57 MW,4.0,"Douglas County, GA",33.729913,-84.623257,Public tracker coordinates,Sequoyah,TN,106.8,2441.0,Cleanview public U.S. data-center tracker,https://cleanview.co/data-centers/us,Individual facility or project from Cleanview's public geocoded U.S. data-center inventory.
Microsoft ATL06 - Building 2,,Planned,Planned,Publicly tracked data-center facility,57.0,57 MW,4.0,"Fulton County, GA",33.6401654,-84.5182376,Public tracker coordinates,Sequoyah,TN,114.4,2441.0,Cleanview public U.S. data-center tracker,https://cleanview.co/data-centers/us,Individual facility or project from Cleanview's public geocoded U.S. data-center inventory.
Microsoft ATL06 - Building 1,,Operating,Operating,Publicly tracked data-center facility,57.0,57 MW,4.0,"Fulton County, GA",33.6391089,-84.5170544,Public tracker coordinates,Sequoyah,TN,114.5,2441.0,Cleanview public U.S. data-center tracker,https://cleanview.co/data-centers/us,Individual facility or project from Cleanview's public geocoded U.S. data-center inventory.
Microsoft SAT93,,Planned,Planned,Publicly tracked data-center facility,57.0,57 MW,4.0,"Medina, TX",29.447103,-98.824062,Public tracker coordinates,South Texas Project,TX,173.5,2708.6,Cleanview public U.S. data-center tracker,https://cleanview.co/data-centers/us,Individual facility or project from Cleanview's public geocoded U.S. data-center inventory.
Microsoft FTY01 - Building 2,,Operating,Operating,Publicly tracked data-center facility,57.0,57 MW,4.0,"Douglas County, GA",33.730873,-84.622768,Public tracker coordinates,Sequoyah,TN,106.7,2441.0,Cleanview public U.S. data-center tracker,https://cleanview.co/data-centers/us,Individual facility or project from Cleanview's public geocoded U.S. data-center inventory.
Microsoft CCO06 - Building 1,,Operating,Operating,Publicly tracked data-center facility,57.0,57 MW,4.0,"Fulton County, GA",33.522455,-84.62789,Public tracker coordinates,Sequoyah,TN,120.7,2441.0,Cleanview public U.S. data-center tracker,https://cleanview.co/data-centers/us,Individual facility or project from Cleanview's public geocoded U.S. data-center inventory.
Microsoft Ruthenium - Building 2,,Planned,Planned,Publicly tracked data-center facility,57.0,57 MW,4.0,"Madison, IA",41.49876,-93.8031,Public tracker coordinates,Cooper Nuclear Station,NE,123.9,801.0,Cleanview public U.S. data-center tracker,https://cleanview.co/data-centers/us,Individual facility or project from Cleanview's public geocoded U.S. data-center inventory.
Microsoft PHX-83,,Planned,Planned,Publicly tracked data-center facility,57.0,57 MW,4.0,"Maricopa County, AZ",33.5601435,-112.3382603,Public tracker coordinates,Palo Verde,AZ,32.4,4209.6,Cleanview public U.S. data-center tracker,https://cleanview.co/data-centers/us,Individual facility or project from Cleanview's public geocoded U.S. data-center inventory.
Microsoft PHX-82,,Operating,Operating,Publicly tracked data-center facility,57.0,57 MW,4.0,"Maricopa County, AZ",33.5614382,-112.3383187,Public tracker coordinates,Palo Verde,AZ,32.5,4209.6,Cleanview public U.S. data-center tracker,https://cleanview.co/data-centers/us,Individual facility or project from Cleanview's public geocoded U.S. data-center inventory.
Microsoft PHX-81,,Operating,Operating,Publicly tracked data-center facility,57.0,57 MW,4.0,"Maricopa County, AZ",33.5625309,-112.338277,Public tracker coordinates,Palo Verde,AZ,32.5,4209.6,Cleanview public U.S. data-center tracker,https://cleanview.co/data-centers/us,Individual facility or project from Cleanview's public geocoded U.S. data-center inventory.
Microsoft Ginger East - Building 3,,Operating,Operating,Publicly tracked data-center facility,57.0,57 MW,4.0,"Polk, IA",41.514871,-93.720745,Public tracker coordinates,Cooper Nuclear Station,NE,128.0,801.0,Cleanview public U.S. data-center tracker,https://cleanview.co/data-centers/us,Individual facility or project from Cleanview's public geocoded U.S. data-center inventory.
Microsoft EAT03,,Operating,Operating,Publicly tracked data-center facility,57.0,57 MW,4.0,"Douglas County, WA",47.4183,-120.2077,Public tracker coordinates,Columbia Generating Station,WA,77.3,1200.0,Cleanview public U.S. data-center tracker,https://cleanview.co/data-centers/us,Individual facility or project from Cleanview's public geocoded U.S. data-center inventory.
Microsoft AVC17,,Operating,Operating,Publicly tracked data-center facility,57.0,57 MW,4.0,"Mecklenburg, VA",36.628837,-78.518159,Public tracker coordinates,Harris (NC),NC,73.0,950.9,Cleanview public U.S. data-center tracker,https://cleanview.co/data-centers/us,Individual facility or project from Cleanview's public geocoded U.S. data-center inventory.
Microsoft Osmium - Building 5,,Operating,Operating,Publicly tracked data-center facility,57.0,57 MW,4.0,"Warren, IA",41.4947585,-93.7868659,Public tracker coordinates,Cooper Nuclear Station,NE,124.4,801.0,Cleanview public U.S. data-center tracker,https://cleanview.co/data-centers/us,Individual facility or project from Cleanview's public geocoded U.S. data-center inventory.
Microsoft SAT80,,Operating,Operating,Publicly tracked data-center facility,57.0,57 MW,4.0,"Medina, TX",29.4292049,-98.8766467,Public tracker coordinates,South Texas Project,TX,176.3,2708.6,Cleanview public U.S. data-center tracker,https://cleanview.co/data-centers/us,Individual facility or project from Cleanview's public geocoded U.S. data-center inventory.
Microsoft EAT14,,Planned,Planned,Publicly tracked data-center facility,57.0,57 MW,4.0,"Chelan County, WA",47.3595,-120.1601,Public tracker coordinates,Columbia Generating Station,WA,72.7,1200.0,Cleanview public U.S. data-center tracker,https://cleanview.co/data-centers/us,Individual facility or project from Cleanview's public geocoded U.S. data-center inventory.
Microsoft Leesburg - Building 5,,Operating,Operating,Publicly tracked data-center facility,57.0,57 MW,4.0,"Loudoun, VA",39.065924,-77.558619,Public tracker coordinates,North Anna,VA,70.6,1959.4,Cleanview public U.S. data-center tracker,https://cleanview.co/data-centers/us,Individual facility or project from Cleanview's public geocoded U.S. data-center inventory.
Microsoft PHX-16,,Planned,Planned,Publicly tracked data-center facility,57.0,57 MW,4.0,"Maricopa County, AZ",33.415268,-112.364763,Public tracker coordinates,Palo Verde,AZ,28.7,4209.6,Cleanview public U.S. data-center tracker,https://cleanview.co/data-centers/us,Individual facility or project from Cleanview's public geocoded U.S. data-center inventory.
Microsoft EAT09,,Planned,Planned,Publicly tracked data-center facility,57.0,57 MW,4.0,"Douglas County, WA",47.415735,-120.207081,Public tracker coordinates,Columbia Generating Station,WA,77.2,1200.0,Cleanview public U.S. data-center tracker,https://cleanview.co/data-centers/us,Individual facility or project from Cleanview's public geocoded U.S. data-center inventory.
Microsoft PHX-15,,Planned,Planned,Publicly tracked data-center facility,57.0,57 MW,4.0,"Maricopa County, AZ",33.414104,-112.364747,Public tracker coordinates,Palo Verde,AZ,28.7,4209.6,Cleanview public U.S. data-center tracker,https://cleanview.co/data-centers/us,Individual facility or project from Cleanview's public geocoded U.S. data-center inventory.
Microsoft PHX-14,,Operating,Operating,Publicly tracked data-center facility,57.0,57 MW,4.0,"Maricopa County, AZ",33.412848,-112.364699,Public tracker coordinates,Palo Verde,AZ,28.7,4209.6,Cleanview public U.S. data-center tracker,https://cleanview.co/data-centers/us,Individual facility or project from Cleanview's public geocoded U.S. data-center inventory.
Microsoft PHX-13,,Operating,Operating,Publicly tracked data-center facility,57.0,57 MW,4.0,"Maricopa County, AZ",33.411565,-112.364715,Public tracker coordinates,Palo Verde,AZ,28.7,4209.6,Cleanview public U.S. data-center tracker,https://cleanview.co/data-centers/us,Individual facility or project from Cleanview's public geocoded U.S. data-center inventory.
Microsoft EAT13,,Planned,Planned,Publicly tracked data-center facility,57.0,57 MW,4.0,"Chelan County, WA",47.3584,-120.16,Public tracker coordinates,Columbia Generating Station,WA,72.7,1200.0,Cleanview public U.S. data-center tracker,https://cleanview.co/data-centers/us,Individual facility or project from Cleanview's public geocoded U.S. data-center inventory.
AWS IAD-130 Freedom Center,,Operating,Operating,Publicly tracked data-center facility,57.0,57 MW,4.0,"Prince William, VA",38.76021216,-77.51893972,Public tracker coordinates,North Anna,VA,50.6,1959.4,Cleanview public U.S. data-center tracker,https://cleanview.co/data-centers/us,Individual facility or project from Cleanview's public geocoded U.S. data-center inventory.
Microsoft PHX-12,,Operating,Operating,Publicly tracked data-center facility,57.0,57 MW,4.0,"Maricopa County, AZ",33.410255,-112.364763,Public tracker coordinates,Palo Verde,AZ,28.7,4209.6,Cleanview public U.S. data-center tracker,https://cleanview.co/data-centers/us,Individual facility or project from Cleanview's public geocoded U.S. data-center inventory.
Microsoft PHX-74,,Planned,Planned,Publicly tracked data-center facility,57.0,57 MW,4.0,"Maricopa County, AZ",33.48742,-112.440112,Public tracker coordinates,Palo Verde,AZ,25.3,4209.6,Cleanview public U.S. data-center tracker,https://cleanview.co/data-centers/us,Individual facility or project from Cleanview's public geocoded U.S. data-center inventory.
Microsoft PHX-73,,Planned,Planned,Publicly tracked data-center facility,57.0,57 MW,4.0,"Maricopa County, AZ",33.488488,-112.440164,Public tracker coordinates,Palo Verde,AZ,25.3,4209.6,Cleanview public U.S. data-center tracker,https://cleanview.co/data-centers/us,Individual facility or project from Cleanview's public geocoded U.S. data-center inventory.
Microsoft CLT07,,Planned,Planned,Publicly tracked data-center facility,57.0,57 MW,4.0,"Catawba County, NC",35.732792,-81.204297,Public tracker coordinates,McGuire,NC,25.2,2440.6,Cleanview public U.S. data-center tracker,https://cleanview.co/data-centers/us,Individual facility or project from Cleanview's public geocoded U.S. data-center inventory.
Microsoft PHX-10,,Operating,Operating,Publicly tracked data-center facility,57.0,57 MW,4.0,"Maricopa County, AZ",33.4079,-112.3648,Public tracker coordinates,Palo Verde,AZ,28.7,4209.6,Cleanview public U.S. data-center tracker,https://cleanview.co/data-centers/us,Individual facility or project from Cleanview's public geocoded U.S. data-center inventory.
Microsoft PHX-70,,Operating,Operating,Publicly tracked data-center facility,57.0,57 MW,4.0,"Maricopa County, AZ",33.49261,-112.438312,Public tracker coordinates,Palo Verde,AZ,25.5,4209.6,Cleanview public U.S. data-center tracker,https://cleanview.co/data-centers/us,Individual facility or project from Cleanview's public geocoded U.S. data-center inventory.
Microsoft PHX-71,,Operating,Operating,Publicly tracked data-center facility,57.0,57 MW,4.0,"Maricopa County, AZ",33.491513,-112.438359,Public tracker coordinates,Palo Verde,AZ,25.4,4209.6,Cleanview public U.S. data-center tracker,https://cleanview.co/data-centers/us,Individual facility or project from Cleanview's public geocoded U.S. data-center inventory.
Microsoft PHX-72,,Operating,Operating,Publicly tracked data-center facility,57.0,57 MW,4.0,"Maricopa County, AZ",33.490324,-112.438375,Public tracker coordinates,Palo Verde,AZ,25.4,4209.6,Cleanview public U.S. data-center tracker,https://cleanview.co/data-centers/us,Individual facility or project from Cleanview's public geocoded U.S. data-center inventory.
Microsoft LVL07,,Operating,Operating,Publicly tracked data-center facility,57.0,57 MW,4.0,"Mecklenburg, VA",36.663679,-78.362792,Public tracker coordinates,Harris (NC),NC,78.5,950.9,Cleanview public U.S. data-center tracker,https://cleanview.co/data-centers/us,Individual facility or project from Cleanview's public geocoded U.S. data-center inventory.
Microsoft PHX-11,,Operating,Operating,Publicly tracked data-center facility,57.0,57 MW,4.0,"Maricopa County, AZ",33.409,-112.3648,Public tracker coordinates,Palo Verde,AZ,28.7,4209.6,Cleanview public U.S. data-center tracker,https://cleanview.co/data-centers/us,Individual facility or project from Cleanview's public geocoded U.S. data-center inventory.
Microsoft Ginger East - Building 2,,Operating,Operating,Publicly tracked data-center facility,57.0,57 MW,4.0,"Polk, IA",41.515849,-93.720114,Public tracker coordinates,Cooper Nuclear Station,NE,128.0,801.0,Cleanview public U.S. data-center tracker,https://cleanview.co/data-centers/us,Individual facility or project from Cleanview's public geocoded U.S. data-center inventory.
Microsoft Van Meter - Building 6,,Planned,Planned,Publicly tracked data-center facility,57.0,57 MW,4.0,"Dallas, IA",41.5106,-93.9351,Public tracker coordinates,Cooper Nuclear Station,NE,119.2,801.0,Cleanview public U.S. data-center tracker,https://cleanview.co/data-centers/us,Individual facility or project from Cleanview's public geocoded U.S. data-center inventory.
Microsoft Van Meter - Building 5,,Planned,Planned,Publicly tracked data-center facility,57.0,57 MW,4.0,"Dallas, IA",41.5106,-93.9365,Public tracker coordinates,Cooper Nuclear Station,NE,119.2,801.0,Cleanview public U.S. data-center tracker,https://cleanview.co/data-centers/us,Individual facility or project from Cleanview's public geocoded U.S. data-center inventory.
Microsoft Van Meter - Building 4,,Planned,Planned,Publicly tracked data-center facility,57.0,57 MW,4.0,"Dallas, IA",41.5106,-93.9379,Public tracker coordinates,Cooper Nuclear Station,NE,119.1,801.0,Cleanview public U.S. data-center tracker,https://cleanview.co/data-centers/us,Individual facility or project from Cleanview's public geocoded U.S. data-center inventory.
Microsoft CLT06,,Planned,Planned,Publicly tracked data-center facility,57.0,57 MW,4.0,"Catawba County, NC",35.731995,-81.203236,Public tracker coordinates,McGuire,NC,25.1,2440.6,Cleanview public U.S. data-center tracker,https://cleanview.co/data-centers/us,Individual facility or project from Cleanview's public geocoded U.S. data-center inventory.
Microsoft CLT04,,Planned,Planned,Publicly tracked data-center facility,57.0,57 MW,4.0,"Catawba County, NC",35.733796,-81.199528,Public tracker coordinates,McGuire,NC,25.1,2440.6,Cleanview public U.S. data-center tracker,https://cleanview.co/data-centers/us,Individual facility or project from Cleanview's public geocoded U.S. data-center inventory.
Microsoft Ginger West - Building 6,,Planned,Planned,Publicly tracked data-center facility,57.0,57 MW,4.0,"Dallas, IA",41.5296495,-93.8632061,Public tracker coordinates,Cooper Nuclear Station,NE,122.9,801.0,Cleanview public U.S. data-center tracker,https://cleanview.co/data-centers/us,Individual facility or project from Cleanview's public geocoded U.S. data-center inventory.
Microsoft Van Meter - Building 3,,Planned,Planned,Publicly tracked data-center facility,57.0,57 MW,4.0,"Dallas, IA",41.5118,-93.9351,Public tracker coordinates,Cooper Nuclear Station,NE,119.3,801.0,Cleanview public U.S. data-center tracker,https://cleanview.co/data-centers/us,Individual facility or project from Cleanview's public geocoded U.S. data-center inventory.
Microsoft Van Meter - Building 2,,Planned,Planned,Publicly tracked data-center facility,57.0,57 MW,4.0,"Dallas, IA",41.5118,-93.9365,Public tracker coordinates,Cooper Nuclear Station,NE,119.2,801.0,Cleanview public U.S. data-center tracker,https://cleanview.co/data-centers/us,Individual facility or project from Cleanview's public geocoded U.S. data-center inventory.
Microsoft Ruthenium - Building 3,,Planned,Planned,Publicly tracked data-center facility,57.0,57 MW,4.0,"Madison, IA",41.49756,-93.8047,Public tracker coordinates,Cooper Nuclear Station,NE,123.8,801.0,Cleanview public U.S. data-center tracker,https://cleanview.co/data-centers/us,Individual facility or project from Cleanview's public geocoded U.S. data-center inventory.
Microsoft Ginger West - Building 3,,Operating,Operating,Publicly tracked data-center facility,57.0,57 MW,4.0,"Dallas, IA",41.5329203,-93.8633525,Public tracker coordinates,Cooper Nuclear Station,NE,123.0,801.0,Cleanview public U.S. data-center tracker,https://cleanview.co/data-centers/us,Individual facility or project from Cleanview's public geocoded U.S. data-center inventory.
Microsoft Van Meter - Building 9,,Planned,Planned,Publicly tracked data-center facility,57.0,57 MW,4.0,"Dallas, IA",41.5094,-93.9358,Public tracker coordinates,Cooper Nuclear Station,NE,119.1,801.0,Cleanview public U.S. data-center tracker,https://cleanview.co/data-centers/us,Individual facility or project from Cleanview's public geocoded U.S. data-center inventory.
Microsoft Van Meter - Building 7,,Planned,Planned,Publicly tracked data-center facility,57.0,57 MW,4.0,"Dallas, IA",41.5094,-93.9386,Public tracker coordinates,Cooper Nuclear Station,NE,119.0,801.0,Cleanview public U.S. data-center tracker,https://cleanview.co/data-centers/us,Individual facility or project from Cleanview's public geocoded U.S. data-center inventory.
Microsoft Van Meter - Building 10,,Planned,Planned,Publicly tracked data-center facility,57.0,57 MW,4.0,"Dallas, IA",41.5094,-93.9344,Public tracker coordinates,Cooper Nuclear Station,NE,119.2,801.0,Cleanview public U.S. data-center tracker,https://cleanview.co/data-centers/us,Individual facility or project from Cleanview's public geocoded U.S. data-center inventory.
Microsoft MWH 06,,Operating,Operating,Publicly tracked data-center facility,57.0,57 MW,4.0,"Grant County, WA",47.237632,-119.883219,Public tracker coordinates,Columbia Generating Station,WA,59.0,1200.0,Cleanview public U.S. data-center tracker,https://cleanview.co/data-centers/us,Individual facility or project from Cleanview's public geocoded U.S. data-center inventory.
Microsoft LYH03,,Planned,Planned,Publicly tracked data-center facility,57.0,57 MW,4.0,"Mecklenburg, VA",36.776208,-78.467966,Public tracker coordinates,Harris (NC),NC,83.5,950.9,Cleanview public U.S. data-center tracker,https://cleanview.co/data-centers/us,Individual facility or project from Cleanview's public geocoded U.S. data-center inventory.
Microsoft AVC09,,Operating,Operating,Publicly tracked data-center facility,57.0,57 MW,4.0,"Mecklenburg, VA",36.703387,-78.06713,Public tracker coordinates,Surry,VA,82.1,1695.0,Cleanview public U.S. data-center tracker,https://cleanview.co/data-centers/us,Individual facility or project from Cleanview's public geocoded U.S. data-center inventory.
Microsoft EAT02,,Operating,Operating,Publicly tracked data-center facility,57.0,57 MW,4.0,"Douglas County, WA",47.4169,-120.2077,Public tracker coordinates,Columbia Generating Station,WA,77.3,1200.0,Cleanview public U.S. data-center tracker,https://cleanview.co/data-centers/us,Individual facility or project from Cleanview's public geocoded U.S. data-center inventory.
Microsoft MWH 07,,Operating,Operating,Publicly tracked data-center facility,57.0,57 MW,4.0,"Grant County, WA",47.236737,-119.887432,Public tracker coordinates,Columbia Generating Station,WA,59.0,1200.0,Cleanview public U.S. data-center tracker,https://cleanview.co/data-centers/us,Individual facility or project from Cleanview's public geocoded U.S. data-center inventory.
Microsoft CLT18,,Planned,Planned,Publicly tracked data-center facility,57.0,57 MW,4.0,"Catawba County, NC",35.620717,-81.314545,Public tracker coordinates,McGuire,NC,24.3,2440.6,Cleanview public U.S. data-center tracker,https://cleanview.co/data-centers/us,Individual facility or project from Cleanview's public geocoded U.S. data-center inventory.
Microsoft SAT91,,Planned,Planned,Publicly tracked data-center facility,57.0,57 MW,4.0,"Medina, TX",29.35372,-98.938139,Public tracker coordinates,South Texas Project,TX,178.7,2708.6,Cleanview public U.S. data-center tracker,https://cleanview.co/data-centers/us,Individual facility or project from Cleanview's public geocoded U.S. data-center inventory.
Microsoft SAT89,,Planned,Planned,Publicly tracked data-center facility,57.0,57 MW,4.0,"Medina, TX",29.351399,-98.93806,Public tracker coordinates,South Texas Project,TX,178.7,2708.6,Cleanview public U.S. data-center tracker,https://cleanview.co/data-centers/us,Individual facility or project from Cleanview's public geocoded U.S. data-center inventory.
Microsoft Ginger East - Building 1,,Operating,Operating,Publicly tracked data-center facility,57.0,57 MW,4.0,"Polk, IA",41.516861,-93.719664,Public tracker coordinates,Cooper Nuclear Station,NE,128.1,801.0,Cleanview public U.S. data-center tracker,https://cleanview.co/data-centers/us,Individual facility or project from Cleanview's public geocoded U.S. data-center inventory.
Microsoft CLT17,,Planned,Planned,Publicly tracked data-center facility,57.0,57 MW,4.0,"Catawba County, NC",35.621309,-81.313436,Public tracker coordinates,McGuire,NC,24.3,2440.6,Cleanview public U.S. data-center tracker,https://cleanview.co/data-centers/us,Individual facility or project from Cleanview's public geocoded U.S. data-center inventory.
Microsoft Ruthenium - Building 4,,Planned,Planned,Publicly tracked data-center facility,57.0,57 MW,4.0,"Madison, IA",41.49756,-93.8031,Public tracker coordinates,Cooper Nuclear Station,NE,123.9,801.0,Cleanview public U.S. data-center tracker,https://cleanview.co/data-centers/us,Individual facility or project from Cleanview's public geocoded U.S. data-center inventory.
Microsoft LVL06,,Operating,Operating,Publicly tracked data-center facility,57.0,57 MW,4.0,"Mecklenburg, VA",36.663391,-78.361499,Public tracker coordinates,Harris (NC),NC,78.5,950.9,Cleanview public U.S. data-center tracker,https://cleanview.co/data-centers/us,Individual facility or project from Cleanview's public geocoded U.S. data-center inventory.
Microsoft CLT05,,Planned,Planned,Publicly tracked data-center facility,57.0,57 MW,4.0,"Catawba County, NC",35.734799,-81.200067,Public tracker coordinates,McGuire,NC,25.2,2440.6,Cleanview public U.S. data-center tracker,https://cleanview.co/data-centers/us,Individual facility or project from Cleanview's public geocoded U.S. data-center inventory.
Microsoft LVL05,,Operating,Operating,Publicly tracked data-center facility,57.0,57 MW,4.0,"Mecklenburg, VA",36.657014,-78.364277,Public tracker coordinates,Harris (NC),NC,78.0,950.9,Cleanview public U.S. data-center tracker,https://cleanview.co/data-centers/us,Individual facility or project from Cleanview's public geocoded U.S. data-center inventory.
Microsoft LVL01,,Operating,Operating,Publicly tracked data-center facility,57.0,57 MW,4.0,"Mecklenburg, VA",36.660106,-78.365738,Public tracker coordinates,Harris (NC),NC,78.2,950.9,Cleanview public U.S. data-center tracker,https://cleanview.co/data-centers/us,Individual facility or project from Cleanview's public geocoded U.S. data-center inventory.
Microsoft LVL02,,Operating,Operating,Publicly tracked data-center facility,57.0,57 MW,4.0,"Mecklenburg, VA",36.659588,-78.364588,Public tracker coordinates,Harris (NC),NC,78.2,950.9,Cleanview public U.S. data-center tracker,https://cleanview.co/data-centers/us,Individual facility or project from Cleanview's public geocoded U.S. data-center inventory.
Microsoft EAT06,,Planned,Planned,Publicly tracked data-center facility,57.0,57 MW,4.0,"Douglas County, WA",47.417301,-120.203563,Public tracker coordinates,Columbia Generating Station,WA,77.2,1200.0,Cleanview public U.S. data-center tracker,https://cleanview.co/data-centers/us,Individual facility or project from Cleanview's public geocoded U.S. data-center inventory.
Microsoft Van Meter - Building 8,,Planned,Planned,Publicly tracked data-center facility,57.0,57 MW,4.0,"Dallas, IA",41.5094,-93.9372,Public tracker coordinates,Cooper Nuclear Station,NE,119.1,801.0,Cleanview public U.S. data-center tracker,https://cleanview.co/data-centers/us,Individual facility or project from Cleanview's public geocoded U.S. data-center inventory.
Microsoft LVL04,,Operating,Operating,Publicly tracked data-center facility,57.0,57 MW,4.0,"Mecklenburg, VA",36.659213,-78.362038,Public tracker coordinates,Harris (NC),NC,78.2,950.9,Cleanview public U.S. data-center tracker,https://cleanview.co/data-centers/us,Individual facility or project from Cleanview's public geocoded U.S. data-center inventory.
Microsoft CLT21,,Planned,Planned,Publicly tracked data-center facility,57.0,57 MW,4.0,"Catawba County, NC",35.616814,-81.317777,Public tracker coordinates,McGuire,NC,24.3,2440.6,Cleanview public U.S. data-center tracker,https://cleanview.co/data-centers/us,Individual facility or project from Cleanview's public geocoded U.S. data-center inventory.
Microsoft Ginger West - Building 4,,Operating,Operating,Publicly tracked data-center facility,57.0,57 MW,4.0,"Dallas, IA",41.531816,-93.8633525,Public tracker coordinates,Cooper Nuclear Station,NE,123.0,801.0,Cleanview public U.S. data-center tracker,https://cleanview.co/data-centers/us,Individual facility or project from Cleanview's public geocoded U.S. data-center inventory.
Microsoft LVL03,,Operating,Operating,Publicly tracked data-center facility,57.0,57 MW,4.0,"Mecklenburg, VA",36.659252,-78.363403,Public tracker coordinates,Harris (NC),NC,78.2,950.9,Cleanview public U.S. data-center tracker,https://cleanview.co/data-centers/us,Individual facility or project from Cleanview's public geocoded U.S. data-center inventory.
Microsoft Van Meter - Building 1,,Planned,Planned,Publicly tracked data-center facility,57.0,57 MW,4.0,"Dallas, IA",41.5118,-93.9379,Public tracker coordinates,Cooper Nuclear Station,NE,119.2,801.0,Cleanview public U.S. data-center tracker,https://cleanview.co/data-centers/us,Individual facility or project from Cleanview's public geocoded U.S. data-center inventory.
Microsoft SAT90,,Planned,Planned,Publicly tracked data-center facility,57.0,57 MW,4.0,"Medina, TX",29.352601,-98.938139,Public tracker coordinates,South Texas Project,TX,178.7,2708.6,Cleanview public U.S. data-center tracker,https://cleanview.co/data-centers/us,Individual facility or project from Cleanview's public geocoded U.S. data-center inventory.
Microsoft CLT20,,Planned,Planned,Publicly tracked data-center facility,57.0,57 MW,4.0,"Catawba County, NC",35.619506,-81.31773,Public tracker coordinates,McGuire,NC,24.4,2440.6,Cleanview public U.S. data-center tracker,https://cleanview.co/data-centers/us,Individual facility or project from Cleanview's public geocoded U.S. data-center inventory.
AWS IAD-165 EDS Drive,,Operating,Operating,Publicly tracked data-center facility,56.9,57 MW,4.0,"Fairfax, VA",38.9231,-77.425,Public tracker coordinates,North Anna,VA,62.8,1959.4,Cleanview public U.S. data-center tracker,https://cleanview.co/data-centers/us,Individual facility or project from Cleanview's public geocoded U.S. data-center inventory.
Papillion - Building 5,,Planned,Planned,Publicly tracked data-center facility,56.8,57 MW,4.0,"Sarpy, NE",41.134933,-96.141455,Public tracker coordinates,Cooper Nuclear Station,NE,59.4,801.0,Cleanview public U.S. data-center tracker,https://cleanview.co/data-centers/us,Individual facility or project from Cleanview's public geocoded U.S. data-center inventory.
Papillion - Building 6,,Planned,Planned,Publicly tracked data-center facility,56.8,57 MW,4.0,"Sarpy, NE",41.134384,-96.153228,Public tracker coordinates,Cooper Nuclear Station,NE,59.7,801.0,Cleanview public U.S. data-center tracker,https://cleanview.co/data-centers/us,Individual facility or project from Cleanview's public geocoded U.S. data-center inventory.
Microsoft IAD-11 Blue Ridge,,Operating,Operating,Publicly tracked data-center facility,56.7,57 MW,4.0,"Loudoun, VA",38.94836478,-77.55588803,Public tracker coordinates,North Anna,VA,62.7,1959.4,Cleanview public U.S. data-center tracker,https://cleanview.co/data-centers/us,Individual facility or project from Cleanview's public geocoded U.S. data-center inventory.
Microsoft IAD-12 Blue Ridge,,Planned,Planned,Publicly tracked data-center facility,56.7,57 MW,4.0,"Loudoun, VA",38.95126956,-77.55555321,Public tracker coordinates,North Anna,VA,62.9,1959.4,Cleanview public U.S. data-center tracker,https://cleanview.co/data-centers/us,Individual facility or project from Cleanview's public geocoded U.S. data-center inventory.
AWS IAD-136 Avion,,Planned,Planned,Publicly tracked data-center facility,56.3,56 MW,4.0,"Fairfax, VA",38.903,-77.452,Public tracker coordinates,North Anna,VA,61.0,1959.4,Cleanview public U.S. data-center tracker,https://cleanview.co/data-centers/us,Individual facility or project from Cleanview's public geocoded U.S. data-center inventory.
1977 Saturn Data Center,,Canceled,Other,Publicly tracked data-center facility,56.0,56 MW,4.0,"Los Angeles, CA",34.04058339,-118.1136688,Public tracker coordinates,Diablo Canyon,CA,175.6,2323.0,Cleanview public U.S. data-center tracker,https://cleanview.co/data-centers/us,Individual facility or project from Cleanview's public geocoded U.S. data-center inventory.
DataBank IAD3,,Operating,Operating,Publicly tracked data-center facility,56.0,56 MW,4.0,"Loudoun, VA",39.017873,-77.48182,Public tracker coordinates,North Anna,VA,68.2,1959.4,Cleanview public U.S. data-center tracker,https://cleanview.co/data-centers/us,Individual facility or project from Cleanview's public geocoded U.S. data-center inventory.
AWS IAD-198 Village Place Tech Park,,Operating,Operating,Publicly tracked data-center facility,55.7,56 MW,4.0,"Prince William, VA",38.79983545,-77.62005346,Public tracker coordinates,North Anna,VA,51.9,1959.4,Cleanview public U.S. data-center tracker,https://cleanview.co/data-centers/us,Individual facility or project from Cleanview's public geocoded U.S. data-center inventory.
Google Moncks Corner - Building 9,,Operating,Operating,Publicly tracked data-center facility,55.0,55 MW,4.0,"Berkeley, SC",33.066314,-80.038598,Public tracker coordinates,H B Robinson,SC,92.5,768.6,Cleanview public U.S. data-center tracker,https://cleanview.co/data-centers/us,Individual facility or project from Cleanview's public geocoded U.S. data-center inventory.
Digi Power X: Columbiana,,Planned,Planned,Publicly tracked data-center facility,55.0,55 MW,4.0,"Shelby, AL",33.18205,-86.62029,Public tracker coordinates,Browns Ferry,AL,109.0,3854.0,Cleanview public U.S. data-center tracker,https://cleanview.co/data-centers/us,Individual facility or project from Cleanview's public geocoded U.S. data-center inventory.
The Dalles - Building 2,,Operating,Operating,Publicly tracked data-center facility,55.0,55 MW,4.0,"Wasco, OR",45.6315453,-121.1994202,Public tracker coordinates,Columbia Generating Station,WA,106.6,1200.0,Cleanview public U.S. data-center tracker,https://cleanview.co/data-centers/us,Individual facility or project from Cleanview's public geocoded U.S. data-center inventory.
AWS IAD-194 Wellington Road,,Planned,Planned,Publicly tracked data-center facility,55.0,55 MW,4.0,"Prince William, VA",38.77595681,-77.55724839,Public tracker coordinates,North Anna,VA,51.0,1959.4,Cleanview public U.S. data-center tracker,https://cleanview.co/data-centers/us,Individual facility or project from Cleanview's public geocoded U.S. data-center inventory.
Iron Mountain VA-5,,Operating,Operating,Publicly tracked data-center facility,55.0,55 MW,4.0,"Prince William, VA",38.77311786,-77.5411383,Public tracker coordinates,North Anna,VA,51.1,1959.4,Cleanview public U.S. data-center tracker,https://cleanview.co/data-centers/us,Individual facility or project from Cleanview's public geocoded U.S. data-center inventory.
The Dalles - Building 1,,Operating,Operating,Publicly tracked data-center facility,55.0,55 MW,4.0,"Wasco, OR",45.6324179,-121.2023239,Public tracker coordinates,Columbia Generating Station,WA,106.7,1200.0,Cleanview public U.S. data-center tracker,https://cleanview.co/data-centers/us,Individual facility or project from Cleanview's public geocoded U.S. data-center inventory.
AWS IAD-147 Kipper Drive,,Operating,Operating,Publicly tracked data-center facility,54.6,55 MW,4.0,"Loudoun, VA",38.9950101,-77.4353604,Public tracker coordinates,Calvert Cliffs Nuclear Power Plant,MD,66.1,1850.4,Cleanview public U.S. data-center tracker,https://cleanview.co/data-centers/us,Individual facility or project from Cleanview's public geocoded U.S. data-center inventory.
AWS IAD-146 Kipper Drive,,Operating,Operating,Publicly tracked data-center facility,54.6,55 MW,4.0,"Loudoun, VA",38.99672105,-77.43559715,Public tracker coordinates,Calvert Cliffs Nuclear Power Plant,MD,66.2,1850.4,Cleanview public U.S. data-center tracker,https://cleanview.co/data-centers/us,Individual facility or project from Cleanview's public geocoded U.S. data-center inventory.
AWS IAD-145 International Dr,,Operating,Operating,Publicly tracked data-center facility,54.4,54 MW,4.0,"Loudoun, VA",38.98254915,-77.4246233,Public tracker coordinates,Calvert Cliffs Nuclear Power Plant,MD,65.1,1850.4,Cleanview public U.S. data-center tracker,https://cleanview.co/data-centers/us,Individual facility or project from Cleanview's public geocoded U.S. data-center inventory.
Digital Realty PHX15,,Operating,Operating,Publicly tracked data-center facility,54.0,54 MW,4.0,"Maricopa, AZ",33.27485,-111.886948,Public tracker coordinates,Palo Verde,AZ,56.8,4209.6,Cleanview public U.S. data-center tracker,https://cleanview.co/data-centers/us,Individual facility or project from Cleanview's public geocoded U.S. data-center inventory.
Prime Data Centers: ORD01-02,,Planned,Planned,Publicly tracked data-center facility,54.0,54 MW,4.0,"Cook, IL",42.02280528,-87.96262685,Public tracker coordinates,Dresden Generating Station,IL,46.5,2018.6,Cleanview public U.S. data-center tracker,https://cleanview.co/data-centers/us,Individual facility or project from Cleanview's public geocoded U.S. data-center inventory.
Prime Data Centers: ORD01-03,,Planned,Planned,Publicly tracked data-center facility,54.0,54 MW,4.0,"Cook, IL",42.02281503,-87.96141864,Public tracker coordinates,Dresden Generating Station,IL,46.5,2018.6,Cleanview public U.S. data-center tracker,https://cleanview.co/data-centers/us,Individual facility or project from Cleanview's public geocoded U.S. data-center inventory.
DC Blox - Birmingham Expansion,,Planned,Planned,Publicly tracked data-center facility,54.0,54 MW,4.0,"Shelby, AL",33.50142708,-86.82168276,Public tracker coordinates,Browns Ferry,AL,84.8,3854.0,Cleanview public U.S. data-center tracker,https://cleanview.co/data-centers/us,Individual facility or project from Cleanview's public geocoded U.S. data-center inventory.
Meta Fort Worth - Building 1,,Operating,Operating,Publicly tracked data-center facility,54.0,54 MW,4.0,"Tarrant, TX",32.983092,-97.259122,Public tracker coordinates,Comanche Peak,TX,56.4,2430.0,Cleanview public U.S. data-center tracker,https://cleanview.co/data-centers/us,Individual facility or project from Cleanview's public geocoded U.S. data-center inventory.
Meta White Oak - Building 1,,Operating,Operating,Publicly tracked data-center facility,54.0,54 MW,4.0,"Henrico, VA",37.48196,-77.2338,Public tracker coordinates,Surry,VA,36.6,1695.0,Cleanview public U.S. data-center tracker,https://cleanview.co/data-centers/us,Individual facility or project from Cleanview's public geocoded U.S. data-center inventory.
PowerHouse Arcola - Building 1,,Planned,Planned,Publicly tracked data-center facility,54.0,54 MW,4.0,"Loudoun, VA",38.94345,-77.53545,Public tracker coordinates,North Anna,VA,62.6,1959.4,Cleanview public U.S. data-center tracker,https://cleanview.co/data-centers/us,Individual facility or project from Cleanview's public geocoded U.S. data-center inventory.
Microsoft IAD-13 Blue Ridge,,Planned,Planned,Publicly tracked data-center facility,53.7,54 MW,4.0,"Loudoun, VA",38.94968285,-77.5543211,Public tracker coordinates,North Anna,VA,62.8,1959.4,Cleanview public U.S. data-center tracker,https://cleanview.co/data-centers/us,Individual facility or project from Cleanview's public geocoded U.S. data-center inventory.
Stack NVA02J,,Planned,Planned,Publicly tracked data-center facility,53.6,54 MW,4.0,"Prince William, VA",38.74052878,-77.54275451,Public tracker coordinates,North Anna,VA,48.9,1959.4,Cleanview public U.S. data-center tracker,https://cleanview.co/data-centers/us,Individual facility or project from Cleanview's public geocoded U.S. data-center inventory.
Vantage Ashburn VA-3 - Building 4,,Planned,Planned,Publicly tracked data-center facility,53.5,54 MW,4.0,"Loudoun, VA",39.083143,-77.508389,Public tracker coordinates,North Anna,VA,72.3,1959.4,Cleanview public U.S. data-center tracker,https://cleanview.co/data-centers/us,Individual facility or project from Cleanview's public geocoded U.S. data-center inventory.
AWS IAD-550 Lake Anna - Building 6,,Planned,Planned,Publicly tracked data-center facility,53.5,54 MW,4.0,"Louisa, VA",38.046612,-77.811177,Public tracker coordinates,North Anna,VA,1.5,1959.4,Cleanview public U.S. data-center tracker,https://cleanview.co/data-centers/us,Individual facility or project from Cleanview's public geocoded U.S. data-center inventory.
Vantage Ashburn VA-3 - Building 5,,Planned,Planned,Publicly tracked data-center facility,53.5,54 MW,4.0,"Loudoun, VA",39.081396,-77.508832,Public tracker coordinates,North Anna,VA,72.2,1959.4,Cleanview public U.S. data-center tracker,https://cleanview.co/data-centers/us,Individual facility or project from Cleanview's public geocoded U.S. data-center inventory.
Vantage Ashburn VA-3 - Building 7,,Planned,Planned,Publicly tracked data-center facility,53.5,54 MW,4.0,"Loudoun, VA",39.078,-77.5105,Public tracker coordinates,North Anna,VA,71.9,1959.4,Cleanview public U.S. data-center tracker,https://cleanview.co/data-centers/us,Individual facility or project from Cleanview's public geocoded U.S. data-center inventory.
Vantage Ashburn VA-3 - Building 1,,Planned,Planned,Publicly tracked data-center facility,53.5,54 MW,4.0,"Loudoun, VA",39.077761,-77.504962,Public tracker coordinates,North Anna,VA,72.0,1959.4,Cleanview public U.S. data-center tracker,https://cleanview.co/data-centers/us,Individual facility or project from Cleanview's public geocoded U.S. data-center inventory.
Vantage Ashburn VA-3 - Building 6,,Planned,Planned,Publicly tracked data-center facility,53.5,54 MW,4.0,"Loudoun, VA",39.079293,-77.509228,Public tracker coordinates,North Anna,VA,72.0,1959.4,Cleanview public U.S. data-center tracker,https://cleanview.co/data-centers/us,Individual facility or project from Cleanview's public geocoded U.S. data-center inventory.
Vantage Ashburn VA-3 - Building 3,,Planned,Planned,Publicly tracked data-center facility,53.5,54 MW,4.0,"Loudoun, VA",39.081076,-77.505869,Public tracker coordinates,North Anna,VA,72.2,1959.4,Cleanview public U.S. data-center tracker,https://cleanview.co/data-centers/us,Individual facility or project from Cleanview's public geocoded U.S. data-center inventory.
Vantage Ashburn VA-3 - Building 2,,Planned,Planned,Publicly tracked data-center facility,53.5,54 MW,4.0,"Loudoun, VA",39.079686,-77.503128,Public tracker coordinates,North Anna,VA,72.1,1959.4,Cleanview public U.S. data-center tracker,https://cleanview.co/data-centers/us,Individual facility or project from Cleanview's public geocoded U.S. data-center inventory.
QTS Manassas DC3,,Operating,Operating,Publicly tracked data-center facility,52.8,53 MW,4.0,"Prince William, VA",38.753753946410605,-77.51054702181719,Public tracker coordinates,North Anna,VA,50.3,1959.4,Cleanview public U.S. data-center tracker,https://cleanview.co/data-centers/us,Individual facility or project from Cleanview's public geocoded U.S. data-center inventory.
AWS PDX-93 Olson Rd,,Operating,Operating,Publicly tracked data-center facility,52.7,53 MW,4.0,"Morrow, OR",45.8365,-119.6899,Public tracker coordinates,Columbia Generating Station,WA,47.0,1200.0,Cleanview public U.S. data-center tracker,https://cleanview.co/data-centers/us,Individual facility or project from Cleanview's public geocoded U.S. data-center inventory.
AWS PDX-90 Olson Rd,,Operating,Operating,Publicly tracked data-center facility,52.7,53 MW,4.0,"Morrow, OR",45.8362,-119.694,Public tracker coordinates,Columbia Generating Station,WA,47.1,1200.0,Cleanview public U.S. data-center tracker,https://cleanview.co/data-centers/us,Individual facility or project from Cleanview's public geocoded U.S. data-center inventory.
AWS IAD-117 Maries Rd,,Operating,Operating,Publicly tracked data-center facility,52.5,52 MW,4.0,"Loudoun, VA",39.02364008,-77.41908274,Public tracker coordinates,Calvert Cliffs Nuclear Power Plant,MD,66.6,1850.4,Cleanview public U.S. data-center tracker,https://cleanview.co/data-centers/us,Individual facility or project from Cleanview's public geocoded U.S. data-center inventory.
EdgeCore Ashburn AS02,,Planned,Planned,Publicly tracked data-center facility,52.5,52 MW,4.0,"Loudoun, VA",38.99504329,-77.44605586,Public tracker coordinates,Calvert Cliffs Nuclear Power Plant,MD,66.6,1850.4,Cleanview public U.S. data-center tracker,https://cleanview.co/data-centers/us,Individual facility or project from Cleanview's public geocoded U.S. data-center inventory.
AWS IAD-116 Maries Rd,,Operating,Operating,Publicly tracked data-center facility,52.5,52 MW,4.0,"Loudoun, VA",39.02432529,-77.420435,Public tracker coordinates,Calvert Cliffs Nuclear Power Plant,MD,66.7,1850.4,Cleanview public U.S. data-center tracker,https://cleanview.co/data-centers/us,Individual facility or project from Cleanview's public geocoded U.S. data-center inventory.
AWS PDX-66 Lewis & Clark Dr,,Operating,Operating,Publicly tracked data-center facility,52.5,52 MW,4.0,"Morrow, OR",45.8467,-119.607,Public tracker coordinates,Columbia Generating Station,WA,45.1,1200.0,Cleanview public U.S. data-center tracker,https://cleanview.co/data-centers/us,Individual facility or project from Cleanview's public geocoded U.S. data-center inventory.
AWS IAD-118 Maries Rd,,Planned,Planned,Publicly tracked data-center facility,52.5,52 MW,4.0,"Loudoun, VA",39.02294092,-77.4167065,Public tracker coordinates,Calvert Cliffs Nuclear Power Plant,MD,66.4,1850.4,Cleanview public U.S. data-center tracker,https://cleanview.co/data-centers/us,Individual facility or project from Cleanview's public geocoded U.S. data-center inventory.
CloudHQ MCC4,,Planned,Planned,Publicly tracked data-center facility,52.5,52 MW,4.0,"Prince William, VA",38.71872,-77.49629,Public tracker coordinates,North Anna,VA,48.2,1959.4,Cleanview public U.S. data-center tracker,https://cleanview.co/data-centers/us,Individual facility or project from Cleanview's public geocoded U.S. data-center inventory.
Meta White Oak - Building 5,,Operating,Operating,Publicly tracked data-center facility,52.5,52 MW,4.0,"Henrico, VA",37.477242,-77.226637,Public tracker coordinates,Surry,VA,36.1,1695.0,Cleanview public U.S. data-center tracker,https://cleanview.co/data-centers/us,Individual facility or project from Cleanview's public geocoded U.S. data-center inventory.
AWS PDX-64 Lewis & Clark Dr,,Operating,Operating,Publicly tracked data-center facility,52.5,52 MW,4.0,"Morrow, OR",45.8467,-119.6056,Public tracker coordinates,Columbia Generating Station,WA,45.1,1200.0,Cleanview public U.S. data-center tracker,https://cleanview.co/data-centers/us,Individual facility or project from Cleanview's public geocoded U.S. data-center inventory.
Raeden Project Taurus,,Planned,Planned,Publicly tracked data-center facility,52.5,52 MW,4.0,"El Paso, CO",38.8941,-104.853,Public tracker coordinates,Wolf Creek Generating Station,KS,496.9,1296.3,Cleanview public U.S. data-center tracker,https://cleanview.co/data-centers/us,Individual facility or project from Cleanview's public geocoded U.S. data-center inventory.
Meta White Oak - Building 4,,Operating,Operating,Publicly tracked data-center facility,52.5,52 MW,4.0,"Henrico, VA",37.478318,-77.226145,Public tracker coordinates,Surry,VA,36.1,1695.0,Cleanview public U.S. data-center tracker,https://cleanview.co/data-centers/us,Individual facility or project from Cleanview's public geocoded U.S. data-center inventory.
AWS PDX-92 Olson Rd,,Operating,Operating,Publicly tracked data-center facility,52.0,52 MW,4.0,"Morrow, OR",45.8375,-119.6931,Public tracker coordinates,Columbia Generating Station,WA,47.0,1200.0,Cleanview public U.S. data-center tracker,https://cleanview.co/data-centers/us,Individual facility or project from Cleanview's public geocoded U.S. data-center inventory.
AWS PDX-91 Olson Rd,,Operating,Operating,Publicly tracked data-center facility,52.0,52 MW,4.0,"Morrow, OR",45.8379,-119.6884,Public tracker coordinates,Columbia Generating Station,WA,46.9,1200.0,Cleanview public U.S. data-center tracker,https://cleanview.co/data-centers/us,Individual facility or project from Cleanview's public geocoded U.S. data-center inventory.
Chantilly Premier Data Center,,Planned,Planned,Publicly tracked data-center facility,51.8,52 MW,4.0,"Fairfax, VA",38.905161,-77.462856,Public tracker coordinates,North Anna,VA,61.0,1959.4,Cleanview public U.S. data-center tracker,https://cleanview.co/data-centers/us,Individual facility or project from Cleanview's public geocoded U.S. data-center inventory.
AWS IAD-68 Fadeley,,Operating,Operating,Publicly tracked data-center facility,51.4,51 MW,4.0,"Loudoun, VA",38.94863,-77.5209323,Public tracker coordinates,North Anna,VA,63.1,1959.4,Cleanview public U.S. data-center tracker,https://cleanview.co/data-centers/us,Individual facility or project from Cleanview's public geocoded U.S. data-center inventory.
Meta White Oak - Building 2,,Operating,Operating,Publicly tracked data-center facility,51.0,51 MW,4.0,"Henrico, VA",37.484447,-77.238094,Public tracker coordinates,Surry,VA,36.9,1695.0,Cleanview public U.S. data-center tracker,https://cleanview.co/data-centers/us,Individual facility or project from Cleanview's public geocoded U.S. data-center inventory.
AWS IAD-124 Quail Ridge,,Operating,Operating,Publicly tracked data-center facility,51.0,51 MW,4.0,"Loudoun, VA",38.94989545,-77.5604517,Public tracker coordinates,North Anna,VA,62.7,1959.4,Cleanview public U.S. data-center tracker,https://cleanview.co/data-centers/us,Individual facility or project from Cleanview's public geocoded U.S. data-center inventory.
Meta Fort Worth - Building 3,,Operating,Operating,Publicly tracked data-center facility,51.0,51 MW,4.0,"Tarrant, TX",32.984956,-97.2550568,Public tracker coordinates,Comanche Peak,TX,56.6,2430.0,Cleanview public U.S. data-center tracker,https://cleanview.co/data-centers/us,Individual facility or project from Cleanview's public geocoded U.S. data-center inventory.
Meta White Oak - Building 3,,Operating,Operating,Publicly tracked data-center facility,51.0,51 MW,4.0,"Henrico, VA",37.483496,-77.236522,Public tracker coordinates,Surry,VA,36.8,1695.0,Cleanview public U.S. data-center tracker,https://cleanview.co/data-centers/us,Individual facility or project from Cleanview's public geocoded U.S. data-center inventory.
AWS IAD-125 Quail Ridge,,Operating,Operating,Publicly tracked data-center facility,51.0,51 MW,4.0,"Loudoun, VA",38.9480895,-77.5605449,Public tracker coordinates,North Anna,VA,62.6,1959.4,Cleanview public U.S. data-center tracker,https://cleanview.co/data-centers/us,Individual facility or project from Cleanview's public geocoded U.S. data-center inventory.
QTS Richmond RIC2-DC1,,Operating,Operating,Publicly tracked data-center facility,50.8,51 MW,4.0,"Henrico, VA",37.48817,-77.24006,Public tracker coordinates,Surry,VA,37.2,1695.0,Cleanview public U.S. data-center tracker,https://cleanview.co/data-centers/us,Individual facility or project from Cleanview's public geocoded U.S. data-center inventory.
Flexential Hillsboro 5,,Planned,Planned,Publicly tracked data-center facility,50.4,50 MW,4.0,"Washington, OR",45.55634,-122.93941,Public tracker coordinates,Columbia Generating Station,WA,184.2,1200.0,Cleanview public U.S. data-center tracker,https://cleanview.co/data-centers/us,Individual facility or project from Cleanview's public geocoded U.S. data-center inventory.
Stack Infrastructure POR01B,,Planned,Planned,Publicly tracked data-center facility,50.4,50 MW,4.0,"Washington, OR",45.55029,-122.9278558,Public tracker coordinates,Columbia Generating Station,WA,183.8,1200.0,Cleanview public U.S. data-center tracker,https://cleanview.co/data-centers/us,Individual facility or project from Cleanview's public geocoded U.S. data-center inventory.
Iron Mountain VA-2,,Operating,Operating,Publicly tracked data-center facility,50.4,50 MW,4.0,"Prince William, VA",38.77706612,-77.54646561,Public tracker coordinates,North Anna,VA,51.3,1959.4,Cleanview public U.S. data-center tracker,https://cleanview.co/data-centers/us,Individual facility or project from Cleanview's public geocoded U.S. data-center inventory.
NTT Hillsboro HI1,,Operating,Operating,Publicly tracked data-center facility,50.4,50 MW,4.0,"Washington, OR",45.54950625,-122.9374106,Public tracker coordinates,Columbia Generating Station,WA,184.3,1200.0,Cleanview public U.S. data-center tracker,https://cleanview.co/data-centers/us,Individual facility or project from Cleanview's public geocoded U.S. data-center inventory.
Aligned Hillsboro PDX-02,,Planned,Planned,Publicly tracked data-center facility,50.4,50 MW,4.0,"Washington, OR",45.55290763,-122.9484405,Public tracker coordinates,Columbia Generating Station,WA,184.7,1200.0,Cleanview public U.S. data-center tracker,https://cleanview.co/data-centers/us,Individual facility or project from Cleanview's public geocoded U.S. data-center inventory.
Iron Mountain VA-7,,Operating,Operating,Publicly tracked data-center facility,50.4,50 MW,4.0,"Prince William, VA",38.77506417,-77.53979607,Public tracker coordinates,North Anna,VA,51.2,1959.4,Cleanview public U.S. data-center tracker,https://cleanview.co/data-centers/us,Individual facility or project from Cleanview's public geocoded U.S. data-center inventory.
NTT Ashburn VA7,,Planned,Planned,Publicly tracked data-center facility,50.4,50 MW,4.0,"Loudoun, VA",39.0157846,-77.4718397,Public tracker coordinates,North Anna,VA,68.2,1959.4,Cleanview public U.S. data-center tracker,https://cleanview.co/data-centers/us,Individual facility or project from Cleanview's public geocoded U.S. data-center inventory.
Flexential Hillsboro 3,,Operating,Operating,Publicly tracked data-center facility,50.4,50 MW,4.0,"Washington, OR",45.55948,-122.9382,Public tracker coordinates,Columbia Generating Station,WA,184.0,1200.0,Cleanview public U.S. data-center tracker,https://cleanview.co/data-centers/us,Individual facility or project from Cleanview's public geocoded U.S. data-center inventory.
Stack NVA05A,,Operating,Operating,Publicly tracked data-center facility,50.4,50 MW,4.0,"Prince William, VA",38.75857,-77.51669,Public tracker coordinates,North Anna,VA,50.5,1959.4,Cleanview public U.S. data-center tracker,https://cleanview.co/data-centers/us,Individual facility or project from Cleanview's public geocoded U.S. data-center inventory.
Flexential Douglasville 2,,Planned,Planned,Publicly tracked data-center facility,50.4,50 MW,4.0,"Douglas County, GA",33.730703,-84.61124,Public tracker coordinates,Sequoyah,TN,106.9,2441.0,Cleanview public U.S. data-center tracker,https://cleanview.co/data-centers/us,Individual facility or project from Cleanview's public geocoded U.S. data-center inventory.
Equinix DC15,,Operating,Operating,Publicly tracked data-center facility,50.3,50 MW,4.0,"Loudoun, VA",39.0225,-77.450256,Public tracker coordinates,Calvert Cliffs Nuclear Power Plant,MD,67.9,1850.4,Cleanview public U.S. data-center tracker,https://cleanview.co/data-centers/us,Individual facility or project from Cleanview's public geocoded U.S. data-center inventory.
QTS Richmond RIC2-DC3,,Operating,Operating,Publicly tracked data-center facility,50.3,50 MW,4.0,"Henrico, VA",37.48607,-77.24189,Public tracker coordinates,Surry,VA,37.1,1695.0,Cleanview public U.S. data-center tracker,https://cleanview.co/data-centers/us,Individual facility or project from Cleanview's public geocoded U.S. data-center inventory.
QTS Richmond RIC2-DC5,,Operating,Operating,Publicly tracked data-center facility,50.3,50 MW,4.0,"Henrico, VA",37.48485,-77.24298,Public tracker coordinates,Surry,VA,37.1,1695.0,Cleanview public U.S. data-center tracker,https://cleanview.co/data-centers/us,Individual facility or project from Cleanview's public geocoded U.S. data-center inventory.
QTS Richmond RIC2-DC6,,Operating,Operating,Publicly tracked data-center facility,50.3,50 MW,4.0,"Henrico, VA",37.4839,-77.24376,Public tracker coordinates,Surry,VA,37.1,1695.0,Cleanview public U.S. data-center tracker,https://cleanview.co/data-centers/us,Individual facility or project from Cleanview's public geocoded U.S. data-center inventory.
QTS Richmond RIC2-DC2,,Operating,Operating,Publicly tracked data-center facility,50.3,50 MW,4.0,"Henrico, VA",37.48709,-77.24098,Public tracker coordinates,Surry,VA,37.1,1695.0,Cleanview public U.S. data-center tracker,https://cleanview.co/data-centers/us,Individual facility or project from Cleanview's public geocoded U.S. data-center inventory.
AWS Susquehanna - Building 3,,Planned,Planned,Publicly tracked data-center facility,50.3,50 MW,4.0,"Luzerne, PA",41.081721,-76.144746,Public tracker coordinates,TalenEnergy Susquehanna,PA,0.7,2532.0,Cleanview public U.S. data-center tracker,https://cleanview.co/data-centers/us,Individual facility or project from Cleanview's public geocoded U.S. data-center inventory.
Sabey Butte Data Center,,Planned,Planned,Publicly tracked data-center facility,50.0,50 MW,4.0,"Silver Bow, MT",45.997078,-112.666306,Public tracker coordinates,Columbia Generating Station,WA,320.2,1200.0,Cleanview public U.S. data-center tracker,https://cleanview.co/data-centers/us,Individual facility or project from Cleanview's public geocoded U.S. data-center inventory.
Nautilus Cryptomine - Building 1,,Operating,Operating,Publicly tracked data-center facility,50.0,50 MW,4.0,"Luzerne, PA",41.083327,-76.151314,Public tracker coordinates,TalenEnergy Susquehanna,PA,0.6,2532.0,Cleanview public U.S. data-center tracker,https://cleanview.co/data-centers/us,Individual facility or project from Cleanview's public geocoded U.S. data-center inventory.
Hut 8 Alpha (Crypto mining),,Operating,Operating,Publicly tracked data-center facility,50.0,50 MW,4.0,"Niagara, NY",43.0962,-79.0377,Public tracker coordinates,R E Ginna Nuclear Power Plant,NY,87.9,614.0,Cleanview public U.S. data-center tracker,https://cleanview.co/data-centers/us,Individual facility or project from Cleanview's public geocoded U.S. data-center inventory.
Microsoft East Coast BN8,,Operating,Operating,Publicly tracked data-center facility,50.0,50 MW,4.0,"Mecklenburg, VA",36.68614,-78.37725,Public tracker coordinates,Harris (NC),NC,79.6,950.9,Cleanview public U.S. data-center tracker,https://cleanview.co/data-centers/us,Individual facility or project from Cleanview's public geocoded U.S. data-center inventory.
Nautilus Cryptomine - Building 2,,Operating,Operating,Publicly tracked data-center facility,50.0,50 MW,4.0,"Luzerne, PA",41.082611,-76.151298,Public tracker coordinates,TalenEnergy Susquehanna,PA,0.7,2532.0,Cleanview public U.S. data-center tracker,https://cleanview.co/data-centers/us,Individual facility or project from Cleanview's public geocoded U.S. data-center inventory.
Apple Mesa Global Data Command Center,,Operating,Operating,Publicly tracked data-center facility,50.0,50 MW,4.0,"Maricopa, AZ",33.3469,-111.604,Public tracker coordinates,Palo Verde,AZ,72.6,4209.6,Cleanview public U.S. data-center tracker,https://cleanview.co/data-centers/us,Individual facility or project from Cleanview's public geocoded U.S. data-center inventory.
Centersquare ORD2,,Operating,Operating,Publicly tracked data-center facility,50.0,50 MW,4.0,"Cook, IL",41.9922035,-87.9581676,Public tracker coordinates,Dresden Generating Station,IL,44.6,2018.6,Cleanview public U.S. data-center tracker,https://cleanview.co/data-centers/us,Individual facility or project from Cleanview's public geocoded U.S. data-center inventory.
Project Dorothy 1,,Operating,Operating,Publicly tracked data-center facility,50.0,50 MW,4.0,"Briscoe, TX",34.432267,-101.2372,Public tracker coordinates,Comanche Peak,TX,247.8,2430.0,Cleanview public U.S. data-center tracker,https://cleanview.co/data-centers/us,Individual facility or project from Cleanview's public geocoded U.S. data-center inventory.
PhoenixNAP PHX02,,Planned,Planned,Publicly tracked data-center facility,50.0,50 MW,4.0,"Maricopa, AZ",33.41603,-112.00937,Public tracker coordinates,Palo Verde,AZ,49.2,4209.6,Cleanview public U.S. data-center tracker,https://cleanview.co/data-centers/us,Individual facility or project from Cleanview's public geocoded U.S. data-center inventory.
Council Bluffs Southlands - Building 4,,Operating,Operating,Publicly tracked data-center facility,50.0,50 MW,4.0,"Pottawattamie, IA",41.173211,-95.806098,Public tracker coordinates,Cooper Nuclear Station,NE,56.7,801.0,Cleanview public U.S. data-center tracker,https://cleanview.co/data-centers/us,Individual facility or project from Cleanview's public geocoded U.S. data-center inventory.
Jet.AI Moapa Data Center,,Planned,Planned,Publicly tracked data-center facility,50.0,50 MW,4.0,"Clark, NV",36.6965761,-114.6407087,Public tracker coordinates,Palo Verde,AZ,249.8,4209.6,Cleanview public U.S. data-center tracker,https://cleanview.co/data-centers/us,Individual facility or project from Cleanview's public geocoded U.S. data-center inventory.
DC Blox Nashville Grassmere Park,,Planned,Planned,Publicly tracked data-center facility,50.0,50 MW,4.0,"Davidson, TN",36.086562,-86.748826,Public tracker coordinates,Browns Ferry,AL,97.8,3854.0,Cleanview public U.S. data-center tracker,https://cleanview.co/data-centers/us,Individual facility or project from Cleanview's public geocoded U.S. data-center inventory.
Core Scientific: Dalton 1 & 2,,Operating,Operating,Publicly tracked data-center facility,50.0,50 MW,4.0,"Whiefield, GA",34.71320553,-84.95143169,Public tracker coordinates,Sequoyah,TN,36.4,2441.0,Cleanview public U.S. data-center tracker,https://cleanview.co/data-centers/us,Individual facility or project from Cleanview's public geocoded U.S. data-center inventory.
CyrusOne DFW3-5,,Operating,Operating,Publicly tracked data-center facility,50.0,50 MW,4.0,"Collin, TX",33.14592135,-96.66004104,Public tracker coordinates,Comanche Peak,TX,87.8,2430.0,Cleanview public U.S. data-center tracker,https://cleanview.co/data-centers/us,Individual facility or project from Cleanview's public geocoded U.S. data-center inventory.
BluSky AI Delta Data Center,,Planned,Planned,Publicly tracked data-center facility,50.0,50 MW,4.0,"Millard, UT",39.50757,-112.601,Public tracker coordinates,Palo Verde,AZ,423.1,4209.6,Cleanview public U.S. data-center tracker,https://cleanview.co/data-centers/us,Individual facility or project from Cleanview's public geocoded U.S. data-center inventory.
Jumping Bison Greensburg Data Center,,Planned,Planned,Publicly tracked data-center facility,50.0,50 MW,4.0,"Decatur, IN",39.378719,-85.520116,Public tracker coordinates,Clinton Power Station,IL,184.3,1138.3,Cleanview public U.S. data-center tracker,https://cleanview.co/data-centers/us,Individual facility or project from Cleanview's public geocoded U.S. data-center inventory.
COL4,,Operating,Operating,Publicly tracked data-center facility,50.0,50 MW,4.0,"Franklin, OH",40.1182819,-83.0009805,Public tracker coordinates,Davis Besse,OH,102.2,925.2,Cleanview public U.S. data-center tracker,https://cleanview.co/data-centers/us,Individual facility or project from Cleanview's public geocoded U.S. data-center inventory.
Cloud Centers Lisle Data Center,,Canceled,Other,Publicly tracked data-center facility,50.0,50 MW,4.0,"DuPage, IL",41.801693,-88.06276,Public tracker coordinates,Dresden Generating Station,IL,30.4,2018.6,Cleanview public U.S. data-center tracker,https://cleanview.co/data-centers/us,Individual facility or project from Cleanview's public geocoded U.S. data-center inventory.
Microsoft East Coast BN7,,Operating,Operating,Publicly tracked data-center facility,50.0,50 MW,4.0,"Mecklenburg, VA",36.68308,-78.37579,Public tracker coordinates,Harris (NC),NC,79.4,950.9,Cleanview public U.S. data-center tracker,https://cleanview.co/data-centers/us,Individual facility or project from Cleanview's public geocoded U.S. data-center inventory.
AWS IAD-152 Sutton Bay Plaza,,Operating,Operating,Publicly tracked data-center facility,49.7,50 MW,4.0,"Loudoun, VA",38.9165716,-77.479733,Public tracker coordinates,North Anna,VA,61.5,1959.4,Cleanview public U.S. data-center tracker,https://cleanview.co/data-centers/us,Individual facility or project from Cleanview's public geocoded U.S. data-center inventory.
AWS IAD-151 Sutton Bay Plaza,,Operating,Operating,Publicly tracked data-center facility,49.7,50 MW,4.0,"Loudoun, VA",38.9161469,-77.4786956,Public tracker coordinates,North Anna,VA,61.5,1959.4,Cleanview public U.S. data-center tracker,https://cleanview.co/data-centers/us,Individual facility or project from Cleanview's public geocoded U.S. data-center inventory.
AWS IAD-150 Sutton Bay Plaza,,Operating,Operating,Publicly tracked data-center facility,49.7,50 MW,4.0,"Loudoun, VA",38.9160727,-77.4772491,Public tracker coordinates,North Anna,VA,61.5,1959.4,Cleanview public U.S. data-center tracker,https://cleanview.co/data-centers/us,Individual facility or project from Cleanview's public geocoded U.S. data-center inventory.
Digital Realty ACC6,,Operating,Operating,Publicly tracked data-center facility,49.6,50 MW,4.0,"Loudoun, VA",39.021068,-77.46359,Public tracker coordinates,Calvert Cliffs Nuclear Power Plant,MD,68.4,1850.4,Cleanview public U.S. data-center tracker,https://cleanview.co/data-centers/us,Individual facility or project from Cleanview's public geocoded U.S. data-center inventory.
Stack NVA02G,,Planned,Planned,Publicly tracked data-center facility,49.3,49 MW,4.0,"Prince William, VA",38.74808073,-77.53779281,Public tracker coordinates,North Anna,VA,49.5,1959.4,Cleanview public U.S. data-center tracker,https://cleanview.co/data-centers/us,Individual facility or project from Cleanview's public geocoded U.S. data-center inventory.
AWS IAD-134 Avion,,Operating,Operating,Publicly tracked data-center facility,49.2,49 MW,4.0,"Fairfax, VA",38.90454295,-77.45267338,Public tracker coordinates,North Anna,VA,61.1,1959.4,Cleanview public U.S. data-center tracker,https://cleanview.co/data-centers/us,Individual facility or project from Cleanview's public geocoded U.S. data-center inventory.
AWS IAD-135 Avion,,Operating,Operating,Publicly tracked data-center facility,49.2,49 MW,4.0,"Fairfax, VA",38.90492701,-77.45381063,Public tracker coordinates,North Anna,VA,61.1,1959.4,Cleanview public U.S. data-center tracker,https://cleanview.co/data-centers/us,Individual facility or project from Cleanview's public geocoded U.S. data-center inventory.
QTS Richmond RIC1-DC1,,Operating,Operating,Publicly tracked data-center facility,49.0,49 MW,4.0,"Henrico, VA",37.48892,-77.24632,Public tracker coordinates,Surry,VA,37.5,1695.0,Cleanview public U.S. data-center tracker,https://cleanview.co/data-centers/us,Individual facility or project from Cleanview's public geocoded U.S. data-center inventory.
Volt Edge Energy Project Alpaca,,Planned,Planned,Publicly tracked data-center facility,49.0,49 MW,4.0,"Union, SC",34.7089,-81.6624,Public tracker coordinates,V C Summer,SC,34.6,1029.6,Cleanview public U.S. data-center tracker,https://cleanview.co/data-centers/us,Individual facility or project from Cleanview's public geocoded U.S. data-center inventory.
AWS Gilroy - Building 2,,Planned,Planned,Publicly tracked data-center facility,49.0,49 MW,4.0,"Santa Clara, CA",37.015161,-121.558382,Public tracker coordinates,Diablo Canyon,CA,130.6,2323.0,Cleanview public U.S. data-center tracker,https://cleanview.co/data-centers/us,Individual facility or project from Cleanview's public geocoded U.S. data-center inventory.
QTS Richmond RIC1-DC2,,Operating,Operating,Publicly tracked data-center facility,49.0,49 MW,4.0,"Henrico, VA",37.4885,-77.247,Public tracker coordinates,Surry,VA,37.5,1695.0,Cleanview public U.S. data-center tracker,https://cleanview.co/data-centers/us,Individual facility or project from Cleanview's public geocoded U.S. data-center inventory.
AWS PDX-52 Rippee Rd,,Operating,Operating,Publicly tracked data-center facility,49.0,49 MW,4.0,"Morrow, OR",45.8404,-119.655,Public tracker coordinates,Columbia Generating Station,WA,46.2,1200.0,Cleanview public U.S. data-center tracker,https://cleanview.co/data-centers/us,Individual facility or project from Cleanview's public geocoded U.S. data-center inventory.
AWS Gilroy - Building 1,,Planned,Planned,Publicly tracked data-center facility,49.0,49 MW,4.0,"Santa Clara, CA",37.016363,-121.559397,Public tracker coordinates,Diablo Canyon,CA,130.7,2323.0,Cleanview public U.S. data-center tracker,https://cleanview.co/data-centers/us,Individual facility or project from Cleanview's public geocoded U.S. data-center inventory.
Apple Prineville - Building 1,,Operating,Operating,Publicly tracked data-center facility,49.0,49 MW,4.0,"Crook, OR",44.28894,-120.87018,Public tracker coordinates,Columbia Generating Station,WA,168.2,1200.0,Cleanview public U.S. data-center tracker,https://cleanview.co/data-centers/us,Individual facility or project from Cleanview's public geocoded U.S. data-center inventory.
QTS Richmond RIC1-DC3,,Operating,Operating,Publicly tracked data-center facility,49.0,49 MW,4.0,"Henrico, VA",37.4881,-77.2456,Public tracker coordinates,Surry,VA,37.4,1695.0,Cleanview public U.S. data-center tracker,https://cleanview.co/data-centers/us,Individual facility or project from Cleanview's public geocoded U.S. data-center inventory.
Sunnyvale Site (Menlo Digital),,Planned,Planned,Publicly tracked data-center facility,49.0,49 MW,4.0,"Santa Clara, CA",37.40131,-122.03209,Public tracker coordinates,Diablo Canyon,CA,164.9,2323.0,Cleanview public U.S. data-center tracker,https://cleanview.co/data-centers/us,Individual facility or project from Cleanview's public geocoded U.S. data-center inventory.
AWS Hayward Exchange @92 - Building 4,,Operating,Operating,Publicly tracked data-center facility,49.0,49 MW,4.0,"Alameda, CA",37.6255,-122.113,Public tracker coordinates,Diablo Canyon,CA,180.8,2323.0,Cleanview public U.S. data-center tracker,https://cleanview.co/data-centers/us,Individual facility or project from Cleanview's public geocoded U.S. data-center inventory.
AWS IAD-133 Thomasson Barn Road,,Operating,Operating,Publicly tracked data-center facility,48.7,49 MW,4.0,"Prince William, VA",38.74405917,-77.52985457,Public tracker coordinates,North Anna,VA,49.3,1959.4,Cleanview public U.S. data-center tracker,https://cleanview.co/data-centers/us,Individual facility or project from Cleanview's public geocoded U.S. data-center inventory.
AWS DCA-060 Stevensburg Building 1,,Operating,Operating,Publicly tracked data-center facility,48.2,48 MW,4.0,"Culpeper, VA",38.437701,-77.875011,Public tracker coordinates,North Anna,VA,26.5,1959.4,Cleanview public U.S. data-center tracker,https://cleanview.co/data-centers/us,Individual facility or project from Cleanview's public geocoded U.S. data-center inventory.
Meta Prineville - Building 3,,Operating,Operating,Publicly tracked data-center facility,48.0,48 MW,4.0,"Crook, OR",44.293727,-120.88157,Public tracker coordinates,Columbia Generating Station,WA,168.1,1200.0,Cleanview public U.S. data-center tracker,https://cleanview.co/data-centers/us,Individual facility or project from Cleanview's public geocoded U.S. data-center inventory.
Meta Mesa - Building 1,,Operating,Operating,Publicly tracked data-center facility,48.0,48 MW,4.0,"Maricopa, AZ",33.347187,-111.633063,Public tracker coordinates,Palo Verde,AZ,71.0,4209.6,Cleanview public U.S. data-center tracker,https://cleanview.co/data-centers/us,Individual facility or project from Cleanview's public geocoded U.S. data-center inventory.
Meta DeKalb - Building 5,,Operating,Operating,Publicly tracked data-center facility,48.0,48 MW,4.0,"DeKalb, IL",41.889211,-88.731739,Public tracker coordinates,Byron Generating Station,IL,31.0,2449.8,Cleanview public U.S. data-center tracker,https://cleanview.co/data-centers/us,Individual facility or project from Cleanview's public geocoded U.S. data-center inventory.
Meta DeKalb - Building 4,,Operating,Operating,Publicly tracked data-center facility,48.0,48 MW,4.0,"DeKalb, IL",41.889235,-88.730154,Public tracker coordinates,Byron Generating Station,IL,31.1,2449.8,Cleanview public U.S. data-center tracker,https://cleanview.co/data-centers/us,Individual facility or project from Cleanview's public geocoded U.S. data-center inventory.
Meta DeKalb - Building 3,,Operating,Operating,Publicly tracked data-center facility,48.0,48 MW,4.0,"DeKalb, IL",41.890261,-88.726256,Public tracker coordinates,Byron Generating Station,IL,31.2,2449.8,Cleanview public U.S. data-center tracker,https://cleanview.co/data-centers/us,Individual facility or project from Cleanview's public geocoded U.S. data-center inventory.
Meta DeKalb - Building 2,,Operating,Operating,Publicly tracked data-center facility,48.0,48 MW,4.0,"DeKalb, IL",41.888609,-88.722675,Public tracker coordinates,Byron Generating Station,IL,31.5,2449.8,Cleanview public U.S. data-center tracker,https://cleanview.co/data-centers/us,Individual facility or project from Cleanview's public geocoded U.S. data-center inventory.
Meta DeKalb - Building 1,,Operating,Operating,Publicly tracked data-center facility,48.0,48 MW,4.0,"DeKalb, IL",41.888515,-88.720996,Public tracker coordinates,Byron Generating Station,IL,31.5,2449.8,Cleanview public U.S. data-center tracker,https://cleanview.co/data-centers/us,Individual facility or project from Cleanview's public geocoded U.S. data-center inventory.
Meta Mesa - Building 5,,Operating,Operating,Publicly tracked data-center facility,48.0,48 MW,4.0,"Maricopa, AZ",33.347169,-111.625968,Public tracker coordinates,Palo Verde,AZ,71.4,4209.6,Cleanview public U.S. data-center tracker,https://cleanview.co/data-centers/us,Individual facility or project from Cleanview's public geocoded U.S. data-center inventory.
Meta Kansas City - Building 1,,Operating,Operating,Publicly tracked data-center facility,48.0,48 MW,4.0,"Clay, MO",39.322469,-94.598923,Public tracker coordinates,Cooper Nuclear Station,NE,90.7,801.0,Cleanview public U.S. data-center tracker,https://cleanview.co/data-centers/us,Individual facility or project from Cleanview's public geocoded U.S. data-center inventory.
Meta Kansas City - Building 2,,Operating,Operating,Publicly tracked data-center facility,48.0,48 MW,4.0,"Clay, MO",39.322518,-94.597243,Public tracker coordinates,Cooper Nuclear Station,NE,90.7,801.0,Cleanview public U.S. data-center tracker,https://cleanview.co/data-centers/us,Individual facility or project from Cleanview's public geocoded U.S. data-center inventory.
Meta Kansas City - Building 3,,Operating,Operating,Publicly tracked data-center facility,48.0,48 MW,4.0,"Clay, MO",39.322518,-94.594993,Public tracker coordinates,Cooper Nuclear Station,NE,90.8,801.0,Cleanview public U.S. data-center tracker,https://cleanview.co/data-centers/us,Individual facility or project from Cleanview's public geocoded U.S. data-center inventory.
Meta Eagle Mountain - Building 5,,Operating,Operating,Publicly tracked data-center facility,48.0,48 MW,4.0,"Utah, UT",40.273196,-112.015116,Public tracker coordinates,Palo Verde,AZ,478.0,4209.6,Cleanview public U.S. data-center tracker,https://cleanview.co/data-centers/us,Individual facility or project from Cleanview's public geocoded U.S. data-center inventory.
Meta Eagle Mountain - Building 4,,Operating,Operating,Publicly tracked data-center facility,48.0,48 MW,4.0,"Utah, UT",40.271541,-112.015116,Public tracker coordinates,Palo Verde,AZ,477.9,4209.6,Cleanview public U.S. data-center tracker,https://cleanview.co/data-centers/us,Individual facility or project from Cleanview's public geocoded U.S. data-center inventory.
Meta Eagle Mountain - Building 3,,Operating,Operating,Publicly tracked data-center facility,48.0,48 MW,4.0,"Utah, UT",40.268209,-112.015088,Public tracker coordinates,Palo Verde,AZ,477.7,4209.6,Cleanview public U.S. data-center tracker,https://cleanview.co/data-centers/us,Individual facility or project from Cleanview's public geocoded U.S. data-center inventory.
Meta Eagle Mountain - Building 2,,Operating,Operating,Publicly tracked data-center facility,48.0,48 MW,4.0,"Utah, UT",40.266447,-112.015201,Public tracker coordinates,Palo Verde,AZ,477.5,4209.6,Cleanview public U.S. data-center tracker,https://cleanview.co/data-centers/us,Individual facility or project from Cleanview's public geocoded U.S. data-center inventory.
Meta Eagle Mountain - Building 1,,Operating,Operating,Publicly tracked data-center facility,48.0,48 MW,4.0,"Utah, UT",40.264792,-112.015144,Public tracker coordinates,Palo Verde,AZ,477.4,4209.6,Cleanview public U.S. data-center tracker,https://cleanview.co/data-centers/us,Individual facility or project from Cleanview's public geocoded U.S. data-center inventory.
Meta Stanton Springs - Building 8,,Operating,Operating,Publicly tracked data-center facility,48.0,48 MW,4.0,"Newton, GA",33.600184,-83.675208,Public tracker coordinates,Oconee,SC,93.7,2666.7,Cleanview public U.S. data-center tracker,https://cleanview.co/data-centers/us,Individual facility or project from Cleanview's public geocoded U.S. data-center inventory.
Meta Stanton Springs - Building 7,,Operating,Operating,Publicly tracked data-center facility,48.0,48 MW,4.0,"Newton, GA",33.596895,-83.672193,Public tracker coordinates,Oconee,SC,93.8,2666.7,Cleanview public U.S. data-center tracker,https://cleanview.co/data-centers/us,Individual facility or project from Cleanview's public geocoded U.S. data-center inventory.
Lithia Springs Campus Data Center: ATL5,,Planned,Planned,Publicly tracked data-center facility,48.0,48 MW,4.0,"Fulton, GA",33.74736724,-84.54028465,Public tracker coordinates,Sequoyah,TN,106.9,2441.0,Cleanview public U.S. data-center tracker,https://cleanview.co/data-centers/us,Individual facility or project from Cleanview's public geocoded U.S. data-center inventory.
Prime Data Centers: DFW04-02.01,,Planned,Planned,Publicly tracked data-center facility,48.0,48 MW,4.0,"Tarrant, TX",32.67947438,-97.49667555,Public tracker coordinates,Comanche Peak,TX,31.3,2430.0,Cleanview public U.S. data-center tracker,https://cleanview.co/data-centers/us,Individual facility or project from Cleanview's public geocoded U.S. data-center inventory.
Stack Infrastructure SVY02A,,Operating,Operating,Publicly tracked data-center facility,48.0,48 MW,4.0,"Santa Clara, CA",37.36150421,-121.9534367,Public tracker coordinates,Diablo Canyon,CA,160.6,2323.0,Cleanview public U.S. data-center tracker,https://cleanview.co/data-centers/us,Individual facility or project from Cleanview's public geocoded U.S. data-center inventory.
CyrusOne HOU4,,Operating,Operating,Publicly tracked data-center facility,48.0,48 MW,4.0,"Harris, TX",29.84402474,-95.55768501,Public tracker coordinates,South Texas Project,TX,78.3,2708.6,Cleanview public U.S. data-center tracker,https://cleanview.co/data-centers/us,Individual facility or project from Cleanview's public geocoded U.S. data-center inventory.
Meta Fort Worth - Building 4,,Operating,Operating,Publicly tracked data-center facility,48.0,48 MW,4.0,"Tarrant, TX",32.988052,-97.256382,Public tracker coordinates,Comanche Peak,TX,56.7,2430.0,Cleanview public U.S. data-center tracker,https://cleanview.co/data-centers/us,Individual facility or project from Cleanview's public geocoded U.S. data-center inventory.
Aligned Salt Lake SLC 02,,Operating,Operating,Publicly tracked data-center facility,48.0,48 MW,4.0,"Salt Lake, UT",40.58371543,-111.968525,Public tracker coordinates,Palo Verde,AZ,499.6,4209.6,Cleanview public U.S. data-center tracker,https://cleanview.co/data-centers/us,Individual facility or project from Cleanview's public geocoded U.S. data-center inventory.
Iron Mountain AZP-2,,Operating,Operating,Publicly tracked data-center facility,48.0,48 MW,4.0,"Maricopa, AZ",33.45195599,-111.9776687,Public tracker coordinates,Palo Verde,AZ,51.2,4209.6,Cleanview public U.S. data-center tracker,https://cleanview.co/data-centers/us,Individual facility or project from Cleanview's public geocoded U.S. data-center inventory.
Meta Gallatin - Building 2,,Operating,Operating,Publicly tracked data-center facility,48.0,48 MW,4.0,"Sumner, TN",36.411766,-86.368907,Public tracker coordinates,Watts Bar Nuclear Plant,TN,104.5,2539.8,Cleanview public U.S. data-center tracker,https://cleanview.co/data-centers/us,Individual facility or project from Cleanview's public geocoded U.S. data-center inventory.
Meta Stanton Springs - Building 6,,Operating,Operating,Publicly tracked data-center facility,48.0,48 MW,4.0,"Newton, GA",33.598027,-83.671343,Public tracker coordinates,Oconee,SC,93.7,2666.7,Cleanview public U.S. data-center tracker,https://cleanview.co/data-centers/us,Individual facility or project from Cleanview's public geocoded U.S. data-center inventory.
Meta Stanton Springs - Building 5,,Operating,Operating,Publicly tracked data-center facility,48.0,48 MW,4.0,"Newton, GA",33.60085,-83.697406,Public tracker coordinates,Oconee,SC,94.2,2666.7,Cleanview public U.S. data-center tracker,https://cleanview.co/data-centers/us,Individual facility or project from Cleanview's public geocoded U.S. data-center inventory.
Meta Stanton Springs - Building 4,,Operating,Operating,Publicly tracked data-center facility,48.0,48 MW,4.0,"Newton, GA",33.599371,-83.696043,Public tracker coordinates,Oconee,SC,94.3,2666.7,Cleanview public U.S. data-center tracker,https://cleanview.co/data-centers/us,Individual facility or project from Cleanview's public geocoded U.S. data-center inventory.
Meta Gallatin - Building 1,,Operating,Operating,Publicly tracked data-center facility,48.0,48 MW,4.0,"Sumner, TN",36.412021,-86.370555,Public tracker coordinates,Watts Bar Nuclear Plant,TN,104.6,2539.8,Cleanview public U.S. data-center tracker,https://cleanview.co/data-centers/us,Individual facility or project from Cleanview's public geocoded U.S. data-center inventory.
Meta Gallatin - Building 3,,Operating,Operating,Publicly tracked data-center facility,48.0,48 MW,4.0,"Sumner, TN",36.41146,-86.366784,Public tracker coordinates,Watts Bar Nuclear Plant,TN,104.4,2539.8,Cleanview public U.S. data-center tracker,https://cleanview.co/data-centers/us,Individual facility or project from Cleanview's public geocoded U.S. data-center inventory.
Meta Stanton Springs - Building 3,,Operating,Operating,Publicly tracked data-center facility,48.0,48 MW,4.0,"Newton, GA",33.598052,-83.695092,Public tracker coordinates,Oconee,SC,94.3,2666.7,Cleanview public U.S. data-center tracker,https://cleanview.co/data-centers/us,Individual facility or project from Cleanview's public geocoded U.S. data-center inventory.
Meta Stanton Springs - Building 2,,Operating,Operating,Publicly tracked data-center facility,48.0,48 MW,4.0,"Newton, GA",33.600533,-83.705899,Public tracker coordinates,Oconee,SC,94.5,2666.7,Cleanview public U.S. data-center tracker,https://cleanview.co/data-centers/us,Individual facility or project from Cleanview's public geocoded U.S. data-center inventory.
Meta Stanton Springs - Building 1,,Operating,Operating,Publicly tracked data-center facility,48.0,48 MW,4.0,"Newton, GA",33.602196,-83.704853,Public tracker coordinates,Oconee,SC,94.4,2666.7,Cleanview public U.S. data-center tracker,https://cleanview.co/data-centers/us,Individual facility or project from Cleanview's public geocoded U.S. data-center inventory.
Meta Huntsville - Building 3,,Operating,Operating,Publicly tracked data-center facility,48.0,48 MW,4.0,"Madison, AL",34.8430213,-86.6288448,Public tracker coordinates,Browns Ferry,AL,29.4,3854.0,Cleanview public U.S. data-center tracker,https://cleanview.co/data-centers/us,Individual facility or project from Cleanview's public geocoded U.S. data-center inventory.
Meta Huntsville - Building 2,,Operating,Operating,Publicly tracked data-center facility,48.0,48 MW,4.0,"Madison, AL",34.8412527,-86.6288368,Public tracker coordinates,Browns Ferry,AL,29.4,3854.0,Cleanview public U.S. data-center tracker,https://cleanview.co/data-centers/us,Individual facility or project from Cleanview's public geocoded U.S. data-center inventory.
Meta Huntsville - Building 1,,Operating,Operating,Publicly tracked data-center facility,48.0,48 MW,4.0,"Madison, AL",34.8396986,-86.6288368,Public tracker coordinates,Browns Ferry,AL,29.3,3854.0,Cleanview public U.S. data-center tracker,https://cleanview.co/data-centers/us,Individual facility or project from Cleanview's public geocoded U.S. data-center inventory.
Meta Altoona - Building 5,,Operating,Operating,Publicly tracked data-center facility,48.0,48 MW,4.0,"Polk, IA",41.668606,-93.516496,Public tracker coordinates,Cooper Nuclear Station,NE,142.8,801.0,Cleanview public U.S. data-center tracker,https://cleanview.co/data-centers/us,Individual facility or project from Cleanview's public geocoded U.S. data-center inventory.
Meta Altoona - Building 4,,Operating,Operating,Publicly tracked data-center facility,48.0,48 MW,4.0,"Polk, IA",41.666932,-93.516227,Public tracker coordinates,Cooper Nuclear Station,NE,142.8,801.0,Cleanview public U.S. data-center tracker,https://cleanview.co/data-centers/us,Individual facility or project from Cleanview's public geocoded U.S. data-center inventory.
Meta Altoona - Building 3,,Operating,Operating,Publicly tracked data-center facility,48.0,48 MW,4.0,"Polk, IA",41.667133,-93.506756,Public tracker coordinates,Cooper Nuclear Station,NE,143.2,801.0,Cleanview public U.S. data-center tracker,https://cleanview.co/data-centers/us,Individual facility or project from Cleanview's public geocoded U.S. data-center inventory.
Microsoft SAT40,,Operating,Operating,Publicly tracked data-center facility,48.0,48 MW,4.0,"Bexar, TX",29.418971,-98.802905,Public tracker coordinates,South Texas Project,TX,171.8,2708.6,Cleanview public U.S. data-center tracker,https://cleanview.co/data-centers/us,Individual facility or project from Cleanview's public geocoded U.S. data-center inventory.
Meta New Albany - Building 5,,Operating,Operating,Publicly tracked data-center facility,48.0,48 MW,4.0,"Licking, OH",40.060956,-82.750856,Public tracker coordinates,Davis Besse,OH,107.5,925.2,Cleanview public U.S. data-center tracker,https://cleanview.co/data-centers/us,Individual facility or project from Cleanview's public geocoded U.S. data-center inventory.
Meta New Albany - Building 4,,Operating,Operating,Publicly tracked data-center facility,48.0,48 MW,4.0,"Licking, OH",40.059802,-82.750959,Public tracker coordinates,Davis Besse,OH,107.6,925.2,Cleanview public U.S. data-center tracker,https://cleanview.co/data-centers/us,Individual facility or project from Cleanview's public geocoded U.S. data-center inventory.
Meta New Albany - Building 3,,Operating,Operating,Publicly tracked data-center facility,48.0,48 MW,4.0,"Licking, OH",40.066022,-82.74917,Public tracker coordinates,Davis Besse,OH,107.2,925.2,Cleanview public U.S. data-center tracker,https://cleanview.co/data-centers/us,Individual facility or project from Cleanview's public geocoded U.S. data-center inventory.
Meta New Albany - Building 2,,Operating,Operating,Publicly tracked data-center facility,48.0,48 MW,4.0,"Licking, OH",40.067665,-82.750115,Public tracker coordinates,Davis Besse,OH,107.1,925.2,Cleanview public U.S. data-center tracker,https://cleanview.co/data-centers/us,Individual facility or project from Cleanview's public geocoded U.S. data-center inventory.
Meta New Albany - Building 1,,Operating,Operating,Publicly tracked data-center facility,48.0,48 MW,4.0,"Licking, OH",40.069249,-82.750524,Public tracker coordinates,Davis Besse,OH,107.0,925.2,Cleanview public U.S. data-center tracker,https://cleanview.co/data-centers/us,Individual facility or project from Cleanview's public geocoded U.S. data-center inventory.
Meta Fort Worth - Building 5,,Operating,Operating,Publicly tracked data-center facility,48.0,48 MW,4.0,"Tarrant, TX",32.988233,-97.254411,Public tracker coordinates,Comanche Peak,TX,56.8,2430.0,Cleanview public U.S. data-center tracker,https://cleanview.co/data-centers/us,Individual facility or project from Cleanview's public geocoded U.S. data-center inventory.
Meta Fort Worth - Building 2,,Operating,Operating,Publicly tracked data-center facility,48.0,48 MW,4.0,"Tarrant, TX",32.9845261,-97.2598955,Public tracker coordinates,Comanche Peak,TX,56.4,2430.0,Cleanview public U.S. data-center tracker,https://cleanview.co/data-centers/us,Individual facility or project from Cleanview's public geocoded U.S. data-center inventory.
Meta Altoona - Building 10,,Operating,Operating,Publicly tracked data-center facility,48.0,48 MW,4.0,"Polk, IA",41.67577,-93.505112,Public tracker coordinates,Cooper Nuclear Station,NE,143.6,801.0,Cleanview public U.S. data-center tracker,https://cleanview.co/data-centers/us,Individual facility or project from Cleanview's public geocoded U.S. data-center inventory.
Meta Altoona - Building 9,,Operating,Operating,Publicly tracked data-center facility,48.0,48 MW,4.0,"Polk, IA",41.675704,-93.506875,Public tracker coordinates,Cooper Nuclear Station,NE,143.5,801.0,Cleanview public U.S. data-center tracker,https://cleanview.co/data-centers/us,Individual facility or project from Cleanview's public geocoded U.S. data-center inventory.
Meta Altoona - Building 8,,Operating,Operating,Publicly tracked data-center facility,48.0,48 MW,4.0,"Polk, IA",41.675704,-93.508847,Public tracker coordinates,Cooper Nuclear Station,NE,143.5,801.0,Cleanview public U.S. data-center tracker,https://cleanview.co/data-centers/us,Individual facility or project from Cleanview's public geocoded U.S. data-center inventory.
Meta Altoona - Building 7,,Operating,Operating,Publicly tracked data-center facility,48.0,48 MW,4.0,"Polk, IA",41.671865,-93.516675,Public tracker coordinates,Cooper Nuclear Station,NE,143.0,801.0,Cleanview public U.S. data-center tracker,https://cleanview.co/data-centers/us,Individual facility or project from Cleanview's public geocoded U.S. data-center inventory.
Meta Altoona - Building 6,,Operating,Operating,Publicly tracked data-center facility,48.0,48 MW,4.0,"Polk, IA",41.670615,-93.516526,Public tracker coordinates,Cooper Nuclear Station,NE,142.9,801.0,Cleanview public U.S. data-center tracker,https://cleanview.co/data-centers/us,Individual facility or project from Cleanview's public geocoded U.S. data-center inventory.
Meta Prineville - Building 8,,Operating,Operating,Publicly tracked data-center facility,48.0,48 MW,4.0,"Crook, OR",44.299375,-120.894595,Public tracker coordinates,Columbia Generating Station,WA,168.1,1200.0,Cleanview public U.S. data-center tracker,https://cleanview.co/data-centers/us,Individual facility or project from Cleanview's public geocoded U.S. data-center inventory.
Meta Prineville - Building 4,,Operating,Operating,Publicly tracked data-center facility,48.0,48 MW,4.0,"Crook, OR",44.29908,-120.878179,Public tracker coordinates,Columbia Generating Station,WA,167.7,1200.0,Cleanview public U.S. data-center tracker,https://cleanview.co/data-centers/us,Individual facility or project from Cleanview's public geocoded U.S. data-center inventory.
Meta Prineville - Building 2,,Operating,Operating,Publicly tracked data-center facility,48.0,48 MW,4.0,"Crook, OR",44.294997,-120.883979,Public tracker coordinates,Columbia Generating Station,WA,168.1,1200.0,Cleanview public U.S. data-center tracker,https://cleanview.co/data-centers/us,Individual facility or project from Cleanview's public geocoded U.S. data-center inventory.
Meta Prineville - Building 1,,Operating,Operating,Publicly tracked data-center facility,48.0,48 MW,4.0,"Crook, OR",44.295836,-120.887148,Public tracker coordinates,Columbia Generating Station,WA,168.1,1200.0,Cleanview public U.S. data-center tracker,https://cleanview.co/data-centers/us,Individual facility or project from Cleanview's public geocoded U.S. data-center inventory.
Meta Mesa - Building 4,,Operating,Operating,Publicly tracked data-center facility,48.0,48 MW,4.0,"Maricopa, AZ",33.346323,-111.628317,Public tracker coordinates,Palo Verde,AZ,71.2,4209.6,Cleanview public U.S. data-center tracker,https://cleanview.co/data-centers/us,Individual facility or project from Cleanview's public geocoded U.S. data-center inventory.
Meta Los Lunas - Building 1,,Operating,Operating,Publicly tracked data-center facility,48.0,48 MW,4.0,"Valencia, NM",34.830243,-106.784818,Public tracker coordinates,Palo Verde,AZ,361.6,4209.6,Cleanview public U.S. data-center tracker,https://cleanview.co/data-centers/us,Individual facility or project from Cleanview's public geocoded U.S. data-center inventory.
Meta Los Lunas - Building 2,,Operating,Operating,Publicly tracked data-center facility,48.0,48 MW,4.0,"Valencia, NM",34.830191,-106.782821,Public tracker coordinates,Palo Verde,AZ,361.7,4209.6,Cleanview public U.S. data-center tracker,https://cleanview.co/data-centers/us,Individual facility or project from Cleanview's public geocoded U.S. data-center inventory.
Meta Mesa - Building 2,,Operating,Operating,Publicly tracked data-center facility,48.0,48 MW,4.0,"Maricopa, AZ",33.347187,-111.631863,Public tracker coordinates,Palo Verde,AZ,71.0,4209.6,Cleanview public U.S. data-center tracker,https://cleanview.co/data-centers/us,Individual facility or project from Cleanview's public geocoded U.S. data-center inventory.
Meta Prineville - Building 7,,Operating,Operating,Publicly tracked data-center facility,48.0,48 MW,4.0,"Crook, OR",44.301257,-120.891204,Public tracker coordinates,Columbia Generating Station,WA,167.9,1200.0,Cleanview public U.S. data-center tracker,https://cleanview.co/data-centers/us,Individual facility or project from Cleanview's public geocoded U.S. data-center inventory.
Meta Prineville - Building 6,,Operating,Operating,Publicly tracked data-center facility,48.0,48 MW,4.0,"Crook, OR",44.301167,-120.88851,Public tracker coordinates,Columbia Generating Station,WA,167.8,1200.0,Cleanview public U.S. data-center tracker,https://cleanview.co/data-centers/us,Individual facility or project from Cleanview's public geocoded U.S. data-center inventory.
Meta Los Lunas - Building 8,,Operating,Operating,Publicly tracked data-center facility,48.0,48 MW,4.0,"Valencia, NM",34.8258292900675,-106.78177552745095,Public tracker coordinates,Palo Verde,AZ,361.7,4209.6,Cleanview public U.S. data-center tracker,https://cleanview.co/data-centers/us,Individual facility or project from Cleanview's public geocoded U.S. data-center inventory.
Meta Los Lunas - Building 6,,Operating,Operating,Publicly tracked data-center facility,48.0,48 MW,4.0,"Valencia, NM",34.825821,-106.778099,Public tracker coordinates,Palo Verde,AZ,361.9,4209.6,Cleanview public U.S. data-center tracker,https://cleanview.co/data-centers/us,Individual facility or project from Cleanview's public geocoded U.S. data-center inventory.
Project Dorothy 2,,Operating,Operating,Publicly tracked data-center facility,48.0,48 MW,4.0,"Briscoe, TX",34.432267,-101.2372,Public tracker coordinates,Comanche Peak,TX,247.8,2430.0,Cleanview public U.S. data-center tracker,https://cleanview.co/data-centers/us,Individual facility or project from Cleanview's public geocoded U.S. data-center inventory.
Meta Los Lunas - Building 3,,Operating,Operating,Publicly tracked data-center facility,48.0,48 MW,4.0,"Valencia, NM",34.83004001323266,-106.78034711664232,Public tracker coordinates,Palo Verde,AZ,361.8,4209.6,Cleanview public U.S. data-center tracker,https://cleanview.co/data-centers/us,Individual facility or project from Cleanview's public geocoded U.S. data-center inventory.
Meta Los Lunas - Building 7,,Operating,Operating,Publicly tracked data-center facility,48.0,48 MW,4.0,"Valencia, NM",34.825795,-106.77962,Public tracker coordinates,Palo Verde,AZ,361.8,4209.6,Cleanview public U.S. data-center tracker,https://cleanview.co/data-centers/us,Individual facility or project from Cleanview's public geocoded U.S. data-center inventory.
Meta Los Lunas - Building 5,,Operating,Operating,Publicly tracked data-center facility,48.0,48 MW,4.0,"Valencia, NM",34.830269,-106.775469,Public tracker coordinates,Palo Verde,AZ,362.1,4209.6,Cleanview public U.S. data-center tracker,https://cleanview.co/data-centers/us,Individual facility or project from Cleanview's public geocoded U.S. data-center inventory.
Meta Prineville - Building 10,,Operating,Operating,Publicly tracked data-center facility,48.0,48 MW,4.0,"Crook, OR",44.302346,-120.8945,Public tracker coordinates,Columbia Generating Station,WA,167.9,1200.0,Cleanview public U.S. data-center tracker,https://cleanview.co/data-centers/us,Individual facility or project from Cleanview's public geocoded U.S. data-center inventory.
Meta Los Lunas - Building 4,,Operating,Operating,Publicly tracked data-center facility,48.0,48 MW,4.0,"Valencia, NM",34.830243,-106.777339,Public tracker coordinates,Palo Verde,AZ,362.0,4209.6,Cleanview public U.S. data-center tracker,https://cleanview.co/data-centers/us,Individual facility or project from Cleanview's public geocoded U.S. data-center inventory.
Meta Prineville - Building 9,,Operating,Operating,Publicly tracked data-center facility,48.0,48 MW,4.0,"Crook, OR",44.30103,-120.894627,Public tracker coordinates,Columbia Generating Station,WA,168.0,1200.0,Cleanview public U.S. data-center tracker,https://cleanview.co/data-centers/us,Individual facility or project from Cleanview's public geocoded U.S. data-center inventory.
Meta Los Lunas - Building 10,,Planned,Planned,Publicly tracked data-center facility,48.0,48 MW,4.0,"Valencia, NM",34.82187263027823,-106.78527044937042,Public tracker coordinates,Palo Verde,AZ,361.4,4209.6,Cleanview public U.S. data-center tracker,https://cleanview.co/data-centers/us,Individual facility or project from Cleanview's public geocoded U.S. data-center inventory.
Stack Infrastructure DFW01C,,Planned,Planned,Publicly tracked data-center facility,48.0,48 MW,4.0,"Dallas, TX",33.06580723,-96.81353889,Public tracker coordinates,Comanche Peak,TX,77.5,2430.0,Cleanview public U.S. data-center tracker,https://cleanview.co/data-centers/us,Individual facility or project from Cleanview's public geocoded U.S. data-center inventory.
Stack Infrastructure NAL01B,,Planned,Planned,Publicly tracked data-center facility,48.0,48 MW,4.0,"Athens, OH",40.10636643,-82.80367195,Public tracker coordinates,Davis Besse,OH,104.0,925.2,Cleanview public U.S. data-center tracker,https://cleanview.co/data-centers/us,Individual facility or project from Cleanview's public geocoded U.S. data-center inventory.
Prime Data Centers: DFW04-03.01,,Planned,Planned,Publicly tracked data-center facility,48.0,48 MW,4.0,"Tarrant, TX",32.67947438,-97.49667555,Public tracker coordinates,Comanche Peak,TX,31.3,2430.0,Cleanview public U.S. data-center tracker,https://cleanview.co/data-centers/us,Individual facility or project from Cleanview's public geocoded U.S. data-center inventory.
Prime Data Centers: DFW04-01.01,,Planned,Planned,Publicly tracked data-center facility,48.0,48 MW,4.0,"Tarrant, TX",32.67947438,-97.49667555,Public tracker coordinates,Comanche Peak,TX,31.3,2430.0,Cleanview public U.S. data-center tracker,https://cleanview.co/data-centers/us,Individual facility or project from Cleanview's public geocoded U.S. data-center inventory.
Meta Huntsville - Building 5,,Operating,Operating,Publicly tracked data-center facility,48.0,48 MW,4.0,"Madison, AL",34.8478393,-86.6269116,Public tracker coordinates,Browns Ferry,AL,29.6,3854.0,Cleanview public U.S. data-center tracker,https://cleanview.co/data-centers/us,Individual facility or project from Cleanview's public geocoded U.S. data-center inventory.
Meta Huntsville - Building 4,,Operating,Operating,Publicly tracked data-center facility,48.0,48 MW,4.0,"Madison, AL",34.846708,-86.6268799,Public tracker coordinates,Browns Ferry,AL,29.6,3854.0,Cleanview public U.S. data-center tracker,https://cleanview.co/data-centers/us,Individual facility or project from Cleanview's public geocoded U.S. data-center inventory.
Meta Mesa - Building 3,,Operating,Operating,Publicly tracked data-center facility,48.0,48 MW,4.0,"Maricopa, AZ",33.346323,-111.629517,Public tracker coordinates,Palo Verde,AZ,71.2,4209.6,Cleanview public U.S. data-center tracker,https://cleanview.co/data-centers/us,Individual facility or project from Cleanview's public geocoded U.S. data-center inventory.
Vantage IN13,,Planned,Planned,Publicly tracked data-center facility,48.0,48 MW,4.0,"Hendricks, IN",39.8825,-86.4462,Public tracker coordinates,Clinton Power Station,IL,127.9,1138.3,Cleanview public U.S. data-center tracker,https://cleanview.co/data-centers/us,Individual facility or project from Cleanview's public geocoded U.S. data-center inventory.
Iron Mountain VA-8/9,,Planned,Planned,Publicly tracked data-center facility,48.0,48 MW,4.0,"Prince William, VA",38.771710476514514,-77.54264965153239,Public tracker coordinates,North Anna,VA,51.0,1959.4,Cleanview public U.S. data-center tracker,https://cleanview.co/data-centers/us,Individual facility or project from Cleanview's public geocoded U.S. data-center inventory.
Meta Prineville - Building 5,,Operating,Operating,Publicly tracked data-center facility,48.0,48 MW,4.0,"Crook, OR",44.299103,-120.880588,Public tracker coordinates,Columbia Generating Station,WA,167.8,1200.0,Cleanview public U.S. data-center tracker,https://cleanview.co/data-centers/us,Individual facility or project from Cleanview's public geocoded U.S. data-center inventory.
Meta Papillion - Building 1,,Operating,Operating,Publicly tracked data-center facility,47.5,48 MW,4.0,"Sarpy, NE",41.124328,-96.144179,Public tracker coordinates,Cooper Nuclear Station,NE,58.8,801.0,Cleanview public U.S. data-center tracker,https://cleanview.co/data-centers/us,Individual facility or project from Cleanview's public geocoded U.S. data-center inventory.
Meta Papillion - Building 7,,Operating,Operating,Publicly tracked data-center facility,47.5,48 MW,4.0,"Sarpy, NE",41.113813,-96.142441,Public tracker coordinates,Cooper Nuclear Station,NE,58.2,801.0,Cleanview public U.S. data-center tracker,https://cleanview.co/data-centers/us,Individual facility or project from Cleanview's public geocoded U.S. data-center inventory.
Meta Papillion - Building 6,,Operating,Operating,Publicly tracked data-center facility,47.5,48 MW,4.0,"Sarpy, NE",41.114805,-96.143284,Public tracker coordinates,Cooper Nuclear Station,NE,58.2,801.0,Cleanview public U.S. data-center tracker,https://cleanview.co/data-centers/us,Individual facility or project from Cleanview's public geocoded U.S. data-center inventory.
Meta Papillion - Building 5,,Operating,Operating,Publicly tracked data-center facility,47.5,48 MW,4.0,"Sarpy, NE",41.122761,-96.132987,Public tracker coordinates,Cooper Nuclear Station,NE,58.5,801.0,Cleanview public U.S. data-center tracker,https://cleanview.co/data-centers/us,Individual facility or project from Cleanview's public geocoded U.S. data-center inventory.
Meta Papillion - Building 4,,Operating,Operating,Publicly tracked data-center facility,47.5,48 MW,4.0,"Sarpy, NE",41.124388,-96.132908,Public tracker coordinates,Cooper Nuclear Station,NE,58.6,801.0,Cleanview public U.S. data-center tracker,https://cleanview.co/data-centers/us,Individual facility or project from Cleanview's public geocoded U.S. data-center inventory.
Meta Papillion - Building 3,,Operating,Operating,Publicly tracked data-center facility,47.5,48 MW,4.0,"Sarpy, NE",41.121233,-96.144469,Public tracker coordinates,Cooper Nuclear Station,NE,58.7,801.0,Cleanview public U.S. data-center tracker,https://cleanview.co/data-centers/us,Individual facility or project from Cleanview's public geocoded U.S. data-center inventory.
Meta Papillion - Building 2,,Operating,Operating,Publicly tracked data-center facility,47.5,48 MW,4.0,"Sarpy, NE",41.122721,-96.144311,Public tracker coordinates,Cooper Nuclear Station,NE,58.7,801.0,Cleanview public U.S. data-center tracker,https://cleanview.co/data-centers/us,Individual facility or project from Cleanview's public geocoded U.S. data-center inventory.
Meta Papillion - Building 8,,Operating,Operating,Publicly tracked data-center facility,47.5,48 MW,4.0,"Sarpy, NE",41.112384,-96.141756,Public tracker coordinates,Cooper Nuclear Station,NE,58.1,801.0,Cleanview public U.S. data-center tracker,https://cleanview.co/data-centers/us,Individual facility or project from Cleanview's public geocoded U.S. data-center inventory.
AWS IAD-79 Interconnection,,Operating,Operating,Publicly tracked data-center facility,47.4,47 MW,4.0,"Loudoun, VA",39.0263574,-77.45087035,Public tracker coordinates,Calvert Cliffs Nuclear Power Plant,MD,68.1,1850.4,Cleanview public U.S. data-center tracker,https://cleanview.co/data-centers/us,Individual facility or project from Cleanview's public geocoded U.S. data-center inventory.
AWS IAD-129 Charles View,,Operating,Operating,Publicly tracked data-center facility,47.1,47 MW,4.0,"Loudoun, VA",39.01608025,-77.43838185,Public tracker coordinates,Calvert Cliffs Nuclear Power Plant,MD,67.1,1850.4,Cleanview public U.S. data-center tracker,https://cleanview.co/data-centers/us,Individual facility or project from Cleanview's public geocoded U.S. data-center inventory.
AWS IAD-118 Charles View,,Operating,Operating,Publicly tracked data-center facility,47.1,47 MW,4.0,"Loudoun, VA",39.01850855,-77.43883615,Public tracker coordinates,Calvert Cliffs Nuclear Power Plant,MD,67.2,1850.4,Cleanview public U.S. data-center tracker,https://cleanview.co/data-centers/us,Individual facility or project from Cleanview's public geocoded U.S. data-center inventory.
AWS IAD-91 Pathfinder Plaza,,Operating,Operating,Publicly tracked data-center facility,46.9,47 MW,4.0,"Loudoun, VA",38.98784715,-77.41111915,Public tracker coordinates,Calvert Cliffs Nuclear Power Plant,MD,64.8,1850.4,Cleanview public U.S. data-center tracker,https://cleanview.co/data-centers/us,Individual facility or project from Cleanview's public geocoded U.S. data-center inventory.
AWS Industrial Parkway Building 4,,Planned,Planned,Publicly tracked data-center facility,46.8,47 MW,4.0,"Union, OH",40.134681,-83.211774,Public tracker coordinates,Davis Besse,OH,101.2,925.2,Cleanview public U.S. data-center tracker,https://cleanview.co/data-centers/us,Individual facility or project from Cleanview's public geocoded U.S. data-center inventory.
CyrusOne NVA8,,Operating,Operating,Publicly tracked data-center facility,46.8,47 MW,4.0,"Loudoun, VA",39.021167,-77.41322,Public tracker coordinates,Calvert Cliffs Nuclear Power Plant,MD,66.2,1850.4,Cleanview public U.S. data-center tracker,https://cleanview.co/data-centers/us,Individual facility or project from Cleanview's public geocoded U.S. data-center inventory.
Digital Realty IAD40,,Operating,Operating,Publicly tracked data-center facility,46.7,47 MW,4.0,"Loudoun, VA",39.006244,-77.468289,Public tracker coordinates,North Anna,VA,67.6,1959.4,Cleanview public U.S. data-center tracker,https://cleanview.co/data-centers/us,Individual facility or project from Cleanview's public geocoded U.S. data-center inventory.
AWS PDX-2 Beach Access Rd,,Operating,Operating,Publicly tracked data-center facility,46.6,47 MW,4.0,"Umatilla, OR",45.9164,-119.2678,Public tracker coordinates,Columbia Generating Station,WA,38.5,1200.0,Cleanview public U.S. data-center tracker,https://cleanview.co/data-centers/us,Individual facility or project from Cleanview's public geocoded U.S. data-center inventory.
AWS IAD-114 Loudoun County Parkway,,Operating,Operating,Publicly tracked data-center facility,46.5,46 MW,4.0,"Loudoun, VA",39.03549405,-77.4506986,Public tracker coordinates,Calvert Cliffs Nuclear Power Plant,MD,68.4,1850.4,Cleanview public U.S. data-center tracker,https://cleanview.co/data-centers/us,Individual facility or project from Cleanview's public geocoded U.S. data-center inventory.
AWS IAD-115 Loudoun County Parkway,,Operating,Operating,Publicly tracked data-center facility,46.5,46 MW,4.0,"Loudoun, VA",39.03629405,-77.4497948,Public tracker coordinates,Calvert Cliffs Nuclear Power Plant,MD,68.4,1850.4,Cleanview public U.S. data-center tracker,https://cleanview.co/data-centers/us,Individual facility or project from Cleanview's public geocoded U.S. data-center inventory.
AWS IAD-61 Clubber Lane,,Operating,Operating,Publicly tracked data-center facility,46.2,46 MW,4.0,"Loudoun, VA",38.91580515,-77.49198695,Public tracker coordinates,North Anna,VA,61.3,1959.4,Cleanview public U.S. data-center tracker,https://cleanview.co/data-centers/us,Individual facility or project from Cleanview's public geocoded U.S. data-center inventory.
CyrusOne PNW1,,Operating,Operating,Publicly tracked data-center facility,46.0,46 MW,4.0,"Grant County, WA",47.24385,-119.86967,Public tracker coordinates,Columbia Generating Station,WA,59.1,1200.0,Cleanview public U.S. data-center tracker,https://cleanview.co/data-centers/us,Individual facility or project from Cleanview's public geocoded U.S. data-center inventory.
AWS PDX-58 Rippee Rd,,Operating,Operating,Publicly tracked data-center facility,45.8,46 MW,4.0,"Morrow, OR",45.8414,-119.6579,Public tracker coordinates,Columbia Generating Station,WA,46.2,1200.0,Cleanview public U.S. data-center tracker,https://cleanview.co/data-centers/us,Individual facility or project from Cleanview's public geocoded U.S. data-center inventory.
AWS PDX-61 Rippee Rd,,Operating,Operating,Publicly tracked data-center facility,45.8,46 MW,4.0,"Morrow, OR",45.8414,-119.6579,Public tracker coordinates,Columbia Generating Station,WA,46.2,1200.0,Cleanview public U.S. data-center tracker,https://cleanview.co/data-centers/us,Individual facility or project from Cleanview's public geocoded U.S. data-center inventory.
Iron Mountain VA-4,,Operating,Operating,Publicly tracked data-center facility,45.4,45 MW,4.0,"Prince William, VA",38.77445311,-77.5421238,Public tracker coordinates,North Anna,VA,51.2,1959.4,Cleanview public U.S. data-center tracker,https://cleanview.co/data-centers/us,Individual facility or project from Cleanview's public geocoded U.S. data-center inventory.
AWS IAD-169 Beaumeade Circle,,Operating,Operating,Publicly tracked data-center facility,45.2,45 MW,4.0,"Loudoun, VA",39.0167452,-77.4520059,Public tracker coordinates,Calvert Cliffs Nuclear Power Plant,MD,67.7,1850.4,Cleanview public U.S. data-center tracker,https://cleanview.co/data-centers/us,Individual facility or project from Cleanview's public geocoded U.S. data-center inventory.
AWS IAD-179 Beaumeade Circle,,Operating,Operating,Publicly tracked data-center facility,45.2,45 MW,4.0,"Loudoun, VA",39.015885,-77.4531399,Public tracker coordinates,Calvert Cliffs Nuclear Power Plant,MD,67.7,1850.4,Cleanview public U.S. data-center tracker,https://cleanview.co/data-centers/us,Individual facility or project from Cleanview's public geocoded U.S. data-center inventory.
AWS IAD-78 Interconnection,,Operating,Operating,Publicly tracked data-center facility,45.1,45 MW,4.0,"Loudoun, VA",39.02636805,-77.4495202,Public tracker coordinates,Calvert Cliffs Nuclear Power Plant,MD,68.0,1850.4,Cleanview public U.S. data-center tracker,https://cleanview.co/data-centers/us,Individual facility or project from Cleanview's public geocoded U.S. data-center inventory.
Compass Red Oak - Building 2,,Operating,Operating,Publicly tracked data-center facility,45.0,45 MW,4.0,"Ellis, TX",32.54159,-96.80221,Public tracker coordinates,Comanche Peak,TX,59.8,2430.0,Cleanview public U.S. data-center tracker,https://cleanview.co/data-centers/us,Individual facility or project from Cleanview's public geocoded U.S. data-center inventory.
AWS PDX-62 Lewis & Clark Dr,,Operating,Operating,Publicly tracked data-center facility,45.0,45 MW,4.0,"Morrow, OR",45.8467,-119.6037,Public tracker coordinates,Columbia Generating Station,WA,45.0,1200.0,Cleanview public U.S. data-center tracker,https://cleanview.co/data-centers/us,Individual facility or project from Cleanview's public geocoded U.S. data-center inventory.
Compass Red Oak - Building 3,,Operating,Operating,Publicly tracked data-center facility,45.0,45 MW,4.0,"Ellis, TX",32.5429,-96.80219,Public tracker coordinates,Comanche Peak,TX,59.8,2430.0,Cleanview public U.S. data-center tracker,https://cleanview.co/data-centers/us,Individual facility or project from Cleanview's public geocoded U.S. data-center inventory.
DC Blox: Camp Hall,,Planned,Planned,Publicly tracked data-center facility,45.0,45 MW,4.0,"Berkeley, SC",33.13344248,-80.26902843,Public tracker coordinates,Vogtle,GA,86.4,4658.0,Cleanview public U.S. data-center tracker,https://cleanview.co/data-centers/us,Individual facility or project from Cleanview's public geocoded U.S. data-center inventory.
Compass Red Oak - Building 9,,Planned,Planned,Publicly tracked data-center facility,45.0,45 MW,4.0,"Ellis, TX",32.54396,-96.7884,Public tracker coordinates,Comanche Peak,TX,60.6,2430.0,Cleanview public U.S. data-center tracker,https://cleanview.co/data-centers/us,Individual facility or project from Cleanview's public geocoded U.S. data-center inventory.
Compass Red Oak - Building 4,,Operating,Operating,Publicly tracked data-center facility,45.0,45 MW,4.0,"Ellis, TX",32.54419,-96.80219,Public tracker coordinates,Comanche Peak,TX,59.8,2430.0,Cleanview public U.S. data-center tracker,https://cleanview.co/data-centers/us,Individual facility or project from Cleanview's public geocoded U.S. data-center inventory.
Compass Red Oak - Building 5,,Operating,Operating,Publicly tracked data-center facility,45.0,45 MW,4.0,"Ellis, TX",32.5455,-96.80221,Public tracker coordinates,Comanche Peak,TX,59.8,2430.0,Cleanview public U.S. data-center tracker,https://cleanview.co/data-centers/us,Individual facility or project from Cleanview's public geocoded U.S. data-center inventory.
Compass Red Oak - Building 10,,Planned,Planned,Publicly tracked data-center facility,45.0,45 MW,4.0,"Ellis, TX",32.54529,-96.78838,Public tracker coordinates,Comanche Peak,TX,60.6,2430.0,Cleanview public U.S. data-center tracker,https://cleanview.co/data-centers/us,Individual facility or project from Cleanview's public geocoded U.S. data-center inventory.
Compass Red Oak - Building 1,,Operating,Operating,Publicly tracked data-center facility,45.0,45 MW,4.0,"Ellis, TX",32.54028,-96.80222,Public tracker coordinates,Comanche Peak,TX,59.7,2430.0,Cleanview public U.S. data-center tracker,https://cleanview.co/data-centers/us,Individual facility or project from Cleanview's public geocoded U.S. data-center inventory.
Compass Red Oak - Building 7,,Operating,Operating,Publicly tracked data-center facility,45.0,45 MW,4.0,"Ellis, TX",32.54399,-96.79372,Public tracker coordinates,Comanche Peak,TX,60.3,2430.0,Cleanview public U.S. data-center tracker,https://cleanview.co/data-centers/us,Individual facility or project from Cleanview's public geocoded U.S. data-center inventory.
Compass Red Oak - Building 6,,Operating,Operating,Publicly tracked data-center facility,45.0,45 MW,4.0,"Ellis, TX",32.54268,-96.79372,Public tracker coordinates,Comanche Peak,TX,60.3,2430.0,Cleanview public U.S. data-center tracker,https://cleanview.co/data-centers/us,Individual facility or project from Cleanview's public geocoded U.S. data-center inventory.
Viridien Brenham Data Center,,Planned,Planned,Publicly tracked data-center facility,45.0,45 MW,4.0,"Washington, TX",30.140465,-96.40983,Public tracker coordinates,South Texas Project,TX,95.5,2708.6,Cleanview public U.S. data-center tracker,https://cleanview.co/data-centers/us,Individual facility or project from Cleanview's public geocoded U.S. data-center inventory.
Microsoft CCO06 - Building 2,,Operating,Operating,Publicly tracked data-center facility,45.0,45 MW,4.0,"Fulton County, GA",33.523537,-84.627528,Public tracker coordinates,Sequoyah,TN,120.6,2441.0,Cleanview public U.S. data-center tracker,https://cleanview.co/data-centers/us,Individual facility or project from Cleanview's public geocoded U.S. data-center inventory.
Compass Red Oak - Building 8,,Planned,Planned,Publicly tracked data-center facility,45.0,45 MW,4.0,"Ellis, TX",32.5453,-96.79376,Public tracker coordinates,Comanche Peak,TX,60.3,2430.0,Cleanview public U.S. data-center tracker,https://cleanview.co/data-centers/us,Individual facility or project from Cleanview's public geocoded U.S. data-center inventory.
NTT Ashburn VA5,,Operating,Operating,Publicly tracked data-center facility,44.8,45 MW,4.0,"Loudoun, VA",39.018296,-77.472614,Public tracker coordinates,North Anna,VA,68.4,1959.4,Cleanview public U.S. data-center tracker,https://cleanview.co/data-centers/us,Individual facility or project from Cleanview's public geocoded U.S. data-center inventory.
Iron Mountain VA-6,,Operating,Operating,Publicly tracked data-center facility,44.8,45 MW,4.0,"Prince William, VA",38.76803767,-77.5384062,Public tracker coordinates,North Anna,VA,50.8,1959.4,Cleanview public U.S. data-center tracker,https://cleanview.co/data-centers/us,Individual facility or project from Cleanview's public geocoded U.S. data-center inventory.
NTT Ashburn VA4,,Operating,Operating,Publicly tracked data-center facility,44.8,45 MW,4.0,"Loudoun, VA",39.019869,-77.472595,Public tracker coordinates,North Anna,VA,68.5,1959.4,Cleanview public U.S. data-center tracker,https://cleanview.co/data-centers/us,Individual facility or project from Cleanview's public geocoded U.S. data-center inventory.
AWS IAD-175 International Dr,,Operating,Operating,Publicly tracked data-center facility,44.5,44 MW,4.0,"Loudoun, VA",38.9799017,-77.42549176,Public tracker coordinates,Calvert Cliffs Nuclear Power Plant,MD,65.1,1850.4,Cleanview public U.S. data-center tracker,https://cleanview.co/data-centers/us,Individual facility or project from Cleanview's public geocoded U.S. data-center inventory.
Apple Prineville - Building 2,,Operating,Operating,Publicly tracked data-center facility,44.5,44 MW,4.0,"Crook, OR",44.28728,-120.87022,Public tracker coordinates,Columbia Generating Station,WA,168.3,1200.0,Cleanview public U.S. data-center tracker,https://cleanview.co/data-centers/us,Individual facility or project from Cleanview's public geocoded U.S. data-center inventory.
AWS IAD-92 Pathfinder Plaza,,Operating,Operating,Publicly tracked data-center facility,44.4,44 MW,4.0,"Loudoun, VA",38.9869426,-77.4104754,Public tracker coordinates,Calvert Cliffs Nuclear Power Plant,MD,64.7,1850.4,Cleanview public U.S. data-center tracker,https://cleanview.co/data-centers/us,Individual facility or project from Cleanview's public geocoded U.S. data-center inventory.
AWS IAD-90 Pathfinder Plaza,,Operating,Operating,Publicly tracked data-center facility,44.4,44 MW,4.0,"Loudoun, VA",38.9886031,-77.41165165,Public tracker coordinates,Calvert Cliffs Nuclear Power Plant,MD,64.8,1850.4,Cleanview public U.S. data-center tracker,https://cleanview.co/data-centers/us,Individual facility or project from Cleanview's public geocoded U.S. data-center inventory.
AWS IAD-59 Doane Drive,,Operating,Operating,Publicly tracked data-center facility,44.2,44 MW,4.0,"Prince William, VA",38.792226,-77.54844964,Public tracker coordinates,North Anna,VA,52.3,1959.4,Cleanview public U.S. data-center tracker,https://cleanview.co/data-centers/us,Individual facility or project from Cleanview's public geocoded U.S. data-center inventory.
Google Moncks Corner - Building 8,,Operating,Operating,Publicly tracked data-center facility,44.0,44 MW,4.0,"Berkeley, SC",33.064351,-80.038505,Public tracker coordinates,H B Robinson,SC,92.7,768.6,Cleanview public U.S. data-center tracker,https://cleanview.co/data-centers/us,Individual facility or project from Cleanview's public geocoded U.S. data-center inventory.
H5 Data Centers Buffalo Campus,,Operating,Operating,Publicly tracked data-center facility,44.0,44 MW,4.0,"Niagara, NY",43.1675,-78.7499,Public tracker coordinates,R E Ginna Nuclear Power Plant,NY,72.9,614.0,Cleanview public U.S. data-center tracker,https://cleanview.co/data-centers/us,Individual facility or project from Cleanview's public geocoded U.S. data-center inventory.
AWS IAD-103 Tanner Way,,Operating,Operating,Publicly tracked data-center facility,43.9,44 MW,4.0,"Prince William, VA",38.73698427,-77.50407511,Public tracker coordinates,North Anna,VA,49.3,1959.4,Cleanview public U.S. data-center tracker,https://cleanview.co/data-centers/us,Individual facility or project from Cleanview's public geocoded U.S. data-center inventory.
AWS IAD-550 Lake Anna - Building 7,,Planned,Planned,Publicly tracked data-center facility,43.9,44 MW,4.0,"Louisa, VA",38.047302,-77.81256,Public tracker coordinates,North Anna,VA,1.5,1959.4,Cleanview public U.S. data-center tracker,https://cleanview.co/data-centers/us,Individual facility or project from Cleanview's public geocoded U.S. data-center inventory.
AWS DCA-50 Elkwood,,Operating,Operating,Publicly tracked data-center facility,43.8,44 MW,4.0,"Culpeper, VA",38.459821,-77.8491868,Public tracker coordinates,North Anna,VA,27.8,1959.4,Cleanview public U.S. data-center tracker,https://cleanview.co/data-centers/us,Individual facility or project from Cleanview's public geocoded U.S. data-center inventory.
AWS IAD-155 Clubber Lane,,Operating,Operating,Publicly tracked data-center facility,43.7,44 MW,4.0,"Loudoun, VA",38.9159035,-77.49055095,Public tracker coordinates,North Anna,VA,61.3,1959.4,Cleanview public U.S. data-center tracker,https://cleanview.co/data-centers/us,Individual facility or project from Cleanview's public geocoded U.S. data-center inventory.
AWS IAD-65 Prediction Lane,,Operating,Operating,Publicly tracked data-center facility,43.7,44 MW,4.0,"Loudoun, VA",38.91701075,-77.49436645,Public tracker coordinates,North Anna,VA,61.3,1959.4,Cleanview public U.S. data-center tracker,https://cleanview.co/data-centers/us,Individual facility or project from Cleanview's public geocoded U.S. data-center inventory.
AWS IAD-63 Clubber Lane,,Operating,Operating,Publicly tracked data-center facility,43.7,44 MW,4.0,"Loudoun, VA",38.9168847,-77.4932514,Public tracker coordinates,North Anna,VA,61.3,1959.4,Cleanview public U.S. data-center tracker,https://cleanview.co/data-centers/us,Individual facility or project from Cleanview's public geocoded U.S. data-center inventory.
AWS IAD-86 Prediction Lane,,Operating,Operating,Publicly tracked data-center facility,43.7,44 MW,4.0,"Loudoun, VA",38.9172562,-77.49567435,Public tracker coordinates,North Anna,VA,61.3,1959.4,Cleanview public U.S. data-center tracker,https://cleanview.co/data-centers/us,Individual facility or project from Cleanview's public geocoded U.S. data-center inventory.
AWS IAD-84 John Marshall Highway,,Operating,Operating,Publicly tracked data-center facility,43.3,43 MW,4.0,"Prince William, VA",38.81610312,-77.65249935,Public tracker coordinates,North Anna,VA,52.8,1959.4,Cleanview public U.S. data-center tracker,https://cleanview.co/data-centers/us,Individual facility or project from Cleanview's public geocoded U.S. data-center inventory.
AWS IAD-94 John Marshall Highway,,Operating,Operating,Publicly tracked data-center facility,43.3,43 MW,4.0,"Prince William, VA",38.81696824,-77.65215914,Public tracker coordinates,North Anna,VA,52.8,1959.4,Cleanview public U.S. data-center tracker,https://cleanview.co/data-centers/us,Individual facility or project from Cleanview's public geocoded U.S. data-center inventory.
AWS IAD-64 John Marshall Highway,,Operating,Operating,Publicly tracked data-center facility,43.3,43 MW,4.0,"Prince William, VA",38.8151324,-77.65291935,Public tracker coordinates,North Anna,VA,52.7,1959.4,Cleanview public U.S. data-center tracker,https://cleanview.co/data-centers/us,Individual facility or project from Cleanview's public geocoded U.S. data-center inventory.
AWS IAD-121 Erins Run Drive,,Operating,Operating,Publicly tracked data-center facility,43.2,43 MW,4.0,"Loudoun, VA",38.9567768,-77.4977837,Public tracker coordinates,North Anna,VA,63.9,1959.4,Cleanview public U.S. data-center tracker,https://cleanview.co/data-centers/us,Individual facility or project from Cleanview's public geocoded U.S. data-center inventory.
AWS IAD-122 Erins Run Drive,,Operating,Operating,Publicly tracked data-center facility,43.2,43 MW,4.0,"Loudoun, VA",38.95587075,-77.4971865,Public tracker coordinates,North Anna,VA,63.9,1959.4,Cleanview public U.S. data-center tracker,https://cleanview.co/data-centers/us,Individual facility or project from Cleanview's public geocoded U.S. data-center inventory.
AWS IAD-120 Erins Run Drive,,Operating,Operating,Publicly tracked data-center facility,43.2,43 MW,4.0,"Loudoun, VA",38.95791655,-77.4980579,Public tracker coordinates,North Anna,VA,64.0,1959.4,Cleanview public U.S. data-center tracker,https://cleanview.co/data-centers/us,Individual facility or project from Cleanview's public geocoded U.S. data-center inventory.
Visa Operations Center East,,Operating,Operating,Publicly tracked data-center facility,43.1,43 MW,4.0,"Loudoun, VA",39.0487658,-77.44539715,Public tracker coordinates,Calvert Cliffs Nuclear Power Plant,MD,68.8,1850.4,Cleanview public U.S. data-center tracker,https://cleanview.co/data-centers/us,Individual facility or project from Cleanview's public geocoded U.S. data-center inventory.
AWS IAD-58 Relocation Drive,,Operating,Operating,Publicly tracked data-center facility,43.0,43 MW,4.0,"Loudoun, VA",38.9863003,-77.4418855,Public tracker coordinates,Calvert Cliffs Nuclear Power Plant,MD,66.0,1850.4,Cleanview public U.S. data-center tracker,https://cleanview.co/data-centers/us,Individual facility or project from Cleanview's public geocoded U.S. data-center inventory.
H5 Quincy - Project Genesis,,Operating,Operating,Publicly tracked data-center facility,43.0,43 MW,4.0,"Grant County, WA",47.2465,-119.826,Public tracker coordinates,Columbia Generating Station,WA,58.4,1200.0,Cleanview public U.S. data-center tracker,https://cleanview.co/data-centers/us,Individual facility or project from Cleanview's public geocoded U.S. data-center inventory.
AWS IAD-57 Relocation Drive,,Operating,Operating,Publicly tracked data-center facility,43.0,43 MW,4.0,"Loudoun, VA",38.9869931,-77.4426325,Public tracker coordinates,Calvert Cliffs Nuclear Power Plant,MD,66.1,1850.4,Cleanview public U.S. data-center tracker,https://cleanview.co/data-centers/us,Individual facility or project from Cleanview's public geocoded U.S. data-center inventory.
Stream Data Center: DFW VII – Garland,,Operating,Operating,Publicly tracked data-center facility,43.0,43 MW,4.0,"Dallas, TX",32.9836693,-96.65502969,Public tracker coordinates,Comanche Peak,TX,81.0,2430.0,Cleanview public U.S. data-center tracker,https://cleanview.co/data-centers/us,Individual facility or project from Cleanview's public geocoded U.S. data-center inventory.
CyrusOne HOU3,,Operating,Operating,Publicly tracked data-center facility,43.0,43 MW,4.0,"Harris, TX",29.84374342,-95.56021888,Public tracker coordinates,South Texas Project,TX,78.2,2708.6,Cleanview public U.S. data-center tracker,https://cleanview.co/data-centers/us,Individual facility or project from Cleanview's public geocoded U.S. data-center inventory.
AWS IAD-15 Dulles Summit,,Operating,Operating,Publicly tracked data-center facility,43.0,43 MW,4.0,"Loudoun, VA",38.991708,-77.44856405,Public tracker coordinates,Calvert Cliffs Nuclear Power Plant,MD,66.6,1850.4,Cleanview public U.S. data-center tracker,https://cleanview.co/data-centers/us,Individual facility or project from Cleanview's public geocoded U.S. data-center inventory.
Digital Realty ACC9,,Operating,Operating,Publicly tracked data-center facility,42.8,43 MW,4.0,"Loudoun, VA",39.015466,-77.467319,Public tracker coordinates,North Anna,VA,68.3,1959.4,Cleanview public U.S. data-center tracker,https://cleanview.co/data-centers/us,Individual facility or project from Cleanview's public geocoded U.S. data-center inventory.
Google Mango Farm - Building 4,,Planned,Planned,Publicly tracked data-center facility,42.8,43 MW,4.0,"Prince William, VA",38.776069044234866,-77.58820124728285,Public tracker coordinates,North Anna,VA,50.7,1959.4,Cleanview public U.S. data-center tracker,https://cleanview.co/data-centers/us,Individual facility or project from Cleanview's public geocoded U.S. data-center inventory.
AWS PDX-54 Beach Access Rd,,Operating,Operating,Publicly tracked data-center facility,42.5,42 MW,4.0,"Umatilla, OR",45.9174,-119.2677,Public tracker coordinates,Columbia Generating Station,WA,38.4,1200.0,Cleanview public U.S. data-center tracker,https://cleanview.co/data-centers/us,Individual facility or project from Cleanview's public geocoded U.S. data-center inventory.
AWS Smith's Mill Road Building 5,,Operating,Operating,Publicly tracked data-center facility,42.5,42 MW,4.0,"Licking, OH",40.092983,-82.747637,Public tracker coordinates,Davis Besse,OH,105.4,925.2,Cleanview public U.S. data-center tracker,https://cleanview.co/data-centers/us,Individual facility or project from Cleanview's public geocoded U.S. data-center inventory.
AWS PDX-60 Beach Access Rd,,Operating,Operating,Publicly tracked data-center facility,42.5,42 MW,4.0,"Umatilla, OR",45.9139,-119.2677,Public tracker coordinates,Columbia Generating Station,WA,38.6,1200.0,Cleanview public U.S. data-center tracker,https://cleanview.co/data-centers/us,Individual facility or project from Cleanview's public geocoded U.S. data-center inventory.
AWS PDX-53 Lewis & Clark Dr,,Operating,Operating,Publicly tracked data-center facility,42.5,42 MW,4.0,"Morrow, OR",45.8524992,-119.6298779,Public tracker coordinates,Columbia Generating Station,WA,45.0,1200.0,Cleanview public U.S. data-center tracker,https://cleanview.co/data-centers/us,Individual facility or project from Cleanview's public geocoded U.S. data-center inventory.
AWS IAD-73 Wellington Road,,Operating,Operating,Publicly tracked data-center facility,42.5,42 MW,4.0,"Prince William, VA",38.77797946,-77.55909921,Public tracker coordinates,North Anna,VA,51.2,1959.4,Cleanview public U.S. data-center tracker,https://cleanview.co/data-centers/us,Individual facility or project from Cleanview's public geocoded U.S. data-center inventory.
AWS IAD-74 Wellington Road,,Operating,Operating,Publicly tracked data-center facility,42.5,42 MW,4.0,"Prince William, VA",38.77743694,-77.55789122,Public tracker coordinates,North Anna,VA,51.1,1959.4,Cleanview public U.S. data-center tracker,https://cleanview.co/data-centers/us,Individual facility or project from Cleanview's public geocoded U.S. data-center inventory.
AWS PDX-50 Lewis & Clark Dr,,Operating,Operating,Publicly tracked data-center facility,42.5,42 MW,4.0,"Morrow, OR",45.8520379,-119.6297518,Public tracker coordinates,Columbia Generating Station,WA,45.1,1200.0,Cleanview public U.S. data-center tracker,https://cleanview.co/data-centers/us,Individual facility or project from Cleanview's public geocoded U.S. data-center inventory.
AWS Warner Road Building 5,,Operating,Operating,Publicly tracked data-center facility,42.5,42 MW,4.0,"Union, OH",40.120072,-83.199309,Public tracker coordinates,Davis Besse,OH,102.2,925.2,Cleanview public U.S. data-center tracker,https://cleanview.co/data-centers/us,Individual facility or project from Cleanview's public geocoded U.S. data-center inventory.
AWS PDX-57 Beach Access Rd,,Operating,Operating,Publicly tracked data-center facility,42.5,42 MW,4.0,"Umatilla, OR",45.9139,-119.2677,Public tracker coordinates,Columbia Generating Station,WA,38.6,1200.0,Cleanview public U.S. data-center tracker,https://cleanview.co/data-centers/us,Individual facility or project from Cleanview's public geocoded U.S. data-center inventory.
AWS IAD-96 Bethlehem Road,,Operating,Operating,Publicly tracked data-center facility,42.4,42 MW,4.0,"Prince William, VA",38.78018362,-77.53979469,Public tracker coordinates,North Anna,VA,51.6,1959.4,Cleanview public U.S. data-center tracker,https://cleanview.co/data-centers/us,Individual facility or project from Cleanview's public geocoded U.S. data-center inventory.
AWS IAD-75 Bethlehem Road,,Operating,Operating,Publicly tracked data-center facility,42.4,42 MW,4.0,"Prince William, VA",38.77937016,-77.54171295,Public tracker coordinates,North Anna,VA,51.5,1959.4,Cleanview public U.S. data-center tracker,https://cleanview.co/data-centers/us,Individual facility or project from Cleanview's public geocoded U.S. data-center inventory.
AWS IAD-11 Mason King Court,,Operating,Operating,Publicly tracked data-center facility,42.2,42 MW,4.0,"Prince William, VA",38.7903438,-77.54118715,Public tracker coordinates,North Anna,VA,52.2,1959.4,Cleanview public U.S. data-center tracker,https://cleanview.co/data-centers/us,Individual facility or project from Cleanview's public geocoded U.S. data-center inventory.
Vantage VA15,,Planned,Planned,Publicly tracked data-center facility,42.0,42 MW,4.0,"Loudoun, VA",38.999258,-77.441869,Public tracker coordinates,Calvert Cliffs Nuclear Power Plant,MD,66.6,1850.4,Cleanview public U.S. data-center tracker,https://cleanview.co/data-centers/us,Individual facility or project from Cleanview's public geocoded U.S. data-center inventory.
Edged ATL01-03,,Planned,Planned,Publicly tracked data-center facility,42.0,42 MW,4.0,"Fulton, GA",33.80026374,-84.43806548,Public tracker coordinates,Sequoyah,TN,105.3,2441.0,Cleanview public U.S. data-center tracker,https://cleanview.co/data-centers/us,Individual facility or project from Cleanview's public geocoded U.S. data-center inventory.
Vantage VA11,,Operating,Operating,Publicly tracked data-center facility,42.0,42 MW,4.0,"Loudoun, VA",39.002395,-77.437661,Public tracker coordinates,Calvert Cliffs Nuclear Power Plant,MD,66.5,1850.4,Cleanview public U.S. data-center tracker,https://cleanview.co/data-centers/us,Individual facility or project from Cleanview's public geocoded U.S. data-center inventory.
SJC Campus,,Planned,Planned,Publicly tracked data-center facility,42.0,42 MW,4.0,"Santa Clara, CA",37.35936,-121.94266,Public tracker coordinates,Diablo Canyon,CA,160.3,2323.0,Cleanview public U.S. data-center tracker,https://cleanview.co/data-centers/us,Individual facility or project from Cleanview's public geocoded U.S. data-center inventory.
Vantage VA13,,Operating,Operating,Publicly tracked data-center facility,42.0,42 MW,4.0,"Loudoun, VA",39.0031632,-77.4401314,Public tracker coordinates,Calvert Cliffs Nuclear Power Plant,MD,66.6,1850.4,Cleanview public U.S. data-center tracker,https://cleanview.co/data-centers/us,Individual facility or project from Cleanview's public geocoded U.S. data-center inventory.
Vantage VA12,,Operating,Operating,Publicly tracked data-center facility,42.0,42 MW,4.0,"Loudoun, VA",39.0017781,-77.4379151,Public tracker coordinates,Calvert Cliffs Nuclear Power Plant,MD,66.5,1850.4,Cleanview public U.S. data-center tracker,https://cleanview.co/data-centers/us,Individual facility or project from Cleanview's public geocoded U.S. data-center inventory.
Vantage VA14,,Operating,Operating,Publicly tracked data-center facility,42.0,42 MW,4.0,"Loudoun, VA",39.0029765,-77.4393875,Public tracker coordinates,Calvert Cliffs Nuclear Power Plant,MD,66.6,1850.4,Cleanview public U.S. data-center tracker,https://cleanview.co/data-centers/us,Individual facility or project from Cleanview's public geocoded U.S. data-center inventory.
Meta Altoona - Building 1,,Operating,Operating,Publicly tracked data-center facility,42.0,42 MW,4.0,"Polk, IA",41.664299,-93.514464,Public tracker coordinates,Cooper Nuclear Station,NE,142.7,801.0,Cleanview public U.S. data-center tracker,https://cleanview.co/data-centers/us,Individual facility or project from Cleanview's public geocoded U.S. data-center inventory.
AWS IAD-52 Brewers Spring,,Operating,Operating,Publicly tracked data-center facility,41.8,42 MW,4.0,"Prince William, VA",38.79106882,-77.54837196,Public tracker coordinates,North Anna,VA,52.2,1959.4,Cleanview public U.S. data-center tracker,https://cleanview.co/data-centers/us,Individual facility or project from Cleanview's public geocoded U.S. data-center inventory.
AWS IAD-83 Fadeley,,Operating,Operating,Publicly tracked data-center facility,41.7,42 MW,4.0,"Loudoun, VA",38.9479334,-77.5231741,Public tracker coordinates,North Anna,VA,63.0,1959.4,Cleanview public U.S. data-center tracker,https://cleanview.co/data-centers/us,Individual facility or project from Cleanview's public geocoded U.S. data-center inventory.
AWS IAD-81 Fadeley,,Operating,Operating,Publicly tracked data-center facility,41.7,42 MW,4.0,"Loudoun, VA",38.948276,-77.5217864,Public tracker coordinates,North Anna,VA,63.1,1959.4,Cleanview public U.S. data-center tracker,https://cleanview.co/data-centers/us,Individual facility or project from Cleanview's public geocoded U.S. data-center inventory.
Vantage AZ11,,Operating,Operating,Publicly tracked data-center facility,41.6,42 MW,4.0,"Maricopa, AZ",33.4463235,-112.3742785,Public tracker coordinates,Palo Verde,AZ,28.4,4209.6,Cleanview public U.S. data-center tracker,https://cleanview.co/data-centers/us,Individual facility or project from Cleanview's public geocoded U.S. data-center inventory.
Vantage AZ12,,Operating,Operating,Publicly tracked data-center facility,41.6,42 MW,4.0,"Maricopa, AZ",33.4463764,-112.3735219,Public tracker coordinates,Palo Verde,AZ,28.4,4209.6,Cleanview public U.S. data-center tracker,https://cleanview.co/data-centers/us,Individual facility or project from Cleanview's public geocoded U.S. data-center inventory.
Vantage AZ14,,Operating,Operating,Publicly tracked data-center facility,41.6,42 MW,4.0,"Maricopa, AZ",33.4484984,-112.3736764,Public tracker coordinates,Palo Verde,AZ,28.5,4209.6,Cleanview public U.S. data-center tracker,https://cleanview.co/data-centers/us,Individual facility or project from Cleanview's public geocoded U.S. data-center inventory.
Vantage AZ13,,Operating,Operating,Publicly tracked data-center facility,41.6,42 MW,4.0,"Maricopa, AZ",33.4484653,-112.3744845,Public tracker coordinates,Palo Verde,AZ,28.4,4209.6,Cleanview public U.S. data-center tracker,https://cleanview.co/data-centers/us,Individual facility or project from Cleanview's public geocoded U.S. data-center inventory.
Vantage AZ15,,Planned,Planned,Publicly tracked data-center facility,41.6,42 MW,4.0,"Maricopa, AZ",33.4484326,-112.3726103,Public tracker coordinates,Palo Verde,AZ,28.5,4209.6,Cleanview public U.S. data-center tracker,https://cleanview.co/data-centers/us,Individual facility or project from Cleanview's public geocoded U.S. data-center inventory.
Microsoft East Coast BN3,,Operating,Operating,Publicly tracked data-center facility,41.2,41 MW,4.0,"Mecklenburg, VA",36.67754,-78.37466,Public tracker coordinates,Harris (NC),NC,79.1,950.9,Cleanview public U.S. data-center tracker,https://cleanview.co/data-centers/us,Individual facility or project from Cleanview's public geocoded U.S. data-center inventory.
AWS PDX-4 Rippee Rd,,Operating,Operating,Publicly tracked data-center facility,41.1,41 MW,4.0,"Morrow, OR",45.841,-119.6528,Public tracker coordinates,Columbia Generating Station,WA,46.1,1200.0,Cleanview public U.S. data-center tracker,https://cleanview.co/data-centers/us,Individual facility or project from Cleanview's public geocoded U.S. data-center inventory.
Plano Data Center: DFW8,,Operating,Operating,Publicly tracked data-center facility,41.0,41 MW,4.0,"Collin, TX",33.08771823,-96.81506978,Public tracker coordinates,Comanche Peak,TX,78.5,2430.0,Cleanview public U.S. data-center tracker,https://cleanview.co/data-centers/us,Individual facility or project from Cleanview's public geocoded U.S. data-center inventory.
Buena Vista AI Factory,,Planned,Planned,Publicly tracked data-center facility,41.0,41 MW,4.0,"Amador, CA",38.277733,-120.91554,Public tracker coordinates,Diablo Canyon,CA,211.9,2323.0,Cleanview public U.S. data-center tracker,https://cleanview.co/data-centers/us,Individual facility or project from Cleanview's public geocoded U.S. data-center inventory.
Iron Mountain AZP-1,,Operating,Operating,Publicly tracked data-center facility,41.0,41 MW,4.0,"Maricopa, AZ",33.45444539,-111.9774701,Public tracker coordinates,Palo Verde,AZ,51.2,4209.6,Cleanview public U.S. data-center tracker,https://cleanview.co/data-centers/us,Individual facility or project from Cleanview's public geocoded U.S. data-center inventory.
NRO Aerospace Data Facility-East (Area 58),,Operating,Operating,Publicly tracked data-center facility,40.6,41 MW,4.0,"Fairfax, VA",38.736111,-77.158333,Public tracker coordinates,Calvert Cliffs Nuclear Power Plant,MD,44.0,1850.4,Cleanview public U.S. data-center tracker,https://cleanview.co/data-centers/us,Individual facility or project from Cleanview's public geocoded U.S. data-center inventory.
LGA3 data center,,Operating,Operating,Publicly tracked data-center facility,40.0,40 MW,4.0,"Rockland, NY",41.03993972,-73.98993623,Public tracker coordinates,Millstone,CT,96.6,2259.9,Cleanview public U.S. data-center tracker,https://cleanview.co/data-centers/us,Individual facility or project from Cleanview's public geocoded U.S. data-center inventory.
Meta Montgomery - Building 5,,Planned,Planned,Publicly tracked data-center facility,40.0,40 MW,4.0,"Montgomery, AL",32.275463,-86.323003,Public tracker coordinates,Joseph M Farley,AL,101.7,1776.4,Cleanview public U.S. data-center tracker,https://cleanview.co/data-centers/us,Individual facility or project from Cleanview's public geocoded U.S. data-center inventory.
Meta Kuna - Building 4,,Planned,Planned,Publicly tracked data-center facility,40.0,40 MW,4.0,"Ada, ID",43.471746,-116.271302,Public tracker coordinates,Columbia Generating Station,WA,255.6,1200.0,Cleanview public U.S. data-center tracker,https://cleanview.co/data-centers/us,Individual facility or project from Cleanview's public geocoded U.S. data-center inventory.
Meta Kuna - Building 3,,Planned,Planned,Publicly tracked data-center facility,40.0,40 MW,4.0,"Ada, ID",43.471772,-116.272465,Public tracker coordinates,Columbia Generating Station,WA,255.6,1200.0,Cleanview public U.S. data-center tracker,https://cleanview.co/data-centers/us,Individual facility or project from Cleanview's public geocoded U.S. data-center inventory.
Meta Altoona - Building 12,,Operating,Operating,Publicly tracked data-center facility,40.0,40 MW,4.0,"Polk, IA",41.671116,-93.505368,Public tracker coordinates,Cooper Nuclear Station,NE,143.4,801.0,Cleanview public U.S. data-center tracker,https://cleanview.co/data-centers/us,Individual facility or project from Cleanview's public geocoded U.S. data-center inventory.
Meta Altoona - Building 11,,Operating,Operating,Publicly tracked data-center facility,40.0,40 MW,4.0,"Polk, IA",41.67105917498319,-93.50425813588218,Public tracker coordinates,Cooper Nuclear Station,NE,143.4,801.0,Cleanview public U.S. data-center tracker,https://cleanview.co/data-centers/us,Individual facility or project from Cleanview's public geocoded U.S. data-center inventory.
Microsoft SAT09,,Operating,Operating,Publicly tracked data-center facility,40.0,40 MW,4.0,"Bexar, TX",29.411782,-98.802754,Public tracker coordinates,South Texas Project,TX,171.7,2708.6,Cleanview public U.S. data-center tracker,https://cleanview.co/data-centers/us,Individual facility or project from Cleanview's public geocoded U.S. data-center inventory.
Microsoft SAT10,,Operating,Operating,Publicly tracked data-center facility,40.0,40 MW,4.0,"Bexar, TX",29.411887,-98.804054,Public tracker coordinates,South Texas Project,TX,171.7,2708.6,Cleanview public U.S. data-center tracker,https://cleanview.co/data-centers/us,Individual facility or project from Cleanview's public geocoded U.S. data-center inventory.
Meta Forest City - Building 3,,Operating,Operating,Publicly tracked data-center facility,40.0,40 MW,4.0,"Rutherford, NC",35.3165397,-81.8250846,Public tracker coordinates,Catawba,SC,46.4,2410.2,Cleanview public U.S. data-center tracker,https://cleanview.co/data-centers/us,Individual facility or project from Cleanview's public geocoded U.S. data-center inventory.
Meta Kansas City - Building 4,,Planned,Planned,Publicly tracked data-center facility,40.0,40 MW,4.0,"Clay, MO",39.322346,-94.590747,Public tracker coordinates,Cooper Nuclear Station,NE,90.9,801.0,Cleanview public U.S. data-center tracker,https://cleanview.co/data-centers/us,Individual facility or project from Cleanview's public geocoded U.S. data-center inventory.
AWS Houchard Road Building 1,,Operating,Operating,Publicly tracked data-center facility,40.0,40 MW,4.0,"Franklin, OH",40.103587,-83.199764,Public tracker coordinates,Davis Besse,OH,103.3,925.2,Cleanview public U.S. data-center tracker,https://cleanview.co/data-centers/us,Individual facility or project from Cleanview's public geocoded U.S. data-center inventory.
Meta Cheyenne - Building 3,,Planned,Planned,Publicly tracked data-center facility,40.0,40 MW,4.0,"Laramie, WY",41.081173,-104.821024,Public tracker coordinates,Cooper Nuclear Station,NE,483.0,801.0,Cleanview public U.S. data-center tracker,https://cleanview.co/data-centers/us,Individual facility or project from Cleanview's public geocoded U.S. data-center inventory.
Meta Cheyenne - Building 4,,Planned,Planned,Publicly tracked data-center facility,40.0,40 MW,4.0,"Laramie, WY",41.081263,-104.820018,Public tracker coordinates,Cooper Nuclear Station,NE,483.0,801.0,Cleanview public U.S. data-center tracker,https://cleanview.co/data-centers/us,Individual facility or project from Cleanview's public geocoded U.S. data-center inventory.
Meta Gallatin - Building 5,,Planned,Planned,Publicly tracked data-center facility,40.0,40 MW,4.0,"Sumner, TN",36.407096,-86.365809,Public tracker coordinates,Watts Bar Nuclear Plant,TN,104.2,2539.8,Cleanview public U.S. data-center tracker,https://cleanview.co/data-centers/us,Individual facility or project from Cleanview's public geocoded U.S. data-center inventory.
Colorado Springs Campus - Phase 1,,Operating,Operating,Publicly tracked data-center facility,40.0,40 MW,4.0,"El Paso, CO",39.0141737,-104.8142886,Public tracker coordinates,Wolf Creek Generating Station,KS,495.2,1296.3,Cleanview public U.S. data-center tracker,https://cleanview.co/data-centers/us,Individual facility or project from Cleanview's public geocoded U.S. data-center inventory.
Centersquare DFW1,,Operating,Operating,Publicly tracked data-center facility,40.0,40 MW,4.0,"Tarrant, TX",32.83235729,-97.04053568,Public tracker coordinates,Comanche Peak,TX,56.9,2430.0,Cleanview public U.S. data-center tracker,https://cleanview.co/data-centers/us,Individual facility or project from Cleanview's public geocoded U.S. data-center inventory.
Patmos: Kansas City,,Operating,Operating,Publicly tracked data-center facility,40.0,40 MW,4.0,"Jackson, MO",39.09457257,-94.5793006,Public tracker coordinates,Wolf Creek Generating Station,KS,84.1,1296.3,Cleanview public U.S. data-center tracker,https://cleanview.co/data-centers/us,Individual facility or project from Cleanview's public geocoded U.S. data-center inventory.
South Fulton Data Center: ATL 4,,Operating,Operating,Publicly tracked data-center facility,40.0,40 MW,4.0,"Fulton, GA",33.75046019,-84.54816819,Public tracker coordinates,Sequoyah,TN,106.6,2441.0,Cleanview public U.S. data-center tracker,https://cleanview.co/data-centers/us,Individual facility or project from Cleanview's public geocoded U.S. data-center inventory.
Meta Bowling Green - Building 5,,Planned,Planned,Publicly tracked data-center facility,40.0,40 MW,4.0,"Wood, OH",41.463222,-83.643078,Public tracker coordinates,Davis Besse,OH,30.2,925.2,Cleanview public U.S. data-center tracker,https://cleanview.co/data-centers/us,Individual facility or project from Cleanview's public geocoded U.S. data-center inventory.
Meta Stanton Springs - Building 9,,Planned,Planned,Publicly tracked data-center facility,40.0,40 MW,4.0,"Newton, GA",33.599052,-83.676312,Public tracker coordinates,Oconee,SC,93.8,2666.7,Cleanview public U.S. data-center tracker,https://cleanview.co/data-centers/us,Individual facility or project from Cleanview's public geocoded U.S. data-center inventory.
Meta Stanton Springs - Building 11,,Planned,Planned,Publicly tracked data-center facility,40.0,40 MW,4.0,"Newton, GA",33.597354,-83.678436,Public tracker coordinates,Oconee,SC,93.9,2666.7,Cleanview public U.S. data-center tracker,https://cleanview.co/data-centers/us,Individual facility or project from Cleanview's public geocoded U.S. data-center inventory.
Meta Montgomery - Building 6,,Planned,Planned,Publicly tracked data-center facility,40.0,40 MW,4.0,"Montgomery, AL",32.274646,-86.322939,Public tracker coordinates,Joseph M Farley,AL,101.7,1776.4,Cleanview public U.S. data-center tracker,https://cleanview.co/data-centers/us,Individual facility or project from Cleanview's public geocoded U.S. data-center inventory.
Meta Kansas City - Building 5,,Planned,Planned,Publicly tracked data-center facility,40.0,40 MW,4.0,"Clay, MO",39.322371,-94.589891,Public tracker coordinates,Cooper Nuclear Station,NE,91.0,801.0,Cleanview public U.S. data-center tracker,https://cleanview.co/data-centers/us,Individual facility or project from Cleanview's public geocoded U.S. data-center inventory.
Meta Stanton Springs - Building 10,,Planned,Planned,Publicly tracked data-center facility,40.0,40 MW,4.0,"Newton, GA",33.597991,-83.677926,Public tracker coordinates,Oconee,SC,93.9,2666.7,Cleanview public U.S. data-center tracker,https://cleanview.co/data-centers/us,Individual facility or project from Cleanview's public geocoded U.S. data-center inventory.
Meta Bowling Green - Building 4,,Planned,Planned,Publicly tracked data-center facility,40.0,40 MW,4.0,"Wood, OH",41.463133,-83.6451,Public tracker coordinates,Davis Besse,OH,30.4,925.2,Cleanview public U.S. data-center tracker,https://cleanview.co/data-centers/us,Individual facility or project from Cleanview's public geocoded U.S. data-center inventory.
Meta Bowling Green - Building 3,,Planned,Planned,Publicly tracked data-center facility,40.0,40 MW,4.0,"Wood, OH",41.463625,-83.646469,Public tracker coordinates,Davis Besse,OH,30.4,925.2,Cleanview public U.S. data-center tracker,https://cleanview.co/data-centers/us,Individual facility or project from Cleanview's public geocoded U.S. data-center inventory.
Meta Mesa - Building 6,,Planned,Planned,Publicly tracked data-center facility,40.0,40 MW,4.0,"Maricopa, AZ",33.347128,-111.624603,Public tracker coordinates,Palo Verde,AZ,71.4,4209.6,Cleanview public U.S. data-center tracker,https://cleanview.co/data-centers/us,Individual facility or project from Cleanview's public geocoded U.S. data-center inventory.
AWS PDX-55 Rippee Rd,,Operating,Operating,Publicly tracked data-center facility,39.9,40 MW,4.0,"Morrow, OR",45.8412,-119.6554,Public tracker coordinates,Columbia Generating Station,WA,46.2,1200.0,Cleanview public U.S. data-center tracker,https://cleanview.co/data-centers/us,Individual facility or project from Cleanview's public geocoded U.S. data-center inventory.
AWS IAD-7 Mason King Court,,Operating,Operating,Publicly tracked data-center facility,39.7,40 MW,4.0,"Prince William, VA",38.79125396,-77.53829389,Public tracker coordinates,North Anna,VA,52.3,1959.4,Cleanview public U.S. data-center tracker,https://cleanview.co/data-centers/us,Individual facility or project from Cleanview's public geocoded U.S. data-center inventory.
AWS IAD-14 Brewers Spring,,Operating,Operating,Publicly tracked data-center facility,39.5,40 MW,4.0,"Prince William, VA",38.78993178,-77.54821679,Public tracker coordinates,North Anna,VA,52.1,1959.4,Cleanview public U.S. data-center tracker,https://cleanview.co/data-centers/us,Individual facility or project from Cleanview's public geocoded U.S. data-center inventory.
QTS Manassas DC6,,Operating,Operating,Publicly tracked data-center facility,39.2,39 MW,4.0,"Prince William, VA",38.74981886444288,-77.51304550880432,Public tracker coordinates,North Anna,VA,50.0,1959.4,Cleanview public U.S. data-center tracker,https://cleanview.co/data-centers/us,Individual facility or project from Cleanview's public geocoded U.S. data-center inventory.
AWS IAD-144 International Dr,,Operating,Operating,Publicly tracked data-center facility,39.1,39 MW,4.0,"Loudoun, VA",38.98162903,-77.42737744,Public tracker coordinates,Calvert Cliffs Nuclear Power Plant,MD,65.2,1850.4,Cleanview public U.S. data-center tracker,https://cleanview.co/data-centers/us,Individual facility or project from Cleanview's public geocoded U.S. data-center inventory.
Google Lenoir - Building 1,,Operating,Operating,Publicly tracked data-center facility,39.0,39 MW,4.0,"Caldwell, NC",35.898283,-81.547431,Public tracker coordinates,McGuire,NC,46.5,2440.6,Cleanview public U.S. data-center tracker,https://cleanview.co/data-centers/us,Individual facility or project from Cleanview's public geocoded U.S. data-center inventory.
AWS Mission College DC - Building 1,,Operating,Operating,Publicly tracked data-center facility,39.0,39 MW,4.0,"Santa Clara, CA",37.38988,-121.96604,Public tracker coordinates,Diablo Canyon,CA,162.7,2323.0,Cleanview public U.S. data-center tracker,https://cleanview.co/data-centers/us,Individual facility or project from Cleanview's public geocoded U.S. data-center inventory.
Microsoft SAT14 - Building 1,,Operating,Operating,Publicly tracked data-center facility,39.0,39 MW,4.0,"Bexar, TX",29.475774,-98.68195,Public tracker coordinates,South Texas Project,TX,165.8,2708.6,Cleanview public U.S. data-center tracker,https://cleanview.co/data-centers/us,Individual facility or project from Cleanview's public geocoded U.S. data-center inventory.
AWS Mission College DC - Building 2,,Planned,Planned,Publicly tracked data-center facility,39.0,39 MW,4.0,"Santa Clara, CA",37.3900509,-121.9678518,Public tracker coordinates,Diablo Canyon,CA,162.8,2323.0,Cleanview public U.S. data-center tracker,https://cleanview.co/data-centers/us,Individual facility or project from Cleanview's public geocoded U.S. data-center inventory.
AWS IAD-89 Loudoun Downs,,Operating,Operating,Publicly tracked data-center facility,38.5,38 MW,4.0,"Loudoun, VA",38.9908897,-77.4417237,Public tracker coordinates,Calvert Cliffs Nuclear Power Plant,MD,66.2,1850.4,Cleanview public U.S. data-center tracker,https://cleanview.co/data-centers/us,Individual facility or project from Cleanview's public geocoded U.S. data-center inventory.
AWS IAD-88 Loudoun Downs,,Operating,Operating,Publicly tracked data-center facility,38.5,38 MW,4.0,"Loudoun, VA",38.99174964,-77.44101038,Public tracker coordinates,Calvert Cliffs Nuclear Power Plant,MD,66.2,1850.4,Cleanview public U.S. data-center tracker,https://cleanview.co/data-centers/us,Individual facility or project from Cleanview's public geocoded U.S. data-center inventory.
Digital Realty IAD35,,Operating,Operating,Publicly tracked data-center facility,38.3,38 MW,4.0,"Loudoun, VA",39.000511,-77.480595,Public tracker coordinates,North Anna,VA,67.1,1959.4,Cleanview public U.S. data-center tracker,https://cleanview.co/data-centers/us,Individual facility or project from Cleanview's public geocoded U.S. data-center inventory.
Digital Realty ACC10,,Operating,Operating,Publicly tracked data-center facility,38.3,38 MW,4.0,"Loudoun, VA",39.012707,-77.465536,Public tracker coordinates,North Anna,VA,68.1,1959.4,Cleanview public U.S. data-center tracker,https://cleanview.co/data-centers/us,Individual facility or project from Cleanview's public geocoded U.S. data-center inventory.
Google Moncks Corner - Building 2,,Operating,Operating,Publicly tracked data-center facility,38.0,38 MW,4.0,"Berkeley, SC",33.0642797,-80.0415428,Public tracker coordinates,H B Robinson,SC,92.7,768.6,Cleanview public U.S. data-center tracker,https://cleanview.co/data-centers/us,Individual facility or project from Cleanview's public geocoded U.S. data-center inventory.
Google Pryor - Building 1,,Operating,Operating,Publicly tracked data-center facility,38.0,38 MW,4.0,"Mayes, OK",36.2412889,-95.3299964,Public tracker coordinates,Arkansas Nuclear One,AR,133.9,1845.0,Cleanview public U.S. data-center tracker,https://cleanview.co/data-centers/us,Individual facility or project from Cleanview's public geocoded U.S. data-center inventory.
AWS IAD-80 Interconnection,,Operating,Operating,Publicly tracked data-center facility,37.9,38 MW,4.0,"Loudoun, VA",39.02710865,-77.45282885,Public tracker coordinates,Calvert Cliffs Nuclear Power Plant,MD,68.2,1850.4,Cleanview public U.S. data-center tracker,https://cleanview.co/data-centers/us,Individual facility or project from Cleanview's public geocoded U.S. data-center inventory.
Flexential Hillsboro 6,,Planned,Planned,Publicly tracked data-center facility,37.8,38 MW,4.0,"Washington, OR",45.55,-122.893,Public tracker coordinates,Columbia Generating Station,WA,182.2,1200.0,Cleanview public U.S. data-center tracker,https://cleanview.co/data-centers/us,Individual facility or project from Cleanview's public geocoded U.S. data-center inventory.
Microsoft SAT46,,Operating,Operating,Publicly tracked data-center facility,37.5,38 MW,4.0,"Bexar, TX",29.41194,-98.805293,Public tracker coordinates,South Texas Project,TX,171.8,2708.6,Cleanview public U.S. data-center tracker,https://cleanview.co/data-centers/us,Individual facility or project from Cleanview's public geocoded U.S. data-center inventory.
Microsoft SN4,,Operating,Operating,Publicly tracked data-center facility,37.5,38 MW,4.0,"Bexar, TX",29.481197,-98.696722,Public tracker coordinates,South Texas Project,TX,166.7,2708.6,Cleanview public U.S. data-center tracker,https://cleanview.co/data-centers/us,Individual facility or project from Cleanview's public geocoded U.S. data-center inventory.
AWS Houchard Road Building 4,,Operating,Operating,Publicly tracked data-center facility,37.5,38 MW,4.0,"Franklin, OH",40.100768,-83.199475,Public tracker coordinates,Davis Besse,OH,103.5,925.2,Cleanview public U.S. data-center tracker,https://cleanview.co/data-centers/us,Individual facility or project from Cleanview's public geocoded U.S. data-center inventory.
AWS Houchard Road Building 3,,Operating,Operating,Publicly tracked data-center facility,37.5,38 MW,4.0,"Franklin, OH",40.101767,-83.199583,Public tracker coordinates,Davis Besse,OH,103.5,925.2,Cleanview public U.S. data-center tracker,https://cleanview.co/data-centers/us,Individual facility or project from Cleanview's public geocoded U.S. data-center inventory.
AWS Britton Parkway Building 4,,Operating,Operating,Publicly tracked data-center facility,37.5,38 MW,4.0,"Franklin, OH",40.06078,-83.132753,Public tracker coordinates,Davis Besse,OH,106.1,925.2,Cleanview public U.S. data-center tracker,https://cleanview.co/data-centers/us,Individual facility or project from Cleanview's public geocoded U.S. data-center inventory.
Digital Realty IAD38,,Operating,Operating,Publicly tracked data-center facility,37.5,38 MW,4.0,"Loudoun, VA",39.00111,-77.477184,Public tracker coordinates,North Anna,VA,67.2,1959.4,Cleanview public U.S. data-center tracker,https://cleanview.co/data-centers/us,Individual facility or project from Cleanview's public geocoded U.S. data-center inventory.
Google Pryor - Building 3,,Operating,Operating,Publicly tracked data-center facility,37.5,38 MW,4.0,"Mayes, OK",36.2373435,-95.3222948,Public tracker coordinates,Arkansas Nuclear One,AR,133.4,1845.0,Cleanview public U.S. data-center tracker,https://cleanview.co/data-centers/us,Individual facility or project from Cleanview's public geocoded U.S. data-center inventory.
Google Pryor - Building 4,,Operating,Operating,Publicly tracked data-center facility,37.5,38 MW,4.0,"Mayes, OK",36.2390481,-95.3206949,Public tracker coordinates,Arkansas Nuclear One,AR,133.3,1845.0,Cleanview public U.S. data-center tracker,https://cleanview.co/data-centers/us,Individual facility or project from Cleanview's public geocoded U.S. data-center inventory.
AWS Smith's Mill Road Building 4,,Operating,Operating,Publicly tracked data-center facility,37.5,38 MW,4.0,"Licking, OH",40.094046,-82.747491,Public tracker coordinates,Davis Besse,OH,105.3,925.2,Cleanview public U.S. data-center tracker,https://cleanview.co/data-centers/us,Individual facility or project from Cleanview's public geocoded U.S. data-center inventory.
AWS Smith's Mill Road Building 3,,Operating,Operating,Publicly tracked data-center facility,37.5,38 MW,4.0,"Licking, OH",40.096534,-82.752051,Public tracker coordinates,Davis Besse,OH,105.1,925.2,Cleanview public U.S. data-center tracker,https://cleanview.co/data-centers/us,Individual facility or project from Cleanview's public geocoded U.S. data-center inventory.
AWS IAD-98 Severn Way,,Operating,Operating,Publicly tracked data-center facility,37.2,37 MW,4.0,"Loudoun, VA",39.0202249,-77.43388569,Public tracker coordinates,Calvert Cliffs Nuclear Power Plant,MD,67.1,1850.4,Cleanview public U.S. data-center tracker,https://cleanview.co/data-centers/us,Individual facility or project from Cleanview's public geocoded U.S. data-center inventory.
AWS IAD-99 Severn Way,,Operating,Operating,Publicly tracked data-center facility,37.2,37 MW,4.0,"Loudoun, VA",39.01916895,-77.43402985,Public tracker coordinates,Calvert Cliffs Nuclear Power Plant,MD,67.0,1850.4,Cleanview public U.S. data-center tracker,https://cleanview.co/data-centers/us,Individual facility or project from Cleanview's public geocoded U.S. data-center inventory.
New Albany - Building 2,,Operating,Operating,Publicly tracked data-center facility,36.9,37 MW,4.0,"Licking, OH",40.05961,-82.76447,Public tracker coordinates,Davis Besse,OH,107.5,925.2,Cleanview public U.S. data-center tracker,https://cleanview.co/data-centers/us,Individual facility or project from Cleanview's public geocoded U.S. data-center inventory.
Renaissance Tech Park F (IAD06),,Planned,Planned,Publicly tracked data-center facility,36.8,37 MW,4.0,"Fairfax, VA",38.935931,-77.422926,Public tracker coordinates,Calvert Cliffs Nuclear Power Plant,MD,63.3,1850.4,Cleanview public U.S. data-center tracker,https://cleanview.co/data-centers/us,Individual facility or project from Cleanview's public geocoded U.S. data-center inventory.
New Albany - Building 1,,Operating,Operating,Publicly tracked data-center facility,36.6,37 MW,4.0,"Licking, OH",40.06116,-82.76434,Public tracker coordinates,Davis Besse,OH,107.4,925.2,Cleanview public U.S. data-center tracker,https://cleanview.co/data-centers/us,Individual facility or project from Cleanview's public geocoded U.S. data-center inventory.
AWS IAD-132 Thomasson Barn Road,,Operating,Operating,Publicly tracked data-center facility,36.5,36 MW,4.0,"Prince William, VA",38.74384399,-77.53051372,Public tracker coordinates,North Anna,VA,49.3,1959.4,Cleanview public U.S. data-center tracker,https://cleanview.co/data-centers/us,Individual facility or project from Cleanview's public geocoded U.S. data-center inventory.
Edged Phoenix,,Operating,Operating,Publicly tracked data-center facility,36.0,36 MW,4.0,"Maricopa, AZ",33.3349737,-111.6443501,Public tracker coordinates,Palo Verde,AZ,70.3,4209.6,Cleanview public U.S. data-center tracker,https://cleanview.co/data-centers/us,Individual facility or project from Cleanview's public geocoded U.S. data-center inventory.
Novva San Francisco,,Operating,Operating,Publicly tracked data-center facility,36.0,36 MW,4.0,"San Francisco, CA",37.7229327,-122.4009842,Public tracker coordinates,Diablo Canyon,CA,193.6,2323.0,Cleanview public U.S. data-center tracker,https://cleanview.co/data-centers/us,Individual facility or project from Cleanview's public geocoded U.S. data-center inventory.
Aligned ORD-02 Data Center,,Operating,Operating,Publicly tracked data-center facility,36.0,36 MW,4.0,"Cook, IL",41.91278101,-87.91754947,Public tracker coordinates,Dresden Generating Station,IL,40.4,2018.6,Cleanview public U.S. data-center tracker,https://cleanview.co/data-centers/us,Individual facility or project from Cleanview's public geocoded U.S. data-center inventory.
NTT Phoenix PH4,,Planned,Planned,Publicly tracked data-center facility,36.0,36 MW,4.0,"Maricopa, AZ",33.35421039,-111.6113455,Public tracker coordinates,Palo Verde,AZ,72.2,4209.6,Cleanview public U.S. data-center tracker,https://cleanview.co/data-centers/us,Individual facility or project from Cleanview's public geocoded U.S. data-center inventory.
Google Moncks Corner - Building 6,,Operating,Operating,Publicly tracked data-center facility,36.0,36 MW,4.0,"Berkeley, SC",33.0620262,-80.0412307,Public tracker coordinates,H B Robinson,SC,92.8,768.6,Cleanview public U.S. data-center tracker,https://cleanview.co/data-centers/us,Individual facility or project from Cleanview's public geocoded U.S. data-center inventory.
Stack Infrastructure CHI02,,Planned,Planned,Publicly tracked data-center facility,36.0,36 MW,4.0,"Cook, IL",42.01403673,-87.95717912,Public tracker coordinates,Dresden Generating Station,IL,46.0,2018.6,Cleanview public U.S. data-center tracker,https://cleanview.co/data-centers/us,Individual facility or project from Cleanview's public geocoded U.S. data-center inventory.
Stack Infrastructure SVY01C,,Planned,Planned,Publicly tracked data-center facility,36.0,36 MW,4.0,"Santa Clara, CA",37.4017786,-121.8954328,Public tracker coordinates,Diablo Canyon,CA,162.0,2323.0,Cleanview public U.S. data-center tracker,https://cleanview.co/data-centers/us,Individual facility or project from Cleanview's public geocoded U.S. data-center inventory.
NTT Chicago CH2,,Operating,Operating,Publicly tracked data-center facility,36.0,36 MW,4.0,"Cook, IL",41.98750679,-88.00881308,Public tracker coordinates,Dresden Generating Station,IL,43.4,2018.6,Cleanview public U.S. data-center tracker,https://cleanview.co/data-centers/us,Individual facility or project from Cleanview's public geocoded U.S. data-center inventory.
Aligned ORD-01 Data Center,,Operating,Operating,Publicly tracked data-center facility,36.0,36 MW,4.0,"Cook, IL",41.9139885,-87.91751607,Public tracker coordinates,Dresden Generating Station,IL,40.5,2018.6,Cleanview public U.S. data-center tracker,https://cleanview.co/data-centers/us,Individual facility or project from Cleanview's public geocoded U.S. data-center inventory.
Karis Critical New Albany Data Center,,Planned,Planned,Publicly tracked data-center facility,36.0,36 MW,4.0,"Licking, OH",40.12115,-82.7517,Public tracker coordinates,Davis Besse,OH,103.4,925.2,Cleanview public U.S. data-center tracker,https://cleanview.co/data-centers/us,Individual facility or project from Cleanview's public geocoded U.S. data-center inventory.
Meta Altoona - Building 2,,Operating,Operating,Publicly tracked data-center facility,36.0,36 MW,4.0,"Polk, IA",41.665571,-93.5081,Public tracker coordinates,Cooper Nuclear Station,NE,143.0,801.0,Cleanview public U.S. data-center tracker,https://cleanview.co/data-centers/us,Individual facility or project from Cleanview's public geocoded U.S. data-center inventory.
NTT Dallas TX4,,Planned,Planned,Publicly tracked data-center facility,36.0,36 MW,4.0,"Dallas, TX",32.98140353,-96.65890166,Public tracker coordinates,Comanche Peak,TX,80.8,2430.0,Cleanview public U.S. data-center tracker,https://cleanview.co/data-centers/us,Individual facility or project from Cleanview's public geocoded U.S. data-center inventory.
Stack NVA01,,Operating,Operating,Publicly tracked data-center facility,36.0,36 MW,4.0,"Loudoun, VA",39.004699,-77.441764,Public tracker coordinates,Calvert Cliffs Nuclear Power Plant,MD,66.8,1850.4,Cleanview public U.S. data-center tracker,https://cleanview.co/data-centers/us,Individual facility or project from Cleanview's public geocoded U.S. data-center inventory.
DBT Data Cyber Integration Center,,Operating,Operating,Publicly tracked data-center facility,36.0,36 MW,4.0,"Harrisonburg City, VA",38.462545,-78.856797,Public tracker coordinates,North Anna,VA,64.2,1959.4,Cleanview public U.S. data-center tracker,https://cleanview.co/data-centers/us,Individual facility or project from Cleanview's public geocoded U.S. data-center inventory.
CyrusOne SAT2-4,,Operating,Operating,Publicly tracked data-center facility,36.0,36 MW,4.0,"Bexar, TX",29.47087137,-98.67073274,Public tracker coordinates,South Texas Project,TX,165.0,2708.6,Cleanview public U.S. data-center tracker,https://cleanview.co/data-centers/us,Individual facility or project from Cleanview's public geocoded U.S. data-center inventory.
NTT Phoenix PH1,,Operating,Operating,Publicly tracked data-center facility,36.0,36 MW,4.0,"Maricopa, AZ",33.35556729,-111.6133664,Public tracker coordinates,Palo Verde,AZ,72.1,4209.6,Cleanview public U.S. data-center tracker,https://cleanview.co/data-centers/us,Individual facility or project from Cleanview's public geocoded U.S. data-center inventory.
Chicago III Data Center,,Planned,Planned,Publicly tracked data-center facility,36.0,36 MW,4.0,"Cook, IL",41.9342532,-87.91599371,Public tracker coordinates,Dresden Generating Station,IL,41.8,2018.6,Cleanview public U.S. data-center tracker,https://cleanview.co/data-centers/us,Individual facility or project from Cleanview's public geocoded U.S. data-center inventory.
NTT Phoenix PH3,,Planned,Planned,Publicly tracked data-center facility,36.0,36 MW,4.0,"Maricopa, AZ",33.35420285,-111.6135107,Public tracker coordinates,Palo Verde,AZ,72.1,4209.6,Cleanview public U.S. data-center tracker,https://cleanview.co/data-centers/us,Individual facility or project from Cleanview's public geocoded U.S. data-center inventory.
NTT Phoenix PH2,,Planned,Planned,Publicly tracked data-center facility,36.0,36 MW,4.0,"Maricopa, AZ",33.35546886,-111.611174,Public tracker coordinates,Palo Verde,AZ,72.2,4209.6,Cleanview public U.S. data-center tracker,https://cleanview.co/data-centers/us,Individual facility or project from Cleanview's public geocoded U.S. data-center inventory.
Iron Mountain CHI-1,,Operating,Operating,Publicly tracked data-center facility,36.0,36 MW,4.0,"Cook, IL",42.01137428,-87.88146672,Public tracker coordinates,Dresden Generating Station,IL,47.4,2018.6,Cleanview public U.S. data-center tracker,https://cleanview.co/data-centers/us,Individual facility or project from Cleanview's public geocoded U.S. data-center inventory.
NTT Chicago CH1,,Operating,Operating,Publicly tracked data-center facility,36.0,36 MW,4.0,"Cook, IL",41.98799602,-88.00728472,Public tracker coordinates,Dresden Generating Station,IL,43.5,2018.6,Cleanview public U.S. data-center tracker,https://cleanview.co/data-centers/us,Individual facility or project from Cleanview's public geocoded U.S. data-center inventory.
AWS DCA-060 Stevensburg Building 2,,Planned,Planned,Publicly tracked data-center facility,35.9,36 MW,4.0,"Culpeper, VA",38.437378,-77.872501,Public tracker coordinates,North Anna,VA,26.5,1959.4,Cleanview public U.S. data-center tracker,https://cleanview.co/data-centers/us,Individual facility or project from Cleanview's public geocoded U.S. data-center inventory.
AWS Industrial Parkway Building 3,,Operating,Operating,Publicly tracked data-center facility,35.8,36 MW,4.0,"Union, OH",40.133271,-83.214655,Public tracker coordinates,Davis Besse,OH,101.3,925.2,Cleanview public U.S. data-center tracker,https://cleanview.co/data-centers/us,Individual facility or project from Cleanview's public geocoded U.S. data-center inventory.
AWS DCA-54 Fort Belvoir,,Operating,Operating,Publicly tracked data-center facility,35.5,36 MW,4.0,"Fairfax, VA",38.7350941,-77.1533411,Public tracker coordinates,Calvert Cliffs Nuclear Power Plant,MD,43.7,1850.4,Cleanview public U.S. data-center tracker,https://cleanview.co/data-centers/us,Individual facility or project from Cleanview's public geocoded U.S. data-center inventory.
AWS IAD-13 Devin Shafron,,Operating,Operating,Publicly tracked data-center facility,35.4,35 MW,4.0,"Loudoun, VA",39.00501674,-77.48549452,Public tracker coordinates,North Anna,VA,67.3,1959.4,Cleanview public U.S. data-center tracker,https://cleanview.co/data-centers/us,Individual facility or project from Cleanview's public geocoded U.S. data-center inventory.
AWS Bitter Blue,,Planned,Planned,Publicly tracked data-center facility,35.4,35 MW,4.0,"Bexar, TX",29.294081,-98.384892,Public tracker coordinates,South Texas Project,TX,145.3,2708.6,Cleanview public U.S. data-center tracker,https://cleanview.co/data-centers/us,Individual facility or project from Cleanview's public geocoded U.S. data-center inventory.
Stack Infrastructure POR03D,,Planned,Planned,Publicly tracked data-center facility,35.0,35 MW,4.0,"Washington, OR",45.55286442,-122.9378985,Public tracker coordinates,Columbia Generating Station,WA,184.2,1200.0,Cleanview public U.S. data-center tracker,https://cleanview.co/data-centers/us,Individual facility or project from Cleanview's public geocoded U.S. data-center inventory.
AWS Houchard Road Building 2,,Operating,Operating,Publicly tracked data-center facility,35.0,35 MW,4.0,"Franklin, OH",40.102573,-83.199699,Public tracker coordinates,Davis Besse,OH,103.4,925.2,Cleanview public U.S. data-center tracker,https://cleanview.co/data-centers/us,Individual facility or project from Cleanview's public geocoded U.S. data-center inventory.
Meta Forest City - Building 1,,Operating,Operating,Publicly tracked data-center facility,35.0,35 MW,4.0,"Rutherford, NC",35.3143158,-81.8219234,Public tracker coordinates,Catawba,SC,46.2,2410.2,Cleanview public U.S. data-center tracker,https://cleanview.co/data-centers/us,Individual facility or project from Cleanview's public geocoded U.S. data-center inventory.
Apple Prineville - Building 3,,Operating,Operating,Publicly tracked data-center facility,34.9,35 MW,4.0,"Crook, OR",44.28576,-120.86992,Public tracker coordinates,Columbia Generating Station,WA,168.4,1200.0,Cleanview public U.S. data-center tracker,https://cleanview.co/data-centers/us,Individual facility or project from Cleanview's public geocoded U.S. data-center inventory.
AWS PDX-51 Beach Access Rd,,Operating,Operating,Publicly tracked data-center facility,34.9,35 MW,4.0,"Umatilla, OR",45.9174,-119.2677,Public tracker coordinates,Columbia Generating Station,WA,38.4,1200.0,Cleanview public U.S. data-center tracker,https://cleanview.co/data-centers/us,Individual facility or project from Cleanview's public geocoded U.S. data-center inventory.
Vantage CA23,,Operating,Operating,Publicly tracked data-center facility,34.5,34 MW,4.0,"Santa Clara, CA",37.3640237,-121.9461773,Public tracker coordinates,Diablo Canyon,CA,160.6,2323.0,Cleanview public U.S. data-center tracker,https://cleanview.co/data-centers/us,Individual facility or project from Cleanview's public geocoded U.S. data-center inventory.
Digital Realty IAD37,,Operating,Operating,Publicly tracked data-center facility,34.4,34 MW,4.0,"Loudoun, VA",39.00001,-77.47807,Public tracker coordinates,North Anna,VA,67.1,1959.4,Cleanview public U.S. data-center tracker,https://cleanview.co/data-centers/us,Individual facility or project from Cleanview's public geocoded U.S. data-center inventory.
AWS IAD-62 Fadeley,,Operating,Operating,Publicly tracked data-center facility,34.3,34 MW,4.0,"Loudoun, VA",38.9493,-77.5198187,Public tracker coordinates,North Anna,VA,63.2,1959.4,Cleanview public U.S. data-center tracker,https://cleanview.co/data-centers/us,Individual facility or project from Cleanview's public geocoded U.S. data-center inventory.
Microsoft LVL14,,Planned,Planned,Publicly tracked data-center facility,34.1,34 MW,4.0,"Mecklenburg, VA",36.70036,-78.359548,Public tracker coordinates,Harris (NC),NC,80.9,950.9,Cleanview public U.S. data-center tracker,https://cleanview.co/data-centers/us,Individual facility or project from Cleanview's public geocoded U.S. data-center inventory.
CoreSite SV9,,Operating,Operating,Publicly tracked data-center facility,34.0,34 MW,4.0,"Santa Clara, CA",37.3752714,-121.9689335,Public tracker coordinates,Diablo Canyon,CA,161.8,2323.0,Cleanview public U.S. data-center tracker,https://cleanview.co/data-centers/us,Individual facility or project from Cleanview's public geocoded U.S. data-center inventory.
Aligned Salt Lake SLC 01,,Operating,Operating,Publicly tracked data-center facility,34.0,34 MW,4.0,"Salt Lake, UT",40.58627348,-111.9701007,Public tracker coordinates,Palo Verde,AZ,499.8,4209.6,Cleanview public U.S. data-center tracker,https://cleanview.co/data-centers/us,Individual facility or project from Cleanview's public geocoded U.S. data-center inventory.
Google Moncks Corner - Building 1,,Operating,Operating,Publicly tracked data-center facility,34.0,34 MW,4.0,"Berkeley, SC",33.0644097,-80.0461647,Public tracker coordinates,H B Robinson,SC,92.6,768.6,Cleanview public U.S. data-center tracker,https://cleanview.co/data-centers/us,Individual facility or project from Cleanview's public geocoded U.S. data-center inventory.
Vantage CA21,,Operating,Operating,Publicly tracked data-center facility,33.7,34 MW,4.0,"Santa Clara, CA",37.3640568,-121.9476186,Public tracker coordinates,Diablo Canyon,CA,160.7,2323.0,Cleanview public U.S. data-center tracker,https://cleanview.co/data-centers/us,Individual facility or project from Cleanview's public geocoded U.S. data-center inventory.
Stack NVA06B,,Planned,Planned,Publicly tracked data-center facility,33.6,34 MW,4.0,"Loudoun, VA",39.080136,-77.564861,Public tracker coordinates,North Anna,VA,71.5,1959.4,Cleanview public U.S. data-center tracker,https://cleanview.co/data-centers/us,Individual facility or project from Cleanview's public geocoded U.S. data-center inventory.
Stack Infrastructure POR03B,,Operating,Operating,Publicly tracked data-center facility,33.6,34 MW,4.0,"Washington, OR",45.55424923,-122.939353,Public tracker coordinates,Columbia Generating Station,WA,184.2,1200.0,Cleanview public U.S. data-center tracker,https://cleanview.co/data-centers/us,Individual facility or project from Cleanview's public geocoded U.S. data-center inventory.
Stack Infrastructure POR03C,,Operating,Operating,Publicly tracked data-center facility,33.6,34 MW,4.0,"Washington, OR",45.5542403,-122.9407565,Public tracker coordinates,Columbia Generating Station,WA,184.3,1200.0,Cleanview public U.S. data-center tracker,https://cleanview.co/data-centers/us,Individual facility or project from Cleanview's public geocoded U.S. data-center inventory.
Stack Infrastructure POR03A,,Operating,Operating,Publicly tracked data-center facility,33.6,34 MW,4.0,"Washington, OR",45.5542135,-122.9378603,Public tracker coordinates,Columbia Generating Station,WA,184.2,1200.0,Cleanview public U.S. data-center tracker,https://cleanview.co/data-centers/us,Individual facility or project from Cleanview's public geocoded U.S. data-center inventory.
Stack Infrastructure POR02,,Operating,Operating,Publicly tracked data-center facility,33.6,34 MW,4.0,"Washington, OR",45.5473792,-122.8975377,Public tracker coordinates,Columbia Generating Station,WA,182.5,1200.0,Cleanview public U.S. data-center tracker,https://cleanview.co/data-centers/us,Individual facility or project from Cleanview's public geocoded U.S. data-center inventory.
Sabey Ashburn - Building B,,Operating,Operating,Publicly tracked data-center facility,33.5,34 MW,4.0,"Loudoun, VA",39.014614,-77.479886,Public tracker coordinates,North Anna,VA,68.0,1959.4,Cleanview public U.S. data-center tracker,https://cleanview.co/data-centers/us,Individual facility or project from Cleanview's public geocoded U.S. data-center inventory.
AWS IAD 870 Turner Court - Building 5,,Planned,Planned,Publicly tracked data-center facility,33.3,33 MW,4.0,"Spotsylvania, VA",38.219318,-77.476003,Public tracker coordinates,North Anna,VA,20.3,1959.4,Cleanview public U.S. data-center tracker,https://cleanview.co/data-centers/us,Individual facility or project from Cleanview's public geocoded U.S. data-center inventory.
Microsoft Leesburg - Building 1,,Operating,Operating,Publicly tracked data-center facility,33.0,33 MW,4.0,"Loudoun, VA",39.0747993,-77.5641098,Public tracker coordinates,North Anna,VA,71.2,1959.4,Cleanview public U.S. data-center tracker,https://cleanview.co/data-centers/us,Individual facility or project from Cleanview's public geocoded U.S. data-center inventory.
Google Moncks Corner - Building 7,,Operating,Operating,Publicly tracked data-center facility,33.0,33 MW,4.0,"Berkeley, SC",33.0620587,-80.0397728,Public tracker coordinates,H B Robinson,SC,92.8,768.6,Cleanview public U.S. data-center tracker,https://cleanview.co/data-centers/us,Individual facility or project from Cleanview's public geocoded U.S. data-center inventory.
Google Moncks Corner - Building 5,,Operating,Operating,Publicly tracked data-center facility,33.0,33 MW,4.0,"Berkeley, SC",33.0619417,-80.0383149,Public tracker coordinates,H B Robinson,SC,92.8,768.6,Cleanview public U.S. data-center tracker,https://cleanview.co/data-centers/us,Individual facility or project from Cleanview's public geocoded U.S. data-center inventory.
Prime Data Centers: Los Angeles,,Operating,Operating,Publicly tracked data-center facility,33.0,33 MW,4.0,"Los Angeles, CA",34.00086519,-118.2310933,Public tracker coordinates,Diablo Canyon,CA,171.1,2323.0,Cleanview public U.S. data-center tracker,https://cleanview.co/data-centers/us,Individual facility or project from Cleanview's public geocoded U.S. data-center inventory.
Microsoft SAT14 - Building 2,,Operating,Operating,Publicly tracked data-center facility,33.0,33 MW,4.0,"Bexar, TX",29.476298,-98.679985,Public tracker coordinates,South Texas Project,TX,165.7,2708.6,Cleanview public U.S. data-center tracker,https://cleanview.co/data-centers/us,Individual facility or project from Cleanview's public geocoded U.S. data-center inventory.
Meta Temple - Building 3,,Planned,Planned,Publicly tracked data-center facility,33.0,33 MW,4.0,"Bell, TX",31.12891,-97.370132,Public tracker coordinates,Comanche Peak,TX,84.4,2430.0,Cleanview public U.S. data-center tracker,https://cleanview.co/data-centers/us,Individual facility or project from Cleanview's public geocoded U.S. data-center inventory.
AWS Harrison Road Building 5,,Operating,Operating,Publicly tracked data-center facility,33.0,33 MW,4.0,"Licking, OH",40.094378,-82.729281,Public tracker coordinates,Davis Besse,OH,105.5,925.2,Cleanview public U.S. data-center tracker,https://cleanview.co/data-centers/us,Individual facility or project from Cleanview's public geocoded U.S. data-center inventory.
CloudHQ MCC6C,,Planned,Planned,Publicly tracked data-center facility,33.0,33 MW,4.0,"Prince William, VA",38.71573175154594,-77.4969538733279,Public tracker coordinates,North Anna,VA,48.0,1959.4,Cleanview public U.S. data-center tracker,https://cleanview.co/data-centers/us,Individual facility or project from Cleanview's public geocoded U.S. data-center inventory.
GI Partners Chicago Data Center,,Planned,Planned,Publicly tracked data-center facility,33.0,33 MW,4.0,"Cook, IL",41.8764788,-87.6321341,Public tracker coordinates,Dresden Generating Station,IL,47.1,2018.6,Cleanview public U.S. data-center tracker,https://cleanview.co/data-centers/us,Individual facility or project from Cleanview's public geocoded U.S. data-center inventory.
CloudHQ MCC6A,,Operating,Operating,Publicly tracked data-center facility,33.0,33 MW,4.0,"Prince William, VA",38.71508643066773,-77.49476365680592,Public tracker coordinates,North Anna,VA,48.0,1959.4,Cleanview public U.S. data-center tracker,https://cleanview.co/data-centers/us,Individual facility or project from Cleanview's public geocoded U.S. data-center inventory.
CloudHQ MCC6B,,Planned,Planned,Publicly tracked data-center facility,33.0,33 MW,4.0,"Prince William, VA",38.7153891031921,-77.49603876903012,Public tracker coordinates,North Anna,VA,48.0,1959.4,Cleanview public U.S. data-center tracker,https://cleanview.co/data-centers/us,Individual facility or project from Cleanview's public geocoded U.S. data-center inventory.
AWS Britton Parkway Building 1,,Operating,Operating,Publicly tracked data-center facility,32.5,32 MW,4.0,"Franklin, OH",40.061152,-83.135173,Public tracker coordinates,Davis Besse,OH,106.1,925.2,Cleanview public U.S. data-center tracker,https://cleanview.co/data-centers/us,Individual facility or project from Cleanview's public geocoded U.S. data-center inventory.
AWS Lavender Hill - Building 1,,Operating,Operating,Publicly tracked data-center facility,32.5,32 MW,4.0,"Bexar, TX",29.40809,-98.77651,Public tracker coordinates,South Texas Project,TX,170.1,2708.6,Cleanview public U.S. data-center tracker,https://cleanview.co/data-centers/us,Individual facility or project from Cleanview's public geocoded U.S. data-center inventory.
AWS Smith's Mill Road Building 1,,Operating,Operating,Publicly tracked data-center facility,32.5,32 MW,4.0,"Licking, OH",40.09463,-82.751339,Public tracker coordinates,Davis Besse,OH,105.2,925.2,Cleanview public U.S. data-center tracker,https://cleanview.co/data-centers/us,Individual facility or project from Cleanview's public geocoded U.S. data-center inventory.
AWS PDX-1 Lewis & Clark Dr,,Operating,Operating,Publicly tracked data-center facility,32.5,32 MW,4.0,"Morrow, OR",45.8509,-119.6305,Public tracker coordinates,Columbia Generating Station,WA,45.1,1200.0,Cleanview public U.S. data-center tracker,https://cleanview.co/data-centers/us,Individual facility or project from Cleanview's public geocoded U.S. data-center inventory.
AWS Britton Parkway Building 5,,Operating,Operating,Publicly tracked data-center facility,32.5,32 MW,4.0,"Franklin, OH",40.058309,-83.134091,Public tracker coordinates,Davis Besse,OH,106.3,925.2,Cleanview public U.S. data-center tracker,https://cleanview.co/data-centers/us,Individual facility or project from Cleanview's public geocoded U.S. data-center inventory.
Digital Realty ACC3,,Operating,Operating,Publicly tracked data-center facility,32.3,32 MW,4.0,"Loudoun, VA",39.019936,-77.459842,Public tracker coordinates,Calvert Cliffs Nuclear Power Plant,MD,68.2,1850.4,Cleanview public U.S. data-center tracker,https://cleanview.co/data-centers/us,Individual facility or project from Cleanview's public geocoded U.S. data-center inventory.
Stream Data Center: Chicago II Data Center,,Operating,Operating,Publicly tracked data-center facility,32.0,32 MW,4.0,"Cook, IL",41.99914822,-87.95770387,Public tracker coordinates,Dresden Generating Station,IL,45.1,2018.6,Cleanview public U.S. data-center tracker,https://cleanview.co/data-centers/us,Individual facility or project from Cleanview's public geocoded U.S. data-center inventory.
QTS Phoenix Van Buren,,Operating,Operating,Publicly tracked data-center facility,32.0,32 MW,4.0,"Maricopa, AZ",33.4515,-112.0719,Public tracker coordinates,Palo Verde,AZ,45.8,4209.6,Cleanview public U.S. data-center tracker,https://cleanview.co/data-centers/us,Individual facility or project from Cleanview's public geocoded U.S. data-center inventory.
Stack Infrastructure SVY01B,,Operating,Operating,Publicly tracked data-center facility,32.0,32 MW,4.0,"Santa Clara, CA",37.40215362,-121.8924536,Public tracker coordinates,Diablo Canyon,CA,162.0,2323.0,Cleanview public U.S. data-center tracker,https://cleanview.co/data-centers/us,Individual facility or project from Cleanview's public geocoded U.S. data-center inventory.
DataBank Vernon LA Data Center,,Planned,Planned,Publicly tracked data-center facility,32.0,32 MW,4.0,"Los Angeles, CA",34.00543,-118.218653,Public tracker coordinates,Diablo Canyon,CA,171.5,2323.0,Cleanview public U.S. data-center tracker,https://cleanview.co/data-centers/us,Individual facility or project from Cleanview's public geocoded U.S. data-center inventory.
Vantage TX11,,Planned,Planned,Publicly tracked data-center facility,32.0,32 MW,4.0,"Bexar, TX",29.4168927,-98.7901605,Public tracker coordinates,South Texas Project,TX,171.0,2708.6,Cleanview public U.S. data-center tracker,https://cleanview.co/data-centers/us,Individual facility or project from Cleanview's public geocoded U.S. data-center inventory.
Digital Realty Vernon Data Center,,Planned,Planned,Publicly tracked data-center facility,32.0,32 MW,4.0,"Los Angeles, CA",34.00369983,-118.22977373,Public tracker coordinates,Diablo Canyon,CA,171.0,2323.0,Cleanview public U.S. data-center tracker,https://cleanview.co/data-centers/us,Individual facility or project from Cleanview's public geocoded U.S. data-center inventory.
NTT Dallas TX2,,Planned,Planned,Publicly tracked data-center facility,32.0,32 MW,4.0,"Dallas, TX",32.98126724,-96.65764728,Public tracker coordinates,Comanche Peak,TX,80.8,2430.0,Cleanview public U.S. data-center tracker,https://cleanview.co/data-centers/us,Individual facility or project from Cleanview's public geocoded U.S. data-center inventory.
Serverfarm CH1,,Operating,Operating,Publicly tracked data-center facility,32.0,32 MW,4.0,"Cook, IL",41.87114074,-87.63976997,Public tracker coordinates,Dresden Generating Station,IL,46.5,2018.6,Cleanview public U.S. data-center tracker,https://cleanview.co/data-centers/us,Individual facility or project from Cleanview's public geocoded U.S. data-center inventory.
NTT Chicago CH3,,Operating,Operating,Publicly tracked data-center facility,32.0,32 MW,4.0,"Cook, IL",41.98905924,-88.00747778,Public tracker coordinates,Dresden Generating Station,IL,43.6,2018.6,Cleanview public U.S. data-center tracker,https://cleanview.co/data-centers/us,Individual facility or project from Cleanview's public geocoded U.S. data-center inventory.
Digital Realty PHX10,,Operating,Operating,Publicly tracked data-center facility,32.0,32 MW,4.0,"Maricopa, AZ",33.4515,-112.0719,Public tracker coordinates,Palo Verde,AZ,45.8,4209.6,Cleanview public U.S. data-center tracker,https://cleanview.co/data-centers/us,Individual facility or project from Cleanview's public geocoded U.S. data-center inventory.
Flexential Douglasville 1,,Operating,Operating,Publicly tracked data-center facility,31.5,32 MW,4.0,"Douglas, GA",33.731092,-84.615988,Public tracker coordinates,Sequoyah,TN,106.8,2441.0,Cleanview public U.S. data-center tracker,https://cleanview.co/data-centers/us,Individual facility or project from Cleanview's public geocoded U.S. data-center inventory.
QTS Ashburn 1 DC2,,Planned,Planned,Publicly tracked data-center facility,31.5,32 MW,4.0,"Loudoun, VA",38.998409,-77.448852,Public tracker coordinates,Calvert Cliffs Nuclear Power Plant,MD,66.8,1850.4,Cleanview public U.S. data-center tracker,https://cleanview.co/data-centers/us,Individual facility or project from Cleanview's public geocoded U.S. data-center inventory.
Bank of America Sandston,,Operating,Operating,Publicly tracked data-center facility,31.1,31 MW,4.0,"Henrico, VA",37.494407,-77.2375,Public tracker coordinates,Surry,VA,37.3,1695.0,Cleanview public U.S. data-center tracker,https://cleanview.co/data-centers/us,Individual facility or project from Cleanview's public geocoded U.S. data-center inventory.
Bank of America Villa Park,,Operating,Operating,Publicly tracked data-center facility,31.0,31 MW,4.0,"Henrico, VA",37.6307,-77.4655,Public tracker coordinates,North Anna,VA,34.5,1959.4,Cleanview public U.S. data-center tracker,https://cleanview.co/data-centers/us,Individual facility or project from Cleanview's public geocoded U.S. data-center inventory.
AWS IAD-16 Dulles Summit,,Operating,Operating,Publicly tracked data-center facility,30.4,30 MW,4.0,"Loudoun, VA",38.99068645,-77.4488397,Public tracker coordinates,Calvert Cliffs Nuclear Power Plant,MD,66.5,1850.4,Cleanview public U.S. data-center tracker,https://cleanview.co/data-centers/us,Individual facility or project from Cleanview's public geocoded U.S. data-center inventory.
COL1 and COL2,,Operating,Operating,Publicly tracked data-center facility,30.0,30 MW,4.0,"Franklin, OH",40.1160187,-83.0021665,Public tracker coordinates,Davis Besse,OH,102.4,925.2,Cleanview public U.S. data-center tracker,https://cleanview.co/data-centers/us,Individual facility or project from Cleanview's public geocoded U.S. data-center inventory.
AWS PDX-56 Lewis & Clark Dr,,Operating,Operating,Publicly tracked data-center facility,30.0,30 MW,4.0,"Morrow, OR",45.8540477,-119.6299883,Public tracker coordinates,Columbia Generating Station,WA,44.9,1200.0,Cleanview public U.S. data-center tracker,https://cleanview.co/data-centers/us,Individual facility or project from Cleanview's public geocoded U.S. data-center inventory.
Skybox Austin Data Center 1,,Operating,Operating,Publicly tracked data-center facility,30.0,30 MW,4.0,"Travis, TX",30.48189219,-97.62304114,Public tracker coordinates,Comanche Peak,TX,125.9,2430.0,Cleanview public U.S. data-center tracker,https://cleanview.co/data-centers/us,Individual facility or project from Cleanview's public geocoded U.S. data-center inventory.
Blueprint Projects: Taylor City,,Planned,Planned,Publicly tracked data-center facility,30.0,30 MW,4.0,"Williamson, TX",30.56722875,-97.38824563,Public tracker coordinates,Comanche Peak,TX,121.9,2430.0,Cleanview public U.S. data-center tracker,https://cleanview.co/data-centers/us,Individual facility or project from Cleanview's public geocoded U.S. data-center inventory.
NOVA 1 (IAD-230),,Operating,Operating,Publicly tracked data-center facility,30.0,30 MW,4.0,"Loudoun, VA",38.98944194,-77.44954289,Public tracker coordinates,Calvert Cliffs Nuclear Power Plant,MD,66.5,1850.4,Cleanview public U.S. data-center tracker,https://cleanview.co/data-centers/us,Individual facility or project from Cleanview's public geocoded U.S. data-center inventory.
AWS Smith's Mill Road Building 2,,Operating,Operating,Publicly tracked data-center facility,30.0,30 MW,4.0,"Licking, OH",40.093616,-82.751455,Public tracker coordinates,Davis Besse,OH,105.3,925.2,Cleanview public U.S. data-center tracker,https://cleanview.co/data-centers/us,Individual facility or project from Cleanview's public geocoded U.S. data-center inventory.
Iron Mountain NJE-1,,Operating,Operating,Publicly tracked data-center facility,30.0,30 MW,4.0,"Middlesex, NJ",40.52064192,-74.34709152,Public tracker coordinates,Limerick,PA,68.4,2277.0,Cleanview public U.S. data-center tracker,https://cleanview.co/data-centers/us,Individual facility or project from Cleanview's public geocoded U.S. data-center inventory.
Meta Forest City - Building 2,,Operating,Operating,Publicly tracked data-center facility,30.0,30 MW,4.0,"Rutherford, NC",35.3174318,-81.826162,Public tracker coordinates,Catawba,SC,46.5,2410.2,Cleanview public U.S. data-center tracker,https://cleanview.co/data-centers/us,Individual facility or project from Cleanview's public geocoded U.S. data-center inventory.
AWS PDX-59 Lewis & Clark Dr,,Operating,Operating,Publicly tracked data-center facility,30.0,30 MW,4.0,"Morrow, OR",45.8536194,-119.630012,Public tracker coordinates,Columbia Generating Station,WA,45.0,1200.0,Cleanview public U.S. data-center tracker,https://cleanview.co/data-centers/us,Individual facility or project from Cleanview's public geocoded U.S. data-center inventory.
PhoenixNAP PHX01,,Operating,Operating,Publicly tracked data-center facility,30.0,30 MW,4.0,"Maricopa, AZ",33.41603,-112.00937,Public tracker coordinates,Palo Verde,AZ,49.2,4209.6,Cleanview public U.S. data-center tracker,https://cleanview.co/data-centers/us,Individual facility or project from Cleanview's public geocoded U.S. data-center inventory.
Skybox Chicago,,Operating,Operating,Publicly tracked data-center facility,30.0,30 MW,4.0,"Cook, IL",41.9859219,-87.9817849,Public tracker coordinates,Dresden Generating Station,IL,43.8,2018.6,Cleanview public U.S. data-center tracker,https://cleanview.co/data-centers/us,Individual facility or project from Cleanview's public geocoded U.S. data-center inventory.
AWS Britton Parkway Building 3,,Operating,Operating,Publicly tracked data-center facility,30.0,30 MW,4.0,"Franklin, OH",40.059325,-83.134606,Public tracker coordinates,Davis Besse,OH,106.3,925.2,Cleanview public U.S. data-center tracker,https://cleanview.co/data-centers/us,Individual facility or project from Cleanview's public geocoded U.S. data-center inventory.
Vantage CA22,,Operating,Operating,Publicly tracked data-center facility,29.4,29 MW,4.0,"Santa Clara, CA",37.3641195,-121.9469291,Public tracker coordinates,Diablo Canyon,CA,160.7,2323.0,Cleanview public U.S. data-center tracker,https://cleanview.co/data-centers/us,Individual facility or project from Cleanview's public geocoded U.S. data-center inventory.
EdgeConneX POR03,,Planned,Planned,Publicly tracked data-center facility,29.4,29 MW,4.0,"Multnomah, OR",45.55662,-122.91221,Public tracker coordinates,Columbia Generating Station,WA,182.9,1200.0,Cleanview public U.S. data-center tracker,https://cleanview.co/data-centers/us,Individual facility or project from Cleanview's public geocoded U.S. data-center inventory.
Microsoft East Coast BN13,,Operating,Operating,Publicly tracked data-center facility,29.2,29 MW,4.0,"Mecklenburg, VA",36.69271,-78.37811,Public tracker coordinates,Harris (NC),NC,80.0,950.9,Cleanview public U.S. data-center tracker,https://cleanview.co/data-centers/us,Individual facility or project from Cleanview's public geocoded U.S. data-center inventory.
AWS Susquehanna - Building 2,,Operating,Operating,Publicly tracked data-center facility,28.8,29 MW,4.0,"Luzerne, PA",41.08565,-76.143526,Public tracker coordinates,TalenEnergy Susquehanna,PA,0.5,2532.0,Cleanview public U.S. data-center tracker,https://cleanview.co/data-centers/us,Individual facility or project from Cleanview's public geocoded U.S. data-center inventory.
NTT Ashburn VA8,,Operating,Operating,Publicly tracked data-center facility,28.6,29 MW,4.0,"Loudoun, VA",39.02019,-77.475531,Public tracker coordinates,North Anna,VA,68.5,1959.4,Cleanview public U.S. data-center tracker,https://cleanview.co/data-centers/us,Individual facility or project from Cleanview's public geocoded U.S. data-center inventory.
AWS IAD-60 Smith Switch,,Operating,Operating,Publicly tracked data-center facility,28.4,28 MW,4.0,"Loudoun, VA",39.0287737,-77.4582461,Public tracker coordinates,Calvert Cliffs Nuclear Power Plant,MD,68.5,1850.4,Cleanview public U.S. data-center tracker,https://cleanview.co/data-centers/us,Individual facility or project from Cleanview's public geocoded U.S. data-center inventory.
AWS IAD-71 Smith Switch,,Operating,Operating,Publicly tracked data-center facility,28.4,28 MW,4.0,"Loudoun, VA",39.0279064,-77.45749975,Public tracker coordinates,Calvert Cliffs Nuclear Power Plant,MD,68.4,1850.4,Cleanview public U.S. data-center tracker,https://cleanview.co/data-centers/us,Individual facility or project from Cleanview's public geocoded U.S. data-center inventory.
YLO-01 & 02,,Operating,Operating,Publicly tracked data-center facility,28.0,28 MW,4.0,"Lake, IL",42.323887,-88.14764574,Public tracker coordinates,Byron Generating Station,IL,60.6,2449.8,Cleanview public U.S. data-center tracker,https://cleanview.co/data-centers/us,Individual facility or project from Cleanview's public geocoded U.S. data-center inventory.
DataBank IAD4,,Operating,Operating,Publicly tracked data-center facility,28.0,28 MW,4.0,"Loudoun, VA",39.015654,-77.48331,Public tracker coordinates,North Anna,VA,68.1,1959.4,Cleanview public U.S. data-center tracker,https://cleanview.co/data-centers/us,Individual facility or project from Cleanview's public geocoded U.S. data-center inventory.
Compass 42310 Thunderball Drive,,Operating,Operating,Publicly tracked data-center facility,28.0,28 MW,4.0,"Loudoun, VA",39.044099,-77.539674,Public tracker coordinates,North Anna,VA,69.3,1959.4,Cleanview public U.S. data-center tracker,https://cleanview.co/data-centers/us,Individual facility or project from Cleanview's public geocoded U.S. data-center inventory.
Chirisa Technology Parks: CTP-01,,Operating,Operating,Publicly tracked data-center facility,28.0,28 MW,4.0,"Chesterfield, VA",37.36006,-77.3271,Public tracker coordinates,Surry,VA,37.1,1695.0,Cleanview public U.S. data-center tracker,https://cleanview.co/data-centers/us,Individual facility or project from Cleanview's public geocoded U.S. data-center inventory.
Centersquare ATL1,,Operating,Operating,Publicly tracked data-center facility,28.0,28 MW,4.0,"Fulton, GA",33.74416329,-84.58117278,Public tracker coordinates,Sequoyah,TN,106.5,2441.0,Cleanview public U.S. data-center tracker,https://cleanview.co/data-centers/us,Individual facility or project from Cleanview's public geocoded U.S. data-center inventory.
CoreSite 12367 Sunrise Valley Drive,,Planned,Planned,Publicly tracked data-center facility,28.0,28 MW,4.0,"Fairfax, VA",38.9499,-77.3652,Public tracker coordinates,Calvert Cliffs Nuclear Power Plant,MD,61.2,1850.4,Cleanview public U.S. data-center tracker,https://cleanview.co/data-centers/us,Individual facility or project from Cleanview's public geocoded U.S. data-center inventory.
Centersquare LAX4,,Operating,Operating,Publicly tracked data-center facility,28.0,28 MW,4.0,"Los Angeles, CA",33.92440435,-118.3207229,Public tracker coordinates,Diablo Canyon,CA,169.4,2323.0,Cleanview public U.S. data-center tracker,https://cleanview.co/data-centers/us,Individual facility or project from Cleanview's public geocoded U.S. data-center inventory.
Microsoft WTC Station B East 2,,Operating,Operating,Publicly tracked data-center facility,27.7,28 MW,4.0,"Fauquier, VA",38.73825,-77.825813,Public tracker coordinates,North Anna,VA,46.9,1959.4,Cleanview public U.S. data-center tracker,https://cleanview.co/data-centers/us,Individual facility or project from Cleanview's public geocoded U.S. data-center inventory.
AWS Lavender Hill - Building 2,,Planned,Planned,Publicly tracked data-center facility,27.6,28 MW,4.0,"Bexar, TX",29.4087,-98.777,Public tracker coordinates,South Texas Project,TX,170.1,2708.6,Cleanview public U.S. data-center tracker,https://cleanview.co/data-centers/us,Individual facility or project from Cleanview's public geocoded U.S. data-center inventory.
Microsoft CO1,,Operating,Operating,Publicly tracked data-center facility,27.5,28 MW,4.0,"Grant County, WA",47.2402,-119.8636,Public tracker coordinates,Columbia Generating Station,WA,58.7,1200.0,Cleanview public U.S. data-center tracker,https://cleanview.co/data-centers/us,Individual facility or project from Cleanview's public geocoded U.S. data-center inventory.
AWS Britton Parkway Building 2,,Operating,Operating,Publicly tracked data-center facility,27.5,28 MW,4.0,"Franklin, OH",40.060147,-83.134907,Public tracker coordinates,Davis Besse,OH,106.2,925.2,Cleanview public U.S. data-center tracker,https://cleanview.co/data-centers/us,Individual facility or project from Cleanview's public geocoded U.S. data-center inventory.
Microsoft CO2,,Operating,Operating,Publicly tracked data-center facility,27.5,28 MW,4.0,"Grant County, WA",47.24,-119.8628,Public tracker coordinates,Columbia Generating Station,WA,58.7,1200.0,Cleanview public U.S. data-center tracker,https://cleanview.co/data-centers/us,Individual facility or project from Cleanview's public geocoded U.S. data-center inventory.
Microsoft Mountain - Building 2,,Operating,Operating,Publicly tracked data-center facility,27.5,28 MW,4.0,"Dallas, IA",41.5407713,-93.826869,Public tracker coordinates,Cooper Nuclear Station,NE,124.8,801.0,Cleanview public U.S. data-center tracker,https://cleanview.co/data-centers/us,Individual facility or project from Cleanview's public geocoded U.S. data-center inventory.
Microsoft Mountain - Building 3,,Operating,Operating,Publicly tracked data-center facility,27.5,28 MW,4.0,"Dallas, IA",41.5406673,-93.8286756,Public tracker coordinates,Cooper Nuclear Station,NE,124.8,801.0,Cleanview public U.S. data-center tracker,https://cleanview.co/data-centers/us,Individual facility or project from Cleanview's public geocoded U.S. data-center inventory.
AWS IAD-10 Severn Way,,Operating,Operating,Publicly tracked data-center facility,27.3,27 MW,4.0,"Loudoun, VA",39.02167671,-77.43291713,Public tracker coordinates,Calvert Cliffs Nuclear Power Plant,MD,67.1,1850.4,Cleanview public U.S. data-center tracker,https://cleanview.co/data-centers/us,Individual facility or project from Cleanview's public geocoded U.S. data-center inventory.
Microsoft East Coast BN12,,Operating,Operating,Publicly tracked data-center facility,27.2,27 MW,4.0,"Mecklenburg, VA",36.69248,-78.37679,Public tracker coordinates,Harris (NC),NC,80.0,950.9,Cleanview public U.S. data-center tracker,https://cleanview.co/data-centers/us,Individual facility or project from Cleanview's public geocoded U.S. data-center inventory.
CyrusOne DFW2,,Operating,Operating,Publicly tracked data-center facility,27.0,27 MW,4.0,"Dallas, TX",33.00225201,-97.00016894,Public tracker coordinates,Comanche Peak,TX,66.7,2430.0,Cleanview public U.S. data-center tracker,https://cleanview.co/data-centers/us,Individual facility or project from Cleanview's public geocoded U.S. data-center inventory.
Edged ATL01-01,,Operating,Operating,Publicly tracked data-center facility,27.0,27 MW,4.0,"Fulton, GA",33.80026374,-84.43806548,Public tracker coordinates,Sequoyah,TN,105.3,2441.0,Cleanview public U.S. data-center tracker,https://cleanview.co/data-centers/us,Individual facility or project from Cleanview's public geocoded U.S. data-center inventory.
COPT DC-6,,Operating,Operating,Publicly tracked data-center facility,27.0,27 MW,4.0,"Prince William, VA",38.7473099,-77.53182645,Public tracker coordinates,North Anna,VA,49.5,1959.4,Cleanview public U.S. data-center tracker,https://cleanview.co/data-centers/us,Individual facility or project from Cleanview's public geocoded U.S. data-center inventory.
Digital Realty IAD36,,Operating,Operating,Publicly tracked data-center facility,26.7,27 MW,4.0,"Loudoun, VA",39.001552,-77.479344,Public tracker coordinates,North Anna,VA,67.2,1959.4,Cleanview public U.S. data-center tracker,https://cleanview.co/data-centers/us,Individual facility or project from Cleanview's public geocoded U.S. data-center inventory.
QTS Manassas DC2,,Operating,Operating,Publicly tracked data-center facility,26.7,27 MW,4.0,"Prince William, VA",38.75347517046534,-77.51246864260222,Public tracker coordinates,North Anna,VA,50.2,1959.4,Cleanview public U.S. data-center tracker,https://cleanview.co/data-centers/us,Individual facility or project from Cleanview's public geocoded U.S. data-center inventory.
Edged Kansas City,,Operating,Operating,Publicly tracked data-center facility,26.0,26 MW,4.0,"Jackson, MO",39.15634987,-94.46434269,Public tracker coordinates,Wolf Creek Generating Station,KS,91.6,1296.3,Cleanview public U.S. data-center tracker,https://cleanview.co/data-centers/us,Individual facility or project from Cleanview's public geocoded U.S. data-center inventory.
SkyBox Houston 1,,Operating,Operating,Publicly tracked data-center facility,26.0,26 MW,4.0,"Harris, TX",29.8029255,-95.7558216,Public tracker coordinates,South Texas Project,TX,71.8,2708.6,Cleanview public U.S. data-center tracker,https://cleanview.co/data-centers/us,Individual facility or project from Cleanview's public geocoded U.S. data-center inventory.
Compass 42254 Thunderball Drive,,Operating,Operating,Publicly tracked data-center facility,26.0,26 MW,4.0,"Loudoun, VA",39.043502,-77.540874,Public tracker coordinates,North Anna,VA,69.3,1959.4,Cleanview public U.S. data-center tracker,https://cleanview.co/data-centers/us,Individual facility or project from Cleanview's public geocoded U.S. data-center inventory.
NTT Sacramento CA2,,Operating,Operating,Publicly tracked data-center facility,26.0,26 MW,4.0,"Sacramento, CA",38.65047577,-121.4894321,Public tracker coordinates,Diablo Canyon,CA,240.2,2323.0,Cleanview public U.S. data-center tracker,https://cleanview.co/data-centers/us,Individual facility or project from Cleanview's public geocoded U.S. data-center inventory.
H5 Data Centers Phoenix,,Operating,Operating,Publicly tracked data-center facility,26.0,26 MW,4.0,"Maricopa, AZ",33.277,-111.886,Public tracker coordinates,Palo Verde,AZ,56.8,4209.6,Cleanview public U.S. data-center tracker,https://cleanview.co/data-centers/us,Individual facility or project from Cleanview's public geocoded U.S. data-center inventory.
AWS IAD-6 Devin Shafron,,Operating,Operating,Publicly tracked data-center facility,25.9,26 MW,4.0,"Loudoun, VA",39.0026917,-77.48534609,Public tracker coordinates,North Anna,VA,67.2,1959.4,Cleanview public U.S. data-center tracker,https://cleanview.co/data-centers/us,Individual facility or project from Cleanview's public geocoded U.S. data-center inventory.
Flexential Hillsboro 2,,Operating,Operating,Publicly tracked data-center facility,25.2,25 MW,4.0,"Washington, OR",45.5583,-122.91716,Public tracker coordinates,Columbia Generating Station,WA,183.1,1200.0,Cleanview public U.S. data-center tracker,https://cleanview.co/data-centers/us,Individual facility or project from Cleanview's public geocoded U.S. data-center inventory.
Flexential Hillsboro 4,,Operating,Operating,Publicly tracked data-center facility,25.2,25 MW,4.0,"Washington, OR",45.55531,-122.94013,Public tracker coordinates,Columbia Generating Station,WA,184.2,1200.0,Cleanview public U.S. data-center tracker,https://cleanview.co/data-centers/us,Individual facility or project from Cleanview's public geocoded U.S. data-center inventory.
EdgeConneX POR04,,Planned,Planned,Publicly tracked data-center facility,25.2,25 MW,4.0,"Washington, OR",45.556,-122.914,Public tracker coordinates,Columbia Generating Station,WA,183.0,1200.0,Cleanview public U.S. data-center tracker,https://cleanview.co/data-centers/us,Individual facility or project from Cleanview's public geocoded U.S. data-center inventory.
Centersquare EWR2,,Operating,Operating,Publicly tracked data-center facility,25.0,25 MW,4.0,"Hudson, NJ",40.76078229,-74.02582243,Public tracker coordinates,Limerick,PA,90.0,2277.0,Cleanview public U.S. data-center tracker,https://cleanview.co/data-centers/us,Individual facility or project from Cleanview's public geocoded U.S. data-center inventory.
Microsoft CO9,,Operating,Operating,Publicly tracked data-center facility,25.0,25 MW,4.0,"Grant County, WA",47.2377,-119.8646,Public tracker coordinates,Columbia Generating Station,WA,58.6,1200.0,Cleanview public U.S. data-center tracker,https://cleanview.co/data-centers/us,Individual facility or project from Cleanview's public geocoded U.S. data-center inventory.
Richardson Data Center,,Operating,Operating,Publicly tracked data-center facility,25.0,25 MW,4.0,"Dallas, TX",32.9843266,-96.69648433,Public tracker coordinates,Comanche Peak,TX,79.1,2430.0,Cleanview public U.S. data-center tracker,https://cleanview.co/data-centers/us,Individual facility or project from Cleanview's public geocoded U.S. data-center inventory.
COL5,,Planned,Planned,Publicly tracked data-center facility,25.0,25 MW,4.0,"Franklin, OH",40.1907716,-83.0112662,Public tracker coordinates,Davis Besse,OH,97.2,925.2,Cleanview public U.S. data-center tracker,https://cleanview.co/data-centers/us,Individual facility or project from Cleanview's public geocoded U.S. data-center inventory.
Sabey Intergate Quincy - Building D,,Operating,Operating,Publicly tracked data-center facility,24.9,25 MW,4.0,"Grant County, WA",47.24429,-119.81481,Public tracker coordinates,Columbia Generating Station,WA,58.1,1200.0,Cleanview public U.S. data-center tracker,https://cleanview.co/data-centers/us,Individual facility or project from Cleanview's public geocoded U.S. data-center inventory.
QTS Manassas DC1,,Operating,Operating,Publicly tracked data-center facility,24.9,25 MW,4.0,"Prince William, VA",38.753483820178246,-77.51314203141868,Public tracker coordinates,North Anna,VA,50.2,1959.4,Cleanview public U.S. data-center tracker,https://cleanview.co/data-centers/us,Individual facility or project from Cleanview's public geocoded U.S. data-center inventory.
Vantage CA16,,Operating,Operating,Publicly tracked data-center facility,24.3,24 MW,4.0,"Santa Clara, CA",37.3731167,-121.9725321,Public tracker coordinates,Diablo Canyon,CA,161.8,2323.0,Cleanview public U.S. data-center tracker,https://cleanview.co/data-centers/us,Individual facility or project from Cleanview's public geocoded U.S. data-center inventory.
Edged Columbus,,Planned,Planned,Publicly tracked data-center facility,24.0,24 MW,4.0,"Franklin, OH",40.10508503,-82.81610294,Public tracker coordinates,Davis Besse,OH,104.0,925.2,Cleanview public U.S. data-center tracker,https://cleanview.co/data-centers/us,Individual facility or project from Cleanview's public geocoded U.S. data-center inventory.
Edged DFW Data Center,,Operating,Operating,Publicly tracked data-center facility,24.0,24 MW,4.0,"Dallas, TX",32.81776037,-96.91783569,Public tracker coordinates,Comanche Peak,TX,62.0,2430.0,Cleanview public U.S. data-center tracker,https://cleanview.co/data-centers/us,Individual facility or project from Cleanview's public geocoded U.S. data-center inventory.
Stack Infrastructure CHI01B,,Operating,Operating,Publicly tracked data-center facility,24.0,24 MW,4.0,"Cook, IL",42.00686654,-87.96658492,Public tracker coordinates,Dresden Generating Station,IL,45.4,2018.6,Cleanview public U.S. data-center tracker,https://cleanview.co/data-centers/us,Individual facility or project from Cleanview's public geocoded U.S. data-center inventory.
Radius AllPoints Data Center,,Planned,Planned,Publicly tracked data-center facility,24.0,24 MW,4.0,"Hendricks, IN",39.7416,-86.3534,Public tracker coordinates,Clinton Power Station,IL,134.7,1138.3,Cleanview public U.S. data-center tracker,https://cleanview.co/data-centers/us,Individual facility or project from Cleanview's public geocoded U.S. data-center inventory.
TRG Houston Data Center,,Operating,Operating,Publicly tracked data-center facility,24.0,24 MW,4.0,"Harris, TX",30.06610536,-95.45919424,Public tracker coordinates,South Texas Project,TX,94.7,2708.6,Cleanview public U.S. data-center tracker,https://cleanview.co/data-centers/us,Individual facility or project from Cleanview's public geocoded U.S. data-center inventory.
DG06 Data Center,,Canceled,Other,Publicly tracked data-center facility,24.0,24 MW,4.0,"Ingham, MI",42.73106783,-84.54574387,Public tracker coordinates,Fermi,MI,84.5,1217.0,Cleanview public U.S. data-center tracker,https://cleanview.co/data-centers/us,Individual facility or project from Cleanview's public geocoded U.S. data-center inventory.
CyrusOne AUS3,,Operating,Operating,Publicly tracked data-center facility,24.0,24 MW,4.0,"Denton, TX",30.20705161,-97.70094675,Public tracker coordinates,South Texas Project,TX,139.3,2708.6,Cleanview public U.S. data-center tracker,https://cleanview.co/data-centers/us,Individual facility or project from Cleanview's public geocoded U.S. data-center inventory.
Stack Infrastructure SVY01D,,Planned,Planned,Publicly tracked data-center facility,24.0,24 MW,4.0,"Santa Clara, CA",37.40277695,-121.8954328,Public tracker coordinates,Diablo Canyon,CA,162.1,2323.0,Cleanview public U.S. data-center tracker,https://cleanview.co/data-centers/us,Individual facility or project from Cleanview's public geocoded U.S. data-center inventory.
EdgeConneX CHI01,,Operating,Operating,Publicly tracked data-center facility,24.0,24 MW,4.0,"Cook, IL",42.00083224,-87.95104382,Public tracker coordinates,Dresden Generating Station,IL,45.3,2018.6,Cleanview public U.S. data-center tracker,https://cleanview.co/data-centers/us,Individual facility or project from Cleanview's public geocoded U.S. data-center inventory.
Edged Chicago ORD01-1,,Planned,Planned,Publicly tracked data-center facility,24.0,24 MW,4.0,"DuPage, IL",41.80687597,-88.24086215,Public tracker coordinates,Dresden Generating Station,IL,28.8,2018.6,Cleanview public U.S. data-center tracker,https://cleanview.co/data-centers/us,Individual facility or project from Cleanview's public geocoded U.S. data-center inventory.
QTS Colorado Springs,,Operating,Operating,Publicly tracked data-center facility,23.8,24 MW,4.0,"El Paso, CO",38.920213,-104.8474445,Public tracker coordinates,Wolf Creek Generating Station,KS,496.7,1296.3,Cleanview public U.S. data-center tracker,https://cleanview.co/data-centers/us,Individual facility or project from Cleanview's public geocoded U.S. data-center inventory.
CyrusOne NVA4,,Operating,Operating,Publicly tracked data-center facility,23.8,24 MW,4.0,"Loudoun, VA",38.984887,-77.425649,Public tracker coordinates,Calvert Cliffs Nuclear Power Plant,MD,65.3,1850.4,Cleanview public U.S. data-center tracker,https://cleanview.co/data-centers/us,Individual facility or project from Cleanview's public geocoded U.S. data-center inventory.
Microsoft East Coast BN9,,Operating,Operating,Publicly tracked data-center facility,23.2,23 MW,4.0,"Mecklenburg, VA",36.68623,-78.37614,Public tracker coordinates,Harris (NC),NC,79.6,950.9,Cleanview public U.S. data-center tracker,https://cleanview.co/data-centers/us,Individual facility or project from Cleanview's public geocoded U.S. data-center inventory.
Microsoft East Coast BN10,,Operating,Operating,Publicly tracked data-center facility,23.2,23 MW,4.0,"Mecklenburg, VA",36.68958,-78.37763,Public tracker coordinates,Harris (NC),NC,79.8,950.9,Cleanview public U.S. data-center tracker,https://cleanview.co/data-centers/us,Individual facility or project from Cleanview's public geocoded U.S. data-center inventory.
Equinix DC2,,Operating,Operating,Publicly tracked data-center facility,23.1,23 MW,4.0,"Loudoun, VA",39.016471,-77.459006,Public tracker coordinates,Calvert Cliffs Nuclear Power Plant,MD,68.0,1850.4,Cleanview public U.S. data-center tracker,https://cleanview.co/data-centers/us,Individual facility or project from Cleanview's public geocoded U.S. data-center inventory.
ColoCrossing: LA01,,Operating,Operating,Publicly tracked data-center facility,23.0,23 MW,4.0,"Los Angeles, CA",34.05120743,-118.2662842,Public tracker coordinates,Diablo Canyon,CA,167.6,2323.0,Cleanview public U.S. data-center tracker,https://cleanview.co/data-centers/us,Individual facility or project from Cleanview's public geocoded U.S. data-center inventory.
Vantage CA14,,Operating,Operating,Publicly tracked data-center facility,23.0,23 MW,4.0,"Santa Clara, CA",37.3725585,-121.9735678,Public tracker coordinates,Diablo Canyon,CA,161.8,2323.0,Cleanview public U.S. data-center tracker,https://cleanview.co/data-centers/us,Individual facility or project from Cleanview's public geocoded U.S. data-center inventory.
Tierpoint Valley Forge Data Center,,Operating,Operating,Publicly tracked data-center facility,23.0,23 MW,4.0,"Montgomery, PA",40.1218846,-75.42093892,Public tracker coordinates,Limerick,PA,11.3,2277.0,Cleanview public U.S. data-center tracker,https://cleanview.co/data-centers/us,Individual facility or project from Cleanview's public geocoded U.S. data-center inventory.
Digital Realty IAD12,,Operating,Operating,Publicly tracked data-center facility,22.6,23 MW,4.0,"Loudoun, VA",39.002022,-77.483345,Public tracker coordinates,North Anna,VA,67.2,1959.4,Cleanview public U.S. data-center tracker,https://cleanview.co/data-centers/us,Individual facility or project from Cleanview's public geocoded U.S. data-center inventory.
CoreSite VA1,,Operating,Operating,Publicly tracked data-center facility,22.6,23 MW,4.0,"Fairfax, VA",38.948468,-77.37237,Public tracker coordinates,Calvert Cliffs Nuclear Power Plant,MD,61.5,1850.4,Cleanview public U.S. data-center tracker,https://cleanview.co/data-centers/us,Individual facility or project from Cleanview's public geocoded U.S. data-center inventory.
Microsoft MWH 03,,Operating,Operating,Publicly tracked data-center facility,22.5,22 MW,4.0,"Grant County, WA",47.2395,-119.8874,Public tracker coordinates,Columbia Generating Station,WA,59.2,1200.0,Cleanview public U.S. data-center tracker,https://cleanview.co/data-centers/us,Individual facility or project from Cleanview's public geocoded U.S. data-center inventory.
Microsoft MWH 01,,Operating,Operating,Publicly tracked data-center facility,22.5,22 MW,4.0,"Grant County, WA",47.2395,-119.883,Public tracker coordinates,Columbia Generating Station,WA,59.1,1200.0,Cleanview public U.S. data-center tracker,https://cleanview.co/data-centers/us,Individual facility or project from Cleanview's public geocoded U.S. data-center inventory.
Microsoft MWH 02,,Operating,Operating,Publicly tracked data-center facility,22.5,22 MW,4.0,"Grant County, WA",47.2386,-119.8831,Public tracker coordinates,Columbia Generating Station,WA,59.0,1200.0,Cleanview public U.S. data-center tracker,https://cleanview.co/data-centers/us,Individual facility or project from Cleanview's public geocoded U.S. data-center inventory.
Microsoft MWH 04,,Operating,Operating,Publicly tracked data-center facility,22.5,22 MW,4.0,"Grant County, WA",47.2386,-119.8874,Public tracker coordinates,Columbia Generating Station,WA,59.1,1200.0,Cleanview public U.S. data-center tracker,https://cleanview.co/data-centers/us,Individual facility or project from Cleanview's public geocoded U.S. data-center inventory.
CyrusOne NVA7,,Operating,Operating,Publicly tracked data-center facility,22.4,22 MW,4.0,"Loudoun, VA",39.026301,-77.434028,Public tracker coordinates,Calvert Cliffs Nuclear Power Plant,MD,67.3,1850.4,Cleanview public U.S. data-center tracker,https://cleanview.co/data-centers/us,Individual facility or project from Cleanview's public geocoded U.S. data-center inventory.
NTT Ashburn VA3,,Operating,Operating,Publicly tracked data-center facility,22.4,22 MW,4.0,"Loudoun, VA",39.017182,-77.470376,Public tracker coordinates,North Anna,VA,68.3,1959.4,Cleanview public U.S. data-center tracker,https://cleanview.co/data-centers/us,Individual facility or project from Cleanview's public geocoded U.S. data-center inventory.
Digital Realty Devin Shafron - Building A,,Operating,Operating,Publicly tracked data-center facility,22.4,22 MW,4.0,"Loudoun, VA",39.002755,-77.481954,Public tracker coordinates,North Anna,VA,67.2,1959.4,Cleanview public U.S. data-center tracker,https://cleanview.co/data-centers/us,Individual facility or project from Cleanview's public geocoded U.S. data-center inventory.
H5 Quincy - Building 1 (Yahoo 2007),,Operating,Operating,Publicly tracked data-center facility,22.0,22 MW,4.0,"Grant County, WA",47.2468,-119.8266,Public tracker coordinates,Columbia Generating Station,WA,58.4,1200.0,Cleanview public U.S. data-center tracker,https://cleanview.co/data-centers/us,Individual facility or project from Cleanview's public geocoded U.S. data-center inventory.
Granite Point Data Center: SLC6,,Operating,Operating,Publicly tracked data-center facility,22.0,22 MW,4.0,"Salt Lake, UT",40.48078693,-111.906355,Public tracker coordinates,Palo Verde,AZ,492.9,4209.6,Cleanview public U.S. data-center tracker,https://cleanview.co/data-centers/us,Individual facility or project from Cleanview's public geocoded U.S. data-center inventory.
Verizon Manassas Technology Center,,Operating,Operating,Publicly tracked data-center facility,22.0,22 MW,4.0,"Prince William, VA",38.804886274187396,-77.51249250589166,Public tracker coordinates,North Anna,VA,53.6,1959.4,Cleanview public U.S. data-center tracker,https://cleanview.co/data-centers/us,Individual facility or project from Cleanview's public geocoded U.S. data-center inventory.
AWS IAD-56 Prologis Plaza,,Operating,Operating,Publicly tracked data-center facility,21.7,22 MW,4.0,"Loudoun, VA",38.9905701,-77.4370586,Public tracker coordinates,Calvert Cliffs Nuclear Power Plant,MD,66.0,1850.4,Cleanview public U.S. data-center tracker,https://cleanview.co/data-centers/us,Individual facility or project from Cleanview's public geocoded U.S. data-center inventory.
Vantage CA12,,Operating,Operating,Publicly tracked data-center facility,21.7,22 MW,4.0,"Santa Clara, CA",37.3719158,-121.9725179,Public tracker coordinates,Diablo Canyon,CA,161.7,2323.0,Cleanview public U.S. data-center tracker,https://cleanview.co/data-centers/us,Individual facility or project from Cleanview's public geocoded U.S. data-center inventory.
AWS Portage - Building 1,,Operating,Operating,Publicly tracked data-center facility,21.7,22 MW,4.0,"Porter, IN",41.6097505,-87.1696792,Public tracker coordinates,Donald C Cook,MI,40.1,2285.3,Cleanview public U.S. data-center tracker,https://cleanview.co/data-centers/us,Individual facility or project from Cleanview's public geocoded U.S. data-center inventory.
AWS IAD-51 Prologis Plaza,,Operating,Operating,Publicly tracked data-center facility,21.7,22 MW,4.0,"Loudoun, VA",38.9914124,-77.4365107,Public tracker coordinates,Calvert Cliffs Nuclear Power Plant,MD,66.0,1850.4,Cleanview public U.S. data-center tracker,https://cleanview.co/data-centers/us,Individual facility or project from Cleanview's public geocoded U.S. data-center inventory.
Microsoft East Coast BN11,,Operating,Operating,Publicly tracked data-center facility,21.5,22 MW,4.0,"Mecklenburg, VA",36.68966,-78.37652,Public tracker coordinates,Harris (NC),NC,79.8,950.9,Cleanview public U.S. data-center tracker,https://cleanview.co/data-centers/us,Individual facility or project from Cleanview's public geocoded U.S. data-center inventory.
Microsoft Leesburg - Building 2,,Operating,Operating,Publicly tracked data-center facility,21.0,21 MW,4.0,"Loudoun, VA",39.0754697,-77.5629848,Public tracker coordinates,North Anna,VA,71.2,1959.4,Cleanview public U.S. data-center tracker,https://cleanview.co/data-centers/us,Individual facility or project from Cleanview's public geocoded U.S. data-center inventory.
Microsoft MWH 05,,Operating,Operating,Publicly tracked data-center facility,21.0,21 MW,4.0,"Grant County, WA",47.2377,-119.8875,Public tracker coordinates,Columbia Generating Station,WA,59.1,1200.0,Cleanview public U.S. data-center tracker,https://cleanview.co/data-centers/us,Individual facility or project from Cleanview's public geocoded U.S. data-center inventory.
Stack Infrastructure DFW01A,,Operating,Operating,Publicly tracked data-center facility,21.0,21 MW,4.0,"Dallas, TX",33.06494079,-96.81104044,Public tracker coordinates,Comanche Peak,TX,77.6,2430.0,Cleanview public U.S. data-center tracker,https://cleanview.co/data-centers/us,Individual facility or project from Cleanview's public geocoded U.S. data-center inventory.
H5 Chantilly IAD30,,Operating,Operating,Publicly tracked data-center facility,20.1,20 MW,4.0,"Fairfax, VA",38.910133,-77.47258,Public tracker coordinates,North Anna,VA,61.2,1959.4,Cleanview public U.S. data-center tracker,https://cleanview.co/data-centers/us,Individual facility or project from Cleanview's public geocoded U.S. data-center inventory.
Qumulus AI Denton Data Center,,Planned,Planned,Publicly tracked data-center facility,20.0,20 MW,4.0,"Denton, TX",33.20929,-97.180824,Public tracker coordinates,Comanche Peak,TX,72.1,2430.0,Cleanview public U.S. data-center tracker,https://cleanview.co/data-centers/us,Individual facility or project from Cleanview's public geocoded U.S. data-center inventory.
Summit Ridge Data Center,,Planned,Planned,Publicly tracked data-center facility,20.0,20 MW,4.0,"Utah, UT",39.946636,-111.80722,Public tracker coordinates,Palo Verde,AZ,456.9,4209.6,Cleanview public U.S. data-center tracker,https://cleanview.co/data-centers/us,Individual facility or project from Cleanview's public geocoded U.S. data-center inventory.
Quantum Connect Ashburn,,Planned,Planned,Publicly tracked data-center facility,20.0,20 MW,4.0,"Loudoun, VA",39.0081,-77.4712,Public tracker coordinates,North Anna,VA,67.7,1959.4,Cleanview public U.S. data-center tracker,https://cleanview.co/data-centers/us,Individual facility or project from Cleanview's public geocoded U.S. data-center inventory.
Centersquare LAX3,,Operating,Operating,Publicly tracked data-center facility,20.0,20 MW,4.0,"Los Angeles, CA",33.68793857,-117.8479734,Public tracker coordinates,Diablo Canyon,CA,201.1,2323.0,Cleanview public U.S. data-center tracker,https://cleanview.co/data-centers/us,Individual facility or project from Cleanview's public geocoded U.S. data-center inventory.
Centersquare SFO2,,Operating,Operating,Publicly tracked data-center facility,20.0,20 MW,4.0,"San Francisco, CA",37.39757161,-121.9808221,Public tracker coordinates,Diablo Canyon,CA,163.5,2323.0,Cleanview public U.S. data-center tracker,https://cleanview.co/data-centers/us,Individual facility or project from Cleanview's public geocoded U.S. data-center inventory.
Centersquare SEA3,,Operating,Operating,Publicly tracked data-center facility,20.0,20 MW,4.0,"King, WA",47.8417761,-122.3017443,Public tracker coordinates,Columbia Generating Station,WA,168.5,1200.0,Cleanview public U.S. data-center tracker,https://cleanview.co/data-centers/us,Individual facility or project from Cleanview's public geocoded U.S. data-center inventory.
AWS DCA-51 WTC Station B West 1,,Operating,Operating,Publicly tracked data-center facility,20.0,20 MW,4.0,"Fauquier, VA",38.737768,-77.835685,Public tracker coordinates,North Anna,VA,46.9,1959.4,Cleanview public U.S. data-center tracker,https://cleanview.co/data-centers/us,Individual facility or project from Cleanview's public geocoded U.S. data-center inventory.
Orangeburg Data Center: LGA 4,,Planned,Planned,Publicly tracked data-center facility,20.0,20 MW,4.0,"Rockland, NY",41.0400091,-73.99011892,Public tracker coordinates,Millstone,CT,96.6,2259.9,Cleanview public U.S. data-center tracker,https://cleanview.co/data-centers/us,Individual facility or project from Cleanview's public geocoded U.S. data-center inventory.
Athena Studios Conversion,,Planned,Planned,Publicly tracked data-center facility,20.0,20 MW,4.0,"Clarke, GA",33.970966,-83.31563,Public tracker coordinates,Oconee,SC,61.6,2666.7,Cleanview public U.S. data-center tracker,https://cleanview.co/data-centers/us,Individual facility or project from Cleanview's public geocoded U.S. data-center inventory.
HostDime Maitland Data Center,,Planned,Planned,Publicly tracked data-center facility,20.0,20 MW,4.0,"Orange, FL",28.6146,-81.3857,Public tracker coordinates,St Lucie,FL,111.7,2160.0,Cleanview public U.S. data-center tracker,https://cleanview.co/data-centers/us,Individual facility or project from Cleanview's public geocoded U.S. data-center inventory.
Equinix SV12 San Jose,,Planned,Planned,Publicly tracked data-center facility,20.0,20 MW,4.0,"Santa Clara, CA",37.23319,-121.78072,Public tracker coordinates,Diablo Canyon,CA,148.9,2323.0,Cleanview public U.S. data-center tracker,https://cleanview.co/data-centers/us,Individual facility or project from Cleanview's public geocoded U.S. data-center inventory.
Microsoft Mountain - Building 4,,Operating,Operating,Publicly tracked data-center facility,20.0,20 MW,4.0,"Dallas, IA",41.5398283,-93.8263687,Public tracker coordinates,Cooper Nuclear Station,NE,124.8,801.0,Cleanview public U.S. data-center tracker,https://cleanview.co/data-centers/us,Individual facility or project from Cleanview's public geocoded U.S. data-center inventory.
Raeden: Gateway Research Park,,Planned,Planned,Publicly tracked data-center facility,20.0,20 MW,4.0,"Guilford, NC",36.05760667,-79.74585899,Public tracker coordinates,Harris (NC),NC,53.1,950.9,Cleanview public U.S. data-center tracker,https://cleanview.co/data-centers/us,Individual facility or project from Cleanview's public geocoded U.S. data-center inventory.
Colovore: RN01,,Planned,Planned,Publicly tracked data-center facility,20.0,20 MW,4.0,"Storey, NV",39.5314949,-119.4811417,Public tracker coordinates,Diablo Canyon,CA,307.9,2323.0,Cleanview public U.S. data-center tracker,https://cleanview.co/data-centers/us,Individual facility or project from Cleanview's public geocoded U.S. data-center inventory.
LGA3 data center,,Operating,Operating,Publicly tracked data-center facility,20.0,20 MW,4.0,"Rockland, NY",41.03993972,-73.98993623,Public tracker coordinates,Millstone,CT,96.6,2259.9,Cleanview public U.S. data-center tracker,https://cleanview.co/data-centers/us,Individual facility or project from Cleanview's public geocoded U.S. data-center inventory.
Core Scientific: Austin 1,,Operating,Operating,Publicly tracked data-center facility,20.0,20 MW,4.0,"Travis, TX",30.26900038,-97.66638026,Public tracker coordinates,Comanche Peak,TX,140.4,2430.0,Cleanview public U.S. data-center tracker,https://cleanview.co/data-centers/us,Individual facility or project from Cleanview's public geocoded U.S. data-center inventory.
Compass 42255 Thunderball Drive,,Operating,Operating,Publicly tracked data-center facility,20.0,20 MW,4.0,"Loudoun, VA",39.041623,-77.539224,Public tracker coordinates,North Anna,VA,69.2,1959.4,Cleanview public U.S. data-center tracker,https://cleanview.co/data-centers/us,Individual facility or project from Cleanview's public geocoded U.S. data-center inventory.
Orangeburg Data Center: LGA 3,,Operating,Operating,Publicly tracked data-center facility,20.0,20 MW,4.0,"Rockland, NY",41.0400091,-73.99011892,Public tracker coordinates,Millstone,CT,96.6,2259.9,Cleanview public U.S. data-center tracker,https://cleanview.co/data-centers/us,Individual facility or project from Cleanview's public geocoded U.S. data-center inventory.
HPC data center,,Operating,Operating,Publicly tracked data-center facility,20.0,20 MW,4.0,"Allegheny, PA",40.43974849,-80.14241165,Public tracker coordinates,Beaver Valley,PA,19.8,1846.8,Cleanview public U.S. data-center tracker,https://cleanview.co/data-centers/us,Individual facility or project from Cleanview's public geocoded U.S. data-center inventory.
5C Data Centers PHX01,,Planned,Planned,Publicly tracked data-center facility,20.0,20 MW,4.0,"Maricopa, AZ",33.4703,-112.1205,Public tracker coordinates,Palo Verde,AZ,43.1,4209.6,Cleanview public U.S. data-center tracker,https://cleanview.co/data-centers/us,Individual facility or project from Cleanview's public geocoded U.S. data-center inventory.
BoxMiner La Pine,,Planned,Planned,Publicly tracked data-center facility,20.0,20 MW,4.0,"Deschutes, OR",43.6744,-121.4817,Public tracker coordinates,Columbia Generating Station,WA,219.8,1200.0,Cleanview public U.S. data-center tracker,https://cleanview.co/data-centers/us,Individual facility or project from Cleanview's public geocoded U.S. data-center inventory.
COL3,,Operating,Operating,Publicly tracked data-center facility,20.0,20 MW,4.0,"Franklin, OH",40.1160187,-83.0021665,Public tracker coordinates,Davis Besse,OH,102.4,925.2,Cleanview public U.S. data-center tracker,https://cleanview.co/data-centers/us,Individual facility or project from Cleanview's public geocoded U.S. data-center inventory.
Green Bay Data Center,,Operating,Operating,Publicly tracked data-center facility,20.0,20 MW,4.0,"Brown, WI",44.20461156,-88.3447794,Public tracker coordinates,Point Beach Nuclear Plant,WI,40.3,1286.0,Cleanview public U.S. data-center tracker,https://cleanview.co/data-centers/us,Individual facility or project from Cleanview's public geocoded U.S. data-center inventory.
Centersquare DEN1,,Operating,Operating,Publicly tracked data-center facility,20.0,20 MW,4.0,"Denver, CO",39.5498978,-105.0342222,Public tracker coordinates,Cooper Nuclear Station,NE,500.4,801.0,Cleanview public U.S. data-center tracker,https://cleanview.co/data-centers/us,Individual facility or project from Cleanview's public geocoded U.S. data-center inventory.
NTT Ashburn VA2,,Operating,Operating,Publicly tracked data-center facility,19.6,20 MW,4.0,"Loudoun, VA",39.02506474,-77.45758429,Public tracker coordinates,Calvert Cliffs Nuclear Power Plant,MD,68.3,1850.4,Cleanview public U.S. data-center tracker,https://cleanview.co/data-centers/us,Individual facility or project from Cleanview's public geocoded U.S. data-center inventory.
AWS DCA-51 WTC Station B West 2,,Operating,Operating,Publicly tracked data-center facility,19.3,19 MW,4.0,"Fauquier, VA",38.737978,-77.834243,Public tracker coordinates,North Anna,VA,46.9,1959.4,Cleanview public U.S. data-center tracker,https://cleanview.co/data-centers/us,Individual facility or project from Cleanview's public geocoded U.S. data-center inventory.
EdgeConneX DEN02,,Operating,Operating,Publicly tracked data-center facility,19.0,19 MW,4.0,"Arapahoe, CO",39.56348515,-104.8268276,Public tracker coordinates,Cooper Nuclear Station,NE,489.4,801.0,Cleanview public U.S. data-center tracker,https://cleanview.co/data-centers/us,Individual facility or project from Cleanview's public geocoded U.S. data-center inventory.
AWS IAD-9 Westfax,,Operating,Operating,Publicly tracked data-center facility,19.0,19 MW,4.0,"Fairfax, VA",38.89959217,-77.45343897,Public tracker coordinates,North Anna,VA,60.8,1959.4,Cleanview public U.S. data-center tracker,https://cleanview.co/data-centers/us,Individual facility or project from Cleanview's public geocoded U.S. data-center inventory.
DC Blox: Myrtle Beach Data Center,,Operating,Operating,Publicly tracked data-center facility,19.0,19 MW,4.0,"Horry, SC",33.67465061,-78.94287149,Public tracker coordinates,Brunswick Nuclear,NC,57.0,2003.2,Cleanview public U.S. data-center tracker,https://cleanview.co/data-centers/us,Individual facility or project from Cleanview's public geocoded U.S. data-center inventory.
Microsoft East Coast BN80,,Operating,Operating,Publicly tracked data-center facility,18.8,19 MW,4.0,"Mecklenburg, VA",36.675732,-78.373871,Public tracker coordinates,Harris (NC),NC,79.0,950.9,Cleanview public U.S. data-center tracker,https://cleanview.co/data-centers/us,Individual facility or project from Cleanview's public geocoded U.S. data-center inventory.
Microsoft East Coast BN49,,Operating,Operating,Publicly tracked data-center facility,18.8,19 MW,4.0,"Mecklenburg, VA",36.682167,-78.3777537,Public tracker coordinates,Harris (NC),NC,79.3,950.9,Cleanview public U.S. data-center tracker,https://cleanview.co/data-centers/us,Individual facility or project from Cleanview's public geocoded U.S. data-center inventory.
Digital Realty VA3,,Operating,Operating,Publicly tracked data-center facility,18.2,18 MW,4.0,"Fairfax, VA",38.948464,-77.327295,Public tracker coordinates,Calvert Cliffs Nuclear Power Plant,MD,59.5,1850.4,Cleanview public U.S. data-center tracker,https://cleanview.co/data-centers/us,Individual facility or project from Cleanview's public geocoded U.S. data-center inventory.
Tierpoint Fort Worth Data Center – Dallas,,Operating,Operating,Publicly tracked data-center facility,18.0,18 MW,4.0,"Tarrant, TX",32.9797149,-97.25249063,Public tracker coordinates,Comanche Peak,TX,56.4,2430.0,Cleanview public U.S. data-center tracker,https://cleanview.co/data-centers/us,Individual facility or project from Cleanview's public geocoded U.S. data-center inventory.
OVHcloud VIN1 Vint Hill,,Operating,Operating,Publicly tracked data-center facility,18.0,18 MW,4.0,"Fauquier, VA",38.74741879,-77.6742572,Public tracker coordinates,North Anna,VA,47.9,1959.4,Cleanview public U.S. data-center tracker,https://cleanview.co/data-centers/us,Individual facility or project from Cleanview's public geocoded U.S. data-center inventory.
CyrusOne SAT6,,Operating,Operating,Publicly tracked data-center facility,18.0,18 MW,4.0,"Bexar, TX",29.4185645,-98.7887146,Public tracker coordinates,South Texas Project,TX,171.0,2708.6,Cleanview public U.S. data-center tracker,https://cleanview.co/data-centers/us,Individual facility or project from Cleanview's public geocoded U.S. data-center inventory.
Global AI Windsor Data Center,,Planned,Planned,Publicly tracked data-center facility,18.0,18 MW,4.0,"Weld, CO",40.458607,-104.87199,Public tracker coordinates,Cooper Nuclear Station,NE,485.5,801.0,Cleanview public U.S. data-center tracker,https://cleanview.co/data-centers/us,Individual facility or project from Cleanview's public geocoded U.S. data-center inventory.
Centersquare SEA1,,Operating,Operating,Publicly tracked data-center facility,18.0,18 MW,4.0,"King, WA",47.4919122,-122.2898245,Public tracker coordinates,Columbia Generating Station,WA,156.2,1200.0,Cleanview public U.S. data-center tracker,https://cleanview.co/data-centers/us,Individual facility or project from Cleanview's public geocoded U.S. data-center inventory.
CyrusOne SAT7,,Operating,Operating,Publicly tracked data-center facility,18.0,18 MW,4.0,"Bexar, TX",29.4158696,-98.7864131,Public tracker coordinates,South Texas Project,TX,170.8,2708.6,Cleanview public U.S. data-center tracker,https://cleanview.co/data-centers/us,Individual facility or project from Cleanview's public geocoded U.S. data-center inventory.
CyrusOne Chicago,,Planned,Planned,Publicly tracked data-center facility,18.0,18 MW,4.0,"DuPage, IL",41.97002868,-87.95435347,Public tracker coordinates,Dresden Generating Station,IL,43.3,2018.6,Cleanview public U.S. data-center tracker,https://cleanview.co/data-centers/us,Individual facility or project from Cleanview's public geocoded U.S. data-center inventory.
CoreSite DE3 Data Center,,Planned,Planned,Publicly tracked data-center facility,18.0,18 MW,4.0,"Denver, CO",39.78583646,-104.96294291,Public tracker coordinates,Cooper Nuclear Station,NE,494.2,801.0,Cleanview public U.S. data-center tracker,https://cleanview.co/data-centers/us,Individual facility or project from Cleanview's public geocoded U.S. data-center inventory.
Prime Data Centers:  McClellan Business Park Phase 2,,Planned,Planned,Publicly tracked data-center facility,18.0,18 MW,4.0,"Sacramento, CA",38.64324218,-121.4073125,Public tracker coordinates,Diablo Canyon,CA,239.1,2323.0,Cleanview public U.S. data-center tracker,https://cleanview.co/data-centers/us,Individual facility or project from Cleanview's public geocoded U.S. data-center inventory.
CyrusOne SAT5,,Operating,Operating,Publicly tracked data-center facility,18.0,18 MW,4.0,"Bexar, TX",29.4190682,-98.7876174,Public tracker coordinates,South Texas Project,TX,170.9,2708.6,Cleanview public U.S. data-center tracker,https://cleanview.co/data-centers/us,Individual facility or project from Cleanview's public geocoded U.S. data-center inventory.
Centersquare EWR3,,Operating,Operating,Publicly tracked data-center facility,18.0,18 MW,4.0,"Hudson, NJ",40.55377633,-74.45718714,Public tracker coordinates,Limerick,PA,63.7,2277.0,Cleanview public U.S. data-center tracker,https://cleanview.co/data-centers/us,Individual facility or project from Cleanview's public geocoded U.S. data-center inventory.
Vantage WA11,,Operating,Operating,Publicly tracked data-center facility,17.6,18 MW,4.0,"Grant, WA",47.250165,-119.81449,Public tracker coordinates,Columbia Generating Station,WA,58.4,1200.0,Cleanview public U.S. data-center tracker,https://cleanview.co/data-centers/us,Individual facility or project from Cleanview's public geocoded U.S. data-center inventory.
NTT Ashburn VA1,,Operating,Operating,Publicly tracked data-center facility,17.6,18 MW,4.0,"Loudoun, VA",39.0229666,-77.4547496,Public tracker coordinates,Calvert Cliffs Nuclear Power Plant,MD,68.1,1850.4,Cleanview public U.S. data-center tracker,https://cleanview.co/data-centers/us,Individual facility or project from Cleanview's public geocoded U.S. data-center inventory.
CoreSite VA2,,Operating,Operating,Publicly tracked data-center facility,17.5,18 MW,4.0,"Fairfax, VA",38.949197,-77.373374,Public tracker coordinates,Calvert Cliffs Nuclear Power Plant,MD,61.6,1850.4,Cleanview public U.S. data-center tracker,https://cleanview.co/data-centers/us,Individual facility or project from Cleanview's public geocoded U.S. data-center inventory.
Microsoft Mountain - Building 1,,Operating,Operating,Publicly tracked data-center facility,17.5,18 MW,4.0,"Dallas, IA",41.5406188,-93.8248262,Public tracker coordinates,Cooper Nuclear Station,NE,124.9,801.0,Cleanview public U.S. data-center tracker,https://cleanview.co/data-centers/us,Individual facility or project from Cleanview's public geocoded U.S. data-center inventory.
Microsoft Alluvion - Building 8,,Operating,Operating,Publicly tracked data-center facility,17.5,18 MW,4.0,"Polk, IA",41.518581,-93.702479,Public tracker coordinates,Cooper Nuclear Station,NE,128.9,801.0,Cleanview public U.S. data-center tracker,https://cleanview.co/data-centers/us,Individual facility or project from Cleanview's public geocoded U.S. data-center inventory.
Microsoft Alluvion - Building 4,,Operating,Operating,Publicly tracked data-center facility,17.5,18 MW,4.0,"Polk, IA",41.51676,-93.702479,Public tracker coordinates,Cooper Nuclear Station,NE,128.8,801.0,Cleanview public U.S. data-center tracker,https://cleanview.co/data-centers/us,Individual facility or project from Cleanview's public geocoded U.S. data-center inventory.
Microsoft Alluvion - Building 1,,Operating,Operating,Publicly tracked data-center facility,17.5,18 MW,4.0,"Polk, IA",41.515866,-93.706263,Public tracker coordinates,Cooper Nuclear Station,NE,128.6,801.0,Cleanview public U.S. data-center tracker,https://cleanview.co/data-centers/us,Individual facility or project from Cleanview's public geocoded U.S. data-center inventory.
Microsoft Mountain - Building 5,,Operating,Operating,Publicly tracked data-center facility,17.5,18 MW,4.0,"Dallas, IA",41.5396688,-93.8286293,Public tracker coordinates,Cooper Nuclear Station,NE,124.7,801.0,Cleanview public U.S. data-center tracker,https://cleanview.co/data-centers/us,Individual facility or project from Cleanview's public geocoded U.S. data-center inventory.
Microsoft Alluvion - Building 7,,Operating,Operating,Publicly tracked data-center facility,17.5,18 MW,4.0,"Polk, IA",41.517688,-93.702502,Public tracker coordinates,Cooper Nuclear Station,NE,128.8,801.0,Cleanview public U.S. data-center tracker,https://cleanview.co/data-centers/us,Individual facility or project from Cleanview's public geocoded U.S. data-center inventory.
Microsoft Alluvion - Building 6,,Operating,Operating,Publicly tracked data-center facility,17.5,18 MW,4.0,"Polk, IA",41.518548,-93.706331,Public tracker coordinates,Cooper Nuclear Station,NE,128.7,801.0,Cleanview public U.S. data-center tracker,https://cleanview.co/data-centers/us,Individual facility or project from Cleanview's public geocoded U.S. data-center inventory.
Microsoft Alluvion - Building 2,,Operating,Operating,Publicly tracked data-center facility,17.5,18 MW,4.0,"Polk, IA",41.516743,-93.706286,Public tracker coordinates,Cooper Nuclear Station,NE,128.6,801.0,Cleanview public U.S. data-center tracker,https://cleanview.co/data-centers/us,Individual facility or project from Cleanview's public geocoded U.S. data-center inventory.
Microsoft Alluvion - Building 5,,Operating,Operating,Publicly tracked data-center facility,17.5,18 MW,4.0,"Polk, IA",41.517637,-93.706286,Public tracker coordinates,Cooper Nuclear Station,NE,128.7,801.0,Cleanview public U.S. data-center tracker,https://cleanview.co/data-centers/us,Individual facility or project from Cleanview's public geocoded U.S. data-center inventory.
Microsoft Alluvion - Building 3,,Operating,Operating,Publicly tracked data-center facility,17.5,18 MW,4.0,"Polk, IA",41.5159,-93.702479,Public tracker coordinates,Cooper Nuclear Station,NE,128.8,801.0,Cleanview public U.S. data-center tracker,https://cleanview.co/data-centers/us,Individual facility or project from Cleanview's public geocoded U.S. data-center inventory.
Iron Mountain VA-1,,Operating,Operating,Publicly tracked data-center facility,17.4,17 MW,4.0,"Prince William, VA",38.77804577,-77.54706933,Public tracker coordinates,North Anna,VA,51.3,1959.4,Cleanview public U.S. data-center tracker,https://cleanview.co/data-centers/us,Individual facility or project from Cleanview's public geocoded U.S. data-center inventory.
H5 Quincy - Building 2 (Computing Coop),,Operating,Operating,Publicly tracked data-center facility,17.0,17 MW,4.0,"Grant County, WA",47.24674,-119.82887,Public tracker coordinates,Columbia Generating Station,WA,58.5,1200.0,Cleanview public U.S. data-center tracker,https://cleanview.co/data-centers/us,Individual facility or project from Cleanview's public geocoded U.S. data-center inventory.
Vantage CA11,,Operating,Operating,Publicly tracked data-center facility,16.9,17 MW,4.0,"Santa Clara, CA",37.3736015,-121.9727024,Public tracker coordinates,Diablo Canyon,CA,161.8,2323.0,Cleanview public U.S. data-center tracker,https://cleanview.co/data-centers/us,Individual facility or project from Cleanview's public geocoded U.S. data-center inventory.
Digital Realty IAD14,,Operating,Operating,Publicly tracked data-center facility,16.5,16 MW,4.0,"Loudoun, VA",39.00329462,-77.48721424,Public tracker coordinates,North Anna,VA,67.2,1959.4,Cleanview public U.S. data-center tracker,https://cleanview.co/data-centers/us,Individual facility or project from Cleanview's public geocoded U.S. data-center inventory.
Digital Realty IAD24,,Operating,Operating,Publicly tracked data-center facility,16.5,16 MW,4.0,"Loudoun, VA",39.004292,-77.484355,Public tracker coordinates,North Anna,VA,67.3,1959.4,Cleanview public U.S. data-center tracker,https://cleanview.co/data-centers/us,Individual facility or project from Cleanview's public geocoded U.S. data-center inventory.
Equinix DC11,,Operating,Operating,Publicly tracked data-center facility,16.2,16 MW,4.0,"Loudoun, VA",39.014931,-77.458804,Public tracker coordinates,Calvert Cliffs Nuclear Power Plant,MD,67.9,1850.4,Cleanview public U.S. data-center tracker,https://cleanview.co/data-centers/us,Individual facility or project from Cleanview's public geocoded U.S. data-center inventory.
Iron Mountain WPA-1,,Operating,Operating,Publicly tracked data-center facility,16.0,16 MW,4.0,"Butler, PA",41.09149721,-79.9135121,Public tracker coordinates,Beaver Valley,PA,42.3,1846.8,Cleanview public U.S. data-center tracker,https://cleanview.co/data-centers/us,Individual facility or project from Cleanview's public geocoded U.S. data-center inventory.
NTT Dallas TX1,,Operating,Operating,Publicly tracked data-center facility,16.0,16 MW,4.0,"Dallas, TX",32.98208897,-96.65762103,Public tracker coordinates,Comanche Peak,TX,80.9,2430.0,Cleanview public U.S. data-center tracker,https://cleanview.co/data-centers/us,Individual facility or project from Cleanview's public geocoded U.S. data-center inventory.
Core Scientific: AUBix (Auburn 1),,Planned,Planned,Publicly tracked data-center facility,16.0,16 MW,4.0,"Lee, AL",32.60100356,-85.51348657,Public tracker coordinates,Joseph M Farley,AL,98.1,1776.4,Cleanview public U.S. data-center tracker,https://cleanview.co/data-centers/us,Individual facility or project from Cleanview's public geocoded U.S. data-center inventory.
Iron Mountain MIA-1,,Planned,Planned,Publicly tracked data-center facility,16.0,16 MW,4.0,"Miami Dade, FL",25.88461055,-80.24726126,Public tracker coordinates,Turkey Point,FL,31.5,1754.4,Cleanview public U.S. data-center tracker,https://cleanview.co/data-centers/us,Individual facility or project from Cleanview's public geocoded U.S. data-center inventory.
Centersquare PHX1,,Operating,Operating,Publicly tracked data-center facility,16.0,16 MW,4.0,"Maricopa, AZ",33.45452839,-111.9773885,Public tracker coordinates,Palo Verde,AZ,51.2,4209.6,Cleanview public U.S. data-center tracker,https://cleanview.co/data-centers/us,Individual facility or project from Cleanview's public geocoded U.S. data-center inventory.
Stack Infrastructure CHI01A,,Operating,Operating,Publicly tracked data-center facility,16.0,16 MW,4.0,"Cook, IL",42.00683067,-87.96457327,Public tracker coordinates,Dresden Generating Station,IL,45.4,2018.6,Cleanview public U.S. data-center tracker,https://cleanview.co/data-centers/us,Individual facility or project from Cleanview's public geocoded U.S. data-center inventory.
NTT Silicon Valley SV1,,Operating,Operating,Publicly tracked data-center facility,16.0,16 MW,4.0,"Santa Clara, CA",37.36945483,-121.9550984,Public tracker coordinates,Diablo Canyon,CA,161.2,2323.0,Cleanview public U.S. data-center tracker,https://cleanview.co/data-centers/us,Individual facility or project from Cleanview's public geocoded U.S. data-center inventory.
Vantage TX21,,Planned,Planned,Publicly tracked data-center facility,16.0,16 MW,4.0,"Bexar, TX",29.4791424,-98.697709,Public tracker coordinates,South Texas Project,TX,166.7,2708.6,Cleanview public U.S. data-center tracker,https://cleanview.co/data-centers/us,Individual facility or project from Cleanview's public geocoded U.S. data-center inventory.
Centersquare SFO3,,Operating,Operating,Publicly tracked data-center facility,16.0,16 MW,4.0,"San Francisco, CA",37.37204906,-121.9859728,Public tracker coordinates,Diablo Canyon,CA,162.0,2323.0,Cleanview public U.S. data-center tracker,https://cleanview.co/data-centers/us,Individual facility or project from Cleanview's public geocoded U.S. data-center inventory.
Centersquare SFO1,,Operating,Operating,Publicly tracked data-center facility,16.0,16 MW,4.0,"San Francisco, CA",37.37043401,-121.969927,Public tracker coordinates,Diablo Canyon,CA,161.6,2323.0,Cleanview public U.S. data-center tracker,https://cleanview.co/data-centers/us,Individual facility or project from Cleanview's public geocoded U.S. data-center inventory.
Westway Park I Data Center: HOU 1,,Operating,Operating,Publicly tracked data-center facility,16.0,16 MW,4.0,"Harris, TX",29.84344059,-95.5570862,Public tracker coordinates,South Texas Project,TX,78.2,2708.6,Cleanview public U.S. data-center tracker,https://cleanview.co/data-centers/us,Individual facility or project from Cleanview's public geocoded U.S. data-center inventory.
Tierpoint: Allentown - TekPark Data Center,,Operating,Operating,Publicly tracked data-center facility,16.0,16 MW,4.0,"Lehigh, PA",40.54373758,-75.64967912,Public tracker coordinates,Limerick,PA,22.3,2277.0,Cleanview public U.S. data-center tracker,https://cleanview.co/data-centers/us,Individual facility or project from Cleanview's public geocoded U.S. data-center inventory.
Centersquare BOS1,,Operating,Operating,Publicly tracked data-center facility,16.0,16 MW,4.0,"Suffolk, MA",42.39299576,-71.26531057,Public tracker coordinates,Seabrook,NH,40.9,1242.0,Cleanview public U.S. data-center tracker,https://cleanview.co/data-centers/us,Individual facility or project from Cleanview's public geocoded U.S. data-center inventory.
Centennial II Data Center DEN5,,Operating,Operating,Publicly tracked data-center facility,16.0,16 MW,4.0,"Arapahoe, CO",39.59004323,-104.8469578,Public tracker coordinates,Cooper Nuclear Station,NE,490.1,801.0,Cleanview public U.S. data-center tracker,https://cleanview.co/data-centers/us,Individual facility or project from Cleanview's public geocoded U.S. data-center inventory.
Equinix CU2,,Operating,Operating,Publicly tracked data-center facility,15.5,16 MW,4.0,"Culpeper, VA",38.4551243,-77.9782074,Public tracker coordinates,North Anna,VA,29.2,1959.4,Cleanview public U.S. data-center tracker,https://cleanview.co/data-centers/us,Individual facility or project from Cleanview's public geocoded U.S. data-center inventory.
Sabey Ashburn - Building C,,Operating,Operating,Publicly tracked data-center facility,15.1,15 MW,4.0,"Loudoun, VA",39.0154045,-77.4782358,Public tracker coordinates,North Anna,VA,68.1,1959.4,Cleanview public U.S. data-center tracker,https://cleanview.co/data-centers/us,Individual facility or project from Cleanview's public geocoded U.S. data-center inventory.
Stream Data Center: Chicago I Data Center,,Operating,Operating,Publicly tracked data-center facility,15.0,15 MW,4.0,"Cook, IL",42.00257941,-87.9505569,Public tracker coordinates,Dresden Generating Station,IL,45.4,2018.6,Cleanview public U.S. data-center tracker,https://cleanview.co/data-centers/us,Individual facility or project from Cleanview's public geocoded U.S. data-center inventory.
Centersquare BOS4,,Operating,Operating,Publicly tracked data-center facility,15.0,15 MW,4.0,"Middlesex, MA",42.3655869,-71.15935433,Public tracker coordinates,Seabrook,NH,40.1,1242.0,Cleanview public U.S. data-center tracker,https://cleanview.co/data-centers/us,Individual facility or project from Cleanview's public geocoded U.S. data-center inventory.
Centersquare LAX5,,Operating,Operating,Publicly tracked data-center facility,15.0,15 MW,4.0,"Los Angeles, CA",33.6847916,-117.8368351,Public tracker coordinates,Diablo Canyon,CA,201.8,2323.0,Cleanview public U.S. data-center tracker,https://cleanview.co/data-centers/us,Individual facility or project from Cleanview's public geocoded U.S. data-center inventory.
Metrobloks Miami Data Center,,Planned,Planned,Publicly tracked data-center facility,15.0,15 MW,4.0,"Miami-Dade, FL",25.78149851,-80.41980529,Public tracker coordinates,Turkey Point,FL,24.5,1754.4,Cleanview public U.S. data-center tracker,https://cleanview.co/data-centers/us,Individual facility or project from Cleanview's public geocoded U.S. data-center inventory.
Centersquare ORD4,,Operating,Operating,Publicly tracked data-center facility,15.0,15 MW,4.0,"Cook, IL",41.80245409,-88.09461628,Public tracker coordinates,Dresden Generating Station,IL,29.9,2018.6,Cleanview public U.S. data-center tracker,https://cleanview.co/data-centers/us,Individual facility or project from Cleanview's public geocoded U.S. data-center inventory.
Vantage WA12,,Operating,Operating,Publicly tracked data-center facility,15.0,15 MW,4.0,"Grant, WA",47.253946,-119.813721,Public tracker coordinates,Columbia Generating Station,WA,58.6,1200.0,Cleanview public U.S. data-center tracker,https://cleanview.co/data-centers/us,Individual facility or project from Cleanview's public geocoded U.S. data-center inventory.
Sabey Intergate Quincy - Building B,,Operating,Operating,Publicly tracked data-center facility,14.3,14 MW,4.0,"Grant County, WA",47.24765,-119.81319,Public tracker coordinates,Columbia Generating Station,WA,58.2,1200.0,Cleanview public U.S. data-center tracker,https://cleanview.co/data-centers/us,Individual facility or project from Cleanview's public geocoded U.S. data-center inventory.
Microsoft East Coast BN1,,Operating,Operating,Publicly tracked data-center facility,14.2,14 MW,4.0,"Mecklenburg, VA",36.67688,-78.37715,Public tracker coordinates,Harris (NC),NC,79.0,950.9,Cleanview public U.S. data-center tracker,https://cleanview.co/data-centers/us,Individual facility or project from Cleanview's public geocoded U.S. data-center inventory.
Microsoft East Coast BN2,,Operating,Operating,Publicly tracked data-center facility,14.2,14 MW,4.0,"Mecklenburg, VA",36.679248,-78.374149,Public tracker coordinates,Harris (NC),NC,79.2,950.9,Cleanview public U.S. data-center tracker,https://cleanview.co/data-centers/us,Individual facility or project from Cleanview's public geocoded U.S. data-center inventory.
NTT Sacramento CA3,,Operating,Operating,Publicly tracked data-center facility,14.0,14 MW,4.0,"Sacramento, CA",38.64427836,-121.4988451,Public tracker coordinates,Diablo Canyon,CA,239.8,2323.0,Cleanview public U.S. data-center tracker,https://cleanview.co/data-centers/us,Individual facility or project from Cleanview's public geocoded U.S. data-center inventory.
NTT DATA Quincy,,Operating,Operating,Publicly tracked data-center facility,14.0,14 MW,4.0,"Grant County, WA",47.24358,-119.86575,Public tracker coordinates,Columbia Generating Station,WA,59.0,1200.0,Cleanview public U.S. data-center tracker,https://cleanview.co/data-centers/us,Individual facility or project from Cleanview's public geocoded U.S. data-center inventory.
Stream Data Center: Santa Clara I-II,,Operating,Operating,Publicly tracked data-center facility,14.0,14 MW,4.0,"Santa Clara, CA",37.3781352,-121.954986,Public tracker coordinates,Diablo Canyon,CA,161.7,2323.0,Cleanview public U.S. data-center tracker,https://cleanview.co/data-centers/us,Individual facility or project from Cleanview's public geocoded U.S. data-center inventory.
Centersquare PHX3,,Operating,Operating,Publicly tracked data-center facility,14.0,14 MW,4.0,"Maricopa, AZ",33.42131452,-111.858958,Public tracker coordinates,Palo Verde,AZ,57.9,4209.6,Cleanview public U.S. data-center tracker,https://cleanview.co/data-centers/us,Individual facility or project from Cleanview's public geocoded U.S. data-center inventory.
Tierpoint Boston - Marlborough Data Center,,Operating,Operating,Publicly tracked data-center facility,14.0,14 MW,4.0,"Middlesex, MA",42.3132583,-71.5789359,Public tracker coordinates,Seabrook,NH,54.9,1242.0,Cleanview public U.S. data-center tracker,https://cleanview.co/data-centers/us,Individual facility or project from Cleanview's public geocoded U.S. data-center inventory.
Equinix DC13,,Operating,Operating,Publicly tracked data-center facility,14.0,14 MW,4.0,"Loudoun, VA",39.012537,-77.475393,Public tracker coordinates,North Anna,VA,68.0,1959.4,Cleanview public U.S. data-center tracker,https://cleanview.co/data-centers/us,Individual facility or project from Cleanview's public geocoded U.S. data-center inventory.
Compass 42311 Thunderball Drive,,Operating,Operating,Publicly tracked data-center facility,14.0,14 MW,4.0,"Loudoun, VA",39.042553,-77.5383,Public tracker coordinates,North Anna,VA,69.2,1959.4,Cleanview public U.S. data-center tracker,https://cleanview.co/data-centers/us,Individual facility or project from Cleanview's public geocoded U.S. data-center inventory.
Iron Mountain DEN-1,,Operating,Operating,Publicly tracked data-center facility,14.0,14 MW,4.0,"Denver, CO",39.77720284,-104.9683149,Public tracker coordinates,Cooper Nuclear Station,NE,494.6,801.0,Cleanview public U.S. data-center tracker,https://cleanview.co/data-centers/us,Individual facility or project from Cleanview's public geocoded U.S. data-center inventory.
Plano Data Center: DFW3,,Operating,Operating,Publicly tracked data-center facility,14.0,14 MW,4.0,"Collin, TX",33.08771823,-96.81506978,Public tracker coordinates,Comanche Peak,TX,78.5,2430.0,Cleanview public U.S. data-center tracker,https://cleanview.co/data-centers/us,Individual facility or project from Cleanview's public geocoded U.S. data-center inventory.
Centersquare IAD1-C 21110 Ridgetop Circle,,Operating,Operating,Publicly tracked data-center facility,13.9,14 MW,4.0,"Loudoun, VA",39.02475405,-77.41220435,Public tracker coordinates,Calvert Cliffs Nuclear Power Plant,MD,66.3,1850.4,Cleanview public U.S. data-center tracker,https://cleanview.co/data-centers/us,Individual facility or project from Cleanview's public geocoded U.S. data-center inventory.
Equinix DC4,,Operating,Operating,Publicly tracked data-center facility,13.9,14 MW,4.0,"Loudoun, VA",39.016408,-77.461887,Public tracker coordinates,Calvert Cliffs Nuclear Power Plant,MD,68.1,1850.4,Cleanview public U.S. data-center tracker,https://cleanview.co/data-centers/us,Individual facility or project from Cleanview's public geocoded U.S. data-center inventory.
Digital Realty VA4,,Operating,Operating,Publicly tracked data-center facility,13.4,13 MW,4.0,"Prince William, VA",38.7779246470244,-77.59511824767937,Public tracker coordinates,North Anna,VA,50.7,1959.4,Cleanview public U.S. data-center tracker,https://cleanview.co/data-centers/us,Individual facility or project from Cleanview's public geocoded U.S. data-center inventory.
Edged Des Moines,,Planned,Planned,Publicly tracked data-center facility,13.0,13 MW,4.0,"Polk, IA",41.656082,-93.570137,Public tracker coordinates,Cooper Nuclear Station,NE,140.1,801.0,Cleanview public U.S. data-center tracker,https://cleanview.co/data-centers/us,Individual facility or project from Cleanview's public geocoded U.S. data-center inventory.
CoreWeave Plano,,Planned,Planned,Publicly tracked data-center facility,13.0,13 MW,4.0,"Collin, TX",33.00773676,-96.66638007,Public tracker coordinates,Comanche Peak,TX,81.5,2430.0,Cleanview public U.S. data-center tracker,https://cleanview.co/data-centers/us,Individual facility or project from Cleanview's public geocoded U.S. data-center inventory.
DartPoints GSP01,,Planned,Planned,Publicly tracked data-center facility,13.0,13 MW,4.0,"Greenville, SC",34.80779133,-82.34349622,Public tracker coordinates,Oconee,SC,31.5,2666.7,Cleanview public U.S. data-center tracker,https://cleanview.co/data-centers/us,Individual facility or project from Cleanview's public geocoded U.S. data-center inventory.
South Lake Campus Data Center MCI3,,Operating,Operating,Publicly tracked data-center facility,13.0,13 MW,4.0,"Johnson, KS",38.92523257,-94.77033424,Public tracker coordinates,Wolf Creek Generating Station,KS,68.6,1296.3,Cleanview public U.S. data-center tracker,https://cleanview.co/data-centers/us,Individual facility or project from Cleanview's public geocoded U.S. data-center inventory.
NTT Sacramento CA1,,Operating,Operating,Publicly tracked data-center facility,13.0,13 MW,4.0,"Sacramento, CA",38.65032996,-121.4921092,Public tracker coordinates,Diablo Canyon,CA,240.2,2323.0,Cleanview public U.S. data-center tracker,https://cleanview.co/data-centers/us,Individual facility or project from Cleanview's public geocoded U.S. data-center inventory.
Lynnwood,,Operating,Operating,Publicly tracked data-center facility,13.0,13 MW,4.0,"Snohomish, WA",47.8225022,-122.2894752,Public tracker coordinates,Columbia Generating Station,WA,167.3,1200.0,Cleanview public U.S. data-center tracker,https://cleanview.co/data-centers/us,Individual facility or project from Cleanview's public geocoded U.S. data-center inventory.
QTS Santa Clara,,Operating,Operating,Publicly tracked data-center facility,12.8,13 MW,4.0,"Santa Clara, CA",37.3927404,-121.9783809,Public tracker coordinates,Diablo Canyon,CA,163.2,2323.0,Cleanview public U.S. data-center tracker,https://cleanview.co/data-centers/us,Individual facility or project from Cleanview's public geocoded U.S. data-center inventory.
DataBank IAD1,,Operating,Operating,Publicly tracked data-center facility,12.6,13 MW,4.0,"Loudoun, VA",39.015485,-77.481724,Public tracker coordinates,North Anna,VA,68.1,1959.4,Cleanview public U.S. data-center tracker,https://cleanview.co/data-centers/us,Individual facility or project from Cleanview's public geocoded U.S. data-center inventory.
Centersquare IAD4-B 21571 Beaumeade Circle,,Operating,Operating,Publicly tracked data-center facility,12.6,13 MW,4.0,"Loudoun, VA",39.02216785,-77.45359465,Public tracker coordinates,Calvert Cliffs Nuclear Power Plant,MD,68.0,1850.4,Cleanview public U.S. data-center tracker,https://cleanview.co/data-centers/us,Individual facility or project from Cleanview's public geocoded U.S. data-center inventory.
Equinix CU4,,Operating,Operating,Publicly tracked data-center facility,12.5,12 MW,4.0,"Culpeper, VA",38.4540945,-77.9786614,Public tracker coordinates,North Anna,VA,29.1,1959.4,Cleanview public U.S. data-center tracker,https://cleanview.co/data-centers/us,Individual facility or project from Cleanview's public geocoded U.S. data-center inventory.
Microsoft East Coast BN14,,Operating,Operating,Publicly tracked data-center facility,12.5,12 MW,4.0,"Mecklenburg, VA",36.69507,-78.37629,Public tracker coordinates,Harris (NC),NC,80.2,950.9,Cleanview public U.S. data-center tracker,https://cleanview.co/data-centers/us,Individual facility or project from Cleanview's public geocoded U.S. data-center inventory.
Centersquare TPA1,,Operating,Operating,Publicly tracked data-center facility,12.0,12 MW,4.0,"Hillsborough, FL",27.9460582,-82.35111779,Public tracker coordinates,St Lucie,FL,135.3,2160.0,Cleanview public U.S. data-center tracker,https://cleanview.co/data-centers/us,Individual facility or project from Cleanview's public geocoded U.S. data-center inventory.
Centersquare EWR5,,Operating,Operating,Publicly tracked data-center facility,12.0,12 MW,4.0,"Hudson, NJ",40.78616701,-74.06910927,Public tracker coordinates,Limerick,PA,88.7,2277.0,Cleanview public U.S. data-center tracker,https://cleanview.co/data-centers/us,Individual facility or project from Cleanview's public geocoded U.S. data-center inventory.
RNO2 Data Center,,Planned,Planned,Publicly tracked data-center facility,12.0,12 MW,4.0,"Washoe, NV",39.52571103,-119.82660543,Public tracker coordinates,Diablo Canyon,CA,303.4,2323.0,Cleanview public U.S. data-center tracker,https://cleanview.co/data-centers/us,Individual facility or project from Cleanview's public geocoded U.S. data-center inventory.
Stack Infrastructure ATL01B Alpharetta,,Planned,Planned,Publicly tracked data-center facility,12.0,12 MW,4.0,"Fulton, GA",34.07702966,-84.26263877,Public tracker coordinates,Oconee,SC,92.2,2666.7,Cleanview public U.S. data-center tracker,https://cleanview.co/data-centers/us,Individual facility or project from Cleanview's public geocoded U.S. data-center inventory.
Equinix DC3,,Operating,Operating,Publicly tracked data-center facility,12.0,12 MW,4.0,"Loudoun, VA",39.021948,-77.460287,Public tracker coordinates,Calvert Cliffs Nuclear Power Plant,MD,68.3,1850.4,Cleanview public U.S. data-center tracker,https://cleanview.co/data-centers/us,Individual facility or project from Cleanview's public geocoded U.S. data-center inventory.
Verizon Quantum Park,,Operating,Operating,Publicly tracked data-center facility,12.0,12 MW,4.0,"Loudoun, VA",39.011699,-77.4712827,Public tracker coordinates,North Anna,VA,68.0,1959.4,Cleanview public U.S. data-center tracker,https://cleanview.co/data-centers/us,Individual facility or project from Cleanview's public geocoded U.S. data-center inventory.
Nashville I,,Planned,Planned,Publicly tracked data-center facility,12.0,12 MW,4.0,"Davidson, TN",36.22211214,-86.78348439,Public tracker coordinates,Browns Ferry,AL,106.6,3854.0,Cleanview public U.S. data-center tracker,https://cleanview.co/data-centers/us,Individual facility or project from Cleanview's public geocoded U.S. data-center inventory.
Centersquare DFW2,,Operating,Operating,Publicly tracked data-center facility,12.0,12 MW,4.0,"Tarrant, TX",33.09490488,-96.68336765,Public tracker coordinates,Comanche Peak,TX,84.5,2430.0,Cleanview public U.S. data-center tracker,https://cleanview.co/data-centers/us,Individual facility or project from Cleanview's public geocoded U.S. data-center inventory.
Centersquare ORD1,,Operating,Operating,Publicly tracked data-center facility,12.0,12 MW,4.0,"Cook, IL",41.85363666,-87.61855044,Public tracker coordinates,Dresden Generating Station,IL,46.5,2018.6,Cleanview public U.S. data-center tracker,https://cleanview.co/data-centers/us,Individual facility or project from Cleanview's public geocoded U.S. data-center inventory.
MSP1 Data Center,,Planned,Planned,Publicly tracked data-center facility,12.0,12 MW,4.0,"Dakota, MN",44.82503975,-93.11319941,Public tracker coordinates,Prairie Island,MN,27.4,1186.2,Cleanview public U.S. data-center tracker,https://cleanview.co/data-centers/us,Individual facility or project from Cleanview's public geocoded U.S. data-center inventory.
Equinix DC5,,Operating,Operating,Publicly tracked data-center facility,11.5,12 MW,4.0,"Loudoun, VA",39.015987,-77.461248,Public tracker coordinates,Calvert Cliffs Nuclear Power Plant,MD,68.1,1850.4,Cleanview public U.S. data-center tracker,https://cleanview.co/data-centers/us,Individual facility or project from Cleanview's public geocoded U.S. data-center inventory.
Equinix CU1,,Operating,Operating,Publicly tracked data-center facility,11.3,11 MW,4.0,"Culpeper, VA",38.455989,-77.977131,Public tracker coordinates,North Anna,VA,29.2,1959.4,Cleanview public U.S. data-center tracker,https://cleanview.co/data-centers/us,Individual facility or project from Cleanview's public geocoded U.S. data-center inventory.
H5 Quincy I - Building 1,,Operating,Operating,Publicly tracked data-center facility,11.3,11 MW,4.0,"Grant County, WA",47.2516,-119.8188,Public tracker coordinates,Columbia Generating Station,WA,58.6,1200.0,Cleanview public U.S. data-center tracker,https://cleanview.co/data-centers/us,Individual facility or project from Cleanview's public geocoded U.S. data-center inventory.
Stack Infrastructure DFW01B,,Operating,Operating,Publicly tracked data-center facility,11.0,11 MW,4.0,"Dallas, TX",33.06653911,-96.8113523,Public tracker coordinates,Comanche Peak,TX,77.6,2430.0,Cleanview public U.S. data-center tracker,https://cleanview.co/data-centers/us,Individual facility or project from Cleanview's public geocoded U.S. data-center inventory.
Stack Infrastructure NAL01A,,Operating,Operating,Publicly tracked data-center facility,11.0,11 MW,4.0,"Athens, OH",40.10615363,-82.8011127,Public tracker coordinates,Davis Besse,OH,104.1,925.2,Cleanview public U.S. data-center tracker,https://cleanview.co/data-centers/us,Individual facility or project from Cleanview's public geocoded U.S. data-center inventory.
Centersquare IAD4-A 21561 Beaumeade Circle,,Operating,Operating,Publicly tracked data-center facility,10.9,11 MW,4.0,"Loudoun, VA",39.02178165,-77.45279785,Public tracker coordinates,Calvert Cliffs Nuclear Power Plant,MD,67.9,1850.4,Cleanview public U.S. data-center tracker,https://cleanview.co/data-centers/us,Individual facility or project from Cleanview's public geocoded U.S. data-center inventory.
COPT Park Center,,Operating,Operating,Publicly tracked data-center facility,10.8,11 MW,4.0,"Fairfax, VA",38.876472,-77.463189,Public tracker coordinates,North Anna,VA,59.1,1959.4,Cleanview public U.S. data-center tracker,https://cleanview.co/data-centers/us,Individual facility or project from Cleanview's public geocoded U.S. data-center inventory.
H5 Herndon 470 Springpark Place,,Planned,Planned,Publicly tracked data-center facility,10.5,10 MW,4.0,"Fairfax, VA",38.962338,-77.377086,Public tracker coordinates,Calvert Cliffs Nuclear Power Plant,MD,62.2,1850.4,Cleanview public U.S. data-center tracker,https://cleanview.co/data-centers/us,Individual facility or project from Cleanview's public geocoded U.S. data-center inventory.
H5 Herndon 480 Springpark Place,,Planned,Planned,Publicly tracked data-center facility,10.5,10 MW,4.0,"Fairfax, VA",38.962847,-77.37678,Public tracker coordinates,Calvert Cliffs Nuclear Power Plant,MD,62.3,1850.4,Cleanview public U.S. data-center tracker,https://cleanview.co/data-centers/us,Individual facility or project from Cleanview's public geocoded U.S. data-center inventory.
Equinix CU3,,Operating,Operating,Publicly tracked data-center facility,10.5,10 MW,4.0,"Culpeper, VA",38.4554867,-77.9764322,Public tracker coordinates,North Anna,VA,29.1,1959.4,Cleanview public U.S. data-center tracker,https://cleanview.co/data-centers/us,Individual facility or project from Cleanview's public geocoded U.S. data-center inventory.
Stream Data Center: San Antonio II – Westover Hills,,Operating,Operating,Publicly tracked data-center facility,10.0,10 MW,4.0,"Bexar, TX",29.47211889,-98.67181213,Public tracker coordinates,South Texas Project,TX,165.1,2708.6,Cleanview public U.S. data-center tracker,https://cleanview.co/data-centers/us,Individual facility or project from Cleanview's public geocoded U.S. data-center inventory.
Tierpoint Seattle Data Center,,Operating,Operating,Publicly tracked data-center facility,10.0,10 MW,4.0,"King, WA",47.618961,-122.3486082,Public tracker coordinates,Columbia Generating Station,WA,162.6,1200.0,Cleanview public U.S. data-center tracker,https://cleanview.co/data-centers/us,Individual facility or project from Cleanview's public geocoded U.S. data-center inventory.
Aligned Dallas DFW01-02,,Operating,Operating,Publicly tracked data-center facility,10.0,10 MW,4.0,"Collin, TX",33.00902114,-96.67603351,Public tracker coordinates,Comanche Peak,TX,81.1,2430.0,Cleanview public U.S. data-center tracker,https://cleanview.co/data-centers/us,Individual facility or project from Cleanview's public geocoded U.S. data-center inventory.
Tierpoint Omaha - Midlands Data Center,,Operating,Operating,Publicly tracked data-center facility,10.0,10 MW,4.0,"Sarpy, NE",41.13450828,-96.039079,Public tracker coordinates,Cooper Nuclear Station,NE,57.3,801.0,Cleanview public U.S. data-center tracker,https://cleanview.co/data-centers/us,Individual facility or project from Cleanview's public geocoded U.S. data-center inventory.
Centersquare MSP1,,Operating,Operating,Publicly tracked data-center facility,10.0,10 MW,4.0,"Scott, MN",44.77946493,-93.46140487,Public tracker coordinates,Prairie Island,MN,42.1,1186.2,Cleanview public U.S. data-center tracker,https://cleanview.co/data-centers/us,Individual facility or project from Cleanview's public geocoded U.S. data-center inventory.
Tierpoint Raleigh Data Center,,Operating,Operating,Publicly tracked data-center facility,10.0,10 MW,4.0,"Wake, NC",35.85441982,-78.59708718,Public tracker coordinates,Harris (NC),NC,25.2,950.9,Cleanview public U.S. data-center tracker,https://cleanview.co/data-centers/us,Individual facility or project from Cleanview's public geocoded U.S. data-center inventory.
DC Blox - High Point Data Center,,Planned,Planned,Publicly tracked data-center facility,10.0,10 MW,4.0,"Guilford, NC",36.05279614,-79.95202964,Public tracker coordinates,Harris (NC),NC,62.9,950.9,Cleanview public U.S. data-center tracker,https://cleanview.co/data-centers/us,Individual facility or project from Cleanview's public geocoded U.S. data-center inventory.
Serverfarm NVA1 (Tysons Technology Center),,Operating,Operating,Publicly tracked data-center facility,10.0,10 MW,4.0,"Fairfax, VA",38.90900557,-77.22049996,Public tracker coordinates,Calvert Cliffs Nuclear Power Plant,MD,53.3,1850.4,Cleanview public U.S. data-center tracker,https://cleanview.co/data-centers/us,Individual facility or project from Cleanview's public geocoded U.S. data-center inventory.
Centersquare DFW3,,Operating,Operating,Publicly tracked data-center facility,10.0,10 MW,4.0,"Tarrant, TX",32.91168626,-96.87106493,Public tracker coordinates,Comanche Peak,TX,68.0,2430.0,Cleanview public U.S. data-center tracker,https://cleanview.co/data-centers/us,Individual facility or project from Cleanview's public geocoded U.S. data-center inventory.
Stream Data Center: Santa Clara VI,,Operating,Operating,Publicly tracked data-center facility,10.0,10 MW,4.0,"Santa Clara, CA",37.37641963,-121.948018,Public tracker coordinates,Diablo Canyon,CA,161.5,2323.0,Cleanview public U.S. data-center tracker,https://cleanview.co/data-centers/us,Individual facility or project from Cleanview's public geocoded U.S. data-center inventory.
Prime Data Centers: San Jose,,Operating,Operating,Publicly tracked data-center facility,10.0,10 MW,4.0,"Santa Clara, CA",37.23529978,-121.7823907,Public tracker coordinates,Diablo Canyon,CA,149.1,2323.0,Cleanview public U.S. data-center tracker,https://cleanview.co/data-centers/us,Individual facility or project from Cleanview's public geocoded U.S. data-center inventory.
Granite Point Data Center: SLC5,,Operating,Operating,Publicly tracked data-center facility,10.0,10 MW,4.0,"Salt Lake, UT",40.48141302,-111.9038785,Public tracker coordinates,Palo Verde,AZ,492.9,4209.6,Cleanview public U.S. data-center tracker,https://cleanview.co/data-centers/us,Individual facility or project from Cleanview's public geocoded U.S. data-center inventory.
Microsoft CO6,,Operating,Operating,Publicly tracked data-center facility,10.0,10 MW,4.0,"Grant County, WA",47.2383,-119.8594,Public tracker coordinates,Columbia Generating Station,WA,58.5,1200.0,Cleanview public U.S. data-center tracker,https://cleanview.co/data-centers/us,Individual facility or project from Cleanview's public geocoded U.S. data-center inventory.
Sabey Intergate Quincy - Building C,,Operating,Operating,Publicly tracked data-center facility,9.8,10 MW,4.0,"Grant County, WA",47.24617,-119.81576,Public tracker coordinates,Columbia Generating Station,WA,58.2,1200.0,Cleanview public U.S. data-center tracker,https://cleanview.co/data-centers/us,Individual facility or project from Cleanview's public geocoded U.S. data-center inventory.
Equinix DC6,,Operating,Operating,Publicly tracked data-center facility,9.2,9 MW,4.0,"Loudoun, VA",39.015198,-77.459538,Public tracker coordinates,Calvert Cliffs Nuclear Power Plant,MD,68.0,1850.4,Cleanview public U.S. data-center tracker,https://cleanview.co/data-centers/us,Individual facility or project from Cleanview's public geocoded U.S. data-center inventory.
EdgeConneX ATL02,,Operating,Operating,Publicly tracked data-center facility,9.0,9 MW,4.0,"Fulton, GA",33.73158434,-84.42352135,Public tracker coordinates,Sequoyah,TN,110.1,2441.0,Cleanview public U.S. data-center tracker,https://cleanview.co/data-centers/us,Individual facility or project from Cleanview's public geocoded U.S. data-center inventory.
CyrusOne SAT1,,Operating,Operating,Publicly tracked data-center facility,9.0,9 MW,4.0,"Bexar, TX",29.46660033,-98.68797903,Public tracker coordinates,South Texas Project,TX,165.9,2708.6,Cleanview public U.S. data-center tracker,https://cleanview.co/data-centers/us,Individual facility or project from Cleanview's public geocoded U.S. data-center inventory.
SV1,,Operating,Operating,Publicly tracked data-center facility,9.0,9 MW,4.0,"Santa Clara, CA",37.365431,-121.961738,Public tracker coordinates,Diablo Canyon,CA,161.1,2323.0,Cleanview public U.S. data-center tracker,https://cleanview.co/data-centers/us,Individual facility or project from Cleanview's public geocoded U.S. data-center inventory.
Centersquare SFO4,,Operating,Operating,Publicly tracked data-center facility,9.0,9 MW,4.0,"San Francisco, CA",37.37572083,-121.9562571,Public tracker coordinates,Diablo Canyon,CA,161.6,2323.0,Cleanview public U.S. data-center tracker,https://cleanview.co/data-centers/us,Individual facility or project from Cleanview's public geocoded U.S. data-center inventory.
Prime Data Centers: 1111 Comstack,,Operating,Operating,Publicly tracked data-center facility,9.0,9 MW,4.0,"Santa Clara, CA",37.374917,-121.9531788,Public tracker coordinates,Diablo Canyon,CA,161.5,2323.0,Cleanview public U.S. data-center tracker,https://cleanview.co/data-centers/us,Individual facility or project from Cleanview's public geocoded U.S. data-center inventory.
SJC01 Silicon Valley,,Operating,Operating,Publicly tracked data-center facility,9.0,9 MW,4.0,"Santa Clara, CA",37.37680369,-121.9531422,Public tracker coordinates,Diablo Canyon,CA,161.6,2323.0,Cleanview public U.S. data-center tracker,https://cleanview.co/data-centers/us,Individual facility or project from Cleanview's public geocoded U.S. data-center inventory.
SJC02 Silicon Valley,,Operating,Operating,Publicly tracked data-center facility,9.0,9 MW,4.0,"Santa Clara, CA",37.37729837,-121.9531106,Public tracker coordinates,Diablo Canyon,CA,161.6,2323.0,Cleanview public U.S. data-center tracker,https://cleanview.co/data-centers/us,Individual facility or project from Cleanview's public geocoded U.S. data-center inventory.
CyrusOne AUS2,,Operating,Operating,Publicly tracked data-center facility,9.0,9 MW,4.0,"Denton, TX",30.20592392,-97.69800321,Public tracker coordinates,South Texas Project,TX,139.1,2708.6,Cleanview public U.S. data-center tracker,https://cleanview.co/data-centers/us,Individual facility or project from Cleanview's public geocoded U.S. data-center inventory.
Westway Park II Data Center: HOU 2,,Operating,Operating,Publicly tracked data-center facility,9.0,9 MW,4.0,"Harris, TX",29.84430031,-95.55660488,Public tracker coordinates,South Texas Project,TX,78.3,2708.6,Cleanview public U.S. data-center tracker,https://cleanview.co/data-centers/us,Individual facility or project from Cleanview's public geocoded U.S. data-center inventory.
Brooklyn Park Data Center MSP3,,Operating,Operating,Publicly tracked data-center facility,9.0,9 MW,4.0,"Hennepin, MN",45.14362089,-93.38769008,Public tracker coordinates,Monticello Nuclear Facility,MN,26.0,685.0,Cleanview public U.S. data-center tracker,https://cleanview.co/data-centers/us,Individual facility or project from Cleanview's public geocoded U.S. data-center inventory.
Chicago Tri-State Data Center ORD4,,Operating,Operating,Publicly tracked data-center facility,9.0,9 MW,4.0,"DuPage, IL",41.85361719,-87.92064803,Public tracker coordinates,Dresden Generating Station,IL,36.8,2018.6,Cleanview public U.S. data-center tracker,https://cleanview.co/data-centers/us,Individual facility or project from Cleanview's public geocoded U.S. data-center inventory.
Stack Infrastructure SVY01A,,Operating,Operating,Publicly tracked data-center facility,9.0,9 MW,4.0,"Santa Clara, CA",37.40258437,-121.8934297,Public tracker coordinates,Diablo Canyon,CA,162.0,2323.0,Cleanview public U.S. data-center tracker,https://cleanview.co/data-centers/us,Individual facility or project from Cleanview's public geocoded U.S. data-center inventory.
Prime Data Centers: SJC03,,Planned,Planned,Publicly tracked data-center facility,9.0,9 MW,4.0,"Santa Clara, CA",37.36696588,-121.9628539,Public tracker coordinates,Diablo Canyon,CA,161.2,2323.0,Cleanview public U.S. data-center tracker,https://cleanview.co/data-centers/us,Individual facility or project from Cleanview's public geocoded U.S. data-center inventory.
Prime Data Centers: 1231 Comstack,,Planned,Planned,Publicly tracked data-center facility,9.0,9 MW,4.0,"Santa Clara, CA",37.37494389,-121.9548917,Public tracker coordinates,Diablo Canyon,CA,161.5,2323.0,Cleanview public U.S. data-center tracker,https://cleanview.co/data-centers/us,Individual facility or project from Cleanview's public geocoded U.S. data-center inventory.
Ezell Drive Campu,,Planned,Planned,Publicly tracked data-center facility,9.0,9 MW,4.0,"Dallas, TX",32.62416607,-96.86007494,Public tracker coordinates,Comanche Peak,TX,58.5,2430.0,Cleanview public U.S. data-center tracker,https://cleanview.co/data-centers/us,Individual facility or project from Cleanview's public geocoded U.S. data-center inventory.
QTS Moran,,Operating,Operating,Publicly tracked data-center facility,8.6,9 MW,4.0,"Loudoun, VA",38.994227,-77.448189,Public tracker coordinates,Calvert Cliffs Nuclear Power Plant,MD,66.6,1850.4,Cleanview public U.S. data-center tracker,https://cleanview.co/data-centers/us,Individual facility or project from Cleanview's public geocoded U.S. data-center inventory.
EdgeConneX POR02,,Operating,Operating,Publicly tracked data-center facility,8.4,8 MW,4.0,"Multnomah, OR",45.5522,-122.91437,Public tracker coordinates,Columbia Generating Station,WA,183.1,1200.0,Cleanview public U.S. data-center tracker,https://cleanview.co/data-centers/us,Individual facility or project from Cleanview's public geocoded U.S. data-center inventory.
Centersquare SEA2,,Operating,Operating,Publicly tracked data-center facility,8.0,8 MW,4.0,"King, WA",47.44068459,-122.2565311,Public tracker coordinates,Columbia Generating Station,WA,153.2,1200.0,Cleanview public U.S. data-center tracker,https://cleanview.co/data-centers/us,Individual facility or project from Cleanview's public geocoded U.S. data-center inventory.
Tierpoint Raleigh - RTP Data Center,,Operating,Operating,Publicly tracked data-center facility,8.0,8 MW,4.0,"Wake, NC",35.89732239,-78.87873813,Public tracker coordinates,Harris (NC),NC,18.7,950.9,Cleanview public U.S. data-center tracker,https://cleanview.co/data-centers/us,Individual facility or project from Cleanview's public geocoded U.S. data-center inventory.
Stream Data Center: Houston I,,Operating,Operating,Publicly tracked data-center facility,8.0,8 MW,4.0,"Montgomery, TX",30.17803268,-95.48679044,Public tracker coordinates,South Texas Project,TX,101.3,2708.6,Cleanview public U.S. data-center tracker,https://cleanview.co/data-centers/us,Individual facility or project from Cleanview's public geocoded U.S. data-center inventory.
Tierpoint St. Louis - Locust Data Center,,Operating,Operating,Publicly tracked data-center facility,8.0,8 MW,4.0,"St Louis (City), MO",38.6334969,-90.21266068,Public tracker coordinates,Callaway,MO,84.9,1235.8,Cleanview public U.S. data-center tracker,https://cleanview.co/data-centers/us,Individual facility or project from Cleanview's public geocoded U.S. data-center inventory.
Centersquare CMH1,,Operating,Operating,Publicly tracked data-center facility,8.0,8 MW,4.0,"Franklin, OH",40.1688577,-83.01084062,Public tracker coordinates,Davis Besse,OH,98.7,925.2,Cleanview public U.S. data-center tracker,https://cleanview.co/data-centers/us,Individual facility or project from Cleanview's public geocoded U.S. data-center inventory.
Equinix DC14,,Operating,Operating,Publicly tracked data-center facility,8.0,8 MW,4.0,"Prince William, VA",38.8033294816541,-77.5108797169217,Public tracker coordinates,North Anna,VA,53.5,1959.4,Cleanview public U.S. data-center tracker,https://cleanview.co/data-centers/us,Individual facility or project from Cleanview's public geocoded U.S. data-center inventory.
Tierpoint Oklahoma City Data OKC 2,,Operating,Operating,Publicly tracked data-center facility,8.0,8 MW,4.0,"Oklahoma, OK",35.51354392,-97.59508356,Public tracker coordinates,Wolf Creek Generating Station,KS,215.8,1296.3,Cleanview public U.S. data-center tracker,https://cleanview.co/data-centers/us,Individual facility or project from Cleanview's public geocoded U.S. data-center inventory.
Irvine Data Center: SNA2,,Operating,Operating,Publicly tracked data-center facility,8.0,8 MW,4.0,"Orange, CA",33.68808368,-117.8429459,Public tracker coordinates,Diablo Canyon,CA,201.3,2323.0,Cleanview public U.S. data-center tracker,https://cleanview.co/data-centers/us,Individual facility or project from Cleanview's public geocoded U.S. data-center inventory.
Prime Data Centers:  McClellan Business Park Phase 1,,Operating,Operating,Publicly tracked data-center facility,8.0,8 MW,4.0,"Sacramento, CA",38.64306335,-121.4067033,Public tracker coordinates,Diablo Canyon,CA,239.0,2323.0,Cleanview public U.S. data-center tracker,https://cleanview.co/data-centers/us,Individual facility or project from Cleanview's public geocoded U.S. data-center inventory.
Sabey Intergate Quincy - Building A,,Operating,Operating,Publicly tracked data-center facility,7.8,8 MW,4.0,"Grant County, WA",47.24621,-119.81323,Public tracker coordinates,Columbia Generating Station,WA,58.1,1200.0,Cleanview public U.S. data-center tracker,https://cleanview.co/data-centers/us,Individual facility or project from Cleanview's public geocoded U.S. data-center inventory.
Vantage CA13,,Operating,Operating,Publicly tracked data-center facility,7.5,8 MW,4.0,"Santa Clara, CA",37.3720906,-121.9733692,Public tracker coordinates,Diablo Canyon,CA,161.7,2323.0,Cleanview public U.S. data-center tracker,https://cleanview.co/data-centers/us,Individual facility or project from Cleanview's public geocoded U.S. data-center inventory.
AWS IAD-24 Mason King Court,,Operating,Operating,Publicly tracked data-center facility,7.4,7 MW,4.0,"Prince William, VA",38.79035,-77.540006,Public tracker coordinates,North Anna,VA,52.2,1959.4,Cleanview public U.S. data-center tracker,https://cleanview.co/data-centers/us,Individual facility or project from Cleanview's public geocoded U.S. data-center inventory.
Flexential Hillsboro 1,,Operating,Operating,Publicly tracked data-center facility,7.4,7 MW,4.0,"Washington, OR",45.5505,-122.8922,Public tracker coordinates,Columbia Generating Station,WA,182.2,1200.0,Cleanview public U.S. data-center tracker,https://cleanview.co/data-centers/us,Individual facility or project from Cleanview's public geocoded U.S. data-center inventory.
Centersquare IAD1-A 45901 Nokes Boulevard,,Operating,Operating,Publicly tracked data-center facility,7.4,7 MW,4.0,"Loudoun, VA",39.0232978,-77.4132123,Public tracker coordinates,Calvert Cliffs Nuclear Power Plant,MD,66.3,1850.4,Cleanview public U.S. data-center tracker,https://cleanview.co/data-centers/us,Individual facility or project from Cleanview's public geocoded U.S. data-center inventory.
AWS IAD-32 Squire Court,,Operating,Operating,Publicly tracked data-center facility,7.4,7 MW,4.0,"Loudoun, VA",39.02152866,-77.43475817,Public tracker coordinates,Calvert Cliffs Nuclear Power Plant,MD,67.2,1850.4,Cleanview public U.S. data-center tracker,https://cleanview.co/data-centers/us,Individual facility or project from Cleanview's public geocoded U.S. data-center inventory.
Capital One Knolls 2 Data Center,,Operating,Operating,Publicly tracked data-center facility,7.2,7 MW,4.0,"Henrico, VA",37.66987,-77.56562,Public tracker coordinates,North Anna,VA,29.6,1959.4,Cleanview public U.S. data-center tracker,https://cleanview.co/data-centers/us,Individual facility or project from Cleanview's public geocoded U.S. data-center inventory.
Centersquare IAD2-B 22860 International Drive,,Operating,Operating,Publicly tracked data-center facility,7.1,7 MW,4.0,"Loudoun, VA",38.98361385,-77.42408485,Public tracker coordinates,Calvert Cliffs Nuclear Power Plant,MD,65.2,1850.4,Cleanview public U.S. data-center tracker,https://cleanview.co/data-centers/us,Individual facility or project from Cleanview's public geocoded U.S. data-center inventory.
Stream Data Center: Austin I,,Operating,Operating,Publicly tracked data-center facility,7.0,7 MW,4.0,"Travis, TX",30.34099179,-97.68498105,Public tracker coordinates,Comanche Peak,TX,135.4,2430.0,Cleanview public U.S. data-center tracker,https://cleanview.co/data-centers/us,Individual facility or project from Cleanview's public geocoded U.S. data-center inventory.
Downtown Dallas Data Center: DFW1,,Operating,Operating,Publicly tracked data-center facility,7.0,7 MW,4.0,"Dallas, TX",32.77847426,-96.79829462,Public tracker coordinates,Comanche Peak,TX,66.4,2430.0,Cleanview public U.S. data-center tracker,https://cleanview.co/data-centers/us,Individual facility or project from Cleanview's public geocoded U.S. data-center inventory.
Stream Data Center: Minneapolis I,,Operating,Operating,Publicly tracked data-center facility,7.0,7 MW,4.0,"Carver, MN",44.80859139,-93.63747598,Public tracker coordinates,Monticello Nuclear Facility,MN,37.7,685.0,Cleanview public U.S. data-center tracker,https://cleanview.co/data-centers/us,Individual facility or project from Cleanview's public geocoded U.S. data-center inventory.
Stack Infrastructure POR01,,Operating,Operating,Publicly tracked data-center facility,7.0,7 MW,4.0,"Washington, OR",45.54941491,-122.9278035,Public tracker coordinates,Columbia Generating Station,WA,183.8,1200.0,Cleanview public U.S. data-center tracker,https://cleanview.co/data-centers/us,Individual facility or project from Cleanview's public geocoded U.S. data-center inventory.
Stack Infrastructure ATL01A Alpharetta,,Operating,Operating,Publicly tracked data-center facility,7.0,7 MW,4.0,"Fulton, GA",34.07574349,-84.26442123,Public tracker coordinates,Oconee,SC,92.3,2666.7,Cleanview public U.S. data-center tracker,https://cleanview.co/data-centers/us,Individual facility or project from Cleanview's public geocoded U.S. data-center inventory.
EdgeConneX CHI02,,Planned,Planned,Publicly tracked data-center facility,7.0,7 MW,4.0,"Cook, IL",42.00132247,-87.95257261,Public tracker coordinates,Dresden Generating Station,IL,45.3,2018.6,Cleanview public U.S. data-center tracker,https://cleanview.co/data-centers/us,Individual facility or project from Cleanview's public geocoded U.S. data-center inventory.
San Diego World Trade Data Center: SAN1,,Operating,Operating,Publicly tracked data-center facility,7.0,7 MW,4.0,"San Diego, CA",32.98871818,-117.0724603,Public tracker coordinates,Palo Verde,AZ,245.0,4209.6,Cleanview public U.S. data-center tracker,https://cleanview.co/data-centers/us,Individual facility or project from Cleanview's public geocoded U.S. data-center inventory.
Tierpoint New York - Hawthorne Data Centers HWT,,Operating,Operating,Publicly tracked data-center facility,7.0,7 MW,4.0,"Westchester, NY",41.08845519,-73.81531624,Public tracker coordinates,Millstone,CT,87.0,2259.9,Cleanview public U.S. data-center tracker,https://cleanview.co/data-centers/us,Individual facility or project from Cleanview's public geocoded U.S. data-center inventory.
Granite Point Data Center: SLC3,,Operating,Operating,Publicly tracked data-center facility,7.0,7 MW,4.0,"Salt Lake, UT",40.47983287,-111.9057643,Public tracker coordinates,Palo Verde,AZ,492.8,4209.6,Cleanview public U.S. data-center tracker,https://cleanview.co/data-centers/us,Individual facility or project from Cleanview's public geocoded U.S. data-center inventory.
Centersquare DEN2,,Operating,Operating,Publicly tracked data-center facility,7.0,7 MW,4.0,"Denver, CO",39.56102833,-104.8307106,Public tracker coordinates,Cooper Nuclear Station,NE,489.6,801.0,Cleanview public U.S. data-center tracker,https://cleanview.co/data-centers/us,Individual facility or project from Cleanview's public geocoded U.S. data-center inventory.
Equinix DC1,,Operating,Operating,Publicly tracked data-center facility,6.9,7 MW,4.0,"Loudoun, VA",39.01556,-77.460327,Public tracker coordinates,Calvert Cliffs Nuclear Power Plant,MD,68.0,1850.4,Cleanview public U.S. data-center tracker,https://cleanview.co/data-centers/us,Individual facility or project from Cleanview's public geocoded U.S. data-center inventory.
QTS Sacramento,,Operating,Operating,Publicly tracked data-center facility,6.8,7 MW,4.0,"Sacramento, CA",38.646312,-121.4862722,Public tracker coordinates,Diablo Canyon,CA,239.9,2323.0,Cleanview public U.S. data-center tracker,https://cleanview.co/data-centers/us,Individual facility or project from Cleanview's public geocoded U.S. data-center inventory.
H5 Chantilly IAD32,,Operating,Operating,Publicly tracked data-center facility,6.7,7 MW,4.0,"Fairfax, VA",38.909798,-77.473466,Public tracker coordinates,North Anna,VA,61.2,1959.4,Cleanview public U.S. data-center tracker,https://cleanview.co/data-centers/us,Individual facility or project from Cleanview's public geocoded U.S. data-center inventory.
CBP National Data Center,,Operating,Operating,Publicly tracked data-center facility,6.7,7 MW,4.0,"Fairfax, VA",38.738169,-77.208242,Public tracker coordinates,Calvert Cliffs Nuclear Power Plant,MD,46.4,1850.4,Cleanview public U.S. data-center tracker,https://cleanview.co/data-centers/us,Individual facility or project from Cleanview's public geocoded U.S. data-center inventory.
Vantage CA15,,Operating,Operating,Publicly tracked data-center facility,6.6,7 MW,4.0,"Santa Clara, CA",37.3720681,-121.9738374,Public tracker coordinates,Diablo Canyon,CA,161.7,2323.0,Cleanview public U.S. data-center tracker,https://cleanview.co/data-centers/us,Individual facility or project from Cleanview's public geocoded U.S. data-center inventory.
Centersquare IAD1-B 45845 Nokes Boulevard,,Operating,Operating,Publicly tracked data-center facility,6.4,6 MW,4.0,"Loudoun, VA",39.0238679,-77.4152091,Public tracker coordinates,Calvert Cliffs Nuclear Power Plant,MD,66.4,1850.4,Cleanview public U.S. data-center tracker,https://cleanview.co/data-centers/us,Individual facility or project from Cleanview's public geocoded U.S. data-center inventory.
Iron Mountain AZS-1,,Operating,Operating,Publicly tracked data-center facility,6.0,6 MW,4.0,"Maricopa, AZ",33.64463616,-111.8958822,Public tracker coordinates,Palo Verde,AZ,58.4,4209.6,Cleanview public U.S. data-center tracker,https://cleanview.co/data-centers/us,Individual facility or project from Cleanview's public geocoded U.S. data-center inventory.
Atlanta West End Data Center: ATL 3,,Operating,Operating,Publicly tracked data-center facility,6.0,6 MW,4.0,"Fulton, GA",33.73439569,-84.42592533,Public tracker coordinates,Sequoyah,TN,109.9,2441.0,Cleanview public U.S. data-center tracker,https://cleanview.co/data-centers/us,Individual facility or project from Cleanview's public geocoded U.S. data-center inventory.
Tierpoint Omaha - Bellevue Data Center,,Operating,Operating,Publicly tracked data-center facility,6.0,6 MW,4.0,"Sarpy, NE",41.17828173,-95.92445779,Public tracker coordinates,Cooper Nuclear Station,NE,58.3,801.0,Cleanview public U.S. data-center tracker,https://cleanview.co/data-centers/us,Individual facility or project from Cleanview's public geocoded U.S. data-center inventory.
North Dallas Data Center: DFW2,,Operating,Operating,Publicly tracked data-center facility,6.0,6 MW,4.0,"Dallas, TX",32.96619103,-96.71073765,Public tracker coordinates,Comanche Peak,TX,77.7,2430.0,Cleanview public U.S. data-center tracker,https://cleanview.co/data-centers/us,Individual facility or project from Cleanview's public geocoded U.S. data-center inventory.
VeriSign Dulles,,Operating,Operating,Publicly tracked data-center facility,6.0,6 MW,4.0,"Loudoun, VA",38.99788,-77.44395,Public tracker coordinates,Calvert Cliffs Nuclear Power Plant,MD,66.6,1850.4,Cleanview public U.S. data-center tracker,https://cleanview.co/data-centers/us,Individual facility or project from Cleanview's public geocoded U.S. data-center inventory.
Centersquare ABQ1,,Operating,Operating,Publicly tracked data-center facility,6.0,6 MW,4.0,"Bernalillo, NM",35.08638699,-106.6517135,Public tracker coordinates,Palo Verde,AZ,373.5,4209.6,Cleanview public U.S. data-center tracker,https://cleanview.co/data-centers/us,Individual facility or project from Cleanview's public geocoded U.S. data-center inventory.
Microsoft WTC Station B East 1,,Operating,Operating,Publicly tracked data-center facility,6.0,6 MW,4.0,"Fauquier, VA",38.737162,-77.826162,Public tracker coordinates,North Anna,VA,46.8,1959.4,Cleanview public U.S. data-center tracker,https://cleanview.co/data-centers/us,Individual facility or project from Cleanview's public geocoded U.S. data-center inventory.
LiquidCool Aroostook Data Center,,Planned,Planned,Publicly tracked data-center facility,6.0,6 MW,4.0,"Aroostook, ME",46.93946921,-67.89270643,Public tracker coordinates,Seabrook,NH,314.3,1242.0,Cleanview public U.S. data-center tracker,https://cleanview.co/data-centers/us,Individual facility or project from Cleanview's public geocoded U.S. data-center inventory.
Freddie Mac Herndon Data Center,,Operating,Operating,Publicly tracked data-center facility,6.0,6 MW,4.0,"Fairfax, VA",38.955213,-77.381361,Public tracker coordinates,Calvert Cliffs Nuclear Power Plant,MD,62.1,1850.4,Cleanview public U.S. data-center tracker,https://cleanview.co/data-centers/us,Individual facility or project from Cleanview's public geocoded U.S. data-center inventory.
LAX01,,Planned,Planned,Publicly tracked data-center facility,6.0,6 MW,4.0,"Los Angeles, CA",34.00589198,-118.2192285,Public tracker coordinates,Diablo Canyon,CA,171.5,2323.0,Cleanview public U.S. data-center tracker,https://cleanview.co/data-centers/us,Individual facility or project from Cleanview's public geocoded U.S. data-center inventory.
EdgeConneX MIA02,,Operating,Operating,Publicly tracked data-center facility,6.0,6 MW,4.0,"Miami-Dade, FL",25.94542026,-80.19147877,Public tracker coordinates,Turkey Point,FL,36.3,1754.4,Cleanview public U.S. data-center tracker,https://cleanview.co/data-centers/us,Individual facility or project from Cleanview's public geocoded U.S. data-center inventory.
Sabey Intergate Quincy - Building E,,Planned,Planned,Publicly tracked data-center facility,5.9,6 MW,4.0,"Grant County, WA",47.24481,-119.81809,Public tracker coordinates,Columbia Generating Station,WA,58.1,1200.0,Cleanview public U.S. data-center tracker,https://cleanview.co/data-centers/us,Individual facility or project from Cleanview's public geocoded U.S. data-center inventory.
H5 Chantilly IAD31,,Operating,Operating,Publicly tracked data-center facility,5.4,5 MW,4.0,"Fairfax, VA",38.909245,-77.472245,Public tracker coordinates,North Anna,VA,61.1,1959.4,Cleanview public U.S. data-center tracker,https://cleanview.co/data-centers/us,Individual facility or project from Cleanview's public geocoded U.S. data-center inventory.
Microsoft East Coast BN4,,Operating,Operating,Publicly tracked data-center facility,5.3,5 MW,4.0,"Mecklenburg, VA",36.68167,-78.37468,Public tracker coordinates,Harris (NC),NC,79.3,950.9,Cleanview public U.S. data-center tracker,https://cleanview.co/data-centers/us,Individual facility or project from Cleanview's public geocoded U.S. data-center inventory.
Provo Data Center,,Planned,Planned,Publicly tracked data-center facility,5.0,5 MW,4.0,"Utah, UT",40.214104,-111.65521,Public tracker coordinates,Palo Verde,AZ,476.3,4209.6,Cleanview public U.S. data-center tracker,https://cleanview.co/data-centers/us,Individual facility or project from Cleanview's public geocoded U.S. data-center inventory.
Tierpoint Spokane Data Centers SPO01/02,,Operating,Operating,Publicly tracked data-center facility,5.0,5 MW,4.0,"Spokane, WA",47.67193406,-117.09121,Public tracker coordinates,Columbia Generating Station,WA,134.2,1200.0,Cleanview public U.S. data-center tracker,https://cleanview.co/data-centers/us,Individual facility or project from Cleanview's public geocoded U.S. data-center inventory.
EdgeConneX PHX01,,Operating,Operating,Publicly tracked data-center facility,5.0,5 MW,4.0,"Maricopa, AZ",33.39553871,-111.9701092,Public tracker coordinates,Palo Verde,AZ,51.4,4209.6,Cleanview public U.S. data-center tracker,https://cleanview.co/data-centers/us,Individual facility or project from Cleanview's public geocoded U.S. data-center inventory.
EdgeConneX SEA01,,Operating,Operating,Publicly tracked data-center facility,5.0,5 MW,4.0,"King, WA",47.498222,-122.2899421,Public tracker coordinates,Columbia Generating Station,WA,156.4,1200.0,Cleanview public U.S. data-center tracker,https://cleanview.co/data-centers/us,Individual facility or project from Cleanview's public geocoded U.S. data-center inventory.
Tierpoint Dallas Data Center,,Operating,Operating,Publicly tracked data-center facility,5.0,5 MW,4.0,"Tarrant, TX",32.97967727,-97.25258078,Public tracker coordinates,Comanche Peak,TX,56.4,2430.0,Cleanview public U.S. data-center tracker,https://cleanview.co/data-centers/us,Individual facility or project from Cleanview's public geocoded U.S. data-center inventory.
Tierpoint Tulsa - State Farm,,Operating,Operating,Publicly tracked data-center facility,5.0,5 MW,4.0,"Tulsa, OK",36.0965051,-95.84001751,Public tracker coordinates,Wolf Creek Generating Station,KS,148.3,1296.3,Cleanview public U.S. data-center tracker,https://cleanview.co/data-centers/us,Individual facility or project from Cleanview's public geocoded U.S. data-center inventory.
Westway Park III Data Center: HOU 3,,Operating,Operating,Publicly tracked data-center facility,5.0,5 MW,4.0,"Harris, TX",29.84401347,-95.56051493,Public tracker coordinates,South Texas Project,TX,78.2,2708.6,Cleanview public U.S. data-center tracker,https://cleanview.co/data-centers/us,Individual facility or project from Cleanview's public geocoded U.S. data-center inventory.
Houston Galleria Data Center: HOU 5,,Operating,Operating,Publicly tracked data-center facility,5.0,5 MW,4.0,"Harris, TX",29.7281481,-95.44507888,Public tracker coordinates,South Texas Project,TX,74.0,2708.6,Cleanview public U.S. data-center tracker,https://cleanview.co/data-centers/us,Individual facility or project from Cleanview's public geocoded U.S. data-center inventory.
Tierpoint Lenexa Data Center,,Operating,Operating,Publicly tracked data-center facility,5.0,5 MW,4.0,"New Kent, KS",38.94061571,-94.75501179,Public tracker coordinates,Wolf Creek Generating Station,KS,70.0,1296.3,Cleanview public U.S. data-center tracker,https://cleanview.co/data-centers/us,Individual facility or project from Cleanview's public geocoded U.S. data-center inventory.
East Twin Cities Data Cente MSP2,,Operating,Operating,Publicly tracked data-center facility,5.0,5 MW,4.0,"Dakota, MN",44.83796435,-93.14616635,Public tracker coordinates,Prairie Island,MN,29.3,1186.2,Cleanview public U.S. data-center tracker,https://cleanview.co/data-centers/us,Individual facility or project from Cleanview's public geocoded U.S. data-center inventory.
Tierpoint Little Rock Data Center,,Operating,Operating,Publicly tracked data-center facility,5.0,5 MW,4.0,"Pulaski, AR",34.75603706,-92.44420056,Public tracker coordinates,Arkansas Nuclear One,AR,58.9,1845.0,Cleanview public U.S. data-center tracker,https://cleanview.co/data-centers/us,Individual facility or project from Cleanview's public geocoded U.S. data-center inventory.
Tierpoint Chicago Data Center (Polk St.),,Operating,Operating,Publicly tracked data-center facility,5.0,5 MW,4.0,"Cook, IL",41.87185265,-87.64295618,Public tracker coordinates,Dresden Generating Station,IL,46.4,2018.6,Cleanview public U.S. data-center tracker,https://cleanview.co/data-centers/us,Individual facility or project from Cleanview's public geocoded U.S. data-center inventory.
Tierpoint Nashville Data Center,,Operating,Operating,Publicly tracked data-center facility,5.0,5 MW,4.0,"Davidson, TN",35.92452311,-86.85585199,Public tracker coordinates,Browns Ferry,AL,85.6,3854.0,Cleanview public U.S. data-center tracker,https://cleanview.co/data-centers/us,Individual facility or project from Cleanview's public geocoded U.S. data-center inventory.
DC Blox - Birmingham Data Center,,Operating,Operating,Publicly tracked data-center facility,5.0,5 MW,4.0,"Shelby, AL",33.50054711,-86.82101277,Public tracker coordinates,Browns Ferry,AL,84.9,3854.0,Cleanview public U.S. data-center tracker,https://cleanview.co/data-centers/us,Individual facility or project from Cleanview's public geocoded U.S. data-center inventory.
Midtown Atlanta Data Center: ATL1,,Operating,Operating,Publicly tracked data-center facility,5.0,5 MW,4.0,"Fulton, GA",33.77550064,-84.38775516,Public tracker coordinates,Sequoyah,TN,108.0,2441.0,Cleanview public U.S. data-center tracker,https://cleanview.co/data-centers/us,Individual facility or project from Cleanview's public geocoded U.S. data-center inventory.
Tierpoint Charlotte - Center Park Data Cente,,Operating,Operating,Publicly tracked data-center facility,5.0,5 MW,4.0,"Mecklenburg, NC",35.17315538,-80.9281185,Public tracker coordinates,Catawba,SC,11.6,2410.2,Cleanview public U.S. data-center tracker,https://cleanview.co/data-centers/us,Individual facility or project from Cleanview's public geocoded U.S. data-center inventory.
Summit Park Data Center: PIT 2,,Operating,Operating,Publicly tracked data-center facility,5.0,5 MW,4.0,"Allegheny, PA",40.45123577,-80.19013352,Public tracker coordinates,Beaver Valley,PA,17.4,1846.8,Cleanview public U.S. data-center tracker,https://cleanview.co/data-centers/us,Individual facility or project from Cleanview's public geocoded U.S. data-center inventory.
Tierpoint Lehigh Valley Data Center,,Operating,Operating,Publicly tracked data-center facility,5.0,5 MW,4.0,"Lehigh, PA",40.67487468,-75.37813989,Public tracker coordinates,Limerick,PA,33.0,2277.0,Cleanview public U.S. data-center tracker,https://cleanview.co/data-centers/us,Individual facility or project from Cleanview's public geocoded U.S. data-center inventory.
Tierpoint Philadelphia Data Center,,Operating,Operating,Publicly tracked data-center facility,5.0,5 MW,4.0,"Philadelphia, PA",39.89241691,-75.16557227,Public tracker coordinates,Limerick,PA,32.0,2277.0,Cleanview public U.S. data-center tracker,https://cleanview.co/data-centers/us,Individual facility or project from Cleanview's public geocoded U.S. data-center inventory.
NNJ3,,Operating,Operating,Publicly tracked data-center facility,5.0,5 MW,4.0,"Morris, NJ",40.8216,-74.4565,Public tracker coordinates,Limerick,PA,72.3,2277.0,Cleanview public U.S. data-center tracker,https://cleanview.co/data-centers/us,Individual facility or project from Cleanview's public geocoded U.S. data-center inventory.
Tierpoint Boston - Andover Data Center,,Operating,Operating,Publicly tracked data-center facility,5.0,5 MW,4.0,"Essex, MA",42.68568186,-71.20865842,Public tracker coordinates,Seabrook,NH,23.5,1242.0,Cleanview public U.S. data-center tracker,https://cleanview.co/data-centers/us,Individual facility or project from Cleanview's public geocoded U.S. data-center inventory.
Oppidan 5MW Data Center,,Planned,Planned,Publicly tracked data-center facility,5.0,5 MW,4.0,"El Paso, TX",31.67986212,-106.2901495,Public tracker coordinates,Palo Verde,AZ,400.5,4209.6,Cleanview public U.S. data-center tracker,https://cleanview.co/data-centers/us,Individual facility or project from Cleanview's public geocoded U.S. data-center inventory.
5MW Temple Data Center,,Planned,Planned,Publicly tracked data-center facility,5.0,5 MW,4.0,"Bell, TX",31.12605427,-97.36096275,Public tracker coordinates,Comanche Peak,TX,84.8,2430.0,Cleanview public U.S. data-center tracker,https://cleanview.co/data-centers/us,Individual facility or project from Cleanview's public geocoded U.S. data-center inventory.
Oppidan MN Data Center,,Planned,Planned,Publicly tracked data-center facility,5.0,5 MW,4.0,"Hennepin, MN",44.82724856,-93.10831847,Public tracker coordinates,Prairie Island,MN,27.3,1186.2,Cleanview public U.S. data-center tracker,https://cleanview.co/data-centers/us,Individual facility or project from Cleanview's public geocoded U.S. data-center inventory.
Centersquare IAD2-A 22810 International Drive,,Operating,Operating,Publicly tracked data-center facility,4.8,5 MW,4.0,"Loudoun, VA",38.98441985,-77.42380955,Public tracker coordinates,Calvert Cliffs Nuclear Power Plant,MD,65.2,1850.4,Cleanview public U.S. data-center tracker,https://cleanview.co/data-centers/us,Individual facility or project from Cleanview's public geocoded U.S. data-center inventory.
DataBank IAD2,,Operating,Operating,Publicly tracked data-center facility,4.2,4 MW,4.0,"Fairfax, VA",38.919905,-77.213585,Public tracker coordinates,Calvert Cliffs Nuclear Power Plant,MD,53.5,1850.4,Cleanview public U.S. data-center tracker,https://cleanview.co/data-centers/us,Individual facility or project from Cleanview's public geocoded U.S. data-center inventory.
EdgeConneX POR01,,Operating,Operating,Publicly tracked data-center facility,4.2,4 MW,4.0,"Multnomah, OR",45.5518,-122.91529,Public tracker coordinates,Columbia Generating Station,WA,183.2,1200.0,Cleanview public U.S. data-center tracker,https://cleanview.co/data-centers/us,Individual facility or project from Cleanview's public geocoded U.S. data-center inventory.
Centersquare IAD3 22995 Wilder Court,,Operating,Operating,Publicly tracked data-center facility,4.1,4 MW,4.0,"Loudoun, VA",38.9809293,-77.44437855,Public tracker coordinates,Calvert Cliffs Nuclear Power Plant,MD,65.9,1850.4,Cleanview public U.S. data-center tracker,https://cleanview.co/data-centers/us,Individual facility or project from Cleanview's public geocoded U.S. data-center inventory.
Atlanta West End Data Center: ATL 2,,Operating,Operating,Publicly tracked data-center facility,4.0,4 MW,4.0,"Fulton, GA",33.73411268,-84.42572807,Public tracker coordinates,Sequoyah,TN,109.9,2441.0,Cleanview public U.S. data-center tracker,https://cleanview.co/data-centers/us,Individual facility or project from Cleanview's public geocoded U.S. data-center inventory.
American Tower Indianapolis Data Center,,Canceled,Other,Publicly tracked data-center facility,4.0,4 MW,4.0,"Marion, IN",39.89411684,-86.20543496,Public tracker coordinates,Clinton Power Station,IL,140.4,1138.3,Cleanview public U.S. data-center tracker,https://cleanview.co/data-centers/us,Individual facility or project from Cleanview's public geocoded U.S. data-center inventory.
Downtown Indianapolis Data Center IND02,,Operating,Operating,Publicly tracked data-center facility,4.0,4 MW,4.0,"Marion, IN",39.7602247,-86.17049223,Public tracker coordinates,Clinton Power Station,IL,143.9,1138.3,Cleanview public U.S. data-center tracker,https://cleanview.co/data-centers/us,Individual facility or project from Cleanview's public geocoded U.S. data-center inventory.
Tierpoint Jacksonville Data Center,,Operating,Operating,Publicly tracked data-center facility,4.0,4 MW,4.0,"Duval, FL",30.21652454,-81.58203409,Public tracker coordinates,Edwin I Hatch,GA,127.0,1848.0,Cleanview public U.S. data-center tracker,https://cleanview.co/data-centers/us,Individual facility or project from Cleanview's public geocoded U.S. data-center inventory.
Botique Data Center,,Planned,Planned,Publicly tracked data-center facility,4.0,4 MW,4.0,"DeKalb, IL",41.94180472,-88.72286029,Public tracker coordinates,Byron Generating Station,IL,30.1,2449.8,Cleanview public U.S. data-center tracker,https://cleanview.co/data-centers/us,Individual facility or project from Cleanview's public geocoded U.S. data-center inventory.
Iron Mountain BOS-1,,Operating,Operating,Publicly tracked data-center facility,4.0,4 MW,4.0,"Worcester, MA",42.3404558,-71.63989561,Public tracker coordinates,Seabrook,NH,55.7,1242.0,Cleanview public U.S. data-center tracker,https://cleanview.co/data-centers/us,Individual facility or project from Cleanview's public geocoded U.S. data-center inventory.
Tierpoint New York - Hawthorne Data Centers HW2,,Operating,Operating,Publicly tracked data-center facility,4.0,4 MW,4.0,"Westchester, NY",41.08654902,-73.81734139,Public tracker coordinates,Millstone,CT,87.1,2259.9,Cleanview public U.S. data-center tracker,https://cleanview.co/data-centers/us,Individual facility or project from Cleanview's public geocoded U.S. data-center inventory.
Tierpoint Charlotte - North Myers Data Center,,Operating,Operating,Publicly tracked data-center facility,4.0,4 MW,4.0,"Mecklenburg, NC",35.22214016,-80.83533035,Public tracker coordinates,McGuire,NC,15.9,2440.6,Cleanview public U.S. data-center tracker,https://cleanview.co/data-centers/us,Individual facility or project from Cleanview's public geocoded U.S. data-center inventory.
EdgeConneX SVC01,,Operating,Operating,Publicly tracked data-center facility,4.0,4 MW,4.0,"Santa Clara, CA",37.36432885,-121.9587523,Public tracker coordinates,Diablo Canyon,CA,160.9,2323.0,Cleanview public U.S. data-center tracker,https://cleanview.co/data-centers/us,Individual facility or project from Cleanview's public geocoded U.S. data-center inventory.
Las Vegas Data Center: LAS1,,Operating,Operating,Publicly tracked data-center facility,4.0,4 MW,4.0,"Clark, NV",36.0591617,-115.1460308,Public tracker coordinates,Palo Verde,AZ,225.6,4209.6,Cleanview public U.S. data-center tracker,https://cleanview.co/data-centers/us,Individual facility or project from Cleanview's public geocoded U.S. data-center inventory.
Granite Point Data Center: SLC4,,Operating,Operating,Publicly tracked data-center facility,4.0,4 MW,4.0,"Salt Lake, UT",40.48139128,-111.9050092,Public tracker coordinates,Palo Verde,AZ,492.9,4209.6,Cleanview public U.S. data-center tracker,https://cleanview.co/data-centers/us,Individual facility or project from Cleanview's public geocoded U.S. data-center inventory.
Centennial Data Cente DEN2,,Operating,Operating,Publicly tracked data-center facility,4.0,4 MW,4.0,"Arapahoe, CO",39.59135241,-104.8470051,Public tracker coordinates,Cooper Nuclear Station,NE,490.1,801.0,Cleanview public U.S. data-center tracker,https://cleanview.co/data-centers/us,Individual facility or project from Cleanview's public geocoded U.S. data-center inventory.
Dallas Empire Central Data Center: DFW4,,Operating,Operating,Publicly tracked data-center facility,4.0,4 MW,4.0,"Dallas, TX",32.82187854,-96.87351757,Public tracker coordinates,Comanche Peak,TX,64.3,2430.0,Cleanview public U.S. data-center tracker,https://cleanview.co/data-centers/us,Individual facility or project from Cleanview's public geocoded U.S. data-center inventory.
Tierpoint Dallas - Allen Data Center,,Operating,Operating,Publicly tracked data-center facility,4.0,4 MW,4.0,"Collin, TX",33.1378914,-96.65750069,Public tracker coordinates,Comanche Peak,TX,87.5,2430.0,Cleanview public U.S. data-center tracker,https://cleanview.co/data-centers/us,Individual facility or project from Cleanview's public geocoded U.S. data-center inventory.
Iron Mountain KCM-1,,Operating,Operating,Publicly tracked data-center facility,4.0,4 MW,4.0,"Jackson, MO",39.0098226,-94.50371094,Public tracker coordinates,Wolf Creek Generating Station,KS,83.3,1296.3,Cleanview public U.S. data-center tracker,https://cleanview.co/data-centers/us,Individual facility or project from Cleanview's public geocoded U.S. data-center inventory.
Tierpoint St. Louis - Millpark Data Center,,Operating,Operating,Publicly tracked data-center facility,4.0,4 MW,4.0,"St Louis (City), MO",38.69988399,-90.41079979,Public tracker coordinates,Callaway,MO,73.8,1235.8,Cleanview public U.S. data-center tracker,https://cleanview.co/data-centers/us,Individual facility or project from Cleanview's public geocoded U.S. data-center inventory.
Tierpoint Chicago Data Center (West),,Operating,Operating,Publicly tracked data-center facility,4.0,4 MW,4.0,"Cook, IL",41.92879636,-87.85879303,Public tracker coordinates,Dresden Generating Station,IL,42.9,2018.6,Cleanview public U.S. data-center tracker,https://cleanview.co/data-centers/us,Individual facility or project from Cleanview's public geocoded U.S. data-center inventory.
Stack NVA02C,,Operating,Operating,Publicly tracked data-center facility,3.8,4 MW,4.0,"Prince William, VA",38.74495556,-77.533179,Public tracker coordinates,North Anna,VA,49.3,1959.4,Cleanview public U.S. data-center tracker,https://cleanview.co/data-centers/us,Individual facility or project from Cleanview's public geocoded U.S. data-center inventory.
QTS Miami,,Operating,Operating,Publicly tracked data-center facility,3.4,3 MW,4.0,"Miami-Dade, FL",25.791659,-80.379583,Public tracker coordinates,Turkey Point,FL,24.8,1754.4,Cleanview public U.S. data-center tracker,https://cleanview.co/data-centers/us,Individual facility or project from Cleanview's public geocoded U.S. data-center inventory.
DAL1,,Operating,Operating,Publicly tracked data-center facility,3.0,3 MW,4.0,"Dallas, TX",32.8009,-96.8196,Public tracker coordinates,Comanche Peak,TX,66.1,2430.0,Cleanview public U.S. data-center tracker,https://cleanview.co/data-centers/us,Individual facility or project from Cleanview's public geocoded U.S. data-center inventory.
Silicon Valley Data Center: SFO1,,Operating,Operating,Publicly tracked data-center facility,3.0,3 MW,4.0,"Santa Clara, CA",37.40730022,-121.9660934,Public tracker coordinates,Diablo Canyon,CA,163.8,2323.0,Cleanview public U.S. data-center tracker,https://cleanview.co/data-centers/us,Individual facility or project from Cleanview's public geocoded U.S. data-center inventory.
Irvine Data Center: SNA1,,Operating,Operating,Publicly tracked data-center facility,3.0,3 MW,4.0,"Orange, CA",33.69036812,-117.8406242,Public tracker coordinates,Diablo Canyon,CA,201.4,2323.0,Cleanview public U.S. data-center tracker,https://cleanview.co/data-centers/us,Individual facility or project from Cleanview's public geocoded U.S. data-center inventory.
Tierpoint Spokane Data Centers SPO03,,Operating,Operating,Publicly tracked data-center facility,3.0,3 MW,4.0,"Spokane, WA",47.67197417,-117.0959114,Public tracker coordinates,Columbia Generating Station,WA,134.1,1200.0,Cleanview public U.S. data-center tracker,https://cleanview.co/data-centers/us,Individual facility or project from Cleanview's public geocoded U.S. data-center inventory.
Granite Point Data Center: SLC2,,Operating,Operating,Publicly tracked data-center facility,3.0,3 MW,4.0,"Salt Lake, UT",40.47962899,-111.9045973,Public tracker coordinates,Palo Verde,AZ,492.8,4209.6,Cleanview public U.S. data-center tracker,https://cleanview.co/data-centers/us,Individual facility or project from Cleanview's public geocoded U.S. data-center inventory.
EdgeConneX DEN01,,Operating,Operating,Publicly tracked data-center facility,3.0,3 MW,4.0,"Arapahoe, CO",39.56029583,-104.8281036,Public tracker coordinates,Cooper Nuclear Station,NE,489.5,801.0,Cleanview public U.S. data-center tracker,https://cleanview.co/data-centers/us,Individual facility or project from Cleanview's public geocoded U.S. data-center inventory.
Tierpoint Oklahoma City Data OKC,,Operating,Operating,Publicly tracked data-center facility,3.0,3 MW,4.0,"Oklahoma, OK",35.5141423,-97.59658248,Public tracker coordinates,Wolf Creek Generating Station,KS,215.8,1296.3,Cleanview public U.S. data-center tracker,https://cleanview.co/data-centers/us,Individual facility or project from Cleanview's public geocoded U.S. data-center inventory.
MIN4,,Operating,Operating,Publicly tracked data-center facility,3.0,3 MW,4.0,"Hennepin, MN",44.972336,-93.253098,Public tracker coordinates,Monticello Nuclear Facility,MN,38.3,685.0,Cleanview public U.S. data-center tracker,https://cleanview.co/data-centers/us,Individual facility or project from Cleanview's public geocoded U.S. data-center inventory.
Tierpoint Milwaukee Data Center,,Operating,Operating,Publicly tracked data-center facility,3.0,3 MW,4.0,"Milwaukee, WI",43.00932809,-87.96113634,Public tracker coordinates,Point Beach Nuclear Plant,WI,90.4,1286.0,Cleanview public U.S. data-center tracker,https://cleanview.co/data-centers/us,Individual facility or project from Cleanview's public geocoded U.S. data-center inventory.
Mount Prospect Data Cente: ORD3,,Operating,Operating,Publicly tracked data-center facility,3.0,3 MW,4.0,"Cook, IL",42.07816277,-87.92351454,Public tracker coordinates,Dresden Generating Station,IL,50.8,2018.6,Cleanview public U.S. data-center tracker,https://cleanview.co/data-centers/us,Individual facility or project from Cleanview's public geocoded U.S. data-center inventory.
EdgeConneX DET01,,Operating,Operating,Publicly tracked data-center facility,3.0,3 MW,4.0,"Oakland, MI",42.44765026,-83.26265114,Public tracker coordinates,Fermi,MI,33.5,1217.0,Cleanview public U.S. data-center tracker,https://cleanview.co/data-centers/us,Individual facility or project from Cleanview's public geocoded U.S. data-center inventory.
DC Blox: Greensville Data Center,,Operating,Operating,Publicly tracked data-center facility,3.0,3 MW,4.0,"Greenville, SC",34.80677511,-82.34577184,Public tracker coordinates,Oconee,SC,31.4,2666.7,Cleanview public U.S. data-center tracker,https://cleanview.co/data-centers/us,Individual facility or project from Cleanview's public geocoded U.S. data-center inventory.
Piscataway Data Center: EWR2,,Operating,Operating,Publicly tracked data-center facility,3.0,3 MW,4.0,"Middlesex, NJ",40.73685692,-74.17344358,Public tracker coordinates,Limerick,PA,82.3,2277.0,Cleanview public U.S. data-center tracker,https://cleanview.co/data-centers/us,Individual facility or project from Cleanview's public geocoded U.S. data-center inventory.
AWS IAD-603 Platform Plaza,,Operating,Operating,Publicly tracked data-center facility,2.4,2 MW,4.0,"Loudoun, VA",38.9815444,-77.41936115,Public tracker coordinates,Calvert Cliffs Nuclear Power Plant,MD,64.9,1850.4,Cleanview public U.S. data-center tracker,https://cleanview.co/data-centers/us,Individual facility or project from Cleanview's public geocoded U.S. data-center inventory.
AWS IAD-018 John Mosby Highway,,Operating,Operating,Publicly tracked data-center facility,2.4,2 MW,4.0,"Loudoun, VA",38.91918936,-77.49497537,Public tracker coordinates,North Anna,VA,61.5,1959.4,Cleanview public U.S. data-center tracker,https://cleanview.co/data-centers/us,Individual facility or project from Cleanview's public geocoded U.S. data-center inventory.
Lumen Herndon 3,,Operating,Operating,Publicly tracked data-center facility,2.1,2 MW,4.0,"Fairfax, VA",38.965939,-77.38174,Public tracker coordinates,Calvert Cliffs Nuclear Power Plant,MD,62.6,1850.4,Cleanview public U.S. data-center tracker,https://cleanview.co/data-centers/us,Individual facility or project from Cleanview's public geocoded U.S. data-center inventory.
Downtown Chicago Metro Data Center ORD2,,Operating,Operating,Publicly tracked data-center facility,2.0,2 MW,4.0,"Cook, IL",41.87091446,-87.63974311,Public tracker coordinates,Dresden Generating Station,IL,46.5,2018.6,Cleanview public U.S. data-center tracker,https://cleanview.co/data-centers/us,Individual facility or project from Cleanview's public geocoded U.S. data-center inventory.
Downtown Miami Data Center: MIA 1,,Operating,Operating,Publicly tracked data-center facility,2.0,2 MW,4.0,"Miami Dade, FL",25.77588427,-80.19314796,Public tracker coordinates,Turkey Point,FL,25.0,1754.4,Cleanview public U.S. data-center tracker,https://cleanview.co/data-centers/us,Individual facility or project from Cleanview's public geocoded U.S. data-center inventory.
EdgeConneX MIA01,,Operating,Operating,Publicly tracked data-center facility,2.0,2 MW,4.0,"Miami-Dade, FL",25.79309462,-80.38114594,Public tracker coordinates,Turkey Point,FL,24.9,1754.4,Cleanview public U.S. data-center tracker,https://cleanview.co/data-centers/us,Individual facility or project from Cleanview's public geocoded U.S. data-center inventory.
Sequitor Edge Rapid City,,Planned,Planned,Publicly tracked data-center facility,2.0,2 MW,4.0,"Pennington, SD",44.03367,-103.18849,Public tracker coordinates,Cooper Nuclear Station,NE,461.9,801.0,Cleanview public U.S. data-center tracker,https://cleanview.co/data-centers/us,Individual facility or project from Cleanview's public geocoded U.S. data-center inventory.
SeaTac Data Center: SEA2,,Operating,Operating,Publicly tracked data-center facility,2.0,2 MW,4.0,"King, WA",47.49498321,-122.2906226,Public tracker coordinates,Columbia Generating Station,WA,156.3,1200.0,Cleanview public U.S. data-center tracker,https://cleanview.co/data-centers/us,Individual facility or project from Cleanview's public geocoded U.S. data-center inventory.
EdgeConneX SAC01,,Operating,Operating,Publicly tracked data-center facility,2.0,2 MW,4.0,"Sacramento, CA",38.59233554,-121.2773388,Public tracker coordinates,Diablo Canyon,CA,234.7,2323.0,Cleanview public U.S. data-center tracker,https://cleanview.co/data-centers/us,Individual facility or project from Cleanview's public geocoded U.S. data-center inventory.
Los Angeles One Wilshire Data Center: LAX1,,Operating,Operating,Publicly tracked data-center facility,2.0,2 MW,4.0,"Los Angeles, CA",34.04793697,-118.2555304,Public tracker coordinates,Diablo Canyon,CA,168.3,2323.0,Cleanview public U.S. data-center tracker,https://cleanview.co/data-centers/us,Individual facility or project from Cleanview's public geocoded U.S. data-center inventory.
DAL3,,Operating,Operating,Publicly tracked data-center facility,2.0,2 MW,4.0,"Dallas, TX",32.8009,-96.8196,Public tracker coordinates,Comanche Peak,TX,66.1,2430.0,Cleanview public U.S. data-center tracker,https://cleanview.co/data-centers/us,Individual facility or project from Cleanview's public geocoded U.S. data-center inventory.
DC Blox - Huntville Data Center,,Operating,Operating,Publicly tracked data-center facility,2.0,2 MW,4.0,"Madison, AL",34.7098955,-86.69290018,Public tracker coordinates,Browns Ferry,AL,24.2,3854.0,Cleanview public U.S. data-center tracker,https://cleanview.co/data-centers/us,Individual facility or project from Cleanview's public geocoded U.S. data-center inventory.
Flexential Richmond,,Operating,Operating,Publicly tracked data-center facility,2.0,2 MW,4.0,"Henrico, VA",37.6469,-77.43848,Public tracker coordinates,North Anna,VA,34.4,1959.4,Cleanview public U.S. data-center tracker,https://cleanview.co/data-centers/us,Individual facility or project from Cleanview's public geocoded U.S. data-center inventory.
Downtown Denver Data Center DEN3,,Operating,Operating,Publicly tracked data-center facility,2.0,2 MW,4.0,"Denver, CO",39.74574449,-104.9946579,Public tracker coordinates,Cooper Nuclear Station,NE,496.3,801.0,Cleanview public U.S. data-center tracker,https://cleanview.co/data-centers/us,Individual facility or project from Cleanview's public geocoded U.S. data-center inventory.
EdgeConneX BOS01,,Operating,Operating,Publicly tracked data-center facility,2.0,2 MW,4.0,"Suffolk, MA",42.52892984,-71.24969397,Public tracker coordinates,Seabrook,NH,32.7,1242.0,Cleanview public U.S. data-center tracker,https://cleanview.co/data-centers/us,Individual facility or project from Cleanview's public geocoded U.S. data-center inventory.
Downtown Newark Data Center: EWR1,,Operating,Operating,Publicly tracked data-center facility,2.0,2 MW,4.0,"Essex, NJ",40.73696614,-74.17335938,Public tracker coordinates,Limerick,PA,82.3,2277.0,Cleanview public U.S. data-center tracker,https://cleanview.co/data-centers/us,Individual facility or project from Cleanview's public geocoded U.S. data-center inventory.
Tierpoint Bethlehem Data Center,,Operating,Operating,Publicly tracked data-center facility,2.0,2 MW,4.0,"Lehigh, PA",40.6699351,-75.37468517,Public tracker coordinates,Limerick,PA,32.8,2277.0,Cleanview public U.S. data-center tracker,https://cleanview.co/data-centers/us,Individual facility or project from Cleanview's public geocoded U.S. data-center inventory.
Tierpoint Baltimore Data Center,,Operating,Operating,Publicly tracked data-center facility,2.0,2 MW,4.0,"Baltimore, MD",39.27535636,-76.62560545,Public tracker coordinates,Peach Bottom,PA,38.4,2876.4,Cleanview public U.S. data-center tracker,https://cleanview.co/data-centers/us,Individual facility or project from Cleanview's public geocoded U.S. data-center inventory.
Downtown Pittsburgh Data Center: PIT1,,Operating,Operating,Publicly tracked data-center facility,2.0,2 MW,4.0,"Allegheny, PA",40.45110503,-80.00507037,Public tracker coordinates,Beaver Valley,PA,25.4,1846.8,Cleanview public U.S. data-center tracker,https://cleanview.co/data-centers/us,Individual facility or project from Cleanview's public geocoded U.S. data-center inventory.
DAL2,,Operating,Operating,Publicly tracked data-center facility,2.0,2 MW,4.0,"Dallas, TX",32.8009,-96.8196,Public tracker coordinates,Comanche Peak,TX,66.1,2430.0,Cleanview public U.S. data-center tracker,https://cleanview.co/data-centers/us,Individual facility or project from Cleanview's public geocoded U.S. data-center inventory.
Englewood Data Center DEN1,,Operating,Operating,Publicly tracked data-center facility,2.0,2 MW,4.0,"Arapahoe, CO",39.56405347,-104.8666193,Public tracker coordinates,Cooper Nuclear Station,NE,491.4,801.0,Cleanview public U.S. data-center tracker,https://cleanview.co/data-centers/us,Individual facility or project from Cleanview's public geocoded U.S. data-center inventory.
Evocative IAD1,,Operating,Operating,Publicly tracked data-center facility,2.0,2 MW,4.0,"Fairfax, VA",38.948816,-77.32941,Public tracker coordinates,Calvert Cliffs Nuclear Power Plant,MD,59.6,1850.4,Cleanview public U.S. data-center tracker,https://cleanview.co/data-centers/us,Individual facility or project from Cleanview's public geocoded U.S. data-center inventory.
Pine Ridge Data Center MCI2,,Operating,Operating,Publicly tracked data-center facility,2.0,2 MW,4.0,"Johnson, KS",38.97521786,-94.7089214,Public tracker coordinates,Wolf Creek Generating Station,KS,73.4,1296.3,Cleanview public U.S. data-center tracker,https://cleanview.co/data-centers/us,Individual facility or project from Cleanview's public geocoded U.S. data-center inventory.
MIN5,,Operating,Operating,Publicly tracked data-center facility,2.0,2 MW,4.0,"Hennepin, MN",44.972336,-93.253098,Public tracker coordinates,Monticello Nuclear Facility,MN,38.3,685.0,Cleanview public U.S. data-center tracker,https://cleanview.co/data-centers/us,Individual facility or project from Cleanview's public geocoded U.S. data-center inventory.
Tierpoint St. Louis - Olive Data Center,,Operating,Operating,Publicly tracked data-center facility,2.0,2 MW,4.0,"St Louis (City), MO",38.62956343,-90.19616135,Public tracker coordinates,Callaway,MO,85.8,1235.8,Cleanview public U.S. data-center tracker,https://cleanview.co/data-centers/us,Individual facility or project from Cleanview's public geocoded U.S. data-center inventory.
EdgeConneX HOU01,,Operating,Operating,Publicly tracked data-center facility,2.0,2 MW,4.0,"Harris, TX",29.79461344,-95.74526205,Public tracker coordinates,South Texas Project,TX,71.4,2708.6,Cleanview public U.S. data-center tracker,https://cleanview.co/data-centers/us,Individual facility or project from Cleanview's public geocoded U.S. data-center inventory.
Stream Data Center: Minneapolis I!,,Operating,Operating,Publicly tracked data-center facility,2.0,2 MW,4.0,"Carver, MN",44.80730547,-93.63710448,Public tracker coordinates,Monticello Nuclear Facility,MN,37.8,685.0,Cleanview public U.S. data-center tracker,https://cleanview.co/data-centers/us,Individual facility or project from Cleanview's public geocoded U.S. data-center inventory.
Tierpoint Sioux Falls - East Data Center,,Operating,Operating,Publicly tracked data-center facility,2.0,2 MW,4.0,"Minnehaha, SD",43.59553898,-96.71709476,Public tracker coordinates,Monticello Nuclear Facility,MN,185.5,685.0,Cleanview public U.S. data-center tracker,https://cleanview.co/data-centers/us,Individual facility or project from Cleanview's public geocoded U.S. data-center inventory.
Downtown Indianapolis Data Center IND01,,Operating,Operating,Publicly tracked data-center facility,2.0,2 MW,4.0,"Marion, IN",39.75953799,-86.1722478,Public tracker coordinates,Clinton Power Station,IL,143.8,1138.3,Cleanview public U.S. data-center tracker,https://cleanview.co/data-centers/us,Individual facility or project from Cleanview's public geocoded U.S. data-center inventory.
EdgeConneX ATL01,,Operating,Operating,Publicly tracked data-center facility,2.0,2 MW,4.0,"Fulton, GA",33.72942454,-84.42016132,Public tracker coordinates,Sequoyah,TN,110.3,2441.0,Cleanview public U.S. data-center tracker,https://cleanview.co/data-centers/us,Individual facility or project from Cleanview's public geocoded U.S. data-center inventory.
Tierpoint Tulsa - Archer Data Center,,Operating,Operating,Publicly tracked data-center facility,2.0,2 MW,4.0,"Tulsa, OK",36.15874109,-95.98866293,Public tracker coordinates,Wolf Creek Generating Station,KS,144.7,1296.3,Cleanview public U.S. data-center tracker,https://cleanview.co/data-centers/us,Individual facility or project from Cleanview's public geocoded U.S. data-center inventory.
Lumen McLean 1,,Operating,Operating,Publicly tracked data-center facility,1.8,2 MW,4.0,"Fairfax, VA",38.920021,-77.211619,Public tracker coordinates,Calvert Cliffs Nuclear Power Plant,MD,53.4,1850.4,Cleanview public U.S. data-center tracker,https://cleanview.co/data-centers/us,Individual facility or project from Cleanview's public geocoded U.S. data-center inventory.
Lumen Herndon 1,,Operating,Operating,Publicly tracked data-center facility,1.6,2 MW,4.0,"Fairfax, VA",38.966086,-77.381851,Public tracker coordinates,Calvert Cliffs Nuclear Power Plant,MD,62.6,1850.4,Cleanview public U.S. data-center tracker,https://cleanview.co/data-centers/us,Individual facility or project from Cleanview's public geocoded U.S. data-center inventory.
Downtown Minneapolis Data Cente MSP4,,Operating,Operating,Publicly tracked data-center facility,1.0,1 MW,4.0,"Hennepin, MN",44.97146912,-93.25467696,Public tracker coordinates,Monticello Nuclear Facility,MN,38.3,685.0,Cleanview public U.S. data-center tracker,https://cleanview.co/data-centers/us,Individual facility or project from Cleanview's public geocoded U.S. data-center inventory.
Flex Data Center (Edge Centres EC104),,Operating,Operating,Publicly tracked data-center facility,1.0,1 MW,4.0,"Fairfax, VA",38.95194,-77.34621,Public tracker coordinates,Calvert Cliffs Nuclear Power Plant,MD,60.5,1850.4,Cleanview public U.S. data-center tracker,https://cleanview.co/data-centers/us,Individual facility or project from Cleanview's public geocoded U.S. data-center inventory.
Downtown Boston Data Center: BOS1,,Operating,Operating,Publicly tracked data-center facility,1.0,1 MW,4.0,"Suffolk, MA",42.35507885,-71.06014943,Public tracker coordinates,Seabrook,NH,39.1,1242.0,Cleanview public U.S. data-center tracker,https://cleanview.co/data-centers/us,Individual facility or project from Cleanview's public geocoded U.S. data-center inventory.
Tierpoint Waterbury Data Center,,Operating,Operating,Publicly tracked data-center facility,1.0,1 MW,4.0,"New Haven, CT",41.5543763,-73.04113432,Public tracker coordinates,Millstone,CT,48.3,2259.9,Cleanview public U.S. data-center tracker,https://cleanview.co/data-centers/us,Individual facility or project from Cleanview's public geocoded U.S. data-center inventory.
Downtown New York City Data Center: LGA 2,,Operating,Operating,Publicly tracked data-center facility,1.0,1 MW,4.0,"New York, NY",40.74099004,-74.00192739,Public tracker coordinates,Limerick,PA,90.6,2277.0,Cleanview public U.S. data-center tracker,https://cleanview.co/data-centers/us,Individual facility or project from Cleanview's public geocoded U.S. data-center inventory.
Downtown New York City Data Center: LGA 1,,Operating,Operating,Publicly tracked data-center facility,1.0,1 MW,4.0,"New York, NY",40.71765418,-74.00838533,Public tracker coordinates,Limerick,PA,89.7,2277.0,Cleanview public U.S. data-center tracker,https://cleanview.co/data-centers/us,Individual facility or project from Cleanview's public geocoded U.S. data-center inventory.
EdgeConneX NOR01,,Operating,Operating,Publicly tracked data-center facility,1.0,1 MW,4.0,"Norfolk (City), VA",36.86186044,-76.23534168,Public tracker coordinates,Surry,VA,33.1,1695.0,Cleanview public U.S. data-center tracker,https://cleanview.co/data-centers/us,Individual facility or project from Cleanview's public geocoded U.S. data-center inventory.
Tierpoint Baltimore - BWI Data Center,,Operating,Operating,Publicly tracked data-center facility,1.0,1 MW,4.0,"Baltimore, MD",39.21355124,-76.68280491,Public tracker coordinates,Peach Bottom,PA,43.7,2876.4,Cleanview public U.S. data-center tracker,https://cleanview.co/data-centers/us,Individual facility or project from Cleanview's public geocoded U.S. data-center inventory.
EdgeConneX RIC01,,Operating,Operating,Publicly tracked data-center facility,1.0,1 MW,4.0,"Henrico, VA",37.63891965,-77.46778456,Public tracker coordinates,North Anna,VA,34.0,1959.4,Cleanview public U.S. data-center tracker,https://cleanview.co/data-centers/us,Individual facility or project from Cleanview's public geocoded U.S. data-center inventory.
EdgeConneX PIT01,,Operating,Operating,Publicly tracked data-center facility,1.0,1 MW,4.0,"Allegheny, PA",40.45237276,-80.04178852,Public tracker coordinates,Beaver Valley,PA,23.7,1846.8,Cleanview public U.S. data-center tracker,https://cleanview.co/data-centers/us,Individual facility or project from Cleanview's public geocoded U.S. data-center inventory.
DC Blox - Chattanooga Data Center,,Operating,Operating,Publicly tracked data-center facility,1.0,1 MW,4.0,"Hamilton, TN",35.031544,-85.29727925,Public tracker coordinates,Sequoyah,TN,17.8,2441.0,Cleanview public U.S. data-center tracker,https://cleanview.co/data-centers/us,Individual facility or project from Cleanview's public geocoded U.S. data-center inventory.
EdgeConneX NAS01,,Operating,Operating,Publicly tracked data-center facility,1.0,1 MW,4.0,"David\son, TN",36.14488996,-86.70175369,Public tracker coordinates,Browns Ferry,AL,102.3,3854.0,Cleanview public U.S. data-center tracker,https://cleanview.co/data-centers/us,Individual facility or project from Cleanview's public geocoded U.S. data-center inventory.
Downtown Chicago Loop Data Center: ORD1,,Operating,Operating,Publicly tracked data-center facility,1.0,1 MW,4.0,"Cook, IL",41.87417451,-87.62999575,Public tracker coordinates,Dresden Generating Station,IL,47.0,2018.6,Cleanview public U.S. data-center tracker,https://cleanview.co/data-centers/us,Individual facility or project from Cleanview's public geocoded U.S. data-center inventory.
EdgeConneX MAD01,,Operating,Operating,Publicly tracked data-center facility,1.0,1 MW,4.0,"Dane, WI",43.04889448,-89.29743291,Public tracker coordinates,Byron Generating Station,IL,67.3,2449.8,Cleanview public U.S. data-center tracker,https://cleanview.co/data-centers/us,Individual facility or project from Cleanview's public geocoded U.S. data-center inventory.
EdgeConneX SLI01,,Operating,Operating,Publicly tracked data-center facility,1.0,1 MW,4.0,"Orleans, LA",30.28683394,-89.73743303,Public tracker coordinates,Waterford 3,LA,48.3,1199.8,Cleanview public U.S. data-center tracker,https://cleanview.co/data-centers/us,Individual facility or project from Cleanview's public geocoded U.S. data-center inventory.
EdgeConneX MEM01,,Operating,Operating,Publicly tracked data-center facility,1.0,1 MW,4.0,"Shelby, TN",35.03880975,-89.88539922,Public tracker coordinates,Browns Ferry,AL,158.5,3854.0,Cleanview public U.S. data-center tracker,https://cleanview.co/data-centers/us,Individual facility or project from Cleanview's public geocoded U.S. data-center inventory.
DSM2,,Operating,Operating,Publicly tracked data-center facility,1.0,1 MW,4.0,"Black Hawk, IA",42.474167,-92.458792,Public tracker coordinates,Quad Cities Generating Station,IL,121.7,2018.6,Cleanview public U.S. data-center tracker,https://cleanview.co/data-centers/us,Individual facility or project from Cleanview's public geocoded U.S. data-center inventory.
MIN3,,Operating,Operating,Publicly tracked data-center facility,1.0,1 MW,4.0,"Hennepin, MN",44.972336,-93.253098,Public tracker coordinates,Monticello Nuclear Facility,MN,38.3,685.0,Cleanview public U.S. data-center tracker,https://cleanview.co/data-centers/us,Individual facility or project from Cleanview's public geocoded U.S. data-center inventory.
MIN1,,Operating,Operating,Publicly tracked data-center facility,1.0,1 MW,4.0,"Hennepin, MN",44.972389,-93.253159,Public tracker coordinates,Monticello Nuclear Facility,MN,38.3,685.0,Cleanview public U.S. data-center tracker,https://cleanview.co/data-centers/us,Individual facility or project from Cleanview's public geocoded U.S. data-center inventory.
West Twin Cities Data Cente MSP1,,Operating,Operating,Publicly tracked data-center facility,1.0,1 MW,4.0,"Hennepin, MN",44.86273358,-93.33053012,Public tracker coordinates,Prairie Island,MN,38.0,1186.2,Cleanview public U.S. data-center tracker,https://cleanview.co/data-centers/us,Individual facility or project from Cleanview's public geocoded U.S. data-center inventory.
EdgeConneX MSP01,,Operating,Operating,Publicly tracked data-center facility,1.0,1 MW,4.0,"Hannepin, MN",44.8787974,-93.40424343,Public tracker coordinates,Monticello Nuclear Facility,MN,38.2,685.0,Cleanview public U.S. data-center tracker,https://cleanview.co/data-centers/us,Individual facility or project from Cleanview's public geocoded U.S. data-center inventory.
Dallas LBJ Data Center DFW7,,Operating,Operating,Publicly tracked data-center facility,1.0,1 MW,4.0,"Dallas, TX",32.92288774,-96.79132442,Public tracker coordinates,Comanche Peak,TX,72.2,2430.0,Cleanview public U.S. data-center tracker,https://cleanview.co/data-centers/us,Individual facility or project from Cleanview's public geocoded U.S. data-center inventory.
Tierpoint Sioux Falls - West Data Center,,Operating,Operating,Publicly tracked data-center facility,1.0,1 MW,4.0,"Minnehaha, SD",43.60708497,-96.80929673,Public tracker coordinates,Monticello Nuclear Facility,MN,188.5,685.0,Cleanview public U.S. data-center tracker,https://cleanview.co/data-centers/us,Individual facility or project from Cleanview's public geocoded U.S. data-center inventory.
Dallas Infomart Data Center: DFW5,,Operating,Operating,Publicly tracked data-center facility,1.0,1 MW,4.0,"Dallas, TX",32.800491,-96.81939839,Public tracker coordinates,Comanche Peak,TX,66.1,2430.0,Cleanview public U.S. data-center tracker,https://cleanview.co/data-centers/us,Individual facility or project from Cleanview's public geocoded U.S. data-center inventory.
Dallas Love Field Data Center DFW6,,Operating,Operating,Publicly tracked data-center facility,1.0,1 MW,4.0,"Dallas, TX",32.83878736,-96.86510878,Public tracker coordinates,Comanche Peak,TX,65.3,2430.0,Cleanview public U.S. data-center tracker,https://cleanview.co/data-centers/us,Individual facility or project from Cleanview's public geocoded U.S. data-center inventory.
Waco Data Center ACT1,,Operating,Operating,Publicly tracked data-center facility,1.0,1 MW,4.0,"McLennan, TX",31.55501088,-97.13360867,Public tracker coordinates,Comanche Peak,TX,64.0,2430.0,Cleanview public U.S. data-center tracker,https://cleanview.co/data-centers/us,Individual facility or project from Cleanview's public geocoded U.S. data-center inventory.
Westminster Data Center DEN4,,Operating,Operating,Publicly tracked data-center facility,1.0,1 MW,4.0,"Adams, CO",39.88444333,-105.0801518,Public tracker coordinates,Cooper Nuclear Station,NE,499.6,801.0,Cleanview public U.S. data-center tracker,https://cleanview.co/data-centers/us,Individual facility or project from Cleanview's public geocoded U.S. data-center inventory.
Stream Data Center: Santa Clara VI,,Operating,Operating,Publicly tracked data-center facility,1.0,1 MW,4.0,"Denver, CO",39.88449507,-105.0801922,Public tracker coordinates,Cooper Nuclear Station,NE,499.6,801.0,Cleanview public U.S. data-center tracker,https://cleanview.co/data-centers/us,Individual facility or project from Cleanview's public geocoded U.S. data-center inventory.
Downtown Salt Lake City Data Center: SLC1,,Operating,Operating,Publicly tracked data-center facility,1.0,1 MW,4.0,"Salt Lake, UT",40.76852173,-111.8858728,Public tracker coordinates,Palo Verde,AZ,512.8,4209.6,Cleanview public U.S. data-center tracker,https://cleanview.co/data-centers/us,Individual facility or project from Cleanview's public geocoded U.S. data-center inventory.
EdgeConneX SLC01,,Operating,Operating,Publicly tracked data-center facility,1.0,1 MW,4.0,"Salt Lake, UT",40.72085715,-111.9850319,Public tracker coordinates,Palo Verde,AZ,508.9,4209.6,Cleanview public U.S. data-center tracker,https://cleanview.co/data-centers/us,Individual facility or project from Cleanview's public geocoded U.S. data-center inventory.
EdgeConneX LAS01,,Operating,Operating,Publicly tracked data-center facility,1.0,1 MW,4.0,"Clark, NV",36.0654302,-115.1308138,Public tracker coordinates,Palo Verde,AZ,225.4,4209.6,Cleanview public U.S. data-center tracker,https://cleanview.co/data-centers/us,Individual facility or project from Cleanview's public geocoded U.S. data-center inventory.
DSM1,,Operating,Operating,Publicly tracked data-center facility,1.0,1 MW,4.0,"Polk, IA",41.585694,-93.625422,Public tracker coordinates,Cooper Nuclear Station,NE,134.9,801.0,Cleanview public U.S. data-center tracker,https://cleanview.co/data-centers/us,Individual facility or project from Cleanview's public geocoded U.S. data-center inventory.
Edge data center RA1,,Operating,Operating,Publicly tracked data-center facility,1.0,1 MW,4.0,"Wake, NC",35.78810742,-78.72657028,Public tracker coordinates,Harris (NC),NC,16.7,950.9,Cleanview public U.S. data-center tracker,https://cleanview.co/data-centers/us,Individual facility or project from Cleanview's public geocoded U.S. data-center inventory.
EdgeConneX JAX01,,Operating,Operating,Publicly tracked data-center facility,1.0,1 MW,4.0,"Duval, FL",30.25433804,-81.60429936,Public tracker coordinates,Edwin I Hatch,GA,124.1,1848.0,Cleanview public U.S. data-center tracker,https://cleanview.co/data-centers/us,Individual facility or project from Cleanview's public geocoded U.S. data-center inventory.
JAX2,,Operating,Operating,Publicly tracked data-center facility,1.0,1 MW,4.0,"Duval, FL",30.27682,-81.613904,Public tracker coordinates,Edwin I Hatch,GA,122.4,1848.0,Cleanview public U.S. data-center tracker,https://cleanview.co/data-centers/us,Individual facility or project from Cleanview's public geocoded U.S. data-center inventory.
Iron Mountain OHS-1,,Operating,Operating,Publicly tracked data-center facility,1.0,1 MW,4.0,"Montgomery, OH",39.59091791,-84.23647436,Public tracker coordinates,Davis Besse,OH,151.2,925.2,Cleanview public U.S. data-center tracker,https://cleanview.co/data-centers/us,Individual facility or project from Cleanview's public geocoded U.S. data-center inventory.
Equinix DC97,,Operating,Operating,Publicly tracked data-center facility,0.8,1 MW,4.0,"Fairfax, VA",38.961671,-77.377431,Public tracker coordinates,Calvert Cliffs Nuclear Power Plant,MD,62.2,1850.4,Cleanview public U.S. data-center tracker,https://cleanview.co/data-centers/us,Individual facility or project from Cleanview's public geocoded U.S. data-center inventory.
Project Groot,,Planned,Planned,Publicly tracked data-center facility,,,4.0,"Crittenden, AR",35.11372018,-90.20595313,Public tracker coordinates,Arkansas Nuclear One,AR,171.5,1845.0,Cleanview public U.S. data-center tracker,https://cleanview.co/data-centers/us,Individual facility or project from Cleanview's public geocoded U.S. data-center inventory.
Social Circle Technology Park,,Planned,Planned,Publicly tracked data-center facility,,,4.0,"Newton, GA",33.61628,-83.740124,Public tracker coordinates,Oconee,SC,94.5,2666.7,Cleanview public U.S. data-center tracker,https://cleanview.co/data-centers/us,Individual facility or project from Cleanview's public geocoded U.S. data-center inventory.
QTS Excalibur - Building 16,,Planned,Planned,Publicly tracked data-center facility,,,4.0,"Fayette County, GA",33.454931,-84.52254,Public tracker coordinates,Sequoyah,TN,126.6,2441.0,Cleanview public U.S. data-center tracker,https://cleanview.co/data-centers/us,Individual facility or project from Cleanview's public geocoded U.S. data-center inventory.
Conway CIty Data Center,,Planned,Planned,Publicly tracked data-center facility,,,4.0,"Faulkner, AR",35.01755563,-92.5556264,Public tracker coordinates,Arkansas Nuclear One,AR,43.4,1845.0,Cleanview public U.S. data-center tracker,https://cleanview.co/data-centers/us,Individual facility or project from Cleanview's public geocoded U.S. data-center inventory.
Oppidan MN Technology Park,,Planned,Planned,Publicly tracked data-center facility,,,4.0,"Dakota, MN",44.72701112,-93.18761054,Public tracker coordinates,Prairie Island,MN,28.2,1186.2,Cleanview public U.S. data-center tracker,https://cleanview.co/data-centers/us,Individual facility or project from Cleanview's public geocoded U.S. data-center inventory.
Jarvis Media Group: Montgomery Data Center,,Planned,Planned,Publicly tracked data-center facility,,,4.0,"Montgomery, TX",30.34566939,-95.47777224,Public tracker coordinates,South Texas Project,TX,112.5,2708.6,Cleanview public U.S. data-center tracker,https://cleanview.co/data-centers/us,Individual facility or project from Cleanview's public geocoded U.S. data-center inventory.
Willis Data Center,,Planned,Planned,Publicly tracked data-center facility,,,4.0,"Montgomery, TX",30.43075759,-95.48174903,Public tracker coordinates,South Texas Project,TX,118.0,2708.6,Cleanview public U.S. data-center tracker,https://cleanview.co/data-centers/us,Individual facility or project from Cleanview's public geocoded U.S. data-center inventory.
Highlander SM One Data Center,,Canceled,Other,Publicly tracked data-center facility,,,4.0,"Hays, TX",29.7882917,-97.99132106,Public tracker coordinates,South Texas Project,TX,135.7,2708.6,Cleanview public U.S. data-center tracker,https://cleanview.co/data-centers/us,Individual facility or project from Cleanview's public geocoded U.S. data-center inventory.
Project Clydesdale,,Planned,Planned,Publicly tracked data-center facility,,,4.0,"Tulsa, OK",36.26785101,-95.90890104,Public tracker coordinates,Wolf Creek Generating Station,KS,136.7,1296.3,Cleanview public U.S. data-center tracker,https://cleanview.co/data-centers/us,Individual facility or project from Cleanview's public geocoded U.S. data-center inventory.
Digital Commerce Park One,,Planned,Planned,Publicly tracked data-center facility,,,4.0,"Ellis, TX",32.5503584,-96.64420735,Public tracker coordinates,Comanche Peak,TX,68.8,2430.0,Cleanview public U.S. data-center tracker,https://cleanview.co/data-centers/us,Individual facility or project from Cleanview's public geocoded U.S. data-center inventory.
Aligned Dallas DFW04,,Planned,Planned,Publicly tracked data-center facility,,,4.0,"Collin, TX",33.00468192,-96.64875285,Public tracker coordinates,Comanche Peak,TX,82.2,2430.0,Cleanview public U.S. data-center tracker,https://cleanview.co/data-centers/us,Individual facility or project from Cleanview's public geocoded U.S. data-center inventory.
Pyramid Data Center Campus: Phase 2,,Planned,Planned,Publicly tracked data-center facility,,,4.0,"Kent, MI",42.85229991,-85.5602422,Public tracker coordinates,Palisades,MI,53.0,811.8,Cleanview public U.S. data-center tracker,https://cleanview.co/data-centers/us,Individual facility or project from Cleanview's public geocoded U.S. data-center inventory.
Prime Data Centers: DFW02-03,,Planned,Planned,Publicly tracked data-center facility,,,4.0,"Dallas, TX",32.95835469,-96.65679497,Public tracker coordinates,Comanche Peak,TX,80.0,2430.0,Cleanview public U.S. data-center tracker,https://cleanview.co/data-centers/us,Individual facility or project from Cleanview's public geocoded U.S. data-center inventory.
Prime Data Centers: DFW02-02,,Planned,Planned,Publicly tracked data-center facility,,,4.0,"Dallas, TX",32.95835469,-96.65679497,Public tracker coordinates,Comanche Peak,TX,80.0,2430.0,Cleanview public U.S. data-center tracker,https://cleanview.co/data-centers/us,Individual facility or project from Cleanview's public geocoded U.S. data-center inventory.
Prime Data Centers: DFW02-01,,Planned,Planned,Publicly tracked data-center facility,,,4.0,"Dallas, TX",32.95835469,-96.65679497,Public tracker coordinates,Comanche Peak,TX,80.0,2430.0,Cleanview public U.S. data-center tracker,https://cleanview.co/data-centers/us,Individual facility or project from Cleanview's public geocoded U.S. data-center inventory.
NTT Dallas TX3,,Planned,Planned,Publicly tracked data-center facility,,,4.0,"Dallas, TX",32.9822115,-96.65786998,Public tracker coordinates,Comanche Peak,TX,80.9,2430.0,Cleanview public U.S. data-center tracker,https://cleanview.co/data-centers/us,Individual facility or project from Cleanview's public geocoded U.S. data-center inventory.
Danik Data Center,,Planned,Planned,Publicly tracked data-center facility,,,4.0,"Dallas, TX",32.71310283,-96.75396171,Public tracker coordinates,Comanche Peak,TX,66.6,2430.0,Cleanview public U.S. data-center tracker,https://cleanview.co/data-centers/us,Individual facility or project from Cleanview's public geocoded U.S. data-center inventory.
Aligned Dallas DFW03,,Planned,Planned,Publicly tracked data-center facility,,,4.0,"Tarrant, TX",32.55009235,-97.07519259,Public tracker coordinates,Comanche Peak,TX,44.9,2430.0,Cleanview public U.S. data-center tracker,https://cleanview.co/data-centers/us,Individual facility or project from Cleanview's public geocoded U.S. data-center inventory.
Black Mountain: Forest Hill,,Planned,Planned,Publicly tracked data-center facility,,,4.0,"Tarrant, TX",32.64421947,-97.26837947,Public tracker coordinates,Comanche Peak,TX,38.5,2430.0,Cleanview public U.S. data-center tracker,https://cleanview.co/data-centers/us,Individual facility or project from Cleanview's public geocoded U.S. data-center inventory.
ACS Fort Worth,,Planned,Planned,Publicly tracked data-center facility,,,4.0,"Tarrant, TX",32.90726895,-97.39639967,Public tracker coordinates,Comanche Peak,TX,47.8,2430.0,Cleanview public U.S. data-center tracker,https://cleanview.co/data-centers/us,Individual facility or project from Cleanview's public geocoded U.S. data-center inventory.
Project Raptor,,Planned,Planned,Publicly tracked data-center facility,,,4.0,"Travis, TX",30.54240143,-97.57017793,Public tracker coordinates,Comanche Peak,TX,122.0,2430.0,Cleanview public U.S. data-center tracker,https://cleanview.co/data-centers/us,Individual facility or project from Cleanview's public geocoded U.S. data-center inventory.
Sabey Austin Data Center,,Planned,Planned,Publicly tracked data-center facility,,,4.0,"Hays, TX",29.79948753,-97.97405952,Public tracker coordinates,South Texas Project,TX,135.2,2708.6,Cleanview public U.S. data-center tracker,https://cleanview.co/data-centers/us,Individual facility or project from Cleanview's public geocoded U.S. data-center inventory.
"American Tower Data Center - Highway 90
",,Planned,Planned,Publicly tracked data-center facility,,,4.0,"Bexar, TX",29.40609255,-98.59818795,Public tracker coordinates,South Texas Project,TX,159.6,2708.6,Cleanview public U.S. data-center tracker,https://cleanview.co/data-centers/us,Individual facility or project from Cleanview's public geocoded U.S. data-center inventory.
Aurum Bismarck Campus,,Planned,Planned,Publicly tracked data-center facility,,,4.0,"Burleigh, ND",46.8097088,-100.7272374,Public tracker coordinates,Monticello Nuclear Facility,MN,345.0,685.0,Cleanview public U.S. data-center tracker,https://cleanview.co/data-centers/us,Individual facility or project from Cleanview's public geocoded U.S. data-center inventory.
University of Texas,,Planned,Planned,Publicly tracked data-center facility,,,4.0,"El Paso, TX",31.7726244,-106.5040712,Public tracker coordinates,Palo Verde,AZ,386.5,4209.6,Cleanview public U.S. data-center tracker,https://cleanview.co/data-centers/us,Individual facility or project from Cleanview's public geocoded U.S. data-center inventory.
NTT Phoenix PH5,,Planned,Planned,Publicly tracked data-center facility,,,4.0,"Maricopa, AZ",33.35268814,-111.613619,Public tracker coordinates,Palo Verde,AZ,72.1,4209.6,Cleanview public U.S. data-center tracker,https://cleanview.co/data-centers/us,Individual facility or project from Cleanview's public geocoded U.S. data-center inventory.
Newton County Technological Park: 9 buildings,,Planned,Planned,Publicly tracked data-center facility,,,4.0,"Newton, GA",33.61628,-83.740124,Public tracker coordinates,Oconee,SC,94.5,2666.7,Cleanview public U.S. data-center tracker,https://cleanview.co/data-centers/us,Individual facility or project from Cleanview's public geocoded U.S. data-center inventory.
NTT Pacific Proving Technology Park (DH1-DH7),,Planned,Planned,Publicly tracked data-center facility,,,4.0,"Maricopa, AZ",33.29429142,-111.6133827,Public tracker coordinates,Palo Verde,AZ,72.3,4209.6,Cleanview public U.S. data-center tracker,https://cleanview.co/data-centers/us,Individual facility or project from Cleanview's public geocoded U.S. data-center inventory.
Aligned Phoenix PHX 06,,Planned,Planned,Publicly tracked data-center facility,,,4.0,"Maricopa, AZ",33.26972325,-111.8853879,Public tracker coordinates,Palo Verde,AZ,57.0,4209.6,Cleanview public U.S. data-center tracker,https://cleanview.co/data-centers/us,Individual facility or project from Cleanview's public geocoded U.S. data-center inventory.
Aligned Phoenix PHX 05,,Planned,Planned,Publicly tracked data-center facility,,,4.0,"Maricopa, AZ",33.65924564,-112.1106723,Public tracker coordinates,Palo Verde,AZ,47.1,4209.6,Cleanview public U.S. data-center tracker,https://cleanview.co/data-centers/us,Individual facility or project from Cleanview's public geocoded U.S. data-center inventory.
Switch AI Factories,,Planned,Planned,Publicly tracked data-center facility,,,4.0,"Clark, NV",36.061718,-115.213715,Public tracker coordinates,Palo Verde,AZ,227.9,4209.6,Cleanview public U.S. data-center tracker,https://cleanview.co/data-centers/us,Individual facility or project from Cleanview's public geocoded U.S. data-center inventory.
Gemstone Technology Park,,Planned,Planned,Publicly tracked data-center facility,,,4.0,"Ada, ID",43.44730742,-116.3645219,Public tracker coordinates,Columbia Generating Station,WA,254.4,1200.0,Cleanview public U.S. data-center tracker,https://cleanview.co/data-centers/us,Individual facility or project from Cleanview's public geocoded U.S. data-center inventory.
Percheron Data Center,,Planned,Planned,Publicly tracked data-center facility,,,4.0,"Morrow, OR",45.77880411,-119.808487,Public tracker coordinates,Columbia Generating Station,WA,53.0,1200.0,Cleanview public U.S. data-center tracker,https://cleanview.co/data-centers/us,Individual facility or project from Cleanview's public geocoded U.S. data-center inventory.
Webb Data Center,,Planned,Planned,Publicly tracked data-center facility,,,4.0,"Storey, NV",39.61774524,-119.8815632,Public tracker coordinates,Diablo Canyon,CA,309.1,2323.0,Cleanview public U.S. data-center tracker,https://cleanview.co/data-centers/us,Individual facility or project from Cleanview's public geocoded U.S. data-center inventory.
GI Partners: Nutley,,Operating,Operating,Publicly tracked data-center facility,,,4.0,"Essex, NJ",40.82138404,-74.13444419,Public tracker coordinates,Limerick,PA,86.7,2277.0,Cleanview public U.S. data-center tracker,https://cleanview.co/data-centers/us,Individual facility or project from Cleanview's public geocoded U.S. data-center inventory.
NNJ4,,Operating,Operating,Publicly tracked data-center facility,,,4.0,"Morris, NJ",40.8216,-74.4565,Public tracker coordinates,Limerick,PA,72.3,2277.0,Cleanview public U.S. data-center tracker,https://cleanview.co/data-centers/us,Individual facility or project from Cleanview's public geocoded U.S. data-center inventory.
NNJ2,,Operating,Operating,Publicly tracked data-center facility,,,4.0,"Morris, NJ",40.8216,-74.4565,Public tracker coordinates,Limerick,PA,72.3,2277.0,Cleanview public U.S. data-center tracker,https://cleanview.co/data-centers/us,Individual facility or project from Cleanview's public geocoded U.S. data-center inventory.
Telxius Cable Landing Station Virginia Beach,,Operating,Operating,Publicly tracked data-center facility,,,4.0,"Virginia Beach City, VA",36.77754701,-76.00713488,Public tracker coordinates,Surry,VA,46.7,1695.0,Cleanview public U.S. data-center tracker,https://cleanview.co/data-centers/us,Individual facility or project from Cleanview's public geocoded U.S. data-center inventory.
Globalinx Virginia Beach,,Operating,Operating,Publicly tracked data-center facility,,,4.0,"Virginia Beach City, VA",36.7837077,-76.00894299,Public tracker coordinates,Surry,VA,46.3,1695.0,Cleanview public U.S. data-center tracker,https://cleanview.co/data-centers/us,Individual facility or project from Cleanview's public geocoded U.S. data-center inventory.
VA 95 BUILDING NINE LP,,Operating,Operating,Publicly tracked data-center facility,,,4.0,"Fairfax, VA",38.73919219,-77.20798002,Public tracker coordinates,Calvert Cliffs Nuclear Power Plant,MD,46.4,1850.4,Cleanview public U.S. data-center tracker,https://cleanview.co/data-centers/us,Individual facility or project from Cleanview's public geocoded U.S. data-center inventory.
Virginia Information Technologies Agency,,Operating,Operating,Publicly tracked data-center facility,,,4.0,"Chesterfield, VA",37.36041473,-77.33177783,Public tracker coordinates,Surry,VA,37.3,1695.0,Cleanview public U.S. data-center tracker,https://cleanview.co/data-centers/us,Individual facility or project from Cleanview's public geocoded U.S. data-center inventory.
Pixel Factory,,Operating,Operating,Publicly tracked data-center facility,,,4.0,"Hanover, VA",37.69900902,-77.4362707,Public tracker coordinates,North Anna,VA,31.5,1959.4,Cleanview public U.S. data-center tracker,https://cleanview.co/data-centers/us,Individual facility or project from Cleanview's public geocoded U.S. data-center inventory.
PowerHouse/AREP ABX-1,,Operating,Operating,Publicly tracked data-center facility,,,4.0,"Loudoun, VA",39.01957896,-77.45049386,Public tracker coordinates,Calvert Cliffs Nuclear Power Plant,MD,67.8,1850.4,Cleanview public U.S. data-center tracker,https://cleanview.co/data-centers/us,Individual facility or project from Cleanview's public geocoded U.S. data-center inventory.
Project Splice,,Planned,Planned,Publicly tracked data-center facility,,,4.0,"Crisp, GA",31.97154,-83.731085,Public tracker coordinates,Edwin I Hatch,GA,81.3,1848.0,Cleanview public U.S. data-center tracker,https://cleanview.co/data-centers/us,Individual facility or project from Cleanview's public geocoded U.S. data-center inventory.
TFG INDEPENDENCE CENTER I PROPERTY,,Operating,Operating,Publicly tracked data-center facility,,,4.0,"Fairfax, VA",38.88027303,-77.46223559,Public tracker coordinates,North Anna,VA,59.4,1959.4,Cleanview public U.S. data-center tracker,https://cleanview.co/data-centers/us,Individual facility or project from Cleanview's public geocoded U.S. data-center inventory.
University of Michigan Textile Road Data Center,,Planned,Planned,Publicly tracked data-center facility,,,4.0,"Washtenaw, MI",42.204062,-83.555261,Public tracker coordinates,Fermi,MI,22.6,1217.0,Cleanview public U.S. data-center tracker,https://cleanview.co/data-centers/us,Individual facility or project from Cleanview's public geocoded U.S. data-center inventory.
Infotel Systems Data Center,,Operating,Operating,Publicly tracked data-center facility,,,4.0,"Henrico, VA",37.61285122,-77.47348365,Public tracker coordinates,North Anna,VA,35.4,1959.4,Cleanview public U.S. data-center tracker,https://cleanview.co/data-centers/us,Individual facility or project from Cleanview's public geocoded U.S. data-center inventory.
Lumen Richmond 2,,Operating,Operating,Publicly tracked data-center facility,,,4.0,"Henrico, VA",37.62389546,-77.50267372,Public tracker coordinates,North Anna,VA,34.0,1959.4,Cleanview public U.S. data-center tracker,https://cleanview.co/data-centers/us,Individual facility or project from Cleanview's public geocoded U.S. data-center inventory.
SES AMERICOM INC,,Operating,Operating,Publicly tracked data-center facility,,,4.0,"Prince William, VA",38.78380889,-77.5723158,Public tracker coordinates,North Anna,VA,51.4,1959.4,Cleanview public U.S. data-center tracker,https://cleanview.co/data-centers/us,Individual facility or project from Cleanview's public geocoded U.S. data-center inventory.
Cavalier Innsbrook Data Center,,Operating,Operating,Publicly tracked data-center facility,,,4.0,"Henrico, VA",37.66087584,-77.5739227,Public tracker coordinates,North Anna,VA,30.0,1959.4,Cleanview public U.S. data-center tracker,https://cleanview.co/data-centers/us,Individual facility or project from Cleanview's public geocoded U.S. data-center inventory.
Middletown Data Center,,Operating,Operating,Publicly tracked data-center facility,,,4.0,"Frederick, VA",39.01765012,-78.29093138,Public tracker coordinates,North Anna,VA,71.5,1959.4,Cleanview public U.S. data-center tracker,https://cleanview.co/data-centers/us,Individual facility or project from Cleanview's public geocoded U.S. data-center inventory.
Apple NC Campus,,Operating,Operating,Publicly tracked data-center facility,,,4.0,"Catawba, NC",35.58702862,-81.26001806,Public tracker coordinates,McGuire,NC,20.5,2440.6,Cleanview public U.S. data-center tracker,https://cleanview.co/data-centers/us,Individual facility or project from Cleanview's public geocoded U.S. data-center inventory.
JAX1,,Operating,Operating,Publicly tracked data-center facility,,,4.0,"Duval, FL",30.329727,-81.660694,Public tracker coordinates,Edwin I Hatch,GA,118.0,1848.0,Cleanview public U.S. data-center tracker,https://cleanview.co/data-centers/us,Individual facility or project from Cleanview's public geocoded U.S. data-center inventory.
LAK1,,Operating,Operating,Publicly tracked data-center facility,,,4.0,"Polk, FL",28.054382,-81.920196,Public tracker coordinates,St Lucie,FL,113.4,2160.0,Cleanview public U.S. data-center tracker,https://cleanview.co/data-centers/us,Individual facility or project from Cleanview's public geocoded U.S. data-center inventory.
DP Facilities: Mineral Gap,,Operating,Operating,Publicly tracked data-center facility,,,4.0,"Wise, VA",36.97806629,-82.5270336,Public tracker coordinates,McGuire,NC,138.3,2440.6,Cleanview public U.S. data-center tracker,https://cleanview.co/data-centers/us,Individual facility or project from Cleanview's public geocoded U.S. data-center inventory.
Duffield Premier Data Center Site,,Operating,Operating,Publicly tracked data-center facility,,,4.0,"Scott, VA",36.71256549,-82.80250359,Public tracker coordinates,Oconee,SC,132.7,2666.7,Cleanview public U.S. data-center tracker,https://cleanview.co/data-centers/us,Individual facility or project from Cleanview's public geocoded U.S. data-center inventory.
Pyramid Data Center Campus: Phase 1,,Operating,Operating,Publicly tracked data-center facility,,,4.0,"Kent, MI",42.85229991,-85.5602422,Public tracker coordinates,Palisades,MI,53.0,811.8,Cleanview public U.S. data-center tracker,https://cleanview.co/data-centers/us,Individual facility or project from Cleanview's public geocoded U.S. data-center inventory.
DPN Data Center,,Operating,Operating,Publicly tracked data-center facility,,,4.0,"Dickens, TX",33.77431893,-100.868849,Public tracker coordinates,Comanche Peak,TX,205.6,2430.0,Cleanview public U.S. data-center tracker,https://cleanview.co/data-centers/us,Individual facility or project from Cleanview's public geocoded U.S. data-center inventory.
DFW DFW I-II,,Operating,Operating,Publicly tracked data-center facility,,,4.0,"Collin, TX",33.13784015,-96.65757532,Public tracker coordinates,Comanche Peak,TX,87.5,2430.0,Cleanview public U.S. data-center tracker,https://cleanview.co/data-centers/us,Individual facility or project from Cleanview's public geocoded U.S. data-center inventory.
Rellis Campus Data and Research Center,,Operating,Operating,Publicly tracked data-center facility,,,4.0,"Brazos, TX",30.64195692,-96.4684382,Public tracker coordinates,South Texas Project,TX,130.1,2708.6,Cleanview public U.S. data-center tracker,https://cleanview.co/data-centers/us,Individual facility or project from Cleanview's public geocoded U.S. data-center inventory.
Project Gold Garland,,Operating,Operating,Publicly tracked data-center facility,,,4.0,"Dallas, TX",32.9746858,-96.65074457,Public tracker coordinates,Comanche Peak,TX,80.9,2430.0,Cleanview public U.S. data-center tracker,https://cleanview.co/data-centers/us,Individual facility or project from Cleanview's public geocoded U.S. data-center inventory.
DFW II A,,Operating,Operating,Publicly tracked data-center facility,,,4.0,"Collin, TX",33.13740055,-96.65870584,Public tracker coordinates,Comanche Peak,TX,87.5,2430.0,Cleanview public U.S. data-center tracker,https://cleanview.co/data-centers/us,Individual facility or project from Cleanview's public geocoded U.S. data-center inventory.
Stream Data Center: DFW IV,,Operating,Operating,Publicly tracked data-center facility,,,4.0,"Dallas, TX",33.00010966,-96.66170239,Public tracker coordinates,Comanche Peak,TX,81.4,2430.0,Cleanview public U.S. data-center tracker,https://cleanview.co/data-centers/us,Individual facility or project from Cleanview's public geocoded U.S. data-center inventory.
Viawest Shiloh Data Center,,Operating,Operating,Publicly tracked data-center facility,,,4.0,"Collin, TX",33.00767647,-96.66638426,Public tracker coordinates,Comanche Peak,TX,81.5,2430.0,Cleanview public U.S. data-center tracker,https://cleanview.co/data-centers/us,Individual facility or project from Cleanview's public geocoded U.S. data-center inventory.
CyrusOne DFW6,,Operating,Operating,Publicly tracked data-center facility,,,4.0,"Dallas, TX",32.98412411,-96.69644141,Public tracker coordinates,Comanche Peak,TX,79.1,2430.0,Cleanview public U.S. data-center tracker,https://cleanview.co/data-centers/us,Individual facility or project from Cleanview's public geocoded U.S. data-center inventory.
Prime Data Centers: DFW01-02,,Operating,Operating,Publicly tracked data-center facility,,,4.0,"Dallas, TX",32.83794707,-96.87851827,Public tracker coordinates,Comanche Peak,TX,64.6,2430.0,Cleanview public U.S. data-center tracker,https://cleanview.co/data-centers/us,Individual facility or project from Cleanview's public geocoded U.S. data-center inventory.
Arlington Data Center,,Operating,Operating,Publicly tracked data-center facility,,,4.0,"Tarrant, TX",32.7607664,-97.08922015,Public tracker coordinates,Comanche Peak,TX,51.6,2430.0,Cleanview public U.S. data-center tracker,https://cleanview.co/data-centers/us,Individual facility or project from Cleanview's public geocoded U.S. data-center inventory.
BBT Midland Data Center,,Operating,Operating,Publicly tracked data-center facility,,,4.0,"Midland, TX",31.93124492,-102.2137744,Public tracker coordinates,Comanche Peak,TX,260.4,2430.0,Cleanview public U.S. data-center tracker,https://cleanview.co/data-centers/us,Individual facility or project from Cleanview's public geocoded U.S. data-center inventory.
Aligned Salt Lake SLC 04,,Operating,Operating,Publicly tracked data-center facility,,,4.0,"Salt Lake, UT",40.58194643,-111.9688115,Public tracker coordinates,Palo Verde,AZ,499.5,4209.6,Cleanview public U.S. data-center tracker,https://cleanview.co/data-centers/us,Individual facility or project from Cleanview's public geocoded U.S. data-center inventory.
Disney Digital Data Center 3,,Operating,Operating,Publicly tracked data-center facility,,,4.0,"Montgomery, TX",30.17960637,-95.48482763,Public tracker coordinates,South Texas Project,TX,101.5,2708.6,Cleanview public U.S. data-center tracker,https://cleanview.co/data-centers/us,Individual facility or project from Cleanview's public geocoded U.S. data-center inventory.
Brush Mountain Blacksburg,,Operating,Operating,Publicly tracked data-center facility,,,4.0,"Montgomery, VA",37.20372918,-80.41179282,Public tracker coordinates,McGuire,NC,125.9,2440.6,Cleanview public U.S. data-center tracker,https://cleanview.co/data-centers/us,Individual facility or project from Cleanview's public geocoded U.S. data-center inventory.
Stream Data Center: Santa Clara IV,,Operating,Operating,Publicly tracked data-center facility,,,4.0,"Santa Clara, CA",37.37759491,-121.9506232,Public tracker coordinates,Diablo Canyon,CA,161.6,2323.0,Cleanview public U.S. data-center tracker,https://cleanview.co/data-centers/us,Individual facility or project from Cleanview's public geocoded U.S. data-center inventory.
Stream Data Center: Santa Clara III,,Operating,Operating,Publicly tracked data-center facility,,,4.0,"Santa Clara, CA",37.37765417,-121.9516286,Public tracker coordinates,Diablo Canyon,CA,161.6,2323.0,Cleanview public U.S. data-center tracker,https://cleanview.co/data-centers/us,Individual facility or project from Cleanview's public geocoded U.S. data-center inventory.
Stream Data Center: Santa Clara V,,Operating,Operating,Publicly tracked data-center facility,,,4.0,"Santa Clara, CA",37.50989759,-122.0016678,Public tracker coordinates,Diablo Canyon,CA,171.1,2323.0,Cleanview public U.S. data-center tracker,https://cleanview.co/data-centers/us,Individual facility or project from Cleanview's public geocoded U.S. data-center inventory.
Caledonia Campus (Oak Creek),,Canceled,Other,Publicly tracked data-center facility,,,4.0,"Racine, WI",42.8388474,-87.8570466,Public tracker coordinates,Palisades,MI,86.2,811.8,Cleanview public U.S. data-center tracker,https://cleanview.co/data-centers/us,Individual facility or project from Cleanview's public geocoded U.S. data-center inventory.
NTT Phoenix PH7,,Planned,Planned,Publicly tracked data-center facility,,,4.0,"Maricopa, AZ",33.35112883,-111.6112391,Public tracker coordinates,Palo Verde,AZ,72.2,4209.6,Cleanview public U.S. data-center tracker,https://cleanview.co/data-centers/us,Individual facility or project from Cleanview's public geocoded U.S. data-center inventory.
Vantage Douglasville - Building 1,,Planned,Planned,Publicly tracked data-center facility,,,4.0,"Douglas County, GA",33.71366,-84.62403,Public tracker coordinates,Sequoyah,TN,107.9,2441.0,Cleanview public U.S. data-center tracker,https://cleanview.co/data-centers/us,Individual facility or project from Cleanview's public geocoded U.S. data-center inventory.
Vantage Douglasville - Building 2,,Planned,Planned,Publicly tracked data-center facility,,,4.0,"Douglas County, GA",33.71326,-84.62353,Public tracker coordinates,Sequoyah,TN,107.9,2441.0,Cleanview public U.S. data-center tracker,https://cleanview.co/data-centers/us,Individual facility or project from Cleanview's public geocoded U.S. data-center inventory.
Vantage Douglasville - Building 3,,Planned,Planned,Publicly tracked data-center facility,,,4.0,"Douglas County, GA",33.71286,-84.62303,Public tracker coordinates,Sequoyah,TN,107.9,2441.0,Cleanview public U.S. data-center tracker,https://cleanview.co/data-centers/us,Individual facility or project from Cleanview's public geocoded U.S. data-center inventory.
NTT Phoenix PH6,,Planned,Planned,Publicly tracked data-center facility,,,4.0,"Maricopa, AZ",33.35281625,-111.6113725,Public tracker coordinates,Palo Verde,AZ,72.2,4209.6,Cleanview public U.S. data-center tracker,https://cleanview.co/data-centers/us,Individual facility or project from Cleanview's public geocoded U.S. data-center inventory.
Google Bristow Wellington Road - Building 2,,Planned,Planned,Publicly tracked data-center facility,,,4.0,"Prince William, VA",38.7895,-77.5748,Public tracker coordinates,North Anna,VA,51.7,1959.4,Cleanview public U.S. data-center tracker,https://cleanview.co/data-centers/us,Individual facility or project from Cleanview's public geocoded U.S. data-center inventory.
Cisco Allen Data Centter,,Operating,Operating,Publicly tracked data-center facility,,,4.0,"Collin, TX",33.13594472,-96.66095311,Public tracker coordinates,Comanche Peak,TX,87.3,2430.0,Cleanview public U.S. data-center tracker,https://cleanview.co/data-centers/us,Individual facility or project from Cleanview's public geocoded U.S. data-center inventory.
Emerson Campus Data Center (Ferguson),,Canceled,Other,Publicly tracked data-center facility,,,4.0,"St. Louis, MO",38.72892,-90.27773,Public tracker coordinates,Callaway,MO,80.9,1235.8,Cleanview public U.S. data-center tracker,https://cleanview.co/data-centers/us,Individual facility or project from Cleanview's public geocoded U.S. data-center inventory.
American Tower East Charlotte,,Planned,Planned,Publicly tracked data-center facility,,,4.0,"Mecklenburg, NC",35.2412,-80.6909,Public tracker coordinates,McGuire,NC,19.7,2440.6,Cleanview public U.S. data-center tracker,https://cleanview.co/data-centers/us,Individual facility or project from Cleanview's public geocoded U.S. data-center inventory.
Beale Infrastructure Gardner Hyperscale Campus,,Canceled,Other,Publicly tracked data-center facility,,,4.0,"Johnson, KS",38.78186608728,-94.871539517306,Public tracker coordinates,Wolf Creek Generating Station,KS,58.0,1296.3,Cleanview public U.S. data-center tracker,https://cleanview.co/data-centers/us,Individual facility or project from Cleanview's public geocoded U.S. data-center inventory.
AWS Sunbury,,Planned,Planned,Publicly tracked data-center facility,,,4.0,"Delaware, OH",40.2211,-82.8443,Public tracker coordinates,Davis Besse,OH,95.9,925.2,Cleanview public U.S. data-center tracker,https://cleanview.co/data-centers/us,Individual facility or project from Cleanview's public geocoded U.S. data-center inventory.
Meta Kansas City Expansion,,Planned,Planned,Publicly tracked data-center facility,,,4.0,"Clay, MO",39.313,-94.601,Public tracker coordinates,Cooper Nuclear Station,NE,91.1,801.0,Cleanview public U.S. data-center tracker,https://cleanview.co/data-centers/us,Individual facility or project from Cleanview's public geocoded U.S. data-center inventory.
BlackChamber Rose - Building 3,,Planned,Planned,Publicly tracked data-center facility,,,4.0,"Prince William, VA",38.78536,-77.56256,Public tracker coordinates,North Anna,VA,51.6,1959.4,Cleanview public U.S. data-center tracker,https://cleanview.co/data-centers/us,Individual facility or project from Cleanview's public geocoded U.S. data-center inventory.
Trammell Crow Lewis & Clark Ranch Data Center,,Planned,Planned,Publicly tracked data-center facility,,,4.0,"Benton, WA",46.35098,-119.29644,Public tracker coordinates,Columbia Generating Station,WA,8.5,1200.0,Cleanview public U.S. data-center tracker,https://cleanview.co/data-centers/us,Individual facility or project from Cleanview's public geocoded U.S. data-center inventory.
AWS Gulf Horizon Data Center,,Planned,Planned,Publicly tracked data-center facility,,,4.0,"Wharton, TX",29.2645,-95.9442,Public tracker coordinates,South Texas Project,TX,33.0,2708.6,Cleanview public U.S. data-center tracker,https://cleanview.co/data-centers/us,Individual facility or project from Cleanview's public geocoded U.S. data-center inventory.
Edged Austin,,Planned,Planned,Publicly tracked data-center facility,,,4.0,"Caldwell, TX",29.875,-97.8,Public tracker coordinates,South Texas Project,TX,129.2,2708.6,Cleanview public U.S. data-center tracker,https://cleanview.co/data-centers/us,Individual facility or project from Cleanview's public geocoded U.S. data-center inventory.
Prime Data Centers: AUS02,,Planned,Planned,Publicly tracked data-center facility,,,4.0,"Caldwell, TX",29.924,-97.754,Public tracker coordinates,South Texas Project,TX,129.0,2708.6,Cleanview public U.S. data-center tracker,https://cleanview.co/data-centers/us,Individual facility or project from Cleanview's public geocoded U.S. data-center inventory.
Prime Data Centers: AUS01,,Planned,Planned,Publicly tracked data-center facility,,,4.0,"Caldwell, TX",29.924,-97.754,Public tracker coordinates,South Texas Project,TX,129.0,2708.6,Cleanview public U.S. data-center tracker,https://cleanview.co/data-centers/us,Individual facility or project from Cleanview's public geocoded U.S. data-center inventory.
AWS Grafton Data Center,,Planned,Planned,Publicly tracked data-center facility,,,4.0,"Worcester, MA",42.2512173,-71.6874381,Public tracker coordinates,Seabrook,NH,61.8,1242.0,Cleanview public U.S. data-center tracker,https://cleanview.co/data-centers/us,Individual facility or project from Cleanview's public geocoded U.S. data-center inventory.
Scott County Regional Business & Technology Park,,Planned,Planned,Publicly tracked data-center facility,,,4.0,"Scott, VA",36.71585269,-82.80458855,Public tracker coordinates,Oconee,SC,132.9,2666.7,Cleanview public U.S. data-center tracker,https://cleanview.co/data-centers/us,Individual facility or project from Cleanview's public geocoded U.S. data-center inventory.
New Albany Data Center - Phase 3,,Planned,Planned,Publicly tracked data-center facility,,,4.0,"Licking, OH",40.0936111,-82.7370193,Public tracker coordinates,Davis Besse,OH,105.4,925.2,Cleanview public U.S. data-center tracker,https://cleanview.co/data-centers/us,Individual facility or project from Cleanview's public geocoded U.S. data-center inventory.
AWS Westborough Data Center,,Planned,Planned,Publicly tracked data-center facility,,,4.0,"Worcester, MA",42.2808526,-71.580129,Public tracker coordinates,Seabrook,NH,56.6,1242.0,Cleanview public U.S. data-center tracker,https://cleanview.co/data-centers/us,Individual facility or project from Cleanview's public geocoded U.S. data-center inventory.
BlackChamber Gulfstream - Building 1,,Planned,Planned,Publicly tracked data-center facility,,,4.0,"Prince William, VA",38.72759,-77.50472,Public tracker coordinates,North Anna,VA,48.6,1959.4,Cleanview public U.S. data-center tracker,https://cleanview.co/data-centers/us,Individual facility or project from Cleanview's public geocoded U.S. data-center inventory.
Amazon Devlin Technology Park - Building 8,,Planned,Planned,Publicly tracked data-center facility,,,4.0,"Prince William, VA",38.76845,-77.574879,Public tracker coordinates,North Anna,VA,50.3,1959.4,Cleanview public U.S. data-center tracker,https://cleanview.co/data-centers/us,Individual facility or project from Cleanview's public geocoded U.S. data-center inventory.
Compass Red Oak (800-acre campus),,Planned,Planned,Publicly tracked data-center facility,,,4.0,"Ellis, TX",32.512,-96.78,Public tracker coordinates,Comanche Peak,TX,60.5,2430.0,Cleanview public U.S. data-center tracker,https://cleanview.co/data-centers/us,Individual facility or project from Cleanview's public geocoded U.S. data-center inventory.
BlackChamber Rose - Building 2,,Planned,Planned,Publicly tracked data-center facility,,,4.0,"Prince William, VA",38.78382,-77.56012,Public tracker coordinates,North Anna,VA,51.5,1959.4,Cleanview public U.S. data-center tracker,https://cleanview.co/data-centers/us,Individual facility or project from Cleanview's public geocoded U.S. data-center inventory.
BlackChamber Rose - Building 1,,Planned,Planned,Publicly tracked data-center facility,,,4.0,"Prince William, VA",38.78282,-77.56053,Public tracker coordinates,North Anna,VA,51.5,1959.4,Cleanview public U.S. data-center tracker,https://cleanview.co/data-centers/us,Individual facility or project from Cleanview's public geocoded U.S. data-center inventory.
Amazon Devlin Technology Park - Building 7,,Planned,Planned,Publicly tracked data-center facility,,,4.0,"Prince William, VA",38.766599,-77.574557,Public tracker coordinates,North Anna,VA,50.2,1959.4,Cleanview public U.S. data-center tracker,https://cleanview.co/data-centers/us,Individual facility or project from Cleanview's public geocoded U.S. data-center inventory.
Amazon Devlin Technology Park - Building 6,,Planned,Planned,Publicly tracked data-center facility,,,4.0,"Prince William, VA",38.764072,-77.575756,Public tracker coordinates,North Anna,VA,50.0,1959.4,Cleanview public U.S. data-center tracker,https://cleanview.co/data-centers/us,Individual facility or project from Cleanview's public geocoded U.S. data-center inventory.
Amazon Devlin Technology Park - Building 5,,Planned,Planned,Publicly tracked data-center facility,,,4.0,"Prince William, VA",38.761814,-77.576822,Public tracker coordinates,North Anna,VA,49.8,1959.4,Cleanview public U.S. data-center tracker,https://cleanview.co/data-centers/us,Individual facility or project from Cleanview's public geocoded U.S. data-center inventory.
Amazon Devlin Technology Park - Building 4,,Planned,Planned,Publicly tracked data-center facility,,,4.0,"Prince William, VA",38.767259,-77.576752,Public tracker coordinates,North Anna,VA,50.2,1959.4,Cleanview public U.S. data-center tracker,https://cleanview.co/data-centers/us,Individual facility or project from Cleanview's public geocoded U.S. data-center inventory.
Amazon Devlin Technology Park - Building 3,,Planned,Planned,Publicly tracked data-center facility,,,4.0,"Prince William, VA",38.764732,-77.57795,Public tracker coordinates,North Anna,VA,50.0,1959.4,Cleanview public U.S. data-center tracker,https://cleanview.co/data-centers/us,Individual facility or project from Cleanview's public geocoded U.S. data-center inventory.
Amazon Devlin Technology Park - Building 2,,Planned,Planned,Publicly tracked data-center facility,,,4.0,"Prince William, VA",38.762474,-77.579016,Public tracker coordinates,North Anna,VA,49.9,1959.4,Cleanview public U.S. data-center tracker,https://cleanview.co/data-centers/us,Individual facility or project from Cleanview's public geocoded U.S. data-center inventory.
DP Facilities: Mineral Gap,,Planned,Planned,Publicly tracked data-center facility,,,4.0,"Wise, VA",36.97806629,-82.5270336,Public tracker coordinates,McGuire,NC,138.3,2440.6,Cleanview public U.S. data-center tracker,https://cleanview.co/data-centers/us,Individual facility or project from Cleanview's public geocoded U.S. data-center inventory.
BlackChamber Gulfstream - Building 3,,Planned,Planned,Publicly tracked data-center facility,,,4.0,"Prince William, VA",38.72459,-77.50412,Public tracker coordinates,North Anna,VA,48.5,1959.4,Cleanview public U.S. data-center tracker,https://cleanview.co/data-centers/us,Individual facility or project from Cleanview's public geocoded U.S. data-center inventory.
BlackChamber Gulfstream - Building 2,,Planned,Planned,Publicly tracked data-center facility,,,4.0,"Prince William, VA",38.72521,-77.50183,Public tracker coordinates,North Anna,VA,48.5,1959.4,Cleanview public U.S. data-center tracker,https://cleanview.co/data-centers/us,Individual facility or project from Cleanview's public geocoded U.S. data-center inventory.
White Oak Technology Park GA,,Planned,Planned,Publicly tracked data-center facility,,,4.0,"Columbia, GA",33.51124863,-82.31845033,Public tracker coordinates,Vogtle,GA,41.0,4658.0,Cleanview public U.S. data-center tracker,https://cleanview.co/data-centers/us,Individual facility or project from Cleanview's public geocoded U.S. data-center inventory.
Project Eisenhower,,Planned,Planned,Publicly tracked data-center facility,,,4.0,"Richmond, GA",33.43893357,-82.16175277,Public tracker coordinates,Vogtle,GA,30.8,4658.0,Cleanview public U.S. data-center tracker,https://cleanview.co/data-centers/us,Individual facility or project from Cleanview's public geocoded U.S. data-center inventory.
Aligned Data Centers: CMH-02 Conesville Industrial Park,,Planned,Planned,Publicly tracked data-center facility,,,4.0,"Coshocton, OH",40.19019485,-81.86979848,Public tracker coordinates,Beaver Valley,PA,81.2,1846.8,Cleanview public U.S. data-center tracker,https://cleanview.co/data-centers/us,Individual facility or project from Cleanview's public geocoded U.S. data-center inventory.
Fort Meade Florida Campus,,Planned,Planned,Publicly tracked data-center facility,,,4.0,"Polk, FL",27.78664198,-81.82525511,Public tracker coordinates,St Lucie,FL,101.3,2160.0,Cleanview public U.S. data-center tracker,https://cleanview.co/data-centers/us,Individual facility or project from Cleanview's public geocoded U.S. data-center inventory.
Dorchester County Google Center,,Planned,Planned,Publicly tracked data-center facility,,,4.0,"Dorchester, SC",32.957292,-80.309435,Public tracker coordinates,Vogtle,GA,85.1,4658.0,Cleanview public U.S. data-center tracker,https://cleanview.co/data-centers/us,Individual facility or project from Cleanview's public geocoded U.S. data-center inventory.
Greenfield,,Planned,Planned,Publicly tracked data-center facility,,,4.0,"Botetourt, VA",37.441695,-79.912694,Public tracker coordinates,North Anna,VA,123.6,1959.4,Cleanview public U.S. data-center tracker,https://cleanview.co/data-centers/us,Individual facility or project from Cleanview's public geocoded U.S. data-center inventory.
Rumble Technology Park,,Planned,Planned,Publicly tracked data-center facility,,,4.0,"Monroe, GA",32.98813274,-83.83148782,Public tracker coordinates,Edwin I Hatch,GA,113.2,1848.0,Cleanview public U.S. data-center tracker,https://cleanview.co/data-centers/us,Individual facility or project from Cleanview's public geocoded U.S. data-center inventory.
Project Tallmadge (Takanock),,Planned,Planned,Publicly tracked data-center facility,,,4.0,"Shenandoah, VA",39.0117587,-78.35971498,Public tracker coordinates,North Anna,VA,72.6,1959.4,Cleanview public U.S. data-center tracker,https://cleanview.co/data-centers/us,Individual facility or project from Cleanview's public geocoded U.S. data-center inventory.
Heartland Innovative Technology (HIT) Park,,Planned,Planned,Publicly tracked data-center facility,,,4.0,"Prince Edward, VA",37.28851551,-78.35012347,Public tracker coordinates,North Anna,VA,61.5,1959.4,Cleanview public U.S. data-center tracker,https://cleanview.co/data-centers/us,Individual facility or project from Cleanview's public geocoded U.S. data-center inventory.
CloudHQ,,Planned,Planned,Publicly tracked data-center facility,,,4.0,"Culpeper, VA",38.46163914,-77.97761531,Public tracker coordinates,North Anna,VA,29.6,1959.4,Cleanview public U.S. data-center tracker,https://cleanview.co/data-centers/us,Individual facility or project from Cleanview's public geocoded U.S. data-center inventory.
Keyser Farm,,Planned,Planned,Publicly tracked data-center facility,,,4.0,"Culpeper, VA",38.46971066,-77.97375268,Public tracker coordinates,North Anna,VA,30.0,1959.4,Cleanview public U.S. data-center tracker,https://cleanview.co/data-centers/us,Individual facility or project from Cleanview's public geocoded U.S. data-center inventory.
QTS Excalibur - Building 15,,Planned,Planned,Publicly tracked data-center facility,,,4.0,"Fayette County, GA",33.454931,-84.52364,Public tracker coordinates,Sequoyah,TN,126.6,2441.0,Cleanview public U.S. data-center tracker,https://cleanview.co/data-centers/us,Individual facility or project from Cleanview's public geocoded U.S. data-center inventory.
QTS Excalibur - Building 14,,Planned,Planned,Publicly tracked data-center facility,,,4.0,"Fayette County, GA",33.454931,-84.52474,Public tracker coordinates,Sequoyah,TN,126.6,2441.0,Cleanview public U.S. data-center tracker,https://cleanview.co/data-centers/us,Individual facility or project from Cleanview's public geocoded U.S. data-center inventory.
QTS Excalibur - Building 13,,Planned,Planned,Publicly tracked data-center facility,,,4.0,"Fayette County, GA",33.456531,-84.52254,Public tracker coordinates,Sequoyah,TN,126.5,2441.0,Cleanview public U.S. data-center tracker,https://cleanview.co/data-centers/us,Individual facility or project from Cleanview's public geocoded U.S. data-center inventory.
QTS Excalibur - Building 12,,Planned,Planned,Publicly tracked data-center facility,,,4.0,"Fayette County, GA",33.456531,-84.52364,Public tracker coordinates,Sequoyah,TN,126.5,2441.0,Cleanview public U.S. data-center tracker,https://cleanview.co/data-centers/us,Individual facility or project from Cleanview's public geocoded U.S. data-center inventory.
Cielo Digital Infrastructure,,Planned,Planned,Publicly tracked data-center facility,,,4.0,"Culpeper, VA",38.46678642,-77.96353121,Public tracker coordinates,North Anna,VA,29.6,1959.4,Cleanview public U.S. data-center tracker,https://cleanview.co/data-centers/us,Individual facility or project from Cleanview's public geocoded U.S. data-center inventory.
QTS Excalibur - Building 11,,Planned,Planned,Publicly tracked data-center facility,,,4.0,"Fayette County, GA",33.456531,-84.52474,Public tracker coordinates,Sequoyah,TN,126.5,2441.0,Cleanview public U.S. data-center tracker,https://cleanview.co/data-centers/us,Individual facility or project from Cleanview's public geocoded U.S. data-center inventory.
QTS Excalibur - Building 10,,Planned,Planned,Publicly tracked data-center facility,,,4.0,"Fayette County, GA",33.450495,-84.515305,Public tracker coordinates,Sequoyah,TN,127.1,2441.0,Cleanview public U.S. data-center tracker,https://cleanview.co/data-centers/us,Individual facility or project from Cleanview's public geocoded U.S. data-center inventory.
QTS Excalibur - Building 9,,Planned,Planned,Publicly tracked data-center facility,,,4.0,"Fayette County, GA",33.457555,-84.532351,Public tracker coordinates,Sequoyah,TN,126.3,2441.0,Cleanview public U.S. data-center tracker,https://cleanview.co/data-centers/us,Individual facility or project from Cleanview's public geocoded U.S. data-center inventory.
QTS Excalibur - Building 8,,Planned,Planned,Publicly tracked data-center facility,,,4.0,"Fayette County, GA",33.449966,-84.530164,Public tracker coordinates,Sequoyah,TN,126.9,2441.0,Cleanview public U.S. data-center tracker,https://cleanview.co/data-centers/us,Individual facility or project from Cleanview's public geocoded U.S. data-center inventory.
QTS Excalibur - Building 7,,Planned,Planned,Publicly tracked data-center facility,,,4.0,"Fayette County, GA",33.46041,-84.528801,Public tracker coordinates,Sequoyah,TN,126.2,2441.0,Cleanview public U.S. data-center tracker,https://cleanview.co/data-centers/us,Individual facility or project from Cleanview's public geocoded U.S. data-center inventory.
AttoTek,,Planned,Planned,Publicly tracked data-center facility,,,4.0,"Culpeper, VA",38.49927261,-77.89710587,Public tracker coordinates,North Anna,VA,30.9,1959.4,Cleanview public U.S. data-center tracker,https://cleanview.co/data-centers/us,Individual facility or project from Cleanview's public geocoded U.S. data-center inventory.
Convergent Technology Park,,Planned,Planned,Publicly tracked data-center facility,,,4.0,"Fauquier, VA",38.54698462,-77.8062594,Public tracker coordinates,North Anna,VA,33.7,1959.4,Cleanview public U.S. data-center tracker,https://cleanview.co/data-centers/us,Individual facility or project from Cleanview's public geocoded U.S. data-center inventory.
SAMX Data Center,,Planned,Planned,Publicly tracked data-center facility,,,4.0,"Fauquier, VA",38.54318157,-77.78340316,Public tracker coordinates,North Anna,VA,33.4,1959.4,Cleanview public U.S. data-center tracker,https://cleanview.co/data-centers/us,Individual facility or project from Cleanview's public geocoded U.S. data-center inventory.
Gigaland Remington,,Planned,Planned,Publicly tracked data-center facility,,,4.0,"Fauquier, VA",38.53448373,-77.78286972,Public tracker coordinates,North Anna,VA,32.8,1959.4,Cleanview public U.S. data-center tracker,https://cleanview.co/data-centers/us,Individual facility or project from Cleanview's public geocoded U.S. data-center inventory.
Upper Magnolia,,Planned,Planned,Publicly tracked data-center facility,,,4.0,"Chesterfield, VA",37.44797635,-77.78071524,Public tracker coordinates,North Anna,VA,42.3,1959.4,Cleanview public U.S. data-center tracker,https://cleanview.co/data-centers/us,Individual facility or project from Cleanview's public geocoded U.S. data-center inventory.
Maple Tree Farm,,Planned,Planned,Publicly tracked data-center facility,,,4.0,"Fauquier, VA",38.69158561,-77.77972928,Public tracker coordinates,North Anna,VA,43.6,1959.4,Cleanview public U.S. data-center tracker,https://cleanview.co/data-centers/us,Individual facility or project from Cleanview's public geocoded U.S. data-center inventory.
Upper Magnolia Green West Tract A and Tract B,,Planned,Planned,Publicly tracked data-center facility,,,4.0,"Chesterfield, VA",37.4442264,-77.77384408,Public tracker coordinates,North Anna,VA,42.6,1959.4,Cleanview public U.S. data-center tracker,https://cleanview.co/data-centers/us,Individual facility or project from Cleanview's public geocoded U.S. data-center inventory.
Upper Magnolia Green East,,Planned,Planned,Publicly tracked data-center facility,,,4.0,"Chesterfield, VA",37.4203694,-77.7599704,Public tracker coordinates,North Anna,VA,44.2,1959.4,Cleanview public U.S. data-center tracker,https://cleanview.co/data-centers/us,Individual facility or project from Cleanview's public geocoded U.S. data-center inventory.
Watkins Centre South,,Planned,Planned,Publicly tracked data-center facility,,,4.0,"Chesterfield, VA",37.49910889,-77.69165025,Public tracker coordinates,North Anna,VA,39.1,1959.4,Cleanview public U.S. data-center tracker,https://cleanview.co/data-centers/us,Individual facility or project from Cleanview's public geocoded U.S. data-center inventory.
Watkins Centre,,Planned,Planned,Publicly tracked data-center facility,,,4.0,"Chesterfield, VA",37.49955759,-77.68816659,Public tracker coordinates,North Anna,VA,39.1,1959.4,Cleanview public U.S. data-center tracker,https://cleanview.co/data-centers/us,Individual facility or project from Cleanview's public geocoded U.S. data-center inventory.
Vint Hill Corners,,Planned,Planned,Publicly tracked data-center facility,,,4.0,"Fauquier, VA",38.7445849,-77.68533976,Public tracker coordinates,North Anna,VA,47.6,1959.4,Cleanview public U.S. data-center tracker,https://cleanview.co/data-centers/us,Individual facility or project from Cleanview's public geocoded U.S. data-center inventory.
Downtown Seattle Data Center: SEA1,,Operating,Operating,Publicly tracked data-center facility,,,4.0,"King, WA",47.61435724,-122.3388644,Public tracker coordinates,Columbia Generating Station,WA,162.0,1200.0,Cleanview public U.S. data-center tracker,https://cleanview.co/data-centers/us,Individual facility or project from Cleanview's public geocoded U.S. data-center inventory.
Catlett Data Center Park,,Planned,Planned,Publicly tracked data-center facility,,,4.0,"Fauquier, VA",38.66177679,-77.63221689,Public tracker coordinates,North Anna,VA,42.4,1959.4,Cleanview public U.S. data-center tracker,https://cleanview.co/data-centers/us,Individual facility or project from Cleanview's public geocoded U.S. data-center inventory.
Gardner Property,,Planned,Planned,Publicly tracked data-center facility,,,4.0,"Prince William, VA",38.7958,-77.62218909,Public tracker coordinates,North Anna,VA,51.6,1959.4,Cleanview public U.S. data-center tracker,https://cleanview.co/data-centers/us,Individual facility or project from Cleanview's public geocoded U.S. data-center inventory.
John Marshall CommonsTech Park,,Planned,Planned,Publicly tracked data-center facility,,,4.0,"Prince William, VA",38.8039456,-77.61686705,Public tracker coordinates,North Anna,VA,52.2,1959.4,Cleanview public U.S. data-center tracker,https://cleanview.co/data-centers/us,Individual facility or project from Cleanview's public geocoded U.S. data-center inventory.
Hunter Property,,Planned,Planned,Publicly tracked data-center facility,,,4.0,"Prince William, VA",38.77340556,-77.59043269,Public tracker coordinates,North Anna,VA,50.5,1959.4,Cleanview public U.S. data-center tracker,https://cleanview.co/data-centers/us,Individual facility or project from Cleanview's public geocoded U.S. data-center inventory.
Clubhouse Drive,,Planned,Planned,Publicly tracked data-center facility,,,4.0,"Loudoun, VA",39.10317877,-77.57876301,Public tracker coordinates,North Anna,VA,73.0,1959.4,Cleanview public U.S. data-center tracker,https://cleanview.co/data-centers/us,Individual facility or project from Cleanview's public geocoded U.S. data-center inventory.
Delvin Technology Park,,Planned,Planned,Publicly tracked data-center facility,,,4.0,"Prince William, VA",38.767223,-77.57575399,Public tracker coordinates,North Anna,VA,50.2,1959.4,Cleanview public U.S. data-center tracker,https://cleanview.co/data-centers/us,Individual facility or project from Cleanview's public geocoded U.S. data-center inventory.
Orme Farm Rezoning,,Planned,Planned,Publicly tracked data-center facility,,,4.0,"Loudoun, VA",39.05827357,-77.56440787,Public tracker coordinates,North Anna,VA,70.0,1959.4,Cleanview public U.S. data-center tracker,https://cleanview.co/data-centers/us,Individual facility or project from Cleanview's public geocoded U.S. data-center inventory.
Oaklawn,,Planned,Planned,Publicly tracked data-center facility,,,4.0,"Loudoun, VA",39.09197224,-77.56056644,Public tracker coordinates,North Anna,VA,72.4,1959.4,Cleanview public U.S. data-center tracker,https://cleanview.co/data-centers/us,Individual facility or project from Cleanview's public geocoded U.S. data-center inventory.
Leesburg Gateway,,Planned,Planned,Publicly tracked data-center facility,,,4.0,"Loudoun, VA",39.10315177,-77.5363821,Public tracker coordinates,North Anna,VA,73.4,1959.4,Cleanview public U.S. data-center tracker,https://cleanview.co/data-centers/us,Individual facility or project from Cleanview's public geocoded U.S. data-center inventory.
Cross Mill Center,,Planned,Planned,Publicly tracked data-center facility,,,4.0,"Loudoun, VA",39.06294964,-77.5504794,Public tracker coordinates,North Anna,VA,70.5,1959.4,Cleanview public U.S. data-center tracker,https://cleanview.co/data-centers/us,Individual facility or project from Cleanview's public geocoded U.S. data-center inventory.
Valco Data Center Park,,Planned,Planned,Publicly tracked data-center facility,,,4.0,"Caroline, VA",37.92410305,-77.54387212,Public tracker coordinates,North Anna,VA,16.4,1959.4,Cleanview public U.S. data-center tracker,https://cleanview.co/data-centers/us,Individual facility or project from Cleanview's public geocoded U.S. data-center inventory.
Hiddenwood Assemblage,,Planned,Planned,Publicly tracked data-center facility,,,4.0,"Loudoun, VA",38.95011113,-77.5437785,Public tracker coordinates,North Anna,VA,62.9,1959.4,Cleanview public U.S. data-center tracker,https://cleanview.co/data-centers/us,Individual facility or project from Cleanview's public geocoded U.S. data-center inventory.
Luck Stone West Pit,,Planned,Planned,Publicly tracked data-center facility,,,4.0,"Loudoun, VA",39.06052731,-77.53268107,Public tracker coordinates,North Anna,VA,70.5,1959.4,Cleanview public U.S. data-center tracker,https://cleanview.co/data-centers/us,Individual facility or project from Cleanview's public geocoded U.S. data-center inventory.
Dulles Trade Center West,,Planned,Planned,Publicly tracked data-center facility,,,4.0,"Loudoun, VA",38.95402228,-77.52864089,Public tracker coordinates,North Anna,VA,63.4,1959.4,Cleanview public U.S. data-center tracker,https://cleanview.co/data-centers/us,Individual facility or project from Cleanview's public geocoded U.S. data-center inventory.
Alligned Data Centers (Balls Ford),,Planned,Planned,Publicly tracked data-center facility,,,4.0,"Prince William, VA",38.79927512,-77.528024,Public tracker coordinates,North Anna,VA,53.0,1959.4,Cleanview public U.S. data-center tracker,https://cleanview.co/data-centers/us,Individual facility or project from Cleanview's public geocoded U.S. data-center inventory.
Villages at Leesburg,,Planned,Planned,Publicly tracked data-center facility,,,4.0,"Loudoun, VA",39.08773407,-77.51950044,Public tracker coordinates,North Anna,VA,72.5,1959.4,Cleanview public U.S. data-center tracker,https://cleanview.co/data-centers/us,Individual facility or project from Cleanview's public geocoded U.S. data-center inventory.
Stack Infrastructure Fredericksburg Planned,,Planned,Planned,Publicly tracked data-center facility,,,4.0,"Fredericksburg, VA",38.32019251,-77.51927427,Public tracker coordinates,North Anna,VA,23.2,1959.4,Cleanview public U.S. data-center tracker,https://cleanview.co/data-centers/us,Individual facility or project from Cleanview's public geocoded U.S. data-center inventory.
Mid-Atlantic Advanced Manufacturing Center,,Planned,Planned,Publicly tracked data-center facility,,,4.0,"Greensville, VA",36.73673682,-77.51469701,Public tracker coordinates,Surry,VA,53.9,1695.0,Cleanview public U.S. data-center tracker,https://cleanview.co/data-centers/us,Individual facility or project from Cleanview's public geocoded U.S. data-center inventory.
Wellington Road PRA,,Planned,Planned,Publicly tracked data-center facility,,,4.0,"Prince William, VA",38.76347674,-77.51353804,Public tracker coordinates,North Anna,VA,50.9,1959.4,Cleanview public U.S. data-center tracker,https://cleanview.co/data-centers/us,Individual facility or project from Cleanview's public geocoded U.S. data-center inventory.
19508 Freedom Trail Road,,Planned,Planned,Publicly tracked data-center facility,,,4.0,"Loudoun, VA",39.07646408,-77.49912608,Public tracker coordinates,North Anna,VA,72.0,1959.4,Cleanview public U.S. data-center tracker,https://cleanview.co/data-centers/us,Individual facility or project from Cleanview's public geocoded U.S. data-center inventory.
Blaisdell Property Data Center,,Planned,Planned,Publicly tracked data-center facility,,,4.0,"Stafford, VA",38.331717,-77.487329,Public tracker coordinates,North Anna,VA,24.9,1959.4,Cleanview public U.S. data-center tracker,https://cleanview.co/data-centers/us,Individual facility or project from Cleanview's public geocoded U.S. data-center inventory.
Carmel Church Data Hub,,Planned,Planned,Publicly tracked data-center facility,,,4.0,"Caroline, VA",37.93932712,-77.47797277,Public tracker coordinates,North Anna,VA,18.9,1959.4,Cleanview public U.S. data-center tracker,https://cleanview.co/data-centers/us,Individual facility or project from Cleanview's public geocoded U.S. data-center inventory.
Enon Road Technologies,,Planned,Planned,Publicly tracked data-center facility,,,4.0,"Stafford, VA",38.36788996,-77.473578,Public tracker coordinates,North Anna,VA,27.3,1959.4,Cleanview public U.S. data-center tracker,https://cleanview.co/data-centers/us,Individual facility or project from Cleanview's public geocoded U.S. data-center inventory.
Firefox Dulles,,Planned,Planned,Publicly tracked data-center facility,,,4.0,"Loudoun, VA",38.92061348,-77.47288602,Public tracker coordinates,North Anna,VA,61.9,1959.4,Cleanview public U.S. data-center tracker,https://cleanview.co/data-centers/us,Individual facility or project from Cleanview's public geocoded U.S. data-center inventory.
Zebra East,,Planned,Planned,Publicly tracked data-center facility,,,4.0,"Loudoun, VA",39.00504915,-77.47150671,Public tracker coordinates,North Anna,VA,67.5,1959.4,Cleanview public U.S. data-center tracker,https://cleanview.co/data-centers/us,Individual facility or project from Cleanview's public geocoded U.S. data-center inventory.
Cranes Corner Data Center,,Planned,Planned,Publicly tracked data-center facility,,,4.0,"Stafford, VA",38.37129473,-77.45143569,Public tracker coordinates,North Anna,VA,28.3,1959.4,Cleanview public U.S. data-center tracker,https://cleanview.co/data-centers/us,Individual facility or project from Cleanview's public geocoded U.S. data-center inventory.
Ironhorse East Ashland,,Planned,Planned,Publicly tracked data-center facility,,,4.0,"Hanover, VA",37.75901725,-77.4507963,Public tracker coordinates,North Anna,VA,27.8,1959.4,Cleanview public U.S. data-center tracker,https://cleanview.co/data-centers/us,Individual facility or project from Cleanview's public geocoded U.S. data-center inventory.
null,,Planned,Planned,Publicly tracked data-center facility,,,4.0,"Hanover, VA",37.75562874,-77.44993278,Public tracker coordinates,North Anna,VA,28.0,1959.4,Cleanview public U.S. data-center tracker,https://cleanview.co/data-centers/us,Individual facility or project from Cleanview's public geocoded U.S. data-center inventory.
113 EXECUTIVE DR Prologis,,Planned,Planned,Publicly tracked data-center facility,,,4.0,"Loudoun, VA",38.99066772,-77.44434517,Public tracker coordinates,Calvert Cliffs Nuclear Power Plant,MD,66.3,1850.4,Cleanview public U.S. data-center tracker,https://cleanview.co/data-centers/us,Individual facility or project from Cleanview's public geocoded U.S. data-center inventory.
Project Tropical,,Planned,Planned,Publicly tracked data-center facility,,,4.0,"Henrico, VA",37.4655,-77.222,Public tracker coordinates,Surry,VA,35.4,1695.0,Cleanview public U.S. data-center tracker,https://cleanview.co/data-centers/us,Individual facility or project from Cleanview's public geocoded U.S. data-center inventory.
Austin Ridge Logisitics Center,,Planned,Planned,Publicly tracked data-center facility,,,4.0,"Stafford, VA",38.41450237,-77.43574,Public tracker coordinates,North Anna,VA,31.1,1959.4,Cleanview public U.S. data-center tracker,https://cleanview.co/data-centers/us,Individual facility or project from Cleanview's public geocoded U.S. data-center inventory.
DULLES NORTH CORPORATE PARK 8,,Planned,Planned,Publicly tracked data-center facility,,,4.0,"Loudoun, VA",38.99534216,-77.43255921,Public tracker coordinates,Calvert Cliffs Nuclear Power Plant,MD,66.0,1850.4,Cleanview public U.S. data-center tracker,https://cleanview.co/data-centers/us,Individual facility or project from Cleanview's public geocoded U.S. data-center inventory.
Accokeek Center,,Planned,Planned,Publicly tracked data-center facility,,,4.0,"Stafford, VA",38.40371226,-77.4269994,Public tracker coordinates,North Anna,VA,30.8,1959.4,Cleanview public U.S. data-center tracker,https://cleanview.co/data-centers/us,Individual facility or project from Cleanview's public geocoded U.S. data-center inventory.
Dulles 2000 Redevelopment,,Planned,Planned,Publicly tracked data-center facility,,,4.0,"Loudoun, VA",38.97512596,-77.42687087,Public tracker coordinates,Calvert Cliffs Nuclear Power Plant,MD,64.9,1850.4,Cleanview public U.S. data-center tracker,https://cleanview.co/data-centers/us,Individual facility or project from Cleanview's public geocoded U.S. data-center inventory.
Azalea,,Planned,Planned,Publicly tracked data-center facility,,,4.0,"Henrico, VA",37.604716,-77.42341327,Public tracker coordinates,North Anna,VA,37.3,1959.4,Cleanview public U.S. data-center tracker,https://cleanview.co/data-centers/us,Individual facility or project from Cleanview's public geocoded U.S. data-center inventory.
Green Energy Center,,Planned,Planned,Publicly tracked data-center facility,,,4.0,"Surry, VA",37.15202452,-76.68507338,Public tracker coordinates,Surry,VA,1.2,1695.0,Cleanview public U.S. data-center tracker,https://cleanview.co/data-centers/us,Individual facility or project from Cleanview's public geocoded U.S. data-center inventory.
Machine Investment Group: Greenfield Rd,,Planned,Planned,Publicly tracked data-center facility,,,4.0,"Lancaster, PA",40.05941098,-76.32990596,Public tracker coordinates,Peach Bottom,PA,21.0,2876.4,Cleanview public U.S. data-center tracker,https://cleanview.co/data-centers/us,Individual facility or project from Cleanview's public geocoded U.S. data-center inventory.
Globalinx VA,,Planned,Planned,Publicly tracked data-center facility,,,4.0,"Portsmouth (city), VA",36.82473638,-76.29968469,Public tracker coordinates,Surry,VA,32.3,1695.0,Cleanview public U.S. data-center tracker,https://cleanview.co/data-centers/us,Individual facility or project from Cleanview's public geocoded U.S. data-center inventory.
Project Hazelnut,,Planned,Planned,Publicly tracked data-center facility,,,4.0,"Luzerne, PA",40.96565449,-76.05030258,Public tracker coordinates,TalenEnergy Susquehanna,PA,10.1,2532.0,Cleanview public U.S. data-center tracker,https://cleanview.co/data-centers/us,Individual facility or project from Cleanview's public geocoded U.S. data-center inventory.
Telxius Cable Landing Station Virginia Beach,,Planned,Planned,Publicly tracked data-center facility,,,4.0,"Virginia Beach City, VA",36.77926148,-76.00783079,Public tracker coordinates,Surry,VA,46.6,1695.0,Cleanview public U.S. data-center tracker,https://cleanview.co/data-centers/us,Individual facility or project from Cleanview's public geocoded U.S. data-center inventory.
Wildcat Ridge AI Data Center,,Planned,Planned,Publicly tracked data-center facility,,,4.0,"Lackawanna, PA",41.50201264,-75.5845947,Public tracker coordinates,TalenEnergy Susquehanna,PA,40.7,2532.0,Cleanview public U.S. data-center tracker,https://cleanview.co/data-centers/us,Individual facility or project from Cleanview's public geocoded U.S. data-center inventory.
AWS Laveen Data Center,,Planned,Planned,Publicly tracked data-center facility,,,4.0,"Maricopa, AZ",33.367344,-112.19729,Public tracker coordinates,Palo Verde,AZ,38.4,4209.6,Cleanview public U.S. data-center tracker,https://cleanview.co/data-centers/us,Individual facility or project from Cleanview's public geocoded U.S. data-center inventory.
Archbald Data & Energy Center,,Planned,Planned,Publicly tracked data-center facility,,,4.0,,41.5122838,-75.5583692,Public tracker coordinates,TalenEnergy Susquehanna,PA,42.1,2532.0,Cleanview public U.S. data-center tracker,https://cleanview.co/data-centers/us,Individual facility or project from Cleanview's public geocoded U.S. data-center inventory.
Princeton Nurseries,,Planned,Planned,Publicly tracked data-center facility,,,4.0,"Middlesex, NJ",40.36341334,-74.60543017,Public tracker coordinates,Limerick,PA,52.6,2277.0,Cleanview public U.S. data-center tracker,https://cleanview.co/data-centers/us,Individual facility or project from Cleanview's public geocoded U.S. data-center inventory.
Prism ON3,,Planned,Planned,Publicly tracked data-center facility,,,4.0,"Essex, NJ",40.82950898,-74.15325921,Public tracker coordinates,Limerick,PA,86.1,2277.0,Cleanview public U.S. data-center tracker,https://cleanview.co/data-centers/us,Individual facility or project from Cleanview's public geocoded U.S. data-center inventory.
AWS Nokes Boulevard,,Planned,Planned,Publicly tracked data-center facility,,,4.0,"Loudoun, VA",39.02239824,-77.41006855,Public tracker coordinates,Calvert Cliffs Nuclear Power Plant,MD,66.1,1850.4,Cleanview public U.S. data-center tracker,https://cleanview.co/data-centers/us,Individual facility or project from Cleanview's public geocoded U.S. data-center inventory.
AWS Manekin Plaza,,Planned,Planned,Publicly tracked data-center facility,,,4.0,"Loudoun, VA",39.02377354,-77.40789059,Public tracker coordinates,Calvert Cliffs Nuclear Power Plant,MD,66.1,1850.4,Cleanview public U.S. data-center tracker,https://cleanview.co/data-centers/us,Individual facility or project from Cleanview's public geocoded U.S. data-center inventory.
Atlas Capital Group: CT,,Planned,Planned,Publicly tracked data-center facility,,,4.0,"Hartford, CT",41.8846621,-72.74386551,Public tracker coordinates,Millstone,CT,49.6,2259.9,Cleanview public U.S. data-center tracker,https://cleanview.co/data-centers/us,Individual facility or project from Cleanview's public geocoded U.S. data-center inventory.
Zone5,,Operating,Operating,Publicly tracked data-center facility,,,4.0,"Norfolk City, VA",36.87813023,-76.21607603,Public tracker coordinates,Surry,VA,33.2,1695.0,Cleanview public U.S. data-center tracker,https://cleanview.co/data-centers/us,Individual facility or project from Cleanview's public geocoded U.S. data-center inventory.
EdgeConneX TAL01,,Operating,Operating,Publicly tracked data-center facility,,,4.0,"Leon, FL",30.47176036,-84.35367038,Public tracker coordinates,Joseph M Farley,AL,68.7,1776.4,Cleanview public U.S. data-center tracker,https://cleanview.co/data-centers/us,Individual facility or project from Cleanview's public geocoded U.S. data-center inventory.
Downtown Philadelphia Data Center: PHL1,,Operating,Operating,Publicly tracked data-center facility,,,4.0,"Philadelphia, PA",39.95958459,-75.16100808,Public tracker coordinates,Limerick,PA,29.0,2277.0,Cleanview public U.S. data-center tracker,https://cleanview.co/data-centers/us,Individual facility or project from Cleanview's public geocoded U.S. data-center inventory.
Viridian Briarwood Data Center,,Planned,Planned,Publicly tracked data-center facility,,,4.0,"York, PA",39.93641342,-76.83321917,Public tracker coordinates,Crane Clean Energy Center,PA,16.0,980.8,Cleanview public U.S. data-center tracker,https://cleanview.co/data-centers/us,Individual facility or project from Cleanview's public geocoded U.S. data-center inventory.
KCI-29 Data Center,,Planned,Planned,Publicly tracked data-center facility,,,4.0,"Jackson, MO",39.33898843,-94.71160733,Public tracker coordinates,Cooper Nuclear Station,NE,86.2,801.0,Cleanview public U.S. data-center tracker,https://cleanview.co/data-centers/us,Individual facility or project from Cleanview's public geocoded U.S. data-center inventory.
Frattalone Monticello Data Center,,Planned,Planned,Publicly tracked data-center facility,,,4.0,"Wright, MN",45.26936566,-93.81093368,Public tracker coordinates,Monticello Nuclear Facility,MN,4.8,685.0,Cleanview public U.S. data-center tracker,https://cleanview.co/data-centers/us,Individual facility or project from Cleanview's public geocoded U.S. data-center inventory.
AWS Scioto Darby Creek Road Building 4,,Planned,Planned,Publicly tracked data-center facility,,,4.0,"Franklin, OH",40.0211444,-83.1231117,Public tracker coordinates,Davis Besse,OH,108.9,925.2,Cleanview public U.S. data-center tracker,https://cleanview.co/data-centers/us,Individual facility or project from Cleanview's public geocoded U.S. data-center inventory.
AWS Scioto Darby Creek Road Building 5,,Planned,Planned,Publicly tracked data-center facility,,,4.0,"Franklin, OH",40.01936,-83.1227788,Public tracker coordinates,Davis Besse,OH,109.0,925.2,Cleanview public U.S. data-center tracker,https://cleanview.co/data-centers/us,Individual facility or project from Cleanview's public geocoded U.S. data-center inventory.
Project Peanut,,Planned,Planned,Publicly tracked data-center facility,,,4.0,"Chesterfield, VA",37.34420372,-77.3037902,Public tracker coordinates,Surry,VA,35.5,1695.0,Cleanview public U.S. data-center tracker,https://cleanview.co/data-centers/us,Individual facility or project from Cleanview's public geocoded U.S. data-center inventory.
Cetronia Road Data Center,,Planned,Planned,Publicly tracked data-center facility,,,4.0,"Lehigh, PA",40.55165,-75.5986758,Public tracker coordinates,Limerick,PA,22.6,2277.0,Cleanview public U.S. data-center tracker,https://cleanview.co/data-centers/us,Individual facility or project from Cleanview's public geocoded U.S. data-center inventory.
CRG Festus Data Center,,Planned,Planned,Publicly tracked data-center facility,,,4.0,"Jefferson, MO",38.19142221,-90.41518605,Public tracker coordinates,Callaway,MO,83.5,1235.8,Cleanview public U.S. data-center tracker,https://cleanview.co/data-centers/us,Individual facility or project from Cleanview's public geocoded U.S. data-center inventory.
Compass Stateville Data Center,,Planned,Planned,Publicly tracked data-center facility,,,4.0,"Iredell, NC",35.77791023,-80.97208141,Public tracker coordinates,McGuire,NC,23.9,2440.6,Cleanview public U.S. data-center tracker,https://cleanview.co/data-centers/us,Individual facility or project from Cleanview's public geocoded U.S. data-center inventory.
AWS Arlington Campus,,Planned,Planned,Publicly tracked data-center facility,,,4.0,"Gilliam, OR",45.71963,-120.18586,Public tracker coordinates,Columbia Generating Station,WA,66.0,1200.0,Cleanview public U.S. data-center tracker,https://cleanview.co/data-centers/us,Individual facility or project from Cleanview's public geocoded U.S. data-center inventory.
Person County Mega Park Data Center,,Planned,Planned,Publicly tracked data-center facility,,,4.0,"Person, NC",36.48051,-78.99548,Public tracker coordinates,Harris (NC),NC,58.6,950.9,Cleanview public U.S. data-center tracker,https://cleanview.co/data-centers/us,Individual facility or project from Cleanview's public geocoded U.S. data-center inventory.
Prologis Butler Data Center,,Planned,Planned,Publicly tracked data-center facility,,,4.0,"Butler, OH",39.46042057,-84.46564569,Public tracker coordinates,Davis Besse,OH,164.4,925.2,Cleanview public U.S. data-center tracker,https://cleanview.co/data-centers/us,Individual facility or project from Cleanview's public geocoded U.S. data-center inventory.
Tract Cannon Falls Data Center,,Planned,Planned,Publicly tracked data-center facility,,,4.0,"Dakota, MN",44.5362,-92.926,Public tracker coordinates,Prairie Island,MN,15.6,1186.2,Cleanview public U.S. data-center tracker,https://cleanview.co/data-centers/us,Individual facility or project from Cleanview's public geocoded U.S. data-center inventory.
Sand Springs Data Center,,Planned,Planned,Publicly tracked data-center facility,,,4.0,"Osage, OK",36.2673,-96.1002,Public tracker coordinates,Wolf Creek Generating Station,KS,138.1,1296.3,Cleanview public U.S. data-center tracker,https://cleanview.co/data-centers/us,Individual facility or project from Cleanview's public geocoded U.S. data-center inventory.
Stargate - Lordstown Campus,,Planned,Planned,Publicly tracked data-center facility,,,4.0,"Trumbull, OH",41.15,-80.88,Public tracker coordinates,Beaver Valley,PA,43.3,1846.8,Cleanview public U.S. data-center tracker,https://cleanview.co/data-centers/us,Individual facility or project from Cleanview's public geocoded U.S. data-center inventory.
Project Baccara,,Planned,Planned,Publicly tracked data-center facility,,,4.0,"Maricopa, AZ",33.572,-112.37,Public tracker coordinates,Palo Verde,AZ,31.1,4209.6,Cleanview public U.S. data-center tracker,https://cleanview.co/data-centers/us,Individual facility or project from Cleanview's public geocoded U.S. data-center inventory.
Google Little Rock Data Center,,Planned,Planned,Publicly tracked data-center facility,,,4.0,"Pulaski, AR",34.67703,-92.17963,Public tracker coordinates,Arkansas Nuclear One,AR,74.1,1845.0,Cleanview public U.S. data-center tracker,https://cleanview.co/data-centers/us,Individual facility or project from Cleanview's public geocoded U.S. data-center inventory.
LBT Sugarloaf Data Center,,Planned,Planned,Publicly tracked data-center facility,,,4.0,"Luzerne, PA",40.9685,-76.0939,Public tracker coordinates,TalenEnergy Susquehanna,PA,9.0,2532.0,Cleanview public U.S. data-center tracker,https://cleanview.co/data-centers/us,Individual facility or project from Cleanview's public geocoded U.S. data-center inventory.
Cassville Data Center,,Canceled,Other,Publicly tracked data-center facility,,,4.0,"Grant, WI",42.7144,-90.9907,Public tracker coordinates,Quad Cities Generating Station,IL,76.6,2018.6,Cleanview public U.S. data-center tracker,https://cleanview.co/data-centers/us,Individual facility or project from Cleanview's public geocoded U.S. data-center inventory.
New Carlisle Data Center,,Planned,Planned,Publicly tracked data-center facility,,,4.0,"St. Joseph, IN",41.7201804,-86.4916321,Public tracker coordinates,Donald C Cook,MI,18.0,2285.3,Cleanview public U.S. data-center tracker,https://cleanview.co/data-centers/us,Individual facility or project from Cleanview's public geocoded U.S. data-center inventory.
Dale Data Center,,Planned,Planned,Publicly tracked data-center facility,,,4.0,"Spencer, IN",38.185116,-86.972179,Public tracker coordinates,Clinton Power Station,IL,169.7,1138.3,Cleanview public U.S. data-center tracker,https://cleanview.co/data-centers/us,Individual facility or project from Cleanview's public geocoded U.S. data-center inventory.
York 2 Energy Center Data Center,,Planned,Planned,Publicly tracked data-center facility,,,4.0,"York, PA",39.75768,-76.2754,Public tracker coordinates,Peach Bottom,PA,0.4,2876.4,Cleanview public U.S. data-center tracker,https://cleanview.co/data-centers/us,Individual facility or project from Cleanview's public geocoded U.S. data-center inventory.
Project Laurel Data Center,,Planned,Planned,Publicly tracked data-center facility,,,4.0,"Montgomery, PA",40.234047,-75.5769,Public tracker coordinates,Limerick,PA,0.9,2277.0,Cleanview public U.S. data-center tracker,https://cleanview.co/data-centers/us,Individual facility or project from Cleanview's public geocoded U.S. data-center inventory.
Project Flex Data Center,,Planned,Planned,Publicly tracked data-center facility,,,4.0,"Oakland, MI",42.50185,-83.61119,Public tracker coordinates,Fermi,MI,41.4,1217.0,Cleanview public U.S. data-center tracker,https://cleanview.co/data-centers/us,Individual facility or project from Cleanview's public geocoded U.S. data-center inventory.
AWS Scioto Darby Creek Road Building 6,,Planned,Planned,Publicly tracked data-center facility,,,4.0,"Franklin, OH",40.0154355,-83.1243468,Public tracker coordinates,Davis Besse,OH,109.3,925.2,Cleanview public U.S. data-center tracker,https://cleanview.co/data-centers/us,Individual facility or project from Cleanview's public geocoded U.S. data-center inventory.
Klondike Wyalusing Data Center,,Planned,Planned,Publicly tracked data-center facility,,,4.0,"Bradford, PA",41.653572,-76.23531,Public tracker coordinates,TalenEnergy Susquehanna,PA,39.1,2532.0,Cleanview public U.S. data-center tracker,https://cleanview.co/data-centers/us,Individual facility or project from Cleanview's public geocoded U.S. data-center inventory.
Petawatt Massena Data Center,,Planned,Planned,Publicly tracked data-center facility,,,4.0,"St. Lawrence, NY",44.954838,-74.84906,Public tracker coordinates,James A Fitzpatrick,NY,125.6,883.3,Cleanview public U.S. data-center tracker,https://cleanview.co/data-centers/us,Individual facility or project from Cleanview's public geocoded U.S. data-center inventory.
Wildwood Ranch Data Center,,Planned,Planned,Publicly tracked data-center facility,,,4.0,"Jasper, MO",37.06882,-94.60008,Public tracker coordinates,Wolf Creek Generating Station,KS,100.5,1296.3,Cleanview public U.S. data-center tracker,https://cleanview.co/data-centers/us,Individual facility or project from Cleanview's public geocoded U.S. data-center inventory.
IBM Poughkeepsie Quantum Data Center,,Planned,Planned,Publicly tracked data-center facility,,,4.0,"Dutchess, NY",41.660404,-73.93994,Public tracker coordinates,Millstone,CT,94.9,2259.9,Cleanview public U.S. data-center tracker,https://cleanview.co/data-centers/us,Individual facility or project from Cleanview's public geocoded U.S. data-center inventory.
Brookhaven Logistics Center,,Planned,Planned,Publicly tracked data-center facility,,,4.0,"Suffolk, NY",40.82991,-72.94618,Public tracker coordinates,Millstone,CT,52.4,2259.9,Cleanview public U.S. data-center tracker,https://cleanview.co/data-centers/us,Individual facility or project from Cleanview's public geocoded U.S. data-center inventory.
SDC Wellington Glen,,Planned,Planned,Publicly tracked data-center facility,,,4.0,"Prince William, VA",38.76897,-77.54556,Public tracker coordinates,North Anna,VA,50.7,1959.4,Cleanview public U.S. data-center tracker,https://cleanview.co/data-centers/us,Individual facility or project from Cleanview's public geocoded U.S. data-center inventory.
Willowbend Little Rock Data Center,,Planned,Planned,Publicly tracked data-center facility,,,4.0,"Pulaski, AR",34.71681,-92.1737,Public tracker coordinates,Arkansas Nuclear One,AR,72.8,1845.0,Cleanview public U.S. data-center tracker,https://cleanview.co/data-centers/us,Individual facility or project from Cleanview's public geocoded U.S. data-center inventory.
Trammell Crow Forsyth Campus,,Planned,Planned,Publicly tracked data-center facility,,,4.0,"Monroe, GA",33.104168,-84.009544,Public tracker coordinates,Edwin I Hatch,GA,126.3,1848.0,Cleanview public U.S. data-center tracker,https://cleanview.co/data-centers/us,Individual facility or project from Cleanview's public geocoded U.S. data-center inventory.
Wallace Jackson Data Center Campus,,Planned,Planned,Publicly tracked data-center facility,,,4.0,"Spalding, GA",33.273514,-84.12198,Public tracker coordinates,Oconee,SC,126.3,2666.7,Cleanview public U.S. data-center tracker,https://cleanview.co/data-centers/us,Individual facility or project from Cleanview's public geocoded U.S. data-center inventory.
US Internet Minneapolis Data Center,,Planned,Planned,Publicly tracked data-center facility,,,4.0,"Hennepin, MN",45.02485,-93.3328,Public tracker coordinates,Monticello Nuclear Facility,MN,33.0,685.0,Cleanview public U.S. data-center tracker,https://cleanview.co/data-centers/us,Individual facility or project from Cleanview's public geocoded U.S. data-center inventory.
Alterra Marshall Technology Center,,Planned,Planned,Publicly tracked data-center facility,,,4.0,"Calhoun, MI",42.239025,-84.955826,Public tracker coordinates,Palisades,MI,69.7,811.8,Cleanview public U.S. data-center tracker,https://cleanview.co/data-centers/us,Individual facility or project from Cleanview's public geocoded U.S. data-center inventory.
Wiscasset Data Center,,Planned,Planned,Publicly tracked data-center facility,,,4.0,"Lincoln, ME",43.95572,-69.69428,Public tracker coordinates,Seabrook,NH,93.2,1242.0,Cleanview public U.S. data-center tracker,https://cleanview.co/data-centers/us,Individual facility or project from Cleanview's public geocoded U.S. data-center inventory.
Prologis 32 Mile Technical Campus,,Planned,Planned,Publicly tracked data-center facility,,,4.0,"Macomb, MI",42.80183,-82.99235,Public tracker coordinates,Fermi,MI,59.5,1217.0,Cleanview public U.S. data-center tracker,https://cleanview.co/data-centers/us,Individual facility or project from Cleanview's public geocoded U.S. data-center inventory.
Comcast Clinton Data Center,,Planned,Planned,Publicly tracked data-center facility,,,4.0,"Hunterdon, NJ",40.63284,-74.9191,Public tracker coordinates,Limerick,PA,45.1,2277.0,Cleanview public U.S. data-center tracker,https://cleanview.co/data-centers/us,Individual facility or project from Cleanview's public geocoded U.S. data-center inventory.
DartPoints Cincinnati Data Center,,Planned,Planned,Publicly tracked data-center facility,,,4.0,"Hamilton, OH",39.09831,-84.5179,Public tracker coordinates,Davis Besse,OH,188.4,925.2,Cleanview public U.S. data-center tracker,https://cleanview.co/data-centers/us,Individual facility or project from Cleanview's public geocoded U.S. data-center inventory.
Provident Dauphin Highlands Data Center,,Planned,Planned,Publicly tracked data-center facility,,,4.0,"Dauphin, PA",40.22755,-76.8093,Public tracker coordinates,Crane Clean Energy Center,PA,6.9,980.8,Cleanview public U.S. data-center tracker,https://cleanview.co/data-centers/us,Individual facility or project from Cleanview's public geocoded U.S. data-center inventory.
Amazon Lamar County Data Center,,Planned,Planned,Publicly tracked data-center facility,,,4.0,"Lamar, GA",33.05563,-84.1222,Public tracker coordinates,Edwin I Hatch,GA,129.4,1848.0,Cleanview public U.S. data-center tracker,https://cleanview.co/data-centers/us,Individual facility or project from Cleanview's public geocoded U.S. data-center inventory.
Google Project Spring,,Planned,Planned,Publicly tracked data-center facility,,,4.0,"Osage, OK",36.24621,-96.10994,Public tracker coordinates,Wolf Creek Generating Station,KS,139.6,1296.3,Cleanview public U.S. data-center tracker,https://cleanview.co/data-centers/us,Individual facility or project from Cleanview's public geocoded U.S. data-center inventory.
Strata AI Center of Excellence,,Planned,Planned,Publicly tracked data-center facility,,,4.0,"Lawrence, OH",38.56767,-82.782684,Public tracker coordinates,Beaver Valley,PA,189.2,1846.8,Cleanview public U.S. data-center tracker,https://cleanview.co/data-centers/us,Individual facility or project from Cleanview's public geocoded U.S. data-center inventory.
Google Franklin Furnace Data Center,,Planned,Planned,Publicly tracked data-center facility,,,4.0,"Scioto, OH",38.59737,-82.84261,Public tracker coordinates,Beaver Valley,PA,189.7,1846.8,Cleanview public U.S. data-center tracker,https://cleanview.co/data-centers/us,Individual facility or project from Cleanview's public geocoded U.S. data-center inventory.
Beale Project Mustang,,Planned,Planned,Publicly tracked data-center facility,,,4.0,"Rogers, OK",36.343464,-95.60581,Public tracker coordinates,Wolf Creek Generating Station,KS,131.1,1296.3,Cleanview public U.S. data-center tracker,https://cleanview.co/data-centers/us,Individual facility or project from Cleanview's public geocoded U.S. data-center inventory.
CloudHQ Berks 61 Campus,,Planned,Planned,Publicly tracked data-center facility,,,4.0,"Berks, PA",40.57368,-76.01037,Public tracker coordinates,Limerick,PA,32.8,2277.0,Cleanview public U.S. data-center tracker,https://cleanview.co/data-centers/us,Individual facility or project from Cleanview's public geocoded U.S. data-center inventory.
Fairview Crossroads Data Center,,Planned,Planned,Publicly tracked data-center facility,,,4.0,"York, PA",40.206436,-76.871,Public tracker coordinates,Crane Clean Energy Center,PA,8.7,980.8,Cleanview public U.S. data-center tracker,https://cleanview.co/data-centers/us,Individual facility or project from Cleanview's public geocoded U.S. data-center inventory.
Atlas Industrial Data Center,,Planned,Planned,Publicly tracked data-center facility,,,4.0,"Lehigh, PA",40.643616,-75.53651,Public tracker coordinates,Limerick,PA,29.1,2277.0,Cleanview public U.S. data-center tracker,https://cleanview.co/data-centers/us,Individual facility or project from Cleanview's public geocoded U.S. data-center inventory.
Microsoft Pine - Building 1,,Planned,Planned,Publicly tracked data-center facility,,,4.0,"Catawba County, NC",35.7188,-81.2766,Public tracker coordinates,McGuire,NC,27.0,2440.6,Cleanview public U.S. data-center tracker,https://cleanview.co/data-centers/us,Individual facility or project from Cleanview's public geocoded U.S. data-center inventory.
AWS Pickaway County Data Center,,Planned,Planned,Publicly tracked data-center facility,,,4.0,"Pickaway, OH",39.79,-83.01,Public tracker coordinates,Davis Besse,OH,124.9,925.2,Cleanview public U.S. data-center tracker,https://cleanview.co/data-centers/us,Individual facility or project from Cleanview's public geocoded U.S. data-center inventory.
SWIFT,,Operating,Operating,Publicly tracked data-center facility,,,4.0,"Culpeper, VA",38.45553926,-77.98348028,Public tracker coordinates,North Anna,VA,29.3,1959.4,Cleanview public U.S. data-center tracker,https://cleanview.co/data-centers/us,Individual facility or project from Cleanview's public geocoded U.S. data-center inventory.
Brewster Mountain Top Data Center,,Planned,Planned,Publicly tracked data-center facility,,,4.0,"Luzerne, PA",41.080692,-75.95785,Public tracker coordinates,TalenEnergy Susquehanna,PA,9.8,2532.0,Cleanview public U.S. data-center tracker,https://cleanview.co/data-centers/us,Individual facility or project from Cleanview's public geocoded U.S. data-center inventory.
AWS Wilderness Crossing,,Planned,Planned,Publicly tracked data-center facility,,,4.0,"Orange, VA",38.33,-77.74,Public tracker coordinates,North Anna,VA,18.8,1959.4,Cleanview public U.S. data-center tracker,https://cleanview.co/data-centers/us,Individual facility or project from Cleanview's public geocoded U.S. data-center inventory.
SunCap McKees Rocks Data Center,,Planned,Planned,Publicly tracked data-center facility,,,4.0,"Allegheny, PA",40.480453,-80.06048,Public tracker coordinates,Beaver Valley,PA,21.9,1846.8,Cleanview public U.S. data-center tracker,https://cleanview.co/data-centers/us,Individual facility or project from Cleanview's public geocoded U.S. data-center inventory.
Parkstone Tech Park,,Planned,Planned,Publicly tracked data-center facility,,,4.0,"Fairfax, VA",38.873575,-77.46374,Public tracker coordinates,North Anna,VA,58.9,1959.4,Cleanview public U.S. data-center tracker,https://cleanview.co/data-centers/us,Individual facility or project from Cleanview's public geocoded U.S. data-center inventory.
Stack NVA05E,,Planned,Planned,Publicly tracked data-center facility,,,4.0,"Prince William, VA",38.7653,-77.51829,Public tracker coordinates,North Anna,VA,50.9,1959.4,Cleanview public U.S. data-center tracker,https://cleanview.co/data-centers/us,Individual facility or project from Cleanview's public geocoded U.S. data-center inventory.
Pitt Race Data Center,,Planned,Planned,Publicly tracked data-center facility,,,4.0,"Beaver, PA",40.851284,-80.34748,Public tracker coordinates,Beaver Valley,PA,16.5,1846.8,Cleanview public U.S. data-center tracker,https://cleanview.co/data-centers/us,Individual facility or project from Cleanview's public geocoded U.S. data-center inventory.
Mele Brothers Penn Forest Data Center,,Planned,Planned,Publicly tracked data-center facility,,,4.0,"Carbon, PA",40.895737,-75.68105,Public tracker coordinates,TalenEnergy Susquehanna,PA,27.8,2532.0,Cleanview public U.S. data-center tracker,https://cleanview.co/data-centers/us,Individual facility or project from Cleanview's public geocoded U.S. data-center inventory.
Project Pumpkin 2A,,Planned,Planned,Publicly tracked data-center facility,,,4.0,"Roberts, TX",35.691273,-100.6382,Public tracker coordinates,Comanche Peak,TX,285.7,2430.0,Cleanview public U.S. data-center tracker,https://cleanview.co/data-centers/us,Individual facility or project from Cleanview's public geocoded U.S. data-center inventory.
AWS Ridgetop Circle Building 1,,Planned,Planned,Publicly tracked data-center facility,,,4.0,"Loudoun, VA",39.02544075,-77.40966722,Public tracker coordinates,Calvert Cliffs Nuclear Power Plant,MD,66.3,1850.4,Cleanview public U.S. data-center tracker,https://cleanview.co/data-centers/us,Individual facility or project from Cleanview's public geocoded U.S. data-center inventory.
AWS Ridgetop Circle Building 2,,Planned,Planned,Publicly tracked data-center facility,,,4.0,"Loudoun, VA",39.02544075,-77.40966722,Public tracker coordinates,Calvert Cliffs Nuclear Power Plant,MD,66.3,1850.4,Cleanview public U.S. data-center tracker,https://cleanview.co/data-centers/us,Individual facility or project from Cleanview's public geocoded U.S. data-center inventory.
Google Lima Data Center,,Planned,Planned,Publicly tracked data-center facility,,,4.0,"Allen, OH",40.7965,-84.121,Public tracker coordinates,Davis Besse,OH,77.1,925.2,Cleanview public U.S. data-center tracker,https://cleanview.co/data-centers/us,Individual facility or project from Cleanview's public geocoded U.S. data-center inventory.
Nexstar Elk Grove Data Center,,Planned,Planned,Publicly tracked data-center facility,,,4.0,"Cook, IL",42.01142,-88.0317,Public tracker coordinates,Dresden Generating Station,IL,44.7,2018.6,Cleanview public U.S. data-center tracker,https://cleanview.co/data-centers/us,Individual facility or project from Cleanview's public geocoded U.S. data-center inventory.
Gail Technology Effingham Data Center,,Planned,Planned,Publicly tracked data-center facility,,,4.0,"Effingham, IL",39.16273,-88.51865,Public tracker coordinates,Clinton Power Station,IL,71.7,1138.3,Cleanview public U.S. data-center tracker,https://cleanview.co/data-centers/us,Individual facility or project from Cleanview's public geocoded U.S. data-center inventory.
Terra Nexus Ventures Data Center,,Planned,Planned,Publicly tracked data-center facility,,,4.0,"Kershaw, SC",34.29839,-80.534,Public tracker coordinates,H B Robinson,SC,22.6,768.6,Cleanview public U.S. data-center tracker,https://cleanview.co/data-centers/us,Individual facility or project from Cleanview's public geocoded U.S. data-center inventory.
Karis Critical DeKalb Campus,,Planned,Planned,Publicly tracked data-center facility,,,4.0,"DeKalb, IL",41.894,-88.7222,Public tracker coordinates,Byron Generating Station,IL,31.3,2449.8,Cleanview public U.S. data-center tracker,https://cleanview.co/data-centers/us,Individual facility or project from Cleanview's public geocoded U.S. data-center inventory.
BlackChamber Bristow Industrial Park - Building 2,,Planned,Planned,Publicly tracked data-center facility,,,4.0,"Prince William, VA",38.78005,-77.58062,Public tracker coordinates,North Anna,VA,51.0,1959.4,Cleanview public U.S. data-center tracker,https://cleanview.co/data-centers/us,Individual facility or project from Cleanview's public geocoded U.S. data-center inventory.
BlackChamber Bristow Industrial Park - Building 1,,Planned,Planned,Publicly tracked data-center facility,,,4.0,"Prince William, VA",38.7811,-77.57979,Public tracker coordinates,North Anna,VA,51.1,1959.4,Cleanview public U.S. data-center tracker,https://cleanview.co/data-centers/us,Individual facility or project from Cleanview's public geocoded U.S. data-center inventory.
CyrusOne Yorkville Campus Phase 2,,Planned,Planned,Publicly tracked data-center facility,,,4.0,"Kendall, IL",41.68361,-88.4681,Public tracker coordinates,Dresden Generating Station,IL,22.7,2018.6,Cleanview public U.S. data-center tracker,https://cleanview.co/data-centers/us,Individual facility or project from Cleanview's public geocoded U.S. data-center inventory.
Beale Project Pilot Data Center,,Planned,Planned,Publicly tracked data-center facility,,,4.0,"Johnson, KS",38.94633,-95.02935,Public tracker coordinates,Wolf Creek Generating Station,KS,60.5,1296.3,Cleanview public U.S. data-center tracker,https://cleanview.co/data-centers/us,Individual facility or project from Cleanview's public geocoded U.S. data-center inventory.
Columbia County Technology Park,,Planned,Planned,Publicly tracked data-center facility,,,4.0,"Columbia, GA",33.49546,-82.337,Public tracker coordinates,Vogtle,GA,41.2,4658.0,Cleanview public U.S. data-center tracker,https://cleanview.co/data-centers/us,Individual facility or project from Cleanview's public geocoded U.S. data-center inventory.
Project Tango Loxahatchee,,Planned,Planned,Publicly tracked data-center facility,,,4.0,"Palm Beach, FL",26.694838,-80.37178,Public tracker coordinates,St Lucie,FL,45.8,2160.0,Cleanview public U.S. data-center tracker,https://cleanview.co/data-centers/us,Individual facility or project from Cleanview's public geocoded U.S. data-center inventory.
Serverfarm Clarksville Data Center,,Planned,Planned,Publicly tracked data-center facility,,,4.0,"Johnson, AR",35.454384,-93.44725,Public tracker coordinates,Arkansas Nuclear One,AR,15.5,1845.0,Cleanview public U.S. data-center tracker,https://cleanview.co/data-centers/us,Individual facility or project from Cleanview's public geocoded U.S. data-center inventory.
Microsoft Rome Data Center,,Planned,Planned,Publicly tracked data-center facility,,,4.0,"Floyd, GA",34.300987,-85.30927,Public tracker coordinates,Sequoyah,TN,65.1,2441.0,Cleanview public U.S. data-center tracker,https://cleanview.co/data-centers/us,Individual facility or project from Cleanview's public geocoded U.S. data-center inventory.
Western Hospitality Peoria Data Center,,Canceled,Other,Publicly tracked data-center facility,,,4.0,"Tazewell, IL",40.59457,-89.590225,Public tracker coordinates,Clinton Power Station,IL,49.4,1138.3,Cleanview public U.S. data-center tracker,https://cleanview.co/data-centers/us,Individual facility or project from Cleanview's public geocoded U.S. data-center inventory.
BlackChamber Hansen Farm - Building 2,,Planned,Planned,Publicly tracked data-center facility,,,4.0,"Prince William, VA",38.78515,-77.56664,Public tracker coordinates,North Anna,VA,51.5,1959.4,Cleanview public U.S. data-center tracker,https://cleanview.co/data-centers/us,Individual facility or project from Cleanview's public geocoded U.S. data-center inventory.
BlackChamber Hansen Farm - Building 1,,Planned,Planned,Publicly tracked data-center facility,,,4.0,"Prince William, VA",38.7881,-77.55861,Public tracker coordinates,North Anna,VA,51.8,1959.4,Cleanview public U.S. data-center tracker,https://cleanview.co/data-centers/us,Individual facility or project from Cleanview's public geocoded U.S. data-center inventory.
BlackChamber Gainesville Tech Park - Building 2,,Planned,Planned,Publicly tracked data-center facility,,,4.0,"Prince William, VA",38.77993,-77.57506,Public tracker coordinates,North Anna,VA,51.1,1959.4,Cleanview public U.S. data-center tracker,https://cleanview.co/data-centers/us,Individual facility or project from Cleanview's public geocoded U.S. data-center inventory.
Urban Story Ventures Data Center,,Planned,Planned,Publicly tracked data-center facility,,,4.0,"Hamilton, TN",35.049557,-85.30803,Public tracker coordinates,Sequoyah,TN,17.3,2441.0,Cleanview public U.S. data-center tracker,https://cleanview.co/data-centers/us,Individual facility or project from Cleanview's public geocoded U.S. data-center inventory.
Digital Realty VA5,,Planned,Planned,Publicly tracked data-center facility,,,4.0,"Prince William, VA",38.77732,-77.5959,Public tracker coordinates,North Anna,VA,50.7,1959.4,Cleanview public U.S. data-center tracker,https://cleanview.co/data-centers/us,Individual facility or project from Cleanview's public geocoded U.S. data-center inventory.
Kingsbury Data Center,,Planned,Planned,Publicly tracked data-center facility,,,4.0,"LaPorte, IN",41.496838,-86.633174,Public tracker coordinates,Donald C Cook,MI,33.3,2285.3,Cleanview public U.S. data-center tracker,https://cleanview.co/data-centers/us,Individual facility or project from Cleanview's public geocoded U.S. data-center inventory.
Wolcott Data Center,,Planned,Planned,Publicly tracked data-center facility,,,4.0,"White, IN",40.76536681,-87.06916121,Public tracker coordinates,Braidwood Generation Station,IL,68.9,2449.8,Cleanview public U.S. data-center tracker,https://cleanview.co/data-centers/us,Individual facility or project from Cleanview's public geocoded U.S. data-center inventory.
Wylie Capital Hobart Data Center,,Planned,Planned,Publicly tracked data-center facility,,,4.0,"Lake, IN",41.50177775,-87.28811692,Public tracker coordinates,Donald C Cook,MI,49.6,2285.3,Cleanview public U.S. data-center tracker,https://cleanview.co/data-centers/us,Individual facility or project from Cleanview's public geocoded U.S. data-center inventory.
Google Fort Wayne - Building 1,,Operating,Operating,Publicly tracked data-center facility,,,4.0,"Allen, IN",41.03089,-85.04277,Public tracker coordinates,Donald C Cook,MI,102.3,2285.3,Cleanview public U.S. data-center tracker,https://cleanview.co/data-centers/us,Individual facility or project from Cleanview's public geocoded U.S. data-center inventory.
Equinix DA12,,Planned,Planned,Publicly tracked data-center facility,,,4.0,"Dallas, TX",32.821037,-96.85867,Public tracker coordinates,Comanche Peak,TX,64.9,2430.0,Cleanview public U.S. data-center tracker,https://cleanview.co/data-centers/us,Individual facility or project from Cleanview's public geocoded U.S. data-center inventory.
Data Center THM1A,,Planned,Planned,Publicly tracked data-center facility,,,4.0,"Jones, TX",32.98045,-99.5673,Public tracker coordinates,Comanche Peak,TX,113.9,2430.0,Cleanview public U.S. data-center tracker,https://cleanview.co/data-centers/us,Individual facility or project from Cleanview's public geocoded U.S. data-center inventory.
Belmont Innovation Campus,,Planned,Planned,Publicly tracked data-center facility,,,4.0,"Loudoun, VA",39.0725,-77.5101,Public tracker coordinates,North Anna,VA,71.6,1959.4,Cleanview public U.S. data-center tracker,https://cleanview.co/data-centers/us,Individual facility or project from Cleanview's public geocoded U.S. data-center inventory.
Keystone Trade Center,,Planned,Planned,Publicly tracked data-center facility,,,4.0,"Bucks, PA",40.15661551,-74.74484236,Public tracker coordinates,Limerick,PA,44.7,2277.0,Cleanview public U.S. data-center tracker,https://cleanview.co/data-centers/us,Individual facility or project from Cleanview's public geocoded U.S. data-center inventory.
QTS Augusta,,Planned,Planned,Publicly tracked data-center facility,,,4.0,"Richmond, GA",33.437721,-82.155056,Public tracker coordinates,Vogtle,GA,30.5,4658.0,Cleanview public U.S. data-center tracker,https://cleanview.co/data-centers/us,Individual facility or project from Cleanview's public geocoded U.S. data-center inventory.
Anthropic New York Data Center,,Planned,Planned,Publicly tracked data-center facility,,,4.0,NY,43.3587,-78.6041,Public tracker coordinates,R E Ginna Nuclear Power Plant,NY,65.3,614.0,Cleanview public U.S. data-center tracker,https://cleanview.co/data-centers/us,Individual facility or project from Cleanview's public geocoded U.S. data-center inventory.
CloudHQ LC5,,Planned,Planned,Publicly tracked data-center facility,,,4.0,"Loudoun, VA",39.009745,-77.476825,Public tracker coordinates,North Anna,VA,67.8,1959.4,Cleanview public U.S. data-center tracker,https://cleanview.co/data-centers/us,Individual facility or project from Cleanview's public geocoded U.S. data-center inventory.
Project Skyway - Phase 1,,Planned,Planned,Publicly tracked data-center facility,,,4.0,"Goodhue, MN",44.227,-92.65,Public tracker coordinates,Prairie Island,MN,27.3,1186.2,Cleanview public U.S. data-center tracker,https://cleanview.co/data-centers/us,Individual facility or project from Cleanview's public geocoded U.S. data-center inventory.
Microsoft Gaines Township Data Center,,Planned,Planned,Publicly tracked data-center facility,,,4.0,"Kent, MI",42.8262104,-85.5456318,Public tracker coordinates,Palisades,MI,52.3,811.8,Cleanview public U.S. data-center tracker,https://cleanview.co/data-centers/us,Individual facility or project from Cleanview's public geocoded U.S. data-center inventory.
Microsoft SN1,,Operating,Operating,Publicly tracked data-center facility,,,4.0,"Bexar, TX",29.480506,-98.692193,Public tracker coordinates,South Texas Project,TX,166.4,2708.6,Cleanview public U.S. data-center tracker,https://cleanview.co/data-centers/us,Individual facility or project from Cleanview's public geocoded U.S. data-center inventory.
Microsoft SN2,,Operating,Operating,Publicly tracked data-center facility,,,4.0,"Bexar, TX",29.479433,-98.693047,Public tracker coordinates,South Texas Project,TX,166.5,2708.6,Cleanview public U.S. data-center tracker,https://cleanview.co/data-centers/us,Individual facility or project from Cleanview's public geocoded U.S. data-center inventory.
Hermantown Data Center,,Planned,Planned,Publicly tracked data-center facility,,,4.0,"St. Louis, MN",46.835,-92.258,Public tracker coordinates,Monticello Nuclear Facility,MN,128.7,685.0,Cleanview public U.S. data-center tracker,https://cleanview.co/data-centers/us,Individual facility or project from Cleanview's public geocoded U.S. data-center inventory.
Sentinel Twin Creeks,,Planned,Planned,Publicly tracked data-center facility,,,4.0,"Loudoun, VA",39.07398,-77.5174,Public tracker coordinates,North Anna,VA,71.6,1959.4,Cleanview public U.S. data-center tracker,https://cleanview.co/data-centers/us,Individual facility or project from Cleanview's public geocoded U.S. data-center inventory.
TELOS Data Center,,Planned,Planned,Publicly tracked data-center facility,,,4.0,"Loudoun, VA",39.067024,-77.47857,Public tracker coordinates,Calvert Cliffs Nuclear Power Plant,MD,70.9,1850.4,Cleanview public U.S. data-center tracker,https://cleanview.co/data-centers/us,Individual facility or project from Cleanview's public geocoded U.S. data-center inventory.
NTT Ashburn VA6,,Operating,Operating,Publicly tracked data-center facility,,,4.0,"Loudoun, VA",39.0169133,-77.4734442,Public tracker coordinates,North Anna,VA,68.3,1959.4,Cleanview public U.S. data-center tracker,https://cleanview.co/data-centers/us,Individual facility or project from Cleanview's public geocoded U.S. data-center inventory.
Downtown Cleveland Data Center: CLE1,,Operating,Operating,Publicly tracked data-center facility,,,4.0,"Cuyahoga, OH",41.50129635,-81.68336327,Public tracker coordinates,Perry,OH,34.7,1311.6,Cleanview public U.S. data-center tracker,https://cleanview.co/data-centers/us,Individual facility or project from Cleanview's public geocoded U.S. data-center inventory.
Memphis Data Center MEM1,,Operating,Operating,Publicly tracked data-center facility,,,4.0,"Shelby, TN",35.2031302,-89.80843383,Public tracker coordinates,Browns Ferry,AL,156.2,3854.0,Cleanview public U.S. data-center tracker,https://cleanview.co/data-centers/us,Individual facility or project from Cleanview's public geocoded U.S. data-center inventory.
Austin Data Center: AUS1,,Operating,Operating,Publicly tracked data-center facility,,,4.0,"Travis, TX",30.4360466,-97.76607827,Public tracker coordinates,Comanche Peak,TX,128.7,2430.0,Cleanview public U.S. data-center tracker,https://cleanview.co/data-centers/us,Individual facility or project from Cleanview's public geocoded U.S. data-center inventory.
EdgeConneX SDG01,,Operating,Operating,Publicly tracked data-center facility,,,4.0,"San Diego, CA",32.84140496,-117.1697046,Public tracker coordinates,Palo Verde,AZ,252.1,4209.6,Cleanview public U.S. data-center tracker,https://cleanview.co/data-centers/us,Individual facility or project from Cleanview's public geocoded U.S. data-center inventory.
Atlantic Crossing,,Planned,Planned,Publicly tracked data-center facility,,,4.0,"Henrico, VA",37.50428628,-77.26042683,Public tracker coordinates,Surry,VA,38.7,1695.0,Cleanview public U.S. data-center tracker,https://cleanview.co/data-centers/us,Individual facility or project from Cleanview's public geocoded U.S. data-center inventory.
Paragon Park Lot 3B,,Planned,Planned,Publicly tracked data-center facility,,,4.0,"Loudoun, VA",39.01517048,-77.43475172,Public tracker coordinates,Calvert Cliffs Nuclear Power Plant,MD,66.9,1850.4,Cleanview public U.S. data-center tracker,https://cleanview.co/data-centers/us,Individual facility or project from Cleanview's public geocoded U.S. data-center inventory.
22660 Executive Dr Prologis,,Planned,Planned,Publicly tracked data-center facility,,,4.0,"Loudoun, VA",38.98975252,-77.44206104,Public tracker coordinates,Calvert Cliffs Nuclear Power Plant,MD,66.2,1850.4,Cleanview public U.S. data-center tracker,https://cleanview.co/data-centers/us,Individual facility or project from Cleanview's public geocoded U.S. data-center inventory.
Dulles 28 Motorplex,,Planned,Planned,Publicly tracked data-center facility,,,4.0,"Loudoun, VA",39.01573733,-77.44269106,Public tracker coordinates,Calvert Cliffs Nuclear Power Plant,MD,67.3,1850.4,Cleanview public U.S. data-center tracker,https://cleanview.co/data-centers/us,Individual facility or project from Cleanview's public geocoded U.S. data-center inventory.
Kestrel - Building 2,,Planned,Planned,Publicly tracked data-center facility,,,4.0,"Platte, MO",39.35403,-94.6967,Public tracker coordinates,Cooper Nuclear Station,NE,85.8,801.0,Cleanview public U.S. data-center tracker,https://cleanview.co/data-centers/us,Individual facility or project from Cleanview's public geocoded U.S. data-center inventory.
Kestrel - Building 3,,Planned,Planned,Publicly tracked data-center facility,,,4.0,"Platte, MO",39.35403,-94.6958,Public tracker coordinates,Cooper Nuclear Station,NE,85.8,801.0,Cleanview public U.S. data-center tracker,https://cleanview.co/data-centers/us,Individual facility or project from Cleanview's public geocoded U.S. data-center inventory.
Kestrel - Building 4,,Planned,Planned,Publicly tracked data-center facility,,,4.0,"Platte, MO",39.35333,-94.6976,Public tracker coordinates,Cooper Nuclear Station,NE,85.8,801.0,Cleanview public U.S. data-center tracker,https://cleanview.co/data-centers/us,Individual facility or project from Cleanview's public geocoded U.S. data-center inventory.
Kestrel - Building 5,,Planned,Planned,Publicly tracked data-center facility,,,4.0,"Platte, MO",39.35333,-94.6967,Public tracker coordinates,Cooper Nuclear Station,NE,85.9,801.0,Cleanview public U.S. data-center tracker,https://cleanview.co/data-centers/us,Individual facility or project from Cleanview's public geocoded U.S. data-center inventory.
Kestrel - Building 6,,Planned,Planned,Publicly tracked data-center facility,,,4.0,"Platte, MO",39.35333,-94.6958,Public tracker coordinates,Cooper Nuclear Station,NE,85.9,801.0,Cleanview public U.S. data-center tracker,https://cleanview.co/data-centers/us,Individual facility or project from Cleanview's public geocoded U.S. data-center inventory.
Potomac Technology Park,,Planned,Planned,Publicly tracked data-center facility,,,4.0,"Prince William, VA",38.630246,-77.42246893,Public tracker coordinates,North Anna,VA,44.1,1959.4,Cleanview public U.S. data-center tracker,https://cleanview.co/data-centers/us,Individual facility or project from Cleanview's public geocoded U.S. data-center inventory.
Gateway Commerce Center,,Planned,Planned,Publicly tracked data-center facility,,,4.0,"Spotsylvania, VA",38.165024,-77.529495,Public tracker coordinates,North Anna,VA,15.9,1959.4,Cleanview public U.S. data-center tracker,https://cleanview.co/data-centers/us,Individual facility or project from Cleanview's public geocoded U.S. data-center inventory.
Skybox San Angelo Campus,,Planned,Planned,Publicly tracked data-center facility,,,4.0,"Tom Green, TX",31.52764,-100.33235,Public tracker coordinates,Comanche Peak,TX,158.6,2430.0,Cleanview public U.S. data-center tracker,https://cleanview.co/data-centers/us,Individual facility or project from Cleanview's public geocoded U.S. data-center inventory.
Tuscarora Crossing Landbay 3,,Planned,Planned,Publicly tracked data-center facility,,,4.0,"Loudoun, VA",39.07723175,-77.53374334,Public tracker coordinates,North Anna,VA,71.6,1959.4,Cleanview public U.S. data-center tracker,https://cleanview.co/data-centers/us,Individual facility or project from Cleanview's public geocoded U.S. data-center inventory.
Forest Lane Data Center,,Planned,Planned,Publicly tracked data-center facility,,,4.0,"Stafford, VA",38.26742,-77.3867,Public tracker coordinates,North Anna,VA,26.2,1959.4,Cleanview public U.S. data-center tracker,https://cleanview.co/data-centers/us,Individual facility or project from Cleanview's public geocoded U.S. data-center inventory.
Vint Hill Technology Campus,,Planned,Planned,Publicly tracked data-center facility,,,4.0,"Fauquier, VA",38.75228175,-77.67349626,Public tracker coordinates,North Anna,VA,48.2,1959.4,Cleanview public U.S. data-center tracker,https://cleanview.co/data-centers/us,Individual facility or project from Cleanview's public geocoded U.S. data-center inventory.
Sisson North,,Planned,Planned,Publicly tracked data-center facility,,,4.0,"Stafford, VA",38.25873,-77.38705,Public tracker coordinates,North Anna,VA,25.8,1959.4,Cleanview public U.S. data-center tracker,https://cleanview.co/data-centers/us,Individual facility or project from Cleanview's public geocoded U.S. data-center inventory.
King George Technology Center,,Planned,Planned,Publicly tracked data-center facility,,,4.0,"King George, VA",38.256557,-77.29122,Public tracker coordinates,North Anna,VA,30.3,1959.4,Cleanview public U.S. data-center tracker,https://cleanview.co/data-centers/us,Individual facility or project from Cleanview's public geocoded U.S. data-center inventory.
Dahlgren West,,Planned,Planned,Publicly tracked data-center facility,,,4.0,"King George, VA",38.30985,-77.11264,Public tracker coordinates,Calvert Cliffs Nuclear Power Plant,MD,37.3,1850.4,Cleanview public U.S. data-center tracker,https://cleanview.co/data-centers/us,Individual facility or project from Cleanview's public geocoded U.S. data-center inventory.
Copper Ridge,,Planned,Planned,Publicly tracked data-center facility,,,4.0,"Culpeper, VA",38.46529475,-77.98738914,Public tracker coordinates,North Anna,VA,30.0,1959.4,Cleanview public U.S. data-center tracker,https://cleanview.co/data-centers/us,Individual facility or project from Cleanview's public geocoded U.S. data-center inventory.
Caroline Center for Innovation North,,Planned,Planned,Publicly tracked data-center facility,,,4.0,"Caroline, VA",37.95119,-77.42421,Public tracker coordinates,North Anna,VA,21.3,1959.4,Cleanview public U.S. data-center tracker,https://cleanview.co/data-centers/us,Individual facility or project from Cleanview's public geocoded U.S. data-center inventory.
Gregory Road Data Center,,Planned,Planned,Publicly tracked data-center facility,,,4.0,"Newton, GA",33.65261727,-83.81668935,Public tracker coordinates,Oconee,SC,94.7,2666.7,Cleanview public U.S. data-center tracker,https://cleanview.co/data-centers/us,Individual facility or project from Cleanview's public geocoded U.S. data-center inventory.
Howell Township Hyperscale Data Center,,Canceled,Other,Publicly tracked data-center facility,,,4.0,"Livingston, MI",42.6480582,-84.0219958,Public tracker coordinates,Fermi,MI,61.3,1217.0,Cleanview public U.S. data-center tracker,https://cleanview.co/data-centers/us,Individual facility or project from Cleanview's public geocoded U.S. data-center inventory.
Kestrel - Building 1,,Planned,Planned,Publicly tracked data-center facility,,,4.0,"Platte, MO",39.35403,-94.6976,Public tracker coordinates,Cooper Nuclear Station,NE,85.8,801.0,Cleanview public U.S. data-center tracker,https://cleanview.co/data-centers/us,Individual facility or project from Cleanview's public geocoded U.S. data-center inventory.
"Project West
",,Planned,Planned,Publicly tracked data-center facility,,,4.0,"Troup, GA",32.98262,-85.014525,Public tracker coordinates,Joseph M Farley,AL,121.7,1776.4,Cleanview public U.S. data-center tracker,https://cleanview.co/data-centers/us,Individual facility or project from Cleanview's public geocoded U.S. data-center inventory.
Thornberry Data Center Campus,,Planned,Planned,Publicly tracked data-center facility,,,4.0,"Caroline, VA",37.95416,-77.40686,Public tracker coordinates,North Anna,VA,22.1,1959.4,Cleanview public U.S. data-center tracker,https://cleanview.co/data-centers/us,Individual facility or project from Cleanview's public geocoded U.S. data-center inventory.
Atlas Agro Data Center Campus,,Planned,Planned,Publicly tracked data-center facility,,,4.0,"Benton, WA",46.355118,-119.3108,Public tracker coordinates,Columbia Generating Station,WA,8.1,1200.0,Cleanview public U.S. data-center tracker,https://cleanview.co/data-centers/us,Individual facility or project from Cleanview's public geocoded U.S. data-center inventory.
Adams Fork Harless Data Center Energy Campus,,Planned,Planned,Publicly tracked data-center facility,,,4.0,"Mingo, WV",37.75417,-82.1179,Public tracker coordinates,McGuire,NC,173.0,2440.6,Cleanview public U.S. data-center tracker,https://cleanview.co/data-centers/us,Individual facility or project from Cleanview's public geocoded U.S. data-center inventory.
Vantage TX22,,Planned,Planned,Publicly tracked data-center facility,,,4.0,"Bexar, TX",29.4771833,-98.6975504,Public tracker coordinates,South Texas Project,TX,166.7,2708.6,Cleanview public U.S. data-center tracker,https://cleanview.co/data-centers/us,Individual facility or project from Cleanview's public geocoded U.S. data-center inventory.
Microsoft New Albany Data Center,,Planned,Planned,Publicly tracked data-center facility,,,4.0,"Licking, OH",40.08,-82.78,Public tracker coordinates,Davis Besse,OH,106.0,925.2,Cleanview public U.S. data-center tracker,https://cleanview.co/data-centers/us,Individual facility or project from Cleanview's public geocoded U.S. data-center inventory.
Alpha Technologies Huntington Data Center,,Planned,Planned,Publicly tracked data-center facility,,,4.0,"Cabell, WV",38.41845,-82.4386,Public tracker coordinates,Beaver Valley,PA,186.0,1846.8,Cleanview public U.S. data-center tracker,https://cleanview.co/data-centers/us,Individual facility or project from Cleanview's public geocoded U.S. data-center inventory.
Project Lola,,Planned,Planned,Publicly tracked data-center facility,,,4.0,"Pottawattamie, IA",41.27545584,-95.79223557,Public tracker coordinates,Cooper Nuclear Station,NE,63.6,801.0,Cleanview public U.S. data-center tracker,https://cleanview.co/data-centers/us,Individual facility or project from Cleanview's public geocoded U.S. data-center inventory.
EX West Green Data Center,,Planned,Planned,Publicly tracked data-center facility,,,4.0,"Bexar, TX",29.44443161,-98.64452673,Public tracker coordinates,South Texas Project,TX,163.0,2708.6,Cleanview public U.S. data-center tracker,https://cleanview.co/data-centers/us,Individual facility or project from Cleanview's public geocoded U.S. data-center inventory.
LBA Realty San Jose DCs,,Planned,Planned,Publicly tracked data-center facility,,,4.0,"Santa Clara, CA",37.378492,-121.933069,Public tracker coordinates,Diablo Canyon,CA,161.3,2323.0,Cleanview public U.S. data-center tracker,https://cleanview.co/data-centers/us,Individual facility or project from Cleanview's public geocoded U.S. data-center inventory.
Guadalupe Quarry Redevelopment Project,,Planned,Planned,Publicly tracked data-center facility,,,4.0,"San Mateo, CA",37.68529673,-122.4219822,Public tracker coordinates,Diablo Canyon,CA,191.8,2323.0,Cleanview public U.S. data-center tracker,https://cleanview.co/data-centers/us,Individual facility or project from Cleanview's public geocoded U.S. data-center inventory.
NETL Computational Science & Engineering Center,,Planned,Planned,Publicly tracked data-center facility,,,4.0,"Monongalia, WV",39.67102,-79.975006,Public tracker coordinates,Beaver Valley,PA,70.0,1846.8,Cleanview public U.S. data-center tracker,https://cleanview.co/data-centers/us,Individual facility or project from Cleanview's public geocoded U.S. data-center inventory.
BlackChamber Gainesville Tech Park - Building 1,,Planned,Planned,Publicly tracked data-center facility,,,4.0,"Prince William, VA",38.78163,-77.57385,Public tracker coordinates,North Anna,VA,51.2,1959.4,Cleanview public U.S. data-center tracker,https://cleanview.co/data-centers/us,Individual facility or project from Cleanview's public geocoded U.S. data-center inventory.
Fortescue Buckeye Data Center,,Planned,Planned,Publicly tracked data-center facility,,,4.0,"Maricopa, AZ",33.192265,-112.67318,Public tracker coordinates,Palo Verde,AZ,17.4,4209.6,Cleanview public U.S. data-center tracker,https://cleanview.co/data-centers/us,Individual facility or project from Cleanview's public geocoded U.S. data-center inventory.
Project Pumpkin,,Planned,Planned,Publicly tracked data-center facility,,,4.0,"Columbia, GA",33.48528,-82.318,Public tracker coordinates,Vogtle,GA,39.9,4658.0,Cleanview public U.S. data-center tracker,https://cleanview.co/data-centers/us,Individual facility or project from Cleanview's public geocoded U.S. data-center inventory.
Belmont Route 7 - Building 2,,Planned,Planned,Publicly tracked data-center facility,,,4.0,"Loudoun, VA",39.0748,-77.492,Public tracker coordinates,Calvert Cliffs Nuclear Power Plant,MD,71.8,1850.4,Cleanview public U.S. data-center tracker,https://cleanview.co/data-centers/us,Individual facility or project from Cleanview's public geocoded U.S. data-center inventory.
Belmont Route 7 - Building 1,,Planned,Planned,Publicly tracked data-center facility,,,4.0,"Loudoun, VA",39.0755,-77.4945,Public tracker coordinates,North Anna,VA,72.0,1959.4,Cleanview public U.S. data-center tracker,https://cleanview.co/data-centers/us,Individual facility or project from Cleanview's public geocoded U.S. data-center inventory.
CyrusOne Broadlands - Building 5,,Planned,Planned,Publicly tracked data-center facility,,,4.0,"Loudoun, VA",39.0318,-77.5212,Public tracker coordinates,North Anna,VA,68.7,1959.4,Cleanview public U.S. data-center tracker,https://cleanview.co/data-centers/us,Individual facility or project from Cleanview's public geocoded U.S. data-center inventory.
CyrusOne Broadlands - Building 4,,Planned,Planned,Publicly tracked data-center facility,,,4.0,"Loudoun, VA",39.0321,-77.5241,Public tracker coordinates,North Anna,VA,68.7,1959.4,Cleanview public U.S. data-center tracker,https://cleanview.co/data-centers/us,Individual facility or project from Cleanview's public geocoded U.S. data-center inventory.
CyrusOne Broadlands - Building 3,,Planned,Planned,Publicly tracked data-center facility,,,4.0,"Loudoun, VA",39.0335,-77.5228,Public tracker coordinates,North Anna,VA,68.8,1959.4,Cleanview public U.S. data-center tracker,https://cleanview.co/data-centers/us,Individual facility or project from Cleanview's public geocoded U.S. data-center inventory.
CyrusOne Broadlands - Building 2,,Planned,Planned,Publicly tracked data-center facility,,,4.0,"Loudoun, VA",39.035,-77.5213,Public tracker coordinates,North Anna,VA,68.9,1959.4,Cleanview public U.S. data-center tracker,https://cleanview.co/data-centers/us,Individual facility or project from Cleanview's public geocoded U.S. data-center inventory.
CyrusOne Broadlands - Building 1,,Planned,Planned,Publicly tracked data-center facility,,,4.0,"Loudoun, VA",39.0355,-77.524,Public tracker coordinates,North Anna,VA,68.9,1959.4,Cleanview public U.S. data-center tracker,https://cleanview.co/data-centers/us,Individual facility or project from Cleanview's public geocoded U.S. data-center inventory.
MIN2,,Operating,Operating,Publicly tracked data-center facility,,,4.0,"Hennepin, MN",44.972336,-93.253098,Public tracker coordinates,Monticello Nuclear Facility,MN,38.3,685.0,Cleanview public U.S. data-center tracker,https://cleanview.co/data-centers/us,Individual facility or project from Cleanview's public geocoded U.S. data-center inventory.
QTS Digital Gateway North,,Canceled,Other,Publicly tracked data-center facility,,,4.0,"Prince William, VA",38.84683,-77.56985,Public tracker coordinates,North Anna,VA,55.7,1959.4,Cleanview public U.S. data-center tracker,https://cleanview.co/data-centers/us,Individual facility or project from Cleanview's public geocoded U.S. data-center inventory.
Compass Prince William Digital Gateway,,Canceled,Other,Publicly tracked data-center facility,,,4.0,"Prince William, VA",38.83419,-77.57867,Public tracker coordinates,North Anna,VA,54.7,1959.4,Cleanview public U.S. data-center tracker,https://cleanview.co/data-centers/us,Individual facility or project from Cleanview's public geocoded U.S. data-center inventory.
Amazon Devlin Technology Park - Building 1,,Planned,Planned,Publicly tracked data-center facility,,,4.0,"Prince William, VA",38.760722,-77.578641,Public tracker coordinates,North Anna,VA,49.7,1959.4,Cleanview public U.S. data-center tracker,https://cleanview.co/data-centers/us,Individual facility or project from Cleanview's public geocoded U.S. data-center inventory.
QTS Digital Gateway South,,Canceled,Other,Publicly tracked data-center facility,,,4.0,"Prince William, VA",38.81977,-77.57396,Public tracker coordinates,North Anna,VA,53.8,1959.4,Cleanview public U.S. data-center tracker,https://cleanview.co/data-centers/us,Individual facility or project from Cleanview's public geocoded U.S. data-center inventory.
HyscaleIX Nashville Carrier Hotel,,Operating,Operating,Publicly tracked data-center facility,,,4.0,"Davidson, TN",36.1628,-86.77863,Public tracker coordinates,Browns Ferry,AL,102.6,3854.0,Cleanview public U.S. data-center tracker,https://cleanview.co/data-centers/us,Individual facility or project from Cleanview's public geocoded U.S. data-center inventory.
HyscaleIX Tampa Carrier Hotel,,Operating,Operating,Publicly tracked data-center facility,,,4.0,"Hillsborough, FL",27.949581,-82.45849,Public tracker coordinates,St Lucie,FL,141.6,2160.0,Cleanview public U.S. data-center tracker,https://cleanview.co/data-centers/us,Individual facility or project from Cleanview's public geocoded U.S. data-center inventory.
Pennhurst Data Center Campus,,Canceled,Other,Publicly tracked data-center facility,,,4.0,"Chester, PA",40.194553,-75.56007,Public tracker coordinates,Limerick,PA,2.5,2277.0,Cleanview public U.S. data-center tracker,https://cleanview.co/data-centers/us,Individual facility or project from Cleanview's public geocoded U.S. data-center inventory.
Beale Project Atlas,,Canceled,Other,Publicly tracked data-center facility,,,4.0,"Wagoner, OK",35.89665,-95.60666,Public tracker coordinates,Arkansas Nuclear One,AR,139.2,1845.0,Cleanview public U.S. data-center tracker,https://cleanview.co/data-centers/us,Individual facility or project from Cleanview's public geocoded U.S. data-center inventory.
Culpeper Technology Campus,,Planned,Planned,Publicly tracked data-center facility,,,4.0,"Culpeper, VA",38.460241,-77.98773076,Public tracker coordinates,North Anna,VA,29.7,1959.4,Cleanview public U.S. data-center tracker,https://cleanview.co/data-centers/us,Individual facility or project from Cleanview's public geocoded U.S. data-center inventory.
Project Cherry Blossom,,Canceled,Other,Publicly tracked data-center facility,,,4.0,"Monroe, MI",41.92753356,-83.35441263,Public tracker coordinates,Fermi,MI,5.5,1217.0,Cleanview public U.S. data-center tracker,https://cleanview.co/data-centers/us,Individual facility or project from Cleanview's public geocoded U.S. data-center inventory.
Archbald Lackawanna Data Center,,Canceled,Other,Publicly tracked data-center facility,,,4.0,"Lackawanna, PA",41.51488474,-75.56456431,Public tracker coordinates,TalenEnergy Susquehanna,PA,42.0,2532.0,Cleanview public U.S. data-center tracker,https://cleanview.co/data-centers/us,Individual facility or project from Cleanview's public geocoded U.S. data-center inventory.
Project Blue Data Center,,Canceled,Other,Publicly tracked data-center facility,,,4.0,"Pima, AZ",32.05187126,-110.7876181,Public tracker coordinates,Palo Verde,AZ,151.8,4209.6,Cleanview public U.S. data-center tracker,https://cleanview.co/data-centers/us,Individual facility or project from Cleanview's public geocoded U.S. data-center inventory.
Black Mountain Power San Antonio,,Planned,Planned,Publicly tracked data-center facility,,,4.0,"Bexar, TX",29.270124,-98.57086,Public tracker coordinates,South Texas Project,TX,155.9,2708.6,Cleanview public U.S. data-center tracker,https://cleanview.co/data-centers/us,Individual facility or project from Cleanview's public geocoded U.S. data-center inventory.
DC Blox Indianapolis Data Center,,Planned,Planned,Publicly tracked data-center facility,,,4.0,"Marion, IN",39.771,-86.061,Public tracker coordinates,Clinton Power Station,IL,149.4,1138.3,Cleanview public U.S. data-center tracker,https://cleanview.co/data-centers/us,Individual facility or project from Cleanview's public geocoded U.S. data-center inventory.
Amazon Birchwood - Building 8,,Planned,Planned,Publicly tracked data-center facility,,,4.0,"King George, VA",38.264652,-77.316978,Public tracker coordinates,North Anna,VA,29.3,1959.4,Cleanview public U.S. data-center tracker,https://cleanview.co/data-centers/us,Individual facility or project from Cleanview's public geocoded U.S. data-center inventory.
Amazon Birchwood - Building 7,,Planned,Planned,Publicly tracked data-center facility,,,4.0,"King George, VA",38.266152,-77.316978,Public tracker coordinates,North Anna,VA,29.4,1959.4,Cleanview public U.S. data-center tracker,https://cleanview.co/data-centers/us,Individual facility or project from Cleanview's public geocoded U.S. data-center inventory.
Amazon Birchwood - Building 6,,Planned,Planned,Publicly tracked data-center facility,,,4.0,"King George, VA",38.267652,-77.316978,Public tracker coordinates,North Anna,VA,29.4,1959.4,Cleanview public U.S. data-center tracker,https://cleanview.co/data-centers/us,Individual facility or project from Cleanview's public geocoded U.S. data-center inventory.
Amazon Birchwood - Building 5,,Planned,Planned,Publicly tracked data-center facility,,,4.0,"King George, VA",38.269152,-77.316978,Public tracker coordinates,North Anna,VA,29.5,1959.4,Cleanview public U.S. data-center tracker,https://cleanview.co/data-centers/us,Individual facility or project from Cleanview's public geocoded U.S. data-center inventory.
Amazon Birchwood - Building 4,,Planned,Planned,Publicly tracked data-center facility,,,4.0,"King George, VA",38.264652,-77.318478,Public tracker coordinates,North Anna,VA,29.2,1959.4,Cleanview public U.S. data-center tracker,https://cleanview.co/data-centers/us,Individual facility or project from Cleanview's public geocoded U.S. data-center inventory.
Amazon Birchwood - Building 3,,Planned,Planned,Publicly tracked data-center facility,,,4.0,"King George, VA",38.266152,-77.318478,Public tracker coordinates,North Anna,VA,29.3,1959.4,Cleanview public U.S. data-center tracker,https://cleanview.co/data-centers/us,Individual facility or project from Cleanview's public geocoded U.S. data-center inventory.
Amazon Birchwood - Building 2,,Planned,Planned,Publicly tracked data-center facility,,,4.0,"King George, VA",38.267652,-77.318478,Public tracker coordinates,North Anna,VA,29.3,1959.4,Cleanview public U.S. data-center tracker,https://cleanview.co/data-centers/us,Individual facility or project from Cleanview's public geocoded U.S. data-center inventory.
Amazon Birchwood - Building 1,,Planned,Planned,Publicly tracked data-center facility,,,4.0,"King George, VA",38.269152,-77.318478,Public tracker coordinates,North Anna,VA,29.4,1959.4,Cleanview public U.S. data-center tracker,https://cleanview.co/data-centers/us,Individual facility or project from Cleanview's public geocoded U.S. data-center inventory.
Roxbury Technology Park,,Canceled,Other,Publicly tracked data-center facility,,,4.0,"Charles City, VA",37.46007665,-77.16267273,Public tracker coordinates,Surry,VA,32.6,1695.0,Cleanview public U.S. data-center tracker,https://cleanview.co/data-centers/us,Individual facility or project from Cleanview's public geocoded U.S. data-center inventory.
Project Lincoln,,Canceled,Other,Publicly tracked data-center facility,,,4.0,"Oldham, KY",38.39441718,-85.40911307,Public tracker coordinates,Watts Bar Nuclear Plant,TN,195.9,2539.8,Cleanview public U.S. data-center tracker,https://cleanview.co/data-centers/us,Individual facility or project from Cleanview's public geocoded U.S. data-center inventory.
Project Flo,,Canceled,Other,Publicly tracked data-center facility,,,4.0,"Marion, IN",39.71610527,-86.00263855,Public tracker coordinates,Clinton Power Station,IL,153.2,1138.3,Cleanview public U.S. data-center tracker,https://cleanview.co/data-centers/us,Individual facility or project from Cleanview's public geocoded U.S. data-center inventory.
Provident Realty: Burns Harbor,,Canceled,Other,Publicly tracked data-center facility,,,4.0,"Porter, IN",41.61278692,-87.10521918,Public tracker coordinates,Donald C Cook,MI,37.4,2285.3,Cleanview public U.S. data-center tracker,https://cleanview.co/data-centers/us,Individual facility or project from Cleanview's public geocoded U.S. data-center inventory.
Lower Mount Bethel Tech Center,,Planned,Planned,Publicly tracked data-center facility,,,4.0,"Northampton, PA",40.8401,-75.118,Public tracker coordinates,Limerick,PA,49.2,2277.0,Cleanview public U.S. data-center tracker,https://cleanview.co/data-centers/us,Individual facility or project from Cleanview's public geocoded U.S. data-center inventory.
Drox Rural Hall Data Center,,Planned,Planned,Publicly tracked data-center facility,,,4.0,"Forsyth, NC",36.242672,-80.299178,Public tracker coordinates,McGuire,NC,66.7,2440.6,Cleanview public U.S. data-center tracker,https://cleanview.co/data-centers/us,Individual facility or project from Cleanview's public geocoded U.S. data-center inventory.
Lancium Turkey Clean Campus,,Planned,Planned,Publicly tracked data-center facility,,,4.0,"Hall, TX",34.3363,-100.8927,Public tracker coordinates,Comanche Peak,TX,228.0,2430.0,Cleanview public U.S. data-center tracker,https://cleanview.co/data-centers/us,Individual facility or project from Cleanview's public geocoded U.S. data-center inventory.
Edged Prichard Data Center,,Planned,Planned,Publicly tracked data-center facility,,,4.0,"Mobile, AL",30.7332,-88.0646,Public tracker coordinates,Waterford 3,LA,152.3,1199.8,Cleanview public U.S. data-center tracker,https://cleanview.co/data-centers/us,Individual facility or project from Cleanview's public geocoded U.S. data-center inventory.
JPMorgan Chase Orangeburg Data Center,,Operating,Operating,Publicly tracked data-center facility,,,4.0,"Rockland, NY",41.0599,-73.9576,Public tracker coordinates,Millstone,CT,94.7,2259.9,Cleanview public U.S. data-center tracker,https://cleanview.co/data-centers/us,Individual facility or project from Cleanview's public geocoded U.S. data-center inventory.
Google Bristow Wellington Road - Building 1,,Planned,Planned,Publicly tracked data-center facility,,,4.0,"Prince William, VA",38.7918,-77.5756,Public tracker coordinates,North Anna,VA,51.9,1959.4,Cleanview public U.S. data-center tracker,https://cleanview.co/data-centers/us,Individual facility or project from Cleanview's public geocoded U.S. data-center inventory.
Google Bristow Wellington Road - Building 4,,Planned,Planned,Publicly tracked data-center facility,,,4.0,"Prince William, VA",38.7865,-77.5742,Public tracker coordinates,North Anna,VA,51.5,1959.4,Cleanview public U.S. data-center tracker,https://cleanview.co/data-centers/us,Individual facility or project from Cleanview's public geocoded U.S. data-center inventory.
Renaissance Tech Park D,,Planned,Planned,Publicly tracked data-center facility,,,4.0,"Fairfax, VA",38.933117,-77.424724,Public tracker coordinates,Calvert Cliffs Nuclear Power Plant,MD,63.2,1850.4,Cleanview public U.S. data-center tracker,https://cleanview.co/data-centers/us,Individual facility or project from Cleanview's public geocoded U.S. data-center inventory.
Renaissance Tech Park B,,Planned,Planned,Publicly tracked data-center facility,,,4.0,"Fairfax, VA",38.9354095,-77.4267609,Public tracker coordinates,Calvert Cliffs Nuclear Power Plant,MD,63.4,1850.4,Cleanview public U.S. data-center tracker,https://cleanview.co/data-centers/us,Individual facility or project from Cleanview's public geocoded U.S. data-center inventory.
AWS Clinton Data Center,,Planned,Planned,Publicly tracked data-center facility,,,4.0,"Hinds, MS",32.3585,-90.3442,Public tracker coordinates,Grand Gulf,MS,47.7,1440.0,Cleanview public U.S. data-center tracker,https://cleanview.co/data-centers/us,Individual facility or project from Cleanview's public geocoded U.S. data-center inventory.
AWS Vicksburg Data Center,,Planned,Planned,Publicly tracked data-center facility,,,4.0,"Warren, MS",32.281,-90.909,Public tracker coordinates,Grand Gulf,MS,20.5,1440.0,Cleanview public U.S. data-center tracker,https://cleanview.co/data-centers/us,Individual facility or project from Cleanview's public geocoded U.S. data-center inventory.
Innovation on the Parkway,,Planned,Planned,Publicly tracked data-center facility,,,4.0,"Prince William, VA",38.753802215700865,-77.52496278915665,Public tracker coordinates,North Anna,VA,50.0,1959.4,Cleanview public U.S. data-center tracker,https://cleanview.co/data-centers/us,Individual facility or project from Cleanview's public geocoded U.S. data-center inventory.
Google Bristow Wellington Road - Building 3,,Planned,Planned,Publicly tracked data-center facility,,,4.0,"Prince William, VA",38.7905,-77.5718,Public tracker coordinates,North Anna,VA,51.8,1959.4,Cleanview public U.S. data-center tracker,https://cleanview.co/data-centers/us,Individual facility or project from Cleanview's public geocoded U.S. data-center inventory.
0 Social Circle Parkway,,Planned,Planned,Publicly tracked data-center facility,,,4.0,"Walton, GA",33.60009169,-83.75134322,Public tracker coordinates,Oconee,SC,95.8,2666.7,Cleanview public U.S. data-center tracker,https://cleanview.co/data-centers/us,Individual facility or project from Cleanview's public geocoded U.S. data-center inventory.
Project Rockforge,,Planned,Planned,Publicly tracked data-center facility,,,4.0,"Rockdale, GA",33.69488571,-84.02688046,Public tracker coordinates,Oconee,SC,99.6,2666.7,Cleanview public U.S. data-center tracker,https://cleanview.co/data-centers/us,Individual facility or project from Cleanview's public geocoded U.S. data-center inventory.
Rockdale Technology Park 1,,Planned,Planned,Publicly tracked data-center facility,,,4.0,"Rockdale, GA",33.68758036,-84.05249305,Public tracker coordinates,Oconee,SC,100.9,2666.7,Cleanview public U.S. data-center tracker,https://cleanview.co/data-centers/us,Individual facility or project from Cleanview's public geocoded U.S. data-center inventory.
Spalding County Data Center Campus,,Planned,Planned,Publicly tracked data-center facility,,,4.0,"Spalding, GA",33.239955,-84.19663,Public tracker coordinates,Oconee,SC,130.6,2666.7,Cleanview public U.S. data-center tracker,https://cleanview.co/data-centers/us,Individual facility or project from Cleanview's public geocoded U.S. data-center inventory.
Strickland Tract,,Planned,Planned,Publicly tracked data-center facility,,,4.0,"Henry, GA",33.38134302,-84.2139056,Public tracker coordinates,Oconee,SC,123.2,2666.7,Cleanview public U.S. data-center tracker,https://cleanview.co/data-centers/us,Individual facility or project from Cleanview's public geocoded U.S. data-center inventory.
Stoneview,,Planned,Planned,Publicly tracked data-center facility,,,4.0,"Prince William, VA",38.76551013,-77.51943341,Public tracker coordinates,North Anna,VA,50.9,1959.4,Cleanview public U.S. data-center tracker,https://cleanview.co/data-centers/us,Individual facility or project from Cleanview's public geocoded U.S. data-center inventory.
0 Rocky Creek,,Planned,Planned,Publicly tracked data-center facility,,,4.0,"Henry, GA",33.40050767,-84.22765337,Public tracker coordinates,Oconee,SC,122.7,2666.7,Cleanview public U.S. data-center tracker,https://cleanview.co/data-centers/us,Individual facility or project from Cleanview's public geocoded U.S. data-center inventory.
Southeast Property Hampton GA,,Planned,Planned,Publicly tracked data-center facility,,,4.0,"Henry, GA",33.38065067,-84.27319028,Public tracker coordinates,Oconee,SC,125.4,2666.7,Cleanview public U.S. data-center tracker,https://cleanview.co/data-centers/us,Individual facility or project from Cleanview's public geocoded U.S. data-center inventory.
PCC-DeKalb,,Planned,Planned,Publicly tracked data-center facility,,,4.0,"DeKalb, GA",33.6499984,-84.3005929,Public tracker coordinates,Oconee,SC,112.5,2666.7,Cleanview public U.S. data-center tracker,https://cleanview.co/data-centers/us,Individual facility or project from Cleanview's public geocoded U.S. data-center inventory.
ATL03/Red Oak,,Planned,Planned,Publicly tracked data-center facility,,,4.0,"Fulton, GA",33.56355688,-84.51297939,Public tracker coordinates,Sequoyah,TN,119.6,2441.0,Cleanview public U.S. data-center tracker,https://cleanview.co/data-centers/us,Individual facility or project from Cleanview's public geocoded U.S. data-center inventory.
Vantage Data Center - Stacks Rd,,Planned,Planned,Publicly tracked data-center facility,,,4.0,"Fulton, GA",33.60526662,-84.53091036,Public tracker coordinates,Sequoyah,TN,116.5,2441.0,Cleanview public U.S. data-center tracker,https://cleanview.co/data-centers/us,Individual facility or project from Cleanview's public geocoded U.S. data-center inventory.
Vantage Data Center - Westlake,,Planned,Planned,Publicly tracked data-center facility,,,4.0,"Fulton, GA",33.70837741,-84.58438944,Public tracker coordinates,Sequoyah,TN,108.8,2441.0,Cleanview public U.S. data-center tracker,https://cleanview.co/data-centers/us,Individual facility or project from Cleanview's public geocoded U.S. data-center inventory.
Fairburn Technology Center,,Planned,Planned,Publicly tracked data-center facility,,,4.0,"Fulton, GA",33.53291288,-84.58971274,Public tracker coordinates,Sequoyah,TN,120.5,2441.0,Cleanview public U.S. data-center tracker,https://cleanview.co/data-centers/us,Individual facility or project from Cleanview's public geocoded U.S. data-center inventory.
Project Peach,,Planned,Planned,Publicly tracked data-center facility,,,4.0,"Coweta, GA",33.50288726,-84.66943483,Public tracker coordinates,Sequoyah,TN,121.5,2441.0,Cleanview public U.S. data-center tracker,https://cleanview.co/data-centers/us,Individual facility or project from Cleanview's public geocoded U.S. data-center inventory.
Central Coweta Industrial Phase II,,Planned,Planned,Publicly tracked data-center facility,,,4.0,"Coweta, GA",33.43341224,-84.73607573,Public tracker coordinates,Sequoyah,TN,125.6,2441.0,Cleanview public U.S. data-center tracker,https://cleanview.co/data-centers/us,Individual facility or project from Cleanview's public geocoded U.S. data-center inventory.
Switch KEEP 2.0 Atlanta North Campus,,Planned,Planned,Publicly tracked data-center facility,,,4.0,"Bartow, GA",34.1136133,-84.80344339,Public tracker coordinates,Sequoyah,TN,78.6,2441.0,Cleanview public U.S. data-center tracker,https://cleanview.co/data-centers/us,Individual facility or project from Cleanview's public geocoded U.S. data-center inventory.
Douglas Waldrop,,Planned,Planned,Publicly tracked data-center facility,,,4.0,"Douglas, GA",33.72654762,-84.8236731,Public tracker coordinates,Sequoyah,TN,104.8,2441.0,Cleanview public U.S. data-center tracker,https://cleanview.co/data-centers/us,Individual facility or project from Cleanview's public geocoded U.S. data-center inventory.
QTS Excalibur - Building 5,,Planned,Planned,Publicly tracked data-center facility,,,4.0,"Fayette County, GA",33.455466,-84.529879,Public tracker coordinates,Sequoyah,TN,126.5,2441.0,Cleanview public U.S. data-center tracker,https://cleanview.co/data-centers/us,Individual facility or project from Cleanview's public geocoded U.S. data-center inventory.
QTS Excalibur - Building 6,,Planned,Planned,Publicly tracked data-center facility,,,4.0,"Fayette County, GA",33.448327,-84.526646,Public tracker coordinates,Sequoyah,TN,127.0,2441.0,Cleanview public U.S. data-center tracker,https://cleanview.co/data-centers/us,Individual facility or project from Cleanview's public geocoded U.S. data-center inventory.
Project Bunkhouse,,Planned,Planned,Publicly tracked data-center facility,,,4.0,"Bartow, GA",34.0987696,-84.91229407,Public tracker coordinates,Sequoyah,TN,78.6,2441.0,Cleanview public U.S. data-center tracker,https://cleanview.co/data-centers/us,Individual facility or project from Cleanview's public geocoded U.S. data-center inventory.
Avemore,,Planned,Planned,Publicly tracked data-center facility,,,4.0,"Carroll, GA",33.70813832,-84.94476829,Public tracker coordinates,Sequoyah,TN,105.3,2441.0,Cleanview public U.S. data-center tracker,https://cleanview.co/data-centers/us,Individual facility or project from Cleanview's public geocoded U.S. data-center inventory.
Project Springbank,,Planned,Planned,Publicly tracked data-center facility,,,4.0,"Bartow, GA",34.30926,-84.96325,Public tracker coordinates,Sequoyah,TN,63.8,2441.0,Cleanview public U.S. data-center tracker,https://cleanview.co/data-centers/us,Individual facility or project from Cleanview's public geocoded U.S. data-center inventory.
Floyd County TBD,,Planned,Planned,Publicly tracked data-center facility,,,4.0,"Floyd, GA",34.26629474,-85.29371204,Public tracker coordinates,Sequoyah,TN,67.3,2441.0,Cleanview public U.S. data-center tracker,https://cleanview.co/data-centers/us,Individual facility or project from Cleanview's public geocoded U.S. data-center inventory.
Project Gracie,,Planned,Planned,Publicly tracked data-center facility,,,4.0,"Floyd, GA",34.26683,-85.29861,Public tracker coordinates,Sequoyah,TN,67.4,2441.0,Cleanview public U.S. data-center tracker,https://cleanview.co/data-centers/us,Individual facility or project from Cleanview's public geocoded U.S. data-center inventory.
Clayco St Charles Data Center,,Canceled,Other,Publicly tracked data-center facility,,,4.0,"St. Charles, MO",38.8172369,-90.55037637,Public tracker coordinates,Callaway,MO,66.3,1235.8,Cleanview public U.S. data-center tracker,https://cleanview.co/data-centers/us,Individual facility or project from Cleanview's public geocoded U.S. data-center inventory.
Nebius Birmingham Data Center,,Planned,Planned,Publicly tracked data-center facility,,,4.0,"Jefferson, AL",33.4326715,-86.8889779,Public tracker coordinates,Browns Ferry,AL,88.8,3854.0,Cleanview public U.S. data-center tracker,https://cleanview.co/data-centers/us,Individual facility or project from Cleanview's public geocoded U.S. data-center inventory.
Logistic Land Alabama Data Center,,Planned,Planned,Publicly tracked data-center facility,,,4.0,"Jefferson, AL",33.34032057,-87.0374269,Public tracker coordinates,Browns Ferry,AL,94.4,3854.0,Cleanview public U.S. data-center tracker,https://cleanview.co/data-centers/us,Individual facility or project from Cleanview's public geocoded U.S. data-center inventory.
QTS New Century,,Planned,Planned,Publicly tracked data-center facility,,,4.0,"Johnson, KS",38.83716398,-94.87460407,Public tracker coordinates,Wolf Creek Generating Station,KS,60.4,1296.3,Cleanview public U.S. data-center tracker,https://cleanview.co/data-centers/us,Individual facility or project from Cleanview's public geocoded U.S. data-center inventory.
Merrillville Technology Park,,Planned,Planned,Publicly tracked data-center facility,,,4.0,"Lake, IN",41.45982237,-87.29852996,Public tracker coordinates,Braidwood Generation Station,IL,50.5,2449.8,Cleanview public U.S. data-center tracker,https://cleanview.co/data-centers/us,Individual facility or project from Cleanview's public geocoded U.S. data-center inventory.
Karis Critical: Merrillville,,Planned,Planned,Publicly tracked data-center facility,,,4.0,"Lake, IN",41.436726,-87.307318,Public tracker coordinates,Braidwood Generation Station,IL,49.6,2449.8,Cleanview public U.S. data-center tracker,https://cleanview.co/data-centers/us,Individual facility or project from Cleanview's public geocoded U.S. data-center inventory.
Merrillville Commerce Center,,Planned,Planned,Publicly tracked data-center facility,,,4.0,"Lake, IN",41.44582297,-87.32872277,Public tracker coordinates,Braidwood Generation Station,IL,48.7,2449.8,Cleanview public U.S. data-center tracker,https://cleanview.co/data-centers/us,Individual facility or project from Cleanview's public geocoded U.S. data-center inventory.
Scott Greenberg Chicago Data Center,,Planned,Planned,Publicly tracked data-center facility,,,4.0,"Cook, IL",41.84688296,-87.62579176,Public tracker coordinates,Dresden Generating Station,IL,45.9,2018.6,Cleanview public U.S. data-center tracker,https://cleanview.co/data-centers/us,Individual facility or project from Cleanview's public geocoded U.S. data-center inventory.
Stream Data Center: Chicago III-V Data Center,,Planned,Planned,Publicly tracked data-center facility,,,4.0,"Cook, IL",42.01136617,-87.95269206,Public tracker coordinates,Dresden Generating Station,IL,45.9,2018.6,Cleanview public U.S. data-center tracker,https://cleanview.co/data-centers/us,Individual facility or project from Cleanview's public geocoded U.S. data-center inventory.
Oppidan: Carol Stream,,Planned,Planned,Publicly tracked data-center facility,,,4.0,"Cook, IL",41.91051497,-88.11508782,Public tracker coordinates,Dresden Generating Station,IL,36.8,2018.6,Cleanview public U.S. data-center tracker,https://cleanview.co/data-centers/us,Individual facility or project from Cleanview's public geocoded U.S. data-center inventory.
Kenosha Campus,,Planned,Planned,Publicly tracked data-center facility,,,4.0,"Kenosha, WI",42.62208241,-87.96445412,Public tracker coordinates,Byron Generating Station,IL,77.2,2449.8,Cleanview public U.S. data-center tracker,https://cleanview.co/data-centers/us,Individual facility or project from Cleanview's public geocoded U.S. data-center inventory.
