id,name,developer,status,status_group,category,facility_type,ai_classification,confidence,capacity_mw,operational_capacity_mw,planned_capacity_mw,capacity_label,landscape_weight,location,city,county,state,latitude,longitude,precision,powered_by,energy_source,utility,onsite_generation_mw,water_cooling_type,water_reported_mgd,water_notes,community_status,investment_usd,land_acres,jobs_construction,jobs_permanent,nearest_nuclear_name,nearest_nuclear_state,nearest_nuclear_distance_mi,nearest_nuclear_capacity_mw,nearest_nuclear_latitude,nearest_nuclear_longitude,nearest_power_name,nearest_power_state,nearest_power_distance_mi,nearest_power_capacity_mw,nearest_power_source,nearest_power_latitude,nearest_power_longitude,nearest_water_name,nearest_water_type,nearest_water_distance_mi,nearest_water_latitude,nearest_water_longitude,source,source_url,source_count,notes
stak-energy-north-slope-ak,Stak Energy North Slope Data Center,Stak Energy,Proposed,Proposed,confirmed,data_center,confirmed,reported,3000.0,,3000.0,"3,000 MW planned",715.0,"North Slope, AK",,North Slope,AK,69.84,-148.5,exact,"On-site natural gas generation (off-grid, new pipeline from North Slope reserves)",on_site_gas,,3000.0,air,,Arctic air cooling reduces water consumption by 90%+ compared to industry norms per company. Sub-freezing average temperatures enable free air cooling.,mixed,500000000.0,715.0,,,Columbia Generating Station,WA,1892.6,1200.0,46.4711,-119.3339,TNSG South Plant,AK,24.9,7.8,NG,70.2,-148.4667,Columbia River - Portland,river,1896.2,45.56,-122.68,Alaska's North Slope Proposed as Home for Massive AI Data Center,https://alaskapublic.org/news/economy/energy/2026-05-26/alaskas-north-slope-proposed-as-home-for-massive-ai-data-center,2,"Preliminary state land lease approval covers 715.4 acres (corrected from 640; one square mile = 640 acres exactly but the approved lease footprint is 715.4 acres per Alaska Beacon). Campus is approximately 26 miles south of Deadhorse/Prudhoe Bay off the Dalton Highway (corrected from 25 miles). Supports AI training, cloud computing, and HPC. 3 GW is the project's claimed ultimate potential; $500M is Phase 1 capital. Coordinates estimated (~26 miles south of Prudhoe Bay 70.2N/148.5W); exact site not publicly disclosed."
google-jackson-county-stevenson-al,Google Jackson County Campus,Google,Operating,Operating,likely,data_center,likely,confirmed,,,,,360.0,"Stevenson, Jackson County, AL",Stevenson,Jackson County,AL,34.8842,-85.755,exact,Tennessee Valley Authority (TVA),grid,,,unknown,,"Site sits on Guntersville Reservoir (Tennessee River), which historically cooled the coal plant; data-center cooling type not publicly confirmed.",supported,1500000000.0,360.0,,,Sequoyah,TN,44.4,2441.0,35.2267,-85.0917,Nickajack,TN,11.1,103.9,WAT,35.0017,-85.6218,Tennessee River - Chattanooga,river,27.6,35.045,-85.309,Google Blog: Alabama Investment - Jackson County Campus Expansion (June 2026),https://blog.google/innovation-and-ai/infrastructure-and-cloud/global-network/alabama-investment-june-2026/,5,"Campus operational since 2019 at the former TVA Widows Creek coal-plant site (~4.8 mi east of Stevenson). Recorded status is 'operational' (the campus is built and running); a $1.5B expansion announced June 15 2026 is under construction for 2026-2027 (captured in statusHistory). CAPACITY OMITTED: the widely cited 300 MW is Google's contracted new generation across the Tennessee Valley REGION, not a campus-specific figure. TVA partnership also includes a 2025 Kairos Power agreement for up to 50 MW of advanced nuclear for Google's AL/TN data centers (~2035). Construction workforce of 1,000+ is a projection (in notes, not jobs). Baxtel labels this 'Google Bridgeport'; TVA/Wikipedia/postal (35772) place Widows Creek near Stevenson - Stevenson used. 360-acre site; coordinates from the Widows Creek plant."
meta-huntsville-al,Meta Huntsville Data Center Campus,Meta,Operating,Operating,confirmed,data_center,confirmed,confirmed,,,,,8,"Huntsville, Madison County, AL",Huntsville,Madison County,AL,34.726,-86.647,exact,,mixed,TVA,,,,,supported,1500000000.0,,,300.0,Browns Ferry,AL,26.8,3854.0,34.7042,-87.1189,TAI Huntsville Solar Hybrid,AL,7.2,32.4,SUN,34.829551,-86.63035,Tennessee River - Florence,river,58.7,34.799,-87.677,"Meta's Huntsville, Alabama, data center expansion next to be stopped amid AI pivot",https://www.datacenterdynamics.com/en/news/metas-huntsville-alabama-data-center-expansion-next-to-be-stopped-amid-ai-pivot/,3,"Address: 5400 Prosperity Dr NW, Huntsville, AL. Coordinates are approximate for Cummings Research Park area. Original 2.5M sq ft campus operational; expansion to 3.5M sq ft paused December 2022 for AI architecture redesign; Meta stated no intent to abandon site. Over 85 grants and $4.2M in sponsorships to Huntsville-area schools since 2019. Meta's stated investment rose to more than $1.5B with the June 2022 expansion (original 2018 build ~$750M); the 3.5M-sq-ft expansion was later paused for AI redesign, so the ultimately realized figure is uncertain. Alabama's standard data-center abatement (Chapter 9B) likely applies, but no dollar figure was found in public sources."
meta-montgomery-al,Meta Montgomery Data Center,Meta,Under construction,Under construction,confirmed,data_center,confirmed,confirmed,,,,,8,"Montgomery, Montgomery County, AL",Montgomery,Montgomery County,AL,32.185,-86.273,exact,,solar,,,,,,supported,1500000000.0,,,100.0,Joseph M Farley,AL,95.3,1776.4,31.2231,-85.1116,Black Bear Solar 1,AL,3.3,100.0,SUN,32.196971,-86.32734,Chattahoochee River - Atlanta,river,154.3,33.809,-84.444,Governor Ivey Announces Meta Plans to Build $800 Million Data Center in Montgomery,https://governor.alabama.gov/newsroom/2024/05/governor-ivey-announces-meta-plans-to-build-800-million-next-generation-data-center-in-montgomery/,2,"Located off I-65 in southern Montgomery County across from Hyundai Motor Manufacturing Alabama (HMMA) plant (Hope Hull area, approximately I-65 Exit 164). Coordinates corrected to approximate HMMA corridor (~32.185 N, ~86.273 W); original record used central Montgomery city coordinates (32.362, -86.301) which are approximately 13 miles north of the Hyundai plant area. Originally announced as $800M, expanded September 2025 to $1.5B with 1.3M sq ft footprint. Expected online end of 2026. Meta's 24th global data hub and 20th in the US."
nebius-bhm01-birmingham-al,Nebius Birmingham AI Factory (BHM01),Nebius Group,Under construction,Under construction,confirmed,data_center,confirmed,confirmed,300.0,,300.0,300 MW planned,80.0,"Birmingham, Jefferson County, AL",Birmingham,Jefferson County,AL,33.4556,-86.8131,exact,Alabama Power (APCO),grid,,,closed_loop,,,litigation,,80.0,,,Browns Ferry,AL,88.0,3854.0,34.7042,-87.1189,ABC Coke,AL,9.0,3.8,OG,33.582793,-86.77987,Tennessee River - Florence,river,105.2,34.799,-87.677,"Nebius x Birmingham, Alabama - Official Project Page",https://nebius.com/birminghamal,6,"Nebius Group's Birmingham AI Factory (site code BHM01); distinct from nebius-vineland-nj and nebius-independence-mo. Capacity phased: Phase I = 100 MW (targeted H2 2026), Phase II adds 200 MW (full 300 MW by 2027-2028). Land acquisition $90M confirmed (2025-09-30); ~$855M in construction permits issued (April 2026) with $2.1B more under review; total capex described as 'tens of billions' (a projection) - so investmentUsd is omitted. ~100-125 projected permanent jobs (in notes, not jobs). Site: former Regions Lakeshore Operations Center (~80 acres) acquired from UAB, Regions Bank, and U.S. Steel; general contractor Hoar Construction. Coordinates address-approximate (201 Milan Pkwy, Oxmoor Corporate Park)."
qts-marvel-bessemer-al,QTS Bessemer (Project Marvel),QTS Data Centers (Blackstone),Proposed,Proposed,likely,data_center,likely,reported,1200.0,,1200.0,"1,200 MW planned",1607.0,"Bessemer, Jefferson County, AL",Bessemer,Jefferson County,AL,33.44,-86.97,exact,Alabama Power,grid,Alabama Power,,closed_loop,,"QTS committed to a closed-loop cooling system that does not consume water for cooling once operational. Opposition groups including Black Warrior Riverkeeper raised concerns about water impacts during construction and operation, citing proximity to a Black Warrior River tributary. Tuscaloosa County flagged for potential irreversible water impacts.",contested,,1607.0,,,Browns Ferry,AL,87.8,3854.0,34.7042,-87.1189,James H Miller Jr,AL,14.2,2822.0,SUB,33.6319,-87.0597,Tennessee River - Florence,river,102.2,34.799,-87.677,QTS confirms plans for proposed data center campus in Bessemer,https://www.wbrc.com/2026/07/02/qts-confirms-plans-proposed-data-center-campus-bessemer/,8,"Codename: Project Marvel. 18-building hyperscale campus on Red Ridge near I-459 and I-20/59 interchange in Bessemer (Jefferson County). Announced capacity: up to 1,200 MW at full build-out — reported as a planned ceiling, roughly 9% of Alabama Power's current generating capacity; recorded as capacityMw.planned = 1200 (an announced 'up to' full-build-out ceiling, consistent with how the dataset records other announced full-build-out figures). Investment: reported at $14–14.5B across sources (Logistics Land Investment anticipated 'close to $14.4B'; WBRC reported $14.5B at November 2025 rezoning; DCD reported ~$14B); no single firm company-confirmed figure exists — treated as a projected cost range and excluded from investmentUsd. Land: ~1,607.42 acres total after two rezoning rounds (initial ~700 acres November 2025 + 914-acre expansion April 2026). QTS affiliate purchased land from TPA Group affiliate for $431.73M. Chapter 9B statutory eligibility would have provided a 30-year abatement estimated at $500M+; QTS committed not to seek local property tax incentives (per WBRC July 2026) — subsidy excluded as eligibility does not equal award and QTS renounced pursuit. Full buildout timeline: 7+ years. Birmingham Business Alliance estimated ~$4B net benefit over 30 years; Bessemer City Schools projected ~$25M/year. AI framing not officially confirmed by QTS or the city as of July 2026 — size and scale (hyperscale, cloud/AI demand framing in QTS statement) support 'likely' classification. Coordinates are approximate for the Red Ridge parcel area. Jobs: ~1,000 construction and ~330 permanent are projected figures for the proposed (not-yet-built) campus (WBRC, Nov 2025) — recorded as projections in notes, not structured jobs fields, per data-rigor policy."
avaio-digital-leo-little-rock-ar,AVAIO Digital Leo Campus,AVAIO Digital Partners,Proposed,Proposed,confirmed,data_center,confirmed,confirmed,1000.0,,1000.0,"1,000 MW planned",760.0,"Pulaski County, AR",,Pulaski County,AR,34.68,-92.296,exact,,mixed,Entergy Arkansas,,unknown,,"AVAIO's project manager testified to the Pulaski County Quorum Court that the campus would demand about 200,000 gallons of water per day on average during warmer months, dropping to near zero in winter; the specific cooling technology was not disclosed.",contested,6000000000.0,760.0,,500.0,Arkansas Nuclear One,AR,68.7,1845.0,35.311,-93.2351,City of Little Rock Solar Array,AR,4.8,4.9,SUN,34.69761,-92.21437,Arkansas River - Little Rock,river,4.6,34.746,-92.289,"AVAIO Digital Announces New Large-Scale AI-Ready Data Center and Power Campus in Little Rock, Arkansas",https://www.arkansasedc.com/news-events/newsroom/detail/2026/01/12/avaio-digital-announces-new-large-scale-ai-ready-data-center-and-power-campus-in-little-rock--arkansas,3,"Location: off Interstate 530 near 145th Street, Pulaski County; coordinates are approximate for the I-530 corridor south of Little Rock. Named after the Leo constellation. Initial $6B investment may grow to $21B through full build-out. First phase completion targeted June 2027. Campus sits near long-haul fiber routes connecting Dallas, Atlanta, and Memphis. Q1 2026 construction start was planned as of announcement; current construction status unconfirmed as of research date. Fix: energy.source corrected from 'on_site_gas' to 'mixed'; onSiteGenerationMw removed — the 150 MW figure is the Entergy Arkansas grid supply contract, not on-site generation; on-site gas capacity is unquantified in sources. Arkansas's data-center sales-and-use tax exemption (Act 819 of 2023, expanded by Act 548 of 2025) likely applies given the investment scale, but no AVAIO-specific incentive award has been published."
google-west-memphis-ar,Google West Memphis Data Center Campus,Google,Under construction,Under construction,confirmed,data_center,confirmed,confirmed,,,,,1178.0,"West Memphis, Crittenden County, AR",West Memphis,Crittenden County,AR,35.156,-90.175,exact,,grid,,,closed_loop,,Graywater plant planned to reuse water for equipment cooling,supported,4000000000.0,1178.0,,,Arkansas Nuclear One,AR,173.0,1845.0,35.311,-93.2351,Allen,TN,5.9,1290.1,DFO; NG,35.074087,-90.14868,Mississippi River - Memphis,river,7.1,35.149,-90.049,"Google Locating New Data Center in West Memphis, Arkansas with Multi-Billion Dollar Investment",https://www.arkansasedc.com/news-events/newsroom/detail/2025/10/02/google-locating-new-data-center-in-west-memphis--arkansas-with-multi-billion-dollar-investment,2,"Campus on Bolliger Road, West Memphis. Coordinates approximate for the Bolliger Road industrial area. $4B is Phase 1 through 2027; total planned investment is $10B, which would be the largest private capital investment in Arkansas history. Five data center buildings on 920-acre campus footprint within a 1,178-acre site (per U.S. Army Corps of Engineers filing). Fixes: (1) removed unsourced 5,000 construction jobs figure — AEDC states only 'thousands'; (2) corrected energy.source from 'solar' to 'grid' — facility draws from Entergy Arkansas; Arkansas Cypress Solar is a companion renewable project; (3) corrected landAcres from 1,200 to 1,178 per Army Corps filing."
google-port-of-little-rock-data-center-ar,Port of Little Rock Data Center,Google (via Willowbend Capital LLC),Under construction,Under construction,Data center,data_center,,confirmed,,,,,8,"Little Rock, Pulaski, AR",Little Rock,Pulaski,AR,34.746,-92.29,approximate,,,,,,,,,1000000000.0,,,,Arkansas Nuclear One,AR,66.2,1845.0,35.311,-93.2351,Murray,AR,5.1,45.4,WAT,34.7956,-92.3569,Arkansas River - Little Rock,river,0.1,34.746,-92.289,Google's $1B Port of Little Rock data center,https://www.arkansasbusiness.com/article/google-little-rock-port-data-center/,2,"380 acres, 5 industrial buildings totaling 1.43M sq ft at the Port of Little Rock. Distinct from the separately tracked Google West Memphis (Crittenden County) site roughly 130 miles away. 30-year tax abatement."
aws-laveen-az,AWS Laveen Data Center Campus,Amazon Web Services,Proposed,Proposed,mixed_use,data_center,mixed_use,reported,,,,,8,"Laveen, Maricopa, AZ",Laveen,Maricopa,AZ,33.3727,-112.1669,exact,,,,,,,,unknown,,,,,Palo Verde,AZ,40.1,4209.6,33.3881,-112.8617,TJX Phoenix,AZ,3.2,2.9,SUN,33.418481,-112.1781,Colorado River - Lake Havasu,river/lake,145.4,34.483,-114.322,"Amazon acquires 220 acres in Phoenix, Arizona for possible data center",https://www.datacenterdynamics.com/en/news/amazon-acquires-220-acres-in-phoenix-arizona-for-possible-data-center/,1,"~220-acre land acquisition ($277M) near Loop 202 & Dobbins Rd, Laveen (Phoenix), Maricopa County. No capacity, utility, or AI-specific program announced yet — recorded as proposed / mixed_use pending a construction announcement (re-review trigger). Coordinates are the Laveen area centroid."
aligned-phx13-glendale-az,Aligned PHX-13,Aligned Data Centers,Under construction,Under construction,confirmed,data_center,confirmed,confirmed,72.0,,72.0,72 MW planned,100.0,"Glendale, Maricopa, AZ",Glendale,Maricopa,AZ,33.5387,-112.186,exact,,grid,Arizona Public Service (APS),,closed_loop,,"Aligned Delta-cube closed-loop air-cooling arrays with water recycling (no evaporative draw); DeltaFlow liquid cooling planned for dense AI workloads. A marketed '>73% water reduction' is versus the site's prior agricultural (rose-farm) use, not a data-center withdrawal figure -> no MGD recorded.",supported,,100.0,,,Palo Verde,AZ,40.3,4209.6,33.3881,-112.8617,Agua Fria,AZ,2.1,737.5,MWH; NG; SUN,33.5561,-112.2153,Colorado River - Lake Havasu,river/lake,138.6,34.483,-114.322,"Aligned Data Centers breaks ground on Glendale, expanding Arizona infrastructure",https://news.constructconnect.com/aligned-data-centers-breaks-ground-on-glendale-expanding-arizona-infrastructure,4,"PHX-13, a 72 MW campus in Glendale, Maricopa County. Coordinates are the Glendale area centroid. Land acquired for $86.5M (100 acres at 8785 N Reems Rd, Dec 2024, from LXP Industrial Trust) - land cost, not campus capex -> investmentUsd omitted. No job counts disclosed -> jobs honest-zero. The campus likely uses Arizona's statutory data-center TPT exemption (A.R.S. 41-1519), but no ACA certification or GPLET agreement for this campus is public -> subsidy honest-zero."
apple-mesa-az,Apple Mesa Data Center (Global Command Center),Apple,Operating,Operating,likely,data_center,likely,confirmed,,,,,8,"Mesa, Maricopa County, AZ",Mesa,Maricopa County,AZ,33.3615205,-111.6012177,approximate,,,,,,,,,2000000000.0,,,,Palo Verde,AZ,72.8,4209.6,33.3881,-112.8617,Pediment BESS I,AZ,0.4,250.0,MWH,33.355662,-111.6021,Colorado River - Lake Havasu,river/lake,174.2,34.483,-114.322,"Grand opening for Apple's Arizona Data and Global Command Center in Mesa — $2B, 1.3M sq ft",https://mesanow.org/news/public/article/2149,2,"Apple's Global Data and Command Center at 3740 S Signal Butte Rd, Mesa, Maricopa County — a converted former GT Advanced sapphire plant (~1.3M sq ft), operational in the ~2016-2018 window, a $2B investment (Mesa Now / Data Center Knowledge), solar-powered. Functions as Apple's worldwide data-center monitoring/command hub. Apple's Feb 2025 newsroom names Arizona among states for continued data-center capacity expansion. No site-specific IT-load MW is disclosed; acreage not disclosed in fetched sources. Coordinates are an approximate geocode of the Signal Butte Rd address; a county-parcel pass could upgrade precision to exact."
prime-avondale-az,Avondale Campus,Prime Data Centers,Under construction,Under construction,Data center,data_center,,confirmed,240.0,,240.0,240 MW planned,240.0,"Avondale, Maricopa, AZ",Avondale,Maricopa,AZ,33.44,-112.35,approximate,,,,,,,,,3000000000.0,,,,Palo Verde,AZ,29.7,4209.6,33.3881,-112.8617,Estrella Mountain PV,AZ,2.2,1.8,SUN,33.409803,-112.3403,Colorado River - Lake Havasu,river/lake,134.0,34.483,-114.322,"Prime Data Centers breaks ground on three buildings at its 240MW Phoenix campus, advancing $3 billion investment in Avondale",https://primedatacenters.com/news/prime-data-centers-breaks-ground-on-three-buildings-at-its-240mw-phoenix-campus-advancing-3billion-dollar-investment-in-avondale/,1,"5-building, 66.5-acre campus; groundbreaking on first 3 buildings May 2026."
tract-buckeye-tech-corridor-az,Buckeye Tech Corridor,Tract,Permitted,Permitted,likely,data_center,likely,reported,,,,,2069.0,"Buckeye, Maricopa, AZ",Buckeye,Maricopa,AZ,33.4136,-112.7203,exact,,,,,,,,,20000000000.0,2069.0,,,Palo Verde,AZ,8.3,4209.6,33.3881,-112.8617,Sun Streams 4,AZ,5.0,600.0,MWH; SUN,33.361282,-112.7801,Colorado River - Lake Havasu,river/lake,117.8,34.483,-114.322,"Tract plans 1,700-acre data center campus in Phoenix, Arizona",https://www.datacenterdynamics.com/en/news/tract-plans-1700-acre-data-center-campus-in-phoenix-arizona/,5,"Master-planned data center park on a ~2,069-acre former residential (Cipriani) parcel Tract acquired for ~$136M, south of I-10 in Buckeye; planned for up to ~20M sq ft across as many as 40 data centers at full build-out over ~15 years (~$20B). Coordinates are an approximate town-level geocode (Buckeye, south of I-10), not a parcel-confirmed point."
edgecore-mesa-az,EdgeCore Mesa Data Center Campus,EdgeCore Digital Infrastructure,Under construction,Under construction,confirmed,data_center,confirmed,confirmed,200.0,200.0,450.0,200 MW operating / 450 MW planned,84.0,"Mesa, Maricopa, AZ",Mesa,Maricopa,AZ,33.375,-111.6497,exact,,grid,Salt River Project (SRP),,air,,Air-cooled design requires no water recharge; closed-loop chilled water system,supported,,84.0,,,Palo Verde,AZ,69.9,4209.6,33.3881,-112.8617,Pediment BESS I,AZ,3.1,250.0,MWH,33.355662,-111.6021,Colorado River - Lake Havasu,river/lake,171.3,34.483,-114.322,EdgeCore Announces Metro Phoenix Expansion to 450MW,https://edgecore.com/edgecore-digital-infrastructure-announces-expansion-of-its-metro-phoenix-data-center-market-to-over-450-mw/,2,"Elliot Road Technology Corridor, Mesa. CEO stated 'Greater Phoenix is fast becoming the AI center of the West.' Expansion land purchase adds 43.87 acres to 40-acre original site. EdgeCore raised $2B equity and $2B debt in 2024. Coordinates approximate for Elliot Road corridor. Arizona's data-center sales/use-tax exemption (A.R.S. Sec. 41-1519) applies by statute, but no campus-specific certified award was publicly verifiable (eligibility != confirmed award); the $150M cited is first-building capex and the $2B equity + $2B debt EdgeCore raised in 2024 is corporate financing, not Mesa-campus capex."
google-redhawk-mesa-az,Google Redhawk Mesa Data Center Campus,Google,Under construction,Under construction,confirmed,data_center,confirmed,confirmed,400.0,,400.0,400 MW planned,187.0,"Mesa, Maricopa, AZ",Mesa,Maricopa,AZ,33.3764,-111.6199,exact,400MW solar and wind (Salt River Project),solar,Salt River Project (SRP),,air,,"Google built the Mesa campus as air-cooled, chosen for Arizona's watershed scarcity; Mesa's economic-development director described it at groundbreaking as a 'cutting-edge, air-cooled data center campus.' The 2019 City of Mesa development agreement separately provided for the city to supply up to ~1 million gallons/day at launch, scaling toward ~4 million gallons/day at full build-out — a contractual water allocation/backup (on-site storage, existing wells, acquired water rights, long-term storage credits), not confirmed operational cooling consumption. No operational water-use figure has been published.",supported,1000000000.0,187.0,,,Palo Verde,AZ,71.6,4209.6,33.3881,-112.8617,Pediment BESS I,AZ,1.8,250.0,MWH,33.355662,-111.6021,Colorado River - Lake Havasu,river/lake,172.7,34.483,-114.322,Google breaks ground on Mesa data center campus in Arizona,https://www.datacenterdynamics.com/en/news/google-breaks-ground-on-mesa-data-center-campus-in-arizona/,3,"Three-phase campus through 2030; originally filed anonymously as Project Red Hawk via LLC Stone Applications. Phase 1 operational July 2025. Phase 2 under construction. Coordinates at Elliot and Sossaman roads, SE Mesa. 2019 development agreement requires >=$600M capex by 2025, >=$1B by 2029, 750,000 sq ft built by 2030, and a >=$65,000 average full-time data-center salary; construction workforce has been cited around 1,200 (an estimate, not a permanent-jobs count)."
arizona-land-consulting-hassayampa-ranch-tonopah-az,Hassayampa Ranch Data Center,Arizona Land Consulting,Proposed,Proposed,likely,data_center,likely,reported,,,,,2000.0,"Tonopah, Maricopa, AZ",Tonopah,Maricopa,AZ,33.511576,-112.769387,exact,,,,,,,,,25000000000.0,2000.0,,,Palo Verde,AZ,10.1,4209.6,33.3881,-112.8617,Badger 1,AZ,2.7,14.8,SUN,33.498003,-112.8135,Colorado River - Lake Havasu,river/lake,111.4,34.483,-114.322,$25B Data Center Greenlit Near Buckeye,https://www.connectcre.com/stories/25b-data-center-greenlit-near-buckeye/,4,"~$25B proposed data center campus led by Arizona Land Consulting (Anita Verma-Lallian) with investor Chamath Palihapitiya, on ~2,000 acres of far-western Maricopa County near Tonopah (acquired in a ~$51M deal). Maricopa County approved industrial rezoning Dec 10, 2025; zoning applications pending. Coordinates are an approximate town-level geocode near Tonopah, not a parcel-confirmed point."
vermaland-la-osa-eloy-az,La Osa Data Center Park,Vermaland LLC,Proposed,Proposed,likely,data_center,likely,reported,,,,,3300.0,"Eloy, Pinal County, AZ",Eloy,Pinal County,AZ,32.75,-111.55,exact,WAPA grid interconnect; on-site natural gas (phase 1); solar (planned),mixed,Western Area Power Administration (WAPA) — proposed grid transmission line upgrades for interconnect. APS and SRP not confirmed as utility providers.,,closed_loop,,"Developer's attorney stated commitment to air-cooled or closed-loop cooling to minimize water demand. Site borders the Greene Canal, raising concerns about water access and consumption in an arid region. No MGD figures have been published. Critics cited Pima County's 'Project Blue' hyperscale data center as a cautionary precedent for water misuse in Arizona desert developments.",opposed,,3300.0,,,Palo Verde,AZ,87.8,4209.6,33.3881,-112.8617,"West Line Solar, LLC",AZ,0.5,100.0,SUN,32.7559,-111.5548,Colorado River - Lake Havasu,river/lake,199.4,34.483,-114.322,Land developer Vermaland pitches $33bn data center in Arizona,https://www.datacenterdynamics.com/en/news/land-developer-vermaland-plans-33bn-data-center-in-arizona/,5,"Vermaland LLC is a Phoenix-area land developer and land-banking company (CEO Kuldip 'Ken' Verma, founded 2006, controls ~25,000 acres of metro Phoenix land). DCD explicitly noted 'it is unclear whether Vermaland would operate its own data center facilities' — Vermaland plans to sell or rent parcels/buildings to tenants. No end tenants or hyperscaler operators have been named as of July 2026. Original plan: 59 data centers, up to 3 GW capacity ceiling, up to $33B investment ceiling, 3,300-acre site south of Eloy along the Greene Canal. A separate adjacent 1,700-acre parcel already holds Industrial-2 zoning for data centers, gas plants, battery storage, and solar. After strong public opposition (all ~60 public comments opposed), operator announced May 2026 scale-back to 11 data centers and 1 GW ceiling. Board of Supervisors hearing scheduled August 26, 2026; no permits issued as of record date. Site lies adjacent to a Qualified Opportunity Zone (investor tax benefit; not a direct subsidy to Vermaland — no subsidy award confirmed, omitted). Coordinates are approximate (parcel south of Eloy city center along Greene Canal; no precise APN published). $33B investment and all GW figures are announced ceilings, not firm commitments."
fremont-peak-luckett-road-marana-az,Luckett Road Data Centers (Fremont Peak Properties),Fremont Peak Properties LLC (Beale Infrastructure),Proposed,Proposed,likely,data_center,likely,reported,,,,,661.0,"Marana, Pima, AZ",Marana,Pima,AZ,32.495,-111.198,exact,,grid,Trico Electric Cooperative (north parcel); Tucson Electric Power (south parcel),,air,,Marana town code prohibits use of potable water for cooling systems; project proposed as air-cooled. Additional water for irrigation/industrial/fire suppression to be provided by the Cortaro Marana Irrigation District.,contested,5000000000.0,661.0,,,Palo Verde,AZ,114.5,4209.6,33.3881,-112.8617,Serrano,AZ,6.2,383.8,MWH; SUN,32.502375,-111.3037,Colorado River - Lake Havasu,river/lake,226.4,34.483,-114.322,Rezoning approved for Marana data center campus,https://tucson.com/news/local/environment/article_52f0d4ba-aa9e-4c17-b290-ca3c2ad8d011.html,5,"Two parcels along Luckett Road: north parcel owned by the Church of Jesus Christ of Latter-day Saints (borders Pinal County); south parcel owned by the Kai Family Trust. Fremont Peak Properties LLC (also referenced as 'Humphrey's Peak Properties' in some coverage) is a subsidiary of Beale Infrastructure, backed by Blue Owl Capital; connected to, but a distinct site from, the separately-tracked 'Project Blue' Beale/Blue Owl effort in unincorporated Pima County near Tucson, and from Beale's separately-tracked Project Pilot in De Soto, KS. Developer projects ~400 permanent and ~4,200 temporary construction jobs (Chamber of Southern Arizona estimate) - not yet delivered, so omitted from the jobs field. No explicit AI/GPU branding found in coverage; classified 'likely' given Blue Owl Capital's profile as a major AI-datacenter-era infrastructure investor. Coordinates are approximate for the Luckett Road parcels."
meta-mesa-az,Meta Mesa Data Center,Meta,Operating,Operating,confirmed,data_center,confirmed,confirmed,,,,,8,"Mesa, Maricopa County, AZ",Mesa,Maricopa County,AZ,33.3375358,-111.6355386,approximate,,,,,,,,,,,,,Palo Verde,AZ,70.8,4209.6,33.3881,-112.8617,Mesa Carport PV,AZ,2.0,4.6,SUN,33.347,-111.602,Colorado River - Lake Havasu,river/lake,173.2,34.483,-114.322,"Mesa, we are online! — Meta's Mesa data center serving traffic (Jan 2025), $1B+ in Arizona",https://datacenters.atmeta.com/2025/01/mesa-we-are-online/,2,"Meta data center at 3841 S Ellsworth Rd in the Elliot Road Technology Corridor, Mesa, Maricopa County — land acquired 2021 (shell entity 'Redale LLC'), came online in 2025, and was redesigned for AI workloads during construction (baxtel). Meta states 'more than $1 billion' invested in Arizona. No site-specific IT-load MW is disclosed. Coordinates are an approximate geocode of the disclosed Ellsworth Rd address; a county-parcel pass could upgrade precision to exact."
microsoft-el-mirage-az,Microsoft El Mirage Data Center Campus,Microsoft,Under construction,Under construction,likely,data_center,likely,confirmed,,,,,433.0,"El Mirage, Maricopa, AZ",El Mirage,Maricopa,AZ,33.5695,-112.3204,exact,,grid,Arizona Public Service (APS),,hybrid,,"Microsoft's Arizona datacenters use adiabatic cooling - zero water for cooling more than half the year (outside air below 85F), switching to evaporative ('swamp-cooler'-style) above 85F; Microsoft and Gila River Water Storage replenish Phoenix-AMA groundwater with long-term storage credits dedicated to El Mirage and Goodyear. No El Mirage-specific water-use (MGD) figure is published.",supported,258000000.0,433.0,,,Palo Verde,AZ,33.6,4209.6,33.3881,-112.8617,El Sol BESS,AZ,0.8,50.0,MWH,33.568,-112.3059,Colorado River - Lake Havasu,river/lake,130.8,34.483,-114.322,Microsoft Data Center Planned in El Mirage — PHX-83 fifth building,https://azbex.com/planning-development/microsoft-data-center-new-spec-industrial-planned-in-el-mirage/,3,"investmentUsd is land-purchase cost only; total campus investment is higher. PHX-83 is the fifth building on existing El Mirage campus. Coordinates are El Mirage city centroid; site is at SE corner of Dysart Rd and Olive Ave. Arizona's Sec. 41-1519 sales/use-tax exemption applies by statute but no campus-specific certified award was found; published job figures cover the combined West Valley (El Mirage/Goodyear) campus, not El Mirage alone."
microsoft-goodyear-az,Microsoft Goodyear Data Center Campus,Microsoft,Under construction,Under construction,likely,data_center,likely,confirmed,,,,,550.0,"Goodyear, Maricopa, AZ",Goodyear,Maricopa,AZ,33.4353,-112.39,exact,,grid,Arizona Public Service (APS),,hybrid,,"Microsoft updated development agreement requiring 4th and 5th buildings to use air cooling rather than direct evaporative cooling originally intended. Contributing nearly $42M total: $36M to expand 157th Ave Wastewater Treatment Plant (of a planned $90M expansion), $5M financial assurance toward dedicated sewer line, $800K city coordinator fee.",,1500000000.0,550.0,1000.0,100.0,Palo Verde,AZ,27.4,4209.6,33.3881,-112.8617,Pluto Energy Storage,AZ,2.2,75.0,MWH,33.409631,-112.4116,Colorado River - Lake Havasu,river/lake,132.3,34.483,-114.322,Microsoft purchases 100 acres next to Goodyear campus,https://www.datacenterdynamics.com/en/news/microsoft-purchases-100-acres-next-to-existing-data-center-campus-in-goodyear-arizona/,3,"Near Citrus and Indian School roads, Goodyear (address: 3785 Citrus Rd per industry sources). Two-million sq ft of existing or under-construction data centers. investmentUsd is reported campus value; land-only spend is additional. Coordinates approximate; exact site is west Goodyear near airport. First land purchase corrected to April 2019 / 150 acres / $37.11M per DCD primary source; intermediate purchases brought pre-2025 footprint to approximately 450 acres before the 100-acre 2025 expansion to 550+ total."
ntt-global-mesa-az,NTT Global Data Centers Mesa — Pacific Proving Technology Park,NTT Global Data Centers,Proposed,Proposed,likely,data_center,likely,reported,360.0,,360.0,360 MW planned,173.0,"Mesa, Maricopa, AZ",Mesa,Maricopa,AZ,33.3025,-111.62,exact,,grid,Salt River Project (SRP),,closed_loop,,Closed-loop cooling proposed; community activists cite Arizona drought and Colorado River water stress,contested,300000000.0,173.0,,,Palo Verde,AZ,71.9,4209.6,33.3881,-112.8617,Queen Creek Solar Farm,AZ,2.5,19.0,SUN,33.2675,-111.6122,Colorado River - Lake Havasu,river/lake,175.1,34.483,-114.322,NTT acquires 173-acre planned data center park in Mesa for $300m,https://www.datacenterdynamics.com/en/news/ntt-acquires-173-acre-planned-data-center-park-in-mesa-arizona-for-300m/,2,"investmentUsd is $300M land purchase only; total buildout investment is substantially higher. NE corner of Pecos and Crismon roads, far SE Mesa. Seven two-story buildings totaling 1.7M sq ft + warehouse + office. NTT's second Phoenix-area campus (existing 102-acre, 240MW campus is ~4 miles north on Elliot Road). Phase 1 targeted November 2028. Coordinates approximate for Pecos/Crismon intersection."
novva-mesa-az,Novva Mesa Data Center Campus,Novva Data Centers,Under construction,Under construction,likely,data_center,likely,confirmed,300.0,,300.0,300 MW planned,160.0,"Mesa, Maricopa, AZ",Mesa,Maricopa,AZ,33.3717,-111.6747,exact,,solar,Salt River Project (SRP),,air,,Proprietary water-free air-cooling system projected to conserve up to 650 million gallons of culinary water annually versus comparable evaporative-cooled facility,,3000000000.0,160.0,,200.0,Palo Verde,AZ,68.5,4209.6,33.3881,-112.8617,Pediment BESS I,AZ,4.3,250.0,MWH,33.355662,-111.6021,Colorado River - Lake Havasu,river/lake,170.1,34.483,-114.322,Novva Data Centers Announces New Campus in Mesa,https://www.novva.com/media-center/novva-data-centers-announces-new-campus-in-mesa/,2,"Located near Ellsworth and Warner roads, southeast Mesa. Five data halls, 1.3M sq ft data hall space, 200,000 sq ft office, two-phase buildout over ~10 years. Sixth Novva campus nationally, first in Arizona. Architectural design honors Hohokam heritage. Coordinates approximate."
takanock-project-baccara-maricopa-county-az,Project Baccara,"Takanock, LLC",Permitted,Permitted,likely,data_center,likely,confirmed,700.0,,700.0,700 MW planned,700.0,"Maricopa, AZ",,Maricopa,AZ,33.68,-112.42,exact,,on_site_gas,,,,,,contested,36000000000.0,,,,Palo Verde,AZ,32.5,4209.6,33.3881,-112.8617,Northwest Regional,AZ,3.3,3.2,LFG,33.681944,-112.4767,Colorado River - Lake Havasu,river/lake,122.2,34.483,-114.322,Maricopa County supervisors approve controversial data center,https://www.abc15.com/news/region-southwest-valley/surprise/maricopa-county-supervisors-approve-controversial-surprise-area-data-center,2,"Unincorporated Maricopa County near Surprise, AZ, north of Luke AFB. Construction targeted Q3 2026, first building online 2028. Coordinates are approximate."
beale-project-blue-pima-county-az,Project Blue,Beale Infrastructure (AWS confirmed end-customer),Under construction,Under construction,likely,data_center,likely,confirmed,,,,,8,"Pima, AZ",,Pima,AZ,32.1,-110.75,exact,,,,,,,,,3600000000.0,,,,Palo Verde,AZ,151.6,4209.6,33.3881,-112.8617,UASTP I,AZ,3.6,1.2,SUN,32.096973,-110.8106,Rio Grande - El Paso,river,251.2,31.761,-106.485,Pima County NDA confirms Amazon is behind Project Blue data center,https://azluminaria.org/2025/10/01/pima-county-nda-confirms-amazon-is-behind-project-blue-data-center/,1,"Unincorporated Pima County, west of Houghton Rd, near Tucson. 500-700MW planned across 13M sq ft (a range, so omitted from capacityMw). AWS confirmed as end-customer via an NDA obtained by AZ Luminaria. Distinct site from Beale Infrastructure's Fremont Peak Properties/Luckett Road project in the Town of Marana (also AZ, also tracked this session) - same developer family, different parcel. Coordinates are approximate."
amazon-gilroy-ca,Amazon AWS Gilroy Data Center,Amazon Web Services,Under construction,Under construction,mixed_use,data_center,mixed_use,confirmed,98.0,,98.0,98 MW planned,56.0,"Gilroy, Santa Clara, CA",Gilroy,Santa Clara,CA,36.997,-121.541,exact,,grid,Pacific Gas & Electric (PG&E),,hybrid,0.016,"Final EIR-certified use is 23 acre-feet/year total (~7.49 million gallons/yr) at full build-out — 18 AFY for cooling (~0.016 MGD), 3 AFY landscaping, 2 AFY domestic (FEIR p.186); drawn from Gilroy potable supply pending a recycled-water pipeline. Evaporative cooling is triggered only when outdoor temperature exceeds 83F (~3% of the year). Amazon's promotional figure of ~4 million gallons/yr (~36 households) is roughly half the FEIR-certified total and is disputed in a CEQA challenge; Amazon says it aims for 100% reclaimed cooling water by 2030.",contested,2000000000.0,56.0,,,Diablo Canyon,CA,129.2,2323.0,35.211536,-120.8555,Gilroy Peaking Energy Center,CA,0.3,144.0,NG,36.999,-121.5363,Lake Mead,reservoir,399.5,36.245,-114.396,"Amazon Data Services Gains Approval for Data Center on 56 Acres in Gilroy, California",https://www.datacenterdynamics.com/en/news/amazon-data-services-gains-approval-for-data-center-on-56-acres-in-gilroy-california/,5,"Status updated to under_construction: grading permit issued December 11, 2025; building permit issued March 19, 2026; City of Gilroy lists project as Under Construction as of July 2026. Site at 8050 Camino Arroyo in east Gilroy along Hwy 101. Full build-out: 438,000 sq ft across 56 acres. Amazon cites a ~$2 billion investment for the Gilroy project (recorded as investmentUsd); its broader Northern California investment of ~$5.1B and ~1,890 jobs since 2009 is regional and not attributable to this site. The 2020 land purchase was $31.3M. Operational job figures conflict and are unconfirmed: the FEIR says employment 'may grow to 50 full-time employees' (a ceiling), the permit application lists 25, and Amazon's promotional materials cite ~90 on-site; the construction workforce is not disclosed."
calethos-lithium-valley-imperial-county-ca,CalEthos Lithium Valley Data Center Campus,"CalEthos, Inc.",Proposed,Proposed,likely,data_center,likely,reported,,,,,315.0,"El Centro, Imperial, CA",El Centro,Imperial,CA,32.79,-115.56,exact,,mixed,,,,,,,,315.0,,,Palo Verde,AZ,161.6,4209.6,33.3881,-112.8617,Sol Orchard El Centro PV,CA,1.2,20.0,SUN,32.803333,-115.5464,Colorado River - Lake Havasu,river/lake,136.9,34.483,-114.322,"CalEthos expands data center plans for Lithium Valley, California, with 315-acre land purchase",https://www.datacenterdynamics.com/en/news/calethos-expands-data-center-plans-for-lithium-valley-california-with-315-acre-land-purchase/,1,"First phase now ~300-420MW (expanded from an original 80-acre/300MW plan; a range, so omitted from capacityMw); part of a planned 1M sq ft, 3-4 phase campus. Land purchase completed; permitting/engineering underway with American Dark Fiber. Distinct, competing developer from the existing tracked Imperial Valley Computer Manufacturing (Sebastian Rucci/IVCM) project in the same county. Coordinates are approximate."
coresite-bowers-santa-clara-ca,CoreSite Bowers Data Center,CoreSite,Permitted,Permitted,likely,data_center,likely,confirmed,72.0,,72.0,72 MW planned,5.0,"Santa Clara, Santa Clara, CA",Santa Clara,Santa Clara,CA,37.389,-121.974,exact,Silicon Valley Power (SVP) grid; new on-site substation planned,grid,Silicon Valley Power (SVP),,,,,mixed,,5.0,,,Diablo Canyon,CA,162.8,2323.0,35.211536,-120.8555,Intel Santa Clara,CA,0.6,1.1,NG,37.384745,-121.9638,Lake Mead,reservoir,426.4,36.245,-114.396,GI Partners Secures Planning Permission for 72MW Data Center in Santa Clara,https://www.datacenterdynamics.com/en/news/gi-partners-secures-planning-permission-for-72mw-data-center-in-santa-clara-california/,3,Coordinates approximate based on 2805 Bowers Ave address. Originally a GI Partners project; CoreSite (owned by American Tower) acquired in Feb 2026 and is expected to redevelop under existing permit. CoreSite already operates a dense interconnection campus nearby in Santa Clara. No construction timeline announced as of mid-2026.
cyrusone-nas-lemoore-ca,CyrusOne AI Data Center at NAS Lemoore,CyrusOne,Proposed,Proposed,confirmed,data_center,confirmed,confirmed,100.0,,100.0,100 MW planned,100.0,"Kings, CA",,Kings,CA,36.303,-119.953,exact,Off-grid microgrid (engine generators built by Ameresco; potential 425MW solar farm on adjacent 920 acres),on_site_gas,,,unknown,,Developer has not disclosed cooling method or water source (arid Central Valley; NAS Lemoore draws from the Kings River). Kings County Supervisor Gilcrease flagged water as a key opposition concern.,contested,,,,,Diablo Canyon,CA,90.8,2323.0,35.211536,-120.8555,Van der Kooi Dairy Solar Array,CA,3.9,1.0,SUN,36.29169,-120.0224,Lake Mead,reservoir,309.5,36.245,-114.396,Ameresco and U.S. Navy Partner to Build AI-Optimized Data Center and Energy Infrastructure at NAS Lemoore,https://ir.ameresco.com/news-events/press-releases/detail/715/ameresco-and-u-s-navy-partner-to-build-ai-optimized-data,4,"Located at Naval Air Station Lemoore on the Kings/Fresno county border. Ameresco leads energy infrastructure via its Intelliscale platform; CyrusOne operates the data center for federal and defense AI workloads (FedRAMP, FISMA High, DoD IL5/IL6). Land leased from DOD. Announced September 9, 2025; first phase expected online 2027."
ecl-csc1-santa-clara-ca,ECL CSC-1 FlexGrid AI Data Center,ECL,Proposed,Proposed,confirmed,data_center,confirmed,reported,35.0,,35.0,35 MW planned,35.0,"Santa Clara, Santa Clara, CA",Santa Clara,Santa Clara,CA,37.354,-121.955,exact,FlexGrid hybrid: SVP on-grid electricity + natural gas + hydrogen fuel cells,mixed,Silicon Valley Power (SVP),,closed_loop,,"When hydrogen fuel cells are used, by-product water from hydrogen generation supplies the cooling loop, eliminating freshwater draw — significant for drought-prone California.",,,,,,Diablo Canyon,CA,160.2,2323.0,35.211536,-120.8555,"SC 1 Data Center, Phase 2",CA,0.8,99.6,DFO,37.361667,-121.9436,Lake Mead,reservoir,425.0,36.245,-114.396,ECL 35MW FlexGrid-Powered Data Center in Santa Clara Builds Atop On-Grid Power for High-Density AI Delivery,https://www.businesswire.com/news/home/20260421198659/en/ECL-35MW-FlexGrid-Powered-Data-Center-in-Santa-Clara-Builds-Atop-On-Grid-Power-for-High-Density-AI-Delivery,2,"Exact street address not publicly disclosed. Coordinates are Santa Clara city centroid (approximate). Announced April 21, 2026. First phase targets Q4 2026 delivery. ECL CEO Yuval Bachar stated the project addresses SVP grid capacity constraints that have forced other data center developers into multi-year interconnection queues. Project targets AI training and inference workloads."
beacon-golden-valley-ca,Golden Valley Technology Hub,Beacon Data Centers (w/ California Resources Corp),Proposed,Proposed,Data center,data_center,,reported,275.0,,275.0,275 MW planned,275.0,"Elk Hills, Kern, CA",Elk Hills,Kern,CA,35.36,-119.55,approximate,,,,,,,,,,,,,Diablo Canyon,CA,74.3,2323.0,35.211536,-120.8555,Berry NMW Cogens,CA,5.0,11.4,NG,35.307555,-119.6116,Lake Mead,reservoir,295.2,36.245,-114.396,Canada's Beacon DC targets 275MW data center campus on California oil field,https://www.datacenterdynamics.com/en/news/canadas-beacon-dc-targets-275mw-data-center-campus-on-california-oil-field/,3,"400,000 sq ft on 100 acres, dedicated 275MW from CRC's own Elk Hills natural gas power plant, closed-loop cooling. Standalone campus on former oilfield, not a colo tenancy."
ivcm-imperial-county-ca,Imperial Valley Computer Manufacturing AI Data Center,Imperial Valley Computer Manufacturing (IVCM),Proposed,Proposed,confirmed,data_center,confirmed,reported,330.0,,330.0,330 MW planned,75.0,"Imperial, Imperial, CA",Imperial,Imperial,CA,32.847,-115.569,exact,,grid,Imperial Irrigation District (IID),,evaporative,0.75,"Developer requested 750,000 gallons/day of reclaimed water from IID (out of a proposed 6 million gallon daily allocation). IID rejected water service application. IVCM subsequently sued for approximately 260 million gallons per year of Colorado River water.",litigation,,75.0,1700.0,100.0,Palo Verde,AZ,161.1,4209.6,33.3881,-112.8617,Valencia 3,CA,3.2,3.0,SUN,32.88567,-115.5377,Colorado River - Lake Havasu,river/lake,133.9,34.483,-114.322,California's Largest Data Center Plan Rouses Imperial County,https://inewsource.org/2026/04/05/data-center-developer-imperial-county/,3,"Coordinates approximate; actual site is near Aten Road and Clark Road just outside Imperial city limits. Developer Sebastian Rucci (Imperial Valley Computer Manufacturing) proposes ~950,000 sq ft facility described by developer as 'designed exclusively for advanced artificial intelligence and machine learning operations.' Imperial County Board of Supervisors was deliberating an emergency moratorium on new data center approvals as of June 4, 2026 — adoption not confirmed by cited source. Annual promised tax revenue: ~$28M."
microsoft-alviso-san-jose-ca,Microsoft Alviso Data Center Campus,Microsoft,Under construction,Under construction,Data center,data_center,,confirmed,48.0,,48.0,48 MW planned,48.0,"San Jose (Alviso), Santa Clara, CA",San Jose (Alviso),Santa Clara,CA,37.428,-121.977,approximate,,,,,,,,,,,,,Diablo Canyon,CA,165.4,2323.0,35.211536,-120.8555,Zero Waste Energy Development Co LLC,CA,1.4,1.6,OBG,37.4325,-121.9529,Lake Mead,reservoir,427.0,36.245,-114.396,"Microsoft breaks ground on Alviso data center campus in San Jose, California",https://www.datacenterdynamics.com/en/news/microsoft-breaks-ground-on-alviso-data-center-campus-in-san-jose-california/,3,"Microsoft's first self-owned/operated data center in San Jose. Groundbreaking June 10, 2026, target completion 2028. 64-acre site (1657 Alviso-Milpitas Rd), two-building campus. Distinct from the already-tracked Prologis San Jose records."
prime-smf02-sacramento-ca,Prime Data Centers SMF02,Prime Data Centers,Under construction,Under construction,likely,data_center,likely,confirmed,18.0,,18.0,18 MW planned,8.6,"Sacramento, Sacramento, CA",Sacramento,Sacramento,CA,38.671,-121.399,exact,Sacramento Municipal Utility District (SMUD) grid,grid,Sacramento Municipal Utility District (SMUD),,closed_loop,,Closed-loop water recirculation system reduces consumption vs. traditional evaporative systems. Water Restoration Certificates procured at 120% of annual operating consumption.,,,8.6,250.0,30.0,Diablo Canyon,CA,240.9,2323.0,35.211536,-120.8555,McClellan (CA),CA,1.3,77.0,NG,38.652731,-121.3933,Lake Mead,reservoir,418.9,36.245,-114.396,"Prime Data Centers Breaks Ground on Second Sacramento Data Center, Expanding Regional Campus Footprint",https://primedatacenters.com/news/prime-data-centers-breaks-ground-on-second-sacramento-data-center-expanding-regional-campus-footprint/,2,"Address: 2408 AK Street, McClellan Park, Sacramento, CA 95652. Coordinates approximate (McClellan Business Park). Adjacent to operational SMF01 (8MW at 2407 AK Street). Combined campus: 26MW across 215,000 sq ft on 8.6 acres. Marketed for hyperscale and AI-ready deployments. Certifications: ISO 27001, SOC 2 Type 2."
prologis-rue-ferrari-san-jose-ca,Prologis 5853 Rue Ferrari,Prologis,Permitted,Permitted,Data center,data_center,,confirmed,49.0,,49.0,49 MW planned,17.4,"San Jose, Santa Clara, CA",San Jose,Santa Clara,CA,37.247993,-121.778138,approximate,,,,,,,,,,17.4,,,Diablo Canyon,CA,149.8,2323.0,35.211536,-120.8555,EQX015 Great Oaks Fuel Cell,CA,0.5,4.0,NG,37.24187,-121.7816,Lake Mead,reservoir,414.4,36.245,-114.396,"5853 Rue Ferrari Project (CEQAnet record, SCH #2022010266)",https://ceqanet.lci.ca.gov/2022010266/2,2,"Site Development Permit Amendment converting an existing ~300,000 sq ft warehouse (Parcel #678-05-057, City file H21-006/HA21-006-01) into server-ready R&D space, adding backup generators, transformers, and evaporative cooling chillers. Approved Dec 10 2025 via a Mitigated Negative Declaration w/ Addendum (no significant environmental impacts found); Notice of Determination posted Dec 18 2025. No tenant named yet — next steps are leasing, tenant-improvement permits, and utility interconnection before server halls activate. 140 jobs projected (not delivered) — omitted from jobs numeric. Distinct from the already-tracked prologis-silver-creek-valley-san-jose-ca record and prologis-stem-park-zanker-road-san-jose-ca (this same batch) — different parcels."
prologis-stem-park-zanker-road-san-jose-ca,Prologis STEM Park,Prologis,Proposed,Proposed,likely,data_center,likely,reported,396.0,,396.0,396 MW planned,159.0,"San Jose, Santa Clara, CA",San Jose,Santa Clara,CA,37.423,-121.943,approximate,,,,,,,,,,159.0,,,Diablo Canyon,CA,164.4,2323.0,35.211536,-120.8555,AT&T Holger,CA,0.4,1.3,NG,37.417638,-121.9445,Lake Mead,reservoir,425.1,36.245,-114.396,"400MW Prologis data center campus chosen as preferred project on city-owned land in San Jose, California",https://www.datacenterdynamics.com/en/news/400mw-prologis-data-center-campus-chosen-as-preferred-project-on-city-owned-land-in-san-jose-california/,3,"159-acre city-owned parcel at Hwy 237 & Zanker Road, North San Jose (bounded by Los Esteros Energy Center, Artesian Slough, Hwy 237, and the Silicon Valley Advanced Water Purification Center). Prologis selected as preferred developer by San Jose City Council (unanimous vote, Nov 18 2025) over Catellus-Deca and Trammell Crow proposals; CEQA review and ground-lease negotiation still pending as of source dates — not yet approved. 'STEM Park' = Sustainable Technology, Engineering and Manufacturing Park: four 99MW data-center buildings (1.68M sq ft total, capacityMw above) plus a separate ~785,000 sq ft / 100MW advanced-manufacturing component (not counted in capacityMw, different use). PG&E has committed initial 250MW via dual feed from the Los Esteros 230kV substation within 30-36 months. ~$25B investment widely reported (DCD et al.) but not confirmed directly by Prologis — omitted from investmentUsd. Projected 6,000+ jobs and $30M/yr city tax revenue are projections tied to a not-yet-approved project, not delivered counts — omitted from jobs numeric. A separate, already-tracked Prologis site (prologis-silver-creek-valley-san-jose-ca) and another new Prologis San Jose site (prologis-rue-ferrari-san-jose-ca, this same batch) are distinct parcels, not duplicates."
prologis-silver-creek-valley-san-jose-ca,Prologis Silver Creek Valley Road Data Center,Prologis,Proposed,Proposed,likely,data_center,likely,reported,99.0,,99.0,99 MW planned,15.0,"San Jose, Santa Clara, CA",San Jose,Santa Clara,CA,37.25,-121.79,exact,,,,,,,,,,15.0,,,Diablo Canyon,CA,150.2,2323.0,35.211536,-120.8555,EQX010 Great Oaks Fuel Cell,CA,0.7,2.4,NG,37.24212,-121.7831,Lake Mead,reservoir,415.1,36.245,-114.396,"Prologis files to build 99MW data center in San Jose, California",https://www.datacenterdynamics.com/en/news/prologis-files-to-build-99mw-data-center-in-san-jose-california/,1,"5977 Silver Creek Valley Road, South San Jose. Three-story facility, 516,000 sq ft. Permit filed July 2026; ~2-year buildout once approved. Prologis states it will self-fund substation/transmission costs. Distinct from Prologis's already-tracked Project Sail, Project Cardinal, and Project Mila entries. Coordinates are approximate."
valley-oak-shinn-street-fremont-ca,Valley Oak Partners Shinn Street Data Center,Valley Oak Partners,Proposed,Proposed,Data center,data_center,,reported,90.0,,90.0,90 MW planned,90.0,"Fremont, Alameda, CA",Fremont,Alameda,CA,37.567072,-121.983674,approximate,,,,,,,,,,,,,Diablo Canyon,CA,174.4,2323.0,35.211536,-120.8555,7999 Gateway Solar,CA,4.4,4.6,SUN,37.5215,-122.0397,Lake Mead,reservoir,428.9,36.245,-114.396,"Valley Oak proposes 90MW data center in Fremont, California",https://www.datacenterdynamics.com/en/news/valley-oak-proposes-90mw-data-center-in-fremont-california/,3,"490,000 sq ft on 12.5 acres, former US Gypsum plant site. Application submitted June 2026. Standalone campus, not colo."
databank-vernon-la-ca,Vernon LA Campus (with Goodman Group),DataBank,Proposed,Proposed,Data center,data_center,,confirmed,32.0,,32.0,32 MW planned,32.0,"Vernon, Los Angeles, CA",Vernon,Los Angeles,CA,34.00543,-118.218653,approximate,,,,,,,,,,,,,Diablo Canyon,CA,171.5,2323.0,35.211536,-120.8555,H. Gonzales,CA,0.5,11.8,NG,33.9986,-118.2219,Colorado River - Lake Havasu,river/lake,225.0,34.483,-114.322,DataBank and Goodman Group partner to open new landmark data center in Los Angeles,https://www.prnewswire.com/news-releases/databank-and-goodman-group-partner-to-open-new-landmark-data-center-in-los-angeles-302735412.html,1,"Joint venture with Goodman Group; opening December 2026, phased through September 2027."
coresite-de3-denver-co,CoreSite DE3,CoreSite (American Tower),Under construction,Under construction,mixed_use,data_center,mixed_use,confirmed,60.0,,60.0,60 MW planned,60.0,"Denver, Denver, CO",Denver,Denver,CO,39.7392,-104.9903,exact,,grid,,,,,,,,,,,Kemmerer Unit 1,WY,321.7,500.0,41.705993,-110.5603,Arapahoe Combustion Turbine Project,CO,4.9,194.0,NG,39.6692,-105.0018,Lake Powell,reservoir,401.5,36.938,-111.484,CoreSite Achieves Key Construction Milestone for New DE3 Data Center in Denver,https://www.businesswire.com/news/home/20251006047627/en/CoreSite-Achieves-Key-Construction-Milestone-for-New-DE3-Data-Center-in-Denver,1,"DE3 Denver campus expansion: ~600,000 sq ft, 60 critical MW. CoreSite is a colocation/interconnection operator hosting AI/cloud tenants → mixed_use. Coordinates are the Denver centroid."
qts-aurora-co,QTS Aurora-Denver Data Center Campus (DEN1),QTS (Blackstone),Under construction,Under construction,likely,data_center,likely,reported,177.0,,177.0,177 MW planned,67.0,"Aurora, Arapahoe, CO",Aurora,Arapahoe,CO,39.7113,-104.7241,exact,,grid,Xcel Energy (Public Service Company of Colorado),,unknown,,Colorado data center water use under scrutiny; Xcel projects data center load growth requiring $22B infrastructure spend by 2040,mixed,,67.0,,,Kemmerer Unit 1,WY,335.2,500.0,41.705993,-110.5603,Pivot Solar 9,CO,2.7,1.7,SUN,39.72736,-104.7695,Lake Powell,reservoir,413.3,36.938,-111.484,QTS plans Denver build-out at 177MW Aurora campus,https://www.datacenterdynamics.com/en/news/qts-plans-15m-sq-ft-expansion-at-henrico-virginia-campus-and-denver-build-out/,2,"1160 N. Gun Club Rd, Aurora, CO 80018; eastern Aurora near E-470. Former JPMorgan data center site. Four-building campus on 67 acres. Colorado's first hyperscale facility at this scale. Coordinates based on Gun Club Rd address. Investment amount and specific job counts (previously $1B, 500 construction, 77 permanent) removed — not confirmed by cited sources."
raeden-taurus-colorado-springs-co,Raeden Project Taurus,Raeden,Permitted,Permitted,likely,data_center,likely,confirmed,50.0,,50.0,50 MW planned,50.0,"Colorado Springs, El Paso, CO",Colorado Springs,El Paso,CO,38.8339,-104.8214,exact,,grid,,,,,,,,,,,Project Matador Nuclear,TX,303.8,4468.0,35.283762,-101.569,South Plant (CO),CO,0.9,245.1,NG,38.824444,-104.8333,Lake Powell,reservoir,386.1,36.938,-111.484,50MW data center could be built in Colorado Springs,https://www.datacenterdynamics.com/en/news/50mw-data-center-could-be-built-in-colorado-springs/,1,"50 MW data center at the former Intel plant in Colorado Springs, El Paso County. Coordinates are the Colorado Springs area centroid."
ne-edge-millstone-ct,NE Edge Millstone Nuclear Data Center,NE Edge,Cancelled,Cancelled,likely,data_center,likely,confirmed,300.0,,300.0,300 MW planned,300.0,"Waterford, New London, CT",Waterford,New London,CT,41.3218,-72.1582,exact,"Nuclear (Millstone Units 2 and 3, Dominion Energy)",nuclear,Dominion Energy (Millstone Nuclear Power Station),,,,,opposed,,,,,Millstone,CT,0.9,2259.9,41.3107,-72.1677,Millstone,CT,0.9,2259.9,NUC,41.3107,-72.1677,Hudson River - New York,river,101.8,40.79,-73.98,Millstone Nuclear Plant Would Power Proposed CT Data Center,https://ctmirror.org/2024/01/19/millstone-power-plant-ct-data-center-nuclear/,2,"Connecticut has no hyperscale data centers. Governor Lamont's administration has since required new data centers to bring their own power generation rather than draw from the grid, and has proposed a PILOT framework in lieu of the prior tax incentive structure. Only one company (Cigna) used Connecticut's data center tax incentive since its enactment."
starwood-digital-project-washington-de,Project Washington (Starwood Digital Ventures),Starwood Digital Ventures,Proposed,Proposed,mixed_use,data_center,mixed_use,reported,1200.0,,1200.0,"1,200 MW planned",580.0,"Delaware City, New Castle, DE",Delaware City,New Castle,DE,39.578,-75.593,exact,,grid,Delmarva Power & Light,,closed_loop,,"Starwood states the campus would use about 12.7 million gallons of water per year at full build-out, with a one-time ~600,000-gallon fill for its closed-loop cooling system; the regulatory filing cited a broader range of roughly 9.9-20 million gallons/year, and reviewers questioned whether that is low for a 1.2 GW campus.",litigation,,580.0,3500.0,,PSEG Hope Creek Generating Station,NJ,8.2,1290.7,39.4666,-75.5377,Delaware City Plant,DE,2.3,324.0,NG; OG,39.5871,-75.6343,Delaware River - Philadelphia,river,35.5,39.952,-75.135,Delaware City data center faces major setback after environmental denial,https://spotlightdelaware.org/2026/02/04/delaware-city-data-center-faces-major-setback-after-environmental-denial/,6,"Largest proposed data center in Delaware history. 11 two-story buildings, 5 substations, 1 switch station, 516 emergency diesel generators on 580 acres. CZA permit denied February 4, 2026; denial unanimously upheld by Coastal Zone Industrial Control Board March 26, 2026. Appeal to Delaware Superior Court anticipated. Delaware Building Trades Council exclusive union labor agreement in place. Original $9.7B investment figure removed — not confirmed in any cited source. Coordinates approximate for Delaware City area."
atlas-compute-ai-data-center-campus-fort-pierce-fl,Atlas Compute AI Data Center Campus,Atlas Compute (infrastructure by Penguin Solutions),Proposed,Proposed,Data center,data_center,,confirmed,240.0,,240.0,240 MW planned,240.0,"Fort Pierce, St. Lucie, FL",Fort Pierce,St. Lucie,FL,27.44,-80.33,approximate,,,,,,,,,,,,,St Lucie,FL,8.1,2160.0,27.348611,-80.24639,Treasure Coast Energy Center,FL,4.8,411.4,NG,27.383889,-80.3775,Savannah River - Augusta,river,428.1,33.473,-81.967,Atlas Compute secures land and utilities for 240 MW AI data center campus,https://www.globenewswire.com/news-release/2025/11/06/3182873/0/en/Atlas-Compute-Secures-Land-and-Utilities-for-240-MW-AI-Data-Center-Campus-in-Central-Florida-with-1-GW-Expansion-Capacity.html,2,Land and utilities secured. Targeting operational Q4 2026-Q1 2027. Up to 1 GW expansion capacity. Distinct from the withdrawn Sentinel Grove/Project Jarvis project in the same county.
coresite-or1-orlando-fl,CoreSite OR1 — Orlando,CoreSite,Operating,Operating,Data center,data_center,,confirmed,,,,,8,"Orlando, Orange, FL",Orlando,Orange,FL,28.429212,-81.420781,exact,,,,,,,,,,,,,St Lucie,FL,103.5,2160.0,27.348611,-80.24639,Orlando Cogen LP,FL,1.1,122.4,NG,28.442623,-81.41234,Savannah River - Augusta,river,350.0,33.473,-81.967,CoreSite looks to add second Orlando data center building,https://www.growthspotter.com/2026/06/02/coresite-looks-to-add-second-orlando-data-center-building/,2,"129,000 sq ft colocation facility on a 16-acre campus at 9701 S John Young Pkwy (rebranded from DataSite in 2022). A ~76,280 sq ft second building is proposed, with an ERP modification filed May 2026."
stonebridge-fort-meade-fl,Florida Ecopark AI Data Center Campus,Stonebridge (via Florida Ecopark LLC; end tenant undisclosed),Proposed,Proposed,confirmed,data_center,confirmed,reported,1200.0,,1200.0,"1,200 MW planned",200.0,"Fort Meade, Polk County, FL",Fort Meade,Polk County,FL,27.7525,-81.8024,exact,,grid,Duke Energy Florida,,closed_loop,,"Stonebridge states it will use a closed-loop system to recycle cooling water; the City of Fort Meade reserved 50,000 gallons/day of potable water for the project (down from an original 150,000-gallon request), which the developer says serves restrooms and kitchens rather than cooling. Residents raised concerns that actual demand could exceed the city's limits, and no SWFWMD water-use permit had been filed as of April 2026.",contested,2600000000.0,200.0,,450.0,St Lucie,FL,99.3,2160.0,27.348611,-80.24639,Tiger Bay,FL,2.9,278.1,NG,27.746369,-81.84945,Savannah River - Augusta,river,395.4,33.473,-81.967,Fort Meade is one step closer to building Florida's first hyperscale AI data center,https://www.wusf.org/environment/2026-04-08/fort-meade-is-one-step-closer-to-building-floridas-first-hysperscale-ai-data-center,4,"1,300-acre former phosphate mine site; 200-acre data center footprint. 20-year development agreement approved by Fort Meade City Commission approximately April 15, 2026. Requires 1.2 GW of electricity. No identified lessee or buyer publicly disclosed. Water use reduced in plans from 140,000 to 50,000 gallons daily; Southwest Florida Water Management District approval pending separately. Florida SB 484 signed May 2026 added new state-level data center siting requirements. Coordinates are Fort Meade city centroid; actual site is former phosphate mine outside city limits."
iron-mountain-mia-1-miami-fl,Iron Mountain MIA-1,Iron Mountain,Under construction,Under construction,Data center,data_center,,confirmed,16.0,,16.0,16 MW planned,16.0,"Westview, Miami-Dade, FL",Westview,Miami-Dade,FL,25.88416,-80.247556,approximate,,,,,,,,,150000000.0,,,,Turkey Point,FL,31.4,2978.4,25.4356,-80.3308,Wynwood Energy Storage,FL,6.7,10.0,MWH,25.798978,-80.1971,Savannah River - Augusta,river,534.4,33.473,-81.967,Iron Mountain breaks ground on first data center in Miami,https://www.datacenterdynamics.com/en/news/iron-mountain-breaks-ground-on-first-data-center-in-miami/,2,"150,000 sq ft. Classified a ""telecom hub"" rather than ""data center"" under Miami-Dade county code. Opens 2026."
nextnrg-nassau-county-data-center-energy-campus-fl,NextNRG Nassau County Data Center & Energy Campus,NextNRG,Proposed,Proposed,Data center,data_center,,reported,200.0,,200.0,200 MW planned,200.0,"Nassau, FL",,Nassau,FL,30.55,-81.68,approximate,,,,,,,,,,,,,Edwin I Hatch,GA,103.4,1848.0,31.9342,-82.3447,AEP Jacksonville Solar Project,FL,1.9,7.1,SUN,30.523647,-81.68644,Savannah River - Augusta,river,202.7,33.473,-81.967,NextNRG secures lease for energy and data center campus in Nassau County,https://www.datacenterdynamics.com/en/news/nextnrg-secures-lease-for-energy-and-data-center-campus-in-nassau-county-florida/,2,"1,600-acre site (1,200 acres energy / 400 acres data center), 50MW starter phase, with a 6,000-acre expansion option. Nassau County is pursuing a 12-month moratorium in response."
ryan-companies-project-swan-lakeland-fl,Project Swan,Ryan Companies (end operator TBD),Proposed,Proposed,Data center,data_center,,reported,,,,,8,"Lakeland, Polk, FL",Lakeland,Polk,FL,28.0305,-82.0054,exact,,,,,,,,,,,,,St Lucie,FL,117.5,2160.0,27.348611,-80.24639,Winston,FL,0.7,50.0,DFO,28.0274,-82.0164,Savannah River - Augusta,river,376.0,33.473,-81.967,Hyperscale data center proposed for Lakeland,https://www.lkldnow.com/hyperscale-data-center-proposed-for-lakeland/,3,"600,000 sq ft across 3 buildings on 60.5 acres (4 parcels, near 923 Wilkinson Rd). Zoning may prohibit the project — data centers are not in Lakeland's Land Development Code — and part of the site is unincorporated Polk County, requiring annexation."
project-tango-loxahatchee-fl,Project Tango AI Data Center Campus,PBA Holdings (end tenant undisclosed),Cancelled,Cancelled,confirmed,data_center,confirmed,reported,,,,,202.0,"Loxahatchee, Palm Beach County, FL",Loxahatchee,Palm Beach County,FL,26.6284,-80.39,exact,"Florida Power and Light (adjacent to West County Energy Center, 3,750 MW)",grid,Florida Power and Light,,,,,contested,,202.0,,,St Lucie,FL,50.5,2160.0,27.348611,-80.24639,West County Energy Center,FL,4.9,4263.0,NG,26.6986,-80.3747,Savannah River - Augusta,river,482.2,33.473,-81.967,3.7 million sq ft data center campus gets initial OK from officials in Florida,https://www.datacenterdynamics.com/en/news/37-million-sq-ft-data-center-campus-gets-initial-ok-from-officials-in-florida/,3,"202 acres on Southern Boulevard, approximately 3.7 miles west of Seminole Pratt Whitney Road, Loxahatchee. Phillips Inc. and TPA Group involved in development under PBA Holdings. Original 2016 zoning covered 206,000 sq ft; current application for 1.79M sq ft data center plus 1.9M sq ft warehouse. MW capacity not disclosed. End user likely a major hyperscaler but not publicly identified. Coordinates are approximate site location."
coreweave-dalton-ii-old-tilton-road-whitfield-ga,CoreWeave Dalton II / Core Scientific Old Tilton Road Data Center,"Core Scientific (site owner); CoreWeave Dalton II, LLC (sublessee/operator)",Under construction,Under construction,Data center,data_center,,confirmed,,,,,173.3,"Dalton, Whitfield, GA",Dalton,Whitfield,GA,34.69265485,-84.94183002,exact,,,,,,,,,1200000000.0,173.3,,,Sequoyah,TN,37.9,2441.0,35.2267,-85.0917,Thomas A Smith Energy Facility,GA,1.8,1192.0,NG,34.7094,-84.9175,Tennessee River - Chattanooga,river,32.0,35.045,-85.309,"Whitfield County Board of Commissioners rezoning vote, Old Tilton Road (Core Scientific)",https://daltoncitizen.com/2025/03/11/whitfield-county-commissioners-approve-rezoning-for-data-center-despite-opposition/,5,"Whitfield County BOC rezoning (3-2, tie broken by Chairman Jevin Jensen) approved March 2025 for 'heavy manufacturing' use (AI data center per contemporaneous reporting), conditioned on Enterprise Drive access. A June 2026 Whitfield Superior Court validated a $1.2B Integra SPV equipment-bond package tied to this ~167-173 acre site, naming CoreWeave Dalton II LLC as sublessee/operator. Same June 2026 hearing validated much larger CoreWeave Dalton / CoreWeave Dalton II bond series ($900M + $6.4B + $6.7B) that likely cover Core Scientific's OTHER Whitfield campus sites (Industrial South Road, Enterprise Drive) — those are separate parcels/rezonings and were not pursued as additional candidates this pass to avoid parcel-level double-counting; flagged for a future lane pass with GIS/parcel-level dedup once individual site addresses for those bond packages are confirmed."
dcblox-atlanta-east-conyers-ga,DC BLOX Atlanta East Hyperscale Data Center Campus,DC BLOX,Under construction,Under construction,likely,data_center,likely,reported,216.0,,216.0,216 MW planned,72.0,"Conyers, Rockdale County, GA",Conyers,Rockdale County,GA,33.66,-84.02,exact,Georgia Power,grid,Georgia Power,,air,,"High-efficiency magnetic bearing air-cooled chillers with thermal storage; N+2 chiller redundancy; N+5 vertical fan coolers; provisions for future liquid cooling tie-ins. EPD permit SAS-2024-00075 covers permanent impact of 0.213 acres wetlands, 3.30 acres pond, and over 1,200 linear feet of streams in Yellow River watershed; developer to purchase mitigation credits.",mixed,,72.0,,,Oconee,SC,101.2,2666.7,34.7939,-82.8986,Emory Hillandale Hospital,GA,8.0,1.6,DFO,33.7036,-84.1494,Chattahoochee River - Atlanta,river,26.4,33.809,-84.444,DC BLOX announces Rockdale County hyperscale campus (Dec 12 2023),https://www.dcblox.com/dc-blox-to-build-hyperscale-ready-data-center-campus-rockdale-county-ga/,5,"Coordinates approximate; physical address is 1726 Farmer Road NW, Conyers GA 30012. Land: 72 acres acquired per press release; Georgia EPD permit SAS-2024-00075 references 52.84-acre development footprint with three 40MW buildings. Capacity: 216MW total committed by Georgia Power per utility agreement and DRI filing; DC BLOX facility page cites 154 critical/IT MW (1 × 10MW + 3 × 48MW buildings = 154MW IT load). Phase 1 targeted Q4 2025 delivery (hyperscale anchor + 160,000 sq ft available to additional tenants); non-water-quality construction began December 2025; water-quality permitted work may begin October 2026 with full build taking ~1 year. Dark fiber metro ring planned around Atlanta connecting Atlanta East and Atlanta West campuses and continuing to Myrtle Beach cable landing station. AI/ML applications explicitly cited in press materials as key driver of Atlanta hyperscale demand. DISTINCT from DC BLOX Atlanta West campus in Douglas County (Lithia Springs, ~55 acres, 180MW). Investment amount not publicly disclosed. Job counts not disclosed."
dc-blox-atlanta-west-ga,DC BLOX Atlanta West (ATL1),DC BLOX,Under construction,Under construction,confirmed,data_center,confirmed,confirmed,120.0,,120.0,120 MW planned,100.0,"Lithia Springs, Douglas County, GA",Lithia Springs,Douglas County,GA,33.7882,-84.6608,exact,Greystone Power Cooperative,grid,Greystone Power Cooperative,,air,,"DC BLOX's campus design specifies high-efficiency magnetic-bearing air-cooled chillers with thermal storage and provisions for a future liquid-cooling tie-in (operator campus page); the company characterizes the design as effectively waterless. Air-cooled chillers still use minimal water (humidification/occasional evaporative assist); no quantified water-use (MGD) figure has been published, and use could change if the liquid-cooling provision is activated.",mixed,1150000000.0,100.0,,,Sequoyah,TN,102.4,2441.0,35.2267,-85.0917,"Turnipseed Solar, LLC",GA,6.2,3.0,SUN,33.69915,-84.67891,Chattahoochee River - Atlanta,river,12.5,33.809,-84.444,DC BLOX Secures $1.15 Billion Green Loan for Atlanta Data Center Campus Development,https://www.dcblox.com/dcblox-secures-1-15-billion-green-loan-atlanta-data-center-campus-development/,3,"Initial 120 MW phase (Building A); site plan includes additional 80 MW Building B (delivery early 2028) and 80 MW Building C (early 2029) totaling 200+ MW. investmentUsd reflects green loan construction financing announced August 11, 2025. Located adjacent to Microsoft Douglasville campus, 2.5 miles from Google facility. Coordinates are Lithia Springs area centroid. Original DCD source URL returned HTTP 404 and was replaced with the DC BLOX official press release, which resolves and supports all claims. The $98M Douglasville abatement was granted for the campus in the Riverside West Business Park (New River Road); city/authority filings cite 25 permanent jobs (~$130k average) and up to 500 construction jobs over five years — projections, not confirmed headcounts."
databank-indo-cartersville-ga,DataBank Project Indo,DataBank,Proposed,Proposed,likely,data_center,likely,reported,200.0,,200.0,200 MW planned,69.0,"Cartersville, Bartow, GA",Cartersville,Bartow,GA,34.1651,-84.7996,exact,,grid,,,,,,,,69.0,,,Sequoyah,TN,75.2,2441.0,35.2267,-85.0917,Allatoona,GA,4.1,86.6,WAT,34.1637,-84.7282,Chattahoochee River - Atlanta,river,31.9,33.809,-84.444,"DataBank files for 200MW data center campus outside Atlanta, Georgia",https://www.datacenterdynamics.com/en/news/databank-files-for-200mw-data-center-campus-outside-atlanta-georgia/,1,"Project Indo: a 200 MW campus on 69 acres at 218 Industrial Park Rd, Cartersville, Bartow County (~288 MW grid connection filed); DRI submitted, first phase targeted 2032. Coordinates are the Cartersville area centroid."
microsoft-firecracker-rome-ga,"Microsoft Data Center Campus – Rome, GA",Microsoft,Permitted,Permitted,likely,data_center,likely,reported,,,,,347.0,"Rome, Floyd County, GA",Rome,Floyd County,GA,34.27,-85.16,exact,,grid,,,unknown,,No water usage figures or cooling system type disclosed publicly as of 2026-07-07.,supported,,347.0,,150.0,Sequoyah,TN,66.2,2441.0,35.2267,-85.0917,Inland Paperboard Packaging Rome,GA,9.6,70.4,BLQ,34.2528,-85.3275,Chattahoochee River - Atlanta,river,51.9,33.809,-84.444,"Microsoft to develop 350-acre data center campus in Rome, Georgia",https://www.datacenterdynamics.com/en/news/microsoft-to-develop-350-acre-data-center-campus-in-rome-georgia/,5,"Investment described as '$1 billion' in RFCDA announcement; Data Center Dynamics and Business Facilities use 'more than $1 billion' framing — treated as a floor, not a firm single figure (investmentUsd omitted per data policy). Completion targeted 2027–2028. Site is 347 acres on Huffaker Road, east of Fouche Gap Road, in unincorporated Floyd County, adjacent to Georgia Power-owned land; land purchased at $40,000/acre (~$13.9M). Microsoft stated site selection was driven by 'Rome and Floyd County's industrial zoning and strong infrastructure.' Microsoft committed to covering all costs for additional infrastructure (power, water, roads) so ratepayers and taxpayers are not burdened. Part of Microsoft's broader East US 3 Georgia cloud build-out; announced to bolster Azure cloud services. Floyd County enacted an 80-day moratorium on new data center permits (2025) but explicitly noted previously filed projects including Microsoft's can proceed. Capacity MW not disclosed. Coordinates are approximate; actual parcel is on Huffaker Road in unincorporated Floyd County."
microsoft-douglasville-ga,Microsoft Douglasville Data Center Campus,Microsoft,Under construction,Under construction,confirmed,data_center,confirmed,confirmed,,,,,160.0,"Douglasville, Douglas County, GA",Douglasville,Douglas County,GA,33.7547,-84.7427,exact,Georgia Power grid (Douglas County service area),grid,Georgia Power,,,,The Douglasville–Douglas County Water & Sewer Authority (Dog River Reservoir) is the provider; no facility-specific water volume is published. Microsoft pledges to be 'water positive' by 2030 and reports an 80%+ reduction in water intensity company-wide.,mixed,,160.0,,,Sequoyah,TN,103.6,2441.0,35.2267,-85.0917,"Turnipseed Solar, LLC",GA,5.3,3.0,SUN,33.69915,-84.67891,Chattahoochee River - Atlanta,river,17.6,33.809,-84.444,"Microsoft to launch new cloud region in Atlanta, Georgia, in 2027",https://www.datacenterdynamics.com/en/news/microsoft-to-launch-new-cloud-region-in-atlanta-georgia-in-2027/,7,"Four 245,000 sq ft technology facilities totaling ~980,000 sq ft on 160-acre parcel at 1601 North River Road, Douglasville. Part of Azure East US 3 region alongside facilities in East Point and Palmetto. Coordinates are Douglasville city centroid; actual site is northern Douglasville."
microsoft-fairwater-fayetteville-ga,Microsoft Fairwater Atlanta (Azure AI Superfactory),Microsoft,Operating,Operating,confirmed,data_center,confirmed,confirmed,1500.0,,1500.0,"1,500 MW planned",1500.0,"Fayetteville, Fayette, GA",Fayetteville,Fayette,GA,33.4487,-84.4549,exact,Georgia Power,grid,Georgia Power,,closed_loop,,"QTS closed-loop 'water-free' design (COO Ryan Hunter: 'Once the water's in there, it stays in there for the life of the asset'); ~600,000-gal one-time fill per building, ongoing per-building use 'equivalent to four American households per month.' During construction the campus drew ~29-30M gallons through two unmetered connections (2024-25); Fayette County issued a ~$147,000 retroactive charge and no fine. No operational daily figure for the Microsoft tenant space specifically.",contested,,,,,Sequoyah,TN,128.1,2441.0,35.2267,-85.0917,MAS ASB Cogen Plant,GA,14.7,6.6,NG,33.655,-84.39444,Chattahoochee River - Atlanta,river,24.9,33.809,-84.444,"From Wisconsin to Atlanta, Microsoft connects datacenters to build its first AI superfactory",https://news.microsoft.com/source/features/ai/from-wisconsin-to-atlanta-microsoft-connects-datacenters-to-build-its-first-ai-superfactory/,7,"615-acre, up-to-13-building QTS-built campus on Hwy 54W near Fayetteville, Fayette County (Microsoft's materials say 'Atlanta'). Began operation Oct 2025 as Fairwater 2 — a 'multi-gigawatt' AI campus. ~1,500 MW is the anticipated ultimate Georgia Power load across all buildings (planned figure; ~433 MW cited as initially online). Distinct from Microsoft's smaller Tyrone, GA campus. Two-story design with no UPS or backup generators. Coordinates are the Fayetteville area centroid. Microsoft has not disclosed tenant capex for the Fairwater Fayetteville space; the ~$1B/$6.5B figures are QTS developer build-out estimates for the full multi-tenant campus, and the widely-cited $14.5M abatement / $1.8B / $75M figures attach to different Microsoft/Fulton-County sites (the $75M was FCDA land-sale proceeds, not a subsidy to QTS) -> investmentUsd omitted."
microsoft-tyrone-ga,Microsoft Tyrone Campus (Project Rita),Microsoft,Permitted,Permitted,likely,data_center,likely,confirmed,96.0,,96.0,96 MW planned,161.0,"Tyrone, Fayette County, GA",Tyrone,Fayette County,GA,33.494,-84.588,exact,,grid,,,unknown,,"Source: Fayette County Water System. Microsoft estimates ~4,000 gallons/day operational.",contested,,161.0,,,Sequoyah,TN,123.1,2441.0,35.2267,-85.0917,"Turnipseed Solar, LLC",GA,15.1,3.0,SUN,33.69915,-84.67891,Chattahoochee River - Atlanta,river,23.3,33.809,-84.444,"Microsoft confirms plans for data center in Tyrone, Georgia",https://www.datacenterdynamics.com/en/news/microsoft-confirms-plans-for-data-center-in-tyrone-georgia/,6,"Two-building campus (two 48 MW buildings = 96 MW, ~490,000-500,000 sq ft) plus an on-site substation; codename Project Rita. Part of Microsoft's East US 3 Azure region (planned 2027). Total site ~161 acres (~146.4 in Tyrone + ~14.5 in Fairburn). As of June 2 2026 no site plan or building permits filed. Microsoft requested no tax abatements (none offered). No investment figure disclosed. Coordinates approximate (address-derived; 2044 GA-74). Estimated ~4,000 gallons/day operational water use."
taurus-digital-realty-project-bunkhouse-stilesboro-ga,Project Bunkhouse (Taurus/Digital Realty Data Center Campus),Taurus Investment Holdings (Taurus DC SPE LLC); to be managed by Digital Realty,Permitted,Permitted,Data center,data_center,,reported,1830.0,,1830.0,"1,830 MW planned",876.57,"Stilesboro, Bartow, GA",Stilesboro,Bartow,GA,34.087,-84.91,approximate,,,,,,,,,19000000000.0,876.57,,,Sequoyah,TN,79.4,2441.0,35.2267,-85.0917,Bowen,GA,2.8,3498.6,BIT,34.1256,-84.9222,Chattahoochee River - Atlanta,river,32.9,33.809,-84.444,"Bartow County Commissioner rezoning approval, Project Bunkhouse (Taurus DC SPE LLC)",https://www.daily-tribune.com/news/taylor-approves-project-bunkhouse-rezoning/article_cd988e43-8419-51e1-b443-729a16fe9b24.html,4,"Rezoning approved by county commissioner June 4, 2025 after unanimous planning commission recommendation May 19/20, 2025. 12-building, 8.6M sq ft build-out per DCD; capacity/investment figures ($19B, 1,830MW) are widely reported industry estimates (DCD/CleanView/Server Country) tied to the project, not yet independently verified against a bond-validation dollar figure — flagged as reported-tier confidence on the financial figures even though the rezoning itself is confirmed via primary county action. Bartow County rezoning (8.3M sqft cap, 876.57 ac) confirmed via the county commissioner approval; the ~1,830 MW / ~$19B figures are widely-reported industry estimates, not a permit/bond figure — recorded reported-tier."
prologis-project-sail-coweta-ga,Project Sail – Prologis Data Center Campus,Prologis,Permitted,Permitted,likely,data_center,likely,confirmed,900.0,,900.0,900 MW planned,800.0,"Newnan, Coweta County, GA",Newnan,Coweta County,GA,33.3807,-84.7974,exact,,grid,Georgia Power,,evaporative,6.0,Expected to use 6 million gallons of water per day drawn from the Chattahoochee River,litigation,17000000000.0,800.0,,,Sequoyah,TN,128.6,2441.0,35.2267,-85.0917,Yates,GA,8.1,807.4,NG,33.4622,-84.8986,Chattahoochee River - Atlanta,river,35.9,33.809,-84.444,$17B Project Sail data center project approved south of Atlanta,https://www.ajc.com/business/2026/04/coweta-votes-to-turn-this-800-acre-forest-into-17b-data-center-campus/,3,"Nine buildings, 4.3 million sq ft. End tenant not publicly identified; project marketed to hyperscalers. Rezoning includes decommissioning and site restoration plan requirement if dormant over one year. Coordinates are Newnan city centroid; actual site is along US-27 southwest of Newnan. A developer-commissioned fiscal study modeled roughly $488M in county and school property-tax abatements over 18 years, but the Coweta County Development Authority reported no incentive negotiations had occurred as of January 2025; no confirmed incentive agreement or job count has been published."
qts-blue-hole-blakely-ga,QTS Project Blue Hole,QTS Data Centers (Blackstone),Permitted,Permitted,likely,data_center,likely,confirmed,1000.0,,1000.0,"1,000 MW planned",1000.0,"Blakely, Early, GA",Blakely,Early,GA,31.3763,-84.9346,exact,,grid,,,,,,,,,,,Joseph M Farley,AL,14.9,1776.4,31.2231,-85.1116,SR Arlington I,GA,6.1,20.0,SUN,31.402919,-84.83681,Chattahoochee River - Atlanta,river,170.5,33.809,-84.444,QTS targets two data center campuses in Georgia,https://www.datacenterdynamics.com/en/news/qts-targets-two-data-center-campuses-in-georgia/,1,"Project Blue Hole in Blakely, Early County; DRI filed 2026, ~12M sq ft at full buildout by ~2035. ~1 GW+ is an estimate of ultimate scale (in notes). Coordinates are the Blakely area centroid."
qts-eisenhower-augusta-ga,QTS Project Eisenhower,QTS Data Centers (Blackstone),Under construction,Under construction,likely,data_center,likely,confirmed,,,,,170.0,"Augusta, Richmond, GA",Augusta,Richmond,GA,33.4735,-82.0105,exact,,grid,Georgia Power,,closed_loop,,"Closed-loop cooling that 'does not consume water for cooling once operational' (QTS); QTS discontinued evaporative cooling in 2018. An anticipated ~18,000 gal/day per building is for sanitation/domestic use (early-planning estimate, not a permitted figure). Augusta Utilities is in talks to supply treated wastewater as cooling feedstock; water source is the Savannah River basin via Augusta Utilities.",contested,,170.0,,,Vogtle,GA,27.0,4658.0,33.1427,-81.7625,King Mill,GA,1.4,2.2,WAT,33.485245,-81.9912,Savannah River - Augusta,river,2.5,33.473,-81.967,New data center will be twice as big as Augusta Mall,https://www.wrdw.com/2025/12/26/flying-under-radar-new-data-center-will-twice-big-augusta-mall/,4,"Project Eisenhower in Augusta, Richmond County — 6 buildings across ~170 acres, $2B+ project. Rezoned 2024-25 with preliminary grading underway. Estimated 300-500 MW (not officially disclosed — omitted from capacity). Coordinates are the Augusta area centroid. The ~$2B figure is a developer projection from a 2024 zoning hearing (building permits not yet issued) -> investmentUsd omitted. QTS projects ~1,000 construction and ~160-220 permanent jobs (projections) -> jobs honest-zero. Georgia's high-technology data-center sales-tax exemption and an Augusta EDA bond/PILOT are available programs, but no confirmed award for this campus was found -> subsidy honest-zero."
tpa-social-circle-technology-park-ga,Social Circle Technology Park,TPA Group (developer; end tenant undisclosed),Proposed,Proposed,likely,data_center,likely,reported,,,,,317.0,"Social Circle, Newton County, GA",Social Circle,Newton County,GA,33.6562,-83.7182,exact,,grid,Georgia Power,,unknown,,"Project representatives were in discussions with the Newton County Water & Sewerage Authority (June 2025), which states it has capacity; no volume or cooling type disclosed.",contested,5000000000.0,317.0,,,Oconee,SC,91.5,2666.7,34.7939,-82.8986,Simon Solar Farm LLC,GA,2.9,30.0,SUN,33.678056,-83.67583,Lake Lanier,reservoir,40.5,34.204,-83.969,TPA Group Plans Massive Newton County Data Center Complex,https://www.bisnow.com/atlanta/news/deal-sheet/this-weeks-atlanta-deal-sheet-tpa-group-jumping-into-atlantas-data-center-game-with-massive-newton-county-complex-127605,4,"Nine buildings, 2.56 million sq ft near I-20/SR-11 intersection. Construction planned to begin 2028; first phase operational target 2031. Formerly filed as Newton County Technology Park; renamed after jurisdictional ambiguity surfaced. Coordinates corrected to Social Circle city centroid (33.6562°N, 83.7182°W); original record had 33.5912°N which is approximately 4.5 miles south of the actual city center per multiple geocoding sources."
t5-atlanta-iv-palmetto-ga,T5 @ Atlanta IV,T5 Data Centers,Proposed,Proposed,likely,data_center,likely,reported,300.0,,300.0,300 MW planned,91.0,"Palmetto, Fulton, GA",Palmetto,Fulton,GA,33.548,-84.724,exact,,grid,,,hybrid,,Air and liquid cooling designed for high-density AI workloads.,unknown,,91.0,,,Sequoyah,TN,117.9,2441.0,35.2267,-85.0917,"Turnipseed Solar, LLC",GA,10.8,3.0,SUN,33.69915,-84.67891,Chattahoochee River - Atlanta,river,24.2,33.809,-84.444,"T5 files to develop data center campus outside Atlanta, Georgia",https://www.datacenterdynamics.com/en/news/t5-files-to-develop-data-center-campus-outside-atlanta-georgia/,5,"City discrepancy: the ledger cited Fairburn, but T5's own page and PR Newswire list Palmetto, GA; DCD describes it as Fairburn/Fulton County with a 91-acre site in Palmetto - site is on the Fairburn/Palmetto border in South Fulton County (I-85 and Gullatt Rd). Capacity: T5's page lists '200 MW available' (Phase 1) while the Aug 2024 land-acquisition PR cites '300 MW' campus total - 300 MW recorded as planned. No tenant disclosed (T5 is a wholesale/build-to-suit developer targeting hyperscalers; page cites AI/liquid-cooling suitability). Phase 1 construction targeted Q2 2027; on-site substation expected 2026. No investment or jobs figure disclosed. Coordinates approximate (I-85/Gullatt Rd corridor)."
white-oak-technology-park-columbia-county-ga,White Oak Technology Park,Trammell Crow Company (CBRE subsidiary),Permitted,Permitted,mixed_use,data_center,mixed_use,confirmed,,,,,1945.0,"Appling, Columbia, GA",Appling,Columbia,GA,33.6,-82.28,exact,,,,,,,,,11600000000.0,1945.0,,,Vogtle,GA,43.5,4658.0,33.1427,-81.7625,Columbia Substation,GA,2.5,2.0,SUN,33.567718,-82.29907,Savannah River - Augusta,river,20.0,33.473,-81.967,"Plans filed for 8 million sq ft data center and technology park outside Augusta, Georgia",https://www.datacenterdynamics.com/en/news/plans-filed-for-8-million-sq-ft-data-center-and-technology-park-outside-augusta-georgia/,1,"8.076M sq ft across up to 29 buildings; 10-year build-out. Zoning rezoned to S-1 (Feb 2026), the first of several required approval steps. Described as a mixed-use tech park (data centers, R&D, cybersecurity), not AI-branded. A second, separate 'Pumpkin Technology Campus' was approved at the same Feb 2026 hearing in nearby Harlem, Columbia County GA - developer not identified in reporting reviewed, flagged as a lead only, not tracked as its own entry. Coordinates are approximate (near Augusta)."
servpac-mtp2-mililani-hi,Servpac MTP Building 2,Servpac,Proposed,Proposed,mixed_use,data_center,mixed_use,confirmed,,,,,8,"Mililani, Honolulu, HI",Mililani,Honolulu,HI,21.448,-158.017,exact,,mixed,Hawaiian Electric Company (HECO),,closed_loop,,Closed-loop cooling systems eliminate freshwater consumption entirely.,,13000000.0,,,,Diablo Canyon,CA,2434.0,2323.0,35.211536,-120.8555,Lanikuhana Solar LLC,HI,1.4,14.7,SUN,21.4287,-158.0236,Columbia River - Portland,river,2595.3,45.56,-122.68,Hawaii-Based Cloud Provider Servpac Expands Data Center,https://www.datacenterdynamics.com/en/news/hawaii-based-cloud-provider-servpac-expands-data-center/,1,"Located in Mililani Technology Park, Central O'ahu, 10 miles inland and 850 feet above sea level, outside major flood, tsunami, and hurricane zones. Building 2 will approximately 10x the existing 1MW IT capacity of MTP Building 1 (Hawaii's only Uptime Institute Tier IV certified facility). Designed to withstand Category 5 hurricane-force winds. Primary use is enterprise colocation; no AI-specific tenant announced. DCD (February 2026) reports project is in design phase; 'broke ground' claim in original record is unsupported by the cited source. Hawaii's structural barriers (highest US electricity costs, limited grid capacity) make large-scale hyperscale AI builds unlikely; Servpac MTP2 is the only Hawaii project of note found."
apple-waukee-ia,Apple Waukee Data Center,Apple,Operating,Operating,likely,data_center,likely,confirmed,,,,,2000.0,"Waukee, Dallas County, IA",Waukee,Dallas County,IA,41.6193799,-93.9258365,approximate,,,,,,,,,1300000000.0,2000.0,,,Cooper Nuclear Station,NE,124.6,801.0,40.3628,-95.6408,Sycamore (IA),IA,13.4,157.6,NG,41.6722,-93.6769,Missouri River - Omaha,river,107.2,41.258,-95.938,"Seven years on, Iowa's Apple data center finally opens — $1.3B, 2,000 acres, first building operational Oct 2024, announced 2017",https://appleinsider.com/articles/24/10/16/seven-years-on-iowas-apple-data-center-finally-opens,2,"Apple data center near the intersection of Hickman Rd and S Avenue, Waukee, Dallas County — announced by Tim Cook in 2017; first building became operational in October 2024 on a 2,000-acre site, a $1.3B investment (AppleInsider). Apple's Feb 2025 newsroom names Iowa among states for continued data-center capacity expansion. No site-specific IT-load MW is disclosed. Coordinates are an approximate geocode; a county-parcel pass could upgrade precision to exact."
google-cedar-rapids-ia,Google Cedar Rapids Data Center Campus,Google,Under construction,Under construction,likely,data_center,likely,confirmed,,,,,8,"Cedar Rapids, Linn County, IA",Cedar Rapids,Linn County,IA,41.936,-91.723,exact,,grid,Alliant Energy,,evaporative,,"Traditional evaporative (water-based) cooling (Daily Iowan, Dec 2025: ""the Google center is using the traditional water cooling method""). Estimated use ""just over 4 million gallons of water a day"" — a pre-operational estimate, not a metered figure. For comparison, Google's Council Bluffs campus averaged ~3.9 MGD.",supported,576000000.0,,,,Quad Cities Generating Station,IL,74.2,2018.6,41.726111,-90.31028,Deer Run Battery,IA,1.8,5.0,MWH,41.951256,-91.69405,Lake Michigan - Milwaukee,lake,208.9,43.039,-87.906,Google pledges $7bn to expand Iowa data center footprint,https://www.datacenterdynamics.com/en/news/google-pledges-7bn-to-expand-iowa-data-center-footprint/,6,"Coordinates approximate for Big Cedar Industrial Center at 76th Ave SW and Edgewood Rd SW in SW Cedar Rapids. Cedar Rapids campus investment ~$576M; part of Google's $7B+ total Iowa commitment announced May/June 2025. Adjacent to QTS campus in same 1,391-acre industrial park. Also exploring a second Linn County campus near Duane Arnold nuclear plant in Palo."
google-council-bluffs-ia,Google Council Bluffs Data Center,Google,Operating,Operating,likely,data_center,likely,confirmed,,,,,8,"Council Bluffs, Pottawattamie County, IA",Council Bluffs,Pottawattamie County,IA,41.167368,-95.792975,approximate,,,,,,,,,,,,,Cooper Nuclear Station,NE,56.2,801.0,40.3628,-95.6408,Walter Scott Jr Energy Center,IA,2.6,1648.3,SUB,41.18,-95.8408,Missouri River - Omaha,river,9.8,41.258,-95.938,"Google Iowa — official location page: Council Bluffs operational since 2007, multi-building campus",https://datacenters.google/locations/iowa/,1,"Google's flagship Iowa data center in Council Bluffs, Pottawattamie County — operational since 2007, heavily expanded across multiple buildings (the Southlands campus on Bunge Ave among them). Distinct from Google's tracked Cedar Rapids campus and from the separate proposed Google/Tenaska Nebraska project. Per Google's own location page, Google has invested $20B+ across Iowa since 2007 (Council Bluffs + Cedar Rapids combined — not a site-specific figure). No site-specific IT-load MW is disclosed. Coordinates are an approximate geocode of a disclosed campus address; a county-parcel pass could upgrade precision to exact."
meta-altoona-ia,Meta Altoona Data Center Campus,Meta,Operating,Operating,confirmed,data_center,confirmed,confirmed,350.0,350.0,,350 MW operating,350.0,"Altoona, Polk, IA",Altoona,Polk,IA,41.6459,-93.4696,exact,MidAmerican Energy,wind,MidAmerican Energy,,evaporative,,"Evaporative cooling with outside-air economization ~93% of the year (Meta design). Altoona utility director Daniel Scott: the campus 'can use up to a million gallons of water a day, one fifth of what the city can produce' - a permit peak/ceiling, not a measured average; a city agreement caps Meta at up to 16% of Altoona's supply. Water drawn from the Jordan Aquifer. No verified operational daily-use figure has been disclosed.",supported,,,,400.0,Cooper Nuclear Station,NE,143.8,801.0,40.3628,-95.6408,Archer Daniels Midland Des Moines,IA,6.1,7.9,NG,41.624438,-93.58452,Missouri River - Omaha,river,130.6,41.258,-95.938,"Meta Adds More Data Centers in Iowa, Pushing Campus to 5 Million SF",https://www.datacenterfrontier.com/cloud/article/11427725/meta-adds-more-data-centers-in-iowa-pushing-campus-to-5-million-sf,7,"Operational since 2013; 5M+ sq ft after seven expansions — Meta's largest cloud campus. Meta's engineering blog documents Altoona as a GenAI infrastructure / LLaMA training site. INVESTMENT: 'more than $2.5 billion' is a cumulative multi-year figure across all expansions (in notes, not investmentUsd). 400+ on-site operations staff is a cumulative daily figure (in notes). ~350 MW per third-party index. Coordinates are the Altoona town centroid. Meta cites a cumulative capital investment of 'more than $2.5 billion' across seven Altoona expansions since 2013 (Data Center Frontier); the 2019 Building 5 phase was ~$400M (IEDA). Both are cumulative/single-phase figures -> investmentUsd omitted."
microsoft-ginger-west-ia,Microsoft Project Ginger West Data Center,Microsoft,Under construction,Under construction,likely,data_center,likely,reported,,,,,188.0,"West Des Moines, Polk County, IA",West Des Moines,Polk County,IA,41.551,-93.782,exact,,grid,,,hybrid,,"Microsoft's West Des Moines datacenters use direct evaporative cooling (water ~10% of the year, air-cooled the rest); a planned Ginger West building is committed to next-generation 'zero-water' cooling under WDM's 2023 policy favoring reduced peak water use. Microsoft's WDM fleet (five campuses) used ~70M gallons in 2024 (fleet-wide, not Ginger West-specific); Microsoft funded ~$25M in WDM Water Works improvements incl. a 2M-gallon tank.",mixed,1650000000.0,188.0,,,Cooper Nuclear Station,NE,127.1,801.0,40.3628,-95.6408,River Hills,IA,8.8,128.0,NG,41.590218,-93.6195,Missouri River - Omaha,river,113.5,41.258,-95.938,Ginger West datacenter construction update — Microsoft Local,https://local.microsoft.com/blog/ginger-west-datacenter-construction-update/,4,"Site at 11100 Booneville Rd area, West Des Moines (Polk County). 1.8M sq ft planned across multiple buildings. Turner Construction is general contractor; completion estimated summer 2028. Companion Ginger East campus (124 acres, 5 buildings) is a separate site in West Des Moines. Part of Microsoft's multi-billion dollar total Iowa investment since 2009. Planned MW capacity not confirmed from primary sources; 444 MW figure removed as unsupported. Iowa's Sec. 423.3(95) data-center sales-tax exemption applies, but Iowa data-center incentive awards are not publicly disclosed; no Ginger West-specific job count is published."
qts-cedar-rapids-ia,QTS Cedar Rapids Data Center Campus,QTS Data Centers (Blackstone),Under construction,Under construction,likely,data_center,likely,confirmed,1050.0,,1050.0,"1,050 MW planned",612.0,"Cedar Rapids, Linn County, IA",Cedar Rapids,Linn County,IA,41.932,-91.718,exact,,grid,Alliant Energy,,air,,Water-free cooling system; no water consumption for cooling,supported,10000000000.0,612.0,,30.0,Quad Cities Generating Station,IL,73.9,2018.6,41.726111,-90.31028,Archer Daniels Midland Cedar Rapids,IA,1.7,294.6,NG; SUB,41.9221,-91.6875,Lake Michigan - Milwaukee,lake,208.7,43.039,-87.906,"City of Cedar Rapids, Alliant Energy, and QTS Collaborate on New Data Center Campus",https://cedar-rapids.org/news_detail_T6_R2180.php,4,"Coordinates approximate for Big Cedar Industrial Center; parcel is adjacent to Google's campus in the same 1,391-acre industrial park. $10B investment is total planned across 7 phases over up to 25 years; minimum $250M per phase, each requiring a 300,000 sq ft building. 7 buildings planned at full build-out. Permanent jobs figure is minimum per phase. QTS Co-CEO Tag Greason stated the completed seven-building campus will ultimately draw about 1,050 MW of power from Alliant Energy (planned, full build-out)."
qts-clinton-clinton-county-ia,QTS Clinton Data Center Campus,QTS Data Centers,Proposed,Proposed,likely,data_center,likely,reported,,,,,1200.0,"Clinton, Clinton, IA",Clinton,Clinton,IA,41.88,-90.24,exact,,,,,,,,,,1200.0,,,Quad Cities Generating Station,IL,11.2,2018.6,41.726111,-90.31028,Clinton Schools,IA,3.7,1.3,SUN,41.82718,-90.22335,Lake Michigan - Chicago,lake,135.8,41.878,-87.6,"QTS Clinton, Iowa - In Consideration",https://q.com/data-centers/clinton/,2,"North of US Highway 30, near Clinton's airport. QTS has not filed a formal site plan; the city is still drafting a data-center ordinance. No confirmed MW or $ figure exists yet - local coverage describes it only as a potential 'multibillion-dollar investment.' Local TV coverage frames this as an 'AI data center' but QTS's own statements avoid the AI label. Coordinates are approximate."
meta-kuna-id,Meta Kuna Data Center,Meta,Under construction,Under construction,confirmed,data_center,confirmed,confirmed,,,,,485.0,"Kuna, Ada, ID",Kuna,Ada,ID,43.491,-116.418,exact,100% renewable energy,mixed,,,,,,supported,800000000.0,485.0,1400.0,100.0,Cascade Advanced Energy Facility,WA,250.3,320.0,46.4706,-119.3339,Kuna BESS,ID,0.1,150.0,MWH,43.49,-116.42,Snake River - Boise region,river,187.0,43.188,-112.719,Meta Resumes Construction of Idaho Data Center with New AI Design,https://www.datacenterdynamics.com/en/news/meta-resumes-construction-of-texas-and-idaho-data-centers-with-new-ai-design/,3,"960,000 sq ft campus (Meta's 15th US data center). Originally Project Peregrine. Construction paused December 2022, restarted October 2023 with AI-optimized architecture; new design 31% cheaper and half the build time. Peak construction employed 1,400 workers. Expected operational end of 2026. Water infrastructure cost sourced to CEG ($70M) but Idaho Business Review cites $100M — discrepancy unresolved; use CEG figure as primary. Coordinates are Kuna city centroid; exact site is west of city center."
edged-aurora-il,Edged Chicago Campus — Aurora (ORD01),Edged US,Under construction,Under construction,confirmed,data_center,confirmed,confirmed,72.0,,72.0,72 MW planned,72.0,"Aurora, DuPage County, IL",Aurora,DuPage County,IL,41.79,-88.284,exact,,grid,,,closed_loop,,ThermalWorks liquid-to-chip cooling exceeding 200 kW per rack; zero water consumption for cooling; saves 277M+ gallons annually vs conventional data centers,mixed,,,,,Dresden Generating Station,IL,27.6,2018.6,41.39,-88.27,Aurora 7-SLCHI307,IL,1.0,1.9,SUN,41.79698,-88.26809,Lake Michigan - Chicago,lake,35.7,41.878,-87.6,Edged US Expands Chicagoland Campus with Second AI Data Center Groundbreaking,https://edged.us/news/edged-us-expands-chicagoland-campus,2,"Address: 2835 Bilter Rd, Aurora IL (DuPage County). Total campus planned at 96 MW across three buildings. Explicitly purpose-built for high-density AI workloads. Coordinates approximate for Bilter Rd area of north Aurora; address confirmed in operator press release. A confirmed capex figure of ~$300M covers the first building (ORD01-1) only, not the ~96 MW three-building campus; construction-workforce figures (~2,000 full campus) are projections. No Illinois DCEO data-center exemption certification was found for Edged."
equinix-ch8-minooka-il,Equinix CH8 Minooka,Equinix,Proposed,Proposed,likely,data_center,likely,confirmed,,,,,8,"Minooka, Grundy, IL",Minooka,Grundy,IL,41.4506,-88.262,exact,,grid,,,,,,,,,,,Dresden Generating Station,IL,4.2,2018.6,41.39,-88.27,Kendall County Generation Facility,IL,2.0,1256.0,NG,41.4797,-88.2581,Lake Michigan - Chicago,lake,45.2,41.878,-87.6,Equinix proposes billion-dollar data center investment in Minooka,https://patch.com/illinois/channahon-minooka/equinix-proposes-billion-dollar-data-center-investment-minooka-nodx,1,"Proposed ~300-acre, $1B+ Equinix campus in Minooka, Grundy County. Capacity not disclosed (omitted). Coordinates are the Minooka area centroid."
joliet-technology-center-il,Joliet Technology Center,HW Technology Park (Hillwood Investment Properties / PowerHouse Data Centers),Permitted,Permitted,likely,data_center,likely,confirmed,1800.0,,1800.0,"1,800 MW planned",795.0,"Joliet, Will County, IL",Joliet,Will County,IL,41.432,-88.128,exact,,grid,ComEd,,,,,litigation,20000000000.0,795.0,7000.0,700.0,Dresden Generating Station,IL,7.9,2018.6,41.39,-88.27,MPH Elwood,IL,0.5,768.0,NG,41.437032,-88.12234,Lake Michigan - Chicago,lake,41.1,41.878,-87.6,"Data center planned on 795 acres of farmland in south Joliet, Illinois",https://www.datacenterdynamics.com/en/news/data-center-planned-on-795-acres-of-farmland-in-south-joliet-illinois/,2,"Coordinates approximate Jackson Township at Rowell and Bernhard Rds, south Joliet (~40 mi SW of Chicago), near Chicagoland Speedway. 24 two-story buildings planned. No confirmed hyperscale tenant as of permit date. Construction start targeted early 2027; first sub-campus by 2028. Construction jobs range reported as 7,000-10,000; permanent approximately 700."
lambda-chicago-edgeconnex-il,Lambda Chicago EdgeConneX AI Factory,Lambda,Under construction,Under construction,confirmed,data_center,confirmed,confirmed,23.0,,23.0,23 MW planned,23.0,"Chicago, Cook, IL",Chicago,Cook,IL,41.8781,-87.6298,exact,,,,,hybrid,,,,,,,,Dresden Generating Station,IL,47.2,2018.6,41.39,-88.27,University of Illinois Cogen Facility,IL,1.4,59.9,NG,41.8675,-87.6524,Lake Michigan - Chicago,lake,1.5,41.878,-87.6,Lambda/EdgeConneX joint press release - AI Factory in Chicago and Atlanta,https://lambda.ai/blog/lambda-edgeconnex-dc-pr,4,"EdgeConneX is the developer/facility owner; Lambda is the sole tenant in a build-to-suit, single-tenant, purpose-built 23 MW building for Lambda's AI workloads (600+ kW/rack, hybrid liquid-to-chip + air cooling). Distinct from the excluded CoreWeave/Flexential colo tenancy (a shared multi-tenant colo cage) - this is a dedicated purpose-built building. Press releases say 'Chicago' but EdgeConneX's Chicago-area campus is in Elk Grove Village, IL (Cook County); the Lambda building address is unpublished, so coordinates use the Chicago centroid. Ready-for-Service targeted 2026; operational status as of 2026-07-07 unconfirmed (may already be online - revisit)."
eagle-rock-meridian-technology-park-taylorville-il,Meridian Technology Park,Eagle Rock Partners,Proposed,Proposed,likely,data_center,likely,reported,1000.0,,1000.0,"1,000 MW planned",475.0,"Clarksdale, Christian, IL",Clarksdale,Christian,IL,39.489771,-89.36787,approximate,,,,,,,,contested,,475.0,1000.0,500.0,Clinton Power Station,IL,55.0,1138.3,40.1719,-88.8339,SAE Taylorville IL S1,IL,3.7,1.1,SUN,39.528101,-89.32002,Mississippi River - St. Louis,river,73.8,38.627,-90.18,"Eagle Rock Partners Proposes $8.8B, 1GW Data Center Campus in Christian County, Illinois",https://mlq.ai/news/eagle-rock-partners-proposes-88b-1gw-data-center-campus-in-christian-county-illinois/,3,"Proposed 475-acre, 10-building (100MW each, ~1,000MW total) data center campus in unincorporated Christian County, ~2 miles southwest of Taylorville near Clarksdale. Estimated cost $6B-$8.8B. Earliest construction would not begin before 2028-2029. No formal application had been filed with the county as of the board's first briefing on the proposal; zoning board and county board votes are still pending. Not yet listed on major public data center trackers."
tract-morris-technology-park-il,Morris Technology Park,Tract,Proposed,Proposed,Data center,data_center,,reported,1000.0,,1000.0,"1,000 MW planned",1000.0,"Morris, Grundy, IL",Morris,Grundy,IL,41.36,-88.43,approximate,,,,,,,,,,,,,Dresden Generating Station,IL,8.6,2018.6,41.39,-88.27,USS Middle Solar,IL,3.8,5.0,SUN,41.413923,-88.44451,Lake Michigan - Chicago,lake,55.8,41.878,-87.6,Scaling up: Tract's master-planned land and infrastructure approach to data center development,https://www.datacenterfrontier.com/site-selection/article/55308975/scaling-up-tracts-master-planned-land-and-infrastructure-approach-to-data-center-development,2,"343-acre master-planned data center campus in Morris (Grundy County), IL, developed by Tract as powered land/shell infrastructure. Fully zoned and entitled, with an executed Transmission Security Agreement (TSA) with Commonwealth Edison (ComEd) to support 1 GW (1,000 MW) of planned power at full build-out across ~2.9M sq ft."
project-cardinal-yorkville-il,Project Cardinal Data Center Campus,Pioneer Development LLC,Permitted,Permitted,likely,data_center,likely,confirmed,1800.0,,1800.0,"1,800 MW planned",1037.0,"Yorkville, Kendall County, IL",Yorkville,Kendall County,IL,41.7,-88.461,exact,,grid,ComEd,,closed_loop,0.0425,"Air-cooled closed-loop system uses ~42,500 gallons/day (Shaw Local, 2026-03-12), revised down from an original 350,000 gpd proposal; ""no municipal water will be used for cooling.""",litigation,,1037.0,,,Dresden Generating Station,IL,23.6,2018.6,41.39,-88.27,KE109,IL,7.3,3.5,SUN,41.64804,-88.58344,Lake Michigan - Chicago,lake,46.0,41.878,-87.6,Project Cardinal Data Center Campus — City of Yorkville official permit page,https://www.yorkville.il.us/906/Project-Cardinal-Data-Center-Campus-Anne,6,"Coordinates approximate NW of IL Rt 47 and Galena Rd in Yorkville; exact parcel spans ~1,037 acres. 14 two-story buildings at 17 million sq ft total. No confirmed hyperscale tenant named. Companion project 'Project Steel' (Prologis, 540 acres, 24 buildings) also approved in same Yorkville corridor. First data center operational target: 2029."
t5-chicago-iv-grayslake-il,T5 Chicago IV (CHI IV),T5 Data Centers,Under construction,Under construction,confirmed,data_center,confirmed,confirmed,1200.0,,1200.0,"1,200 MW planned",1200.0,"Grayslake, Lake, IL",Grayslake,Lake,IL,42.3442,-88.0417,exact,ComEd,grid,ComEd,,,,,,,,,,Byron Generating Station,IL,66.2,2449.8,42.0742,-89.2819,North Chicago Energy Center,IL,10.0,12.4,NG,42.306389,-87.85194,Lake Michigan - Chicago,lake,39.4,41.878,-87.6,"T5 plans five gigawatt-scale data center campuses, announces Chicago campus",https://www.datacenterdynamics.com/en/news/t5-plans-five-gigawatt-scale-data-center-campuses-announces-chicago-campus/,3,"CHI IV in Grayslake, Lake County (~40 mi north of Chicago): up to 1.2 GW IT capacity with 1.6 GW secured ComEd power; envisions 20 × 60 MW buildings, Phase 1 (3 × 60 MW) targeted Q4 2027. Recorded as proposed (announced; no groundbreaking confirmed). Distinct from T5's Palmetto, GA campus. Coordinates are the Grayslake area centroid."
aws-hobart-in,AWS Hobart Campus,Amazon Web Services,Under construction,Under construction,confirmed,data_center,confirmed,confirmed,,,,,725.0,"Hobart, Lake, IN",Hobart,Lake,IN,41.517,-87.263,exact,NIPSCO (GenCo subsidiary),grid,,,hybrid,,Outside-air cooling ~98% of the year; water-based cooling on peak days (~2%); ~14 million gallons/year; ~80% more water-efficient than industry average.,contested,,725.0,,,Donald C Cook,MI,47.9,2285.3,41.975604,-86.56521,"Hobart Solar, LLC",IN,2.5,1.0,SUN,41.529444,-87.30833,Lake Michigan - Chicago,lake,30.4,41.878,-87.6,"AWS data center coming to Hobart, Indiana",https://www.datacenterdynamics.com/en/news/aws-data-center-coming-to-hobart-indiana/,7,"One of AWS's Northwest Indiana campuses (part of a $15B NW Indiana / 2.4 GW umbrella; distinct from aws-project-rainier-new-carlisle-in and the separate Wheatfield IN campus). CAPACITY OMITTED: the 2.4 GW figure is the NW Indiana total, not Hobart-specific. INVESTMENT OMITTED: $15B is the NW Indiana total, no Hobart-specific figure. Up to 25 buildings on 725+ acres ('Hobart Tech Park'); shell entities include Hobart Devco, Hobart Owner LLC, TUHAUS LLC/Wylie Capital. ~400 permanent jobs ($37-44/hr) are projections (in notes, not jobs). $47M upfront community payment is city revenue, not facility capex. Coordinates estimated from 61st Ave/Colorado St; verify via Lake County GIS. Active litigation: 'No Data Centers Hobart Indiana' sought a TRO on the fill permit (unresolved)."
aws-wheatfield-in,AWS Wheatfield Campus (Project Rise),Amazon Web Services,Permitted,Permitted,likely,data_center,likely,confirmed,,,,,304.0,"Wheatfield, Jasper, IN",Wheatfield,Jasper,IN,41.1955,-87.0586,exact,NIPSCO (Northern Indiana Public Service Company),grid,,,hybrid,,Natural air cooling ~98% of the year; supplemental water cooling on hot days; campus will not connect to public water systems and will fund its own water/wastewater infrastructure.,supported,,304.0,,,Donald C Cook,MI,59.6,2285.3,41.975604,-86.56521,R M Schahfer,IN,2.2,1105.0,BIT; NG,41.2164,-87.0261,Lake Michigan - Chicago,lake,54.8,41.878,-87.6,"Amazon plans nine-building data center campus in Wheatfield, Indiana",https://www.datacenterdynamics.com/en/news/amazon-plans-nine-building-data-center-campus-in-wheatfield-indiana/,4,"Codename Project Rise. Nine-building campus on 304 acres of NIPSCO-owned land ~0.5 mi from the R.M. Schahfer Generating Station; part of AWS's $15B Northern Indiana commitment. CAPACITY OMITTED: data-center IT load not disclosed; the 400 MW figure is NIPSCO's new gas peaker plant, not the facility's load. INVESTMENT OMITTED: DCD reports AWS is 'estimating an investment of around $7 billion' - a soft estimate, so no firm investmentUsd is recorded (noted here). ~250 permanent jobs are a projection (in notes, not jobs). AWS commits to restore 425 acres of Kankakee River watershed habitat and provide $25M for Wheatfield Township water access; AWS committed $1.25B to offset NIPSCO ratepayer impacts across the broader buildout. Coordinates are the Wheatfield centroid. Distinct from Project Rainier (New Carlisle) and the Hobart IN campus."
amazon-project-rainier-new-carlisle-in,Amazon Project Rainier,Amazon Web Services,Operating,Operating,confirmed,data_center,confirmed,confirmed,2200.0,,2200.0,"2,200 MW planned",2200.0,"New Carlisle, St. Joseph, IN",New Carlisle,St. Joseph,IN,41.6978,-86.5117,exact,grid (Indiana Michigan Power) + natural gas,grid,Indiana Michigan Power (AEP),,air,1.58,"Outside-air (free) cooling for roughly 98% of operating hours, running essentially chiller-free. 1.58 MGD is the Phase 1 permitted cooling-water discharge cap (average discharge ~0.8 MGD). Full-campus water use is not publicly disclosed by AWS; residents have raised aquifer-withdrawal concerns.",contested,11000000000.0,,600.0,400.0,Donald C Cook,MI,19.4,2285.3,41.975604,-86.56521,OlivePV,IN,1.1,5.0,SUN,41.7,-86.49,Lake Michigan - Chicago,lake,57.4,41.878,-87.6,Amazon opens $11B AI data center Project Rainier in Indiana — CNBC,https://www.cnbc.com/2025/10/29/amazon-opens-11-billion-ai-data-center-project-rainier-in-indiana.html,6,
coreweave-digital-crossroads-hammond-in,CoreWeave Digital Crossroads,CoreWeave,Cancelled,Cancelled,confirmed,data_center,confirmed,confirmed,180.0,,180.0,180 MW planned,180.0,"Hammond, Lake, IN",Hammond,Lake,IN,41.5836,-87.5,exact,NIPSCO,grid,NIPSCO,,,,,,,,,,Dresden Generating Station,IL,42.0,2018.6,41.39,-88.27,East Chicago,IN,3.7,2.0,SUN,41.632222,-87.46917,Lake Michigan - Chicago,lake,21.0,41.878,-87.6,"CoreWeave to develop 180MW data center at Digital Crossroads campus in Hammond, Indiana",https://www.datacenterdynamics.com/en/news/coreweave-to-develop-180mw-data-center-at-digital-crossroads-campus-in-hammond-indiana/,2,"180 MW facility at the Digital Crossroads campus in Hammond, Lake County; city approved June 2025, NIPSCO lease pending, targeted 2027. Coordinates are the Hammond area centroid. UPDATE (2026-07): the City of Hammond announced the CoreWeave / Decennial development agreement EXPIRED June 30, 2026 - required milestones were not met and no extensions were offered; no groundbreaking occurred. The June 2025 city approval, the 10-year real-property and 20-year personal-property tax abatements, and the ~$2B construction / ~$5B equipment figures were all tied to this now-lapsed agreement (never triggered). Status corrected under_construction -> cancelled."
dc-blox-warren-township-marion-county-in,DC BLOX Warren Township Data Center,DC BLOX,Proposed,Proposed,likely,data_center,likely,confirmed,78.0,,78.0,78 MW planned,150.0,"Warren Township, Marion, IN",Warren Township,Marion,IN,39.78,-86.05,exact,,,,,,,,contested,2000000000.0,150.0,,,Clinton Power Station,IL,149.9,1138.3,40.1719,-88.8339,Lenape II,IN,0.4,4.0,SUN,39.776667,-86.04278,Ohio River - Cincinnati,river,94.5,39.103,-84.512,DC Blox data center in eastern Indianapolis receives recommendation for approval,https://www.datacenterdynamics.com/en/news/dc-blox-data-center-in-eastern-indianapolis-receives-recommendation-for-approval/,1,"Three-building campus, scaled back from an original 28MW-larger plan. Capex breakout: $700-800M construction + $1.3-1.4B in 'servers, networking equipment, and AI hardware' per the developer's own figures. Coordinates are approximate."
google-fort-wayne-in,Google Fort Wayne Data Center (Project Zodiac),Google,Operating,Operating,confirmed,data_center,confirmed,confirmed,,,,,700.0,"Fort Wayne, Allen, IN",Fort Wayne,Allen,IN,40.99,-85.056,exact,Grid (Indiana Michigan Power); 188 MW solar PPA (Honeysuckle Solar),mixed,Indiana Michigan Power (I&M),,,,,mixed,2000000000.0,700.0,1000.0,200.0,Donald C Cook,MI,103.6,2285.3,41.975604,-86.56521,Paulding Wind Farm II,OH,14.6,99.0,WND,41.025278,-84.77917,Ohio River - Cincinnati,river,133.5,39.103,-84.512,Gov. Holcomb announces Google is building a $2B Data Center in Northeast Indiana,https://events.in.gov/event/gov-holcomb-announces-google-is-building-a-2b-data-center-in-northeast-indiana,3,"Site near East Tillman Road and Adams Center Road, SE Fort Wayne (Allen County). 700+ acres, multi-building campus explicitly optimized for Gemini AI platform and machine learning. Google STAR workforce program launched with Ivy Tech Community College. Coordinates are approximate site area; exact parcel centroid not verified from public permit records. Previous inkfreenews.com source replaced with WANE 15 which confirmed the same Dec 11 2025 operational story."
google-project-louie-monrovia-in,Google Project Louie (Morgan County),Google,Under construction,Under construction,confirmed,data_center,confirmed,confirmed,390.0,,390.0,390 MW planned,550.0,"Monrovia, Morgan County, IN",Monrovia,Morgan County,IN,39.57,-86.35,exact,AES Indiana,grid,AES Indiana,,unknown,,Each building estimated to use up to 4 million gallons per day at maximum capacity per IURC filings; total campus water demand not confirmed as a single figure. Cooling type not confirmed in available sources.,litigation,,550.0,,100.0,Clinton Power Station,IL,138.1,1138.3,40.1719,-88.8339,Eagle Valley (IN),IN,6.9,644.0,NG,39.48517,-86.4183,Ohio River - Louisville,river,96.3,38.254,-85.759,"Google behind 390-acre data center development in Morgan County, Indiana",https://www.datacenterdynamics.com/en/news/google-behind-390-acre-data-center-development-in-morgan-county-indiana/,9,"Codename 'Project Louie'; Google initially concealed via shell company 'Woodland Caribou LLC'. Campus totals approximately 550 acres in Morgan Township east of Monrovia (bounded by Keller Hill Rd, N Antioch Rd, SR-42, W Union Church Rd); additional ~80 acres acquired within Monrovia town limits, bringing total Google holdings to ~628 acres. Planned 1,200 MW AES Indiana substation per IURC Cause No. 46394 (filed Apr 22 2026); that figure is the utility substation capacity ceiling, not a confirmed steady-state data center load — treated as notes per spec. Six buildings plus substation planned. Reported total investment ~$1 billion (IDS News; not confirmed as a firm Google-stated commitment — left out of investmentUsd). Land acquisition spend: ~$78 million for ~15 parcels Sep–Nov 2025. Coordinates approximate (site east of Monrovia near SR-42/Keller Hill Rd area). Annexation dispute with Town of Monrovia active July 2026: county transferred Google parcels to RDC under IC 36-4-3-4.3 to block annexation; Google offered $12M sewer plant upgrade to Monrovia to drop the effort."
meta-jeffersonville-in,Meta Jeffersonville Data Center,Meta,Under construction,Under construction,confirmed,data_center,confirmed,confirmed,,,,,619.0,"Jeffersonville, Clark, IN",Jeffersonville,Clark,IN,38.33,-85.715,exact,Grid (100% renewable energy matching; LEED Gold certified),,,,closed_loop,,Liquid-cooled hardware for AI workloads; community concern over potential use of up to 5 million gallons/day,opposed,800000000.0,619.0,1250.0,100.0,Oklo Aurora Powerhouse,OH,154.2,1200.0,39.018,-82.996,Ohio Falls,KY,4.8,109.6,WAT,38.2832,-85.7792,Ohio River - Louisville,river,5.8,38.254,-85.759,"Hello, Jeffersonville! - Meta Data Centers",https://datacenters.atmeta.com/2024/01/hello-jeffersonville/,3,"River Ridge Commerce Center, Jeffersonville IN (Clark County, across Ohio River from Louisville KY). ~700,000 sq ft; AI-native design with liquid cooling from the start. Coordinates are approximate River Ridge Commerce Center area."
meta-lebanon-in,Meta Lebanon (Project Domino),Meta,Under construction,Under construction,confirmed,data_center,confirmed,confirmed,1000.0,,1000.0,"1,000 MW planned",1500.0,"Lebanon, Boone, IN",Lebanon,Boone,IN,40.07,-86.45,exact,Grid (100% renewable matching; 400+ MW new Indiana clean energy projects backed by Meta),grid,,,closed_loop,,Meta pledged 100% water restoration; 200 million gallons/year returned to Upper Wabash River Basin via Arable irrigation partnership with local farmers for 10 years,supported,10000000000.0,1500.0,4000.0,300.0,Braidwood Generation Station,IL,123.5,2449.8,41.2435,-88.2286,Sheridan School Corporation Solar,IN,13.3,1.5,SUN,40.140278,-86.21528,Ohio River - Cincinnati,river,122.9,39.103,-84.512,"Meta's New Data Center in Lebanon, Indiana Marks a Milestone AI Investment",https://about.fb.com/news/2026/02/metas-new-data-center-lebanon-indiana-marks-milestone-ai-investment/,3,"LEAP Innovation and Research District, Lebanon IN (Boone County, ~30 mi NW of Indianapolis). 1,500 acres, 4 million sq ft total; 13 buildings. Among Meta's largest single infrastructure investments. Coordinates are approximate LEAP District area north of Lebanon."
microsoft-granger-in,Microsoft Granger Data Center,Microsoft,Under construction,Under construction,mixed_use,data_center,mixed_use,reported,1000.0,,1000.0,"1,000 MW planned",939.0,"Granger, St. Joseph, IN",Granger,St. Joseph,IN,41.73,-86.13,exact,Grid (Mishawaka city water; no groundwater withdrawal),grid,Indiana Michigan Power (I&M / AEP),,closed_loop,,"Closed-loop cooling: coolant is mixed outside St. Joseph County, trucked to the site, and transported out after about two years for cleaning. Mishawaka city water is used for domestic use only; on-site groundwater wells were capped (no aquifer withdrawal). No withdrawal-rate figure disclosed.",mixed,,939.0,,300.0,Donald C Cook,MI,28.1,2285.3,41.975604,-86.56521,St. Joseph Solar,IN,1.1,20.0,SUN,41.7311,-86.1083,Lake Michigan - Chicago,lake,76.4,41.878,-87.6,"Microsoft buys 900-acre St. Joe Farm, Indiana, for data center build",https://www.datacenterdynamics.com/en/news/microsoft-buys-900-acre-st-joe-farm-indiana-for-data-center-build/,6,"Former St. Joe Farm, near Bittersweet Road and Currant Road, Granger IN (St. Joseph County). 939 acres; 5-6 buildings planned; ~1 GW power load estimated by county officials. Microsoft not seeking local tax incentives. Status downgraded from 'under_construction' to 'permitted': WSBT source (cited in original record for the construction claim) explicitly states 'no construction has begun' and no formal site plan submitted; WNDU March 2026 MOU covers pre-development evaluation only. Confidence downgraded to 'reported' pending construction confirmation. Coordinates are approximate Granger unincorporated community area."
microsoft-laporte-in,Microsoft La Porte Data Center,Microsoft,Under construction,Under construction,mixed_use,data_center,mixed_use,confirmed,,,,,489.0,"La Porte, La Porte, IN",La Porte,La Porte,IN,41.595,-86.735,exact,Grid,,,,,,,,1000000000.0,489.0,,200.0,Donald C Cook,MI,27.7,2285.3,41.975604,-86.56521,Deercroft I & II LFGTE,IN,9.5,6.4,LFG; NG,41.6514,-86.9036,Lake Michigan - Chicago,lake,48.7,41.878,-87.6,Gov. Holcomb announces plans for new $1B Microsoft Data Center in Northwest Indiana,https://cityoflaporte.com/news/gov-holcomb-announces-plans-for-new-1b-microsoft-data-center-in-northwest-indiana,2,"Radius Industrial Park, La Porte IN (La Porte County, NW Indiana). Initial plan 245,000 sq ft on 489 acres; expanded to 17 buildings with adjacent rezoning sought. First-phase six data centers plus substation. Microsoft stated 'Community-First AI Infrastructure' principles. Coordinates are approximate Radius Industrial Park area. Announcement date corrected from 2024-09 to 2024-06 per IEDC press release dated June 4, 2024."
project-shirley-eagle-creek-township-lake-county-in,Project Shirley,Sentinel Data Centers,Proposed,Proposed,likely,data_center,likely,reported,500.0,,500.0,500 MW planned,160.0,"Eagle Creek Township, Lake, IN",Eagle Creek Township,Lake,IN,41.31,-87.3,exact,,grid,NIPSCO (via GenCo subsidiary),,,,,contested,5000000000.0,160.0,,,Braidwood Generation Station,IL,48.4,2449.8,41.2435,-88.2286,Merrillville Solar,IN,10.7,100.0,SUN,41.462794,-87.27285,Lake Michigan - Chicago,lake,42.2,41.878,-87.6,"In Indiana, an anatomy of data center opposition",https://www.latitudemedia.com/news/in-indiana-an-anatomy-of-data-center-opposition/,1,"Unincorporated, SR-2/Clay St. 4 buildings across 160 largely agricultural acres. Coordinates are approximate."
sabey-decatur-technology-park-marion-county-in,Sabey Decatur Technology Park,Sabey Data Centers,Permitted,Permitted,likely,data_center,likely,confirmed,250.0,,250.0,250 MW planned,250.0,"Decatur Township, Marion, IN",Decatur Township,Marion,IN,39.7,-86.28,exact,,,,,,,,litigation,4000000000.0,,,,Clinton Power Station,IL,139.2,1138.3,40.1719,-88.8339,IND Community Solar Farm 1st Phase,IN,1.9,10.0,SUN,39.695209,-86.31553,Ohio River - Cincinnati,river,103.0,39.103,-84.512,Sabey targets Indianapolis for 250MW data center campus,https://www.datacenterdynamics.com/en/news/sabey-targets-indianapolis-for-250mw-data-center-campus/,1,"More than one million sq ft, 250MW over a 5-year period. Coordinates are approximate."
beale-gardner-johnson-county-ks,Beale Infrastructure Gardner Campus,Beale Infrastructure,Proposed,Proposed,likely,data_center,likely,reported,,,,,300.0,"Gardner, Johnson, KS",Gardner,Johnson,KS,38.81,-94.93,exact,,grid,Evergy,,,,,,,300.0,,,Wolf Creek Generating Station,KS,56.9,1296.3,38.23926,-95.68978,Gardner Energy Center,KS,2.6,39.2,NG,38.830833,-94.89028,Missouri River - Kansas City,river,27.5,39.099,-94.578,"Gardner, Kansas project page",https://bealeinfra.com/gardner-kansas/,1,"Near 191st St & S Clare Rd. Up to 16 data halls. Distinct from Beale's existing tracked Project Pilot in De Soto, KS. Coordinates are approximate."
beale-project-pilot-de-soto-ks,Beale Project Pilot (De Soto),Beale Infrastructure,Under construction,Under construction,likely,data_center,likely,confirmed,,,,,290.0,"De Soto, Johnson County, KS",De Soto,Johnson County,KS,38.966,-94.967,exact,Evergy,grid,Evergy,,,,Developer funding new industrial wastewater treatment facility; cooling water drawn from Kansas River; significant infrastructure upgrades borne by developer,mixed,3100000000.0,290.0,500.0,100.0,Wolf Creek Generating Station,KS,63.6,1296.3,38.23926,-95.68978,Gardner Energy Center,KS,10.2,39.2,NG,38.830833,-94.89028,Missouri River - Kansas City,river,22.8,39.099,-94.578,De Soto advances $3.1B data center project near Panasonic plant,https://johnsoncountypost.com/2025/08/26/de-soto-advances-3-1-billion-data-center-project-near-panasonic-plant-267209/,2,"Developer (Mount Sunflower Properties LLC / Beale Infrastructure, backed by Blue Owl) has pre-leased the entire campus to an unnamed large technology company. Attorney described the tenant as among 'the strongest, most financially profitable companies in the world.' Four buildings of 285,000 sq ft each (1.14M sq ft total); full build-out in 7–9 years. Kansas's first announced hyperscale data center. Permanent job figure of 100 is sourced from Johnson County Post ('over 100 long-term jobs paying six figures'); DCD separately cited 50 operational jobs for the first phase only. Coordinates are De Soto city centroid; exact site is at NW corner of 103rd St and Edgerton Rd."
red-wolf-dcd-properties-project-red-wolf-ks,Project Red Wolf,Red Wolf DCD Properties LLC,Proposed,Proposed,Data center,data_center,,reported,600.0,,600.0,600 MW planned,600.0,"Kansas City, Wyandotte, KS",Kansas City,Wyandotte,KS,39.132358,-94.88035,exact,,,,,,,,,12000000000.0,,,,Wolf Creek Generating Station,KS,75.6,1296.3,38.23926,-95.68978,Nearman Creek,KS,10.1,365.0,NG; SUB,39.1681,-94.6975,Missouri River - Kansas City,river,16.4,39.099,-94.578,"600MW data center campus proposed outside Kansas City, Kansas",https://www.datacenterdynamics.com/en/news/600mw-data-center-campus-proposed-outside-kansas-city-kansas/,4,"400-acre, 6-building campus west of Kansas Speedway (13000 Parallel Parkway). Zoning approval failed a vote and drew a lawsuit; contested, decision pending in 2026."
powertransitions-project-yardbird-ks,Project Yardbird,PowerTransitions,Proposed,Proposed,Data center,data_center,,reported,200.0,,200.0,200 MW planned,200.0,"Kansas City, Wyandotte, KS",Kansas City,Wyandotte,KS,39.147,-94.635,approximate,,,,,,,,,,,,,Wolf Creek Generating Station,KS,84.7,1296.3,38.23926,-95.68978,Quindaro,KS,0.2,143.6,DFO,39.1492,-94.6381,Missouri River - Kansas City,river,4.5,39.099,-94.578,Wyandotte County data centers would require a lot of power,https://www.kcur.org/housing-development-section/2026-01-29/wyandotte-county-data-centers-would-require-a-lot-of-power-will-that-raise-your-energy-bill,2,"Converts the decommissioned Quindaro coal Power Station (BPU) in the Quindaro neighborhood of Kansas City, KS. $13.6M option to buy (May 2025), currently in due diligence."
terawulf-hawesville-ky,Justified Data Campus,TeraWulf,Under construction,Under construction,confirmed,data_center,confirmed,confirmed,401.0,,401.0,401 MW planned,750.0,"Hawesville, Hancock County, KY",Hawesville,Hancock County,KY,37.8999,-86.7569,exact,Big Rivers Electric Corporation,grid,Big Rivers Electric Corporation,,closed_loop,,TeraWulf stated at community meetings that no river water or municipal water will be used. Advanced closed-loop liquid cooling system; company stated campus will use less water over several years than the former aluminum smelter consumed in a single day. No reported MGD figure available.,mixed,,750.0,,100.0,Kairos Power Hermes 2,TN,189.2,50.0,35.92,-84.39,Cannelton Hydroelectric Plant,KY,2.8,87.9,WAT,37.899722,-86.70583,Ohio River - Louisville,river,59.5,38.254,-85.759,TeraWulf Announces Anthropic Lease at Justified Data Campus,https://investors.terawulf.com/news-events/press-releases/detail/142/terawulf-announces-anthropic-lease-at-justified-data-campus-and-sale-of-majority-interest-in-abernathy-joint-venture-to-fluidstack,9,"Brownfield redevelopment of former Century Aluminum smelter. Site acquired February 2026 from Century Aluminum subsidiary; acquisition price reported by multiple outlets as $200M cash plus a 6.8% minority equity interest in TeraWulf (not confirmed in official PR text fetched). Lease entity: TeraWulf's Raylan Data LLC to Anthropic PBC. The ~$19B is contracted lease revenue over the 20-year term — not capex; excluded from investmentUsd. TeraWulf indicated a $3B–$4B construction investment for two data center buildings (range, not a firm single figure; excluded from investmentUsd). Site has ~480 MW of existing power availability; 401 MW is the Anthropic lease capacity. Total site ~750 acres per news sources; TeraWulf's official PR cited 'over 250 buildable acres.' Coordinates are approximate (Hawesville town center). Fluidstack/Abernathy JV is a separate unrelated transaction — excluded from this record."
powerhouse-louisville-ky,PowerHouse Data Centers – Louisville (Camp Ground Road),PowerHouse Data Centers,Under construction,Under construction,likely,data_center,likely,reported,402.0,,402.0,402 MW planned,153.0,"Louisville, Jefferson County, KY",Louisville,Jefferson County,KY,38.1953,-85.8485,exact,,grid,LG&E,,,,,opposed,,153.0,,,Oklo Aurora Powerhouse,OH,164.2,1200.0,39.018,-82.996,Paddys Run,KY,2.0,210.6,NG,38.223592,-85.8417,Ohio River - Louisville,river,6.3,38.254,-85.759,"Planning Commission recommends approval for 1.6m sq ft planned data center in Louisville, Kentucky",https://www.datacenterdynamics.com/en/news/planning-commission-recommends-approval-for-16m-sq-ft-planned-data-center-in-louisville-kentucky/,2,"Address: 6001 Camp Ground Road, Louisville, KY; near Shively and the Rubbertown industrial district, less than 1 mile from the Ohio River. 153 acres confirmed by DCD. 1.6M sq ft total campus across seven buildings. Operator discussing tenants including major hyperscalers (Google, Amazon, Microsoft named in reports). End tenant not publicly disclosed at time of research. Fix: removed unconfirmed '50-year' duration from tax exemption description — program exists per Kentucky 2024 legislation but specific term length was not confirmed by any fetched source."
tenkey-franklin-ky,TenKey LandCo Project Lionsgate – Franklin Data Center,TenKey LandCo I LLC,Proposed,Proposed,likely,data_center,likely,reported,,,,,200.0,"Franklin, Simpson County, KY",Franklin,Simpson County,KY,36.703,-86.591,exact,,,,,,,,litigation,4800000000.0,200.0,,150.0,Watts Bar Nuclear Plant,TN,126.0,2539.8,35.6021,-84.7895,"SR Warren, LLC",KY,2.4,3.5,SUN,36.71168,-86.54856,Ohio River - Louisville,river,116.5,38.254,-85.759,Second lawsuit filed over proposed data center in Simpson County,https://www.wkyufm.org/news/2026-04-14/second-lawsuit-filed-over-proposed-data-center-in-simpson-county,2,"Site: 421 Steele Road (Steele Road near Exit 2 on I-65), Franklin, Simpson County, KY. Coordinates are approximate for that I-65 exit area within Franklin city limits. Three 200,000 sq ft buildings plus on-site natural gas power generation planned. End hyperscaler not publicly identified; Simpson County Judge-Executive Mason Barnes refused to sign NDA and called the pitch full of red flags. Data center opposition became a factor in May 2026 local primary elections in Simpson County. Fix: investmentUsd corrected from $1.6B to $4.8B — LPM confirms total project is 'nearly $5 billion'; the $1.6B figure in the original record is the per-building cost (each of three 200,000 sq ft facilities costs approximately $1.6B, totaling ~$4.8B)."
terawulf-muskie-eastpark-ky,TeraWulf Muskie Data Campus (EastPark),TeraWulf,Proposed,Proposed,confirmed,data_center,confirmed,confirmed,1000.0,,1000.0,"1,000 MW planned",285.0,"Ashland, Greenup, KY",Ashland,Greenup,KY,38.4042,-82.79,exact,Kentucky Power (AEP),grid,,,unknown,,,mixed,,285.0,,,Oklo Aurora Powerhouse,OH,43.8,1200.0,39.018,-82.996,Green Valley LFGTE,KY,1.1,2.4,LFG,38.396737,-82.80882,Ohio River - Cincinnati,river,104.6,39.103,-84.512,New AI data center coming to eastern Kentucky,https://www.wowktv.com/news/kentucky/boyd-county-ky/new-ai-data-center-coming-to-eastern-kentucky/,6,"TeraWulf's second Kentucky campus (alongside the Justified/Hawesville campus tracked separately). TeraWulf (Nasdaq: WULF), historically a bitcoin miner, repositioning toward HPC/AI. Muskie is a 285-acre site at EastPark Industrial Park (a 1,000-acre former strip mine). Planned 1+ GW phased: initial 500 MW ramp H2 2028, additional 500 MW targeted H2 2030. County discrepancy: local TV cites Boyd County, but Wikipedia and the Lane Report place EastPark primarily in Greenup County (site straddles Boyd/Greenup/Carter); Greenup used, city Ashland retained as the regional reference. INVESTMENT OMITTED: the $4B figure came from a Boyd County official, not TeraWulf's investor PR or 8-K. ~300 permanent jobs are official projections (in notes, not jobs). TeraWulf stated it will pay the full standard industrial tariff with no subsidies. Coordinates are the EastPark park centroid."
amazon-northwest-louisiana,Amazon Data Center Campuses (Caddo and Bossier Parishes),Amazon Web Services,Under construction,Under construction,mixed_use,data_center,mixed_use,confirmed,,,,,8,"Shreveport, Caddo, LA",Shreveport,Caddo,LA,32.51,-93.75,exact,"Grid (SWEPCO / AEP), with Amazon funding 100% of new transmission infrastructure",grid,SWEPCO (Southwestern Electric Power Company),,,,,mixed,12000000000.0,,1500.0,540.0,Grand Gulf,MS,161.6,1440.0,32.0081,-91.0478,Arsenal Hill,LA,0.9,125.0,NG,32.5181,-93.7611,Red River - Shreveport,river,1.0,32.525,-93.75,Amazon selects Louisiana for $12B data center campuses,https://www.opportunitylouisiana.gov/news/amazon-selects-louisiana-for-12-billion-data-center-campuses-in-major-u-s-expansion,2,"Three campuses (Shreveport, near Blanchard in Caddo Parish, near Benton in Bossier Parish). STACK Infrastructure is developer partner. Each campus approximately 2-3 million sq ft. Sites on separate transmission lines for reliability. Coordinates use Shreveport as centroid; exact parcel locations not publicly mapped."
applied-digital-delta-forge-1-la,Applied Digital Delta Forge 1 AI Factory Campus,Applied Digital Corporation,Under construction,Under construction,confirmed,data_center,confirmed,confirmed,300.0,,300.0,300 MW planned,300.0,"Boyce, Rapides, LA",Boyce,Rapides,LA,31.4,-92.65,exact,Grid (Cleco),grid,Cleco,,closed_loop,,Applied Digital proprietary closed-loop cooling technology for high-density AI workloads.,,3600000000.0,300.0,1000.0,200.0,River Bend,LA,89.7,1035.9,30.757,-91.3327,Brame Energy Center,LA,3.9,1707.3,NG; PC; SUB,31.395,-92.71667,Red River - Shreveport,river,101.0,32.525,-93.75,Central Louisiana secures $3.6B Applied Digital AI Factory Campus,https://www.opportunitylouisiana.gov/news/central-louisiana-secures-3-6-billion-applied-digital-ai-factory-campus,2,"Anchor tenant is an undisclosed investment-grade U.S. hyperscaler under a $7.5B, 15-year lease. Two initial facilities totaling 300 MW across 300 acres (of 672-acre secured site). Initial operations targeted mid-2027. Applied Digital HQ in Dallas, TX."
stack-bossier-parish-la,Bossier Parish Campus (with Amazon),STACK Infrastructure,Under construction,Under construction,Data center,data_center,,confirmed,,,,,8,"Benton, Bossier, LA",Benton,Bossier,LA,32.69,-93.74,approximate,,,,,,,,,,,,,Grand Gulf,MS,164.0,1440.0,32.0081,-91.0478,J Lamar Stall Unit,LA,11.8,624.0,NG,32.51947,-93.76013,Red River - Shreveport,river,11.4,32.525,-93.75,"Campuses of newly-announced Amazon data center spanning Bossier, Caddo parishes confirmed",https://www.ksla.com/2026/02/24/campuses-newly-announced-amazon-data-center-spanning-bossier-caddo-parishes-confirmed/,1,"Companion site to the Blanchard/Caddo Parish campus; same ~$12,000,000,000 combined Amazon/STACK investment."
stack-caddo-parish-la,Caddo Parish Campus (with Amazon),STACK Infrastructure,Under construction,Under construction,Data center,data_center,,confirmed,,,,,8,"Blanchard, Caddo, LA",Blanchard,Caddo,LA,32.58,-93.9,approximate,,,,,,,,,,,,,Grand Gulf,MS,171.2,1440.0,32.0081,-91.0478,Arsenal Hill,LA,9.2,125.0,NG,32.5181,-93.7611,Red River - Shreveport,river,9.5,32.525,-93.75,"Campuses of newly-announced Amazon data center spanning Bossier, Caddo parishes confirmed",https://www.ksla.com/2026/02/24/campuses-newly-announced-amazon-data-center-spanning-bossier-caddo-parishes-confirmed/,2,"Part of a ~$12,000,000,000 combined Amazon/STACK investment spanning this Caddo Parish campus and the companion Bossier Parish campus (Benton, LA)."
hut8-river-bend-west-feliciana-la,Hut 8 River Bend AI Data Center Campus,Hut 8,Under construction,Under construction,confirmed,data_center,confirmed,confirmed,330.0,,330.0,330 MW planned,611.0,"St. Francisville, West Feliciana, LA",St. Francisville,West Feliciana,LA,30.79,-91.38,exact,Grid (Entergy Louisiana); campus adjacent to River Bend Nuclear Generating Station,grid,Entergy Louisiana,,,,,supported,10000000000.0,611.0,1000.0,75.0,River Bend,LA,3.6,1035.9,30.757,-91.3327,Pointe Coupee Power Station,LA,3.5,2340.9,NG,30.739,-91.377,Mississippi River - Baton Rouge,river,26.1,30.451,-91.187,Hut 8 selects Southeast Louisiana for $10B AI data center,https://www.opportunitylouisiana.gov/news/hut-8-selects-southeast-louisiana-as-site-of-10-billion-artificial-intelligence-data-center,2,"River Bend campus on 611 acres in West Feliciana Parish. Fluidstack (backed by Google) is primary tenant; Anthropic also signed a long-term lease. Phase I: two 450,000 sq ft facilities. Phase II (additional facilities) targeted by end of 2026. Coordinates approximate St. Francisville area."
meta-hyperion-richland-parish-la,Meta Hyperion,Meta,Under construction,Under construction,confirmed,data_center,confirmed,reported,2000.0,,2000.0,"2,000 MW planned",2250.0,"Delhi vicinity, Richland, LA",Delhi vicinity,Richland,LA,32.4442,-91.4906,exact,grid (Entergy Louisiana) + planned renewables,mixed,Entergy Louisiana,,,5.0,Sierra Club reporting states ~5 million gallons/day (~2 billion/year). Cooling type not disclosed in primary sources. Meta pledges 100% water restoration by 2030 via a 316-acre restoration project with Resource Environmental Solutions.,mixed,10000000000.0,2250.0,5000.0,500.0,Grand Gulf,MS,39.7,1440.0,32.0081,-91.0478,SR Delhi,LA,1.8,4.8,SUN,32.465321,-91.50959,Red River - Shreveport,river,131.8,32.525,-93.75,Meta to build AI data center in Louisiana — Reuters,https://www.reuters.com/technology/meta-build-ai-data-center-louisiana-2025-01-24/,7,
markley-boston-summer-street-ma,Markley Group Boston (One Summer Street / BOSIX),Markley Group,Operating,Operating,Data center,data_center,,confirmed,30.0,30.0,,30 MW operating,30.0,"Boston, Suffolk, MA",Boston,Suffolk,MA,42.3545151,-71.0595422,approximate,,,,,,,,,,,,,Seabrook,NH,39.1,1242.0,42.899167,-70.84889,Gillette SBMC,MA,0.8,14.2,DFO; NG,42.3436,-71.0559,Hudson River - New York,river,185.7,40.79,-73.98,"One Summer St, Boston",https://www.datacentermap.com/usa/massachusetts/boston/one-summer-st/,3,"Markley's original flagship facility (1 Summer St, atop former Macy's), 920,000 sq ft, largest commercial internet exchange point (BOSIX) in New England. Distinct facility from the separately-tracked Markley Lowell (One Lowell Data Center) site."
markley-lowell-ma,Markley Group One Lowell Data Center,Markley Group,Operating,Operating,mixed_use,data_center,mixed_use,confirmed,,,,,8,"Lowell, Middlesex, MA",Lowell,Middlesex,MA,42.6334,-71.3162,exact,Grid; 27 on-site diesel backup generators,grid,,,evaporative,0.12,"16 evaporative cooling towers, Merrimack River-sourced. Markley self-reports daily use of 60,000-120,000 gallons (0.06-0.12 MGD), peaking ~118,000 gpd in summer, corroborated by WBZ-TV water-bill records - far below hyperscale AI campuses.",litigation,,,,,Seabrook,NH,30.0,1242.0,42.899167,-70.84889,Boott Hydropower,MA,1.4,22.9,WAT,42.652454,-71.32238,Hudson River - New York,river,187.3,40.79,-73.98,Lowell Residents File Massachusetts' First Lawsuit Against a Data Center,https://www.boston.com/news/local-news/2026/05/07/lowell-residents-file-massachusetts-first-lawsuit-against-a-data-center/,4,"Coordinates are approximate city centroid (Sacred Heart/Back Central neighborhoods, Lowell). Facility serves 100+ customers including hospitals, universities, and police departments. Expansion includes land purchases by Markley near old power plant. Expansion plans stalled by moratorium. AI demand cited as driver of expansion since 2022. Delivered permanent-job counts are disputed - the abatement promised 100 jobs; the city and critics count ~26-30 full-time local workers while Markley cites ~100 total, with construction peaking ~120 (IBEW Local 103); recorded as unresolved (honest-zero). No confirmed total capital-investment figure is public ('hundreds of millions'). Massachusetts' 2024 sales-tax exemption is statutory eligibility, not a confirmed Markley award."
mghpcc-holyoke-ma,Massachusetts Green High Performance Computing Center,MGHPCC consortium (BU/Harvard/MIT/Northeastern/UMass/Yale),Operating,Operating,Data center,data_center,,confirmed,15.0,15.0,,15 MW operating,15.0,"Holyoke, Hampden, MA",Holyoke,Hampden,MA,42.20285,-72.60693,exact,,,,,,,,,,,,,Millstone,CT,65.7,2259.9,41.3107,-72.1677,Cabot Holyoke,MA,0.3,2.6,WAT,42.2,-72.61,Hudson River - New York,river,120.7,40.79,-73.98,Massachusetts Green High Performance Computing Center,https://en.wikipedia.org/wiki/Massachusetts_Green_High_Performance_Computing_Center,3,"90,300 sq ft, opened 2012, hydro-powered university research-computing consortium (100 Bigelow St). Explicitly exempted from Holyoke's 2026 data center ban. Houses the MIT Lincoln Laboratory Supercomputing Center (LLSC / TX-GAIA) — recorded as one facility, not two."
servistar-westfield-ma,Servistar Realties Westfield Data Center Campus,Servistar Realties,Proposed,Proposed,Data center,data_center,,reported,42.0,,42.0,42 MW planned,42.0,"Westfield, Hampden, MA",Westfield,Hampden,MA,42.157077,-72.741619,approximate,,,,,,,,,,,,,Millstone,CT,65.5,2259.9,41.3107,-72.1677,Twiss Street Solar,MA,0.7,1.5,SUN,42.148333,-72.74806,Hudson River - New York,river,114.2,40.79,-73.98,Westfield Data Center Campus,https://baxtel.com/data-center/westfield-data-center-campus,4,"Would-be first Massachusetts hyperscale data center: 10-building, 2.7M sq ft campus over a long buildout (191/199 Servistar Industrial Way). Tax exemption secured 2024. Status is early and thin — no confirmed groundbreaking; conflicting signals on whether the project is still active."
aws-calvert-cliffs-md,AWS Calvert County Data Center Campus,Amazon Web Services,Proposed,Proposed,mixed_use,data_center,mixed_use,reported,,,,,8,"Lusby, Calvert, MD",Lusby,Calvert,MD,38.437,-76.443,exact,,nuclear,Constellation Energy,,,,,mixed,,,,,Calvert Cliffs Nuclear Power Plant,MD,0.2,1850.4,38.4344,-76.4417,Calvert Cliffs Nuclear Power Plant,MD,0.2,1850.4,NUC,38.4344,-76.4417,Potomac River - Northern Virginia,river,62.7,38.969,-77.386,"AWS proposes data center campus next to nuclear plant in Calvert County, Maryland",https://www.datacenterdynamics.com/en/news/aws-proposes-data-center-campus-next-to-nuclear-plant-in-calvert-county-maryland/,3,Very early-stage: AWS states no formal proposal submitted as of DCD article date. Site plan application filed May 2026. Concept design shared at community open house shows up to 8 buildings south and west of Calvert Cliffs nuclear plant. Capacity not disclosed by AWS. Coordinates approximate for Calvert Cliffs area.
aligned-quantum-frederick-md,Aligned Data Centers IAD-04 Frederick,Aligned Data Centers,Under construction,Under construction,mixed_use,data_center,mixed_use,confirmed,72.0,,72.0,72 MW planned,75.0,"Frederick, MD",,Frederick,MD,39.263,-77.387,exact,,grid,Potomac Edison / FirstEnergy,,hybrid,,"Aligned describes ""Delta³ air cooling arrays"" plus ""DeltaFlow liquid cooling"" within a ""closed-loop chilled water system"" and markets ""near-zero water consumption""; no facility MGD disclosed. Cooling spec is campus-level and may not be IAD-04-specific.",opposed,,75.0,,,Peach Bottom,PA,68.8,2876.4,39.758936,-76.26874,Montgomery County Correctional Facility,MD,5.3,1.4,SUN,39.237945,-77.29322,Potomac River - Northern Virginia,river,20.3,38.969,-77.386,Aligned breaks ground on 72MW Maryland data center in Quantum Frederick Park,https://www.datacenterdynamics.com/en/news/aligned-breaks-ground-on-72mw-maryland-data-center-in-quantum-frederick-park/,5,"Part of TPG Real Estate / Catellus Development's 2,100-acre Quantum Frederick campus on former Alcoa Eastalco aluminum plant (closed 2010, demolished 2017) in Frederick County MD. Coordinates are approximate for campus area near Buckeystown/Adamstown."
lerner-brightseat-tech-park-md,Brightseat Tech Park,Lerner Enterprises / The Tower Companies (Brightseat Associates LLC),Permitted,Permitted,mixed_use,data_center,mixed_use,confirmed,820.0,,820.0,820 MW planned,87.0,"Landover, Prince George's, MD",Landover,Prince George's,MD,38.931,-76.868,exact,,grid,Pepco (Exelon),,,,,opposed,5000000000.0,87.0,,,Calvert Cliffs Nuclear Power Plant,MD,41.3,1850.4,38.4344,-76.4417,FedEx Field Solar Facility,MD,1.6,2.0,SUN,38.907778,-76.86444,Potomac River - Northern Virginia,river,28.0,38.969,-77.386,Lerner's Maryland data center campus could total 820MW,https://www.datacenterdynamics.com/en/news/lerners-maryland-data-center-campus-could-total-820mw/,2,"2101 Brightseat Road, Landover MD. Project has final plan approvals but is politically frozen pending task force report. Five buildings on 87 acres of former mall site. As a permitted-but-frozen project, no facility-specific water design, subsidy award, or committed job figures have been disclosed; job figures circulating in press are Maryland Tech Council sector benchmarks, not Brightseat commitments."
rowan-digital-frederick-md,Rowan Digital Infrastructure Frederick Campus (Bauxite I),Rowan Digital Infrastructure,Under construction,Under construction,mixed_use,data_center,mixed_use,confirmed,300.0,,300.0,300 MW planned,151.0,"Frederick, MD",,Frederick,MD,39.265,-77.394,exact,,grid,Potomac Edison (FirstEnergy),,evaporative,0.44,"440,000 gallons/day cooling water allocated to Rowan's 156-acre parcel per Frederick County records",opposed,,151.0,,,Peach Bottom,PA,69.0,2876.4,39.758936,-76.26874,Dickerson Power,MD,5.4,326.0,NG,39.2097,-77.4644,Potomac River - Northern Virginia,river,20.5,38.969,-77.386,Rowan secures $1.2bn for Maryland data center campus build-out,https://www.datacenterdynamics.com/en/news/rowan-secures-12bn-for-maryland-data-center-campus-build-out/,3,"Rowan (Quinbrook Infrastructure Partners + Birch Infrastructure JV) serves as AWS hyperscale host at Quantum Frederick. Three campuses planned on-site total; Bauxite I is Phase 1 at 300MW. 777,150 sq ft total campus footprint. Coordinates approximate for same Quantum Frederick campus area as Aligned record."
terawulf-morgantown-charles-county-md,TeraWulf Morgantown Generating Station AI Campus,TeraWulf,Proposed,Proposed,likely,data_center,likely,confirmed,1000.0,,1000.0,"1,000 MW planned",250.0,"Charles, MD",,Charles,MD,38.362,-77.129,exact,,mixed,,500.0,,,,contested,,250.0,,,Calvert Cliffs Nuclear Power Plant,MD,37.6,1850.4,38.4344,-76.4417,Morgantown Generating Plant,MD,8.3,260.0,DFO,38.3592,-76.9767,Potomac River - Northern Virginia,river,44.2,38.969,-77.386,TeraWulf buys Maryland coal plant to fuel AI data centers,https://technical.ly/entrepreneurship/terawulf-maryland-power-plant-acquistion/,4,"Morgantown Generating Station is on the Potomac River near the Governor Harry W. Nice Memorial Bridge, Charles County MD. Acquisition funding and TeraWulf financial stability questioned by Maryland Office of People's Counsel (net losses $660M+ in 2025, 90% revenue from Bitcoin mining). Coordinates approximate. TeraWulf sought about $100M in Maryland state funds toward the Morgantown acquisition; the purchase price is withheld from FERC as confidential (FOIA Exemption 4), which Public Citizen is petitioning to disclose. No cooling design, water-withdrawal figure, confirmed subsidy, or job count has been publicly disclosed for the proposed AI campus."
liquidcool-loring-afb-me,Loring LiquidCool Data Center (Green 4 Maine Campus),LiquidCool Solutions / Green 4 Maine,Proposed,Proposed,confirmed,data_center,confirmed,confirmed,50.0,,50.0,50 MW planned,50.0,"Limestone, Aroostook, ME",Limestone,Aroostook,ME,46.9502,-67.8849,exact,Canadian hydropower (New Brunswick); immersion cooling (no water consumed),hydro,,,closed_loop,,LiquidCool immersion cooling uses polyalphaolefin oil (non-conductive); no water consumed for cooling per developer claim.,,,,,,Seabrook,NH,315.2,1242.0,42.899167,-70.84889,Limestone - (ME),ME,0.7,4.0,SUN,46.943316,-67.89607,Hudson River - New York,river,522.5,40.79,-73.98,Maine's 1st AI Data Center Planned for Aroostook County,https://www.bangordailynews.com/2025/10/14/aroostook/ai-data-center-loring-air-force-base/,2,"115,000 sq ft leased within Green 4 Maine's 450-acre innovation hub on former USAF base. LiquidCool Solutions is a Minnesota-based technology company. First phase starts at 5-6MW; 50MW total available at base. Project marketed as cross-border US/Canada AI hub."
sentinel-jay-me,"Sentinel Data Centers Androscoggin Mill Campus, Jay",Sentinel Data Centers / JGT2 Redevelopment,Cancelled,Cancelled,likely,data_center,likely,reported,82.0,,82.0,82 MW planned,82.0,"Jay, Franklin, ME",Jay,Franklin,ME,44.5024,-70.2175,exact,"On-site solar (up to 150MW), Central Maine Power (up to 25MW backup), on-site hydro approved",solar,Central Maine Power,,closed_loop,0.3,"Closed-loop system; ~300,000 gallons/day from Androscoggin River to replace evaporation, compared to 35-40 million gallons/day used by former paper mill.",supported,550000000.0,,900.0,137.0,Seabrook,NH,115.2,1242.0,42.899167,-70.84889,International Paper Jay Hydro,ME,0.2,3.1,WAT,44.503704,-70.22097,Hudson River - New York,river,319.9,40.79,-73.98,"Jay Approves Town Meeting Warrant, Backs Data Center Plan",https://themainemonitor.org/jay-backs-data-center-plan/,5,"Sentinel Data Centers LLC is headquartered in New York City. JGT2 Redevelopment purchased the former Pixelle Specialty Solutions mill in December 2023. ~425,000 sq ft of obsolete mill buildings demolished; paper machines shipped to Pakistan. In June 2026 Sentinel notified JGT2 of intent not to move forward; no permits were issued and no groundbreaking was held. JGT2 is seeking other operators for the site."
wiscasset-proposed-me,Wiscasset Data Center (Old Ferry Road Site),Unnamed developer (NDA with town),Proposed,Proposed,likely,data_center,likely,reported,,,,,200.0,"Wiscasset, Lincoln, ME",Wiscasset,Lincoln,ME,44.0015,-69.6553,exact,Not disclosed,other,,,,,,opposed,,200.0,,,Seabrook,NH,96.9,1242.0,42.899167,-70.84889,Cenergy - Wiscasset (CSG),ME,3.5,5.0,SUN,43.964548,-69.70476,Hudson River - New York,river,312.9,40.79,-73.98,"Wiscasset Loses ARPA Funding After Data Center Proposal, Confusion",https://www.centralmaine.com/2025/11/03/wiscasset-loses-arpa-funding-after-data-center-proposal-confusion/,2,"Coordinates are approximate, based on Wiscasset area near former Maine Yankee site. Developer identity remains undisclosed per NDA. As of March 2026 Lincoln County reallocated ARPA funds to Waldoboro and Newcastle. Land remains undeveloped. investmentUsd removed: the $5B figure was cited in press at announcement but is not present in the Central Maine article (the only resolvable primary source) and could not be confirmed from any URL that returned content; Maine Morning Star (secondary source) returned HTTP 403. Operator field lists 'Unnamed developer (NDA with town)' as that is the factual status."
project-cannoli-van-buren-township-wayne-county-mi,Project Cannoli,Google (via Panattoni Development Co.),Proposed,Proposed,likely,data_center,likely,confirmed,,,,,8,"Van Buren Township, Wayne, MI",Van Buren Township,Wayne,MI,42.23,-83.44,exact,,mixed,,,unknown,,Reported to potentially consume up to 3.6 million gallons of water daily.,contested,,,,,Fermi,MI,20.7,1281.0,41.9631,-83.2581,French Landing Dam,MI,1.1,1.6,WAT,42.214264,-83.44069,Lake Erie - Cleveland,lake,103.1,41.499,-81.694,Van Buren Township OKs Google data center substation,https://planetdetroit.org/2026/06/whitmer-data-center-backlash-2026-election/,1,Google confirmed evaluating the site. Coordinates are approximate.
verrus-project-flex-lyon-township-oakland-county-mi,Project Flex,Verrus (Sidewalk Infrastructure Partners),Proposed,Proposed,likely,data_center,likely,reported,,,,,180.0,"Lyon Township, Oakland, MI",Lyon Township,Oakland,MI,42.47,-83.53,exact,,,,,,,,contested,,180.0,,,Fermi,MI,37.7,1281.0,41.9631,-83.2581,GRS Arbor Hills,MI,5.4,30.3,LFG,42.395335,-83.558,Lake Huron - Saginaw Bay,lake,93.3,43.8,-83.85,Anthropic reported as intended end user of Project Flex data center,https://www.crainsdetroit.com/technology/cdb-anthropic-projectflex-datacenter-20260414/,1,"6 buildings, 1.8M sq ft. Anthropic (maker of Claude) reported as the intended end-user tenant, not confirmed directly by Anthropic. Conditional site plan approval since Sept 2025. Coordinates are approximate."
stargate-saline-township-mi,Stargate The Barn Campus,OpenAI / Oracle / Related Digital,Under construction,Under construction,confirmed,data_center,confirmed,reported,1400.0,,1400.0,"1,400 MW planned",250.0,"Saline Township, Washtenaw, MI",Saline Township,Washtenaw,MI,42.174,-83.8063,exact,grid (100% utility costs paid by Oracle),grid,DTE Energy,,closed_loop,,"Closed-loop cooling system that, per Related Digital, limits daily water use to levels comparable to an office building.",litigation,16000000000.0,250.0,2500.0,450.0,Fermi,MI,31.7,1281.0,41.9631,-83.2581,Voyager Energy Storage,MI,2.0,100.0,MWH,42.153167,-83.8333,Lake Huron - Saginaw Bay,lake,112.4,43.8,-83.85,"Oracle and OpenAI start construction on Stargate campus in Saline Township, Michigan — Data Center Dynamics",https://www.datacenterdynamics.com/en/news/oracle-and-openai-start-construction-on-stargate-data-center-campus-in-saline-township-michigan/,5,
switch-pyramid-campus-grand-rapids-mi,Switch Pyramid Campus,Switch,Under construction,Under construction,mixed_use,data_center,mixed_use,confirmed,225.0,225.0,320.0,225 MW operating / 320 MW planned,138.0,"Gaines Township, Kent, MI",Gaines Township,Kent,MI,42.823,-85.64,exact,Grid,wind,Consumers Energy,,,,No facility-specific cooling type or water volume is disclosed; the City of Grand Rapids provides water and sewer service.,supported,,138.0,,148.0,Palisades,MI,48.7,811.8,42.323,-86.3146,Bryon Center,MI,3.3,4.8,LFG,42.7814,-85.6728,Lake Huron - Saginaw Bay,lake,112.5,43.8,-83.85,"Switch plans second expansion of pyramid data center campus in Grand Rapids, Michigan",https://www.datacenterdynamics.com/en/news/switch-plans-second-expansion-of-pyramid-data-center-campus-in-grand-rapids-michigan/,6,"Steelcase Pyramid campus, Gaines Township, Kent County MI (south of Grand Rapids; NOT the city of Wyoming, which is a separate municipality ~5 km north). Total campus target: 1.8M sq ft, 320 MW, ~$5B investment across all phases. Phase 1 (225,000 sq ft white space) and Phase 2 (312,000 sq ft) operational; Phase 3 in planning/early construction as of 2025. Michigan's largest data center by capacity. Coordinates are approximate Pyramid campus location on East Paris Ave, Gaines Township."
thor-equities-augusta-township-mi,Thor Equities Augusta Township Data Center (Form8tion),Thor Equities,Proposed,Proposed,likely,data_center,likely,reported,,,,,810.0,"Augusta Township, Washtenaw, MI",Augusta Township,Washtenaw,MI,42.163,-83.72,exact,,,,,,,,contested,1000000000.0,810.0,,,Fermi,MI,27.4,1281.0,41.9631,-83.2581,White Tail Solar,MI,4.3,140.0,SUN,42.125582,-83.65358,Lake Huron - Saginaw Bay,lake,113.3,43.8,-83.85,Local officials recommend denial of Thor Equities data center in Michigan,https://www.datacenterdynamics.com/en/news/local-officials-recommend-denial-of-thor-equities-data-center-in-michigan/,3,"Site north of Milan-Oakville Road, east of Hitchingham Road, Augusta Township, Washtenaw County MI (between Ann Arbor and Monroe). No end user announced; planners cited Google and Microsoft as typical users of this facility type. Form8tion is Thor's digital infrastructure arm (founded March 2023). Capacity not disclosed; at least five large buildings planned. Voter referendum outcome will determine project viability. Coordinates are approximate Augusta Township centroid."
amazon-becker-mn,Amazon Becker Data Center (Suspended),Amazon Web Services,Cancelled,Cancelled,likely,data_center,likely,confirmed,,,,,348.0,"Becker, Sherburne County, MN",Becker,Sherburne County,MN,45.397,-93.876,exact,,,,,,,,mixed,,348.0,,,Monticello Nuclear Facility,MN,4.6,685.0,45.3338,-93.8493,Sherburne County,MN,1.4,1704.0,SUB,45.3808,-93.8931,Lake Superior - Duluth,lake,128.3,46.786,-92.1,Amazon suspends Minnesota data center as lawmakers plan to reduce Big Tech tax breaks,https://www.startribune.com/amazon-suspends-minnesota-data-center-as-lawmakers-plan-to-reduce-big-tech-tax-breaks/601359665,2,"Amazon has not officially sold the 348-acre parcel and has not ruled out revisiting the project; 'cancelled' reflects indefinite suspension with no restart timeline. Near Xcel Energy's Sherburne County (Sherco) generating station, slated for retirement by 2030. Second major tech retreat from Becker after Google abandoned a $600M project in 2022. Star Tribune primary source was rate-limited (HTTP 429) at time of verification; story confirmed by Data Center Dynamics and multiple other outlets."
google-skyway-pine-island-mn,Google Project Skyway (Pine Island),Google,Proposed,Proposed,confirmed,data_center,confirmed,confirmed,,,,,8,"Pine Island, Goodhue, MN",Pine Island,Goodhue,MN,44.2019,-92.6496,exact,Xcel Energy,grid,Xcel Energy,,,,,litigation,,,,,Prairie Island,MN,29.0,1186.2,44.622,-92.6333,Pine Island Solar,MN,0.8,4.0,SUN,44.206624,-92.66365,Lake Superior - Duluth,lake,180.5,46.786,-92.1,Xcel Energy to power new Google data center in Minnesota,https://newsroom.xcelenergy.com/news/xcel-energy-to-power-new-google-data-center-in-minnesota,2,"Google's first Minnesota campus, Pine Island (Goodhue County), powered by Xcel Energy; ~250,000 sq ft initial building for AI applications. Electric Service Agreement pending MPUC approval as of Feb 2026 → proposed. The associated 1,900 MW (1,400 MW wind + 200 MW solar + 300 MW storage) is a new clean-energy build-out, NOT the data center's IT load — DC capacity not disclosed (omitted). Faces a local legal challenge. Coordinates are the Pine Island area centroid."
meta-rosemount-mn,Meta Rosemount Data Center,Meta,Under construction,Under construction,confirmed,data_center,confirmed,confirmed,75.0,,75.0,75 MW planned,280.0,"Rosemount, Dakota County, MN",Rosemount,Dakota County,MN,44.74,-93.115,exact,Xcel Energy (100% renewable),grid,Xcel Energy,,,,,supported,800000000.0,280.0,1000.0,100.0,Prairie Island,MN,25.0,1186.2,44.622,-92.6333,Eolos Wind Energy Research Field Station,MN,3.4,2.5,WND,44.728333,-93.04806,Lake Superior - Duluth,lake,149.6,46.786,-92.1,"Hello, Rosemount! — Meta Data Centers blog",https://datacenters.atmeta.com/2024/03/hello-rosemount/,5,"Site is 280 acres of UMore Park (former WWII smokeless powder facility, then Univ. of Minnesota agricultural research land) in Rosemount. Meta's 19th US data center. Coordinates approximate for northern UMore Park area. Additional parcels purchased Feb 2025 via Jimnist LLC for potential expansion; no current build plan on those parcels."
geronimo-nobles-county-powered-data-park-mn,Nobles County Powered Data Park,Geronimo Power (Brookfield Asset Management subsidiary),Proposed,Proposed,likely,data_center,likely,reported,400.0,,400.0,400 MW planned,400.0,"Worthington, Nobles, MN",Worthington,Nobles,MN,43.62,-95.6,exact,,,,,,,,opposed,,,,,Monticello Nuclear Facility,MN,146.5,685.0,45.3338,-93.8493,Worthington,MN,1.0,19.6,DFO; WND,43.63349,-95.60923,Missouri River - Omaha,river,164.1,41.258,-95.938,Minnesota's long-predicted data center boom is on shaky ground,https://minnesotareformer.com/2026/04/27/minnesotas-long-predicted-data-center-boom-is-on-shaky-ground/,2,"Coordinates are approximate (near Worthington, MN)."
aws-green-new-florence-mo,AWS Project Green Campus,Amazon Web Services,Under construction,Under construction,likely,data_center,likely,confirmed,,,,,1000.0,"New Florence, Montgomery County, MO",New Florence,Montgomery County,MO,38.852,-91.52,exact,Ameren Missouri,grid,Ameren Missouri,,unknown,,"Water sourced from Cambrian-Ordovician aquifer via wells drilled to ~1,500 ft depth (to avoid impacting local private wells at shallower depths). Initial phase projected at 2.9M gallons/year; full 17-building campus projected at ~50M gallons/year (~0.137 MGD equivalent). Regional aquifer capacity exceeds 23 trillion gallons; current regional utilization ~8%; this project adds ~0.03%. On-site stormwater management ponds and water treatment plant planned. Cooling methodology not publicly specified.",contested,10000000000.0,1000.0,,,Callaway,MO,15.3,1235.8,38.758919,-91.77884,Montgomery County Community Solar Center,MO,5.9,5.7,SUN,38.890697,-91.42322,Mississippi River - St. Louis,river,73.9,38.627,-90.18,Amazon announces $10B Montgomery County data center plan,https://www.komu.com/news/midmissourinews/amazon-missouri-officials-announce-10b-montgomery-county-data-center-plan/article_cb50e268-0d98-48e6-9c0a-3dc1978aa2c5.html,7,"Codename 'Project Green'; application filed via NorthPoint Development, LLC. Two-phase build-out: Phase 1 = 8 data center buildings; Phase 2 = 13 additional buildings (21 total). Located on ~1,000 acres at northeast quadrant of I-70 and Highway 19 interchange near New Florence. Official AWS/Governor Kehoe announcement on June 15, 2026 cited a $10B investment commitment. Earlier county planning documents and initial filings referenced a maximum capital investment ceiling of up to $35B — that figure is a speculative ceiling, not a committed amount. AWS separately announced a 138MW renewable energy project in Missouri; not confirmed as dedicated to this campus. Community investments included in announcement: $3M for county 911/emergency dispatch upgrades, $3M for community programs, $1M for Montgomery County Fairgrounds, $150K community fund, $50K teacher grant. Preserve Montgomery County LLC filed suit in February 2026 alleging ten counts of Missouri Sunshine Law violations (closed-session negotiations, NDAs with Amazon); case pending as of mid-2026. First buildings targeted operational by 2027; full campus potentially complete ~2032. Coordinates are approximate (parcel centroid at I-70 / Hwy 19 NE quadrant). Jobs: KOMU reported ~400 permanent jobs; DCD's coverage of the same $10B announcement cited no specific permanent figure (only 'thousands of construction jobs') — permanent count left unstructured pending firm corroboration."
cloverleaf-troy-mo,Cloverleaf Troy Campus,Cloverleaf Infrastructure,Proposed,Proposed,likely,data_center,likely,reported,500.0,,500.0,500 MW planned,500.0,"Troy, Lincoln, MO",Troy,Lincoln,MO,38.9784,-90.9832,exact,,grid,,,,,,,,,,,Callaway,MO,45.4,1235.8,38.758919,-91.77884,Winfield Solar,MO,7.4,150.0,SUN,39.019518,-90.85517,Mississippi River - St. Louis,river,49.6,38.627,-90.18,List of upcoming data center projects in Missouri,https://www.blackridgeresearch.com/blog/latest-list-new-ai-proposed-upcoming-data-center-projects-missouri-usa,1,"500 MW full-buildout campus near Troy, Lincoln County (near St. Louis); construction from early 2027. Single-tracker source → confidence reported. Coordinates are the Troy area centroid."
crusoe-warrenton-mo,Crusoe Warrenton Campus,Crusoe,Permitted,Permitted,confirmed,data_center,confirmed,reported,,,,,337.0,"Warrenton, Warren County, MO",Warrenton,Warren County,MO,38.8125,-91.1432,exact,Ameren Missouri (grid),grid,Ameren Missouri,,closed_loop,,Closed-loop cooling system using food-grade polypropylene glycol continuously recycled within the system; no reported MGD figure disclosed. Company claims 40% less water usage compared to a conventional light industrial facility (sourceRef 2).,mixed,,337.0,,,Callaway,MO,34.4,1235.8,38.758919,-91.77884,"Blue Bird Solar, LLC",MO,5.7,139.0,SUN,38.895406,-91.13656,Mississippi River - St. Louis,river,53.5,38.627,-90.18,"Crusoe data center could be built west of St. Louis, Missouri",https://www.datacenterdynamics.com/en/news/crusoe-data-center-could-be-built-west-of-st-louis-missouri/,9,"Coordinates approximate. Site address: 22151 NW Service Road, Warrenton MO; north of NW Service Road, west of Hwy. W. Two 805,000 sq ft data center buildings + 40,000 sq ft administration building + 621,250 sq ft Ameren-owned switch yard + 603,200 sq ft Crusoe-owned electrical substation. Crusoe described as its 'fifth campus' in its national AI data center portfolio as of June 2026 per Crusoe newsroom. Meta signed agreement with Crusoe in June 2026 for approximately 1.6GW of AI computing capacity split across Childress TX and Warrenton MO campuses — per-site split not disclosed; confirms Warrenton as AI anchor customer site (sourceRef 3). Status: conditional use permit and site plan approved; land disturbance review and construction permits still outstanding before groundbreaking. Crusoe committed publicly to seek no real property tax or gross receipt tax abatements; would pursue state incentives only (sourceRef 2). Developer projected annual property taxes ~$80M/year (sourceRef 1), with ~$44M to local schools. Construction jobs projected ~2,000-2,500 over ~3-year build; permanent tech jobs projected ~100 (developer estimates, sourceRef 1 and 2 — not firm contractual commitments). Crusoe historically used on-site flared natural gas but divested those operations; Warrenton campus is grid-connected via Ameren Missouri — no on-site gas generation reported here. Distinct from the Google/Crusoe 'Goodnight' campus in Armstrong County TX."
google-project-mica-kc-northland-mo,Google Project Mica,Google,Under construction,Under construction,likely,data_center,likely,confirmed,500.0,,500.0,500 MW planned,493.0,"Kansas City, Clay County, MO",Kansas City,Clay County,MO,39.274,-94.651,exact,Evergy (Large Load Power Tariff),grid,Evergy,,,,,,10000000000.0,493.0,,,Wolf Creek Generating Station,KS,90.8,1296.3,38.23926,-95.68978,Nearman Creek,KS,7.7,365.0,NG; SUB,39.1681,-94.6975,Missouri River - Kansas City,river,12.7,39.099,-94.578,"$10B, 500-acre Google campus gets stamp of approval near Smithville",https://www.kctv5.com/2025/07/29/10b-500-acre-tech-campus-gets-stamp-approval-near-smithville/,2,"Five hyperscale data center buildings on 493 acres, northeast of I-435 and US-169 in KC Northland (near Smithville, Clay County). Google committed $1.5M to Smithville School District and $250K to Northland Career Center. Coordinates are approximate for the site northeast of the I-435/US-169 interchange."
google-spade-new-florence-mo,Google Project Spade Campus,Google,Under construction,Under construction,confirmed,data_center,confirmed,confirmed,1200.0,,1200.0,"1,200 MW planned",934.0,"New Florence, Montgomery County, MO",New Florence,Montgomery County,MO,38.791,-91.508,exact,Ameren Missouri,grid,,,closed_loop,,,litigation,,934.0,,,Callaway,MO,14.8,1235.8,38.758919,-91.77884,Montgomery County Community Solar Center,MO,8.3,5.7,SUN,38.890697,-91.42322,Mississippi River - St. Louis,river,72.5,38.627,-90.18,"Google pledges $15bn investment in New Florence, Missouri",https://www.datacenterdynamics.com/en/news/google-pledges-15bn-investment-in-new-florence-missouri/,4,"DISTINCT from aws-green-new-florence-mo (AWS Project Green): the two are on opposite sides of I-70 (Project Green north; Project Spade south, SE quadrant of the I-70/Hwy 19 interchange) - independently verified via DCD and Columbia Missourian. Site ~934 acres (~780 unincorporated + ~130 in New Florence). Developer: Related Digital. Campus targets 1.2 GW. INVESTMENT OMITTED: the $15B is Google's Missouri-STATEWIDE infrastructure pledge ('Google will invest $15 billion in building infrastructure in Missouri, including a data center in New Florence'); the campus itself is described only as 'multi-billion-dollar', so no firm campus investmentUsd is recorded. Amended from three buildings to two ~800,000 sq ft buildings; first operations targeted 2028. ~2,000 construction jobs and 'hundreds' of permanent jobs are projections (in notes, not jobs). Coordinates are an approximate site centroid (no verified parcel record)."
lambda-kansas-city-mo,Lambda Kansas City AI Supercomputer,Lambda,Under construction,Under construction,confirmed,data_center,confirmed,confirmed,100.0,,100.0,100 MW planned,100.0,"Kansas City, Platte, MO",Kansas City,Platte,MO,39.33,-94.72,exact,Evergy,grid,Evergy,,,,,,,,,,Cooper Nuclear Station,NE,86.5,801.0,40.3628,-95.6408,Nearman Creek,KS,11.3,365.0,NG; SUB,39.1681,-94.6975,Missouri River - Kansas City,river,17.7,39.099,-94.578,"AI cloud firm Lambda targets data center deployment in Kansas City, Missouri",https://www.datacenterdynamics.com/en/news/ai-cloud-firm-lambda-targets-data-center-deployment-in-kansas-city-missouri/,2,"11155 N. Airworld Dr (former Bank of America campus, ~16.9 acres), Platte County near KCI airport. Launches early 2026 with 24 MW confirmed; >100 MW is a scale-up ceiling (planned figure). Distinct parcels from Google (Project Mica) and Meta's Kansas City sites. Eligible for the Missouri Data Center Sales Tax Exemption (eligibility only — no award amount confirmed; honest-zero). The >$500M figure is a press estimate (notes). Dedicated to a single unnamed AI customer under a multi-year agreement."
meta-kansas-city-northland-mo,Meta Kansas City Northland,Meta,Operating,Operating,mixed_use,data_center,mixed_use,confirmed,,,,,8,"Kansas City, Clay County, MO",Kansas City,Clay County,MO,39.247,-94.705,exact,Evergy (100% renewable matched),mixed,Evergy,,,,,supported,1000000000.0,,1500.0,100.0,Wolf Creek Generating Station,KS,87.5,1296.3,38.23926,-95.68978,Nearman Creek,KS,5.5,365.0,NG; SUB,39.1681,-94.6975,Missouri River - Kansas City,river,12.3,39.099,-94.578,Meta's Kansas City Data Center and Upcoming AI-Optimized Data Centers,https://about.fb.com/news/2025/08/metas-kansas-city-data-center/,2,"Located at Golden Plains Technology Park (Diode Ventures development), 801 NW 128th Street, at the northwest corner of I-435 and US-169. Three data center buildings + warehouse, 1.4M sq ft total. Meta's first Missouri data center. Coordinates are approximate for the Golden Plains Technology Park area."
metrobloks-liberty-mo,Metrobloks Liberty Campus,Metrobloks (Lincoln Property Company),Proposed,Proposed,likely,data_center,likely,reported,150.0,,150.0,150 MW planned,150.0,"Liberty, Clay, MO",Liberty,Clay,MO,39.2459,-94.4191,exact,,grid,,,,,,,,,,,Wolf Creek Generating Station,KS,97.6,1296.3,38.23926,-95.68978,Hawthorn Solar I,MO,8.5,10.0,SUN,39.133772,-94.4863,Missouri River - Kansas City,river,13.2,39.099,-94.578,"Metrobloks announces data center investment in Liberty, Missouri",https://www.metrobloks.com/press-release/metrobloks-announces-data-center-investment-in-liberty-missouri,1,"$1.4B, 150 MW AI-ready campus in Liberty, Clay County. Coordinates are the Liberty area centroid."
nebius-independence-mo,Nebius AI Factory (Independence),Nebius Group,Under construction,Under construction,confirmed,data_center,confirmed,confirmed,1200.0,,1200.0,"1,200 MW planned",400.0,"Independence, Jackson County, MO",Independence,Jackson County,MO,39.089,-94.342,exact,Independence Power & Light (IPL); Blue Valley Power Plant on-site gas (from Oct 2027),mixed,Independence Power & Light (IPL),250.0,closed_loop,,Operator states closed-loop system uses water roughly comparable to a QuikTrip convenience store annually; significantly below typical open-loop data center cooling,litigation,6600000000.0,400.0,1200.0,130.0,Wolf Creek Generating Station,KS,93.5,1296.3,38.23926,-95.68978,Station H,MO,2.4,43.0,NG,39.1067,-94.3804,Missouri River - Kansas City,river,12.7,39.099,-94.578,"Nebius breaks ground on gigawatt-scale AI factory in Independence, Missouri",https://nebius.com/newsroom/nebius-breaks-ground-on-gigawatt-scale-ai-factory-in-independence-missouri,3,"Nebius Group's (Nasdaq: NBIS) first gigawatt-scale US data center project. Located in Eastgate Commerce Center, off Little Blue Parkway and Missouri Highway 78 in eastern Independence. Up to 10 buildings planned. Phase 1 operational target Q2 2027; full campus completion 2028–2029. Projected $30–50M annual tax revenue for Independence. Separate Nebius facility exists at former Kansas City Star printing press building ~20 miles west (not this record). Coordinates approximate for Eastgate Commerce Center in eastern Independence. The $150.6B bond authorization is a Missouri Chapter 100 IDRB structure; bonds are privately issued and owned by Nebius — no city credit exposure."
patmos-kansas-city-mo,Patmos KC Star Building Campus,Patmos Hosting,Under construction,Under construction,likely,data_center,likely,reported,35.0,,35.0,35 MW planned,35.0,"Kansas City, Jackson, MO",Kansas City,Jackson,MO,39.0997,-94.5786,exact,,grid,,,,,,,,,,,Wolf Creek Generating Station,KS,84.4,1296.3,38.23926,-95.68978,Grand Ave Plant,MO,0.9,5.0,NG,39.111944,-94.58111,Missouri River - Kansas City,river,0.1,39.099,-94.578,List of upcoming data center projects in Missouri,https://www.blackridgeresearch.com/blog/latest-list-new-ai-proposed-upcoming-data-center-projects-missouri-usa,1,"~$1B redevelopment of the former Kansas City Star building into a ~35 MW data center, Jackson County. Distinct (downtown KC, Jackson County) from the Lambda/Google/Meta Kansas City sites. Single-tracker source → confidence reported. Coordinates are the Kansas City centroid."
avaio-taurus-brandon-ms,AVAIO Digital Taurus,AVAIO Digital Partners,Under construction,Under construction,confirmed,data_center,confirmed,confirmed,116.0,,116.0,116 MW planned,329.0,"Brandon, Rankin County, MS",Brandon,Rankin County,MS,32.27,-89.99,exact,Entergy Mississippi,mixed,Entergy Mississippi,,hybrid,,"Operator describes water-efficient cooling, rainwater recapture, cooling system economization (air-side economization implied), and recycled water as an available option. New sewer line extension under construction for wastewater. No specific MGD figure disclosed.",mixed,6000000000.0,329.0,,,Grand Gulf,MS,64.5,1440.0,32.0081,-91.0478,Lineage MS,MS,9.7,1.2,SUN,32.254379,-90.15538,Mississippi River - Baton Rouge,river,144.2,30.451,-91.187,AVAIO Digital Taurus announcement press release,https://www.prnewswire.com/news-releases/avaio-digital-to-build-new-ai-ready-6-billion-data-center-hub-in-brandon-mississippi-302533141.html,6,"Distinct from AVAIO's 'Leo' campus in Little Rock/Pulaski County AR — do not conflate. Site: East Metropolitan Center Business and Industrial Park, Brandon. Land acreage: AVAIO's own project page and groundbreaking materials cite 329 acres; the August 19 press release cited 175 acres — 329 used as more authoritative per operator's site. Capacity: 116 MW initial via executed ESA with Entergy Mississippi (energized June 2027 per operator site); Entergy guiding an additional 420 MW of grid power available by end of 2030; access to Gulf South Pipeline for up to 500 MW of on-site behind-the-meter thermal generation starting Q2 2027 — total baseload path to over 1 GW. The 116 MW planned figure reflects the executed first-phase ESA only; full buildout remains a projection. Investment: $6B stated without 'up to' qualifier across operator, MDA, and Governor's office sources; Governor's office describes it as the third-largest economic development project in Mississippi history. Jobs: 'at least 60 direct, high-tech jobs' and 'hundreds of indirect jobs ranging from construction to other related industries' — projections, not firm figures; no construction vs permanent breakdown confirmed. Rooftop solar of 20+ MW planned (behind-the-meter). Recycled water and new sewer line extension cited by operator as water infrastructure options. Estimated $23M in ad valorem tax revenue annually per Rankin First (county economic development group). Coordinates approximate (Brandon city center, Rankin County)."
aws-project-atlas-madison-county-ms,AWS Project Atlas – Madison County Campus,Amazon Web Services,Under construction,Under construction,mixed_use,data_center,mixed_use,confirmed,1000.0,,1000.0,"1,000 MW planned",1700.0,"Canton, Madison County, MS",Canton,Madison County,MS,32.6121,-90.039,exact,,solar,Entergy Mississippi,,closed_loop,,Canton facility transitioning to 100% recycled wastewater for cooling by 2027; 83 million gallons annually per Amazon announcement,,10000000000.0,1700.0,7000.0,1000.0,Grand Gulf,MS,72.2,1440.0,32.0081,-91.0478,Ragsdale Solar LLC,MS,4.6,100.0,SUN,32.550998,-90.00968,Mississippi River - Baton Rouge,river,163.9,30.451,-91.187,AWS confirmed as company behind $10bn Mississippi data center development,https://www.datacenterdynamics.com/en/news/aws-confirmed-as-company-behind-10bn-mississippi-data-center-development/,3,"Two distinct complexes: Madison County Mega Site (outside Canton) and Costas Property (west of Tougaloo College near County Line Rd, Ridgeland). Amazon's total Mississippi statewide commitment expanded to $25B including subsequent Warren County ($3B) and Hinds County ($1B) announcements. Coordinates are approximate Canton-area centroid. Veolia water partnership claim removed: About Amazon source names Arable (not Veolia) as water replenishment partner; recycled wastewater target of 83M gallons/year by 2027 is confirmed."
compass-lauderdale-meridian-ms,Compass Datacenters Lauderdale County Hyperscale Campus,Compass Datacenters,Under construction,Under construction,likely,data_center,likely,confirmed,500.0,,500.0,500 MW planned,500.0,"Meridian, Lauderdale County, MS",Meridian,Lauderdale County,MS,32.3644,-88.7037,exact,Mississippi Power Company,grid,,,unknown,,,mixed,,,,,Grand Gulf,MS,139.3,1440.0,32.0081,-91.0478,Sweatt,MS,5.6,41.9,NG,32.2925,-88.7461,Tennessee River - Florence,river,178.3,34.799,-87.677,Compass Datacenters Project Generates $10B Investment in Lauderdale County,https://mississippi.org/news/compass-datacenters-project-generates-10-billion-investment-in-lauderdale-county/,6,"Eight-data-center campus over an eight-year buildout at the I-20/59 Industrial Park, Meridian. Groundbreaking Jan 28 2025 (under construction). Mississippi Power to supply ~500 MW via a dedicated substation. INVESTMENT OMITTED: the widely cited $10B is a projected full-occupancy total INCLUDING future tenants' IT equipment ('an investment of $10 billion, including future tenants' information technology equipment'), not a firm Compass outlay. 'Thousands of jobs' is a projection. First confirmed tenant: Corderill LLC ($100M equipment, 20 jobs, April 2026). Coordinates are the Meridian centroid (no parcel coordinates published)."
xai-southaven-ms,xAI Southaven,xAI,Operating,Operating,confirmed,data_center,confirmed,confirmed,,,,,8,"Southaven, DeSoto County, MS",Southaven,DeSoto County,MS,34.993,-89.974,exact,,,,,,,,contested,20000000000.0,,,145.0,Browns Ferry,AL,163.1,3854.0,34.7042,-87.1189,TVA Southaven Combined Cycle,MS,3.6,903.9,NG,34.9939,-90.0378,Mississippi River - Memphis,river,11.6,35.149,-90.049,Tech leader xAI investing more than $20 billion in Southaven,https://governorreeves.ms.gov/tech-leader-xai-investing-more-than-20-billion-in-southaven/,3,"Address: 2400 Stateline Road, Southaven, MS 38671 (near Tennessee border); coordinates are approximate for that address. The $20B investment figure covers total xAI Mississippi commitments including adjacent power plant site, not only this building. Facility is distinct from the already-tracked Colossus supercomputer clusters in Memphis, TN. Combined with Memphis facilities, xAI aims for nearly 2 GW total compute capacity. Fix: jobs.sourceIndex corrected from 0 to 1; the specific 145-person figure is reported by Mississippi Free Press (source 1), not the governor's press release (source 0) which states only 'hundreds of permanent jobs.'"
quantica-bsdi-billings-mt,Big Sky Digital Infrastructure Campus,Quantica Infrastructure,Proposed,Proposed,confirmed,data_center,confirmed,reported,1000.0,,1000.0,"1,000 MW planned",5000.0,"Billings, Yellowstone, MT",Billings,Yellowstone,MT,45.823,-108.7,exact,"NorthWestern Energy grid + on-site solar, wind, and battery storage",mixed,NorthWestern Energy,,,,,mixed,,5000.0,,,Kemmerer Unit 1,WY,299.2,500.0,41.705993,-110.5603,Beartooth Energy Storage LLC,MT,2.8,50.0,MWH,45.7843,-108.7178,Snake River - Boise region,river,268.9,43.188,-112.719,EnCap-backed Quantica Details Plans for 1GW Campus in Montana,https://www.datacenterdynamics.com/en/news/encap-backed-quantica-details-plans-for-1gw-campus-in-montana/,2,"5,100-acre site in Yellowstone County between Broadview and Billings ('north of Billings'). Shovel-ready powered land; grid power expected 2027. Interconnection application filed May 2026 for 1,100 MW. Backed by EnCap Investments (~$2.7B under management). Construction planned to begin 2026. Coordinates approximate between Billings and Broadview."
aws-richmond-county-nc,Amazon Web Services Richmond County Data Center Campus,Amazon Web Services,Under construction,Under construction,confirmed,data_center,confirmed,confirmed,,,,,800.0,"Rockingham, Richmond County, NC",Rockingham,Richmond County,NC,34.9445,-79.775,exact,,grid,Duke Energy,,,,,supported,10000000000.0,800.0,,500.0,H B Robinson,SC,43.4,768.6,34.4017,-80.1589,McKinney BESS,NC,2.9,5.0,MWH,34.905833,-79.75702,Lake Norman,reservoir,75.7,35.489,-80.939,"Amazon breaks ground on $10bn data center complex in Richmond County, North Carolina",https://www.datacenterdynamics.com/en/news/amazon-breaks-ground-on-10bn-data-center-complex-in-richmond-county-north-carolina/,2,"Energy Way Industrial Park, Rockingham, NC. Up to 20 buildings each 200,000-225,000 sq ft at full build. No state incentives; only local county tax breaks. MW capacity not publicly disclosed. Coordinates are Rockingham city centroid. Original secondary source (richmondnc.com/CivicAlerts.aspx?AID=168) returned HTTP 404 and was replaced with Business NC article. poweredBy field removed: DCD reports the method of powering has not been publicly confirmed."
apple-maiden-nc,Apple Maiden Data Center (iCloud),Apple,Operating,Operating,likely,data_center,likely,confirmed,,,,,183.0,"Maiden, Catawba County, NC",Maiden,Catawba County,NC,35.588607,-81.256686,approximate,,,,,,,,,,183.0,,,McGuire,NC,20.4,2440.6,35.4331,-80.9486,Apple Data Center PV,NC,0.3,21.0,SUN,35.588135,-81.25198,Lake Norman,reservoir,19.1,35.489,-80.939,Apple will spend more than $500 billion in the U.S. over the next four years — names NC among states for continued data-center capacity expansion (Apple Intelligence),https://www.apple.com/newsroom/2025/02/apple-will-spend-more-than-500-billion-usd-in-the-us-over-the-next-four-years/,2,"Apple's flagship U.S. iCloud data center on Startown Rd near Maiden, Catawba County — Apple's first company-owned data center, operational since 2010, with a large adjacent solar array. Apple's Feb 2025 newsroom names North Carolina among the states where it will 'continue expanding data center capacity' as part of its Apple Intelligence buildout. No site-specific IT-load MW is disclosed. Coordinates are an approximate geocode of the disclosed Startown Rd address (~183 ac per public reporting); a county-parcel pass could upgrade precision to exact."
compass-statesville-nc,Compass Statesville Campus,Compass Datacenters,Proposed,Proposed,likely,data_center,likely,confirmed,500.0,,500.0,500 MW planned,333.0,"Statesville, Iredell, NC",Statesville,Iredell,NC,35.7826,-80.8873,exact,Duke Energy,grid,Duke Energy,,,,,,,333.0,,,McGuire,NC,24.4,2440.6,35.4331,-80.9486,Statesville Delivery No 3,NC,2.1,2.2,DFO,35.7972,-80.8542,Lake Norman,reservoir,20.5,35.489,-80.939,"Compass Datacenters proposes 333-acre campus in Statesville, North Carolina",https://www.datacenterdynamics.com/en/news/compass-datacenters-proposes-333-acre-campus-in-statesville-north-carolina/,2,"333-acre site in Statesville, Iredell County; five buildings, ~500 MW (per JLL marketing), near a Duke Energy substation. Rezoned Sept 2025; Duke's Feb 2026 8-K referenced ~4.5 GW of contracted large load including Compass and Microsoft. Coordinates are the Statesville area centroid."
digital-realty-charlotte-nc,Digital Realty Moores Chapel Data Center Campus,Digital Realty,Permitted,Permitted,likely,data_center,likely,confirmed,400.0,,400.0,400 MW planned,156.0,"Charlotte, Mecklenburg County, NC",Charlotte,Mecklenburg County,NC,35.2422,-80.9562,exact,,grid,Duke Energy Carolinas,,,,No cooling type or water volume is disclosed. City Council members raised water-quality concerns at the May 2025 rezoning hearing given proximity to the Catawba River; Charlotte Water is the likely provider.,contested,,156.0,,,McGuire,NC,13.2,2440.6,35.4331,-80.9486,DE Solar 10240 Old Dowd Rd,NC,2.3,1.9,SUN,35.2458,-80.9967,Lake Norman,reservoir,17.1,35.489,-80.939,"Digital Realty files to develop 400MW data center campus in Charlotte, North Carolina",https://www.datacenterdynamics.com/en/news/digital-realty-files-to-develop-400mw-data-center-campus-in-charlotte-north-carolina/,4,"12899 Moores Chapel Road, 12 miles west of downtown Charlotte. Two two-story buildings totaling 3 million sq ft across two phases. Site acquired November 2024 for $160 million. If built, would be largest data center in North Carolina. Mecklenburg County Park and Recreation to receive greenway on site. Coordinates are approximate Moores Chapel Road area."
energy-storage-solutions-fayetteville-cumberland-county-nc,Energy Storage Solutions Fayetteville AI Data Center Campus,Energy Storage Solutions,Proposed,Proposed,Data center,data_center,,reported,,,,,8,"Fayetteville, Cumberland, NC",Fayetteville,Cumberland,NC,35.053,-78.878,approximate,,,,,,,,,,,,,Harris (NC),NC,40.3,950.9,35.6334,-78.9556,"Panda Solar NC 5, LLC",NC,3.8,1.0,SUN,35.047153,-78.81048,Kerr Reservoir,reservoir,111.7,36.599,-78.297,Developer Forges Ahead With $38B in NC Data Centers (Data Center Knowledge),https://www.datacenterknowledge.com/build-design/developer-forges-ahead-with-38b-in-nc-data-center-builds,1,"Twin project to Kingsboro announced by Energy Storage Solutions; part of a combined ~$38B, two-site NC data-center buildout, each campus with ~a dozen 40,000 sq ft structures and 1,000+ employees. Site-specific details (parcel, acreage, exact coordinates) not yet public; location approximated to the city of Fayetteville."
google-lenoir-nc,Google Lenoir Data Center,Google,Operating,Operating,likely,data_center,likely,confirmed,,,,,8,"Lenoir, Caldwell County, NC",Lenoir,Caldwell County,NC,35.900163,-81.546892,approximate,,,,,,,,,,,,,McGuire,NC,46.6,2440.6,35.4331,-80.9486,Bernhardt Furniture Solar Farm,NC,3.5,1.1,SUN,35.84995,-81.54086,Lake Norman,reservoir,44.4,35.489,-80.939,"Google Lenoir, North Carolina — official location page: announced 2007, opened 2008, ~$1.2B initial / $4B+ cumulative",https://datacenters.google/locations/lenoir-north-carolina/,1,"Google's flagship North Carolina data center in Lenoir, Caldwell County — announced 2007, operational since 2008, one of Google's earliest U.S. sites, expanded since. Per Google's own location page, the initial investment was ~$1.2B, with $4B+ invested in the region and state since. No site-specific IT-load MW is disclosed. Coordinates are an approximate geocode of the disclosed Lynhaven Dr address; a county-parcel pass could upgrade precision to exact."
impactdata-greensboro-nc,ImpactData Greensboro,ImpactData,Under construction,Under construction,likely,data_center,likely,reported,20.0,,20.0,20 MW planned,20.0,"Greensboro, Guilford, NC",Greensboro,Guilford,NC,36.0726,-79.792,exact,,grid,,,,,,,,,,,Harris (NC),NC,55.8,950.9,35.6334,-78.9556,White Street Renewables,NC,4.4,5.0,LFG; SUN,36.10447,-79.72362,Lake Norman,reservoir,75.9,35.489,-80.939,List of upcoming data centers in North Carolina,https://www.blackridgeresearch.com/blog/latest-list-of-biggest-largest-upcoming-data-centers-north-carolina-united-states-us,1,"20 MW facility in Greensboro, Guilford County, targeting mid-2026 completion. Single-tracker source → confidence reported. Coordinates are the Greensboro centroid."
energy-storage-solutions-kingsboro-edgecombe-county-nc,Kingsboro AI Data Center Campus,Energy Storage Solutions,Permitted,Permitted,Data center,data_center,,reported,900.0,,900.0,900 MW planned,155.0,"Rocky Mount, Edgecombe, NC",Rocky Mount,Edgecombe,NC,35.941,-77.734,approximate,,,,,,,,,19200000000.0,155.0,,,Harris (NC),NC,71.7,950.9,35.6334,-78.9556,RMQ 1 and 2,NC,3.6,3.5,SUN,35.9222,-77.6731,Kerr Reservoir,reservoir,55.2,36.599,-78.297,County OKs amending ordinance to allow for a data center at Kingsboro Business Park (Rocky Mount Telegram),https://www.rockymounttelegram.com/news/local/county-oks-amending-ordinance-to-allow-for-a-data-center-at-kingsboro-business-park/article_64e09f70-9b18-48fd-84a9-a6ec6dae950e.html,2,"$19.2B, 900 MW AI data-center campus on ~155 acres in Kingsboro Business Park between Rocky Mount and Tarboro, Edgecombe County. County cleared the way in Nov 2025 by amending its development ordinance; buildout planned across ~24 phases over 3-5 years. Twin campus announced for Fayetteville."
meta-forest-city-nc,Meta Forest City Data Center,Meta,Operating,Operating,likely,data_center,likely,confirmed,,,,,8,"Forest City, Rutherford County, NC",Forest City,Rutherford County,NC,35.317,-81.826,approximate,,,,,,,,,,,,,Catawba,SC,46.5,2410.2,35.0514,-81.0694,"Clear Solar I, LLC",NC,1.1,3.6,SUN,35.308314,-81.84183,Lake Norman,reservoir,51.3,35.489,-80.939,"Meta Forest City Data Center info sheet — broke ground 2010, $750M+ invested in North Carolina",https://datacenters.atmeta.com/asset/forest-city-data-center-info-sheet/,2,"Meta (Facebook) data center on Social Circle, Forest City, Rutherford County — broke ground 2010, operational ~2012, a multi-parcel campus (parcels owned by 'Andale LLC', a Meta subsidiary confirmed via Meta's SEC 10-K Exhibit 21.1 and the Menlo Park HQ mailing address), with a third facility announced 2015. Meta reports $750M+ invested in North Carolina; the 408 Social Circle parcel alone carries $176.9M assessed building value (built, not land-bank). No site-specific IT-load MW is disclosed. Coordinates are a Rutherford County GIS parcel centroid, held approximate pending a raw-geometry re-pull; a follow-up GIS pass could upgrade precision to exact."
microsoft-person-county-roxboro-nc,Microsoft Person County Mega Park,Microsoft,Permitted,Permitted,likely,data_center,likely,confirmed,,,,,1385.0,"Roxboro, Person, NC",Roxboro,Person,NC,36.396,-78.9828,exact,Duke Energy,grid,Duke Energy,,,,,,,1385.0,,,Harris (NC),NC,52.7,950.9,35.6334,-78.9556,"Perkins Solar, LLC",NC,2.9,2.0,SUN,36.43741,-78.97198,Kerr Reservoir,reservoir,40.6,36.599,-78.297,Microsoft buys Person County Mega Park for $27 million,https://businessnc.com/microsoft-buys-person-county-mega-park-for-27-million/,2,"1,385-acre Person County Mega Park (Woodsdale township, near Roxboro); ~$26.85M land purchase. Powered by Duke Energy per a Q4-2025 8-K; the campus's MW is in a large-load contract filed under seal (NCUC) — not publicly disclosed (omitted). Coordinates are the Roxboro / Woodsdale area centroid."
tract-mooresville-nc,Mooresville Campus,Tract,Cancelled,Cancelled,Data center,data_center,,reported,,,,,8,"Mooresville, Iredell, NC",Mooresville,Iredell,NC,35.58,-80.81,approximate,,,,,,,,,,,,,McGuire,NC,12.8,2440.6,35.4331,-80.9486,Cornelius Delivery No 1,NC,7.2,2.2,DFO,35.483274,-80.85692,Lake Norman,reservoir,9.6,35.489,-80.939,Scaling up: Tract's master-planned land and infrastructure approach to data center development,https://www.datacenterfrontier.com/site-selection/article/55308975/scaling-up-tracts-master-planned-land-and-infrastructure-approach-to-data-center-development,2,"400-acre master-planned campus, approximately 30 miles north of Charlotte."
natelli-new-hill-nc,Natelli New Hill Digital Campus,Natelli Holdings,Proposed,Proposed,likely,data_center,likely,reported,300.0,,300.0,300 MW planned,300.0,"New Hill, Wake, NC",New Hill,Wake,NC,35.6526,-79.0033,exact,,grid,,,,,,,,,,,Harris (NC),NC,3.0,950.9,35.6334,-78.9556,Harris (NC),NC,3.0,950.9,NUC,35.6334,-78.9556,Kerr Reservoir,reservoir,76.4,36.599,-78.297,List of upcoming data centers in North Carolina,https://www.blackridgeresearch.com/blog/latest-list-of-biggest-largest-upcoming-data-centers-north-carolina-united-states-us,1,"Proposed 300 MW digital campus in New Hill, Wake County. Single-tracker source → confidence reported. Coordinates are the New Hill area centroid."
natelli-vance-county-henderson-nc,Natelli Vance County Campus (proposed),Natelli Investments,Proposed,Proposed,Data center,data_center,,rumored,,,,,113.0,"Henderson, Vance, NC",Henderson,Vance,NC,36.3085,-78.4709,approximate,,,,,,,,contested,,113.0,,,Harris (NC),NC,53.9,950.9,35.6334,-78.9556,"Vance Solar Farm, LLC",NC,4.8,5.0,SUN,36.258478,-78.41197,Kerr Reservoir,reservoir,22.3,36.599,-78.297,"Officials in North Carolina county give ok for rezoning, potential data center incoming (DCD)",https://www.datacenterdynamics.com/en/news/officials-in-north-carolina-county-give-ok-for-rezoning-potential-data-center-incoming/,2,"Vance County commissioners approved (6-1, 2026-04-20) a rezoning of ~113 acres across three parcels along US-158 Business near Henderson, tied to developer Natelli Investments. The developer has not confirmed the end use; local and trade press report a potential data-center campus — end use unconfirmed, hence rumored confidence."
powerhouse-charlotte-nc,PowerHouse Charlotte Campus,PowerHouse Data Centers (AREP),Under construction,Under construction,likely,data_center,likely,confirmed,300.0,,300.0,300 MW planned,120.0,"Charlotte, Mecklenburg, NC",Charlotte,Mecklenburg,NC,35.2271,-80.8431,exact,,grid,,,,,,,,120.0,,,McGuire,NC,15.4,2440.6,35.4331,-80.9486,Orbit Energy Charlotte,NC,3.0,5.2,OBG,35.2625,-80.81167,Lake Norman,reservoir,18.9,35.489,-80.939,"PowerHouse acquires 120 acres in Charlotte, North Carolina, for 300MW campus",https://www.datacenterdynamics.com/en/news/powerhouse-acquires-120-acres-in-charlotte-north-carolina-for-300mw-campus/,1,"120-acre, ~300 MW campus in Charlotte, Mecklenburg County. Distinct operator/parcel from the separately-tracked Digital Realty Charlotte site. Coordinates are the Charlotte centroid."
project-delta-walnut-cove-nc,Project Delta Data Center – Stokes County,Undisclosed (rezoning applicant: Engineered Land Solutions),Proposed,Proposed,likely,data_center,likely,reported,,,,,1800.0,"Walnut Cove, Stokes County, NC",Walnut Cove,Stokes County,NC,36.282,-80.1494,exact,,on_site_gas,Duke Energy (Belews Creek proximity; no confirmed interconnection),,closed_loop,,"Developer estimates 50,000-100,000 gal/day (0.05-0.10 MGD) via a closed-loop system, sourced from municipal supply (not the Dan River) — a range, so no numeric MGD.",litigation,,1800.0,,,McGuire,NC,73.8,2440.6,35.4331,-80.9486,"Lick Creek Solar, LLC",NC,1.2,50.0,SUN,36.283056,-80.12827,Lake Norman,reservoir,70.4,35.489,-80.939,NC communities push back on AI data centers – Project Delta lawsuit,https://www.northcarolinahealthnews.org/2026/03/25/nc-communities-push-back-ai-data-centers-project-delta-lawsuit/,4,"Site on US Highway 311 and Tuttle Road near Belews Creek Coal Plant on Dan River. End operator/tenant not publicly identified; rezoning approved for unidentified operator per lawsuit. Rezoning voided April 14, 2026 after court challenge over statutory notice failures. Developer ELS plans to resubmit. Capacity and investment not disclosed. Coordinates are Walnut Cove city centroid."
drox-group-rural-hall-forsyth-county-nc,Rural Hall Data Center (The Drox Group),The Drox Group,Proposed,Proposed,likely,data_center,likely,reported,,,,,129.0,"Rural Hall, Forsyth, NC",Rural Hall,Forsyth,NC,36.267,-80.267,exact,,,,,,,,contested,3000000000.0,129.0,,,McGuire,NC,69.1,2440.6,35.4331,-80.9486,"Germantown Solar, LLC",NC,1.6,1.5,SUN,36.24634,-80.25463,Lake Norman,reservoir,65.6,35.489,-80.939,Planning board recommends denying rezoning for proposed Rural Hall data center,https://www.wfdd.org/politics-government/2026-06-11/planning-board-recommends-denying-rezoning-for-proposed-rural-hall-data-center,1,"Coordinates are approximate for Rural Hall, NC."
whitefiber-nc1-madison-nc,WhiteFiber NC-1 AI Data Center Campus,WhiteFiber (Bit Digital),Under construction,Under construction,confirmed,data_center,confirmed,confirmed,200.0,,200.0,200 MW planned,200.0,"Madison, Rockingham, NC",Madison,Rockingham,NC,36.3801,-79.9692,exact,Duke Energy,grid,Duke Energy,,,,,supported,,,,,Harris (NC),NC,76.6,950.9,35.6334,-78.9556,Avalon Hydropower,NC,3.2,1.2,WAT,36.423715,-79.95249,Lake Norman,reservoir,82.1,35.489,-80.939,Nscale agrees $865m deal for 40MW of space at WhiteFiber data center in North Carolina,https://www.datacenterdynamics.com/en/news/nscale-agrees-865m-deal-for-40mw-of-space-at-whitefiber-data-center-in-north-carolina/,4,"Operator is WhiteFiber (Bit Digital's AI unit); Nscale is the 40 MW anchor tenant (10-year, ~$865M total contract value = revenue, not capex — in notes). ~1M sq ft, up to 150 kW/cabinet, 99 MW secured from Duke Energy, 200 MW eventual site potential (planned figure). $150M WhiteFiber equity. Madison is in Rockingham County, NC. Coordinates are the Madison town centroid. Property acquired for $45M (2025, from Unifi); the total buildout described as 'over $1B' is conditional on reaching 200 MW -> investmentUsd omitted. ~60 permanent jobs (~$67k avg) were pledged (Rockingham County) - a commitment, with the facility still under construction -> jobs honest-zero. Cooling type not publicly disclosed -> water honest-zero."
applied-digital-polaris-forge-1-ellendale-nd,Applied Digital Polaris Forge 1,Applied Digital Corporation,Under construction,Under construction,confirmed,data_center,confirmed,confirmed,100.0,100.0,400.0,100 MW operating / 400 MW planned,100.0,"Ellendale, Dickey County, ND",Ellendale,Dickey County,ND,46.003,-98.509,exact,Montana-Dakota Utilities (MDU),grid,Montana-Dakota Utilities,,closed_loop,,Proprietary waterless direct-to-chip liquid cooling; WUE near zero by design,supported,,,,,Monticello Nuclear Facility,MN,229.7,685.0,45.3338,-93.8493,"Foxtail Wind, LLC",ND,19.0,150.0,WND,46.098211,-98.88007,Lake Superior - Duluth,lake,310.1,46.786,-92.1,Applied Digital Announces 250MW AI Data Center Lease With CoreWeave in North Dakota,https://ir.applieddigital.com/news-events/press-releases/detail/123/applied-digital-announces-250mw-ai-data-center-lease-with,3,"Campus is 400 MW fully contracted to CoreWeave under ~15-year lease agreements valued at ~$11B total revenue. Three buildings: Building 1 (100 MW) complete Dec 2025; Building 2 (150 MW) expected mid-2026; Building 3 (150 MW) expected 2027. Coordinates are Ellendale city centroid; exact site is northeast of the city. Local jobs are reported only as projections — 'as many as 85 new jobs' (Dec 2024) and up to ~110 total local workforce at full expansion — not confirmed headcounts. No confirmed total campus capital-expenditure figure is public (the ~$11B CoreWeave figure is 15-year lease revenue, not capex); North Dakota's data-center sales-tax exemption applies but individual award amounts are statutorily confidential."
applied-digital-polaris-forge-2-harwood-nd,Applied Digital Polaris Forge 2,Applied Digital Corporation,Under construction,Under construction,confirmed,data_center,confirmed,confirmed,280.0,,280.0,280 MW planned,900.0,"Harwood, Cass County, ND",Harwood,Cass County,ND,47.02,-97.025,exact,Cass County Electric Cooperative / Minnkota Power Cooperative,grid,Cass County Electric Cooperative / Minnkota Power Cooperative,,,,,,3000000000.0,900.0,,200.0,Monticello Nuclear Facility,MN,191.4,685.0,45.3338,-93.8493,Marvin Composites,ND,11.4,2.5,DFO; NG,46.89934,-96.85955,Lake Superior - Duluth,lake,233.0,46.786,-92.1,Applied Digital to Break Ground on $3 Billion Polaris Forge 2 Campus,https://ir.applieddigital.com/news-events/press-releases/detail/127/applied-digital-to-break-ground-on-3-billion-polaris-forge,2,"Two purpose-built facilities totaling more than 1.8 million sq ft. As of the August 2025 announcement, Applied Digital was in advanced negotiations with a U.S.-based investment-grade hyperscaler; no customer or lease value publicly confirmed. Partial operations expected end of 2026; full capacity early 2027. Coordinates are Harwood city centroid; site is approximately 900 acres near this community north of Fargo."
applied-digital-polaris-forge-3-oliver-nd,Applied Digital Polaris Forge 3,Applied Digital Corporation,Proposed,Proposed,Data center,data_center,,confirmed,430.0,,430.0,430 MW planned,430.0,"Hanover, Oliver, ND",Hanover,Oliver,ND,47.111,-101.426,approximate,,,,,,,,,,,,,Monticello Nuclear Facility,MN,382.2,685.0,45.3338,-93.8493,Red Butte Wind,ND,4.0,202.0,WND,47.063928,-101.4753,Lake Superior - Duluth,lake,440.2,46.786,-92.1,"Applied Digital expands North Dakota, eyes Oliver County third data center",https://www.valleynewslive.com/2026/07/13/applied-digital-expands-north-dakota-eyes-oliver-county-third-data-center/,2,"Distinct 3rd North Dakota site (not the Ellendale or Harwood campuses), south of Hanover near the Hwy 25/31 junction. MDU Resources power deal finalized June 23, 2026. Approximately 200 FTE jobs planned; groundbreaking targeted summer 2026."
google-nebraska-ai-campus-proposed,Google Nebraska AI Campus (proposed),Google,Proposed,Proposed,likely,data_center,likely,reported,1000.0,,1000.0,"1,000 MW planned",1000.0,"Otoe / Gage County, NE",,Otoe / Gage County,NE,40.474,-96.371,exact,,on_site_gas,,2730.0,,,Cooling technology not disclosed in public filings. County officials and residents have raised concerns about combined water demand from the proposed data center and its associated natural-gas power plant.,contested,,,,,Cooper Nuclear Station,NE,39.2,801.0,40.3628,-95.6408,Tecumseh,NE,12.1,7.0,DFO; NG,40.3664,-96.19,Missouri River - Omaha,river,58.7,41.258,-95.938,Google proposes Nebraska data center requiring more power than all of Lincoln,https://flatwaterfreepress.org/google-proposes-nebraska-data-center-requiring-more-power-than-all-of-lincoln/,4,"Exact site is unknown and undisclosed. Tenaska has optioned over 2,600 acres across Gage, Lancaster, Otoe, and Cass Counties in SE Nebraska since December 2025. Coordinates are approximate centroid of the Otoe/Gage County search area. Reported capacity range is 1,000–3,000 MW depending on phase; 1,000 MW used as minimum. Google has invested $3.5B in Nebraska since 2019 across existing Papillion, Omaha, and Lincoln data centers. Legislative feasibility depends on LB1261; could be operational by 2029 if approved."
google-papillion-ne,Google Papillion Data Center,Google,Operating,Operating,likely,data_center,likely,reported,,,,,275.0,"Papillion, Sarpy County, NE",Papillion,Sarpy County,NE,41.13257,-96.143728,approximate,,,,,,,,,,275.0,,,Cooper Nuclear Station,NE,59.3,801.0,40.3628,-95.6408,Turtle Creek,NE,3.1,528.0,NG,41.092238,-96.16831,Missouri River - Omaha,river,13.8,41.258,-95.938,"Google Nebraska — official location page: lists Papillion (2019), Omaha, and Lincoln as Google Nebraska data centers",https://datacenters.google/locations/nebraska/,1,"Google data center at 14706 Schram Rd, Papillion, Sarpy County — announced Feb 2019 (built under shell entity Fireball Group LLC / 'Project Wizard'), a $600M project on ~275 acres, groundbreaking Oct 2019, operational ~2021. Confirmed by Google's own Nebraska location page (which lists Papillion, Omaha, and Lincoln as Google Nebraska sites). DISTINCT from the separate tracked proposed Google/Tenaska gas-plant project in SE Nebraska (Gage/Otoe area). No site-specific IT-load MW is disclosed. Coordinates are an approximate geocode of the disclosed Schram Rd address; a county-parcel pass could upgrade precision to exact."
meta-sarpy-springfield-ne,Meta Sarpy Campus (Springfield expansion),Meta,Under construction,Under construction,mixed_use,data_center,mixed_use,confirmed,,,,,500.0,"Springfield, Sarpy County, NE",Springfield,Sarpy County,NE,41.052,-96.148,exact,,mixed,,,evaporative,0.073,"Existing campus buildings withdraw approximately 26.7 million gallons per year (0.073 MGD) for cooling; campus features water-efficient technologies. Water figure is for current operational buildings, not the full planned campus.",,1500000000.0,500.0,,,Cooper Nuclear Station,NE,54.5,801.0,40.3628,-95.6408,Turtle Creek,NE,3.0,528.0,NG,41.092238,-96.16831,Missouri River - Omaha,river,17.9,41.258,-95.938,Meta to expand Sarpy data center in Nebraska,https://www.datacenterdynamics.com/en/news/meta-to-expand-sarpy-data-center-in-nebraska/,2,"Campus spans Papillion and Springfield, Sarpy County. Existing multi-building campus operational since 2019; ongoing expansion toward a 9-building, 4-million-sq-ft footprint. Meta has invested more than $1.5B at this site since 2017 (confirmed by DCD and multiple sources; a $2.5B total figure appeared in the record but was not supported by any cited source). Planned MW capacity of 2,000 was removed — no source confirms a MW figure for this campus. Springfield buildings were targeted for completion by end 2024; operational status of those buildings as of mid-2026 should be verified against a current source. Coordinates approximate for the Springfield expansion area; original Papillion buildings are slightly northeast."
a1-data-center-millville-nj,A1 Data Center Campus,A1 Data Center,Cancelled,Cancelled,likely,data_center,likely,reported,,,,,66.0,"Millville, Cumberland, NJ",Millville,Cumberland,NJ,39.402,-75.043,exact,,,,,,,,,,66.0,,,PSEG Salem Generating Station,NJ,26.6,2381.8,39.4625,-75.5358,Millville City Sewer Auth WTP,NJ,1.8,1.2,SUN,39.376389,-75.03306,Delaware River - Philadelphia,river,38.3,39.952,-75.135,"Millville bans data centers, rejecting largest proposed facility in N.J.",https://www.roi-nj.com/2026/05/20/tech/millville-bans-data-centers-rejecting-largest-proposed-facility-in-n-j/,2,"1300 Wheaton Ave. Advertised as a speculative 'ready for inquiry' project (2.9M sq ft, a 1.4GW power pathway, 15-yr tax abatement); no tenant was ever confirmed. Coordinates are approximate."
andover-hpc-development-nj,Andover HPC Data Center (former Newton Airport Site),Andover HPC Development,Proposed,Proposed,confirmed,data_center,confirmed,reported,,,,,97.0,"Andover, Sussex, NJ",Andover,Sussex,NJ,41.0419,-74.7381,exact,Grid (undisclosed utility),grid,,,,,,contested,,97.0,,,Limerick,PA,71.9,2277.0,40.224303,-75.58744,Augusta Solar Farm,NJ,4.0,2.9,SUN,41.099995,-74.73103,Hudson River - New York,river,43.2,40.79,-73.98,Old New Jersey Airport Could House New AI Data Center,https://www.govtech.com/artificial-intelligence/old-new-jersey-airport-could-house-new-ai-data-center,1,"Coordinates are approximate for Andover Township, Sussex County; exact parcel at 248 Stickles Pond Road. Former Newton Airport closed 2013. No capacity MW disclosed. PILOT estimate of $4.5-5.2M annual revenue cited by mayor. Town moving to ban all data centers as of May 2026, but no project has been formally cancelled since no application was filed."
coreweave-kenilworth-nj,CoreWeave NEST Campus,CoreWeave,Under construction,Under construction,confirmed,data_center,confirmed,reported,250.0,,250.0,250 MW planned,27.0,"Kenilworth, Union, NJ",Kenilworth,Union,NJ,40.6762,-74.2913,exact,on-site power (former Merck campus infrastructure) + PSE&G grid,grid,PSE&G,,closed_loop,,The mayor states the facility uses a closed-loop cooling system that avoids continuous use of local water; no volume (MGD) is disclosed.,contested,1760000000.0,27.0,,143.0,Limerick,PA,75.0,2277.0,40.224303,-75.58744,Kenilworth Energy Facility,NJ,0.9,28.8,NG,40.6781,-74.2744,Hudson River - New York,river,18.1,40.79,-73.98,CoreWeave begins $1.8B data center project in Kenilworth — Real Estate NJ,https://re-nj.com/coreweave-begins-1-8-billion-data-center-project-in-kenilworth-landing-first-award-under-new-eda-tax-credit-program/,5,
nebius-vineland-nj,Nebius Vineland Data Center,Nebius Group,Operating,Operating,confirmed,data_center,confirmed,confirmed,100.0,100.0,,100 MW operating,100.0,"Vineland, Cumberland County, NJ",Vineland,Cumberland County,NJ,39.4862,-74.992,exact,"on-site natural gas (primary, ~85%); Vineland MUA (supplemental, ~15%)",on_site_gas,"Vineland Municipal Utilities Authority (supplemental, ~15%)",,air,,"Developer explicitly states facility will not consume water for equipment cooling (Philadelphia Inquirer, Jan 2026). A four-step exhaust reclamation system on the gas engines (selective catalytic reduction, oxy catalyst, wet scrubbers, biofilters) captures condensate from engine exhaust for recycling — this is emissions control on the power plant side, not IT-equipment cooling. City department figures show 1.1 million gallons/year municipal water draw (Inquirer, Jan 2026); a separate source (WHYY) cites 'up to 20 million gallons annually' — discrepancy unresolved, likely reflecting different accounting (total throughput vs. net municipal draw). Reporting 'reportedMgd' field omitted due to conflicting figures.",mixed,,,,,PSEG Salem Generating Station,NJ,29.0,2381.8,39.4625,-75.5358,Maple Solar,NJ,0.6,2.4,SUN,39.4875,-74.98083,Delaware River - Philadelphia,river,33.1,39.952,-75.135,"Nebius accelerates US expansion, adding up to 300 MW capacity at new data center in New Jersey",https://nebius.com/newsroom/nebius-accelerates-us-expansion-adding-up-to-300-mw-capacity-at-new-data-center-in-new-jersey,6,"Phase-1 (~100 MW) completed summer 2025 in approximately 20 weeks from March 2025 announcement; full campus buildout targeting November 2026. Total design capacity cited as 'up to 300 MW' in Nebius press releases (sourceRef 0); DataOne CEO and local/community coverage consistently cite 350 MW; long-term campus potential described as approaching 1 GW. Coordinates are approximate (site: South Lincoln and Sheridan Avenues, East Vineland; Baxtel lists 805 Sheridan Ave). DataOne is the developer/builder — BSO's data center unit (launched 2024) backed by Ardian; CEO Charles-Antoine Beyney; this is DataOne's first US site (previously Grenoble and Lyon, France). Nebius is the ~10-year tenant; Microsoft GPU infrastructure agreement commencing late 2025 under multi-year AI infrastructure deal. Facility is 100% privately funded; DataOne declined a $6.2M city equipment loan amid community backlash. Distinct from Nebius's Independence, MO (Kansas City) site. NJDEP air permit pending as of early 2026; construction proceeded ahead of final permit issuance. DataOne stated 200+ permanent full-time jobs; construction job count not disclosed."
new-era-energy-digital-lea-county-data-center-nm,Lea County Data Center,"New Era Energy & Digital, Inc.",Proposed,Proposed,Data center,data_center,,reported,7000.0,,7000.0,"7,000 MW planned",7000.0,"Lovington, Lea, NM",Lovington,Lea,NM,32.7,-103.3,approximate,,,,,,,,,,,,,Project Matador Nuclear,TX,204.2,4468.0,35.283762,-101.569,Maddox,NM,1.0,212.0,NG,32.714224,-103.3015,Rio Grande - El Paso,river,197.1,31.761,-106.485,"New Era plans 7GW AI data center in Lea County, New Mexico",https://www.datacenterdynamics.com/en/news/new-era-plans-7gw-ai-data-center-in-lea-county-new-mexico-powered-by-gas-and-nuclear/,2,"Land-option signed for approximately 3,500 acres near Lovington. Gas (>2GW) plus nuclear (5GW+) powered. First power targeted 2028; still pre-construction."
meta-los-lunas-ai-nm,Meta Los Lunas AI Expansion,Meta (Greater Kudu LLC),Under construction,Under construction,confirmed,data_center,confirmed,confirmed,,,,,8,"Los Lunas, Valencia, NM",Los Lunas,Valencia,NM,34.8083,-106.7296,exact,,solar,Public Service Company of New Mexico (PNM),,unknown,,Existing campus is in water-stressed Middle Rio Grande basin; specific cooling type for new AI buildings not disclosed in available sources,,800000000.0,,,30.0,Project Matador Nuclear,TX,293.7,4468.0,35.283762,-101.569,Facebook 1 Solar Energy Center,NM,2.4,10.0,SUN,34.831,-106.762,Rio Grande - El Paso,river,211.0,31.761,-106.485,Meta planning expansion of Los Lunas data center campus in New Mexico,https://www.datacenterdynamics.com/en/news/meta-planning-expansion-of-los-lunas-data-center-campus-in-new-mexico/,2,"Reported as the first Meta facilities explicitly dedicated to AI/ML workloads. Existing campus is 750 acres. IRBs authorize tax-exempt bond financing for construction materials — the $7.5B per series is the authorized principal ceiling, not a direct cash subsidy. Meta required to invest $350M into expansion by year 10 under agreement."
stargate-project-jupiter-dona-ana-nm,Stargate Project Jupiter,OpenAI / Oracle / STACK Infrastructure,Under construction,Under construction,confirmed,data_center,confirmed,reported,1000.0,,1000.0,"1,000 MW planned",1400.0,"Santa Teresa, Dona Ana, NM",Santa Teresa,Dona Ana,NM,31.8636,-106.6895,exact,on-site natural gas microgrid,on_site_gas,,,closed_loop,0.02,"Closed-loop recycling: 20,000 gpd daily average (0.02 MGD), 60,000 gpd maximum, plus a one-time ~10M-gallon initial fill over two years; water via Camino Real Regional Utility Authority. Truthout notes hyperscale closed-loop cooling is not yet proven at a fully operational facility.",contested,50000000000.0,1400.0,2500.0,750.0,Palo Verde,AZ,374.2,4209.6,33.3881,-112.8617,Santa Teresa Solar,NM,4.1,300.0,MWH; SUN,31.805525,-106.6989,Rio Grande - El Paso,river,13.9,31.761,-106.485,New Mexico's Project Jupiter data center part of larger Stargate AI initiative — El Paso Matters,https://elpasomatters.org/2025/09/25/stargate-open-ai-oracle-project-jupiter-data-center-dona-ana-new-mexico-el-paso-texas/,4,
zenith-volts-roswell-chaves-county-data-center-nm,Zenith Volts Roswell / Chaves County Data Center,Zenith Volts Corp.,Permitted,Permitted,Data center,data_center,,confirmed,1240.0,,1240.0,"1,240 MW planned",1240.0,"Roswell, Chaves, NM",Roswell,Chaves,NM,33.14,-104.52,approximate,,,,,,,,,,,,,Project Matador Nuclear,TX,224.4,4468.0,35.283762,-101.569,XCEL-1 Community Solar,NM,12.9,5.0,SUN,33.326556,-104.536,Rio Grande - El Paso,river,149.0,31.761,-106.485,"Zenith Volts Corp secures county approval for scalable data center 20 miles south of Roswell, NM",https://www.prnewswire.com/news-releases/zenith-volts-corp-secures-county-approval-for-scalable-data-center-20-miles-south-of-roswell-nm-targeting-operation-by-november-2027-302537746.html,2,"Approximately 20 miles south of Roswell. Chaves County Commission approved; 300-acre initial footprint within an 8,500-acre approved site. On-site solar, gas, geothermal, and battery storage. Targets November 2027 operational; approximately 140 FTE jobs."
apple-reno-nv,Apple Reno Data Center (Reno Technology Park),Apple,Operating,Operating,likely,data_center,likely,confirmed,,,,,1700.0,"Sparks, Washoe County, NV",Sparks,Washoe County,NV,39.563085,-119.554805,approximate,,,,,,,,,,1700.0,,,Diablo Canyon,CA,309.0,2323.0,35.211536,-120.8555,Tracy,NV,1.6,1032.9,NG,39.5625,-119.525,Lake Mead,reservoir,362.7,36.245,-114.396,"Apple Inc. Board Packet (Data Center Sales & Use Tax Abatement), July 2024 — Apple's own letter: opened Dec 2012, four buildings + substation across 1,700 acres, 200+ staff",https://goed.nv.gov/wp-content/uploads/2024/07/7-B.-Apple-Inc.-Board-Packet.pdf,2,"Apple data center at 21505 Reno Technology Parkway W, Sparks, Washoe County — the first data center built at the Reno Technology Park, opened December 2012. Per Apple's July 2024 letter in a Nevada GOED tax-abatement board packet, the campus had grown to four data-center buildings plus a power substation across 1,700 acres, with 200+ staff; Apple committed to further investment (a 2024 expansion capex of ~$742M over 5 years / ~$992M over 10 years is documented in the GOED filing). No site-specific IT-load MW is disclosed. Coordinates are an address-level geocode (ArcGIS, exact-address match); a county-parcel pass could upgrade precision to exact."
google-henderson-nv,Google Henderson Data Center,Google,Operating,Operating,likely,data_center,likely,confirmed,,,,,64.0,"Henderson, Clark County, NV",Henderson,Clark County,NV,36.056187,-115.042545,approximate,,,,,,,,,,64.0,,,Palo Verde,AZ,222.1,4209.6,33.3881,-112.8617,Saguaro Power,NV,2.0,127.2,NG,36.0417,-115.0117,Lake Mead,reservoir,38.4,36.245,-114.396,"Google Henderson, Nevada — official location page (built 2019)",https://datacenters.google/locations/henderson-nevada/,2,"Google data center on West Warm Springs Rd (east of Boulder Highway), Henderson, Clark County — two parcels totaling ~64 acres, groundbreaking July 1 2019, a $600M project ($25.2M in state tax incentives), online 2020. Confirmed by Google's own Henderson location page. No site-specific IT-load MW is disclosed. Coordinates are an approximate geocode of the disclosed Warm Springs Rd location; a county-parcel pass could upgrade precision to exact."
microsoft-fernley-nv,Microsoft Victory Logistics District Campus,Microsoft,Proposed,Proposed,likely,data_center,likely,reported,,,,,8,"Fernley, Lyon, NV",Fernley,Lyon,NV,39.6082,-119.2169,exact,,grid,,,,,,,,,,,Diablo Canyon,CA,316.8,2323.0,35.211536,-120.8555,"Patua Acquisition Project, LLC",NV,7.8,58.6,GEO; SUN,39.585833,-119.0731,Lake Mead,reservoir,350.7,36.245,-114.396,Microsoft to buy 300 acres in Fernley's Lyon County Victory Logistics District,https://www.nevadaappeal.com/news/2025/apr/17/microsoft-buy-300-acres-in-fernley-lyon-county-victory-logistics-district/,1,"~300.7-acre land acquisition at the Victory Logistics District in Fernley, Lyon County. Capacity and timeline not yet announced → proposed. Coordinates are the Fernley area centroid."
novva-tahoe-reno-storey-county-nv,Novva Tahoe Reno Data Center,Novva Data Centers,Operating,Operating,likely,data_center,likely,confirmed,60.0,,60.0,60 MW planned,20.0,"McCarran, Storey County, NV",McCarran,Storey County,NV,39.53,-119.44,approximate,NV Energy,grid,NV Energy,,closed_loop,,"Water-free, direct-to-chip cooling per operator.",,,20.0,,,Diablo Canyon,CA,308.3,2323.0,35.211536,-120.8555,Tesla Reno GigaFactory,NV,0.7,6.7,SUN,39.539511,-119.4392,Lake Mead,reservoir,356.5,36.245,-114.396,Novva Data Centers Announces the Launch of Tahoe Reno Data Center (PR Newswire),https://www.prnewswire.com/news-releases/novva-data-centers-announces-the-launch-of-tahoe-reno-data-center-302500299.html,3,"300,000 sq ft, 60 MW data center on a 20-acre campus at 1 Astro Way in the Tahoe-Reno Industrial Center (McCarran / Storey County). Six 10 MW data halls served by an on-campus 100 MW NV Energy substation; water-free direct-to-chip cooling. Coordinates are an approximate TRIC-area geocode (exact parcel point not published)."
switch-citadel-storey-county-nv,Switch CITADEL Campus,Switch,Operating,Operating,mixed_use,data_center,mixed_use,confirmed,250.0,250.0,650.0,250 MW operating / 650 MW planned,2000.0,"McCarran, Storey, NV",McCarran,Storey,NV,39.6183,-119.3732,exact,100% renewable (wind + solar),solar,NV Energy (grid interconnect),,closed_loop,,"Uses reclaimed water via a ~16-mile pipeline (4,000 acre-feet/year capacity) from the Truckee Meadows Water Reclamation Facility; Switch's water-reuse approach eliminates cooling chemicals. No facility-specific consumption is disclosed (the pipeline serves all Tahoe Reno Industrial Center tenants).",supported,,2000.0,,,Diablo Canyon,CA,315.1,2323.0,35.211536,-120.8555,Chukar Battery Energy Storage System,NV,5.5,10.0,MWH,39.55636,-119.4367,Lake Mead,reservoir,357.5,36.245,-114.396,Switch CITADEL Campus — Switch.com,https://www.switch.com/citadel/,5,
vantage-nv1-storey-county-nv,Vantage Data Centers NV1,Vantage Data Centers,Under construction,Under construction,confirmed,data_center,confirmed,confirmed,224.0,,224.0,224 MW planned,137.0,"McCarran, Storey, NV",McCarran,Storey,NV,39.5311,-119.5904,exact,,grid,,,closed_loop,,Closed-loop chiller system minimizing water use; campus targets industry-leading low Water Usage Effectiveness (WUE); LEED certification planned,,3000000000.0,137.0,,,Diablo Canyon,CA,306.4,2323.0,35.211536,-120.8555,Waste Management Lockwood LFGTE,NV,3.1,3.2,LFG,39.493315,-119.6203,Lake Mead,reservoir,362.9,36.245,-114.396,Vantage Data Centers Invests $3 Billion to Deliver AI Campus in Nevada,https://vantage-dc.com/news/vantage-data-centers-invests-3-billion-to-deliver-ai-campus-in-growing-nevada-market/,2,"Located in Tahoe Reno Industrial Center (TRIC), Storey County, NV — same industrial park as Google, Apple, Microsoft, and Switch (CITADEL tracked separately). Four multi-story buildings, 1M+ sq ft. Designed for AI densities 360W–720W per sq ft. Vantage's eighth North American market. Coordinates are approximate TRIC centroid. Primary press release states more than 1,200 individuals employed 'across the construction and ongoing operations' — combined construction + permanent total; construction vs. permanent breakdown not separately disclosed."
32-avenue-of-the-americas-ny,32 Avenue of the Americas,"Multi-tenant carrier hotel (Digital Realty, CoreSite, and other carrier/telecom tenants)",Operating,Operating,Data center,data_center,,reported,,,,,8,"New York, New York, NY",New York,New York,NY,40.720012,-74.004641,exact,Con Edison grid,,,,,,,unknown,,,,,Limerick,PA,90.0,2277.0,40.224303,-75.58744,Oak Orchard,NY,0.5,5.0,SUN,40.712749,-74.00599,Hudson River - New York,river,5.0,40.79,-73.98,Digital Realty JFK13 — New York,https://www.digitalrealty.com/data-centers/americas/new-york/jfk13,3,"Former AT&T Long Distance Building, built 1932, converted to a carrier hotel by Rudin Management after their 1999 acquisition. Represented as ONE consolidated facility record rather than one per tenant. Digital Realty (branded ""JFK13"") occupies 132,500 sq ft per Digital Realty's own facility page — no power (MW) figure is disclosed by Digital Realty itself for this site; a widely-repeated 9.0 MW figure traces only to third-party aggregator listings, not a Digital Realty or building-primary source, and is not repeated here as fact. CoreSite (branded ""NY1"") occupies 48,000+ sq ft per CoreSite's own facility page, also with no MW figure disclosed. No whole-building data-center square footage or power total is disclosed anywhere; capacityMw is deliberately left unset rather than synthesized by summing incomplete tenant figures. Coordinates are a building-centroid geocode (Wikidata, sourced from building records) — plausible but not independently cross-checked against a primary GIS source."
60-hudson-street-ny,60 Hudson Street,"Multi-tenant carrier hotel (Hudson Interxchange, Digital Realty, DataBank, Equinix, and 100+ telecom tenants)",Operating,Operating,Data center,data_center,,reported,,,,,8,"New York, New York, NY",New York,New York,NY,40.71767,-74.008348,exact,Con Edison grid,,,,,,,unknown,,,,,Limerick,PA,89.7,2277.0,40.224303,-75.58744,Oak Orchard,NY,0.4,5.0,SUN,40.712749,-74.00599,Hudson River - New York,river,5.2,40.79,-73.98,BBCMS Mortgage Trust 2023-C22 FWP (60 Hudson Street building disclosure),https://www.sec.gov/Archives/edgar/data/1994342/000153949723001716/n3791_x3-ts.htm,3,"Landmarked 1930 Art Deco former Western Union building in TriBeCa, Manhattan — the East Coast's most important carrier hotel / interconnection point, hosting 100+ telecom and data-center tenants. Represented as ONE consolidated facility record rather than one per tenant, since the physical building is the meaningful unit. Total building size is 1,149,619 sq ft, 24 stories + basement, per an authoritative SEC EDGAR CMBS filing (2023) — this is whole-building square footage, not data-center-specific space. No whole-building data-center power (MW) figure is disclosed by any verifiable primary source; a 50MW figure appears on aggregator sites but traces to an unverified 2014 reference and is not repeated here as fact. The one solidly-verified tenant figure: Hudson Interxchange (HIX) occupies ~173,000 sq ft with a 15MW Con Edison feed (+2MW expansion announced), confirmed via Data Center Dynamics (2024-08-21). Figures for Digital Realty and DataBank's space in this building could not be independently confirmed from primary sources in this research pass (conflicting numbers across aggregator sites) and are deliberately omitted rather than guessed — capacityMw is left unset for the same reason (no reliable whole-building total exists). Coordinates are a building-level geocode from a map aggregator, not independently verified against a primary GIS source."
9ldg-niagara-falls-ny,9LDG Niagara AI Data Center,9 Lives Digital Group (9LDG),Proposed,Proposed,confirmed,data_center,confirmed,reported,,,,,22.0,"Niagara Falls, Niagara, NY",Niagara Falls,Niagara,NY,43.0628,-79.0175,exact,Hydroelectric (NYPA); 100MW on-site substation,hydro,,,,,,supported,100000000.0,22.0,500.0,,R E Ginna Nuclear Power Plant,NY,87.3,614.0,43.2777,-77.3099,Reworld Niagara I,NY,1.6,50.0,MSW,43.0839,-79.0056,Niagara River - Niagara Falls,river,2.7,43.081,-79.064,9LDG Plans AI Data Center at Niagara Falls,https://www.datacenterdynamics.com/en/news/9ldg-plans-ai-data-center-at-niagara-falls/,1,"Coordinates are approximate (3807 Highland Ave, Niagara Falls NY). 9LDG stated it will collaborate with an existing data center developer rather than build independently. Company president Michael Bagley leads a three-person partnership; partners not publicly identified. No prior data center development experience disclosed."
bloomberg-orangeburg-ny,Bloomberg LP Data Center,Bloomberg LP,Operating,Operating,Data center,data_center,,confirmed,4.0,4.0,,4 MW operating,4.0,"Orangeburg, Rockland, NY",Orangeburg,Rockland,NY,41.036652,-73.986828,approximate,Grid-connected,,,,,,,unknown,123200000.0,,,,Millstone,CT,96.5,2259.9,41.3107,-72.1677,Lederle Laboratories,NY,3.2,23.4,NG,41.0772,-74.0181,Hudson River - New York,river,17.0,40.79,-73.98,WFRBS Commercial Mortgage Trust 2014-C20 FWP (Bloomberg Orangeburg facility disclosure),https://www.sec.gov/Archives/edgar/data/0001603578/000153949714000486/n306_premktx1.htm,3,"155 Corporate Drive, Orangeburg, NY (Town of Orangetown, Rockland County). 131,805 sq ft total, two data halls totaling 39,058 sq ft with 42"" raised floor and 26' clear height, 4.0 MW power system, 1,200-ton cooling capacity — all per an authoritative SEC EDGAR CMBS filing (2014). Construction cost was $123.2M ($935/sq ft) per that same filing, with Bloomberg contributing $39.0M toward construction; recorded here as investmentUsd rather than the frequently-cited $710M figure, which represents total lease payments over a 15-year term (expiring March 2029), not construction capital — those are not comparable numbers and conflating them would overstate the capital investment. Dedicated single-tenant enterprise facility built to Bloomberg's spec for its financial data/analytics terminals (not shared colocation), built/topped-off 2013-2014. No expansions since 2014 were found in this research pass, but absence of news is not proof of none. Coordinates are a town-level geocode, not a confirmed parcel pin."
digital-realty-jfk10-manhattan-ny,Digital Realty JFK10 (111 Eighth Avenue),Digital Realty,Operating,Operating,confirmed,data_center,confirmed,confirmed,,,,,8,"New York, New York, NY",New York,New York,NY,40.741369,-74.003206,exact,,,,,,,,,,,,,Limerick,PA,90.6,2277.0,40.224303,-75.58744,Peak Power 1 Cogen,NY,0.9,6.3,NG,40.751111,-73.99167,Hudson River - New York,river,3.6,40.79,-73.98,Digital Realty JFK10 Data Center,https://www.digitalrealty.com/data-centers/americas/new-york/jfk10,4,"111 Eighth Avenue (the historic 1932 Union Inland Terminal #1 / ""Google Building""), Chelsea, Manhattan — Google owns the building; Digital Realty operates JFK10 as a colocation tenant. 111,000 sq ft (Digital Realty's own figure). A third-party estimate of ~18MW capacity is not confirmed by the operator and is omitted. Major carrier hotel with DE-CIX New York and MegaIX New York peering. Coordinates are an approximate geocode of the building, not a confirmed parcel pin."
h5-buffalo-i-lockport-ny,H5 Data Centers Buffalo I (formerly Yahoo Lockport),H5 Data Centers,Operating,Operating,Data center,data_center,,confirmed,,,,,43.0,"Lockport, Niagara, NY",Lockport,Niagara,NY,43.16879237433895,-78.7516290070774,exact,Grid-connected; chillerless outside-air cooling design minimizes power draw,,,,hybrid,,"Yahoo's famous ""Chicken Coop"" design: chillerless, cooled by outside air ~99% of the year with direct evaporative cooling as backup in summer heat, achieving a PUE of 1.08. Not independently reconfirmed as unchanged since the 2025 H5 acquisition.",unknown,,43.0,,,R E Ginna Nuclear Power Plant,NY,73.0,614.0,43.2777,-77.3099,Lockport Energy Associates LP,NY,0.6,221.3,NG,43.161947,-78.74497,Niagara River - Niagara Falls,river,16.9,43.081,-79.064,H5 Acquires New York Data Centers From Yahoo in Sale-Leaseback Deal,https://www.datacenterdynamics.com/en/news/h5-acquires-new-york-data-centers-from-yahoo-in-sale-leaseback-deal/,4,"5319 Enterprise Dr, Lockport, NY. Built by Yahoo in 2010 (opened at 155,000 sq ft, expanded since); campus totals 409,200 sq ft / 43 acres SHARED with the separate H5 Buffalo II building (~0.25 mi away — see that record). H5 Data Centers acquired both Lockport buildings from Yahoo in a sale-leaseback deal that closed Dec 30, 2024 ($49M reported); Yahoo signed a 5-year leaseback and remains a tenant on-site (140 staff retained, 15 transferred to H5). Now multi-tenant Tier III colocation, though no tenants beyond Yahoo are independently confirmed. Critical power was 16 MW as of 2014; current total post-expansion not independently disclosed, so capacityMw is deliberately omitted rather than guessed. Coordinates are a campus-level geocode (ConnectBase), not a per-building parcel pin."
h5-buffalo-ii-lockport-ny,H5 Data Centers Buffalo II,H5 Data Centers,Operating,Operating,Data center,data_center,,reported,,,,,8,"Lockport, Niagara, NY",Lockport,Niagara,NY,43.16967580851366,-78.74808845761379,exact,Grid-connected,,,,,,,unknown,,,,,R E Ginna Nuclear Power Plant,NY,72.8,614.0,43.2777,-77.3099,Lockport Energy Associates LP,NY,0.6,221.3,NG,43.161947,-78.74497,Niagara River - Niagara Falls,river,17.1,43.081,-79.064,H5 Buffalo II,https://baxtel.com/data-center/h5-buffalo-ii,3,"5365 Crown Dr, Lockport, NY — confirmed as a genuinely separate building (~0.25 mi from H5 Buffalo I / 5319 Enterprise Dr, not a duplicate listing), part of the same Lockport campus. Built 2015 as part of a $170M expansion announced 2013 (the campus's second facility). Acquired by H5 alongside Buffalo I in the same Dec 2024 Yahoo sale-leaseback deal. Specific square footage and power capacity for this building alone are paywalled on data-center directories and not independently confirmed — deliberately omitted rather than estimated from the shared 409,200 sq ft campus total (which spans both buildings). Coordinates are a nearby-offset approximation of the campus location, not an independently confirmed parcel pin for this specific building."
niagara-digital-campus-niagara-falls-ny,Niagara Digital Campus,Urbacon Data Centre Solutions,Proposed,Proposed,likely,data_center,likely,reported,135.0,,135.0,135 MW planned,142.0,"Niagara Falls, Niagara, NY",Niagara Falls,Niagara,NY,43.0885,-79.0603,exact,Hydroelectric (NYPA Robert Moses Niagara Power Plant),hydro,New York Power Authority (NYPA),,,,,mixed,1500000000.0,142.0,5600.0,550.0,R E Ginna Nuclear Power Plant,NY,89.1,614.0,43.2777,-77.3099,Reworld Niagara I,NY,2.8,50.0,MSW,43.0839,-79.0056,Niagara River - Niagara Falls,river,0.6,43.081,-79.064,Urbacon: Niagara Digital Campus Data Center,https://baxtel.com/data-center/urbacon-niagara-digital-campus,3,"Site is near the historic Adams Power Plant and the NYPA Robert Moses Niagara Power Plant (2,675 MW combined capacity). Phase I planned as ~282,000 sq ft over 24 months from groundbreaking. Economic impact estimated at $2B over 20 years per MRB Group analysis commissioned by NFR. Developed by Niagara Falls Redevelopment (NFR, controlled by Milstein family) in partnership with Urbacon."
ranalli-lysander-ny,Ranalli Lysander Data Center,Ranalli,Proposed,Proposed,likely,data_center,likely,rumored,300.0,,300.0,300 MW planned,300.0,"Lysander, Onondaga, NY",Lysander,Onondaga,NY,43.17,-76.39,exact,,grid,,,,,,,,,,,Nine Mile Point Nuclear Station,NY,24.3,1901.1,43.5211,-76.41,OYA Church Road,NY,1.5,5.0,SUN,43.19133,-76.38954,Lake Ontario - Rochester,lake,61.4,43.156,-77.608,Ranalli Lysander Data Center,https://cleanview.co/public/data-centers/new-york/2042/ranalli-lysander-data-center,1,"Early-stage proposal on ~120 acres in Lysander, Onondaga County, with a grid interconnection request of up to 300 MW. Very early / single-source → confidence rumored. Coordinates are the Lysander area centroid."
riverview-innovation-tech-campus-tonawanda-ny,Riverview Innovation & Technology Campus,Riverview Innovation & Technology Campus,Proposed,Proposed,likely,data_center,likely,reported,300.0,,300.0,300 MW planned,140.0,"Tonawanda, Erie, NY",Tonawanda,Erie,NY,43.037,-78.887,exact,Grid (National Grid); Niagara Power Project + Nine Mile Point Nuclear Station upstream mix,grid,National Grid,,unknown,,"Community opposition specifically cited cooling-system noise (24/7 operation, cited by residents as 75-105+ decibels) as a top concern at the June 3, 2026 Planning Board meeting; specific cooling technology not yet disclosed by the developer.",contested,2000000000.0,140.0,,,R E Ginna Nuclear Power Plant,NY,81.2,614.0,43.2777,-77.3099,NY Grand Island 871 Whitehaven Rd Solar,NY,1.8,5.0,SUN,43.027501,-78.92066,Niagara River - Niagara Falls,river,9.4,43.081,-79.064,"Developer: Proposed $2B AI data center on River Road not on hold, process temporarily delayed",https://www.wkbw.com/news/local-news/northtowns/developer-proposed-2b-ai-data-center-on-river-road-not-on-hold-process-temporarily-delayed,5,"Site: former Tonawanda Coke Corporation coke-manufacturing plant (operated 1917-2018; TCC bankruptcy), 3875 & 3800 River Road, Town of Tonawanda, Erie County NY - 140 acres. Brownfield developer Jon M. Williams completed acquisition Oct. 10, 2019 and has led an estimated $100M remediation; Honeywell (successor to Allied Chemical/TCC predecessor) also involved. 500,000 sq ft facility proposed. Coordinates are approximate for the River Road parcel. Note: one source names 'Niagara County' but Buffalo News, BTPM, and WBEN independently and consistently identify this as the Town of Tonawanda, Erie County (distinct from the separate City of North Tonawanda in Niagara County) - Erie County used here per majority/independent-source cross-check."
terawulf-lansing-ny,"TeraWulf AI Data Center Campus, Lansing",TeraWulf / Cayuga Operating Company,Proposed,Proposed,confirmed,data_center,confirmed,confirmed,400.0,,400.0,400 MW planned,400.0,"Lansing, Tompkins, NY",Lansing,Tompkins,NY,42.5453,-76.4968,exact,Grid (NYSEG); former coal plant infrastructure,grid,New York State Electric & Gas (NYSEG),,closed_loop,,TeraWulf proposes closed-loop cooling system; water withdrawal permit application for over 1 million gallons daily from Cayuga Lake submitted to NYSDEC; community contests reliability of closed-loop commitment given LLC structure.,opposed,,,,,R E Ginna Nuclear Power Plant,NY,65.2,614.0,43.2777,-77.3099,Yellow Barn Solar,NY,3.2,160.0,SUN,42.56495,-76.43907,Lake Ontario - Rochester,lake,70.3,43.156,-77.608,Tompkins County Legislature Urges State to Deny Water Permit for Lansing Data Center,https://www.ithaca.com/news/regional_news/tompkins-county-legislature-urges-state-to-deny-water-permit-for-lansing-data-center/article_1d89f22d-fcd0-43b3-97e2-173e08a483ea.html,2,"Site is the former Cayuga Power Plant (coal-fired, retired). NYSDEC water permit application for Cayuga Lake withdrawal was originally filed in 2021 for 'unspecified future use.' Permit dates to 1955 without modern monitoring requirements per opposition. TeraWulf also has a separate cryptomining operation at the Susquehanna site in PA (Nautilus)."
tierpoint-hawthorne-westchester-ny,TierPoint Hawthorne (11 & 17 Skyline Drive),"TierPoint, LLC",Operating,Operating,Data center,data_center,,confirmed,,,,,8,"Hawthorne, Westchester, NY",Hawthorne,Westchester,NY,41.088456,-73.815184,exact,,,,,,,,,,,,,Millstone,CT,87.0,2259.9,41.3107,-72.1677,Westchester County Medical Center,NY,0.6,6.1,DFO,41.08921,-73.80443,Hudson River - New York,river,22.3,40.79,-73.98,"TierPoint Hawthorne, New York Data Center",https://www.tierpoint.com/data-centers/new-york/new-york-hawthorne/,3,"Two adjacent buildings on a shared campus with Westchester County Medical Center and New York Medical College: 11 Skyline Drive (46,000+ sqft total, 28,000+ sqft raised floor, backup generation two 2MW + three 1MW) and 17 Skyline Drive (172,000+ sqft total, 28,000+ sqft raised floor, backup generation two 2,000kW). No whole-campus IT-load MW figure is publicly disclosed — generator specs are backup capacity, not confirmed critical load, so capacityMw is omitted. SOC 1/2 Type II, HITRUST, GLBA, HIPAA, PCI-DSS, NIST SP 800-53, ISO 27001, ITAR-registered. No AI/HPC marketing found. Coordinates are an approximate geocode of the Skyline Drive campus, not a confirmed parcel pin."
aws-cosgray-hilliard-oh,AWS Cosgray Road Campus,Amazon Web Services,Operating,Operating,Data center,data_center,,reported,,,,,8,"Hilliard, Franklin, OH",Hilliard,Franklin,OH,40.04946,-83.1761,exact,,,,,,,,,,,,,Oklo Aurora Powerhouse,OH,71.9,1200.0,39.018,-82.996,Pleasant Prairie Solar Energy LLC,OH,7.4,200.0,SUN,39.944801,-83.20397,Ohio River - Cincinnati,river,96.6,39.103,-84.512,AWS Hilliard campuses coverage (Cosgray Road enrichment),https://www.datacenterdynamics.com/en/news/aws-planning-third-data-center-campus-in-hilliard-ohio/,3,"Separate AWS Hilliard campus on Cosgray Road, in active litigation: the City of Hilliard appealed an Ohio EPA air permit for a 228-unit Bloom Energy fuel-cell array (73MW, the largest fuel-cell array in North America), and AWS is separately seeking a permit for 158 diesel backup generators. Approved by the Ohio Power Siting Board under Ohio's HB15 behind-the-meter law, overriding local zoning. Distinct from the Scioto Darby campus. Coordinates are now parcel-exact via the Franklin County Auditor (parcel 050-011455, 4580-4640 Cosgray Rd, Amazon Data Services Inc, data-center use class, ~95 ac)."
aws-crosby-court-franklin-county-oh,AWS Crosby Court Campus,Amazon Web Services,Operating,Operating,likely,data_center,likely,reported,,,,,66.82,"Plain City, Franklin, OH",Plain City,Franklin,OH,40.10187,-83.198633,exact,,,,,,,,,,66.82,,,Oklo Aurora Powerhouse,OH,75.7,1200.0,39.018,-82.996,Pleasant Prairie Solar Energy LLC,OH,10.9,200.0,SUN,39.944801,-83.20397,Ohio River - Cincinnati,river,98.2,39.103,-84.512,"Franklin County Auditor parcel/GIS record (parcel 275-000010, 6685 Crosby Ct — VADATA INC, assessed building area 768,498 sq ft = built, 66.8 ac)","https://gis.franklincountyohio.gov/hosting/rest/services/ParcelFeatures/Parcel_Features/FeatureServer/0/query?where=PARCELID%3D'275-000010'&outFields=PARCELID,SITEADDRESS,OWNERNME1,CLASSDSCRP,BLDGAREA,ACRES&returnCentroid=true&outSR=4326&f=json",1,"Operational AWS data center on a ~67-acre Vadata Inc parcel at 6685 Crosby Ct, far-northwest Franklin County (Brown Township, Plain City mailing area, in the 'New California' growth corridor near the Union County line) — part of Amazon's AWS US-East-2 (Ohio) build-out. Franklin County Auditor assessed building area 768,498 sq ft (= built); owner Vadata Inc. The auditor land-use class here reads 'Other Industrial Research/Chemical Lab' rather than the 'data center' class used on the nearby Hilliard AWS parcels (an assessment-class quirk; the two Vadata parcels share an identical 768,498 sq ft building figure). Sits ~2 km south of the Amazon Warner Rd and Industrial Pkwy campuses across the line in Jerome Township, Union County. No dedicated second public source specific to 6685 Crosby Ct was found (a similarly-named baxtel 'Crosby Campus' entry documents a different New Albany site and was excluded); the record rests on the Franklin County Auditor parcel record. No site-specific IT-load MW is disclosed. Coordinates are the Franklin County Auditor parcel centroid."
aws-hayden-run-hilliard-oh,AWS Hayden Run Campus,Amazon Web Services,Operating,Operating,likely,data_center,likely,reported,,,,,55.22,"Hilliard, Franklin, OH",Hilliard,Franklin,OH,40.059949,-83.134305,exact,,,,,,,,,,55.22,,,Oklo Aurora Powerhouse,OH,72.4,1200.0,39.018,-82.996,PS ST-8 Engine No 1,OH,8.2,2.0,DFO,39.961419,-83.04907,Ohio River - Cincinnati,river,98.8,39.103,-84.512,"Franklin County Auditor parcel/GIS record (parcel 050-011444, 5109-5129 Hayden Run Rd — VADATA INC, land-use class 'data center', assessed building area 768,498 sq ft = built, 55.2 ac)","https://gis.franklincountyohio.gov/hosting/rest/services/ParcelFeatures/Parcel_Features/FeatureServer/0/query?where=PARCELID%3D'050-011444'&outFields=PARCELID,SITEADDRESS,OWNERNME1,CLASSDSCRP,BLDGAREA,ACRES&returnCentroid=true&outSR=4326&f=json",2,"AWS's first US East (Ohio) region data center — a ~55-acre Vadata Inc campus at 5109-5129 Hayden Run Rd, Hilliard. Broke ground 2015; first building completed ~2018; a multi-building campus that has continued expanding. Franklin County Auditor land-use class 'data center' with 768,498 sq ft of assessed building area (= built/operational); owner Vadata Inc (Amazon's data-center subsidiary). Data-center directories (DC Byte / baxtel) list several numbered Hayden Run buildings (5109/5113/5117/5121/5125) that correspond to buildings within this single county parcel, not separate sites. No site-specific IT-load MW is disclosed. Coordinates are the Franklin County Auditor parcel centroid. Distinct from the tracked AWS Cosgray Road and AWS Scioto Darby campuses (also Hilliard, Franklin County)."
aws-industrial-parkway-jerome-township-oh,AWS Industrial Parkway Campus (Jerome Township),Amazon Web Services,Operating,Operating,likely,data_center,likely,reported,,,,,86.18,"Plain City, Union, OH",Plain City,Union,OH,40.134553,-83.212394,exact,,,,,,,,mixed,,86.18,,,Oklo Aurora Powerhouse,OH,78.0,1200.0,39.018,-82.996,Pleasant Prairie Solar Energy LLC,OH,13.1,200.0,SUN,39.944801,-83.20397,Ohio River - Cincinnati,river,99.3,39.103,-84.512,"Union County Auditor building record (parcel 1500220390010 / 8565 Industrial Pkwy — Amazon Data Services Inc, year built 2024, ~215,000 sq ft, $46.9M appraised building value, 86.2 ac)","https://www7.co.union.oh.us/unioncountyohio/rest/services/ParcelAllSaleinfoBuildingInfo/MapServer/1/query?where=ParcelNo%3D'1500220390010'&outFields=ParcelNo,DeedOwner,Address,city,township,Acreage,classDescription,yearBuilt,TotalBuildingArea,AppraisedBuildValue&f=json",3,"Operational AWS data center on an ~86-acre Amazon Data Services Inc parcel at 8565 Industrial Pkwy, Jerome Township / Plain City, Union County — part of Amazon's AWS US-East-2 (Ohio) cluster in the Jerome Township / 'New California' corridor first announced Nov 2019 ($200M, ~125 acres at the NW corner of Warner Rd / Industrial Pkwy). Union County Auditor building record: year built 2024, ~215,000 sq ft assessed, $46.9M appraised building value. Sits ~2 km north of the Amazon Warner Rd campus (tracked separately) and is distinct from the still-vacant AWS 'Project Cosmos' site ~9 mi north in Marysville (Paris Township). No site-specific IT-load MW is disclosed. Coordinates are the Union County Auditor parcel centroid."
aws-2550-beech-road-new-albany-oh,AWS New Albany (2550 Beech Road),Amazon Web Services,Operating,Operating,Data center,data_center,,reported,,,,,65.3,"New Albany, Licking County, OH",New Albany,Licking County,OH,40.094442,-82.750086,exact,,,,,,,,,,65.3,,,Oklo Aurora Powerhouse,OH,75.5,1200.0,39.018,-82.996,Flint,OH,0.9,200.0,MWH,40.09639,-82.73361,Lake Erie - Cleveland,lake,111.7,41.499,-81.694,"Licking County parcel/GIS record (parcel 095-111744-00.000, 2550 Beech Rd NW — Vadata Inc, Industrial land-use class 305 'Research/Chemical Labs' = built, 65.3 ac)",https://gis.lickingcounty.gov/server/rest/services/Auditor/Parcels/FeatureServer/0/query?where=Parcel%3D'095-111744-00.000'&outFields=*&returnCentroid=true&outSR=4326&f=json,3,"Operational AWS data center on a ~65-acre Vadata Inc parcel at 2550 Beech Rd NW — part of Amazon's original New Albany (AWS US-East-2) footprint, predating and physically distinct from the ~458-acre Beech/Miller five-building expansion tracked separately as aws-beech-road-new-albany-oh (under construction, ~2.4 km north). Licking County Auditor land-use class 305 ('Research/Chemical Labs' = built industrial, vs class 300 'Industrial Vacant Land' on the neighboring expansion parcels); owner Vadata Inc (Amazon's data-center subsidiary). Data-center aggregators list the building as '2570 Beech Road' / 'Park Two' (a prior Compute Atlas note called it 'Ridge Two'), ~459,000 sq ft, operational since ~2017 — the building code-name and year rest on aggregator data, not a primary filing. No site-specific IT-load MW is disclosed. Coordinates are the Licking County Auditor parcel centroid. Distinct from tracked aws-cosgray-hilliard-oh and aws-scioto-darby-hilliard-oh (Hilliard, Franklin County)."
aws-3180-beech-road-new-albany-oh,AWS New Albany (3180 Beech Road),Amazon Web Services,Operating,Operating,likely,data_center,likely,reported,,,,,106.41,"New Albany, Licking County, OH",New Albany,Licking County,OH,40.104129,-82.750939,exact,,,,,,,,,,106.41,,,Oklo Aurora Powerhouse,OH,76.2,1200.0,39.018,-82.996,Flint,OH,1.1,200.0,MWH,40.09639,-82.73361,Lake Erie - Cleveland,lake,111.1,41.499,-81.694,"Licking County Auditor parcel/GIS record (parcel 095-111618-04.000, Beech Rd NW — Amazon Data Services Inc, Industrial land-use class 305 'Research/Chemical Labs' = built, 106.4 ac)",https://gis.lickingcounty.gov/server/rest/services/Auditor/Parcels/FeatureServer/0/query?where=Parcel%3D'095-111618-04.000'&outFields=*&returnCentroid=true&outSR=4326&f=json,2,"Operational AWS data center on a ~106-acre Amazon Data Services Inc parcel on Beech Rd NW, New Albany — a second built AWS building on Beech Rd, physically distinct from the tracked '2550 Beech Road' building (aws-2550-beech-road-new-albany-oh, ~1.1 km south) and from the under-construction ~458-acre Beech/Miller five-building expansion (aws-beech-road-new-albany-oh). Data-center directories label it the 'North Hub'; the 112-acre parcel was bought April 2020 for $21.8M and the building is listed as built 2024 / fully operational. Licking County Auditor land-use class 305 ('Research/Chemical Labs' = built industrial, vs class 300 'Industrial Vacant Land' on the neighboring pre-construction parcels); owner Amazon Data Services Inc. No site-specific IT-load MW is disclosed. Coordinates are the Licking County Auditor parcel centroid (parcel 095-111618-04.000)."
aws-beech-road-new-albany-oh,AWS New Albany (Beech/Miller Road Campus),Amazon Web Services,Under construction,Under construction,Data center,data_center,,reported,,,,,458.0,"New Albany, Licking County, OH",New Albany,Licking County,OH,40.11593,-82.75731,exact,,,,,,,,,3500000000.0,458.0,,,Oklo Aurora Powerhouse,OH,76.9,1200.0,39.018,-82.996,Flint,OH,1.8,200.0,MWH,40.09639,-82.73361,Lake Erie - Cleveland,lake,110.6,41.499,-81.694,"Licking County parcel/GIS record (AMAZON DATA SERVICES INC — Beech Rd NW / Miller Rd NW cluster; anchor parcel 095-111408, 199.81 ac)",https://gis.lickingcounty.gov/server/rest/services/Auditor/Parcels/FeatureServer/0/query?where=UPPER(OwnerName)+LIKE+'%25AMAZON%25'&outFields=*&returnCentroid=true&outSR=4326&f=json,4,"AWS's Licking-side New Albany expansion: a $3.5B, five-building, ~1.25M sq ft campus (announced Sept 2023, targeted through 2030) on the Amazon Data Services Beech Rd NW / Miller Rd NW parcel cluster (~458 ac). Two buildings were completed and staffed as of Aug 2025; the remainder are under construction. Adjacent to (but distinct from) AWS's pre-existing 2570 Beech Rd ""Ridge Two"" campus (operational since ~2017, a separate parcel not in this record). No site-specific IT-load MW is disclosed (a widely-repeated 500 MW figure is an AWS us-east-2 regional aggregate, not this campus). Amazon's 2023 Ohio Job Creation Tax Credit is a multi-site umbrella (17 facilities across Franklin/Licking/Union counties), not specific to this parcel. Distinct from tracked aws-cosgray-hilliard-oh and aws-scioto-darby-hilliard-oh (Hilliard, Franklin County, west of Columbus)."
aws-newton-court-new-albany-oh,AWS New Albany (Newton Court),Amazon Web Services,Operating,Operating,likely,data_center,likely,reported,,,,,92.69,"New Albany, Licking County, OH",New Albany,Licking County,OH,40.093702,-82.72994,exact,,,,,,,,,,92.69,,,Oklo Aurora Powerhouse,OH,75.7,1200.0,39.018,-82.996,Flint,OH,0.3,200.0,MWH,40.09639,-82.73361,Lake Erie - Cleveland,lake,111.2,41.499,-81.694,"Licking County Auditor parcel/GIS record (parcel 095-112074-00.000, 2575 Newton Ct — Amazon Data Services Inc, Industrial land-use class 305 'Research/Chemical Labs' = built, 92.7 ac)",https://gis.lickingcounty.gov/server/rest/services/Auditor/Parcels/FeatureServer/0/query?where=Parcel%3D'095-112074-00.000'&outFields=*&returnCentroid=true&outSR=4326&f=json,2,"Operational AWS data center on a ~93-acre Amazon Data Services Inc parcel at 2575 Newton Ct, New Albany (~7 km south of the Beech/Miller cluster) — part of Amazon's AWS US-East-2 (Ohio) footprint. Data-center directories label it '2575 Newton' / 'Tower Ultra', built 2024 / fully operational. Licking County Auditor land-use class 305 ('Research/Chemical Labs' = built industrial); owner Amazon Data Services Inc. Data-center directories list numbered Newton addresses (2575/2675/2775/2875/2975) as separate sites, but only one Amazon-owned parcel (095-112074-00.000) exists at 2575 Newton Ct — the numbered addresses are buildings within this single parcel, not distinct sites. No site-specific IT-load MW is disclosed. Coordinates are the Licking County Auditor parcel centroid."
aws-project-cosmos-marysville-oh,AWS Project Cosmos,Amazon Web Services,Under construction,Under construction,mixed_use,data_center,mixed_use,confirmed,,,,,55.0,"Marysville, Union, OH",Marysville,Union,OH,40.237,-83.35,exact,Grid (city water supply; non-contact cooling with on-site storage),grid,,,,,,,1000000000.0,55.0,,50.0,Oklo Aurora Powerhouse,OH,86.3,1200.0,39.018,-82.996,Richwood Solar and Storage,OH,8.1,50.0,MWH,40.353175,-83.33117,Ohio River - Cincinnati,river,99.8,39.103,-84.512,"AWS gets go-ahead for data center campus in Marysville, Ohio",https://www.datacenterdynamics.com/en/news/aws-gets-go-ahead-for-data-center-campus-in-marysville-ohio/,3,"14684 Industrial Parkway, Marysville OH 43040 (Union County, ~30 mi NW of Columbus). Two-building campus totaling ~500,000 sq ft on 55 acres. Also referenced as 'Project Cosmo' (without trailing 's') in DCD. Jobs updated to 50 per Marysville city FAQ ('at least 50 full-time operational jobs'); original record stated 25 from DCD/Amazon initial filing. Construction start updated to early 2026 per city FAQ; DCD had projected August 2025 which appears delayed. Part of AWS's broader $10B+ Ohio infrastructure commitment. Coordinates are approximate Marysville Innovation Park area."
aws-galaxy-sidney-oh,"AWS Project Galaxy — Sidney, OH",Amazon Web Services,Under construction,Under construction,likely,data_center,likely,reported,1500.0,,1500.0,"1,500 MW planned",1500.0,"Sidney, Shelby County, OH",Sidney,Shelby County,OH,40.29,-84.16,exact,AES Ohio (Dayton Power and Light),grid,AES Ohio (Dayton Power and Light),,evaporative,,"City of Sidney public water system (groundwater wells, Great Miami River, Tawawa Creek). Development agreement caps withdrawal at 1.0 million gallons per day (694 gpm maximum); projected average annual usage is 4.6 million gallons per year (~12,600 gpd average). All wastewater including cooling discharge routed to city sanitary sewer. Miami Valley Conservancy District raised concerns citing peak draw up to 300 gpm. Cooling type inferred from industrial-scale water-in / wastewater-out pattern; not explicitly stated in sources.",contested,3000000000.0,,,75.0,Davis Besse,OH,106.3,925.2,41.5967,-83.0861,Sidney (OH),OH,1.8,13.5,DFO,40.27917,-84.19097,Ohio River - Cincinnati,river,84.1,39.103,-84.512,"Amazon secures tax break for $3bn data center campus in Sidney, Ohio",https://www.datacenterdynamics.com/en/news/amazon-secures-tax-break-for-3bn-data-center-campus-in-sidney-ohio/,5,"Codename 'Project Galaxy.' Coordinates approximate (parcel: north of Millcreek Road, west of Vandemark Road, Sidney OH). AES Ohio FERC filing shows phased power ramp: 65 MW at initial operations (Sept 15, 2026 target), 480 MW within one year, 1,500 MW by January 2031 — 1,500 MW taken as planned total capacity. $3B investment described as a firm commitment in the approved development agreement (not 'up to'). AWS has committed an estimated $23B in Ohio data centers through 2029–2030. Baxtel lists a 'West Hub' expansion site associated with this campus. FERC filing lists location as 'Jefferson Township, Ohio'; confirmed as Sidney/Shelby County campus from all other sources."
aws-scioto-darby-hilliard-oh,AWS Scioto Darby Campus,Amazon Web Services,Operating,Operating,Data center,data_center,,confirmed,,,,,8,"Hilliard, Franklin, OH",Hilliard,Franklin,OH,40.01895,-83.12439,exact,,,,,,,,,,,,,Oklo Aurora Powerhouse,OH,69.5,1200.0,39.018,-82.996,PS ST-8 Engine No 1,OH,5.6,2.0,DFO,39.961419,-83.04907,Ohio River - Cincinnati,river,97.3,39.103,-84.512,"AWS planning third data center campus in Hilliard, Ohio",https://www.datacenterdynamics.com/en/news/aws-planning-third-data-center-campus-in-hilliard-ohio/,4,"AWS's 3rd Hilliard campus, at 4120 Scioto Darby Rd. 152 acres across 6 parcels, up to 7 buildings plus 1 utility/security building; land bought January 2021 for $15.29M. Distinct from the tracked AWS Cosmos/Galaxy campuses and from the AWS Cosgray Road campus (also in Hilliard)."
aws-warner-road-jerome-township-oh,AWS Warner Road Campus (Jerome Township),Amazon Web Services,Operating,Operating,likely,data_center,likely,reported,,,,,92.78,"Plain City, Union, OH",Plain City,Union,OH,40.118607,-83.199984,exact,,,,,,,,mixed,,92.78,,,Oklo Aurora Powerhouse,OH,76.8,1200.0,39.018,-82.996,Pleasant Prairie Solar Energy LLC,OH,12.0,200.0,SUN,39.944801,-83.20397,Ohio River - Cincinnati,river,99.0,39.103,-84.512,"Union County Auditor building record (parcel 1500300200000 / 8567 Warner Rd — Amazon Data Services Inc, year built 2023-2024, multiple buildings ~214k+214k+157k sq ft, $36.7M appraised building value, 92.8 ac)","https://www7.co.union.oh.us/unioncountyohio/rest/services/ParcelAllSaleinfoBuildingInfo/MapServer/1/query?where=ParcelNo%3D'1500300200000'&outFields=ParcelNo,DeedOwner,Address,city,township,Acreage,classDescription,yearBuilt,TotalBuildingArea,AppraisedBuildValue&f=json",3,"Operational AWS data center on a ~93-acre Amazon Data Services Inc parcel at 8567 Warner Rd, Jerome Township / Plain City, Union County — part of Amazon's AWS US-East-2 (Ohio) Jerome Township / 'New California' cluster. Jerome Township Trustees rezoned 99.5 acres on the south side of Warner Rd (west of Industrial Pkwy) for an Amazon data center in Feb 2021. Union County Auditor building record: year built 2023-2024, multiple buildings (~214k + 214k + 157k sq ft assessed), $36.7M appraised building value. Sits ~2 km south of the Amazon Industrial Pkwy campus (tracked separately) and ~2 km north of the Amazon Crosby Ct campus across the line in Franklin County. No site-specific IT-load MW is disclosed. Coordinates are the Union County Auditor parcel centroid."
aligned-conesville-oh,Aligned Data Centers – Conesville Industrial Park,Aligned Data Centers,Under construction,Under construction,confirmed,data_center,confirmed,reported,,,,,197.0,"Conesville, Coshocton County, OH",Conesville,Coshocton County,OH,40.27,-81.83,exact,AEP Ohio (PJM grid),grid,AEP Ohio (PJM interconnect),,unknown,,No cooling type or water consumption data disclosed. Former coal plant had access to Muskingum River cooling water infrastructure; Aligned has not confirmed whether this will be utilized.,supported,,197.0,,,Beaver Valley,PA,77.3,1846.8,40.6219,-80.4336,Dresden Energy Facility,OH,16.1,678.3,NG,40.0928,-82.0276,Lake Erie - Cleveland,lake,85.2,41.499,-81.694,Aligned Data Centers official press release – Ohio mega-scale AI campus expansion,https://aligneddc.com/press-release/aligned-data-centers-expands-in-ohio-with-new-mega-scale-ai-campus/,7,"Brownfield redevelopment of former AEP Conesville coal plant (2 GW, operational 62 years, closed May 2020). Frontier Group of Companies acquired the plant in 2020 and built the Conesville Industrial Park across ~2,500 acres; Aligned purchased a 197-acre parcel. Aligned describes the project as 'AI/HPC' and 'Gigascale' in its press materials, and this is its third Ohio campus (others: Perkins Township/Sandusky, 96 MW total; Pataskala). Multi-building campus — renderings show up to four buildings; second, third, and fourth buildings referenced at groundbreaking. Capacity MW not publicly disclosed. Investment described as 'multi-billion dollar' — no firm figure confirmed; field omitted per policy. Construction jobs described as 'thousands'; permanent roles as 'hundreds of high-quality long-term positions' — projections only, numeric fields omitted. Aligned is exploring on-site nuclear power (SMRs) for this campus and nearby Zanesville/Cambridge sites; no agreement confirmed. Coordinates approximate (village-level). Site infrastructure funding note: the Coshocton Port Authority received a $58.7M grant (Ohio Dept of Development All Ohio Future Fund, announced July 21, 2025) for utility upgrades, water/wastewater extensions, and roadway improvements across the broader industrial park — this benefits Aligned indirectly but is not a direct subsidy to Aligned and is therefore not listed under subsidies."
ark-data-centers-akron-i-summit-county-oh,Ark Data Centers Akron I (fka Involta),Ark Data Centers (formerly Involta),Operating,Operating,Data center,data_center,,confirmed,1.0,1.0,,1 MW operating,1.0,"Akron, Summit, OH",Akron,Summit,OH,41.057162,-81.521388,approximate,,,,,,,,,,,,,Perry,OH,55.0,1311.6,41.8006,-81.1439,IGS AKC1,OH,3.2,3.8,SUN,41.049604,-81.58158,Lake Erie - Cleveland,lake,31.8,41.499,-81.694,"Involta / Ark Data Centers — Akron, Ohio",https://www.involta.com/data-centers/data-center-locations/ohio/akron/,2,"191 E. Miller Ave, Akron, Summit County. First (""3rd-generation"" per operator terminology) of two Ark Data Centers buildings at this address — see also Ark Data Centers Akron II, a separate, Tier III-certified building at the same street address. 10,000 sq ft / 300 racks, 1MW utility power with a 1MW N+1 diesel generator, 2N battery UPS. No formal Tier certification found for this building (unlike Akron II). Fiber-ring-connected to the company's Independence, OH facility. The operator's own Ohio rollup page lists a conflicting ""Akron: 20,000 sqft / 5MW"" combined figure that does not reconcile with the per-building detail page used here — flagged as an inconsistency on the operator's own materials, detail-page figures preferred. No AI/HPC-specific marketing found."
ark-data-centers-akron-ii-summit-county-oh,Ark Data Centers Akron II (fka Involta),Ark Data Centers (formerly Involta),Operating,Operating,Data center,data_center,,confirmed,1.0,1.0,,1 MW operating,1.0,"Akron, Summit, OH",Akron,Summit,OH,41.057297,-81.521336,approximate,,,,,,,,,,,,,Perry,OH,55.0,1311.6,41.8006,-81.1439,IGS AKC1,OH,3.2,3.8,SUN,41.049604,-81.58158,Lake Erie - Cleveland,lake,31.8,41.499,-81.694,"Involta / Ark Data Centers — Akron, Ohio",https://www.involta.com/data-centers/data-center-locations/ohio/akron/,2,"191 E. Miller Ave, Akron, Summit County — same street address as Ark Data Centers Akron I but a physically separate (""4th-generation"") building, per the operator's own materials describing ""two purpose-built, concurrently maintainable facilities"" totaling 52,000+ sq ft. 10,000 sq ft / 300 racks, 1MW utility power with a 1MW N+1 diesel generator, 2N battery UPS. Uptime Institute-certified Tier III — the only Tier certification found across any of the Ark/Involta Ohio sites researched. ENERGY STAR certified 2023. Fiber-ring-connected to the company's Independence, OH facility. No AI/HPC-specific marketing found (one customer testimonial referencing AI describes a tenant's healthcare application, not the operator's own infrastructure marketing)."
ark-data-centers-independence-cuyahoga-county-oh,Ark Data Centers Independence (fka Involta),Ark Data Centers (formerly Involta),Operating,Operating,Data center,data_center,,confirmed,,,,,8,"Independence, Cuyahoga, OH",Independence,Cuyahoga,OH,41.360599,-81.632511,exact,,,,,,,,,,,,,Perry,OH,39.5,1311.6,41.8006,-81.1439,Cleveland Works,OH,8.1,102.0,BFG,41.4739,-81.6728,Lake Erie - Cleveland,lake,10.1,41.499,-81.694,"Involta expands data center in Independence, Ohio",https://www.datacenterdynamics.com/en/news/involta-expands-data-center-in-independence-ohio/,4,"7300 E Pleasant Valley Rd, Independence, Cuyahoga County (Cleveland metro). Rebranded from Involta to Ark Data Centers May 15, 2024 (Carlyle-backed). Fiber-ring-connected to the company's Akron facilities for real-time twinned services, per the City of Independence's own economic development page (independent of operator marketing). A single third-party directory cites 1.5MW capacity, uncorroborated elsewhere — omitted from capacityMw rather than stated as fact. No source supports a Tier rating or 2N+ UPS claim for this specific site (an unrelated ""Cleveland"" line item on the operator's own rollup page does not reconcile with this facility's known footprint) — no Tier/redundancy field set. No AI/HPC-specific marketing found."
edgeconnex-ashville-oh,Ashville Campus,EdgeConneX,Proposed,Proposed,Data center,data_center,,reported,,,,,8,"Ashville, Pickaway, OH",Ashville,Pickaway,OH,39.72,-83.03,approximate,,,,,,,,opposed,,,,,Oklo Aurora Powerhouse,OH,48.5,1200.0,39.018,-82.996,"Darby Power, LLC",OH,7.9,564.0,NG,39.7139,-83.1778,Ohio River - Cincinnati,river,89.9,39.103,-84.512,"Proposed EdgeConneX data center in Pickaway County, Ohio facing criticism",https://www.datacenterdynamics.com/en/news/proposed-edgeconnex-data-center-in-pickaway-county-ohio-facing-criticism/,1,680 acres north of SR-752; 1.8GW substation plus a 200MW gas turbine energy center planned. Facing local opposition/criticism.
bitdeer-clarington-oh,Bitdeer Clarington HPC/AI Campus,Bitdeer,Under construction,Under construction,likely,data_center,likely,confirmed,570.0,,570.0,570 MW planned,570.0,"Clarington, Monroe, OH",Clarington,Monroe,OH,39.7748,-80.8731,exact,AEP Ohio,grid,AEP Ohio,,,,,litigation,,,,,Beaver Valley,PA,63.0,1846.8,40.6219,-80.4336,Axiall Natrium Plant,WV,2.1,115.5,NG,39.7475,-80.8547,Ohio River - Pittsburgh,river,64.8,40.441,-80.01,Bitdeer announces November 2025 production and operations update,https://ir.bitdeer.com/news-releases/news-release-details/bitdeer-announces-november-2025-production-and-operations-update,4,"Clarington, Monroe County; 570 MW via an AEP Ohio LOA, targeted available by end of Q3 2026. Bitdeer transitioning from bitcoin mining toward HPC/AI. Coordinates are the Clarington area centroid. No Clarington-specific capex, water, or jobs figures are disclosed; Bitdeer's 2026 mining capex guidance is company-wide and excludes AI/HPC. Some cooling/jobs figures in secondary coverage describe Bitdeer's separate Shalersville (Portage County) site, not Clarington."
bitdeer-shalersville-portage-county-oh,Bitdeer Shalersville Data Center Campus,Bitdeer (development partner: Geis Development),Proposed,Proposed,likely,data_center,likely,reported,750.0,,750.0,750 MW planned,257.0,"Shalersville Township, Portage, OH",Shalersville Township,Portage,OH,41.199,-81.245,approximate,,,,,,,,contested,300000000.0,257.0,400.0,200.0,Perry,OH,41.9,1311.6,41.8006,-81.1439,Summit Street Power Plant,OH,6.3,13.2,NG,41.143056,-81.34083,Lake Erie - Cleveland,lake,31.2,41.499,-81.694,"Local developer, global tech firm plan major data center project in Portage County",https://www.news5cleveland.com/news/local-news/local-developer-global-tech-firm-plan-major-data-center-project-in-portage-county,4,"Turnpike Commerce Center, Shalersville Township, Portage County. Not yet approved — blocked by the township's active data-center moratorium (see community field). Distinct from Bitdeer's other tracked Ohio sites (Clarington, Whitetail Creek/Niles, and Massillon). Tax revenue projections ($2.17M annual increase at phase-1 completion) are Bitdeer's own company projections, not independently confirmed. Coordinates are an approximate geocode of Shalersville Township, not a confirmed parcel pin — no source gave exact site coordinates."
bristolville-25-lordstown-oh,Bristolville 25,Bristolville 25 Developer LLC / BHGH Properties,Proposed,Proposed,Data center,data_center,,confirmed,,,,,8,"Lordstown, Trumbull, OH",Lordstown,Trumbull,OH,41.18,-80.87,approximate,,,,,,,,,3600000000.0,,,,Beaver Valley,PA,44.8,1846.8,40.6219,-80.4336,Middletown- Ohio,OH,2.4,962.0,NG,41.14889,-80.85162,Lake Erie - Cleveland,lake,48.1,41.499,-81.694,Data center developer taking Lordstown to court,https://www.wkbn.com/news/local-news/lordstown-news/data-center-developer-taking-lordstown-to-court/,2,133 acres of industrial land near the former GM plant in Lordstown/Bristolville. The village enacted a data-center ban; the developer petitioned the Ohio Supreme Court for a writ of mandamus. Distinct from the already-tracked Stargate-Lordstown facility (different site/operator).
cologix-col5-orange-township-delaware-county-oh,Cologix COL5,Cologix,Under construction,Under construction,Data center,data_center,,confirmed,75.0,,75.0,75 MW planned,25.0,"Lewis Center, Delaware, OH",Lewis Center,Delaware,OH,40.190863,-83.011113,exact,,,,,,,,,1000000000.0,25.0,,,Oklo Aurora Powerhouse,OH,81.0,1200.0,39.018,-82.996,PS ST-8 Engine No 1,OH,16.0,2.0,DFO,39.961419,-83.04907,Ohio River - Cincinnati,river,109.7,39.103,-84.512,"Ohio Tax Credit Authority meeting action, June 1, 2026 (reported)",https://signalcleveland.org/ohio-approves-last-data-center-exemption-before-moratorium/,5,"Address 6787 Green Meadows Drive, Lewis Center OH 43035, southeast corner of Green Meadows Drive and Home Road, Orange Township. Power to be supplied by AEP. Phase 1 (135,000 sq ft, 25MW) construction began June 2025, targeted completion fall 2026; may expand to 75MW. Received 50%/10-year Ohio sales tax exemption (~$42.3M combined with the Licking County site) plus a 10-year 50% Delaware County property tax abatement, approved at the June 1, 2026 Ohio Tax Credit Authority meeting — the last such approval before Gov. DeWine's announced pause on new data center tax breaks. Coordinates are the Lewis Center/Orange Township town centroid, not parcel-verified in this session — recommend a follow-up parcel-level geocode of 6787 Green Meadows Drive before publishing at high precision."
cologix-johnstown-oh,Cologix Johnstown AI-Ready Campus,Cologix,Under construction,Under construction,likely,data_center,likely,confirmed,800.0,,800.0,800 MW planned,800.0,"Johnstown, Licking, OH",Johnstown,Licking,OH,40.15,-82.68,exact,,grid,AEP Ohio,,closed_loop,,"Cologix states 'closed-loop cooling systems that minimize water usage' (Columbus Region, June 2026). Under construction - no metered operational figure.",mixed,,,,,Oklo Aurora Powerhouse,OH,80.0,1200.0,39.018,-82.996,Flint,OH,4.7,200.0,MWH,40.09639,-82.73361,Lake Erie - Cleveland,lake,106.5,41.499,-81.694,Cologix Expands Central Ohio Footprint with Land Acquisition for New AI-Ready 800MW Data Center Campus,https://cologix.com/news/cologix-expands-central-ohio-footprint-with-land-acquisition-for-new-ai-ready-800mw-data-center-campus/,5,"154 acres; up to 800 MW scalable across eight data centers / 2.0M sq ft (800 MW is a full-buildout potential — in notes). The '>$7 billion' figure is a company-wide expansion plan, not a Johnstown-specific committed amount (in notes). Coordinates are the Johnstown, Licking County area centroid. The '>$7B' figure is Cologix's company-wide expansion plan; the $1.17B commitment is combined across Johnstown + Orange Township (not split) -> investmentUsd omitted. Land: ~$45M for 154 acres (Sept 2024)."
cyrusone-new-albany-col1-licking-county-oh,CyrusOne New Albany COL-1,CyrusOne,Under construction,Under construction,Data center,data_center,,confirmed,,,,,93.8,"Johnstown, Licking, OH",Johnstown,Licking,OH,40.09294,-82.718059,exact,,,,,,,,,150000000.0,93.8,,,Oklo Aurora Powerhouse,OH,75.7,1200.0,39.018,-82.996,Flint,OH,0.9,200.0,MWH,40.09639,-82.73361,Lake Erie - Cleveland,lake,110.9,41.499,-81.694,Permits offer details after groundbreaking of $150 million New Albany data center,https://www.nbc4i.com/news/local-news/new-albany/permits-offer-details-after-groundbreaking-of-150-million-new-albany-data-center/,3,"12181 Jug St, Johnstown — in the Licking County section of the New Albany International Business Park. 274,518 sq ft, two-story building. Ohio Tax Credit Authority approved a 10-year, 75% data center sales tax exemption valued at $5.4M (approved ~April 2024). No IT-load MW figure is publicly disclosed for this site — an earlier 60MW figure found in some secondary sources actually belongs to a different operator's nearby New Albany campus (STACK Infrastructure NAL01) and is not attributable to CyrusOne COL-1; capacityMw is omitted rather than guessed. No AI/HPC-specific marketing found — treated as generic hyperscale colo."
edgeconnex-mcn-new-albany-licking-county-oh,EdgeConneX MCN New Albany (South Campus),EdgeConneX,Under construction,Under construction,Data center,data_center,,reported,224.0,,224.0,224 MW planned,267.0,"New Albany, Licking County, OH",New Albany,Licking County,OH,40.08878,-82.72274,exact,,,,,,,,,1000000000.0,267.0,,,Oklo Aurora Powerhouse,OH,75.4,1200.0,39.018,-82.996,Flint,OH,0.8,200.0,MWH,40.09639,-82.73361,Lake Erie - Cleveland,lake,111.3,41.499,-81.694,"Licking County parcel/GIS record (EdgeConneX MCN New Albany South PropCo 2 + North PropCo 1 parcels; anchor 9850 Innovation Campus Way, 33.86 ac, ""Industrial Warehouses"")",https://gis.lickingcounty.gov/server/rest/services/Auditor/Parcels/FeatureServer/0/query?where=UPPER(OwnerName)+LIKE+'%25EDGECONNEX%25'&outFields=*&returnCentroid=true&outSR=4326&f=json,4,"EdgeConneX's ~$1B multi-phase ""MCN New Albany"" South campus. Per the Ohio Tax Credit Authority scope-of-work filing: Phase I converts a ~525,000 sq ft existing warehouse (9850 Innovation Campus Way) into an 80 MW data center; Phase II proposes two new 72 MW facilities (144 MW) — capacityMw.planned = 224 (80 + 144, IT load). A co-located PowerConneX natural-gas energy center (reported 140–216 MW of generation across sources) is EXCLUDED from capacityMw as on-site generation, not IT load. Footprint spans the South PropCo 2 parcels (~97 ac incl. the built anchor) plus the adjacent North PropCo 1 parcel (3356 Clover Valley Rd NW, 170 ac); ~267 ac combined. ""MCN"" is EdgeConneX's internal project prefix (not publicly decoded). Distinct from EdgeConneX's separate Piper Farms parcel (~5 mi away) and from edgeconnex-ashville-oh (Pickaway County)."
edged-columbus-new-albany-oh,Edged Columbus,Edged (an Endeavour company),Operating,Operating,confirmed,data_center,confirmed,confirmed,24.0,24.0,,24 MW operating,14.0,"New Albany, Franklin County, OH",New Albany,Franklin County,OH,40.10608,-82.81578,exact,,,,,,,,,246000000.0,14.0,,,Oklo Aurora Powerhouse,OH,75.8,1200.0,39.018,-82.996,Flint,OH,4.4,200.0,MWH,40.09639,-82.73361,Lake Erie - Cleveland,lake,112.7,41.499,-81.694,"Franklin County parcel/GIS record (parcel 222-002127 — EDGED COLUMBUS LLC, 7600 W Campus Blvd, use-class ""data center"")",https://gis.franklincountyohio.gov/hosting/rest/services/ParcelFeatures/Parcel_Features/FeatureServer/0/query?where=UPPER(OWNERNME1)+LIKE+'%25EDGED%25'&outFields=*&returnCentroid=true&outSR=4326&f=json,3,"Operational since its September 10-11, 2025 grand opening. 206,000 sq ft, two-story, 14-acre site with 24 MW of critical (IT) capacity per Edged's own release. Purpose-built for AI training and inference; supports up to 70 kW/rack air-cooled and 200 kW/rack liquid-cooled. Uses the ThermalWorks waterless cooling system (design PUE ~1.15). Adjacent parcel 222-001945 (7270 New Albany-Condit Rd, commercial vacant land) is future expansion land, not part of this operational record."
google-lancaster-oh,Google Lancaster Data Center,Google,Operating,Operating,Data center,data_center,,confirmed,,,,,120.0,"Lancaster, Fairfield, OH",Lancaster,Fairfield,OH,39.72057,-82.68839,exact,,,,,,,,,,120.0,,,Oklo Aurora Powerhouse,OH,51.2,1200.0,39.018,-82.996,Eastern Cottontail Solar,OH,13.4,220.0,SUN,39.844172,-82.49453,Ohio River - Cincinnati,river,106.3,39.103,-84.512,Google Data Centers — Ohio,https://datacenters.google/locations/ohio/,5,"105 Whiley Rd, Lancaster — distinct from Google's New Albany and Lima ""Project BOSC"" Ohio facilities. No site-specific investment figure is disclosed; Google has only published cumulative bundled totals across its New Albany+Lancaster+Columbus Ohio campuses ($1.7B Aug 2023, +$2.3B June 2024, ~$4.4B+ cumulative since 2019). No IT-load MW figure publicly disclosed. One 2024 article notes future buildings will ""support Google's artificial intelligence innovation,"" but this is generic AI-as-one-of-many-workloads boilerplate rather than facility-specific AI/HPC/GPU marketing — no aiClassification set. Coordinates are an approximate geocode."
google-new-albany-oh,Google New Albany Data Center,Google (Montauk Innovations LLC),Operating,Operating,Data center,data_center,,confirmed,,,,,8,"New Albany, Franklin, OH",New Albany,Franklin,OH,40.05832,-82.77106,exact,,,,,,,,,600000000.0,,,,Oklo Aurora Powerhouse,OH,72.9,1200.0,39.018,-82.996,Flint,OH,3.3,200.0,MWH,40.09639,-82.73361,Ohio River - Cincinnati,river,113.8,39.103,-84.512,Google Data Centers — Ohio,https://datacenters.google/locations/ohio/,5,"1101 Beech Rd SW, New Albany — operated via Google's Ohio subsidiary Montauk Innovations LLC. 275,000 sq ft initial building on a ~440-447 acre campus. $600M confirmed initial capital investment; 100% real-property tax abatement (15yr) and 100% sales-tax exemption (~$43.5M value, 15yr) granted. Distinct from Google's Lima ""Project BOSC"" facility (different county) and Google's Lancaster campus (tracked separately). No IT-load MW figure publicly disclosed. In June 2025, the same Montauk Innovations entity acquired an adjacent 85-acre parcel at 2565 Harrison Road NW (~4 miles north) for $63M; Google has NOT confirmed this parcel will become a data center (""we want to ensure we have the option to further grow, should our business demand it"" per a spokesperson) — tracked as a note here rather than a standalone facility pending confirmation. No AI/HPC-specific marketing found — Google's own materials describe this and its other Ohio campuses generically as cloud/digital infrastructure. County-auditor parcels confirm the campus straddles the Franklin-Licking line: the operational, data-center-classed parcel is in Franklin County (5266 Babbitt Rd, 222 ac, Montauk Innovations LLC, acquired Dec 2018 for $27.4M), extending east across the line into Licking County at 1101 Beech Rd SW (219 ac; ~441 ac combined). The coordinate is now parcel-exact to the Franklin operational parcel."
google-bosc-lima-oh,Google Project BOSC (Lima),Google,Permitted,Permitted,likely,data_center,likely,confirmed,,,,,170.0,"Lima, Allen, OH",Lima,Allen,OH,40.744,-84.1052,exact,grid,grid,,,evaporative,,36 cooling towers per the Ohio EPA permit application; described by Google as water-cooled. City of Lima granted 5 million gallons/day (Sept 2025).,mixed,500000000.0,170.0,,,Davis Besse,OH,79.2,925.2,41.5967,-83.0861,Ohio Northern University Solar Site,OH,14.0,3.0,SUN,40.759622,-83.8391,Ohio River - Cincinnati,river,115.4,39.103,-84.512,"Google confirmed as company behind $500m data center in Lima, Ohio",https://www.datacenterdynamics.com/en/news/google-confirmed-as-company-behind-500m-data-center-in-lima-ohio/,4,"Google's third Ohio data center (after New Albany and Lancaster). $500M confirmed capital investment. Codename Project BOSC; pre-announcement land/permit work via Bistrozzi LLC (Delaware shell). Coordinates are the Lima city centroid; the confirmed site is in American Township ~2 mi north of Lima (North Cole Street between Beery and Irvin Roads), ~170 acres. Capacity MW not disclosed. Google's project page states construction anticipated to begin late 2026; ~50 permanent jobs projected per DCD and 'hundreds' of construction jobs - projections, so omitted from jobs. Ohio EPA air-permit application (pending March 2026) covers 115 emergency diesel generators; 36 cooling towers specified. $50M of the investment is earmarked for local road infrastructure, $13.6M for water infrastructure."
strata-hanging-rock-haverhill-data-center-oh,Hanging Rock / Haverhill Data Center,Strata Expense (backed by Supermicro + Ravel),Under construction,Under construction,Data center,data_center,,confirmed,,,,,8,"Hanging Rock, Lawrence, OH",Hanging Rock,Lawrence,OH,38.567639,-82.781751,approximate,,,,,,,,,,,,,Oklo Aurora Powerhouse,OH,33.2,1200.0,39.018,-82.996,Hanging Rock Energy Facility,OH,0.4,1429.8,NG,38.5731,-82.7833,Ohio River - Cincinnati,river,100.2,39.103,-84.512,"Data center project in Lawrence County, Ohio sparks calls for moratorium in neighboring city",https://www.datacenterdynamics.com/en/news/data-center-project-in-lawrence-county-ohio-sparks-calls-for-moratorium-in-neighboring-city/,2,"At 1476 County Road 1A; land sold by the Lawrence County Economic Development Corp. Construction began around December 2025. A 5,178-signature opposition petition sparked a moratorium push in neighboring Ironton."
meta-middleton-township-oh,Meta Bowling Green (Project Accordion),Meta,Under construction,Under construction,confirmed,data_center,confirmed,confirmed,,,,,280.0,"Bowling Green, Wood, OH",Bowling Green,Wood,OH,41.432,-83.701,exact,"Grid (100% renewable energy matching; Toledo Edison/FirstEnergy utility) plus 350 MW on-site gas generation (Will-Power Apollo facility, OPSB approved Feb 3, 2026)",mixed,Toledo Edison,350.0,,,,mixed,800000000.0,280.0,1000.0,100.0,Davis Besse,OH,33.8,925.2,41.5967,-83.0861,Bowling Green Generating Station,OH,3.9,49.5,NG,41.397369,-83.64124,Lake Erie - Cleveland,lake,104.0,41.499,-81.694,"Meta to develop data center campus outside Toledo, Ohio",https://www.datacenterdynamics.com/en/news/meta-to-develop-data-center-campus-outside-toledo-ohio/,4,"715,000 sq ft facility on State Route 582 between SR-25 and I-75, Middleton Township, Wood County OH. Meta's 28th global and 2nd Ohio data center. The Apollo gas plant (OPSB Case No. 25-973-EL-BGN) operates behind-the-meter serving Liames LLC (Meta shell company); not grid-connected. Full capacity from Apollo expected late 2027. Coordinates are approximate Middleton Township centroid."
meta-prometheus-new-albany-oh,Meta Prometheus,Meta,Under construction,Under construction,confirmed,data_center,confirmed,reported,1000.0,,1000.0,"1,000 MW planned",1000.0,"New Albany, Licking, OH",New Albany,Licking,OH,40.092,-82.836,exact,Nuclear PPAs reportedly with Vistra (Ohio plants) and Oklo (Pike County campus); TerraPower PPA reported but not independently confirmed; on-site gas generation referenced in state permit filings,mixed,,,,,,mixed,1500000000.0,,,,Oklo Aurora Powerhouse,OH,74.7,1200.0,39.018,-82.996,Flint,OH,5.4,200.0,MWH,40.09639,-82.73361,Ohio River - Cincinnati,river,112.4,39.103,-84.512,World's first gigawatt-scale data center coming to Ohio,https://spectrumnews1.com/oh/columbus/news/2025/11/13/meta-gigawatt-data-center-new-albany-,4,Baxtel reports campus as partially operational in 2026 with future phases planned; overall 1 GW build-out still in progress. Site address 1500 Beech Rd NW cited in permit filings but not confirmed from independently accessible sources this session. Nuclear PPA claims partially corroborated (Vistra/Oklo via SEC filings and news; TerraPower unconfirmed). On-site gas generation capacity removed pending accessible source confirmation. County listed as Licking — consistent with Beech Road corridor at Licking/Franklin county boundary per stopohiodatacenters.org.
microsoft-heath-oh,Microsoft Heath Data Center,Microsoft,Under construction,Under construction,mixed_use,data_center,mixed_use,confirmed,,,,,227.0,"Heath, Licking, OH",Heath,Licking,OH,40.015,-82.46,exact,Grid,grid,AEP Ohio,,evaporative,,Microsoft's Licking County datacenters use direct evaporative cooling per Microsoft; no Heath-specific operational water-use (MGD) figure is published.,supported,,227.0,400.0,,Oklo Aurora Powerhouse,OH,74.6,1200.0,39.018,-82.996,Denison Solar Array,OH,5.1,1.9,SUN,40.073337,-82.51796,Lake Erie - Cleveland,lake,110.1,41.499,-81.694,Heath datacenter construction updates - Microsoft Local,https://local.microsoft.com/blog/heath-datacenter-construction-updates/,4,"Site at 975 Thornwood Dr SW, Heath OH 43056; 227 acres. Part of Microsoft's $1B Licking County three-campus investment alongside Hebron and New Albany. Coordinates are approximate Heath city centroid; exact Thornwood Dr parcel not pinned. The $1B is Microsoft's three-campus Licking County commitment; no Heath-specific capital-investment figure is published (do not derive by subtraction)."
microsoft-hebron-oh,Microsoft Hebron Data Center,Microsoft,Under construction,Under construction,mixed_use,data_center,mixed_use,confirmed,,,,,223.0,"Hebron, Licking, OH",Hebron,Licking,OH,40.01,-82.5,exact,Grid,grid,AEP Ohio,,evaporative,,"Microsoft's Licking County datacenters use direct evaporative cooling per Microsoft; county filings cite a ~252 gal/min water-capacity request for Hebron (a capacity request, not metered consumption). No confirmed operational MGD figure is published.",supported,,223.0,400.0,,Oklo Aurora Powerhouse,OH,73.5,1200.0,39.018,-82.996,Denison Solar Array,OH,4.5,1.9,SUN,40.073337,-82.51796,Lake Erie - Cleveland,lake,111.2,41.499,-81.694,Hebron datacenter construction update - Microsoft Local,https://local.microsoft.com/blog/hebron-datacenter-construction-update/,5,"223 acres west of Ohio 79, between North High Street and Canyon Road, Hebron OH 43025. Six-data-center campus planned. Part of Microsoft's $1B Licking County commitment; individual site investment not separately disclosed. Coordinates are approximate Hebron village area. The $1B figure is Microsoft's three-campus Licking County commitment (not disaggregated); an 'up to $3B' Hebron figure appears only in a secondary blog and is not a committed capital-expenditure figure."
new-day-ports-technology-campus-piketon-oh,PORTS Technology Campus,"New Day Data Centers LLC (w/ DOE, SoftBank/SB Energy)",Under construction,Under construction,Data center,data_center,,confirmed,10000.0,,10000.0,"10,000 MW planned",10000.0,"Piketon, Pike, OH",Piketon,Pike,OH,39.06,-83.02,approximate,,,,,,,,,,,,,Oklo Aurora Powerhouse,OH,3.2,1200.0,39.018,-82.996,Oklo Aurora Powerhouse,OH,3.2,1200.0,nuclear_smr,39.018,-82.996,Ohio River - Cincinnati,river,80.1,39.103,-84.512,"$67.2B PORTS Technology Campus gains FAST-41 status, advancing Ohio AI megaproject",https://constructionreviewonline.com/67-2b-ports-technology-campus-gains-fast-41-status-advancing-ohio-ai-megaproject/,2,"10GW campus on 3,700-acre former Portsmouth Gaseous Diffusion Plant site; 9.2GW on-site natural gas. $10B confirmed initial phase (broader totals softer — Bloomberg puts the data-center portion at $30-40B; a $67.2B FAST-41 total is cited). Groundbreaking March 2026. Distinct from the tracked Oklo Aurora-Piketon reactor project on the same broader site."
google-project-dazzler-franklin-furnace-oh,Project Dazzler,Google,Permitted,Permitted,Data center,data_center,,confirmed,,,,,8,"Franklin Furnace, Scioto, OH",Franklin Furnace,Scioto,OH,38.68,-82.72,approximate,,,,,,,,,1000000000.0,,,,Oklo Aurora Powerhouse,OH,27.7,1200.0,39.018,-82.996,Greenup Hydro,OH,7.9,70.2,WAT,38.6472,-82.8594,Ohio River - Cincinnati,river,100.7,39.103,-84.512,"Google confirmed as company behind 500,000 sq ft data center in Scioto County, Ohio",https://www.datacenterdynamics.com/en/news/google-confirmed-as-company-behind-500000-sq-ft-data-center-in-scioto-county-ohio/,2,"792-acre site in Green Township, east of the Ohio River. 500,000 sq ft phase 1, up to 1.7M sq ft total. Ohio EPA wetlands permit ('Project Dazzler') administratively complete March 2026; 75%/15-year tax abatement. Distinct from other tracked Google Ohio sites (Lancaster, Project BOSC-Lima, New Albany)."
meta-project-klondike-piqua-oh,Project Klondike,Meta (via shell J5 LLC),Permitted,Permitted,Data center,data_center,,confirmed,,,,,8,"Piqua, Miami, OH",Piqua,Miami,OH,40.103974,-84.259053,approximate,,,,,,,,,1000000000.0,,,,Oklo Aurora Powerhouse,OH,100.8,1200.0,39.018,-82.996,DG AMP Solar Piqua Manier,OH,1.8,12.6,SUN,40.13043,-84.25545,Ohio River - Cincinnati,river,70.5,39.103,-84.512,Meta data centers investigation,https://hntrbrk.com/meta-data-centers/,2,"Two 350,000 sq ft buildings on 607 acres, approved November 2025 under NDA via emergency resolution. Meta's identity confirmed by a Hunterbrook investigation (Nevada filing traced to Meta HQ address and an ex-Meta counsel as manager). Drew a petition with over 2,500 signatures in opposition."
prologis-mila-trenton-oh,Prologis Project Mila,Prologis,Permitted,Permitted,likely,data_center,likely,confirmed,,,,,8,"Trenton, Butler, OH",Trenton,Butler,OH,39.48,-84.4638,exact,,grid,,,,,,,,,,,Oklo Aurora Powerhouse,OH,84.8,1200.0,39.018,-82.996,Trenton Solar - (OH),OH,1.7,9.5,SUN,39.455321,-84.46788,Ohio River - Cincinnati,river,26.2,39.103,-84.512,"Prologis details plans for data center campus outside Cincinnati, Ohio",https://www.datacenterdynamics.com/en/news/prologis-details-plans-for-data-center-campus-outside-cincinnati-ohio/,1,"Project Mila in Trenton, Butler County (outside Cincinnati): four 220,000 sq ft single-story buildings (880k sq ft total) plus an on-site substation. Planning approved March 2026; construction from fall 2026. Estimated ~100-200 MW (not officially disclosed — omitted from capacity). Distinct from Prologis's Newnan, GA campus. Coordinates are the Trenton area centroid."
qts-new-albany-1-franklin-county-oh,QTS New Albany 1,QTS Data Centers (Blackstone),Under construction,Under construction,Data center,data_center,,confirmed,144.0,,144.0,144 MW planned,56.0,"New Albany, Licking, OH",New Albany,Licking,OH,40.06378,-82.75793,exact,,,,,,,,,,56.0,,,Oklo Aurora Powerhouse,OH,73.4,1200.0,39.018,-82.996,Flint,OH,2.6,200.0,MWH,40.09639,-82.73361,Lake Erie - Cleveland,lake,113.7,41.499,-81.694,"QTS plans four-building data center campus in New Albany, Ohio",https://www.datacenterdynamics.com/en/news/qts-plans-four-building-data-center-campus-in-new-albany-ohio/,4,"1225-1235 Beech Road SW, New Albany — in the Licking County section of the New Albany Business Park, the same submarket as CyrusOne's and Vantage's Licking County sites nearby. First of two adjacent QTS buildings (see also QTS New Albany 2); 885,600 sq ft. Combined QTS New Albany 1+2 investment ~$1.5B, enabled by a New Albany City Council Community Reinvestment Area tax agreement. 144MW is planned capacity; no operational MW disclosed. No AI/HPC-specific marketing found — QTS materials describe generic hyperscale/enterprise colo (""QTS Freedom Design"")."
qts-new-albany-2-franklin-county-oh,QTS New Albany 2,QTS Data Centers (Blackstone),Under construction,Under construction,Data center,data_center,,confirmed,78.0,,78.0,78 MW planned,37.0,"New Albany, Licking, OH",New Albany,Licking,OH,40.05491,-82.75685,exact,,,,,,,,,,37.0,,,Oklo Aurora Powerhouse,OH,72.8,1200.0,39.018,-82.996,Flint,OH,3.1,200.0,MWH,40.09639,-82.73361,Lake Erie - Cleveland,lake,114.2,41.499,-81.694,"QTS plans four-building data center campus in New Albany, Ohio",https://www.datacenterdynamics.com/en/news/qts-plans-four-building-data-center-campus-in-new-albany-ohio/,3,"Beech Road SW, New Albany — second of two adjacent QTS buildings on the adjacent Licking County campus to QTS New Albany 1 (combined 93 acres, ~1.5M sq ft, ~$1.5B investment, 222MW planned total). 612,600 sq ft. 78MW is planned capacity; no operational MW disclosed. No AI/HPC-specific marketing found."
qts-new-albany-3-franklin-county-oh,QTS New Albany III,QTS Data Centers (Blackstone),Under construction,Under construction,Data center,data_center,,reported,,,,,78.0,"New Albany, Franklin County, OH",New Albany,Franklin County,OH,40.06965,-82.77165,exact,,,,,,,,,,78.0,,,Oklo Aurora Powerhouse,OH,73.6,1200.0,39.018,-82.996,Flint,OH,2.7,200.0,MWH,40.09639,-82.73361,Lake Erie - Cleveland,lake,113.7,41.499,-81.694,"Franklin County parcel/GIS record (parcel 222-005361 — QTS NEW ALBANY III LLC, use-class ""data center"", 78.01 ac)",https://gis.franklincountyohio.gov/hosting/rest/services/ParcelFeatures/Parcel_Features/FeatureServer/0/query?where=UPPER(OWNERNME1)+LIKE+'%25QTS%25'&outFields=*&returnCentroid=true&outSR=4326&f=json,3,"Third QTS campus in the New Albany International Business Park, on Babbitt Rd (Franklin County) — 3 buildings, ~1.1M sq ft on 78 acres, announced December 2023 alongside the Miller Rd (IV) site as part of QTS's ~$4.4B New Albany expansion (aggregate across III + IV; no reliable per-site investment split disclosed, so investmentUsd omitted). Franklin County auditor use-class is ""data center"" (an assessed data-center structure exists); construction status is not independently confirmed operational by press, so recorded conservatively as under_construction. Distinct from QTS New Albany I & II (Beech Rd SW). No site-specific IT-load MW disclosed."
qts-new-albany-4-licking-county-oh,QTS New Albany IV,QTS Data Centers (Blackstone),Permitted,Permitted,Data center,data_center,,reported,,,,,161.0,"New Albany, Licking County, OH",New Albany,Licking County,OH,40.11064,-82.74301,exact,,,,,,,,,,161.0,,,Oklo Aurora Powerhouse,OH,76.7,1200.0,39.018,-82.996,Flint,OH,1.1,200.0,MWH,40.09639,-82.73361,Lake Erie - Cleveland,lake,110.5,41.499,-81.694,"Licking County parcel/GIS record (parcel 095-111570-01.000 — QTS NEW ALBANY IV LLC, 13335 Miller Rd, 161.26 ac)",https://gis.lickingcounty.gov/server/rest/services/Auditor/Parcels/FeatureServer/0/query?where=UPPER(OwnerName)+LIKE+'%25QTS+NEW+ALBANY+IV%25'&outFields=*&returnCentroid=true&outSR=4326&f=json,2,"Fourth QTS campus in the New Albany International Business Park, on Miller Rd (Licking County) — 5 buildings, ~2.1M sq ft on 161 acres, announced December 2023 alongside the Babbitt Rd (III) site as part of QTS's ~$4.4B New Albany expansion (aggregate across III + IV; no reliable per-site investment split disclosed). Auditor use-class ""Industrial Vacant Land"" (no structure assessed yet) is consistent with a permitted/pre-construction stage. Distinct from QTS New Albany I & II (Beech Rd SW). No site-specific IT-load MW disclosed."
stargate-lordstown-oh,Stargate Lordstown Campus,OpenAI / SoftBank / Oracle,Under construction,Under construction,confirmed,data_center,confirmed,reported,1500.0,,1500.0,"1,500 MW planned",1500.0,"Lordstown, Trumbull, OH",Lordstown,Trumbull,OH,41.1745,-80.8534,exact,on-site natural gas generators,grid,FirstEnergy (Ohio Edison),,closed_loop,,"SoftBank spokesperson: ""The Lordstown site will also use a closed-loop cooling system that is designed to reduce water consumption."" Oracle co-CEO Clay Magouyrk (via AP): ""These data centers are designed to not use water."" No site-specific MGD figure published.",supported,,,,,Beaver Valley,PA,44.0,1846.8,40.6219,-80.4336,Middletown- Ohio,OH,1.8,962.0,NG,41.14889,-80.85162,Lake Erie - Cleveland,lake,49.0,41.499,-81.694,"OpenAI, Oracle, and SoftBank expand Stargate with five new AI data center sites — OpenAI",https://openai.com/index/five-new-stargate-sites/,7,"Planned 1,500 MW is a long-term campus ceiling, not a near-term operational figure: a SoftBank spokesperson said the initial SoftBank/OpenAI data center uses ""a small part"" of the 6.2M-sq-ft site, which also hosts a Foxconn/SoftBank hub manufacturing modular data-center equipment. Crescent Dune LLC (a SoftBank affiliate) acquired the site from Foxconn for $375M (Sept 2025, Trumbull County Auditor). SoftBank's ""up to $3 billion"" is a ceiling covering both manufacturing and the data center — no data-center-only investment figure is confirmed."
vantage-oh1-new-albany-licking-county-oh,Vantage Data Centers OH1,Vantage Data Centers,Under construction,Under construction,likely,data_center,likely,confirmed,192.0,,192.0,192 MW planned,70.0,"Johnstown, Licking, OH",Johnstown,Licking,OH,40.100989,-82.746359,exact,,,,,,,,,2000000000.0,70.0,,,Oklo Aurora Powerhouse,OH,76.0,1200.0,39.018,-82.996,Flint,OH,0.7,200.0,MWH,40.09639,-82.73361,Lake Erie - Cleveland,lake,111.2,41.499,-81.694,"Vantage Data Centers Breaks Ground on 192MW Campus, Enters Growing Ohio Data Center Market",https://vantage-dc.com/news/vantage-data-centers-breaks-ground-on-192mw-campus-enters-growing-ohio-data-center-market-with-over-2-billion-investment-in-hyperscale-digital-infrastructure/,3,"3325 Horizon Court, Johnstown — Licking County section of the New Albany International Business Park. Vantage's first Midwest campus and seventh North American market. 3 buildings, 1.5M+ sq ft total, 192MW total planned IT capacity (not yet fully operational). LEED Silver target, part of Vantage's 2030 net-zero operational carbon commitment. Vantage's own press release states OH1 ""will provide secure and reliable infrastructure for cloud technologies and artificial intelligence"" — real operator-stated AI-adjacent marketing (paired with ""cloud,"" not an exclusive/GPU-specific claim), so tagged aiClassification: likely rather than confirmed."
bitdeer-whitetail-creek-trumbull-county-oh,Whitetail Creek Data Center,Bitdeer (via subsidiary Whitetail Creek LLC),Proposed,Proposed,likely,data_center,likely,reported,,,,,8,"Niles / Weathersfield Township, Trumbull, OH",Niles / Weathersfield Township,Trumbull,OH,41.19,-80.77,exact,,,,,,,,contested,,,,,Beaver Valley,PA,43.0,1846.8,40.6219,-80.4336,Niles RTO BTM,OH,1.8,10.8,DFO,41.168019,-80.75292,Lake Erie - Cleveland,lake,52.5,41.499,-81.694,Niles announces decision on proposed data center annexation,https://www.wkbn.com/news/local-news/niles-news/niles-announces-decision-on-proposed-data-center-annexation/,1,"1047 Belmont Ave, former Ohio Edison power plant site, straddling Weathersfield Township and Niles. Bitdeer's own business is described as 'cryptocurrency and AI cloud infrastructure.' Distinct from Bitdeer's existing tracked Clarington, OH facility. Coordinates are approximate."
beltline-oklahoma-city-frisco-road-ok,Beltline Energy Oklahoma City Campus,Beltline Energy,Proposed,Proposed,Data center,data_center,,reported,,,,,295.5,"Oklahoma City, Oklahoma, OK",Oklahoma City,Oklahoma,OK,35.49,-97.795,approximate,,,,,,,,,,295.5,,,Project Matador Nuclear,TX,213.1,4468.0,35.283762,-101.569,Mustang,OK,6.9,464.5,NG; SUN,35.46988,-97.67498,Arkansas River - Tulsa,river,110.9,36.154,-95.993,Data center wins rezoning approval from OKC planning board,https://www.okenergytoday.com/2026/01/data-center-wins-rezoning-approval-from-okc-planning-board/,1,"Two adjoining parcels rezoned via PUD cases likely numbered PUD-2105 (111.5 acres at 3025 N. Frisco Road, near I-40/Frisco Rd) and PUD-2124 (184 acres at 13921 NW 23rd Street, near NW 23rd/Frisco Rd, ~0.5 mi west of Yukon) — the case-number-to-address pairing is probable (inferred by matching geographic descriptors across sources) but not confirmed by a single primary document naming both together. OKC Planning Commission voted 7-0 to recommend approval Jan 21 2026; City Council final vote status is unconfirmed as of this writing (okc.gov council agendas were inaccessible during research) — treat as still-pending, not approved. Explicitly carved out of OKC's citywide data-center moratorium (~April 2026) as an already-pending application, confirming it remains active. Press coverage separately cites a larger '350-acre' and '480-acre' project total that doesn't reconcile with the confirmed 295.5-acre rezoned total (111.5+184) — the gap is plausibly an adjacent ~184.5-acre parcel Yukon Municipal Authority sold to BLE Landholdings LLC for $15.8M in Aug 2025 (near Hwy 66/Frisco Rd), which may be the same tract as the NW 23rd St parcel, but this is not confirmed. A $1B investment / 0.5GW capacity figure is associated with the broader Yukon-area BLE deal in local reporting but was not found tied specifically to this OKC rezoning by a primary source — omitted from capacityMw/investmentUsd pending confirmation rather than asserted."
beltline-piedmont-kingfisher-county-ok,Beltline Energy Piedmont Site,Beltline Energy,Proposed,Proposed,Data center,data_center,,reported,,,,,321.0,"Piedmont, Kingfisher, OK",Piedmont,Kingfisher,OK,35.74394,-97.81183,approximate,,,,,,,,,,321.0,,,Wolf Creek Generating Station,KS,208.4,1296.3,38.23926,-95.68978,Kingfisher Wind LLC,OK,1.9,298.0,WND,35.770278,-97.79972,Arkansas River - Tulsa,river,105.6,36.154,-95.993,Data Center Transparency Portal,http://www.piedmont-ok.gov/323/Data-Center-Transparency-Portal,2,"321-acre rezoning filed via BLE Holdings LLC / BLE Landholdings LLC, SW/4 of Section 26, Township 15N, Range 6W, Kingfisher County — legal descriptions and Kingfisher County parcel numbers 0000-26-15N-06W-3-000-00, -3-001-00, -3-002-00, -3-003-00 (plus an adjacent 5th parcel, -4-000-00) per the city's own PUD filing. Bounded by E 870 Rd (N), N 2920 Rd (E), Azalea St NW (S), N 2910 Rd (W). City vote delayed for further review as of source date. This is a distinct, separate, competing site from Cloverleaf's 630-acre 'Project Open Sky' proposal also in Piedmont (different parcels, different developer, different acreage) — despite sharing a host city, do not conflate the two (both independently confirmed as separate projects via direct source verification). No primary-sourced capacity or investment figure was found for this specific site — omitted rather than guessed."
cerebras-oklahoma-city-ok,Cerebras Oklahoma City Data Center,Cerebras Systems,Operating,Operating,confirmed,data_center,confirmed,confirmed,10.0,10.0,,10 MW operating,10.0,"Oklahoma City, Oklahoma County, OK",Oklahoma City,Oklahoma County,OK,35.4676,-97.5164,exact,OG&E,grid,OG&E,,closed_loop,,Direct-to-chip liquid cooling via closed-loop system; Cerebras describes it as minimizing water consumption. Custom water-cooling solution designed for CS-3 wafer-scale servers. No mgd figure disclosed.,supported,,,,,Wolf Creek Generating Station,KS,216.5,1296.3,38.23926,-95.68978,Frontier,OK,7.6,131.4,NG,35.44221,-97.64769,Arkansas River - Tulsa,river,97.6,36.154,-95.993,Cerebras Unveils Six Data Centers to Meet Accelerating Demand for AI Inference at Scale,https://www.datacenterfrontier.com/hyperscale/article/55273769/cerebras-unveils-six-data-centers-to-meet-accelerating-demand-for-ai-inference-at-scale,5,"Colocation tenancy: Cerebras Systems is the AI infrastructure operator; Scale Datacenters is the facility host/colo provider (acquired the 82,000 sq ft building from Expand Energy, formerly Chesapeake Energy, originally built ~2013). Facility address: 512 NW 62nd St (corner of NW 61st/62nd St and N Lee Ave), Oklahoma City. Ribbon cutting September 22, 2025. Houses 300+ CS-3 Wafer Scale Engine systems delivering 44+ exaflops of AI compute. Facility features Tier III-quality infrastructure, tornado and seismic shielding, triple-redundant power stations. Cerebras matches all kWh consumption with renewable energy (REC-based, not on-site generation). OG&E reported as grid utility — consistent with OKC service territory but not explicitly named in Cerebras primary sources. Investment amount not disclosed. Jobs: Cerebras blog references 'hundreds of good-paying jobs' in engineering, IT, and operations plus local college workforce partnerships — no firm headcount confirmed. Coordinates are approximate (dispatch seed); actual facility is at 512 NW 62nd St."
cloverleaf-project-open-sky-piedmont-ok,Cloverleaf Project Open Sky,Cloverleaf Infrastructure,Proposed,Proposed,Data center,data_center,,reported,1500.0,,1500.0,"1,500 MW planned",630.0,"Piedmont, Canadian, OK",Piedmont,Canadian,OK,35.7,-97.8,approximate,,,,,,,,contested,,630.0,,,Wolf Creek Generating Station,KS,210.6,1296.3,38.23926,-95.68978,Kingfisher Wind LLC,OK,4.9,298.0,WND,35.770278,-97.79972,Arkansas River - Tulsa,river,105.9,36.154,-95.993,"Powered land company Cloverleaf proposing 633-acre data center in Canadian County, Oklahoma",https://www.datacenterdynamics.com/en/news/powered-land-company-cloverleaf-proposing-633-acre-data-center-in-canadian-county-oklahoma/,3,"630-acre proposed data campus near the Mathewson Substation, NW 248th Street, Piedmont (Canadian/Kingfisher county line) — part of a transmission corridor drawing multiple competing proposals; see beltline-piedmont-kingfisher-county-ok (this same batch), a separate, distinct 321-acre Beltline Energy site nearby — do not conflate despite both being in Piedmont. Closed-loop cooling planned. Cloverleaf recently withdrew from two Wisconsin data center projects after local opposition (context, not this project). Reported as 'over $1 billion taxable investment' (DCD) — read as a tax-abatement eligibility threshold rather than a confirmed capex figure, so not populated as investmentUsd."
core-scientific-muskogee-ok,Core Scientific Muskogee Campus,Core Scientific (CoreWeave is anchor customer),Under construction,Under construction,confirmed,data_center,confirmed,confirmed,70.0,70.0,1000.0,"70 MW operating / 1,000 MW planned",70.0,"Muskogee, Muskogee, OK",Muskogee,Muskogee,OK,35.72,-95.42,exact,,,,,,,,,4000000000.0,,,,Arkansas Nuclear One,AR,126.1,1845.0,35.311,-93.2351,Georgia-Pacific Muskogee,OK,7.1,114.0,NG,35.7322,-95.2939,Arkansas River - Tulsa,river,43.9,36.154,-95.993,"Core Scientific Plans Expansion to 1.5 Gigawatts of Gross Power at Muskogee, Oklahoma Campus",https://investors.corescientific.com/news-events/press-releases/detail/135/core-scientific-plans-expansion-to-1-5-gigawatts-of-gross-power-at-muskogee-oklahoma-campus,1,"1525 W Smith Ferry Rd, Port Muskogee Industrial Park. Distinct from the existing tracked Google Muskogee County campuses - same county, different developer/site. Coordinates are approximate."
google-muskogee-county-ok,Google Muskogee County Data Center Campuses,Google,Proposed,Proposed,confirmed,data_center,confirmed,reported,,,,,8,"Council Hill, Muskogee, OK",Council Hill,Muskogee,OK,35.57,-95.65,exact,Grid (OG&E),grid,OG&E,,unknown,,"Council Hill campus anticipates ~20,000 gal/day (~0.02 MGD, ~0.6% of Pryor's use) per Muskogee Rural Water District #3 vice-chair Howard Whatley — a forward estimate for a proposed facility (the low figure implies dry/air-based cooling, not confirmed). Summit campus water not disclosed.",supported,,,,,Arkansas Nuclear One,AR,137.1,1845.0,35.311,-93.2351,High Spring Solar Energy,OK,0.7,400.0,SUN,35.576674,-95.65816,Arkansas River - Tulsa,river,44.7,36.154,-95.993,Google to build two data centers in Muskogee County,https://www.newson6.com/technology/google-data-centers-muskogee-county-oklahoma,5,"Two separate campuses near Summit and Council Hill in Muskogee County. Combined into one record; site-by-site capacity and investment breakdown not publicly available. Coordinates corrected to approximate Council Hill location (35.57°N, 95.65°W); original coordinates (35.65, −95.37) fell near Muskogee city / Summit area rather than Council Hill. Summit campus is located near Muskogee city (~17 miles east). Exact parcels not disclosed. Part of Google's $9B Oklahoma investment announced August 2025."
google-pryor-ok,Google Pryor Data Center Campus (Mayes County Expansion),Google,Operating,Operating,mixed_use,data_center,mixed_use,confirmed,,,,,8,"Pryor, Mayes, OK",Pryor,Mayes,OK,36.32,-95.31,exact,Grid (Southwest Power Pool) with renewable PPAs,grid,,,evaporative,3.0,"Utility records (open-records request) show the Pryor center used more than 1.1 billion gallons Jul 2024–Jun 2025 (≈3.0 MGD, a floor) from the Neosho River via the state-owned MidAmerica Industrial Park; ~253M gallons were discharged back to the river, the remainder lost to evaporative cooling. Google was the park's second-largest water user that year.",mixed,4400000000.0,,,,Wolf Creek Generating Station,KS,134.2,1296.3,38.23926,-95.68978,Saltbranch 2,OK,4.6,73.0,SUN,36.331569,-95.22931,Arkansas River - Tulsa,river,39.8,36.154,-95.993,Google planning another expansion for Pryor data center,https://www.okcommerce.gov/google-planning-another-expansion-for-pryor-data-center/,5,Campus operational since 2011; Google's second-largest data center globally per Alphabet CIO Ruth Porat. Four expansions now underway. $5.7B+ invested historically in Oklahoma prior to August 2025 $9B commitment. Expansion capacity and MW not publicly specified. Coordinates are Pryor city center.
google-stillwater-ok,Google Stillwater Data Center Campus,Google,Permitted,Permitted,confirmed,data_center,confirmed,confirmed,,,,,400.0,"Stillwater, Payne, OK",Stillwater,Payne,OK,36.14,-97.06,exact,Grid (OG&E) with clean energy PPAs,grid,OG&E,,,2.7,"Planned (permitted; not yet operational): the first two buildings would use ~2.7 million gallons/day, rising toward ~8.1 MGD if all six are built (~20% of the city's daily supply), drawn from Kaw Lake (Stillwater holds 50 MGD in rights and uses ~7 MGD on average). Cooling mechanism not specified in public sources.",contested,3000000000.0,400.0,,,Wolf Creek Generating Station,KS,163.5,1296.3,38.23926,-95.68978,Stillwater Energy Center,OK,2.0,56.4,NG,36.161944,-97.03694,Arkansas River - Tulsa,river,59.5,36.154,-95.993,Construction gets go-ahead for Google Stillwater data center,https://www.okenergytoday.com/2025/11/construction-gets-go-ahead-for-stillwater-data-center/,5,"Campus at intersection of Perkins Road and Richmond Road, north of Stillwater. Coordinates are approximate (city centroid shifted north). Up to 6 data center buildings, each 300,000 sq ft. Phase I targeted for 2027. City Council acceptance of final plat required before recording with Payne County Clerk. Job figures are projections (~30 permanent per phase; construction cited as 'thousands') - not recorded as confirmed counts. Oklahoma's Sec. 1357 data-center sales-tax exemption applies by statute but no Stillwater-specific award amount is published."
iren-woods-county-ok,IREN Woods County Campus,IREN (Iris Energy),Proposed,Proposed,likely,data_center,likely,reported,1600.0,,1600.0,"1,600 MW planned",1600.0,"Alva, Woods, OK",Alva,Woods,OK,36.8031,-98.667,exact,Southwest Power Pool (SPP) grid,grid,,,,,,,,,,,Wolf Creek Generating Station,KS,190.9,1296.3,38.23926,-95.68978,Waynoka Gas Processing Plant,OK,11.8,3.9,NG,36.651,-98.7656,Arkansas River - Tulsa,river,155.2,36.154,-95.993,IREN Woods County Oklahoma,https://baxtel.com/data-center/iren-woods-county-oklahoma,1,"~2,000-acre land bank near Alva, Woods County, with a secured 1.6 GW power allocation on the Southwest Power Pool grid; initial power ramp scheduled for 2028. IREN's land-bank expansion beyond its operational Texas campuses (Childress, Sweetwater). Single-tracker source → confidence reported. Coordinates are the Alva area centroid."
meta-anthem-tulsa-ok,Meta Project Anthem — Tulsa,Meta,Under construction,Under construction,confirmed,data_center,confirmed,confirmed,,,,,340.0,"Tulsa, Tulsa County, OK",Tulsa,Tulsa County,OK,36.14,-95.88,exact,Public Service Company of Oklahoma (PSO),mixed,Public Service Company of Oklahoma (PSO),,closed_loop,,"Water-efficient closed-loop liquid-cooled system. Meta states zero water use for the majority of the year and a water-positive goal by 2030. Water restoration partnership with Phytech across ~1,500 acres targeting 50+ million gallons of annual water savings. Additional partnership with Tulsa Community Foundation on water stewardship. No reportedMgd figure confirmed.",contested,,340.0,,,Wolf Creek Generating Station,KS,145.4,1296.3,38.23926,-95.68978,Tulsa,OK,6.4,348.2,DFO; NG,36.116492,-95.99097,Arkansas River - Tulsa,river,6.4,36.154,-95.993,"Breaking Ground on a New AI-Optimized Data Center in Tulsa, Oklahoma",https://about.fb.com/news/2026/04/breaking-ground-new-ai-optimized-data-center-tulsa-oklahoma/,6,"Codename: Project Anthem (used in TMAPC filings; Meta confirmed publicly April 21, 2026). Meta's 28th US data center and 32nd globally; first in Oklahoma and first built within Tulsa city limits. Anchor tenant at Fair Oaks Innovation Park (a 2,000-acre campus) near 11th Street and Creek Turnpike, East Tulsa. Investment stated as 'more than $1 billion' by Meta — a floor figure only; PartnerTulsa estimates construction costs at ~$800M. investmentUsd omitted: no firm single confirmed figure. Facility size: 2+ million sq ft; completion targeted 2028; general contractor Fortis Construction. No facility-specific MW capacity disclosed; Meta separately adding 1,500+ MW of clean energy to the Oklahoma grid statewide. Jobs: Meta states 'more than 1,000 construction workers at peak' and 'approximately 100 permanent jobs' — approximations from press release, not firm figures; omitted from numeric fields. Phase 2 expansion (375 additional acres west of original parcel, developer Atmoss LLC) proposed but withdrawn March 2026 before city council vote. Coordinates approximate (near 11th St & Creek Turnpike, East Tulsa)."
beale-project-clydesdale-tulsa-county-ok,Project Clydesdale,Beale Infrastructure (end-user unnamed),Under construction,Under construction,likely,data_center,likely,confirmed,,,,,506.0,"Owasso, Tulsa, OK",Owasso,Tulsa,OK,36.28,-95.83,exact,,,,,,,,,1000000000.0,506.0,,,Wolf Creek Generating Station,KS,135.6,1296.3,38.23926,-95.68978,Northeastern,OK,12.7,1477.5,DFO; NG; SUB,36.4317,-95.7008,Arkansas River - Tulsa,river,12.6,36.154,-95.993,Project Clydesdale: $1 billion data center in Tulsa breaks ground,https://constructionreviewonline.com/project-clydesdale-1-billion-data-center-in-tulsa-breaks-ground/,1,"Unincorporated Tulsa County near Owasso (Whirlpool Dr & E 76th St N, adjacent to Cherokee Industrial Park). Formerly known as 'Project Clydesbank.' 4 phases; electric service via PSO. End-tenant ('major data center operator' per a Quartz Mountain Properties LLC affiliate) unnamed. Coordinates are approximate."
beale-project-mustang-claremore-ok,Project Mustang,Beale Infrastructure,Proposed,Proposed,Data center,data_center,,reported,,,,,8,"Claremore, Rogers, OK",Claremore,Rogers,OK,36.31,-95.62,approximate,,,,,,,,,,,,,Wolf Creek Generating Station,KS,133.4,1296.3,38.23926,-95.68978,Northeastern,OK,9.5,1477.5,DFO; NG; SUB,36.4317,-95.7008,Arkansas River - Tulsa,river,23.4,36.154,-95.993,Beale Project Mustang,https://baxtel.com/data-center/beale-project-mustang,2,"Within Claremore Industrial Park. Distinct from Beale Infrastructure's tracked Owasso, OK site (Project Clydesdale, a different location)."
google-spring-sand-springs-ok,Project Spring (Sand Springs),Google,Proposed,Proposed,likely,data_center,likely,reported,,,,,827.0,"Sand Springs, Osage, OK",Sand Springs,Osage,OK,36.256,-96.11,exact,Public Service Company of Oklahoma (PSO),grid,,,air,,Developer states initial phases use non-evaporative air cooling; water for domestic use only; future phases may evolve (projectspringok.com).,contested,,827.0,,,Wolf Creek Generating Station,KS,139.0,1296.3,38.23926,-95.68978,Tulsa LFG LLC,OK,7.8,3.2,LFG,36.161953,-96.18651,Arkansas River - Tulsa,river,9.6,36.154,-95.993,Google connected to Sand Springs data center project,https://tulsaflyer.org/2026/01/15/government/post/google-connected-sand-springs-data-center-project/,7,"Google is identified as the interested purchaser/end-user by Tulsa Flyer, Fox23, DCD and Public Radio Tulsa, but there is no standalone Google announcement for this site (developer White Rose Partners is titleholder) - hence confidence 'reported'. County: physical property is in Osage County (per the official project site and Osage News); the annexing City of Sand Springs is primarily Tulsa County, and the annexation lawsuit moved from Osage to Tulsa County court. Capacity: trackers allege 500+ MW but no primary source confirms it - omitted. Google's $9B Oklahoma commitment (Aug 2025) is a statewide figure, not project-specific. Up to 3 data-center buildings + one office building; construction targeted 2027, completion 2029 (developer). Jobs (~1,000 peak construction, ~50+ FTE/building) are developer projections. A ~$100M/25yr PILOT was cited by the city manager but no executed agreement is confirmed. Coordinates estimated from the site description (near HWY 97 / Rock School Rd), not geocoder-verified."
aws-boardman-morrow-county-or,Amazon Boardman Exascale Data Center Campus,Amazon Web Services,Proposed,Proposed,likely,data_center,likely,reported,1000.0,,1000.0,"1,000 MW planned",1300.0,"Boardman, Morrow, OR",Boardman,Morrow,OR,45.84,-119.702,exact,Oregon grid (majority hydro); local retail utility PacifiCorp (Pacific Power),hydro,PacifiCorp (Pacific Power),,hybrid,,"Reflects Amazon's documented Oregon cooling practice — primarily free-air cooling with evaporative assist, with up to ~96% of cooling water returned to local farmers. Planning documents model roughly 35 million gallons/year for the full 1 GW campus (a projection). The specific cooling design for this proposed campus is not confirmed.",,,1300.0,,,Cascade Advanced Energy Facility,WA,47.0,320.0,46.4706,-119.3339,Coyote Springs II,OR,1.5,287.0,NG,45.848039,-119.674,Columbia River - Richland,river,36.5,46.276,-119.273,"Amazon Purchases 1,300 Acres in Morrow County, Oregon",https://www.datacenterdynamics.com/en/news/amazon-purchases-1300-acres-in-morrow-county-oregon/,4,"Amazon confirmed the land purchase ($37M per Morrow County property records, confirmed by multiple news sources) but stated development plans are not final. Planning documents submitted to Morrow County describe a 1 GW exascale campus with 20 buildings across 4 million sq ft; Johnson Economics estimated $8B-$12B total investment. Land previously owned by Threemile Canyon Farms dairy. Distinct from Amazon's existing ~800 acres of operating/under-construction OR facilities. Lincoln Chronicle source URL returned 403 on fetch — primary claim supported by DCD source. energy.utility corrected from 'Bonneville Power Administration' (wholesale) to 'PacifiCorp (Pacific Power)' (retail utility). Coordinates are Boardman city centroid; exact site not publicly confirmed. Johnson Economics' economic-impact analysis (Morrow County Planning Commission, Jan 2025) models the full 1 GW campus at roughly $8 billion investment (potential range $7-12 billion), about 6,400 construction FTE over an eight-year build (~800/year) and about 560 operations FTE, assuming an Oregon Strategic Investment Program (SIP) property-tax abatement — modeled projections for a still-proposed campus, not firm commitments."
crane-pdx01-forest-grove-or,Crane PDX01,Crane Data Centers,Under construction,Under construction,likely,data_center,likely,confirmed,76.0,,76.0,76 MW planned,76.0,"Forest Grove, Washington, OR",Forest Grove,Washington,OR,45.5207,-123.1087,exact,,grid,Forest Grove Light & Power,,air,,"Phase 1 confirmed air-based cooling (City Community Development Director; Crane CEO): the company 'has not applied to use water cooling for its first building ... will rely on air-based cooling, limiting water consumption to typical plumbing needs.' A 2023 release mentioned recycled water for cooling (likely a later phase).",contested,,,,,Cascade Advanced Energy Facility,WA,192.7,320.0,46.4706,-119.3339,O'Neill Creek Solar,OR,3.5,2.2,SUN,45.472,-123.129,Columbia River - Portland,river,20.9,45.56,-122.68,"Planning commission greenlights Crane DC's Forest Grove data center in northwest Oregon, again",https://www.datacenterdynamics.com/en/news/planning-commission-greenlights-crane-dcs-forest-grove-data-center-in-northwest-oregon-again/,3,"PDX01 data center campus in Forest Grove, Washington County; 76 MW by 2026. Coordinates are the Forest Grove area centroid. Development cost not disclosed (partner: Principal Asset Management) -> investmentUsd omitted. No job counts disclosed -> jobs honest-zero. Crane markets property-tax / enterprise-zone incentives, but no signed agreement is on record (statewide Oregon EZ moratorium eff. June 2026) -> subsidy honest-zero."
google-the-dalles-or,Google The Dalles Data Center Campus,Google,Operating,Operating,mixed_use,data_center,mixed_use,confirmed,300.0,300.0,,300 MW operating,300.0,"The Dalles, Wasco, OR",The Dalles,Wasco,OR,45.5975,-121.1776,exact,grid (PacifiCorp) + Columbia River hydropower,hydro,Northern Wasco County PUD,,evaporative,,"City records released after a 2021–22 public-records lawsuit — which the city, funded by Google (>$100K), later dropped — show Google consumed 355.1M gallons in 2021 (~29% of The Dalles' total water use), up from 104.3M gallons in 2012. Google committed $28.5M to upgrade city water infrastructure.",contested,1800000000.0,,,,Cascade Advanced Energy Facility,WA,107.0,320.0,46.4706,-119.3339,Dalles Dam North Fishway Project,OR,2.3,6.5,WAT,45.614375,-121.1369,Columbia River - Portland,river,72.7,45.56,-122.68,"The Dalles, Oregon — Google data centers (Wikipedia)","https://en.wikipedia.org/wiki/The_Dalles,_Oregon#Google_data_centers",7,
meta-prineville-or,Meta Prineville Data Center Campus,Meta,Operating,Operating,mixed_use,data_center,mixed_use,confirmed,400.0,400.0,,400 MW operating,240.0,"Prineville, Crook, OR",Prineville,Crook,OR,44.3042,-120.8515,exact,grid (PacifiCorp) + wind PPA,grid,Pacific Power (PacifiCorp),,hybrid,,"Outdoor-air economizer cooling with evaporative assist on peak days. Annual withdrawal was ~68.4M gallons (2022), down from a ~117.5M-gallon peak (2020); use concentrates on roughly 10 hot summer days (about 10% of city consumption on those days). Meta co-funded a second aquifer storage-and-recovery injection well.",mixed,,240.0,1000.0,350.0,Cascade Advanced Energy Facility,WA,166.8,320.0,46.4706,-119.3339,Powell Solar,OR,3.7,55.9,SUN,44.258414,-120.8895,Columbia River - Portland,river,124.6,45.56,-122.68,Meta Platforms data centers — Wikipedia,https://en.wikipedia.org/wiki/Meta_Platforms#Data_centers,6,
sabey-umatilla-or,SDC Umatilla Campus,Sabey Data Centers,Under construction,Under construction,likely,data_center,likely,reported,100.0,,100.0,100 MW planned,60.0,"Umatilla, Umatilla, OR",Umatilla,Umatilla,OR,45.919,-119.339,exact,Oregon grid (40% renewable); net-zero by 2029,mixed,,,hybrid,,"Sabey states it is ""relying less on water-based cooling"" for this development; a JetCool Technologies microjet liquid-cooling pilot is underway. No MGD disclosed.",supported,,60.0,,,Cascade Advanced Energy Facility,WA,38.1,320.0,46.4706,-119.3339,NorWest Energy 9 LLC,OR,0.2,6.0,SUN,45.917,-119.343,Columbia River - Richland,river,24.9,46.276,-119.273,"Sabey Data Centers Purchases 60 Acres in Umatilla, Oregon for 100MW+ Facility",https://www.datacenterdynamics.com/en/news/sabey-data-centers-purchases-60-acres-in-umatilla-oregon-for-100mw-facility/,5,"Two-building, 714,540 sq ft multi-tenant campus. Groundbreaking originally Q1 2025, revised to 2024 per DCD; construction start as of July 2026 not independently confirmed. Investment figures conflicting across sources ($520M in one report, ~$950M in another); investmentUsd omitted. Coordinates are Umatilla city centroid."
stack-hillsboro-or,STACK Hillsboro Campus,STACK Infrastructure,Proposed,Proposed,likely,data_center,likely,reported,75.0,,75.0,75 MW planned,75.0,"Hillsboro, Washington, OR",Hillsboro,Washington,OR,45.5229,-122.9898,exact,,grid,,,,,,,,,,,Cascade Advanced Energy Facility,WA,187.3,320.0,46.4706,-119.3339,Constable BESS,OR,3.3,75.0,MWH,45.559046,-122.9437,Columbia River - Portland,river,15.2,45.56,-122.68,Oregon data centers,https://cleanview.co/data-centers/oregon,1,"~75 MW STACK campus in Hillsboro, Washington County, targeted 2029. Single-tracker source → confidence reported. Distinct from STACK's Loudoun, VA campus. Coordinates are the Hillsboro area centroid."
aws-cumulus-salem-township-pa,"AWS Cumulus Data Center Campus, Salem Township",Amazon Web Services,Under construction,Under construction,confirmed,data_center,confirmed,confirmed,48.0,48.0,960.0,48 MW operating / 960 MW planned,1200.0,"Salem Township, Luzerne, PA",Salem Township,Luzerne,PA,41.0949,-76.1452,exact,"Nuclear (Susquehanna Steam Electric Station, Talen Energy PPA)",nuclear,Talen Energy,,evaporative,0.06,"0.060 MGD (30-day average) per Amazon's SRBC consumptive-use application, covering evaporative cooling for Buildings 2 and 3 of the initial phase (Building 1 has no consumptive use); water is drawn from an on-site production well, not the Susquehanna River directly. Full 960 MW build-out demand is not stated in the application.",mixed,650000000.0,1200.0,,,TalenEnergy Susquehanna,PA,0.2,2532.0,41.0919,-76.1462,TalenEnergy Susquehanna,PA,0.2,2532.0,NUC,41.0919,-76.1462,Susquehanna River - Harrisburg,river,68.8,40.273,-76.887,AWS Acquires Talen's Nuclear Data Center Campus in Pennsylvania,https://www.datacenterdynamics.com/en/news/aws-acquires-talens-nuclear-data-center-campus-in-pennsylvania/,5,"Adjacent to the 2.5GW Susquehanna Steam Electric Station. FERC blocked a proposed colocation agreement in April 2025, leading to the PPA structure instead. TeraWulf operates a separate Nautilus cryptomining facility (Nautilus) on the same property not included in this record."
aws-falls-township-pa,"Amazon Web Services Innovation Campus, Falls Township",Amazon Web Services,Under construction,Under construction,confirmed,data_center,confirmed,confirmed,,,,,8,"Falls Township, Bucks, PA",Falls Township,Bucks,PA,40.1545,-74.7882,exact,Grid (PJM interconnection); supplemental solar planned,grid,,,,,,mixed,,,,1250.0,Limerick,PA,42.5,2277.0,40.224303,-75.58744,Tullytown,PA,0.5,1.6,LFG,40.151389,-74.78056,Delaware River - Philadelphia,river,23.1,39.952,-75.135,Amazon to Open Data Center at NorthPoint Development in Falls,https://www.fallstwp.com/resources/news/article/?id=10070,2,"One of two announced Amazon data center sites in Pennsylvania part of the $20B PA AI investment commitment. NorthPoint Development is converting the 1,800-acre former Fairless Works site. Capacity in MW not publicly stated; 2M+ sq ft across 10 structures confirmed."
switch-big-beaver-pa,Big Beaver Campus,Switch,Proposed,Proposed,Data center,data_center,,confirmed,,,,,8,"Big Beaver, Beaver, PA",Big Beaver,Beaver,PA,40.75,-80.33,approximate,,,,,,,,,,,,,Beaver Valley,PA,10.4,1846.8,40.6219,-80.4336,Beaver Valley Patterson Dam,PA,0.8,1.2,WAT,40.744105,-80.31784,Ohio River - Pittsburgh,river,27.2,40.441,-80.01,"Switch announces new data center campus in Beaver County, Pennsylvania",https://www.switch.com/switch-announces-new-data-center-campus-in-beaver-county-pennsylvania/,2,"382-acre campus, approximately 40 miles NW of Pittsburgh near the Ohio border."
air-products-cetronia-road-upper-macungie-pa,Cetronia Road Data Center (former Air Products site),Air Products,Proposed,Proposed,Data center,data_center,,reported,,,,,194.0,"Trexlertown, Lehigh, PA",Trexlertown,Lehigh,PA,40.5510536,-75.5965424,approximate,,,,,,,,contested,,194.0,,,Limerick,PA,22.6,2277.0,40.224303,-75.58744,Allentown - Ruppsville,PA,1.1,2.8,SUN,40.5672,-75.60038,Delaware River - Philadelphia,river,48.0,39.952,-75.135,2.6 million sq ft data center campus proposed in Pennsylvania,https://www.datacenterdynamics.com/en/news/26-million-sq-ft-data-center-campus-proposed-in-pennsylvania/,3,"194-acre, ~2.6 million sq ft campus of three buildings (435,600 sq ft to 1.23M sq ft) on the former Air Products headquarters site at 7201 Hamilton Blvd, Upper Macungie Township."
coreweave-lancaster-pa,CoreWeave Lancaster Data Center,CoreWeave,Proposed,Proposed,confirmed,data_center,confirmed,reported,300.0,,300.0,300 MW planned,144.0,"Lancaster, Lancaster, PA",Lancaster,Lancaster,PA,40.0379,-76.3055,exact,grid,grid,PPL Electric,,closed_loop,,"Air-cooled, closed-loop design; the developer states no municipal water will be used in cooling. The community benefits agreement caps water at 20,000 gal/day per campus — a claimed >80% reduction from the former printing plants on the sites.",contested,,144.0,,,Peach Bottom,PA,19.4,2876.4,39.758936,-76.26874,Dart Container Corp,PA,7.6,11.2,LFG,40.086463,-76.17603,Susquehanna River - Harrisburg,river,34.7,40.273,-76.887,CoreWeave Announces Multi-Billion Dollar Commitment to AI Infrastructure in Pennsylvania — CoreWeave,https://investors.coreweave.com/news/news-details/2025/CoreWeave-Announces-Multi-Billion-Dollar-Commitment-to-AI-Infrastructure-in-Pennsylvania/default.aspx,5,
homer-city-energy-campus-pa,Homer City Energy Campus,Homer City Redevelopment / Kiewit,Under construction,Under construction,confirmed,data_center,confirmed,reported,,,,,8,"Homer City, Indiana, PA",Homer City,Indiana,PA,40.5383,-79.1542,exact,on-site natural gas (GE Vernova turbines; 4.5 GW on-site generation; data center IT load not separately disclosed),on_site_gas,PJM (via FirstEnergy Pennsylvania Electric),,,,"A legacy 1,800-acre reservoir (Two Lick) remains available for cooling; NPDES permit PAD320011 (June 2026) covers Two Lick Creek outfalls. No cooling-water volume (MGD) is disclosed.",contested,,,,,Beaver Valley,PA,67.4,1846.8,40.6219,-80.4336,Homer City Generating Station,PA,2.8,4396.0,NG,40.512825,-79.19611,Ohio River - Pittsburgh,river,45.5,40.441,-80.01,"In Western Pennsylvania, a former coal town gets a gas-fired data center — The Allegheny Front",https://www.alleghenyfront.org/homer-city-pennsylvania-gas-plant-data-center-ai/,6,
muncy-data-center-lycoming-county-pa,Muncy Data Center,Danko Holdings II,Proposed,Proposed,Data center,data_center,,reported,,,,,8,"Muncy, Lycoming, PA",Muncy,Lycoming,PA,41.23,-76.804,approximate,,,,,,,,contested,,,,,Susquehanna Steam Electric Station,PA,35.4,,41.08889,-76.14889,Lime Bluff 1,PA,2.5,2.5,SUN,41.232116,-76.75509,Susquehanna River - Harrisburg,river,66.3,40.273,-76.887,Site plan offers details on Muncy data center proposal,https://www.sungazette.com/news/top-news/2026/06/site-plan-offers-details-on-data-center-proposal/,3,"Three-building data center complex (two 14-pod facilities and one eight-pod facility) with water storage/treatment infrastructure along John Brady Drive in Muncy Township, eastern Lycoming County. Site engineering by Livic Civil; applicant Danko Holdings II/Fishlips LLC."
powerhouse-pax-carlisle-pa,PAX — Pennsylvania Digital I,PowerHouse Data Centers / Pennsylvania Data Center Partners,Under construction,Under construction,confirmed,data_center,confirmed,confirmed,1350.0,,1350.0,"1,350 MW planned",1350.0,"Carlisle, Cumberland, PA",Carlisle,Cumberland,PA,40.2015,-77.1889,exact,,grid,PPL Electric Utilities,,evaporative,,"Evaporative cooling for peak thermal conditions. A $14.1M agreement with the Middlesex Township Municipal Authority grants access to up to 400,000 gal/day (0.4 MGD) - a contracted ceiling (~2,367 dwelling units), not measured operational use; regulated by PA DEP and the Susquehanna River Basin Commission.",contested,,,,,Crane Clean Energy Center (Three Mile Island Unit 1),PA,24.7,835.0,40.1542,-76.725,CASD Solar,PA,1.3,1.3,SUN,40.2142,-77.2061,Susquehanna River - Harrisburg,river,16.7,40.273,-76.887,Pennsylvania Data Center Partners and PowerHouse Data Centers launch JV to build 1.35 GW hyperscale campus in Carlisle,https://www.globenewswire.com/news-release/2025/07/15/3115977/0/en/pennsylvania-data-center-partners-and-powerhouse-data-centers-launch-joint-venture-to-build-next-gen-1-35-gw-hyperscale-data-center-campus-in-carlisle-pennsylvania.html,5,"'Pennsylvania Digital I' (PAX) in Carlisle, Cumberland County: a ~700-acre, three-campus development delivering 1.35 GW (expandable to 1.8 GW — in notes), each campus with six buildings and a 450 MW substation. The $15B is the project value across all three campuses (in notes). Near-term 300 MW by Q2 2027. Coordinates are the Carlisle area centroid. The $15B figure is the three-campus JV total, not broken out per campus -> investmentUsd omitted. Pennsylvania's data-center sales-tax exemption eligibility is likely but no confirmed award or LERTA designation was found."
pennhurst-data-center-east-vincent-chester-county-pa,Pennhurst Data Center Campus,Penn Hurst Holdings,Proposed,Proposed,Data center,data_center,,reported,,,,,125.0,"Spring City, Chester, PA",Spring City,Chester,PA,40.193717,-75.560162,approximate,,on_site_gas,,550.0,,,,litigation,,125.0,,,Limerick,PA,2.6,2277.0,40.224303,-75.58744,Limerick,PA,2.6,2277.0,NUC,40.224303,-75.58744,Delaware River - Philadelphia,river,28.0,39.952,-75.135,"Pennhurst Data Center Developers Add 600,000 Square Feet, Gas Plant in Last-Minute Revision",https://philadelphia.today/2026/03/pennhurst-data-center-plan/,3,"~1.9 million sq ft data center campus (five two-story buildings) on ~125 acres of the historic former Pennhurst State Hospital site in East Vincent Township, with a five-acre substation and an on-site 550 MW gas plant. Township denied conditional use; developer appealing in Chester County court."
stonebridge-powder-mills-lawrence-county-pa,Powder Mills Data Center Campus,Stonebridge Associates,Proposed,Proposed,Data center,data_center,,reported,,,,,569.0,"Lawrence, PA",,Lawrence,PA,40.9915328,-80.4272333,exact,,,,,,,,,15000000000.0,569.0,3000.0,,Beaver Valley,PA,25.5,1846.8,40.6219,-80.4336,Hickory Run Energy Station,PA,0.2,1033.7,NG,40.994444,-80.43,Ohio River - Pittsburgh,river,43.9,40.441,-80.01,"Data center campus proposed at former dynamite factory site in Lawrence County, Pennsylvania",https://www.datacenterdynamics.com/en/news/data-center-campus-proposed-at-former-dynamite-factory-site-in-lawrence-county-pennsylvania/,3,"569-acre parcel off Route 551 (3478 Howard Drive), split between North Beaver and Mahoning Townships; 16 data-center buildings plus an electrical substation; developer cites >$15B investment and 3,000-4,000 construction/permanent jobs. Site requires environmental remediation from prior explosives manufacturing."
project-gravity-archbald-lackawanna-county-pa,Project Gravity,Archbald 25 Developer LLC,Proposed,Proposed,likely,data_center,likely,reported,,,,,8,"Archbald, Lackawanna, PA",Archbald,Lackawanna,PA,41.5,-75.55,exact,,,,,,,,,5000000000.0,,,,TalenEnergy Susquehanna,PA,41.9,2532.0,41.0919,-76.1462,Archbald Power Station,PA,1.1,92.9,LFG; NG,41.485,-75.5406,Hudson River - New York,river,95.3,40.79,-73.98,No tenant yet: Archbald data center developer answers questions about project applications,https://www.wvia.org/news/local/2026-01-08/no-tenant-yet-archbald-data-center-developer-answers-questions-about-project-applications-at-dep-meeting,2,"186 acres, Business Route 6 / Eynon Jermyn Rd. Developer formerly known as Western Hospitality Partners - Jermyn LLC. Up to 6 two-story buildings, 135,000 sq ft each. No tenant signed as of January 2026; removed from PA's Permit Fast Track program May 2026; still awaiting final land development approval. One of three competing, previously-untracked proposals in an emerging Lackawanna County cluster (see also Wildcat Ridge and Triboro Industrial Park, both added this session). Coordinates are approximate."
project-hazelnut-hazle-township-pa,Project Hazelnut,NorthPoint Development (NP Hazleton Holdings 1 LLC),Proposed,Proposed,mixed_use,data_center,mixed_use,reported,,,,,1283.0,"Hazle Township, Luzerne, PA",Hazle Township,Luzerne,PA,40.985,-75.955,exact,,,,,,,,litigation,,1283.0,,,Susquehanna Steam Electric Station,PA,12.4,,41.08889,-76.14889,Hazle Spindle,PA,5.4,20.0,MWH,40.949536,-76.04739,Susquehanna River - Harrisburg,river,69.3,40.273,-76.887,"Northpoint proposes 15-building, 1,280-acre data center campus in Pennsylvania",https://www.datacenterdynamics.com/en/news/northpoint-proposes-15-building-1280-acre-data-center-campus-in-pennsylvania/,5,"Site: Humboldt North Industrial Park, Hazle Township, Luzerne County PA (within a larger ~3,000-acre industrial park); a few miles from Amazon's nuclear-adjacent data center campus (acquired from Talen Energy) - proximity only, AWS is NOT a confirmed tenant/operator for Project Hazelnut; NorthPoint's own project site names no end-tenant, describing this as a speculative build. Phased: Phase 1 (5 buildings) to begin Q4 2026, Phase 2 (3 buildings) Q1 2028, Phase 3 (7 buildings) Q2 2029. Developer projects ~900-1,300 construction jobs and ~900-950 permanent jobs ($50K-$158K salary range) - not yet delivered, so omitted from the jobs field; similarly $13.47M in projected county tax revenue over 20 years is a projection, not a subsidy. First surfaced publicly in connection with PA's Permit Fast Track Program (Executive Order 2024-04). NorthPoint's own site explicitly frames this as a general 'data center campus' supporting 'cloud platforms, digital payments, streaming, and healthcare systems' - no AI-specific language found; classified 'mixed_use' given hyperscale-tier campus scale makes AI workloads plausible even absent explicit branding."
sentinel-east-whiteland-chester-county-pa,Sentinel East Whiteland Data Center,Sentinel Data Centers,Permitted,Permitted,likely,data_center,likely,reported,300.0,,300.0,300 MW planned,100.0,"East Whiteland Township, Chester, PA",East Whiteland Township,Chester,PA,40.041,-75.545,exact,,,,,,,,litigation,,100.0,,,Limerick,PA,12.9,2277.0,40.224303,-75.58744,Pickering Solar,PA,6.3,1.5,SUN,40.120556,-75.48806,Delaware River - Philadelphia,river,22.6,39.952,-75.135,Sentinel Data Centers announces 300 MW Sentinel East Whiteland Data Center in PA,https://cleanview.co/news/data-centers/sentinel-data-centers-announces-300-mw-sentinel-east-whiteland-data-center-in-pa-20260417,2,"Site: 13 S. Bacton Hill Rd, former Foote Mineral Superfund site. Coordinates are approximate for the township."
aligned-shippingport-pa,Shippingport Industrial Park,Aligned Data Centers,Proposed,Proposed,Data center,data_center,,reported,,,,,8,"Shippingport, Beaver, PA",Shippingport,Beaver,PA,40.63,-80.44,approximate,,,,,,,,,10000000000.0,,,,Beaver Valley,PA,0.7,1846.8,40.6219,-80.4336,Beaver Valley,PA,0.7,1846.8,NUC,40.6219,-80.4336,Ohio River - Pittsburgh,river,26.1,40.441,-80.01,Shippingport Industrial Park data center campus,https://www.datacenterdynamics.com/en/news/shippingport-industrial-park/,1,Two natural-gas-powered buildings in a 660-acre industrial park; construction potentially starting later 2026.
triboro-industrial-park-jessup-olyphant-lackawanna-county-pa,Triboro Industrial Park / Triboro Commerce Park,Ercor Triboro LLC (Sansone Group),Permitted,Permitted,likely,data_center,likely,reported,,,,,548.0,"Jessup / Olyphant, Lackawanna, PA",Jessup / Olyphant,Lackawanna,PA,41.45,-75.58,exact,,,,,,,,,,548.0,,,TalenEnergy Susquehanna,PA,38.4,2532.0,41.0919,-76.1462,Blakely (PA) RTO BTM,PA,2.1,5.4,DFO,41.475957,-75.6006,Hudson River - New York,river,94.9,40.79,-73.98,PPL Electric Utilities confirms data centers spurred transmission project in Lackawanna County,https://www.wvia.org/news/local/2026-04-22/ppl-electric-utilities-confirms-data-centers-spurred-transmission-project-in-lackawanna-county,1,"Jessup/Olyphant border. Converted from a 4-warehouse plan to up to 9 proposed data centers; ~$80M land acquisition; first building targeted 2027. Rezoning/litigation resolved via an Olyphant Borough Council settlement. PPL confirmed a transmission project is being built to serve it but would not name the customer (NDA). One of three competing, previously-untracked proposals in the Lackawanna County cluster (see also Project Gravity and Wildcat Ridge, both added this session). Coordinates are approximate."
wildcat-ridge-archbald-lackawanna-county-pa,Wildcat Ridge AI Data Center Campus,Cornell Realty Management,Proposed,Proposed,confirmed,data_center,confirmed,reported,1600.0,,1600.0,"1,600 MW planned",1600.0,"Archbald, Lackawanna, PA",Archbald,Lackawanna,PA,41.51,-75.54,exact,,,,,,,,,2100000000.0,,,,TalenEnergy Susquehanna,PA,42.7,2532.0,41.0919,-76.1462,Archbald Power Station,PA,1.7,92.9,LFG; NG,41.485,-75.5406,Hudson River - New York,river,95.2,40.79,-73.98,Data centers are poised to engulf a Pennsylvania town,https://www.desmog.com/2026/03/11/data-centers-are-poised-to-engulf-a-pennsylvania-town/,2,"Business Route 6 / Wildcat Rd; 400-574 acres (a range across sources, so omitted from landAcres). 14 three-story buildings, ~17.2M sq ft total. In zoning approval process; developer 'resting its case' as of June 2026. One of three competing, previously-untracked proposals in the Lackawanna County cluster (see also Project Gravity and Triboro Industrial Park, both added this session). Coordinates are approximate."
hanton-city-smithfield-ri,Hanton City Business Park (data center anchor),Hanton City Investments LLC,Proposed,Proposed,mixed_use,data_center,mixed_use,reported,,,,,8,"Smithfield, Providence, RI",Smithfield,Providence,RI,41.867,-71.527,exact,,,,,,,,opposed,,,,,Millstone,CT,50.7,2259.9,41.3107,-72.1677,North Providence,RI,2.6,2.0,SUN,41.869826,-71.47649,Hudson River - New York,river,147.4,40.79,-73.98,"Proposed data center still looms over Smithfield, even after town council enacts ban",https://www.oceanstatemedia.org/technology/proposed-data-center-still-looms-over-smithfield-even-after-town-council-enacts-ban,3,"No megawatt capacity has been publicly disclosed, so capacityMw is omitted. The $59M figure cited in coverage is projected town tax revenue over 30 years, not facility investment, so investmentUsd is not set. Additional coverage (Rhode Island Current, ecoRI News) returned HTTP 403 to automated fetch and is not cited; the Ocean State Media article is the single independently verified resolvable source. Coordinates are approximate Smithfield-area coordinates."
google-moncks-corner-sc,Google Berkeley County Data Center (Moncks Corner),Google,Operating,Operating,likely,data_center,likely,confirmed,,,,,8,"Moncks Corner, Berkeley County, SC",Moncks Corner,Berkeley County,SC,33.072101,-80.039105,approximate,,,,,,,,,,,,,H B Robinson,SC,92.1,768.6,34.4017,-80.1589,Berkeley County Landfill,SC,3.4,3.2,LFG,33.121111,-80.02944,Savannah River - Augusta,river,114.8,33.473,-81.967,"Google Berkeley County, South Carolina — official location page: 'one of our first data centers in the United States', operational since 2007",https://datacenters.google/locations/berkeley-county-south-carolina/,1,"Google's flagship South Carolina data center in the Mount Holly / Moncks Corner area of Berkeley County — one of Google's first U.S. data centers, operational since 2007, expanded since. Google states $13B+ invested in South Carolina since 2007 (a statewide figure spanning Berkeley + the tracked Dorchester County sites, not site-specific). DISTINCT from the tracked Google Ridgeville (Project Dawson) and St. George (Winding Woods) campuses, which are in Dorchester County. No site-specific IT-load MW is disclosed. Coordinates are an approximate geocode of a disclosed campus address; a county-parcel pass could upgrade precision to exact."
google-ridgeville-sc,Google Ridgeville Data Center (Project Dawson),Google,Under construction,Under construction,confirmed,data_center,confirmed,confirmed,,,,,231.0,"Ridgeville, Dorchester County, SC",Ridgeville,Dorchester County,SC,33.096,-80.3239,exact,,solar,,,closed_loop,,Uses recycled water and closed-loop cooling systems per Google's sustainability commitments,supported,,231.0,,,Vogtle,GA,83.3,4658.0,33.1427,-81.7625,Omtanke Solar,SC,4.8,6.0,SUN,33.133705,-80.25372,Savannah River - Augusta,river,98.4,33.473,-81.967,Google confirms it is behind Project Dawson data center campus in South Carolina,https://www.datacenterdynamics.com/en/news/google-confirms-it-is-behind-project-dawson-data-center-campus-in-south-carolina/,2,"Pine Hill Business Campus, Research Center Drive and Highway 17A, Ridgeville. Planned as part of Google's overall $9B SC commitment through 2027 (announced October 2025). MW capacity not disclosed by Google. investmentUsd not broken out by site; $2B is the combined Dorchester County (Ridgeville + St. George) figure. Second Dorchester campus at Winding Woods Commerce Park, St. George not separately tracked here. Coordinates are Ridgeville area centroid."
google-winding-woods-st-george-sc,Google Winding Woods Campus,Google,Under construction,Under construction,confirmed,data_center,confirmed,confirmed,,,,,8,"St. George, Dorchester, SC",St. George,Dorchester,SC,33.1843,-80.5793,exact,,grid,,,,,,,,,,,Vogtle,GA,68.5,4658.0,33.1427,-81.7625,Dorchester Biomass,SC,8.3,22.5,WDS,33.238611,-80.45028,Savannah River - Augusta,river,82.6,33.473,-81.967,Google to invest $9bn in South Carolina data centers,https://www.datacenterdynamics.com/en/news/google-to-invest-9bn-in-south-carolina-data-centers/,1,"Google's second SC campus, in Winding Woods Commerce Park, St. George, Dorchester County; part of a $9B South Carolina investment (statewide figure — not a single-campus capex). Distinct from Google's Ridgeville, SC campus. IT capacity not disclosed. Coordinates are the St. George area centroid."
meta-aiken-county-sc,Meta Aiken Data Center,Meta,Under construction,Under construction,confirmed,data_center,confirmed,confirmed,200.0,,200.0,200 MW planned,300.0,"Graniteville, Aiken County, SC",Graniteville,Aiken County,SC,33.5629,-81.8287,exact,,mixed,Aiken Electric Cooperative,,,,,supported,800000000.0,300.0,1000.0,100.0,Vogtle,GA,29.3,4658.0,33.1427,-81.7625,"Shaw Creek Solar, LLC",SC,8.8,74.9,SUN,33.674689,-81.75444,Savannah River - Augusta,river,10.1,33.473,-81.967,"Meta plans $800m data center campus in Aiken County, South Carolina",https://www.datacenterdynamics.com/en/news/meta-plans-800m-data-center-campus-in-aiken-county-south-carolina/,3,"Sage Mill Industrial Park, Graniteville. 715,000 sq ft; Meta's 22nd US data center. Explicitly optimized for AI workloads. Administration building constructed with mass timber. Expected operational spring 2027. Coordinates are Graniteville area centroid."
project-boulder-colleton-county-sc,Project Boulder,Eagle Rock Partners,Proposed,Proposed,likely,data_center,likely,reported,,,,,860.0,"Colleton, SC",,Colleton,SC,32.7,-80.62,exact,,,,,,,,contested,,860.0,,,Vogtle,GA,73.0,4658.0,33.1427,-81.7625,Seabrook Solar,SC,11.8,72.5,SUN,32.56445,-80.74205,Savannah River - Augusta,river,94.5,33.473,-81.967,"Gigawatt data center proposal draws opposition from SC Lowcountry residents, politicians",https://scdailygazette.com/2025/12/19/gigawatt-data-center-proposal-draws-opposition-from-sc-lowcountry-residents-politicians/,1,"Near the ACE Basin (Ashepoo-Combahee-Edisto estuary). Would be South Carolina's first gigawatt-scale data center if built; speculative, no named tenant. Coordinates are approximate."
applied-digital-deuel-county-sd,Applied Digital Deuel County AI Campus,Applied Digital Corporation,Cancelled,Cancelled,confirmed,data_center,confirmed,confirmed,430.0,,430.0,430 MW planned,430.0,"Toronto, Deuel, SD",Toronto,Deuel,SD,44.567,-96.62,exact,,grid,Otter Tail Power,,,,,,,,,,Monticello Nuclear Facility,MN,145.5,685.0,45.3338,-93.8493,Toronto Power Plant,SD,1.9,145.2,NG,44.594752,-96.62219,Missouri River - Omaha,river,231.2,41.258,-95.938,Applied Digital proposes multi-billion-dollar data center in South Dakota,https://www.datacenterdynamics.com/en/news/applied-digital-proposes-multi-billion-dollar-data-center-in-south-dakota/,2,"Status is 'cancelled' per Applied Digital's own March 2026 statement (land option to lapse). The 'up to $16 billion' investment and up to 200 jobs were announced figures for the proposal and are recorded in statusHistory rather than as structured investmentUsd/jobs, since the project will not proceed. aiClassification is 'confirmed' — Data Center Dynamics reported it as an AI data center. The Otter Tail Power association reflects the proposed (now abandoned) siting."
gemini-data-center-sioux-falls-sd,Sioux Falls Technology Park (Gemini Data Center),Gemini Data Center SD LLC,Permitted,Permitted,likely,data_center,likely,confirmed,500.0,,500.0,500 MW planned,164.0,"Sioux Falls, Minnehaha, SD",Sioux Falls,Minnehaha,SD,43.583,-96.685,exact,Grid (Xcel Energy; adjacent to Xcel's Split Rock substation),grid,Xcel Energy,,,,,contested,,164.0,,,Monticello Nuclear Facility,MN,184.9,685.0,45.3338,-93.8493,Angus Anson,SD,2.8,405.7,NG,43.60347,-96.6356,Missouri River - Omaha,river,165.1,41.258,-95.938,Hyperscale data center seeking city approvals to build northeast of Sioux Falls,https://siouxfalls.business/hyperscale-data-center-seeking-city-approvals-to-build-northeast-of-sioux-falls/,3,"aiClassification is 'likely' (not 'confirmed'): Gemini is the land developer, no tenant is signed, and only developer aspiration to attract a hyperscale/AI/neocloud tenant is on record. Capacity (500 MW) and acreage per SiouxFalls.Business; an earlier report cited 160 acres. Coordinates are approximate for the northeast Sioux Falls site. As a developer land project with no signed tenant, its water, subsidy, investment, and job figures remain developer projections only (South Dakota has no state income tax and rejected data-center incentive bills); all recorded as honest-zeros pending a confirmed tenant."
bitdeer-knoxville-tn,Bitdeer Knoxville AI Datacenter (5101 S. National Drive),Bitdeer Technologies Group,Under construction,Under construction,Data center,data_center,,reported,86.0,,86.0,86 MW planned,9.88,"Knoxville, Knox, TN",Knoxville,Knox,TN,35.941272,-83.836066,approximate,,,,,,,,,,9.88,,,Kairos Power Hermes 2,TN,31.0,50.0,35.92,-84.39,University of Tennessee Steam Plant,TN,5.1,5.0,NG,35.949209,-83.92607,Tennessee River - Chattanooga,river,103.4,35.045,-85.309,"Bitdeer Technologies Group FY2025 Form 20-F, filed 2026-04-30",https://www.sec.gov/Archives/edgar/data/1899123/000121390026049770/ea0282628-20f_bitdeer.htm,1,"Existing Bitmain/Bitdeer Bitcoin mining site operational since May 2020 (property acquired 2018 via Commercial Purchase and Sale Agreement with Kemet Foil Manufacturing LLC, 9.88 acres / 77,678 sq ft industrial building). The 20-F discloses an active conversion to AI cloud use: Phase 1 (37MW) targeted Q4 2026, Phase 2 (49MW) targeted Q1 2027, against 86MW total electrical capacity in use as of 2026-03-31. Coordinates are an approximate parcel-area estimate for the South National Drive industrial corridor in Knox County (near APN 110-02627 per public tax-assessment/LoopNet listing) since no geocoder was available in-session to pin the exact parcel centroid — flagging for a follow-up precision pass if the site is approved. Crypto-mining site converting to AI (Bitdeer 20-F): Phase 1 37 MW targeted Q4 2026, Phase 2 49 MW Q1 2027; zero AI capacity live today (the existing 86 MW is legacy mining load being phased out)."
cielo-clarksville-tn,Cielo Montgomery County AI Campus,Cielo Digital Infrastructure,Proposed,Proposed,likely,data_center,likely,reported,350.0,,350.0,350 MW planned,350.0,"Clarksville, Montgomery, TN",Clarksville,Montgomery,TN,36.53,-87.36,exact,,,,,,,,mixed,,,,,Browns Ferry,AL,126.9,3854.0,34.7042,-87.1189,"SR Clarksville, LLC",TN,2.5,2.0,SUN,36.523317,-87.31664,Tennessee River - Florence,river,120.9,34.799,-87.677,Cielo Clarksville Data Center,https://cleanview.co/data-centers/tennessee/2037/cielo-clarksville-data-center,2,"~107-acre proposed site, ~350 MW. Distinct operator/parcel from Google's operational Clarksville (Montgomery County) campus. Sourcing is thin (tracker + developer site) → confidence reported. Cielo specializes in power/fiber-ready campus development. Coordinates are the Clarksville area centroid."
xai-colossus-memphis-tn,Colossus,xAI,Operating,Operating,confirmed,data_center,confirmed,reported,150.0,150.0,,150 MW operating,150.0,"Memphis, Shelby, TN",Memphis,Shelby,TN,35.0565,-90.0148,exact,grid (Memphis Light Gas & Water),mixed,Memphis Light Gas & Water (MLGW) / TVA,422.0,evaporative,3.0,"The open cooling loop's design draw is roughly 3 MGD from the Memphis Sands aquifer via MLGW (xAI engineer, per Governing), though Protect Our Aquifer reported a lower early-operational actual of ~0.8 MGD (~812,000 gal/day) in early 2025 as the site was still ramping. xAI broke ground in Oct 2025 on an $80M greywater-recycling plant at the T.E. Maxson wastewater facility (targeting ~10 MGD of treated wastewater); construction was later paused.",litigation,,,,,Browns Ferry,AL,165.9,3854.0,34.7042,-87.1189,TVA Southaven Combined Cycle,MS,4.5,903.9,NG,34.9939,-90.0378,Mississippi River - Memphis,river,6.7,35.149,-90.049,Colossus (supercomputer) — Wikipedia,https://en.wikipedia.org/wiki/Colossus_(supercomputer),5,
google-montgomery-county-tn,Google Montgomery County Data Center,Google,Operating,Operating,mixed_use,data_center,mixed_use,confirmed,,,,,8,"Clarksville, Montgomery County, TN",Clarksville,Montgomery County,TN,36.5288,-87.3636,exact,,grid,TVA,,,,,,600000000.0,,,70.0,Browns Ferry,AL,126.8,3854.0,34.7042,-87.1189,"SR Clarksville, LLC",TN,2.6,2.0,SUN,36.523317,-87.31664,Tennessee River - Florence,river,120.8,34.799,-87.677,Governor Haslam Announces Google to Locate New Data Center in Clarksville,https://tnecd.com/news/governor-haslam-commissioner-boyd-announce-google-to-locate-new-data-center-in-clarksville/,3,"Address: 1000 Boolean Dr, Clarksville, TN 37040 (former Hemlock Semiconductor site). Coordinates are approximate for that site. Google reports $2.5B+ total Tennessee investment since 2018 but facility-level investment is $600M. 30% veteran workforce. Correction: Original announcement was December 2015 (not 2018); facility opened November 2019 (not 2022)."
meta-gallatin-tn,Meta Gallatin Data Center Campus,Meta,Operating,Operating,confirmed,data_center,confirmed,confirmed,300.0,300.0,,300 MW operating,900.0,"Gallatin, Sumner County, TN",Gallatin,Sumner County,TN,36.3884,-86.4369,exact,,mixed,TVA,,air,,"Direct air cooling (outside air + fan technology), no conventional AC units; ""use 80% less water than a typical data center"" (w.media). Goal of being water-positive by 2030. No site-specific MGD figure published.",supported,,900.0,1100.0,,Watts Bar Nuclear Plant,TN,106.9,2539.8,35.6021,-84.7895,Gallatin (TN),TN,5.4,1918.4,BIT; NG; SUB,36.3156,-86.4006,Tennessee River - Chattanooga,river,112.3,35.045,-85.309,"Meta brings data centers in tents to Gallatin, Tennessee",https://www.datacenterdynamics.com/en/news/meta-brings-data-centers-in-tents-to-gallatin-tennessee/,5,"Campus coordinates are city-centroid approximation for Gallatin, TN. Up to 12 data halls planned on 900+ acres per DPR Construction (general contractor). Meta is deploying AI GPU clusters in waterproof tent structures (rapid deployment structures) at this campus to accelerate capacity ahead of permanent building construction."
edgeconnex-cedar-creek-tx,AUS02 / Cedar Creek Campus,EdgeConneX,Under construction,Under construction,Data center,data_center,,confirmed,,,,,8,"Cedar Creek, Bastrop, TX",Cedar Creek,Bastrop,TX,30.139438,-97.565051,exact,,,,,,,,,1400000000.0,,,,South Texas Project,TX,130.2,2708.6,28.795,-96.0481,Bastrop Energy Center,TX,1.0,618.7,NG,30.1458,-97.55,Colorado River - Austin,river,13.8,30.267,-97.743,EdgeConneX plans second data center campus in Bastrop County,https://communityimpact.com/austin/bastrop-cedar-creek/government/2026/03/31/edgeconnex-plans-second-data-center-campus-in-bastrop-county/,3,"4-building campus, approximately 140 acres near Wolf Ln/FM 535."
aligned-project-caprock-hale-county-tx,Aligned Data Centers Project Caprock,Aligned Data Centers,Under construction,Under construction,likely,data_center,likely,confirmed,540.0,,540.0,540 MW planned,313.0,"Abernathy, Hale, TX",Abernathy,Hale,TX,33.84,-101.84,exact,Grid (Xcel Energy); dedicated electrical infrastructure funded by Aligned,grid,Xcel Energy,,closed_loop,,DeltaFlow liquid cooling technology with closed-loop air-cooled heat rejection; no Ogallala Aquifer water use per developer.,mixed,,313.0,,,Project Matador Nuclear,TX,100.9,4468.0,35.283762,-101.569,Antelope Station,TX,1.7,167.4,NG,33.865,-101.8433,Lake Texoma,reservoir,302.4,33.824,-96.571,Aligned breaks ground on Project Caprock 540 MW campus in Hale County,https://aligneddc.com/press-release/aligned-breaks-ground-on-project-caprock/,2,"Six facilities totaling 1.65 million sq ft across 313 acres. Largest data center groundbreaking in West Texas at time of announcement. TeraWulf separately targeting a data center campus in Abernathy for Fluidstack. Coordinates corrected: Abernathy TX is at approximately 33.84°N, 101.84°W; original record had longitude −101.55 which is ~15 miles east of the city."
cipher-barber-lake-colorado-city-tx,Cipher Barber Lake Campus,Cipher Mining,Under construction,Under construction,confirmed,data_center,confirmed,confirmed,300.0,,300.0,300 MW planned,300.0,"Colorado City, Mitchell, TX",Colorado City,Mitchell,TX,32.3954,-100.8687,exact,,grid,,,,,,,,,,,Comanche Peak,TX,180.1,2430.0,32.298365,-97.78552,Hackberry Creek Solar,TX,0.2,175.0,SUN,32.393074,-100.8702,Colorado River - Austin,river,235.9,30.267,-97.743,Cipher Mining acquires more than 500 acres across two sites in Texas for crypto and HPC use,https://www.datacenterdynamics.com/en/news/cipher-mining-acquires-more-than-500-acres-across-two-sites-in-texas-for-crypto-and-hpc-use/,1,"587-acre Barber Lake site near Colorado City, Mitchell County; ~300 MW HPC/AI under a Fluidstack/Google lease; Phase I targeted Sept 2026. Coordinates are the Colorado City area centroid."
cipher-black-pearl-wink-tx,Cipher Black Pearl Campus,Cipher Mining,Under construction,Under construction,confirmed,data_center,confirmed,confirmed,300.0,,300.0,300 MW planned,300.0,"Wink, Winkler, TX",Wink,Winkler,TX,31.751,-103.1607,exact,,grid,,,,,,unknown,,,,,Project Matador Nuclear,TX,260.7,4468.0,35.283762,-101.569,Lonestar,TX,12.0,9.9,MWH,31.594864,-103.2498,Rio Grande - El Paso,river,195.3,31.761,-106.485,Cipher Digital Black Pearl,https://baxtel.com/data-center/cipher-digital-black-pearl,3,"~300 gross MW HPC/AI campus near Wink, Winkler County, under a 15-year AWS lease; Phase I targeted Q4 2026. Cipher transitioning crypto → HPC/AI. Coordinates are the Wink area centroid. Cipher Mining (Nasdaq: CIFR) financed Black Pearl via ~$2.0B senior secured notes (Black Pearl Compute LLC, Feb 2026) plus a ~$232.5M equity reimbursement (~$2.23B implied total, inferred across two instruments) -> investmentUsd omitted; the ~$9.3-9.8B AWS figure is 15-year lease revenue, not capex. No jobs figures disclosed -> jobs honest-zero. Mining-era cooling was ~250 MW air-cooled + ~50 MW liquid-cooled; the HPC/AI cooling architecture is undisclosed -> water honest-zero. No confirmed public subsidy surfaced."
cipher-colchis-tom-green-tx,Cipher Colchis Campus,Cipher Mining,Proposed,Proposed,Data center,data_center,,confirmed,1000.0,,1000.0,"1,000 MW planned",1000.0,"San Angelo, Tom Green, TX",San Angelo,Tom Green,TX,31.5290977,-100.3212098,approximate,,grid,,,,,,unknown,,,,,Comanche Peak,TX,157.9,2430.0,32.298365,-97.78552,Norton Solar Farm,TX,12.2,125.0,SUN,31.534768,-100.1138,Colorado River - Austin,river,176.0,30.267,-97.743,"Cipher Digital Inc. FY2025 Form 10-K — Item 1 Site Pipeline, Colchis Site (1-GW West Texas, 620 acres, AEP Direct Connect, energize 2028)",https://www.sec.gov/Archives/edgar/data/1819989/000181998926000009/cifr-20251231.htm,3,"1-GW HPC/AI development site in Tom Green County, northeast of San Angelo near AEP's Red Creek 345-kV substation (~2,500 ft east of the Skybox San Angelo campus). In November 2025 Cipher purchased a majority interest in a JV (Colchis LLC) to develop the site, with options to buy ~620 acres of land adjacent to the existing substation; Cipher expects ~95% equity subject to final lease/development terms. Coordinates are the NE-San-Angelo / Red Creek substation area centroid (approximate) pending a parcel-level GIS lookup. Investment and jobs figures undisclosed -> omitted. County pinned via local press (San Angelo LIVE); the SEC 10-K discloses only ""West Texas."""
cipher-mclennan-county-tx,Cipher McLennan HPC Data Center,Cipher Digital (formerly Cipher Mining),Proposed,Proposed,Data center,data_center,,reported,,,,,8,"Waco, McLennan, TX",Waco,McLennan,TX,31.474088,-96.96261,approximate,,,,,,,,,,,,,Comanche Peak,TX,74.7,2430.0,32.298365,-97.78552,Sandy Creek Energy Station,TX,0.3,1008.0,SUB,31.474378,-96.95715,Colorado River - Austin,river,95.4,30.267,-97.743,"Cipher Digital (Cipher Mining) FY2025 Form 10-K — McLennan Site, central Texas, targeted capacity up to 500 MW, energize 2028; option exercised Feb 2026",https://www.sec.gov/Archives/edgar/data/1819989/000181998926000009/cifr-20251231.htm,1,"Cipher's McLennan HPC/AI data center site in central Texas (McLennan County, the Waco area). Targeted capacity up to 500 MW; estimated energization 2028. Cipher entered an option agreement in October 2024 and exercised the option to acquire the special-purpose entity in February 2026. Part of Cipher's ~3.4 GW / 8-site HPC pipeline (Cipher Digital, formerly Cipher Mining). Coordinates approximate (McLennan County / Waco geocode; specific parcel not disclosed)."
cipher-mikeska-mcculloch-county-tx,Cipher Mikeska HPC Data Center,Cipher Digital (formerly Cipher Mining),Proposed,Proposed,Data center,data_center,,reported,,,,,8,"Brady, McCulloch, TX",Brady,McCulloch,TX,31.1317,-99.3349,approximate,,,,,,,,,,,,,Comanche Peak,TX,121.6,2430.0,32.298365,-97.78552,Heart of Texas Wind Project,TX,9.2,180.0,WND,31.242177,-99.42127,Colorado River - Austin,river,111.9,30.267,-97.743,"Cipher Digital (Cipher Mining) FY2025 Form 10-K — Mikeska Site, West Texas, targeted capacity up to 500 MW, energize 2028; option to purchase exercised Feb 2026",https://www.sec.gov/Archives/edgar/data/1819989/000181998926000009/cifr-20251231.htm,2,"Cipher's Mikeska HPC/AI data center site, in West Texas outside Brady (McCulloch County). Targeted capacity up to 500 MW; estimated energization 2027-2028. Cipher exercised its option to acquire the ground lease/purchase rights in February 2026. Part of Cipher's ~3.4 GW / 8-site HPC pipeline (Cipher Digital, formerly Cipher Mining). Coordinates approximate (Brady, TX geocode)."
cipher-milsing-huntsville-walker-tx,Cipher Milsing HPC Data Center,Cipher Digital (formerly Cipher Mining),Proposed,Proposed,Data center,data_center,,reported,,,,,8,"Huntsville, Walker, TX",Huntsville,Walker,TX,30.7235,-95.5508,approximate,,,,,,,,,,,,,South Texas Project,TX,136.5,2708.6,28.795,-96.0481,Piney Woods Solar,TX,7.1,150.0,SUN,30.718683,-95.66965,Colorado River - Austin,river,134.3,30.267,-97.743,"Cipher Digital (Cipher Mining) FY2025 Form 10-K — Milsing Site, East Texas, targeted capacity up to 500 MW, energize 2028-2029; option exercised Dec 2025",https://www.sec.gov/Archives/edgar/data/1819989/000181998926000009/cifr-20251231.htm,2,"Cipher's Milsing HPC/AI data center site near Huntsville, Texas (Walker County, northeast of Houston); ~187 acres. Targeted capacity up to 500 MW; estimated energization 2028-2029 (aggregators list a 2027 target). Cipher entered an option agreement in October 2024 and exercised the option in December 2025. Part of Cipher's ~3.4 GW / 8-site HPC pipeline (Cipher Digital, formerly Cipher Mining). Coordinates approximate (Huntsville, TX geocode)."
cipher-reveille-cotulla-la-salle-tx,Cipher Reveille HPC Data Center,Cipher Digital (formerly Cipher Mining),Proposed,Proposed,Data center,data_center,,reported,,,,,8,"Cotulla, La Salle, TX",Cotulla,La Salle,TX,28.4359,-99.2351,approximate,,,,,,,,,,,,,South Texas Project,TX,194.9,2708.6,28.795,-96.0481,Cotulla BESS 1,TX,1.1,9.9,MWH,28.442298,-99.25255,Colorado River - Austin,river,155.2,30.267,-97.743,"Cipher Digital (Cipher Mining) FY2025 Form 10-K — Reveille Site, located in Cotulla, Texas, ERCOT interconnection up to 70 MW, energize 2027",https://www.sec.gov/Archives/edgar/data/1819989/000181998926000009/cifr-20251231.htm,2,"Cipher's Reveille HPC/AI data center site in Cotulla, Texas (La Salle County). ERCOT interconnection approval up to 70 MW with room for expansion; targeted energization 2027. Part of Cipher's ~3.4 GW / 8-site HPC pipeline (Cipher Digital, formerly Cipher Mining). Coordinates approximate (Cotulla, TX geocode)."
cipher-stingray-andrews-county-tx,Cipher Stingray HPC Data Center,Cipher Digital (formerly Cipher Mining),Under construction,Under construction,Data center,data_center,,reported,,,,,8,"Andrews, Andrews, TX",Andrews,Andrews,TX,32.3187,-102.5457,approximate,,,,,,,,,,,,,Project Matador Nuclear,TX,212.4,4468.0,35.283762,-101.569,Bakke,TX,1.6,9.0,DFO,32.295946,-102.54,Rio Grande - El Paso,river,233.9,31.761,-106.485,"Cipher Digital (Cipher Mining) FY2025 Form 10-K (filed 2026-02-24) — Stingray Site, West Texas, conditional ERCOT interconnection up to 100 MW, energize H1 2026",https://www.sec.gov/Archives/edgar/data/1819989/000181998926000009/cifr-20251231.htm,2,"Cipher's Stingray HPC/AI data center site, ~250 acres in Andrews County, Texas (west of the city of Andrews). Conditional ERCOT interconnection approval up to 100 MW; targeted energization H1/Q2 2026. Part of Cipher's ~3.4 GW / 8-site HPC pipeline. Cipher rebranded from Cipher Mining to Cipher Digital during its pivot to hyperscale HPC/AI hosting. Coordinates approximate (Andrews, TX geocode; exact parcel not confirmed)."
cloudburst-san-marcos-tx,CloudBurst San Marcos GigaCenter,CloudBurst Data Centers,Under construction,Under construction,confirmed,data_center,confirmed,reported,1200.0,,1200.0,"1,200 MW planned",706.0,"San Marcos, Hays, TX",San Marcos,Hays,TX,29.88,-97.94,exact,"On-site natural gas (Energy Transfer Oasis Pipeline, up to 1.2 GW behind-the-meter)",on_site_gas,,,,0.024,"24,000 gallons/day direct facility water use disclosed to county commissioners.",mixed,14500000000.0,706.0,,480.0,South Texas Project,TX,136.4,2708.6,28.795,-96.0481,Hays Energy Project,TX,7.5,989.0,NG,29.7806,-97.9894,Colorado River - Austin,river,29.2,30.267,-97.743,CloudBurst breaks ground on gigawatt-scale data center campus in Texas,https://www.datacenterdynamics.com/en/news/cloudburst-breaks-ground-on-gigawatt-scale-data-center-campus-in-texas/,4,"706-acre campus spanning Hays and Guadalupe counties; coordinates use San Marcos city area as centroid. Developed with Evolve Holdings as construction manager. 10-12 hyperscale buildings totaling ~3 million sq ft planned. Tenant not publicly confirmed. Investment total not confirmed in available sources; $14.5B figure removed as unsupported. Guadalupe County commissioners rejected a $500M abatement 3-2 on Feb 24, 2026, then approved a revised abatement on April 21, 2026; county records peg total campus investment at $14.5B (Hays County, home to 77.5 of the 220 abated acres, took no abatement action)."
comanche-circle-sailfish-hood-county-tx,Comanche Circle,Sailfish Digital Ventures (SDV),Proposed,Proposed,likely,data_center,likely,reported,,,,,2600.0,"Tolar, Hood, TX",Tolar,Hood,TX,32.35,-97.83,exact,,,,,,,,contested,,2600.0,,,Comanche Peak,TX,4.4,2430.0,32.298365,-97.78552,Comanche Peak,TX,4.4,2430.0,NUC,32.298365,-97.78552,Lake Texoma,reservoir,125.2,33.824,-96.571,"Sailfish plans multi-gigawatt data center park outside DFW, Texas",https://www.datacenterdynamics.com/en/news/sailfish-plans-multi-gigawatt-data-center-park-outside-dfw-texas/,2,"Near Vistra's Comanche Peak Nuclear Plant. Developer states a 5GW total pipeline across 9 campuses; a later, scaled-back figure puts Comanche Circle plus two smaller Sailfish projects combined at 'up to 3 gigawatts' - given conflicting figures, no single capacityMw is recorded here. Conditional county approval Jan 2026; construction targeted late 2026. No hyperscaler tenant confirmed - speculative developer-led land assembly. Coordinates are approximate."
core-scientific-pecos-tx,Core Scientific Pecos AI Campus,Core Scientific,Under construction,Under construction,confirmed,data_center,confirmed,confirmed,1500.0,,1500.0,"1,500 MW planned",1500.0,"Pecos, Reeves, TX",Pecos,Reeves,TX,31.44,-103.58,exact,,grid,,,,,,unknown,,,,,Project Matador Nuclear,TX,289.8,4468.0,35.283762,-101.569,Coyote Springs (TX),TX,4.3,9.9,MWH,31.39471,-103.6303,Rio Grande - El Paso,river,172.4,31.761,-106.485,"Core Scientific plans expansion to 1.5 gigawatts of gross power at Pecos, Texas campus",https://investors.corescientific.com/news-events/press-releases/detail/134/core-scientific-plans-expansion-to-1-5-gigawatts-of-gross-power-at-pecos-texas-campus,3,"High-density AI/HPC colocation. ~1.5 GW gross / ~1.0 GW leasable is an expansion ceiling (in notes). Co-located in Reeves County with Microsoft's separate 'Project Kirby' Pecos campus (distinct operator/parcel; tracked separately). Address on record: 1939 FM 2119. Core Scientific historically a bitcoin miner, repositioned to HDC. Coordinates are the Pecos area centroid. No Pecos-specific capex is disclosed (Q4 FY2025 capex of $279.2M is company-wide; the $226.2M CoreWeave-funded portion is contract revenue, not capex) -> investmentUsd omitted. No Reeves County abatement attributable to Core Scientific was found (the 'Pecos Power Plant LLC' abatement is a separate gas-plant entity)."
crusoe-blue-energy-victoria-tx,Crusoe Victoria AI Factory,Crusoe (with Blue Energy),Proposed,Proposed,confirmed,data_center,confirmed,reported,1500.0,,1500.0,"1,500 MW planned",1500.0,"Victoria, Victoria, TX",Victoria,Victoria,TX,28.8053,-97.0036,exact,On-site generation (Blue Energy: gas bridge → nuclear),on_site_gas,,,,,,,,,,,South Texas Project,TX,57.9,2708.6,28.795,-96.0481,"CG PS Victoria WWTP, LLC",TX,1.0,1.3,DFO,28.79346,-97.01223,Colorado River - Austin,river,110.3,30.267,-97.743,Blue Energy and Crusoe partner to develop nuclear-powered AI data center,https://www.crusoe.ai/resources/newsroom/blue-energy-and-crusoe-partner-to-develop-nuclear-powered-ai-data-center,1,"Crusoe-developed AI factory campus at the Port of Victoria, powered by Blue Energy (natural-gas bridge as early as 2028, nuclear targeted ~2031). Distinct from Crusoe's Stargate Abilene campus. ~1.5 GW planned. Coordinates are the Victoria area centroid."
data-city-energy-abundance-laredo-tx,"Data City, Texas",Energy Abundance Development Corporation,Proposed,Proposed,likely,data_center,likely,rumored,5000.0,,5000.0,"5,000 MW planned",50000.0,"Laredo, Webb, TX",Laredo,Webb,TX,27.5306,-99.4803,approximate,,mixed,,,,,,,,50000.0,,,South Texas Project,TX,226.6,2708.6,28.795,-96.0481,Laredo,TX,3.0,263.6,NG,27.5667,-99.5089,Colorado River - Austin,river,216.3,30.267,-97.743,"Energy Abundance announces Data City, Texas (press release, Mar 21 2025)",https://www.prnewswire.com/news-releases/energy-abundance-announces-data-city-texas--the-worlds-largest-behind-the-meter-data-center-hub-powered-by-100-247-green-energy-302407052.html,3,"Early-stage developer announcement (Mar 21 2025) for a 5 GW behind-the-meter data center hub on ~50,000 acres near Laredo (Webb County), targeting large AI workloads with direct-to-chip liquid cooling. Phase 1 stated as 300 MW / ~1M sq ft in 2026, scaling to 5 GW / 15M+ sq ft. Highly speculative: primary source is a single promotional press release; no permit, interconnection, or construction evidence located. Coordinate anchored on Laredo."
fluidstack-abernathy-tx,Fluidstack Abernathy AI Campus,Fluidstack,Under construction,Under construction,confirmed,data_center,confirmed,confirmed,168.0,,168.0,168 MW planned,168.0,"Abernathy, Hale, TX",Abernathy,Hale,TX,33.84,-101.84,exact,,grid,,,,,,,,,,,Project Matador Nuclear,TX,100.9,4468.0,35.283762,-101.569,Antelope Station,TX,1.7,167.4,NG,33.865,-101.8433,Lake Texoma,reservoir,302.4,33.824,-96.571,TeraWulf and Fluidstack to develop Texas data center in Google-backed deal,https://www.datacenterdynamics.com/en/news/terawulf-and-fluidstack-to-develop-texas-data-center-in-google-backed-deal/,2,"~120-acre campus in Abernathy (Hale/Lubbock counties). Distinct from the separately-tracked Aligned 'Project Caprock' Abernathy campus (313 acres, different operator/parcel). 168 MW critical IT load (240 MW gross). Google-backed via a ~$1.3B lease obligation backstop. The frequently cited $9.5B is 25-year contracted revenue, not capex (in notes only). NOTE: the Anthropic lease associated with this deal is at TeraWulf's Justified/Hawesville KY campus, not Abernathy. Coordinates are the Abernathy town centroid."
fort-spunky-pacifico-energy-hood-county-tx,Fort Spunky,Pacifico Energy,Proposed,Proposed,likely,data_center,likely,reported,100.0,,100.0,100 MW planned,100.0,"Hood, TX",,Hood,TX,32.42,-97.78,exact,,,,,,,,litigation,,,,,Comanche Peak,TX,8.4,2430.0,32.298365,-97.78552,Apache Hill Energy Center,TX,4.1,200.0,MWH,32.380005,-97.72782,Lake Texoma,reservoir,119.6,33.824,-96.571,"Texas data centers: Hood County, local control, rural water and power",https://www.texastribune.org/2026/06/02/texas-data-centers-hood-county-local-control-rural-water-power/,1,"862 acres, across the Brazos River from the Pecan Plantation community. Water draw up to 20,000 gal/day. Coordinates are approximate."
gw-ranch-pacifico-energy-pecos-county-tx,GW Ranch,Pacifico Energy (data center tenant unidentified),Proposed,Proposed,likely,data_center,likely,rumored,,,,,8000.0,"Pecos, TX",,Pecos,TX,31.05,-102.88,exact,,on_site_gas,,,,,,,,8000.0,,,Project Matador Nuclear,TX,302.2,4468.0,35.283762,-101.569,Gomez,TX,8.6,9.9,MWH,31.036537,-103.0242,Rio Grande - El Paso,river,218.2,31.761,-106.485,"Pacifico Energy unveils 5GW off-grid natural gas project in Texas, slated to serve a hyperscale data center",https://www.datacenterdynamics.com/en/news/pacifico-energy-unveils-5gw-offgrid-natural-gas-project-in-texas-slated-to-serve-a-hyperscale-data-center/,2,"~17 miles north of Fort Stockton. This is fundamentally a power-generation project 'purpose-built to support hyperscale data center operators' (per Data Center Dynamics), but no data center tenant/operator has been named - classified 'rumored' confidence on the data-center use specifically. Distinct from the existing tracked Microsoft/Core Scientific 'Pecos' entries (those are in Reeves County, not Pecos County). Coordinates are approximate."
galaxy-helios-dickens-county-tx,Galaxy Helios Data Center Campus,Galaxy Digital,Under construction,Under construction,confirmed,data_center,confirmed,confirmed,1630.0,,1630.0,"1,630 MW planned",2200.0,"Afton, Dickens, TX",Afton,Dickens,TX,33.72,-100.84,exact,ERCOT grid,grid,,,unknown,,Phase 1 (133 MW) is a liquid-cooled AI deployment with 90+ chillers and associated piping (Clayco). Chiller condenser type (air-cooled vs. water-cooled/evaporative) and water-consumption (MGD) not published. Site overlies the Ogallala Aquifer on the southern High Plains — a material water-risk context flag.,supported,,2200.0,,,Project Matador Nuclear,TX,115.7,4468.0,35.283762,-101.569,Burksol Energy Storage,TX,4.8,100.0,MWH,33.781511,-100.8775,Lake Texoma,reservoir,245.3,33.824,-96.571,Galaxy secures 1.6 GW ERCOT approval at Helios campus in Texas,https://www.datacenterdynamics.com/en/news/galaxy-secures-approval-for-more-than-800mw-at-helios-campus-in-texas/,6,"Converted from Bitcoin mining to AI/HPC. CoreWeave is the anchor tenant using the campus for large-scale AI model training. Location is near Afton, Dickens County (West Texas). Original site was 160 acres; campus has since expanded to 2,200+ acres across multiple phases. Coordinates are approximate."
google-armstrong-county-tx,Goodnight Campus,Google / Crusoe,Under construction,Under construction,confirmed,data_center,confirmed,confirmed,,,,,350.0,"Claude, Armstrong County, TX",Claude,Armstrong County,TX,34.973,-101.367,exact,mixed,mixed,,933.0,unknown,,"No water volume or cooling system type disclosed in sources reviewed. TCEQ wastewater permit WQ0016881001 filed under the same GN DC1 LLC entity, indicating water infrastructure is being permitted; no public details available on cooling approach or projected water consumption.",supported,,350.0,,,Project Matador Nuclear,TX,24.3,4468.0,35.283762,-101.569,Goodnight Wind II,TX,4.5,265.5,WND,34.937162,-101.4339,Lake Texoma,reservoir,284.7,33.824,-96.571,Google commits $40bn to expand cloud and AI infrastructure in Texas through 2027,https://www.datacenterdynamics.com/en/news/google-commits-40bn-to-expand-cloud-and-ai-infrastructure-in-texas-through-2027/,7,"Campus name: Goodnight, near the town of Claude, TX (known address: 10001 Lima Rd, Claude, TX 79019). Coordinates approximate (based on dispatch seed; county parcel area). Developed by Crusoe Energy via entity GN DC1, LLC (Delaware LLC, 255 Filmore St., Denver, CO 80206); Google is the hyperscale tenant/customer, confirmed publicly November 2025. Tax abatement agreement was signed with GN DC1, LLC in late 2024 without publicly naming the tenant. Google confirmed the Crusoe partnership but had not signed an offtake agreement for the on-site gas plant as of early 2026; negotiations on power amounts still ongoing per Google spokesperson. Planned IT capacity: Phase 1 described in tax abatement agreement as 'anticipated to consume up to 530 MW,' 4 buildings each with 4 x 25 MW data halls, on approximately 350 acres; Phase 2 (possible additional 3+ buildings) reported at up to ~500 MW additional; combined full build-out reported as 1 GW+ — all capacity figures are 'up to' ceilings from permit and abatement documents, not firm contracted amounts. Project was scaled back from an original 7-building plan (October 2025 local reporting); 4 buildings with construction permits from TDLR as of early 2026; Crusoe described 3-4 buildings as likely; grading on additional parcels suggests total program may reach 5+ buildings. First phase expected online 2026; initial county PILOT payment expected June/July 2026. The $40B Google Texas investment is a statewide commitment through 2027 covering multiple sites (Armstrong County, Haskell County, Ellis County) with no site-specific investment figure disclosed by Google. A $29B campus investment figure appeared in Aterio/Crusoe reporting — this is a projected ceiling, not a firm committed amount; omitted from investmentUsd per data-rigor policy. Distinct from Google's separate Haskell County TX site and Red Oak (Ellis County) TX sites — do not conflate."
google-haskell-county-tx,Google Haskell County Data Center Campus,Google,Under construction,Under construction,confirmed,data_center,confirmed,confirmed,,,,,8,"Haskell, Haskell County, TX",Haskell,Haskell County,TX,33.1576,-99.7337,exact,solar,solar,,,,,,mixed,,,,,Comanche Peak,TX,127.9,2430.0,32.298365,-97.78552,Inertia Wind Project,TX,8.3,301.0,WND,33.186882,-99.59533,Lake Texoma,reservoir,188.0,33.824,-96.571,Google data centers totaling $40 billion coming to Texas,https://www.texastribune.org/2025/11/14/texas-google-data-centers-ai/,6,"Two data center buildings at one Haskell County site; treated as a single campus record. Announced Nov 14 2025 as part of Google's $40B Texas investment through 2027 (which also covers Armstrong County and a Wilbarger County/Vernon site); no Haskell-specific investment figure disclosed, so investmentUsd is omitted (the $40B is a Texas-wide aggregate). Data-center IT capacity in MW not publicly disclosed. One building is co-located with the Quantum Clean Energy Project (Intersect Power, acquired by Google March 2026): 640 MW solar PV + 1.3 GWh battery storage, scheduled operational June 2026 - this is energy-project capacity, NOT data-center IT load. Job figures cited in press (1,200 construction / up to 11 permanent) come from the co-located Intersect energy project, not the data center, so they are noted here rather than in jobs. Coordinates are the Haskell city centroid (no parcel-level GPS found)."
google-meitner-pampa-tx,Google Meitner Energy Center,Google (with Intersect Power),Under construction,Under construction,confirmed,data_center,confirmed,confirmed,,,,,8,"Pampa, Gray, TX",Pampa,Gray,TX,35.5365,-100.9609,exact,Co-located on-site generation (Intersect Power),mixed,,,air,,Air-cooling used in place of evaporative cooling to eliminate cooling-tower water withdrawals - a required condition of the Gray County Chapter 312 tax abatement. Ogallala Aquifer protection was the central abatement concern.,mixed,,,,,Project Matador Nuclear,TX,38.4,4468.0,35.283762,-101.569,IP Meitner Wind,TX,13.6,500.0,WND,35.696972,-100.8213,Lake Texoma,reservoir,276.0,33.824,-96.571,Google and Intersect deepen Texas roots with new data center and energy investments in Gray and Roberts Counties,https://www.intersect.com/news/google-and-intersect-deepen-texas-roots-with-new-data-center-and-energy-investments-in-gray-and-roberts-counties,4,"Data center co-located with new energy generation, spanning Gray and Roberts counties near Pampa. Part of Google's ~$40B Texas commitment; Google took a stake in Intersect Power. IT capacity not disclosed. Coordinates are the Pampa area centroid. Local reporting cites a ~$3B project cost (est. ~$1B/phase across 3 phases per the abatement filing) - an estimate -> investmentUsd omitted. ~40 permanent jobs projected across phases (abatement filing); facility not yet operational -> jobs honest-zero."
google-red-oak-tx,Google Red Oak Campus,Google,Operating,Operating,confirmed,data_center,confirmed,confirmed,,,,,166.0,"Red Oak, Ellis, TX",Red Oak,Ellis,TX,32.5163,-96.8011,exact,,grid,,,closed_loop,,,mixed,330000000.0,166.0,,,Comanche Peak,TX,59.4,2430.0,32.298365,-97.78552,Dolomite Storage,TX,5.6,125.7,MWH,32.456144,-96.73774,Lake Texoma,reservoir,91.3,33.824,-96.571,Google announces plans for Red Oak data center campus in Texas,https://www.datacenterdynamics.com/en/news/google-announces-plans-for-red-oak-data-center-campus-in-texas/,6,"Google's second Dallas-Fort Worth campus. First building operational late 2025; second building under construction as of Nov 2025 per Mayor Stanfill. 166 acres at FM 664 (Ovilla Rd) and SH 342; shell entity Alamo Mission LLC used in Ellis County negotiations. investmentUsd records only the $330M confirmed initial investment; the frequently cited $600M+ is a multi-phase projection (in notes). Capacity in MW not publicly disclosed. Google pledged a $150,000 STEM grant to Red Oak ISD; grid reinforcements estimated ~$72M. Part of Google's broader $40B Texas commitment. Coordinates are the Red Oak town centroid (no parcel GPS confirmed). The 2018 abatement's scope vs the separate Midlothian campus is not fully disambiguated in the public record."
google-wilbarger-vernon-tx,Google Wilbarger County Campus,Google (with AES),Under construction,Under construction,confirmed,data_center,confirmed,confirmed,,,,,8,"Vernon, Wilbarger, TX",Vernon,Wilbarger,TX,34.1551,-99.294,exact,,grid,,,air,,,,,,,,Project Matador Nuclear,TX,150.9,4468.0,35.283762,-101.569,Vernon Solar and Storage,TX,3.1,142.0,MWH; SUN,34.109631,-99.29692,Lake Texoma,reservoir,157.7,33.824,-96.571,"A new data center in Wilbarger County, Texas",https://blog.google/innovation-and-ai/infrastructure-and-cloud/global-network/data-center-wilbarger-county/,1,"Air-cooled data center near Vernon, Wilbarger County — a Google/AES 'power-first' initiative. Part of Google's broader Texas expansion. IT capacity not disclosed. Coordinates are the Vernon area centroid."
galaxy-helios-dickens-tx,Helios (Galaxy Digital / CoreWeave),Galaxy Digital Holdings,Operating,Operating,mixed_use,data_center,mixed_use,reported,200.0,200.0,800.0,200 MW operating / 800 MW planned,200.0,"Afton, Dickens, TX",Afton,Dickens,TX,33.7814083,-100.8790507,approximate,ERCOT grid (800 MW approved),grid,,,,,,unknown,,,,,Project Matador Nuclear,TX,111.0,4468.0,35.283762,-101.569,Burksol Energy Storage,TX,0.1,100.0,MWH,33.781511,-100.8775,Lake Texoma,reservoir,247.3,33.824,-96.571,Sale of Helios to Galaxy Digital Holdings,https://www.argoblockchain.com/news-room/2022-december-helios-sale-to-galaxy,4,"Built by Argo Blockchain as a 180 MW Bitcoin-mining facility (2022), sold to Galaxy Digital in Dec 2022 amid the crypto downturn. Galaxy has converted the site to AI/HPC hosting for CoreWeave under a 15-year lease signed March 28, 2025; ERCOT has approved 800 MW for the site (up from the original 180 MW mining build). Bitcoin mining is reported wound down (equipment removal/demolition began Q2 2025) ahead of the CoreWeave conversion — no source found describes concurrent mining and AI operation. The $1.4B figure is a project-financing debt facility (36-month term, secured by Phase I assets), not total investment or deal value; Galaxy separately committed $350M equity — investmentUsd is deliberately omitted rather than picking one of these ambiguous figures. A separate, unreconciled $460M figure appears in one lower-confidence source and is not repeated here as fact. Coordinates are approximate (single-source, not independently cross-verified — geocoding tools could not confirm the street address this pass)."
hut8-beacon-point-robstown-tx,Hut 8 Beacon Point AI Campus,Hut 8,Under construction,Under construction,confirmed,data_center,confirmed,confirmed,352.0,,352.0,352 MW planned,352.0,"Robstown, Nueces, TX",Robstown,Nueces,TX,27.7897,-97.6689,exact,,grid,AEP Texas,,closed_loop,,"Closed-loop cooling filled once with water trucked from outside Nueces County (~4-7 year refill cycle); no municipal draw for cooling. Municipal use is ~10,000 gal/day domestic only (restrooms/sinks) - not cooling water -> reportedMgd omitted.",mixed,4250000000.0,,,,South Texas Project,TX,120.6,2708.6,28.795,-96.0481,Corpus Christi,TX,4.7,41.0,NG,27.811083,-97.59581,Colorado River - Austin,river,171.2,30.267,-97.743,"Hut 8 commercializes first phase of 1 GW Beacon Point AI data center campus with 15-year, 352 MW IT lease",https://www.prnewswire.com/news-releases/hut-8-commercializes-first-phase-of-1-gw-beacon-point-ai-data-center-campus-with-15-year-352-mw-it-lease-with-base-term-contract-value-of-9-8-billion-302763484.html,4,"1 GW site near Robstown, Nueces County; Phase 1 = a 15-year, 352 MW IT lease. The $9.8B base-term contract value is revenue, not capex (in notes). Delivery targeted Q3 2027. Coordinates are the Robstown area centroid. Hut 8 declined to confirm any tax abatement and the Nueces County Judge said the county's abatement policy was out of date, so none could have been granted -> subsidies honest-zero. investmentUsd records the $4.25B non-recourse project-bond financing for Phase 1 construction (352 MW + substation), distinct from the $9.8B lease contract value; the ~$17B combined Phase 1-2 figure is a projection."
iren-horizon-childress-tx,"IREN Horizon — Childress, TX",IREN (Iris Energy),Under construction,Under construction,confirmed,data_center,confirmed,confirmed,750.0,,750.0,750 MW planned,576.0,"Childress, Childress County, TX",Childress,Childress County,TX,34.4276,-100.2046,exact,ERCOT,grid,ERCOT,,closed_loop,,Direct-to-chip closed-loop liquid cooling. IREN states the system does not consume water on an ongoing basis; annual top-ups require roughly as much water as a few houses. Water is trucked in externally — deliberately not drawn from Childress municipal supply. System described as analogous to a vehicle radiator.,supported,,576.0,,,Project Matador Nuclear,TX,97.4,4468.0,35.283762,-101.569,Misae Solar,TX,6.8,240.0,SUN,34.380532,-100.0996,Lake Texoma,reservoir,212.0,33.824,-96.571,IREN plans 75MW liquid-cooled AI data center in Texas,https://www.datacenterdynamics.com/en/news/iren-plans-75mw-liquid-cooled-ai-data-center-in-texas/,6,"SEPARATE SITE from IREN Sweetwater (Nolan/Fisher County — do not conflate). Full 750 MW figure is total campus transmission capacity; the AI/Microsoft Horizon 1–4 build-out comprises four 50 MW IT (75 MW gross) liquid-cooled data halls = 200 MW IT total, targeting end-2026 delivery. Horizon 1 (50 MW IT / 75 MW gross) energized Q4 2025 — operational; Horizons 2–4 remain under construction as of mid-2026. Coordinates approximate (county seat area). Site is a 576-acre freehold parcel with on-site 345 kV substations connecting directly to ERCOT. Investment for Horizon 1–4 reported as $300–350M (range; not a firm figure — omitted from investmentUsd). Microsoft contract ($9.7B total, 5-year through ~2031) covers NVIDIA GB300 Blackwell Ultra GPU cloud services; 20% upfront prepayment funded capex. Dell Technologies hardware supply agreement: $5.8B. IREN also holds a separate NVIDIA cloud services contract at Childress. Rack density 130–200 kW per rack; projected PUE 1.05–1.10. Approximately 25 current full-time local employees, 50+ expected at 750 MW full build-out; over 500 contractors during construction phase (approximate reported figures — omitted from jobs numeric fields). IREN Community Grants Program distributes $250,000 annually to the Childress area."
iren-sweetwater-tx,IREN Sweetwater Campus,IREN (Iris Energy),Under construction,Under construction,confirmed,data_center,confirmed,confirmed,2000.0,,2000.0,"2,000 MW planned",2200.0,"Sweetwater, Nolan County, TX",Sweetwater,Nolan County,TX,32.4707,-100.4059,exact,ERCOT grid,grid,ERCOT,,closed_loop,,Direct-to-chip liquid cooling plus supplemental air cooling. Closed-loop design described by IREN and analysts as dramatically reducing water consumption vs. traditional evaporative approaches. West Texas arid climate noted as a water-conservation design driver. No reported MGD figure confirmed.,mixed,,2200.0,,,Comanche Peak,TX,153.4,2430.0,32.298365,-97.78552,Sweetwater BESS,TX,2.4,10.0,MWH,32.457511,-100.4437,Colorado River - Austin,river,218.8,30.267,-97.743,IREN Announces Successful Energization of Sweetwater 1,https://irisenergy.gcs-web.com/news-releases/news-release-details/iren-announces-successful-energization-sweetwater-1,11,"Two-site campus: Sweetwater 1 (1,400 MW, ~1,700 acres, Nolan/Jones County boundary area) substation energized May 1, 2026 via 345kV ERCOT connection; data centers commissioning in phases. Sweetwater 2 (600 MW, ~500 acres, Fisher County, near Hamlin TX, ~28 miles from SW1) targeted energization late 2027 per IREN (some sources cite 2028). Direct fiber loop planned between sites for single 2 GW compute hub with <10ms latency to Dallas. Coordinates are approximate (Sweetwater city center, Nolan County seat). County boundary sources conflicting: DCD says Fisher County for both sites; interconnection.fyi and dispatch brief cite Nolan County for SW1; northwiseproject.com says Nolan and Jones Counties span the campus. IREN's $9.7B Microsoft contract (Nov 2025) and $3.4B NVIDIA contract (May 2026) are company-wide deals currently deployed at Childress, TX campus (Horizon 1-4); the NVIDIA partnership press release specifically names Sweetwater as the flagship future deployment site for NVIDIA DSX factory architecture. No confirmed customer contracts specific to Sweetwater site as of 2026-07-07. IREN was in Sweetwater since 2022 as a Bitcoin mining site; HPC/AI pivot announced October 2024. Interconnection.fyi lists renewable energy sourcing via RECs (wind/solar) at this site."
lambda-aligned-plano-tx,Lambda Plano AI Data Center (Aligned DFW-04),Lambda,Under construction,Under construction,confirmed,data_center,confirmed,confirmed,100.0,,100.0,100 MW planned,100.0,"Plano, Collin, TX",Plano,Collin,TX,33.0198,-96.6989,exact,,grid,,,,,,,,,,,Comanche Peak,TX,80.5,2430.0,32.298365,-97.78552,HEB00790,TX,6.2,1.2,NG,33.055367,-96.79668,Lake Texoma,reservoir,56.1,33.824,-96.571,Lambda Cloud to occupy Aligned data center in Plano,https://www.devx.com/daily-news/lambda-cloud-to-occupy-aligned-data-center/,1,"Lambda to occupy the ~$700M Aligned DFW-04 data center under construction in Plano, Collin County; 2026 target. Distinct from Lambda's Chicago and Kansas City sites. Coordinates are the Plano area centroid."
lancium-crusoe-abilene-tx,Lancium Clean Campus (Crusoe / Stargate Site 1),Crusoe Energy (Lancium Clean Campus),Operating,Operating,mixed_use,data_center,mixed_use,reported,200.0,200.0,1200.0,"200 MW operating / 1,200 MW planned",200.0,"Abilene, Taylor, TX",Abilene,Taylor,TX,32.502213,-99.788717,approximate,ERCOT grid; Crusoe has separately contracted 4.5 GW of natural gas supply for its broader multi-site AI buildout,grid,,,,,,supported,,,,,Comanche Peak,TX,117.7,2430.0,32.298365,-97.78552,Summerhill BESS,TX,0.8,143.0,MWH,32.51289,-99.79563,Colorado River - Austin,river,196.0,30.267,-97.743,Taylor County and City of Abilene Announce Historic Partnership With Lancium,https://www.prnewswire.com/news-releases/taylor-county-and-city-of-abilene-announce-historic-partnership-with-lancium-for-development-of-a-2-4-billion-data-center-campus-301449354.html,5,"Originally proposed Dec 2021 as Lancium's ""Project Artemis"" — a Bitcoin-mining and grid-demand-response campus using stranded/curtailed West Texas wind and solar power, with Lancium throttling load during ERCOT peak demand. Crusoe Energy has since built and operates AI/HPC data-center buildings on the site (publicly branded ""Stargate Site 1""), with Oracle Cloud Infrastructure as the tenant hosting NVIDIA GPU clusters for OpenAI's Stargate project — Oracle sits contractually between Crusoe and OpenAI; no confirmed direct OpenAI-Crusoe lease. Lancium retains land/electrical-infrastructure ownership; Crusoe leases and operates part of an approximately 800-1,000-acre campus. First 2 of 8 planned buildings (~200+ MW) were operational by mid-2025; remaining 6 are under construction, with a full 1.2 GW build-out targeted for completion in 2026-2027 (dates vary by source). Construction-workforce and total AI-era investment figures conflict significantly across sources (reported range: 2,000-9,000 workers; an unverified ~$11.6B raise) and are not repeated here as fact. Coordinates are approximate (geocoded from a listed street address, not parcel-confirmed — the ~800-1,000-acre campus could place any specific building up to ~1-2 miles from this point)."
meta-el-paso-tx,Meta El Paso AI Data Center Campus,Meta,Under construction,Under construction,confirmed,data_center,confirmed,confirmed,1000.0,,1000.0,"1,000 MW planned",1000.0,"El Paso, El Paso, TX",El Paso,El Paso,TX,31.81,-106.55,exact,"Grid (El Paso Electric, renewable-matched); 366 MW McCloud gas plant proposed",mixed,El Paso Electric,,closed_loop,,Zero operational water use for most of the year via closed-loop liquid cooling. Commitment to restore 200% of consumed water to local watersheds by 2030.,contested,10000000000.0,1000.0,4000.0,300.0,Project Matador Nuclear,TX,373.9,4468.0,35.283762,-101.569,Rio Grande,NM,0.4,348.3,NG,31.8047,-106.5472,Rio Grande - El Paso,river,5.1,31.761,-106.485,Meta breaks ground on El Paso AI-optimized data center,https://about.fb.com/news/2025/10/metas-new-ai-optimized-data-center-el-paso/,3,"Campus located in far Northeast El Paso near Texas-New Mexico state line on approximately 1,000 acres; coordinates are approximate city-area centroid, exact parcel not publicly identified. Meta's third Texas data center. Campus can scale to 1 GW. Construction jobs figure (4,000) reflects updated peak estimate from March 2026 $10B expansion announcement."
meta-fort-worth-tx,Meta Fort Worth Data Center,Meta,Operating,Operating,likely,data_center,likely,reported,,,,,200.0,"Fort Worth, Tarrant County, TX",Fort Worth,Tarrant County,TX,32.9844048,-97.2617581,approximate,,,,,,,,,,200.0,,,Comanche Peak,TX,56.4,2430.0,32.298365,-97.78552,HEB00801,TX,5.6,1.2,NG,32.914505,-97.30894,Lake Texoma,reservoir,70.4,33.824,-96.571,"Facebook Fort Worth Data Center — 4500 Like Way, opened 2017, ~200 acres, fully operational",https://baxtel.com/data-center/facebook-fort-worth,2,"Meta (Facebook) data center at 4500 Like Way, Fort Worth, Tarrant County (near TX-170 and Park Vista Blvd) — broke ground 2015, began serving traffic in 2017, on a ~200-acre campus, heavily expanded since (with an announced AI-driven expansion). DISTINCT from Meta's tracked El Paso, TX campus. No site-specific IT-load MW is disclosed. Coordinates are an approximate geocode of the disclosed Like Way address; a county-parcel pass could upgrade precision to exact."
microsoft-pecos-tx,Microsoft Pecos Data Center Campus,Microsoft,Proposed,Proposed,confirmed,data_center,confirmed,confirmed,2000.0,,2000.0,"2,000 MW planned",7000.0,"Pecos, Reeves, TX",Pecos,Reeves,TX,31.42,-103.49,exact,"Behind-the-meter natural gas plant (Chevron/Energy Forge One, up to 2.67 GW; GE Vernova turbines)",on_site_gas,Chevron/Energy Forge One LLC,2670.0,closed_loop,,"Closed-loop cooling designed to minimize water use, compared by Microsoft to a fast-food restaurant on a lifecycle basis.",,,7000.0,6000.0,,Project Matador Nuclear,TX,289.0,4468.0,35.283762,-101.569,Elm Street BESS,TX,0.8,9.9,MWH,31.427531,-103.4994,Rio Grande - El Paso,river,177.8,31.761,-106.485,Microsoft announces Pecos data center campus,https://blogs.microsoft.com/blog/2026/06/22/powering-the-next-wave-of-ai-expanding-capacity-with-our-new-datacenter-in-pecos/,2,"7,000-acre campus in Reeves County. Natural gas plant investment estimated at $7B separate from campus construction. No groundbreaking date reported as of July 2026; coordinates are Pecos city center as exact parcel not disclosed."
microsoft-san-antonio-expansion-tx,Microsoft San Antonio SAT89/SAT90 Data Centers,Microsoft,Under construction,Under construction,likely,data_center,likely,reported,,,,,8,"Castroville, Medina, TX",Castroville,Medina,TX,29.35,-98.88,exact,Grid (CPS Energy / renewable-matched),grid,,,air,,"Microsoft switched the Medina County design from evaporative to air-cooling at the request of Yancey Water Supply (which serves the area), cutting projected water use ~85% (~150,000 gpd). No site-specific residual water-use (MGD) figure is published.",mixed,765000000.0,,,,South Texas Project,TX,175.3,2708.6,28.795,-96.0481,HEB_CPS00085,TX,12.1,1.6,NG,29.433657,-98.70345,Colorado River - Austin,river,93.1,30.267,-97.743,Microsoft files for data center campus outside San Antonio,https://www.datacenterdynamics.com/en/news/microsoft-files-for-data-center-campus-outside-san-antonio/,4,"Two single-story facilities (SAT89 and SAT90), each 244,700 sq ft, along US Hwy 90 in Medina County. Part of Microsoft's broader San Antonio campus (operating since 2005). $765M investment covers the two new buildings; broader expansion including Texas Research Park adds another $1B. Coordinates are approximate Castroville area centroid; exact parcel not publicly identified. Completion target corrected to July 2027 per permit filings. Tax abatements for SAT89/SAT90 are shielded under Texas competitive-information law (a Chapter 312 abatement is confirmed only for the earlier SAT82 building); site-specific job counts are unpublished (an earlier SAT82 building cited ~50 permanent / ~1,500 construction)."
nexus-hubbard-campus-hill-county-tx,Nexus Hubbard Data Center & Power Campus,Nexus Data Centers,Proposed,Proposed,likely,data_center,likely,reported,612.0,,612.0,612 MW planned,2000.0,"Hubbard, Hill, TX",Hubbard,Hill,TX,31.824001,-96.776243,approximate,,on_site_gas,,612.0,unknown,,Partnership with AirJoule Technologies to deploy waste-heat-to-water atmospheric extraction under an industrial-scale Water Purchase Agreement.,,,2000.0,,,Comanche Peak,TX,67.6,2430.0,32.298365,-97.78552,Payne Battlecreek Solar,TX,2.3,85.0,SUN,31.852503,-96.75536,Colorado River - Austin,river,121.9,30.267,-97.743,"600MW natural gas-powered data center campus proposed in Hubbard, Texas",https://www.datacenterdynamics.com/en/news/600mw-natural-gas-powered-data-center-campus-proposed-in-hubbard-texas/,5,"612 MW first-phase data center campus on ~2,000 acres on the outskirts of Hubbard (Hill County), between Highway 171 and County Road 3369; behind-the-meter natural gas generation. Led by CEO/managing partner Ivan Van der Walt. TCEQ air permit applications filed Dec 2025 (183046, PSDTX1700, GHGPSDTX269); ~500 MW targeted online late 2026; publicly stated eventual full-buildout target ~7.7 GW. No end-user customer publicly identified. Coordinate anchored on the city of Hubbard; exact parcel not confirmed."
poolside-project-horizon-pecos-county-tx,Poolside Project Horizon AI Campus,Poolside AI,Proposed,Proposed,confirmed,data_center,confirmed,reported,2000.0,,2000.0,"2,000 MW planned",568.0,"Pecos, TX",,Pecos,TX,30.8938,-102.8796,approximate,,on_site_gas,,2000.0,,,,,,568.0,,,Project Matador Nuclear,TX,312.7,4468.0,35.283762,-101.569,Fort Stockton Clean Energy Center (BESS),TX,0.2,10.1,MWH,30.891456,-102.8828,Rio Grande - El Paso,river,221.1,31.761,-106.485,Poolside — Announcing Project Horizon: a 2 GW AI campus in Texas,https://poolside.ai/blog/announcing-project-horizon,5,"2 GW AI training campus on a 568-acre parcel of the Mitchell family's Longfellow Ranch in Pecos County, near Fort Stockton. Coordinate anchored on Fort Stockton (nearest named town in coverage); exact parcel not publicly disclosed. CoreWeave was original anchor tenant (15-year, 250 MW lease, 40,000 Nvidia GB300 GPUs) but terminated the lease in late March 2026 after Poolside's Series C funding round failed to close; site reported idle as of mid-2026."
powerhouse-uhland-caldwell-county-tx,PowerHouse Caldwell County Data Center,PowerHouse Data Centers,Proposed,Proposed,likely,data_center,likely,reported,,,,,500.0,"Uhland, Caldwell, TX",Uhland,Caldwell,TX,29.87,-97.85,exact,,,,,,,,contested,,500.0,,,South Texas Project,TX,131.5,2708.6,28.795,-96.0481,Timmerman Power Plant,TX,2.6,368.0,NG,29.875,-97.807,Colorado River - Austin,river,28.2,30.267,-97.743,"PowerHouse looking to build 500-acre data center near Austin, Texas",https://www.datacenterdynamics.com/en/news/powerhouse-looking-to-build-500-acre-data-center-near-austin-texas/,2,"Within the larger Caldwell Valley Technology Park megasite near Austin/San Antonio - a distinct operator/parcel from Tract's own 1,515-acre/2,000MW land holding in the same park (existing tracked entry tract-caldwell-valley-uhland-tx); do not conflate the two. ~700MW figure from a single-source tracker, not independently verified, so omitted from capacityMw. PowerHouse has filed a petition to move the site from Town of Uhland jurisdiction to Caldwell County jurisdiction (lighter TX zoning authority at the county level). Coordinates are approximate."
powerhouse-provident-grand-prairie-tx,PowerHouse Grand Prairie Campus,PowerHouse Data Centers / Provident,Under construction,Under construction,confirmed,data_center,confirmed,confirmed,1800.0,,1800.0,"1,800 MW planned",1800.0,"Grand Prairie, Ellis, TX",Grand Prairie,Ellis,TX,32.62,-97.02,exact,,grid,Oncor,,,,,unknown,,,,,Comanche Peak,TX,49.9,2430.0,32.298365,-97.78552,WAL896,TX,3.8,1.2,NG,32.673532,-97.03623,Lake Texoma,reservoir,87.1,33.824,-96.571,"PowerHouse and Provident to develop 1.8GW campus in DFW, Texas",https://www.datacenterdynamics.com/en/news/powerhouse-and-provident-to-develop-18gw-campus-in-dfw-texas/,3,"1.8 GW DFW-area campus (Grand Prairie): 24 buildings across three phases with an on-site 1.8 GW switchyard. Grand Prairie spans Dallas/Tarrant/Ellis counties; the campus is in the Ellis County (southern) portion. Coordinates reflect the southern Grand Prairie / Ellis County zone. Provident cited 'at least $5B in direct construction impact' over the multi-year build-out (Bisnow) and ~$300M for one 360,000-sq-ft building (Dallas Innovates) - neither a confirmed campus capex pledge -> investmentUsd omitted. Ellis County adopted Chapter 312 abatement guidelines (~Oct 2025, $50M threshold); no executed abatement agreement for this campus was found."
rcm-hill-project-aquila-hill-county-tx,Project Aquila,"RCM Hill, LLC",Proposed,Proposed,likely,data_center,likely,confirmed,1235.0,,1235.0,"1,235 MW planned",800.0,"Hill, TX",,Hill,TX,32.03,-97.13,exact,,,,,,,,litigation,,800.0,,,Comanche Peak,TX,42.6,2430.0,32.298365,-97.78552,Hillsboro Solar Project,TX,0.9,10.0,SUN,32.029636,-97.14555,Colorado River - Austin,river,127.1,30.267,-97.743,Data center developer files lawsuit against Hill County moratorium,https://www.kwtx.com/2026/05/28/illegal-under-texas-law-data-center-developer-files-lawsuit-against-hill-county-moratorium/,1,"Unincorporated Hill County, near Hillsboro, ~55 mi south of Fort Worth. $80M+ land acquisition. A $61.75M ERCOT 'Batch Zero' capacity deposit was due July 24, 2026. Coordinates are approximate."
fermi-matador-amarillo-tx,Project Matador,Fermi America,Under construction,Under construction,confirmed,data_center,confirmed,reported,,,,,5769.0,"Amarillo, Carson County, TX",Amarillo,Carson County,TX,35.396,-101.543,exact,on_site_gas,mixed,,,unknown,,No confirmed water use figures published. Community opposition raised concerns about Ogallala Aquifer impacts from combined cooling demand of gas plants and data centers. Arid Texas Panhandle location heightens water supply risk.,contested,,5769.0,,,Project Matador Nuclear,TX,7.9,4468.0,35.283762,-101.569,Majestic 1 Wind Farm,TX,0.8,79.5,WND,35.3919,-101.53,Lake Texoma,reservoir,302.8,33.824,-96.571,"Fermi America acquires 600MW of gas turbines for 11GW AI mega campus in Amarillo, Texas",https://www.datacenterdynamics.com/en/news/fermi-america-acquires-600mw-of-gas-turbines-for-11gw-ai-mega-campus-in-amarillo-texas/,8,"11GW is the long-term ceiling for the HyperGrid campus; near-term company targets include 1GW by end of 2026 and 2.3GW first-phase delivery — these are company goals, not firm commitments. Land acreage reported variously (5,769 acres per DCD July 2025 and 5,855 acres per other sources; later company materials cite 7,570 acres on 7,570 acres); using 5,769 as the earliest confirmed figure, sourced from the gas turbine acquisition announcement. Coordinates approximate (seed-provided; site in Carson County ~12 miles NE of Amarillo, adjacent to DOE Pantex Plant). Fermi America co-founded January 2025 by former Texas Governor and U.S. Energy Secretary Rick Perry, Toby Neugebauer (CEO, departed April 2026 after being fired 'without cause'), and Griffin Perry. IPO raised $682M on Nasdaq under ticker FRMI (October 2025), valuing company at ~$19B at opening; market cap collapsed to ~$3.4B by April 2026 after leadership exits and loss of anchor tenant ($150M LOI canceled December 2025). Company organized as a REIT; had zero revenue at IPO. Investment: equipment financing commitments exceed $600M ($500M MUFG turbine warehouse + $200M Keystone/Cape facility); projected total project cost $70–90B is a range/projection, not a firm figure — omitted from investmentUsd per data-rigor policy. Jobs: 50,000+ projected across campus lifetime — projection only, omitted from jobs field. Nuclear campus name in NRC COLA filings: 'President Donald J. Trump Advanced Energy and Intelligence Campus'; publicly marketed as Project Matador / HyperGrid."
galaxy-digital-mcgregor-tx,Project Merlin (Helios II),Galaxy Digital,Proposed,Proposed,Data center,data_center,,confirmed,3500.0,,3500.0,"3,500 MW planned",3500.0,"McGregor, McLennan, TX",McGregor,McLennan,TX,31.44,-97.4,approximate,,,,,,,,,400000000.0,,,,Comanche Peak,TX,63.5,2430.0,32.298365,-97.78552,EDFR Bluebonnet,TX,2.4,9.9,SUN,31.411854,-97.42367,Colorado River - Austin,river,83.6,30.267,-97.743,"Galaxy Digital AI data center announced in McGregor, Texas",https://theenergymag.com/news/2026-06-25/galaxy-digital-ai-data-center-mcgregor-texas,2,"~500MW initial phase, up to 3,500MW long-term. 500 acres NE of the SpaceX facility. Second Galaxy Digital Texas site, distinct from the tracked Afton/Dickens County Helios campus."
compass-red-oak-tx,Red Oak Campus,Compass Datacenters,Proposed,Proposed,Data center,data_center,,reported,,,,,8,"Red Oak, Ellis, TX",Red Oak,Ellis,TX,32.537981,-96.804371,approximate,,,,,,,,,600000000.0,,,,Comanche Peak,TX,59.6,2430.0,32.298365,-97.78552,WAL3432,TX,5.8,1.2,NG,32.592923,-96.87984,Lake Texoma,reservoir,89.9,33.824,-96.571,Compass Datacenters looks to expand Red Oak campus,https://www.datacenterdynamics.com/en/news/compass-datacenters-looks-to-expand-red-oak-campus/,1,"Second DFW-area Compass site (buildings 3/4). Distinct operator/site from DataBank's separate Red Oak, TX campus (same town, different companies)."
databank-red-oak-tx,Red Oak Campus,DataBank,Under construction,Under construction,Data center,data_center,,confirmed,480.0,,480.0,480 MW planned,480.0,"Red Oak, Ellis, TX",Red Oak,Ellis,TX,32.5135,-96.7282,approximate,,,,,,,,,,,,,Comanche Peak,TX,63.4,2430.0,32.298365,-97.78552,Dolomite Storage,TX,4.0,125.7,MWH,32.456144,-96.73774,Lake Texoma,reservoir,91.0,33.824,-96.571,DataBank lands $2 billion loan for Dallas data center expansion,https://www.constructionowners.com/news/databank-lands-2-billion-loan-for-dallas-data-center-expansion,1,"292-acre, 8-building campus. Distinct operator/site from Compass Datacenters' separate Red Oak, TX campus (same town, different companies)."
rowan-temple-tx,Rowan Project Temple,Rowan Digital Infrastructure,Under construction,Under construction,confirmed,data_center,confirmed,confirmed,300.0,,300.0,300 MW planned,300.0,"Temple, Bell, TX",Temple,Bell,TX,31.0982,-97.3428,exact,,grid,Oncor,,closed_loop,,"City of Temple requires closed-loop cooling for data-center projects; Project Temple's domestic water use is contractually capped at 4,000 gal/day (a contractual requirement, not an estimate) with no ongoing cooling-water withdrawal. The full utility-services agreement was withheld by the City in response to a records request.",mixed,,,,,Comanche Peak,TX,86.9,2430.0,32.298365,-97.78552,HEB00182,TX,2.5,1.2,NG,31.07212,-97.3709,Colorado River - Austin,river,62.2,30.267,-97.743,Rowan powers Texas growth as construction begins on 300 MW Temple data center,https://rowan.digital/news/rowan-powers-texas-growth-as-construction-begins-on-300-mw-temple-data-center/,4,"300 MW campus in Temple, Bell County; $3B financing secured, operations targeted 2027. Distinct from Rowan's separately-tracked Frederick, MD campus. Coordinates are the Temple area centroid. The '$3B' figure is green debt financing (May 2026), not campus capex; the abatement cites a ~$700M minimum investment floor -> investmentUsd omitted. ~600 construction / ~40 permanent jobs projected (abatement requires >=48 permanent) -> jobs honest-zero."
mara-site-mat-1177-matagorda-tx,Site MAT 1177,MARA Holdings,Proposed,Proposed,Data center,data_center,,confirmed,1000.0,,1000.0,"1,000 MW planned",1000.0,"Matagorda, TX",,Matagorda,TX,28.95,-95.97,approximate,,,,,,,,,600000000.0,,,,South Texas Project,TX,11.7,2708.6,28.795,-96.0481,Ventures BESS,TX,2.2,226.8,MWH,28.974482,-95.99381,Colorado River - Austin,river,140.1,30.267,-97.743,MARA signs agreement with HIF to acquire strategic powered land site,https://www.stocktitan.net/news/MARA/mara-signs-agreement-with-hif-to-acquire-strategic-powered-land-site-nqvuby8e4d46.html,2,"~1,200 acres approximately 90 miles SW of Houston; up to 2,000MW long-term. Coordinates are a COUNTY-CENTROID approximation — exact city undisclosed."
soluna-project-kati-willacy-tx,Soluna Project Kati,Soluna Holdings,Under construction,Under construction,likely,data_center,likely,confirmed,166.0,,166.0,166 MW planned,166.0,"Raymondville, Willacy, TX",Raymondville,Willacy,TX,26.4804,-97.7836,exact,ERCOT grid,grid,,,,,,,,,,,South Texas Project,TX,192.0,2708.6,28.795,-96.0481,Magic Valley Wind Farm I LLC,TX,5.7,203.0,WND,26.475278,-97.69111,Colorado River - Austin,river,261.6,30.267,-97.743,"Soluna Breaks Ground on its Largest Site to Date, Project Kati",https://www.businesswire.com/news/home/20250911683738/en/Soluna-Breaks-Ground-on-its-Largest-Site-to-Date-Project-Kati,1,"Rio Grande Valley, Willacy County; 166 MW clean computing in two phases (scaling toward 300+ MW — in notes), ERCOT-approved, Phase 1 live early 2026. Coordinates are anchored to Raymondville (county seat); the exact parcel is unspecified."
stargate-abilene-tx,Stargate Abilene,OpenAI / Oracle / Crusoe,Under construction,Under construction,confirmed,data_center,confirmed,reported,1200.0,,1200.0,"1,200 MW planned",800.0,"Abilene, Taylor, TX",Abilene,Taylor,TX,32.4487,-99.7331,exact,grid (AEP Texas),mixed,AEP Texas,,closed_loop,,"Direct-to-chip liquid cooling with a zero-water-evaporation closed-loop system (per Measured AI, ~12,625 gallons per building per year). Mayor stated the facility would use less than 1% of Abilene's daily water. reportedMgd omitted — only per-building annual volume disclosed.",mixed,3500000000.0,800.0,,,Comanche Peak,TX,114.1,2430.0,32.298365,-97.78552,HEB00070,TX,1.8,1.2,NG,32.433318,-99.75832,Colorado River - Austin,river,191.1,30.267,-97.743,Announcing the Stargate Project — OpenAI,https://openai.com/index/announcing-the-stargate-project/,7,
stargate-milam-county-tx,Stargate Milam County Campus,OpenAI / SoftBank (SB Energy),Under construction,Under construction,confirmed,data_center,confirmed,reported,1200.0,,1200.0,"1,200 MW planned",595.0,"Milam, TX",,Milam,TX,30.852,-96.972,exact,on-site natural gas microgrid,solar,ERCOT,,closed_loop,,SB Energy states the facility uses a closed-loop water-cooling system 'designed to minimize water usage'; no permitted volume (MGD) is disclosed.,supported,470000000.0,595.0,,,Comanche Peak,TX,110.8,2430.0,32.298365,-97.78552,BT Jungmann,TX,6.2,40.0,SUN,30.903764,-97.05778,Colorado River - Austin,river,61.1,30.267,-97.743,OpenAI Stargate: where the US sites stand — Epoch AI,https://epoch.ai/publications/openai-stargate-where-the-us-sites-stand,5,
core-scientific-quinlan-tx,Telios Quinlan Campus,Core Scientific,Proposed,Proposed,Data center,data_center,,confirmed,430.0,,430.0,430 MW planned,430.0,"Quinlan, Hunt County, TX",Quinlan,Hunt County,TX,32.911,-96.138,approximate,,,,,,,,,232500000.0,,,,Comanche Peak,TX,104.8,2430.0,32.298365,-97.78552,BT Signal Ranch,TX,6.0,50.0,SUN,32.986,-96.086,Lake Texoma,reservoir,67.9,33.824,-96.571,Core Scientific 10-Q Q1 2026 (Telios Quinlan One acquisition),https://www.sec.gov/Archives/edgar/data/1839341/000162828026031396/core-20260331.htm,1,Acquisition of Telios Quinlan One LLC completed 2026-05-05; ~260 acres; utility Farmers Electric Cooperative; future data-center site. Primary-sourced from SEC 10-Q subsequent-events.
tesla-cortex-2-giga-texas-austin-tx,Tesla Cortex 2.0 AI Training Cluster (Giga Texas),Tesla,Under construction,Under construction,confirmed,data_center,confirmed,reported,500.0,,500.0,500 MW planned,500.0,"Austin, Travis, TX",Austin,Travis,TX,30.2223,-97.6171,approximate,,,,,,,,,,,,,South Texas Project,TX,136.5,2708.6,28.795,-96.0481,Austin TX GigaFactory,TX,0.2,5.4,SUN,30.22021,-97.61968,Colorado River - Austin,river,8.1,30.267,-97.743,Cortex 2.0: Tesla's new supercomputer at Giga Texas,https://interestingengineering.com/innovation/tesla-supercomputer-cortex-2-texas,4,"Dedicated, purpose-built AI training data center on the north side of Tesla's Giga Texas campus (unincorporated Travis County), separate from and adjacent to the original Cortex cluster. Trains neural networks for Full Self-Driving and the Optimus robot program; uses Nvidia GPUs. First ~250 MW targeted online with a full ~500 MW buildout targeted mid-2026; construction began early 2025. Coordinate is the Giga Texas campus point; Cortex 2.0 is a specific building on that campus."
tcdc-ector-county-tx,Texas Critical Data Centers (TCDC),Sharon AI + New Era Energy & Digital (joint venture),Proposed,Proposed,confirmed,data_center,confirmed,reported,250.0,,250.0,250 MW planned,438.0,"Ector, TX",,Ector,TX,31.87,-102.54,exact,,,,,,,,,,438.0,,,Project Matador Nuclear,TX,242.4,4468.0,35.283762,-101.569,Westover,TX,6.0,9.0,DFO,31.8362,-102.4461,Rio Grande - El Paso,river,231.7,31.761,-106.485,"TCDC signs LOI to acquire an additional 203 acres for off-grid data center campus in Ector County, Texas",https://www.datacenterdynamics.com/en/news/tcdc-signs-loi-to-acquire-an-additional-203-acres-for-offgrid-data-center-campus-in-ector-county-texas/,1,"Potential to scale beyond 1GW (ceiling, not a confirmed committed figure). Power partners Thunderhead Energy Solutions and Mawgan Capital (behind-the-meter gas generation); GlobeLink providing dark fiber. Phased: first 100MW segment targeted online by December 2026, remaining 150MW roughly 6 months later. Coordinates are approximate (Odessa area)."
tract-caldwell-valley-uhland-tx,Tract Caldwell Valley Technology Park,Tract,Proposed,Proposed,likely,data_center,likely,confirmed,2000.0,,2000.0,"2,000 MW planned",2000.0,"Uhland, Caldwell, TX",Uhland,Caldwell,TX,29.9499,-97.7889,exact,Blue Bonnet Electric Cooperative,grid,Blue Bonnet Electric Cooperative,,,,,,,,,,South Texas Project,TX,131.7,2708.6,28.795,-96.0481,Timmerman Power Plant,TX,5.3,368.0,NG,29.875,-97.807,Colorado River - Austin,river,22.1,30.267,-97.743,"Tract closes acquisition of 1,515 acres in Caldwell County, Texas for multi-gigawatt data center technology park",https://www.tract.com/news/tract-closes-acquisition-of-1515-acres-in-caldwell-county-texas-for-multi-gigawatt-data-center-technology-park/,1,"1,515-acre megasite in Caldwell County (Uhland area, between Austin and San Antonio); over 2 GW at full buildout (expansion toward ~4 GW is a ceiling — in notes), initial 360 MW utility delivery H1 2028 via Blue Bonnet Electric Cooperative. Land acquisition closed May 2025 (pre-construction). Coordinates are the Uhland area centroid."
vantage-frontier-shackelford-county-tx,Vantage Frontier Campus,Vantage Data Centers (for OpenAI / Oracle),Under construction,Under construction,confirmed,data_center,confirmed,reported,1400.0,,1400.0,"1,400 MW planned",1200.0,"Shackelford, TX",,Shackelford,TX,32.7272,-99.2987,exact,on-site natural gas microgrid (Voltagrid),on_site_gas,,700.0,closed_loop,,Vantage describes a closed-loop chilled-water system with 'near zero' water utilization efficiency; no reported MGD figure disclosed.,supported,,1200.0,,250.0,Comanche Peak,TX,93.0,2430.0,32.298365,-97.78552,Hackberry Wind Farm,TX,7.8,165.6,WND,32.7683,-99.4228,Lake Texoma,reservoir,174.8,33.824,-96.571,"Vantage Data Centers Unveils Plans for Frontier, a $25B Mega-campus in Texas — Vantage",https://vantage-dc.com/news/vantage-data-centers-unveils-plans-for-frontier-a-25b-mega-campus-in-texas-to-meet-unprecedented-ai-demand/,5,
beacon-westline-dove-creek-san-angelo-tx,Westline Site / Dove Creek Technology Campus,Beacon Data Centers (via Westline TX Holdings),Proposed,Proposed,Data center,data_center,,reported,,,,,1240.0,"San Angelo (Tankersley area, unincorporated), Tom Green, TX","San Angelo (Tankersley area, unincorporated)",Tom Green,TX,31.335,-100.478,approximate,,,,,,,,,,1240.0,,,Comanche Peak,TX,171.5,2430.0,32.298365,-97.78552,Angelo Solar,TX,13.5,195.0,SUN,31.51,-100.58,Colorado River - Austin,river,178.3,30.267,-97.743,TCEQ Air Quality Permit No. 184380 application (Westline TX Holdings),https://conchoobserver.com/data-center-permits-detail-proposed-air-quality-footprint/,3,"Anchored to TCEQ Air Quality Permit application #184380 filed by Westline TX Holdings (Beacon Data Centers). Site is ~1,240 buildable acres near the FM 2335 / US-67 South junction along Spring Creek, Precinct 4, Tom Green County. County commissioners rejected a proposed 12-month data-center moratorium 2026-06-02, citing litigation risk — an implicit but real signal the project is proceeding through the county's process. No MW capacity or investment figure disclosed in any source reviewed; left null per zero-fabrication rule. Coordinates are an approximate geocode of the named road junction (Tankersley, TX), not a parcel centroid — recommend verifying against the TCEQ permit's exact site description if available. Single-source (Concho Observer reporting a TCEQ air-quality permit application); recorded reported-tier pending a second corroborating primary."
creekstone-delta-ut,Creekstone Energy Delta Gigasite,Creekstone Energy,Under construction,Under construction,confirmed,data_center,confirmed,reported,10000.0,,10000.0,"10,000 MW planned",1143.0,"Delta, Millard, UT",Delta,Millard,UT,39.3527,-112.5777,exact,On-site natural gas + utility-scale solar (SITLA lease) + nuclear planned,mixed,,300.0,air,,Dry cooling design described as 'essentially waterless operation',,17000000000.0,1143.0,,,Kemmerer Unit 1,WY,194.1,500.0,41.705993,-110.5603,Intermountain Pumped Storage Project,UT,8.5,1000.0,WAT,39.414705,-112.4404,Great Salt Lake,lake,125.5,41.169,-112.583,Zeo Energy to supply 280MW for Creekstone's 10GW Delta Gigasite,https://www.datacenterdynamics.com/en/news/zeo-energy-to-supply-280mw-of-power-for-creekstone-energys-up-to-10gw-data-center-campus-in-millard-county-utah/,3,"Claims to be world's largest planned AI data center campus at 20M sq ft. 1,143 acres owned; 13,000-acre SITLA lease for solar (largest solar lease in Utah history — record previously stated 30,000 acres, corrected to 13,000 acres per March 2026 BusinessWire announcement and multiple independent sources). Initial customer BluSky AI allocated up to 50MW. Adjacent to Intermountain Power Project. 10GW is full-buildout target; first 300MW gas delivery H1 2027. Coordinates at Delta city centroid; site is southeast of Delta."
cyrusone-dugway-proving-ground-tooele-county-ut,CyrusOne Dugway Proving Ground Data Center,CyrusOne (in exclusive negotiations with the US Army),Proposed,Proposed,likely,data_center,likely,reported,,,,,1201.0,"Tooele, UT",,Tooele,UT,40.2,-112.93,exact,,,,,,,,,2000000000.0,1201.0,,,Kemmerer Unit 1,WY,161.6,500.0,41.705993,-110.5603,Tooele Army Depot(CSG),UT,36.1,7.2,MWH; SUN; WND,40.50303,-112.3706,Great Salt Lake,lake,69.4,41.169,-112.583,Army reaches conditional agreement with private industry for hyperscaled data centers,https://www.army.mil/article/291360/army_reaches_conditional_agreement_with_private_industry_for_hyperscaled_data_centers,2,"Conditionally selected, currently in exclusive negotiations with the US Army (not finalized); expected completion ~2029. Would be CyrusOne's first Utah facility, developed in partnership with Carlyle. Framed as AI-driven Army infrastructure ('AI is a strategic asset... force multiplier' per the Army Secretary) rather than marketed as a standalone AI-brand product. Coordinates are approximate."
joule-millard-county-ut,Joule Energy and Data Center Campus,Joule Capital Partners,Under construction,Under construction,confirmed,data_center,confirmed,reported,4000.0,,4000.0,"4,000 MW planned",4000.0,"Holden, Millard, UT",Holden,Millard,UT,39.1072,-112.165,exact,On-site Caterpillar G3520K gas generators; nuclear planned post-2030,on_site_gas,,1000.0,closed_loop,,Closed-loop direct-to-chip cooling saves millions of gallons vs evaporative; family water rights held by founders; no new water allocation required,mixed,,4000.0,,,Kemmerer Unit 1,WY,198.4,500.0,41.705993,-110.5603,Pavant Solar II LLC,UT,10.3,50.0,SUN,39.1625,-112.343,Great Salt Lake,lake,144.2,41.169,-112.583,Groundbreaking held for Joule data center campus in Millard County,https://www.abc4.com/news/central-utah/groundbreaking-millard-county-data-center/,2,"Founders Mark McDougal and David Gray converting family 4,000-acre alfalfa farm near Holden. Described by founders as largest private project in Utah history. Partnership with Caterpillar for generator sets; MOU with EnergySolutions for nuclear feasibility study. Part of Governor Cox's Operation Gigawatt initiative. Site at 4,800+ ft elevation for cooling efficiency. Coordinates approximate for Holden, Millard County."
meta-eagle-mountain-ut,Meta Eagle Mountain Data Center Campus,Meta,Operating,Operating,mixed_use,data_center,mixed_use,confirmed,,,,,500.0,"Eagle Mountain, Utah, UT",Eagle Mountain,Utah,UT,40.3138,-111.9697,exact,grid (Rocky Mountain Power) + renewable PPAs,solar,Rocky Mountain Power (PacifiCorp),,hybrid,,"Air-side economizer with evaporative assist and multi-pass water reuse. The campus consumed ~35.1 million gallons in 2024 (city data reported by Grist), more than double 2021. A 2018 confidentiality agreement kept monthly water use private and obliged the city to alert Meta to records requests, drawing transparency criticism. Meta pledges 200% water restoration by 2030 (e.g., a $200K Hobble Creek flow-restoration grant).",mixed,,500.0,1200.0,300.0,Kemmerer Unit 1,WY,121.0,500.0,41.705993,-110.5603,Lake Side Power Plant,UT,11.4,1246.5,NG,40.331667,-111.7542,Great Salt Lake,lake,67.2,41.169,-112.583,Meta Eagle Mountain Utah Campus — Baxtel,https://baxtel.com/data-center/meta-eagle-mountain-utah-campus,6,
qts-eagle-mountain-ut,QTS Eagle Mountain Data Center Campus,QTS Data Centers,Under construction,Under construction,confirmed,data_center,confirmed,reported,,,,,193.0,"Eagle Mountain, Utah, UT",Eagle Mountain,Utah,UT,40.3155,-111.9847,exact,grid (Rocky Mountain Power); water-free cooling,grid,Rocky Mountain Power (PacifiCorp),,closed_loop,,"A closed-loop system that QTS says does not consume water for cooling once operational — roughly a 600,000-gallon one-time fill per building plus modest domestic use — avoiding an estimated 250–300 million gallons/year versus evaporative cooling.",mixed,6000000000.0,193.0,2000.0,100.0,Kemmerer Unit 1,WY,121.4,500.0,41.705993,-110.5603,Lake Side Power Plant,UT,12.2,1246.5,NG,40.331667,-111.7542,Great Salt Lake,lake,66.8,41.169,-112.583,QTS begins construction on new datacenter campus in Eagle Mountain — Eagle Mountain City,https://eaglemountain.gov/qts-begins-construction-on-new-datacenter-campus-in-eagle-mountain/,6,
stratos-box-elder-ut,Stratos AI Data Center Campus,O'Leary Digital,Proposed,Proposed,confirmed,data_center,confirmed,reported,9000.0,,9000.0,"9,000 MW planned",40000.0,"Lucin, Box Elder, UT",Lucin,Box Elder,UT,41.5,-113.5,exact,On-site natural gas (Ruby Pipeline) + planned solar array,on_site_gas,,,closed_loop,,Closed-loop system using on-site saline water described as unsuitable for human or agricultural use; developer states no diversion from Great Salt Lake basin,contested,,40000.0,,,Kemmerer Unit 1,WY,152.5,500.0,41.705993,-110.5603,Raft River Geothermal Power Plant,ID,41.9,16.0,GEO,42.099417,-113.3825,Great Salt Lake,lake,52.8,41.169,-112.583,Stratos Project Fact Sheet — Box Elder County,https://www.boxeldercountyut.gov/647/Stratos-Project-Fact-Sheet,2,"Hansel Valley and Locomotive Valley, western Box Elder County near Lucin, UT. 60 planned data centers on initial 10,000-acre phase. 9GW is full-buildout figure; Phase 1 ~3GW. Total cost projected $100B+ at full buildout; only $20M invested as of mid-2026. Designed by Gensler. Environmental permitting via Utah DEQ expected to take ~2 years. MIDA oversight provides state-level approval authority. Coordinates are approximate for western Box Elder County; exact site boundaries unpublished."
anchorstone-58-east-data-campus-ringgold-va,58 East Data Campus (Route 58 East Data Center Campus),Anchorstone Advisors LLC,Permitted,Permitted,Data center,data_center,,reported,,,,,945.75,"Ringgold, Pittsylvania, VA",Ringgold,Pittsylvania,VA,36.6048,-79.2905,approximate,,,,,,,,,5000000000.0,945.75,,,Harris (NC),NC,69.7,950.9,35.6334,-78.9556,"Danville Farm, LLC",VA,1.1,12.0,SUN,36.591,-79.302,Kerr Reservoir,reservoir,55.1,36.599,-78.297,Pittsylvania County Board of Supervisors rezoning approval (7/16/2024) + Board of Zoning Appeals Special Use Permit approval,https://cardinalnews.org/2024/07/17/pittsylvania-county-approves-its-first-data-center-project/,4,"Also referred to in some coverage as 'Route 58 East Data Center Campus'. Board of Zoning Appeals granted the Special Use Permit under the county's new M-2 heavy-industrial data-center-by-SUP ordinance (adopted May 21, 2024). Construction of phase 1 targeted mid-2025 to early 2026 per developer statements at time of approval; up to ~5 buildings, 200MW with room for expansion, ~$4-5B projected investment, build-out over ~10 years. Coordinates are town-centroid for Ringgold, VA (approximate) — exact parcel not geocoded from a parcel ID in sources reviewed this session. Pittsylvania County's first data-center rezoning (~945 ac off US-58, Ringgold), approved 2024 per Cardinal News; ~$5B investment and ~200 MW are reported estimates from secondary coverage (not in the primary) — omitted as structured figures pending a county case doc."
adp-ladysmith-data-hub-caroline-va,ADP Ladysmith Data Hub,"ADP Ladysmith Data Hub, LLC",Proposed,Proposed,Data center,data_center,,reported,,,,,140.38,"Ruther Glen, Caroline, VA",Ruther Glen,Caroline,VA,38.00386898862997,-77.5030262165529,approximate,,,,,,,,,,140.38,,,North Anna,VA,16.1,1960.4,38.06,-77.7897,Ladysmith,VA,4.8,892.5,NG,38.0722,-77.5133,James River - Richmond,river,32.3,37.54,-77.436,"Caroline County Special Exceptions and Rezonings case listing, Case RZ-02-2025 / SPEX-06-2025",https://co.caroline.va.us/1036/Special-Exceptions-and-Rezonings,2,Companion case to RZ-02-2025 (proffer amendment). 2030 Comprehensive Plan designates parcel as Light Industrial within the Ladysmith Growth Area. Applicant proffering a 100' buffer. No public hearing date confirmed found in this pass — status kept as 'proposed' pending BOS action.
aws-mattermeade-caroline-va,AWS Mattermeade Tech Campus,Amazon Web Services,Proposed,Proposed,confirmed,data_center,confirmed,confirmed,770.0,,770.0,770 MW planned,770.0,"Bowling Green, Caroline, VA",Bowling Green,Caroline,VA,38.044,-77.3527,exact,,grid,,,,,,,,,,,North Anna,VA,23.8,1960.4,38.06,-77.7897,Ladysmith,VA,9.0,892.5,NG,38.0722,-77.5133,James River - Richmond,river,35.1,37.54,-77.436,"Amazon requests permit for 11-building data center campus in Caroline County, Virginia",https://www.datacenterdynamics.com/en/news/amazon-requests-permit-for-11-building-data-center-campus-in-caroline-county-virginia/,3,"1,143 acres across Caroline & Spotsylvania counties, SE of the I-95 / Mudd Tavern Rd interchange; 11 two-story data center buildings plus an office. Amazon is 'seeking to develop a minimum of 770 MW by 2027'. Recorded as proposed (federal permit application filed / public-comment stage as of early 2025). Coordinates are the Bowling Green / Woodford area centroid."
amazon-devlin-tech-park-va,Amazon Devlin Technology Park,Amazon Web Services,Permitted,Permitted,mixed_use,data_center,mixed_use,confirmed,,,,,188.5,"Bristow, Prince William, VA",Bristow,Prince William,VA,38.724,-77.558,exact,,,,,,,,contested,700000000.0,188.5,,,North Anna,VA,47.6,1960.4,38.06,-77.7897,Gateway Gen,VA,2.6,3.6,DFO,38.725278,-77.50972,Potomac River - Northern Virginia,river,19.3,38.969,-77.386,Amazon buys 189 acres in Prince William tech park for $700M,https://virginiabusiness.com/amazon-buys-189-acres-in-prince-william-tech-park-for-700m/,2,$700M land purchase is among the highest ever for undeveloped land in the US. Zoning allows up to 3.5 million sq ft of data center space and three substations. Adjacent to Microsoft's Bristow campus parcel. Coordinates approximate for northwest corner of Devlin and Linton Hall roads.
bermuda-hundred-data-center-chesterfield-va,Bermuda Hundred Data Center (Old Bermuda Hundred Road),Undisclosed (landowner: Washington Single Family Fund3),Proposed,Proposed,Data center,data_center,,reported,,,,,8,"Chester, Chesterfield, VA",Chester,Chesterfield,VA,37.33798175,-77.39493747,exact,,,,,,,,litigation,,,,,Surry,VA,40.1,1695.0,37.1661,-76.6986,Chesterfield Energy Reliability Center (CERC),VA,3.1,1000.0,natural_gas,37.38189170453291,-77.38444091694713,James River - Richmond,river,14.1,37.54,-77.436,Chesterfield Zoning Appeals Board denies appeal over proposed data center campus near I-95,https://www.wtvr.com/news/local-news/chesterfield-county/proposed-data-center-appeal-denied-june-3-2026,5,"Proposed data center on ~89 acres at 1931 Old Bermuda Hundred Rd, Chester (Bermuda District), Chesterfield County. Land owned by Washington Single Family Fund3 (acquired 2023 for $462,000); the data-center developer is undisclosed. Under the pre-2026 I-2 zoning it was by-right; the 2026 ordinance made data centers conditional-use. The planning director found no vested right and the BZA unanimously upheld that denial 2026-06-03, so a CUP is now required. Recorded as proposed (not cancelled) with community=litigation."
stack-berry-hill-va,Berry Hill / Southern Virginia Megasite,STACK Infrastructure,Proposed,Proposed,Data center,data_center,,confirmed,,,,,8,"Berry Hill, Pittsylvania, VA",Berry Hill,Pittsylvania,VA,36.68,-79.35,approximate,,,,,,,,,,,,,Harris (NC),NC,75.6,950.9,35.6334,-78.9556,Danville,VA,3.1,6.0,SUN,36.660591,-79.29906,Kerr Reservoir,reservoir,58.6,36.599,-78.297,"STACK commits $73.5bn investment into data center campus in Berry Hill, Virginia",https://www.datacenterdynamics.com/en/news/stack-commits-735bn-investment-into-data-center-campus-in-berry-hill-virginia/,2,"Performance agreement caps investment at up to $73.5B over 30 years (2,050 jobs); parallel reporting cites a ~$100B project scope. ~2,990 acres of the Southern Virginia Megasite; land deal ~$737.8M."
aws-birchwood-data-campus-king-george-va,Birchwood Data Campus,Amazon Web Services (via Birchwood Power Partners),Permitted,Permitted,Data center,data_center,,confirmed,,,,,8,"King George, King George County, VA",King George,King George County,VA,38.25934134516552,-77.32191549954541,approximate,,,,,,,,,6000000000.0,,,,North Anna,VA,28.9,1960.4,38.06,-77.7897,Waste Management King George LFGTE,VA,1.3,13.2,LFG,38.2747,-77.3081,Potomac River - Northern Virginia,river,49.2,38.969,-77.386,Virginia's King George County approves rezoning for AWS data campus,https://www.datacenterdynamics.com/en/news/virginias-king-george-county-approves-land-rezoning-for-aws-data-campus/,1,"869 acres (former power-plant site), 19 buildings, 7.5M sq ft; rezoning approved Sept 2023; contested vested-rights case in circuit court."
amazon-blackwell-road-warrenton-va,Blackwell Road Data Center (Warrenton),Amazon Data Services,Permitted,Permitted,Data center,data_center,,confirmed,40.0,,40.0,40 MW planned,40.0,"Warrenton, Fauquier County, VA",Warrenton,Fauquier County,VA,38.72948224074257,-77.78753470617198,exact,,,,,,,,,,,,,North Anna,VA,46.3,1960.4,38.06,-77.7897,Water Treatment Plant Generators,VA,9.2,1.8,DFO,38.760695,-77.62089,Potomac River - Northern Virginia,river,27.2,38.969,-77.386,Warrenton town staff approves site plan for Amazon data center (SUP-22-3),https://www.fauquiernow.com/news/warrenton-town-staff-approves-site-plan-for-220-000-square-foot-amazon-data-center-project/article_13b53e3e-fe67-11ee-81ce-b361084ba5ae.html,3,"Town of Warrenton SUP-22-3; 220,000 sq ft on 42 acres; site plan approved with 27 conditions (Apr 2024)."
bull-church-data-center-caroline-va,Bull Church Data Center,"NRD Retail, LLC",Proposed,Proposed,Data center,data_center,,reported,,,,,87.53,"Ruther Glen, Caroline, VA",Ruther Glen,Caroline,VA,38.00820612043225,-77.49262214339025,approximate,,,,,,,,,,87.53,,,North Anna,VA,16.6,1960.4,38.06,-77.7897,Ladysmith,VA,4.6,892.5,NG,38.0722,-77.5133,James River - Richmond,river,32.5,37.54,-77.436,"Caroline County rezoning case RZ-04-2024, Bull Church Data Center",https://co.caroline.va.us/1036/Special-Exceptions-and-Rezonings,2,"Case referenced in local press as a long-pending 'zombie' rezoning (originally filed 2024, still active through March 2025 BOS agenda). No anchor tenant/operator beyond the landowner applicant is publicly named — speculative land rezoning, not yet an operator-committed campus."
aws-carters-store-tech-campus-spotsylvania-va,Carter's Store Tech Campus,Amazon Web Services,Permitted,Permitted,Data center,data_center,,reported,,,,,8,"Spotsylvania, Spotsylvania, VA",Spotsylvania,Spotsylvania,VA,38.1911,-77.4687,exact,,,,,,,,,,,,,North Anna,VA,19.7,1960.4,38.06,-77.7897,Ladysmith,VA,8.6,892.5,NG,38.0722,-77.5133,James River - Richmond,river,45.0,37.54,-77.436,"Data Center Frontier — Amazon plans major data center expansion in Spotsylvania County (Carter's Store: 313 ac, 2.6M sq ft, Phase 1 construction from July 2027)",https://www.datacenterfrontier.com/cloud/article/33006046/amazon-plans-major-data-center-expansion-in-virginias-spotsylvania-county,3,"One of Amazon Web Services' four Spotsylvania data center campuses. ~313 acres at 8432 Flippo Drive, east of I-95, bordering the Summit Crossing campus; up to ~2.6M sq ft of data center buildings through 2035 (Phase 1 max ~900k sq ft). Amazon Data Services filed June 2023 to rezone from Rural to Industrial-1; Board of Supervisors approved the four AWS rezonings 5-2 in October 2023 (""ST23"" case series). Status conservatively recorded as permitted: sources conflict on construction timing — Data Center Frontier reports Phase 1 construction starting July 2027, while The Fredericksburg Advance (2026) describes buildings going up across the AWS sites. Coordinates exact (8432 Flippo Drive geocode)."
powerhouse-chirisa-chester-va,Chirisa Technology Park — Richmond (Chester),PowerHouse Data Centers / Chirisa (Blue Owl JV),Under construction,Under construction,likely,data_center,likely,confirmed,120.0,,120.0,120 MW planned,120.0,"Chester, Chesterfield, VA",Chester,Chesterfield,VA,37.3554,-77.4416,exact,,grid,Dominion Energy,,closed_loop,,"Chirisa 'direct-on-chip' liquid cooling (closed-loop, ~2x more power-efficient than air-cooled); site water sourced from a Chesterfield County reclaimed-water system. No MGD figure published.",mixed,,,,,Surry,VA,42.9,1695.0,37.1661,-76.6986,"Chester Solar Technology Park, LLC",VA,3.0,160.0,SUN,37.317,-77.466,James River - Richmond,river,12.8,37.54,-77.436,"Blue Owl, Chirisa Technology Parks and PowerHouse Data Centers announce first phase of $5 billion JV development partnership",https://www.prnewswire.com/news-releases/blue-owl-chirisa-technology-parks-and-powerhouse-data-centers-announce-first-phase-of-5-billion-joint-venture-development-partnership-302233967.html,3,"Chester, Chesterfield County — first phase of a Blue Owl / Chirisa / PowerHouse JV: initial 50 MW (2025) → 120 MW facility, with a ~1 GW eventual plan (in notes). $600M construction loan closed. Distinct parcel from Google's Midlothian (Chesterfield) campus. Coordinates are the Chester area centroid. The $600M is a construction loan (financing) and the $5B is the multi-site JV total - neither is this campus's capex -> investmentUsd omitted. 800-1,200 jobs projected over 5-7 years spanning construction and operations -> jobs honest-zero. Virginia law bars per-company data-center subsidy disclosure -> subsidy honest-zero."
cleanarc-ruther-glen-va,CleanArc VA1,CleanArc Data Centers,Under construction,Under construction,likely,data_center,likely,confirmed,900.0,,900.0,900 MW planned,900.0,"Ruther Glen, Caroline, VA",Ruther Glen,Caroline,VA,37.9374,-77.4837,exact,,grid,Dominion Energy Virginia,,closed_loop,,The Caroline County performance agreement prohibits potable water for industrial cooling (county water for washing/flushing only); closed-loop recirculation with initial water brought off-site. Not yet operational - no daily-use figure.,mixed,3000000000.0,,,,North Anna,VA,18.7,1960.4,38.06,-77.7897,Doswell Energy Center,VA,8.3,1313.0,NG,37.820805,-77.44625,James River - Richmond,river,27.6,37.54,-77.436,"CleanArc gets green light for data center campus in Caroline County, Virginia",https://www.datacenterdynamics.com/en/news/cleanarc-gets-green-light-for-600mw-data-center-campus-in-caroline-county-virginia/,5,"900 MW flagship campus in Ruther Glen, Caroline County, phased into the mid-2030s (200 MW online targeted Q3 2026). Distinct operator/parcel from the AWS Mattermeade campus (also Caroline County). Coordinates are the Ruther Glen area centroid. investmentUsd records the confirmed $3B first-phase pledge (VEDP); the ~$8.8B full-buildout figure is a projection and is excluded."
cloudhq-manassas-mcc-va,CloudHQ Manassas MCC Campus,CloudHQ,Under construction,Under construction,mixed_use,data_center,mixed_use,confirmed,382.0,,382.0,382 MW planned,100.0,"Manassas, Prince William, VA",Manassas,Prince William,VA,38.7196,-77.4982,exact,,grid,Dominion Energy (Clover Hill substation),,air,,The first building (MCC1) uses a waterless air-side design — 152 Kyoto Cooling heat-wheel units driving PUE below 1.2; cooling for later buildings is not confirmed. The campus is within the Prince William Water service area.,mixed,,100.0,,,North Anna,VA,48.2,1960.4,38.06,-77.7897,Gateway Gen,VA,0.7,3.6,DFO,38.725278,-77.50972,Potomac River - Northern Virginia,river,18.3,38.969,-77.386,"CloudHQ MCC Campus — Manassas, Virginia",https://cloudhq.com/campus/mcc-campus/,4,"Seven-building campus; 382 MW total planned critical IT load; 96 MW currently available. Coordinates sourced directly from CloudHQ website (38.71955, -77.49819). Connects via Manassas Fiber Highway to CloudHQ's MDC campus."
convergent-technology-park-remington-fauquier-va,Convergent Technology Park,Convergent VA LLC,Proposed,Proposed,Data center,data_center,,reported,,,,,140.0,"Remington, Fauquier, VA",Remington,Fauquier,VA,38.55073067963831,-77.8046447409979,approximate,,,,,,,,,1000000000.0,140.0,,,North Anna,VA,33.9,1960.4,38.06,-77.7897,Remington Solar Facility,VA,1.5,20.0,SUN,38.548333,-77.77639,Potomac River - Northern Virginia,river,36.7,38.969,-77.386,Fauquier County planning staff project database (maintained record of application status),https://www.fauquiernow.com/news/data-center-database-where-projects-stand-across-fauquier-county/article_18be50e8-49f6-11ef-95cf-3b45407fea55.html,3,"HONEST INTAKE per prompt guidance: status is application 'on hold, not yet accepted' by the county — real filing, real acreage/investment figures reported, but pre-acceptance. Recorded as status=proposed with the hold explicitly noted rather than dropped, since it is a genuine, citable county application (not rumor). Sourced from the Fauquier County planning-database roundup (fauquiernow.com); status is early/speculative — a per-project county docket should confirm before elevating confidence."
aws-cosner-technology-campus-massaponax-va,Cosner Technology Campus,Amazon Web Services,Under construction,Under construction,Data center,data_center,,confirmed,,,,,8,"Massaponax, Spotsylvania County, VA",Massaponax,Spotsylvania County,VA,38.204738259414135,-77.47623258858057,approximate,,,,,,,,,,,,,North Anna,VA,19.8,1960.4,38.06,-77.7897,Electric Avenue Facility,VA,8.1,6.9,DFO,38.28,-77.59,James River - Richmond,river,46.0,37.54,-77.436,Amazon files for four data center campuses in Spotsylvania and Caroline Counties,https://www.datacenterdynamics.com/en/news/10m-sq-ft-amazon-files-for-four-data-center-campuses-in-virginias-spotsylvania-and-caroline-counties/,1,"329 acres in Massaponax, ~1.9M sq ft; one of four AWS Spotsylvania/Caroline campuses (Summit Crossing, Carter's Store, Cosner, Orrock). Spotsylvania case ST23-0031."
rck-crossroads-technology-campus-spotsylvania-va,Crossroads Technology Campus,RCK Digital Crossroads LLC,Proposed,Proposed,Data center,data_center,,reported,,,,,8,"Spotsylvania, VA",,Spotsylvania,VA,38.2445,-77.4334,approximate,,,,,,,,,,,,,North Anna,VA,23.2,1960.4,38.06,-77.7897,Waste Management King George LFGTE,VA,7.1,13.2,LFG,38.2747,-77.3081,James River - Richmond,river,48.7,37.54,-77.436,Spotsylvania County official case page — SUP26-0003 Crossroads Technology Campus,https://www.spotsylvania.va.us/3206/SUP26-0003-Crossroads-Technology-Campus,2,"Previously only an mlq.ai aggregator lead — now confirmed via a REAL county case. Spotsylvania County special-use case SUP26-0003 'Crossroads Technology Campus'; applicant 'RCK Digital Crossroads LLC' (Delaware, McLean-based) per the county's SUP Application PDF. ~633 acres at the NW intersection of Benchmark Rd (Rt 608) and US-17 (Mills Dr), Lee Hill District, ~2.2-2.3M sq ft of data-center buildings plus three substations. Actively contested (packed BOS/planning-commission meetings, week of 2026-07-16). Distinct from all tracked records. MW not disclosed (sq ft only) -> omitted. Parcel/GPIN"
culpeper-brandy-station-va,Culpeper Acquisitions Brandy Station Campus (denied),Culpeper Acquisitions LLC,Cancelled,Cancelled,likely,data_center,likely,reported,,,,,8,"Brandy Station, Culpeper, VA",Brandy Station,Culpeper,VA,38.5095,-77.8863,exact,,,,,,,,,,,,,North Anna,VA,31.5,1960.4,38.06,-77.7897,Greenwood Solar I,VA,5.8,100.0,SUN,38.427261,-77.90787,Potomac River - Northern Virginia,river,41.7,38.969,-77.386,Data Center Watch — Blocked and Delayed Projects Report,https://www.datacenterwatch.org/report,2,
cyrusone-vint-hill-fauquier-va,CyrusOne Vint Hill Campus,CyrusOne,Proposed,Proposed,Data center,data_center,,reported,,,,,8,"Vint Hill, Fauquier County, VA",Vint Hill,Fauquier County,VA,38.752287510948115,-77.67347422456572,approximate,,,,,,,,,,,,,North Anna,VA,48.2,1960.4,38.06,-77.7897,Water Treatment Plant Generators,VA,2.9,1.8,DFO,38.760695,-77.62089,Potomac River - Northern Virginia,river,21.5,38.969,-77.386,Fauquier County data-center project database,https://www.fauquiernow.com/news/data-center-database-where-projects-stand-across-fauquier-county/article_18be50e8-49f6-11ef-95cf-3b45407fea55.html,1,"47 acres, 870,000 sq ft; site plan submitted; grandfathered from prior PCID zoning."
dc-blox-henrico-county-va,DC Blox Henrico County Campus (withdrawn),DC BLOX,Cancelled,Cancelled,likely,data_center,likely,confirmed,50.0,,50.0,50 MW planned,50.0,"Henrico, VA",,Henrico,VA,37.5532,-77.4543,exact,,,,,,,,,,,,,North Anna,VA,39.5,1960.4,38.06,-77.7897,Richmond Energy,VA,5.5,6.4,LFG,37.505833,-77.37389,James River - Richmond,river,1.4,37.54,-77.436,"Scoop: Local Pushback, Canceled Data Centers Surged in 2025 — Heatmap News",https://heatmap.news/politics/data-center-cancellations-2025,2,
equinix-ashburn-va,Equinix Ashburn Campus (DC1–DC15),Equinix,Operating,Operating,mixed_use,data_center,mixed_use,confirmed,500.0,500.0,,500 MW operating,500.0,"Ashburn, Loudoun, VA",Ashburn,Loudoun,VA,39.0437,-77.4875,exact,grid (Dominion Energy) + renewable PPAs,grid,Dominion Energy,,hybrid,,"Uses Loudoun Water reclaimed (non-potable) water for cooling; legacy buildings use chilled water, DC12 uses indirect evaporative cooling, and newer high-density AI buildings use chilled water. No facility-specific volume is disclosed.",mixed,,,,,North Anna,VA,69.9,1960.4,38.06,-77.7897,"Potomac Energy Center, LLC",VA,3.2,812.0,NG,39.058056,-77.545,Potomac River - Northern Virginia,river,7.5,38.969,-77.386,Equinix Ashburn Data Centers — Equinix,https://www.equinix.com/data-centers/americas-colocation/united-states-colocation/ashburn-data-centers,6,
emerald-lakes-etheridge-lakes-data-center-chesapeake-va,Etheridge Lakes Data Center (Great Bridge),Emerald Lakes Estates (Doug Fuller),Cancelled,Cancelled,Data center,data_center,,confirmed,,,,,22.6,"Chesapeake, Chesapeake (independent city), VA",Chesapeake,Chesapeake (independent city),VA,36.68061281906499,-76.18817902157426,approximate,,,,,,,,,,22.6,,,Surry,VA,43.8,1695.0,37.1661,-76.6986,Bedford Solar (Dominion),VA,1.9,70.0,SUN,36.7,-76.1647,James River - Richmond,river,90.8,37.54,-77.436,"City of Chesapeake Department of Planning, Rezoning Case PLN-REZ-2025-002 (Etheridge Lakes Data Center)",https://www.cityofchesapeake.net/DocumentCenter/View/23727/PLN-REZ-2025-002---Etheridge-Lakes-Data-Centerpdf,4,"22.6-acre parcel on west side of Centerville Turnpike, south of Etheridge Manor Boulevard, Great Bridge area of Chesapeake. Developer Doug Fuller (Emerald Lakes Estates) sought rezoning from agricultural to light industrial; proposed 350,000 sq ft, 35 ft tall, 24/7 staffed facility. City Council denied the rezoning request unanimously. Separately, in July 2026 the Chesapeake Planning Commission recommended a citywide data-center zoning ordinance/policy (conditional use in industrial districts + Fentress Airfield Overlay only) — this is a POLICY change, not a site-specific candidate, and is not included here. No other active Chesapeake DC site rezoning was found this session. Coordinates are approximate (Centerville Turnpike/Great Bridge area); exact parcel not geocoded from GIS this session. Chesapeake City Council denied the rezoning 7-0 on 2025-06-17 (Planning Commission had recommended denial 6-1). Recorded as a cancelled proposal."
corscale-gainesville-crossing-va,Gainesville Crossing Digital Campus (GCDC),Corscale Data Centers (Patrinely / USAA Real Estate),Under construction,Under construction,likely,data_center,likely,confirmed,300.0,,300.0,300 MW planned,300.0,"Gainesville, Prince William, VA",Gainesville,Prince William,VA,38.78,-77.62,exact,Dominion Energy,grid,Dominion Energy,,air,,Air-cooled chillers (Airedale by Modine) with liquid-cooled options available; LEED / water-use-efficiency targets. No confirmed operational daily-use figure published.,contested,,,,,North Anna,VA,50.6,1960.4,38.06,-77.7897,Water Treatment Plant Generators,VA,1.3,1.8,DFO,38.760695,-77.62089,Potomac River - Northern Virginia,river,18.1,38.969,-77.386,New hyperscale developer Corscale is behind 300MW Gainesville Crossing campus in Prince William County,https://www.datacenterdynamics.com/en/news/new-hyperscale-developer-corscale-is-behind-300mw-gainesville-crossing-campus-in-prince-william-county/,5,"~130-acre campus on Interstate 66; ~306 MW via an on-site Dominion substation. Distinct from the separately-tracked QTS/Compass 'PW Digital Gateway' site (~2,100 acres at Pageland Lane) — which QTS terminated in July 2026. Capacity recorded at 300 MW per the DCD primary source (a 326 MW figure also circulates). Coordinates are the Gainesville area centroid. The only confirmed money figure is the ~$74.5M 2020 land purchase (a real-estate transaction, not construction capex) -> investmentUsd omitted; no headcount is disclosed; the VA sales-and-use tax exemption is eligibility-gated with no public award."
gigaland-data-centers-remington-fauquier-va,Gigaland Data Centers,Gigaland LLC,Proposed,Proposed,Data center,data_center,,reported,,,,,202.54,"Remington, Fauquier, VA",Remington,Fauquier,VA,38.56070838764574,-77.78314256153212,approximate,,,,,,,,,,202.54,,,North Anna,VA,34.6,1960.4,38.06,-77.7897,Remington Solar Facility,VA,0.9,20.0,SUN,38.548333,-77.77639,Potomac River - Northern Virginia,river,35.4,38.969,-77.386,Fauquier County planning staff project database (maintained record of application status),https://www.fauquiernow.com/news/data-center-database-where-projects-stand-across-fauquier-county/article_18be50e8-49f6-11ef-95cf-3b45407fea55.html,3,"HONEST INTAKE: application on hold, county awaiting additional information from applicant — recorded as status=proposed with the hold explicitly noted. Fauquier planning-database roundup; Planning Commission reportedly recommended denial mid-2025 — treat status as contested/early."
google-arcola-loudoun-va,Google Arcola Data Center (Loudoun County),Google,Operating,Operating,likely,data_center,likely,reported,,,,,91.0,"Sterling, Loudoun County, VA",Sterling,Loudoun County,VA,38.9432462,-77.5253232,approximate,,,,,,,,,,91.0,,,North Anna,VA,62.7,1960.4,38.06,-77.7897,Dulles Solar and Storage,VA,1.4,150.0,MWH; SUN,38.95,-77.5,Potomac River - Northern Virginia,river,7.7,38.969,-77.386,"Google Dulles / Arcola Center — 42575 Arcola Blvd, Sterling VA, fully operational, built 2020",https://baxtel.com/data-center/google-dulles-arcola-center,2,"Google data center at 42575 Arcola Blvd in the Arcola area of Loudoun County (Northern Virginia 'Data Center Alley') — the ~91-acre 'Arcola Center' parcel was purchased in 2017 for $58M (a land cost, not total capex), and the ARA1A building is operational (built 2020 per baxtel). DISTINCT from Google's tracked Chester and Midlothian (Richmond-area) Virginia campuses. No site-specific IT-load MW is disclosed. Coordinates are an approximate geocode of the disclosed Arcola Blvd address; a county-parcel pass could upgrade precision to exact."
google-loch-midlothian-va,Google Project Loch,Google,Proposed,Proposed,confirmed,data_center,confirmed,confirmed,,,,,340.0,"Midlothian, Chesterfield County, VA",Midlothian,Chesterfield County,VA,37.454,-77.71,exact,,grid,,,unknown,,"Site adjacent to Tomahawk Creek (Chesapeake Bay watershed). Army Corps permit (May 2026) covers ~5 acres of wetlands and 2,828 ft of stream channels; proposed mitigation ~11 acres of replacement wetlands + 34.2 acres preserved.",supported,,340.0,,,North Anna,VA,42.1,1960.4,38.06,-77.7897,Moseley Hermon Solar,VA,1.6,5.0,SUN,37.46754,-77.73352,James River - Richmond,river,16.2,37.54,-77.436,"Google files for data center campus outside Richmond, Virginia",https://www.datacenterdynamics.com/en/news/google-files-for-data-center-campus-outside-richmond-virginia/,5,"Codename Project Loch; land acquired via shell entity Aeris Investments LLC (~$29M for ~340 acres). Site: 750 Watkins Centre Pkwy (Watkins Centre South), west of Rt 288 and south of Rt 60, near Westchester Commons. Three data-center buildings planned, each with a dedicated on-site substation. Google stated in Aug 2025 it has no near-term plans to develop Loch. Capacity MW not disclosed. Virginia law bars per-company subsidy value disclosure, so the 30-year fixed tax agreement is recorded as a program label with no dollar value. Coordinates are an approximate site centroid (address-derived, not GPS-verified)."
hunters-ridge-south-data-center-campus-spotsylvania-va,Hunters Ridge South Data Center Campus,American Real Estate Partners (AREP),Permitted,Permitted,Data center,data_center,,reported,,,,,8,"Spotsylvania, Spotsylvania, VA",Spotsylvania,Spotsylvania,VA,38.213,-77.482,approximate,,,,,,,,,,,,,North Anna,VA,19.8,1960.4,38.06,-77.7897,Electric Avenue Facility,VA,7.5,6.9,DFO,38.28,-77.59,James River - Richmond,river,46.6,37.54,-77.436,"Fredericksburg Free Press — Spotsylvania Board of Supervisors approve potential 2.2M sq ft data center campus (Hunters Ridge South, 5-2 vote, Aug 27 2025)",https://www.fredericksburgfreepress.com/2025/08/27/spotsylvania-board-of-supervisors-approve-potential-2-2-million-square-foot-data-center-campus/,3,"Applicant AREP SOF III HRS LLC (an American Real Estate Partners entity; ""HRS"" = Hunters Ridge South). ~73 acres at the southern end of Cosner Drive; up to ~2.278M sq ft of data center space. Spotsylvania Planning Commission recommended approval Aug 11 2025; Board of Supervisors approved the rezoning (Rural + Mixed-Use → Industrial) 5-2 on Aug 27 2025 — an expansion beyond the earlier ""original Hunters Ridge"" project. Amazon Web Services participated as an applicant/end-user in the county's Sept 23 2025 joint session, so AWS is the anticipated tenant. Distinct from tracked AWS Cosner (ST23-0031, ~38.234/-77.535) and PowerHouse 95 (AREP/Harrison Street, ~38.17/-77.66). Coordinates approximate (Cosner Drive geocode; parcels not GIS-confirmed this pass)."
iron-mountain-white-oak-henrico-va,Iron Mountain White Oak Technology Park Campus,Iron Mountain,Proposed,Proposed,mixed_use,data_center,mixed_use,confirmed,200.0,,200.0,200 MW planned,66.0,"Henrico, Henrico, VA",Henrico,Henrico,VA,37.556,-77.427,exact,,grid,,,,,,,1000000000.0,66.0,,,North Anna,VA,40.1,1960.4,38.06,-77.7897,Richmond Energy,VA,4.5,6.4,LFG,37.505833,-77.37389,James River - Richmond,river,1.2,37.54,-77.436,Iron Mountain acquires 66 acres outside Richmond for 200MW data center campus,https://www.datacenterdynamics.com/en/news/iron-mountain-acquires-66-acres-outside-richmond-for-200mw-data-center-campus/,2,"6110 Technology Creek Drive, Henrico County (Richmond metro area). White Oak Technology Park has fiber connections and subsea cables to three continents. Henrico County passed stricter data center requirements June 2025, including 500-foot tree buffer near residential. investmentUsd is stated as 'more than $1 billion' — treated as floor."
green-energy-ventures-king-george-technology-center-va,King George Technology Center,Green Energy Ventures,Proposed,Proposed,Data center,data_center,,reported,,,,,8,"King George, King George County, VA",King George,King George County,VA,38.250254083928,-77.29011580291154,exact,,,,,,,,,,,,,North Anna,VA,30.2,1960.4,38.06,-77.7897,Waste Management King George LFGTE,VA,2.0,13.2,LFG,38.2747,-77.3081,James River - Richmond,river,49.7,37.54,-77.436,Green Energy Ventures presents King George Technology Center,https://www.fxbgadvance.com/p/green-energy-ventures-presents-its,2,"352 acres (40 already industrial-zoned) in the Route 3 West Settlement Area, bordering Stafford; rezoning pending."
aws-lake-anna-technology-campus-louisa-va,Lake Anna Technology Campus (LATC),"Amazon Web Services (with REB Investment Company, LLC as landowner)",Under construction,Under construction,Data center,data_center,,confirmed,600.0,,600.0,600 MW planned,153.0,"Louisa, Louisa, VA",Louisa,Louisa,VA,38.04763641638,-77.81682351474,approximate,,,,,,,,,,153.0,,,North Anna,VA,1.7,1960.4,38.06,-77.7897,North Anna,VA,1.7,1960.4,NUC; WAT,38.06,-77.7897,James River - Richmond,river,40.8,37.54,-77.436,Louisa County land-disturbance permit + VA DEQ stormwater permit (reported via county-sourced local coverage),https://tammypurcell.substack.com/p/aws-preparing-to-start-work-at-lake,3,"One of two AWS campuses in Louisa's Technology Overlay District (approved by BOS April 2023, ~$11B combined investment across both). Up to seven data center buildings (~1.7M sq ft), two 300MW substations. First DC targeted online late 2025/early 2026. A third AWS Louisa campus proposal (1,370 acres near Northeast Creek Reservoir) was withdrawn/cancelled by AWS in July 2025 — not included per do-not-fabricate rule (cancelled, not net-new). Capacity corrected to 600 MW (two 300 MW substations per Louisa County reporting; a prior 420 MW figure was unsourced). Land-disturbance + VA DEQ stormwater permits issued; grading underway."
lavue-massaponax-tech-campus-spotsylvania-va,Massaponax Tech Campus,Lavue Lane Owner LLC,Proposed,Proposed,Data center,data_center,,reported,,,,,8,"Massaponax, Spotsylvania, VA",Massaponax,Spotsylvania,VA,38.1869,-77.5505,approximate,,,,,,,,,,,,,North Anna,VA,15.7,1960.4,38.06,-77.7897,Electric Avenue Facility,VA,6.8,6.9,DFO,38.28,-77.59,James River - Richmond,river,45.1,37.54,-77.436,Spotsylvania County official case page — R25-0004 Massaponax Tech Campus,https://www.spotsylvania.va.us/3138/R25-0004-Massaponax-Tech-Campus,2,"Distinct NEW campus, not a dup of tracked Cosner or PowerHouse 95. County case R25-0004; the 4th-submission Voluntary Proffer Statement (county DocumentCenter PDF, parsed locally) names Applicant 'Lavue Lane Owner LLC' (a Delaware LLC), Owner per Exhibit A, and 12 tax parcels (37-A-41, 37-A-41G, 37-A-44, 36-5-A1, 36-5-B1, 51-A-1A, 51-A-3, 37-A-41H, 37-A-42, 37-A-46, 37-A-45, 36-5-A) totaling 588.5564 acres, rezoning RU->I-2 for up to ~6.1M sq ft of data-center buildings (Phase 1 ~1.5M, Phase 2 ~4.5M) off Massaponax Church Rd / Mills Rd (US-17), Berkeley voting / Lee Hill magisterial district."
microsoft-boydton-bn-campus-mecklenburg-va,Microsoft Boydton Campus (BN / Azure East US),Microsoft,Operating,Operating,Data center,data_center,,reported,,,,,8,"Boydton, Mecklenburg, VA",Boydton,Mecklenburg,VA,36.65969,-78.36487,approximate,,,,,,,,,,,,,Harris (NC),NC,78.2,950.9,35.6334,-78.9556,John H Kerr,VA,5.5,296.8,WAT,36.59943,-78.3005,Kerr Reservoir,reservoir,5.6,36.599,-78.297,Microsoft Boydton datacenter fact sheet,https://local.microsoft.com/wp-content/uploads/2021/11/Boydton-datacenter-fact-sheet.pdf,4,"This is the PARENT Microsoft Boydton campus — one of Microsoft's oldest and largest US data center campuses, hosting the Azure 'East US' region, first announced 2010 (~$499M initial investment) and expanded repeatedly through 2011/2013/2014/2015/2019 (cumulative >$2B investment). Distinct from the already-tracked microsoft-skipwith-road-campus-mecklenburg-va (a separate 2022 six-building permit). Located east of Highway 92 / west of Highway 608 (Ridge Road); addresses cited across sources include 101 Herbert Drive and 925 Ridge Rd, Boydton VA — sources differ on whether these are the same 175-"
microsoft-bristow-mnz03-va,Microsoft Bristow Data Center Campus (MNZ03),Microsoft,Operating,Operating,mixed_use,data_center,mixed_use,reported,,,,,83.0,"Bristow, Prince William, VA",Bristow,Prince William,VA,38.728,-77.56,exact,,grid,Dominion Energy Virginia,,,,"MNZ03 became operational around the 2024–25 transition in Microsoft's cooling standard (from evaporative-assist to closed-loop, zero-water evaporation for new designs), and the specific system installed here is unconfirmed. Microsoft reported reaching corporate 'water-positive' status in FY2025.",mixed,,83.0,,,North Anna,VA,47.8,1960.4,38.06,-77.7897,Gateway Gen,VA,2.7,3.6,DFO,38.725278,-77.50972,Potomac River - Northern Virginia,river,19.1,38.969,-77.386,Microsoft 8008 Devlin Rd Data Center — Datacentermap.com,https://www.datacentermap.com/usa/virginia/bristow/microsoft-8008-devlin-rd/,5,"Microsoft does not publicly disclose data center locations; sourced from public property records and third-party tracking databases. 8008 Devlin Road, Bristow. Adjacent to Amazon's Devlin Technology Park parcel and within Prince William County's Data Center Opportunity Zone Overlay District. Coordinates approximate. Status updated to operational per Baxtel (year built 2025); datacentermap.com returned HTTP 429 during fact-check and could not be independently read."
microsoft-skipwith-road-campus-mecklenburg-va,Microsoft Skipwith Road Campus (LYH03),Microsoft,Permitted,Permitted,Data center,data_center,,confirmed,,,,,369.0,"Boydton, Mecklenburg, VA",Boydton,Mecklenburg,VA,36.6798,-78.4194,approximate,,,,,,,,,,369.0,,,Harris (NC),NC,78.2,950.9,35.6334,-78.9556,John H Kerr,VA,8.6,296.8,WAT,36.59943,-78.3005,Kerr Reservoir,reservoir,8.8,36.599,-78.297,"USACE Norfolk District Public Notice NAO-2022-02394 / VMRC# 22-V2715, Microsoft Data Center, Mecklenburg County, Virginia",https://www.nao.usace.army.mil/Media/Public-Notices/Article/3357496/nao-2022-02394-vmrc-22-v2715-microsoft-data-center-mecklenburg-county-virginia/,3,"Site plans depict six buildings of equal size (LYH03-01 through -08 building series referenced in reporting). Filed as an addition to Microsoft's Southern Virginia Regional Network Group due to capacity growth. USACE public notice establishes this as a real, government-docketed wetlands/streams impact permit application, not mere rumor. Mecklenburg County also has separate/adjacent Microsoft filings for a 132-acre Tunstall Road site and a 259-acre Lakeside Commerce Park parcel and a reported 490-acre expansion adjacent to 'AVC17' — those may represent additional distinct sites but could not be individually confirmed to primary-source case numbers this session; flagged for a future pass rather than included speculatively. Coordinates are Boydton, VA town-centroid (approximate); exact Skipwith/Butler Farm Road intersection not independently geocoded this session."
microsoft-tunstall-road-hillcrest-mecklenburg-va,Microsoft Tunstall Road Campus (Hillcrest / AVC09),Microsoft,Permitted,Permitted,Data center,data_center,,confirmed,,,,,8,"South Hill, Mecklenburg, VA",South Hill,Mecklenburg,VA,36.74254,-78.10265,exact,,,,,,,,,,,,,Surry,VA,82.9,1695.0,37.1661,-76.6986,Alberta Solar,VA,12.6,3.0,SUN,36.841728,-77.91051,Kerr Reservoir,reservoir,14.6,36.599,-78.297,"NAO-2013-01922, Hillcrest Data Center, Mecklenburg County",https://www.nao.usace.army.mil/Media/Public-Notices/Article/3090248/nao-2013-01922-hillcrest-data-center-mecklenburg-county/,3,"A genuinely separate Microsoft campus filing: 132-acre site at 210 Tunstall Road (north of South Hill, between N. Mecklenburg Ave and I-85), internally referred to as the 'Hillcrest Data Center' (AVC09), part of Microsoft's Regional Network Group. Land acquired ~2020, zoning approved early 2021, three data center buildings + substation planned, build-out targeted ~2024. USACE Norfolk District docket NAO-2013-01922 'Hillcrest Data Center, Mecklenburg County' is the primary federal permit citation (case number is anomalous — likely a docket-numbering artifact reused from an earlier case series;"
tract-mountain-road-technology-park-hanover-va,Mountain Road Technology Park,Tract,Cancelled,Cancelled,likely,data_center,likely,confirmed,,,,,427.0,"Hanover, VA",,Hanover,VA,37.693493,-77.53629,exact,,,,,,2.0,"Estimated 600,000–2,000,000 gallons/day; Hanover relies on the City of Richmond for water.",opposed,,427.0,,,North Anna,VA,28.8,1960.4,38.06,-77.7897,Henrico,VA,2.0,3.6,LFG,37.6788,-77.5678,James River - Richmond,river,11.9,37.54,-77.436,Data center developer Tract proposes Mountain Road Tech Park in western Hanover County,https://richmondbizsense.com/2025/10/30/data-center-developer-tract-proposes-mountain-road-tech-park-in-western-hanover-county/,5,"Tract (with Marchetti Properties, via Valco Hanover County 4 LLC) sought to rezone ~427 acres from A1 Agricultural to M1 at 13074 Mountain Road / 12517 Winns Church Road (US Route 33) on the Hanover-Henrico line near the Chickahominy River — five data center buildings, up to three substations, hundreds of MW of demand. Aligned with Hanover's Route 33 Gateway Small Area Plan. Distinct from Tract's Tuckahoe Technology Park in Goochland County. Coordinates are an approximate geocode of the Route 33 / Mountain Road corridor in western Hanover near the Henrico line."
aws-north-creek-technology-campus-louisa-va,North Creek Technology Campus (NCTC),Amazon Web Services,Proposed,Proposed,Data center,data_center,,reported,3000.0,,3000.0,"3,000 MW planned",816.0,"Louisa, Louisa, VA",Louisa,Louisa,VA,37.999666431819,-77.967415971191,approximate,,,,,,,,,,816.0,,,North Anna,VA,10.5,1960.4,38.06,-77.7897,"Energix Aditya, LLC",VA,1.5,11.5,SUN,38.017664,-77.95287,James River - Richmond,river,43.0,37.54,-77.436,"Louisa County Planning Commission buffer/landscaping plan discussion (Nov. 9, 2024) + county-sourced reporting",https://tammypurcell.substack.com/p/aws-preparing-to-start-work-at-lake,3,"Preliminary estimate of at least 17 total DC buildings across both Louisa campuses combined; ~628 of the 1,444-acre assemblage held as open space, ~380 acres to be donated to the county for a public park. No formal local rezoning/SUP filing yet as of the cited meeting — status set to 'permitted' cautiously based on land-disturbance-adjacent county process; confirm before elevating capacity figures (3GW is a stated potential ceiling from 10 substations, not a committed buildout). Status corrected to proposed: no formal permit or site plan filed as of the Nov 2024 Planning Commission buffer/landscaping discussion (still exploratory). 'Up to 3 GW' = ten 300 MW substations (a ceiling, not permitted capacity)."
eagle-rock-pairmont-data-center-campus-spotsylvania-va,Pairmont Data Center Campus,"Eagle Rock Partners, LLC",Proposed,Proposed,Data center,data_center,,reported,,,,,8,"Spotsylvania, VA",,Spotsylvania,VA,38.1791903850787,-77.44283210846356,exact,,,,,,,,,,,,,North Anna,VA,20.6,1960.4,38.06,-77.7897,Ladysmith,VA,8.3,892.5,NG,38.0722,-77.5133,James River - Richmond,river,44.2,37.54,-77.436,Spotsylvania County official case page — R25-0014 Pairmont Data Center Campus,https://www.spotsylvania.va.us/3137/R25-0014-Pairmont-Data-Center-Campus,3,"The dispatch listed applicant as 'Applicant TBD' — the county record now DISCLOSES it. County case R25-0014; the 3rd-submission Voluntary Proffer Statement (county DocumentCenter PDF, parsed locally) names Applicant 'Eagle Rock Partners, LLC' and Owner 'William Courtney Sheild', two tax parcels (51-A-29 and 51-A-30) totaling 99.35 acres, rezoning RU->I-2 for no more than 900,000 sq ft of data center; access is through Caroline County. Not a dup of any tracked record (distinct parcels/applicant). MW not disclosed -> omitted. Coordinates not parcel-confirmed -> omitted. Create as proposed (under"
amazon-potomac-church-fredericksburg-va,Potomac Church Technology Center,Amazon Data Services,Under construction,Under construction,Data center,data_center,,confirmed,,,,,8,"Fredericksburg, Stafford County, VA",Fredericksburg,Stafford County,VA,38.411322338680904,-77.4042471172777,approximate,,,,,,,,,1000000000.0,,,,North Anna,VA,32.0,1960.4,38.06,-77.7897,Ameresco Stafford,VA,1.9,2.2,LFG,38.384167,-77.41306,Potomac River - Northern Virginia,river,38.5,38.969,-77.386,Stafford County zoning/substation case — Potomac Church,https://www.staffordcountyva.gov,2,"49.9 acres, 510,000 sq ft AWS campus; proffer amendment deferred June 2026. Distinct from AWS's Caroline County 'Mattermeade' campus."
powerhouse-95-spotsylvania-va,PowerHouse 95,"PowerHouse Data Centers (American Real Estate Partners / AREP, joint venture with Harrison Street)",Under construction,Under construction,likely,data_center,likely,reported,800.0,,800.0,800 MW planned,145.0,"Spotsylvania, Spotsylvania County, VA",Spotsylvania,Spotsylvania County,VA,38.17,-77.66,exact,,grid,,,unknown,,Press materials do not disclose cooling approach for PH 95 specifically. PowerHouse has deployed direct-to-chip and closed-loop cooling at other campuses; no water draw figures available.,mixed,,145.0,,,North Anna,VA,10.4,1960.4,38.06,-77.7897,Electric Avenue Facility,VA,8.5,6.9,DFO,38.28,-77.59,James River - Richmond,river,45.2,37.54,-77.436,"PowerHouse breaks ground on 800MW data center campus in Spotsylvania County, Virginia",https://www.powerhousedata.com/news/powerhouse-breaks-ground-on-800mw-data-center-campus-in-spotsylvania-county-virginia,8,"Campus located at approximately 4189 Turner Ct, Spotsylvania County, VA along the I-95/Hwy 17 corridor; coordinates are approximate. Three 300 MW substations planned (800 MW total); first substation delivering 150 MW targeted for Q4 2025. Up to 8 buildings, 3.5 million sq ft. Phased delivery Q3 2025–Q4 2027. Joint venture between PowerHouse/AREP and Harrison Street. Harrison Street managing director explicitly cited 'high-powered computing, AI, and other advancements' as the demand driver for this campus class, supporting likely AI classification. Named tenant not disclosed. Dominion Energy utility attribution is inferred from service territory: Dominion's Tributary 230 kV project was approved by Virginia SCC (June 30, 2024) specifically to serve growing Spotsylvania data center demand; PH95 press materials do not name the utility directly. Investment amount, job figures, and water draw not disclosed in any sourced press materials."
prince-william-digital-gateway-va,Prince William Digital Gateway,QTS / Compass Datacenters,Cancelled,Cancelled,likely,data_center,likely,confirmed,,,,,2100.0,"Gainesville, Prince William, VA",Gainesville,Prince William,VA,38.8,-77.68,exact,,,,,,,,opposed,,2100.0,,,North Anna,VA,51.5,1960.4,38.06,-77.7897,Water Treatment Plant Generators,VA,4.2,1.8,DFO,38.760695,-77.62089,Potomac River - Northern Virginia,river,19.7,38.969,-77.386,Digital Gateway data center project dies after final developer withdraws appeal,https://wtop.com/prince-william-county/2026/07/digital-gateway-data-center-project-dies-after-final-developer-withdraws-appeal/,2,"Would have been largest data center campus in the world at over 22 million sq ft across approximately 2,000-2,100 acres (per WTOP). Cancellation is landmark precedent on Virginia public-notice requirements. Coordinates are approximate for Pageland Lane corridor."
google-project-peanut-chester-va,Project Peanut,Google,Under construction,Under construction,Data center,data_center,,confirmed,,,,,8,"Chester, Chesterfield, VA",Chester,Chesterfield,VA,37.34629075,-77.29960686,approximate,,,,,,,,,,,,,Surry,VA,35.3,1695.0,37.1661,-76.6986,Philip Morris,VA,0.8,2.0,SUN,37.341838,-77.28703,James River - Richmond,river,15.3,37.54,-77.436,"Google data centers: Chesterfield's Peanut, Skye, Loch",https://www.vpm.org/news/2026-06-22/google-data-centers-chesterfield-peanut-skye-loch-schneider-timmons,2,"Part of Google's 3-campus $9B Chesterfield County trio, alongside Project Skye and Project Loch. Distinct from a separately tracked Google Midlothian, VA proposed record."
google-project-skye-midlothian-va,Project Skye,Google,Proposed,Proposed,Data center,data_center,,confirmed,,,,,8,"Midlothian, Chesterfield, VA",Midlothian,Chesterfield,VA,37.44741159,-77.77600992,approximate,,,,,,,,,,,,,North Anna,VA,42.3,1960.4,38.06,-77.7897,Moseley Hermon Solar,VA,2.7,5.0,SUN,37.46754,-77.73352,James River - Richmond,river,19.7,37.54,-77.436,Details revealed for Google's Project Skye data center campus,https://www.datacenterdynamics.com/en/news/details-revealed-for-googles-project-skye-data-center-campus-in-chesterfield-county-virginia/,2,"887-acre parcel spanning Genito/Moseley/Duval Rds. Part of Google's 3-campus $9B Chesterfield County trio, alongside Project Peanut and Project Loch. Distinct from the separately tracked Project Loch (750 Watkins Centre Pkwy, 221 ac)."
qts-white-oak-technology-park-ii-henrico-va,QTS White Oak Technology Park II (RIC5),QTS Data Centers,Permitted,Permitted,likely,data_center,likely,confirmed,,,,,622.0,"Sandston, Henrico, VA",Sandston,Henrico,VA,37.49,-77.27,approximate,,grid,Dominion Energy Virginia,,,,,,,622.0,,,Surry,VA,38.6,1695.0,37.1661,-76.6986,Bridleton Solar,VA,2.1,20.0,SUN,37.46,-77.27,James River - Richmond,river,9.7,37.54,-77.436,Henrico County approves 622-acre rezoning request for data centers in Virginia,https://www.datacenterdynamics.com/en/news/henrico-county-approves-622-acre-rezoning-request-for-data-centers-in-virginia/,4,"622-acre QTS expansion in Sandston/eastern Henrico adjacent to the existing White Oak Technology Park; conceptual plans show as many as 13 data center buildings (approved development plan ~7), on ~236 developed acres with ~386 acres open space. Distinct from Iron Mountain's White Oak campus. QTS is separately advancing a ~1,100-acre / 17-building expansion of its Henrico hub."
red-ace-data-center-culpeper-va,Red Ace Data Center,Red Ace Capital Management,Permitted,Permitted,Data center,data_center,,confirmed,,,,,8,"Culpeper, Culpeper County, VA",Culpeper,Culpeper County,VA,38.474,-77.997,approximate,,,,,,,,,350000000.0,,,,North Anna,VA,30.7,1960.4,38.06,-77.7897,Greenwood Solar I,VA,5.8,100.0,SUN,38.427261,-77.90787,Potomac River - Northern Virginia,river,47.5,38.969,-77.386,Data center campus in Virginia's Culpeper County gets approval,https://www.datacenterdynamics.com/en/news/data-center-campus-in-virginias-culpeper-county-gets-approval/,1,"69.19 acres rezoned Rural to Light Industrial (4-3 vote, July 2026); 1.16M sq ft, on-site substation, completion targeted 2028."
pointone-remington-technology-park-fauquier-va,Remington Technology Park,PointOne Holdings Inc.,Permitted,Permitted,Data center,data_center,,reported,,,,,234.0,"Remington, Fauquier, VA",Remington,Fauquier,VA,38.53,-77.8,approximate,,,,,,,,,,234.0,,,North Anna,VA,32.5,1960.4,38.06,-77.7897,Marsh Run Generation Facility,VA,1.7,596.7,NG,38.5283,-77.7681,Potomac River - Northern Virginia,river,37.7,38.969,-77.386,Fauquier County planning staff project database (maintained record of application status),https://www.fauquiernow.com/news/data-center-database-where-projects-stand-across-fauquier-county/article_18be50e8-49f6-11ef-95cf-3b45407fea55.html,3,"Strongest of the Fauquier speculative cluster: approved status (not merely filed/on-hold), specific street address given by the county database. Confidence set to 'confirmed' on that basis. Fauquier planning-database roundup; long-standing (2018-approved) Remington Technology Park — verify against any existing record before elevating."
samx-data-centers-remington-fauquier-va,SAMX Data Centers,SAMX Data LLC,Proposed,Proposed,Data center,data_center,,reported,,,,,55.26,"Remington, Fauquier, VA",Remington,Fauquier,VA,38.53,-77.8,approximate,,,,,,,,,,55.26,,,North Anna,VA,32.5,1960.4,38.06,-77.7897,Marsh Run Generation Facility,VA,1.7,596.7,NG,38.5283,-77.7681,Potomac River - Northern Virginia,river,37.7,38.969,-77.386,Fauquier County planning staff project database (maintained record of application status),https://www.fauquiernow.com/news/data-center-database-where-projects-stand-across-fauquier-county/article_18be50e8-49f6-11ef-95cf-3b45407fea55.html,1,"HONEST INTAKE: application on hold awaiting a second county submission — recorded as status=proposed with the hold explicitly noted, per prompt guidance to intake real filings with an honest 'on hold' note rather than drop. Fauquier planning-database roundup; application on hold awaiting resubmission."
stack-nova-loudoun-va,STACK NVA Loudoun 144MW Hyperscale Campus,STACK Infrastructure,Permitted,Permitted,likely,data_center,likely,confirmed,144.0,,144.0,144 MW planned,144.0,"Ashburn, Loudoun, VA",Ashburn,Loudoun,VA,39.04,-77.49,exact,,grid,,,,,,,,,,,North Anna,VA,69.6,1960.4,38.06,-77.7897,"Potomac Energy Center, LLC",VA,3.2,812.0,NG,39.058056,-77.545,Potomac River - Northern Virginia,river,7.4,38.969,-77.386,STACK Infrastructure Expands Loudoun County Footprint with 144MW Hyperscale Campus,https://www.stackinfra.com/about/news-press/press-releases/stack-infrastructure-expands-loudoun-county-footprint-with-144mw-hyperscale-campus/,1,"122-acre campus, two 72 MW buildings, near Dulles Airport / Evergreen Mills Rd. Announced Feb 2025. Distinct from Equinix's separately-branded Ashburn portfolio. Powered by an on-site substation with a 100%-renewable commitment. Coordinates are the Ashburn/Dulles area centroid."
stack-stafford-technology-campus-va,Stafford Technology Campus,STACK Infrastructure,Permitted,Permitted,Data center,data_center,,confirmed,1100.0,,1100.0,"1,100 MW planned",1100.0,"Falmouth, Stafford County, VA",Falmouth,Stafford County,VA,38.365,-77.485,approximate,,,,,,,,,,,,,North Anna,VA,26.8,1960.4,38.06,-77.7897,Kinglet,VA,1.1,5.0,SUN,38.350511,-77.47619,Potomac River - Northern Virginia,river,42.1,38.969,-77.386,Stafford County Zoning Reclassification case — data center,https://www.staffordcountyva.gov,2,"523.94 acres, up to 23 buildings, 5.8-7.9M sq ft, six 300MW substations; rezoning approved Sept 2025."
aws-summit-crossing-tech-campus-spotsylvania-va,Summit Crossing Tech Campus,Amazon Web Services,Under construction,Under construction,Data center,data_center,,confirmed,,,,,8,"Massaponax, Spotsylvania, VA",Massaponax,Spotsylvania,VA,38.18847901989237,-77.44053482811216,approximate,,,,,,,,,,,,,North Anna,VA,21.0,1960.4,38.06,-77.7897,Ladysmith,VA,9.0,892.5,NG,38.0722,-77.5133,James River - Richmond,river,44.8,37.54,-77.436,"Data Center Frontier — Amazon plans major data center expansion in Spotsylvania County (Summit Crossing: 231 ac, 2.1M sq ft)",https://www.datacenterfrontier.com/cloud/article/33006046/amazon-plans-major-data-center-expansion-in-virginias-spotsylvania-county,3,"One of Amazon Web Services' four Spotsylvania/Caroline data center campuses (Summit Crossing, Carter's Store, Cosner [tracked as aws-cosner-technology-campus-massaponax-va, ST23-0031], Orrock [tracked as aws-mattermeade-caroline-va]). ~231 acres, up to ~2.1M sq ft of data center buildings (Phase 1 max ~900k sq ft). Located on the south side of Summit Crossing Road, ~0.5 mi west of the Spotsylvania/Caroline county line; borders the Carter's Store campus. Amazon Data Services filed June 2023 to rezone from Rural (RU) to Industrial-1 (I-1); Board of Supervisors approved the four AWS rezonings in a 5-2 vote in October 2023 (Spotsylvania ""ST23"" case series). Reported under construction / buildings going up per The Fredericksburg Advance (2026). Coordinates approximate (Summit Crossing Road geocode; parcels not GIS-confirmed this pass)."
thornberry-data-center-campus-caroline-va,Thornberry Data Center Campus,"Thornberry, LLC",Proposed,Proposed,Data center,data_center,,reported,,,,,657.0,"Ruther Glen, Caroline, VA",Ruther Glen,Caroline,VA,37.885,-77.52,approximate,,,,,,,,,,657.0,,,North Anna,VA,19.0,1960.4,38.06,-77.7897,Doswell Energy Center,VA,6.0,1313.0,NG,37.820805,-77.44625,James River - Richmond,river,24.3,37.54,-77.436,"Caroline County Special Exceptions and Rezonings case listing, Case RZ-03-2025",https://co.caroline.va.us/1036/Special-Exceptions-and-Rezonings,2,"Rezoning to Planned, Innovation, Research & Technology district; submittal deemed complete as of case listing, public hearing date not yet set in sources reviewed. No operator/tenant named yet in public record — treat as a speculative land rezoning pending an anchor tenant."
thornburg-business-park-data-center-spotsylvania-va,Thornburg Business Park,"LID, LLC (with IWG Thornburg, LLC and JR Bluestar Thornburg, LLC)",Proposed,Proposed,Data center,data_center,,reported,,,,,8,"Thornburg, Spotsylvania, VA",Thornburg,Spotsylvania,VA,38.127876,-77.52959,exact,,,,,,,,,,,,,North Anna,VA,14.9,1960.4,38.06,-77.7897,Ladysmith,VA,3.9,892.5,NG,38.0722,-77.5133,James River - Richmond,river,40.9,37.54,-77.436,Spotsylvania County — Thornburg Business Park rezoning Impact Statement (R25-0013; applicant LID LLC; 9 parcels; ~200.35 ac; ~2M sq ft data center),https://www.spotsylvania.va.us/DocumentCenter/View/35424/Impact-Statement---Thornburg-Business-Park-First-Submission-236905321,3,"County rezoning case R25-0013. Applicant/owner LID, LLC & IWG Thornburg, LLC & JR Bluestar Thornburg, LLC. Rezoning of ~200.35 acres (tax map parcels 63-12-E, 63-12-D, 63-12-C, 63-A-33, 63-A-32, 63-A-37, 76-A-5, 76-A-5A, 76-A-6) from A-2 and C-3 to I-2 to develop a Data Center and Public Utility (Light) campus of ~2,000,000 sq ft of data center buildings; SW quadrant of the Route 1 / Route 606 intersection (5630 Morris Rd / 5600 Blue Star Ln), behind the Food Lion. Filed 9/25/2025; Under Review per the March 2026 county report. Mangum Economics fiscal analysis (""Spotsylvania Data Center Campus"", June 2025) projects county tax revenue $5.4M (year 1) rising to ~$50.4M steady, and ~216 data center operational jobs. Distinct from Thornburg Industrial Park (parcels 63-5-C/63-5-C1, S Roxbury Mill Rd) and SpotsyTech Campus (N Roxbury Mill Rd). Coordinates approximate (Morris Rd geocode; parcels not GIS-confirmed this pass)."
thornburg-industrial-park-data-center-spotsylvania-va,Thornburg Industrial Park Data Center Campus,South Roxbury Mill LLC / Grindstone VA LLC,Proposed,Proposed,Data center,data_center,,reported,,,,,8,"Thornburg, Spotsylvania, VA",Thornburg,Spotsylvania,VA,38.135,-77.5208,approximate,,,,,,,,,,,,,North Anna,VA,15.5,1960.4,38.06,-77.7897,Ladysmith,VA,4.4,892.5,NG,38.0722,-77.5133,James River - Richmond,river,41.4,37.54,-77.436,"Spotsylvania County — Thornburg Industrial Park 2 Voluntary Proffer Statement (R25-0011; South Roxbury Mill LLC & Grindstone VA LLC; parcel 63-5-C1, 49.68 ac; industrial data center campus)",https://www.spotsylvania.va.us/DocumentCenter/View/35205/1st-Submission-Proffers-71525,2,"South Roxbury Mill LLC & Grindstone VA LLC data center campus on the east side of S. Roxbury Mill Road with significant I-95 frontage, Berkeley Magisterial District. County case R25-0011 (""Thornburg Industrial Park 2"", filed 6/27/2025, Under Review per March 2026 report) conditionally rezones tax map parcel 63-5-C1 (~49.68 ac) from Agricultural-2 to Industrial-1, plus a proffer amendment to the adjacent ~124-acre parcel 63-5-C, forming one contiguous ~174-acre campus; the proffers restrict permitted use to ""data center and light public utility."" Represented as a single campus record (63-5-C + 63-5-C1). Distinct from Thornburg Business Park (parcels 63-12/63-A/76-A, LID LLC) and SpotsyTech Campus (SpotsyTechnoCampus LLC, N Roxbury Mill Rd, mixed-use). Total sq ft not yet disclosed (proffers reference thresholds >1M sq ft). Coordinates approximate (S Roxbury Mill Rd geocode; parcels not GIS-confirmed this pass)."
tract-tuckahoe-technology-park-goochland-county-va,Tuckahoe Technology Park,Tract,Proposed,Proposed,likely,data_center,likely,reported,900.0,,900.0,900 MW planned,872.0,"Goochland, VA",,Goochland,VA,37.68,-77.68,exact,,,,,,,,,3000000000.0,872.0,,,North Anna,VA,26.9,1960.4,38.06,-77.7897,Henrico,VA,6.1,3.6,LFG,37.6788,-77.5678,James River - Richmond,river,16.5,37.54,-77.436,Tract planning 872-acre data center campus in Goochland,https://virginiabusiness.com/tract-planning-872-acre-data-center-campus-in-goochland/,2,"Eastern Goochland County, west of West Creek Business Park; 13 parcels, up to 7 development areas/buildings. $3B+ construction spending projected over a 5-7 year buildout. Pre-application for a conditional-use permit filed June 10, 2026 - the first project under Goochland's new Technology Overlay District. Coordinates are approximate."
vantage-stafford-va4-va,Vantage Data Centers VA4 Stafford Campus,Vantage Data Centers,Under construction,Under construction,mixed_use,data_center,mixed_use,confirmed,192.0,,192.0,192 MW planned,82.0,"Stafford, VA",,Stafford,VA,38.44,-77.44,exact,,grid,Dominion Energy,,closed_loop,,Closed-loop chilled water system with liquid-to-liquid cooling; LEED Silver target; designed to minimize water consumption,,2000000000.0,82.0,1100.0,50.0,North Anna,VA,32.4,1960.4,38.06,-77.7897,North Stafford HS,VA,2.1,1.3,SUN,38.467778,-77.45528,Potomac River - Northern Virginia,river,36.7,38.969,-77.386,Vantage Data Centers Invests $2B in Fredericksburg Virginia Region,https://vantage-dc.com/news/vantage-data-centers-invests-2b-in-fredericksburg-virginia-region-to-deliver-fourth-campus-in-the-commonwealth/,2,"Vantage's fourth Virginia campus; approximately 40 miles south of Washington DC in Stafford County (Fredericksburg region). Coordinates are county-centroid approximation — specific site address not confirmed in sources. Groundbreaking held November 6, 2025; DPR Construction engaged as GC."
vint-hill-corners-fauquier-va,Vint Hill Corners,Vint Hill Corners LLC,Proposed,Proposed,Data center,data_center,,reported,,,,,50.0,"Vint Hill, Fauquier, VA",Vint Hill,Fauquier,VA,38.746,-77.664,approximate,,,,,,,,,,50.0,,,North Anna,VA,47.9,1960.4,38.06,-77.7897,Water Treatment Plant Generators,VA,2.5,1.8,DFO,38.760695,-77.62089,Potomac River - Northern Virginia,river,21.5,38.969,-77.386,Fauquier County planning staff project database (maintained record of application status),https://www.fauquiernow.com/news/data-center-database-where-projects-stand-across-fauquier-county/article_18be50e8-49f6-11ef-95cf-3b45407fea55.html,2,"By-right project (no rezoning needed), awaiting a site plan submission — a step further along than the Remington 'on-hold' cluster. Same Vint Hill locality as tracked CyrusOne project but confirmed distinct parcel/applicant. Fauquier planning-database roundup; distinct parcel from the tracked CyrusOne Vint Hill campus (verified) but near-name — flagged."
wise-innovation-hub-wise-va,Wise Innovation Hub (OASIS),Wise Innovation Hub Venture LLC,Proposed,Proposed,likely,data_center,likely,reported,,,,,8,"Wise, VA",,Wise,VA,36.99,-82.53,approximate,Red Post Energy Group (Maverick Project),other,,,,,,,,,,,Kairos Power Hermes 2,TN,127.1,50.0,35.92,-84.39,Maverick Project (Wise Innovation Hub power supply),VA,0.0,600.0,other,36.99,-82.53,Lake Norman,reservoir,136.4,35.489,-80.939,Data center complex with gas power plant planned for Wise County,https://cardinalnews.org/2026/02/25/data-center-complex-with-gas-power-plant-planned-for-wise-county/,4,"Phased technology/data-center hub planned over ~10 years at the Lonesome Pine Regional Business & Technology Park (adjacent to Lonesome Pine Regional Airport) on former mined land in Wise County — a multi-tenant cluster co-located with the existing Mineral Gap data center. Developer Wise Innovation Hub Venture LLC (branded 'OASIS') signed a 2025-12-18 LOI with Red Post Energy for dedicated power; compute capacity and named end-users not yet disclosed, so capacity is omitted."
aws-wallula-gap-walla-walla-wa,AWS Wallula Gap Campus,Amazon Web Services,Under construction,Under construction,confirmed,data_center,confirmed,confirmed,300.0,,300.0,300 MW planned,300.0,"Wallula, Walla Walla, WA",Wallula,Walla Walla,WA,46.0726,-118.9135,exact,,grid,,,,,,mixed,,,,,Cascade Advanced Energy Facility,WA,34.0,320.0,46.4706,-119.3339,FPL Energy Vansycle LLC (WA),WA,0.9,176.9,WND,46.06,-118.917,Columbia River - Richland,river,22.2,46.276,-119.273,"AWS likely behind $4.8bn data center in Walla Walla, Washington",https://www.datacenterdynamics.com/en/news/aws-likely-behind-48bn-data-center-in-walla-walla-washington/,2,"~$4.8B, ~300 MW campus near Wallula, Walla Walla County; operator reported (not officially confirmed) to be AWS → confidence reported. Coordinates are the Wallula area centroid. Operator confirmed as Amazon Data Services when the Port of Walla Walla amended the buyer from Advance Phase LLC to Amazon Data Services (Feb 12, 2026 commission vote; >550 acres for >$36M land) — confidence upgraded to confirmed. The reported ~$4.8B (DCD) / ~$5B (local) campus figure is an estimate across ~4 phases, not a firm pledge -> investmentUsd omitted. Port projects ~720 direct+indirect jobs at full build-out (projection) -> jobs honest-zero. Eligible for Washington's rural-county server-equipment sales/use-tax exemption (RCW 82.08.986) but no DOR certificate is confirmed -> subsidy honest-zero. Water source and cooling type are undisclosed pending SEPA (no water rights were conveyed in the land deal)."
bitdeer-wenatchee-pangborn-wa,Bitdeer Wenatchee (Pangborn) Data Center,Bitdeer Technologies Group,Under construction,Under construction,Data center,data_center,,confirmed,,,,,8,"East Wenatchee, Douglas, WA",East Wenatchee,Douglas,WA,47.413902,-120.209264,approximate,,,,,,,,,,,,,Columbia Generating Station,WA,77.1,1200.0,46.4711,-119.3339,Rock Island,WA,7.2,629.4,WAT,47.346111,-120.0917,Columbia River - Richland,river,90.2,46.276,-119.273,"Bitdeer Technologies Group FY2025 Form 20-F (filed 2026-04-30) — Item 4.D Property: Pangborn, Washington datacenter, 13 MW, operational May 2018, being converted to AI cloud (GB300 cluster; permits submitted; crypto dismantling began March 2026; target Q4 2026)",https://www.sec.gov/Archives/edgar/data/1899123/000121390026049770/ea0282628-20f_bitdeer.htm,3,"Bitdeer's Washington datacenter, referred to as ""Pangborn, Washington"" in its SEC filings (Pangborn Memorial Airport is in Douglas County, East Wenatchee) and as ""Wenatchee, Washington"" by aggregators. Originally deployed for Bitcoin mining in May 2018; 13 MW electrical capacity in use as of March 31, 2026. Bitdeer is converting the site to AI cloud use: AI datacenter design documents and building-permit applications submitted, core equipment being delivered, planned to begin with an NVIDIA GB300 cluster; dismantling of the crypto mining datacenter began March 2026 with conversion completion targeted for Q4 2026. Classified data_center (mid-conversion to AI), consistent with the tracked Bitdeer Knoxville TN conversion. Coordinates approximate (Pangborn area, Douglas County). Distinct from Bitdeer's tracked Ohio (Massillon/Clarington/Niles/Shalersville), Texas (Rockdale) and Tennessee (Knoxville) sites."
microsoft-east-wenatchee-wa,Microsoft East Wenatchee Data Center,Microsoft,Operating,Operating,likely,data_center,likely,reported,180.0,,180.0,180 MW planned,340.0,"East Wenatchee, Douglas County, WA",East Wenatchee,Douglas County,WA,47.407837,-120.207723,approximate,,,,,,,,,,340.0,,,Columbia Generating Station,WA,76.7,1200.0,46.4711,-119.3339,Orion - Helion,WA,6.9,50.0,H2,47.3368,-120.1043,Columbia River - Richland,river,89.8,46.276,-119.273,"New Douglas County Microsoft data center launches — Urban Industrial Way, 340.22 acres, $409M first-building permit, grand opening Dec 2022",https://www.wenatcheeworld.com/business/new-douglas-county-microsoft-data-center-launches-with-party-tour/article_95ce41dc-7267-11ed-ab98-af7c94439b63.html,2,"Microsoft Azure data center campus on Urban Industrial Way near Pangborn Memorial Airport, East Wenatchee, Douglas County — first building operational (grand opening Dec 2022), additional buildings under construction, on ~340 acres. Under a Douglas County PUD Schedule 4 power-delivery agreement, Microsoft is contracted for up to 180 MW at full build-out (KPQ, citing the PUD agreement); the first building's permit was valued at $409M (Wenatchee World). DISTINCT from Microsoft's tracked Malaga campus, which is across the Columbia River in Chelan County (served by Chelan County PUD). Coordinates are an approximate geocode of the Urban Industrial Way corridor; a county-parcel pass could upgrade precision to exact."
microsoft-malaga-wa,Microsoft Malaga Campus,Microsoft,Under construction,Under construction,confirmed,data_center,confirmed,confirmed,288.0,,288.0,288 MW planned,102.5,"Malaga, Chelan, WA",Malaga,Chelan,WA,47.23,-120.2,exact,Chelan County PUD hydropower (carbon-free),hydro,Chelan County PUD,,air,,"Newest AI datacenter buildings designed for no evaporative cooling water use per Microsoft Community-First blog. Earlier permit data shows ~83 gpm per building for fire suppression and employee use, not cooling.",mixed,,102.5,,,Columbia Generating Station,WA,66.5,1200.0,46.4711,-119.3339,Orion - Helion,WA,8.6,50.0,H2,47.3368,-120.1043,Columbia River - Richland,river,79.2,46.276,-119.273,"Microsoft Plans Three Data Centers in Malaga, Washington",https://www.datacenterdynamics.com/en/news/microsoft-plans-three-data-centers-in-malaga-washington/,4,"Three-building campus at 5375 Malaga Alcoa Highway; two additional buildings possible by 2027 on demand. 288 MW figure from secondary aggregator Cleanview only; primary sources (DCD, Microsoft) do not specify MW capacity. Construction of first building began June 2023 per Microsoft Local blog; original statusHistory incorrectly dated under_construction to 2024-05. Expected operational 2026. Coordinates approximate for Malaga area on Malaga Alcoa Highway. A Building-1 permit cites ~72 peak-shift staff (a single-building figure, not a facility employment total); no confirmed total campus capital-expenditure figure is public."
cassville-grant-county-wi,Cassville Data Center Campus (Undisclosed Developer),"Undisclosed (major tech company, NDA not signed)",Cancelled,Cancelled,likely,data_center,likely,reported,,,,,500.0,"Cassville, Grant County, WI",Cassville,Grant County,WI,42.716,-91.007,exact,,,,,,,,opposed,1000000000.0,500.0,,,Quad Cities Generating Station,IL,77.1,2018.6,41.726111,-90.31028,Cassville Solar,WI,4.8,50.0,SUN,42.753761,-90.92744,Lake Michigan - Milwaukee,lake,158.6,43.039,-87.906,Another $1 billion Wisconsin data center eyed in Grant County town of Cassville,https://wisconsinwatch.org/2026/02/wisconsin-data-center-billion-dollar-grant-county-cassville-utility-energy/,3,"Coordinates are Cassville city centroid; proposed site was ~400-500 acres in the town of Cassville. Grant County ED director confirmed company 'people will recognize' but declined to name it. Energy requirement estimated at 400-500 MW (per Wisconsin Watch, citing economic development director estimate). Investment range $1B-$2B; investmentUsd represents the floor. Town vote was April 16, 2026: 44-0 to ban data centers (ordinance lasts up to two years). Developer went silent post-vote and was reportedly considering Indiana and North Dakota sites."
menomonie-data-center-wi,Menomonie Data Center Campus,Undisclosed (Balloonist LLC),Proposed,Proposed,likely,data_center,likely,reported,,,,,324.0,"Menomonie, Dunn, WI",Menomonie,Dunn,WI,44.8769,-91.9193,exact,Xcel Energy,grid,,,closed_loop,,"Proposed closed-loop cooling requiring ~75,000 gallons/day of municipal water/wastewater - would rank as Menomonie's fifth-largest water user.",contested,,324.0,,,Prairie Island,MN,39.2,1186.2,44.622,-92.6333,Menomonie,WI,0.7,5.4,WAT,44.884167,-91.92944,Lake Superior - Duluth,lake,132.2,46.786,-92.1,Wisconsin's Year of the Data Center,https://wtmj.com/news/2025/12/23/a-look-back-at-wisconsins-year-of-the-data-center/,8,"End operator undisclosed behind Balloonist LLC (a Delaware foreign LLC). Multiple outlets note Balloonist's Delaware address and registered agent match prior Meta data-center SPV patterns, but NO source names Meta or any operator - recorded as undisclosed. A council member said the end user is 'one of the top tech giants' without naming them. Status corrected from the ledger's 'permitted' to 'proposed': the original I-1 rezoning was superseded by a January 2026 I-4 ordinance; no building permits were ever issued. Proposed investment up to $1.6B and 50-75 FTE jobs are developer projections (not recorded as firm fields). No MW capacity disclosed. Site: ~324 acres along County Highway B (annexed from Town of Red Cedar Aug 2025). Coordinates are the Menomonie centroid. aiClassification 'likely' rests on hyperscale scale + 'tech giant' attribution, not an explicit AI-workload statement."
meta-beaver-dam-wi,Meta Beaver Dam Data Center Campus,Meta,Under construction,Under construction,confirmed,data_center,confirmed,confirmed,220.0,,220.0,220 MW planned,220.0,"Beaver Dam, Dodge County, WI",Beaver Dam,Dodge County,WI,43.457,-88.837,exact,Alliant Energy (100% renewable),grid,Alliant Energy,,air,,Dry cooling — no water consumption for cooling once operational; 570 acres of wetland/prairie restoration surrounding facility via Ducks Unlimited partnership,mixed,1000000000.0,,1000.0,100.0,Point Beach Nuclear Plant,WI,86.2,1311.0,44.2806,-87.5369,Beaver Dam Solar,WI,3.7,50.0,SUN,43.493942,-88.78389,Lake Michigan - Milwaukee,lake,55.0,43.039,-87.906,"Hello, Beaver Dam! — Meta Data Centers blog",https://datacenters.atmeta.com/2025/11/hello-beaver-dam/,4,"Coordinates are approximate city centroid for Beaver Dam; exact site is Alliant Energy Beaver Dam Commerce Park (Wisconsin's largest certified development-ready site). 700,000+ sq ft campus. Meta's 26th US data center. AI workloads are the stated purpose."
microsoft-kenosha-wi,Microsoft Kenosha Data Center Campus,Microsoft,Proposed,Proposed,likely,data_center,likely,confirmed,,,,,240.0,"Kenosha, Kenosha County, WI",Kenosha,Kenosha County,WI,42.537,-87.89,exact,,grid,We Energies (WEC Energy Group),,,,,contested,,240.0,,,Byron Generating Station,IL,78.0,2449.8,42.0742,-89.2819,Zion Energy Center,IL,4.1,596.7,NG,42.4776,-87.895,Lake Michigan - Milwaukee,lake,34.7,43.039,-87.906,"Microsoft acquires 240 acres in Kenosha, Wisconsin, for data center development",https://www.datacenterdynamics.com/en/news/microsoft-acquires-240-acres-in-kenosha-wisconsin-for-data-center-development/,4,"Coordinates approximate for NW quadrant of I-94/Hwy 142 intersection, Kenosha County. Land was already properly zoned for data center operations per DCD; Navix Engineering filed November 2024 permit application for four-building campus. Site is 6 miles south of Microsoft's Mount Pleasant facility; part of Microsoft's broader Wisconsin investment commitment. No building permit issued as of Jan 2025."
microsoft-mount-pleasant-wi,Microsoft Mount Pleasant Data Center Campus,Microsoft,Under construction,Under construction,confirmed,data_center,confirmed,reported,1000.0,,1000.0,"1,000 MW planned",1575.0,"Mount Pleasant, Racine, WI",Mount Pleasant,Racine,WI,42.7209,-87.9023,exact,grid (We Energies) + planned renewables,mixed,We Energies,,hybrid,0.702,"Primarily dry cooling with evaporative backup only above ~85°F, running waterless for 90%+ of the year. 0.702 MGD is the regulatory-filing peak for the full campus (Phase 1 peak ~0.234 MGD); water is sourced from the city of Racine (Lake Michigan).",mixed,3300000000.0,1575.0,2300.0,550.0,Byron Generating Station,IL,83.4,2449.8,42.0742,-89.2819,CREE,WI,0.3,1.5,SUN,42.717439,-87.89871,Lake Michigan - Milwaukee,lake,22.0,43.039,-87.906,Microsoft will invest $80B to build out AI infrastructure — Microsoft On the Issues,https://blogs.microsoft.com/on-the-issues/2025/01/03/microsoft-will-invest-80-billion-to-build-out-ai-infrastructure/,7,
qts-dane-county-deforest-wi,QTS Dane County Hyperscale Campus (DeForest),QTS Data Centers,Cancelled,Cancelled,likely,data_center,likely,confirmed,,,,,650.0,"DeForest, Dane County, WI",DeForest,Dane County,WI,43.2428,-89.3401,exact,Alliant Energy,grid,,,air,,QTS stated the campus would use water-free cooling with no cooling-water consumption or impact on the Yahara Watershed.,opposed,,650.0,,,Byron Generating Station,IL,80.8,2449.8,42.0742,-89.2819,Vienna Walbec Customer Hosted,WI,4.3,1.4,SUN,43.208435,-89.41019,Lake Michigan - Milwaukee,lake,73.7,43.039,-87.906,QTS advances plans for Dane County campus - official press release,https://qtsdatacenters.com/news/qts-advances-plans-for-state-of-the-art-data-center-campus-and-announces-50-million-community-commitment-for-dane-county/,7,"CANCELLED: QTS withdrew Jan 28-29 2026 after DeForest found the proposal not feasible and the Village Board signaled a 7-0 rejection of the required annexation; WI DOA found the 1,572.5-acre annexation petition not in the public interest. Active footprint was 650 acres (five buildings). Capacity omitted: no source discloses facility IT load; the 750 MW figure was a grid renewable-energy-credit commitment via Alliant, not the campus draw. INVESTMENT OMITTED: the $12B figure is secondary press only (QTS said 'multibillion-dollar') and unrealized. Projected 5,000+ construction and 'hundreds' of permanent jobs were never realized (project cancelled). The $50M community commitment was a QTS-to-county pledge, not a government subsidy. Coordinates are the DeForest centroid."
stargate-port-washington-wi,Stargate Lighthouse Campus,Vantage Data Centers (for OpenAI / Oracle),Under construction,Under construction,confirmed,data_center,confirmed,reported,902.0,,902.0,902 MW planned,672.0,"Port Washington, Ozaukee, WI",Port Washington,Ozaukee,WI,43.3882,-87.8753,exact,70% renewable (solar + wind + battery) + grid,mixed,We Energies (WEC Energy Group),,closed_loop,,"Closed-loop liquid cooling using minimal water; Vantage commits to 'water positivity,' restoring more water than the campus consumes.",contested,15000000000.0,672.0,4000.0,1000.0,Point Beach Nuclear Plant,WI,63.9,1311.0,44.2806,-87.5369,Port Washington Generating Station,WI,0.4,1229.6,NG,43.3842,-87.8689,Lake Michigan - Milwaukee,lake,24.2,43.039,-87.906,"OpenAI, Oracle, and Vantage Data Centers Announce Stargate Site in Wisconsin — Vantage",https://vantage-dc.com/news/openai-oracle-and-vantage-data-centers-announce-stargate-data-center-site-in-wisconsin/,5,
pch-wi-holdings-wisconsin-rapids-wood-county-wi,Wisconsin Rapids Data Center,PCH WI Holdings LLC,Proposed,Proposed,likely,data_center,likely,reported,,,,,209.0,"Wisconsin Rapids, Wood, WI",Wisconsin Rapids,Wood,WI,44.39,-89.82,exact,,,,,,,,,,209.0,,,Point Beach Nuclear Plant,WI,113.1,1311.0,44.2806,-87.5369,Wisconsin Rapids,WI,0.4,8.1,WAT,44.3939,-89.825,Lake Michigan - Milwaukee,lake,133.6,43.039,-87.906,Who is the developer of the proposed Wisconsin Rapids data center?,https://wausaupilotandreview.com/2026/05/17/who-is-the-developer-of-the-proposed-wisconsin-rapids-data-center/,1,"950 Fourth Ave N, former paper mill site. Developer reportedly affiliated with PNK Group USA. Conditional use permit application filed with the city April 30, 2026. Scale/investment not yet disclosed. Coordinates are approximate."
penzance-bedington-berkeley-county-wv,Bedington Campus,Penzance Management,Proposed,Proposed,likely,data_center,likely,confirmed,600.0,,600.0,600 MW planned,548.0,"Berkeley, WV",,Berkeley,WV,39.554,-77.882,exact,,grid,,,closed_loop,,Reclaimed water systems for cooling to reduce dependence on potable water,,4000000000.0,548.0,1000.0,125.0,Crane Clean Energy Center,PA,74.0,980.8,40.1515,-76.7232,"Bedington Energy Facility, LLC",WV,1.6,50.0,SUN,39.531839,-77.88709,Potomac River - Northern Virginia,river,48.4,38.969,-77.386,Governor Morrisey Announces $4 Billion Private Investment in WV's First High Impact Intelligence Center,https://governor.wv.gov/article/governor-morrisey-announces-4-billion-private-investment-west-virginias-first-high-impact,3,"Falling Waters District, Berkeley County WV eastern panhandle — adjacent to Maryland border. 1.9 million sq ft at full buildout. Penzance (DC/NoVA developer) is also developing a Fairfax County VA campus reportedly pre-leased to Amazon. Coordinates approximate for Falling Waters area."
google-putnam-county-campus-wv,Google Putnam County Data Center,Google,Proposed,Proposed,Data center,data_center,,confirmed,,,,,8,"Buffalo, Putnam, WV",Buffalo,Putnam,WV,38.64411,-81.956511,exact,,,,,,,,,,,,,Oklo Aurora Powerhouse,OH,61.6,1200.0,39.018,-82.996,Winfield,WV,8.4,24.5,WAT,38.5274,-81.91392,Ohio River - Cincinnati,river,141.1,39.103,-84.512,"Google announces plans for data center in Buffalo, W.Va.",https://wvmetronews.com/2026/03/27/google-announces-plans-for-data-center-in-buffalo-w-va/,4,"1,700 acres both sides of Route 62, north end of Buffalo near the Kanawha River (address disclosed as 22272 Charleston Road). Announced March 2026; multibillion-dollar investment unspecified; still in early due diligence."
nscale-monarch-mason-county-wv,Monarch Compute Campus,Nscale,Proposed,Proposed,confirmed,data_center,confirmed,confirmed,2000.0,,2000.0,"2,000 MW planned",2250.0,"Point Pleasant, Mason, WV",Point Pleasant,Mason,WV,38.87,-82.1,exact,,on_site_gas,,2000.0,,,,contested,,2250.0,,,Oklo Aurora Powerhouse,OH,49.2,1200.0,39.018,-82.996,Kyger Creek,OH,3.4,1086.5,BIT,38.9144,-82.1289,Ohio River - Cincinnati,river,130.5,39.103,-84.512,Nscale and Microsoft Announce Collaboration with NVIDIA and Caterpillar to Deliver 1.35GW NVIDIA Vera Rubin at WV AI Factory Campus,https://www.nscale.com/press-releases/nscale-west-virginia-ai-factory,3,"Nscale backed by $2B NVIDIA investment. Microsoft LOI covers 430,000 Vera Rubin NVL72 GPUs in multi-year framework agreement. 8 GW ceiling for full site; capacityMw.planned reflects 2028 phase target of 2 GW. Acquired from AIPCorp (Fidelis New Energy / 8090 Industries). Coordinates are approximate for north of Point Pleasant, Mason County."
meta-cheyenne-wy,Meta Cheyenne Data Center,Meta,Under construction,Under construction,confirmed,data_center,confirmed,confirmed,,,,,960.0,"Cheyenne, Laramie, WY",Cheyenne,Laramie,WY,41.099,-104.769,exact,Black Hills Energy grid with planned renewable additions,grid,Black Hills Energy,,,,,supported,800000000.0,960.0,1000.0,100.0,Kemmerer Unit 1,WY,303.0,500.0,41.705993,-110.5603,Cheyenne Prairie Generating Station,WY,3.1,140.0,NG,41.123611,-104.72,Great Salt Lake,lake,406.5,41.169,-112.583,"Meta Officially Announces Data Center in Cheyenne, Wyoming",https://www.datacenterdynamics.com/en/news/meta-officially-announces-data-center-in-cheyenne-wyoming/,2,"715,000 sq ft campus at High Plains Business Park, Meta's 25th global data center. Originally Project Cosmo. Optimized for AI workloads with new H-departed design. Expected operational 2027. Coordinates approximate for High Plains Business Park in SE Cheyenne. Energy.notes corrected: removed on-site nuclear claim (Meta-TerraPower PPA is portfolio-wide grid delivery, not an on-site Cheyenne plant) and removed unverified $1.2B solar claim. jobs.sourceIndex corrected from 0 to 1 (Cheyenne LEADS is the source for the 1,000 construction jobs figure)."
microsoft-cheyenne-expansion-wy,Microsoft Cheyenne Mega-Campus Expansion,Microsoft,Proposed,Proposed,confirmed,data_center,confirmed,reported,,,,,3200.0,"Cheyenne, Laramie, WY",Cheyenne,Laramie,WY,41.09,-104.79,exact,Black Hills Energy (LPCS tariff); hydrogen fuel cell backup pilot completed with Caterpillar,grid,Black Hills Energy,,,,,supported,,3200.0,,,Kemmerer Unit 1,WY,302.0,500.0,41.705993,-110.5603,Cheyenne Prairie Generating Station,WY,4.3,140.0,NG,41.123611,-104.72,Great Salt Lake,lake,405.5,41.169,-112.583,Microsoft Announces Intent to Expand Datacenter Operations in Cheyenne,https://news.microsoft.com/source/2026/04/14/microsoft-announces-intent-to-expand-datacenter-operations-in-cheyenne-accelerating-innovation-and-economic-growth/,2,Described by Microsoft as a 'multi-gigawatt multi-decade ecosystem.' The 400 MW initial-target figure that appeared in the prior record was NOT found in either cited source and has been removed pending a citable source (neither the Microsoft newsroom announcement nor Cowboy State Daily mentions a specific MW figure). Separate from existing Cheyenne campus (since 2012) and the HR Ranch Road construction underway 2025-2026. Coordinates approximate for Bison Business Park / SE Cheyenne area.
tallgrass-project-jade-cheyenne-wy,Project Tembo,Google,Under construction,Under construction,likely,data_center,likely,reported,2700.0,,2700.0,"2,700 MW planned",2700.0,"Cheyenne, Laramie, WY",Cheyenne,Laramie,WY,41.12,-104.82,exact,On-site natural gas (Tallgrass Cheyenne Power Hub),on_site_gas,,,,,,mixed,,,,,Kemmerer Unit 1,WY,300.1,500.0,41.705993,-110.5603,Cheyenne Prairie Generating Station,WY,5.2,140.0,NG,41.123611,-104.72,Great Salt Lake,lake,403.8,41.169,-112.583,"Crusoe gets go-ahead for 1.8GW data center campus and power plant in Cheyenne, Wyoming",https://www.datacenterdynamics.com/en/news/crusoe-gets-go-ahead-for-18gw-data-center-campus-and-power-plant-in-cheyenne-wyoming/,3,"Switchgrass Industrial Park, Hwy 85 south of Cheyenne, Laramie County - geographically distinct from Meta (Project Cosmo) and Microsoft's Cheyenne campuses. 716-acre campus. Originally announced at 1.8GW as 'Project Jade' with an undisclosed hyperscale client (Crusoe Energy as builder); Crusoe exited June 2026. On 2026-07-08, Google was publicly revealed as owner/operator via subsidiary Jupiter Star Holdings, and the project was renamed 'Project Tembo'; capacity confirmed at 2.7GW with an ultimate ceiling of up to 10GW. The Cheyenne Power Hub on-site natural-gas plant supplies power (Tallgrass Energy; Black Hills Energy co-invested). ~$50B total project figure remains a projection. Completion targeted 2031."
