{"type":"FeatureCollection","features":[{"type":"Feature","geometry":{"type":"Point","coordinates":[-120.507,37.352]},"properties":{"key":"58920-d6d613d2","layer":"power","name":"2097 Helton Solar Project","state":"CA","detail_file":"data/details/power-plants-16.json","plant_id":"58920","capacity_mw":1.5,"status_group":"Operating","energy_sources":"SUN","type":"Power plant","is_nuclear":false}},{"type":"Feature","geometry":{"type":"Point","coordinates":[-121.67,39.292]},"properties":{"key":"58919-7df5ca9b","layer":"power","name":"2127 Harris Solar Project","state":"CA","detail_file":"data/details/power-plants-43.json","plant_id":"58919","capacity_mw":1.3,"status_group":"Operating","energy_sources":"SUN","type":"Power plant","is_nuclear":false}},{"type":"Feature","geometry":{"type":"Point","coordinates":[-122.04,37.522]},"properties":{"key":"69896-7d92b30c","layer":"power","name":"7999 Gateway Solar","state":"CA","detail_file":"data/details/power-plants-22.json","plant_id":"69896","capacity_mw":4.6,"status_group":"Under construction","energy_sources":"SUN","type":"Power plant","is_nuclear":false}},{"type":"Feature","geometry":{"type":"Point","coordinates":[-121.999,37.325]},"properties":{"key":"63699-95b250a3","layer":"power","name":"AGT000 Stevens Creek Fuel Cell","state":"CA","detail_file":"data/details/power-plants-58.json","plant_id":"63699","capacity_mw":2.2,"status_group":"Operating","energy_sources":"NG","type":"Power plant","is_nuclear":false}},{"type":"Feature","geometry":{"type":"Point","coordinates":[-122.975,38.761]},"properties":{"key":"58889-2f716053","layer":"power","name":"ASTI","state":"CA","detail_file":"data/details/power-plants-44.json","plant_id":"58889","capacity_mw":1.2,"status_group":"Operating","energy_sources":"SUN","type":"Power plant","is_nuclear":false}},{"type":"Feature","geometry":{"type":"Point","coordinates":[-122.097,37.66]},"properties":{"key":"65208-1c696cc8","layer":"power","name":"AT&T - Hayward","state":"CA","detail_file":"data/details/power-plants-32.json","plant_id":"65208","capacity_mw":1.0,"status_group":"Operating","energy_sources":"NG","type":"Power plant","is_nuclear":false}},{"type":"Feature","geometry":{"type":"Point","coordinates":[-122.2,37.481]},"properties":{"key":"65204-acacc713","layer":"power","name":"AT&T - Redwood City","state":"CA","detail_file":"data/details/power-plants-10.json","plant_id":"65204","capacity_mw":1.0,"status_group":"Operating","energy_sources":"NG","type":"Power plant","is_nuclear":false}},{"type":"Feature","geometry":{"type":"Point","coordinates":[-121.945,37.418]},"properties":{"key":"61153-3eb3e3d0","layer":"power","name":"AT&T Holger","state":"CA","detail_file":"data/details/power-plants-62.json","plant_id":"61153","capacity_mw":1.3,"status_group":"Operating","energy_sources":"NG","type":"Power plant","is_nuclear":false}},{"type":"Feature","geometry":{"type":"Point","coordinates":[-122.078,38.236]},"properties":{"key":"63605-a8e5cd89","layer":"power","name":"ATT North Watney","state":"CA","detail_file":"data/details/power-plants-52.json","plant_id":"63605","capacity_mw":2.0,"status_group":"Operating","energy_sources":"NG","type":"Power plant","is_nuclear":false}},{"type":"Feature","geometry":{"type":"Point","coordinates":[-122.119,39.146]},"properties":{"key":"65517-353c4abc","layer":"power","name":"Abel Road Bioenergy","state":"CA","detail_file":"data/details/power-plants-01.json","plant_id":"65517","capacity_mw":4.0,"status_group":"Operating","energy_sources":"AB","type":"Power plant","is_nuclear":false}},{"type":"Feature","geometry":{"type":"Point","coordinates":[-122.176,39.699]},"properties":{"key":"59978-301e290f","layer":"power","name":"Adapture CA2, LLC","state":"CA","detail_file":"data/details/power-plants-26.json","plant_id":"59978","capacity_mw":1.5,"status_group":"Operating","energy_sources":"SUN","type":"Power plant","is_nuclear":false}},{"type":"Feature","geometry":{"type":"Point","coordinates":[-120.325,37.121]},"properties":{"key":"60027-8a6407f9","layer":"power","name":"Adera Solar","state":"CA","detail_file":"data/details/power-plants-18.json","plant_id":"60027","capacity_mw":20.0,"status_group":"Operating","energy_sources":"SUN","type":"Power plant","is_nuclear":false}},{"type":"Feature","geometry":{"type":"Point","coordinates":[-121.163,38.614]},"properties":{"key":"57697-6373f3a5","layer":"power","name":"Aerojet I","state":"CA","detail_file":"data/details/power-plants-11.json","plant_id":"57697","capacity_mw":3.0,"status_group":"Operating","energy_sources":"SUN","type":"Power plant","is_nuclear":false}},{"type":"Feature","geometry":{"type":"Point","coordinates":[-121.17,38.609]},"properties":{"key":"57698-488b449d","layer":"power","name":"Aerojet II","state":"CA","detail_file":"data/details/power-plants-42.json","plant_id":"57698","capacity_mw":2.2,"status_group":"Operating","energy_sources":"SUN","type":"Power plant","is_nuclear":false}},{"type":"Feature","geometry":{"type":"Point","coordinates":[-121.927,37.406]},"properties":{"key":"50748-252315f3","layer":"power","name":"Agnews Power Plant","state":"CA","detail_file":"data/details/power-plants-43.json","plant_id":"50748","capacity_mw":32.0,"status_group":"Operating","energy_sources":"NG","type":"Power plant","is_nuclear":false}},{"type":"Feature","geometry":{"type":"Point","coordinates":[-122.881,38.834]},"properties":{"key":"52158-94ff9b55","layer":"power","name":"Aidlin Geothermal Power Plant","state":"CA","detail_file":"data/details/power-plants-62.json","plant_id":"52158","capacity_mw":25.0,"status_group":"Operating","energy_sources":"GEO","type":"Power plant","is_nuclear":false}},{"type":"Feature","geometry":{"type":"Point","coordinates":[-122.289,37.789]},"properties":{"key":"7450-a1c6c974","layer":"power","name":"Alameda","state":"CA","detail_file":"data/details/power-plants-02.json","plant_id":"7450","capacity_mw":54.8,"status_group":"Operating","energy_sources":"NG","type":"Power plant","is_nuclear":false}},{"type":"Feature","geometry":{"type":"Point","coordinates":[-120.985,37.574]},"properties":{"key":"7315-5432fa0a","layer":"power","name":"Almond Power Plant","state":"CA","detail_file":"data/details/power-plants-56.json","plant_id":"7315","capacity_mw":223.5,"status_group":"Operating","energy_sources":"NG","type":"Power plant","is_nuclear":false}},{"type":"Feature","geometry":{"type":"Point","coordinates":[-120.804,39.216]},"properties":{"key":"214-e688eadf","layer":"power","name":"Alta Powerhouse","state":"CA","detail_file":"data/details/power-plants-36.json","plant_id":"214","capacity_mw":1.0,"status_group":"Operating","energy_sources":"WAT","type":"Power plant","is_nuclear":false}},{"type":"Feature","geometry":{"type":"Point","coordinates":[-121.116,37.733]},"properties":{"key":"50299-5824a301","layer":"power","name":"AltaGas Ripon Energy Inc.","state":"CA","detail_file":"data/details/power-plants-61.json","plant_id":"50299","capacity_mw":49.5,"status_group":"Operating","energy_sources":"NG","type":"Power plant","is_nuclear":false}},{"type":"Feature","geometry":{"type":"Point","coordinates":[-121.65,37.749]},"properties":{"key":"50571-f7597b3f","layer":"power","name":"Altamont Gas Recovery","state":"CA","detail_file":"data/details/power-plants-24.json","plant_id":"50571","capacity_mw":6.0,"status_group":"Operating","energy_sources":"LFG","type":"Power plant","is_nuclear":false}},{"type":"Feature","geometry":{"type":"Point","coordinates":[-120.657,36.893]},"properties":{"key":"69137-4d238662","layer":"power","name":"Althea Avenue Solar","state":"CA","detail_file":"data/details/power-plants-58.json","plant_id":"69137","capacity_mw":5.0,"status_group":"Operating","energy_sources":"SUN","type":"Power plant","is_nuclear":false}},{"type":"Feature","geometry":{"type":"Point","coordinates":[-120.657,36.893]},"properties":{"key":"69137-3c540829","layer":"power","name":"Althea Avenue Solar","state":"CA","detail_file":"data/details/power-plants-46.json","plant_id":"69137","capacity_mw":3.9,"status_group":"Under construction","energy_sources":"SUN","type":"Power plant","is_nuclear":false}},{"type":"Feature","geometry":{"type":"Point","coordinates":[-121.166,37.469]},"properties":{"key":"61377-5827e900","layer":"power","name":"Amazon - Patterson PV","state":"CA","detail_file":"data/details/power-plants-08.json","plant_id":"61377","capacity_mw":2.5,"status_group":"Operating","energy_sources":"SUN","type":"Power plant","is_nuclear":false}},{"type":"Feature","geometry":{"type":"Point","coordinates":[-121.199,37.912]},"properties":{"key":"64429-bce7a63e","layer":"power","name":"Amazon - Stockton - Roof (SCK1) - (CA)","state":"CA","detail_file":"data/details/power-plants-45.json","plant_id":"64429","capacity_mw":2.6,"status_group":"Operating","energy_sources":"SUN","type":"Power plant","is_nuclear":false}},{"type":"Feature","geometry":{"type":"Point","coordinates":[-121.73,39.674]},"properties":{"key":"57771-f14905f8","layer":"power","name":"Ameresco Butte County","state":"CA","detail_file":"data/details/power-plants-19.json","plant_id":"57771","capacity_mw":2.3,"status_group":"Operating","energy_sources":"LFG","type":"Power plant","is_nuclear":false}},{"type":"Feature","geometry":{"type":"Point","coordinates":[-121.185,37.883]},"properties":{"key":"58437-aea48cfb","layer":"power","name":"Ameresco Forward","state":"CA","detail_file":"data/details/power-plants-58.json","plant_id":"58437","capacity_mw":4.4,"status_group":"Operating","energy_sources":"LFG","type":"Power plant","is_nuclear":false}},{"type":"Feature","geometry":{"type":"Point","coordinates":[-121.409,36.534]},"properties":{"key":"58397-f8b19549","layer":"power","name":"Ameresco Johnson Canyon","state":"CA","detail_file":"data/details/power-plants-41.json","plant_id":"58397","capacity_mw":1.4,"status_group":"Operating","energy_sources":"LFG","type":"Power plant","is_nuclear":false}},{"type":"Feature","geometry":{"type":"Point","coordinates":[-121.934,38.004]},"properties":{"key":"56897-939f0afe","layer":"power","name":"Ameresco Keller Canyon","state":"CA","detail_file":"data/details/power-plants-26.json","plant_id":"56897","capacity_mw":3.8,"status_group":"Operating","energy_sources":"LFG","type":"Power plant","is_nuclear":false}},{"type":"Feature","geometry":{"type":"Point","coordinates":[-122.4,37.5]},"properties":{"key":"56895-4ad1e05c","layer":"power","name":"Ameresco Ox Mountain","state":"CA","detail_file":"data/details/power-plants-24.json","plant_id":"56895","capacity_mw":11.4,"status_group":"Operating","energy_sources":"LFG","type":"Power plant","is_nuclear":false}},{"type":"Feature","geometry":{"type":"Point","coordinates":[-122.4,37.5]},"properties":{"key":"56895-cfdc77f7","layer":"power","name":"Ameresco Ox Mountain","state":"CA","detail_file":"data/details/power-plants-15.json","plant_id":"56895","capacity_mw":3.0,"status_group":"Under construction","energy_sources":"LFG","type":"Power plant","is_nuclear":false}},{"type":"Feature","geometry":{"type":"Point","coordinates":[-120.93,38.03]},"properties":{"key":"58436-f3b31283","layer":"power","name":"Ameresco San Joaquin","state":"CA","detail_file":"data/details/power-plants-34.json","plant_id":"58436","capacity_mw":4.4,"status_group":"Operating","energy_sources":"LFG","type":"Power plant","is_nuclear":false}},{"type":"Feature","geometry":{"type":"Point","coordinates":[-121.816,36.918]},"properties":{"key":"56428-a684108e","layer":"power","name":"Ameresco Santa Cruz Energy","state":"CA","detail_file":"data/details/power-plants-63.json","plant_id":"56428","capacity_mw":3.0,"status_group":"Operating","energy_sources":"LFG","type":"Power plant","is_nuclear":false}},{"type":"Feature","geometry":{"type":"Point","coordinates":[-121.729,37.754]},"properties":{"key":"58435-cfb7c656","layer":"power","name":"Ameresco Vasco Road","state":"CA","detail_file":"data/details/power-plants-36.json","plant_id":"58435","capacity_mw":4.4,"status_group":"Operating","energy_sources":"LFG","type":"Power plant","is_nuclear":false}},{"type":"Feature","geometry":{"type":"Point","coordinates":[-122.257,38.198]},"properties":{"key":"69222-f49a2b70","layer":"power","name":"American Canyon RV Boat Storage","state":"CA","detail_file":"data/details/power-plants-01.json","plant_id":"69222","capacity_mw":1.9,"status_group":"Under construction","energy_sources":"SUN","type":"Power plant","is_nuclear":false}},{"type":"Feature","geometry":{"type":"Point","coordinates":[-122.214,38.161]},"properties":{"key":"62687-f6914c77","layer":"power","name":"American Canyon Solar","state":"CA","detail_file":"data/details/power-plants-63.json","plant_id":"62687","capacity_mw":3.0,"status_group":"Operating","energy_sources":"SUN","type":"Power plant","is_nuclear":false}},{"type":"Feature","geometry":{"type":"Point","coordinates":[-120.249,37.107]},"properties":{"key":"56706-0f71e08f","layer":"power","name":"Ampersand Chowchilla Biomass LLC","state":"CA","detail_file":"data/details/power-plants-09.json","plant_id":"56706","capacity_mw":12.5,"status_group":"Operating","energy_sources":"WDS","type":"Power plant","is_nuclear":false}},{"type":"Feature","geometry":{"type":"Point","coordinates":[-120.539,38.072]},"properties":{"key":"215-be700772","layer":"power","name":"Angels","state":"CA","detail_file":"data/details/power-plants-07.json","plant_id":"215","capacity_mw":1.4,"status_group":"Operating","energy_sources":"WAT","type":"Power plant","is_nuclear":false}},{"type":"Feature","geometry":{"type":"Point","coordinates":[-122.093,38.235]},"properties":{"key":"66456-2c31c3f3","layer":"power","name":"Anheuser Busch - Fairfield","state":"CA","detail_file":"data/details/power-plants-27.json","plant_id":"66456","capacity_mw":2.6,"status_group":"Operating","energy_sources":"NG","type":"Power plant","is_nuclear":false}},{"type":"Feature","geometry":{"type":"Point","coordinates":[-122.093,38.234]},"properties":{"key":"59331-dfb321aa","layer":"power","name":"Anheuser-Busch #2","state":"CA","detail_file":"data/details/power-plants-24.json","plant_id":"59331","capacity_mw":1.6,"status_group":"Operating","energy_sources":"WND","type":"Power plant","is_nuclear":false}},{"type":"Feature","geometry":{"type":"Point","coordinates":[-122.01,37.33]},"properties":{"key":"59557-a9f8cf65","layer":"power","name":"Apple Campus 2 Fuel Cell","state":"CA","detail_file":"data/details/power-plants-53.json","plant_id":"59557","capacity_mw":4.0,"status_group":"Operating","energy_sources":"LFG","type":"Power plant","is_nuclear":false}},{"type":"Feature","geometry":{"type":"Point","coordinates":[-122.01,37.33]},"properties":{"key":"59473-f764cc91","layer":"power","name":"Apple Campus 2 PV","state":"CA","detail_file":"data/details/power-plants-56.json","plant_id":"59473","capacity_mw":14.4,"status_group":"Operating","energy_sources":"SUN","type":"Power plant","is_nuclear":false}},{"type":"Feature","geometry":{"type":"Point","coordinates":[-121.766,37.75]},"properties":{"key":"66678-05e08791","layer":"power","name":"Aramis I Solar Project","state":"CA","detail_file":"data/details/power-plants-53.json","plant_id":"66678","capacity_mw":200.0,"status_group":"Under construction","energy_sources":"MWH; SUN","type":"Power plant","is_nuclear":false}},{"type":"Feature","geometry":{"type":"Point","coordinates":[-120.108,36.921]},"properties":{"key":"68427-605d8f2e","layer":"power","name":"Ardagh Solar","state":"CA","detail_file":"data/details/power-plants-22.json","plant_id":"68427","capacity_mw":12.9,"status_group":"Operating","energy_sources":"SUN","type":"Power plant","is_nuclear":false}},{"type":"Feature","geometry":{"type":"Point","coordinates":[-120.353,36.552]},"properties":{"key":"59737-8654731e","layer":"power","name":"Aspiration G","state":"CA","detail_file":"data/details/power-plants-17.json","plant_id":"59737","capacity_mw":9.0,"status_group":"Operating","energy_sources":"SUN","type":"Power plant","is_nuclear":false}},{"type":"Feature","geometry":{"type":"Point","coordinates":[-121.071,37.629]},"properties":{"key":"67983-93632421","layer":"power","name":"Aurora Renewable Energy (Hybrid)","state":"CA","detail_file":"data/details/power-plants-18.json","plant_id":"67983","capacity_mw":100.0,"status_group":"Planned","energy_sources":"MWH; SUN","type":"Power plant","is_nuclear":false}},{"type":"Feature","geometry":{"type":"Point","coordinates":[-120.179,37.126]},"properties":{"key":"66809-f0542f40","layer":"power","name":"Avenue 26 Solar","state":"CA","detail_file":"data/details/power-plants-34.json","plant_id":"66809","capacity_mw":7.6,"status_group":"Operating","energy_sources":"SUN","type":"Power plant","is_nuclear":false}},{"type":"Feature","geometry":{"type":"Point","coordinates":[-120.996,37.734]},"properties":{"key":"58039-aec55bbf","layer":"power","name":"Axium Modesto Solar","state":"CA","detail_file":"data/details/power-plants-41.json","plant_id":"58039","capacity_mw":25.0,"status_group":"Operating","energy_sources":"SUN","type":"Power plant","is_nuclear":false}},{"type":"Feature","geometry":{"type":"Point","coordinates":[-122.693,38.763]},"properties":{"key":"66650-3095bdff","layer":"power","name":"Bear Canyon","state":"CA","detail_file":"data/details/power-plants-38.json","plant_id":"66650","capacity_mw":13.0,"status_group":"Operating","energy_sources":"MWH","type":"Power plant","is_nuclear":false}},{"type":"Feature","geometry":{"type":"Point","coordinates":[-121.149,38.136]},"properties":{"key":"58508-88b018f5","layer":"power","name":"Bear Creek Solar (Lodi)","state":"CA","detail_file":"data/details/power-plants-44.json","plant_id":"58508","capacity_mw":1.5,"status_group":"Operating","energy_sources":"SUN","type":"Power plant","is_nuclear":false}},{"type":"Feature","geometry":{"type":"Point","coordinates":[-122.186,37.919]},"properties":{"key":"67169-6208e9a1","layer":"power","name":"Bear Creek Solar (Orinda)","state":"CA","detail_file":"data/details/power-plants-16.json","plant_id":"67169","capacity_mw":5.0,"status_group":"Operating","energy_sources":"SUN","type":"Power plant","is_nuclear":false}},{"type":"Feature","geometry":{"type":"Point","coordinates":[-120.077,38.203]},"properties":{"key":"414-50456bf4","layer":"power","name":"Beardsley","state":"CA","detail_file":"data/details/power-plants-15.json","plant_id":"414","capacity_mw":10.0,"status_group":"Operating","energy_sources":"WAT","type":"Power plant","is_nuclear":false}},{"type":"Feature","geometry":{"type":"Point","coordinates":[-122.48,38.511]},"properties":{"key":"58890-0da3d787","layer":"power","name":"Beringer","state":"CA","detail_file":"data/details/power-plants-03.json","plant_id":"58890","capacity_mw":1.4,"status_group":"Operating","energy_sources":"SUN","type":"Power plant","is_nuclear":false}},{"type":"Feature","geometry":{"type":"Point","coordinates":[-122.274,38.022]},"properties":{"key":"63189-5c36edb8","layer":"power","name":"Bio-Rad","state":"CA","detail_file":"data/details/power-plants-43.json","plant_id":"63189","capacity_mw":2.3,"status_group":"Operating","energy_sources":"SUN","type":"Power plant","is_nuclear":false}},{"type":"Feature","geometry":{"type":"Point","coordinates":[-121.958,37.762]},"properties":{"key":"66799-5433b684","layer":"power","name":"Bishop Ranch - BR 1-Y","state":"CA","detail_file":"data/details/power-plants-41.json","plant_id":"66799","capacity_mw":1.8,"status_group":"Operating","energy_sources":"MWH; SUN","type":"Power plant","is_nuclear":false}},{"type":"Feature","geometry":{"type":"Point","coordinates":[-121.961,37.775]},"properties":{"key":"68524-3c818e08","layer":"power","name":"Bishop Ranch - BR 15-AA","state":"CA","detail_file":"data/details/power-plants-59.json","plant_id":"68524","capacity_mw":1.2,"status_group":"Operating","energy_sources":"MWH; SUN","type":"Power plant","is_nuclear":false}},{"type":"Feature","geometry":{"type":"Point","coordinates":[-121.96,37.773]},"properties":{"key":"68525-6f39691d","layer":"power","name":"Bishop Ranch - BR 15-CC","state":"CA","detail_file":"data/details/power-plants-16.json","plant_id":"68525","capacity_mw":1.2,"status_group":"Operating","energy_sources":"MWH; SUN","type":"Power plant","is_nuclear":false}},{"type":"Feature","geometry":{"type":"Point","coordinates":[-121.96,37.773]},"properties":{"key":"67277-0fc7fbf7","layer":"power","name":"Bishop Ranch - BR 15-DD","state":"CA","detail_file":"data/details/power-plants-27.json","plant_id":"67277","capacity_mw":1.1,"status_group":"Operating","energy_sources":"MWH; SUN","type":"Power plant","is_nuclear":false}},{"type":"Feature","geometry":{"type":"Point","coordinates":[-121.962,37.766]},"properties":{"key":"67278-399ef975","layer":"power","name":"Bishop Ranch - BR 2600","state":"CA","detail_file":"data/details/power-plants-27.json","plant_id":"67278","capacity_mw":2.8,"status_group":"Operating","energy_sources":"MWH; SUN","type":"Power plant","is_nuclear":false}},{"type":"Feature","geometry":{"type":"Point","coordinates":[-121.959,37.768]},"properties":{"key":"69710-6a161737","layer":"power","name":"Bishop Ranch - BR 3-FF","state":"CA","detail_file":"data/details/power-plants-16.json","plant_id":"69710","capacity_mw":1.4,"status_group":"Under construction","energy_sources":"MWH; SUN","type":"Power plant","is_nuclear":false}},{"type":"Feature","geometry":{"type":"Point","coordinates":[-121.958,37.767]},"properties":{"key":"69706-0982bb29","layer":"power","name":"Bishop Ranch - BR 3-GG","state":"CA","detail_file":"data/details/power-plants-33.json","plant_id":"69706","capacity_mw":1.9,"status_group":"Under construction","energy_sources":"MWH; SUN","type":"Power plant","is_nuclear":false}},{"type":"Feature","geometry":{"type":"Point","coordinates":[-121.958,37.766]},"properties":{"key":"69708-5e17cfe9","layer":"power","name":"Bishop Ranch - BR 3-HH","state":"CA","detail_file":"data/details/power-plants-21.json","plant_id":"69708","capacity_mw":1.4,"status_group":"Under construction","energy_sources":"MWH; SUN","type":"Power plant","is_nuclear":false}},{"type":"Feature","geometry":{"type":"Point","coordinates":[-121.967,37.769]},"properties":{"key":"68522-2dc42c08","layer":"power","name":"Bishop Ranch - BR 8-O","state":"CA","detail_file":"data/details/power-plants-57.json","plant_id":"68522","capacity_mw":1.5,"status_group":"Operating","energy_sources":"MWH; SUN","type":"Power plant","is_nuclear":false}},{"type":"Feature","geometry":{"type":"Point","coordinates":[-121.967,37.768]},"properties":{"key":"66800-0a4acbf9","layer":"power","name":"Bishop Ranch - BR 8-P","state":"CA","detail_file":"data/details/power-plants-43.json","plant_id":"66800","capacity_mw":1.5,"status_group":"Operating","energy_sources":"MWH; SUN","type":"Power plant","is_nuclear":false}},{"type":"Feature","geometry":{"type":"Point","coordinates":[-121.968,37.769]},"properties":{"key":"68523-79b47703","layer":"power","name":"Bishop Ranch - BR 8-Q","state":"CA","detail_file":"data/details/power-plants-50.json","plant_id":"68523","capacity_mw":1.2,"status_group":"Operating","energy_sources":"MWH; SUN","type":"Power plant","is_nuclear":false}},{"type":"Feature","geometry":{"type":"Point","coordinates":[-121.956,37.76]},"properties":{"key":"67743-195d7c72","layer":"power","name":"Bishop Ranch BR 1-X","state":"CA","detail_file":"data/details/power-plants-36.json","plant_id":"67743","capacity_mw":1.4,"status_group":"Operating","energy_sources":"MWH; SUN","type":"Power plant","is_nuclear":false}},{"type":"Feature","geometry":{"type":"Point","coordinates":[-122.332,39.815]},"properties":{"key":"7229-c2df6483","layer":"power","name":"Black Butte","state":"CA","detail_file":"data/details/power-plants-24.json","plant_id":"7229","capacity_mw":6.1,"status_group":"Operating","energy_sources":"WAT","type":"Power plant","is_nuclear":false}},{"type":"Feature","geometry":{"type":"Point","coordinates":[-121.027,36.182]},"properties":{"key":"66863-b655f9ca","layer":"power","name":"Blackjack Solar","state":"CA","detail_file":"data/details/power-plants-26.json","plant_id":"66863","capacity_mw":4.0,"status_group":"Operating","energy_sources":"SUN","type":"Power plant","is_nuclear":false}},{"type":"Feature","geometry":{"type":"Point","coordinates":[-121.074,38.651]},"properties":{"key":"62077-b8cb568f","layer":"power","name":"Blue Shld Of Cal- El Dorado Hlls Mtr B","state":"CA","detail_file":"data/details/power-plants-09.json","plant_id":"62077","capacity_mw":1.5,"status_group":"Operating","energy_sources":"SUN","type":"Power plant","is_nuclear":false}},{"type":"Feature","geometry":{"type":"Point","coordinates":[-122.737,38.261]},"properties":{"key":"65383-3988ce5d","layer":"power","name":"Bodega Avenue Solar LLC","state":"CA","detail_file":"data/details/power-plants-10.json","plant_id":"65383","capacity_mw":2.0,"status_group":"Operating","energy_sources":"SUN","type":"Power plant","is_nuclear":false}},{"type":"Feature","geometry":{"type":"Point","coordinates":[-122.768,38.835]},"properties":{"key":"902-0a428049","layer":"power","name":"Bottle Rock Power","state":"CA","detail_file":"data/details/power-plants-35.json","plant_id":"902","capacity_mw":55.0,"status_group":"Operating","energy_sources":"GEO","type":"Power plant","is_nuclear":false}},{"type":"Feature","geometry":{"type":"Point","coordinates":[-120.653,39.448]},"properties":{"key":"50546-96258da2","layer":"power","name":"Bowman","state":"CA","detail_file":"data/details/power-plants-24.json","plant_id":"50546","capacity_mw":3.6,"status_group":"Operating","energy_sources":"WAT","type":"Power plant","is_nuclear":false}},{"type":"Feature","geometry":{"type":"Point","coordinates":[-121.056,38.618]},"properties":{"key":"57580-0ebe4e8f","layer":"power","name":"Broadridge Cogen","state":"CA","detail_file":"data/details/power-plants-56.json","plant_id":"57580","capacity_mw":5.2,"status_group":"Operating","energy_sources":"NG; SUN","type":"Power plant","is_nuclear":false}},{"type":"Feature","geometry":{"type":"Point","coordinates":[-120.431,37.364]},"properties":{"key":"65186-bd217704","layer":"power","name":"Broadway 3 - UC Merced 1","state":"CA","detail_file":"data/details/power-plants-13.json","plant_id":"65186","capacity_mw":1.0,"status_group":"Operating","energy_sources":"SUN","type":"Power plant","is_nuclear":false}},{"type":"Feature","geometry":{"type":"Point","coordinates":[-121.328,39.911]},"properties":{"key":"220-540b25de","layer":"power","name":"Bucks Creek","state":"CA","detail_file":"data/details/power-plants-17.json","plant_id":"220","capacity_mw":66.0,"status_group":"Operating","energy_sources":"WAT","type":"Power plant","is_nuclear":false}},{"type":"Feature","geometry":{"type":"Point","coordinates":[-121.667,37.805]},"properties":{"key":"56446-ec09faea","layer":"power","name":"Buena Vista Energy LLC","state":"CA","detail_file":"data/details/power-plants-33.json","plant_id":"56446","capacity_mw":38.0,"status_group":"Operating","energy_sources":"WND","type":"Power plant","is_nuclear":false}},{"type":"Feature","geometry":{"type":"Point","coordinates":[-121.644,39.648]},"properties":{"key":"57970-04ea89e7","layer":"power","name":"Butte College Main Campus Solar","state":"CA","detail_file":"data/details/power-plants-17.json","plant_id":"57970","capacity_mw":3.5,"status_group":"Operating","energy_sources":"SUN","type":"Power plant","is_nuclear":false}},{"type":"Feature","geometry":{"type":"Point","coordinates":[-121.617,37.847]},"properties":{"key":"64471-b2bc9f5c","layer":"power","name":"Byron Highway Solar","state":"CA","detail_file":"data/details/power-plants-08.json","plant_id":"64471","capacity_mw":5.0,"status_group":"Operating","energy_sources":"SUN","type":"Power plant","is_nuclear":false}},{"type":"Feature","geometry":{"type":"Point","coordinates":[-122.219,38.057]},"properties":{"key":"58251-493c0d59","layer":"power","name":"C&H Sugar Plant","state":"CA","detail_file":"data/details/power-plants-19.json","plant_id":"58251","capacity_mw":8.0,"status_group":"Operating","energy_sources":"PUR","type":"Power plant","is_nuclear":false}},{"type":"Feature","geometry":{"type":"Point","coordinates":[-121.55,38.75]},"properties":{"key":"65616-417ab632","layer":"power","name":"CA - Amazon - SMF6","state":"CA","detail_file":"data/details/power-plants-16.json","plant_id":"65616","capacity_mw":2.6,"status_group":"Operating","energy_sources":"SUN","type":"Power plant","is_nuclear":false}},{"type":"Feature","geometry":{"type":"Point","coordinates":[-120.05,36.95]},"properties":{"key":"65615-907b13a4","layer":"power","name":"CA - Madera USD - Madera South HS","state":"CA","detail_file":"data/details/power-plants-35.json","plant_id":"65615","capacity_mw":1.2,"status_group":"Operating","energy_sources":"SUN","type":"Power plant","is_nuclear":false}},{"type":"Feature","geometry":{"type":"Point","coordinates":[-122.344,37.92]},"properties":{"key":"60428-12673bbc","layer":"power","name":"CA Dept of Public Health at Richmond","state":"CA","detail_file":"data/details/power-plants-11.json","plant_id":"60428","capacity_mw":2.2,"status_group":"Operating","energy_sources":"SUN","type":"Power plant","is_nuclear":false}},{"type":"Feature","geometry":{"type":"Point","coordinates":[-121.195,37.789]},"properties":{"key":"66509-094ad900","layer":"power","name":"CA Manteca 730 Spreckels Ave","state":"CA","detail_file":"data/details/power-plants-39.json","plant_id":"66509","capacity_mw":3.0,"status_group":"Operating","energy_sources":"MWH; SUN","type":"Power plant","is_nuclear":false}},{"type":"Feature","geometry":{"type":"Point","coordinates":[-121.709,37.712]},"properties":{"key":"68064-3c48c29f","layer":"power","name":"CA- US Foods- Livermore","state":"CA","detail_file":"data/details/power-plants-19.json","plant_id":"68064","capacity_mw":2.4,"status_group":"Operating","energy_sources":"MWH; SUN","type":"Power plant","is_nuclear":false}},{"type":"Feature","geometry":{"type":"Point","coordinates":[-121.412,38.649]},"properties":{"key":"69233-d88640a5","layer":"power","name":"CA- US Foods- Sacramento (McClellan)","state":"CA","detail_file":"data/details/power-plants-20.json","plant_id":"69233","capacity_mw":1.0,"status_group":"Operating","energy_sources":"SUN","type":"Power plant","is_nuclear":false}},{"type":"Feature","geometry":{"type":"Point","coordinates":[-120.253,36.131]},"properties":{"key":"65526-920976cd","layer":"power","name":"CA-DGS RFP-Pleasant Valley State Prison","state":"CA","detail_file":"data/details/power-plants-03.json","plant_id":"65526","capacity_mw":2.0,"status_group":"Operating","energy_sources":"SUN","type":"Power plant","is_nuclear":false}},{"type":"Feature","geometry":{"type":"Point","coordinates":[-121.385,36.467]},"properties":{"key":"65525-25e9588a","layer":"power","name":"CA-DGS RFP-Salinas Valley State Prison","state":"CA","detail_file":"data/details/power-plants-48.json","plant_id":"65525","capacity_mw":3.3,"status_group":"Operating","energy_sources":"SUN","type":"Power plant","is_nuclear":false}},{"type":"Feature","geometry":{"type":"Point","coordinates":[-121.385,36.468]},"properties":{"key":"65524-b060a3d9","layer":"power","name":"CA-DGS- RFP-Correctional Training Fac","state":"CA","detail_file":"data/details/power-plants-41.json","plant_id":"65524","capacity_mw":1.6,"status_group":"Operating","energy_sources":"SUN","type":"Power plant","is_nuclear":false}},{"type":"Feature","geometry":{"type":"Point","coordinates":[-122.07,37.998]},"properties":{"key":"57573-9caae8b2","layer":"power","name":"CCCSD Wastewater Treatment Plnt","state":"CA","detail_file":"data/details/power-plants-21.json","plant_id":"57573","capacity_mw":3.5,"status_group":"Operating","energy_sources":"NG","type":"Power plant","is_nuclear":false}},{"type":"Feature","geometry":{"type":"Point","coordinates":[-120.224,36.137]},"properties":{"key":"59748-65e307c0","layer":"power","name":"CDCR (CA) - Pleasant Valley State Prison","state":"CA","detail_file":"data/details/power-plants-37.json","plant_id":"59748","capacity_mw":1.2,"status_group":"Operating","energy_sources":"SUN","type":"Power plant","is_nuclear":false}},{"type":"Feature","geometry":{"type":"Point","coordinates":[-121.971,38.323]},"properties":{"key":"61619-1c60e374","layer":"power","name":"CDCR (CA) - Solano State Prison","state":"CA","detail_file":"data/details/power-plants-50.json","plant_id":"61619","capacity_mw":1.1,"status_group":"Operating","energy_sources":"SUN","type":"Power plant","is_nuclear":false}},{"type":"Feature","geometry":{"type":"Point","coordinates":[-122.067,39.042]},"properties":{"key":"69264-9b5ee5ac","layer":"power","name":"CFF Rice Mill Solar Plant","state":"CA","detail_file":"data/details/power-plants-46.json","plant_id":"69264","capacity_mw":3.5,"status_group":"Operating","energy_sources":"SUN","type":"Power plant","is_nuclear":false}},{"type":"Feature","geometry":{"type":"Point","coordinates":[-121.756,37.922]},"properties":{"key":"59130-47a0e806","layer":"power","name":"CSD 2 - Heritage High","state":"CA","detail_file":"data/details/power-plants-56.json","plant_id":"59130","capacity_mw":1.3,"status_group":"Operating","energy_sources":"SUN","type":"Power plant","is_nuclear":false}},{"type":"Feature","geometry":{"type":"Point","coordinates":[-121.719,37.97]},"properties":{"key":"59129-7486fffc","layer":"power","name":"CSD 2- Freedom High","state":"CA","detail_file":"data/details/power-plants-10.json","plant_id":"59129","capacity_mw":0.9,"status_group":"Operating","energy_sources":"SUN","type":"Power plant","is_nuclear":false}},{"type":"Feature","geometry":{"type":"Point","coordinates":[-121.917,37.406]},"properties":{"key":"63701-10888073","layer":"power","name":"CST001 McCarthy Fuel Cell","state":"CA","detail_file":"data/details/power-plants-31.json","plant_id":"63701","capacity_mw":1.2,"status_group":"Operating","energy_sources":"NG","type":"Power plant","is_nuclear":false}},{"type":"Feature","geometry":{"type":"Point","coordinates":[-121.422,38.553]},"properties":{"key":"67516-f3392fab","layer":"power","name":"CSU Sacramento I","state":"CA","detail_file":"data/details/power-plants-02.json","plant_id":"67516","capacity_mw":1.3,"status_group":"Operating","energy_sources":"SUN","type":"Power plant","is_nuclear":false}},{"type":"Feature","geometry":{"type":"Point","coordinates":[-121.884,37.334]},"properties":{"key":"64401-10422fd8","layer":"power","name":"CSU San Jose State University","state":"CA","detail_file":"data/details/power-plants-53.json","plant_id":"64401","capacity_mw":1.7,"status_group":"Operating","energy_sources":"SUN","type":"Power plant","is_nuclear":false}},{"type":"Feature","geometry":{"type":"Point","coordinates":[-121.922,36.987]},"properties":{"key":"67179-b171ecc0","layer":"power","name":"Cabrillo College","state":"CA","detail_file":"data/details/power-plants-57.json","plant_id":"67179","capacity_mw":2.4,"status_group":"Operating","energy_sources":"SUN","type":"Power plant","is_nuclear":false}},{"type":"Feature","geometry":{"type":"Point","coordinates":[-120.581,36.653]},"properties":{"key":"55508-674efc31","layer":"power","name":"CalPeak Power Panoche Peaker Plant","state":"CA","detail_file":"data/details/power-plants-16.json","plant_id":"55508","capacity_mw":60.5,"status_group":"Operating","energy_sources":"NG","type":"Power plant","is_nuclear":false}},{"type":"Feature","geometry":{"type":"Point","coordinates":[-121.924,38.399]},"properties":{"key":"55499-9d4b9a11","layer":"power","name":"CalPeak Power Vaca Dixon Peaker Plant","state":"CA","detail_file":"data/details/power-plants-21.json","plant_id":"55499","capacity_mw":60.5,"status_group":"Operating","energy_sources":"NG","type":"Power plant","is_nuclear":false}},{"type":"Feature","geometry":{"type":"Point","coordinates":[-120.366,36.758]},"properties":{"key":"56768-a8c4823c","layer":"power","name":"CalRenew-1","state":"CA","detail_file":"data/details/power-plants-22.json","plant_id":"56768","capacity_mw":5.0,"status_group":"Operating","energy_sources":"SUN","type":"Power plant","is_nuclear":false}},{"type":"Feature","geometry":{"type":"Point","coordinates":[-121.704,38.001]},"properties":{"key":"59283-9bc5a33e","layer":"power","name":"California PV Energy at ISD WWTP","state":"CA","detail_file":"data/details/power-plants-14.json","plant_id":"59283","capacity_mw":1.0,"status_group":"Operating","energy_sources":"SUN","type":"Power plant","is_nuclear":false}},{"type":"Feature","geometry":{"type":"Point","coordinates":[-122.743,38.788]},"properties":{"key":"50066-1ae7231c","layer":"power","name":"Calistoga Power Plant","state":"CA","detail_file":"data/details/power-plants-10.json","plant_id":"50066","capacity_mw":176.4,"status_group":"Operating","energy_sources":"GEO","type":"Power plant","is_nuclear":false}},{"type":"Feature","geometry":{"type":"Point","coordinates":[-122.57,38.577]},"properties":{"key":"69358-de598d0b","layer":"power","name":"Calistoga Resilency Center","state":"CA","detail_file":"data/details/power-plants-25.json","plant_id":"69358","capacity_mw":19.3,"status_group":"Operating","energy_sources":"H2; MWH","type":"Power plant","is_nuclear":false}},{"type":"Feature","geometry":{"type":"Point","coordinates":[-121.025,38.227]},"properties":{"key":"537-2c65d5ba","layer":"power","name":"Camanche","state":"CA","detail_file":"data/details/power-plants-21.json","plant_id":"537","capacity_mw":10.8,"status_group":"Operating","energy_sources":"WAT","type":"Power plant","is_nuclear":false}},{"type":"Feature","geometry":{"type":"Point","coordinates":[-120.537,38.829]},"properties":{"key":"430-f3ec2910","layer":"power","name":"Camino","state":"CA","detail_file":"data/details/power-plants-01.json","plant_id":"430","capacity_mw":157.8,"status_group":"Operating","energy_sources":"WAT","type":"Power plant","is_nuclear":false}},{"type":"Feature","geometry":{"type":"Point","coordinates":[-121.474,38.511]},"properties":{"key":"7552-5ab217aa","layer":"power","name":"Campbell Power Plant","state":"CA","detail_file":"data/details/power-plants-44.json","plant_id":"7552","capacity_mw":173.9,"status_group":"Operating","energy_sources":"NG","type":"Power plant","is_nuclear":false}},{"type":"Feature","geometry":{"type":"Point","coordinates":[-120.344,36.425]},"properties":{"key":"57522-f87efc1f","layer":"power","name":"Cantua Solar Station","state":"CA","detail_file":"data/details/power-plants-44.json","plant_id":"57522","capacity_mw":20.0,"status_group":"Operating","energy_sources":"SUN","type":"Power plant","is_nuclear":false}},{"type":"Feature","geometry":{"type":"Point","coordinates":[-121.462,38.446]},"properties":{"key":"7527-f3e93552","layer":"power","name":"Carson Power Plant","state":"CA","detail_file":"data/details/power-plants-34.json","plant_id":"7527","capacity_mw":125.5,"status_group":"Operating","energy_sources":"NG","type":"Power plant","is_nuclear":false}},{"type":"Feature","geometry":{"type":"Point","coordinates":[-121.239,37.92]},"properties":{"key":"61801-9e0445d4","layer":"power","name":"Cascade Energy Storage, LLC","state":"CA","detail_file":"data/details/power-plants-03.json","plant_id":"61801","capacity_mw":25.0,"status_group":"Operating","energy_sources":"MWH","type":"Power plant","is_nuclear":false}},{"type":"Feature","geometry":{"type":"Point","coordinates":[-121.657,39.789]},"properties":{"key":"224-520757cb","layer":"power","name":"Centerville PH","state":"CA","detail_file":"data/details/power-plants-50.json","plant_id":"224","capacity_mw":6.4,"status_group":"Operating","energy_sources":"WAT","type":"Power plant","is_nuclear":false}},{"type":"Feature","geometry":{"type":"Point","coordinates":[-121.104,37.246]},"properties":{"key":"63940-11e63610","layer":"power","name":"Central 40","state":"CA","detail_file":"data/details/power-plants-36.json","plant_id":"63940","capacity_mw":40.0,"status_group":"Operating","energy_sources":"SUN","type":"Power plant","is_nuclear":false}},{"type":"Feature","geometry":{"type":"Point","coordinates":[-122.075,38.006]},"properties":{"key":"68612-42b25ff0","layer":"power","name":"Central San","state":"CA","detail_file":"data/details/power-plants-59.json","plant_id":"68612","capacity_mw":1.8,"status_group":"Operating","energy_sources":"SUN","type":"Power plant","is_nuclear":false}},{"type":"Feature","geometry":{"type":"Point","coordinates":[-120.899,37.72]},"properties":{"key":"58978-c26ea8dc","layer":"power","name":"Central Valley Ag Power","state":"CA","detail_file":"data/details/power-plants-14.json","plant_id":"58978","capacity_mw":1.5,"status_group":"Operating","energy_sources":"OBG","type":"Power plant","is_nuclear":false}},{"type":"Feature","geometry":{"type":"Point","coordinates":[-121.574,38.683]},"properties":{"key":"65254-5a0cf91c","layer":"power","name":"Chambers 4 - Sacramento SMF1","state":"CA","detail_file":"data/details/power-plants-01.json","plant_id":"65254","capacity_mw":2.7,"status_group":"Operating","energy_sources":"SUN","type":"Power plant","is_nuclear":false}},{"type":"Feature","geometry":{"type":"Point","coordinates":[-120.891,39.178]},"properties":{"key":"412-5ab23a30","layer":"power","name":"Chicago Park","state":"CA","detail_file":"data/details/power-plants-40.json","plant_id":"412","capacity_mw":44.0,"status_group":"Operating","energy_sources":"WAT","type":"Power plant","is_nuclear":false}},{"type":"Feature","geometry":{"type":"Point","coordinates":[-120.813,38.772]},"properties":{"key":"225-a67d46b6","layer":"power","name":"Chili Bar","state":"CA","detail_file":"data/details/power-plants-17.json","plant_id":"225","capacity_mw":8.3,"status_group":"Operating","energy_sources":"WAT","type":"Power plant","is_nuclear":false}},{"type":"Feature","geometry":{"type":"Point","coordinates":[-120.249,37.107]},"properties":{"key":"56185-6e5ba918","layer":"power","name":"Chowchilla II","state":"CA","detail_file":"data/details/power-plants-04.json","plant_id":"56185","capacity_mw":49.6,"status_group":"Operating","energy_sources":"NG","type":"Power plant","is_nuclear":false}},{"type":"Feature","geometry":{"type":"Point","coordinates":[-120.432,36.724]},"properties":{"key":"59738-eb66f24a","layer":"power","name":"Citizen B","state":"CA","detail_file":"data/details/power-plants-00.json","plant_id":"59738","capacity_mw":5.0,"status_group":"Operating","energy_sources":"SUN","type":"Power plant","is_nuclear":false}},{"type":"Feature","geometry":{"type":"Point","coordinates":[-120.629,37.274]},"properties":{"key":"67794-f017c122","layer":"power","name":"City of Atwater NEM","state":"CA","detail_file":"data/details/power-plants-61.json","plant_id":"67794","capacity_mw":1.5,"status_group":"Operating","energy_sources":"SUN","type":"Power plant","is_nuclear":false}},{"type":"Feature","geometry":{"type":"Point","coordinates":[-122.14,37.634]},"properties":{"key":"58525-a3adfb84","layer":"power","name":"City of Hayward WWTP","state":"CA","detail_file":"data/details/power-plants-51.json","plant_id":"58525","capacity_mw":2.7,"status_group":"Operating","energy_sources":"OBG; SUN","type":"Power plant","is_nuclear":false}},{"type":"Feature","geometry":{"type":"Point","coordinates":[-120.157,36.941]},"properties":{"key":"57682-42e3fe29","layer":"power","name":"City of Madera WWTP","state":"CA","detail_file":"data/details/power-plants-25.json","plant_id":"57682","capacity_mw":1.0,"status_group":"Operating","energy_sources":"SUN","type":"Power plant","is_nuclear":false}},{"type":"Feature","geometry":{"type":"Point","coordinates":[-121.34,36.421]},"properties":{"key":"59329-61a8f4ae","layer":"power","name":"City of Soledad Water Reclamation","state":"CA","detail_file":"data/details/power-plants-40.json","plant_id":"59329","capacity_mw":1.0,"status_group":"Operating","energy_sources":"WND","type":"Power plant","is_nuclear":false}},{"type":"Feature","geometry":{"type":"Point","coordinates":[-122.567,38.924]},"properties":{"key":"50128-3a4f3adf","layer":"power","name":"Clear Lake Hydro Project","state":"CA","detail_file":"data/details/power-plants-27.json","plant_id":"50128","capacity_mw":2.5,"status_group":"Operating","energy_sources":"WAT","type":"Power plant","is_nuclear":false}},{"type":"Feature","geometry":{"type":"Point","coordinates":[-123.021,38.77]},"properties":{"key":"60813-3b148ffb","layer":"power","name":"Cloverdale Solar Center","state":"CA","detail_file":"data/details/power-plants-41.json","plant_id":"60813","capacity_mw":1.0,"status_group":"Operating","energy_sources":"SUN","type":"Power plant","is_nuclear":false}},{"type":"Feature","geometry":{"type":"Point","coordinates":[-123.018,38.773]},"properties":{"key":"58949-f97544e0","layer":"power","name":"Cloverdale Solar I","state":"CA","detail_file":"data/details/power-plants-14.json","plant_id":"58949","capacity_mw":1.5,"status_group":"Operating","energy_sources":"SUN","type":"Power plant","is_nuclear":false}},{"type":"Feature","geometry":{"type":"Point","coordinates":[-120.397,36.156]},"properties":{"key":"52086-4be2a82b","layer":"power","name":"Coalinga 25D Cogen","state":"CA","detail_file":"data/details/power-plants-54.json","plant_id":"52086","capacity_mw":13.6,"status_group":"Operating","energy_sources":"NG","type":"Power plant","is_nuclear":false}},{"type":"Feature","geometry":{"type":"Point","coordinates":[-120.383,36.21]},"properties":{"key":"52083-c53e9d82","layer":"power","name":"Coalinga 6C Cogen","state":"CA","detail_file":"data/details/power-plants-60.json","plant_id":"52083","capacity_mw":6.8,"status_group":"Operating","energy_sources":"NG","type":"Power plant","is_nuclear":false}},{"type":"Feature","geometry":{"type":"Point","coordinates":[-120.388,36.181]},"properties":{"key":"50131-8dfd21b8","layer":"power","name":"Coalinga Cogeneration","state":"CA","detail_file":"data/details/power-plants-00.json","plant_id":"50131","capacity_mw":38.4,"status_group":"Operating","energy_sources":"NG","type":"Power plant","is_nuclear":false}},{"type":"Feature","geometry":{"type":"Point","coordinates":[-120.364,36.17]},"properties":{"key":"50750-463dbdec","layer":"power","name":"Coalinga Cogeneration Facility","state":"CA","detail_file":"data/details/power-plants-05.json","plant_id":"50750","capacity_mw":6.8,"status_group":"Operating","energy_sources":"NG","type":"Power plant","is_nuclear":false}},{"type":"Feature","geometry":{"type":"Point","coordinates":[-121.192,39.331]},"properties":{"key":"454-6c338275","layer":"power","name":"Colgate","state":"CA","detail_file":"data/details/power-plants-36.json","plant_id":"454","capacity_mw":315.0,"status_group":"Operating","energy_sources":"WAT","type":"Power plant","is_nuclear":false}},{"type":"Feature","geometry":{"type":"Point","coordinates":[-120.38,38.145]},"properties":{"key":"54555-b032785c","layer":"power","name":"Collierville Powerhouse","state":"CA","detail_file":"data/details/power-plants-07.json","plant_id":"54555","capacity_mw":253.0,"status_group":"Operating","energy_sources":"WAT","type":"Power plant","is_nuclear":false}},{"type":"Feature","geometry":{"type":"Point","coordinates":[-121.865,38.02]},"properties":{"key":"59979-05b2978f","layer":"power","name":"Columbia Solar Energy, LLC","state":"CA","detail_file":"data/details/power-plants-46.json","plant_id":"59979","capacity_mw":19.2,"status_group":"Operating","energy_sources":"SUN","type":"Power plant","is_nuclear":false}},{"type":"Feature","geometry":{"type":"Point","coordinates":[-122.27,39.366]},"properties":{"key":"56532-89ba4cff","layer":"power","name":"Colusa Generating Station","state":"CA","detail_file":"data/details/power-plants-34.json","plant_id":"56532","capacity_mw":712.4,"status_group":"Operating","energy_sources":"NG","type":"Power plant","is_nuclear":false}},{"type":"Feature","geometry":{"type":"Point","coordinates":[-121.059,39.01]},"properties":{"key":"846-4d71d718","layer":"power","name":"Combie South","state":"CA","detail_file":"data/details/power-plants-04.json","plant_id":"846","capacity_mw":1.5,"status_group":"Operating","energy_sources":"WAT","type":"Power plant","is_nuclear":false}},{"type":"Feature","geometry":{"type":"Point","coordinates":[-121.387,38.088]},"properties":{"key":"7449-aa5ccaf1","layer":"power","name":"Combustion Turbine Project No 2","state":"CA","detail_file":"data/details/power-plants-51.json","plant_id":"7449","capacity_mw":50.0,"status_group":"Operating","energy_sources":"NG","type":"Power plant","is_nuclear":false}},{"type":"Feature","geometry":{"type":"Point","coordinates":[-120.571,36.628]},"properties":{"key":"66892-369f0ea8","layer":"power","name":"Conflitti Solar","state":"CA","detail_file":"data/details/power-plants-26.json","plant_id":"66892","capacity_mw":4.4,"status_group":"Operating","energy_sources":"SUN","type":"Power plant","is_nuclear":false}},{"type":"Feature","geometry":{"type":"Point","coordinates":[-121.916,37.406]},"properties":{"key":"61475-388ca69e","layer":"power","name":"CoreSite Real Estate 1656 McCarthy, L.P.","state":"CA","detail_file":"data/details/power-plants-53.json","plant_id":"61475","capacity_mw":5.0,"status_group":"Operating","energy_sources":"DFO","type":"Power plant","is_nuclear":false}},{"type":"Feature","geometry":{"type":"Point","coordinates":[-121.972,37.375]},"properties":{"key":"61476-ace08337","layer":"power","name":"CoreSite Real Estate 2901 Coronado, L.P.","state":"CA","detail_file":"data/details/power-plants-52.json","plant_id":"61476","capacity_mw":10.0,"status_group":"Operating","energy_sources":"DFO","type":"Power plant","is_nuclear":false}},{"type":"Feature","geometry":{"type":"Point","coordinates":[-121.971,37.376]},"properties":{"key":"61464-30da6297","layer":"power","name":"CoreSite Real Estate 2972 Stender, L.P.","state":"CA","detail_file":"data/details/power-plants-53.json","plant_id":"61464","capacity_mw":12.0,"status_group":"Operating","energy_sources":"DFO","type":"Power plant","is_nuclear":false}},{"type":"Feature","geometry":{"type":"Point","coordinates":[-121.973,37.376]},"properties":{"key":"61482-09d12840","layer":"power","name":"CoreSite Real Estate 3032 Coronado, L.P.","state":"CA","detail_file":"data/details/power-plants-37.json","plant_id":"61482","capacity_mw":39.0,"status_group":"Operating","energy_sources":"DFO","type":"Power plant","is_nuclear":false}},{"type":"Feature","geometry":{"type":"Point","coordinates":[-121.972,37.377]},"properties":{"key":"68889-3d948bbc","layer":"power","name":"CoreSite Real Estate 3045 Stender, LP","state":"CA","detail_file":"data/details/power-plants-42.json","plant_id":"68889","capacity_mw":27.0,"status_group":"Operating","energy_sources":"DFO","type":"Power plant","is_nuclear":false}},{"type":"Feature","geometry":{"type":"Point","coordinates":[-121.892,37.334]},"properties":{"key":"61474-31f8680b","layer":"power","name":"CoreSite Real Estate 55 S. Market Street","state":"CA","detail_file":"data/details/power-plants-18.json","plant_id":"61474","capacity_mw":8.0,"status_group":"Operating","energy_sources":"DFO","type":"Power plant","is_nuclear":false}},{"type":"Feature","geometry":{"type":"Point","coordinates":[-121.969,37.375]},"properties":{"key":"69363-3c536772","layer":"power","name":"CoreSite Real Estate SV9, L.P.","state":"CA","detail_file":"data/details/power-plants-26.json","plant_id":"69363","capacity_mw":31.5,"status_group":"Operating","energy_sources":"DFO","type":"Power plant","is_nuclear":false}},{"type":"Feature","geometry":{"type":"Point","coordinates":[-120.308,36.99]},"properties":{"key":"67835-e2d33d60","layer":"power","name":"Costa View Farms","state":"CA","detail_file":"data/details/power-plants-31.json","plant_id":"67835","capacity_mw":5.0,"status_group":"Operating","energy_sources":"SUN","type":"Power plant","is_nuclear":false}},{"type":"Feature","geometry":{"type":"Point","coordinates":[-121.124,38.338]},"properties":{"key":"55970-ef4f4754","layer":"power","name":"Cosumnes Power Plant","state":"CA","detail_file":"data/details/power-plants-28.json","plant_id":"55970","capacity_mw":556.8,"status_group":"Operating","energy_sources":"NG","type":"Power plant","is_nuclear":false}},{"type":"Feature","geometry":{"type":"Point","coordinates":[-122.568,38.13]},"properties":{"key":"59703-07a399cc","layer":"power","name":"Cottonwood Solar, LLC Cottonwood Carport","state":"CA","detail_file":"data/details/power-plants-36.json","plant_id":"59703","capacity_mw":1.0,"status_group":"Operating","energy_sources":"SUN","type":"Power plant","is_nuclear":false}},{"type":"Feature","geometry":{"type":"Point","coordinates":[-121.422,38.752]},"properties":{"key":"68940-4427fc4f","layer":"power","name":"Country Acres Clean Power LLC","state":"CA","detail_file":"data/details/power-plants-26.json","plant_id":"68940","capacity_mw":516.0,"status_group":"Under construction","energy_sources":"MWH; SUN","type":"Power plant","is_nuclear":false}},{"type":"Feature","geometry":{"type":"Point","coordinates":[-120.365,36.756]},"properties":{"key":"10837-a3a82ad9","layer":"power","name":"Covanta Mendota","state":"CA","detail_file":"data/details/power-plants-33.json","plant_id":"10837","capacity_mw":28.0,"status_group":"Operating","energy_sources":"WDS","type":"Power plant","is_nuclear":false}},{"type":"Feature","geometry":{"type":"Point","coordinates":[-121.855,38.242]},"properties":{"key":"55625-032a5d09","layer":"power","name":"Creed Energy Center","state":"CA","detail_file":"data/details/power-plants-56.json","plant_id":"55625","capacity_mw":48.0,"status_group":"Operating","energy_sources":"NG","type":"Power plant","is_nuclear":false}},{"type":"Feature","geometry":{"type":"Point","coordinates":[-121.41,39.826]},"properties":{"key":"231-206bc1a1","layer":"power","name":"Cresta","state":"CA","detail_file":"data/details/power-plants-55.json","plant_id":"231","capacity_mw":73.8,"status_group":"Operating","energy_sources":"WAT","type":"Power plant","is_nuclear":false}},{"type":"Feature","geometry":{"type":"Point","coordinates":[-122.216,38.057]},"properties":{"key":"55084-3bb65b8a","layer":"power","name":"Crockett Cogen Project","state":"CA","detail_file":"data/details/power-plants-29.json","plant_id":"55084","capacity_mw":247.0,"status_group":"Operating","energy_sources":"NG","type":"Power plant","is_nuclear":false}},{"type":"Feature","geometry":{"type":"Point","coordinates":[-120.177,36.634]},"properties":{"key":"66714-a82f7b0c","layer":"power","name":"Crystal Farms Local Solar","state":"CA","detail_file":"data/details/power-plants-58.json","plant_id":"66714","capacity_mw":3.5,"status_group":"Operating","energy_sources":"SUN","type":"Power plant","is_nuclear":false}},{"type":"Feature","geometry":{"type":"Point","coordinates":[-121.636,36.616]},"properties":{"key":"63486-d9b03952","layer":"power","name":"D'Arrigo Brothers - Phase 4","state":"CA","detail_file":"data/details/power-plants-29.json","plant_id":"63486","capacity_mw":2.2,"status_group":"Operating","energy_sources":"MWH; SUN","type":"Power plant","is_nuclear":false}},{"type":"Feature","geometry":{"type":"Point","coordinates":[-120.15,37.09]},"properties":{"key":"63419-45361497","layer":"power","name":"DGS Central California Womens Facility","state":"CA","detail_file":"data/details/power-plants-26.json","plant_id":"63419","capacity_mw":2.0,"status_group":"Operating","energy_sources":"SUN","type":"Power plant","is_nuclear":false}},{"type":"Feature","geometry":{"type":"Point","coordinates":[-121.501,38.574]},"properties":{"key":"58593-3f490deb","layer":"power","name":"DGS Central Utility Plant","state":"CA","detail_file":"data/details/power-plants-41.json","plant_id":"58593","capacity_mw":3.9,"status_group":"Operating","energy_sources":"DFO; NG","type":"Power plant","is_nuclear":false}},{"type":"Feature","geometry":{"type":"Point","coordinates":[-120.153,37.101]},"properties":{"key":"63947-108ae5e6","layer":"power","name":"DGS Valley State Prison","state":"CA","detail_file":"data/details/power-plants-21.json","plant_id":"63947","capacity_mw":2.3,"status_group":"Operating","energy_sources":"SUN","type":"Power plant","is_nuclear":false}},{"type":"Feature","geometry":{"type":"Point","coordinates":[-120.219,36.137]},"properties":{"key":"59746-bd403b8a","layer":"power","name":"DSH (CA) - Coalinga State Hospital","state":"CA","detail_file":"data/details/power-plants-12.json","plant_id":"59746","capacity_mw":2.0,"status_group":"Operating","energy_sources":"SUN","type":"Power plant","is_nuclear":false}},{"type":"Feature","geometry":{"type":"Point","coordinates":[-121.013,37.858]},"properties":{"key":"68840-39466009","layer":"power","name":"Da Silva Dairy","state":"CA","detail_file":"data/details/power-plants-53.json","plant_id":"68840","capacity_mw":1.0,"status_group":"Operating","energy_sources":"SUN","type":"Power plant","is_nuclear":false}},{"type":"Feature","geometry":{"type":"Point","coordinates":[-120.217,36.504]},"properties":{"key":"69661-5579010a","layer":"power","name":"Darden I Solar","state":"CA","detail_file":"data/details/power-plants-55.json","plant_id":"69661","capacity_mw":646.4,"status_group":"Under construction","energy_sources":"MWH; SUN","type":"Power plant","is_nuclear":false}},{"type":"Feature","geometry":{"type":"Point","coordinates":[-120.225,36.457]},"properties":{"key":"69662-218e92f6","layer":"power","name":"Darden II Solar","state":"CA","detail_file":"data/details/power-plants-35.json","plant_id":"69662","capacity_mw":646.4,"status_group":"Under construction","energy_sources":"MWH; SUN","type":"Power plant","is_nuclear":false}},{"type":"Feature","geometry":{"type":"Point","coordinates":[-120.191,36.5]},"properties":{"key":"69663-bc720a2a","layer":"power","name":"Darden III Solar","state":"CA","detail_file":"data/details/power-plants-10.json","plant_id":"69663","capacity_mw":646.4,"status_group":"Under construction","energy_sources":"MWH; SUN","type":"Power plant","is_nuclear":false}},{"type":"Feature","geometry":{"type":"Point","coordinates":[-120.186,36.464]},"properties":{"key":"69664-ded4640e","layer":"power","name":"Darden IV Solar","state":"CA","detail_file":"data/details/power-plants-08.json","plant_id":"69664","capacity_mw":646.4,"status_group":"Under construction","energy_sources":"MWH; SUN","type":"Power plant","is_nuclear":false}},{"type":"Feature","geometry":{"type":"Point","coordinates":[-121.632,39.869]},"properties":{"key":"232-8c8fb953","layer":"power","name":"De Sabla","state":"CA","detail_file":"data/details/power-plants-00.json","plant_id":"232","capacity_mw":18.4,"status_group":"Operating","energy_sources":"WAT","type":"Power plant","is_nuclear":false}},{"type":"Feature","geometry":{"type":"Point","coordinates":[-121.096,39.53]},"properties":{"key":"7507-f910767e","layer":"power","name":"Deadwood Creek","state":"CA","detail_file":"data/details/power-plants-31.json","plant_id":"7507","capacity_mw":2.0,"status_group":"Operating","energy_sources":"WAT","type":"Power plant","is_nuclear":false}},{"type":"Feature","geometry":{"type":"Point","coordinates":[-120.984,38.628]},"properties":{"key":"64861-d32ce4d4","layer":"power","name":"Deer Creek 2","state":"CA","detail_file":"data/details/power-plants-01.json","plant_id":"64861","capacity_mw":1.3,"status_group":"Operating","energy_sources":"SUN","type":"Power plant","is_nuclear":false}},{"type":"Feature","geometry":{"type":"Point","coordinates":[-120.844,39.298]},"properties":{"key":"233-7dbc8a67","layer":"power","name":"Deer Creek PH","state":"CA","detail_file":"data/details/power-plants-32.json","plant_id":"233","capacity_mw":5.5,"status_group":"Operating","energy_sources":"WAT","type":"Power plant","is_nuclear":false}},{"type":"Feature","geometry":{"type":"Point","coordinates":[-121.949,37.49]},"properties":{"key":"67853-bc42456b","layer":"power","name":"Delta Electronics Fremont","state":"CA","detail_file":"data/details/power-plants-24.json","plant_id":"67853","capacity_mw":1.0,"status_group":"Operating","energy_sources":"SUN","type":"Power plant","is_nuclear":false}},{"type":"Feature","geometry":{"type":"Point","coordinates":[-121.844,38.017]},"properties":{"key":"55333-39d6de16","layer":"power","name":"Delta Energy Center","state":"CA","detail_file":"data/details/power-plants-26.json","plant_id":"55333","capacity_mw":943.5,"status_group":"Operating","energy_sources":"NG","type":"Power plant","is_nuclear":false}},{"type":"Feature","geometry":{"type":"Point","coordinates":[-121.449,38.548]},"properties":{"key":"64517-04a1c0ba","layer":"power","name":"Department of Justice","state":"CA","detail_file":"data/details/power-plants-33.json","plant_id":"64517","capacity_mw":2.4,"status_group":"Operating","energy_sources":"SUN","type":"Power plant","is_nuclear":false}},{"type":"Feature","geometry":{"type":"Point","coordinates":[-121.398,38.515]},"properties":{"key":"58119-57376b61","layer":"power","name":"Depot Park Solar System","state":"CA","detail_file":"data/details/power-plants-58.json","plant_id":"58119","capacity_mw":3.0,"status_group":"Operating","energy_sources":"SUN","type":"Power plant","is_nuclear":false}},{"type":"Feature","geometry":{"type":"Point","coordinates":[-121.343,38.565]},"properties":{"key":"60861-a9d85a5d","layer":"power","name":"Dept of General Services -FTB","state":"CA","detail_file":"data/details/power-plants-21.json","plant_id":"60861","capacity_mw":2.7,"status_group":"Operating","energy_sources":"SUN","type":"Power plant","is_nuclear":false}},{"type":"Feature","geometry":{"type":"Point","coordinates":[-121.901,38.029]},"properties":{"key":"62175-cdee2fb5","layer":"power","name":"Diablo Energy Storage","state":"CA","detail_file":"data/details/power-plants-37.json","plant_id":"62175","capacity_mw":200.0,"status_group":"Operating","energy_sources":"MWH","type":"Power plant","is_nuclear":false}},{"type":"Feature","geometry":{"type":"Point","coordinates":[-121.614,37.764]},"properties":{"key":"56271-16b7b6c7","layer":"power","name":"Diablo Winds LLC","state":"CA","detail_file":"data/details/power-plants-40.json","plant_id":"56271","capacity_mw":18.0,"status_group":"Operating","energy_sources":"WND","type":"Power plant","is_nuclear":false}},{"type":"Feature","geometry":{"type":"Point","coordinates":[-120.373,37.016]},"properties":{"key":"64622-56105e8b","layer":"power","name":"Diamond H Dairy Power","state":"CA","detail_file":"data/details/power-plants-16.json","plant_id":"64622","capacity_mw":2.0,"status_group":"Operating","energy_sources":"OBG","type":"Power plant","is_nuclear":false}},{"type":"Feature","geometry":{"type":"Point","coordinates":[-121.171,37.048]},"properties":{"key":"10005-bf4f23b4","layer":"power","name":"Dinosaur Point","state":"CA","detail_file":"data/details/power-plants-12.json","plant_id":"10005","capacity_mw":17.4,"status_group":"Operating","energy_sources":"WND","type":"Power plant","is_nuclear":false}},{"type":"Feature","geometry":{"type":"Point","coordinates":[-122.866,38.584]},"properties":{"key":"64308-97100037","layer":"power","name":"Dissigno Healdsburg FPV, LLC","state":"CA","detail_file":"data/details/power-plants-47.json","plant_id":"64308","capacity_mw":3.0,"status_group":"Operating","energy_sources":"SUN","type":"Power plant","is_nuclear":false}},{"type":"Feature","geometry":{"type":"Point","coordinates":[-120.42,37.696]},"properties":{"key":"439-a38f74f2","layer":"power","name":"Don Pedro","state":"CA","detail_file":"data/details/power-plants-57.json","plant_id":"439","capacity_mw":170.8,"status_group":"Operating","energy_sources":"WAT","type":"Power plant","is_nuclear":false}},{"type":"Feature","geometry":{"type":"Point","coordinates":[-121.195,37.91]},"properties":{"key":"65177-3bff7ef8","layer":"power","name":"Donaghy-Stockton","state":"CA","detail_file":"data/details/power-plants-16.json","plant_id":"65177","capacity_mw":1.1,"status_group":"Operating","energy_sources":"SUN","type":"Power plant","is_nuclear":false}},{"type":"Feature","geometry":{"type":"Point","coordinates":[-121.951,37.377]},"properties":{"key":"56026-f7f302f1","layer":"power","name":"Donald Von Raesfeld Power Plant","state":"CA","detail_file":"data/details/power-plants-40.json","plant_id":"56026","capacity_mw":154.0,"status_group":"Operating","energy_sources":"NG","type":"Power plant","is_nuclear":false}},{"type":"Feature","geometry":{"type":"Point","coordinates":[-120.034,38.247]},"properties":{"key":"415-68e35624","layer":"power","name":"Donnells","state":"CA","detail_file":"data/details/power-plants-06.json","plant_id":"415","capacity_mw":72.0,"status_group":"Operating","energy_sources":"WAT","type":"Power plant","is_nuclear":false}},{"type":"Feature","geometry":{"type":"Point","coordinates":[-120.638,37.003]},"properties":{"key":"67287-44c62703","layer":"power","name":"Dos Palos Clean Power","state":"CA","detail_file":"data/details/power-plants-57.json","plant_id":"67287","capacity_mw":3.0,"status_group":"Operating","energy_sources":"SUN","type":"Power plant","is_nuclear":false}},{"type":"Feature","geometry":{"type":"Point","coordinates":[-120.634,37.084]},"properties":{"key":"68808-2bd6be5d","layer":"power","name":"Dos Palos Cooperative Gin","state":"CA","detail_file":"data/details/power-plants-56.json","plant_id":"68808","capacity_mw":1.0,"status_group":"Operating","energy_sources":"SUN","type":"Power plant","is_nuclear":false}},{"type":"Feature","geometry":{"type":"Point","coordinates":[-120.767,39.257]},"properties":{"key":"235-f792f632","layer":"power","name":"Drum 1","state":"CA","detail_file":"data/details/power-plants-22.json","plant_id":"235","capacity_mw":49.2,"status_group":"Operating","energy_sources":"WAT","type":"Power plant","is_nuclear":false}},{"type":"Feature","geometry":{"type":"Point","coordinates":[-120.767,39.257]},"properties":{"key":"236-53edfb50","layer":"power","name":"Drum 2","state":"CA","detail_file":"data/details/power-plants-20.json","plant_id":"236","capacity_mw":53.1,"status_group":"Operating","energy_sources":"WAT","type":"Power plant","is_nuclear":false}},{"type":"Feature","geometry":{"type":"Point","coordinates":[-121.121,38.347]},"properties":{"key":"70256-a6939c07","layer":"power","name":"Dry Creek Energy Storage, LLC","state":"CA","detail_file":"data/details/power-plants-45.json","plant_id":"70256","capacity_mw":160.0,"status_group":"Under construction","energy_sources":"MWH","type":"Power plant","is_nuclear":false}},{"type":"Feature","geometry":{"type":"Point","coordinates":[-120.836,39.217]},"properties":{"key":"237-4b990a3e","layer":"power","name":"Dutch Flat","state":"CA","detail_file":"data/details/power-plants-18.json","plant_id":"237","capacity_mw":22.0,"status_group":"Operating","energy_sources":"WAT","type":"Power plant","is_nuclear":false}},{"type":"Feature","geometry":{"type":"Point","coordinates":[-120.835,39.218]},"properties":{"key":"413-2fdeecaa","layer":"power","name":"Dutch Flat 2","state":"CA","detail_file":"data/details/power-plants-48.json","plant_id":"413","capacity_mw":27.3,"status_group":"Operating","energy_sources":"WAT","type":"Power plant","is_nuclear":false}},{"type":"Feature","geometry":{"type":"Point","coordinates":[-122.294,38.229]},"properties":{"key":"68528-8d91c585","layer":"power","name":"Dynamo Solar LLC","state":"CA","detail_file":"data/details/power-plants-43.json","plant_id":"68528","capacity_mw":24.5,"status_group":"Under construction","energy_sources":"SUN","type":"Power plant","is_nuclear":false}},{"type":"Feature","geometry":{"type":"Point","coordinates":[-121.782,36.805]},"properties":{"key":"260-4eccc007","layer":"power","name":"Dynegy Moss Landing Power Plant Hybrid","state":"CA","detail_file":"data/details/power-plants-54.json","plant_id":"260","capacity_mw":1848.0,"status_group":"Operating","energy_sources":"MWH; NG","type":"Power plant","is_nuclear":false}},{"type":"Feature","geometry":{"type":"Point","coordinates":[-122.282,37.797]},"properties":{"key":"6211-1e6be69d","layer":"power","name":"Dynegy Oakland Power Plant","state":"CA","detail_file":"data/details/power-plants-05.json","plant_id":"6211","capacity_mw":149.0,"status_group":"Operating","energy_sources":"JF","type":"Power plant","is_nuclear":false}},{"type":"Feature","geometry":{"type":"Point","coordinates":[-122.282,37.797]},"properties":{"key":"6211-7fcc4852","layer":"power","name":"Dynegy Oakland Power Plant","state":"CA","detail_file":"data/details/power-plants-34.json","plant_id":"6211","capacity_mw":43.3,"status_group":"Planned","energy_sources":"MWH","type":"Power plant","is_nuclear":false}},{"type":"Feature","geometry":{"type":"Point","coordinates":[-121.833,38.117]},"properties":{"key":"54453-452025a9","layer":"power","name":"EDF Renewable Windfarm V Inc","state":"CA","detail_file":"data/details/power-plants-55.json","plant_id":"54453","capacity_mw":15.5,"status_group":"Operating","energy_sources":"WND","type":"Power plant","is_nuclear":false}},{"type":"Feature","geometry":{"type":"Point","coordinates":[-120.379,36.625]},"properties":{"key":"62892-c61fe644","layer":"power","name":"EDPR CA Solar Park VI LLC (CA) Hybrid","state":"CA","detail_file":"data/details/power-plants-45.json","plant_id":"62892","capacity_mw":241.0,"status_group":"Under construction","energy_sources":"MWH; SUN","type":"Power plant","is_nuclear":false}},{"type":"Feature","geometry":{"type":"Point","coordinates":[-120.351,36.609]},"properties":{"key":"69947-7ee41b62","layer":"power","name":"EDPR Scarlet III","state":"CA","detail_file":"data/details/power-plants-29.json","plant_id":"69947","capacity_mw":70.0,"status_group":"Under construction","energy_sources":"MWH","type":"Power plant","is_nuclear":false}},{"type":"Feature","geometry":{"type":"Point","coordinates":[-121.783,37.242]},"properties":{"key":"63704-eb66f6f5","layer":"power","name":"EQX010 Great Oaks Fuel Cell","state":"CA","detail_file":"data/details/power-plants-37.json","plant_id":"63704","capacity_mw":2.4,"status_group":"Operating","energy_sources":"NG","type":"Power plant","is_nuclear":false}},{"type":"Feature","geometry":{"type":"Point","coordinates":[-121.955,37.378]},"properties":{"key":"63705-2444b4a8","layer":"power","name":"EQX011 Duane Fuel Cell","state":"CA","detail_file":"data/details/power-plants-23.json","plant_id":"63705","capacity_mw":5.2,"status_group":"Operating","energy_sources":"NG","type":"Power plant","is_nuclear":false}},{"type":"Feature","geometry":{"type":"Point","coordinates":[-121.782,37.242]},"properties":{"key":"63708-1a0d9d5d","layer":"power","name":"EQX015 Great Oaks Fuel Cell","state":"CA","detail_file":"data/details/power-plants-06.json","plant_id":"63708","capacity_mw":4.0,"status_group":"Operating","energy_sources":"NG","type":"Power plant","is_nuclear":false}},{"type":"Feature","geometry":{"type":"Point","coordinates":[-120.969,37.71]},"properties":{"key":"67380-915212d5","layer":"power","name":"ERock MID Claribel Generation Station","state":"CA","detail_file":"data/details/power-plants-21.json","plant_id":"67380","capacity_mw":48.0,"status_group":"Operating","energy_sources":"NG","type":"Power plant","is_nuclear":false}},{"type":"Feature","geometry":{"type":"Point","coordinates":[-120.457,37.125]},"properties":{"key":"66810-257326d3","layer":"power","name":"East Cleveland Road Solar","state":"CA","detail_file":"data/details/power-plants-37.json","plant_id":"66810","capacity_mw":3.0,"status_group":"Operating","energy_sources":"SUN","type":"Power plant","is_nuclear":false}},{"type":"Feature","geometry":{"type":"Point","coordinates":[-123.196,39.25]},"properties":{"key":"67565-2faa44d1","layer":"power","name":"East Road Storage Project","state":"CA","detail_file":"data/details/power-plants-60.json","plant_id":"67565","capacity_mw":1.5,"status_group":"Under construction","energy_sources":"MWH","type":"Power plant","is_nuclear":false}},{"type":"Feature","geometry":{"type":"Point","coordinates":[-121.492,39.543]},"properties":{"key":"437-8205fe61","layer":"power","name":"Edward C Hyatt","state":"CA","detail_file":"data/details/power-plants-60.json","plant_id":"437","capacity_mw":644.1,"status_group":"Operating","energy_sources":"WAT","type":"Power plant","is_nuclear":false}},{"type":"Feature","geometry":{"type":"Point","coordinates":[-120.619,38.794]},"properties":{"key":"238-d28f00d6","layer":"power","name":"El Dorado","state":"CA","detail_file":"data/details/power-plants-63.json","plant_id":"238","capacity_mw":20.0,"status_group":"Operating","energy_sources":"WAT","type":"Power plant","is_nuclear":false}},{"type":"Feature","geometry":{"type":"Point","coordinates":[-120.828,38.698]},"properties":{"key":"64402-76fc3dba","layer":"power","name":"El Dorado County","state":"CA","detail_file":"data/details/power-plants-58.json","plant_id":"64402","capacity_mw":1.5,"status_group":"Operating","energy_sources":"SUN","type":"Power plant","is_nuclear":false}},{"type":"Feature","geometry":{"type":"Point","coordinates":[-121.059,38.637]},"properties":{"key":"64700-aea606ed","layer":"power","name":"El Dorado Solar, LLC","state":"CA","detail_file":"data/details/power-plants-08.json","plant_id":"64700","capacity_mw":1.5,"status_group":"Operating","energy_sources":"SUN","type":"Power plant","is_nuclear":false}},{"type":"Feature","geometry":{"type":"Point","coordinates":[-120.49,37.187]},"properties":{"key":"56707-5a18e26f","layer":"power","name":"El Nido Facility","state":"CA","detail_file":"data/details/power-plants-39.json","plant_id":"56707","capacity_mw":12.5,"status_group":"Operating","energy_sources":"WDS","type":"Power plant","is_nuclear":false}},{"type":"Feature","geometry":{"type":"Point","coordinates":[-120.67,38.331]},"properties":{"key":"239-fad5006a","layer":"power","name":"Electra","state":"CA","detail_file":"data/details/power-plants-61.json","plant_id":"239","capacity_mw":102.5,"status_group":"Operating","energy_sources":"WAT","type":"Power plant","is_nuclear":false}},{"type":"Feature","geometry":{"type":"Point","coordinates":[-121.782,36.808]},"properties":{"key":"62564-f0fe94b6","layer":"power","name":"Elkhorn Battery Energy Storage System","state":"CA","detail_file":"data/details/power-plants-16.json","plant_id":"62564","capacity_mw":182.5,"status_group":"Operating","energy_sources":"MWH","type":"Power plant","is_nuclear":false}},{"type":"Feature","geometry":{"type":"Point","coordinates":[-122.574,38.222]},"properties":{"key":"68442-81858e86","layer":"power","name":"Ellis Creek Solar","state":"CA","detail_file":"data/details/power-plants-28.json","plant_id":"68442","capacity_mw":4.0,"status_group":"Operating","energy_sources":"SUN","type":"Power plant","is_nuclear":false}},{"type":"Feature","geometry":{"type":"Point","coordinates":[-121.3,38.148]},"properties":{"key":"66638-aceecf8c","layer":"power","name":"Enchanted Rock Lodi","state":"CA","detail_file":"data/details/power-plants-53.json","plant_id":"66638","capacity_mw":48.0,"status_group":"Operating","energy_sources":"NG","type":"Power plant","is_nuclear":false}},{"type":"Feature","geometry":{"type":"Point","coordinates":[-121.131,37.436]},"properties":{"key":"66680-0626181a","layer":"power","name":"Enchanted Rock Turlock Irrigation Distri","state":"CA","detail_file":"data/details/power-plants-22.json","plant_id":"66680","capacity_mw":46.8,"status_group":"Operating","energy_sources":"NG","type":"Power plant","is_nuclear":false}},{"type":"Feature","geometry":{"type":"Point","coordinates":[-121.404,36.832]},"properties":{"key":"59122-c16df0b8","layer":"power","name":"Enerparc CA1 LLC","state":"CA","detail_file":"data/details/power-plants-45.json","plant_id":"59122","capacity_mw":1.5,"status_group":"Operating","energy_sources":"SUN","type":"Power plant","is_nuclear":false}},{"type":"Feature","geometry":{"type":"Point","coordinates":[-121.85,39.743]},"properties":{"key":"65210-fa3cbed6","layer":"power","name":"Enloe Medical - Chico","state":"CA","detail_file":"data/details/power-plants-60.json","plant_id":"65210","capacity_mw":1.7,"status_group":"Operating","energy_sources":"NG","type":"Power plant","is_nuclear":false}},{"type":"Feature","geometry":{"type":"Point","coordinates":[-122.052,37.415]},"properties":{"key":"62671-a02765e2","layer":"power","name":"Equinix Caspian Dr. Fuel Cell","state":"CA","detail_file":"data/details/power-plants-11.json","plant_id":"62671","capacity_mw":4.8,"status_group":"Operating","energy_sources":"NG","type":"Power plant","is_nuclear":false}},{"type":"Feature","geometry":{"type":"Point","coordinates":[-121.783,37.241]},"properties":{"key":"62702-f6a586ab","layer":"power","name":"Equinix Great Oaks Blvd. Fuel Cell","state":"CA","detail_file":"data/details/power-plants-60.json","plant_id":"62702","capacity_mw":4.5,"status_group":"Operating","energy_sources":"NG","type":"Power plant","is_nuclear":false}},{"type":"Feature","geometry":{"type":"Point","coordinates":[-121.889,37.388]},"properties":{"key":"62703-90ac78b6","layer":"power","name":"Equinix Lundy Ave. Fuel Cell","state":"CA","detail_file":"data/details/power-plants-17.json","plant_id":"62703","capacity_mw":4.9,"status_group":"Operating","energy_sources":"NG","type":"Power plant","is_nuclear":false}},{"type":"Feature","geometry":{"type":"Point","coordinates":[-121.781,37.242]},"properties":{"key":"60223-5167081c","layer":"power","name":"Equinix San Jose","state":"CA","detail_file":"data/details/power-plants-12.json","plant_id":"60223","capacity_mw":1.1,"status_group":"Operating","energy_sources":"NG","type":"Power plant","is_nuclear":false}},{"type":"Feature","geometry":{"type":"Point","coordinates":[-120.269,37.584]},"properties":{"key":"409-ca63443f","layer":"power","name":"Exchequer","state":"CA","detail_file":"data/details/power-plants-17.json","plant_id":"409","capacity_mw":94.5,"status_group":"Operating","energy_sources":"WAT","type":"Power plant","is_nuclear":false}},{"type":"Feature","geometry":{"type":"Point","coordinates":[-121.258,38.56]},"properties":{"key":"58261-611d91ab","layer":"power","name":"FAA NorCal TRACON","state":"CA","detail_file":"data/details/power-plants-14.json","plant_id":"58261","capacity_mw":1.0,"status_group":"Operating","energy_sources":"SUN","type":"Power plant","is_nuclear":false}},{"type":"Feature","geometry":{"type":"Point","coordinates":[-121.894,37.417]},"properties":{"key":"62575-fe8fafda","layer":"power","name":"FLEX Gibraltar","state":"CA","detail_file":"data/details/power-plants-53.json","plant_id":"62575","capacity_mw":1.5,"status_group":"Operating","energy_sources":"NG","type":"Power plant","is_nuclear":false}},{"type":"Feature","geometry":{"type":"Point","coordinates":[-121.797,38.164]},"properties":{"key":"57201-f7d058af","layer":"power","name":"FPL Energy Montezuma Winds LLC","state":"CA","detail_file":"data/details/power-plants-28.json","plant_id":"57201","capacity_mw":36.8,"status_group":"Operating","energy_sources":"WND","type":"Power plant","is_nuclear":false}},{"type":"Feature","geometry":{"type":"Point","coordinates":[-121.391,38.487]},"properties":{"key":"57506-5e4e8547","layer":"power","name":"FRV SI Transport Solar LP","state":"CA","detail_file":"data/details/power-plants-57.json","plant_id":"57506","capacity_mw":1.0,"status_group":"Operating","energy_sources":"SUN","type":"Power plant","is_nuclear":false}},{"type":"Feature","geometry":{"type":"Point","coordinates":[-121.609,39.109]},"properties":{"key":"55847-7c777ae8","layer":"power","name":"Feather River Energy Center","state":"CA","detail_file":"data/details/power-plants-50.json","plant_id":"55847","capacity_mw":47.0,"status_group":"Operating","energy_sources":"NG","type":"Power plant","is_nuclear":false}},{"type":"Feature","geometry":{"type":"Point","coordinates":[-120.105,36.153]},"properties":{"key":"64197-c8c518c3","layer":"power","name":"Fifth Standard Solar PV, LLC (Hybrid)","state":"CA","detail_file":"data/details/power-plants-17.json","plant_id":"64197","capacity_mw":287.0,"status_group":"Operating","energy_sources":"MWH; SUN","type":"Power plant","is_nuclear":false}},{"type":"Feature","geometry":{"type":"Point","coordinates":[-120.613,36.735]},"properties":{"key":"63994-6af4ce58","layer":"power","name":"Firebaugh-CCS-PV-1","state":"CA","detail_file":"data/details/power-plants-04.json","plant_id":"63994","capacity_mw":1.0,"status_group":"Operating","energy_sources":"SUN","type":"Power plant","is_nuclear":false}},{"type":"Feature","geometry":{"type":"Point","coordinates":[-120.293,37.12]},"properties":{"key":"65168-e79a0697","layer":"power","name":"Five H Farms Solar Array","state":"CA","detail_file":"data/details/power-plants-26.json","plant_id":"65168","capacity_mw":1.0,"status_group":"Operating","energy_sources":"SUN","type":"Power plant","is_nuclear":false}},{"type":"Feature","geometry":{"type":"Point","coordinates":[-120.012,36.477]},"properties":{"key":"69900-3da6ef8d","layer":"power","name":"Five Points Pipeline","state":"CA","detail_file":"data/details/power-plants-07.json","plant_id":"69900","capacity_mw":4.1,"status_group":"Operating","energy_sources":"SUN","type":"Power plant","is_nuclear":false}},{"type":"Feature","geometry":{"type":"Point","coordinates":[-120.237,36.387]},"properties":{"key":"59523-b3b59dee","layer":"power","name":"Five Points Solar Park","state":"CA","detail_file":"data/details/power-plants-28.json","plant_id":"59523","capacity_mw":60.0,"status_group":"Operating","energy_sources":"SUN","type":"Power plant","is_nuclear":false}},{"type":"Feature","geometry":{"type":"Point","coordinates":[-120.103,36.4]},"properties":{"key":"57498-6cbd563b","layer":"power","name":"Five Points Solar Station","state":"CA","detail_file":"data/details/power-plants-22.json","plant_id":"57498","capacity_mw":15.0,"status_group":"Operating","energy_sources":"SUN","type":"Power plant","is_nuclear":false}},{"type":"Feature","geometry":{"type":"Point","coordinates":[-121.158,38.707]},"properties":{"key":"441-4042e812","layer":"power","name":"Folsom","state":"CA","detail_file":"data/details/power-plants-49.json","plant_id":"441","capacity_mw":198.6,"status_group":"Operating","energy_sources":"WAT","type":"Power plant","is_nuclear":false}},{"type":"Feature","geometry":{"type":"Point","coordinates":[-121.16,38.687]},"properties":{"key":"61698-ad2a70f7","layer":"power","name":"Folsom SP and CSP Sacramento","state":"CA","detail_file":"data/details/power-plants-46.json","plant_id":"61698","capacity_mw":1.3,"status_group":"Operating","energy_sources":"SUN","type":"Power plant","is_nuclear":false}},{"type":"Feature","geometry":{"type":"Point","coordinates":[-120.934,38.042]},"properties":{"key":"65089-be221f6d","layer":"power","name":"Foothill Sanitary Landfill - Solar Array","state":"CA","detail_file":"data/details/power-plants-36.json","plant_id":"65089","capacity_mw":3.6,"status_group":"Operating","energy_sources":"SUN","type":"Power plant","is_nuclear":false}},{"type":"Feature","geometry":{"type":"Point","coordinates":[-121.279,39.551]},"properties":{"key":"417-4beeb50e","layer":"power","name":"Forbestown","state":"CA","detail_file":"data/details/power-plants-38.json","plant_id":"417","capacity_mw":41.9,"status_group":"Operating","energy_sources":"WAT","type":"Power plant","is_nuclear":false}},{"type":"Feature","geometry":{"type":"Point","coordinates":[-121.632,39.869]},"properties":{"key":"50350-d82aee45","layer":"power","name":"Forks of Butte Hydro Project","state":"CA","detail_file":"data/details/power-plants-15.json","plant_id":"50350","capacity_mw":14.5,"status_group":"Operating","energy_sources":"WAT","type":"Power plant","is_nuclear":false}},{"type":"Feature","geometry":{"type":"Point","coordinates":[-122.093,38.232]},"properties":{"key":"57791-1692c9e1","layer":"power","name":"Foundation AB","state":"CA","detail_file":"data/details/power-plants-11.json","plant_id":"57791","capacity_mw":1.5,"status_group":"Operating","energy_sources":"WND","type":"Power plant","is_nuclear":false}},{"type":"Feature","geometry":{"type":"Point","coordinates":[-121.382,36.464]},"properties":{"key":"61442-d50aac03","layer":"power","name":"Foundation California Training Facility","state":"CA","detail_file":"data/details/power-plants-31.json","plant_id":"61442","capacity_mw":1.8,"status_group":"Operating","energy_sources":"WND","type":"Power plant","is_nuclear":false}},{"type":"Feature","geometry":{"type":"Point","coordinates":[-121.933,38.693]},"properties":{"key":"58112-a5e2ead1","layer":"power","name":"Foundation Cemex Madison","state":"CA","detail_file":"data/details/power-plants-04.json","plant_id":"58112","capacity_mw":1.0,"status_group":"Operating","energy_sources":"WND","type":"Power plant","is_nuclear":false}},{"type":"Feature","geometry":{"type":"Point","coordinates":[-121.35,36.459]},"properties":{"key":"62654-74da9eba","layer":"power","name":"Foundation Dole Fresh Vegetables","state":"CA","detail_file":"data/details/power-plants-56.json","plant_id":"62654","capacity_mw":5.6,"status_group":"Operating","energy_sources":"WND","type":"Power plant","is_nuclear":false}},{"type":"Feature","geometry":{"type":"Point","coordinates":[-121.454,36.504]},"properties":{"key":"61443-9c908a0d","layer":"power","name":"Foundation Mann Packing","state":"CA","detail_file":"data/details/power-plants-06.json","plant_id":"61443","capacity_mw":1.8,"status_group":"Operating","energy_sources":"WND","type":"Power plant","is_nuclear":false}},{"type":"Feature","geometry":{"type":"Point","coordinates":[-121.522,37.714]},"properties":{"key":"57626-582c710a","layer":"power","name":"Foundation ST","state":"CA","detail_file":"data/details/power-plants-35.json","plant_id":"57626","capacity_mw":2.0,"status_group":"Operating","energy_sources":"WND","type":"Power plant","is_nuclear":false}},{"type":"Feature","geometry":{"type":"Point","coordinates":[-121.371,36.474]},"properties":{"key":"61444-e27ab2d5","layer":"power","name":"Foundation SaIinas Valley State Prison","state":"CA","detail_file":"data/details/power-plants-45.json","plant_id":"61444","capacity_mw":1.8,"status_group":"Operating","energy_sources":"WND","type":"Power plant","is_nuclear":false}},{"type":"Feature","geometry":{"type":"Point","coordinates":[-121.192,36.275]},"properties":{"key":"61067-5a4bca7a","layer":"power","name":"Foundation Scheid Vineyards","state":"CA","detail_file":"data/details/power-plants-17.json","plant_id":"61067","capacity_mw":1.9,"status_group":"Operating","energy_sources":"WND","type":"Power plant","is_nuclear":false}},{"type":"Feature","geometry":{"type":"Point","coordinates":[-121.818,38.42]},"properties":{"key":"58104-6af4d40a","layer":"power","name":"Foundation Superior Farms","state":"CA","detail_file":"data/details/power-plants-38.json","plant_id":"58104","capacity_mw":1.0,"status_group":"Operating","energy_sources":"WND","type":"Power plant","is_nuclear":false}},{"type":"Feature","geometry":{"type":"Point","coordinates":[-120.807,37.83]},"properties":{"key":"50219-0f4172b6","layer":"power","name":"Frankenheimer Power Plant","state":"CA","detail_file":"data/details/power-plants-03.json","plant_id":"50219","capacity_mw":5.3,"status_group":"Operating","energy_sources":"WAT","type":"Power plant","is_nuclear":false}},{"type":"Feature","geometry":{"type":"Point","coordinates":[-122.293,37.542]},"properties":{"key":"57809-d2e22d53","layer":"power","name":"Franklin Templeton San Mateo","state":"CA","detail_file":"data/details/power-plants-27.json","plant_id":"57809","capacity_mw":1.1,"status_group":"Operating","energy_sources":"NG","type":"Power plant","is_nuclear":false}},{"type":"Feature","geometry":{"type":"Point","coordinates":[-121.932,37.479]},"properties":{"key":"65131-47ab209c","layer":"power","name":"Fremont - Kato Rd","state":"CA","detail_file":"data/details/power-plants-27.json","plant_id":"65131","capacity_mw":1.4,"status_group":"Operating","energy_sources":"SUN","type":"Power plant","is_nuclear":false}},{"type":"Feature","geometry":{"type":"Point","coordinates":[-121.945,37.493]},"properties":{"key":"65072-91f9c72e","layer":"power","name":"Fremont CA AutoFactory","state":"CA","detail_file":"data/details/power-plants-54.json","plant_id":"65072","capacity_mw":0.3,"status_group":"Operating","energy_sources":"SUN","type":"Power plant","is_nuclear":false}},{"type":"Feature","geometry":{"type":"Point","coordinates":[-121.945,37.493]},"properties":{"key":"65072-ba5ca3e7","layer":"power","name":"Fremont CA AutoFactory","state":"CA","detail_file":"data/details/power-plants-02.json","plant_id":"65072","capacity_mw":3.8,"status_group":"Under construction","energy_sources":"SUN","type":"Power plant","is_nuclear":false}},{"type":"Feature","geometry":{"type":"Point","coordinates":[-120.406,39.078]},"properties":{"key":"424-e185023c","layer":"power","name":"French Meadows","state":"CA","detail_file":"data/details/power-plants-58.json","plant_id":"424","capacity_mw":15.3,"status_group":"Operating","energy_sources":"WAT","type":"Power plant","is_nuclear":false}},{"type":"Feature","geometry":{"type":"Point","coordinates":[-120.1,36.617]},"properties":{"key":"10156-aaa1374a","layer":"power","name":"Fresno Cogen Partners","state":"CA","detail_file":"data/details/power-plants-08.json","plant_id":"10156","capacity_mw":86.8,"status_group":"Operating","energy_sources":"MWH; NG","type":"Power plant","is_nuclear":false}},{"type":"Feature","geometry":{"type":"Point","coordinates":[-120.105,36.617]},"properties":{"key":"60083-471ff351","layer":"power","name":"Fresno Solar","state":"CA","detail_file":"data/details/power-plants-00.json","plant_id":"60083","capacity_mw":3.0,"status_group":"Operating","energy_sources":"SUN","type":"Power plant","is_nuclear":false}},{"type":"Feature","geometry":{"type":"Point","coordinates":[-121.131,37.38]},"properties":{"key":"60039-26cd0dd7","layer":"power","name":"Frontier Solar LLC","state":"CA","detail_file":"data/details/power-plants-01.json","plant_id":"60039","capacity_mw":20.0,"status_group":"Operating","energy_sources":"SUN","type":"Power plant","is_nuclear":false}},{"type":"Feature","geometry":{"type":"Point","coordinates":[-121.834,38.315]},"properties":{"key":"58320-19fbe23e","layer":"power","name":"G2 Energy Hay Rd","state":"CA","detail_file":"data/details/power-plants-22.json","plant_id":"58320","capacity_mw":1.6,"status_group":"Operating","energy_sources":"LFG","type":"Power plant","is_nuclear":false}},{"type":"Feature","geometry":{"type":"Point","coordinates":[-121.399,39.073]},"properties":{"key":"57133-4752c31f","layer":"power","name":"G2 Energy Ostrom Road LLC","state":"CA","detail_file":"data/details/power-plants-32.json","plant_id":"57133","capacity_mw":3.5,"status_group":"Operating","energy_sources":"LFG","type":"Power plant","is_nuclear":false}},{"type":"Feature","geometry":{"type":"Point","coordinates":[-120.114,36.176]},"properties":{"key":"57892-1cc091d5","layer":"power","name":"Gates Solar Station","state":"CA","detail_file":"data/details/power-plants-57.json","plant_id":"57892","capacity_mw":20.0,"status_group":"Operating","energy_sources":"SUN","type":"Power plant","is_nuclear":false}},{"type":"Feature","geometry":{"type":"Point","coordinates":[-121.759,38.017]},"properties":{"key":"56476-2b69d104","layer":"power","name":"Gateway Generating Station","state":"CA","detail_file":"data/details/power-plants-07.json","plant_id":"56476","capacity_mw":619.7,"status_group":"Operating","energy_sources":"NG","type":"Power plant","is_nuclear":false}},{"type":"Feature","geometry":{"type":"Point","coordinates":[-122.062,37.541]},"properties":{"key":"69895-81119ea1","layer":"power","name":"Gateway#1&2 (Newark CA)","state":"CA","detail_file":"data/details/power-plants-44.json","plant_id":"69895","capacity_mw":1.1,"status_group":"Planned","energy_sources":"SUN","type":"Power plant","is_nuclear":false}},{"type":"Feature","geometry":{"type":"Point","coordinates":[-121.594,37.004]},"properties":{"key":"61993-29c3d9ea","layer":"power","name":"Gavilan Community College Solar Project","state":"CA","detail_file":"data/details/power-plants-24.json","plant_id":"61993","capacity_mw":1.9,"status_group":"Operating","energy_sources":"MWH; SUN","type":"Power plant","is_nuclear":false}},{"type":"Feature","geometry":{"type":"Point","coordinates":[-121.948,38.391]},"properties":{"key":"60844-2d17fe97","layer":"power","name":"Genentech Vacaville Meter #1","state":"CA","detail_file":"data/details/power-plants-44.json","plant_id":"60844","capacity_mw":6.1,"status_group":"Operating","energy_sources":"SUN","type":"Power plant","is_nuclear":false}},{"type":"Feature","geometry":{"type":"Point","coordinates":[-122.719,38.752]},"properties":{"key":"7368-8d83b6e2","layer":"power","name":"Geothermal 1","state":"CA","detail_file":"data/details/power-plants-08.json","plant_id":"7368","capacity_mw":110.0,"status_group":"Operating","energy_sources":"GEO","type":"Power plant","is_nuclear":false}},{"type":"Feature","geometry":{"type":"Point","coordinates":[-122.712,38.749]},"properties":{"key":"7369-039350cf","layer":"power","name":"Geothermal 2","state":"CA","detail_file":"data/details/power-plants-21.json","plant_id":"7369","capacity_mw":110.0,"status_group":"Operating","energy_sources":"GEO","type":"Power plant","is_nuclear":false}},{"type":"Feature","geometry":{"type":"Point","coordinates":[-122.745,38.777]},"properties":{"key":"286-56b56292","layer":"power","name":"Geysers Unit 5-20","state":"CA","detail_file":"data/details/power-plants-07.json","plant_id":"286","capacity_mw":1236.0,"status_group":"Operating","energy_sources":"GEO","type":"Power plant","is_nuclear":false}},{"type":"Feature","geometry":{"type":"Point","coordinates":[-121.969,37.401]},"properties":{"key":"7231-57fb15a1","layer":"power","name":"Gianera","state":"CA","detail_file":"data/details/power-plants-24.json","plant_id":"7231","capacity_mw":64.6,"status_group":"Operating","energy_sources":"NG","type":"Power plant","is_nuclear":false}},{"type":"Feature","geometry":{"type":"Point","coordinates":[-121.988,38.678]},"properties":{"key":"67836-c093fa35","layer":"power","name":"Gibson Solar Project - Hybrid","state":"CA","detail_file":"data/details/power-plants-33.json","plant_id":"67836","capacity_mw":26.0,"status_group":"Under construction","energy_sources":"MWH; SUN","type":"Power plant","is_nuclear":false}},{"type":"Feature","geometry":{"type":"Point","coordinates":[-120.316,36.53]},"properties":{"key":"57521-a6584de0","layer":"power","name":"Giffen","state":"CA","detail_file":"data/details/power-plants-01.json","plant_id":"57521","capacity_mw":10.0,"status_group":"Operating","energy_sources":"SUN","type":"Power plant","is_nuclear":false}},{"type":"Feature","geometry":{"type":"Point","coordinates":[-120.316,36.545]},"properties":{"key":"59522-7ca5217f","layer":"power","name":"Giffen Solar Park","state":"CA","detail_file":"data/details/power-plants-08.json","plant_id":"59522","capacity_mw":20.0,"status_group":"Operating","energy_sources":"SUN","type":"Power plant","is_nuclear":false}},{"type":"Feature","geometry":{"type":"Point","coordinates":[-122.278,37.569]},"properties":{"key":"65409-a5dd70de","layer":"power","name":"Gilead Foster City Solar Project","state":"CA","detail_file":"data/details/power-plants-19.json","plant_id":"65409","capacity_mw":1.6,"status_group":"Operating","energy_sources":"MWH; SUN","type":"Power plant","is_nuclear":false}},{"type":"Feature","geometry":{"type":"Point","coordinates":[-121.536,36.999]},"properties":{"key":"55810-0b111a06","layer":"power","name":"Gilroy Peaking Energy Center","state":"CA","detail_file":"data/details/power-plants-51.json","plant_id":"55810","capacity_mw":144.0,"status_group":"Operating","energy_sources":"NG","type":"Power plant","is_nuclear":false}},{"type":"Feature","geometry":{"type":"Point","coordinates":[-121.537,37.0]},"properties":{"key":"10034-01a45bcd","layer":"power","name":"Gilroy Power Plant","state":"CA","detail_file":"data/details/power-plants-03.json","plant_id":"10034","capacity_mw":130.0,"status_group":"Operating","energy_sources":"NG","type":"Power plant","is_nuclear":false}},{"type":"Feature","geometry":{"type":"Point","coordinates":[-120.859,37.107]},"properties":{"key":"68837-43cfba1e","layer":"power","name":"Godinho Dairy Digester","state":"CA","detail_file":"data/details/power-plants-48.json","plant_id":"68837","capacity_mw":2.0,"status_group":"Operating","energy_sources":"OBG","type":"Power plant","is_nuclear":false}},{"type":"Feature","geometry":{"type":"Point","coordinates":[-121.63,37.769]},"properties":{"key":"61222-baea8375","layer":"power","name":"Golden Hills North Wind Energy Center","state":"CA","detail_file":"data/details/power-plants-25.json","plant_id":"61222","capacity_mw":46.0,"status_group":"Operating","energy_sources":"WND","type":"Power plant","is_nuclear":false}},{"type":"Feature","geometry":{"type":"Point","coordinates":[-121.64,37.713]},"properties":{"key":"60049-b23c6102","layer":"power","name":"Golden Hills Wind","state":"CA","detail_file":"data/details/power-plants-55.json","plant_id":"60049","capacity_mw":85.9,"status_group":"Operating","energy_sources":"WND","type":"Power plant","is_nuclear":false}},{"type":"Feature","geometry":{"type":"Point","coordinates":[-121.193,37.066]},"properties":{"key":"68980-36fb0b2b","layer":"power","name":"Gonzaga Ridge Battery Facility","state":"CA","detail_file":"data/details/power-plants-45.json","plant_id":"68980","capacity_mw":51.8,"status_group":"Under construction","energy_sources":"MWH","type":"Power plant","is_nuclear":false}},{"type":"Feature","geometry":{"type":"Point","coordinates":[-121.129,37.066]},"properties":{"key":"68981-b85fc720","layer":"power","name":"Gonzaga Ridge Wind Farm","state":"CA","detail_file":"data/details/power-plants-36.json","plant_id":"68981","capacity_mw":132.8,"status_group":"Under construction","energy_sources":"WND","type":"Power plant","is_nuclear":false}},{"type":"Feature","geometry":{"type":"Point","coordinates":[-122.428,37.627]},"properties":{"key":"68816-4bd9c1d9","layer":"power","name":"Google Bayhill Solar PV and Microgrid","state":"CA","detail_file":"data/details/power-plants-15.json","plant_id":"68816","capacity_mw":3.8,"status_group":"Operating","energy_sources":"MWH; SUN","type":"Power plant","is_nuclear":false}},{"type":"Feature","geometry":{"type":"Point","coordinates":[-122.017,37.405]},"properties":{"key":"65568-d9c3305b","layer":"power","name":"Google Moffett Park Solar Project","state":"CA","detail_file":"data/details/power-plants-57.json","plant_id":"65568","capacity_mw":2.2,"status_group":"Operating","energy_sources":"MWH; SUN","type":"Power plant","is_nuclear":false}},{"type":"Feature","geometry":{"type":"Point","coordinates":[-121.843,38.227]},"properties":{"key":"55627-351b0359","layer":"power","name":"Goose Haven Energy Center","state":"CA","detail_file":"data/details/power-plants-45.json","plant_id":"55627","capacity_mw":48.0,"status_group":"Operating","energy_sources":"NG","type":"Power plant","is_nuclear":false}},{"type":"Feature","geometry":{"type":"Point","coordinates":[-121.603,36.878]},"properties":{"key":"65485-fe012106","layer":"power","name":"Graniterock Quarry","state":"CA","detail_file":"data/details/power-plants-04.json","plant_id":"65485","capacity_mw":4.4,"status_group":"Operating","energy_sources":"SUN","type":"Power plant","is_nuclear":false}},{"type":"Feature","geometry":{"type":"Point","coordinates":[-121.694,38.5]},"properties":{"key":"58217-0c788b05","layer":"power","name":"Grassland 1&2 Solar Project","state":"CA","detail_file":"data/details/power-plants-53.json","plant_id":"58217","capacity_mw":2.0,"status_group":"Operating","energy_sources":"SUN","type":"Power plant","is_nuclear":false}},{"type":"Feature","geometry":{"type":"Point","coordinates":[-121.694,38.5]},"properties":{"key":"58204-0ff5bc64","layer":"power","name":"Grassland 3&4 Solar Project","state":"CA","detail_file":"data/details/power-plants-14.json","plant_id":"58204","capacity_mw":2.0,"status_group":"Operating","energy_sources":"SUN","type":"Power plant","is_nuclear":false}},{"type":"Feature","geometry":{"type":"Point","coordinates":[-120.38,36.581]},"properties":{"key":"59940-f4972b08","layer":"power","name":"Great Valley Solar Portfolio Holdings, L","state":"CA","detail_file":"data/details/power-plants-61.json","plant_id":"59940","capacity_mw":202.5,"status_group":"Operating","energy_sources":"SUN","type":"Power plant","is_nuclear":false}},{"type":"Feature","geometry":{"type":"Point","coordinates":[-121.465,38.282]},"properties":{"key":"57849-9683f119","layer":"power","name":"Green Acres Solar Facility 1","state":"CA","detail_file":"data/details/power-plants-06.json","plant_id":"57849","capacity_mw":3.0,"status_group":"Operating","energy_sources":"SUN","type":"Power plant","is_nuclear":false}},{"type":"Feature","geometry":{"type":"Point","coordinates":[-121.461,38.284]},"properties":{"key":"57850-2d765ddc","layer":"power","name":"Green Acres Solar Facility 2","state":"CA","detail_file":"data/details/power-plants-47.json","plant_id":"57850","capacity_mw":1.0,"status_group":"Operating","energy_sources":"SUN","type":"Power plant","is_nuclear":false}},{"type":"Feature","geometry":{"type":"Point","coordinates":[-121.696,39.053]},"properties":{"key":"10350-32441fde","layer":"power","name":"Greenleaf 1","state":"CA","detail_file":"data/details/power-plants-50.json","plant_id":"10350","capacity_mw":69.8,"status_group":"Operating","energy_sources":"NG","type":"Power plant","is_nuclear":false}},{"type":"Feature","geometry":{"type":"Point","coordinates":[-121.64,39.136]},"properties":{"key":"10349-d49f374b","layer":"power","name":"Greenleaf 2 Power Plant","state":"CA","detail_file":"data/details/power-plants-54.json","plant_id":"10349","capacity_mw":49.5,"status_group":"Operating","energy_sources":"NG","type":"Power plant","is_nuclear":false}},{"type":"Feature","geometry":{"type":"Point","coordinates":[-121.684,39.373]},"properties":{"key":"58370-ea0064ff","layer":"power","name":"Gridley Main","state":"CA","detail_file":"data/details/power-plants-15.json","plant_id":"58370","capacity_mw":1.0,"status_group":"Operating","energy_sources":"SUN","type":"Power plant","is_nuclear":false}},{"type":"Feature","geometry":{"type":"Point","coordinates":[-121.682,39.373]},"properties":{"key":"58371-86e9179f","layer":"power","name":"Gridley Main Two","state":"CA","detail_file":"data/details/power-plants-15.json","plant_id":"58371","capacity_mw":2.5,"status_group":"Operating","energy_sources":"SUN","type":"Power plant","is_nuclear":false}},{"type":"Feature","geometry":{"type":"Point","coordinates":[-121.279,39.889]},"properties":{"key":"7338-d32d7667","layer":"power","name":"Grizzly","state":"CA","detail_file":"data/details/power-plants-32.json","plant_id":"7338","capacity_mw":22.0,"status_group":"Operating","energy_sources":"WAT","type":"Power plant","is_nuclear":false}},{"type":"Feature","geometry":{"type":"Point","coordinates":[-121.861,37.269]},"properties":{"key":"62690-abb0d35b","layer":"power","name":"Guadalupe Solar Farm","state":"CA","detail_file":"data/details/power-plants-47.json","plant_id":"62690","capacity_mw":1.7,"status_group":"Operating","energy_sources":"SUN","type":"Power plant","is_nuclear":false}},{"type":"Feature","geometry":{"type":"Point","coordinates":[-121.042,38.957]},"properties":{"key":"241-39e7a3b3","layer":"power","name":"Halsey","state":"CA","detail_file":"data/details/power-plants-14.json","plant_id":"241","capacity_mw":13.6,"status_group":"Operating","energy_sources":"WAT","type":"Power plant","is_nuclear":false}},{"type":"Feature","geometry":{"type":"Point","coordinates":[-120.229,36.253]},"properties":{"key":"67868-debcda5c","layer":"power","name":"Harris Farms Solar Facility","state":"CA","detail_file":"data/details/power-plants-41.json","plant_id":"67868","capacity_mw":1.3,"status_group":"Operating","energy_sources":"SUN","type":"Power plant","is_nuclear":false}},{"type":"Feature","geometry":{"type":"Point","coordinates":[-120.582,39.566]},"properties":{"key":"10253-4f01d62f","layer":"power","name":"Haypress","state":"CA","detail_file":"data/details/power-plants-34.json","plant_id":"10253","capacity_mw":10.0,"status_group":"Operating","energy_sources":"WAT","type":"Power plant","is_nuclear":false}},{"type":"Feature","geometry":{"type":"Point","coordinates":[-121.815,37.287]},"properties":{"key":"62689-1db1349e","layer":"power","name":"Hellyer Solar Farm","state":"CA","detail_file":"data/details/power-plants-08.json","plant_id":"62689","capacity_mw":2.2,"status_group":"Operating","energy_sources":"SUN","type":"Power plant","is_nuclear":false}},{"type":"Feature","geometry":{"type":"Point","coordinates":[-120.635,37.054]},"properties":{"key":"66492-e6ccf5ce","layer":"power","name":"Henry Miller RD","state":"CA","detail_file":"data/details/power-plants-07.json","plant_id":"66492","capacity_mw":1.5,"status_group":"Operating","energy_sources":"SUN","type":"Power plant","is_nuclear":false}},{"type":"Feature","geometry":{"type":"Point","coordinates":[-120.746,37.622]},"properties":{"key":"162-04769cc5","layer":"power","name":"Hickman","state":"CA","detail_file":"data/details/power-plants-63.json","plant_id":"162","capacity_mw":1.0,"status_group":"Operating","energy_sources":"WAT","type":"Power plant","is_nuclear":false}},{"type":"Feature","geometry":{"type":"Point","coordinates":[-121.805,38.138]},"properties":{"key":"56075-243ace05","layer":"power","name":"High Winds LLC","state":"CA","detail_file":"data/details/power-plants-34.json","plant_id":"56075","capacity_mw":162.0,"status_group":"Operating","energy_sources":"WND","type":"Power plant","is_nuclear":false}},{"type":"Feature","geometry":{"type":"Point","coordinates":[-121.429,36.862]},"properties":{"key":"59268-e9594694","layer":"power","name":"Hollister Solar LLC","state":"CA","detail_file":"data/details/power-plants-15.json","plant_id":"59268","capacity_mw":1.5,"status_group":"Operating","energy_sources":"SUN","type":"Power plant","is_nuclear":false}},{"type":"Feature","geometry":{"type":"Point","coordinates":[-121.446,36.857]},"properties":{"key":"68016-e01d14c7","layer":"power","name":"Hollister Wastewater Facility","state":"CA","detail_file":"data/details/power-plants-45.json","plant_id":"68016","capacity_mw":1.0,"status_group":"Operating","energy_sources":"SUN","type":"Power plant","is_nuclear":false}},{"type":"Feature","geometry":{"type":"Point","coordinates":[-121.779,37.239]},"properties":{"key":"65395-3ca0b70f","layer":"power","name":"Hummingbird Energy Storage LLC","state":"CA","detail_file":"data/details/power-plants-16.json","plant_id":"65395","capacity_mw":75.0,"status_group":"Operating","energy_sources":"MWH","type":"Power plant","is_nuclear":false}},{"type":"Feature","geometry":{"type":"Point","coordinates":[-120.031,36.181]},"properties":{"key":"57523-81b3ca08","layer":"power","name":"Huron Solar Station","state":"CA","detail_file":"data/details/power-plants-51.json","plant_id":"57523","capacity_mw":20.0,"status_group":"Operating","energy_sources":"SUN","type":"Power plant","is_nuclear":false}},{"type":"Feature","geometry":{"type":"Point","coordinates":[-121.535,37.738]},"properties":{"key":"68795-cff2da61","layer":"power","name":"IPC 16 - SLCVA516","state":"CA","detail_file":"data/details/power-plants-07.json","plant_id":"68795","capacity_mw":1.7,"status_group":"Operating","energy_sources":"SUN","type":"Power plant","is_nuclear":false}},{"type":"Feature","geometry":{"type":"Point","coordinates":[-121.537,37.739]},"properties":{"key":"67069-95019576","layer":"power","name":"IPC 25 Solar","state":"CA","detail_file":"data/details/power-plants-43.json","plant_id":"67069","capacity_mw":2.4,"status_group":"Operating","energy_sources":"SUN","type":"Power plant","is_nuclear":false}},{"type":"Feature","geometry":{"type":"Point","coordinates":[-122.536,39.079]},"properties":{"key":"50129-a73bc342","layer":"power","name":"Indian Valley Dam Hydro Project","state":"CA","detail_file":"data/details/power-plants-33.json","plant_id":"50129","capacity_mw":2.9,"status_group":"Operating","energy_sources":"WAT","type":"Power plant","is_nuclear":false}},{"type":"Feature","geometry":{"type":"Point","coordinates":[-121.173,38.645]},"properties":{"key":"58086-50e68862","layer":"power","name":"Intel Folsom","state":"CA","detail_file":"data/details/power-plants-22.json","plant_id":"58086","capacity_mw":1.0,"status_group":"Operating","energy_sources":"SUN","type":"Power plant","is_nuclear":false}},{"type":"Feature","geometry":{"type":"Point","coordinates":[-121.164,38.644]},"properties":{"key":"58954-64565207","layer":"power","name":"Intel Folsom Phase 2","state":"CA","detail_file":"data/details/power-plants-30.json","plant_id":"58954","capacity_mw":1.0,"status_group":"Operating","energy_sources":"SUN","type":"Power plant","is_nuclear":false}},{"type":"Feature","geometry":{"type":"Point","coordinates":[-121.163,38.646]},"properties":{"key":"61152-c9ed6960","layer":"power","name":"Intel Folsom Phase 3","state":"CA","detail_file":"data/details/power-plants-49.json","plant_id":"61152","capacity_mw":5.2,"status_group":"Operating","energy_sources":"SUN","type":"Power plant","is_nuclear":false}},{"type":"Feature","geometry":{"type":"Point","coordinates":[-121.964,37.385]},"properties":{"key":"60224-d7f73604","layer":"power","name":"Intel Santa Clara","state":"CA","detail_file":"data/details/power-plants-10.json","plant_id":"60224","capacity_mw":1.1,"status_group":"Operating","energy_sources":"NG","type":"Power plant","is_nuclear":false}},{"type":"Feature","geometry":{"type":"Point","coordinates":[-120.578,36.653]},"properties":{"key":"68924-c8d75d8b","layer":"power","name":"Iron BESS","state":"CA","detail_file":"data/details/power-plants-11.json","plant_id":"68924","capacity_mw":59.5,"status_group":"Under construction","energy_sources":"MWH","type":"Power plant","is_nuclear":false}},{"type":"Feature","geometry":{"type":"Point","coordinates":[-122.024,37.412]},"properties":{"key":"63711-e651b3cb","layer":"power","name":"JSR000 N Mathilda Fuel Cell","state":"CA","detail_file":"data/details/power-plants-55.json","plant_id":"63711","capacity_mw":1.1,"status_group":"Operating","energy_sources":"NG","type":"Power plant","is_nuclear":false}},{"type":"Feature","geometry":{"type":"Point","coordinates":[-120.532,38.834]},"properties":{"key":"431-3d6903e3","layer":"power","name":"Jaybird","state":"CA","detail_file":"data/details/power-plants-14.json","plant_id":"431","capacity_mw":161.6,"status_group":"Operating","energy_sources":"WAT","type":"Power plant","is_nuclear":false}},{"type":"Feature","geometry":{"type":"Point","coordinates":[-120.382,38.85]},"properties":{"key":"534-afa4fc8f","layer":"power","name":"Jones Fork","state":"CA","detail_file":"data/details/power-plants-02.json","plant_id":"534","capacity_mw":10.0,"status_group":"Operating","energy_sources":"WAT","type":"Power plant","is_nuclear":false}},{"type":"Feature","geometry":{"type":"Point","coordinates":[-121.207,38.554]},"properties":{"key":"67945-f76409b0","layer":"power","name":"Juniper Creek Storage","state":"CA","detail_file":"data/details/power-plants-00.json","plant_id":"67945","capacity_mw":200.0,"status_group":"Under construction","energy_sources":"MWH","type":"Power plant","is_nuclear":false}},{"type":"Feature","geometry":{"type":"Point","coordinates":[-120.104,36.926]},"properties":{"key":"68038-68b8baa9","layer":"power","name":"KDC Solar Madera LLC","state":"CA","detail_file":"data/details/power-plants-17.json","plant_id":"68038","capacity_mw":10.0,"status_group":"Operating","energy_sources":"SUN","type":"Power plant","is_nuclear":false}},{"type":"Feature","geometry":{"type":"Point","coordinates":[-121.42,38.46]},"properties":{"key":"68983-dd4d551b","layer":"power","name":"KP South Sacramento Hospital Solar","state":"CA","detail_file":"data/details/power-plants-30.json","plant_id":"68983","capacity_mw":1.7,"status_group":"Operating","energy_sources":"SUN","type":"Power plant","is_nuclear":false}},{"type":"Feature","geometry":{"type":"Point","coordinates":[-122.165,37.706]},"properties":{"key":"63712-87f8a0f0","layer":"power","name":"KSR028 Merced Fuel Cell","state":"CA","detail_file":"data/details/power-plants-56.json","plant_id":"63712","capacity_mw":2.0,"status_group":"Operating","energy_sources":"NG","type":"Power plant","is_nuclear":false}},{"type":"Feature","geometry":{"type":"Point","coordinates":[-121.772,37.952]},"properties":{"key":"62699-4b67124e","layer":"power","name":"Kaiser Deer Valley Rd. Fuel Cell","state":"CA","detail_file":"data/details/power-plants-16.json","plant_id":"62699","capacity_mw":1.4,"status_group":"Operating","energy_sources":"NG","type":"Power plant","is_nuclear":false}},{"type":"Feature","geometry":{"type":"Point","coordinates":[-122.273,38.255]},"properties":{"key":"62701-ba6f3f33","layer":"power","name":"Kaiser Napa Valley Corporate Dr Fuel Cel","state":"CA","detail_file":"data/details/power-plants-62.json","plant_id":"62701","capacity_mw":4.8,"status_group":"Operating","energy_sources":"NG","type":"Power plant","is_nuclear":false}},{"type":"Feature","geometry":{"type":"Point","coordinates":[-121.894,37.699]},"properties":{"key":"62700-8731d491","layer":"power","name":"Kaiser Owens Dr. Fuel Cell","state":"CA","detail_file":"data/details/power-plants-00.json","plant_id":"62700","capacity_mw":1.0,"status_group":"Operating","energy_sources":"NG","type":"Power plant","is_nuclear":false}},{"type":"Feature","geometry":{"type":"Point","coordinates":[-123.103,38.991]},"properties":{"key":"68526-4f8360d4","layer":"power","name":"Kama 1 LLC","state":"CA","detail_file":"data/details/power-plants-32.json","plant_id":"68526","capacity_mw":2.0,"status_group":"Operating","energy_sources":"MWH; SUN","type":"Power plant","is_nuclear":false}},{"type":"Feature","geometry":{"type":"Point","coordinates":[-121.872,37.356]},"properties":{"key":"59280-c6947040","layer":"power","name":"Kellogg's - San Jose","state":"CA","detail_file":"data/details/power-plants-38.json","plant_id":"59280","capacity_mw":1.1,"status_group":"Operating","energy_sources":"NG","type":"Power plant","is_nuclear":false}},{"type":"Feature","geometry":{"type":"Point","coordinates":[-121.491,39.532]},"properties":{"key":"418-5a9775b1","layer":"power","name":"Kelly Ridge","state":"CA","detail_file":"data/details/power-plants-10.json","plant_id":"418","capacity_mw":10.0,"status_group":"Operating","energy_sources":"WAT","type":"Power plant","is_nuclear":false}},{"type":"Feature","geometry":{"type":"Point","coordinates":[-121.141,38.121]},"properties":{"key":"58510-409baeaf","layer":"power","name":"Kettleman Solar Project","state":"CA","detail_file":"data/details/power-plants-49.json","plant_id":"58510","capacity_mw":1.0,"status_group":"Operating","energy_sources":"SUN","type":"Power plant","is_nuclear":false}},{"type":"Feature","geometry":{"type":"Point","coordinates":[-120.131,36.137]},"properties":{"key":"68461-62a2df55","layer":"power","name":"Key Energy Storage","state":"CA","detail_file":"data/details/power-plants-19.json","plant_id":"68461","capacity_mw":300.0,"status_group":"Under construction","energy_sources":"MWH","type":"Power plant","is_nuclear":false}},{"type":"Feature","geometry":{"type":"Point","coordinates":[-122.711,38.482]},"properties":{"key":"65199-cee7631c","layer":"power","name":"Keysight - Santa Rosa","state":"CA","detail_file":"data/details/power-plants-46.json","plant_id":"65199","capacity_mw":4.5,"status_group":"Operating","energy_sources":"NG","type":"Power plant","is_nuclear":false}},{"type":"Feature","geometry":{"type":"Point","coordinates":[-121.194,38.514]},"properties":{"key":"55766-917e42b4","layer":"power","name":"Kiefer Landfill","state":"CA","detail_file":"data/details/power-plants-41.json","plant_id":"55766","capacity_mw":15.2,"status_group":"Operating","energy_sources":"LFG","type":"Power plant","is_nuclear":false}},{"type":"Feature","geometry":{"type":"Point","coordinates":[-121.193,38.515]},"properties":{"key":"69980-7e0e3c40","layer":"power","name":"Kiefer Landfill Generating Phase II","state":"CA","detail_file":"data/details/power-plants-06.json","plant_id":"69980","capacity_mw":6.2,"status_group":"Operating","energy_sources":"LFG","type":"Power plant","is_nuclear":false}},{"type":"Feature","geometry":{"type":"Point","coordinates":[-121.952,37.376]},"properties":{"key":"68953-3f32dc9a","layer":"power","name":"Kifer BESS 1","state":"CA","detail_file":"data/details/power-plants-11.json","plant_id":"68953","capacity_mw":50.0,"status_group":"Under construction","energy_sources":"MWH","type":"Power plant","is_nuclear":false}},{"type":"Feature","geometry":{"type":"Point","coordinates":[-121.125,36.225]},"properties":{"key":"55811-6492be52","layer":"power","name":"King City Peaking","state":"CA","detail_file":"data/details/power-plants-33.json","plant_id":"55811","capacity_mw":47.3,"status_group":"Operating","energy_sources":"NG","type":"Power plant","is_nuclear":false}},{"type":"Feature","geometry":{"type":"Point","coordinates":[-121.128,36.225]},"properties":{"key":"10294-5dae5443","layer":"power","name":"King City Power Plant","state":"CA","detail_file":"data/details/power-plants-53.json","plant_id":"10294","capacity_mw":133.2,"status_group":"Operating","energy_sources":"NG","type":"Power plant","is_nuclear":false}},{"type":"Feature","geometry":{"type":"Point","coordinates":[-120.027,39.246]},"properties":{"key":"6518-c3f1f454","layer":"power","name":"Kings Beach","state":"CA","detail_file":"data/details/power-plants-57.json","plant_id":"6518","capacity_mw":15.0,"status_group":"Operating","energy_sources":"DFO","type":"Power plant","is_nuclear":false}},{"type":"Feature","geometry":{"type":"Point","coordinates":[-121.555,37.71]},"properties":{"key":"67680-2f2248e2","layer":"power","name":"Kola Energy Center","state":"CA","detail_file":"data/details/power-plants-36.json","plant_id":"67680","capacity_mw":400.0,"status_group":"Operating","energy_sources":"MWH","type":"Power plant","is_nuclear":false}},{"type":"Feature","geometry":{"type":"Point","coordinates":[-120.444,37.67]},"properties":{"key":"440-3b601aec","layer":"power","name":"La Grange","state":"CA","detail_file":"data/details/power-plants-57.json","plant_id":"440","capacity_mw":4.5,"status_group":"Operating","energy_sources":"WAT","type":"Power plant","is_nuclear":false}},{"type":"Feature","geometry":{"type":"Point","coordinates":[-122.766,38.369]},"properties":{"key":"58960-1e0771c1","layer":"power","name":"Laguna Water Reclamation Facility","state":"CA","detail_file":"data/details/power-plants-16.json","plant_id":"58960","capacity_mw":4.4,"status_group":"Operating","energy_sources":"OBG","type":"Power plant","is_nuclear":false}},{"type":"Feature","geometry":{"type":"Point","coordinates":[-122.142,38.097]},"properties":{"key":"64676-b1701a70","layer":"power","name":"Lake Herman","state":"CA","detail_file":"data/details/power-plants-24.json","plant_id":"64676","capacity_mw":5.0,"status_group":"Operating","energy_sources":"SUN","type":"Power plant","is_nuclear":false}},{"type":"Feature","geometry":{"type":"Point","coordinates":[-123.186,39.197]},"properties":{"key":"7489-d390a6d1","layer":"power","name":"Lake Mendocino","state":"CA","detail_file":"data/details/power-plants-45.json","plant_id":"7489","capacity_mw":3.5,"status_group":"Operating","energy_sources":"WAT","type":"Power plant","is_nuclear":false}},{"type":"Feature","geometry":{"type":"Point","coordinates":[-121.868,38.222]},"properties":{"key":"55626-89e8f0f5","layer":"power","name":"Lambie Energy Center","state":"CA","detail_file":"data/details/power-plants-16.json","plant_id":"55626","capacity_mw":47.0,"status_group":"Operating","energy_sources":"NG","type":"Power plant","is_nuclear":false}},{"type":"Feature","geometry":{"type":"Point","coordinates":[-120.878,36.989]},"properties":{"key":"67234-385890fa","layer":"power","name":"Lara 2 Hybrid","state":"CA","detail_file":"data/details/power-plants-14.json","plant_id":"67234","capacity_mw":1.6,"status_group":"Operating","energy_sources":"MWH; SUN","type":"Power plant","is_nuclear":false}},{"type":"Feature","geometry":{"type":"Point","coordinates":[-121.8,37.711]},"properties":{"key":"69563-2ddeb6c8","layer":"power","name":"Las Positas College","state":"CA","detail_file":"data/details/power-plants-62.json","plant_id":"69563","capacity_mw":2.3,"status_group":"Operating","energy_sources":"SUN","type":"Power plant","is_nuclear":false}},{"type":"Feature","geometry":{"type":"Point","coordinates":[-121.283,37.809]},"properties":{"key":"69437-0ef70238","layer":"power","name":"Lathrop 4 - SLCVA204","state":"CA","detail_file":"data/details/power-plants-62.json","plant_id":"69437","capacity_mw":3.4,"status_group":"Under construction","energy_sources":"MWH; SUN","type":"Power plant","is_nuclear":false}},{"type":"Feature","geometry":{"type":"Point","coordinates":[-122.663,38.195]},"properties":{"key":"61792-adb4bd4e","layer":"power","name":"Lavio Solar","state":"CA","detail_file":"data/details/power-plants-28.json","plant_id":"61792","capacity_mw":1.0,"status_group":"Operating","energy_sources":"SUN","type":"Power plant","is_nuclear":false}},{"type":"Feature","geometry":{"type":"Point","coordinates":[-121.939,37.487]},"properties":{"key":"66145-011918af","layer":"power","name":"Life Technologies - Fremont","state":"CA","detail_file":"data/details/power-plants-14.json","plant_id":"66145","capacity_mw":1.3,"status_group":"Operating","energy_sources":"NG","type":"Power plant","is_nuclear":false}},{"type":"Feature","geometry":{"type":"Point","coordinates":[-121.884,37.644]},"properties":{"key":"59279-4e0f798e","layer":"power","name":"Life Technologies - Pleasanton","state":"CA","detail_file":"data/details/power-plants-47.json","plant_id":"59279","capacity_mw":1.1,"status_group":"Operating","energy_sources":"NG","type":"Power plant","is_nuclear":false}},{"type":"Feature","geometry":{"type":"Point","coordinates":[-121.342,38.838]},"properties":{"key":"57988-260769c2","layer":"power","name":"Lincoln Landfill","state":"CA","detail_file":"data/details/power-plants-43.json","plant_id":"57988","capacity_mw":4.8,"status_group":"Operating","energy_sources":"LFG","type":"Power plant","is_nuclear":false}},{"type":"Feature","geometry":{"type":"Point","coordinates":[-121.346,38.859]},"properties":{"key":"65382-1297f44f","layer":"power","name":"Lincoln WWTF Hybrid","state":"CA","detail_file":"data/details/power-plants-09.json","plant_id":"65382","capacity_mw":4.0,"status_group":"Operating","energy_sources":"MWH; SUN","type":"Power plant","is_nuclear":false}},{"type":"Feature","geometry":{"type":"Point","coordinates":[-120.415,36.716]},"properties":{"key":"62463-e330e46c","layer":"power","name":"Little Bear 3","state":"CA","detail_file":"data/details/power-plants-22.json","plant_id":"62463","capacity_mw":20.0,"status_group":"Operating","energy_sources":"SUN","type":"Power plant","is_nuclear":false}},{"type":"Feature","geometry":{"type":"Point","coordinates":[-120.415,36.716]},"properties":{"key":"62464-47e238fe","layer":"power","name":"Little Bear 4","state":"CA","detail_file":"data/details/power-plants-53.json","plant_id":"62464","capacity_mw":50.0,"status_group":"Operating","energy_sources":"SUN","type":"Power plant","is_nuclear":false}},{"type":"Feature","geometry":{"type":"Point","coordinates":[-120.415,36.716]},"properties":{"key":"62465-27a3aaa1","layer":"power","name":"Little Bear 5","state":"CA","detail_file":"data/details/power-plants-50.json","plant_id":"62465","capacity_mw":50.0,"status_group":"Operating","energy_sources":"SUN","type":"Power plant","is_nuclear":false}},{"type":"Feature","geometry":{"type":"Point","coordinates":[-120.415,36.716]},"properties":{"key":"59870-8d446f54","layer":"power","name":"Little Bear Solar 1, LLC","state":"CA","detail_file":"data/details/power-plants-60.json","plant_id":"59870","capacity_mw":40.0,"status_group":"Operating","energy_sources":"SUN","type":"Power plant","is_nuclear":false}},{"type":"Feature","geometry":{"type":"Point","coordinates":[-121.3,38.147]},"properties":{"key":"7451-5f27cd05","layer":"power","name":"Lodi","state":"CA","detail_file":"data/details/power-plants-03.json","plant_id":"7451","capacity_mw":27.4,"status_group":"Operating","energy_sources":"NG","type":"Power plant","is_nuclear":false}},{"type":"Feature","geometry":{"type":"Point","coordinates":[-121.388,38.088]},"properties":{"key":"57978-2da142bc","layer":"power","name":"Lodi Energy Center","state":"CA","detail_file":"data/details/power-plants-09.json","plant_id":"57978","capacity_mw":288.9,"status_group":"Operating","energy_sources":"NG","type":"Power plant","is_nuclear":false}},{"type":"Feature","geometry":{"type":"Point","coordinates":[-120.325,38.983]},"properties":{"key":"432-12a6c630","layer":"power","name":"Loon Lake","state":"CA","detail_file":"data/details/power-plants-59.json","plant_id":"432","capacity_mw":74.1,"status_group":"Operating","energy_sources":"WAT","type":"Power plant","is_nuclear":false}},{"type":"Feature","geometry":{"type":"Point","coordinates":[-121.932,37.425]},"properties":{"key":"55748-e9b78d67","layer":"power","name":"Los Esteros Critical Energy Center","state":"CA","detail_file":"data/details/power-plants-53.json","plant_id":"55748","capacity_mw":306.1,"status_group":"Operating","energy_sources":"NG","type":"Power plant","is_nuclear":false}},{"type":"Feature","geometry":{"type":"Point","coordinates":[-121.873,38.03]},"properties":{"key":"55217-4074f4d2","layer":"power","name":"Los Medanos Energy Center","state":"CA","detail_file":"data/details/power-plants-39.json","plant_id":"55217","capacity_mw":678.3,"status_group":"Operating","energy_sources":"NG","type":"Power plant","is_nuclear":false}},{"type":"Feature","geometry":{"type":"Point","coordinates":[-120.403,36.592]},"properties":{"key":"67848-37a99bef","layer":"power","name":"Luna Valley","state":"CA","detail_file":"data/details/power-plants-11.json","plant_id":"67848","capacity_mw":200.0,"status_group":"Operating","energy_sources":"SUN","type":"Power plant","is_nuclear":false}},{"type":"Feature","geometry":{"type":"Point","coordinates":[-121.688,38.596]},"properties":{"key":"54567-27b39557","layer":"power","name":"MM Yolo Power","state":"CA","detail_file":"data/details/power-plants-16.json","plant_id":"54567","capacity_mw":3.6,"status_group":"Operating","energy_sources":"LFG","type":"Power plant","is_nuclear":false}},{"type":"Feature","geometry":{"type":"Point","coordinates":[-121.544,39.026]},"properties":{"key":"68519-49b7d6cf","layer":"power","name":"Madena 3","state":"CA","detail_file":"data/details/power-plants-21.json","plant_id":"68519","capacity_mw":3.9,"status_group":"Under construction","energy_sources":"MWH","type":"Power plant","is_nuclear":false}},{"type":"Feature","geometry":{"type":"Point","coordinates":[-121.376,38.978]},"properties":{"key":"68520-693ee9b9","layer":"power","name":"Madena 4","state":"CA","detail_file":"data/details/power-plants-37.json","plant_id":"68520","capacity_mw":5.0,"status_group":"Under construction","energy_sources":"MWH","type":"Power plant","is_nuclear":false}},{"type":"Feature","geometry":{"type":"Point","coordinates":[-120.167,37.056]},"properties":{"key":"61421-402dac1a","layer":"power","name":"Madera 1 PV","state":"CA","detail_file":"data/details/power-plants-28.json","plant_id":"61421","capacity_mw":1.5,"status_group":"Operating","energy_sources":"SUN","type":"Power plant","is_nuclear":false}},{"type":"Feature","geometry":{"type":"Point","coordinates":[-120.047,36.941]},"properties":{"key":"58522-160f695d","layer":"power","name":"Madera Community Hospital","state":"CA","detail_file":"data/details/power-plants-49.json","plant_id":"58522","capacity_mw":1.0,"status_group":"Operating","energy_sources":"SUN","type":"Power plant","is_nuclear":false}},{"type":"Feature","geometry":{"type":"Point","coordinates":[-121.739,37.229]},"properties":{"key":"62688-2c95d11e","layer":"power","name":"Malech Solar Farm","state":"CA","detail_file":"data/details/power-plants-14.json","plant_id":"62688","capacity_mw":3.1,"status_group":"Operating","energy_sources":"SUN","type":"Power plant","is_nuclear":false}},{"type":"Feature","geometry":{"type":"Point","coordinates":[-121.216,37.84]},"properties":{"key":"61115-c0c27187","layer":"power","name":"Manteca Land PV","state":"CA","detail_file":"data/details/power-plants-41.json","plant_id":"61115","capacity_mw":1.0,"status_group":"Operating","energy_sources":"SUN","type":"Power plant","is_nuclear":false}},{"type":"Feature","geometry":{"type":"Point","coordinates":[-122.059,38.024]},"properties":{"key":"10342-18093e82","layer":"power","name":"Marathon Bay Area Cogen","state":"CA","detail_file":"data/details/power-plants-24.json","plant_id":"10342","capacity_mw":113.5,"status_group":"Operating","energy_sources":"NG","type":"Power plant","is_nuclear":false}},{"type":"Feature","geometry":{"type":"Point","coordinates":[-121.964,38.4]},"properties":{"key":"57005-995fe4f8","layer":"power","name":"Mariani Packing Vacaville Solar","state":"CA","detail_file":"data/details/power-plants-61.json","plant_id":"57005","capacity_mw":1.0,"status_group":"Operating","energy_sources":"SUN","type":"Power plant","is_nuclear":false}},{"type":"Feature","geometry":{"type":"Point","coordinates":[-122.377,37.945]},"properties":{"key":"61013-9e52eff1","layer":"power","name":"Marin Clean Energy Solar One","state":"CA","detail_file":"data/details/power-plants-42.json","plant_id":"61013","capacity_mw":10.5,"status_group":"Operating","energy_sources":"SUN","type":"Power plant","is_nuclear":false}},{"type":"Feature","geometry":{"type":"Point","coordinates":[-121.769,36.713]},"properties":{"key":"10748-f8945b42","layer":"power","name":"Marina Landfill Gas","state":"CA","detail_file":"data/details/power-plants-41.json","plant_id":"10748","capacity_mw":5.1,"status_group":"Operating","energy_sources":"LFG","type":"Power plant","is_nuclear":false}},{"type":"Feature","geometry":{"type":"Point","coordinates":[-121.769,36.713]},"properties":{"key":"10748-2103fe28","layer":"power","name":"Marina Landfill Gas","state":"CA","detail_file":"data/details/power-plants-29.json","plant_id":"10748","capacity_mw":6.4,"status_group":"Planned","energy_sources":"LFG","type":"Power plant","is_nuclear":false}},{"type":"Feature","geometry":{"type":"Point","coordinates":[-121.602,37.789]},"properties":{"key":"57483-ad3079d1","layer":"power","name":"Mariposa Energy Project","state":"CA","detail_file":"data/details/power-plants-22.json","plant_id":"57483","capacity_mw":199.6,"status_group":"Operating","energy_sources":"NG","type":"Power plant","is_nuclear":false}},{"type":"Feature","geometry":{"type":"Point","coordinates":[-121.765,38.017]},"properties":{"key":"57267-eb58e6f4","layer":"power","name":"Marsh Landing Generating Station","state":"CA","detail_file":"data/details/power-plants-36.json","plant_id":"57267","capacity_mw":828.0,"status_group":"Operating","energy_sources":"NG","type":"Power plant","is_nuclear":false}},{"type":"Feature","geometry":{"type":"Point","coordinates":[-122.112,38.017]},"properties":{"key":"54912-59d090e6","layer":"power","name":"Martinez Refining","state":"CA","detail_file":"data/details/power-plants-59.json","plant_id":"54912","capacity_mw":100.0,"status_group":"Operating","energy_sources":"NG; OG","type":"Power plant","is_nuclear":false}},{"type":"Feature","geometry":{"type":"Point","coordinates":[-122.114,38.031]},"properties":{"key":"52063-db3e4318","layer":"power","name":"Martinez Sulfuric Acid Regeneration Plt","state":"CA","detail_file":"data/details/power-plants-11.json","plant_id":"52063","capacity_mw":4.0,"status_group":"Operating","energy_sources":"OTH","type":"Power plant","is_nuclear":false}},{"type":"Feature","geometry":{"type":"Point","coordinates":[-121.949,37.406]},"properties":{"key":"59802-2905e2a2","layer":"power","name":"Maxim","state":"CA","detail_file":"data/details/power-plants-17.json","plant_id":"59802","capacity_mw":1.1,"status_group":"Operating","energy_sources":"NG","type":"Power plant","is_nuclear":false}},{"type":"Feature","geometry":{"type":"Point","coordinates":[-121.393,38.653]},"properties":{"key":"535-5a3b9614","layer":"power","name":"McClellan (CA)","state":"CA","detail_file":"data/details/power-plants-47.json","plant_id":"535","capacity_mw":77.0,"status_group":"Operating","energy_sources":"NG","type":"Power plant","is_nuclear":false}},{"type":"Feature","geometry":{"type":"Point","coordinates":[-120.931,37.629]},"properties":{"key":"151-cbb70b02","layer":"power","name":"McClure","state":"CA","detail_file":"data/details/power-plants-14.json","plant_id":"151","capacity_mw":142.4,"status_group":"Operating","energy_sources":"DFO; NG","type":"Power plant","is_nuclear":false}},{"type":"Feature","geometry":{"type":"Point","coordinates":[-120.31,37.522]},"properties":{"key":"410-c0db642c","layer":"power","name":"McSwain","state":"CA","detail_file":"data/details/power-plants-29.json","plant_id":"410","capacity_mw":9.0,"status_group":"Operating","energy_sources":"WAT","type":"Power plant","is_nuclear":false}},{"type":"Feature","geometry":{"type":"Point","coordinates":[-121.509,37.735]},"properties":{"key":"63361-6575c597","layer":"power","name":"Medline Ind. Phase 2 Tracy","state":"CA","detail_file":"data/details/power-plants-22.json","plant_id":"63361","capacity_mw":1.0,"status_group":"Operating","energy_sources":"SUN","type":"Power plant","is_nuclear":false}},{"type":"Feature","geometry":{"type":"Point","coordinates":[-120.878,36.989]},"properties":{"key":"61420-13dbc25e","layer":"power","name":"Merced 1 PV","state":"CA","detail_file":"data/details/power-plants-60.json","plant_id":"61420","capacity_mw":3.0,"status_group":"Operating","energy_sources":"SUN","type":"Power plant","is_nuclear":false}},{"type":"Feature","geometry":{"type":"Point","coordinates":[-120.665,37.001]},"properties":{"key":"68518-fb684c51","layer":"power","name":"Merced 2 BESS","state":"CA","detail_file":"data/details/power-plants-28.json","plant_id":"68518","capacity_mw":2.0,"status_group":"Under construction","energy_sources":"MWH","type":"Power plant","is_nuclear":false}},{"type":"Feature","geometry":{"type":"Point","coordinates":[-120.877,36.989]},"properties":{"key":"68018-a9320582","layer":"power","name":"Merced BESS","state":"CA","detail_file":"data/details/power-plants-37.json","plant_id":"68018","capacity_mw":3.0,"status_group":"Under construction","energy_sources":"MWH","type":"Power plant","is_nuclear":false}},{"type":"Feature","geometry":{"type":"Point","coordinates":[-120.33,37.523]},"properties":{"key":"258-35215185","layer":"power","name":"Merced Falls","state":"CA","detail_file":"data/details/power-plants-10.json","plant_id":"258","capacity_mw":3.4,"status_group":"Operating","energy_sources":"WAT","type":"Power plant","is_nuclear":false}},{"type":"Feature","geometry":{"type":"Point","coordinates":[-120.511,37.218]},"properties":{"key":"69899-5f13cbca","layer":"power","name":"Merced Pipeline","state":"CA","detail_file":"data/details/power-plants-36.json","plant_id":"69899","capacity_mw":4.1,"status_group":"Operating","energy_sources":"SUN","type":"Power plant","is_nuclear":false}},{"type":"Feature","geometry":{"type":"Point","coordinates":[-120.484,37.268]},"properties":{"key":"59265-20cb1398","layer":"power","name":"Merced Solar LLC","state":"CA","detail_file":"data/details/power-plants-07.json","plant_id":"59265","capacity_mw":1.5,"status_group":"Operating","energy_sources":"SUN","type":"Power plant","is_nuclear":false}},{"type":"Feature","geometry":{"type":"Point","coordinates":[-121.746,37.221]},"properties":{"key":"55393-b1ccbea4","layer":"power","name":"Metcalf Energy Center","state":"CA","detail_file":"data/details/power-plants-01.json","plant_id":"55393","capacity_mw":635.0,"status_group":"Operating","energy_sources":"NG","type":"Power plant","is_nuclear":false}},{"type":"Feature","geometry":{"type":"Point","coordinates":[-121.9,37.378]},"properties":{"key":"62459-ec713320","layer":"power","name":"Micro Santa Clara","state":"CA","detail_file":"data/details/power-plants-62.json","plant_id":"62459","capacity_mw":3.0,"status_group":"Operating","energy_sources":"NG","type":"Power plant","is_nuclear":false}},{"type":"Feature","geometry":{"type":"Point","coordinates":[-120.596,39.025]},"properties":{"key":"425-8fb6ff75","layer":"power","name":"Middle Fork","state":"CA","detail_file":"data/details/power-plants-06.json","plant_id":"425","capacity_mw":122.4,"status_group":"Operating","energy_sources":"WAT","type":"Power plant","is_nuclear":false}},{"type":"Feature","geometry":{"type":"Point","coordinates":[-120.578,36.653]},"properties":{"key":"68925-49fff294","layer":"power","name":"Midway BESS","state":"CA","detail_file":"data/details/power-plants-47.json","plant_id":"68925","capacity_mw":124.6,"status_group":"Under construction","energy_sources":"MWH","type":"Power plant","is_nuclear":false}},{"type":"Feature","geometry":{"type":"Point","coordinates":[-120.58,36.654]},"properties":{"key":"56639-e0a701d5","layer":"power","name":"Midway Peaking LLC","state":"CA","detail_file":"data/details/power-plants-53.json","plant_id":"56639","capacity_mw":139.8,"status_group":"Operating","energy_sources":"NG","type":"Power plant","is_nuclear":false}},{"type":"Feature","geometry":{"type":"Point","coordinates":[-121.962,37.386]},"properties":{"key":"62697-dfe137e0","layer":"power","name":"Mission College Blvd. Fuel Cell","state":"CA","detail_file":"data/details/power-plants-58.json","plant_id":"62697","capacity_mw":5.0,"status_group":"Operating","energy_sources":"NG","type":"Power plant","is_nuclear":false}},{"type":"Feature","geometry":{"type":"Point","coordinates":[-120.483,37.268]},"properties":{"key":"59267-ac6d80a2","layer":"power","name":"Mission Solar LLC","state":"CA","detail_file":"data/details/power-plants-05.json","plant_id":"59267","capacity_mw":1.5,"status_group":"Operating","energy_sources":"SUN","type":"Power plant","is_nuclear":false}},{"type":"Feature","geometry":{"type":"Point","coordinates":[-120.299,37.809]},"properties":{"key":"381-f108fb67","layer":"power","name":"Moccasin","state":"CA","detail_file":"data/details/power-plants-57.json","plant_id":"381","capacity_mw":103.6,"status_group":"Operating","energy_sources":"WAT","type":"Power plant","is_nuclear":false}},{"type":"Feature","geometry":{"type":"Point","coordinates":[-120.312,37.816]},"properties":{"key":"751-1818ca8c","layer":"power","name":"Moccasin Low Head Hydro Project","state":"CA","detail_file":"data/details/power-plants-56.json","plant_id":"751","capacity_mw":2.9,"status_group":"Operating","energy_sources":"WAT","type":"Power plant","is_nuclear":false}},{"type":"Feature","geometry":{"type":"Point","coordinates":[-121.771,36.706]},"properties":{"key":"54951-7aa33a93","layer":"power","name":"Monterey One Water","state":"CA","detail_file":"data/details/power-plants-29.json","plant_id":"54951","capacity_mw":1.8,"status_group":"Operating","energy_sources":"OBG","type":"Power plant","is_nuclear":false}},{"type":"Feature","geometry":{"type":"Point","coordinates":[-121.788,36.721]},"properties":{"key":"58633-2dd518a6","layer":"power","name":"Monterey Regional Water Pollution Contro","state":"CA","detail_file":"data/details/power-plants-29.json","plant_id":"58633","capacity_mw":1.0,"status_group":"Operating","energy_sources":"SUN","type":"Power plant","is_nuclear":false}},{"type":"Feature","geometry":{"type":"Point","coordinates":[-121.822,38.117]},"properties":{"key":"57701-ef4c81cd","layer":"power","name":"Montezuma Wind II","state":"CA","detail_file":"data/details/power-plants-18.json","plant_id":"57701","capacity_mw":78.2,"status_group":"Operating","energy_sources":"WND","type":"Power plant","is_nuclear":false}},{"type":"Feature","geometry":{"type":"Point","coordinates":[-122.104,38.513]},"properties":{"key":"7646-73a099f6","layer":"power","name":"Monticello Dam","state":"CA","detail_file":"data/details/power-plants-52.json","plant_id":"7646","capacity_mw":11.5,"status_group":"Operating","energy_sources":"WAT","type":"Power plant","is_nuclear":false}},{"type":"Feature","geometry":{"type":"Point","coordinates":[-120.446,38.147]},"properties":{"key":"261-330b5cfb","layer":"power","name":"Murphys","state":"CA","detail_file":"data/details/power-plants-61.json","plant_id":"261","capacity_mw":3.6,"status_group":"Operating","energy_sources":"WAT","type":"Power plant","is_nuclear":false}},{"type":"Feature","geometry":{"type":"Point","coordinates":[-121.27,39.239]},"properties":{"key":"455-a7b6cb8f","layer":"power","name":"Narrows 2","state":"CA","detail_file":"data/details/power-plants-53.json","plant_id":"455","capacity_mw":46.7,"status_group":"Operating","energy_sources":"WAT","type":"Power plant","is_nuclear":false}},{"type":"Feature","geometry":{"type":"Point","coordinates":[-121.272,39.236]},"properties":{"key":"262-3a287946","layer":"power","name":"Narrows PH","state":"CA","detail_file":"data/details/power-plants-02.json","plant_id":"262","capacity_mw":10.2,"status_group":"Operating","energy_sources":"WAT","type":"Power plant","is_nuclear":false}},{"type":"Feature","geometry":{"type":"Point","coordinates":[-120.815,38.15]},"properties":{"key":"50755-2abc1e0d","layer":"power","name":"New Hogan Power Plant","state":"CA","detail_file":"data/details/power-plants-24.json","plant_id":"50755","capacity_mw":3.0,"status_group":"Operating","energy_sources":"WAT","type":"Power plant","is_nuclear":false}},{"type":"Feature","geometry":{"type":"Point","coordinates":[-120.528,37.947]},"properties":{"key":"6158-3696f6ec","layer":"power","name":"New Melones","state":"CA","detail_file":"data/details/power-plants-55.json","plant_id":"6158","capacity_mw":300.0,"status_group":"Operating","energy_sources":"WAT","type":"Power plant","is_nuclear":false}},{"type":"Feature","geometry":{"type":"Point","coordinates":[-121.093,38.835]},"properties":{"key":"632-21cebf57","layer":"power","name":"Newcastle","state":"CA","detail_file":"data/details/power-plants-55.json","plant_id":"632","capacity_mw":12.7,"status_group":"Operating","energy_sources":"WAT","type":"Power plant","is_nuclear":false}},{"type":"Feature","geometry":{"type":"Point","coordinates":[-120.135,36.382]},"properties":{"key":"60981-46bf366c","layer":"power","name":"NextEra Westside PV","state":"CA","detail_file":"data/details/power-plants-46.json","plant_id":"60981","capacity_mw":20.0,"status_group":"Operating","energy_sources":"SUN","type":"Power plant","is_nuclear":false}},{"type":"Feature","geometry":{"type":"Point","coordinates":[-121.249,37.895]},"properties":{"key":"63363-d9e2f130","layer":"power","name":"Niagara Bottling Stockton","state":"CA","detail_file":"data/details/power-plants-60.json","plant_id":"63363","capacity_mw":1.0,"status_group":"Operating","energy_sources":"SUN","type":"Power plant","is_nuclear":false}},{"type":"Feature","geometry":{"type":"Point","coordinates":[-121.22,38.637]},"properties":{"key":"444-637e356d","layer":"power","name":"Nimbus","state":"CA","detail_file":"data/details/power-plants-29.json","plant_id":"444","capacity_mw":13.4,"status_group":"Operating","energy_sources":"WAT","type":"Power plant","is_nuclear":false}},{"type":"Feature","geometry":{"type":"Point","coordinates":[-121.148,37.756]},"properties":{"key":"64531-cd4d87e5","layer":"power","name":"Noosa Energy Storage LLC","state":"CA","detail_file":"data/details/power-plants-05.json","plant_id":"64531","capacity_mw":99.0,"status_group":"Under construction","energy_sources":"MWH","type":"Power plant","is_nuclear":false}},{"type":"Feature","geometry":{"type":"Point","coordinates":[-121.828,37.678]},"properties":{"key":"68439-e710ae6a","layer":"power","name":"NorCal FPV 1","state":"CA","detail_file":"data/details/power-plants-03.json","plant_id":"68439","capacity_mw":10.0,"status_group":"Under construction","energy_sources":"SUN","type":"Power plant","is_nuclear":false}},{"type":"Feature","geometry":{"type":"Point","coordinates":[-121.828,37.678]},"properties":{"key":"68787-aaf58cdf","layer":"power","name":"NorCal FPV 1 (Pond 2)","state":"CA","detail_file":"data/details/power-plants-40.json","plant_id":"68787","capacity_mw":1.8,"status_group":"Under construction","energy_sources":"SUN","type":"Power plant","is_nuclear":false}},{"type":"Feature","geometry":{"type":"Point","coordinates":[-121.966,38.301]},"properties":{"key":"58748-c74edad1","layer":"power","name":"North Bay Solar 1","state":"CA","detail_file":"data/details/power-plants-21.json","plant_id":"58748","capacity_mw":1.0,"status_group":"Operating","energy_sources":"SUN","type":"Power plant","is_nuclear":false}},{"type":"Feature","geometry":{"type":"Point","coordinates":[-121.018,38.015]},"properties":{"key":"66208-18946fc0","layer":"power","name":"North Central Valley","state":"CA","detail_file":"data/details/power-plants-62.json","plant_id":"66208","capacity_mw":132.0,"status_group":"Operating","energy_sources":"MWH","type":"Power plant","is_nuclear":false}},{"type":"Feature","geometry":{"type":"Point","coordinates":[-120.41,36.73]},"properties":{"key":"58713-f4b34286","layer":"power","name":"North Star Solar","state":"CA","detail_file":"data/details/power-plants-28.json","plant_id":"58713","capacity_mw":61.6,"status_group":"Operating","energy_sources":"SUN","type":"Power plant","is_nuclear":false}},{"type":"Feature","geometry":{"type":"Point","coordinates":[-122.382,37.968]},"properties":{"key":"50831-60533fab","layer":"power","name":"Nove Power Plant","state":"CA","detail_file":"data/details/power-plants-15.json","plant_id":"50831","capacity_mw":3.0,"status_group":"Operating","energy_sources":"LFG","type":"Power plant","is_nuclear":false}},{"type":"Feature","geometry":{"type":"Point","coordinates":[-121.048,37.099]},"properties":{"key":"446-055e544e","layer":"power","name":"ONeill","state":"CA","detail_file":"data/details/power-plants-01.json","plant_id":"446","capacity_mw":25.2,"status_group":"Operating","energy_sources":"WAT","type":"Power plant","is_nuclear":false}},{"type":"Feature","geometry":{"type":"Point","coordinates":[-121.748,38.002]},"properties":{"key":"58376-64286207","layer":"power","name":"Oakley Solar Project","state":"CA","detail_file":"data/details/power-plants-24.json","plant_id":"58376","capacity_mw":1.5,"status_group":"Operating","energy_sources":"SUN","type":"Power plant","is_nuclear":false}},{"type":"Feature","geometry":{"type":"Point","coordinates":[-120.919,38.291]},"properties":{"key":"68747-5f7fe2c5","layer":"power","name":"Oaks HOA","state":"CA","detail_file":"data/details/power-plants-61.json","plant_id":"68747","capacity_mw":1.0,"status_group":"Operating","energy_sources":"SUN","type":"Power plant","is_nuclear":false}},{"type":"Feature","geometry":{"type":"Point","coordinates":[-122.394,37.793]},"properties":{"key":"58607-875aec21","layer":"power","name":"One Market Plaza","state":"CA","detail_file":"data/details/power-plants-08.json","plant_id":"58607","capacity_mw":1.5,"status_group":"Operating","energy_sources":"NG","type":"Power plant","is_nuclear":false}},{"type":"Feature","geometry":{"type":"Point","coordinates":[-120.03,36.46]},"properties":{"key":"68471-8a3dadcb","layer":"power","name":"Open Sky Dairy","state":"CA","detail_file":"data/details/power-plants-51.json","plant_id":"68471","capacity_mw":1.7,"status_group":"Operating","energy_sources":"SUN","type":"Power plant","is_nuclear":false}},{"type":"Feature","geometry":{"type":"Point","coordinates":[-120.031,36.461]},"properties":{"key":"67793-fd6d5789","layer":"power","name":"Open Sky Ranch Inc","state":"CA","detail_file":"data/details/power-plants-22.json","plant_id":"67793","capacity_mw":1.7,"status_group":"Operating","energy_sources":"SUN","type":"Power plant","is_nuclear":false}},{"type":"Feature","geometry":{"type":"Point","coordinates":[-120.668,36.877]},"properties":{"key":"59915-14241887","layer":"power","name":"Oro Loma","state":"CA","detail_file":"data/details/power-plants-52.json","plant_id":"59915","capacity_mw":20.0,"status_group":"Operating","energy_sources":"SUN","type":"Power plant","is_nuclear":false}},{"type":"Feature","geometry":{"type":"Point","coordinates":[-121.563,39.492]},"properties":{"key":"54477-85f31f48","layer":"power","name":"Oroville Cogeneration, LLC","state":"CA","detail_file":"data/details/power-plants-63.json","plant_id":"54477","capacity_mw":7.7,"status_group":"Operating","energy_sources":"NG","type":"Power plant","is_nuclear":false}},{"type":"Feature","geometry":{"type":"Point","coordinates":[-120.747,39.003]},"properties":{"key":"426-0da46f38","layer":"power","name":"Oxbow (CA)","state":"CA","detail_file":"data/details/power-plants-11.json","plant_id":"426","capacity_mw":6.1,"status_group":"Operating","energy_sources":"WAT","type":"Power plant","is_nuclear":false}},{"type":"Feature","geometry":{"type":"Point","coordinates":[-122.247,38.035]},"properties":{"key":"68890-56ba1195","layer":"power","name":"P66 Rodeo Solar","state":"CA","detail_file":"data/details/power-plants-44.json","plant_id":"68890","capacity_mw":30.2,"status_group":"Operating","energy_sources":"SUN","type":"Power plant","is_nuclear":false}},{"type":"Feature","geometry":{"type":"Point","coordinates":[-122.263,37.87]},"properties":{"key":"50849-13feb48a","layer":"power","name":"PE Berkeley","state":"CA","detail_file":"data/details/power-plants-07.json","plant_id":"50849","capacity_mw":28.5,"status_group":"Operating","energy_sources":"NG","type":"Power plant","is_nuclear":false}},{"type":"Feature","geometry":{"type":"Point","coordinates":[-122.444,38.57]},"properties":{"key":"61795-4d87eb4d","layer":"power","name":"Pacific Union College BESS","state":"CA","detail_file":"data/details/power-plants-23.json","plant_id":"61795","capacity_mw":1.0,"status_group":"Operating","energy_sources":"MWH","type":"Power plant","is_nuclear":false}},{"type":"Feature","geometry":{"type":"Point","coordinates":[-120.478,37.874]},"properties":{"key":"50560-1e27b705","layer":"power","name":"Pacific-Ultrapower Chinese Station","state":"CA","detail_file":"data/details/power-plants-33.json","plant_id":"50560","capacity_mw":25.0,"status_group":"Operating","energy_sources":"WDS","type":"Power plant","is_nuclear":false}},{"type":"Feature","geometry":{"type":"Point","coordinates":[-120.583,36.651]},"properties":{"key":"56803-4898c234","layer":"power","name":"Panoche Energy Center","state":"CA","detail_file":"data/details/power-plants-38.json","plant_id":"56803","capacity_mw":432.0,"status_group":"Operating","energy_sources":"NG","type":"Power plant","is_nuclear":false}},{"type":"Feature","geometry":{"type":"Point","coordinates":[-120.879,36.627]},"properties":{"key":"57340-932df3e4","layer":"power","name":"Panoche Valley Solar Farm","state":"CA","detail_file":"data/details/power-plants-45.json","plant_id":"57340","capacity_mw":140.0,"status_group":"Operating","energy_sources":"SUN","type":"Power plant","is_nuclear":false}},{"type":"Feature","geometry":{"type":"Point","coordinates":[-120.851,38.257]},"properties":{"key":"376-e36c18dd","layer":"power","name":"Pardee","state":"CA","detail_file":"data/details/power-plants-23.json","plant_id":"376","capacity_mw":23.6,"status_group":"Operating","energy_sources":"WAT","type":"Power plant","is_nuclear":false}},{"type":"Feature","geometry":{"type":"Point","coordinates":[-120.445,37.478]},"properties":{"key":"428-31d6646c","layer":"power","name":"Parker","state":"CA","detail_file":"data/details/power-plants-54.json","plant_id":"428","capacity_mw":2.7,"status_group":"Operating","energy_sources":"WAT","type":"Power plant","is_nuclear":false}},{"type":"Feature","geometry":{"type":"Point","coordinates":[-122.457,37.763]},"properties":{"key":"58198-69fb53f0","layer":"power","name":"Parnassus Central Utility Plant","state":"CA","detail_file":"data/details/power-plants-26.json","plant_id":"58198","capacity_mw":13.4,"status_group":"Operating","energy_sources":"NG","type":"Power plant","is_nuclear":false}},{"type":"Feature","geometry":{"type":"Point","coordinates":[-121.135,37.374]},"properties":{"key":"67092-8ed2f19c","layer":"power","name":"Paulsell","state":"CA","detail_file":"data/details/power-plants-32.json","plant_id":"67092","capacity_mw":35.0,"status_group":"Operating","energy_sources":"MWH; SUN","type":"Power plant","is_nuclear":false}},{"type":"Feature","geometry":{"type":"Point","coordinates":[-122.258,38.042]},"properties":{"key":"50119-371cf11a","layer":"power","name":"Phillips 66 Rodeo Refinery","state":"CA","detail_file":"data/details/power-plants-43.json","plant_id":"50119","capacity_mw":54.9,"status_group":"Operating","energy_sources":"OG","type":"Power plant","is_nuclear":false}},{"type":"Feature","geometry":{"type":"Point","coordinates":[-120.326,38.032]},"properties":{"key":"264-715f6862","layer":"power","name":"Phoenix","state":"CA","detail_file":"data/details/power-plants-16.json","plant_id":"264","capacity_mw":1.6,"status_group":"Operating","energy_sources":"WAT","type":"Power plant","is_nuclear":false}},{"type":"Feature","geometry":{"type":"Point","coordinates":[-121.845,38.012]},"properties":{"key":"67770-94d92b7b","layer":"power","name":"Pittsburg RV Solar","state":"CA","detail_file":"data/details/power-plants-43.json","plant_id":"67770","capacity_mw":2.8,"status_group":"Under construction","energy_sources":"SUN","type":"Power plant","is_nuclear":false}},{"type":"Feature","geometry":{"type":"Point","coordinates":[-121.305,38.828]},"properties":{"key":"70101-b6a67aa5","layer":"power","name":"Pivot Energy PPA 29 LLC","state":"CA","detail_file":"data/details/power-plants-29.json","plant_id":"70101","capacity_mw":2.3,"status_group":"Under construction","energy_sources":"MWH; SUN","type":"Power plant","is_nuclear":false}},{"type":"Feature","geometry":{"type":"Point","coordinates":[-122.284,37.833]},"properties":{"key":"59803-fc4c8284","layer":"power","name":"Pixar - Emeryville","state":"CA","detail_file":"data/details/power-plants-37.json","plant_id":"59803","capacity_mw":1.1,"status_group":"Operating","energy_sources":"NG","type":"Power plant","is_nuclear":false}},{"type":"Feature","geometry":{"type":"Point","coordinates":[-121.47,39.723]},"properties":{"key":"272-acec1fe2","layer":"power","name":"Poe","state":"CA","detail_file":"data/details/power-plants-41.json","plant_id":"272","capacity_mw":142.8,"status_group":"Operating","energy_sources":"WAT","type":"Power plant","is_nuclear":false}},{"type":"Feature","geometry":{"type":"Point","coordinates":[-121.98,38.217]},"properties":{"key":"59952-15c8614e","layer":"power","name":"Potrero Hills Energy Producers","state":"CA","detail_file":"data/details/power-plants-18.json","plant_id":"59952","capacity_mw":8.0,"status_group":"Operating","energy_sources":"LFG","type":"Power plant","is_nuclear":false}},{"type":"Feature","geometry":{"type":"Point","coordinates":[-123.128,39.362]},"properties":{"key":"274-643f1986","layer":"power","name":"Potter Valley","state":"CA","detail_file":"data/details/power-plants-20.json","plant_id":"274","capacity_mw":9.4,"status_group":"Operating","energy_sources":"WAT","type":"Power plant","is_nuclear":false}},{"type":"Feature","geometry":{"type":"Point","coordinates":[-122.296,37.826]},"properties":{"key":"57696-2f433933","layer":"power","name":"Power Generation Station (PGS) 2","state":"CA","detail_file":"data/details/power-plants-28.json","plant_id":"57696","capacity_mw":4.6,"status_group":"Operating","energy_sources":"OBG","type":"Power plant","is_nuclear":false}},{"type":"Feature","geometry":{"type":"Point","coordinates":[-122.151,37.712]},"properties":{"key":"62578-9195b6b4","layer":"power","name":"Preferred Freezer San Leandro","state":"CA","detail_file":"data/details/power-plants-04.json","plant_id":"62578","capacity_mw":2.0,"status_group":"Operating","energy_sources":"SUN","type":"Power plant","is_nuclear":false}},{"type":"Feature","geometry":{"type":"Point","coordinates":[-121.4,38.531]},"properties":{"key":"7551-73ee686e","layer":"power","name":"Procter & Gamble Power Plant","state":"CA","detail_file":"data/details/power-plants-32.json","plant_id":"7551","capacity_mw":193.4,"status_group":"Operating","energy_sources":"NG","type":"Power plant","is_nuclear":false}},{"type":"Feature","geometry":{"type":"Point","coordinates":[-121.53,37.725]},"properties":{"key":"64600-e7d2d048","layer":"power","name":"Prologis L.P","state":"CA","detail_file":"data/details/power-plants-46.json","plant_id":"64600","capacity_mw":3.0,"status_group":"Operating","energy_sources":"SUN","type":"Power plant","is_nuclear":false}},{"type":"Feature","geometry":{"type":"Point","coordinates":[-121.163,37.4]},"properties":{"key":"66270-5bed2d85","layer":"power","name":"Proxima","state":"CA","detail_file":"data/details/power-plants-17.json","plant_id":"66270","capacity_mw":352.0,"status_group":"Operating","energy_sources":"MWH; SUN","type":"Power plant","is_nuclear":false}},{"type":"Feature","geometry":{"type":"Point","coordinates":[-121.994,38.521]},"properties":{"key":"59550-86be0404","layer":"power","name":"Putah Creek Solar Farm","state":"CA","detail_file":"data/details/power-plants-63.json","plant_id":"59550","capacity_mw":2.0,"status_group":"Operating","energy_sources":"SUN","type":"Power plant","is_nuclear":false}},{"type":"Feature","geometry":{"type":"Point","coordinates":[-121.995,38.525]},"properties":{"key":"66088-c8f6f69c","layer":"power","name":"Putah Creek Solar Farm North","state":"CA","detail_file":"data/details/power-plants-52.json","plant_id":"66088","capacity_mw":3.0,"status_group":"Operating","energy_sources":"SUN","type":"Power plant","is_nuclear":false}},{"type":"Feature","geometry":{"type":"Point","coordinates":[-121.052,37.13]},"properties":{"key":"59339-ff11e789","layer":"power","name":"Quinto Solar PV Project","state":"CA","detail_file":"data/details/power-plants-28.json","plant_id":"59339","capacity_mw":108.0,"status_group":"Operating","energy_sources":"SUN","type":"Power plant","is_nuclear":false}},{"type":"Feature","geometry":{"type":"Point","coordinates":[-120.291,36.617]},"properties":{"key":"58984-08886149","layer":"power","name":"RE Adams East, LLC","state":"CA","detail_file":"data/details/power-plants-02.json","plant_id":"58984","capacity_mw":19.0,"status_group":"Operating","energy_sources":"SUN","type":"Power plant","is_nuclear":false}},{"type":"Feature","geometry":{"type":"Point","coordinates":[-121.413,38.347]},"properties":{"key":"57783-77e4dcf8","layer":"power","name":"RE Bruceville 1 LLC","state":"CA","detail_file":"data/details/power-plants-59.json","plant_id":"57783","capacity_mw":5.0,"status_group":"Operating","energy_sources":"SUN","type":"Power plant","is_nuclear":false}},{"type":"Feature","geometry":{"type":"Point","coordinates":[-121.413,38.347]},"properties":{"key":"57784-8a088fc0","layer":"power","name":"RE Bruceville 2 LLC","state":"CA","detail_file":"data/details/power-plants-25.json","plant_id":"57784","capacity_mw":5.0,"status_group":"Operating","energy_sources":"SUN","type":"Power plant","is_nuclear":false}},{"type":"Feature","geometry":{"type":"Point","coordinates":[-121.413,38.347]},"properties":{"key":"57785-94138757","layer":"power","name":"RE Bruceville 3 LLC","state":"CA","detail_file":"data/details/power-plants-39.json","plant_id":"57785","capacity_mw":5.0,"status_group":"Operating","energy_sources":"SUN","type":"Power plant","is_nuclear":false}},{"type":"Feature","geometry":{"type":"Point","coordinates":[-121.182,38.469]},"properties":{"key":"57777-3cdb6f56","layer":"power","name":"RE Dillard 1 LLC","state":"CA","detail_file":"data/details/power-plants-53.json","plant_id":"57777","capacity_mw":3.0,"status_group":"Operating","energy_sources":"SUN","type":"Power plant","is_nuclear":false}},{"type":"Feature","geometry":{"type":"Point","coordinates":[-121.178,38.466]},"properties":{"key":"57779-ea2fbece","layer":"power","name":"RE Dillard 2 LLC","state":"CA","detail_file":"data/details/power-plants-05.json","plant_id":"57779","capacity_mw":3.0,"status_group":"Operating","energy_sources":"SUN","type":"Power plant","is_nuclear":false}},{"type":"Feature","geometry":{"type":"Point","coordinates":[-121.18,38.462]},"properties":{"key":"57781-bd93b8f1","layer":"power","name":"RE Dillard 3 LLC","state":"CA","detail_file":"data/details/power-plants-17.json","plant_id":"57781","capacity_mw":3.0,"status_group":"Operating","energy_sources":"SUN","type":"Power plant","is_nuclear":false}},{"type":"Feature","geometry":{"type":"Point","coordinates":[-121.18,38.462]},"properties":{"key":"57806-7d0e3158","layer":"power","name":"RE Dillard 4 LLC","state":"CA","detail_file":"data/details/power-plants-59.json","plant_id":"57806","capacity_mw":0.4,"status_group":"Operating","energy_sources":"SUN","type":"Power plant","is_nuclear":false}},{"type":"Feature","geometry":{"type":"Point","coordinates":[-121.381,38.365]},"properties":{"key":"57778-a3474def","layer":"power","name":"RE Kammerer 1 LLC","state":"CA","detail_file":"data/details/power-plants-02.json","plant_id":"57778","capacity_mw":5.0,"status_group":"Operating","energy_sources":"SUN","type":"Power plant","is_nuclear":false}},{"type":"Feature","geometry":{"type":"Point","coordinates":[-121.381,38.365]},"properties":{"key":"57780-6cc36a1c","layer":"power","name":"RE Kammerer 2 LLC","state":"CA","detail_file":"data/details/power-plants-08.json","plant_id":"57780","capacity_mw":5.0,"status_group":"Operating","energy_sources":"SUN","type":"Power plant","is_nuclear":false}},{"type":"Feature","geometry":{"type":"Point","coordinates":[-121.381,38.365]},"properties":{"key":"57782-f0fd8866","layer":"power","name":"RE Kammerer 3 LLC","state":"CA","detail_file":"data/details/power-plants-18.json","plant_id":"57782","capacity_mw":5.0,"status_group":"Operating","energy_sources":"SUN","type":"Power plant","is_nuclear":false}},{"type":"Feature","geometry":{"type":"Point","coordinates":[-121.296,38.303]},"properties":{"key":"57816-225448d4","layer":"power","name":"RE McKenzie 1 LLC","state":"CA","detail_file":"data/details/power-plants-51.json","plant_id":"57816","capacity_mw":5.0,"status_group":"Operating","energy_sources":"SUN","type":"Power plant","is_nuclear":false}},{"type":"Feature","geometry":{"type":"Point","coordinates":[-121.296,38.303]},"properties":{"key":"57817-163870a7","layer":"power","name":"RE McKenzie 2 LLC","state":"CA","detail_file":"data/details/power-plants-48.json","plant_id":"57817","capacity_mw":5.0,"status_group":"Operating","energy_sources":"SUN","type":"Power plant","is_nuclear":false}},{"type":"Feature","geometry":{"type":"Point","coordinates":[-121.296,38.303]},"properties":{"key":"57818-2a5b5eac","layer":"power","name":"RE McKenzie 3 LLC","state":"CA","detail_file":"data/details/power-plants-57.json","plant_id":"57818","capacity_mw":5.0,"status_group":"Operating","energy_sources":"SUN","type":"Power plant","is_nuclear":false}},{"type":"Feature","geometry":{"type":"Point","coordinates":[-121.296,38.303]},"properties":{"key":"57819-74146d86","layer":"power","name":"RE McKenzie 4 LLC","state":"CA","detail_file":"data/details/power-plants-02.json","plant_id":"57819","capacity_mw":5.0,"status_group":"Operating","energy_sources":"SUN","type":"Power plant","is_nuclear":false}},{"type":"Feature","geometry":{"type":"Point","coordinates":[-121.296,38.303]},"properties":{"key":"57820-f409546b","layer":"power","name":"RE McKenzie 5 LLC","state":"CA","detail_file":"data/details/power-plants-17.json","plant_id":"57820","capacity_mw":5.0,"status_group":"Operating","energy_sources":"SUN","type":"Power plant","is_nuclear":false}},{"type":"Feature","geometry":{"type":"Point","coordinates":[-121.296,38.303]},"properties":{"key":"57821-57fddc5c","layer":"power","name":"RE McKenzie 6 LLC","state":"CA","detail_file":"data/details/power-plants-62.json","plant_id":"57821","capacity_mw":5.0,"status_group":"Operating","energy_sources":"SUN","type":"Power plant","is_nuclear":false}},{"type":"Feature","geometry":{"type":"Point","coordinates":[-120.404,36.581]},"properties":{"key":"59939-81ebabc9","layer":"power","name":"RE Tranquillity","state":"CA","detail_file":"data/details/power-plants-10.json","plant_id":"59939","capacity_mw":277.3,"status_group":"Operating","energy_sources":"MWH; SUN","type":"Power plant","is_nuclear":false}},{"type":"Feature","geometry":{"type":"Point","coordinates":[-120.725,39.001]},"properties":{"key":"427-73827d78","layer":"power","name":"Ralston","state":"CA","detail_file":"data/details/power-plants-54.json","plant_id":"427","capacity_mw":79.2,"status_group":"Operating","energy_sources":"WAT","type":"Power plant","is_nuclear":false}},{"type":"Feature","geometry":{"type":"Point","coordinates":[-121.291,38.577]},"properties":{"key":"65384-e09a940d","layer":"power","name":"Rancho Cordova Medical Offices","state":"CA","detail_file":"data/details/power-plants-09.json","plant_id":"65384","capacity_mw":1.1,"status_group":"Operating","energy_sources":"SUN","type":"Power plant","is_nuclear":false}},{"type":"Feature","geometry":{"type":"Point","coordinates":[-121.12,38.347]},"properties":{"key":"63387-8178e83d","layer":"power","name":"Rancho Seco Solar II, LLC","state":"CA","detail_file":"data/details/power-plants-09.json","plant_id":"63387","capacity_mw":160.0,"status_group":"Operating","energy_sources":"SUN","type":"Power plant","is_nuclear":false}},{"type":"Feature","geometry":{"type":"Point","coordinates":[-121.115,38.34]},"properties":{"key":"60226-3ea880dd","layer":"power","name":"Rancho Seco Solar, LLC","state":"CA","detail_file":"data/details/power-plants-05.json","plant_id":"60226","capacity_mw":10.8,"status_group":"Operating","energy_sources":"SUN","type":"Power plant","is_nuclear":false}},{"type":"Feature","geometry":{"type":"Point","coordinates":[-123.191,39.182]},"properties":{"key":"69136-50af125f","layer":"power","name":"Redemeyer Road Solar","state":"CA","detail_file":"data/details/power-plants-33.json","plant_id":"69136","capacity_mw":8.0,"status_group":"Operating","energy_sources":"MWH; SUN","type":"Power plant","is_nuclear":false}},{"type":"Feature","geometry":{"type":"Point","coordinates":[-121.329,37.937]},"properties":{"key":"56134-4051e40e","layer":"power","name":"Regional Wastewater Control Facility","state":"CA","detail_file":"data/details/power-plants-37.json","plant_id":"56134","capacity_mw":7.8,"status_group":"Operating","energy_sources":"DFO; OBG","type":"Power plant","is_nuclear":false}},{"type":"Feature","geometry":{"type":"Point","coordinates":[-121.293,38.399]},"properties":{"key":"62545-5bf691ea","layer":"power","name":"Renew Solar ABC Sacramento LLC","state":"CA","detail_file":"data/details/power-plants-37.json","plant_id":"62545","capacity_mw":1.7,"status_group":"Operating","energy_sources":"SUN","type":"Power plant","is_nuclear":false}},{"type":"Feature","geometry":{"type":"Point","coordinates":[-122.391,37.942]},"properties":{"key":"52109-127c6d1c","layer":"power","name":"Richmond Cogen","state":"CA","detail_file":"data/details/power-plants-02.json","plant_id":"52109","capacity_mw":173.5,"status_group":"Operating","energy_sources":"NG; WH","type":"Power plant","is_nuclear":false}},{"type":"Feature","geometry":{"type":"Point","coordinates":[-121.314,38.832]},"properties":{"key":"10772-34c5d91c","layer":"power","name":"Rio Bravo Rocklin","state":"CA","detail_file":"data/details/power-plants-56.json","plant_id":"10772","capacity_mw":27.9,"status_group":"Operating","energy_sources":"WDS","type":"Power plant","is_nuclear":false}},{"type":"Feature","geometry":{"type":"Point","coordinates":[-121.685,38.165]},"properties":{"key":"67648-a536bf37","layer":"power","name":"Rio Vista Solar","state":"CA","detail_file":"data/details/power-plants-02.json","plant_id":"67648","capacity_mw":2.7,"status_group":"Operating","energy_sources":"SUN","type":"Power plant","is_nuclear":false}},{"type":"Feature","geometry":{"type":"Point","coordinates":[-121.116,37.731]},"properties":{"key":"56135-bbd7dc5c","layer":"power","name":"Ripon Generation Station","state":"CA","detail_file":"data/details/power-plants-41.json","plant_id":"56135","capacity_mw":121.0,"status_group":"Operating","energy_sources":"NG","type":"Power plant","is_nuclear":false}},{"type":"Feature","geometry":{"type":"Point","coordinates":[-121.791,38.014]},"properties":{"key":"55963-59a0a323","layer":"power","name":"Riverview Energy Center","state":"CA","detail_file":"data/details/power-plants-41.json","plant_id":"55963","capacity_mw":47.0,"status_group":"Operating","energy_sources":"NG","type":"Power plant","is_nuclear":false}},{"type":"Feature","geometry":{"type":"Point","coordinates":[-120.378,38.897]},"properties":{"key":"433-d373fc05","layer":"power","name":"Robbs Peak","state":"CA","detail_file":"data/details/power-plants-41.json","plant_id":"433","capacity_mw":25.5,"status_group":"Operating","energy_sources":"WAT","type":"Power plant","is_nuclear":false}},{"type":"Feature","geometry":{"type":"Point","coordinates":[-120.892,37.858]},"properties":{"key":"57579-596e7055","layer":"power","name":"Robert O Schulz Solar Farm","state":"CA","detail_file":"data/details/power-plants-48.json","plant_id":"57579","capacity_mw":1.6,"status_group":"Operating","energy_sources":"SUN","type":"Power plant","is_nuclear":false}},{"type":"Feature","geometry":{"type":"Point","coordinates":[-121.345,39.905]},"properties":{"key":"275-71f06ae7","layer":"power","name":"Rock Creek","state":"CA","detail_file":"data/details/power-plants-09.json","plant_id":"275","capacity_mw":126.0,"status_group":"Operating","energy_sources":"WAT","type":"Power plant","is_nuclear":false}},{"type":"Feature","geometry":{"type":"Point","coordinates":[-120.778,38.783]},"properties":{"key":"50892-3dd998f9","layer":"power","name":"Rock Creek LP","state":"CA","detail_file":"data/details/power-plants-51.json","plant_id":"50892","capacity_mw":3.0,"status_group":"Operating","energy_sources":"WAT","type":"Power plant","is_nuclear":false}},{"type":"Feature","geometry":{"type":"Point","coordinates":[-120.953,39.134]},"properties":{"key":"34-aab09c5f","layer":"power","name":"Rollins","state":"CA","detail_file":"data/details/power-plants-39.json","plant_id":"34","capacity_mw":12.1,"status_group":"Operating","energy_sources":"WAT","type":"Power plant","is_nuclear":false}},{"type":"Feature","geometry":{"type":"Point","coordinates":[-121.652,37.737]},"properties":{"key":"63088-9e681c69","layer":"power","name":"Rooney Ranch","state":"CA","detail_file":"data/details/power-plants-06.json","plant_id":"63088","capacity_mw":21.0,"status_group":"Under construction","energy_sources":"WND","type":"Power plant","is_nuclear":false}},{"type":"Feature","geometry":{"type":"Point","coordinates":[-121.381,38.793]},"properties":{"key":"56298-d340b354","layer":"power","name":"Roseville Energy Park","state":"CA","detail_file":"data/details/power-plants-14.json","plant_id":"56298","capacity_mw":225.0,"status_group":"Operating","energy_sources":"NG","type":"Power plant","is_nuclear":false}},{"type":"Feature","geometry":{"type":"Point","coordinates":[-121.324,38.811]},"properties":{"key":"7452-4d1b78a2","layer":"power","name":"Roseville Power Plant #2","state":"CA","detail_file":"data/details/power-plants-03.json","plant_id":"7452","capacity_mw":66.0,"status_group":"Operating","energy_sources":"NG","type":"Power plant","is_nuclear":false}},{"type":"Feature","geometry":{"type":"Point","coordinates":[-122.134,37.635]},"properties":{"key":"56467-27a1c0f9","layer":"power","name":"Russell City Energy Center","state":"CA","detail_file":"data/details/power-plants-35.json","plant_id":"56467","capacity_mw":655.0,"status_group":"Operating","energy_sources":"NG","type":"Power plant","is_nuclear":false}},{"type":"Feature","geometry":{"type":"Point","coordinates":[-121.944,37.362]},"properties":{"key":"59074-69578976","layer":"power","name":"SC 1 Data Center, Phase 2","state":"CA","detail_file":"data/details/power-plants-25.json","plant_id":"59074","capacity_mw":99.6,"status_group":"Operating","energy_sources":"DFO","type":"Power plant","is_nuclear":false}},{"type":"Feature","geometry":{"type":"Point","coordinates":[-121.906,37.351]},"properties":{"key":"65196-e08faabf","layer":"power","name":"SCC - San Jose","state":"CA","detail_file":"data/details/power-plants-57.json","plant_id":"65196","capacity_mw":1.0,"status_group":"Operating","energy_sources":"NG","type":"Power plant","is_nuclear":false}},{"type":"Feature","geometry":{"type":"Point","coordinates":[-121.587,38.69]},"properties":{"key":"61006-58afc008","layer":"power","name":"SCDA Solar 1","state":"CA","detail_file":"data/details/power-plants-57.json","plant_id":"61006","capacity_mw":7.0,"status_group":"Operating","energy_sources":"SUN","type":"Power plant","is_nuclear":false}},{"type":"Feature","geometry":{"type":"Point","coordinates":[-121.941,37.35]},"properties":{"key":"63715-4ea1abd7","layer":"power","name":"SCU000 El Camino Real Fuel Cell","state":"CA","detail_file":"data/details/power-plants-60.json","plant_id":"63715","capacity_mw":1.5,"status_group":"Operating","energy_sources":"NG","type":"Power plant","is_nuclear":false}},{"type":"Feature","geometry":{"type":"Point","coordinates":[-122.392,37.74]},"properties":{"key":"57971-d0a01ffa","layer":"power","name":"SF Southeast Cogen Plant","state":"CA","detail_file":"data/details/power-plants-26.json","plant_id":"57971","capacity_mw":2.1,"status_group":"Operating","energy_sources":"OBG","type":"Power plant","is_nuclear":false}},{"type":"Feature","geometry":{"type":"Point","coordinates":[-122.232,38.132]},"properties":{"key":"62649-638290f6","layer":"power","name":"SFDK Solar","state":"CA","detail_file":"data/details/power-plants-53.json","plant_id":"62649","capacity_mw":6.3,"status_group":"Operating","energy_sources":"SUN","type":"Power plant","is_nuclear":false}},{"type":"Feature","geometry":{"type":"Point","coordinates":[-121.946,37.434]},"properties":{"key":"56080-b47ebdde","layer":"power","name":"SJ/SC WPCP","state":"CA","detail_file":"data/details/power-plants-02.json","plant_id":"56080","capacity_mw":14.0,"status_group":"Operating","energy_sources":"NG","type":"Power plant","is_nuclear":false}},{"type":"Feature","geometry":{"type":"Point","coordinates":[-121.338,38.238]},"properties":{"key":"57671-a4dd986f","layer":"power","name":"SMUD at Fleshman","state":"CA","detail_file":"data/details/power-plants-44.json","plant_id":"57671","capacity_mw":2.9,"status_group":"Operating","energy_sources":"SUN","type":"Power plant","is_nuclear":false}},{"type":"Feature","geometry":{"type":"Point","coordinates":[-121.413,38.365]},"properties":{"key":"57669-3bd329eb","layer":"power","name":"SMUD at Grundman","state":"CA","detail_file":"data/details/power-plants-45.json","plant_id":"57669","capacity_mw":17.0,"status_group":"Operating","energy_sources":"SUN","type":"Power plant","is_nuclear":false}},{"type":"Feature","geometry":{"type":"Point","coordinates":[-121.431,38.339]},"properties":{"key":"57753-be7573ec","layer":"power","name":"SMUD at Lawrence","state":"CA","detail_file":"data/details/power-plants-38.json","plant_id":"57753","capacity_mw":1.0,"status_group":"Operating","energy_sources":"SUN","type":"Power plant","is_nuclear":false}},{"type":"Feature","geometry":{"type":"Point","coordinates":[-121.279,38.253]},"properties":{"key":"57670-6f48bbfd","layer":"power","name":"SMUD at Van Conett","state":"CA","detail_file":"data/details/power-plants-52.json","plant_id":"57670","capacity_mw":2.9,"status_group":"Operating","energy_sources":"SUN","type":"Power plant","is_nuclear":false}},{"type":"Feature","geometry":{"type":"Point","coordinates":[-122.173,37.455]},"properties":{"key":"50537-abd24057","layer":"power","name":"SRI International Cogen Project","state":"CA","detail_file":"data/details/power-plants-31.json","plant_id":"50537","capacity_mw":6.0,"status_group":"Operating","energy_sources":"NG","type":"Power plant","is_nuclear":false}},{"type":"Feature","geometry":{"type":"Point","coordinates":[-121.458,38.587]},"properties":{"key":"59323-719cda60","layer":"power","name":"Sacramento (SMUD)","state":"CA","detail_file":"data/details/power-plants-06.json","plant_id":"59323","capacity_mw":1.4,"status_group":"Operating","energy_sources":"SUN","type":"Power plant","is_nuclear":false}},{"type":"Feature","geometry":{"type":"Point","coordinates":[-121.417,38.555]},"properties":{"key":"58636-58337aed","layer":"power","name":"Sacramento Fairbain Water Treatment Plan","state":"CA","detail_file":"data/details/power-plants-01.json","plant_id":"58636","capacity_mw":1.0,"status_group":"Operating","energy_sources":"SUN","type":"Power plant","is_nuclear":false}},{"type":"Feature","geometry":{"type":"Point","coordinates":[-121.317,39.049]},"properties":{"key":"531-a6360a31","layer":"power","name":"Sacramento Municipal Util Dist","state":"CA","detail_file":"data/details/power-plants-19.json","plant_id":"531","capacity_mw":7.2,"status_group":"Operating","energy_sources":"WAT","type":"Power plant","is_nuclear":false}},{"type":"Feature","geometry":{"type":"Point","coordinates":[-121.428,38.596]},"properties":{"key":"64994-63c40c10","layer":"power","name":"Sacramento Point West Medical Offices","state":"CA","detail_file":"data/details/power-plants-40.json","plant_id":"64994","capacity_mw":1.3,"status_group":"Operating","energy_sources":"SUN","type":"Power plant","is_nuclear":false}},{"type":"Feature","geometry":{"type":"Point","coordinates":[-121.464,38.449]},"properties":{"key":"61209-0629d73f","layer":"power","name":"Sacramento Regional County Sanitation PV","state":"CA","detail_file":"data/details/power-plants-14.json","plant_id":"61209","capacity_mw":3.5,"status_group":"Operating","energy_sources":"SUN","type":"Power plant","is_nuclear":false}},{"type":"Feature","geometry":{"type":"Point","coordinates":[-121.165,38.45]},"properties":{"key":"56875-c7c7696a","layer":"power","name":"Sacramento Soleil LLC","state":"CA","detail_file":"data/details/power-plants-37.json","plant_id":"56875","capacity_mw":1.0,"status_group":"Operating","energy_sources":"SUN","type":"Power plant","is_nuclear":false}},{"type":"Feature","geometry":{"type":"Point","coordinates":[-121.184,38.571]},"properties":{"key":"65808-166885ad","layer":"power","name":"Sacramento Valley Energy Center, LLC","state":"CA","detail_file":"data/details/power-plants-18.json","plant_id":"65808","capacity_mw":300.0,"status_group":"Under construction","energy_sources":"MWH; SUN","type":"Power plant","is_nuclear":false}},{"type":"Feature","geometry":{"type":"Point","coordinates":[-120.218,38.498]},"properties":{"key":"279-df422371","layer":"power","name":"Salt Springs","state":"CA","detail_file":"data/details/power-plants-04.json","plant_id":"279","capacity_mw":42.0,"status_group":"Operating","energy_sources":"WAT","type":"Power plant","is_nuclear":false}},{"type":"Feature","geometry":{"type":"Point","coordinates":[-121.333,38.908]},"properties":{"key":"70173-0f97d75f","layer":"power","name":"San Francisco Bay Coffee","state":"CA","detail_file":"data/details/power-plants-42.json","plant_id":"70173","capacity_mw":1.0,"status_group":"Operating","energy_sources":"SUN","type":"Power plant","is_nuclear":false}},{"type":"Feature","geometry":{"type":"Point","coordinates":[-120.148,36.527]},"properties":{"key":"60678-9208fc13","layer":"power","name":"San Joaquin Solar","state":"CA","detail_file":"data/details/power-plants-43.json","plant_id":"60678","capacity_mw":21.3,"status_group":"Operating","energy_sources":"SUN","type":"Power plant","is_nuclear":false}},{"type":"Feature","geometry":{"type":"Point","coordinates":[-121.878,37.336]},"properties":{"key":"10548-9647a627","layer":"power","name":"San Jose Cogeneration","state":"CA","detail_file":"data/details/power-plants-40.json","plant_id":"10548","capacity_mw":6.0,"status_group":"Operating","energy_sources":"NG","type":"Power plant","is_nuclear":false}},{"type":"Feature","geometry":{"type":"Point","coordinates":[-122.182,37.714]},"properties":{"key":"69609-34e45278","layer":"power","name":"San Leandro 10 - sleba702","state":"CA","detail_file":"data/details/power-plants-11.json","plant_id":"69609","capacity_mw":1.0,"status_group":"Under construction","energy_sources":"SUN","type":"Power plant","is_nuclear":false}},{"type":"Feature","geometry":{"type":"Point","coordinates":[-120.15,38.186]},"properties":{"key":"50400-5fcff3e2","layer":"power","name":"Sand Bar Power Plant","state":"CA","detail_file":"data/details/power-plants-63.json","plant_id":"50400","capacity_mw":16.2,"status_group":"Operating","energy_sources":"WAT","type":"Power plant","is_nuclear":false}},{"type":"Feature","geometry":{"type":"Point","coordinates":[-121.608,37.744]},"properties":{"key":"63126-da30a127","layer":"power","name":"Sand Hill A","state":"CA","detail_file":"data/details/power-plants-59.json","plant_id":"63126","capacity_mw":13.5,"status_group":"Under construction","energy_sources":"WND","type":"Power plant","is_nuclear":false}},{"type":"Feature","geometry":{"type":"Point","coordinates":[-121.597,37.755]},"properties":{"key":"63652-a61ea248","layer":"power","name":"Sand Hill B","state":"CA","detail_file":"data/details/power-plants-38.json","plant_id":"63652","capacity_mw":17.0,"status_group":"Under construction","energy_sources":"WND","type":"Power plant","is_nuclear":false}},{"type":"Feature","geometry":{"type":"Point","coordinates":[-121.596,37.77]},"properties":{"key":"63653-06d1f1e8","layer":"power","name":"Sand Hill C","state":"CA","detail_file":"data/details/power-plants-04.json","plant_id":"63653","capacity_mw":80.0,"status_group":"Under construction","energy_sources":"WND","type":"Power plant","is_nuclear":false}},{"type":"Feature","geometry":{"type":"Point","coordinates":[-120.054,36.168]},"properties":{"key":"68673-fc40bf6a","layer":"power","name":"Sand Luis West","state":"CA","detail_file":"data/details/power-plants-16.json","plant_id":"68673","capacity_mw":156.3,"status_group":"Under construction","energy_sources":"MWH; SUN","type":"Power plant","is_nuclear":false}},{"type":"Feature","geometry":{"type":"Point","coordinates":[-122.106,36.973]},"properties":{"key":"57876-747b451f","layer":"power","name":"Santa Cruz Energy","state":"CA","detail_file":"data/details/power-plants-53.json","plant_id":"57876","capacity_mw":1.6,"status_group":"Operating","energy_sources":"LFG","type":"Power plant","is_nuclear":false}},{"type":"Feature","geometry":{"type":"Point","coordinates":[-121.887,37.719]},"properties":{"key":"60385-e4556cba","layer":"power","name":"Santa Rita Jail Fuel Cell","state":"CA","detail_file":"data/details/power-plants-60.json","plant_id":"60385","capacity_mw":1.4,"status_group":"Operating","energy_sources":"NG","type":"Power plant","is_nuclear":false}},{"type":"Feature","geometry":{"type":"Point","coordinates":[-121.887,37.719]},"properties":{"key":"58625-84c025c6","layer":"power","name":"Santa Rita Jail Hybrid","state":"CA","detail_file":"data/details/power-plants-59.json","plant_id":"58625","capacity_mw":2.9,"status_group":"Operating","energy_sources":"NG; SUN","type":"Power plant","is_nuclear":false}},{"type":"Feature","geometry":{"type":"Point","coordinates":[-122.722,38.469]},"properties":{"key":"62039-6315987e","layer":"power","name":"Santa Rosa Junior College Petaluma Solar","state":"CA","detail_file":"data/details/power-plants-23.json","plant_id":"62039","capacity_mw":1.2,"status_group":"Operating","energy_sources":"SUN","type":"Power plant","is_nuclear":false}},{"type":"Feature","geometry":{"type":"Point","coordinates":[-120.376,36.604]},"properties":{"key":"66951-7b3e61df","layer":"power","name":"Scarlet II Hybrid","state":"CA","detail_file":"data/details/power-plants-34.json","plant_id":"66951","capacity_mw":350.0,"status_group":"Operating","energy_sources":"MWH; SUN","type":"Power plant","is_nuclear":false}},{"type":"Feature","geometry":{"type":"Point","coordinates":[-120.362,36.598]},"properties":{"key":"64908-ad74bbd0","layer":"power","name":"Scarlet Solar (CA)","state":"CA","detail_file":"data/details/power-plants-55.json","plant_id":"64908","capacity_mw":240.0,"status_group":"Operating","energy_sources":"MWH; SUN","type":"Power plant","is_nuclear":false}},{"type":"Feature","geometry":{"type":"Point","coordinates":[-120.933,39.272]},"properties":{"key":"839-ffbaba12","layer":"power","name":"Scott Flat","state":"CA","detail_file":"data/details/power-plants-49.json","plant_id":"839","capacity_mw":1.0,"status_group":"Operating","energy_sources":"WAT","type":"Power plant","is_nuclear":false}},{"type":"Feature","geometry":{"type":"Point","coordinates":[-120.056,36.946]},"properties":{"key":"65469-26be13f7","layer":"power","name":"Sealed Air Madera Solar Project","state":"CA","detail_file":"data/details/power-plants-34.json","plant_id":"65469","capacity_mw":3.8,"status_group":"Operating","energy_sources":"MWH; SUN","type":"Power plant","is_nuclear":false}},{"type":"Feature","geometry":{"type":"Point","coordinates":[-122.429,37.619]},"properties":{"key":"62806-5f12ae95","layer":"power","name":"Shelter Creek Condominiums Solar","state":"CA","detail_file":"data/details/power-plants-27.json","plant_id":"62806","capacity_mw":1.9,"status_group":"Operating","energy_sources":"SUN","type":"Power plant","is_nuclear":false}},{"type":"Feature","geometry":{"type":"Point","coordinates":[-121.85,38.12]},"properties":{"key":"56362-c3007855","layer":"power","name":"Shiloh I Wind Project","state":"CA","detail_file":"data/details/power-plants-34.json","plant_id":"56362","capacity_mw":150.0,"status_group":"Operating","energy_sources":"WND","type":"Power plant","is_nuclear":false}},{"type":"Feature","geometry":{"type":"Point","coordinates":[-121.847,38.169]},"properties":{"key":"57586-584a383b","layer":"power","name":"Shiloh III Wind Project LLC","state":"CA","detail_file":"data/details/power-plants-20.json","plant_id":"57586","capacity_mw":102.5,"status_group":"Operating","energy_sources":"WND","type":"Power plant","is_nuclear":false}},{"type":"Feature","geometry":{"type":"Point","coordinates":[-121.855,38.137]},"properties":{"key":"57725-0d8049f0","layer":"power","name":"Shiloh IV Wind Project LLC","state":"CA","detail_file":"data/details/power-plants-28.json","plant_id":"57725","capacity_mw":102.5,"status_group":"Operating","energy_sources":"WND","type":"Power plant","is_nuclear":false}},{"type":"Feature","geometry":{"type":"Point","coordinates":[-121.846,38.171]},"properties":{"key":"56874-148363c3","layer":"power","name":"Shiloh Wind Project 2 LLC","state":"CA","detail_file":"data/details/power-plants-25.json","plant_id":"56874","capacity_mw":150.0,"status_group":"Operating","energy_sources":"WND","type":"Power plant","is_nuclear":false}},{"type":"Feature","geometry":{"type":"Point","coordinates":[-120.477,37.874]},"properties":{"key":"61803-2e59fd94","layer":"power","name":"Sierra Energy Storage, LLC","state":"CA","detail_file":"data/details/power-plants-24.json","plant_id":"61803","capacity_mw":10.0,"status_group":"Operating","energy_sources":"MWH","type":"Power plant","is_nuclear":false}},{"type":"Feature","geometry":{"type":"Point","coordinates":[-121.815,39.724]},"properties":{"key":"58585-177e7134","layer":"power","name":"Sierra Nevada Brewing Co Hybrid","state":"CA","detail_file":"data/details/power-plants-13.json","plant_id":"58585","capacity_mw":4.2,"status_group":"Operating","energy_sources":"MWH; NG; SUN","type":"Power plant","is_nuclear":false}},{"type":"Feature","geometry":{"type":"Point","coordinates":[-120.454,37.883]},"properties":{"key":"65510-5c8032a5","layer":"power","name":"Sierra Pacific Chinese Camp","state":"CA","detail_file":"data/details/power-plants-30.json","plant_id":"65510","capacity_mw":3.6,"status_group":"Operating","energy_sources":"SUN","type":"Power plant","is_nuclear":false}},{"type":"Feature","geometry":{"type":"Point","coordinates":[-121.31,38.903]},"properties":{"key":"10144-b0f19b02","layer":"power","name":"Sierra Pacific Lincoln Facility","state":"CA","detail_file":"data/details/power-plants-13.json","plant_id":"10144","capacity_mw":19.2,"status_group":"Operating","energy_sources":"WDS","type":"Power plant","is_nuclear":false}},{"type":"Feature","geometry":{"type":"Point","coordinates":[-120.909,39.941]},"properties":{"key":"50112-1ac7f83b","layer":"power","name":"Sierra Pacific Quincy Facility","state":"CA","detail_file":"data/details/power-plants-45.json","plant_id":"50112","capacity_mw":35.2,"status_group":"Operating","energy_sources":"WDS","type":"Power plant","is_nuclear":false}},{"type":"Feature","geometry":{"type":"Point","coordinates":[-120.318,37.966]},"properties":{"key":"54517-47063871","layer":"power","name":"Sierra Pacific Sonora","state":"CA","detail_file":"data/details/power-plants-32.json","plant_id":"54517","capacity_mw":7.5,"status_group":"Operating","energy_sources":"WDS","type":"Power plant","is_nuclear":false}},{"type":"Feature","geometry":{"type":"Point","coordinates":[-122.231,37.543]},"properties":{"key":"60249-963c7754","layer":"power","name":"Silicon Valley Clean Water","state":"CA","detail_file":"data/details/power-plants-38.json","plant_id":"60249","capacity_mw":2.2,"status_group":"Operating","energy_sources":"MWH; OBG","type":"Power plant","is_nuclear":false}},{"type":"Feature","geometry":{"type":"Point","coordinates":[-122.566,38.153]},"properties":{"key":"63762-30d0c023","layer":"power","name":"Silveira Ranch Road Solar","state":"CA","detail_file":"data/details/power-plants-07.json","plant_id":"63762","capacity_mw":3.0,"status_group":"Operating","energy_sources":"SUN","type":"Power plant","is_nuclear":false}},{"type":"Feature","geometry":{"type":"Point","coordinates":[-121.479,38.947]},"properties":{"key":"68032-c6be3e44","layer":"power","name":"Skylight Renewable Energy","state":"CA","detail_file":"data/details/power-plants-21.json","plant_id":"68032","capacity_mw":200.0,"status_group":"Planned","energy_sources":"MWH; SUN","type":"Power plant","is_nuclear":false}},{"type":"Feature","geometry":{"type":"Point","coordinates":[-121.184,38.468]},"properties":{"key":"65807-6999532d","layer":"power","name":"SloughHouse Solar, LLC","state":"CA","detail_file":"data/details/power-plants-30.json","plant_id":"65807","capacity_mw":50.0,"status_group":"Operating","energy_sources":"SUN","type":"Power plant","is_nuclear":false}},{"type":"Feature","geometry":{"type":"Point","coordinates":[-121.12,39.58]},"properties":{"key":"776-4ca9ee63","layer":"power","name":"Sly Creek","state":"CA","detail_file":"data/details/power-plants-08.json","plant_id":"776","capacity_mw":12.1,"status_group":"Operating","energy_sources":"WAT","type":"Power plant","is_nuclear":false}},{"type":"Feature","geometry":{"type":"Point","coordinates":[-122.039,38.249]},"properties":{"key":"50985-fbd62c1a","layer":"power","name":"Solano County Cogen Plant","state":"CA","detail_file":"data/details/power-plants-35.json","plant_id":"50985","capacity_mw":2.8,"status_group":"Operating","energy_sources":"NG","type":"Power plant","is_nuclear":false}},{"type":"Feature","geometry":{"type":"Point","coordinates":[-121.769,38.116]},"properties":{"key":"7526-6ec73ee7","layer":"power","name":"Solano Wind","state":"CA","detail_file":"data/details/power-plants-63.json","plant_id":"7526","capacity_mw":300.5,"status_group":"Operating","energy_sources":"WND","type":"Power plant","is_nuclear":false}},{"type":"Feature","geometry":{"type":"Point","coordinates":[-121.769,38.116]},"properties":{"key":"7526-aa2dc6da","layer":"power","name":"Solano Wind","state":"CA","detail_file":"data/details/power-plants-48.json","plant_id":"7526","capacity_mw":108.0,"status_group":"Planned","energy_sources":"WND","type":"Power plant","is_nuclear":false}},{"type":"Feature","geometry":{"type":"Point","coordinates":[-121.475,38.516]},"properties":{"key":"57933-007c99ac","layer":"power","name":"Solar Star California II LLC","state":"CA","detail_file":"data/details/power-plants-31.json","plant_id":"57933","capacity_mw":2.0,"status_group":"Operating","energy_sources":"SUN","type":"Power plant","is_nuclear":false}},{"type":"Feature","geometry":{"type":"Point","coordinates":[-122.149,37.411]},"properties":{"key":"62732-d046f4ae","layer":"power","name":"Solar Star Palo Alto I, LLC","state":"CA","detail_file":"data/details/power-plants-37.json","plant_id":"62732","capacity_mw":1.3,"status_group":"Operating","energy_sources":"SUN","type":"Power plant","is_nuclear":false}},{"type":"Feature","geometry":{"type":"Point","coordinates":[-122.756,38.79]},"properties":{"key":"510-8fef411f","layer":"power","name":"Sonoma California Geothermal","state":"CA","detail_file":"data/details/power-plants-12.json","plant_id":"510","capacity_mw":78.0,"status_group":"Operating","energy_sources":"GEO","type":"Power plant","is_nuclear":false}},{"type":"Feature","geometry":{"type":"Point","coordinates":[-122.749,38.302]},"properties":{"key":"55752-fc90cb5c","layer":"power","name":"Sonoma Central Landfill Phase I","state":"CA","detail_file":"data/details/power-plants-47.json","plant_id":"55752","capacity_mw":3.2,"status_group":"Operating","energy_sources":"LFG","type":"Power plant","is_nuclear":false}},{"type":"Feature","geometry":{"type":"Point","coordinates":[-122.749,38.302]},"properties":{"key":"55753-ea318d58","layer":"power","name":"Sonoma Central Landfill Phase II","state":"CA","detail_file":"data/details/power-plants-01.json","plant_id":"55753","capacity_mw":3.2,"status_group":"Operating","energy_sources":"LFG","type":"Power plant","is_nuclear":false}},{"type":"Feature","geometry":{"type":"Point","coordinates":[-122.749,38.302]},"properties":{"key":"55880-0bd0f2a9","layer":"power","name":"Sonoma Central Landfill Phase III","state":"CA","detail_file":"data/details/power-plants-12.json","plant_id":"55880","capacity_mw":1.6,"status_group":"Operating","energy_sources":"LFG","type":"Power plant","is_nuclear":false}},{"type":"Feature","geometry":{"type":"Point","coordinates":[-120.529,37.89]},"properties":{"key":"58578-b85481eb","layer":"power","name":"Sonora 1","state":"CA","detail_file":"data/details/power-plants-12.json","plant_id":"58578","capacity_mw":1.5,"status_group":"Operating","energy_sources":"SUN","type":"Power plant","is_nuclear":false}},{"type":"Feature","geometry":{"type":"Point","coordinates":[-122.275,38.237]},"properties":{"key":"63761-1d01f571","layer":"power","name":"Soscol Ferry Solar","state":"CA","detail_file":"data/details/power-plants-08.json","plant_id":"63761","capacity_mw":2.0,"status_group":"Operating","energy_sources":"SUN","type":"Power plant","is_nuclear":false}},{"type":"Feature","geometry":{"type":"Point","coordinates":[-120.645,39.325]},"properties":{"key":"281-dedba735","layer":"power","name":"Spaulding 1","state":"CA","detail_file":"data/details/power-plants-61.json","plant_id":"281","capacity_mw":7.0,"status_group":"Operating","energy_sources":"WAT","type":"Power plant","is_nuclear":false}},{"type":"Feature","geometry":{"type":"Point","coordinates":[-120.645,39.325]},"properties":{"key":"282-ea5b0ee4","layer":"power","name":"Spaulding 2","state":"CA","detail_file":"data/details/power-plants-21.json","plant_id":"282","capacity_mw":3.7,"status_group":"Operating","energy_sources":"WAT","type":"Power plant","is_nuclear":false}},{"type":"Feature","geometry":{"type":"Point","coordinates":[-120.635,39.338]},"properties":{"key":"283-85af887d","layer":"power","name":"Spaulding 3","state":"CA","detail_file":"data/details/power-plants-41.json","plant_id":"283","capacity_mw":6.6,"status_group":"Operating","energy_sources":"WAT","type":"Power plant","is_nuclear":false}},{"type":"Feature","geometry":{"type":"Point","coordinates":[-120.001,38.391]},"properties":{"key":"54554-43f206a1","layer":"power","name":"Spicer Meadow Project","state":"CA","detail_file":"data/details/power-plants-54.json","plant_id":"54554","capacity_mw":5.9,"status_group":"Operating","energy_sources":"WAT","type":"Power plant","is_nuclear":false}},{"type":"Feature","geometry":{"type":"Point","coordinates":[-120.112,38.187]},"properties":{"key":"284-825adf77","layer":"power","name":"Spring Gap","state":"CA","detail_file":"data/details/power-plants-61.json","plant_id":"284","capacity_mw":6.0,"status_group":"Operating","energy_sources":"WAT","type":"Power plant","is_nuclear":false}},{"type":"Feature","geometry":{"type":"Point","coordinates":[-122.543,38.217]},"properties":{"key":"61791-10fee34c","layer":"power","name":"Stage Gulch Solar","state":"CA","detail_file":"data/details/power-plants-30.json","plant_id":"61791","capacity_mw":1.0,"status_group":"Operating","energy_sources":"SUN","type":"Power plant","is_nuclear":false}},{"type":"Feature","geometry":{"type":"Point","coordinates":[-120.105,39.47]},"properties":{"key":"7066-26b75e5e","layer":"power","name":"Stampede","state":"CA","detail_file":"data/details/power-plants-21.json","plant_id":"7066","capacity_mw":3.6,"status_group":"Operating","energy_sources":"WAT","type":"Power plant","is_nuclear":false}},{"type":"Feature","geometry":{"type":"Point","coordinates":[-122.161,37.434]},"properties":{"key":"62020-1d120389","layer":"power","name":"Stanford Campus Solar","state":"CA","detail_file":"data/details/power-plants-33.json","plant_id":"62020","capacity_mw":3.7,"status_group":"Operating","energy_sources":"SUN","type":"Power plant","is_nuclear":false}},{"type":"Feature","geometry":{"type":"Point","coordinates":[-120.37,38.139]},"properties":{"key":"285-739f8c52","layer":"power","name":"Stanislaus","state":"CA","detail_file":"data/details/power-plants-25.json","plant_id":"285","capacity_mw":81.9,"status_group":"Operating","energy_sources":"WAT","type":"Power plant","is_nuclear":false}},{"type":"Feature","geometry":{"type":"Point","coordinates":[-120.964,37.008]},"properties":{"key":"69925-482807f2","layer":"power","name":"Stellar Wright BESS","state":"CA","detail_file":"data/details/power-plants-34.json","plant_id":"69925","capacity_mw":84.8,"status_group":"Under construction","energy_sources":"MWH","type":"Power plant","is_nuclear":false}},{"type":"Feature","geometry":{"type":"Point","coordinates":[-121.227,37.94]},"properties":{"key":"69785-2d26d648","layer":"power","name":"Stockton 1 - slcva801","state":"CA","detail_file":"data/details/power-plants-34.json","plant_id":"69785","capacity_mw":1.0,"status_group":"Under construction","energy_sources":"SUN","type":"Power plant","is_nuclear":false}},{"type":"Feature","geometry":{"type":"Point","coordinates":[-121.26,37.897]},"properties":{"key":"68796-1b6c96e0","layer":"power","name":"Stockton 6 - SLEBA202","state":"CA","detail_file":"data/details/power-plants-37.json","plant_id":"68796","capacity_mw":1.1,"status_group":"Operating","energy_sources":"SUN","type":"Power plant","is_nuclear":false}},{"type":"Feature","geometry":{"type":"Point","coordinates":[-121.267,37.892]},"properties":{"key":"69786-08634950","layer":"power","name":"Stockton 9 - slcva209","state":"CA","detail_file":"data/details/power-plants-03.json","plant_id":"69786","capacity_mw":1.0,"status_group":"Under construction","energy_sources":"SUN","type":"Power plant","is_nuclear":false}},{"type":"Feature","geometry":{"type":"Point","coordinates":[-121.33,37.944]},"properties":{"key":"54238-22382ada","layer":"power","name":"Stockton Biomass","state":"CA","detail_file":"data/details/power-plants-49.json","plant_id":"54238","capacity_mw":54.0,"status_group":"Operating","energy_sources":"WDS","type":"Power plant","is_nuclear":false}},{"type":"Feature","geometry":{"type":"Point","coordinates":[-122.533,39.587]},"properties":{"key":"7151-34692eca","layer":"power","name":"Stony Gorge","state":"CA","detail_file":"data/details/power-plants-34.json","plant_id":"7151","capacity_mw":5.0,"status_group":"Operating","energy_sources":"WAT","type":"Power plant","is_nuclear":false}},{"type":"Feature","geometry":{"type":"Point","coordinates":[-121.505,38.644]},"properties":{"key":"60219-d074fb90","layer":"power","name":"Strata Roof 1","state":"CA","detail_file":"data/details/power-plants-59.json","plant_id":"60219","capacity_mw":1.0,"status_group":"Operating","energy_sources":"SUN","type":"Power plant","is_nuclear":false}},{"type":"Feature","geometry":{"type":"Point","coordinates":[-120.107,36.531]},"properties":{"key":"57497-51b3f921","layer":"power","name":"Stroud Solar Station","state":"CA","detail_file":"data/details/power-plants-49.json","plant_id":"57497","capacity_mw":20.0,"status_group":"Operating","energy_sources":"SUN","type":"Power plant","is_nuclear":false}},{"type":"Feature","geometry":{"type":"Point","coordinates":[-121.691,37.761]},"properties":{"key":"64326-fcababe9","layer":"power","name":"Summit Winds","state":"CA","detail_file":"data/details/power-plants-18.json","plant_id":"64326","capacity_mw":57.5,"status_group":"Operating","energy_sources":"WND","type":"Power plant","is_nuclear":false}},{"type":"Feature","geometry":{"type":"Point","coordinates":[-120.654,37.058]},"properties":{"key":"59687-16944d7f","layer":"power","name":"Sun Harvest Solar NDP1","state":"CA","detail_file":"data/details/power-plants-32.json","plant_id":"59687","capacity_mw":1.5,"status_group":"Operating","energy_sources":"SUN","type":"Power plant","is_nuclear":false}},{"type":"Feature","geometry":{"type":"Point","coordinates":[-122.093,38.232]},"properties":{"key":"57010-403da6b8","layer":"power","name":"SunEdison Anheuser Busch Fairfield","state":"CA","detail_file":"data/details/power-plants-08.json","plant_id":"57010","capacity_mw":1.0,"status_group":"Operating","energy_sources":"SUN","type":"Power plant","is_nuclear":false}},{"type":"Feature","geometry":{"type":"Point","coordinates":[-122.015,37.419]},"properties":{"key":"57557-7db5e477","layer":"power","name":"Sunnyvale City of WPCP","state":"CA","detail_file":"data/details/power-plants-49.json","plant_id":"57557","capacity_mw":1.6,"status_group":"Operating","energy_sources":"OBG","type":"Power plant","is_nuclear":false}},{"type":"Feature","geometry":{"type":"Point","coordinates":[-122.482,37.751]},"properties":{"key":"57559-35b16852","layer":"power","name":"Sunset Reservoir North Basin","state":"CA","detail_file":"data/details/power-plants-30.json","plant_id":"57559","capacity_mw":4.5,"status_group":"Operating","energy_sources":"SUN","type":"Power plant","is_nuclear":false}},{"type":"Feature","geometry":{"type":"Point","coordinates":[-120.387,36.442]},"properties":{"key":"68749-70468352","layer":"power","name":"Superior Almond Hulling","state":"CA","detail_file":"data/details/power-plants-02.json","plant_id":"68749","capacity_mw":2.1,"status_group":"Operating","energy_sources":"SUN","type":"Power plant","is_nuclear":false}},{"type":"Feature","geometry":{"type":"Point","coordinates":[-121.696,39.053]},"properties":{"key":"55112-766dc14f","layer":"power","name":"Sutter Energy Center","state":"CA","detail_file":"data/details/power-plants-28.json","plant_id":"55112","capacity_mw":636.0,"status_group":"Operating","energy_sources":"NG","type":"Power plant","is_nuclear":false}},{"type":"Feature","geometry":{"type":"Point","coordinates":[-122.26,38.193]},"properties":{"key":"68624-43c575f5","layer":"power","name":"Sutter Home Winery GIR","state":"CA","detail_file":"data/details/power-plants-47.json","plant_id":"68624","capacity_mw":1.1,"status_group":"Operating","energy_sources":"SUN","type":"Power plant","is_nuclear":false}},{"type":"Feature","geometry":{"type":"Point","coordinates":[-121.402,38.152]},"properties":{"key":"69039-0e841f0e","layer":"power","name":"Sutter Home Winery Westside","state":"CA","detail_file":"data/details/power-plants-13.json","plant_id":"69039","capacity_mw":2.3,"status_group":"Operating","energy_sources":"SUN","type":"Power plant","is_nuclear":false}},{"type":"Feature","geometry":{"type":"Point","coordinates":[-122.752,38.495]},"properties":{"key":"68440-920d5032","layer":"power","name":"Sutter Santa Rosa Solar","state":"CA","detail_file":"data/details/power-plants-24.json","plant_id":"68440","capacity_mw":1.3,"status_group":"Operating","energy_sources":"SUN","type":"Power plant","is_nuclear":false}},{"type":"Feature","geometry":{"type":"Point","coordinates":[-121.624,36.657]},"properties":{"key":"63717-666a4326","layer":"power","name":"TLR000 Hansen Fuel Cell","state":"CA","detail_file":"data/details/power-plants-37.json","plant_id":"63717","capacity_mw":3.0,"status_group":"Operating","energy_sources":"NG","type":"Power plant","is_nuclear":false}},{"type":"Feature","geometry":{"type":"Point","coordinates":[-121.724,38.683]},"properties":{"key":"62246-97c405c2","layer":"power","name":"Target Woodland Solar Project","state":"CA","detail_file":"data/details/power-plants-39.json","plant_id":"62246","capacity_mw":2.3,"status_group":"Operating","energy_sources":"SUN","type":"Power plant","is_nuclear":false}},{"type":"Feature","geometry":{"type":"Point","coordinates":[-121.452,36.505]},"properties":{"key":"59330-c3ffafeb","layer":"power","name":"Taylor Farms","state":"CA","detail_file":"data/details/power-plants-23.json","plant_id":"59330","capacity_mw":1.0,"status_group":"Operating","energy_sources":"WND","type":"Power plant","is_nuclear":false}},{"type":"Feature","geometry":{"type":"Point","coordinates":[-121.624,36.654]},"properties":{"key":"66459-46955559","layer":"power","name":"Taylor Farms - Schilling Place","state":"CA","detail_file":"data/details/power-plants-62.json","plant_id":"66459","capacity_mw":1.0,"status_group":"Operating","energy_sources":"NG","type":"Power plant","is_nuclear":false}},{"type":"Feature","geometry":{"type":"Point","coordinates":[-121.356,37.617]},"properties":{"key":"57594-8c4e343c","layer":"power","name":"Teichert Materials-Teichert Vernalis","state":"CA","detail_file":"data/details/power-plants-01.json","plant_id":"57594","capacity_mw":1.0,"status_group":"Operating","energy_sources":"WND","type":"Power plant","is_nuclear":false}},{"type":"Feature","geometry":{"type":"Point","coordinates":[-121.187,37.777]},"properties":{"key":"68908-b1665c1c","layer":"power","name":"Tesoro RV & Boat Storage","state":"CA","detail_file":"data/details/power-plants-16.json","plant_id":"68908","capacity_mw":2.5,"status_group":"Operating","energy_sources":"SUN","type":"Power plant","is_nuclear":false}},{"type":"Feature","geometry":{"type":"Point","coordinates":[-121.63,39.515]},"properties":{"key":"438-9ea76194","layer":"power","name":"Thermalito","state":"CA","detail_file":"data/details/power-plants-29.json","plant_id":"438","capacity_mw":115.1,"status_group":"Operating","energy_sources":"WAT","type":"Power plant","is_nuclear":false}},{"type":"Feature","geometry":{"type":"Point","coordinates":[-121.546,39.529]},"properties":{"key":"7129-bd034a62","layer":"power","name":"Thermalito Diverson Dam","state":"CA","detail_file":"data/details/power-plants-44.json","plant_id":"7129","capacity_mw":3.4,"status_group":"Operating","energy_sources":"WAT","type":"Power plant","is_nuclear":false}},{"type":"Feature","geometry":{"type":"Point","coordinates":[-121.884,37.645]},"properties":{"key":"68997-cb8a7e8d","layer":"power","name":"Thermo Fisher Pleasanton","state":"CA","detail_file":"data/details/power-plants-48.json","plant_id":"68997","capacity_mw":2.6,"status_group":"Operating","energy_sources":"MWH; SUN","type":"Power plant","is_nuclear":false}},{"type":"Feature","geometry":{"type":"Point","coordinates":[-121.662,39.171]},"properties":{"key":"64743-673e16fd","layer":"power","name":"Tierra Buena Energy Storage","state":"CA","detail_file":"data/details/power-plants-04.json","plant_id":"64743","capacity_mw":5.0,"status_group":"Operating","energy_sources":"MWH","type":"Power plant","is_nuclear":false}},{"type":"Feature","geometry":{"type":"Point","coordinates":[-120.493,38.449]},"properties":{"key":"287-72cb1ba0","layer":"power","name":"Tiger Creek","state":"CA","detail_file":"data/details/power-plants-45.json","plant_id":"287","capacity_mw":52.2,"status_group":"Operating","energy_sources":"WAT","type":"Power plant","is_nuclear":false}},{"type":"Feature","geometry":{"type":"Point","coordinates":[-121.593,39.893]},"properties":{"key":"714-31cb1404","layer":"power","name":"Toadtown","state":"CA","detail_file":"data/details/power-plants-04.json","plant_id":"714","capacity_mw":1.8,"status_group":"Operating","energy_sources":"WAT","type":"Power plant","is_nuclear":false}},{"type":"Feature","geometry":{"type":"Point","coordinates":[-121.388,37.753]},"properties":{"key":"68794-770a29d7","layer":"power","name":"Tracy 18 - SLCVA418","state":"CA","detail_file":"data/details/power-plants-46.json","plant_id":"68794","capacity_mw":3.0,"status_group":"Operating","energy_sources":"MWH; SUN","type":"Power plant","is_nuclear":false}},{"type":"Feature","geometry":{"type":"Point","coordinates":[-121.531,37.722]},"properties":{"key":"63638-61e17a98","layer":"power","name":"Tracy 210","state":"CA","detail_file":"data/details/power-plants-58.json","plant_id":"63638","capacity_mw":2.6,"status_group":"Operating","energy_sources":"NG","type":"Power plant","is_nuclear":false}},{"type":"Feature","geometry":{"type":"Point","coordinates":[-121.49,37.711]},"properties":{"key":"69539-1c428623","layer":"power","name":"Tracy BESS","state":"CA","detail_file":"data/details/power-plants-25.json","plant_id":"69539","capacity_mw":40.0,"status_group":"Under construction","energy_sources":"MWH","type":"Power plant","is_nuclear":false}},{"type":"Feature","geometry":{"type":"Point","coordinates":[-121.491,37.711]},"properties":{"key":"55933-3cd54778","layer":"power","name":"Tracy Combined Cycle Power Plant","state":"CA","detail_file":"data/details/power-plants-24.json","plant_id":"55933","capacity_mw":336.1,"status_group":"Operating","energy_sources":"NG","type":"Power plant","is_nuclear":false}},{"type":"Feature","geometry":{"type":"Point","coordinates":[-121.41,37.693]},"properties":{"key":"69759-34707eb5","layer":"power","name":"Tracy Linne","state":"CA","detail_file":"data/details/power-plants-24.json","plant_id":"69759","capacity_mw":2.7,"status_group":"Operating","energy_sources":"MWH; SUN","type":"Power plant","is_nuclear":false}},{"type":"Feature","geometry":{"type":"Point","coordinates":[-121.425,37.772]},"properties":{"key":"68855-87029472","layer":"power","name":"Tracy Renewable Power Plant","state":"CA","detail_file":"data/details/power-plants-33.json","plant_id":"68855","capacity_mw":5.0,"status_group":"Under construction","energy_sources":"AB","type":"Power plant","is_nuclear":false}},{"type":"Feature","geometry":{"type":"Point","coordinates":[-120.246,36.648]},"properties":{"key":"64376-ac32e288","layer":"power","name":"Tranquillity ID","state":"CA","detail_file":"data/details/power-plants-53.json","plant_id":"64376","capacity_mw":1.3,"status_group":"Operating","energy_sources":"SUN","type":"Power plant","is_nuclear":false}},{"type":"Feature","geometry":{"type":"Point","coordinates":[-122.403,37.796]},"properties":{"key":"58619-5e4c95b6","layer":"power","name":"Transamerica Pyramid","state":"CA","detail_file":"data/details/power-plants-50.json","plant_id":"58619","capacity_mw":1.0,"status_group":"Operating","energy_sources":"NG","type":"Power plant","is_nuclear":false}},{"type":"Feature","geometry":{"type":"Point","coordinates":[-120.605,37.876]},"properties":{"key":"416-95892a61","layer":"power","name":"Tulloch","state":"CA","detail_file":"data/details/power-plants-12.json","plant_id":"416","capacity_mw":29.9,"status_group":"Operating","energy_sources":"WAT","type":"Power plant","is_nuclear":false}},{"type":"Feature","geometry":{"type":"Point","coordinates":[-120.595,37.611]},"properties":{"key":"161-968d22ba","layer":"power","name":"Turlock Lake","state":"CA","detail_file":"data/details/power-plants-32.json","plant_id":"161","capacity_mw":3.3,"status_group":"Operating","energy_sources":"WAT","type":"Power plant","is_nuclear":false}},{"type":"Feature","geometry":{"type":"Point","coordinates":[-121.75,38.55]},"properties":{"key":"59872-ae9cf02a","layer":"power","name":"UC Davis South Campus","state":"CA","detail_file":"data/details/power-plants-05.json","plant_id":"59872","capacity_mw":13.0,"status_group":"Operating","energy_sources":"SUN","type":"Power plant","is_nuclear":false}},{"type":"Feature","geometry":{"type":"Point","coordinates":[-120.432,37.366]},"properties":{"key":"61995-429d2e18","layer":"power","name":"UC Merced Solar Hybrid","state":"CA","detail_file":"data/details/power-plants-54.json","plant_id":"61995","capacity_mw":5.0,"status_group":"Operating","energy_sources":"MWH; SUN","type":"Power plant","is_nuclear":false}},{"type":"Feature","geometry":{"type":"Point","coordinates":[-121.398,38.601]},"properties":{"key":"60846-9eaa1cd3","layer":"power","name":"US GSA - Sacramento","state":"CA","detail_file":"data/details/power-plants-15.json","plant_id":"60846","capacity_mw":1.1,"status_group":"Operating","energy_sources":"SUN","type":"Power plant","is_nuclear":false}},{"type":"Feature","geometry":{"type":"Point","coordinates":[-122.091,37.59]},"properties":{"key":"67485-14c0d015","layer":"power","name":"Union Sanitary District Cogen","state":"CA","detail_file":"data/details/power-plants-15.json","plant_id":"67485","capacity_mw":1.8,"status_group":"Operating","energy_sources":"OBG","type":"Power plant","is_nuclear":false}},{"type":"Feature","geometry":{"type":"Point","coordinates":[-120.444,38.864]},"properties":{"key":"6612-641869e4","layer":"power","name":"Union Valley","state":"CA","detail_file":"data/details/power-plants-12.json","plant_id":"6612","capacity_mw":38.6,"status_group":"Operating","energy_sources":"WAT","type":"Power plant","is_nuclear":false}},{"type":"Feature","geometry":{"type":"Point","coordinates":[-122.452,37.777]},"properties":{"key":"50089-42b2db80","layer":"power","name":"Univ of San Francisco Cogen","state":"CA","detail_file":"data/details/power-plants-05.json","plant_id":"50089","capacity_mw":1.5,"status_group":"Operating","energy_sources":"NG","type":"Power plant","is_nuclear":false}},{"type":"Feature","geometry":{"type":"Point","coordinates":[-122.062,37.0]},"properties":{"key":"50064-766b4faa","layer":"power","name":"University of California Santa Cruz","state":"CA","detail_file":"data/details/power-plants-24.json","plant_id":"50064","capacity_mw":7.4,"status_group":"Operating","energy_sources":"MWH; NG; SUN","type":"Power plant","is_nuclear":false}},{"type":"Feature","geometry":{"type":"Point","coordinates":[-121.312,37.98]},"properties":{"key":"65132-c005a817","layer":"power","name":"University of the Pacific","state":"CA","detail_file":"data/details/power-plants-13.json","plant_id":"65132","capacity_mw":5.5,"status_group":"Operating","energy_sources":"MWH; SUN","type":"Power plant","is_nuclear":false}},{"type":"Feature","geometry":{"type":"Point","coordinates":[-120.471,37.651]},"properties":{"key":"489-b8705efb","layer":"power","name":"Upper Dawson","state":"CA","detail_file":"data/details/power-plants-13.json","plant_id":"489","capacity_mw":4.4,"status_group":"Operating","energy_sources":"WAT","type":"Power plant","is_nuclear":false}},{"type":"Feature","geometry":{"type":"Point","coordinates":[-121.924,38.398]},"properties":{"key":"69541-51e67e54","layer":"power","name":"Vaca BESS","state":"CA","detail_file":"data/details/power-plants-00.json","plant_id":"69541","capacity_mw":59.5,"status_group":"Under construction","energy_sources":"MWH","type":"Power plant","is_nuclear":false}},{"type":"Feature","geometry":{"type":"Point","coordinates":[-121.926,38.411]},"properties":{"key":"57041-0bf8a459","layer":"power","name":"Vaca Dixon Solar Station","state":"CA","detail_file":"data/details/power-plants-17.json","plant_id":"57041","capacity_mw":2.0,"status_group":"Operating","energy_sources":"SUN","type":"Power plant","is_nuclear":false}},{"type":"Feature","geometry":{"type":"Point","coordinates":[-121.96,38.399]},"properties":{"key":"59058-5b78e427","layer":"power","name":"Vacaville","state":"CA","detail_file":"data/details/power-plants-01.json","plant_id":"59058","capacity_mw":1.0,"status_group":"Operating","energy_sources":"SUN","type":"Power plant","is_nuclear":false}},{"type":"Feature","geometry":{"type":"Point","coordinates":[-121.939,38.389]},"properties":{"key":"63928-1b64e95e","layer":"power","name":"Vacaville Hospital","state":"CA","detail_file":"data/details/power-plants-37.json","plant_id":"63928","capacity_mw":1.5,"status_group":"Operating","energy_sources":"SUN","type":"Power plant","is_nuclear":false}},{"type":"Feature","geometry":{"type":"Point","coordinates":[-122.141,38.074]},"properties":{"key":"55851-247e403d","layer":"power","name":"Valero Refinery Cogeneration Unit 1","state":"CA","detail_file":"data/details/power-plants-47.json","plant_id":"55851","capacity_mw":49.9,"status_group":"Operating","energy_sources":"NG","type":"Power plant","is_nuclear":false}},{"type":"Feature","geometry":{"type":"Point","coordinates":[-120.098,36.504]},"properties":{"key":"64687-94c81aed","layer":"power","name":"Van der Hoek Solar Array/ Dairy","state":"CA","detail_file":"data/details/power-plants-30.json","plant_id":"64687","capacity_mw":2.4,"status_group":"Operating","energy_sources":"SUN","type":"Power plant","is_nuclear":false}},{"type":"Feature","geometry":{"type":"Point","coordinates":[-120.022,36.292]},"properties":{"key":"65169-12ee2024","layer":"power","name":"Van der Kooi Dairy Solar Array","state":"CA","detail_file":"data/details/power-plants-55.json","plant_id":"65169","capacity_mw":1.0,"status_group":"Operating","energy_sources":"SUN","type":"Power plant","is_nuclear":false}},{"type":"Feature","geometry":{"type":"Point","coordinates":[-121.718,37.791]},"properties":{"key":"57700-81c18a29","layer":"power","name":"Vasco Winds","state":"CA","detail_file":"data/details/power-plants-30.json","plant_id":"57700","capacity_mw":78.2,"status_group":"Operating","energy_sources":"WND","type":"Power plant","is_nuclear":false}},{"type":"Feature","geometry":{"type":"Point","coordinates":[-120.82,36.926]},"properties":{"key":"59555-c2809481","layer":"power","name":"Vega Solar","state":"CA","detail_file":"data/details/power-plants-19.json","plant_id":"59555","capacity_mw":20.0,"status_group":"Operating","energy_sources":"SUN","type":"Power plant","is_nuclear":false}},{"type":"Feature","geometry":{"type":"Point","coordinates":[-121.931,37.354]},"properties":{"key":"65507-0c4f0d5c","layer":"power","name":"Verizon Comms Garage Top Solar Project","state":"CA","detail_file":"data/details/power-plants-17.json","plant_id":"65507","capacity_mw":2.3,"status_group":"Operating","energy_sources":"SUN","type":"Power plant","is_nuclear":false}},{"type":"Feature","geometry":{"type":"Point","coordinates":[-121.077,37.069]},"properties":{"key":"448-16cf5768","layer":"power","name":"W R Gianelli","state":"CA","detail_file":"data/details/power-plants-05.json","plant_id":"448","capacity_mw":424.0,"status_group":"Operating","energy_sources":"WAT","type":"Power plant","is_nuclear":false}},{"type":"Feature","geometry":{"type":"Point","coordinates":[-122.296,37.826]},"properties":{"key":"56036-d9928ad8","layer":"power","name":"WWTP Power Generation Station","state":"CA","detail_file":"data/details/power-plants-10.json","plant_id":"56036","capacity_mw":6.6,"status_group":"Operating","energy_sources":"OBG","type":"Power plant","is_nuclear":false}},{"type":"Feature","geometry":{"type":"Point","coordinates":[-122.11,39.106]},"properties":{"key":"50293-6b2d3948","layer":"power","name":"Wadham Energy","state":"CA","detail_file":"data/details/power-plants-07.json","plant_id":"50293","capacity_mw":29.1,"status_group":"Operating","energy_sources":"AB","type":"Power plant","is_nuclear":false}},{"type":"Feature","geometry":{"type":"Point","coordinates":[-121.713,38.675]},"properties":{"key":"57006-7981240e","layer":"power","name":"Walgreens Woodland Distribution Center","state":"CA","detail_file":"data/details/power-plants-46.json","plant_id":"57006","capacity_mw":1.0,"status_group":"Operating","energy_sources":"SUN","type":"Power plant","is_nuclear":false}},{"type":"Feature","geometry":{"type":"Point","coordinates":[-120.904,37.49]},"properties":{"key":"4256-ee99520b","layer":"power","name":"Walnut","state":"CA","detail_file":"data/details/power-plants-24.json","plant_id":"4256","capacity_mw":49.8,"status_group":"Operating","energy_sources":"NG","type":"Power plant","is_nuclear":false}},{"type":"Feature","geometry":{"type":"Point","coordinates":[-120.896,37.488]},"properties":{"key":"56078-c2b756ce","layer":"power","name":"Walnut Energy Center","state":"CA","detail_file":"data/details/power-plants-10.json","plant_id":"56078","capacity_mw":300.6,"status_group":"Operating","energy_sources":"NG","type":"Power plant","is_nuclear":false}},{"type":"Feature","geometry":{"type":"Point","coordinates":[-123.011,38.722]},"properties":{"key":"54261-531646e1","layer":"power","name":"Warm Springs Hydro Project","state":"CA","detail_file":"data/details/power-plants-28.json","plant_id":"54261","capacity_mw":2.7,"status_group":"Operating","energy_sources":"WAT","type":"Power plant","is_nuclear":false}},{"type":"Feature","geometry":{"type":"Point","coordinates":[-122.565,38.161]},"properties":{"key":"59299-44769bf6","layer":"power","name":"Waste Mangement Redwood LFGTE","state":"CA","detail_file":"data/details/power-plants-23.json","plant_id":"59299","capacity_mw":4.0,"status_group":"Operating","energy_sources":"LFG","type":"Power plant","is_nuclear":false}},{"type":"Feature","geometry":{"type":"Point","coordinates":[-120.578,36.654]},"properties":{"key":"55874-5822a5d4","layer":"power","name":"Wellhead Power Panoche","state":"CA","detail_file":"data/details/power-plants-20.json","plant_id":"55874","capacity_mw":56.7,"status_group":"Operating","energy_sources":"NG","type":"Power plant","is_nuclear":false}},{"type":"Feature","geometry":{"type":"Point","coordinates":[-122.722,38.788]},"properties":{"key":"66669-f1f6f7c0","layer":"power","name":"West Ford Flat","state":"CA","detail_file":"data/details/power-plants-23.json","plant_id":"66669","capacity_mw":25.0,"status_group":"Operating","energy_sources":"MWH","type":"Power plant","is_nuclear":false}},{"type":"Feature","geometry":{"type":"Point","coordinates":[-120.132,36.142]},"properties":{"key":"58206-080b51fd","layer":"power","name":"West Gates Solar Station","state":"CA","detail_file":"data/details/power-plants-50.json","plant_id":"58206","capacity_mw":10.0,"status_group":"Operating","energy_sources":"SUN","type":"Power plant","is_nuclear":false}},{"type":"Feature","geometry":{"type":"Point","coordinates":[-120.55,38.421]},"properties":{"key":"291-f40281c5","layer":"power","name":"West Point PH","state":"CA","detail_file":"data/details/power-plants-57.json","plant_id":"291","capacity_mw":13.6,"status_group":"Operating","energy_sources":"WAT","type":"Power plant","is_nuclear":false}},{"type":"Feature","geometry":{"type":"Point","coordinates":[-120.719,37.361]},"properties":{"key":"66506-792e298f","layer":"power","name":"West Tambo Clean Power II","state":"CA","detail_file":"data/details/power-plants-39.json","plant_id":"66506","capacity_mw":2.0,"status_group":"Operating","energy_sources":"SUN","type":"Power plant","is_nuclear":false}},{"type":"Feature","geometry":{"type":"Point","coordinates":[-122.006,37.264]},"properties":{"key":"65570-0bf8f86e","layer":"power","name":"West Valley Mission CCD Solar Project","state":"CA","detail_file":"data/details/power-plants-55.json","plant_id":"65570","capacity_mw":3.6,"status_group":"Operating","energy_sources":"MWH; SUN","type":"Power plant","is_nuclear":false}},{"type":"Feature","geometry":{"type":"Point","coordinates":[-121.778,38.543]},"properties":{"key":"65189-c6058b13","layer":"power","name":"West Village Solar - Array 1Community So","state":"CA","detail_file":"data/details/power-plants-59.json","plant_id":"65189","capacity_mw":1.2,"status_group":"Operating","energy_sources":"SUN","type":"Power plant","is_nuclear":false}},{"type":"Feature","geometry":{"type":"Point","coordinates":[-121.777,38.543]},"properties":{"key":"65190-b14d4fd4","layer":"power","name":"West Village Solar - Array 2 Community S","state":"CA","detail_file":"data/details/power-plants-07.json","plant_id":"65190","capacity_mw":1.3,"status_group":"Operating","energy_sources":"SUN","type":"Power plant","is_nuclear":false}},{"type":"Feature","geometry":{"type":"Point","coordinates":[-120.076,36.138]},"properties":{"key":"58616-5280f964","layer":"power","name":"Westlands Solar PV Farm","state":"CA","detail_file":"data/details/power-plants-58.json","plant_id":"58616","capacity_mw":18.0,"status_group":"Operating","energy_sources":"SUN","type":"Power plant","is_nuclear":false}},{"type":"Feature","geometry":{"type":"Point","coordinates":[-120.125,36.379]},"properties":{"key":"57499-f367b562","layer":"power","name":"Westside Solar Station","state":"CA","detail_file":"data/details/power-plants-17.json","plant_id":"57499","capacity_mw":15.0,"status_group":"Operating","energy_sources":"SUN","type":"Power plant","is_nuclear":false}},{"type":"Feature","geometry":{"type":"Point","coordinates":[-120.787,38.765]},"properties":{"key":"435-3e466912","layer":"power","name":"White Rock/Slab Creek","state":"CA","detail_file":"data/details/power-plants-14.json","plant_id":"435","capacity_mw":268.7,"status_group":"Operating","energy_sources":"WAT","type":"Power plant","is_nuclear":false}},{"type":"Feature","geometry":{"type":"Point","coordinates":[-121.717,37.691]},"properties":{"key":"60193-7adb7296","layer":"power","name":"Whitethorn Solar LLC","state":"CA","detail_file":"data/details/power-plants-42.json","plant_id":"60193","capacity_mw":3.3,"status_group":"Operating","energy_sources":"SUN","type":"Power plant","is_nuclear":false}},{"type":"Feature","geometry":{"type":"Point","coordinates":[-120.138,36.377]},"properties":{"key":"60975-acdd467c","layer":"power","name":"Whitney Point Solar","state":"CA","detail_file":"data/details/power-plants-49.json","plant_id":"60975","capacity_mw":20.0,"status_group":"Operating","energy_sources":"SUN","type":"Power plant","is_nuclear":false}},{"type":"Feature","geometry":{"type":"Point","coordinates":[-121.477,38.705]},"properties":{"key":"62988-6a1202b0","layer":"power","name":"Wildflower Solar 1","state":"CA","detail_file":"data/details/power-plants-42.json","plant_id":"62988","capacity_mw":13.0,"status_group":"Operating","energy_sources":"SUN","type":"Power plant","is_nuclear":false}},{"type":"Feature","geometry":{"type":"Point","coordinates":[-122.815,38.539]},"properties":{"key":"62902-4493591f","layer":"power","name":"Windsor Floating Solar","state":"CA","detail_file":"data/details/power-plants-35.json","plant_id":"62902","capacity_mw":1.5,"status_group":"Operating","energy_sources":"SUN","type":"Power plant","is_nuclear":false}},{"type":"Feature","geometry":{"type":"Point","coordinates":[-121.099,38.89]},"properties":{"key":"292-7edfee28","layer":"power","name":"Wise","state":"CA","detail_file":"data/details/power-plants-54.json","plant_id":"292","capacity_mw":16.4,"status_group":"Operating","energy_sources":"WAT","type":"Power plant","is_nuclear":false}},{"type":"Feature","geometry":{"type":"Point","coordinates":[-122.075,38.229]},"properties":{"key":"55855-ceced328","layer":"power","name":"Wolfskill Energy Center","state":"CA","detail_file":"data/details/power-plants-10.json","plant_id":"55855","capacity_mw":48.0,"status_group":"Operating","energy_sources":"NG","type":"Power plant","is_nuclear":false}},{"type":"Feature","geometry":{"type":"Point","coordinates":[-120.32,36.836]},"properties":{"key":"66331-17735c62","layer":"power","name":"Wonderful Firebaugh","state":"CA","detail_file":"data/details/power-plants-32.json","plant_id":"66331","capacity_mw":5.4,"status_group":"Operating","energy_sources":"SUN","type":"Power plant","is_nuclear":false}},{"type":"Feature","geometry":{"type":"Point","coordinates":[-120.318,36.825]},"properties":{"key":"64055-fcf39200","layer":"power","name":"Wonderful Orchards - New Columbia","state":"CA","detail_file":"data/details/power-plants-18.json","plant_id":"64055","capacity_mw":5.0,"status_group":"Operating","energy_sources":"SUN","type":"Power plant","is_nuclear":false}},{"type":"Feature","geometry":{"type":"Point","coordinates":[-121.02,37.653]},"properties":{"key":"7266-27d884a4","layer":"power","name":"Woodland","state":"CA","detail_file":"data/details/power-plants-27.json","plant_id":"7266","capacity_mw":199.0,"status_group":"Operating","energy_sources":"NG","type":"Power plant","is_nuclear":false}},{"type":"Feature","geometry":{"type":"Point","coordinates":[-121.737,38.691]},"properties":{"key":"10836-2f1857f5","layer":"power","name":"Woodland Biomass Power Ltd","state":"CA","detail_file":"data/details/power-plants-06.json","plant_id":"10836","capacity_mw":28.0,"status_group":"Operating","energy_sources":"WDS","type":"Power plant","is_nuclear":false}},{"type":"Feature","geometry":{"type":"Point","coordinates":[-121.204,39.554]},"properties":{"key":"419-a8423f41","layer":"power","name":"Woodleaf","state":"CA","detail_file":"data/details/power-plants-46.json","plant_id":"419","capacity_mw":67.2,"status_group":"Operating","energy_sources":"WAT","type":"Power plant","is_nuclear":false}},{"type":"Feature","geometry":{"type":"Point","coordinates":[-120.879,37.861]},"properties":{"key":"50218-861b60c8","layer":"power","name":"Woodward Power Plant","state":"CA","detail_file":"data/details/power-plants-21.json","plant_id":"50218","capacity_mw":2.8,"status_group":"Operating","energy_sources":"WAT","type":"Power plant","is_nuclear":false}},{"type":"Feature","geometry":{"type":"Point","coordinates":[-120.957,37.009]},"properties":{"key":"59525-13fef781","layer":"power","name":"Wright Solar Park","state":"CA","detail_file":"data/details/power-plants-26.json","plant_id":"59525","capacity_mw":200.0,"status_group":"Operating","energy_sources":"SUN","type":"Power plant","is_nuclear":false}},{"type":"Feature","geometry":{"type":"Point","coordinates":[-121.934,37.253]},"properties":{"key":"58299-c7b69e0a","layer":"power","name":"Xilinx San Jose","state":"CA","detail_file":"data/details/power-plants-56.json","plant_id":"58299","capacity_mw":1.0,"status_group":"Operating","energy_sources":"NG","type":"Power plant","is_nuclear":false}},{"type":"Feature","geometry":{"type":"Point","coordinates":[-121.729,38.66]},"properties":{"key":"57422-3be93d39","layer":"power","name":"Yolo County Solar Project","state":"CA","detail_file":"data/details/power-plants-58.json","plant_id":"57422","capacity_mw":1.0,"status_group":"Operating","energy_sources":"SUN","type":"Power plant","is_nuclear":false}},{"type":"Feature","geometry":{"type":"Point","coordinates":[-121.64,39.137]},"properties":{"key":"52186-291e5556","layer":"power","name":"Yuba City Cogen Partners","state":"CA","detail_file":"data/details/power-plants-04.json","plant_id":"52186","capacity_mw":49.9,"status_group":"Operating","energy_sources":"NG","type":"Power plant","is_nuclear":false}},{"type":"Feature","geometry":{"type":"Point","coordinates":[-121.639,39.139]},"properties":{"key":"55813-d94087f1","layer":"power","name":"Yuba City Energy Center","state":"CA","detail_file":"data/details/power-plants-23.json","plant_id":"55813","capacity_mw":47.3,"status_group":"Operating","energy_sources":"NG","type":"Power plant","is_nuclear":false}},{"type":"Feature","geometry":{"type":"Point","coordinates":[-121.953,37.432]},"properties":{"key":"60220-4fe2c642","layer":"power","name":"Zero Waste Energy Development Co LLC","state":"CA","detail_file":"data/details/power-plants-33.json","plant_id":"60220","capacity_mw":1.6,"status_group":"Operating","energy_sources":"OBG","type":"Power plant","is_nuclear":false}},{"type":"Feature","geometry":{"type":"Point","coordinates":[-120.81,36.912]},"properties":{"key":"67676-4ade7d0f","layer":"power","name":"Zeta Solar & Storage","state":"CA","detail_file":"data/details/power-plants-22.json","plant_id":"67676","capacity_mw":150.0,"status_group":"Under construction","energy_sources":"MWH; SUN","type":"Power plant","is_nuclear":false}},{"type":"Feature","geometry":{"type":"Point","coordinates":[-121.488,37.712]},"properties":{"key":"69654-4ac33bde","layer":"power","name":"Zeus BESS","state":"CA","detail_file":"data/details/power-plants-29.json","plant_id":"69654","capacity_mw":213.6,"status_group":"Planned","energy_sources":"MWH","type":"Power plant","is_nuclear":false}}]}