{"type":"FeatureCollection","features":[{"type":"Feature","geometry":{"type":"Point","coordinates":[-78.275,42.999]},"properties":{"key":"66036-d59f4018","layer":"power","name":"3104 Batavia Solar","state":"NY","detail_file":"data/details/power-plants-60.json","plant_id":"66036","capacity_mw":3.0,"status_group":"Operating","energy_sources":"SUN","type":"Power plant","is_nuclear":false}},{"type":"Feature","geometry":{"type":"Point","coordinates":[-78.268,43.0]},"properties":{"key":"66037-4e82fcb6","layer":"power","name":"3232 Batavia Solar","state":"NY","detail_file":"data/details/power-plants-13.json","plant_id":"66037","capacity_mw":4.0,"status_group":"Operating","energy_sources":"SUN","type":"Power plant","is_nuclear":false}},{"type":"Feature","geometry":{"type":"Point","coordinates":[-78.195,43.201]},"properties":{"key":"67975-dcdca318","layer":"power","name":"AES Baird Solar CSG","state":"NY","detail_file":"data/details/power-plants-63.json","plant_id":"67975","capacity_mw":4.5,"status_group":"Operating","energy_sources":"SUN","type":"Power plant","is_nuclear":false}},{"type":"Feature","geometry":{"type":"Point","coordinates":[-78.229,43.227]},"properties":{"key":"67974-82a66689","layer":"power","name":"AES Laubacher Solar CSG","state":"NY","detail_file":"data/details/power-plants-34.json","plant_id":"67974","capacity_mw":2.5,"status_group":"Operating","energy_sources":"SUN","type":"Power plant","is_nuclear":false}},{"type":"Feature","geometry":{"type":"Point","coordinates":[-78.015,42.973]},"properties":{"key":"68388-48705cf4","layer":"power","name":"AES Rt 5 Solar CSG","state":"NY","detail_file":"data/details/power-plants-35.json","plant_id":"68388","capacity_mw":5.0,"status_group":"Under construction","energy_sources":"SUN","type":"Power plant","is_nuclear":false}},{"type":"Feature","geometry":{"type":"Point","coordinates":[-78.902,42.997]},"properties":{"key":"63161-82bbc68d","layer":"power","name":"AES Tonawanda Solar LLC","state":"NY","detail_file":"data/details/power-plants-21.json","plant_id":"63161","capacity_mw":2.0,"status_group":"Operating","energy_sources":"SUN","type":"Power plant","is_nuclear":false}},{"type":"Feature","geometry":{"type":"Point","coordinates":[-76.359,43.328]},"properties":{"key":"65159-082d9115","layer":"power","name":"ASA Volney NY Solar I LLC","state":"NY","detail_file":"data/details/power-plants-18.json","plant_id":"65159","capacity_mw":5.0,"status_group":"Operating","energy_sources":"SUN","type":"Power plant","is_nuclear":false}},{"type":"Feature","geometry":{"type":"Point","coordinates":[-76.832,42.33]},"properties":{"key":"68008-a315827e","layer":"power","name":"Above Grid Montour Solar LLC","state":"NY","detail_file":"data/details/power-plants-43.json","plant_id":"68008","capacity_mw":5.0,"status_group":"Operating","energy_sources":"SUN","type":"Power plant","is_nuclear":false}},{"type":"Feature","geometry":{"type":"Point","coordinates":[-77.344,42.765]},"properties":{"key":"63059-5b8e49ae","layer":"power","name":"Aegis CSG","state":"NY","detail_file":"data/details/power-plants-09.json","plant_id":"63059","capacity_mw":2.0,"status_group":"Operating","energy_sources":"SUN","type":"Power plant","is_nuclear":false}},{"type":"Feature","geometry":{"type":"Point","coordinates":[-76.539,42.755]},"properties":{"key":"68228-a8bfed2f","layer":"power","name":"Agricola Wind","state":"NY","detail_file":"data/details/power-plants-48.json","plant_id":"68228","capacity_mw":99.0,"status_group":"Planned","energy_sources":"WND","type":"Power plant","is_nuclear":false}},{"type":"Feature","geometry":{"type":"Point","coordinates":[-78.288,43.227]},"properties":{"key":"66386-7a477699","layer":"power","name":"Albion A","state":"NY","detail_file":"data/details/power-plants-19.json","plant_id":"66386","capacity_mw":5.0,"status_group":"Operating","energy_sources":"SUN","type":"Power plant","is_nuclear":false}},{"type":"Feature","geometry":{"type":"Point","coordinates":[-78.206,42.974]},"properties":{"key":"67409-39c1daa4","layer":"power","name":"Alexander Road Solar","state":"NY","detail_file":"data/details/power-plants-42.json","plant_id":"67409","capacity_mw":1.6,"status_group":"Operating","energy_sources":"SUN","type":"Power plant","is_nuclear":false}},{"type":"Feature","geometry":{"type":"Point","coordinates":[-77.82,42.21]},"properties":{"key":"66675-937dda70","layer":"power","name":"Alfred Oaks Solar, LLC","state":"NY","detail_file":"data/details/power-plants-58.json","plant_id":"66675","capacity_mw":115.2,"status_group":"Planned","energy_sources":"SUN","type":"Power plant","is_nuclear":false}},{"type":"Feature","geometry":{"type":"Point","coordinates":[-78.202,42.262]},"properties":{"key":"62954-ba5141fe","layer":"power","name":"Alle-Catt Wind Energy LLC","state":"NY","detail_file":"data/details/power-plants-06.json","plant_id":"62954","capacity_mw":340.0,"status_group":"Under construction","energy_sources":"WND","type":"Power plant","is_nuclear":false}},{"type":"Feature","geometry":{"type":"Point","coordinates":[-78.069,42.503]},"properties":{"key":"7784-58182a2b","layer":"power","name":"Allegany Cogen","state":"NY","detail_file":"data/details/power-plants-60.json","plant_id":"7784","capacity_mw":67.0,"status_group":"Operating","energy_sources":"NG","type":"Power plant","is_nuclear":false}},{"type":"Feature","geometry":{"type":"Point","coordinates":[-78.357,43.221]},"properties":{"key":"63129-7aab0927","layer":"power","name":"Allis Medina Solar LLC CSG","state":"NY","detail_file":"data/details/power-plants-63.json","plant_id":"63129","capacity_mw":5.0,"status_group":"Operating","energy_sources":"SUN","type":"Power plant","is_nuclear":false}},{"type":"Feature","geometry":{"type":"Point","coordinates":[-78.746,43.05]},"properties":{"key":"66522-8b41410f","layer":"power","name":"Amherst Community Solar","state":"NY","detail_file":"data/details/power-plants-46.json","plant_id":"66522","capacity_mw":5.0,"status_group":"Operating","energy_sources":"SUN","type":"Power plant","is_nuclear":false}},{"type":"Feature","geometry":{"type":"Point","coordinates":[-78.07,42.306]},"properties":{"key":"66061-fbc4ef24","layer":"power","name":"Angelica Solar Site 1","state":"NY","detail_file":"data/details/power-plants-18.json","plant_id":"66061","capacity_mw":5.0,"status_group":"Operating","energy_sources":"SUN","type":"Power plant","is_nuclear":false}},{"type":"Feature","geometry":{"type":"Point","coordinates":[-78.077,42.304]},"properties":{"key":"66062-0ad8ed45","layer":"power","name":"Angelica Solar Site 2","state":"NY","detail_file":"data/details/power-plants-09.json","plant_id":"66062","capacity_mw":5.0,"status_group":"Operating","energy_sources":"SUN","type":"Power plant","is_nuclear":false}},{"type":"Feature","geometry":{"type":"Point","coordinates":[-78.075,42.302]},"properties":{"key":"66063-a7dff6ec","layer":"power","name":"Angelica Solar Site 3","state":"NY","detail_file":"data/details/power-plants-42.json","plant_id":"66063","capacity_mw":5.0,"status_group":"Operating","energy_sources":"SUN","type":"Power plant","is_nuclear":false}},{"type":"Feature","geometry":{"type":"Point","coordinates":[-78.071,42.303]},"properties":{"key":"66064-b6a2cf09","layer":"power","name":"Angelica Solar Site 4","state":"NY","detail_file":"data/details/power-plants-63.json","plant_id":"66064","capacity_mw":5.0,"status_group":"Operating","energy_sources":"SUN","type":"Power plant","is_nuclear":false}},{"type":"Feature","geometry":{"type":"Point","coordinates":[-79.135,42.523]},"properties":{"key":"69089-f2941a8f","layer":"power","name":"Angell Road","state":"NY","detail_file":"data/details/power-plants-13.json","plant_id":"69089","capacity_mw":2.2,"status_group":"Operating","energy_sources":"SUN","type":"Power plant","is_nuclear":false}},{"type":"Feature","geometry":{"type":"Point","coordinates":[-76.415,43.152]},"properties":{"key":"61575-687be30c","layer":"power","name":"Anheuser-Busch Baldwinsville","state":"NY","detail_file":"data/details/power-plants-00.json","plant_id":"61575","capacity_mw":2.0,"status_group":"Operating","energy_sources":"SUN","type":"Power plant","is_nuclear":false}},{"type":"Feature","geometry":{"type":"Point","coordinates":[-77.08,43.152]},"properties":{"key":"69092-6ade41bf","layer":"power","name":"Arcadia","state":"NY","detail_file":"data/details/power-plants-40.json","plant_id":"69092","capacity_mw":3.0,"status_group":"Operating","energy_sources":"SUN","type":"Power plant","is_nuclear":false}},{"type":"Feature","geometry":{"type":"Point","coordinates":[-79.243,42.415]},"properties":{"key":"61673-a9c590c5","layer":"power","name":"Arkwright Summit Wind Farm LLC","state":"NY","detail_file":"data/details/power-plants-43.json","plant_id":"61673","capacity_mw":78.4,"status_group":"Operating","energy_sources":"WND","type":"Power plant","is_nuclear":false}},{"type":"Feature","geometry":{"type":"Point","coordinates":[-76.594,42.944]},"properties":{"key":"57636-f5304988","layer":"power","name":"Auburn LFG Energy Facility","state":"NY","detail_file":"data/details/power-plants-63.json","plant_id":"57636","capacity_mw":2.2,"status_group":"Operating","energy_sources":"LFG","type":"Power plant","is_nuclear":false}},{"type":"Feature","geometry":{"type":"Point","coordinates":[-77.717,42.874]},"properties":{"key":"69714-c5299f28","layer":"power","name":"Avon CSG 1 LLC","state":"NY","detail_file":"data/details/power-plants-45.json","plant_id":"69714","capacity_mw":3.6,"status_group":"Operating","energy_sources":"SUN","type":"Power plant","is_nuclear":false}},{"type":"Feature","geometry":{"type":"Point","coordinates":[-77.714,42.886]},"properties":{"key":"69834-e1e33312","layer":"power","name":"Avon CSG 2 LLC","state":"NY","detail_file":"data/details/power-plants-50.json","plant_id":"69834","capacity_mw":4.1,"status_group":"Under construction","energy_sources":"SUN","type":"Power plant","is_nuclear":false}},{"type":"Feature","geometry":{"type":"Point","coordinates":[-77.738,42.927]},"properties":{"key":"67202-14c9170c","layer":"power","name":"Avon Solar Farm LLC","state":"NY","detail_file":"data/details/power-plants-20.json","plant_id":"67202","capacity_mw":4.0,"status_group":"Operating","energy_sources":"SUN","type":"Power plant","is_nuclear":false}},{"type":"Feature","geometry":{"type":"Point","coordinates":[-79.073,42.265]},"properties":{"key":"65495-627db23f","layer":"power","name":"Ball Hill Wind Energy, LLC","state":"NY","detail_file":"data/details/power-plants-35.json","plant_id":"65495","capacity_mw":107.5,"status_group":"Operating","energy_sources":"WND","type":"Power plant","is_nuclear":false}},{"type":"Feature","geometry":{"type":"Point","coordinates":[-77.593,42.375]},"properties":{"key":"60596-e9331675","layer":"power","name":"Baron Winds Farm","state":"NY","detail_file":"data/details/power-plants-19.json","plant_id":"60596","capacity_mw":130.0,"status_group":"Operating","energy_sources":"WND","type":"Power plant","is_nuclear":false}},{"type":"Feature","geometry":{"type":"Point","coordinates":[-77.53,42.44]},"properties":{"key":"65513-17c99451","layer":"power","name":"Baron Winds II","state":"NY","detail_file":"data/details/power-plants-30.json","plant_id":"65513","capacity_mw":113.2,"status_group":"Operating","energy_sources":"WND","type":"Power plant","is_nuclear":false}},{"type":"Feature","geometry":{"type":"Point","coordinates":[-76.122,43.209]},"properties":{"key":"69369-1d150b80","layer":"power","name":"Bartell South PV I","state":"NY","detail_file":"data/details/power-plants-40.json","plant_id":"69369","capacity_mw":3.0,"status_group":"Under construction","energy_sources":"SUN","type":"Power plant","is_nuclear":false}},{"type":"Feature","geometry":{"type":"Point","coordinates":[-78.159,42.983]},"properties":{"key":"54593-30a8f215","layer":"power","name":"Batavia Power Plant","state":"NY","detail_file":"data/details/power-plants-10.json","plant_id":"54593","capacity_mw":67.3,"status_group":"Operating","energy_sources":"DFO; NG","type":"Power plant","is_nuclear":false}},{"type":"Feature","geometry":{"type":"Point","coordinates":[-78.356,43.226]},"properties":{"key":"63130-3613083f","layer":"power","name":"Beals Medina Solar LLC CSG","state":"NY","detail_file":"data/details/power-plants-51.json","plant_id":"63130","capacity_mw":3.5,"status_group":"Operating","energy_sources":"SUN","type":"Power plant","is_nuclear":false}},{"type":"Feature","geometry":{"type":"Point","coordinates":[-78.791,43.142]},"properties":{"key":"67650-0eab289d","layer":"power","name":"Bear Ridge","state":"NY","detail_file":"data/details/power-plants-29.json","plant_id":"67650","capacity_mw":93.0,"status_group":"Under construction","energy_sources":"SUN","type":"Power plant","is_nuclear":false}},{"type":"Feature","geometry":{"type":"Point","coordinates":[-76.121,42.45]},"properties":{"key":"64593-0ceadf15","layer":"power","name":"Bellisario Solar 1","state":"NY","detail_file":"data/details/power-plants-02.json","plant_id":"64593","capacity_mw":5.0,"status_group":"Operating","energy_sources":"SUN","type":"Power plant","is_nuclear":false}},{"type":"Feature","geometry":{"type":"Point","coordinates":[-76.121,42.452]},"properties":{"key":"64594-05cae249","layer":"power","name":"Bellisario Solar 2","state":"NY","detail_file":"data/details/power-plants-62.json","plant_id":"64594","capacity_mw":5.0,"status_group":"Operating","energy_sources":"SUN","type":"Power plant","is_nuclear":false}},{"type":"Feature","geometry":{"type":"Point","coordinates":[-76.132,42.453]},"properties":{"key":"64595-f25a7f70","layer":"power","name":"Bellisario Solar 3","state":"NY","detail_file":"data/details/power-plants-62.json","plant_id":"64595","capacity_mw":5.0,"status_group":"Operating","energy_sources":"SUN","type":"Power plant","is_nuclear":false}},{"type":"Feature","geometry":{"type":"Point","coordinates":[-77.471,42.935]},"properties":{"key":"63410-21dca941","layer":"power","name":"Bennett","state":"NY","detail_file":"data/details/power-plants-34.json","plant_id":"63410","capacity_mw":1.4,"status_group":"Operating","energy_sources":"SUN","type":"Power plant","is_nuclear":false}},{"type":"Feature","geometry":{"type":"Point","coordinates":[-78.559,42.766]},"properties":{"key":"62476-9ac413d0","layer":"power","name":"Big Tree Community Solar Farm","state":"NY","detail_file":"data/details/power-plants-61.json","plant_id":"62476","capacity_mw":2.0,"status_group":"Operating","energy_sources":"SUN","type":"Power plant","is_nuclear":false}},{"type":"Feature","geometry":{"type":"Point","coordinates":[-78.794,43.0]},"properties":{"key":"66094-c6ea7c96","layer":"power","name":"Bizer Creek","state":"NY","detail_file":"data/details/power-plants-24.json","plant_id":"66094","capacity_mw":1.5,"status_group":"Operating","energy_sources":"SUN","type":"Power plant","is_nuclear":false}},{"type":"Feature","geometry":{"type":"Point","coordinates":[-78.305,42.537]},"properties":{"key":"56620-53d11ff2","layer":"power","name":"Bliss (NY)","state":"NY","detail_file":"data/details/power-plants-31.json","plant_id":"56620","capacity_mw":100.5,"status_group":"Operating","energy_sources":"WND","type":"Power plant","is_nuclear":false}},{"type":"Feature","geometry":{"type":"Point","coordinates":[-77.874,43.012]},"properties":{"key":"67932-355cc2e6","layer":"power","name":"Bodhi Solar","state":"NY","detail_file":"data/details/power-plants-16.json","plant_id":"67932","capacity_mw":5.0,"status_group":"Operating","energy_sources":"SUN","type":"Power plant","is_nuclear":false}},{"type":"Feature","geometry":{"type":"Point","coordinates":[-76.713,42.088]},"properties":{"key":"62157-afabc9b1","layer":"power","name":"Breesport Road Community Solar Farm","state":"NY","detail_file":"data/details/power-plants-34.json","plant_id":"62157","capacity_mw":2.0,"status_group":"Operating","energy_sources":"SUN","type":"Power plant","is_nuclear":false}},{"type":"Feature","geometry":{"type":"Point","coordinates":[-76.968,43.202]},"properties":{"key":"66211-57ffc4f0","layer":"power","name":"Brickchurch Solar","state":"NY","detail_file":"data/details/power-plants-45.json","plant_id":"66211","capacity_mw":2.0,"status_group":"Operating","energy_sources":"SUN","type":"Power plant","is_nuclear":false}},{"type":"Feature","geometry":{"type":"Point","coordinates":[-77.738,42.46]},"properties":{"key":"64554-55b52443","layer":"power","name":"Bright Field Solar LLC(CSG)","state":"NY","detail_file":"data/details/power-plants-32.json","plant_id":"64554","capacity_mw":4.0,"status_group":"Operating","energy_sources":"SUN","type":"Power plant","is_nuclear":false}},{"type":"Feature","geometry":{"type":"Point","coordinates":[-77.704,42.467]},"properties":{"key":"64556-4b0dac77","layer":"power","name":"Bright Hill Solar LLC(CSG)","state":"NY","detail_file":"data/details/power-plants-13.json","plant_id":"64556","capacity_mw":5.0,"status_group":"Operating","energy_sources":"SUN","type":"Power plant","is_nuclear":false}},{"type":"Feature","geometry":{"type":"Point","coordinates":[-78.245,43.033]},"properties":{"key":"64555-afb3f700","layer":"power","name":"Bright Oak Solar LLC(CSG)","state":"NY","detail_file":"data/details/power-plants-08.json","plant_id":"64555","capacity_mw":4.0,"status_group":"Operating","energy_sources":"SUN","type":"Power plant","is_nuclear":false}},{"type":"Feature","geometry":{"type":"Point","coordinates":[-78.714,42.904]},"properties":{"key":"67228-219ad8f2","layer":"power","name":"Broadway CDG Solar LLC","state":"NY","detail_file":"data/details/power-plants-57.json","plant_id":"67228","capacity_mw":5.0,"status_group":"Operating","energy_sources":"SUN","type":"Power plant","is_nuclear":false}},{"type":"Feature","geometry":{"type":"Point","coordinates":[-77.966,43.283]},"properties":{"key":"67634-beb1e109","layer":"power","name":"Buck Run","state":"NY","detail_file":"data/details/power-plants-01.json","plant_id":"67634","capacity_mw":5.0,"status_group":"Operating","energy_sources":"SUN","type":"Power plant","is_nuclear":false}},{"type":"Feature","geometry":{"type":"Point","coordinates":[-78.842,42.859]},"properties":{"key":"65071-1a24babc","layer":"power","name":"Buffalo NY GigaFactory","state":"NY","detail_file":"data/details/power-plants-00.json","plant_id":"65071","capacity_mw":2.0,"status_group":"Operating","energy_sources":"SUN","type":"Power plant","is_nuclear":false}},{"type":"Feature","geometry":{"type":"Point","coordinates":[-78.573,42.836]},"properties":{"key":"64965-75f932e8","layer":"power","name":"Bullis Road Solar (CSG)","state":"NY","detail_file":"data/details/power-plants-50.json","plant_id":"64965","capacity_mw":4.5,"status_group":"Operating","energy_sources":"SUN","type":"Power plant","is_nuclear":false}},{"type":"Feature","geometry":{"type":"Point","coordinates":[-79.002,42.668]},"properties":{"key":"69065-f591bfff","layer":"power","name":"Burns Road Solar","state":"NY","detail_file":"data/details/power-plants-19.json","plant_id":"69065","capacity_mw":3.2,"status_group":"Operating","energy_sources":"SUN","type":"Power plant","is_nuclear":false}},{"type":"Feature","geometry":{"type":"Point","coordinates":[-77.764,43.275]},"properties":{"key":"62480-4b10a454","layer":"power","name":"Burritt Rd Community Solar Farm","state":"NY","detail_file":"data/details/power-plants-29.json","plant_id":"62480","capacity_mw":2.0,"status_group":"Operating","energy_sources":"SUN","type":"Power plant","is_nuclear":false}},{"type":"Feature","geometry":{"type":"Point","coordinates":[-76.314,43.073]},"properties":{"key":"68207-3e233ffc","layer":"power","name":"CAMILLUS A (CSG)","state":"NY","detail_file":"data/details/power-plants-04.json","plant_id":"68207","capacity_mw":5.0,"status_group":"Operating","energy_sources":"SUN","type":"Power plant","is_nuclear":false}},{"type":"Feature","geometry":{"type":"Point","coordinates":[-76.313,43.075]},"properties":{"key":"68206-9535a4a2","layer":"power","name":"CAMILLUS B (CSG)","state":"NY","detail_file":"data/details/power-plants-10.json","plant_id":"68206","capacity_mw":5.0,"status_group":"Operating","energy_sources":"SUN","type":"Power plant","is_nuclear":false}},{"type":"Feature","geometry":{"type":"Point","coordinates":[-76.225,43.067]},"properties":{"key":"10621-4dce93bc","layer":"power","name":"CH Resources Syracuse","state":"NY","detail_file":"data/details/power-plants-56.json","plant_id":"10621","capacity_mw":102.7,"status_group":"Operating","energy_sources":"NG","type":"Power plant","is_nuclear":false}},{"type":"Feature","geometry":{"type":"Point","coordinates":[-76.113,42.082]},"properties":{"key":"66215-a83ad457","layer":"power","name":"Cafferty Hill Solar","state":"NY","detail_file":"data/details/power-plants-08.json","plant_id":"66215","capacity_mw":5.0,"status_group":"Operating","energy_sources":"SUN","type":"Power plant","is_nuclear":false}},{"type":"Feature","geometry":{"type":"Point","coordinates":[-77.872,42.976]},"properties":{"key":"68405-8f3d0845","layer":"power","name":"Caledonia CSG LLC","state":"NY","detail_file":"data/details/power-plants-35.json","plant_id":"68405","capacity_mw":5.0,"status_group":"Operating","energy_sources":"SUN","type":"Power plant","is_nuclear":false}},{"type":"Feature","geometry":{"type":"Point","coordinates":[-78.187,43.038]},"properties":{"key":"61470-0a2b6cd0","layer":"power","name":"Call Farms 1","state":"NY","detail_file":"data/details/power-plants-15.json","plant_id":"61470","capacity_mw":2.0,"status_group":"Operating","energy_sources":"SUN","type":"Power plant","is_nuclear":false}},{"type":"Feature","geometry":{"type":"Point","coordinates":[-78.179,43.023]},"properties":{"key":"61471-6036a803","layer":"power","name":"Call Farms 3","state":"NY","detail_file":"data/details/power-plants-56.json","plant_id":"61471","capacity_mw":2.0,"status_group":"Operating","energy_sources":"SUN","type":"Power plant","is_nuclear":false}},{"type":"Feature","geometry":{"type":"Point","coordinates":[-77.285,42.869]},"properties":{"key":"61043-b710a5b9","layer":"power","name":"Canandaigua Solar Array","state":"NY","detail_file":"data/details/power-plants-26.json","plant_id":"61043","capacity_mw":2.0,"status_group":"Operating","energy_sources":"SUN","type":"Power plant","is_nuclear":false}},{"type":"Feature","geometry":{"type":"Point","coordinates":[-77.284,42.869]},"properties":{"key":"61042-b65f6d9b","layer":"power","name":"Canandaigua Westbrook Solar Array","state":"NY","detail_file":"data/details/power-plants-60.json","plant_id":"61042","capacity_mw":1.3,"status_group":"Operating","energy_sources":"SUN","type":"Power plant","is_nuclear":false}},{"type":"Feature","geometry":{"type":"Point","coordinates":[-76.8,42.852]},"properties":{"key":"66212-298d7704","layer":"power","name":"Canoga Solar","state":"NY","detail_file":"data/details/power-plants-05.json","plant_id":"66212","capacity_mw":5.0,"status_group":"Operating","energy_sources":"SUN","type":"Power plant","is_nuclear":false}},{"type":"Feature","geometry":{"type":"Point","coordinates":[-76.082,43.061]},"properties":{"key":"50978-27f3032b","layer":"power","name":"Carr Street Generating Station","state":"NY","detail_file":"data/details/power-plants-17.json","plant_id":"50978","capacity_mw":122.6,"status_group":"Operating","energy_sources":"NG","type":"Power plant","is_nuclear":false}},{"type":"Feature","geometry":{"type":"Point","coordinates":[-79.196,42.338]},"properties":{"key":"58777-5aa0e670","layer":"power","name":"Cassadaga Wind Farm","state":"NY","detail_file":"data/details/power-plants-29.json","plant_id":"58777","capacity_mw":124.0,"status_group":"Operating","energy_sources":"WND","type":"Power plant","is_nuclear":false}},{"type":"Feature","geometry":{"type":"Point","coordinates":[-76.954,42.286]},"properties":{"key":"63372-7fbf374c","layer":"power","name":"Catlin Solar 1 LLC","state":"NY","detail_file":"data/details/power-plants-50.json","plant_id":"63372","capacity_mw":4.0,"status_group":"Operating","energy_sources":"SUN","type":"Power plant","is_nuclear":false}},{"type":"Feature","geometry":{"type":"Point","coordinates":[-78.486,42.583]},"properties":{"key":"56526-ad7c9614","layer":"power","name":"Chaffee Gas Recovery","state":"NY","detail_file":"data/details/power-plants-16.json","plant_id":"56526","capacity_mw":6.4,"status_group":"Operating","energy_sources":"LFG","type":"Power plant","is_nuclear":false}},{"type":"Feature","geometry":{"type":"Point","coordinates":[-78.557,42.933]},"properties":{"key":"65233-1d620400","layer":"power","name":"Chambers 3 - Erie County Alden","state":"NY","detail_file":"data/details/power-plants-13.json","plant_id":"65233","capacity_mw":2.0,"status_group":"Operating","energy_sources":"SUN","type":"Power plant","is_nuclear":false}},{"type":"Feature","geometry":{"type":"Point","coordinates":[-76.894,42.187]},"properties":{"key":"62860-378cbc42","layer":"power","name":"Chambers Road Solar","state":"NY","detail_file":"data/details/power-plants-48.json","plant_id":"62860","capacity_mw":4.0,"status_group":"Operating","energy_sources":"SUN","type":"Power plant","is_nuclear":false}},{"type":"Feature","geometry":{"type":"Point","coordinates":[-79.319,42.199]},"properties":{"key":"57186-1bc209f6","layer":"power","name":"Chautauqua LFGTE Facility","state":"NY","detail_file":"data/details/power-plants-13.json","plant_id":"57186","capacity_mw":9.6,"status_group":"Operating","energy_sources":"LFG","type":"Power plant","is_nuclear":false}},{"type":"Feature","geometry":{"type":"Point","coordinates":[-77.819,42.085]},"properties":{"key":"69396-031281f1","layer":"power","name":"Chenunda Creek","state":"NY","detail_file":"data/details/power-plants-06.json","plant_id":"69396","capacity_mw":2.4,"status_group":"Operating","energy_sources":"SUN","type":"Power plant","is_nuclear":false}},{"type":"Feature","geometry":{"type":"Point","coordinates":[-77.166,42.573]},"properties":{"key":"65828-fee7bfe5","layer":"power","name":"Chidsey Hill Road Solar","state":"NY","detail_file":"data/details/power-plants-62.json","plant_id":"65828","capacity_mw":3.0,"status_group":"Under construction","energy_sources":"SUN","type":"Power plant","is_nuclear":false}},{"type":"Feature","geometry":{"type":"Point","coordinates":[-76.087,43.147]},"properties":{"key":"66501-07bd70a5","layer":"power","name":"Cicero Energy Storage 1 LLC","state":"NY","detail_file":"data/details/power-plants-09.json","plant_id":"66501","capacity_mw":10.0,"status_group":"Operating","energy_sources":"MWH; SUN","type":"Power plant","is_nuclear":false}},{"type":"Feature","geometry":{"type":"Point","coordinates":[-76.089,43.151]},"properties":{"key":"66503-2b785190","layer":"power","name":"Cicero Energy Storage 2 LLC","state":"NY","detail_file":"data/details/power-plants-33.json","plant_id":"66503","capacity_mw":10.0,"status_group":"Operating","energy_sources":"MWH; SUN","type":"Power plant","is_nuclear":false}},{"type":"Feature","geometry":{"type":"Point","coordinates":[-77.679,43.177]},"properties":{"key":"61804-4145c505","layer":"power","name":"City of Rochester Solar","state":"NY","detail_file":"data/details/power-plants-58.json","plant_id":"61804","capacity_mw":1.8,"status_group":"Operating","energy_sources":"SUN","type":"Power plant","is_nuclear":false}},{"type":"Feature","geometry":{"type":"Point","coordinates":[-76.212,43.195]},"properties":{"key":"64373-81c66936","layer":"power","name":"Clay Solar CSG","state":"NY","detail_file":"data/details/power-plants-21.json","plant_id":"64373","capacity_mw":5.0,"status_group":"Operating","energy_sources":"SUN","type":"Power plant","is_nuclear":false}},{"type":"Feature","geometry":{"type":"Point","coordinates":[-77.464,42.571]},"properties":{"key":"65931-fcd365f6","layer":"power","name":"Clear View Solar","state":"NY","detail_file":"data/details/power-plants-26.json","plant_id":"65931","capacity_mw":20.0,"status_group":"Under construction","energy_sources":"SUN","type":"Power plant","is_nuclear":false}},{"type":"Feature","geometry":{"type":"Point","coordinates":[-76.011,43.063]},"properties":{"key":"67407-05713baa","layer":"power","name":"Clemons Road Solar","state":"NY","detail_file":"data/details/power-plants-49.json","plant_id":"67407","capacity_mw":2.8,"status_group":"Operating","energy_sources":"SUN","type":"Power plant","is_nuclear":false}},{"type":"Feature","geometry":{"type":"Point","coordinates":[-77.52,42.45]},"properties":{"key":"56634-9a132092","layer":"power","name":"Cohocton Wind Project","state":"NY","detail_file":"data/details/power-plants-45.json","plant_id":"56634","capacity_mw":87.5,"status_group":"Operating","energy_sources":"WND","type":"Power plant","is_nuclear":false}},{"type":"Feature","geometry":{"type":"Point","coordinates":[-76.278,43.138]},"properties":{"key":"69180-251de244","layer":"power","name":"Cold Springs","state":"NY","detail_file":"data/details/power-plants-48.json","plant_id":"69180","capacity_mw":5.0,"status_group":"Under construction","energy_sources":"SUN","type":"Power plant","is_nuclear":false}},{"type":"Feature","geometry":{"type":"Point","coordinates":[-78.978,43.017]},"properties":{"key":"67406-73aa9b97","layer":"power","name":"Comfort CSG","state":"NY","detail_file":"data/details/power-plants-46.json","plant_id":"67406","capacity_mw":4.0,"status_group":"Operating","energy_sources":"SUN","type":"Power plant","is_nuclear":false}},{"type":"Feature","geometry":{"type":"Point","coordinates":[-77.031,42.866]},"properties":{"key":"60150-860d19d7","layer":"power","name":"Cornell Geneva Solar Farm","state":"NY","detail_file":"data/details/power-plants-18.json","plant_id":"60150","capacity_mw":2.0,"status_group":"Operating","energy_sources":"SUN","type":"Power plant","is_nuclear":false}},{"type":"Feature","geometry":{"type":"Point","coordinates":[-76.485,42.452]},"properties":{"key":"10286-d280e9b8","layer":"power","name":"Cornell Hydro","state":"NY","detail_file":"data/details/power-plants-39.json","plant_id":"10286","capacity_mw":1.9,"status_group":"Operating","energy_sources":"WAT","type":"Power plant","is_nuclear":false}},{"type":"Feature","geometry":{"type":"Point","coordinates":[-76.46,42.498]},"properties":{"key":"59470-9c8e2b2f","layer":"power","name":"Cornell Snyder Road Solar Array","state":"NY","detail_file":"data/details/power-plants-24.json","plant_id":"59470","capacity_mw":1.8,"status_group":"Operating","energy_sources":"SUN","type":"Power plant","is_nuclear":false}},{"type":"Feature","geometry":{"type":"Point","coordinates":[-76.476,42.443]},"properties":{"key":"50368-9c5d273c","layer":"power","name":"Cornell University Central Heat","state":"NY","detail_file":"data/details/power-plants-48.json","plant_id":"50368","capacity_mw":39.5,"status_group":"Operating","energy_sources":"DFO; NG","type":"Power plant","is_nuclear":false}},{"type":"Feature","geometry":{"type":"Point","coordinates":[-78.914,43.001]},"properties":{"key":"64310-2ad0d207","layer":"power","name":"Corning Riverview (CSG)","state":"NY","detail_file":"data/details/power-plants-47.json","plant_id":"64310","capacity_mw":5.0,"status_group":"Operating","energy_sources":"SUN","type":"Power plant","is_nuclear":false}},{"type":"Feature","geometry":{"type":"Point","coordinates":[-76.19,42.554]},"properties":{"key":"69985-39783b43","layer":"power","name":"Cortlandville","state":"NY","detail_file":"data/details/power-plants-23.json","plant_id":"69985","capacity_mw":5.0,"status_group":"Operating","energy_sources":"SUN","type":"Power plant","is_nuclear":false}},{"type":"Feature","geometry":{"type":"Point","coordinates":[-76.154,42.607]},"properties":{"key":"64371-dbdd08dc","layer":"power","name":"Cortlandville I Solar CSG","state":"NY","detail_file":"data/details/power-plants-02.json","plant_id":"64371","capacity_mw":5.0,"status_group":"Operating","energy_sources":"SUN","type":"Power plant","is_nuclear":false}},{"type":"Feature","geometry":{"type":"Point","coordinates":[-76.132,42.606]},"properties":{"key":"65090-05546c3e","layer":"power","name":"Cortlandville III Solar CSG","state":"NY","detail_file":"data/details/power-plants-52.json","plant_id":"65090","capacity_mw":5.0,"status_group":"Operating","energy_sources":"SUN","type":"Power plant","is_nuclear":false}},{"type":"Feature","geometry":{"type":"Point","coordinates":[-76.902,42.377]},"properties":{"key":"64126-2b81c202","layer":"power","name":"County Road 16","state":"NY","detail_file":"data/details/power-plants-53.json","plant_id":"64126","capacity_mw":2.0,"status_group":"Operating","energy_sources":"SUN","type":"Power plant","is_nuclear":false}},{"type":"Feature","geometry":{"type":"Point","coordinates":[-77.583,42.027]},"properties":{"key":"66214-30c40138","layer":"power","name":"County Route 84 Solar","state":"NY","detail_file":"data/details/power-plants-61.json","plant_id":"66214","capacity_mw":5.0,"status_group":"Operating","energy_sources":"SUN","type":"Power plant","is_nuclear":false}},{"type":"Feature","geometry":{"type":"Point","coordinates":[-79.361,42.081]},"properties":{"key":"60453-6f1c5b87","layer":"power","name":"Cummins, Inc","state":"NY","detail_file":"data/details/power-plants-07.json","plant_id":"60453","capacity_mw":1.8,"status_group":"Operating","energy_sources":"SUN","type":"Power plant","is_nuclear":false}},{"type":"Feature","geometry":{"type":"Point","coordinates":[-78.832,42.103]},"properties":{"key":"70054-eed72a19","layer":"power","name":"DG CS NY Townline","state":"NY","detail_file":"data/details/power-plants-14.json","plant_id":"70054","capacity_mw":5.0,"status_group":"Operating","energy_sources":"SUN","type":"Power plant","is_nuclear":false}},{"type":"Feature","geometry":{"type":"Point","coordinates":[-77.865,43.288]},"properties":{"key":"67144-452cd0ea","layer":"power","name":"DG Moorman Creek","state":"NY","detail_file":"data/details/power-plants-52.json","plant_id":"67144","capacity_mw":4.4,"status_group":"Operating","energy_sources":"SUN","type":"Power plant","is_nuclear":false}},{"type":"Feature","geometry":{"type":"Point","coordinates":[-78.555,42.93]},"properties":{"key":"65299-b4bbdef2","layer":"power","name":"DOCCS Wende","state":"NY","detail_file":"data/details/power-plants-50.json","plant_id":"65299","capacity_mw":5.0,"status_group":"Operating","energy_sources":"SUN","type":"Power plant","is_nuclear":false}},{"type":"Feature","geometry":{"type":"Point","coordinates":[-77.247,42.761]},"properties":{"key":"62412-65777250","layer":"power","name":"Daum Solar","state":"NY","detail_file":"data/details/power-plants-22.json","plant_id":"62412","capacity_mw":4.0,"status_group":"Operating","energy_sources":"SUN","type":"Power plant","is_nuclear":false}},{"type":"Feature","geometry":{"type":"Point","coordinates":[-76.176,42.113]},"properties":{"key":"69095-ec1af9b2","layer":"power","name":"Day Hollow","state":"NY","detail_file":"data/details/power-plants-57.json","plant_id":"69095","capacity_mw":5.0,"status_group":"Operating","energy_sources":"SUN","type":"Power plant","is_nuclear":false}},{"type":"Feature","geometry":{"type":"Point","coordinates":[-76.178,42.113]},"properties":{"key":"65826-315f8857","layer":"power","name":"Day Hollow Road Community Solar","state":"NY","detail_file":"data/details/power-plants-39.json","plant_id":"65826","capacity_mw":5.0,"status_group":"Operating","energy_sources":"SUN","type":"Power plant","is_nuclear":false}},{"type":"Feature","geometry":{"type":"Point","coordinates":[-76.791,42.945]},"properties":{"key":"66217-b213f08a","layer":"power","name":"Donati Solar","state":"NY","detail_file":"data/details/power-plants-62.json","plant_id":"66217","capacity_mw":2.0,"status_group":"Operating","energy_sources":"SUN","type":"Power plant","is_nuclear":false}},{"type":"Feature","geometry":{"type":"Point","coordinates":[-76.32,42.488]},"properties":{"key":"62477-a9c878cd","layer":"power","name":"Dryden Rd #2 Community Solar Farm CSG","state":"NY","detail_file":"data/details/power-plants-46.json","plant_id":"62477","capacity_mw":1.3,"status_group":"Operating","energy_sources":"SUN","type":"Power plant","is_nuclear":false}},{"type":"Feature","geometry":{"type":"Point","coordinates":[-79.304,42.498]},"properties":{"key":"69229-388119dd","layer":"power","name":"Dunkirk Solar One, LLC","state":"NY","detail_file":"data/details/power-plants-15.json","plant_id":"69229","capacity_mw":5.0,"status_group":"Under construction","energy_sources":"SUN","type":"Power plant","is_nuclear":false}},{"type":"Feature","geometry":{"type":"Point","coordinates":[-79.304,42.498]},"properties":{"key":"69274-135d16ac","layer":"power","name":"Dunkirk Solar Two","state":"NY","detail_file":"data/details/power-plants-30.json","plant_id":"69274","capacity_mw":4.8,"status_group":"Under construction","energy_sources":"SUN","type":"Power plant","is_nuclear":false}},{"type":"Feature","geometry":{"type":"Point","coordinates":[-78.848,42.351]},"properties":{"key":"66219-3c702fa7","layer":"power","name":"Dunkleman Solar","state":"NY","detail_file":"data/details/power-plants-12.json","plant_id":"66219","capacity_mw":5.0,"status_group":"Operating","energy_sources":"SUN","type":"Power plant","is_nuclear":false}},{"type":"Feature","geometry":{"type":"Point","coordinates":[-77.497,42.546]},"properties":{"key":"56633-6862a3aa","layer":"power","name":"Dutch Hill Wind Project","state":"NY","detail_file":"data/details/power-plants-60.json","plant_id":"56633","capacity_mw":37.5,"status_group":"Operating","energy_sources":"WND","type":"Power plant","is_nuclear":false}},{"type":"Feature","geometry":{"type":"Point","coordinates":[-76.104,43.547]},"properties":{"key":"62981-43178d0d","layer":"power","name":"East Pulaski BESS","state":"NY","detail_file":"data/details/power-plants-33.json","plant_id":"62981","capacity_mw":2.0,"status_group":"Operating","energy_sources":"MWH","type":"Power plant","is_nuclear":false}},{"type":"Feature","geometry":{"type":"Point","coordinates":[-77.207,43.203]},"properties":{"key":"67618-ff09d311","layer":"power","name":"Eddy","state":"NY","detail_file":"data/details/power-plants-09.json","plant_id":"67618","capacity_mw":2.3,"status_group":"Operating","energy_sources":"SUN","type":"Power plant","is_nuclear":false}},{"type":"Feature","geometry":{"type":"Point","coordinates":[-77.701,42.102]},"properties":{"key":"66052-5359b2b2","layer":"power","name":"Eight Point Wind","state":"NY","detail_file":"data/details/power-plants-43.json","plant_id":"66052","capacity_mw":101.2,"status_group":"Operating","energy_sources":"WND","type":"Power plant","is_nuclear":false}},{"type":"Feature","geometry":{"type":"Point","coordinates":[-78.85,42.85]},"properties":{"key":"66886-38144e15","layer":"power","name":"Elk Street Solar","state":"NY","detail_file":"data/details/power-plants-36.json","plant_id":"66886","capacity_mw":2.4,"status_group":"Operating","energy_sources":"SUN","type":"Power plant","is_nuclear":false}},{"type":"Feature","geometry":{"type":"Point","coordinates":[-76.433,42.445]},"properties":{"key":"62413-810d0afe","layer":"power","name":"Ellis Solar","state":"NY","detail_file":"data/details/power-plants-25.json","plant_id":"62413","capacity_mw":18.0,"status_group":"Operating","energy_sources":"SUN","type":"Power plant","is_nuclear":false}},{"type":"Feature","geometry":{"type":"Point","coordinates":[-76.083,43.798]},"properties":{"key":"68421-4192cafc","layer":"power","name":"Ellisburg","state":"NY","detail_file":"data/details/power-plants-26.json","plant_id":"68421","capacity_mw":5.0,"status_group":"Operating","energy_sources":"SUN","type":"Power plant","is_nuclear":false}},{"type":"Feature","geometry":{"type":"Point","coordinates":[-79.614,42.26]},"properties":{"key":"66663-bed8dd5e","layer":"power","name":"Empire Solar (NY)","state":"NY","detail_file":"data/details/power-plants-34.json","plant_id":"66663","capacity_mw":125.0,"status_group":"Planned","energy_sources":"SUN","type":"Power plant","is_nuclear":false}},{"type":"Feature","geometry":{"type":"Point","coordinates":[-76.097,42.14]},"properties":{"key":"68859-3008e388","layer":"power","name":"Endicott","state":"NY","detail_file":"data/details/power-plants-30.json","plant_id":"68859","capacity_mw":5.0,"status_group":"Planned","energy_sources":"SUN","type":"Power plant","is_nuclear":false}},{"type":"Feature","geometry":{"type":"Point","coordinates":[-76.595,42.453]},"properties":{"key":"62029-8bdefa8a","layer":"power","name":"Enfield Community Solar","state":"NY","detail_file":"data/details/power-plants-12.json","plant_id":"62029","capacity_mw":1.8,"status_group":"Operating","energy_sources":"SUN","type":"Power plant","is_nuclear":false}},{"type":"Feature","geometry":{"type":"Point","coordinates":[-76.609,42.448]},"properties":{"key":"68160-a63d9578","layer":"power","name":"Enfield Solar Site 1","state":"NY","detail_file":"data/details/power-plants-12.json","plant_id":"68160","capacity_mw":5.0,"status_group":"Operating","energy_sources":"SUN","type":"Power plant","is_nuclear":false}},{"type":"Feature","geometry":{"type":"Point","coordinates":[-76.608,42.445]},"properties":{"key":"68158-bda18ffb","layer":"power","name":"Enfield Solar Site 2","state":"NY","detail_file":"data/details/power-plants-52.json","plant_id":"68158","capacity_mw":5.0,"status_group":"Operating","energy_sources":"SUN","type":"Power plant","is_nuclear":false}},{"type":"Feature","geometry":{"type":"Point","coordinates":[-76.603,42.446]},"properties":{"key":"68159-4192ba45","layer":"power","name":"Enfield Solar Site 3","state":"NY","detail_file":"data/details/power-plants-59.json","plant_id":"68159","capacity_mw":5.0,"status_group":"Operating","energy_sources":"SUN","type":"Power plant","is_nuclear":false}},{"type":"Feature","geometry":{"type":"Point","coordinates":[-78.077,43.065]},"properties":{"key":"68507-313d5c94","layer":"power","name":"Excelsior Energy Center","state":"NY","detail_file":"data/details/power-plants-45.json","plant_id":"68507","capacity_mw":280.0,"status_group":"Under construction","energy_sources":"SUN","type":"Power plant","is_nuclear":false}},{"type":"Feature","geometry":{"type":"Point","coordinates":[-77.684,42.966]},"properties":{"key":"66829-9e2d18eb","layer":"power","name":"FFP - NY Werner CSG","state":"NY","detail_file":"data/details/power-plants-53.json","plant_id":"66829","capacity_mw":5.0,"status_group":"Operating","energy_sources":"SUN","type":"Power plant","is_nuclear":false}},{"type":"Feature","geometry":{"type":"Point","coordinates":[-76.062,42.83]},"properties":{"key":"70030-76a5135f","layer":"power","name":"Fabius CSG LLC","state":"NY","detail_file":"data/details/power-plants-22.json","plant_id":"70030","capacity_mw":5.0,"status_group":"Under construction","energy_sources":"SUN","type":"Power plant","is_nuclear":false}},{"type":"Feature","geometry":{"type":"Point","coordinates":[-77.046,42.814]},"properties":{"key":"61210-196161bd","layer":"power","name":"Finger Lakes Solar I","state":"NY","detail_file":"data/details/power-plants-43.json","plant_id":"61210","capacity_mw":1.9,"status_group":"Operating","energy_sources":"SUN","type":"Power plant","is_nuclear":false}},{"type":"Feature","geometry":{"type":"Point","coordinates":[-79.341,42.453]},"properties":{"key":"64692-4e0a1d51","layer":"power","name":"Fredonia Solar LLC","state":"NY","detail_file":"data/details/power-plants-10.json","plant_id":"64692","capacity_mw":1.1,"status_group":"Operating","energy_sources":"SUN","type":"Power plant","is_nuclear":false}},{"type":"Feature","geometry":{"type":"Point","coordinates":[-77.345,43.1]},"properties":{"key":"62504-3cbd9e88","layer":"power","name":"Frey Rd #1 Community Solar Farm","state":"NY","detail_file":"data/details/power-plants-02.json","plant_id":"62504","capacity_mw":2.0,"status_group":"Operating","energy_sources":"SUN","type":"Power plant","is_nuclear":false}},{"type":"Feature","geometry":{"type":"Point","coordinates":[-77.344,43.1]},"properties":{"key":"62521-f25a5b8d","layer":"power","name":"Frey Rd #2 Community Solar Farm","state":"NY","detail_file":"data/details/power-plants-02.json","plant_id":"62521","capacity_mw":1.4,"status_group":"Operating","energy_sources":"SUN","type":"Power plant","is_nuclear":false}},{"type":"Feature","geometry":{"type":"Point","coordinates":[-76.419,43.324]},"properties":{"key":"2566-567d9450","layer":"power","name":"Fulton Hydro","state":"NY","detail_file":"data/details/power-plants-17.json","plant_id":"2566","capacity_mw":1.3,"status_group":"Operating","energy_sources":"WAT","type":"Power plant","is_nuclear":false}},{"type":"Feature","geometry":{"type":"Point","coordinates":[-77.27,43.241]},"properties":{"key":"62508-5abb7db9","layer":"power","name":"Furnace Rd Community Solar Farm","state":"NY","detail_file":"data/details/power-plants-39.json","plant_id":"62508","capacity_mw":3.0,"status_group":"Operating","energy_sources":"SUN","type":"Power plant","is_nuclear":false}},{"type":"Feature","geometry":{"type":"Point","coordinates":[-76.445,42.842]},"properties":{"key":"67470-9c2a4c54","layer":"power","name":"GSPP 4643 Twelve Corners Road, LLC","state":"NY","detail_file":"data/details/power-plants-26.json","plant_id":"67470","capacity_mw":4.7,"status_group":"Operating","energy_sources":"SUN","type":"Power plant","is_nuclear":false}},{"type":"Feature","geometry":{"type":"Point","coordinates":[-78.02,43.08]},"properties":{"key":"70059-76155623","layer":"power","name":"GSPP ROUTE 262, LLC","state":"NY","detail_file":"data/details/power-plants-60.json","plant_id":"70059","capacity_mw":5.0,"status_group":"Operating","energy_sources":"SUN","type":"Power plant","is_nuclear":false}},{"type":"Feature","geometry":{"type":"Point","coordinates":[-76.183,42.116]},"properties":{"key":"62474-1aae36f4","layer":"power","name":"Gaskill Rd Community Solar Farm CSG","state":"NY","detail_file":"data/details/power-plants-24.json","plant_id":"62474","capacity_mw":5.0,"status_group":"Operating","energy_sources":"SUN","type":"Power plant","is_nuclear":false}},{"type":"Feature","geometry":{"type":"Point","coordinates":[-77.786,43.311]},"properties":{"key":"66489-16e0eb8c","layer":"power","name":"Genesee - CCR Solar","state":"NY","detail_file":"data/details/power-plants-29.json","plant_id":"66489","capacity_mw":3.7,"status_group":"Operating","energy_sources":"SUN","type":"Power plant","is_nuclear":false}},{"type":"Feature","geometry":{"type":"Point","coordinates":[-77.72,42.821]},"properties":{"key":"66777-1dc09144","layer":"power","name":"Geneseo Solar","state":"NY","detail_file":"data/details/power-plants-54.json","plant_id":"66777","capacity_mw":5.0,"status_group":"Operating","energy_sources":"SUN","type":"Power plant","is_nuclear":false}},{"type":"Feature","geometry":{"type":"Point","coordinates":[-77.018,42.865]},"properties":{"key":"69717-a478bd83","layer":"power","name":"Geneva CSG 1 LLC","state":"NY","detail_file":"data/details/power-plants-57.json","plant_id":"69717","capacity_mw":5.0,"status_group":"Operating","energy_sources":"SUN","type":"Power plant","is_nuclear":false}},{"type":"Feature","geometry":{"type":"Point","coordinates":[-77.018,42.865]},"properties":{"key":"69718-90d5ebec","layer":"power","name":"Geneva CSG 2 LLC","state":"NY","detail_file":"data/details/power-plants-03.json","plant_id":"69718","capacity_mw":4.8,"status_group":"Operating","energy_sources":"SUN","type":"Power plant","is_nuclear":false}},{"type":"Feature","geometry":{"type":"Point","coordinates":[-76.279,42.129]},"properties":{"key":"68884-1e68edcc","layer":"power","name":"Glen Mary","state":"NY","detail_file":"data/details/power-plants-51.json","plant_id":"68884","capacity_mw":3.4,"status_group":"Planned","energy_sources":"SUN","type":"Power plant","is_nuclear":false}},{"type":"Feature","geometry":{"type":"Point","coordinates":[-76.297,42.109]},"properties":{"key":"67611-b0529b69","layer":"power","name":"Glen Mary 1","state":"NY","detail_file":"data/details/power-plants-03.json","plant_id":"67611","capacity_mw":4.9,"status_group":"Operating","energy_sources":"SUN","type":"Power plant","is_nuclear":false}},{"type":"Feature","geometry":{"type":"Point","coordinates":[-76.291,42.106]},"properties":{"key":"67612-7e98dd32","layer":"power","name":"Glen Mary 2","state":"NY","detail_file":"data/details/power-plants-28.json","plant_id":"67612","capacity_mw":2.2,"status_group":"Operating","energy_sources":"SUN","type":"Power plant","is_nuclear":false}},{"type":"Feature","geometry":{"type":"Point","coordinates":[-78.391,43.236]},"properties":{"key":"2568-d7c37cca","layer":"power","name":"Glenwood Hydro","state":"NY","detail_file":"data/details/power-plants-61.json","plant_id":"2568","capacity_mw":1.5,"status_group":"Operating","energy_sources":"WAT","type":"Power plant","is_nuclear":false}},{"type":"Feature","geometry":{"type":"Point","coordinates":[-79.017,42.642]},"properties":{"key":"67442-e416d80b","layer":"power","name":"Gowans (CSG)","state":"NY","detail_file":"data/details/power-plants-37.json","plant_id":"67442","capacity_mw":3.8,"status_group":"Operating","energy_sources":"SUN","type":"Power plant","is_nuclear":false}},{"type":"Feature","geometry":{"type":"Point","coordinates":[-76.421,43.323]},"properties":{"key":"2569-29d40427","layer":"power","name":"Granby","state":"NY","detail_file":"data/details/power-plants-25.json","plant_id":"2569","capacity_mw":10.0,"status_group":"Operating","energy_sources":"WAT","type":"Power plant","is_nuclear":false}},{"type":"Feature","geometry":{"type":"Point","coordinates":[-78.642,42.204]},"properties":{"key":"69543-27f12610","layer":"power","name":"Great Valley Gernatt","state":"NY","detail_file":"data/details/power-plants-04.json","plant_id":"69543","capacity_mw":3.3,"status_group":"Operating","energy_sources":"SUN","type":"Power plant","is_nuclear":false}},{"type":"Feature","geometry":{"type":"Point","coordinates":[-76.948,42.679]},"properties":{"key":"2527-46a582ba","layer":"power","name":"Greenidge Generation LLC","state":"NY","detail_file":"data/details/power-plants-24.json","plant_id":"2527","capacity_mw":112.0,"status_group":"Operating","energy_sources":"NG","type":"Power plant","is_nuclear":false}},{"type":"Feature","geometry":{"type":"Point","coordinates":[-76.838,42.604]},"properties":{"key":"65827-1cdbd626","layer":"power","name":"Halsey Lane Solar Community Solar","state":"NY","detail_file":"data/details/power-plants-48.json","plant_id":"65827","capacity_mw":5.0,"status_group":"Operating","energy_sources":"SUN","type":"Power plant","is_nuclear":false}},{"type":"Feature","geometry":{"type":"Point","coordinates":[-76.353,42.069]},"properties":{"key":"66940-5104ea1a","layer":"power","name":"Halsey Valley","state":"NY","detail_file":"data/details/power-plants-13.json","plant_id":"66940","capacity_mw":5.0,"status_group":"Operating","energy_sources":"SUN","type":"Power plant","is_nuclear":false}},{"type":"Feature","geometry":{"type":"Point","coordinates":[-77.965,43.33]},"properties":{"key":"67213-77a6b471","layer":"power","name":"Hamlin 1","state":"NY","detail_file":"data/details/power-plants-06.json","plant_id":"67213","capacity_mw":4.5,"status_group":"Operating","energy_sources":"SUN","type":"Power plant","is_nuclear":false}},{"type":"Feature","geometry":{"type":"Point","coordinates":[-77.944,43.301]},"properties":{"key":"64679-74c642f7","layer":"power","name":"Hamlin Solar 1, LLC","state":"NY","detail_file":"data/details/power-plants-19.json","plant_id":"64679","capacity_mw":5.0,"status_group":"Operating","energy_sources":"SUN","type":"Power plant","is_nuclear":false}},{"type":"Feature","geometry":{"type":"Point","coordinates":[-79.103,42.486]},"properties":{"key":"68979-3e2d3c4b","layer":"power","name":"Hanover II PV (CSG)","state":"NY","detail_file":"data/details/power-plants-46.json","plant_id":"68979","capacity_mw":4.8,"status_group":"Operating","energy_sources":"SUN","type":"Power plant","is_nuclear":false}},{"type":"Feature","geometry":{"type":"Point","coordinates":[-79.148,42.532]},"properties":{"key":"69090-8b0a4af9","layer":"power","name":"Hanover Road","state":"NY","detail_file":"data/details/power-plants-37.json","plant_id":"69090","capacity_mw":2.7,"status_group":"Operating","energy_sources":"SUN","type":"Power plant","is_nuclear":false}},{"type":"Feature","geometry":{"type":"Point","coordinates":[-76.245,42.448]},"properties":{"key":"61030-a80b21ad","layer":"power","name":"Harford Solar Farm","state":"NY","detail_file":"data/details/power-plants-37.json","plant_id":"61030","capacity_mw":2.0,"status_group":"Operating","energy_sources":"SUN","type":"Power plant","is_nuclear":false}},{"type":"Feature","geometry":{"type":"Point","coordinates":[-77.77,42.977]},"properties":{"key":"65901-219e08a6","layer":"power","name":"Hatchery Solar","state":"NY","detail_file":"data/details/power-plants-57.json","plant_id":"65901","capacity_mw":20.0,"status_group":"Under construction","energy_sources":"SUN","type":"Power plant","is_nuclear":false}},{"type":"Feature","geometry":{"type":"Point","coordinates":[-78.23,43.097]},"properties":{"key":"64163-83b32e1e","layer":"power","name":"Hecate Energy Cider Solar LLC","state":"NY","detail_file":"data/details/power-plants-40.json","plant_id":"64163","capacity_mw":557.0,"status_group":"Under construction","energy_sources":"SUN","type":"Power plant","is_nuclear":false}},{"type":"Feature","geometry":{"type":"Point","coordinates":[-76.968,42.887]},"properties":{"key":"57648-5a6332a7","layer":"power","name":"Henkel U.S. Operations Corporation","state":"NY","detail_file":"data/details/power-plants-38.json","plant_id":"57648","capacity_mw":3.4,"status_group":"Operating","energy_sources":"WND","type":"Power plant","is_nuclear":false}},{"type":"Feature","geometry":{"type":"Point","coordinates":[-77.707,43.021]},"properties":{"key":"66221-2e979ae9","layer":"power","name":"Henrietta Solar","state":"NY","detail_file":"data/details/power-plants-63.json","plant_id":"66221","capacity_mw":5.0,"status_group":"Operating","energy_sources":"SUN","type":"Power plant","is_nuclear":false}},{"type":"Feature","geometry":{"type":"Point","coordinates":[-78.175,43.171]},"properties":{"key":"68191-3deace81","layer":"power","name":"Heritage Wind","state":"NY","detail_file":"data/details/power-plants-27.json","plant_id":"68191","capacity_mw":126.0,"status_group":"Planned","energy_sources":"WND","type":"Power plant","is_nuclear":false}},{"type":"Feature","geometry":{"type":"Point","coordinates":[-76.845,42.187]},"properties":{"key":"62831-6755c839","layer":"power","name":"Hickory Grove #1","state":"NY","detail_file":"data/details/power-plants-43.json","plant_id":"62831","capacity_mw":3.7,"status_group":"Operating","energy_sources":"SUN","type":"Power plant","is_nuclear":false}},{"type":"Feature","geometry":{"type":"Point","coordinates":[-77.382,43.082]},"properties":{"key":"50568-d9c27d1e","layer":"power","name":"High Acres Gas Recovery","state":"NY","detail_file":"data/details/power-plants-34.json","plant_id":"50568","capacity_mw":9.6,"status_group":"Operating","energy_sources":"LFG","type":"Power plant","is_nuclear":false}},{"type":"Feature","geometry":{"type":"Point","coordinates":[-76.496,43.444]},"properties":{"key":"2574-ba6e58bc","layer":"power","name":"High Dam","state":"NY","detail_file":"data/details/power-plants-44.json","plant_id":"2574","capacity_mw":11.9,"status_group":"Operating","energy_sources":"WAT","type":"Power plant","is_nuclear":false}},{"type":"Feature","geometry":{"type":"Point","coordinates":[-78.427,42.779]},"properties":{"key":"56953-b0938425","layer":"power","name":"High Sheldon Wind Farm","state":"NY","detail_file":"data/details/power-plants-33.json","plant_id":"56953","capacity_mw":112.5,"status_group":"Operating","energy_sources":"WND","type":"Power plant","is_nuclear":false}},{"type":"Feature","geometry":{"type":"Point","coordinates":[-77.914,42.737]},"properties":{"key":"65934-aebf6379","layer":"power","name":"Highbanks Solar","state":"NY","detail_file":"data/details/power-plants-35.json","plant_id":"65934","capacity_mw":20.0,"status_group":"Planned","energy_sources":"SUN","type":"Power plant","is_nuclear":false}},{"type":"Feature","geometry":{"type":"Point","coordinates":[-77.051,42.862]},"properties":{"key":"63297-dbeb5d23","layer":"power","name":"Hobart & William Smith College Gates Rd.","state":"NY","detail_file":"data/details/power-plants-61.json","plant_id":"63297","capacity_mw":2.4,"status_group":"Operating","energy_sources":"SUN","type":"Power plant","is_nuclear":false}},{"type":"Feature","geometry":{"type":"Point","coordinates":[-76.722,43.26]},"properties":{"key":"63051-47b2a53e","layer":"power","name":"Hollygrove CSG","state":"NY","detail_file":"data/details/power-plants-38.json","plant_id":"63051","capacity_mw":2.0,"status_group":"Operating","energy_sources":"SUN","type":"Power plant","is_nuclear":false}},{"type":"Feature","geometry":{"type":"Point","coordinates":[-76.1,42.659]},"properties":{"key":"65052-3c03bf71","layer":"power","name":"Homer Solar Energy Center","state":"NY","detail_file":"data/details/power-plants-41.json","plant_id":"65052","capacity_mw":90.0,"status_group":"Under construction","energy_sources":"SUN","type":"Power plant","is_nuclear":false}},{"type":"Feature","geometry":{"type":"Point","coordinates":[-78.441,42.099]},"properties":{"key":"62725-1cc0255a","layer":"power","name":"Homer Street East","state":"NY","detail_file":"data/details/power-plants-24.json","plant_id":"62725","capacity_mw":1.6,"status_group":"Operating","energy_sources":"SUN","type":"Power plant","is_nuclear":false}},{"type":"Feature","geometry":{"type":"Point","coordinates":[-78.442,42.098]},"properties":{"key":"62724-8a8d0ea6","layer":"power","name":"Homer Street West","state":"NY","detail_file":"data/details/power-plants-22.json","plant_id":"62724","capacity_mw":1.6,"status_group":"Operating","energy_sources":"SUN","type":"Power plant","is_nuclear":false}},{"type":"Feature","geometry":{"type":"Point","coordinates":[-77.453,42.571]},"properties":{"key":"63096-bcccc345","layer":"power","name":"Horseshoe Solar Energy","state":"NY","detail_file":"data/details/power-plants-51.json","plant_id":"63096","capacity_mw":180.0,"status_group":"Under construction","energy_sources":"SUN","type":"Power plant","is_nuclear":false}},{"type":"Feature","geometry":{"type":"Point","coordinates":[-78.157,42.427]},"properties":{"key":"60454-b3ddc34c","layer":"power","name":"Houghton","state":"NY","detail_file":"data/details/power-plants-49.json","plant_id":"60454","capacity_mw":2.0,"status_group":"Operating","energy_sources":"SUN","type":"Power plant","is_nuclear":false}},{"type":"Feature","geometry":{"type":"Point","coordinates":[-77.538,42.315]},"properties":{"key":"57867-0c7ad8dc","layer":"power","name":"Howard Wind Farm","state":"NY","detail_file":"data/details/power-plants-37.json","plant_id":"57867","capacity_mw":55.4,"status_group":"Operating","energy_sources":"WND","type":"Power plant","is_nuclear":false}},{"type":"Feature","geometry":{"type":"Point","coordinates":[-76.089,43.635]},"properties":{"key":"63055-7fbb2578","layer":"power","name":"Howland CSG","state":"NY","detail_file":"data/details/power-plants-63.json","plant_id":"63055","capacity_mw":2.0,"status_group":"Operating","energy_sources":"SUN","type":"Power plant","is_nuclear":false}},{"type":"Feature","geometry":{"type":"Point","coordinates":[-76.32,42.053]},"properties":{"key":"67181-0b427b70","layer":"power","name":"Hunt Creek","state":"NY","detail_file":"data/details/power-plants-42.json","plant_id":"67181","capacity_mw":4.0,"status_group":"Operating","energy_sources":"SUN","type":"Power plant","is_nuclear":false}},{"type":"Feature","geometry":{"type":"Point","coordinates":[-78.692,43.171]},"properties":{"key":"2578-d53c7316","layer":"power","name":"Hydraulic Race","state":"NY","detail_file":"data/details/power-plants-60.json","plant_id":"2578","capacity_mw":3.0,"status_group":"Operating","energy_sources":"WAT","type":"Power plant","is_nuclear":false}},{"type":"Feature","geometry":{"type":"Point","coordinates":[-78.454,42.086]},"properties":{"key":"54076-d166f4bb","layer":"power","name":"Indeck Olean Energy Center","state":"NY","detail_file":"data/details/power-plants-36.json","plant_id":"54076","capacity_mw":90.6,"status_group":"Operating","energy_sources":"NG","type":"Power plant","is_nuclear":false}},{"type":"Feature","geometry":{"type":"Point","coordinates":[-76.493,43.472]},"properties":{"key":"50450-1a3fd6cd","layer":"power","name":"Indeck Oswego Energy Center","state":"NY","detail_file":"data/details/power-plants-35.json","plant_id":"50450","capacity_mw":57.4,"status_group":"Operating","energy_sources":"NG","type":"Power plant","is_nuclear":false}},{"type":"Feature","geometry":{"type":"Point","coordinates":[-78.077,42.654]},"properties":{"key":"50449-fef3d24c","layer":"power","name":"Indeck Silver Springs Energy Center","state":"NY","detail_file":"data/details/power-plants-02.json","plant_id":"50449","capacity_mw":56.6,"status_group":"Operating","energy_sources":"NG","type":"Power plant","is_nuclear":false}},{"type":"Feature","geometry":{"type":"Point","coordinates":[-78.918,42.967]},"properties":{"key":"50451-9f32c0af","layer":"power","name":"Indeck Yerkes Energy Center","state":"NY","detail_file":"data/details/power-plants-32.json","plant_id":"50451","capacity_mw":59.9,"status_group":"Operating","energy_sources":"NG","type":"Power plant","is_nuclear":false}},{"type":"Feature","geometry":{"type":"Point","coordinates":[-77.798,42.073]},"properties":{"key":"68020-ce104055","layer":"power","name":"Independence East","state":"NY","detail_file":"data/details/power-plants-09.json","plant_id":"68020","capacity_mw":5.0,"status_group":"Operating","energy_sources":"SUN","type":"Power plant","is_nuclear":false}},{"type":"Feature","geometry":{"type":"Point","coordinates":[-77.796,42.075]},"properties":{"key":"69400-4d20b09a","layer":"power","name":"Independence North","state":"NY","detail_file":"data/details/power-plants-37.json","plant_id":"69400","capacity_mw":5.0,"status_group":"Operating","energy_sources":"SUN","type":"Power plant","is_nuclear":false}},{"type":"Feature","geometry":{"type":"Point","coordinates":[-77.823,42.089]},"properties":{"key":"68091-f00c9672","layer":"power","name":"Independence Road (CSG)","state":"NY","detail_file":"data/details/power-plants-00.json","plant_id":"68091","capacity_mw":5.0,"status_group":"Operating","energy_sources":"SUN","type":"Power plant","is_nuclear":false}},{"type":"Feature","geometry":{"type":"Point","coordinates":[-76.408,43.521]},"properties":{"key":"6110-6fab23ad","layer":"power","name":"James A Fitzpatrick","state":"NY","detail_file":"data/details/power-plants-44.json","plant_id":"6110","capacity_mw":883.3,"status_group":"Operating","energy_sources":"NUC","type":"Nuclear power plant","is_nuclear":true}},{"type":"Feature","geometry":{"type":"Point","coordinates":[-77.782,42.242]},"properties":{"key":"69096-e058fd04","layer":"power","name":"Jericho","state":"NY","detail_file":"data/details/power-plants-10.json","plant_id":"69096","capacity_mw":5.0,"status_group":"Operating","energy_sources":"SUN","type":"Power plant","is_nuclear":false}},{"type":"Feature","geometry":{"type":"Point","coordinates":[-78.66,42.908]},"properties":{"key":"66682-9f280a2c","layer":"power","name":"KCE NY 10, LLC","state":"NY","detail_file":"data/details/power-plants-40.json","plant_id":"66682","capacity_mw":20.0,"status_group":"Planned","energy_sources":"MWH","type":"Power plant","is_nuclear":false}},{"type":"Feature","geometry":{"type":"Point","coordinates":[-78.071,43.329]},"properties":{"key":"67141-0353344a","layer":"power","name":"Kendall DG Solar","state":"NY","detail_file":"data/details/power-plants-59.json","plant_id":"67141","capacity_mw":5.0,"status_group":"Operating","energy_sources":"SUN","type":"Power plant","is_nuclear":false}},{"type":"Feature","geometry":{"type":"Point","coordinates":[-78.89,43.19]},"properties":{"key":"68646-a39528e4","layer":"power","name":"Kilmer","state":"NY","detail_file":"data/details/power-plants-18.json","plant_id":"68646","capacity_mw":5.0,"status_group":"Operating","energy_sources":"SUN","type":"Power plant","is_nuclear":false}},{"type":"Feature","geometry":{"type":"Point","coordinates":[-78.46,43.013]},"properties":{"key":"64716-e888d61d","layer":"power","name":"Knapp East (CSG)","state":"NY","detail_file":"data/details/power-plants-00.json","plant_id":"64716","capacity_mw":5.0,"status_group":"Operating","energy_sources":"SUN","type":"Power plant","is_nuclear":false}},{"type":"Feature","geometry":{"type":"Point","coordinates":[-78.461,43.015]},"properties":{"key":"64720-7a646f46","layer":"power","name":"Knapp West(CSG)","state":"NY","detail_file":"data/details/power-plants-08.json","plant_id":"64720","capacity_mw":5.0,"status_group":"Operating","energy_sources":"SUN","type":"Power plant","is_nuclear":false}},{"type":"Feature","geometry":{"type":"Point","coordinates":[-77.807,42.069]},"properties":{"key":"66735-9bf63180","layer":"power","name":"Kosa","state":"NY","detail_file":"data/details/power-plants-40.json","plant_id":"66735","capacity_mw":1.5,"status_group":"Operating","energy_sources":"SUN","type":"Power plant","is_nuclear":false}},{"type":"Feature","geometry":{"type":"Point","coordinates":[-78.914,43.122]},"properties":{"key":"65723-6bd3e560","layer":"power","name":"LR Wheatfield Solar 1","state":"NY","detail_file":"data/details/power-plants-56.json","plant_id":"65723","capacity_mw":5.0,"status_group":"Operating","energy_sources":"SUN","type":"Power plant","is_nuclear":false}},{"type":"Feature","geometry":{"type":"Point","coordinates":[-77.04,42.309]},"properties":{"key":"66442-e145e5d4","layer":"power","name":"LSE Musca Solar","state":"NY","detail_file":"data/details/power-plants-62.json","plant_id":"66442","capacity_mw":5.0,"status_group":"Operating","energy_sources":"SUN","type":"Power plant","is_nuclear":false}},{"type":"Feature","geometry":{"type":"Point","coordinates":[-76.566,42.593]},"properties":{"key":"63337-d7263c5e","layer":"power","name":"Lansing Renewables, LLC","state":"NY","detail_file":"data/details/power-plants-04.json","plant_id":"63337","capacity_mw":8.0,"status_group":"Operating","energy_sources":"MWH; SUN","type":"Power plant","is_nuclear":false}},{"type":"Feature","geometry":{"type":"Point","coordinates":[-78.035,43.049]},"properties":{"key":"67639-1a53b39e","layer":"power","name":"Leatherleaf","state":"NY","detail_file":"data/details/power-plants-51.json","plant_id":"67639","capacity_mw":5.0,"status_group":"Under construction","energy_sources":"SUN","type":"Power plant","is_nuclear":false}},{"type":"Feature","geometry":{"type":"Point","coordinates":[-78.18,42.619]},"properties":{"key":"61389-2deacb63","layer":"power","name":"Letchworth Solar Project","state":"NY","detail_file":"data/details/power-plants-46.json","plant_id":"61389","capacity_mw":1.2,"status_group":"Operating","energy_sources":"SUN","type":"Power plant","is_nuclear":false}},{"type":"Feature","geometry":{"type":"Point","coordinates":[-79.022,43.143]},"properties":{"key":"2692-f97f367a","layer":"power","name":"Lewiston Niagara","state":"NY","detail_file":"data/details/power-plants-16.json","plant_id":"2692","capacity_mw":240.0,"status_group":"Operating","energy_sources":"WAT","type":"Power plant","is_nuclear":false}},{"type":"Feature","geometry":{"type":"Point","coordinates":[-78.158,43.02]},"properties":{"key":"61469-a1386d56","layer":"power","name":"Lichtenthal","state":"NY","detail_file":"data/details/power-plants-32.json","plant_id":"61469","capacity_mw":2.0,"status_group":"Operating","energy_sources":"SUN","type":"Power plant","is_nuclear":false}},{"type":"Feature","geometry":{"type":"Point","coordinates":[-76.189,43.11]},"properties":{"key":"61739-44916b83","layer":"power","name":"Lockheed Martin RMS Syracuse","state":"NY","detail_file":"data/details/power-plants-44.json","plant_id":"61739","capacity_mw":1.0,"status_group":"Operating","energy_sources":"MWH","type":"Power plant","is_nuclear":false}},{"type":"Feature","geometry":{"type":"Point","coordinates":[-78.745,43.162]},"properties":{"key":"54041-8f18ccdb","layer":"power","name":"Lockport Energy Associates LP","state":"NY","detail_file":"data/details/power-plants-39.json","plant_id":"54041","capacity_mw":221.3,"status_group":"Operating","energy_sources":"NG","type":"Power plant","is_nuclear":false}},{"type":"Feature","geometry":{"type":"Point","coordinates":[-76.844,42.588]},"properties":{"key":"69205-007c3203","layer":"power","name":"Lodi I","state":"NY","detail_file":"data/details/power-plants-48.json","plant_id":"69205","capacity_mw":5.0,"status_group":"Under construction","energy_sources":"SUN","type":"Power plant","is_nuclear":false}},{"type":"Feature","geometry":{"type":"Point","coordinates":[-76.844,42.587]},"properties":{"key":"69206-a27567df","layer":"power","name":"Lodi II","state":"NY","detail_file":"data/details/power-plants-43.json","plant_id":"69206","capacity_mw":5.0,"status_group":"Under construction","energy_sources":"SUN","type":"Power plant","is_nuclear":false}},{"type":"Feature","geometry":{"type":"Point","coordinates":[-76.388,43.22]},"properties":{"key":"69375-79eb0d50","layer":"power","name":"Lysander III PV","state":"NY","detail_file":"data/details/power-plants-35.json","plant_id":"69375","capacity_mw":2.4,"status_group":"Under construction","energy_sources":"SUN","type":"Power plant","is_nuclear":false}},{"type":"Feature","geometry":{"type":"Point","coordinates":[-77.346,43.059]},"properties":{"key":"63407-4b0e6fa0","layer":"power","name":"Macedon","state":"NY","detail_file":"data/details/power-plants-08.json","plant_id":"63407","capacity_mw":2.0,"status_group":"Operating","energy_sources":"SUN","type":"Power plant","is_nuclear":false}},{"type":"Feature","geometry":{"type":"Point","coordinates":[-77.268,43.084]},"properties":{"key":"70002-2f7b1c89","layer":"power","name":"Macedon CSG LLC","state":"NY","detail_file":"data/details/power-plants-54.json","plant_id":"70002","capacity_mw":5.0,"status_group":"Under construction","energy_sources":"SUN","type":"Power plant","is_nuclear":false}},{"type":"Feature","geometry":{"type":"Point","coordinates":[-78.491,42.409]},"properties":{"key":"69376-78b04d15","layer":"power","name":"Machias PV","state":"NY","detail_file":"data/details/power-plants-61.json","plant_id":"69376","capacity_mw":2.0,"status_group":"Operating","energy_sources":"SUN","type":"Power plant","is_nuclear":false}},{"type":"Feature","geometry":{"type":"Point","coordinates":[-77.695,42.47]},"properties":{"key":"66750-6d178ecc","layer":"power","name":"Mahany","state":"NY","detail_file":"data/details/power-plants-17.json","plant_id":"66750","capacity_mw":3.0,"status_group":"Operating","energy_sources":"SUN","type":"Power plant","is_nuclear":false}},{"type":"Feature","geometry":{"type":"Point","coordinates":[-78.505,42.998]},"properties":{"key":"64717-92546c94","layer":"power","name":"Main Rd Community Solar","state":"NY","detail_file":"data/details/power-plants-39.json","plant_id":"64717","capacity_mw":5.0,"status_group":"Operating","energy_sources":"SUN","type":"Power plant","is_nuclear":false}},{"type":"Feature","geometry":{"type":"Point","coordinates":[-76.137,43.267]},"properties":{"key":"69383-dfdc3da6","layer":"power","name":"Mallory South PV I","state":"NY","detail_file":"data/details/power-plants-17.json","plant_id":"69383","capacity_mw":5.0,"status_group":"Under construction","energy_sources":"SUN","type":"Power plant","is_nuclear":false}},{"type":"Feature","geometry":{"type":"Point","coordinates":[-76.137,43.267]},"properties":{"key":"69384-09090fc4","layer":"power","name":"Mallory South PV II","state":"NY","detail_file":"data/details/power-plants-08.json","plant_id":"69384","capacity_mw":5.0,"status_group":"Under construction","energy_sources":"SUN","type":"Power plant","is_nuclear":false}},{"type":"Feature","geometry":{"type":"Point","coordinates":[-76.025,43.046]},"properties":{"key":"68704-63682a8d","layer":"power","name":"Manilus","state":"NY","detail_file":"data/details/power-plants-08.json","plant_id":"68704","capacity_mw":4.5,"status_group":"Operating","energy_sources":"SUN","type":"Power plant","is_nuclear":false}},{"type":"Feature","geometry":{"type":"Point","coordinates":[-77.985,43.194]},"properties":{"key":"68650-2184963e","layer":"power","name":"Mantisi","state":"NY","detail_file":"data/details/power-plants-22.json","plant_id":"68650","capacity_mw":5.0,"status_group":"Operating","energy_sources":"SUN","type":"Power plant","is_nuclear":false}},{"type":"Feature","geometry":{"type":"Point","coordinates":[-77.529,42.164]},"properties":{"key":"58768-82d5049d","layer":"power","name":"Marsh Hill Wind Farm","state":"NY","detail_file":"data/details/power-plants-42.json","plant_id":"58768","capacity_mw":16.2,"status_group":"Operating","energy_sources":"WND","type":"Power plant","is_nuclear":false}},{"type":"Feature","geometry":{"type":"Point","coordinates":[-77.806,42.153]},"properties":{"key":"67248-9c463236","layer":"power","name":"McCormick NY CSG LLC","state":"NY","detail_file":"data/details/power-plants-51.json","plant_id":"67248","capacity_mw":5.0,"status_group":"Operating","energy_sources":"SUN","type":"Power plant","is_nuclear":false}},{"type":"Feature","geometry":{"type":"Point","coordinates":[-76.165,43.43]},"properties":{"key":"69828-9a861ef4","layer":"power","name":"Mexico PV, LLC","state":"NY","detail_file":"data/details/power-plants-49.json","plant_id":"69828","capacity_mw":4.5,"status_group":"Under construction","energy_sources":"SUN","type":"Power plant","is_nuclear":false}},{"type":"Feature","geometry":{"type":"Point","coordinates":[-77.933,43.064]},"properties":{"key":"61012-ba8dab90","layer":"power","name":"Mill Seat Renewable Energy Facility","state":"NY","detail_file":"data/details/power-plants-57.json","plant_id":"61012","capacity_mw":6.4,"status_group":"Operating","energy_sources":"LFG","type":"Power plant","is_nuclear":false}},{"type":"Feature","geometry":{"type":"Point","coordinates":[-78.791,42.992]},"properties":{"key":"65309-f00478d7","layer":"power","name":"Millersport GM 1","state":"NY","detail_file":"data/details/power-plants-63.json","plant_id":"65309","capacity_mw":5.0,"status_group":"Operating","energy_sources":"SUN","type":"Power plant","is_nuclear":false}},{"type":"Feature","geometry":{"type":"Point","coordinates":[-76.474,43.4]},"properties":{"key":"2586-21774bf7","layer":"power","name":"Minetto","state":"NY","detail_file":"data/details/power-plants-37.json","plant_id":"2586","capacity_mw":10.0,"status_group":"Operating","energy_sources":"WAT","type":"Power plant","is_nuclear":false}},{"type":"Feature","geometry":{"type":"Point","coordinates":[-78.984,43.209]},"properties":{"key":"55757-34e830cf","layer":"power","name":"Model City Energy Facility","state":"NY","detail_file":"data/details/power-plants-23.json","plant_id":"55757","capacity_mw":5.6,"status_group":"Operating","energy_sources":"LFG","type":"Power plant","is_nuclear":false}},{"type":"Feature","geometry":{"type":"Point","coordinates":[-78.984,43.209]},"properties":{"key":"56323-716eee6c","layer":"power","name":"Modern Innovative Energy LLC","state":"NY","detail_file":"data/details/power-plants-19.json","plant_id":"56323","capacity_mw":6.4,"status_group":"Operating","energy_sources":"LFG","type":"Power plant","is_nuclear":false}},{"type":"Feature","geometry":{"type":"Point","coordinates":[-77.61,43.104]},"properties":{"key":"58201-3d782df3","layer":"power","name":"Monroe Community College Plant","state":"NY","detail_file":"data/details/power-plants-35.json","plant_id":"58201","capacity_mw":5.6,"status_group":"Operating","energy_sources":"NG","type":"Power plant","is_nuclear":false}},{"type":"Feature","geometry":{"type":"Point","coordinates":[-77.392,43.174]},"properties":{"key":"61509-c22e1f6d","layer":"power","name":"Monroe County Sites A & B","state":"NY","detail_file":"data/details/power-plants-28.json","plant_id":"61509","capacity_mw":3.4,"status_group":"Operating","energy_sources":"SUN","type":"Power plant","is_nuclear":false}},{"type":"Feature","geometry":{"type":"Point","coordinates":[-77.74,43.319]},"properties":{"key":"61510-930a4880","layer":"power","name":"Monroe County Sites C, D, & E","state":"NY","detail_file":"data/details/power-plants-20.json","plant_id":"61510","capacity_mw":6.0,"status_group":"Operating","energy_sources":"SUN","type":"Power plant","is_nuclear":false}},{"type":"Feature","geometry":{"type":"Point","coordinates":[-78.903,43.213]},"properties":{"key":"64091-488956e4","layer":"power","name":"Moore Road Community Solar","state":"NY","detail_file":"data/details/power-plants-18.json","plant_id":"64091","capacity_mw":5.0,"status_group":"Operating","energy_sources":"SUN","type":"Power plant","is_nuclear":false}},{"type":"Feature","geometry":{"type":"Point","coordinates":[-77.891,42.663]},"properties":{"key":"68274-d9a76366","layer":"power","name":"Morris Ridge Solar","state":"NY","detail_file":"data/details/power-plants-19.json","plant_id":"68274","capacity_mw":177.0,"status_group":"Operating","energy_sources":"SUN","type":"Power plant","is_nuclear":false}},{"type":"Feature","geometry":{"type":"Point","coordinates":[-76.664,42.731]},"properties":{"key":"61003-b11f4025","layer":"power","name":"Musgrave East Solar Farm","state":"NY","detail_file":"data/details/power-plants-07.json","plant_id":"61003","capacity_mw":2.0,"status_group":"Operating","energy_sources":"SUN","type":"Power plant","is_nuclear":false}},{"type":"Feature","geometry":{"type":"Point","coordinates":[-76.664,42.731]},"properties":{"key":"61015-77ccc01c","layer":"power","name":"Musgrave West Solar Farm","state":"NY","detail_file":"data/details/power-plants-49.json","plant_id":"61015","capacity_mw":2.0,"status_group":"Operating","energy_sources":"SUN","type":"Power plant","is_nuclear":false}},{"type":"Feature","geometry":{"type":"Point","coordinates":[-76.608,42.922]},"properties":{"key":"67592-707eebbf","layer":"power","name":"NSF Aurelius Site 1 LLC","state":"NY","detail_file":"data/details/power-plants-18.json","plant_id":"67592","capacity_mw":5.0,"status_group":"Operating","energy_sources":"SUN","type":"Power plant","is_nuclear":false}},{"type":"Feature","geometry":{"type":"Point","coordinates":[-76.603,42.923]},"properties":{"key":"67593-c07ee64b","layer":"power","name":"NSF Aurelius Site 2, LLC","state":"NY","detail_file":"data/details/power-plants-24.json","plant_id":"67593","capacity_mw":5.0,"status_group":"Operating","energy_sources":"SUN","type":"Power plant","is_nuclear":false}},{"type":"Feature","geometry":{"type":"Point","coordinates":[-76.608,42.919]},"properties":{"key":"67594-dea65b1a","layer":"power","name":"NSF Aurelius Site 3 LLC","state":"NY","detail_file":"data/details/power-plants-10.json","plant_id":"67594","capacity_mw":5.0,"status_group":"Operating","energy_sources":"SUN","type":"Power plant","is_nuclear":false}},{"type":"Feature","geometry":{"type":"Point","coordinates":[-76.604,42.919]},"properties":{"key":"67595-ca14ed74","layer":"power","name":"NSF Aurelius Site 4 LLC","state":"NY","detail_file":"data/details/power-plants-30.json","plant_id":"67595","capacity_mw":4.9,"status_group":"Operating","energy_sources":"SUN","type":"Power plant","is_nuclear":false}},{"type":"Feature","geometry":{"type":"Point","coordinates":[-76.498,42.352]},"properties":{"key":"69409-50e324ab","layer":"power","name":"NSF Danby Site 1, LLC","state":"NY","detail_file":"data/details/power-plants-33.json","plant_id":"69409","capacity_mw":5.0,"status_group":"Operating","energy_sources":"SUN","type":"Power plant","is_nuclear":false}},{"type":"Feature","geometry":{"type":"Point","coordinates":[-76.494,42.353]},"properties":{"key":"69410-5fdbfa38","layer":"power","name":"NSF Danby Site 2, LLC","state":"NY","detail_file":"data/details/power-plants-03.json","plant_id":"69410","capacity_mw":5.0,"status_group":"Operating","energy_sources":"SUN","type":"Power plant","is_nuclear":false}},{"type":"Feature","geometry":{"type":"Point","coordinates":[-76.494,42.353]},"properties":{"key":"69412-74a12403","layer":"power","name":"NSF Danby Site 3, LLC","state":"NY","detail_file":"data/details/power-plants-30.json","plant_id":"69412","capacity_mw":3.0,"status_group":"Operating","energy_sources":"SUN","type":"Power plant","is_nuclear":false}},{"type":"Feature","geometry":{"type":"Point","coordinates":[-76.935,42.659]},"properties":{"key":"67606-86e3e32e","layer":"power","name":"NSF Torrey Site 1","state":"NY","detail_file":"data/details/power-plants-25.json","plant_id":"67606","capacity_mw":4.6,"status_group":"Operating","energy_sources":"SUN","type":"Power plant","is_nuclear":false}},{"type":"Feature","geometry":{"type":"Point","coordinates":[-76.931,42.659]},"properties":{"key":"67605-7ab34cae","layer":"power","name":"NSF Torrey Site 2","state":"NY","detail_file":"data/details/power-plants-35.json","plant_id":"67605","capacity_mw":5.0,"status_group":"Operating","energy_sources":"SUN","type":"Power plant","is_nuclear":false}},{"type":"Feature","geometry":{"type":"Point","coordinates":[-76.927,42.659]},"properties":{"key":"67604-806b54c7","layer":"power","name":"NSF Torrey Site 3","state":"NY","detail_file":"data/details/power-plants-34.json","plant_id":"67604","capacity_mw":5.0,"status_group":"Operating","energy_sources":"SUN","type":"Power plant","is_nuclear":false}},{"type":"Feature","geometry":{"type":"Point","coordinates":[-76.076,42.13]},"properties":{"key":"69505-168725f6","layer":"power","name":"NSF Union","state":"NY","detail_file":"data/details/power-plants-30.json","plant_id":"69505","capacity_mw":14.8,"status_group":"Operating","energy_sources":"SUN","type":"Power plant","is_nuclear":false}},{"type":"Feature","geometry":{"type":"Point","coordinates":[-78.257,42.866]},"properties":{"key":"67136-d3fdb80a","layer":"power","name":"NY Attica 264 Maplewood Rd","state":"NY","detail_file":"data/details/power-plants-57.json","plant_id":"67136","capacity_mw":3.6,"status_group":"Operating","energy_sources":"SUN","type":"Power plant","is_nuclear":false}},{"type":"Feature","geometry":{"type":"Point","coordinates":[-77.73,42.9]},"properties":{"key":"67045-deede061","layer":"power","name":"NY Avon I CSG","state":"NY","detail_file":"data/details/power-plants-46.json","plant_id":"67045","capacity_mw":5.0,"status_group":"Operating","energy_sources":"SUN","type":"Power plant","is_nuclear":false}},{"type":"Feature","geometry":{"type":"Point","coordinates":[-76.947,42.295]},"properties":{"key":"66523-0fdda384","layer":"power","name":"NY Beaver Dams Dix 1239 Duvall Rd Solar","state":"NY","detail_file":"data/details/power-plants-16.json","plant_id":"66523","capacity_mw":5.0,"status_group":"Operating","energy_sources":"SUN","type":"Power plant","is_nuclear":false}},{"type":"Feature","geometry":{"type":"Point","coordinates":[-76.738,42.174]},"properties":{"key":"68003-d07da683","layer":"power","name":"NY Breesport 625 Breesport Rd","state":"NY","detail_file":"data/details/power-plants-57.json","plant_id":"68003","capacity_mw":3.5,"status_group":"Operating","energy_sources":"SUN","type":"Power plant","is_nuclear":false}},{"type":"Feature","geometry":{"type":"Point","coordinates":[-78.185,43.064]},"properties":{"key":"67609-45db1d97","layer":"power","name":"NY ELBA 7195 OAK ORCHARD RD - Genesee 1","state":"NY","detail_file":"data/details/power-plants-43.json","plant_id":"67609","capacity_mw":5.0,"status_group":"Under construction","energy_sources":"SUN","type":"Power plant","is_nuclear":false}},{"type":"Feature","geometry":{"type":"Point","coordinates":[-78.953,42.681]},"properties":{"key":"67589-c8d70798","layer":"power","name":"NY Evans 7690 SW Blvd - SL Evans Array 1","state":"NY","detail_file":"data/details/power-plants-37.json","plant_id":"67589","capacity_mw":4.3,"status_group":"Operating","energy_sources":"SUN","type":"Power plant","is_nuclear":false}},{"type":"Feature","geometry":{"type":"Point","coordinates":[-78.954,42.679]},"properties":{"key":"67590-0e5f6ea1","layer":"power","name":"NY Evans 7690 SW Blvd - SL Evans Array 2","state":"NY","detail_file":"data/details/power-plants-39.json","plant_id":"67590","capacity_mw":4.0,"status_group":"Operating","energy_sources":"SUN","type":"Power plant","is_nuclear":false}},{"type":"Feature","geometry":{"type":"Point","coordinates":[-79.302,42.431]},"properties":{"key":"66525-554b7264","layer":"power","name":"NY Fredonia 9824 Route 60 Solar","state":"NY","detail_file":"data/details/power-plants-29.json","plant_id":"66525","capacity_mw":5.0,"status_group":"Operating","energy_sources":"SUN","type":"Power plant","is_nuclear":false}},{"type":"Feature","geometry":{"type":"Point","coordinates":[-77.718,42.847]},"properties":{"key":"66526-8c235a15","layer":"power","name":"NY Geneseo 3240 W Lake Rd Solar","state":"NY","detail_file":"data/details/power-plants-24.json","plant_id":"66526","capacity_mw":5.0,"status_group":"Operating","energy_sources":"SUN","type":"Power plant","is_nuclear":false}},{"type":"Feature","geometry":{"type":"Point","coordinates":[-78.921,43.028]},"properties":{"key":"66527-e8f0b91b","layer":"power","name":"NY Grand Island 871 Whitehaven Rd Solar","state":"NY","detail_file":"data/details/power-plants-53.json","plant_id":"66527","capacity_mw":5.0,"status_group":"Operating","energy_sources":"SUN","type":"Power plant","is_nuclear":false}},{"type":"Feature","geometry":{"type":"Point","coordinates":[-78.618,42.953]},"properties":{"key":"66528-fcc4a9d9","layer":"power","name":"NY Lancaster Gunnville Rd Site 1 Solar C","state":"NY","detail_file":"data/details/power-plants-43.json","plant_id":"66528","capacity_mw":5.0,"status_group":"Operating","energy_sources":"SUN","type":"Power plant","is_nuclear":false}},{"type":"Feature","geometry":{"type":"Point","coordinates":[-77.146,43.033]},"properties":{"key":"67586-bb2dd8e4","layer":"power","name":"NY Newark ST RT 31 - Environomics S2","state":"NY","detail_file":"data/details/power-plants-55.json","plant_id":"67586","capacity_mw":4.0,"status_group":"Operating","energy_sources":"SUN","type":"Power plant","is_nuclear":false}},{"type":"Feature","geometry":{"type":"Point","coordinates":[-77.148,43.035]},"properties":{"key":"67571-f592e81b","layer":"power","name":"NY Newark St Rt 31 - Environomics S1","state":"NY","detail_file":"data/details/power-plants-62.json","plant_id":"67571","capacity_mw":5.0,"status_group":"Operating","energy_sources":"SUN","type":"Power plant","is_nuclear":false}},{"type":"Feature","geometry":{"type":"Point","coordinates":[-78.053,42.877]},"properties":{"key":"67610-14dee25a","layer":"power","name":"NY PAVILION 6464 SHEPARD RD - Genesee 4","state":"NY","detail_file":"data/details/power-plants-16.json","plant_id":"67610","capacity_mw":4.3,"status_group":"Operating","energy_sources":"SUN","type":"Power plant","is_nuclear":false}},{"type":"Feature","geometry":{"type":"Point","coordinates":[-78.37,43.281]},"properties":{"key":"67227-6fe920b2","layer":"power","name":"NY Ridgeway I CSG","state":"NY","detail_file":"data/details/power-plants-06.json","plant_id":"67227","capacity_mw":3.0,"status_group":"Operating","energy_sources":"SUN","type":"Power plant","is_nuclear":false}},{"type":"Feature","geometry":{"type":"Point","coordinates":[-79.602,42.156]},"properties":{"key":"67034-9f12ce46","layer":"power","name":"NY SHERMAN 176 W MAIN ST - SL 1","state":"NY","detail_file":"data/details/power-plants-24.json","plant_id":"67034","capacity_mw":4.7,"status_group":"Operating","energy_sources":"SUN","type":"Power plant","is_nuclear":false}},{"type":"Feature","geometry":{"type":"Point","coordinates":[-79.602,42.156]},"properties":{"key":"67035-bfcd77ea","layer":"power","name":"NY SHERMAN 191 W MAIN ST - SL 2","state":"NY","detail_file":"data/details/power-plants-42.json","plant_id":"67035","capacity_mw":5.0,"status_group":"Operating","energy_sources":"SUN","type":"Power plant","is_nuclear":false}},{"type":"Feature","geometry":{"type":"Point","coordinates":[-76.355,43.147]},"properties":{"key":"66856-4af99f36","layer":"power","name":"NY Sorrell Hill II CSG","state":"NY","detail_file":"data/details/power-plants-06.json","plant_id":"66856","capacity_mw":5.0,"status_group":"Operating","energy_sources":"SUN","type":"Power plant","is_nuclear":false}},{"type":"Feature","geometry":{"type":"Point","coordinates":[-76.294,43.1]},"properties":{"key":"66752-416cc4ae","layer":"power","name":"NY Van Buren II CSG","state":"NY","detail_file":"data/details/power-plants-44.json","plant_id":"66752","capacity_mw":3.0,"status_group":"Operating","energy_sources":"SUN","type":"Power plant","is_nuclear":false}},{"type":"Feature","geometry":{"type":"Point","coordinates":[-77.764,42.92]},"properties":{"key":"63781-7f4aa8a5","layer":"power","name":"NY- CSG- Livingston 4","state":"NY","detail_file":"data/details/power-plants-40.json","plant_id":"63781","capacity_mw":2.0,"status_group":"Operating","energy_sources":"SUN","type":"Power plant","is_nuclear":false}},{"type":"Feature","geometry":{"type":"Point","coordinates":[-78.828,42.804]},"properties":{"key":"65692-477dd777","layer":"power","name":"NY6 Battery","state":"NY","detail_file":"data/details/power-plants-24.json","plant_id":"65692","capacity_mw":20.0,"status_group":"Operating","energy_sources":"MWH","type":"Power plant","is_nuclear":false}},{"type":"Feature","geometry":{"type":"Point","coordinates":[-77.968,42.552]},"properties":{"key":"66225-138eb982","layer":"power","name":"NY70 Solar","state":"NY","detail_file":"data/details/power-plants-50.json","plant_id":"66225","capacity_mw":5.0,"status_group":"Operating","energy_sources":"SUN","type":"Power plant","is_nuclear":false}},{"type":"Feature","geometry":{"type":"Point","coordinates":[-78.988,43.022]},"properties":{"key":"69472-d7490c83","layer":"power","name":"NYSolar06","state":"NY","detail_file":"data/details/power-plants-62.json","plant_id":"69472","capacity_mw":3.5,"status_group":"Under construction","energy_sources":"SUN","type":"Power plant","is_nuclear":false}},{"type":"Feature","geometry":{"type":"Point","coordinates":[-78.729,43.059]},"properties":{"key":"69876-751d0e9e","layer":"power","name":"New Road","state":"NY","detail_file":"data/details/power-plants-32.json","plant_id":"69876","capacity_mw":5.0,"status_group":"Operating","energy_sources":"SUN","type":"Power plant","is_nuclear":false}},{"type":"Feature","geometry":{"type":"Point","coordinates":[-76.564,42.391]},"properties":{"key":"62582-7c575ac5","layer":"power","name":"Newfield Community Solar LLC","state":"NY","detail_file":"data/details/power-plants-30.json","plant_id":"62582","capacity_mw":12.0,"status_group":"Operating","energy_sources":"SUN","type":"Power plant","is_nuclear":false}},{"type":"Feature","geometry":{"type":"Point","coordinates":[-78.826,43.296]},"properties":{"key":"67641-058af073","layer":"power","name":"Niagara (NY)","state":"NY","detail_file":"data/details/power-plants-45.json","plant_id":"67641","capacity_mw":4.2,"status_group":"Operating","energy_sources":"SUN","type":"Power plant","is_nuclear":false}},{"type":"Feature","geometry":{"type":"Point","coordinates":[-79.007,43.119]},"properties":{"key":"66040-380e19ec","layer":"power","name":"Niagara Depot Solar","state":"NY","detail_file":"data/details/power-plants-57.json","plant_id":"66040","capacity_mw":3.5,"status_group":"Operating","energy_sources":"SUN","type":"Power plant","is_nuclear":false}},{"type":"Feature","geometry":{"type":"Point","coordinates":[-78.904,43.208]},"properties":{"key":"68067-7ff9f8a7","layer":"power","name":"Niagara Solar Project","state":"NY","detail_file":"data/details/power-plants-31.json","plant_id":"68067","capacity_mw":5.0,"status_group":"Operating","energy_sources":"SUN","type":"Power plant","is_nuclear":false}},{"type":"Feature","geometry":{"type":"Point","coordinates":[-76.41,43.521]},"properties":{"key":"2589-7be2013d","layer":"power","name":"Nine Mile Point Nuclear Station","state":"NY","detail_file":"data/details/power-plants-30.json","plant_id":"2589","capacity_mw":1901.1,"status_group":"Operating","energy_sources":"NUC","type":"Nuclear power plant","is_nuclear":true}},{"type":"Feature","geometry":{"type":"Point","coordinates":[-76.219,42.411]},"properties":{"key":"69389-9844a36b","layer":"power","name":"O'Brien 1","state":"NY","detail_file":"data/details/power-plants-61.json","plant_id":"69389","capacity_mw":5.0,"status_group":"Operating","energy_sources":"SUN","type":"Power plant","is_nuclear":false}},{"type":"Feature","geometry":{"type":"Point","coordinates":[-76.219,42.411]},"properties":{"key":"69390-ac739a59","layer":"power","name":"O'Brien 2","state":"NY","detail_file":"data/details/power-plants-18.json","plant_id":"69390","capacity_mw":5.0,"status_group":"Operating","energy_sources":"SUN","type":"Power plant","is_nuclear":false}},{"type":"Feature","geometry":{"type":"Point","coordinates":[-76.39,43.191]},"properties":{"key":"65459-07086a13","layer":"power","name":"OYA Church Road","state":"NY","detail_file":"data/details/power-plants-36.json","plant_id":"65459","capacity_mw":5.0,"status_group":"Operating","energy_sources":"SUN","type":"Power plant","is_nuclear":false}},{"type":"Feature","geometry":{"type":"Point","coordinates":[-77.877,42.875]},"properties":{"key":"65436-6d3a1c7f","layer":"power","name":"OYA Main Street","state":"NY","detail_file":"data/details/power-plants-29.json","plant_id":"65436","capacity_mw":5.0,"status_group":"Operating","energy_sources":"SUN","type":"Power plant","is_nuclear":false}},{"type":"Feature","geometry":{"type":"Point","coordinates":[-76.18,43.583]},"properties":{"key":"65435-1d2a6708","layer":"power","name":"OYA Pulaski","state":"NY","detail_file":"data/details/power-plants-58.json","plant_id":"65435","capacity_mw":3.5,"status_group":"Operating","energy_sources":"SUN","type":"Power plant","is_nuclear":false}},{"type":"Feature","geometry":{"type":"Point","coordinates":[-76.224,43.184]},"properties":{"key":"60097-418df009","layer":"power","name":"Onondaga County - Metro Water Board","state":"NY","detail_file":"data/details/power-plants-32.json","plant_id":"60097","capacity_mw":1.0,"status_group":"Operating","energy_sources":"SUN","type":"Power plant","is_nuclear":false}},{"type":"Feature","geometry":{"type":"Point","coordinates":[-76.13,43.173]},"properties":{"key":"60098-54e45203","layer":"power","name":"Onondaga County - Oak Orchard WWTP","state":"NY","detail_file":"data/details/power-plants-04.json","plant_id":"60098","capacity_mw":2.0,"status_group":"Operating","energy_sources":"SUN","type":"Power plant","is_nuclear":false}},{"type":"Feature","geometry":{"type":"Point","coordinates":[-76.115,43.005]},"properties":{"key":"50662-6859f815","layer":"power","name":"Onondaga County Resource Recovery","state":"NY","detail_file":"data/details/power-plants-21.json","plant_id":"50662","capacity_mw":39.5,"status_group":"Operating","energy_sources":"MSW","type":"Power plant","is_nuclear":false}},{"type":"Feature","geometry":{"type":"Point","coordinates":[-76.516,43.429]},"properties":{"key":"60462-f94395d4","layer":"power","name":"Onondaga County- Clearwater","state":"NY","detail_file":"data/details/power-plants-20.json","plant_id":"60462","capacity_mw":2.0,"status_group":"Operating","energy_sources":"SUN","type":"Power plant","is_nuclear":false}},{"type":"Feature","geometry":{"type":"Point","coordinates":[-76.064,42.987]},"properties":{"key":"60232-440df2ed","layer":"power","name":"Onondaga County- Jamesville","state":"NY","detail_file":"data/details/power-plants-39.json","plant_id":"60232","capacity_mw":2.0,"status_group":"Operating","energy_sources":"SUN","type":"Power plant","is_nuclear":false}},{"type":"Feature","geometry":{"type":"Point","coordinates":[-77.111,42.965]},"properties":{"key":"68004-fff6f550","layer":"power","name":"Ontario 2 CDG","state":"NY","detail_file":"data/details/power-plants-23.json","plant_id":"68004","capacity_mw":5.0,"status_group":"Operating","energy_sources":"SUN","type":"Power plant","is_nuclear":false}},{"type":"Feature","geometry":{"type":"Point","coordinates":[-77.087,42.859]},"properties":{"key":"56250-55083b3a","layer":"power","name":"Ontario LFGTE","state":"NY","detail_file":"data/details/power-plants-02.json","plant_id":"56250","capacity_mw":11.2,"status_group":"Operating","energy_sources":"LFG","type":"Power plant","is_nuclear":false}},{"type":"Feature","geometry":{"type":"Point","coordinates":[-76.156,43.644]},"properties":{"key":"65165-9a0a5c38","layer":"power","name":"Ontario Sun","state":"NY","detail_file":"data/details/power-plants-36.json","plant_id":"65165","capacity_mw":2.4,"status_group":"Operating","energy_sources":"SUN","type":"Power plant","is_nuclear":false}},{"type":"Feature","geometry":{"type":"Point","coordinates":[-78.24,42.739]},"properties":{"key":"64686-3241ab88","layer":"power","name":"Orangeville Storage","state":"NY","detail_file":"data/details/power-plants-45.json","plant_id":"64686","capacity_mw":24.7,"status_group":"Operating","energy_sources":"MWH","type":"Power plant","is_nuclear":false}},{"type":"Feature","geometry":{"type":"Point","coordinates":[-76.341,43.472]},"properties":{"key":"66387-c8d2040d","layer":"power","name":"Oswego","state":"NY","detail_file":"data/details/power-plants-41.json","plant_id":"66387","capacity_mw":5.0,"status_group":"Operating","energy_sources":"SUN","type":"Power plant","is_nuclear":false}},{"type":"Feature","geometry":{"type":"Point","coordinates":[-76.343,43.342]},"properties":{"key":"60818-1308b21b","layer":"power","name":"Oswego County - Fulton Solar","state":"NY","detail_file":"data/details/power-plants-43.json","plant_id":"60818","capacity_mw":2.0,"status_group":"Operating","energy_sources":"SUN","type":"Power plant","is_nuclear":false}},{"type":"Feature","geometry":{"type":"Point","coordinates":[-76.425,43.349]},"properties":{"key":"50907-ad581b0b","layer":"power","name":"Oswego County Energy Recovery","state":"NY","detail_file":"data/details/power-plants-48.json","plant_id":"50907","capacity_mw":3.6,"status_group":"Operating","energy_sources":"MSW","type":"Power plant","is_nuclear":false}},{"type":"Feature","geometry":{"type":"Point","coordinates":[-76.415,43.316]},"properties":{"key":"2595-b2a58e3c","layer":"power","name":"Oswego Falls East","state":"NY","detail_file":"data/details/power-plants-13.json","plant_id":"2595","capacity_mw":6.0,"status_group":"Operating","energy_sources":"WAT","type":"Power plant","is_nuclear":false}},{"type":"Feature","geometry":{"type":"Point","coordinates":[-76.417,43.316]},"properties":{"key":"2596-44180c07","layer":"power","name":"Oswego Falls West","state":"NY","detail_file":"data/details/power-plants-29.json","plant_id":"2596","capacity_mw":3.0,"status_group":"Operating","energy_sources":"WAT","type":"Power plant","is_nuclear":false}},{"type":"Feature","geometry":{"type":"Point","coordinates":[-76.532,43.459]},"properties":{"key":"2594-a8fb3a90","layer":"power","name":"Oswego Harbor Power","state":"NY","detail_file":"data/details/power-plants-53.json","plant_id":"2594","capacity_mw":1803.6,"status_group":"Operating","energy_sources":"RFO","type":"Power plant","is_nuclear":false}},{"type":"Feature","geometry":{"type":"Point","coordinates":[-76.524,42.21]},"properties":{"key":"62389-73f2fea1","layer":"power","name":"Pasto Solar","state":"NY","detail_file":"data/details/power-plants-31.json","plant_id":"62389","capacity_mw":16.0,"status_group":"Operating","energy_sources":"SUN","type":"Power plant","is_nuclear":false}},{"type":"Feature","geometry":{"type":"Point","coordinates":[-78.29,42.981]},"properties":{"key":"63060-a3602c5f","layer":"power","name":"Pearl CSG","state":"NY","detail_file":"data/details/power-plants-59.json","plant_id":"63060","capacity_mw":4.0,"status_group":"Operating","energy_sources":"SUN","type":"Power plant","is_nuclear":false}},{"type":"Feature","geometry":{"type":"Point","coordinates":[-78.29,42.981]},"properties":{"key":"63405-becf5189","layer":"power","name":"Pearl II","state":"NY","detail_file":"data/details/power-plants-60.json","plant_id":"63405","capacity_mw":2.0,"status_group":"Operating","energy_sources":"SUN","type":"Power plant","is_nuclear":false}},{"type":"Feature","geometry":{"type":"Point","coordinates":[-78.754,43.097]},"properties":{"key":"65724-6da9d0f0","layer":"power","name":"Pendleton Solar 1","state":"NY","detail_file":"data/details/power-plants-30.json","plant_id":"65724","capacity_mw":5.0,"status_group":"Operating","energy_sources":"SUN","type":"Power plant","is_nuclear":false}},{"type":"Feature","geometry":{"type":"Point","coordinates":[-78.22,43.305]},"properties":{"key":"70010-fc05ec02","layer":"power","name":"Pescara 1","state":"NY","detail_file":"data/details/power-plants-45.json","plant_id":"70010","capacity_mw":4.9,"status_group":"Under construction","energy_sources":"SUN","type":"Power plant","is_nuclear":false}},{"type":"Feature","geometry":{"type":"Point","coordinates":[-78.221,43.307]},"properties":{"key":"70011-be998072","layer":"power","name":"Pescara 2","state":"NY","detail_file":"data/details/power-plants-26.json","plant_id":"70011","capacity_mw":4.9,"status_group":"Under construction","energy_sources":"SUN","type":"Power plant","is_nuclear":false}},{"type":"Feature","geometry":{"type":"Point","coordinates":[-76.302,43.227]},"properties":{"key":"54865-95c57895","layer":"power","name":"Phoenix Hydro Project","state":"NY","detail_file":"data/details/power-plants-45.json","plant_id":"54865","capacity_mw":3.2,"status_group":"Operating","energy_sources":"WAT","type":"Power plant","is_nuclear":false}},{"type":"Feature","geometry":{"type":"Point","coordinates":[-78.21,42.969]},"properties":{"key":"67408-e1e48a68","layer":"power","name":"Pike Road Solar (NY)","state":"NY","detail_file":"data/details/power-plants-37.json","plant_id":"67408","capacity_mw":3.0,"status_group":"Operating","energy_sources":"SUN","type":"Power plant","is_nuclear":false}},{"type":"Feature","geometry":{"type":"Point","coordinates":[-79.035,43.133]},"properties":{"key":"69067-03066933","layer":"power","name":"Pivot Niagara Solar","state":"NY","detail_file":"data/details/power-plants-29.json","plant_id":"69067","capacity_mw":3.0,"status_group":"Operating","energy_sources":"SUN","type":"Power plant","is_nuclear":false}},{"type":"Feature","geometry":{"type":"Point","coordinates":[-78.499,42.486]},"properties":{"key":"68947-b1b5d369","layer":"power","name":"Pivot Solar NY 3","state":"NY","detail_file":"data/details/power-plants-28.json","plant_id":"68947","capacity_mw":2.3,"status_group":"Operating","energy_sources":"SUN","type":"Power plant","is_nuclear":false}},{"type":"Feature","geometry":{"type":"Point","coordinates":[-76.653,42.468]},"properties":{"key":"62834-b66f64f2","layer":"power","name":"Podunk Road CSG","state":"NY","detail_file":"data/details/power-plants-37.json","plant_id":"62834","capacity_mw":2.2,"status_group":"Operating","energy_sources":"SUN","type":"Power plant","is_nuclear":false}},{"type":"Feature","geometry":{"type":"Point","coordinates":[-78.238,42.415]},"properties":{"key":"64125-9f528eb6","layer":"power","name":"Podunque Road CSG","state":"NY","detail_file":"data/details/power-plants-28.json","plant_id":"64125","capacity_mw":5.0,"status_group":"Operating","energy_sources":"SUN","type":"Power plant","is_nuclear":false}},{"type":"Feature","geometry":{"type":"Point","coordinates":[-79.374,42.439]},"properties":{"key":"69986-f22f7929","layer":"power","name":"Pomfret II Community Solar","state":"NY","detail_file":"data/details/power-plants-27.json","plant_id":"69986","capacity_mw":4.7,"status_group":"Operating","energy_sources":"SUN","type":"Power plant","is_nuclear":false}},{"type":"Feature","geometry":{"type":"Point","coordinates":[-79.355,42.447]},"properties":{"key":"69855-e6a9e1d2","layer":"power","name":"Pomfret PV, LLC","state":"NY","detail_file":"data/details/power-plants-31.json","plant_id":"69855","capacity_mw":3.0,"status_group":"Under construction","energy_sources":"SUN","type":"Power plant","is_nuclear":false}},{"type":"Feature","geometry":{"type":"Point","coordinates":[-79.428,42.391]},"properties":{"key":"67479-7ab6c347","layer":"power","name":"Portland SP","state":"NY","detail_file":"data/details/power-plants-23.json","plant_id":"67479","capacity_mw":2.5,"status_group":"Operating","energy_sources":"SUN","type":"Power plant","is_nuclear":false}},{"type":"Feature","geometry":{"type":"Point","coordinates":[-77.31,43.278]},"properties":{"key":"6122-2d7fdfff","layer":"power","name":"R E Ginna Nuclear Power Plant","state":"NY","detail_file":"data/details/power-plants-25.json","plant_id":"6122","capacity_mw":614.0,"status_group":"Operating","energy_sources":"NUC","type":"Nuclear power plant","is_nuclear":true}},{"type":"Feature","geometry":{"type":"Point","coordinates":[-77.632,43.199]},"properties":{"key":"10025-75f7c0b5","layer":"power","name":"RED-Rochester, LLC","state":"NY","detail_file":"data/details/power-plants-13.json","plant_id":"10025","capacity_mw":162.8,"status_group":"Operating","energy_sources":"NG; WAT","type":"Power plant","is_nuclear":false}},{"type":"Feature","geometry":{"type":"Point","coordinates":[-79.15,42.55]},"properties":{"key":"66272-f3a62582","layer":"power","name":"RIC - Hanover (CSG)","state":"NY","detail_file":"data/details/power-plants-41.json","plant_id":"66272","capacity_mw":5.0,"status_group":"Operating","energy_sources":"SUN","type":"Power plant","is_nuclear":false}},{"type":"Feature","geometry":{"type":"Point","coordinates":[-77.667,43.076]},"properties":{"key":"62810-a6d2d7b1","layer":"power","name":"RIT Henrietta Solar 1, LLC","state":"NY","detail_file":"data/details/power-plants-02.json","plant_id":"62810","capacity_mw":1.6,"status_group":"Operating","energy_sources":"SUN","type":"Power plant","is_nuclear":false}},{"type":"Feature","geometry":{"type":"Point","coordinates":[-79.292,42.442]},"properties":{"key":"68654-4a0b6964","layer":"power","name":"Rak 1","state":"NY","detail_file":"data/details/power-plants-52.json","plant_id":"68654","capacity_mw":5.0,"status_group":"Operating","energy_sources":"SUN","type":"Power plant","is_nuclear":false}},{"type":"Feature","geometry":{"type":"Point","coordinates":[-79.297,42.437]},"properties":{"key":"68764-9dd61d64","layer":"power","name":"Rak 2","state":"NY","detail_file":"data/details/power-plants-01.json","plant_id":"68764","capacity_mw":3.5,"status_group":"Operating","energy_sources":"SUN","type":"Power plant","is_nuclear":false}},{"type":"Feature","geometry":{"type":"Point","coordinates":[-78.95,43.199]},"properties":{"key":"63012-c8febc61","layer":"power","name":"Ransomville Solar 1, LLC","state":"NY","detail_file":"data/details/power-plants-17.json","plant_id":"63012","capacity_mw":5.0,"status_group":"Operating","energy_sources":"SUN","type":"Power plant","is_nuclear":false}},{"type":"Feature","geometry":{"type":"Point","coordinates":[-77.966,43.275]},"properties":{"key":"64718-bd764fc4","layer":"power","name":"Redman North Community Solar","state":"NY","detail_file":"data/details/power-plants-58.json","plant_id":"64718","capacity_mw":1.5,"status_group":"Operating","energy_sources":"SUN","type":"Power plant","is_nuclear":false}},{"type":"Feature","geometry":{"type":"Point","coordinates":[-77.965,43.274]},"properties":{"key":"64722-b105319f","layer":"power","name":"Redman South Community Solar","state":"NY","detail_file":"data/details/power-plants-63.json","plant_id":"64722","capacity_mw":5.0,"status_group":"Operating","energy_sources":"SUN","type":"Power plant","is_nuclear":false}},{"type":"Feature","geometry":{"type":"Point","coordinates":[-79.006,43.084]},"properties":{"key":"50472-27eb5deb","layer":"power","name":"Reworld Niagara I","state":"NY","detail_file":"data/details/power-plants-03.json","plant_id":"50472","capacity_mw":50.0,"status_group":"Operating","energy_sources":"MSW","type":"Power plant","is_nuclear":false}},{"type":"Feature","geometry":{"type":"Point","coordinates":[-76.159,43.524]},"properties":{"key":"68419-a7e930ee","layer":"power","name":"Richland North","state":"NY","detail_file":"data/details/power-plants-25.json","plant_id":"68419","capacity_mw":5.0,"status_group":"Operating","energy_sources":"SUN","type":"Power plant","is_nuclear":false}},{"type":"Feature","geometry":{"type":"Point","coordinates":[-76.157,43.521]},"properties":{"key":"68420-d5117cde","layer":"power","name":"Richland South","state":"NY","detail_file":"data/details/power-plants-47.json","plant_id":"68420","capacity_mw":5.0,"status_group":"Operating","energy_sources":"SUN","type":"Power plant","is_nuclear":false}},{"type":"Feature","geometry":{"type":"Point","coordinates":[-77.527,42.793]},"properties":{"key":"67908-52ba6897","layer":"power","name":"Richmond (NY)","state":"NY","detail_file":"data/details/power-plants-42.json","plant_id":"67908","capacity_mw":5.0,"status_group":"Operating","energy_sources":"SUN","type":"Power plant","is_nuclear":false}},{"type":"Feature","geometry":{"type":"Point","coordinates":[-77.743,43.189]},"properties":{"key":"67620-079f1172","layer":"power","name":"Ridgeway 1","state":"NY","detail_file":"data/details/power-plants-10.json","plant_id":"67620","capacity_mw":5.0,"status_group":"Operating","energy_sources":"SUN","type":"Power plant","is_nuclear":false}},{"type":"Feature","geometry":{"type":"Point","coordinates":[-77.743,43.189]},"properties":{"key":"68806-ae279c18","layer":"power","name":"Ridgeway 2","state":"NY","detail_file":"data/details/power-plants-11.json","plant_id":"68806","capacity_mw":2.5,"status_group":"Operating","energy_sources":"SUN","type":"Power plant","is_nuclear":false}},{"type":"Feature","geometry":{"type":"Point","coordinates":[-79.282,42.503]},"properties":{"key":"68804-4130c98c","layer":"power","name":"Rivard 1","state":"NY","detail_file":"data/details/power-plants-57.json","plant_id":"68804","capacity_mw":4.6,"status_group":"Operating","energy_sources":"SUN","type":"Power plant","is_nuclear":false}},{"type":"Feature","geometry":{"type":"Point","coordinates":[-79.282,42.503]},"properties":{"key":"67621-85d1668b","layer":"power","name":"Rivard 2","state":"NY","detail_file":"data/details/power-plants-16.json","plant_id":"67621","capacity_mw":4.6,"status_group":"Operating","energy_sources":"SUN","type":"Power plant","is_nuclear":false}},{"type":"Feature","geometry":{"type":"Point","coordinates":[-78.478,42.067]},"properties":{"key":"64557-ac4b1ddc","layer":"power","name":"River Valley LLC (NY) (CSG)","state":"NY","detail_file":"data/details/power-plants-38.json","plant_id":"64557","capacity_mw":5.0,"status_group":"Operating","energy_sources":"SUN","type":"Power plant","is_nuclear":false}},{"type":"Feature","geometry":{"type":"Point","coordinates":[-79.039,43.143]},"properties":{"key":"2693-59b91382","layer":"power","name":"Robert Moses Niagara","state":"NY","detail_file":"data/details/power-plants-30.json","plant_id":"2693","capacity_mw":2429.1,"status_group":"Operating","energy_sources":"WAT","type":"Power plant","is_nuclear":false}},{"type":"Feature","geometry":{"type":"Point","coordinates":[-77.615,43.161]},"properties":{"key":"2639-19fff668","layer":"power","name":"Rochester 2","state":"NY","detail_file":"data/details/power-plants-06.json","plant_id":"2639","capacity_mw":8.5,"status_group":"Operating","energy_sources":"WAT","type":"Power plant","is_nuclear":false}},{"type":"Feature","geometry":{"type":"Point","coordinates":[-77.61,43.152]},"properties":{"key":"2638-4ddf51b6","layer":"power","name":"Rochester 26","state":"NY","detail_file":"data/details/power-plants-22.json","plant_id":"2638","capacity_mw":3.0,"status_group":"Operating","energy_sources":"WAT","type":"Power plant","is_nuclear":false}},{"type":"Feature","geometry":{"type":"Point","coordinates":[-77.628,43.18]},"properties":{"key":"2641-b58bd690","layer":"power","name":"Rochester 5","state":"NY","detail_file":"data/details/power-plants-06.json","plant_id":"2641","capacity_mw":43.6,"status_group":"Operating","energy_sources":"WAT","type":"Power plant","is_nuclear":false}},{"type":"Feature","geometry":{"type":"Point","coordinates":[-76.34,42.87]},"properties":{"key":"69624-6a3f59c4","layer":"power","name":"Rose Hill Road Solar 1 - Spafford 1","state":"NY","detail_file":"data/details/power-plants-62.json","plant_id":"69624","capacity_mw":5.0,"status_group":"Operating","energy_sources":"SUN","type":"Power plant","is_nuclear":false}},{"type":"Feature","geometry":{"type":"Point","coordinates":[-76.34,42.87]},"properties":{"key":"69623-3d8c361c","layer":"power","name":"Rose Hill Road Solar 2 - Spafford 2","state":"NY","detail_file":"data/details/power-plants-36.json","plant_id":"69623","capacity_mw":2.0,"status_group":"Operating","energy_sources":"SUN","type":"Power plant","is_nuclear":false}},{"type":"Feature","geometry":{"type":"Point","coordinates":[-76.985,43.042]},"properties":{"key":"69208-15714288","layer":"power","name":"Route 14-1","state":"NY","detail_file":"data/details/power-plants-12.json","plant_id":"69208","capacity_mw":5.0,"status_group":"Under construction","energy_sources":"SUN","type":"Power plant","is_nuclear":false}},{"type":"Feature","geometry":{"type":"Point","coordinates":[-76.981,43.043]},"properties":{"key":"69209-191ac034","layer":"power","name":"Route 14-2","state":"NY","detail_file":"data/details/power-plants-17.json","plant_id":"69209","capacity_mw":5.0,"status_group":"Under construction","energy_sources":"SUN","type":"Power plant","is_nuclear":false}},{"type":"Feature","geometry":{"type":"Point","coordinates":[-77.046,42.815]},"properties":{"key":"62580-540ba959","layer":"power","name":"Route 14A CDG Solar North and South LLC","state":"NY","detail_file":"data/details/power-plants-05.json","plant_id":"62580","capacity_mw":4.0,"status_group":"Operating","energy_sources":"SUN","type":"Power plant","is_nuclear":false}},{"type":"Feature","geometry":{"type":"Point","coordinates":[-78.151,42.534]},"properties":{"key":"62500-281a6e8c","layer":"power","name":"Route 19 #1 Community Solar Farm","state":"NY","detail_file":"data/details/power-plants-40.json","plant_id":"62500","capacity_mw":2.0,"status_group":"Operating","energy_sources":"SUN","type":"Power plant","is_nuclear":false}},{"type":"Feature","geometry":{"type":"Point","coordinates":[-78.154,42.534]},"properties":{"key":"62502-7c802b5f","layer":"power","name":"Route 19 #2 Community Solar Farm","state":"NY","detail_file":"data/details/power-plants-23.json","plant_id":"62502","capacity_mw":5.0,"status_group":"Operating","energy_sources":"SUN","type":"Power plant","is_nuclear":false}},{"type":"Feature","geometry":{"type":"Point","coordinates":[-77.984,43.001]},"properties":{"key":"69600-5deebbfd","layer":"power","name":"Route 19N","state":"NY","detail_file":"data/details/power-plants-15.json","plant_id":"69600","capacity_mw":5.0,"status_group":"Operating","energy_sources":"SUN","type":"Power plant","is_nuclear":false}},{"type":"Feature","geometry":{"type":"Point","coordinates":[-77.986,42.997]},"properties":{"key":"69601-1487b9b9","layer":"power","name":"Route 19W","state":"NY","detail_file":"data/details/power-plants-16.json","plant_id":"69601","capacity_mw":2.0,"status_group":"Operating","energy_sources":"SUN","type":"Power plant","is_nuclear":false}},{"type":"Feature","geometry":{"type":"Point","coordinates":[-77.461,42.899]},"properties":{"key":"62523-c81dee5b","layer":"power","name":"Route 5 & 20 Community Solar Farm","state":"NY","detail_file":"data/details/power-plants-45.json","plant_id":"62523","capacity_mw":2.3,"status_group":"Operating","energy_sources":"SUN","type":"Power plant","is_nuclear":false}},{"type":"Feature","geometry":{"type":"Point","coordinates":[-78.375,42.069]},"properties":{"key":"64721-b758151a","layer":"power","name":"Rowe (CSG)","state":"NY","detail_file":"data/details/power-plants-22.json","plant_id":"64721","capacity_mw":5.0,"status_group":"Operating","energy_sources":"SUN","type":"Power plant","is_nuclear":false}},{"type":"Feature","geometry":{"type":"Point","coordinates":[-78.702,43.152]},"properties":{"key":"68092-dbd9f85d","layer":"power","name":"Ruhlmann A (CSG)","state":"NY","detail_file":"data/details/power-plants-47.json","plant_id":"68092","capacity_mw":5.0,"status_group":"Operating","energy_sources":"SUN","type":"Power plant","is_nuclear":false}},{"type":"Feature","geometry":{"type":"Point","coordinates":[-77.698,42.947]},"properties":{"key":"68152-bf5ef689","layer":"power","name":"Rush Solar","state":"NY","detail_file":"data/details/power-plants-29.json","plant_id":"68152","capacity_mw":5.0,"status_group":"Operating","energy_sources":"SUN","type":"Power plant","is_nuclear":false}},{"type":"Feature","geometry":{"type":"Point","coordinates":[-79.248,42.093]},"properties":{"key":"2682-38b135a5","layer":"power","name":"S A Carlson","state":"NY","detail_file":"data/details/power-plants-58.json","plant_id":"2682","capacity_mw":96.3,"status_group":"Operating","energy_sources":"NG","type":"Power plant","is_nuclear":false}},{"type":"Feature","geometry":{"type":"Point","coordinates":[-77.38,43.134]},"properties":{"key":"66380-fd83d565","layer":"power","name":"SCS Penfield One 010750 Penfield, LLC","state":"NY","detail_file":"data/details/power-plants-15.json","plant_id":"66380","capacity_mw":5.0,"status_group":"Operating","energy_sources":"SUN","type":"Power plant","is_nuclear":false}},{"type":"Feature","geometry":{"type":"Point","coordinates":[-79.412,42.072]},"properties":{"key":"69275-4c010449","layer":"power","name":"SL Ashville","state":"NY","detail_file":"data/details/power-plants-48.json","plant_id":"69275","capacity_mw":3.8,"status_group":"Under construction","energy_sources":"SUN","type":"Power plant","is_nuclear":false}},{"type":"Feature","geometry":{"type":"Point","coordinates":[-79.412,42.072]},"properties":{"key":"69276-c44845b4","layer":"power","name":"SL Ashville 2","state":"NY","detail_file":"data/details/power-plants-00.json","plant_id":"69276","capacity_mw":4.3,"status_group":"Under construction","energy_sources":"SUN","type":"Power plant","is_nuclear":false}},{"type":"Feature","geometry":{"type":"Point","coordinates":[-77.898,43.201]},"properties":{"key":"69473-571e9efc","layer":"power","name":"SL Brockport","state":"NY","detail_file":"data/details/power-plants-40.json","plant_id":"69473","capacity_mw":4.3,"status_group":"Under construction","energy_sources":"SUN","type":"Power plant","is_nuclear":false}},{"type":"Feature","geometry":{"type":"Point","coordinates":[-79.343,42.464]},"properties":{"key":"69756-cb22fc1d","layer":"power","name":"SL Dunkirk","state":"NY","detail_file":"data/details/power-plants-27.json","plant_id":"69756","capacity_mw":5.0,"status_group":"Under construction","energy_sources":"SUN","type":"Power plant","is_nuclear":false}},{"type":"Feature","geometry":{"type":"Point","coordinates":[-79.283,42.048]},"properties":{"key":"68025-74e121dc","layer":"power","name":"SL JAMESTOWN ARRAY 1","state":"NY","detail_file":"data/details/power-plants-62.json","plant_id":"68025","capacity_mw":3.0,"status_group":"Operating","energy_sources":"SUN","type":"Power plant","is_nuclear":false}},{"type":"Feature","geometry":{"type":"Point","coordinates":[-79.284,42.047]},"properties":{"key":"68026-9161365c","layer":"power","name":"SL JAMESTOWN ARRAY 2","state":"NY","detail_file":"data/details/power-plants-57.json","plant_id":"68026","capacity_mw":4.8,"status_group":"Operating","energy_sources":"SUN","type":"Power plant","is_nuclear":false}},{"type":"Feature","geometry":{"type":"Point","coordinates":[-78.457,43.028]},"properties":{"key":"69309-06d1aa39","layer":"power","name":"SL Pembroke","state":"NY","detail_file":"data/details/power-plants-23.json","plant_id":"69309","capacity_mw":4.0,"status_group":"Under construction","energy_sources":"SUN","type":"Power plant","is_nuclear":false}},{"type":"Feature","geometry":{"type":"Point","coordinates":[-78.457,43.028]},"properties":{"key":"69310-a37f0c5c","layer":"power","name":"SL Pembroke 2","state":"NY","detail_file":"data/details/power-plants-40.json","plant_id":"69310","capacity_mw":5.0,"status_group":"Under construction","energy_sources":"SUN","type":"Power plant","is_nuclear":false}},{"type":"Feature","geometry":{"type":"Point","coordinates":[-79.46,42.378]},"properties":{"key":"70019-476b3a5b","layer":"power","name":"SL Portland Community 2, LLC","state":"NY","detail_file":"data/details/power-plants-48.json","plant_id":"70019","capacity_mw":3.8,"status_group":"Under construction","energy_sources":"SUN","type":"Power plant","is_nuclear":false}},{"type":"Feature","geometry":{"type":"Point","coordinates":[-79.472,42.384]},"properties":{"key":"70018-99860c60","layer":"power","name":"SL Portland Community, LLC","state":"NY","detail_file":"data/details/power-plants-31.json","plant_id":"70018","capacity_mw":3.5,"status_group":"Under construction","energy_sources":"SUN","type":"Power plant","is_nuclear":false}},{"type":"Feature","geometry":{"type":"Point","coordinates":[-76.384,43.096]},"properties":{"key":"69086-e9eb2634","layer":"power","name":"SP-425 Memphis","state":"NY","detail_file":"data/details/power-plants-06.json","plant_id":"69086","capacity_mw":5.0,"status_group":"Operating","energy_sources":"SUN","type":"Power plant","is_nuclear":false}},{"type":"Feature","geometry":{"type":"Point","coordinates":[-76.472,43.471]},"properties":{"key":"67113-9d839292","layer":"power","name":"SSC Oswego II LLC","state":"NY","detail_file":"data/details/power-plants-50.json","plant_id":"67113","capacity_mw":4.8,"status_group":"Operating","energy_sources":"SUN","type":"Power plant","is_nuclear":false}},{"type":"Feature","geometry":{"type":"Point","coordinates":[-76.786,42.947]},"properties":{"key":"66229-d47daf37","layer":"power","name":"Sangolqui Solar","state":"NY","detail_file":"data/details/power-plants-29.json","plant_id":"66229","capacity_mw":2.0,"status_group":"Operating","energy_sources":"SUN","type":"Power plant","is_nuclear":false}},{"type":"Feature","geometry":{"type":"Point","coordinates":[-76.841,42.928]},"properties":{"key":"54782-5d06c7b4","layer":"power","name":"Seneca Energy","state":"NY","detail_file":"data/details/power-plants-53.json","plant_id":"54782","capacity_mw":17.6,"status_group":"Operating","energy_sources":"LFG","type":"Power plant","is_nuclear":false}},{"type":"Feature","geometry":{"type":"Point","coordinates":[-76.787,42.915]},"properties":{"key":"61641-d8070c9c","layer":"power","name":"Seneca Falls Hydroelectric Project","state":"NY","detail_file":"data/details/power-plants-27.json","plant_id":"61641","capacity_mw":5.1,"status_group":"Operating","energy_sources":"WAT","type":"Power plant","is_nuclear":false}},{"type":"Feature","geometry":{"type":"Point","coordinates":[-79.103,42.581]},"properties":{"key":"61734-0d9c5dfb","layer":"power","name":"Seneca Nation Cattaraugus Wind Turbine","state":"NY","detail_file":"data/details/power-plants-32.json","plant_id":"61734","capacity_mw":1.5,"status_group":"Operating","energy_sources":"WND","type":"Power plant","is_nuclear":false}},{"type":"Feature","geometry":{"type":"Point","coordinates":[-76.451,43.495]},"properties":{"key":"54547-1b0d11fc","layer":"power","name":"Sithe Independence Station","state":"NY","detail_file":"data/details/power-plants-24.json","plant_id":"54547","capacity_mw":1157.8,"status_group":"Operating","energy_sources":"NG","type":"Power plant","is_nuclear":false}},{"type":"Feature","geometry":{"type":"Point","coordinates":[-76.433,42.909]},"properties":{"key":"69700-8d5b7674","layer":"power","name":"Skaneateles PV, LLC","state":"NY","detail_file":"data/details/power-plants-48.json","plant_id":"69700","capacity_mw":4.7,"status_group":"Operating","energy_sources":"SUN","type":"Power plant","is_nuclear":false}},{"type":"Feature","geometry":{"type":"Point","coordinates":[-78.645,43.204]},"properties":{"key":"64867-05c8b865","layer":"power","name":"Slayton Settlement Road Solar CSG","state":"NY","detail_file":"data/details/power-plants-43.json","plant_id":"64867","capacity_mw":7.0,"status_group":"Operating","energy_sources":"SUN","type":"Power plant","is_nuclear":false}},{"type":"Feature","geometry":{"type":"Point","coordinates":[-76.32,42.053]},"properties":{"key":"67345-962208d2","layer":"power","name":"Smith Creek","state":"NY","detail_file":"data/details/power-plants-43.json","plant_id":"67345","capacity_mw":3.8,"status_group":"Operating","energy_sources":"SUN","type":"Power plant","is_nuclear":false}},{"type":"Feature","geometry":{"type":"Point","coordinates":[-78.448,42.087]},"properties":{"key":"61898-e257cd5e","layer":"power","name":"Solean Solar Project","state":"NY","detail_file":"data/details/power-plants-46.json","plant_id":"61898","capacity_mw":4.0,"status_group":"Operating","energy_sources":"SUN","type":"Power plant","is_nuclear":false}},{"type":"Feature","geometry":{"type":"Point","coordinates":[-78.61,43.352]},"properties":{"key":"67324-f1a28967","layer":"power","name":"Somerset Solar LLC","state":"NY","detail_file":"data/details/power-plants-04.json","plant_id":"67324","capacity_mw":100.0,"status_group":"Planned","energy_sources":"SUN","type":"Power plant","is_nuclear":false}},{"type":"Feature","geometry":{"type":"Point","coordinates":[-76.12,43.511]},"properties":{"key":"66767-0755f005","layer":"power","name":"Source Power Company - Richland","state":"NY","detail_file":"data/details/power-plants-16.json","plant_id":"66767","capacity_mw":4.5,"status_group":"Operating","energy_sources":"MWH; SUN","type":"Power plant","is_nuclear":false}},{"type":"Feature","geometry":{"type":"Point","coordinates":[-79.221,42.517]},"properties":{"key":"66769-ee5f2628","layer":"power","name":"Source Power Company - Silver Creek","state":"NY","detail_file":"data/details/power-plants-30.json","plant_id":"66769","capacity_mw":5.0,"status_group":"Operating","energy_sources":"SUN","type":"Power plant","is_nuclear":false}},{"type":"Feature","geometry":{"type":"Point","coordinates":[-76.042,43.122]},"properties":{"key":"66836-d66626fe","layer":"power","name":"Source Power II - Taft CSG","state":"NY","detail_file":"data/details/power-plants-39.json","plant_id":"66836","capacity_mw":3.7,"status_group":"Operating","energy_sources":"SUN","type":"Power plant","is_nuclear":false}},{"type":"Feature","geometry":{"type":"Point","coordinates":[-76.167,42.614]},"properties":{"key":"67295-88118f86","layer":"power","name":"Source Power NY II - Locust 1","state":"NY","detail_file":"data/details/power-plants-38.json","plant_id":"67295","capacity_mw":5.0,"status_group":"Operating","energy_sources":"SUN","type":"Power plant","is_nuclear":false}},{"type":"Feature","geometry":{"type":"Point","coordinates":[-78.4,43.268]},"properties":{"key":"66259-5125f0de","layer":"power","name":"Source Power NY III - Medina II (CSG)","state":"NY","detail_file":"data/details/power-plants-22.json","plant_id":"66259","capacity_mw":5.0,"status_group":"Operating","energy_sources":"SUN","type":"Power plant","is_nuclear":false}},{"type":"Feature","geometry":{"type":"Point","coordinates":[-79.758,42.198]},"properties":{"key":"64911-9f33b3cd","layer":"power","name":"South Ripley Solar","state":"NY","detail_file":"data/details/power-plants-51.json","plant_id":"64911","capacity_mw":290.0,"status_group":"Under construction","energy_sources":"MWH; SUN","type":"Power plant","is_nuclear":false}},{"type":"Feature","geometry":{"type":"Point","coordinates":[-76.37,42.234]},"properties":{"key":"67617-6e77ecc8","layer":"power","name":"Spencer (NY)","state":"NY","detail_file":"data/details/power-plants-15.json","plant_id":"67617","capacity_mw":4.9,"status_group":"Operating","energy_sources":"SUN","type":"Power plant","is_nuclear":false}},{"type":"Feature","geometry":{"type":"Point","coordinates":[-76.676,42.847]},"properties":{"key":"69083-e8069fab","layer":"power","name":"Spring Street Road","state":"NY","detail_file":"data/details/power-plants-46.json","plant_id":"69083","capacity_mw":5.0,"status_group":"Operating","energy_sources":"SUN","type":"Power plant","is_nuclear":false}},{"type":"Feature","geometry":{"type":"Point","coordinates":[-76.339,42.067]},"properties":{"key":"69094-1dde926c","layer":"power","name":"State HWY 17C","state":"NY","detail_file":"data/details/power-plants-02.json","plant_id":"69094","capacity_mw":5.0,"status_group":"Operating","energy_sources":"SUN","type":"Power plant","is_nuclear":false}},{"type":"Feature","geometry":{"type":"Point","coordinates":[-77.072,42.741]},"properties":{"key":"66230-aa02a842","layer":"power","name":"State Route 14A Solar","state":"NY","detail_file":"data/details/power-plants-50.json","plant_id":"66230","capacity_mw":5.0,"status_group":"Operating","energy_sources":"SUN","type":"Power plant","is_nuclear":false}},{"type":"Feature","geometry":{"type":"Point","coordinates":[-77.454,42.915]},"properties":{"key":"62520-04b70c63","layer":"power","name":"State Route 64N Community Solar Farm","state":"NY","detail_file":"data/details/power-plants-57.json","plant_id":"62520","capacity_mw":1.2,"status_group":"Operating","energy_sources":"SUN","type":"Power plant","is_nuclear":false}},{"type":"Feature","geometry":{"type":"Point","coordinates":[-78.845,42.813]},"properties":{"key":"59705-3be66e55","layer":"power","name":"Steel Sun","state":"NY","detail_file":"data/details/power-plants-00.json","plant_id":"59705","capacity_mw":2.0,"status_group":"Operating","energy_sources":"SUN","type":"Power plant","is_nuclear":false}},{"type":"Feature","geometry":{"type":"Point","coordinates":[-78.853,42.809]},"properties":{"key":"62723-76f8974d","layer":"power","name":"Steel Sun 2: 2303-III-2 Hamburg Tpke","state":"NY","detail_file":"data/details/power-plants-37.json","plant_id":"62723","capacity_mw":2.0,"status_group":"Operating","energy_sources":"SUN","type":"Power plant","is_nuclear":false}},{"type":"Feature","geometry":{"type":"Point","coordinates":[-78.854,42.811]},"properties":{"key":"62722-0479f489","layer":"power","name":"Steel Sun 2: 2303-III-4 Hamburg Tpke","state":"NY","detail_file":"data/details/power-plants-34.json","plant_id":"62722","capacity_mw":2.0,"status_group":"Operating","energy_sources":"SUN","type":"Power plant","is_nuclear":false}},{"type":"Feature","geometry":{"type":"Point","coordinates":[-78.855,42.818]},"properties":{"key":"62721-7fb0f2fd","layer":"power","name":"Steel Sun 2: 2303-III-9 Hamburg Tpke","state":"NY","detail_file":"data/details/power-plants-04.json","plant_id":"62721","capacity_mw":2.0,"status_group":"Operating","energy_sources":"SUN","type":"Power plant","is_nuclear":false}},{"type":"Feature","geometry":{"type":"Point","coordinates":[-78.862,42.807]},"properties":{"key":"57078-cfb8dced","layer":"power","name":"Steel Winds II","state":"NY","detail_file":"data/details/power-plants-16.json","plant_id":"57078","capacity_mw":15.0,"status_group":"Operating","energy_sources":"WND","type":"Power plant","is_nuclear":false}},{"type":"Feature","geometry":{"type":"Point","coordinates":[-78.868,42.817]},"properties":{"key":"56575-7b99d4e5","layer":"power","name":"Steel Winds Wind Farm","state":"NY","detail_file":"data/details/power-plants-39.json","plant_id":"56575","capacity_mw":20.0,"status_group":"Operating","energy_sources":"WND","type":"Power plant","is_nuclear":false}},{"type":"Feature","geometry":{"type":"Point","coordinates":[-78.416,42.768]},"properties":{"key":"58088-5698b3f9","layer":"power","name":"Stony Creek Wind Farm NY","state":"NY","detail_file":"data/details/power-plants-22.json","plant_id":"58088","capacity_mw":94.4,"status_group":"Operating","energy_sources":"WND","type":"Power plant","is_nuclear":false}},{"type":"Feature","geometry":{"type":"Point","coordinates":[-76.994,42.891]},"properties":{"key":"63108-e3e157f0","layer":"power","name":"Strauss CSG","state":"NY","detail_file":"data/details/power-plants-56.json","plant_id":"63108","capacity_mw":2.0,"status_group":"Operating","energy_sources":"SUN","type":"Power plant","is_nuclear":false}},{"type":"Feature","geometry":{"type":"Point","coordinates":[-76.12,43.2]},"properties":{"key":"66273-2aab2557","layer":"power","name":"Summit - Cicero","state":"NY","detail_file":"data/details/power-plants-23.json","plant_id":"66273","capacity_mw":5.0,"status_group":"Operating","energy_sources":"SUN","type":"Power plant","is_nuclear":false}},{"type":"Feature","geometry":{"type":"Point","coordinates":[-76.284,43.16]},"properties":{"key":"66274-bfbbf3d0","layer":"power","name":"Summit - Lysander (CSG)","state":"NY","detail_file":"data/details/power-plants-10.json","plant_id":"66274","capacity_mw":3.5,"status_group":"Operating","energy_sources":"SUN","type":"Power plant","is_nuclear":false}},{"type":"Feature","geometry":{"type":"Point","coordinates":[-76.465,43.37]},"properties":{"key":"66275-6e6966dd","layer":"power","name":"Summit - Oswego","state":"NY","detail_file":"data/details/power-plants-27.json","plant_id":"66275","capacity_mw":2.2,"status_group":"Operating","energy_sources":"SUN","type":"Power plant","is_nuclear":false}},{"type":"Feature","geometry":{"type":"Point","coordinates":[-76.465,43.46]},"properties":{"key":"66322-b76eb563","layer":"power","name":"Summit - Scriba CSG","state":"NY","detail_file":"data/details/power-plants-20.json","plant_id":"66322","capacity_mw":5.0,"status_group":"Operating","energy_sources":"SUN","type":"Power plant","is_nuclear":false}},{"type":"Feature","geometry":{"type":"Point","coordinates":[-76.665,42.744]},"properties":{"key":"62823-c4c5ed3f","layer":"power","name":"SunEast Dog Corners Solar Project","state":"NY","detail_file":"data/details/power-plants-00.json","plant_id":"62823","capacity_mw":20.0,"status_group":"Under construction","energy_sources":"SUN","type":"Power plant","is_nuclear":false}},{"type":"Feature","geometry":{"type":"Point","coordinates":[-77.195,42.958]},"properties":{"key":"64037-ebddc437","layer":"power","name":"SunEast Manchester Solar Project","state":"NY","detail_file":"data/details/power-plants-14.json","plant_id":"64037","capacity_mw":20.0,"status_group":"Under construction","energy_sources":"SUN","type":"Power plant","is_nuclear":false}},{"type":"Feature","geometry":{"type":"Point","coordinates":[-76.248,42.084]},"properties":{"key":"63862-820f15eb","layer":"power","name":"SunEast Valley Solar Project","state":"NY","detail_file":"data/details/power-plants-42.json","plant_id":"63862","capacity_mw":20.0,"status_group":"Under construction","energy_sources":"SUN","type":"Power plant","is_nuclear":false}},{"type":"Feature","geometry":{"type":"Point","coordinates":[-76.042,43.045]},"properties":{"key":"64421-7055e16f","layer":"power","name":"Sunvestment Energy Group NY 63 LLC","state":"NY","detail_file":"data/details/power-plants-53.json","plant_id":"64421","capacity_mw":2.0,"status_group":"Operating","energy_sources":"SUN","type":"Power plant","is_nuclear":false}},{"type":"Feature","geometry":{"type":"Point","coordinates":[-77.941,43.17]},"properties":{"key":"67212-48c8a7e5","layer":"power","name":"Sweden 1","state":"NY","detail_file":"data/details/power-plants-27.json","plant_id":"67212","capacity_mw":5.0,"status_group":"Operating","energy_sources":"SUN","type":"Power plant","is_nuclear":false}},{"type":"Feature","geometry":{"type":"Point","coordinates":[-78.055,42.829]},"properties":{"key":"58399-322d330d","layer":"power","name":"Synergy Biogas","state":"NY","detail_file":"data/details/power-plants-51.json","plant_id":"58399","capacity_mw":1.4,"status_group":"Operating","energy_sources":"OBG","type":"Power plant","is_nuclear":false}},{"type":"Feature","geometry":{"type":"Point","coordinates":[-76.891,42.309]},"properties":{"key":"68399-f45a4b00","layer":"power","name":"TJA-NY- Dix Solar Farm LLC","state":"NY","detail_file":"data/details/power-plants-43.json","plant_id":"68399","capacity_mw":3.9,"status_group":"Operating","energy_sources":"SUN","type":"Power plant","is_nuclear":false}},{"type":"Feature","geometry":{"type":"Point","coordinates":[-76.395,42.727]},"properties":{"key":"68400-5b378549","layer":"power","name":"TJA-NY-Chestnut Ridge Rd Moravia, LLC","state":"NY","detail_file":"data/details/power-plants-07.json","plant_id":"68400","capacity_mw":3.6,"status_group":"Operating","energy_sources":"SUN","type":"Power plant","is_nuclear":false}},{"type":"Feature","geometry":{"type":"Point","coordinates":[-77.457,42.545]},"properties":{"key":"68402-bba1f4ce","layer":"power","name":"TJA-NY-Cohocton Solar Farm, LLC","state":"NY","detail_file":"data/details/power-plants-35.json","plant_id":"68402","capacity_mw":5.0,"status_group":"Operating","energy_sources":"SUN","type":"Power plant","is_nuclear":false}},{"type":"Feature","geometry":{"type":"Point","coordinates":[-78.18,42.562]},"properties":{"key":"62496-f6a7816a","layer":"power","name":"Telegraph Rd #1 Community Solar Farm","state":"NY","detail_file":"data/details/power-plants-42.json","plant_id":"62496","capacity_mw":3.8,"status_group":"Operating","energy_sources":"SUN","type":"Power plant","is_nuclear":false}},{"type":"Feature","geometry":{"type":"Point","coordinates":[-78.179,42.559]},"properties":{"key":"62498-7073a82c","layer":"power","name":"Telegraph Rd #2 Community Solar Farm","state":"NY","detail_file":"data/details/power-plants-08.json","plant_id":"62498","capacity_mw":2.0,"status_group":"Operating","energy_sources":"SUN","type":"Power plant","is_nuclear":false}},{"type":"Feature","geometry":{"type":"Point","coordinates":[-77.375,42.337]},"properties":{"key":"60904-dab6fd59","layer":"power","name":"Time Warner Cable - Knowles","state":"NY","detail_file":"data/details/power-plants-11.json","plant_id":"60904","capacity_mw":2.0,"status_group":"Operating","energy_sources":"SUN","type":"Power plant","is_nuclear":false}},{"type":"Feature","geometry":{"type":"Point","coordinates":[-76.288,42.141]},"properties":{"key":"64561-e25cac51","layer":"power","name":"Tioga Solar North(CSG)","state":"NY","detail_file":"data/details/power-plants-39.json","plant_id":"64561","capacity_mw":5.0,"status_group":"Operating","energy_sources":"SUN","type":"Power plant","is_nuclear":false}},{"type":"Feature","geometry":{"type":"Point","coordinates":[-76.288,42.141]},"properties":{"key":"64560-ec3e59df","layer":"power","name":"Tioga Solar South(CSG)","state":"NY","detail_file":"data/details/power-plants-11.json","plant_id":"64560","capacity_mw":5.0,"status_group":"Operating","energy_sources":"SUN","type":"Power plant","is_nuclear":false}},{"type":"Feature","geometry":{"type":"Point","coordinates":[-76.287,42.502]},"properties":{"key":"60431-a8c39f58","layer":"power","name":"Tompkins Cortland Community College","state":"NY","detail_file":"data/details/power-plants-42.json","plant_id":"60431","capacity_mw":2.0,"status_group":"Operating","energy_sources":"SUN","type":"Power plant","is_nuclear":false}},{"type":"Feature","geometry":{"type":"Point","coordinates":[-77.175,43.244]},"properties":{"key":"59613-ccb16e1f","layer":"power","name":"Town of Williamson Landfill PV","state":"NY","detail_file":"data/details/power-plants-28.json","plant_id":"59613","capacity_mw":1.2,"status_group":"Operating","energy_sources":"SUN","type":"Power plant","is_nuclear":false}},{"type":"Feature","geometry":{"type":"Point","coordinates":[-78.134,43.042]},"properties":{"key":"64724-fc063889","layer":"power","name":"Townline Community Solar","state":"NY","detail_file":"data/details/power-plants-13.json","plant_id":"64724","capacity_mw":5.0,"status_group":"Operating","energy_sources":"SUN","type":"Power plant","is_nuclear":false}},{"type":"Feature","geometry":{"type":"Point","coordinates":[-76.938,42.35]},"properties":{"key":"64127-94ec2f5b","layer":"power","name":"Townsend Road(CSG)","state":"NY","detail_file":"data/details/power-plants-14.json","plant_id":"64127","capacity_mw":3.7,"status_group":"Operating","energy_sources":"SUN","type":"Power plant","is_nuclear":false}},{"type":"Feature","geometry":{"type":"Point","coordinates":[-77.375,42.012]},"properties":{"key":"64525-86f8d94f","layer":"power","name":"Troupsburg","state":"NY","detail_file":"data/details/power-plants-25.json","plant_id":"64525","capacity_mw":7.0,"status_group":"Operating","energy_sources":"SUN","type":"Power plant","is_nuclear":false}},{"type":"Feature","geometry":{"type":"Point","coordinates":[-78.147,42.97]},"properties":{"key":"68188-bd1a1f42","layer":"power","name":"Trousdale Solar I","state":"NY","detail_file":"data/details/power-plants-54.json","plant_id":"68188","capacity_mw":5.0,"status_group":"Operating","energy_sources":"SUN","type":"Power plant","is_nuclear":false}},{"type":"Feature","geometry":{"type":"Point","coordinates":[-78.141,42.966]},"properties":{"key":"68190-f8db7763","layer":"power","name":"Trousdale Solar II","state":"NY","detail_file":"data/details/power-plants-48.json","plant_id":"68190","capacity_mw":5.0,"status_group":"Operating","energy_sources":"SUN","type":"Power plant","is_nuclear":false}},{"type":"Feature","geometry":{"type":"Point","coordinates":[-76.03,43.804]},"properties":{"key":"67693-18720f33","layer":"power","name":"Tubolino CSG","state":"NY","detail_file":"data/details/power-plants-09.json","plant_id":"67693","capacity_mw":5.0,"status_group":"Operating","energy_sources":"SUN","type":"Power plant","is_nuclear":false}},{"type":"Feature","geometry":{"type":"Point","coordinates":[-76.12,42.811]},"properties":{"key":"68861-aabd5f55","layer":"power","name":"Tully 4","state":"NY","detail_file":"data/details/power-plants-43.json","plant_id":"68861","capacity_mw":5.0,"status_group":"Planned","energy_sources":"SUN","type":"Power plant","is_nuclear":false}},{"type":"Feature","geometry":{"type":"Point","coordinates":[-76.12,42.811]},"properties":{"key":"68860-eba240e6","layer":"power","name":"Tully 5","state":"NY","detail_file":"data/details/power-plants-02.json","plant_id":"68860","capacity_mw":2.0,"status_group":"Planned","energy_sources":"SUN","type":"Power plant","is_nuclear":false}},{"type":"Feature","geometry":{"type":"Point","coordinates":[-76.678,42.093]},"properties":{"key":"62160-2b452a50","layer":"power","name":"Turner Rd Community Solar Project","state":"NY","detail_file":"data/details/power-plants-34.json","plant_id":"62160","capacity_mw":2.0,"status_group":"Operating","energy_sources":"SUN","type":"Power plant","is_nuclear":false}},{"type":"Feature","geometry":{"type":"Point","coordinates":[-78.297,43.065]},"properties":{"key":"50203-ff8628ee","layer":"power","name":"US Gypsum Oakfield","state":"NY","detail_file":"data/details/power-plants-62.json","plant_id":"50203","capacity_mw":5.8,"status_group":"Operating","energy_sources":"NG","type":"Power plant","is_nuclear":false}},{"type":"Feature","geometry":{"type":"Point","coordinates":[-76.22,43.065]},"properties":{"key":"68545-fca002f5","layer":"power","name":"USNY - Geddes","state":"NY","detail_file":"data/details/power-plants-51.json","plant_id":"68545","capacity_mw":3.3,"status_group":"Operating","energy_sources":"SUN","type":"Power plant","is_nuclear":false}},{"type":"Feature","geometry":{"type":"Point","coordinates":[-76.076,42.784]},"properties":{"key":"67223-77e3a9e4","layer":"power","name":"USNY - Markham Hollow Rd - 001","state":"NY","detail_file":"data/details/power-plants-01.json","plant_id":"67223","capacity_mw":20.0,"status_group":"Planned","energy_sources":"SUN","type":"Power plant","is_nuclear":false}},{"type":"Feature","geometry":{"type":"Point","coordinates":[-76.65,42.85]},"properties":{"key":"65624-022e5f5d","layer":"power","name":"Union Springs 40","state":"NY","detail_file":"data/details/power-plants-07.json","plant_id":"65624","capacity_mw":5.0,"status_group":"Operating","energy_sources":"SUN","type":"Power plant","is_nuclear":false}},{"type":"Feature","geometry":{"type":"Point","coordinates":[-76.65,42.85]},"properties":{"key":"65625-93415ff6","layer":"power","name":"Union Springs 963","state":"NY","detail_file":"data/details/power-plants-23.json","plant_id":"65625","capacity_mw":5.0,"status_group":"Operating","energy_sources":"SUN","type":"Power plant","is_nuclear":false}},{"type":"Feature","geometry":{"type":"Point","coordinates":[-77.629,43.124]},"properties":{"key":"58157-d770ba2e","layer":"power","name":"University of Rochester","state":"NY","detail_file":"data/details/power-plants-51.json","plant_id":"58157","capacity_mw":25.4,"status_group":"Operating","energy_sources":"NG","type":"Power plant","is_nuclear":false}},{"type":"Feature","geometry":{"type":"Point","coordinates":[-76.506,43.449]},"properties":{"key":"2621-d56acec1","layer":"power","name":"Varick","state":"NY","detail_file":"data/details/power-plants-23.json","plant_id":"2621","capacity_mw":8.0,"status_group":"Operating","energy_sources":"WAT","type":"Power plant","is_nuclear":false}},{"type":"Feature","geometry":{"type":"Point","coordinates":[-76.176,43.201]},"properties":{"key":"67337-346223b0","layer":"power","name":"Ver Plank North (CSG)","state":"NY","detail_file":"data/details/power-plants-11.json","plant_id":"67337","capacity_mw":4.0,"status_group":"Operating","energy_sources":"SUN","type":"Power plant","is_nuclear":false}},{"type":"Feature","geometry":{"type":"Point","coordinates":[-76.175,43.195]},"properties":{"key":"67338-755f1007","layer":"power","name":"Ver Plank South (CSG)","state":"NY","detail_file":"data/details/power-plants-06.json","plant_id":"67338","capacity_mw":5.0,"status_group":"Operating","energy_sources":"SUN","type":"Power plant","is_nuclear":false}},{"type":"Feature","geometry":{"type":"Point","coordinates":[-76.548,42.92]},"properties":{"key":"10902-fff5851c","layer":"power","name":"Victory Mills","state":"NY","detail_file":"data/details/power-plants-06.json","plant_id":"10902","capacity_mw":1.7,"status_group":"Operating","energy_sources":"WAT","type":"Power plant","is_nuclear":false}},{"type":"Feature","geometry":{"type":"Point","coordinates":[-76.354,43.341]},"properties":{"key":"64453-1b9c6059","layer":"power","name":"Volney II","state":"NY","detail_file":"data/details/power-plants-31.json","plant_id":"64453","capacity_mw":4.5,"status_group":"Operating","energy_sources":"MWH; SUN","type":"Power plant","is_nuclear":false}},{"type":"Feature","geometry":{"type":"Point","coordinates":[-76.619,42.006]},"properties":{"key":"60365-21b37906","layer":"power","name":"Vulcraft Solar","state":"NY","detail_file":"data/details/power-plants-44.json","plant_id":"60365","capacity_mw":1.6,"status_group":"Operating","energy_sources":"SUN","type":"Power plant","is_nuclear":false}},{"type":"Feature","geometry":{"type":"Point","coordinates":[-77.846,43.173]},"properties":{"key":"62472-95265175","layer":"power","name":"Washington St Community Solar Farm #1","state":"NY","detail_file":"data/details/power-plants-03.json","plant_id":"62472","capacity_mw":2.2,"status_group":"Operating","energy_sources":"SUN","type":"Power plant","is_nuclear":false}},{"type":"Feature","geometry":{"type":"Point","coordinates":[-77.844,43.172]},"properties":{"key":"62473-02c3a004","layer":"power","name":"Washington St Community Solar Farm #3","state":"NY","detail_file":"data/details/power-plants-57.json","plant_id":"62473","capacity_mw":2.5,"status_group":"Operating","energy_sources":"SUN","type":"Power plant","is_nuclear":false}},{"type":"Feature","geometry":{"type":"Point","coordinates":[-77.849,43.175]},"properties":{"key":"62471-e591434a","layer":"power","name":"Washington St Community Solar Farm #4","state":"NY","detail_file":"data/details/power-plants-31.json","plant_id":"62471","capacity_mw":2.5,"status_group":"Operating","energy_sources":"SUN","type":"Power plant","is_nuclear":false}},{"type":"Feature","geometry":{"type":"Point","coordinates":[-76.862,42.902]},"properties":{"key":"61642-f77986f4","layer":"power","name":"Waterloo Hydroelectric Project","state":"NY","detail_file":"data/details/power-plants-21.json","plant_id":"61642","capacity_mw":1.5,"status_group":"Operating","energy_sources":"WAT","type":"Power plant","is_nuclear":false}},{"type":"Feature","geometry":{"type":"Point","coordinates":[-78.239,43.327]},"properties":{"key":"2623-8eeeec3d","layer":"power","name":"Waterport","state":"NY","detail_file":"data/details/power-plants-17.json","plant_id":"2623","capacity_mw":4.0,"status_group":"Operating","energy_sources":"WAT","type":"Power plant","is_nuclear":false}},{"type":"Feature","geometry":{"type":"Point","coordinates":[-76.77,42.206]},"properties":{"key":"69219-d3b14a22","layer":"power","name":"Wedge NY","state":"NY","detail_file":"data/details/power-plants-14.json","plant_id":"69219","capacity_mw":3.0,"status_group":"Operating","energy_sources":"SUN","type":"Power plant","is_nuclear":false}},{"type":"Feature","geometry":{"type":"Point","coordinates":[-76.259,42.193]},"properties":{"key":"66233-42a0552f","layer":"power","name":"West Creek Solar","state":"NY","detail_file":"data/details/power-plants-59.json","plant_id":"66233","capacity_mw":5.0,"status_group":"Operating","energy_sources":"SUN","type":"Power plant","is_nuclear":false}},{"type":"Feature","geometry":{"type":"Point","coordinates":[-76.419,43.165]},"properties":{"key":"69220-d5c6a746","layer":"power","name":"West Genesee","state":"NY","detail_file":"data/details/power-plants-36.json","plant_id":"69220","capacity_mw":2.9,"status_group":"Under construction","energy_sources":"SUN","type":"Power plant","is_nuclear":false}},{"type":"Feature","geometry":{"type":"Point","coordinates":[-78.632,42.444]},"properties":{"key":"62738-bd63d341","layer":"power","name":"West Valley East","state":"NY","detail_file":"data/details/power-plants-25.json","plant_id":"62738","capacity_mw":5.0,"status_group":"Operating","energy_sources":"SUN","type":"Power plant","is_nuclear":false}},{"type":"Feature","geometry":{"type":"Point","coordinates":[-78.652,42.449]},"properties":{"key":"66065-7a975dc1","layer":"power","name":"West Valley Solar","state":"NY","detail_file":"data/details/power-plants-51.json","plant_id":"66065","capacity_mw":10.0,"status_group":"Operating","energy_sources":"SUN","type":"Power plant","is_nuclear":false}},{"type":"Feature","geometry":{"type":"Point","coordinates":[-78.632,42.443]},"properties":{"key":"62737-56de2137","layer":"power","name":"West Valley West","state":"NY","detail_file":"data/details/power-plants-02.json","plant_id":"62737","capacity_mw":5.0,"status_group":"Operating","energy_sources":"SUN","type":"Power plant","is_nuclear":false}},{"type":"Feature","geometry":{"type":"Point","coordinates":[-78.228,42.67]},"properties":{"key":"56902-dd8cd5ab","layer":"power","name":"Wethersfield","state":"NY","detail_file":"data/details/power-plants-42.json","plant_id":"56902","capacity_mw":126.0,"status_group":"Operating","energy_sources":"WND","type":"Power plant","is_nuclear":false}},{"type":"Feature","geometry":{"type":"Point","coordinates":[-78.851,43.123]},"properties":{"key":"68659-90c437e0","layer":"power","name":"Wheatfield","state":"NY","detail_file":"data/details/power-plants-03.json","plant_id":"68659","capacity_mw":4.0,"status_group":"Operating","energy_sources":"SUN","type":"Power plant","is_nuclear":false}},{"type":"Feature","geometry":{"type":"Point","coordinates":[-77.799,43.017]},"properties":{"key":"66234-24adebf3","layer":"power","name":"Wheatland 2A Solar","state":"NY","detail_file":"data/details/power-plants-22.json","plant_id":"66234","capacity_mw":4.5,"status_group":"Operating","energy_sources":"SUN","type":"Power plant","is_nuclear":false}},{"type":"Feature","geometry":{"type":"Point","coordinates":[-77.799,43.016]},"properties":{"key":"66235-19a54e0a","layer":"power","name":"Wheatland 2B Solar","state":"NY","detail_file":"data/details/power-plants-56.json","plant_id":"66235","capacity_mw":4.5,"status_group":"Operating","energy_sources":"SUN","type":"Power plant","is_nuclear":false}},{"type":"Feature","geometry":{"type":"Point","coordinates":[-77.861,43.15]},"properties":{"key":"63408-84360c1c","layer":"power","name":"Whittier","state":"NY","detail_file":"data/details/power-plants-48.json","plant_id":"63408","capacity_mw":2.0,"status_group":"Operating","energy_sources":"SUN","type":"Power plant","is_nuclear":false}},{"type":"Feature","geometry":{"type":"Point","coordinates":[-77.304,42.358]},"properties":{"key":"66236-29ef6aa9","layer":"power","name":"Wildflower Way Solar","state":"NY","detail_file":"data/details/power-plants-42.json","plant_id":"66236","capacity_mw":5.0,"status_group":"Operating","energy_sources":"SUN","type":"Power plant","is_nuclear":false}},{"type":"Feature","geometry":{"type":"Point","coordinates":[-78.943,43.204]},"properties":{"key":"64725-62879291","layer":"power","name":"Williams Rd","state":"NY","detail_file":"data/details/power-plants-54.json","plant_id":"64725","capacity_mw":4.0,"status_group":"Operating","energy_sources":"SUN","type":"Power plant","is_nuclear":false}},{"type":"Feature","geometry":{"type":"Point","coordinates":[-77.091,43.14]},"properties":{"key":"63409-cb97b13e","layer":"power","name":"Williamson","state":"NY","detail_file":"data/details/power-plants-22.json","plant_id":"63409","capacity_mw":2.0,"status_group":"Operating","energy_sources":"SUN","type":"Power plant","is_nuclear":false}},{"type":"Feature","geometry":{"type":"Point","coordinates":[-77.988,43.198]},"properties":{"key":"68660-030e9347","layer":"power","name":"Wolf","state":"NY","detail_file":"data/details/power-plants-53.json","plant_id":"68660","capacity_mw":3.6,"status_group":"Operating","energy_sources":"SUN","type":"Power plant","is_nuclear":false}},{"type":"Feature","geometry":{"type":"Point","coordinates":[-78.854,43.048]},"properties":{"key":"54131-c3473eea","layer":"power","name":"World Generation X","state":"NY","detail_file":"data/details/power-plants-02.json","plant_id":"54131","capacity_mw":65.7,"status_group":"Operating","energy_sources":"NG","type":"Power plant","is_nuclear":false}},{"type":"Feature","geometry":{"type":"Point","coordinates":[-76.439,42.565]},"properties":{"key":"68584-ac557c05","layer":"power","name":"Yellow Barn Solar","state":"NY","detail_file":"data/details/power-plants-04.json","plant_id":"68584","capacity_mw":160.0,"status_group":"Planned","energy_sources":"SUN","type":"Power plant","is_nuclear":false}},{"type":"Feature","geometry":{"type":"Point","coordinates":[-77.26,43.018]},"properties":{"key":"62517-522d401e","layer":"power","name":"Yellow Mills Rd #1 Community Solar Farm","state":"NY","detail_file":"data/details/power-plants-37.json","plant_id":"62517","capacity_mw":2.3,"status_group":"Operating","energy_sources":"SUN","type":"Power plant","is_nuclear":false}},{"type":"Feature","geometry":{"type":"Point","coordinates":[-77.261,43.016]},"properties":{"key":"62518-7bf5d96b","layer":"power","name":"Yellow Mills Rd #2 Community Solar Farm","state":"NY","detail_file":"data/details/power-plants-45.json","plant_id":"62518","capacity_mw":2.3,"status_group":"Operating","energy_sources":"SUN","type":"Power plant","is_nuclear":false}},{"type":"Feature","geometry":{"type":"Point","coordinates":[-77.261,43.015]},"properties":{"key":"62519-4179305a","layer":"power","name":"Yellow Mills Rd #3 Community Solar Farm","state":"NY","detail_file":"data/details/power-plants-21.json","plant_id":"62519","capacity_mw":2.3,"status_group":"Operating","energy_sources":"SUN","type":"Power plant","is_nuclear":false}},{"type":"Feature","geometry":{"type":"Point","coordinates":[-79.224,42.011]},"properties":{"key":"68585-6191f639","layer":"power","name":"York Run Solar","state":"NY","detail_file":"data/details/power-plants-06.json","plant_id":"68585","capacity_mw":90.0,"status_group":"Under construction","energy_sources":"SUN","type":"Power plant","is_nuclear":false}},{"type":"Feature","geometry":{"type":"Point","coordinates":[-79.769,40.545]},"properties":{"key":"55710-afc48105","layer":"power","name":"Allegheny Energy Units 3 4 & 5","state":"PA","detail_file":"data/details/power-plants-14.json","plant_id":"55710","capacity_mw":556.0,"status_group":"Operating","energy_sources":"NG","type":"Power plant","is_nuclear":false}},{"type":"Feature","geometry":{"type":"Point","coordinates":[-79.479,40.897]},"properties":{"key":"50897-db00ba82","layer":"power","name":"Allegheny Hydro No 8","state":"PA","detail_file":"data/details/power-plants-37.json","plant_id":"50897","capacity_mw":13.6,"status_group":"Operating","energy_sources":"WAT","type":"Power plant","is_nuclear":false}},{"type":"Feature","geometry":{"type":"Point","coordinates":[-79.551,40.956]},"properties":{"key":"50898-cfc2a0cd","layer":"power","name":"Allegheny Hydro No 9","state":"PA","detail_file":"data/details/power-plants-42.json","plant_id":"50898","capacity_mw":17.8,"status_group":"Operating","energy_sources":"WAT","type":"Power plant","is_nuclear":false}},{"type":"Feature","geometry":{"type":"Point","coordinates":[-79.914,40.894]},"properties":{"key":"62401-bed239cd","layer":"power","name":"Allegheny L&D2 Hydroelectric Project","state":"PA","detail_file":"data/details/power-plants-41.json","plant_id":"62401","capacity_mw":9.0,"status_group":"Planned","energy_sources":"WAT","type":"Power plant","is_nuclear":false}},{"type":"Feature","geometry":{"type":"Point","coordinates":[-79.718,40.614]},"properties":{"key":"69694-93b9018b","layer":"power","name":"Allegheny Lock and Dam 4","state":"PA","detail_file":"data/details/power-plants-14.json","plant_id":"69694","capacity_mw":6.4,"status_group":"Under construction","energy_sources":"WAT","type":"Power plant","is_nuclear":false}},{"type":"Feature","geometry":{"type":"Point","coordinates":[-79.577,40.716]},"properties":{"key":"50894-fbd91942","layer":"power","name":"Allegheny No 6 Hydro Station","state":"PA","detail_file":"data/details/power-plants-45.json","plant_id":"50894","capacity_mw":9.2,"status_group":"Operating","energy_sources":"WAT","type":"Power plant","is_nuclear":false}},{"type":"Feature","geometry":{"type":"Point","coordinates":[-79.665,40.683]},"properties":{"key":"50893-241f0983","layer":"power","name":"Allegheny No. 5 Hydro Station","state":"PA","detail_file":"data/details/power-plants-09.json","plant_id":"50893","capacity_mw":9.2,"status_group":"Operating","energy_sources":"WAT","type":"Power plant","is_nuclear":false}},{"type":"Feature","geometry":{"type":"Point","coordinates":[-78.579,40.384]},"properties":{"key":"56451-49590b83","layer":"power","name":"Allegheny Ridge Wind Farm","state":"PA","detail_file":"data/details/power-plants-52.json","plant_id":"56451","capacity_mw":80.0,"status_group":"Operating","energy_sources":"WND","type":"Power plant","is_nuclear":false}},{"type":"Feature","geometry":{"type":"Point","coordinates":[-76.918,41.151]},"properties":{"key":"57581-89a9b95e","layer":"power","name":"Allenwood","state":"PA","detail_file":"data/details/power-plants-34.json","plant_id":"57581","capacity_mw":3.2,"status_group":"Operating","energy_sources":"LFG","type":"Power plant","is_nuclear":false}},{"type":"Feature","geometry":{"type":"Point","coordinates":[-76.806,41.663]},"properties":{"key":"58813-3c286947","layer":"power","name":"Alpaca","state":"PA","detail_file":"data/details/power-plants-10.json","plant_id":"58813","capacity_mw":21.0,"status_group":"Operating","energy_sources":"NG","type":"Power plant","is_nuclear":false}},{"type":"Feature","geometry":{"type":"Point","coordinates":[-76.855,41.762]},"properties":{"key":"57044-ce8ee41f","layer":"power","name":"Armenia Mountain Wind Farm","state":"PA","detail_file":"data/details/power-plants-52.json","plant_id":"57044","capacity_mw":100.5,"status_group":"Operating","energy_sources":"WND","type":"Power plant","is_nuclear":false}},{"type":"Feature","geometry":{"type":"Point","coordinates":[-79.352,40.638]},"properties":{"key":"55347-eb7eca76","layer":"power","name":"Armstrong","state":"PA","detail_file":"data/details/power-plants-32.json","plant_id":"55347","capacity_mw":688.0,"status_group":"Operating","energy_sources":"NG","type":"Power plant","is_nuclear":false}},{"type":"Feature","geometry":{"type":"Point","coordinates":[-77.764,40.151]},"properties":{"key":"66838-755629fb","layer":"power","name":"Aspen Road Solar","state":"PA","detail_file":"data/details/power-plants-49.json","plant_id":"66838","capacity_mw":100.1,"status_group":"Operating","energy_sources":"SUN","type":"Power plant","is_nuclear":false}},{"type":"Feature","geometry":{"type":"Point","coordinates":[-76.781,40.772]},"properties":{"key":"67955-e1084c4e","layer":"power","name":"BAI-Boyles Run-Phase 2","state":"PA","detail_file":"data/details/power-plants-63.json","plant_id":"67955","capacity_mw":15.9,"status_group":"Planned","energy_sources":"SUN","type":"Power plant","is_nuclear":false}},{"type":"Feature","geometry":{"type":"Point","coordinates":[-76.781,40.772]},"properties":{"key":"67954-c17e8d81","layer":"power","name":"BAI-Boyles Run-Phase I","state":"PA","detail_file":"data/details/power-plants-54.json","plant_id":"67954","capacity_mw":15.9,"status_group":"Planned","energy_sources":"SUN","type":"Power plant","is_nuclear":false}},{"type":"Feature","geometry":{"type":"Point","coordinates":[-77.663,40.087]},"properties":{"key":"66850-0d200e19","layer":"power","name":"Beaver Creek Solar","state":"PA","detail_file":"data/details/power-plants-53.json","plant_id":"66850","capacity_mw":34.2,"status_group":"Under construction","energy_sources":"SUN","type":"Power plant","is_nuclear":false}},{"type":"Feature","geometry":{"type":"Point","coordinates":[-76.843,41.611]},"properties":{"key":"58811-8c587109","layer":"power","name":"Beaver Dam (PA)","state":"PA","detail_file":"data/details/power-plants-20.json","plant_id":"58811","capacity_mw":22.0,"status_group":"Operating","energy_sources":"NG","type":"Power plant","is_nuclear":false}},{"type":"Feature","geometry":{"type":"Point","coordinates":[-77.189,40.747]},"properties":{"key":"70024-5b8d550c","layer":"power","name":"Beaver Gross Road Solar LLC","state":"PA","detail_file":"data/details/power-plants-44.json","plant_id":"70024","capacity_mw":3.0,"status_group":"Under construction","energy_sources":"SUN","type":"Power plant","is_nuclear":false}},{"type":"Feature","geometry":{"type":"Point","coordinates":[-77.666,41.869]},"properties":{"key":"60551-2c3f2562","layer":"power","name":"Big Level Wind","state":"PA","detail_file":"data/details/power-plants-15.json","plant_id":"60551","capacity_mw":90.0,"status_group":"Operating","energy_sources":"WND","type":"Power plant","is_nuclear":false}},{"type":"Feature","geometry":{"type":"Point","coordinates":[-78.423,40.803]},"properties":{"key":"70075-9325d5ba","layer":"power","name":"Bigler - PA 0409 (Flango 1)","state":"PA","detail_file":"data/details/power-plants-00.json","plant_id":"70075","capacity_mw":3.0,"status_group":"Under construction","energy_sources":"SUN","type":"Power plant","is_nuclear":false}},{"type":"Feature","geometry":{"type":"Point","coordinates":[-78.423,40.803]},"properties":{"key":"70076-114f7743","layer":"power","name":"Bigler - PA 0436 (Flango 2)","state":"PA","detail_file":"data/details/power-plants-54.json","plant_id":"70076","capacity_mw":3.0,"status_group":"Under construction","energy_sources":"SUN","type":"Power plant","is_nuclear":false}},{"type":"Feature","geometry":{"type":"Point","coordinates":[-78.423,40.803]},"properties":{"key":"70077-13d1a004","layer":"power","name":"Bigler - PA 0437 (Flango 3)","state":"PA","detail_file":"data/details/power-plants-60.json","plant_id":"70077","capacity_mw":3.0,"status_group":"Under construction","energy_sources":"SUN","type":"Power plant","is_nuclear":false}},{"type":"Feature","geometry":{"type":"Point","coordinates":[-78.423,40.803]},"properties":{"key":"70078-bcd675dc","layer":"power","name":"Bigler - PA 0438 (Flango 4)","state":"PA","detail_file":"data/details/power-plants-14.json","plant_id":"70078","capacity_mw":2.0,"status_group":"Under construction","energy_sources":"SUN","type":"Power plant","is_nuclear":false}},{"type":"Feature","geometry":{"type":"Point","coordinates":[-77.082,41.706]},"properties":{"key":"3120-36954927","layer":"power","name":"Blossburg","state":"PA","detail_file":"data/details/power-plants-35.json","plant_id":"3120","capacity_mw":24.0,"status_group":"Operating","energy_sources":"NG","type":"Power plant","is_nuclear":false}},{"type":"Feature","geometry":{"type":"Point","coordinates":[-79.859,40.389]},"properties":{"key":"59091-7fc82994","layer":"power","name":"Braddock Lock and Dam","state":"PA","detail_file":"data/details/power-plants-02.json","plant_id":"59091","capacity_mw":5.3,"status_group":"Under construction","energy_sources":"WAT","type":"Power plant","is_nuclear":false}},{"type":"Feature","geometry":{"type":"Point","coordinates":[-76.537,41.722]},"properties":{"key":"68014-e5585f86","layer":"power","name":"Bradford Solar PA","state":"PA","detail_file":"data/details/power-plants-20.json","plant_id":"68014","capacity_mw":100.5,"status_group":"Under construction","energy_sources":"SUN","type":"Power plant","is_nuclear":false}},{"type":"Feature","geometry":{"type":"Point","coordinates":[-76.696,40.096]},"properties":{"key":"3140-852ef8e4","layer":"power","name":"Brunner Island","state":"PA","detail_file":"data/details/power-plants-38.json","plant_id":"3140","capacity_mw":1616.1,"status_group":"Operating","energy_sources":"NG","type":"Power plant","is_nuclear":false}},{"type":"Feature","geometry":{"type":"Point","coordinates":[-78.423,41.866]},"properties":{"key":"70079-74a802b2","layer":"power","name":"Buckingham - PA 0151 (Crea)","state":"PA","detail_file":"data/details/power-plants-36.json","plant_id":"70079","capacity_mw":3.0,"status_group":"Under construction","energy_sources":"SUN","type":"Power plant","is_nuclear":false}},{"type":"Feature","geometry":{"type":"Point","coordinates":[-76.879,40.955]},"properties":{"key":"54333-4e7229f4","layer":"power","name":"Bucknell University","state":"PA","detail_file":"data/details/power-plants-61.json","plant_id":"54333","capacity_mw":5.9,"status_group":"Operating","energy_sources":"NG","type":"Power plant","is_nuclear":false}},{"type":"Feature","geometry":{"type":"Point","coordinates":[-79.438,40.659]},"properties":{"key":"70080-7f5c2ded","layer":"power","name":"Burrell - PA 0396 (Copeland)","state":"PA","detail_file":"data/details/power-plants-06.json","plant_id":"70080","capacity_mw":3.0,"status_group":"Under construction","energy_sources":"SUN","type":"Power plant","is_nuclear":false}},{"type":"Feature","geometry":{"type":"Point","coordinates":[-77.206,40.214]},"properties":{"key":"57668-b25b94ca","layer":"power","name":"CASD Solar","state":"PA","detail_file":"data/details/power-plants-53.json","plant_id":"57668","capacity_mw":1.3,"status_group":"Operating","energy_sources":"SUN","type":"Power plant","is_nuclear":false}},{"type":"Feature","geometry":{"type":"Point","coordinates":[-78.652,41.05]},"properties":{"key":"64709-bf5996aa","layer":"power","name":"CL-Viaduct LLC","state":"PA","detail_file":"data/details/power-plants-58.json","plant_id":"64709","capacity_mw":20.0,"status_group":"Operating","energy_sources":"SUN","type":"Power plant","is_nuclear":false}},{"type":"Feature","geometry":{"type":"Point","coordinates":[-78.855,40.412]},"properties":{"key":"60589-addd6f0b","layer":"power","name":"CPV Fairview Energy Center","state":"PA","detail_file":"data/details/power-plants-13.json","plant_id":"60589","capacity_mw":1197.0,"status_group":"Operating","energy_sources":"NG","type":"Power plant","is_nuclear":false}},{"type":"Feature","geometry":{"type":"Point","coordinates":[-78.646,40.35]},"properties":{"key":"65332-660aecd7","layer":"power","name":"CPV Maple Hill Solar","state":"PA","detail_file":"data/details/power-plants-00.json","plant_id":"65332","capacity_mw":100.0,"status_group":"Operating","energy_sources":"SUN","type":"Power plant","is_nuclear":false}},{"type":"Feature","geometry":{"type":"Point","coordinates":[-78.663,40.698]},"properties":{"key":"67348-a8f8fa5e","layer":"power","name":"CPV Rogue's Wind, LLC","state":"PA","detail_file":"data/details/power-plants-07.json","plant_id":"67348","capacity_mw":114.0,"status_group":"Operating","energy_sources":"WND","type":"Power plant","is_nuclear":false}},{"type":"Feature","geometry":{"type":"Point","coordinates":[-79.27,40.891]},"properties":{"key":"70081-ee60e326","layer":"power","name":"CVE US PA Dayton 379","state":"PA","detail_file":"data/details/power-plants-14.json","plant_id":"70081","capacity_mw":3.0,"status_group":"Under construction","energy_sources":"SUN","type":"Power plant","is_nuclear":false}},{"type":"Feature","geometry":{"type":"Point","coordinates":[-79.816,40.54]},"properties":{"key":"69697-1d7e5b72","layer":"power","name":"CW Bill Young Hydropower Project","state":"PA","detail_file":"data/details/power-plants-14.json","plant_id":"69697","capacity_mw":8.4,"status_group":"Under construction","energy_sources":"WAT","type":"Power plant","is_nuclear":false}},{"type":"Feature","geometry":{"type":"Point","coordinates":[-78.691,40.304]},"properties":{"key":"57139-67314656","layer":"power","name":"Cambria Wind LLC","state":"PA","detail_file":"data/details/power-plants-41.json","plant_id":"57139","capacity_mw":62.5,"status_group":"Operating","energy_sources":"WND","type":"Power plant","is_nuclear":false}},{"type":"Feature","geometry":{"type":"Point","coordinates":[-79.724,41.34]},"properties":{"key":"67007-66a91f53","layer":"power","name":"Cardinal Solar, LLC","state":"PA","detail_file":"data/details/power-plants-48.json","plant_id":"67007","capacity_mw":20.0,"status_group":"Operating","energy_sources":"SUN","type":"Power plant","is_nuclear":false}},{"type":"Feature","geometry":{"type":"Point","coordinates":[-78.477,40.523]},"properties":{"key":"57268-9dd3388d","layer":"power","name":"Chestnut Flats Wind Farm","state":"PA","detail_file":"data/details/power-plants-31.json","plant_id":"57268","capacity_mw":38.0,"status_group":"Operating","energy_sources":"WND","type":"Power plant","is_nuclear":false}},{"type":"Feature","geometry":{"type":"Point","coordinates":[-79.882,40.31]},"properties":{"key":"50729-7a6053a7","layer":"power","name":"Clairton Works","state":"PA","detail_file":"data/details/power-plants-62.json","plant_id":"50729","capacity_mw":31.0,"status_group":"Operating","energy_sources":"OG","type":"Power plant","is_nuclear":false}},{"type":"Feature","geometry":{"type":"Point","coordinates":[-78.567,41.656]},"properties":{"key":"67870-e42bde4c","layer":"power","name":"Clermont Solar","state":"PA","detail_file":"data/details/power-plants-45.json","plant_id":"67870","capacity_mw":120.0,"status_group":"Under construction","energy_sources":"SUN","type":"Power plant","is_nuclear":false}},{"type":"Feature","geometry":{"type":"Point","coordinates":[-79.396,41.399]},"properties":{"key":"66364-a1603aee","layer":"power","name":"Cobalt Solar, LLC","state":"PA","detail_file":"data/details/power-plants-42.json","plant_id":"66364","capacity_mw":20.0,"status_group":"Operating","energy_sources":"SUN","type":"Power plant","is_nuclear":false}},{"type":"Feature","geometry":{"type":"Point","coordinates":[-78.798,40.551]},"properties":{"key":"10143-06402301","layer":"power","name":"Colver Green Energy","state":"PA","detail_file":"data/details/power-plants-34.json","plant_id":"10143","capacity_mw":118.0,"status_group":"Operating","energy_sources":"WC","type":"Power plant","is_nuclear":false}},{"type":"Feature","geometry":{"type":"Point","coordinates":[-79.061,40.384]},"properties":{"key":"3118-3e7abd6a","layer":"power","name":"Conemaugh","state":"PA","detail_file":"data/details/power-plants-44.json","plant_id":"3118","capacity_mw":1963.0,"status_group":"Operating","energy_sources":"BIT; DFO","type":"Power plant","is_nuclear":false}},{"type":"Feature","geometry":{"type":"Point","coordinates":[-79.366,40.464]},"properties":{"key":"52173-2db60e60","layer":"power","name":"Conemaugh Hydro Plant","state":"PA","detail_file":"data/details/power-plants-61.json","plant_id":"52173","capacity_mw":15.0,"status_group":"Operating","energy_sources":"WAT","type":"Power plant","is_nuclear":false}},{"type":"Feature","geometry":{"type":"Point","coordinates":[-76.793,40.989]},"properties":{"key":"65079-aa00b2d8","layer":"power","name":"Cottontail Solar 4","state":"PA","detail_file":"data/details/power-plants-55.json","plant_id":"65079","capacity_mw":20.0,"status_group":"Operating","energy_sources":"SUN","type":"Power plant","is_nuclear":false}},{"type":"Feature","geometry":{"type":"Point","coordinates":[-77.379,40.561]},"properties":{"key":"65080-04ec7523","layer":"power","name":"Cottontail Solar 5","state":"PA","detail_file":"data/details/power-plants-31.json","plant_id":"65080","capacity_mw":20.0,"status_group":"Operating","energy_sources":"SUN","type":"Power plant","is_nuclear":false}},{"type":"Feature","geometry":{"type":"Point","coordinates":[-76.905,40.792]},"properties":{"key":"65081-2b622c1b","layer":"power","name":"Cottontail Solar 6","state":"PA","detail_file":"data/details/power-plants-59.json","plant_id":"65081","capacity_mw":20.0,"status_group":"Operating","energy_sources":"SUN","type":"Power plant","is_nuclear":false}},{"type":"Feature","geometry":{"type":"Point","coordinates":[-76.723,40.151]},"properties":{"key":"8011-157f7a28","layer":"power","name":"Crane Clean Energy Center","state":"PA","detail_file":"data/details/power-plants-62.json","plant_id":"8011","capacity_mw":980.8,"status_group":"Operating","energy_sources":"NUC","type":"Nuclear power plant","is_nuclear":true}},{"type":"Feature","geometry":{"type":"Point","coordinates":[-76.725,40.154]},"properties":{"key":"crane-clean-energy-center-tmi-pa-aa7f4f42","layer":"power","name":"Crane Clean Energy Center (Three Mile Island Unit 1)","state":"PA","detail_file":"data/details/power-plants-14.json","plant_id":"crane-clean-energy-center-tmi-pa","capacity_mw":835.0,"status_group":"Under construction","energy_sources":"nuclear","type":"Nuclear power plant","is_nuclear":true}},{"type":"Feature","geometry":{"type":"Point","coordinates":[-77.507,40.136]},"properties":{"key":"56887-ab3897ed","layer":"power","name":"Cumberland County PA LFG Recovery","state":"PA","detail_file":"data/details/power-plants-46.json","plant_id":"56887","capacity_mw":6.4,"status_group":"Operating","energy_sources":"LFG","type":"Power plant","is_nuclear":false}},{"type":"Feature","geometry":{"type":"Point","coordinates":[-76.176,40.086]},"properties":{"key":"58476-bdb5923f","layer":"power","name":"Dart Container Corp","state":"PA","detail_file":"data/details/power-plants-31.json","plant_id":"58476","capacity_mw":11.2,"status_group":"Operating","energy_sources":"LFG","type":"Power plant","is_nuclear":false}},{"type":"Feature","geometry":{"type":"Point","coordinates":[-79.27,40.891]},"properties":{"key":"70082-9bce8f8d","layer":"power","name":"Dayton - PA 0404 (Good East)","state":"PA","detail_file":"data/details/power-plants-07.json","plant_id":"70082","capacity_mw":2.5,"status_group":"Under construction","energy_sources":"SUN","type":"Power plant","is_nuclear":false}},{"type":"Feature","geometry":{"type":"Point","coordinates":[-76.85,41.113]},"properties":{"key":"70028-b0dd4b5b","layer":"power","name":"Delaware Conrath Road Solar LLC","state":"PA","detail_file":"data/details/power-plants-57.json","plant_id":"70028","capacity_mw":3.0,"status_group":"Under construction","energy_sources":"SUN","type":"Power plant","is_nuclear":false}},{"type":"Feature","geometry":{"type":"Point","coordinates":[-77.22,40.198]},"properties":{"key":"62946-eba800c4","layer":"power","name":"Dickinson Solar","state":"PA","detail_file":"data/details/power-plants-13.json","plant_id":"62946","capacity_mw":3.0,"status_group":"Operating","energy_sources":"SUN","type":"Power plant","is_nuclear":false}},{"type":"Feature","geometry":{"type":"Point","coordinates":[-76.823,40.012]},"properties":{"key":"68995-4d253788","layer":"power","name":"Dover Solar (PA)","state":"PA","detail_file":"data/details/power-plants-05.json","plant_id":"68995","capacity_mw":75.0,"status_group":"Under construction","energy_sources":"SUN","type":"Power plant","is_nuclear":false}},{"type":"Feature","geometry":{"type":"Point","coordinates":[-79.987,40.437]},"properties":{"key":"63485-bb4ed7b8","layer":"power","name":"ECP Uptown Campus","state":"PA","detail_file":"data/details/power-plants-60.json","plant_id":"63485","capacity_mw":5.6,"status_group":"Operating","energy_sources":"NG","type":"Power plant","is_nuclear":false}},{"type":"Feature","geometry":{"type":"Point","coordinates":[-76.894,40.942]},"properties":{"key":"66097-2026f04e","layer":"power","name":"ER Bison Solar CSG","state":"PA","detail_file":"data/details/power-plants-12.json","plant_id":"66097","capacity_mw":1.4,"status_group":"Operating","energy_sources":"SUN","type":"Power plant","is_nuclear":false}},{"type":"Feature","geometry":{"type":"Point","coordinates":[-77.847,40.809]},"properties":{"key":"58195-86b29957","layer":"power","name":"East Campus Steam Plant","state":"PA","detail_file":"data/details/power-plants-29.json","plant_id":"58195","capacity_mw":7.0,"status_group":"Operating","energy_sources":"NG","type":"Power plant","is_nuclear":false}},{"type":"Feature","geometry":{"type":"Point","coordinates":[-78.747,40.455]},"properties":{"key":"10603-1a762002","layer":"power","name":"Ebensburg Power","state":"PA","detail_file":"data/details/power-plants-30.json","plant_id":"10603","capacity_mw":57.6,"status_group":"Operating","energy_sources":"WC","type":"Power plant","is_nuclear":false}},{"type":"Feature","geometry":{"type":"Point","coordinates":[-76.581,40.153]},"properties":{"key":"60985-7a73dc65","layer":"power","name":"Elizabethtown Solar","state":"PA","detail_file":"data/details/power-plants-36.json","plant_id":"60985","capacity_mw":2.0,"status_group":"Operating","energy_sources":"SUN","type":"Power plant","is_nuclear":false}},{"type":"Feature","geometry":{"type":"Point","coordinates":[-76.171,40.188]},"properties":{"key":"66446-6091b0e7","layer":"power","name":"Ephrata PA BTM","state":"PA","detail_file":"data/details/power-plants-18.json","plant_id":"66446","capacity_mw":5.4,"status_group":"Operating","energy_sources":"DFO","type":"Power plant","is_nuclear":false}},{"type":"Feature","geometry":{"type":"Point","coordinates":[-76.573,40.428]},"properties":{"key":"62408-1980c613","layer":"power","name":"Fort Indiantown Gap","state":"PA","detail_file":"data/details/power-plants-47.json","plant_id":"62408","capacity_mw":3.0,"status_group":"Operating","energy_sources":"SUN","type":"Power plant","is_nuclear":false}},{"type":"Feature","geometry":{"type":"Point","coordinates":[-78.863,40.085]},"properties":{"key":"56699-1589420b","layer":"power","name":"Forward Windpower LLC","state":"PA","detail_file":"data/details/power-plants-23.json","plant_id":"56699","capacity_mw":29.4,"status_group":"Operating","energy_sources":"WND","type":"Power plant","is_nuclear":false}},{"type":"Feature","geometry":{"type":"Point","coordinates":[-76.453,40.811]},"properties":{"key":"10343-ea77863c","layer":"power","name":"Foster Wheeler Mt Carmel Cogen","state":"PA","detail_file":"data/details/power-plants-17.json","plant_id":"10343","capacity_mw":47.3,"status_group":"Operating","energy_sources":"WC","type":"Power plant","is_nuclear":false}},{"type":"Feature","geometry":{"type":"Point","coordinates":[-77.084,40.78]},"properties":{"key":"69998-88c5f87f","layer":"power","name":"Franklin White Church Road Solar LLC","state":"PA","detail_file":"data/details/power-plants-49.json","plant_id":"69998","capacity_mw":3.0,"status_group":"Under construction","energy_sources":"SUN","type":"Power plant","is_nuclear":false}},{"type":"Feature","geometry":{"type":"Point","coordinates":[-76.493,40.366]},"properties":{"key":"56512-25cb1172","layer":"power","name":"GLRA Landfill","state":"PA","detail_file":"data/details/power-plants-38.json","plant_id":"56512","capacity_mw":3.2,"status_group":"Operating","energy_sources":"LFG","type":"Power plant","is_nuclear":false}},{"type":"Feature","geometry":{"type":"Point","coordinates":[-76.483,41.118]},"properties":{"key":"69999-a236ae46","layer":"power","name":"Greenwood Bottom Road Solar LLC","state":"PA","detail_file":"data/details/power-plants-20.json","plant_id":"69999","capacity_mw":3.0,"status_group":"Under construction","energy_sources":"SUN","type":"Power plant","is_nuclear":false}},{"type":"Feature","geometry":{"type":"Point","coordinates":[-76.512,41.13]},"properties":{"key":"70000-1754a7a6","layer":"power","name":"Greenwood Route 254 Solar LLC","state":"PA","detail_file":"data/details/power-plants-38.json","plant_id":"70000","capacity_mw":3.0,"status_group":"Under construction","energy_sources":"SUN","type":"Power plant","is_nuclear":false}},{"type":"Feature","geometry":{"type":"Point","coordinates":[-76.735,40.044]},"properties":{"key":"57390-73e9c1cd","layer":"power","name":"Haleon York RDC Solar Facility","state":"PA","detail_file":"data/details/power-plants-46.json","plant_id":"57390","capacity_mw":2.6,"status_group":"Operating","energy_sources":"SUN","type":"Power plant","is_nuclear":false}},{"type":"Feature","geometry":{"type":"Point","coordinates":[-76.39,41.767]},"properties":{"key":"58420-a94a814f","layer":"power","name":"Hamilton Liberty","state":"PA","detail_file":"data/details/power-plants-14.json","plant_id":"58420","capacity_mw":870.0,"status_group":"Operating","energy_sources":"NG","type":"Power plant","is_nuclear":false}},{"type":"Feature","geometry":{"type":"Point","coordinates":[-76.839,41.181]},"properties":{"key":"58426-5196b6a1","layer":"power","name":"Hamilton Patriot Generation Plant","state":"PA","detail_file":"data/details/power-plants-41.json","plant_id":"58426","capacity_mw":870.0,"status_group":"Operating","energy_sources":"NG","type":"Power plant","is_nuclear":false}},{"type":"Feature","geometry":{"type":"Point","coordinates":[-77.002,40.231]},"properties":{"key":"69830-a71f6670","layer":"power","name":"Hampden CSG 1 LLC","state":"PA","detail_file":"data/details/power-plants-26.json","plant_id":"69830","capacity_mw":1.8,"status_group":"Operating","energy_sources":"SUN","type":"Power plant","is_nuclear":false}},{"type":"Feature","geometry":{"type":"Point","coordinates":[-79.806,41.291]},"properties":{"key":"55233-d9047cd0","layer":"power","name":"Handsome Lake Energy LLC","state":"PA","detail_file":"data/details/power-plants-27.json","plant_id":"55233","capacity_mw":294.5,"status_group":"Operating","energy_sources":"NG","type":"Power plant","is_nuclear":false}},{"type":"Feature","geometry":{"type":"Point","coordinates":[-76.854,40.244]},"properties":{"key":"10118-2156d34e","layer":"power","name":"Harrisburg Facility","state":"PA","detail_file":"data/details/power-plants-61.json","plant_id":"10118","capacity_mw":24.1,"status_group":"Operating","energy_sources":"MSW","type":"Power plant","is_nuclear":false}},{"type":"Feature","geometry":{"type":"Point","coordinates":[-76.041,40.928]},"properties":{"key":"10870-60172744","layer":"power","name":"Hazelton","state":"PA","detail_file":"data/details/power-plants-24.json","plant_id":"10870","capacity_mw":171.5,"status_group":"Operating","energy_sources":"NG","type":"Power plant","is_nuclear":false}},{"type":"Feature","geometry":{"type":"Point","coordinates":[-76.047,40.95]},"properties":{"key":"57716-e25085e4","layer":"power","name":"Hazle Spindle","state":"PA","detail_file":"data/details/power-plants-13.json","plant_id":"57716","capacity_mw":20.0,"status_group":"Operating","energy_sources":"MWH","type":"Power plant","is_nuclear":false}},{"type":"Feature","geometry":{"type":"Point","coordinates":[-78.681,40.32]},"properties":{"key":"57991-31568a46","layer":"power","name":"Highland North Wind Farm","state":"PA","detail_file":"data/details/power-plants-13.json","plant_id":"57991","capacity_mw":75.0,"status_group":"Operating","energy_sources":"WND","type":"Power plant","is_nuclear":false}},{"type":"Feature","geometry":{"type":"Point","coordinates":[-79.196,40.513]},"properties":{"key":"3122-f0243e23","layer":"power","name":"Homer City Generating Station","state":"PA","detail_file":"data/details/power-plants-19.json","plant_id":"3122","capacity_mw":4396.0,"status_group":"Planned","energy_sources":"NG","type":"Power plant","is_nuclear":false}},{"type":"Feature","geometry":{"type":"Point","coordinates":[-76.826,40.839]},"properties":{"key":"60368-fcbfde26","layer":"power","name":"Hummel Station LLC","state":"PA","detail_file":"data/details/power-plants-17.json","plant_id":"60368","capacity_mw":1194.4,"status_group":"Operating","energy_sources":"NG","type":"Power plant","is_nuclear":false}},{"type":"Feature","geometry":{"type":"Point","coordinates":[-79.647,40.216]},"properties":{"key":"63691-bc4d8c76","layer":"power","name":"Hunker Solar River, LLC","state":"PA","detail_file":"data/details/power-plants-60.json","plant_id":"63691","capacity_mw":3.3,"status_group":"Operating","energy_sources":"SUN","type":"Power plant","is_nuclear":false}},{"type":"Feature","geometry":{"type":"Point","coordinates":[-76.07,41.201]},"properties":{"key":"3176-711220bb","layer":"power","name":"Hunlock Power Station","state":"PA","detail_file":"data/details/power-plants-02.json","plant_id":"3176","capacity_mw":145.9,"status_group":"Operating","energy_sources":"NG","type":"Power plant","is_nuclear":false}},{"type":"Feature","geometry":{"type":"Point","coordinates":[-76.068,41.203]},"properties":{"key":"56397-8ec84ab4","layer":"power","name":"Hunlock Unit 4","state":"PA","detail_file":"data/details/power-plants-11.json","plant_id":"56397","capacity_mw":44.0,"status_group":"Operating","energy_sources":"NG","type":"Power plant","is_nuclear":false}},{"type":"Feature","geometry":{"type":"Point","coordinates":[-79.159,40.614]},"properties":{"key":"10129-ccea23fd","layer":"power","name":"Indiana University of Pennsylvania","state":"PA","detail_file":"data/details/power-plants-58.json","plant_id":"10129","capacity_mw":24.4,"status_group":"Operating","energy_sources":"NG","type":"Power plant","is_nuclear":false}},{"type":"Feature","geometry":{"type":"Point","coordinates":[-76.366,40.351]},"properties":{"key":"55337-4de1720b","layer":"power","name":"Ironwood LLC","state":"PA","detail_file":"data/details/power-plants-40.json","plant_id":"55337","capacity_mw":777.6,"status_group":"Operating","energy_sources":"NG","type":"Power plant","is_nuclear":false}},{"type":"Feature","geometry":{"type":"Point","coordinates":[-76.198,40.79]},"properties":{"key":"10113-0fbea9ee","layer":"power","name":"John B Rich Memorial Power Station","state":"PA","detail_file":"data/details/power-plants-48.json","plant_id":"10113","capacity_mw":88.4,"status_group":"Operating","energy_sources":"WC","type":"Power plant","is_nuclear":false}},{"type":"Feature","geometry":{"type":"Point","coordinates":[-78.676,41.491]},"properties":{"key":"54638-7485c049","layer":"power","name":"Johnsonburg Mill","state":"PA","detail_file":"data/details/power-plants-54.json","plant_id":"54638","capacity_mw":54.0,"status_group":"Operating","energy_sources":"BLQ","type":"Power plant","is_nuclear":false}},{"type":"Feature","geometry":{"type":"Point","coordinates":[-78.697,41.564]},"properties":{"key":"70083-4d776793","layer":"power","name":"Jones - PA 0399 (Rhodes)","state":"PA","detail_file":"data/details/power-plants-26.json","plant_id":"70083","capacity_mw":3.0,"status_group":"Under construction","energy_sources":"SUN","type":"Power plant","is_nuclear":false}},{"type":"Feature","geometry":{"type":"Point","coordinates":[-78.697,41.564]},"properties":{"key":"70170-dd640e81","layer":"power","name":"Jones - PA 0429 (Rhodes South)","state":"PA","detail_file":"data/details/power-plants-06.json","plant_id":"70170","capacity_mw":3.0,"status_group":"Under construction","energy_sources":"SUN","type":"Power plant","is_nuclear":false}},{"type":"Feature","geometry":{"type":"Point","coordinates":[-77.276,41.838]},"properties":{"key":"66730-5f4be8a0","layer":"power","name":"Jordan Energy-DFA Middlebury Center Plan","state":"PA","detail_file":"data/details/power-plants-51.json","plant_id":"66730","capacity_mw":1.1,"status_group":"Operating","energy_sources":"SUN","type":"Power plant","is_nuclear":false}},{"type":"Feature","geometry":{"type":"Point","coordinates":[-78.384,40.533]},"properties":{"key":"10302-391f281f","layer":"power","name":"Juniata Locomotive Shop","state":"PA","detail_file":"data/details/power-plants-19.json","plant_id":"10302","capacity_mw":1.5,"status_group":"Operating","energy_sources":"NG","type":"Power plant","is_nuclear":false}},{"type":"Feature","geometry":{"type":"Point","coordinates":[-79.341,40.66]},"properties":{"key":"3136-fbeb3a5b","layer":"power","name":"Keystone","state":"PA","detail_file":"data/details/power-plants-38.json","plant_id":"3136","capacity_mw":1883.2,"status_group":"Operating","energy_sources":"BIT; DFO","type":"Power plant","is_nuclear":false}},{"type":"Feature","geometry":{"type":"Point","coordinates":[-79.334,40.822]},"properties":{"key":"70172-d816676b","layer":"power","name":"Kittanning - PA 0383 (Hoeter)","state":"PA","detail_file":"data/details/power-plants-46.json","plant_id":"70172","capacity_mw":3.0,"status_group":"Under construction","energy_sources":"SUN","type":"Power plant","is_nuclear":false}},{"type":"Feature","geometry":{"type":"Point","coordinates":[-79.334,40.822]},"properties":{"key":"70164-a0b051e3","layer":"power","name":"Kittanning - PA 0406 (Hoeter B)","state":"PA","detail_file":"data/details/power-plants-42.json","plant_id":"70164","capacity_mw":3.0,"status_group":"Under construction","energy_sources":"SUN","type":"Power plant","is_nuclear":false}},{"type":"Feature","geometry":{"type":"Point","coordinates":[-79.334,40.822]},"properties":{"key":"70165-ca90ce8a","layer":"power","name":"Kittanning - PA 0407 (Hoeter C)","state":"PA","detail_file":"data/details/power-plants-41.json","plant_id":"70165","capacity_mw":3.0,"status_group":"Under construction","energy_sources":"SUN","type":"Power plant","is_nuclear":false}},{"type":"Feature","geometry":{"type":"Point","coordinates":[-77.234,40.026]},"properties":{"key":"57412-1db03698","layer":"power","name":"Knouse Solar Project 1","state":"PA","detail_file":"data/details/power-plants-32.json","plant_id":"57412","capacity_mw":3.0,"status_group":"Operating","energy_sources":"SUN","type":"Power plant","is_nuclear":false}},{"type":"Feature","geometry":{"type":"Point","coordinates":[-76.146,40.091]},"properties":{"key":"58497-5d69f78e","layer":"power","name":"L&S Sweetners","state":"PA","detail_file":"data/details/power-plants-16.json","plant_id":"58497","capacity_mw":3.2,"status_group":"Operating","energy_sources":"LFG","type":"Power plant","is_nuclear":false}},{"type":"Feature","geometry":{"type":"Point","coordinates":[-76.644,40.071]},"properties":{"key":"50859-288e770d","layer":"power","name":"Lancaster County Resource Recovery","state":"PA","detail_file":"data/details/power-plants-51.json","plant_id":"50859","capacity_mw":35.7,"status_group":"Operating","energy_sources":"MSW","type":"Power plant","is_nuclear":false}},{"type":"Feature","geometry":{"type":"Point","coordinates":[-79.354,40.252]},"properties":{"key":"70167-8ce25816","layer":"power","name":"Latrobe - PA 0408 (Soccerhound B)","state":"PA","detail_file":"data/details/power-plants-06.json","plant_id":"70167","capacity_mw":1.0,"status_group":"Under construction","energy_sources":"SUN","type":"Power plant","is_nuclear":false}},{"type":"Feature","geometry":{"type":"Point","coordinates":[-77.03,41.532]},"properties":{"key":"57744-13e9e0cd","layer":"power","name":"Laurel Hill Wind","state":"PA","detail_file":"data/details/power-plants-60.json","plant_id":"57744","capacity_mw":69.0,"status_group":"Operating","energy_sources":"WND","type":"Power plant","is_nuclear":false}},{"type":"Feature","geometry":{"type":"Point","coordinates":[-76.688,41.03]},"properties":{"key":"70032-b4b6a431","layer":"power","name":"Liberty Keefer Mill Road Solar LLC","state":"PA","detail_file":"data/details/power-plants-36.json","plant_id":"70032","capacity_mw":3.0,"status_group":"Under construction","energy_sources":"SUN","type":"Power plant","is_nuclear":false}},{"type":"Feature","geometry":{"type":"Point","coordinates":[-76.755,41.232]},"properties":{"key":"69116-845bd7ef","layer":"power","name":"Lime Bluff 1","state":"PA","detail_file":"data/details/power-plants-36.json","plant_id":"69116","capacity_mw":2.5,"status_group":"Operating","energy_sources":"SUN","type":"Power plant","is_nuclear":false}},{"type":"Feature","geometry":{"type":"Point","coordinates":[-76.753,41.233]},"properties":{"key":"69117-8b148f91","layer":"power","name":"Lime Bluff 2","state":"PA","detail_file":"data/details/power-plants-45.json","plant_id":"69117","capacity_mw":1.0,"status_group":"Operating","energy_sources":"SUN","type":"Power plant","is_nuclear":false}},{"type":"Feature","geometry":{"type":"Point","coordinates":[-76.984,40.583]},"properties":{"key":"69374-f8410e39","layer":"power","name":"Liverpool Solar Partners","state":"PA","detail_file":"data/details/power-plants-27.json","plant_id":"69374","capacity_mw":1.5,"status_group":"Operating","energy_sources":"SUN","type":"Power plant","is_nuclear":false}},{"type":"Feature","geometry":{"type":"Point","coordinates":[-76.129,40.855]},"properties":{"key":"56470-a21cc83e","layer":"power","name":"Locust Ridge","state":"PA","detail_file":"data/details/power-plants-34.json","plant_id":"56470","capacity_mw":26.0,"status_group":"Operating","energy_sources":"WND","type":"Power plant","is_nuclear":false}},{"type":"Feature","geometry":{"type":"Point","coordinates":[-76.155,40.841]},"properties":{"key":"56770-c97b8c04","layer":"power","name":"Locust Ridge II LLC","state":"PA","detail_file":"data/details/power-plants-03.json","plant_id":"56770","capacity_mw":102.0,"status_group":"Operating","energy_sources":"WND","type":"Power plant","is_nuclear":false}},{"type":"Feature","geometry":{"type":"Point","coordinates":[-76.918,41.151]},"properties":{"key":"57582-b694c88d","layer":"power","name":"Lycoming County","state":"PA","detail_file":"data/details/power-plants-45.json","plant_id":"57582","capacity_mw":3.2,"status_group":"Operating","energy_sources":"LFG","type":"Power plant","is_nuclear":false}},{"type":"Feature","geometry":{"type":"Point","coordinates":[-78.042,41.061]},"properties":{"key":"68993-49d7e1b0","layer":"power","name":"MPG Solar","state":"PA","detail_file":"data/details/power-plants-25.json","plant_id":"68993","capacity_mw":162.0,"status_group":"Under construction","energy_sources":"SUN","type":"Power plant","is_nuclear":false}},{"type":"Feature","geometry":{"type":"Point","coordinates":[-76.538,41.113]},"properties":{"key":"70003-83eb0416","layer":"power","name":"Madison Taylor Road Solar LLC","state":"PA","detail_file":"data/details/power-plants-61.json","plant_id":"70003","capacity_mw":3.0,"status_group":"Under construction","energy_sources":"SUN","type":"Power plant","is_nuclear":false}},{"type":"Feature","geometry":{"type":"Point","coordinates":[-79.282,40.921]},"properties":{"key":"58685-867ab58c","layer":"power","name":"Mahoning Creek Hydroelectric Project","state":"PA","detail_file":"data/details/power-plants-49.json","plant_id":"58685","capacity_mw":6.0,"status_group":"Operating","energy_sources":"WAT","type":"Power plant","is_nuclear":false}},{"type":"Feature","geometry":{"type":"Point","coordinates":[-76.059,40.106]},"properties":{"key":"58443-8268eef3","layer":"power","name":"Martin Limestone Solar Array","state":"PA","detail_file":"data/details/power-plants-05.json","plant_id":"58443","capacity_mw":1.0,"status_group":"Operating","energy_sources":"SUN","type":"Power plant","is_nuclear":false}},{"type":"Feature","geometry":{"type":"Point","coordinates":[-76.605,40.641]},"properties":{"key":"57494-670b5a3a","layer":"power","name":"Masser Farms Realty Solar","state":"PA","detail_file":"data/details/power-plants-52.json","plant_id":"57494","capacity_mw":1.0,"status_group":"Operating","energy_sources":"SUN","type":"Power plant","is_nuclear":false}},{"type":"Feature","geometry":{"type":"Point","coordinates":[-79.959,40.002]},"properties":{"key":"62385-4584f2fe","layer":"power","name":"Maxwell L&D Hydroelectric Project","state":"PA","detail_file":"data/details/power-plants-25.json","plant_id":"62385","capacity_mw":12.0,"status_group":"Planned","energy_sources":"WAT","type":"Power plant","is_nuclear":false}},{"type":"Feature","geometry":{"type":"Point","coordinates":[-76.049,41.421]},"properties":{"key":"57769-0ab3d253","layer":"power","name":"Mehoopany Wind Energy LLC","state":"PA","detail_file":"data/details/power-plants-06.json","plant_id":"57769","capacity_mw":140.8,"status_group":"Operating","energy_sources":"WND","type":"Power plant","is_nuclear":false}},{"type":"Feature","geometry":{"type":"Point","coordinates":[-76.937,40.516]},"properties":{"key":"69371-1858b166","layer":"power","name":"Middle Road Solar Partners","state":"PA","detail_file":"data/details/power-plants-14.json","plant_id":"69371","capacity_mw":2.5,"status_group":"Under construction","energy_sources":"SUN","type":"Power plant","is_nuclear":false}},{"type":"Feature","geometry":{"type":"Point","coordinates":[-77.045,40.911]},"properties":{"key":"66452-d1ddb21b","layer":"power","name":"Mifflinburg PA BTM","state":"PA","detail_file":"data/details/power-plants-16.json","plant_id":"66452","capacity_mw":5.4,"status_group":"Operating","energy_sources":"DFO","type":"Power plant","is_nuclear":false}},{"type":"Feature","geometry":{"type":"Point","coordinates":[-76.583,41.894]},"properties":{"key":"58818-3c59387c","layer":"power","name":"Milan","state":"PA","detail_file":"data/details/power-plants-12.json","plant_id":"58818","capacity_mw":21.0,"status_group":"Operating","energy_sources":"NG","type":"Power plant","is_nuclear":false}},{"type":"Feature","geometry":{"type":"Point","coordinates":[-78.294,41.106]},"properties":{"key":"67378-f0e27a7e","layer":"power","name":"Mineral Basin Solar Power","state":"PA","detail_file":"data/details/power-plants-41.json","plant_id":"67378","capacity_mw":401.6,"status_group":"Planned","energy_sources":"SUN","type":"Power plant","is_nuclear":false}},{"type":"Feature","geometry":{"type":"Point","coordinates":[-77.685,40.902]},"properties":{"key":"68597-3736f41d","layer":"power","name":"Mingoville PV I","state":"PA","detail_file":"data/details/power-plants-02.json","plant_id":"68597","capacity_mw":3.0,"status_group":"Under construction","energy_sources":"SUN","type":"Power plant","is_nuclear":false}},{"type":"Feature","geometry":{"type":"Point","coordinates":[-77.685,40.902]},"properties":{"key":"68598-c50c70a3","layer":"power","name":"Mingoville PV II","state":"PA","detail_file":"data/details/power-plants-19.json","plant_id":"68598","capacity_mw":2.0,"status_group":"Under construction","energy_sources":"SUN","type":"Power plant","is_nuclear":false}},{"type":"Feature","geometry":{"type":"Point","coordinates":[-79.856,40.392]},"properties":{"key":"50732-94c1f4c8","layer":"power","name":"Mon Valley Works","state":"PA","detail_file":"data/details/power-plants-33.json","plant_id":"50732","capacity_mw":52.5,"status_group":"Operating","energy_sources":"BFG","type":"Power plant","is_nuclear":false}},{"type":"Feature","geometry":{"type":"Point","coordinates":[-79.901,40.146]},"properties":{"key":"62404-e7464bc2","layer":"power","name":"Monongahela L&D4 Hydroelectric Project","state":"PA","detail_file":"data/details/power-plants-61.json","plant_id":"62404","capacity_mw":12.0,"status_group":"Planned","energy_sources":"WAT","type":"Power plant","is_nuclear":false}},{"type":"Feature","geometry":{"type":"Point","coordinates":[-79.415,41.113]},"properties":{"key":"70168-bea45eac","layer":"power","name":"Monroe - PA 0485 (Lawrence)","state":"PA","detail_file":"data/details/power-plants-59.json","plant_id":"70168","capacity_mw":2.4,"status_group":"Under construction","energy_sources":"SUN","type":"Power plant","is_nuclear":false}},{"type":"Feature","geometry":{"type":"Point","coordinates":[-79.448,41.132]},"properties":{"key":"70169-aa0e97cf","layer":"power","name":"Monroe - PA 0486 (Acey)","state":"PA","detail_file":"data/details/power-plants-63.json","plant_id":"70169","capacity_mw":3.0,"status_group":"Under construction","energy_sources":"SUN","type":"Power plant","is_nuclear":false}},{"type":"Feature","geometry":{"type":"Point","coordinates":[-77.137,40.686]},"properties":{"key":"70004-ddd4043d","layer":"power","name":"Monroe Route 35 Solar LLC","state":"PA","detail_file":"data/details/power-plants-02.json","plant_id":"70004","capacity_mw":3.0,"status_group":"Under construction","energy_sources":"SUN","type":"Power plant","is_nuclear":false}},{"type":"Feature","geometry":{"type":"Point","coordinates":[-76.523,40.982]},"properties":{"key":"69994-78b91119","layer":"power","name":"Montour Tower Drive Solar LLC","state":"PA","detail_file":"data/details/power-plants-28.json","plant_id":"69994","capacity_mw":3.0,"status_group":"Under construction","energy_sources":"SUN","type":"Power plant","is_nuclear":false}},{"type":"Feature","geometry":{"type":"Point","coordinates":[-78.18,41.092]},"properties":{"key":"67950-ce495133","layer":"power","name":"Moonlight Flats Solar Power 1","state":"PA","detail_file":"data/details/power-plants-22.json","plant_id":"67950","capacity_mw":250.0,"status_group":"Planned","energy_sources":"SUN","type":"Power plant","is_nuclear":false}},{"type":"Feature","geometry":{"type":"Point","coordinates":[-76.477,40.108]},"properties":{"key":"62741-c4662a72","layer":"power","name":"Mount Joy Wire","state":"PA","detail_file":"data/details/power-plants-40.json","plant_id":"62741","capacity_mw":1.1,"status_group":"Operating","energy_sources":"NG","type":"Power plant","is_nuclear":false}},{"type":"Feature","geometry":{"type":"Point","coordinates":[-77.172,40.123]},"properties":{"key":"3111-907f633a","layer":"power","name":"Mountain","state":"PA","detail_file":"data/details/power-plants-36.json","plant_id":"3111","capacity_mw":54.0,"status_group":"Operating","energy_sources":"DFO","type":"Power plant","is_nuclear":false}},{"type":"Feature","geometry":{"type":"Point","coordinates":[-76.158,41.113]},"properties":{"key":"59906-9425cb71","layer":"power","name":"Moxie Freedom Generation Plant","state":"PA","detail_file":"data/details/power-plants-63.json","plant_id":"59906","capacity_mw":1105.0,"status_group":"Operating","energy_sources":"NG","type":"Power plant","is_nuclear":false}},{"type":"Feature","geometry":{"type":"Point","coordinates":[-76.755,41.222]},"properties":{"key":"69995-cbb5ef49","layer":"power","name":"Muncy Creek Lime Bluff Road Solar","state":"PA","detail_file":"data/details/power-plants-60.json","plant_id":"69995","capacity_mw":3.0,"status_group":"Under construction","energy_sources":"SUN","type":"Power plant","is_nuclear":false}},{"type":"Feature","geometry":{"type":"Point","coordinates":[-79.428,40.403]},"properties":{"key":"70114-94b69474","layer":"power","name":"New Alexandria  - PA 0363 (Weimer North)","state":"PA","detail_file":"data/details/power-plants-63.json","plant_id":"70114","capacity_mw":1.5,"status_group":"Under construction","energy_sources":"SUN","type":"Power plant","is_nuclear":false}},{"type":"Feature","geometry":{"type":"Point","coordinates":[-79.428,40.403]},"properties":{"key":"70120-4122998b","layer":"power","name":"New Alexandria - PA 0185 (Weimer)","state":"PA","detail_file":"data/details/power-plants-38.json","plant_id":"70120","capacity_mw":3.0,"status_group":"Under construction","energy_sources":"SUN","type":"Power plant","is_nuclear":false}},{"type":"Feature","geometry":{"type":"Point","coordinates":[-78.544,40.438]},"properties":{"key":"56651-c4aad2e6","layer":"power","name":"North Allegheny Windpower Project","state":"PA","detail_file":"data/details/power-plants-16.json","plant_id":"56651","capacity_mw":75.0,"status_group":"Operating","energy_sources":"WND","type":"Power plant","is_nuclear":false}},{"type":"Feature","geometry":{"type":"Point","coordinates":[-76.626,41.779]},"properties":{"key":"56890-7b318217","layer":"power","name":"Norther Tier Landfill","state":"PA","detail_file":"data/details/power-plants-01.json","plant_id":"56890","capacity_mw":1.6,"status_group":"Operating","energy_sources":"LFG","type":"Power plant","is_nuclear":false}},{"type":"Feature","geometry":{"type":"Point","coordinates":[-76.834,40.987]},"properties":{"key":"67675-3ec268bb","layer":"power","name":"Northumberland Solar","state":"PA","detail_file":"data/details/power-plants-21.json","plant_id":"67675","capacity_mw":65.0,"status_group":"Operating","energy_sources":"SUN","type":"Power plant","is_nuclear":false}},{"type":"Feature","geometry":{"type":"Point","coordinates":[-79.871,40.487]},"properties":{"key":"69826-bfd881f8","layer":"power","name":"Ohara CSG 1 LLC","state":"PA","detail_file":"data/details/power-plants-02.json","plant_id":"69826","capacity_mw":3.0,"status_group":"Operating","energy_sources":"SUN","type":"Power plant","is_nuclear":false}},{"type":"Feature","geometry":{"type":"Point","coordinates":[-76.079,40.919]},"properties":{"key":"70240-f082ddd3","layer":"power","name":"PF Onsite BESS","state":"PA","detail_file":"data/details/power-plants-33.json","plant_id":"70240","capacity_mw":21.0,"status_group":"Under construction","energy_sources":"MWH","type":"Power plant","is_nuclear":false}},{"type":"Feature","geometry":{"type":"Point","coordinates":[-79.731,40.442]},"properties":{"key":"58047-715b79c7","layer":"power","name":"PPG Monroeville Chemicals Center","state":"PA","detail_file":"data/details/power-plants-39.json","plant_id":"58047","capacity_mw":1.1,"status_group":"Operating","energy_sources":"DFO","type":"Power plant","is_nuclear":false}},{"type":"Feature","geometry":{"type":"Point","coordinates":[-78.696,40.631]},"properties":{"key":"57999-95f8377d","layer":"power","name":"Patton Wind Farm","state":"PA","detail_file":"data/details/power-plants-02.json","plant_id":"57999","capacity_mw":30.0,"status_group":"Operating","energy_sources":"WND","type":"Power plant","is_nuclear":false}},{"type":"Feature","geometry":{"type":"Point","coordinates":[-76.877,40.265]},"properties":{"key":"50373-6b5f1912","layer":"power","name":"Paxton Creek Cogeneration","state":"PA","detail_file":"data/details/power-plants-53.json","plant_id":"50373","capacity_mw":12.6,"status_group":"Operating","energy_sources":"NG","type":"Power plant","is_nuclear":false}},{"type":"Feature","geometry":{"type":"Point","coordinates":[-77.101,40.693]},"properties":{"key":"69996-31a5c7dc","layer":"power","name":"Penn Hemlock Solar LLC","state":"PA","detail_file":"data/details/power-plants-63.json","plant_id":"69996","capacity_mw":3.0,"status_group":"Under construction","energy_sources":"SUN","type":"Power plant","is_nuclear":false}},{"type":"Feature","geometry":{"type":"Point","coordinates":[-76.474,41.115]},"properties":{"key":"70005-57ec111a","layer":"power","name":"Penn Shoofly Solar LLC","state":"PA","detail_file":"data/details/power-plants-30.json","plant_id":"70005","capacity_mw":3.0,"status_group":"Under construction","energy_sources":"SUN","type":"Power plant","is_nuclear":false}},{"type":"Feature","geometry":{"type":"Point","coordinates":[-77.01,40.74]},"properties":{"key":"70006-5f34c743","layer":"power","name":"Perry Route 104 Solar LLC","state":"PA","detail_file":"data/details/power-plants-52.json","plant_id":"70006","capacity_mw":3.0,"status_group":"Under construction","energy_sources":"SUN","type":"Power plant","is_nuclear":false}},{"type":"Feature","geometry":{"type":"Point","coordinates":[-76.75,40.229]},"properties":{"key":"62901-d8f880ee","layer":"power","name":"Phoenix Contact - CCHP Plant","state":"PA","detail_file":"data/details/power-plants-25.json","plant_id":"62901","capacity_mw":1.0,"status_group":"Operating","energy_sources":"NG","type":"Power plant","is_nuclear":false}},{"type":"Feature","geometry":{"type":"Point","coordinates":[-76.389,40.555]},"properties":{"key":"56690-61426a1c","layer":"power","name":"Pine Grove","state":"PA","detail_file":"data/details/power-plants-51.json","plant_id":"56690","capacity_mw":5.4,"status_group":"Operating","energy_sources":"LFG","type":"Power plant","is_nuclear":false}},{"type":"Feature","geometry":{"type":"Point","coordinates":[-79.433,41.192]},"properties":{"key":"3124-ff4ca260","layer":"power","name":"Piney","state":"PA","detail_file":"data/details/power-plants-09.json","plant_id":"3124","capacity_mw":30.0,"status_group":"Operating","energy_sources":"WAT","type":"Power plant","is_nuclear":false}},{"type":"Feature","geometry":{"type":"Point","coordinates":[-78.048,41.838]},"properties":{"key":"67876-232e6e55","layer":"power","name":"Potter Solar","state":"PA","detail_file":"data/details/power-plants-33.json","plant_id":"67876","capacity_mw":35.0,"status_group":"Under construction","energy_sources":"SUN","type":"Power plant","is_nuclear":false}},{"type":"Feature","geometry":{"type":"Point","coordinates":[-76.043,41.574]},"properties":{"key":"50463-aa2d0185","layer":"power","name":"Procter & Gamble Mehoopany Mill","state":"PA","detail_file":"data/details/power-plants-36.json","plant_id":"50463","capacity_mw":120.2,"status_group":"Operating","energy_sources":"NG","type":"Power plant","is_nuclear":false}},{"type":"Feature","geometry":{"type":"Point","coordinates":[-76.039,40.936]},"properties":{"key":"57465-710dede0","layer":"power","name":"Romark PA Solar","state":"PA","detail_file":"data/details/power-plants-27.json","plant_id":"57465","capacity_mw":1.8,"status_group":"Operating","energy_sources":"SUN","type":"Power plant","is_nuclear":false}},{"type":"Feature","geometry":{"type":"Point","coordinates":[-78.2,41.777]},"properties":{"key":"70126-d4dd6114","layer":"power","name":"Roulette - PA 0467","state":"PA","detail_file":"data/details/power-plants-47.json","plant_id":"70126","capacity_mw":2.6,"status_group":"Under construction","energy_sources":"SUN","type":"Power plant","is_nuclear":false}},{"type":"Feature","geometry":{"type":"Point","coordinates":[-78.2,41.777]},"properties":{"key":"70128-3389f04e","layer":"power","name":"Roulette - PA 0479","state":"PA","detail_file":"data/details/power-plants-25.json","plant_id":"70128","capacity_mw":1.1,"status_group":"Under construction","energy_sources":"SUN","type":"Power plant","is_nuclear":false}},{"type":"Feature","geometry":{"type":"Point","coordinates":[-76.049,41.658]},"properties":{"key":"58715-954b2814","layer":"power","name":"Roundtop","state":"PA","detail_file":"data/details/power-plants-63.json","plant_id":"58715","capacity_mw":22.0,"status_group":"Operating","energy_sources":"NG","type":"Power plant","is_nuclear":false}},{"type":"Feature","geometry":{"type":"Point","coordinates":[-79.848,41.948]},"properties":{"key":"69670-da6adc34","layer":"power","name":"Samaritan Solar","state":"PA","detail_file":"data/details/power-plants-62.json","plant_id":"69670","capacity_mw":12.0,"status_group":"Operating","energy_sources":"SUN","type":"Power plant","is_nuclear":false}},{"type":"Feature","geometry":{"type":"Point","coordinates":[-78.222,40.745]},"properties":{"key":"65741-6122269a","layer":"power","name":"Sandy Ridge Wind 2, LLC","state":"PA","detail_file":"data/details/power-plants-18.json","plant_id":"65741","capacity_mw":87.6,"status_group":"Operating","energy_sources":"WND","type":"Power plant","is_nuclear":false}},{"type":"Feature","geometry":{"type":"Point","coordinates":[-78.287,40.729]},"properties":{"key":"57285-ba8b5a18","layer":"power","name":"Sandy Ridge Wind Farm","state":"PA","detail_file":"data/details/power-plants-41.json","plant_id":"57285","capacity_mw":50.0,"status_group":"Operating","energy_sources":"WND","type":"Power plant","is_nuclear":false}},{"type":"Feature","geometry":{"type":"Point","coordinates":[-76.178,40.631]},"properties":{"key":"66451-93220528","layer":"power","name":"Schuylkill Haven PA BTM","state":"PA","detail_file":"data/details/power-plants-52.json","plant_id":"66451","capacity_mw":5.4,"status_group":"Operating","energy_sources":"DFO","type":"Power plant","is_nuclear":false}},{"type":"Feature","geometry":{"type":"Point","coordinates":[-79.813,41.269]},"properties":{"key":"50974-7bd384b1","layer":"power","name":"Scrubgrass Reclamation CO. LP.","state":"PA","detail_file":"data/details/power-plants-47.json","plant_id":"50974","capacity_mw":94.7,"status_group":"Operating","energy_sources":"WC","type":"Power plant","is_nuclear":false}},{"type":"Feature","geometry":{"type":"Point","coordinates":[-79.006,41.839]},"properties":{"key":"8225-d6a34148","layer":"power","name":"Seneca Generation LLC","state":"PA","detail_file":"data/details/power-plants-48.json","plant_id":"8225","capacity_mw":437.9,"status_group":"Operating","energy_sources":"WAT","type":"Power plant","is_nuclear":false}},{"type":"Feature","geometry":{"type":"Point","coordinates":[-79.034,40.406]},"properties":{"key":"3130-f8a8d97d","layer":"power","name":"Seward (PA)","state":"PA","detail_file":"data/details/power-plants-17.json","plant_id":"3130","capacity_mw":585.0,"status_group":"Operating","energy_sources":"WC","type":"Power plant","is_nuclear":false}},{"type":"Feature","geometry":{"type":"Point","coordinates":[-78.366,41.068]},"properties":{"key":"3131-8d07bbcd","layer":"power","name":"Shawville","state":"PA","detail_file":"data/details/power-plants-43.json","plant_id":"3131","capacity_mw":632.0,"status_group":"Operating","energy_sources":"DFO; NG","type":"Power plant","is_nuclear":false}},{"type":"Feature","geometry":{"type":"Point","coordinates":[-79.32,40.183]},"properties":{"key":"67706-424c48dc","layer":"power","name":"Spring Lane","state":"PA","detail_file":"data/details/power-plants-13.json","plant_id":"67706","capacity_mw":13.8,"status_group":"Operating","energy_sources":"SUN","type":"Power plant","is_nuclear":false}},{"type":"Feature","geometry":{"type":"Point","coordinates":[-79.768,40.547]},"properties":{"key":"55196-9b1ee829","layer":"power","name":"Springdale 1 & 2","state":"PA","detail_file":"data/details/power-plants-25.json","plant_id":"55196","capacity_mw":87.6,"status_group":"Operating","energy_sources":"NG","type":"Power plant","is_nuclear":false}},{"type":"Feature","geometry":{"type":"Point","coordinates":[-76.174,40.822]},"properties":{"key":"54634-69e415e1","layer":"power","name":"St Nicholas Cogen Project","state":"PA","detail_file":"data/details/power-plants-21.json","plant_id":"54634","capacity_mw":99.2,"status_group":"Operating","energy_sources":"WC","type":"Power plant","is_nuclear":false}},{"type":"Feature","geometry":{"type":"Point","coordinates":[-78.881,40.222]},"properties":{"key":"67879-d44f705f","layer":"power","name":"Stony Creek Solar","state":"PA","detail_file":"data/details/power-plants-38.json","plant_id":"67879","capacity_mw":15.0,"status_group":"Under construction","energy_sources":"SUN","type":"Power plant","is_nuclear":false}},{"type":"Feature","geometry":{"type":"Point","coordinates":[-78.815,40.031]},"properties":{"key":"56980-2166b269","layer":"power","name":"Stony Creek Wind Farm LLC","state":"PA","detail_file":"data/details/power-plants-27.json","plant_id":"56980","capacity_mw":52.5,"status_group":"Operating","energy_sources":"WND","type":"Power plant","is_nuclear":false}},{"type":"Feature","geometry":{"type":"Point","coordinates":[-76.74,40.09]},"properties":{"key":"68969-3d296039","layer":"power","name":"Strinestown Solar","state":"PA","detail_file":"data/details/power-plants-24.json","plant_id":"68969","capacity_mw":79.6,"status_group":"Under construction","energy_sources":"SUN","type":"Power plant","is_nuclear":false}},{"type":"Feature","geometry":{"type":"Point","coordinates":[-76.825,40.836]},"properties":{"key":"3152-8cc9169f","layer":"power","name":"Sunbury Generation LP","state":"PA","detail_file":"data/details/power-plants-12.json","plant_id":"3152","capacity_mw":52.7,"status_group":"Operating","energy_sources":"DFO","type":"Power plant","is_nuclear":false}},{"type":"Feature","geometry":{"type":"Point","coordinates":[-76.149,41.089]},"properties":{"key":"talen-susquehanna-aws-pa-c6cac70a","layer":"power","name":"Susquehanna Steam Electric Station","state":"PA","detail_file":"data/details/power-plants-04.json","plant_id":"talen-susquehanna-aws-pa","status_group":"Operating","energy_sources":"nuclear","type":"Nuclear power plant","is_nuclear":true}},{"type":"Feature","geometry":{"type":"Point","coordinates":[-76.883,40.795]},"properties":{"key":"61914-3947deaa","layer":"power","name":"Susquehanna University Solar","state":"PA","detail_file":"data/details/power-plants-44.json","plant_id":"61914","capacity_mw":3.0,"status_group":"Operating","energy_sources":"SUN","type":"Power plant","is_nuclear":false}},{"type":"Feature","geometry":{"type":"Point","coordinates":[-76.162,40.199]},"properties":{"key":"62686-2cb5bc7a","layer":"power","name":"TPE Pennsylvania Solar 1, LLC","state":"PA","detail_file":"data/details/power-plants-38.json","plant_id":"62686","capacity_mw":3.6,"status_group":"Operating","energy_sources":"SUN","type":"Power plant","is_nuclear":false}},{"type":"Feature","geometry":{"type":"Point","coordinates":[-76.667,41.071]},"properties":{"key":"3149-8b2fc745","layer":"power","name":"TalenEnergy Montour","state":"PA","detail_file":"data/details/power-plants-20.json","plant_id":"3149","capacity_mw":1757.9,"status_group":"Operating","energy_sources":"NG","type":"Power plant","is_nuclear":false}},{"type":"Feature","geometry":{"type":"Point","coordinates":[-76.146,41.092]},"properties":{"key":"6103-aee724bf","layer":"power","name":"TalenEnergy Susquehanna","state":"PA","detail_file":"data/details/power-plants-00.json","plant_id":"6103","capacity_mw":2532.0,"status_group":"Operating","energy_sources":"NUC","type":"Nuclear power plant","is_nuclear":true}},{"type":"Feature","geometry":{"type":"Point","coordinates":[-79.697,40.175]},"properties":{"key":"60464-4a71163e","layer":"power","name":"Tenaska Westmoreland Generating Station","state":"PA","detail_file":"data/details/power-plants-07.json","plant_id":"60464","capacity_mw":1134.0,"status_group":"Operating","energy_sources":"NG","type":"Power plant","is_nuclear":false}},{"type":"Feature","geometry":{"type":"Point","coordinates":[-76.287,41.814]},"properties":{"key":"66393-2b4a703a","layer":"power","name":"Towanda Facility","state":"PA","detail_file":"data/details/power-plants-44.json","plant_id":"66393","capacity_mw":4.8,"status_group":"Operating","energy_sources":"NG","type":"Power plant","is_nuclear":false}},{"type":"Feature","geometry":{"type":"Point","coordinates":[-78.179,40.963]},"properties":{"key":"64711-00b23ea0","layer":"power","name":"UN-School House LLC","state":"PA","detail_file":"data/details/power-plants-32.json","plant_id":"64711","capacity_mw":20.0,"status_group":"Operating","energy_sources":"SUN","type":"Power plant","is_nuclear":false}},{"type":"Feature","geometry":{"type":"Point","coordinates":[-79.354,40.252]},"properties":{"key":"70166-614a99a9","layer":"power","name":"Unity - PA 0385 (Soccerhound)","state":"PA","detail_file":"data/details/power-plants-10.json","plant_id":"70166","capacity_mw":3.0,"status_group":"Under construction","energy_sources":"SUN","type":"Power plant","is_nuclear":false}},{"type":"Feature","geometry":{"type":"Point","coordinates":[-77.844,40.817]},"properties":{"key":"62119-6c665d45","layer":"power","name":"University Park Solar","state":"PA","detail_file":"data/details/power-plants-50.json","plant_id":"62119","capacity_mw":1.5,"status_group":"Operating","energy_sources":"SUN","type":"Power plant","is_nuclear":false}},{"type":"Feature","geometry":{"type":"Point","coordinates":[-77.164,40.126]},"properties":{"key":"58051-f2297a7b","layer":"power","name":"Vitro Architectural Glass (PA)","state":"PA","detail_file":"data/details/power-plants-46.json","plant_id":"58051","capacity_mw":5.0,"status_group":"Operating","energy_sources":"DFO","type":"Power plant","is_nuclear":false}},{"type":"Feature","geometry":{"type":"Point","coordinates":[-79.189,41.836]},"properties":{"key":"3132-fae41c24","layer":"power","name":"Warren","state":"PA","detail_file":"data/details/power-plants-35.json","plant_id":"3132","capacity_mw":53.1,"status_group":"Operating","energy_sources":"NG","type":"Power plant","is_nuclear":false}},{"type":"Feature","geometry":{"type":"Point","coordinates":[-78.035,40.54]},"properties":{"key":"10152-30047ee0","layer":"power","name":"Warrior Ridge Hydro","state":"PA","detail_file":"data/details/power-plants-14.json","plant_id":"10152","capacity_mw":2.8,"status_group":"Operating","energy_sources":"WAT","type":"Power plant","is_nuclear":false}},{"type":"Feature","geometry":{"type":"Point","coordinates":[-77.865,40.793]},"properties":{"key":"58194-208d1143","layer":"power","name":"West Campus Steam Plant","state":"PA","detail_file":"data/details/power-plants-23.json","plant_id":"58194","capacity_mw":14.0,"status_group":"Operating","energy_sources":"NG","type":"Power plant","is_nuclear":false}},{"type":"Feature","geometry":{"type":"Point","coordinates":[-77.142,40.689]},"properties":{"key":"70008-4cd2b1da","layer":"power","name":"West Perry Planing Mill Road Solar LLC","state":"PA","detail_file":"data/details/power-plants-58.json","plant_id":"70008","capacity_mw":3.0,"status_group":"Under construction","energy_sources":"SUN","type":"Power plant","is_nuclear":false}},{"type":"Feature","geometry":{"type":"Point","coordinates":[-76.45,40.619]},"properties":{"key":"50611-3508502b","layer":"power","name":"Westwood Generation LLC","state":"PA","detail_file":"data/details/power-plants-51.json","plant_id":"50611","capacity_mw":36.0,"status_group":"Operating","energy_sources":"WC","type":"Power plant","is_nuclear":false}},{"type":"Feature","geometry":{"type":"Point","coordinates":[-78.733,41.668]},"properties":{"key":"70171-e4d0f387","layer":"power","name":"Wetmore - PA 0187 (Chittester)","state":"PA","detail_file":"data/details/power-plants-06.json","plant_id":"70171","capacity_mw":3.0,"status_group":"Under construction","energy_sources":"SUN","type":"Power plant","is_nuclear":false}},{"type":"Feature","geometry":{"type":"Point","coordinates":[-77.61,40.14]},"properties":{"key":"62989-48510a7e","layer":"power","name":"Whitetail Solar 1","state":"PA","detail_file":"data/details/power-plants-58.json","plant_id":"62989","capacity_mw":13.5,"status_group":"Operating","energy_sources":"SUN","type":"Power plant","is_nuclear":false}},{"type":"Feature","geometry":{"type":"Point","coordinates":[-78.003,40.433]},"properties":{"key":"7128-1b313f3b","layer":"power","name":"William F Matson Generating Station","state":"PA","detail_file":"data/details/power-plants-37.json","plant_id":"7128","capacity_mw":21.7,"status_group":"Operating","energy_sources":"WAT","type":"Power plant","is_nuclear":false}},{"type":"Feature","geometry":{"type":"Point","coordinates":[-76.299,41.611]},"properties":{"key":"61263-c4f838c6","layer":"power","name":"Wolf Run Energy","state":"PA","detail_file":"data/details/power-plants-56.json","plant_id":"61263","capacity_mw":22.0,"status_group":"Operating","energy_sources":"NG","type":"Power plant","is_nuclear":false}},{"type":"Feature","geometry":{"type":"Point","coordinates":[-76.718,40.002]},"properties":{"key":"50215-f0c433a9","layer":"power","name":"York County Resource Recovery","state":"PA","detail_file":"data/details/power-plants-13.json","plant_id":"50215","capacity_mw":36.5,"status_group":"Operating","energy_sources":"MSW","type":"Power plant","is_nuclear":false}},{"type":"Feature","geometry":{"type":"Point","coordinates":[-76.712,40.114]},"properties":{"key":"3117-b0ca7b52","layer":"power","name":"York Haven","state":"PA","detail_file":"data/details/power-plants-38.json","plant_id":"3117","capacity_mw":19.6,"status_group":"Operating","energy_sources":"WAT","type":"Power plant","is_nuclear":false}}]}