{"type":"FeatureCollection","features":[{"type":"Feature","geometry":{"type":"Point","coordinates":[-83.435,32.776]},"properties":{"key":"60184-3a98b282","layer":"power","name":"ADS Renewable Energy-Wolf Creek LLC","state":"GA","detail_file":"data/details/power-plants-27.json","plant_id":"60184","capacity_mw":2.8,"status_group":"Operating","energy_sources":"LFG","type":"Power plant","is_nuclear":false}},{"type":"Feature","geometry":{"type":"Point","coordinates":[-82.861,33.119]},"properties":{"key":"55672-10fe18c2","layer":"power","name":"AL Sandersville LLC","state":"GA","detail_file":"data/details/power-plants-07.json","plant_id":"55672","capacity_mw":692.0,"status_group":"Operating","energy_sources":"NG","type":"Power plant","is_nuclear":false}},{"type":"Feature","geometry":{"type":"Point","coordinates":[-82.061,33.336]},"properties":{"key":"64565-bd24bb75","layer":"power","name":"Apalachicola","state":"GA","detail_file":"data/details/power-plants-48.json","plant_id":"64565","capacity_mw":2.5,"status_group":"Operating","energy_sources":"SUN","type":"Power plant","is_nuclear":false}},{"type":"Feature","geometry":{"type":"Point","coordinates":[-83.344,32.399]},"properties":{"key":"64569-c30fded1","layer":"power","name":"Arnold Cochran","state":"GA","detail_file":"data/details/power-plants-42.json","plant_id":"64569","capacity_mw":1.7,"status_group":"Operating","energy_sources":"SUN","type":"Power plant","is_nuclear":false}},{"type":"Feature","geometry":{"type":"Point","coordinates":[-83.398,33.962]},"properties":{"key":"55319-26c7e184","layer":"power","name":"Athens Regional Medical Center","state":"GA","detail_file":"data/details/power-plants-18.json","plant_id":"55319","capacity_mw":4.6,"status_group":"Operating","energy_sources":"DFO","type":"Power plant","is_nuclear":false}},{"type":"Feature","geometry":{"type":"Point","coordinates":[-82.592,32.981]},"properties":{"key":"58482-a2b69ffc","layer":"power","name":"Azalea Solar, LLC","state":"GA","detail_file":"data/details/power-plants-16.json","plant_id":"58482","capacity_mw":7.7,"status_group":"Operating","energy_sources":"SUN","type":"Power plant","is_nuclear":false}},{"type":"Feature","geometry":{"type":"Point","coordinates":[-83.55,32.857]},"properties":{"key":"67048-ed964973","layer":"power","name":"Bibb Williams","state":"GA","detail_file":"data/details/power-plants-19.json","plant_id":"67048","capacity_mw":2.3,"status_group":"Operating","energy_sources":"SUN","type":"Power plant","is_nuclear":false}},{"type":"Feature","geometry":{"type":"Point","coordinates":[-81.999,33.127]},"properties":{"key":"66024-d0aa5ea5","layer":"power","name":"Bird Dog Solar","state":"GA","detail_file":"data/details/power-plants-01.json","plant_id":"66024","capacity_mw":40.0,"status_group":"Operating","energy_sources":"SUN","type":"Power plant","is_nuclear":false}},{"type":"Feature","geometry":{"type":"Point","coordinates":[-81.284,32.277]},"properties":{"key":"55406-9b95e25a","layer":"power","name":"Bobby C Smith Jr Energy Facility","state":"GA","detail_file":"data/details/power-plants-01.json","plant_id":"55406","capacity_mw":596.6,"status_group":"Operating","energy_sources":"NG","type":"Power plant","is_nuclear":false}},{"type":"Feature","geometry":{"type":"Point","coordinates":[-83.99,32.28]},"properties":{"key":"66744-d8568b18","layer":"power","name":"Brenneman Solar Project","state":"GA","detail_file":"data/details/power-plants-18.json","plant_id":"66744","capacity_mw":150.0,"status_group":"Under construction","energy_sources":"SUN","type":"Power plant","is_nuclear":false}},{"type":"Feature","geometry":{"type":"Point","coordinates":[-81.694,32.139]},"properties":{"key":"66936-436f5d81","layer":"power","name":"Bryan Floyd","state":"GA","detail_file":"data/details/power-plants-60.json","plant_id":"66936","capacity_mw":1.9,"status_group":"Operating","energy_sources":"SUN","type":"Power plant","is_nuclear":false}},{"type":"Feature","geometry":{"type":"Point","coordinates":[-82.678,33.371]},"properties":{"key":"66542-1db7105c","layer":"power","name":"Bulldog Solar LLC","state":"GA","detail_file":"data/details/power-plants-40.json","plant_id":"66542","capacity_mw":80.0,"status_group":"Operating","energy_sources":"SUN","type":"Power plant","is_nuclear":false}},{"type":"Feature","geometry":{"type":"Point","coordinates":[-81.816,32.388]},"properties":{"key":"66346-5486213c","layer":"power","name":"Bulloch County GA S3 LLC","state":"GA","detail_file":"data/details/power-plants-57.json","plant_id":"66346","capacity_mw":3.0,"status_group":"Operating","energy_sources":"SUN","type":"Power plant","is_nuclear":false}},{"type":"Feature","geometry":{"type":"Point","coordinates":[-81.821,32.388]},"properties":{"key":"66344-bc498d13","layer":"power","name":"Bulloch County GA S4 LLC","state":"GA","detail_file":"data/details/power-plants-19.json","plant_id":"66344","capacity_mw":3.0,"status_group":"Operating","energy_sources":"SUN","type":"Power plant","is_nuclear":false}},{"type":"Feature","geometry":{"type":"Point","coordinates":[-81.673,32.384]},"properties":{"key":"64275-738aa08d","layer":"power","name":"Bulloch Neville Farms","state":"GA","detail_file":"data/details/power-plants-34.json","plant_id":"64275","capacity_mw":2.7,"status_group":"Operating","energy_sources":"SUN","type":"Power plant","is_nuclear":false}},{"type":"Feature","geometry":{"type":"Point","coordinates":[-81.75,32.404]},"properties":{"key":"68622-e239d123","layer":"power","name":"Bulloch Rushing","state":"GA","detail_file":"data/details/power-plants-26.json","plant_id":"68622","capacity_mw":2.9,"status_group":"Operating","energy_sources":"SUN","type":"Power plant","is_nuclear":false}},{"type":"Feature","geometry":{"type":"Point","coordinates":[-83.54,34.794]},"properties":{"key":"704-d309fe90","layer":"power","name":"Burton Dam","state":"GA","detail_file":"data/details/power-plants-45.json","plant_id":"704","capacity_mw":6.0,"status_group":"Operating","energy_sources":"WAT","type":"Power plant","is_nuclear":false}},{"type":"Feature","geometry":{"type":"Point","coordinates":[-83.561,32.401]},"properties":{"key":"66991-883fbe90","layer":"power","name":"CG PS Portfolio 1, LLC","state":"GA","detail_file":"data/details/power-plants-15.json","plant_id":"66991","capacity_mw":1.8,"status_group":"Operating","energy_sources":"LFG","type":"Power plant","is_nuclear":false}},{"type":"Feature","geometry":{"type":"Point","coordinates":[-83.264,33.926]},"properties":{"key":"59650-4d48a23c","layer":"power","name":"CII Methane Management III LFG Plant","state":"GA","detail_file":"data/details/power-plants-10.json","plant_id":"59650","capacity_mw":1.6,"status_group":"Operating","energy_sources":"LFG","type":"Power plant","is_nuclear":false}},{"type":"Feature","geometry":{"type":"Point","coordinates":[-82.119,33.038]},"properties":{"key":"69823-af76e008","layer":"power","name":"Cabokenze Energy Storage","state":"GA","detail_file":"data/details/power-plants-08.json","plant_id":"69823","capacity_mw":76.0,"status_group":"Planned","energy_sources":"MWH","type":"Power plant","is_nuclear":false}},{"type":"Feature","geometry":{"type":"Point","coordinates":[-83.757,34.028]},"properties":{"key":"66200-d7c1d910","layer":"power","name":"Cedar Creek Solar, LLC","state":"GA","detail_file":"data/details/power-plants-09.json","plant_id":"66200","capacity_mw":2.0,"status_group":"Operating","energy_sources":"SUN","type":"Power plant","is_nuclear":false}},{"type":"Feature","geometry":{"type":"Point","coordinates":[-81.953,33.328]},"properties":{"key":"54358-b9ca7676","layer":"power","name":"Clearwater Paper Corporation - Augusta","state":"GA","detail_file":"data/details/power-plants-29.json","plant_id":"54358","capacity_mw":84.7,"status_group":"Operating","energy_sources":"NG; WDS","type":"Power plant","is_nuclear":false}},{"type":"Feature","geometry":{"type":"Point","coordinates":[-82.196,33.43]},"properties":{"key":"62879-b6770574","layer":"power","name":"Columbia Bryson","state":"GA","detail_file":"data/details/power-plants-50.json","plant_id":"62879","capacity_mw":1.4,"status_group":"Operating","energy_sources":"SUN","type":"Power plant","is_nuclear":false}},{"type":"Feature","geometry":{"type":"Point","coordinates":[-82.299,33.568]},"properties":{"key":"64570-0def45d9","layer":"power","name":"Columbia Substation","state":"GA","detail_file":"data/details/power-plants-55.json","plant_id":"64570","capacity_mw":2.0,"status_group":"Operating","energy_sources":"SUN","type":"Power plant","is_nuclear":false}},{"type":"Feature","geometry":{"type":"Point","coordinates":[-83.144,34.094]},"properties":{"key":"61554-2b989306","layer":"power","name":"Comer Solar","state":"GA","detail_file":"data/details/power-plants-29.json","plant_id":"61554","capacity_mw":2.0,"status_group":"Operating","energy_sources":"SUN","type":"Power plant","is_nuclear":false}},{"type":"Feature","geometry":{"type":"Point","coordinates":[-82.395,32.458]},"properties":{"key":"66671-9fc64497","layer":"power","name":"Conez Solar, LLC","state":"GA","detail_file":"data/details/power-plants-63.json","plant_id":"66671","capacity_mw":150.0,"status_group":"Planned","energy_sources":"SUN","type":"Power plant","is_nuclear":false}},{"type":"Feature","geometry":{"type":"Point","coordinates":[-83.374,32.367]},"properties":{"key":"64571-1cc24e59","layer":"power","name":"Coody Cochran","state":"GA","detail_file":"data/details/power-plants-12.json","plant_id":"64571","capacity_mw":2.6,"status_group":"Operating","energy_sources":"SUN","type":"Power plant","is_nuclear":false}},{"type":"Feature","geometry":{"type":"Point","coordinates":[-82.14,32.039]},"properties":{"key":"64226-9f00f264","layer":"power","name":"Curry Solar","state":"GA","detail_file":"data/details/power-plants-03.json","plant_id":"64226","capacity_mw":1.1,"status_group":"Operating","energy_sources":"SUN","type":"Power plant","is_nuclear":false}},{"type":"Feature","geometry":{"type":"Point","coordinates":[-83.398,34.042]},"properties":{"key":"7709-1152b7ff","layer":"power","name":"Dahlberg","state":"GA","detail_file":"data/details/power-plants-31.json","plant_id":"7709","capacity_mw":919.0,"status_group":"Operating","energy_sources":"NG","type":"Power plant","is_nuclear":false}},{"type":"Feature","geometry":{"type":"Point","coordinates":[-83.7,33.838]},"properties":{"key":"55244-e42cf63f","layer":"power","name":"Doyle Energy Facility","state":"GA","detail_file":"data/details/power-plants-42.json","plant_id":"55244","capacity_mw":409.0,"status_group":"Operating","energy_sources":"NG","type":"Power plant","is_nuclear":false}},{"type":"Feature","geometry":{"type":"Point","coordinates":[-83.042,33.214]},"properties":{"key":"67989-bb09941e","layer":"power","name":"Drawhorn Solar","state":"GA","detail_file":"data/details/power-plants-37.json","plant_id":"67989","capacity_mw":80.0,"status_group":"Under construction","energy_sources":"SUN","type":"Power plant","is_nuclear":false}},{"type":"Feature","geometry":{"type":"Point","coordinates":[-82.926,32.581]},"properties":{"key":"60930-80d1b375","layer":"power","name":"Dublin Solar I","state":"GA","detail_file":"data/details/power-plants-33.json","plant_id":"60930","capacity_mw":4.1,"status_group":"Operating","energy_sources":"SUN","type":"Power plant","is_nuclear":false}},{"type":"Feature","geometry":{"type":"Point","coordinates":[-82.14,33.387]},"properties":{"key":"59863-9fd21139","layer":"power","name":"Fort Gordon Solar Facility","state":"GA","detail_file":"data/details/power-plants-60.json","plant_id":"59863","capacity_mw":30.0,"status_group":"Operating","energy_sources":"SUN","type":"Power plant","is_nuclear":false}},{"type":"Feature","geometry":{"type":"Point","coordinates":[-83.883,32.502]},"properties":{"key":"63062-cad9d89e","layer":"power","name":"Fort Valley State University Solar","state":"GA","detail_file":"data/details/power-plants-49.json","plant_id":"63062","capacity_mw":10.8,"status_group":"Operating","energy_sources":"SUN","type":"Power plant","is_nuclear":false}},{"type":"Feature","geometry":{"type":"Point","coordinates":[-83.099,34.442]},"properties":{"key":"64276-0121bb3d","layer":"power","name":"Franklin Milliken","state":"GA","detail_file":"data/details/power-plants-06.json","plant_id":"64276","capacity_mw":3.0,"status_group":"Operating","energy_sources":"SUN","type":"Power plant","is_nuclear":false}},{"type":"Feature","geometry":{"type":"Point","coordinates":[-83.331,34.376]},"properties":{"key":"60550-d22131c5","layer":"power","name":"GRP Franklin Renewable Energy Facility","state":"GA","detail_file":"data/details/power-plants-51.json","plant_id":"60550","capacity_mw":58.0,"status_group":"Operating","energy_sources":"WDS","type":"Power plant","is_nuclear":false}},{"type":"Feature","geometry":{"type":"Point","coordinates":[-83.193,34.041]},"properties":{"key":"61213-281af865","layer":"power","name":"GRP Madison Renewable Energy Facility","state":"GA","detail_file":"data/details/power-plants-02.json","plant_id":"61213","capacity_mw":58.0,"status_group":"Operating","energy_sources":"WDS","type":"Power plant","is_nuclear":false}},{"type":"Feature","geometry":{"type":"Point","coordinates":[-83.766,33.965]},"properties":{"key":"61385-8ac54ddc","layer":"power","name":"Georgia LFG Oak Grove Plant","state":"GA","detail_file":"data/details/power-plants-05.json","plant_id":"61385","capacity_mw":6.6,"status_group":"Operating","energy_sources":"LFG","type":"Power plant","is_nuclear":false}},{"type":"Feature","geometry":{"type":"Point","coordinates":[-82.321,32.605]},"properties":{"key":"61459-ac4c7876","layer":"power","name":"Georgia Power at Swainsboro","state":"GA","detail_file":"data/details/power-plants-56.json","plant_id":"61459","capacity_mw":2.9,"status_group":"Operating","energy_sources":"SUN","type":"Power plant","is_nuclear":false}},{"type":"Feature","geometry":{"type":"Point","coordinates":[-82.41,32.883]},"properties":{"key":"59843-785acfd3","layer":"power","name":"Georgia Power at Wadley GA","state":"GA","detail_file":"data/details/power-plants-03.json","plant_id":"59843","capacity_mw":1.0,"status_group":"Operating","energy_sources":"SUN","type":"Power plant","is_nuclear":false}},{"type":"Feature","geometry":{"type":"Point","coordinates":[-81.983,33.477]},"properties":{"key":"54462-3f408154","layer":"power","name":"Graniteville Enterprise Division","state":"GA","detail_file":"data/details/power-plants-60.json","plant_id":"54462","capacity_mw":1.2,"status_group":"Operating","energy_sources":"WAT","type":"Power plant","is_nuclear":false}},{"type":"Feature","geometry":{"type":"Point","coordinates":[-83.628,32.771]},"properties":{"key":"54464-2d39d57c","layer":"power","name":"Graphic Packaging Intl Macon Mill","state":"GA","detail_file":"data/details/power-plants-09.json","plant_id":"54464","capacity_mw":68.7,"status_group":"Operating","energy_sources":"BLQ; WDS","type":"Power plant","is_nuclear":false}},{"type":"Feature","geometry":{"type":"Point","coordinates":[-83.697,33.845]},"properties":{"key":"61740-e81ea096","layer":"power","name":"Gratis Road Solar Facility","state":"GA","detail_file":"data/details/power-plants-34.json","plant_id":"61740","capacity_mw":3.0,"status_group":"Operating","energy_sources":"SUN","type":"Power plant","is_nuclear":false}},{"type":"Feature","geometry":{"type":"Point","coordinates":[-83.093,33.631]},"properties":{"key":"64277-1587c7d8","layer":"power","name":"Greene Durham","state":"GA","detail_file":"data/details/power-plants-29.json","plant_id":"64277","capacity_mw":3.0,"status_group":"Operating","energy_sources":"SUN","type":"Power plant","is_nuclear":false}},{"type":"Feature","geometry":{"type":"Point","coordinates":[-81.443,32.413]},"properties":{"key":"62392-fa859982","layer":"power","name":"Guyton Community Solar","state":"GA","detail_file":"data/details/power-plants-12.json","plant_id":"62392","capacity_mw":3.6,"status_group":"Operating","energy_sources":"SUN","type":"Power plant","is_nuclear":false}},{"type":"Feature","geometry":{"type":"Point","coordinates":[-82.82,34.34]},"properties":{"key":"54538-7edabb1e","layer":"power","name":"Hartwell Energy Facility","state":"GA","detail_file":"data/details/power-plants-49.json","plant_id":"54538","capacity_mw":360.0,"status_group":"Operating","energy_sources":"NG","type":"Power plant","is_nuclear":false}},{"type":"Feature","geometry":{"type":"Point","coordinates":[-82.822,34.356]},"properties":{"key":"754-6e13831e","layer":"power","name":"Hartwell Lake","state":"GA","detail_file":"data/details/power-plants-06.json","plant_id":"754","capacity_mw":420.0,"status_group":"Operating","energy_sources":"WAT","type":"Power plant","is_nuclear":false}},{"type":"Feature","geometry":{"type":"Point","coordinates":[-83.505,33.817]},"properties":{"key":"10121-45c3b07e","layer":"power","name":"High Shoals Hydro (GA)","state":"GA","detail_file":"data/details/power-plants-31.json","plant_id":"10121","capacity_mw":1.4,"status_group":"Operating","energy_sources":"WAT","type":"Power plant","is_nuclear":false}},{"type":"Feature","geometry":{"type":"Point","coordinates":[-82.178,33.262]},"properties":{"key":"66026-6a910a94","layer":"power","name":"Hobnail Solar","state":"GA","detail_file":"data/details/power-plants-33.json","plant_id":"66026","capacity_mw":70.0,"status_group":"Operating","energy_sources":"SUN","type":"Power plant","is_nuclear":false}},{"type":"Feature","geometry":{"type":"Point","coordinates":[-81.174,32.178]},"properties":{"key":"58011-32e29dd9","layer":"power","name":"IKEA Savannah 490","state":"GA","detail_file":"data/details/power-plants-60.json","plant_id":"58011","capacity_mw":2.2,"status_group":"Operating","energy_sources":"SUN","type":"Power plant","is_nuclear":false}},{"type":"Feature","geometry":{"type":"Point","coordinates":[-81.147,32.144]},"properties":{"key":"50146-7cb9a8db","layer":"power","name":"Imperial Savannah LP","state":"GA","detail_file":"data/details/power-plants-27.json","plant_id":"50146","capacity_mw":11.7,"status_group":"Operating","energy_sources":"NG","type":"Power plant","is_nuclear":false}},{"type":"Feature","geometry":{"type":"Point","coordinates":[-81.124,32.1]},"properties":{"key":"50398-170b6c69","layer":"power","name":"International Paper Savanna Mill","state":"GA","detail_file":"data/details/power-plants-52.json","plant_id":"50398","capacity_mw":154.0,"status_group":"Operating","energy_sources":"BLQ; NG","type":"Power plant","is_nuclear":false}},{"type":"Feature","geometry":{"type":"Point","coordinates":[-81.991,33.485]},"properties":{"key":"61000-0ec31b9a","layer":"power","name":"King Mill","state":"GA","detail_file":"data/details/power-plants-40.json","plant_id":"61000","capacity_mw":2.2,"status_group":"Operating","energy_sources":"WAT","type":"Power plant","is_nuclear":false}},{"type":"Feature","geometry":{"type":"Point","coordinates":[-83.112,32.578]},"properties":{"key":"68480-a32c829b","layer":"power","name":"Laurens Solar","state":"GA","detail_file":"data/details/power-plants-15.json","plant_id":"68480","capacity_mw":150.0,"status_group":"Under construction","energy_sources":"SUN","type":"Power plant","is_nuclear":false}},{"type":"Feature","geometry":{"type":"Point","coordinates":[-82.103,32.424]},"properties":{"key":"60063-f55d3042","layer":"power","name":"Live Oak Solar, LLC","state":"GA","detail_file":"data/details/power-plants-35.json","plant_id":"60063","capacity_mw":51.0,"status_group":"Operating","energy_sources":"SUN","type":"Power plant","is_nuclear":false}},{"type":"Feature","geometry":{"type":"Point","coordinates":[-83.841,33.321]},"properties":{"key":"712-6b4f9b69","layer":"power","name":"Lloyd Shoals","state":"GA","detail_file":"data/details/power-plants-32.json","plant_id":"712","capacity_mw":14.4,"status_group":"Operating","energy_sources":"WAT","type":"Power plant","is_nuclear":false}},{"type":"Feature","geometry":{"type":"Point","coordinates":[-83.695,33.812]},"properties":{"key":"7764-42f17e94","layer":"power","name":"MPC Generating","state":"GA","detail_file":"data/details/power-plants-55.json","plant_id":"7764","capacity_mw":386.1,"status_group":"Operating","energy_sources":"NG","type":"Power plant","is_nuclear":false}},{"type":"Feature","geometry":{"type":"Point","coordinates":[-81.168,32.356]},"properties":{"key":"6124-34d1120b","layer":"power","name":"McIntosh","state":"GA","detail_file":"data/details/power-plants-59.json","plant_id":"6124","capacity_mw":810.4,"status_group":"Operating","energy_sources":"NG","type":"Power plant","is_nuclear":false}},{"type":"Feature","geometry":{"type":"Point","coordinates":[-81.182,32.348]},"properties":{"key":"56150-b841e5c0","layer":"power","name":"McIntosh Combined Cycle Facility","state":"GA","detail_file":"data/details/power-plants-39.json","plant_id":"56150","capacity_mw":1376.6,"status_group":"Operating","energy_sources":"NG","type":"Power plant","is_nuclear":false}},{"type":"Feature","geometry":{"type":"Point","coordinates":[-81.172,32.351]},"properties":{"key":"67864-d0befb11","layer":"power","name":"McIntosh Solar","state":"GA","detail_file":"data/details/power-plants-04.json","plant_id":"67864","capacity_mw":10.0,"status_group":"Operating","energy_sources":"SUN","type":"Power plant","is_nuclear":false}},{"type":"Feature","geometry":{"type":"Point","coordinates":[-83.604,32.486]},"properties":{"key":"55040-75f9d0d3","layer":"power","name":"Mid-Georgia Cogeneration Facility","state":"GA","detail_file":"data/details/power-plants-43.json","plant_id":"55040","capacity_mw":323.0,"status_group":"Operating","energy_sources":"NG","type":"Power plant","is_nuclear":false}},{"type":"Feature","geometry":{"type":"Point","coordinates":[-83.638,33.839]},"properties":{"key":"60585-cb515f2f","layer":"power","name":"Mount Vernon Solar","state":"GA","detail_file":"data/details/power-plants-16.json","plant_id":"60585","capacity_mw":1.0,"status_group":"Operating","energy_sources":"SUN","type":"Power plant","is_nuclear":false}},{"type":"Feature","geometry":{"type":"Point","coordinates":[-83.501,34.755]},"properties":{"key":"718-b5eac9f9","layer":"power","name":"Nacoochee","state":"GA","detail_file":"data/details/power-plants-30.json","plant_id":"718","capacity_mw":4.8,"status_group":"Operating","energy_sources":"WAT","type":"Power plant","is_nuclear":false}},{"type":"Feature","geometry":{"type":"Point","coordinates":[-81.982,32.821]},"properties":{"key":"60741-91e30a3b","layer":"power","name":"Old Midville Solar","state":"GA","detail_file":"data/details/power-plants-34.json","plant_id":"60741","capacity_mw":19.7,"status_group":"Operating","energy_sources":"SUN","type":"Power plant","is_nuclear":false}},{"type":"Feature","geometry":{"type":"Point","coordinates":[-83.697,33.737]},"properties":{"key":"60586-451ea867","layer":"power","name":"Pleasant Valley Solar","state":"GA","detail_file":"data/details/power-plants-13.json","plant_id":"60586","capacity_mw":2.5,"status_group":"Operating","energy_sources":"SUN","type":"Power plant","is_nuclear":false}},{"type":"Feature","geometry":{"type":"Point","coordinates":[-81.159,32.156]},"properties":{"key":"50804-4fafb876","layer":"power","name":"Port Wentworth Mill","state":"GA","detail_file":"data/details/power-plants-51.json","plant_id":"50804","capacity_mw":72.3,"status_group":"Operating","energy_sources":"BLQ","type":"Power plant","is_nuclear":false}},{"type":"Feature","geometry":{"type":"Point","coordinates":[-81.178,32.122]},"properties":{"key":"69436-6bec1b54","layer":"power","name":"Prologis Portside 2509 - SLSAV502","state":"GA","detail_file":"data/details/power-plants-10.json","plant_id":"69436","capacity_mw":2.2,"status_group":"Under construction","energy_sources":"SUN","type":"Power plant","is_nuclear":false}},{"type":"Feature","geometry":{"type":"Point","coordinates":[-83.392,33.318]},"properties":{"key":"64282-a970b78b","layer":"power","name":"Putnam Erickson","state":"GA","detail_file":"data/details/power-plants-47.json","plant_id":"64282","capacity_mw":2.7,"status_group":"Operating","energy_sources":"SUN","type":"Power plant","is_nuclear":false}},{"type":"Feature","geometry":{"type":"Point","coordinates":[-83.298,33.277]},"properties":{"key":"65759-5dd766ea","layer":"power","name":"Putnam Erikson 2","state":"GA","detail_file":"data/details/power-plants-39.json","plant_id":"65759","capacity_mw":2.9,"status_group":"Operating","energy_sources":"SUN","type":"Power plant","is_nuclear":false}},{"type":"Feature","geometry":{"type":"Point","coordinates":[-82.134,32.065]},"properties":{"key":"65995-6af92a58","layer":"power","name":"Reidsville Renewables, Inc.","state":"GA","detail_file":"data/details/power-plants-23.json","plant_id":"65995","capacity_mw":3.0,"status_group":"Operating","energy_sources":"SUN","type":"Power plant","is_nuclear":false}},{"type":"Feature","geometry":{"type":"Point","coordinates":[-82.595,34.026]},"properties":{"key":"6132-e64551fa","layer":"power","name":"Richard B Russell","state":"GA","detail_file":"data/details/power-plants-45.json","plant_id":"6132","capacity_mw":628.0,"status_group":"Operating","energy_sources":"WAT","type":"Power plant","is_nuclear":false}},{"type":"Feature","geometry":{"type":"Point","coordinates":[-83.379,32.638]},"properties":{"key":"59874-d23d89bf","layer":"power","name":"Richland Solar Center","state":"GA","detail_file":"data/details/power-plants-05.json","plant_id":"59874","capacity_mw":20.0,"status_group":"Operating","energy_sources":"SUN","type":"Power plant","is_nuclear":false}},{"type":"Feature","geometry":{"type":"Point","coordinates":[-82.083,33.318]},"properties":{"key":"66350-35860e29","layer":"power","name":"Richmond County GA S2 LLC","state":"GA","detail_file":"data/details/power-plants-40.json","plant_id":"66350","capacity_mw":3.0,"status_group":"Operating","energy_sources":"SUN","type":"Power plant","is_nuclear":false}},{"type":"Feature","geometry":{"type":"Point","coordinates":[-82.022,33.364]},"properties":{"key":"62884-e66d4aaa","layer":"power","name":"Richmond Hayes Solar","state":"GA","detail_file":"data/details/power-plants-31.json","plant_id":"62884","capacity_mw":2.3,"status_group":"Operating","energy_sources":"SUN","type":"Power plant","is_nuclear":false}},{"type":"Feature","geometry":{"type":"Point","coordinates":[-81.284,32.293]},"properties":{"key":"60702-aafad25b","layer":"power","name":"Rincon Solar I","state":"GA","detail_file":"data/details/power-plants-25.json","plant_id":"60702","capacity_mw":18.4,"status_group":"Operating","energy_sources":"SUN","type":"Power plant","is_nuclear":false}},{"type":"Feature","geometry":{"type":"Point","coordinates":[-83.582,32.579]},"properties":{"key":"7348-3ebf5b77","layer":"power","name":"Robins","state":"GA","detail_file":"data/details/power-plants-47.json","plant_id":"7348","capacity_mw":183.8,"status_group":"Operating","energy_sources":"DFO","type":"Power plant","is_nuclear":false}},{"type":"Feature","geometry":{"type":"Point","coordinates":[-83.616,32.681]},"properties":{"key":"61648-adb331c3","layer":"power","name":"Robins Air Force Base Solar","state":"GA","detail_file":"data/details/power-plants-06.json","plant_id":"61648","capacity_mw":256.0,"status_group":"Operating","energy_sources":"MWH; SUN","type":"Power plant","is_nuclear":false}},{"type":"Feature","geometry":{"type":"Point","coordinates":[-82.404,33.448]},"properties":{"key":"67226-4f85893e","layer":"power","name":"Rock House Solar","state":"GA","detail_file":"data/details/power-plants-54.json","plant_id":"67226","capacity_mw":250.0,"status_group":"Planned","energy_sources":"SUN","type":"Power plant","is_nuclear":false}},{"type":"Feature","geometry":{"type":"Point","coordinates":[-82.539,32.194]},"properties":{"key":"66173-4ac28be4","layer":"power","name":"SR Ailey","state":"GA","detail_file":"data/details/power-plants-36.json","plant_id":"66173","capacity_mw":80.0,"status_group":"Operating","energy_sources":"SUN","type":"Power plant","is_nuclear":false}},{"type":"Feature","geometry":{"type":"Point","coordinates":[-82.073,32.314]},"properties":{"key":"68250-0d6b7413","layer":"power","name":"SR Metter","state":"GA","detail_file":"data/details/power-plants-19.json","plant_id":"68250","capacity_mw":79.7,"status_group":"Under construction","energy_sources":"SUN","type":"Power plant","is_nuclear":false}},{"type":"Feature","geometry":{"type":"Point","coordinates":[-82.764,33.436]},"properties":{"key":"68563-af5fae3d","layer":"power","name":"SR Norwood","state":"GA","detail_file":"data/details/power-plants-29.json","plant_id":"68563","capacity_mw":107.0,"status_group":"Under construction","energy_sources":"SUN","type":"Power plant","is_nuclear":false}},{"type":"Feature","geometry":{"type":"Point","coordinates":[-83.763,32.396]},"properties":{"key":"64151-fe9b6aeb","layer":"power","name":"SR Perry","state":"GA","detail_file":"data/details/power-plants-37.json","plant_id":"64151","capacity_mw":68.0,"status_group":"Operating","energy_sources":"SUN","type":"Power plant","is_nuclear":false}},{"type":"Feature","geometry":{"type":"Point","coordinates":[-83.506,32.031]},"properties":{"key":"68565-3bca7bfc","layer":"power","name":"SR Rochelle II","state":"GA","detail_file":"data/details/power-plants-40.json","plant_id":"68565","capacity_mw":50.0,"status_group":"Under construction","energy_sources":"SUN","type":"Power plant","is_nuclear":false}},{"type":"Feature","geometry":{"type":"Point","coordinates":[-82.416,32.295]},"properties":{"key":"67127-44f6638d","layer":"power","name":"SR Toombs, LLC","state":"GA","detail_file":"data/details/power-plants-47.json","plant_id":"67127","capacity_mw":250.0,"status_group":"Operating","energy_sources":"SUN","type":"Power plant","is_nuclear":false}},{"type":"Feature","geometry":{"type":"Point","coordinates":[-82.753,32.987]},"properties":{"key":"67988-afc3e5a2","layer":"power","name":"Sandersville Solar","state":"GA","detail_file":"data/details/power-plants-48.json","plant_id":"67988","capacity_mw":50.0,"status_group":"Under construction","energy_sources":"SUN","type":"Power plant","is_nuclear":false}},{"type":"Feature","geometry":{"type":"Point","coordinates":[-81.201,32.331]},"properties":{"key":"10361-fd119d88","layer":"power","name":"Savannah River Mill","state":"GA","detail_file":"data/details/power-plants-59.json","plant_id":"10361","capacity_mw":140.4,"status_group":"Operating","energy_sources":"NG; PC","type":"Power plant","is_nuclear":false}},{"type":"Feature","geometry":{"type":"Point","coordinates":[-83.808,33.061]},"properties":{"key":"6257-289dea78","layer":"power","name":"Scherer","state":"GA","detail_file":"data/details/power-plants-23.json","plant_id":"6257","capacity_mw":2673.0,"status_group":"Operating","energy_sources":"SUB","type":"Power plant","is_nuclear":false}},{"type":"Feature","geometry":{"type":"Point","coordinates":[-81.981,33.108]},"properties":{"key":"64582-7f898b8c","layer":"power","name":"Shawnee - GA","state":"GA","detail_file":"data/details/power-plants-28.json","plant_id":"64582","capacity_mw":2.0,"status_group":"Operating","energy_sources":"SUN","type":"Power plant","is_nuclear":false}},{"type":"Feature","geometry":{"type":"Point","coordinates":[-81.993,33.488]},"properties":{"key":"54322-77fbd64c","layer":"power","name":"Sibley Mill","state":"GA","detail_file":"data/details/power-plants-56.json","plant_id":"54322","capacity_mw":2.1,"status_group":"Operating","energy_sources":"WAT","type":"Power plant","is_nuclear":false}},{"type":"Feature","geometry":{"type":"Point","coordinates":[-83.676,33.678]},"properties":{"key":"58628-77c7806a","layer":"power","name":"Simon Solar Farm LLC","state":"GA","detail_file":"data/details/power-plants-33.json","plant_id":"58628","capacity_mw":30.0,"status_group":"Operating","energy_sources":"SUN","type":"Power plant","is_nuclear":false}},{"type":"Feature","geometry":{"type":"Point","coordinates":[-83.202,33.141]},"properties":{"key":"722-b432c28d","layer":"power","name":"Sinclair Dam","state":"GA","detail_file":"data/details/power-plants-51.json","plant_id":"722","capacity_mw":45.0,"status_group":"Operating","energy_sources":"WAT","type":"Power plant","is_nuclear":false}},{"type":"Feature","geometry":{"type":"Point","coordinates":[-83.844,32.976]},"properties":{"key":"68546-2c704c64","layer":"power","name":"Smarr Combined Cycle Energy Facility","state":"GA","detail_file":"data/details/power-plants-45.json","plant_id":"68546","capacity_mw":804.0,"status_group":"Planned","energy_sources":"NG","type":"Power plant","is_nuclear":false}},{"type":"Feature","geometry":{"type":"Point","coordinates":[-83.846,32.984]},"properties":{"key":"7829-77ab8d00","layer":"power","name":"Smarr Energy Center","state":"GA","detail_file":"data/details/power-plants-54.json","plant_id":"7829","capacity_mw":242.0,"status_group":"Operating","energy_sources":"NG","type":"Power plant","is_nuclear":false}},{"type":"Feature","geometry":{"type":"Point","coordinates":[-82.722,34.052]},"properties":{"key":"66418-7ca5cf83","layer":"power","name":"Sonny Solar LLC","state":"GA","detail_file":"data/details/power-plants-18.json","plant_id":"66418","capacity_mw":40.0,"status_group":"Operating","energy_sources":"SUN","type":"Power plant","is_nuclear":false}},{"type":"Feature","geometry":{"type":"Point","coordinates":[-81.804,32.468]},"properties":{"key":"65727-f46c8294","layer":"power","name":"Statesboro Solar LLC","state":"GA","detail_file":"data/details/power-plants-14.json","plant_id":"65727","capacity_mw":3.0,"status_group":"Operating","energy_sources":"SUN","type":"Power plant","is_nuclear":false}},{"type":"Feature","geometry":{"type":"Point","coordinates":[-82.051,33.563]},"properties":{"key":"736-c5ac9d29","layer":"power","name":"Stevens Creek","state":"GA","detail_file":"data/details/power-plants-27.json","plant_id":"736","capacity_mw":17.6,"status_group":"Operating","energy_sources":"WAT","type":"Power plant","is_nuclear":false}},{"type":"Feature","geometry":{"type":"Point","coordinates":[-81.272,32.03]},"properties":{"key":"57026-75cdeaa5","layer":"power","name":"Superior Landfill Gas Recovery","state":"GA","detail_file":"data/details/power-plants-25.json","plant_id":"57026","capacity_mw":6.4,"status_group":"Operating","energy_sources":"LFG","type":"Power plant","is_nuclear":false}},{"type":"Feature","geometry":{"type":"Point","coordinates":[-83.498,33.989]},"properties":{"key":"7191-9526edc4","layer":"power","name":"Tallassee Hydro Project","state":"GA","detail_file":"data/details/power-plants-35.json","plant_id":"7191","capacity_mw":2.3,"status_group":"Operating","energy_sources":"WAT","type":"Power plant","is_nuclear":false}},{"type":"Feature","geometry":{"type":"Point","coordinates":[-83.396,34.739]},"properties":{"key":"723-ab4a6941","layer":"power","name":"Tallulah Falls","state":"GA","detail_file":"data/details/power-plants-57.json","plant_id":"723","capacity_mw":72.0,"status_group":"Operating","energy_sources":"WAT","type":"Power plant","is_nuclear":false}},{"type":"Feature","geometry":{"type":"Point","coordinates":[-82.872,32.059]},"properties":{"key":"62883-906182b3","layer":"power","name":"Telfair Thompson","state":"GA","detail_file":"data/details/power-plants-05.json","plant_id":"62883","capacity_mw":1.9,"status_group":"Operating","energy_sources":"SUN","type":"Power plant","is_nuclear":false}},{"type":"Feature","geometry":{"type":"Point","coordinates":[-83.416,34.765]},"properties":{"key":"724-43453961","layer":"power","name":"Terrora","state":"GA","detail_file":"data/details/power-plants-62.json","plant_id":"724","capacity_mw":16.0,"status_group":"Operating","energy_sources":"WAT","type":"Power plant","is_nuclear":false}},{"type":"Feature","geometry":{"type":"Point","coordinates":[-82.816,33.964]},"properties":{"key":"65892-e1e9c21f","layer":"power","name":"Timberland Solar","state":"GA","detail_file":"data/details/power-plants-17.json","plant_id":"65892","capacity_mw":140.0,"status_group":"Operating","energy_sources":"SUN","type":"Power plant","is_nuclear":false}},{"type":"Feature","geometry":{"type":"Point","coordinates":[-83.39,33.308]},"properties":{"key":"60544-b88b9a7b","layer":"power","name":"Tri-County Solar Facility","state":"GA","detail_file":"data/details/power-plants-43.json","plant_id":"60544","capacity_mw":1.0,"status_group":"Operating","energy_sources":"SUN","type":"Power plant","is_nuclear":false}},{"type":"Feature","geometry":{"type":"Point","coordinates":[-83.352,34.714]},"properties":{"key":"725-5b07f038","layer":"power","name":"Tugalo","state":"GA","detail_file":"data/details/power-plants-15.json","plant_id":"725","capacity_mw":44.8,"status_group":"Operating","energy_sources":"WAT","type":"Power plant","is_nuclear":false}},{"type":"Feature","geometry":{"type":"Point","coordinates":[-83.491,32.605]},"properties":{"key":"61696-5c80b5c2","layer":"power","name":"Twiggs Solar","state":"GA","detail_file":"data/details/power-plants-16.json","plant_id":"61696","capacity_mw":204.0,"status_group":"Operating","energy_sources":"SUN","type":"Power plant","is_nuclear":false}},{"type":"Feature","geometry":{"type":"Point","coordinates":[-81.763,33.143]},"properties":{"key":"649-cf26b878","layer":"power","name":"Vogtle","state":"GA","detail_file":"data/details/power-plants-57.json","plant_id":"649","capacity_mw":4658.0,"status_group":"Operating","energy_sources":"NUC","type":"Nuclear power plant","is_nuclear":true}},{"type":"Feature","geometry":{"type":"Point","coordinates":[-82.409,32.82]},"properties":{"key":"66626-1e762f1a","layer":"power","name":"Wadley Solar","state":"GA","detail_file":"data/details/power-plants-20.json","plant_id":"66626","capacity_mw":260.0,"status_group":"Operating","energy_sources":"SUN","type":"Power plant","is_nuclear":false}},{"type":"Feature","geometry":{"type":"Point","coordinates":[-83.157,33.35]},"properties":{"key":"6087-f6970f94","layer":"power","name":"Wallace Dam","state":"GA","detail_file":"data/details/power-plants-26.json","plant_id":"6087","capacity_mw":321.2,"status_group":"Operating","energy_sources":"WAT","type":"Power plant","is_nuclear":false}},{"type":"Feature","geometry":{"type":"Point","coordinates":[-83.695,33.815]},"properties":{"key":"55128-53c92061","layer":"power","name":"Walton County Energy Facility","state":"GA","detail_file":"data/details/power-plants-05.json","plant_id":"55128","capacity_mw":494.1,"status_group":"Operating","energy_sources":"NG","type":"Power plant","is_nuclear":false}},{"type":"Feature","geometry":{"type":"Point","coordinates":[-82.98,33.092]},"properties":{"key":"55332-3f1274d4","layer":"power","name":"Washington County Power LLC","state":"GA","detail_file":"data/details/power-plants-40.json","plant_id":"55332","capacity_mw":795.6,"status_group":"Operating","energy_sources":"NG","type":"Power plant","is_nuclear":false}},{"type":"Feature","geometry":{"type":"Point","coordinates":[-82.714,32.99]},"properties":{"key":"66990-1cac8544","layer":"power","name":"Washington County Solar","state":"GA","detail_file":"data/details/power-plants-08.json","plant_id":"66990","capacity_mw":150.0,"status_group":"Operating","energy_sources":"SUN","type":"Power plant","is_nuclear":false}},{"type":"Feature","geometry":{"type":"Point","coordinates":[-81.824,33.171]},"properties":{"key":"62409-e2b204b6","layer":"power","name":"Waynesboro Community Solar","state":"GA","detail_file":"data/details/power-plants-52.json","plant_id":"62409","capacity_mw":2.4,"status_group":"Operating","energy_sources":"SUN","type":"Power plant","is_nuclear":false}},{"type":"Feature","geometry":{"type":"Point","coordinates":[-82.844,32.504]},"properties":{"key":"54004-238e4782","layer":"power","name":"WestRock Southeast, LLC.","state":"GA","detail_file":"data/details/power-plants-60.json","plant_id":"54004","capacity_mw":82.1,"status_group":"Operating","energy_sources":"NG; WDS","type":"Power plant","is_nuclear":false}},{"type":"Feature","geometry":{"type":"Point","coordinates":[-82.111,33.037]},"properties":{"key":"60082-299d79fd","layer":"power","name":"White Oak Solar, LLC","state":"GA","detail_file":"data/details/power-plants-24.json","plant_id":"60082","capacity_mw":76.5,"status_group":"Operating","energy_sources":"SUN","type":"Power plant","is_nuclear":false}},{"type":"Feature","geometry":{"type":"Point","coordinates":[-83.303,32.881]},"properties":{"key":"65481-7218c709","layer":"power","name":"Wilkinson DeFore (Safari Energy)","state":"GA","detail_file":"data/details/power-plants-60.json","plant_id":"65481","capacity_mw":3.0,"status_group":"Operating","energy_sources":"SUN","type":"Power plant","is_nuclear":false}},{"type":"Feature","geometry":{"type":"Point","coordinates":[-83.321,32.88]},"properties":{"key":"62886-42c82e3b","layer":"power","name":"Wilkinson DeFore (Westbound)","state":"GA","detail_file":"data/details/power-plants-24.json","plant_id":"62886","capacity_mw":2.3,"status_group":"Operating","energy_sources":"SUN","type":"Power plant","is_nuclear":false}},{"type":"Feature","geometry":{"type":"Point","coordinates":[-81.748,33.138]},"properties":{"key":"6258-4f4eefe8","layer":"power","name":"Wilson","state":"GA","detail_file":"data/details/power-plants-01.json","plant_id":"6258","capacity_mw":317.6,"status_group":"Operating","energy_sources":"DFO","type":"Power plant","is_nuclear":false}},{"type":"Feature","geometry":{"type":"Point","coordinates":[-83.247,33.881]},"properties":{"key":"66027-5120cb21","layer":"power","name":"Wolfskin Solar","state":"GA","detail_file":"data/details/power-plants-23.json","plant_id":"66027","capacity_mw":38.0,"status_group":"Operating","energy_sources":"SUN","type":"Power plant","is_nuclear":false}},{"type":"Feature","geometry":{"type":"Point","coordinates":[-83.546,32.806]},"properties":{"key":"54566-2a920668","layer":"power","name":"YKK USA Chestney","state":"GA","detail_file":"data/details/power-plants-40.json","plant_id":"54566","capacity_mw":1.5,"status_group":"Operating","energy_sources":"DFO","type":"Power plant","is_nuclear":false}},{"type":"Feature","geometry":{"type":"Point","coordinates":[-83.342,34.682]},"properties":{"key":"729-8ed1ee78","layer":"power","name":"Yonah","state":"GA","detail_file":"data/details/power-plants-18.json","plant_id":"729","capacity_mw":22.5,"status_group":"Operating","energy_sources":"WAT","type":"Power plant","is_nuclear":false}},{"type":"Feature","geometry":{"type":"Point","coordinates":[-80.835,35.916]},"properties":{"key":"63448-6cceff6a","layer":"power","name":"1045 Tomlin Mill Solar","state":"NC","detail_file":"data/details/power-plants-18.json","plant_id":"63448","capacity_mw":4.9,"status_group":"Operating","energy_sources":"SUN","type":"Power plant","is_nuclear":false}},{"type":"Feature","geometry":{"type":"Point","coordinates":[-81.43,35.244]},"properties":{"key":"61195-da37aad4","layer":"power","name":"231 Dixon 74 Solar I, LLC","state":"NC","detail_file":"data/details/power-plants-29.json","plant_id":"61195","capacity_mw":2.0,"status_group":"Operating","energy_sources":"SUN","type":"Power plant","is_nuclear":false}},{"type":"Feature","geometry":{"type":"Point","coordinates":[-81.56,35.232]},"properties":{"key":"63296-fca2ee52","layer":"power","name":"232 Long Branch 29 Solar I, LLC","state":"NC","detail_file":"data/details/power-plants-28.json","plant_id":"63296","capacity_mw":2.0,"status_group":"Operating","energy_sources":"SUN","type":"Power plant","is_nuclear":false}},{"type":"Feature","geometry":{"type":"Point","coordinates":[-81.591,35.312]},"properties":{"key":"65819-201d972c","layer":"power","name":"233 Randolph 74 Solar I, LLC","state":"NC","detail_file":"data/details/power-plants-51.json","plant_id":"65819","capacity_mw":2.0,"status_group":"Operating","energy_sources":"SUN","type":"Power plant","is_nuclear":false}},{"type":"Feature","geometry":{"type":"Point","coordinates":[-80.194,35.364]},"properties":{"key":"56339-93ca9f7d","layer":"power","name":"Albemarle Hospital Unit","state":"NC","detail_file":"data/details/power-plants-41.json","plant_id":"56339","capacity_mw":1.8,"status_group":"Operating","energy_sources":"DFO","type":"Power plant","is_nuclear":false}},{"type":"Feature","geometry":{"type":"Point","coordinates":[-80.152,35.407]},"properties":{"key":"56263-0e35ce83","layer":"power","name":"Albemarle Prime Power Park","state":"NC","detail_file":"data/details/power-plants-25.json","plant_id":"56263","capacity_mw":3.6,"status_group":"Operating","energy_sources":"DFO","type":"Power plant","is_nuclear":false}},{"type":"Feature","geometry":{"type":"Point","coordinates":[-81.027,35.19]},"properties":{"key":"69171-972e7d61","layer":"power","name":"Allen 1 Battery Energy Storage System","state":"NC","detail_file":"data/details/power-plants-56.json","plant_id":"69171","capacity_mw":50.0,"status_group":"Operating","energy_sources":"MWH","type":"Power plant","is_nuclear":false}},{"type":"Feature","geometry":{"type":"Point","coordinates":[-81.01,35.192]},"properties":{"key":"69148-a2fc8252","layer":"power","name":"Allen 2 BESS","state":"NC","detail_file":"data/details/power-plants-18.json","plant_id":"69148","capacity_mw":167.0,"status_group":"Planned","energy_sources":"MWH","type":"Power plant","is_nuclear":false}},{"type":"Feature","geometry":{"type":"Point","coordinates":[-81.926,35.317]},"properties":{"key":"58730-b0e5b7e3","layer":"power","name":"Amethyst Solar","state":"NC","detail_file":"data/details/power-plants-11.json","plant_id":"58730","capacity_mw":3.0,"status_group":"Operating","energy_sources":"SUN","type":"Power plant","is_nuclear":false}},{"type":"Feature","geometry":{"type":"Point","coordinates":[-81.209,35.651]},"properties":{"key":"58731-19237ba7","layer":"power","name":"Angel Solar","state":"NC","detail_file":"data/details/power-plants-30.json","plant_id":"58731","capacity_mw":5.0,"status_group":"Operating","energy_sources":"SUN","type":"Power plant","is_nuclear":false}},{"type":"Feature","geometry":{"type":"Point","coordinates":[-81.478,35.415]},"properties":{"key":"67997-d3ee18c1","layer":"power","name":"Apex NC Solar","state":"NC","detail_file":"data/details/power-plants-36.json","plant_id":"67997","capacity_mw":28.9,"status_group":"Operating","energy_sources":"SUN","type":"Power plant","is_nuclear":false}},{"type":"Feature","geometry":{"type":"Point","coordinates":[-81.208,35.739]},"properties":{"key":"58701-727fd737","layer":"power","name":"Apple Data Center - PV2","state":"NC","detail_file":"data/details/power-plants-55.json","plant_id":"58701","capacity_mw":20.0,"status_group":"Operating","energy_sources":"SUN","type":"Power plant","is_nuclear":false}},{"type":"Feature","geometry":{"type":"Point","coordinates":[-81.252,35.588]},"properties":{"key":"57994-6e78e489","layer":"power","name":"Apple Data Center PV","state":"NC","detail_file":"data/details/power-plants-58.json","plant_id":"57994","capacity_mw":21.0,"status_group":"Operating","energy_sources":"SUN","type":"Power plant","is_nuclear":false}},{"type":"Feature","geometry":{"type":"Point","coordinates":[-81.15,35.715]},"properties":{"key":"59474-f6b6bb8b","layer":"power","name":"Apple Data Center PV3","state":"NC","detail_file":"data/details/power-plants-00.json","plant_id":"59474","capacity_mw":17.5,"status_group":"Operating","energy_sources":"SUN","type":"Power plant","is_nuclear":false}},{"type":"Feature","geometry":{"type":"Point","coordinates":[-81.157,35.629]},"properties":{"key":"58828-2ef04a82","layer":"power","name":"Apple One","state":"NC","detail_file":"data/details/power-plants-36.json","plant_id":"58828","capacity_mw":5.0,"status_group":"Operating","energy_sources":"SUN","type":"Power plant","is_nuclear":false}},{"type":"Feature","geometry":{"type":"Point","coordinates":[-81.176,35.779]},"properties":{"key":"58315-bc6aef11","layer":"power","name":"Arndt Farm","state":"NC","detail_file":"data/details/power-plants-17.json","plant_id":"58315","capacity_mw":5.0,"status_group":"Operating","energy_sources":"SUN","type":"Power plant","is_nuclear":false}},{"type":"Feature","geometry":{"type":"Point","coordinates":[-82.542,35.473]},"properties":{"key":"2706-6eb11d1c","layer":"power","name":"Asheville","state":"NC","detail_file":"data/details/power-plants-32.json","plant_id":"2706","capacity_mw":1011.5,"status_group":"Operating","energy_sources":"NG","type":"Power plant","is_nuclear":false}},{"type":"Feature","geometry":{"type":"Point","coordinates":[-82.542,35.472]},"properties":{"key":"69429-01565034","layer":"power","name":"Asheville BESS","state":"NC","detail_file":"data/details/power-plants-26.json","plant_id":"69429","capacity_mw":17.3,"status_group":"Under construction","energy_sources":"MWH","type":"Power plant","is_nuclear":false}},{"type":"Feature","geometry":{"type":"Point","coordinates":[-82.542,35.471]},"properties":{"key":"69357-39ef25ee","layer":"power","name":"Asheville Solar","state":"NC","detail_file":"data/details/power-plants-54.json","plant_id":"69357","capacity_mw":9.5,"status_group":"Under construction","energy_sources":"SUN","type":"Power plant","is_nuclear":false}},{"type":"Feature","geometry":{"type":"Point","coordinates":[-82.517,35.54]},"properties":{"key":"63064-031d51c7","layer":"power","name":"Asheville-Rock Hill Battery","state":"NC","detail_file":"data/details/power-plants-41.json","plant_id":"63064","capacity_mw":8.8,"status_group":"Operating","energy_sources":"MWH","type":"Power plant","is_nuclear":false}},{"type":"Feature","geometry":{"type":"Point","coordinates":[-81.622,35.328]},"properties":{"key":"58732-5b065b0e","layer":"power","name":"Audrey Solar","state":"NC","detail_file":"data/details/power-plants-16.json","plant_id":"58732","capacity_mw":3.0,"status_group":"Operating","energy_sources":"SUN","type":"Power plant","is_nuclear":false}},{"type":"Feature","geometry":{"type":"Point","coordinates":[-81.137,35.305]},"properties":{"key":"60634-3086c327","layer":"power","name":"Auten Road Farm, LLC","state":"NC","detail_file":"data/details/power-plants-09.json","plant_id":"60634","capacity_mw":5.0,"status_group":"Operating","energy_sources":"SUN","type":"Power plant","is_nuclear":false}},{"type":"Feature","geometry":{"type":"Point","coordinates":[-81.616,35.285]},"properties":{"key":"58792-885d950c","layer":"power","name":"Ayrshire","state":"NC","detail_file":"data/details/power-plants-39.json","plant_id":"58792","capacity_mw":19.4,"status_group":"Operating","energy_sources":"SUN","type":"Power plant","is_nuclear":false}},{"type":"Feature","geometry":{"type":"Point","coordinates":[-80.39,34.97]},"properties":{"key":"59930-82f8c484","layer":"power","name":"BG Stewart Solar Farm, LLC","state":"NC","detail_file":"data/details/power-plants-25.json","plant_id":"59930","capacity_mw":5.0,"status_group":"Operating","energy_sources":"SUN","type":"Power plant","is_nuclear":false}},{"type":"Feature","geometry":{"type":"Point","coordinates":[-81.33,35.22]},"properties":{"key":"59038-c40599ad","layer":"power","name":"Battleground","state":"NC","detail_file":"data/details/power-plants-21.json","plant_id":"59038","capacity_mw":3.5,"status_group":"Operating","energy_sources":"SUN","type":"Power plant","is_nuclear":false}},{"type":"Feature","geometry":{"type":"Point","coordinates":[-80.57,35.865]},"properties":{"key":"60434-135cc826","layer":"power","name":"Baxter Creek Solar","state":"NC","detail_file":"data/details/power-plants-30.json","plant_id":"60434","capacity_mw":30.0,"status_group":"Under construction","energy_sources":"SUN","type":"Power plant","is_nuclear":false}},{"type":"Feature","geometry":{"type":"Point","coordinates":[-80.553,35.866]},"properties":{"key":"69144-e6c785d0","layer":"power","name":"Baxter Creek Solar","state":"NC","detail_file":"data/details/power-plants-45.json","plant_id":"69144","capacity_mw":30.0,"status_group":"Under construction","energy_sources":"SUN","type":"Power plant","is_nuclear":false}},{"type":"Feature","geometry":{"type":"Point","coordinates":[-83.072,35.243]},"properties":{"key":"2741-d3c57604","layer":"power","name":"Bear Creek Dam","state":"NC","detail_file":"data/details/power-plants-04.json","plant_id":"2741","capacity_mw":9.0,"status_group":"Operating","energy_sources":"WAT","type":"Power plant","is_nuclear":false}},{"type":"Feature","geometry":{"type":"Point","coordinates":[-81.665,35.178]},"properties":{"key":"59511-a703c4c9","layer":"power","name":"Beetle Solar","state":"NC","detail_file":"data/details/power-plants-18.json","plant_id":"59511","capacity_mw":4.0,"status_group":"Operating","energy_sources":"SUN","type":"Power plant","is_nuclear":false}},{"type":"Feature","geometry":{"type":"Point","coordinates":[-81.508,35.47]},"properties":{"key":"58314-578a254f","layer":"power","name":"Belwood Farm","state":"NC","detail_file":"data/details/power-plants-09.json","plant_id":"58314","capacity_mw":4.0,"status_group":"Operating","energy_sources":"SUN","type":"Power plant","is_nuclear":false}},{"type":"Feature","geometry":{"type":"Point","coordinates":[-81.541,35.85]},"properties":{"key":"60881-6313c855","layer":"power","name":"Bernhardt Furniture Solar Farm","state":"NC","detail_file":"data/details/power-plants-37.json","plant_id":"60881","capacity_mw":1.1,"status_group":"Operating","energy_sources":"SUN","type":"Power plant","is_nuclear":false}},{"type":"Feature","geometry":{"type":"Point","coordinates":[-82.588,35.561]},"properties":{"key":"61271-a1371c9b","layer":"power","name":"Biltmore Solar Fields","state":"NC","detail_file":"data/details/power-plants-05.json","plant_id":"61271","capacity_mw":1.5,"status_group":"Operating","energy_sources":"SUN","type":"Power plant","is_nuclear":false}},{"type":"Feature","geometry":{"type":"Point","coordinates":[-81.834,35.362]},"properties":{"key":"56547-10d2d8b1","layer":"power","name":"Bostic Delivery No 2","state":"NC","detail_file":"data/details/power-plants-55.json","plant_id":"56547","capacity_mw":1.0,"status_group":"Operating","energy_sources":"DFO","type":"Power plant","is_nuclear":false}},{"type":"Feature","geometry":{"type":"Point","coordinates":[-81.837,35.743]},"properties":{"key":"2719-0ccfa6ab","layer":"power","name":"Bridgewater","state":"NC","detail_file":"data/details/power-plants-23.json","plant_id":"2719","capacity_mw":27.7,"status_group":"Operating","energy_sources":"WAT","type":"Power plant","is_nuclear":false}},{"type":"Feature","geometry":{"type":"Point","coordinates":[-81.372,35.816]},"properties":{"key":"64910-53db368d","layer":"power","name":"Brighter Future Solar","state":"NC","detail_file":"data/details/power-plants-41.json","plant_id":"64910","capacity_mw":11.0,"status_group":"Operating","energy_sources":"SUN","type":"Power plant","is_nuclear":false}},{"type":"Feature","geometry":{"type":"Point","coordinates":[-81.751,35.188]},"properties":{"key":"62822-413d790c","layer":"power","name":"Broad River Solar, LLC","state":"NC","detail_file":"data/details/power-plants-32.json","plant_id":"62822","capacity_mw":50.0,"status_group":"Operating","energy_sources":"SUN","type":"Power plant","is_nuclear":false}},{"type":"Feature","geometry":{"type":"Point","coordinates":[-80.377,35.713]},"properties":{"key":"2720-799f0119","layer":"power","name":"Buck","state":"NC","detail_file":"data/details/power-plants-21.json","plant_id":"2720","capacity_mw":697.9,"status_group":"Operating","energy_sources":"NG","type":"Power plant","is_nuclear":false}},{"type":"Feature","geometry":{"type":"Point","coordinates":[-80.363,35.542]},"properties":{"key":"58735-878022c0","layer":"power","name":"Buddy Solar","state":"NC","detail_file":"data/details/power-plants-10.json","plant_id":"58735","capacity_mw":4.0,"status_group":"Operating","energy_sources":"SUN","type":"Power plant","is_nuclear":false}},{"type":"Feature","geometry":{"type":"Point","coordinates":[-80.444,35.956]},"properties":{"key":"63016-3260ea8f","layer":"power","name":"Carolina Lily Solar","state":"NC","detail_file":"data/details/power-plants-50.json","plant_id":"63016","capacity_mw":5.0,"status_group":"Operating","energy_sources":"SUN","type":"Power plant","is_nuclear":false}},{"type":"Feature","geometry":{"type":"Point","coordinates":[-81.664,35.777]},"properties":{"key":"56553-eedb0d83","layer":"power","name":"Catawba River Pollution Control","state":"NC","detail_file":"data/details/power-plants-06.json","plant_id":"56553","capacity_mw":1.3,"status_group":"Operating","energy_sources":"DFO","type":"Power plant","is_nuclear":false}},{"type":"Feature","geometry":{"type":"Point","coordinates":[-80.53,35.61]},"properties":{"key":"60800-88d9d156","layer":"power","name":"Catawba Solar LLC","state":"NC","detail_file":"data/details/power-plants-02.json","plant_id":"60800","capacity_mw":2.0,"status_group":"Operating","energy_sources":"SUN","type":"Power plant","is_nuclear":false}},{"type":"Feature","geometry":{"type":"Point","coordinates":[-83.098,35.253]},"properties":{"key":"2743-037b13a3","layer":"power","name":"Cedar Cliff","state":"NC","detail_file":"data/details/power-plants-11.json","plant_id":"2743","capacity_mw":6.4,"status_group":"Operating","energy_sources":"WAT","type":"Power plant","is_nuclear":false}},{"type":"Feature","geometry":{"type":"Point","coordinates":[-81.822,35.262]},"properties":{"key":"58722-9f1e4757","layer":"power","name":"Charlotte Solar","state":"NC","detail_file":"data/details/power-plants-28.json","plant_id":"58722","capacity_mw":5.0,"status_group":"Operating","energy_sources":"SUN","type":"Power plant","is_nuclear":false}},{"type":"Feature","geometry":{"type":"Point","coordinates":[-83.791,35.019]},"properties":{"key":"2778-0a659296","layer":"power","name":"Chatuge","state":"NC","detail_file":"data/details/power-plants-32.json","plant_id":"2778","capacity_mw":13.2,"status_group":"Operating","energy_sources":"WAT","type":"Power plant","is_nuclear":false}},{"type":"Feature","geometry":{"type":"Point","coordinates":[-83.938,35.448]},"properties":{"key":"54899-75be8adb","layer":"power","name":"Cheoah","state":"NC","detail_file":"data/details/power-plants-12.json","plant_id":"54899","capacity_mw":140.0,"status_group":"Operating","energy_sources":"WAT","type":"Power plant","is_nuclear":false}},{"type":"Feature","geometry":{"type":"Point","coordinates":[-81.38,35.378]},"properties":{"key":"56340-b081b86a","layer":"power","name":"Cherryville City Hall","state":"NC","detail_file":"data/details/power-plants-07.json","plant_id":"56340","capacity_mw":1.8,"status_group":"Operating","energy_sources":"DFO","type":"Power plant","is_nuclear":false}},{"type":"Feature","geometry":{"type":"Point","coordinates":[-81.249,35.533]},"properties":{"key":"69771-35aeb3c7","layer":"power","name":"Clark Creek Solar Plant","state":"NC","detail_file":"data/details/power-plants-10.json","plant_id":"69771","capacity_mw":54.0,"status_group":"Under construction","energy_sources":"MWH; SUN","type":"Power plant","is_nuclear":false}},{"type":"Feature","geometry":{"type":"Point","coordinates":[-81.842,35.308]},"properties":{"key":"65817-b8b07365","layer":"power","name":"Clear Solar I, LLC","state":"NC","detail_file":"data/details/power-plants-14.json","plant_id":"65817","capacity_mw":3.6,"status_group":"Operating","energy_sources":"SUN","type":"Power plant","is_nuclear":false}},{"type":"Feature","geometry":{"type":"Point","coordinates":[-81.417,35.171]},"properties":{"key":"57029-07127954","layer":"power","name":"Cleveland Cnty Generating Facility","state":"NC","detail_file":"data/details/power-plants-59.json","plant_id":"57029","capacity_mw":736.0,"status_group":"Operating","energy_sources":"NG","type":"Power plant","is_nuclear":false}},{"type":"Feature","geometry":{"type":"Point","coordinates":[-81.415,35.721]},"properties":{"key":"59929-357c3ba5","layer":"power","name":"Cline Solar Farm, LLC","state":"NC","detail_file":"data/details/power-plants-46.json","plant_id":"59929","capacity_mw":5.0,"status_group":"Operating","energy_sources":"SUN","type":"Power plant","is_nuclear":false}},{"type":"Feature","geometry":{"type":"Point","coordinates":[-80.67,35.346]},"properties":{"key":"57896-455fb1de","layer":"power","name":"Concord Energy","state":"NC","detail_file":"data/details/power-plants-11.json","plant_id":"57896","capacity_mw":9.6,"status_group":"Operating","energy_sources":"LFG","type":"Power plant","is_nuclear":false}},{"type":"Feature","geometry":{"type":"Point","coordinates":[-80.664,35.444]},"properties":{"key":"59818-2ccc08fd","layer":"power","name":"Concord Farm","state":"NC","detail_file":"data/details/power-plants-04.json","plant_id":"59818","capacity_mw":4.5,"status_group":"Operating","energy_sources":"SUN","type":"Power plant","is_nuclear":false}},{"type":"Feature","geometry":{"type":"Point","coordinates":[-80.857,35.483]},"properties":{"key":"56546-b3ad8ac8","layer":"power","name":"Cornelius Delivery No 1","state":"NC","detail_file":"data/details/power-plants-44.json","plant_id":"56546","capacity_mw":2.2,"status_group":"Operating","energy_sources":"DFO","type":"Power plant","is_nuclear":false}},{"type":"Feature","geometry":{"type":"Point","coordinates":[-81.509,35.263]},"properties":{"key":"60199-85a41895","layer":"power","name":"County Home Solar Center, LLC","state":"NC","detail_file":"data/details/power-plants-06.json","plant_id":"60199","capacity_mw":2.0,"status_group":"Operating","energy_sources":"SUN","type":"Power plant","is_nuclear":false}},{"type":"Feature","geometry":{"type":"Point","coordinates":[-80.959,35.435]},"properties":{"key":"2722-5b876393","layer":"power","name":"Cowans Ford","state":"NC","detail_file":"data/details/power-plants-48.json","plant_id":"2722","capacity_mw":350.0,"status_group":"Operating","energy_sources":"WAT","type":"Power plant","is_nuclear":false}},{"type":"Feature","geometry":{"type":"Point","coordinates":[-82.609,35.642]},"properties":{"key":"69404-127c1e6a","layer":"power","name":"Craggy Energy Storage","state":"NC","detail_file":"data/details/power-plants-54.json","plant_id":"69404","capacity_mw":30.5,"status_group":"Under construction","energy_sources":"MWH","type":"Power plant","is_nuclear":false}},{"type":"Feature","geometry":{"type":"Point","coordinates":[-80.997,35.246]},"properties":{"key":"57334-d4cc6aef","layer":"power","name":"DE Solar 10240 Old Dowd Rd","state":"NC","detail_file":"data/details/power-plants-22.json","plant_id":"57334","capacity_mw":1.9,"status_group":"Operating","energy_sources":"SUN","type":"Power plant","is_nuclear":false}},{"type":"Feature","geometry":{"type":"Point","coordinates":[-80.997,35.326]},"properties":{"key":"57336-bad04169","layer":"power","name":"DE Solar 1725 Drywall Dr","state":"NC","detail_file":"data/details/power-plants-53.json","plant_id":"57336","capacity_mw":1.0,"status_group":"Operating","energy_sources":"SUN","type":"Power plant","is_nuclear":false}},{"type":"Feature","geometry":{"type":"Point","coordinates":[-80.554,35.849]},"properties":{"key":"59126-92ccf63e","layer":"power","name":"Daniel Farm LLC","state":"NC","detail_file":"data/details/power-plants-30.json","plant_id":"59126","capacity_mw":5.0,"status_group":"Operating","energy_sources":"SUN","type":"Power plant","is_nuclear":false}},{"type":"Feature","geometry":{"type":"Point","coordinates":[-80.183,35.841]},"properties":{"key":"57436-9a7b94a1","layer":"power","name":"Davidson Gas Producers LLC","state":"NC","detail_file":"data/details/power-plants-32.json","plant_id":"57436","capacity_mw":1.6,"status_group":"Operating","energy_sources":"LFG","type":"Power plant","is_nuclear":false}},{"type":"Feature","geometry":{"type":"Point","coordinates":[-80.288,35.741]},"properties":{"key":"68601-ace83955","layer":"power","name":"Davidson III","state":"NC","detail_file":"data/details/power-plants-55.json","plant_id":"68601","capacity_mw":4.5,"status_group":"Operating","energy_sources":"SUN","type":"Power plant","is_nuclear":false}},{"type":"Feature","geometry":{"type":"Point","coordinates":[-80.288,35.741]},"properties":{"key":"68602-f93d0f7c","layer":"power","name":"Davidson IV","state":"NC","detail_file":"data/details/power-plants-51.json","plant_id":"68602","capacity_mw":3.0,"status_group":"Operating","energy_sources":"SUN","type":"Power plant","is_nuclear":false}},{"type":"Feature","geometry":{"type":"Point","coordinates":[-80.288,35.741]},"properties":{"key":"68603-fc38d351","layer":"power","name":"Davidson V","state":"NC","detail_file":"data/details/power-plants-57.json","plant_id":"68603","capacity_mw":1.5,"status_group":"Operating","energy_sources":"SUN","type":"Power plant","is_nuclear":false}},{"type":"Feature","geometry":{"type":"Point","coordinates":[-80.719,35.967]},"properties":{"key":"67858-24d1c2d0","layer":"power","name":"Dill Holdings LLC","state":"NC","detail_file":"data/details/power-plants-57.json","plant_id":"67858","capacity_mw":10.0,"status_group":"Under construction","energy_sources":"SUN","type":"Power plant","is_nuclear":false}},{"type":"Feature","geometry":{"type":"Point","coordinates":[-81.411,35.199]},"properties":{"key":"58453-96007cbc","layer":"power","name":"Dixon Dairy Road Solar","state":"NC","detail_file":"data/details/power-plants-46.json","plant_id":"58453","capacity_mw":4.0,"status_group":"Operating","energy_sources":"SUN","type":"Power plant","is_nuclear":false}},{"type":"Feature","geometry":{"type":"Point","coordinates":[-81.416,35.758]},"properties":{"key":"59102-55465ea3","layer":"power","name":"Dragstrip Farm","state":"NC","detail_file":"data/details/power-plants-02.json","plant_id":"59102","capacity_mw":5.0,"status_group":"Operating","energy_sources":"SUN","type":"Power plant","is_nuclear":false}},{"type":"Feature","geometry":{"type":"Point","coordinates":[-81.607,35.748]},"properties":{"key":"56548-8620a38d","layer":"power","name":"Drexel Operations Center","state":"NC","detail_file":"data/details/power-plants-10.json","plant_id":"56548","capacity_mw":2.2,"status_group":"Operating","energy_sources":"DFO","type":"Power plant","is_nuclear":false}},{"type":"Feature","geometry":{"type":"Point","coordinates":[-80.124,35.396]},"properties":{"key":"66718-73d3f79d","layer":"power","name":"ESA Albemarle NC Solar","state":"NC","detail_file":"data/details/power-plants-40.json","plant_id":"66718","capacity_mw":2.0,"status_group":"Operating","energy_sources":"SUN","type":"Power plant","is_nuclear":false}},{"type":"Feature","geometry":{"type":"Point","coordinates":[-80.075,35.394]},"properties":{"key":"54895-f5035a45","layer":"power","name":"Falls Hydro","state":"NC","detail_file":"data/details/power-plants-55.json","plant_id":"54895","capacity_mw":31.4,"status_group":"Operating","energy_sources":"WAT","type":"Power plant","is_nuclear":false}},{"type":"Feature","geometry":{"type":"Point","coordinates":[-80.035,35.241]},"properties":{"key":"61089-d70a7ec4","layer":"power","name":"Fisher Solar Farm - NC","state":"NC","detail_file":"data/details/power-plants-60.json","plant_id":"61089","capacity_mw":5.0,"status_group":"Operating","energy_sources":"SUN","type":"Power plant","is_nuclear":false}},{"type":"Feature","geometry":{"type":"Point","coordinates":[-81.229,35.758]},"properties":{"key":"58726-d6c8e2dc","layer":"power","name":"Flash Solar","state":"NC","detail_file":"data/details/power-plants-01.json","plant_id":"58726","capacity_mw":5.0,"status_group":"Operating","energy_sources":"SUN","type":"Power plant","is_nuclear":false}},{"type":"Feature","geometry":{"type":"Point","coordinates":[-83.805,35.451]},"properties":{"key":"2779-01e5ab37","layer":"power","name":"Fontana Dam","state":"NC","detail_file":"data/details/power-plants-57.json","plant_id":"2779","capacity_mw":254.7,"status_group":"Operating","energy_sources":"WAT","type":"Power plant","is_nuclear":false}},{"type":"Feature","geometry":{"type":"Point","coordinates":[-83.371,35.219]},"properties":{"key":"2745-c24a93d1","layer":"power","name":"Franklin (NC)","state":"NC","detail_file":"data/details/power-plants-42.json","plant_id":"2745","capacity_mw":1.0,"status_group":"Operating","energy_sources":"WAT","type":"Power plant","is_nuclear":false}},{"type":"Feature","geometry":{"type":"Point","coordinates":[-80.997,35.428]},"properties":{"key":"59912-6f1d75fa","layer":"power","name":"Freemont Solar Center LLC","state":"NC","detail_file":"data/details/power-plants-16.json","plant_id":"59912","capacity_mw":5.0,"status_group":"Operating","energy_sources":"SUN","type":"Power plant","is_nuclear":false}},{"type":"Feature","geometry":{"type":"Point","coordinates":[-80.668,35.353]},"properties":{"key":"55599-0c74f70c","layer":"power","name":"GRS CMS","state":"NC","detail_file":"data/details/power-plants-52.json","plant_id":"55599","capacity_mw":5.3,"status_group":"Operating","energy_sources":"LFG","type":"Power plant","is_nuclear":false}},{"type":"Feature","geometry":{"type":"Point","coordinates":[-81.817,35.348]},"properties":{"key":"61127-8a0748ab","layer":"power","name":"Gamble Solar","state":"NC","detail_file":"data/details/power-plants-59.json","plant_id":"61127","capacity_mw":3.0,"status_group":"Operating","energy_sources":"SUN","type":"Power plant","is_nuclear":false}},{"type":"Feature","geometry":{"type":"Point","coordinates":[-81.172,35.386]},"properties":{"key":"61758-e26aa5b3","layer":"power","name":"Gaston County Renewable Energy Center","state":"NC","detail_file":"data/details/power-plants-45.json","plant_id":"61758","capacity_mw":4.2,"status_group":"Operating","energy_sources":"LFG","type":"Power plant","is_nuclear":false}},{"type":"Feature","geometry":{"type":"Point","coordinates":[-81.138,35.275]},"properties":{"key":"57629-da9022f6","layer":"power","name":"Gaston Memorial Hospital","state":"NC","detail_file":"data/details/power-plants-13.json","plant_id":"57629","capacity_mw":1.8,"status_group":"Operating","energy_sources":"DFO","type":"Power plant","is_nuclear":false}},{"type":"Feature","geometry":{"type":"Point","coordinates":[-81.134,35.322]},"properties":{"key":"62669-7243ef3d","layer":"power","name":"Gaston Solar Power Plant","state":"NC","detail_file":"data/details/power-plants-23.json","plant_id":"62669","capacity_mw":25.0,"status_group":"Operating","energy_sources":"SUN","type":"Power plant","is_nuclear":false}},{"type":"Feature","geometry":{"type":"Point","coordinates":[-81.209,35.302]},"properties":{"key":"56954-eced2d16","layer":"power","name":"Gastonia Prime Power Park","state":"NC","detail_file":"data/details/power-plants-34.json","plant_id":"56954","capacity_mw":11.8,"status_group":"Operating","energy_sources":"DFO","type":"Power plant","is_nuclear":false}},{"type":"Feature","geometry":{"type":"Point","coordinates":[-81.189,35.229]},"properties":{"key":"60359-16f6bef5","layer":"power","name":"Gastonia Solar Center","state":"NC","detail_file":"data/details/power-plants-09.json","plant_id":"60359","capacity_mw":4.3,"status_group":"Operating","energy_sources":"SUN","type":"Power plant","is_nuclear":false}},{"type":"Feature","geometry":{"type":"Point","coordinates":[-81.205,35.289]},"properties":{"key":"56262-4e141b0c","layer":"power","name":"Gastonia, Tulip Drive","state":"NC","detail_file":"data/details/power-plants-52.json","plant_id":"56262","capacity_mw":5.4,"status_group":"Operating","energy_sources":"DFO","type":"Power plant","is_nuclear":false}},{"type":"Feature","geometry":{"type":"Point","coordinates":[-80.013,35.199]},"properties":{"key":"65505-2eb30c48","layer":"power","name":"Gilead","state":"NC","detail_file":"data/details/power-plants-42.json","plant_id":"65505","capacity_mw":3.5,"status_group":"Operating","energy_sources":"SUN","type":"Power plant","is_nuclear":false}},{"type":"Feature","geometry":{"type":"Point","coordinates":[-81.393,35.781]},"properties":{"key":"56549-6dc369b5","layer":"power","name":"Granite Falls Walmart","state":"NC","detail_file":"data/details/power-plants-13.json","plant_id":"56549","capacity_mw":2.2,"status_group":"Operating","energy_sources":"DFO","type":"Power plant","is_nuclear":false}},{"type":"Feature","geometry":{"type":"Point","coordinates":[-81.235,35.526]},"properties":{"key":"58332-aae84709","layer":"power","name":"Haynes Farm","state":"NC","detail_file":"data/details/power-plants-32.json","plant_id":"58332","capacity_mw":5.0,"status_group":"Operating","energy_sources":"SUN","type":"Power plant","is_nuclear":false}},{"type":"Feature","geometry":{"type":"Point","coordinates":[-80.16,35.624]},"properties":{"key":"66382-300cb4cf","layer":"power","name":"Healing Springs Solar, LLC","state":"NC","detail_file":"data/details/power-plants-44.json","plant_id":"66382","capacity_mw":55.0,"status_group":"Under construction","energy_sources":"SUN","type":"Power plant","is_nuclear":false}},{"type":"Feature","geometry":{"type":"Point","coordinates":[-80.234,35.601]},"properties":{"key":"54896-cb6d7f52","layer":"power","name":"High Rock Hydro","state":"NC","detail_file":"data/details/power-plants-15.json","plant_id":"54896","capacity_mw":33.0,"status_group":"Operating","energy_sources":"WAT","type":"Power plant","is_nuclear":false}},{"type":"Feature","geometry":{"type":"Point","coordinates":[-81.201,35.394]},"properties":{"key":"10550-16794d29","layer":"power","name":"High Shoals Hydro (NC)","state":"NC","detail_file":"data/details/power-plants-57.json","plant_id":"10550","capacity_mw":1.8,"status_group":"Operating","energy_sources":"WAT","type":"Power plant","is_nuclear":false}},{"type":"Feature","geometry":{"type":"Point","coordinates":[-81.219,35.396]},"properties":{"key":"59997-ce319228","layer":"power","name":"High Shoals PV1","state":"NC","detail_file":"data/details/power-plants-17.json","plant_id":"59997","capacity_mw":16.0,"status_group":"Operating","energy_sources":"SUN","type":"Power plant","is_nuclear":false}},{"type":"Feature","geometry":{"type":"Point","coordinates":[-81.029,35.387]},"properties":{"key":"64167-97d452f0","layer":"power","name":"Hornet Solar","state":"NC","detail_file":"data/details/power-plants-03.json","plant_id":"64167","capacity_mw":73.0,"status_group":"Under construction","energy_sources":"SUN","type":"Power plant","is_nuclear":false}},{"type":"Feature","geometry":{"type":"Point","coordinates":[-82.825,35.891]},"properties":{"key":"64640-96c630b8","layer":"power","name":"Hot Springs Energy Storage & Microgrid","state":"NC","detail_file":"data/details/power-plants-17.json","plant_id":"64640","capacity_mw":6.3,"status_group":"Operating","energy_sources":"MWH; SUN","type":"Power plant","is_nuclear":false}},{"type":"Feature","geometry":{"type":"Point","coordinates":[-80.543,35.226]},"properties":{"key":"60312-2dbecb21","layer":"power","name":"Howell Midland Farm, LLC","state":"NC","detail_file":"data/details/power-plants-32.json","plant_id":"60312","capacity_mw":4.9,"status_group":"Operating","energy_sources":"SUN","type":"Power plant","is_nuclear":false}},{"type":"Feature","geometry":{"type":"Point","coordinates":[-80.833,35.383]},"properties":{"key":"56550-e253f725","layer":"power","name":"Huntersville Delivery No 2","state":"NC","detail_file":"data/details/power-plants-61.json","plant_id":"56550","capacity_mw":2.2,"status_group":"Operating","energy_sources":"DFO","type":"Power plant","is_nuclear":false}},{"type":"Feature","geometry":{"type":"Point","coordinates":[-81.516,35.261]},"properties":{"key":"59564-c42ab247","layer":"power","name":"Hutchinson Farm","state":"NC","detail_file":"data/details/power-plants-59.json","plant_id":"59564","capacity_mw":5.0,"status_group":"Operating","energy_sources":"SUN","type":"Power plant","is_nuclear":false}},{"type":"Feature","geometry":{"type":"Point","coordinates":[-82.89,35.474]},"properties":{"key":"60050-baaf858e","layer":"power","name":"Innovative Solar 10","state":"NC","detail_file":"data/details/power-plants-52.json","plant_id":"60050","capacity_mw":1.5,"status_group":"Operating","energy_sources":"SUN","type":"Power plant","is_nuclear":false}},{"type":"Feature","geometry":{"type":"Point","coordinates":[-82.358,35.369]},"properties":{"key":"59553-adcdbb34","layer":"power","name":"Innovative Solar 14, LLC","state":"NC","detail_file":"data/details/power-plants-30.json","plant_id":"59553","capacity_mw":2.0,"status_group":"Operating","energy_sources":"SUN","type":"Power plant","is_nuclear":false}},{"type":"Feature","geometry":{"type":"Point","coordinates":[-81.764,35.319]},"properties":{"key":"59554-ecc076fd","layer":"power","name":"Innovative Solar 15, LLC","state":"NC","detail_file":"data/details/power-plants-04.json","plant_id":"59554","capacity_mw":2.0,"status_group":"Operating","energy_sources":"SUN","type":"Power plant","is_nuclear":false}},{"type":"Feature","geometry":{"type":"Point","coordinates":[-82.35,35.364]},"properties":{"key":"60055-8fc27890","layer":"power","name":"Innovative Solar 16","state":"NC","detail_file":"data/details/power-plants-51.json","plant_id":"60055","capacity_mw":2.0,"status_group":"Operating","energy_sources":"SUN","type":"Power plant","is_nuclear":false}},{"type":"Feature","geometry":{"type":"Point","coordinates":[-81.795,35.378]},"properties":{"key":"60051-57d2c6c4","layer":"power","name":"Innovative Solar 18, LLC","state":"NC","detail_file":"data/details/power-plants-28.json","plant_id":"60051","capacity_mw":1.9,"status_group":"Operating","energy_sources":"SUN","type":"Power plant","is_nuclear":false}},{"type":"Feature","geometry":{"type":"Point","coordinates":[-81.419,35.26]},"properties":{"key":"59670-d900a71e","layer":"power","name":"Innovative Solar 23","state":"NC","detail_file":"data/details/power-plants-46.json","plant_id":"59670","capacity_mw":1.9,"status_group":"Operating","energy_sources":"SUN","type":"Power plant","is_nuclear":false}},{"type":"Feature","geometry":{"type":"Point","coordinates":[-81.413,35.71]},"properties":{"key":"60052-1a4d96cb","layer":"power","name":"Innovative Solar 26, LLC","state":"NC","detail_file":"data/details/power-plants-62.json","plant_id":"60052","capacity_mw":1.9,"status_group":"Operating","energy_sources":"SUN","type":"Power plant","is_nuclear":false}},{"type":"Feature","geometry":{"type":"Point","coordinates":[-82.71,35.657]},"properties":{"key":"59542-c7eb5d20","layer":"power","name":"Innovative Solar 6","state":"NC","detail_file":"data/details/power-plants-07.json","plant_id":"59542","capacity_mw":3.6,"status_group":"Operating","energy_sources":"SUN","type":"Power plant","is_nuclear":false}},{"type":"Feature","geometry":{"type":"Point","coordinates":[-80.826,35.769]},"properties":{"key":"56962-705aeaa1","layer":"power","name":"Iredell County LFG Facility","state":"NC","detail_file":"data/details/power-plants-54.json","plant_id":"56962","capacity_mw":3.2,"status_group":"Operating","energy_sources":"LFG","type":"Power plant","is_nuclear":false}},{"type":"Feature","geometry":{"type":"Point","coordinates":[-82.618,35.772]},"properties":{"key":"50890-d97d7a5e","layer":"power","name":"Ivy River Hydro","state":"NC","detail_file":"data/details/power-plants-59.json","plant_id":"50890","capacity_mw":1.2,"status_group":"Operating","energy_sources":"WAT","type":"Power plant","is_nuclear":false}},{"type":"Feature","geometry":{"type":"Point","coordinates":[-81.759,35.22]},"properties":{"key":"2721-cde35a27","layer":"power","name":"James E. Rogers Energy Complex","state":"NC","detail_file":"data/details/power-plants-50.json","plant_id":"2721","capacity_mw":1530.5,"status_group":"Operating","energy_sources":"BIT","type":"Power plant","is_nuclear":false}},{"type":"Feature","geometry":{"type":"Point","coordinates":[-81.363,35.203]},"properties":{"key":"59325-8ce248cb","layer":"power","name":"Kings Mountain Energy Center","state":"NC","detail_file":"data/details/power-plants-07.json","plant_id":"59325","capacity_mw":543.9,"status_group":"Operating","energy_sources":"NG","type":"Power plant","is_nuclear":false}},{"type":"Feature","geometry":{"type":"Point","coordinates":[-81.564,35.232]},"properties":{"key":"60105-e3ae366d","layer":"power","name":"Lafayette Solar I, LLC","state":"NC","detail_file":"data/details/power-plants-44.json","plant_id":"60105","capacity_mw":2.0,"status_group":"Operating","energy_sources":"SUN","type":"Power plant","is_nuclear":false}},{"type":"Feature","geometry":{"type":"Point","coordinates":[-82.184,35.426]},"properties":{"key":"2773-e3a98f35","layer":"power","name":"Lake Lure","state":"NC","detail_file":"data/details/power-plants-13.json","plant_id":"2773","capacity_mw":3.6,"status_group":"Operating","energy_sources":"WAT","type":"Power plant","is_nuclear":false}},{"type":"Feature","geometry":{"type":"Point","coordinates":[-80.612,35.542]},"properties":{"key":"56551-78f14303","layer":"power","name":"Landis Delivery No 2","state":"NC","detail_file":"data/details/power-plants-01.json","plant_id":"56551","capacity_mw":2.2,"status_group":"Operating","energy_sources":"DFO","type":"Power plant","is_nuclear":false}},{"type":"Feature","geometry":{"type":"Point","coordinates":[-80.259,35.774]},"properties":{"key":"56261-8c9f6018","layer":"power","name":"Lexington","state":"NC","detail_file":"data/details/power-plants-33.json","plant_id":"56261","capacity_mw":3.6,"status_group":"Operating","energy_sources":"DFO","type":"Power plant","is_nuclear":false}},{"type":"Feature","geometry":{"type":"Point","coordinates":[-80.242,35.831]},"properties":{"key":"56067-14b04177","layer":"power","name":"Lexington Health Center","state":"NC","detail_file":"data/details/power-plants-49.json","plant_id":"56067","capacity_mw":1.8,"status_group":"Operating","energy_sources":"DFO","type":"Power plant","is_nuclear":false}},{"type":"Feature","geometry":{"type":"Point","coordinates":[-81.035,35.432]},"properties":{"key":"7277-41f31085","layer":"power","name":"Lincoln Combustion","state":"NC","detail_file":"data/details/power-plants-55.json","plant_id":"7277","capacity_mw":2290.0,"status_group":"Operating","energy_sources":"NG","type":"Power plant","is_nuclear":false}},{"type":"Feature","geometry":{"type":"Point","coordinates":[-81.818,35.38]},"properties":{"key":"60399-79a9190d","layer":"power","name":"Lincoln Solar, LLC (NC)","state":"NC","detail_file":"data/details/power-plants-08.json","plant_id":"60399","capacity_mw":4.9,"status_group":"Operating","energy_sources":"SUN","type":"Power plant","is_nuclear":false}},{"type":"Feature","geometry":{"type":"Point","coordinates":[-81.262,35.477]},"properties":{"key":"56341-ca137eb1","layer":"power","name":"Lincolnton High School","state":"NC","detail_file":"data/details/power-plants-63.json","plant_id":"56341","capacity_mw":1.8,"status_group":"Operating","energy_sources":"DFO","type":"Power plant","is_nuclear":false}},{"type":"Feature","geometry":{"type":"Point","coordinates":[-81.141,35.312]},"properties":{"key":"57630-782998ca","layer":"power","name":"Long Creek Waste Water Plant","state":"NC","detail_file":"data/details/power-plants-48.json","plant_id":"57630","capacity_mw":5.1,"status_group":"Operating","energy_sources":"DFO","type":"Power plant","is_nuclear":false}},{"type":"Feature","geometry":{"type":"Point","coordinates":[-80.458,35.98]},"properties":{"key":"66352-fa157fba","layer":"power","name":"Longleaf Pine Solar LLC","state":"NC","detail_file":"data/details/power-plants-16.json","plant_id":"66352","capacity_mw":5.0,"status_group":"Operating","energy_sources":"SUN","type":"Power plant","is_nuclear":false}},{"type":"Feature","geometry":{"type":"Point","coordinates":[-81.089,35.758]},"properties":{"key":"2726-a0743e2d","layer":"power","name":"Lookout Shoals","state":"NC","detail_file":"data/details/power-plants-15.json","plant_id":"2726","capacity_mw":25.8,"status_group":"Operating","energy_sources":"WAT","type":"Power plant","is_nuclear":false}},{"type":"Feature","geometry":{"type":"Point","coordinates":[-81.429,35.241]},"properties":{"key":"61284-861db686","layer":"power","name":"Lux Solar, LLC","state":"NC","detail_file":"data/details/power-plants-13.json","plant_id":"61284","capacity_mw":2.0,"status_group":"Operating","energy_sources":"SUN","type":"Power plant","is_nuclear":false}},{"type":"Feature","geometry":{"type":"Point","coordinates":[-81.208,35.577]},"properties":{"key":"56342-f1d74c7a","layer":"power","name":"Maiden Community Center","state":"NC","detail_file":"data/details/power-plants-32.json","plant_id":"56342","capacity_mw":1.8,"status_group":"Operating","energy_sources":"DFO","type":"Power plant","is_nuclear":false}},{"type":"Feature","geometry":{"type":"Point","coordinates":[-81.187,35.614]},"properties":{"key":"69194-d9f76c07","layer":"power","name":"Maiden Creek Battery","state":"NC","detail_file":"data/details/power-plants-54.json","plant_id":"69194","capacity_mw":50.0,"status_group":"Under construction","energy_sources":"MWH","type":"Power plant","is_nuclear":false}},{"type":"Feature","geometry":{"type":"Point","coordinates":[-81.167,35.593]},"properties":{"key":"62668-e460e26a","layer":"power","name":"Maiden Creek Solar Power Plant","state":"NC","detail_file":"data/details/power-plants-26.json","plant_id":"62668","capacity_mw":69.3,"status_group":"Operating","energy_sources":"SUN","type":"Power plant","is_nuclear":false}},{"type":"Feature","geometry":{"type":"Point","coordinates":[-81.087,35.374]},"properties":{"key":"59162-22bb1958","layer":"power","name":"Mariposa Solar Center LLC","state":"NC","detail_file":"data/details/power-plants-37.json","plant_id":"59162","capacity_mw":5.0,"status_group":"Operating","energy_sources":"SUN","type":"Power plant","is_nuclear":false}},{"type":"Feature","geometry":{"type":"Point","coordinates":[-80.966,35.597]},"properties":{"key":"2727-94ace1df","layer":"power","name":"Marshall (NC)","state":"NC","detail_file":"data/details/power-plants-03.json","plant_id":"2727","capacity_mw":2119.0,"status_group":"Operating","energy_sources":"BIT; NG","type":"Power plant","is_nuclear":false}},{"type":"Feature","geometry":{"type":"Point","coordinates":[-82.711,35.703]},"properties":{"key":"2710-54016c3b","layer":"power","name":"Marshall Dam","state":"NC","detail_file":"data/details/power-plants-51.json","plant_id":"2710","capacity_mw":5.0,"status_group":"Operating","energy_sources":"WAT","type":"Power plant","is_nuclear":false}},{"type":"Feature","geometry":{"type":"Point","coordinates":[-80.384,34.989]},"properties":{"key":"58335-0f2658b9","layer":"power","name":"Marshville Farm","state":"NC","detail_file":"data/details/power-plants-37.json","plant_id":"58335","capacity_mw":5.0,"status_group":"Operating","energy_sources":"SUN","type":"Power plant","is_nuclear":false}},{"type":"Feature","geometry":{"type":"Point","coordinates":[-80.944,35.394]},"properties":{"key":"67857-fe1c24b3","layer":"power","name":"McDowell Creek Solar LLC","state":"NC","detail_file":"data/details/power-plants-17.json","plant_id":"67857","capacity_mw":2.0,"status_group":"Under construction","energy_sources":"SUN","type":"Power plant","is_nuclear":false}},{"type":"Feature","geometry":{"type":"Point","coordinates":[-80.949,35.433]},"properties":{"key":"6038-e1b69143","layer":"power","name":"McGuire","state":"NC","detail_file":"data/details/power-plants-55.json","plant_id":"6038","capacity_mw":2440.6,"status_group":"Operating","energy_sources":"NUC","type":"Nuclear power plant","is_nuclear":true}},{"type":"Feature","geometry":{"type":"Point","coordinates":[-80.386,35.555]},"properties":{"key":"59936-7b6799d4","layer":"power","name":"Meadowbrook Solar Farm","state":"NC","detail_file":"data/details/power-plants-40.json","plant_id":"59936","capacity_mw":5.0,"status_group":"Operating","energy_sources":"SUN","type":"Power plant","is_nuclear":false}},{"type":"Feature","geometry":{"type":"Point","coordinates":[-82.599,35.65]},"properties":{"key":"10181-d4cf6089","layer":"power","name":"Metropolitan Sewerage District","state":"NC","detail_file":"data/details/power-plants-37.json","plant_id":"10181","capacity_mw":2.4,"status_group":"Operating","energy_sources":"WAT","type":"Power plant","is_nuclear":false}},{"type":"Feature","geometry":{"type":"Point","coordinates":[-80.294,35.469]},"properties":{"key":"59577-dbd770fa","layer":"power","name":"Misenheimer Farm","state":"NC","detail_file":"data/details/power-plants-42.json","plant_id":"59577","capacity_mw":5.0,"status_group":"Operating","energy_sources":"SUN","type":"Power plant","is_nuclear":false}},{"type":"Feature","geometry":{"type":"Point","coordinates":[-80.3,35.478]},"properties":{"key":"66237-6947294b","layer":"power","name":"Misenheimer Solar LLC","state":"NC","detail_file":"data/details/power-plants-19.json","plant_id":"66237","capacity_mw":74.4,"status_group":"Operating","energy_sources":"SUN","type":"Power plant","is_nuclear":false}},{"type":"Feature","geometry":{"type":"Point","coordinates":[-83.926,35.065]},"properties":{"key":"2746-eeb231f0","layer":"power","name":"Mission","state":"NC","detail_file":"data/details/power-plants-00.json","plant_id":"2746","capacity_mw":1.8,"status_group":"Operating","energy_sources":"WAT","type":"Power plant","is_nuclear":false}},{"type":"Feature","geometry":{"type":"Point","coordinates":[-80.542,35.879]},"properties":{"key":"58313-2b7dba55","layer":"power","name":"Mocksville Farm","state":"NC","detail_file":"data/details/power-plants-47.json","plant_id":"58313","capacity_mw":5.0,"status_group":"Operating","energy_sources":"SUN","type":"Power plant","is_nuclear":false}},{"type":"Feature","geometry":{"type":"Point","coordinates":[-80.574,35.834]},"properties":{"key":"59570-0254567d","layer":"power","name":"Mocksville Solar","state":"NC","detail_file":"data/details/power-plants-51.json","plant_id":"59570","capacity_mw":15.4,"status_group":"Operating","energy_sources":"SUN","type":"Power plant","is_nuclear":false}},{"type":"Feature","geometry":{"type":"Point","coordinates":[-80.506,34.986]},"properties":{"key":"57505-4d61d6ce","layer":"power","name":"Monroe Generating Station","state":"NC","detail_file":"data/details/power-plants-24.json","plant_id":"57505","capacity_mw":30.0,"status_group":"Operating","energy_sources":"NG","type":"Power plant","is_nuclear":false}},{"type":"Feature","geometry":{"type":"Point","coordinates":[-80.54,34.973]},"properties":{"key":"56343-0707577c","layer":"power","name":"Monroe Middle School","state":"NC","detail_file":"data/details/power-plants-37.json","plant_id":"56343","capacity_mw":1.8,"status_group":"Operating","energy_sources":"DFO","type":"Power plant","is_nuclear":false}},{"type":"Feature","geometry":{"type":"Point","coordinates":[-80.602,34.972]},"properties":{"key":"59578-f89a3210","layer":"power","name":"Monroe Moore Farm","state":"NC","detail_file":"data/details/power-plants-12.json","plant_id":"59578","capacity_mw":5.0,"status_group":"Operating","energy_sources":"SUN","type":"Power plant","is_nuclear":false}},{"type":"Feature","geometry":{"type":"Point","coordinates":[-80.626,34.93]},"properties":{"key":"60383-8251b77c","layer":"power","name":"Monroe Solar Facility","state":"NC","detail_file":"data/details/power-plants-36.json","plant_id":"60383","capacity_mw":54.6,"status_group":"Operating","energy_sources":"SUN","type":"Power plant","is_nuclear":false}},{"type":"Feature","geometry":{"type":"Point","coordinates":[-81.748,35.729]},"properties":{"key":"56344-9ecf7b1b","layer":"power","name":"Morganton Station 5","state":"NC","detail_file":"data/details/power-plants-45.json","plant_id":"56344","capacity_mw":1.8,"status_group":"Operating","energy_sources":"DFO","type":"Power plant","is_nuclear":false}},{"type":"Feature","geometry":{"type":"Point","coordinates":[-81.662,35.721]},"properties":{"key":"56064-7365df6a","layer":"power","name":"Morganton, Parker Road","state":"NC","detail_file":"data/details/power-plants-56.json","plant_id":"56064","capacity_mw":1.8,"status_group":"Operating","energy_sources":"DFO","type":"Power plant","is_nuclear":false}},{"type":"Feature","geometry":{"type":"Point","coordinates":[-80.987,35.334]},"properties":{"key":"2728-dcb42a32","layer":"power","name":"Mountain Island","state":"NC","detail_file":"data/details/power-plants-13.json","plant_id":"2728","capacity_mw":60.0,"status_group":"Operating","energy_sources":"WAT","type":"Power plant","is_nuclear":false}},{"type":"Feature","geometry":{"type":"Point","coordinates":[-80.498,35.292]},"properties":{"key":"61610-1cb26d63","layer":"power","name":"NC 102 Project LLC","state":"NC","detail_file":"data/details/power-plants-43.json","plant_id":"61610","capacity_mw":74.8,"status_group":"Operating","energy_sources":"SUN","type":"Power plant","is_nuclear":false}},{"type":"Feature","geometry":{"type":"Point","coordinates":[-83.676,35.272]},"properties":{"key":"2747-7398b706","layer":"power","name":"Nantahala","state":"NC","detail_file":"data/details/power-plants-57.json","plant_id":"2747","capacity_mw":43.2,"status_group":"Operating","energy_sources":"WAT","type":"Power plant","is_nuclear":false}},{"type":"Feature","geometry":{"type":"Point","coordinates":[-80.092,35.419]},"properties":{"key":"54894-424d6e41","layer":"power","name":"Narrows (NC)","state":"NC","detail_file":"data/details/power-plants-37.json","plant_id":"54894","capacity_mw":108.8,"status_group":"Operating","energy_sources":"WAT","type":"Power plant","is_nuclear":false}},{"type":"Feature","geometry":{"type":"Point","coordinates":[-81.851,35.792]},"properties":{"key":"69196-42940530","layer":"power","name":"Nebo Energy Storage","state":"NC","detail_file":"data/details/power-plants-06.json","plant_id":"69196","capacity_mw":2.7,"status_group":"Under construction","energy_sources":"MWH","type":"Power plant","is_nuclear":false}},{"type":"Feature","geometry":{"type":"Point","coordinates":[-81.569,35.29]},"properties":{"key":"60072-6b85607e","layer":"power","name":"Neisler Street Solar","state":"NC","detail_file":"data/details/power-plants-21.json","plant_id":"60072","capacity_mw":2.0,"status_group":"Operating","energy_sources":"SUN","type":"Power plant","is_nuclear":false}},{"type":"Feature","geometry":{"type":"Point","coordinates":[-81.812,35.298]},"properties":{"key":"61534-2e5833c6","layer":"power","name":"Old Caroleen Solar Farm","state":"NC","detail_file":"data/details/power-plants-26.json","plant_id":"61534","capacity_mw":2.0,"status_group":"Operating","energy_sources":"SUN","type":"Power plant","is_nuclear":false}},{"type":"Feature","geometry":{"type":"Point","coordinates":[-81.134,35.712]},"properties":{"key":"59519-29e99556","layer":"power","name":"Old Catawba PV 1","state":"NC","detail_file":"data/details/power-plants-41.json","plant_id":"59519","capacity_mw":3.5,"status_group":"Operating","energy_sources":"SUN","type":"Power plant","is_nuclear":false}},{"type":"Feature","geometry":{"type":"Point","coordinates":[-80.482,34.952]},"properties":{"key":"60600-0737f738","layer":"power","name":"Old Pageland Monroe Road Solar Farm","state":"NC","detail_file":"data/details/power-plants-51.json","plant_id":"60600","capacity_mw":5.3,"status_group":"Operating","energy_sources":"SUN","type":"Power plant","is_nuclear":false}},{"type":"Feature","geometry":{"type":"Point","coordinates":[-80.812,35.263]},"properties":{"key":"58638-65076a99","layer":"power","name":"Orbit Energy Charlotte","state":"NC","detail_file":"data/details/power-plants-47.json","plant_id":"58638","capacity_mw":5.2,"status_group":"Operating","energy_sources":"OBG","type":"Power plant","is_nuclear":false}},{"type":"Feature","geometry":{"type":"Point","coordinates":[-80.451,35.526]},"properties":{"key":"60284-c295c470","layer":"power","name":"Organ Church Solar","state":"NC","detail_file":"data/details/power-plants-34.json","plant_id":"60284","capacity_mw":5.0,"status_group":"Operating","energy_sources":"SUN","type":"Power plant","is_nuclear":false}},{"type":"Feature","geometry":{"type":"Point","coordinates":[-81.315,35.586]},"properties":{"key":"58742-cfed4a30","layer":"power","name":"Owen Solar","state":"NC","detail_file":"data/details/power-plants-56.json","plant_id":"58742","capacity_mw":5.0,"status_group":"Operating","energy_sources":"SUN","type":"Power plant","is_nuclear":false}},{"type":"Feature","geometry":{"type":"Point","coordinates":[-81.192,35.821]},"properties":{"key":"2729-81361a43","layer":"power","name":"Oxford Dam","state":"NC","detail_file":"data/details/power-plants-05.json","plant_id":"2729","capacity_mw":36.0,"status_group":"Operating","energy_sources":"WAT","type":"Power plant","is_nuclear":false}},{"type":"Feature","geometry":{"type":"Point","coordinates":[-80.633,34.892]},"properties":{"key":"69870-96b607a5","layer":"power","name":"Parkwood BESS","state":"NC","detail_file":"data/details/power-plants-21.json","plant_id":"69870","capacity_mw":11.6,"status_group":"Planned","energy_sources":"MWH","type":"Power plant","is_nuclear":false}},{"type":"Feature","geometry":{"type":"Point","coordinates":[-80.544,35.986]},"properties":{"key":"65426-e375f714","layer":"power","name":"Perendale Holdings, LLC","state":"NC","detail_file":"data/details/power-plants-35.json","plant_id":"65426","capacity_mw":7.5,"status_group":"Operating","energy_sources":"SUN","type":"Power plant","is_nuclear":false}},{"type":"Feature","geometry":{"type":"Point","coordinates":[-80.882,35.077]},"properties":{"key":"56345-49125499","layer":"power","name":"Pineville Delivery 2","state":"NC","detail_file":"data/details/power-plants-48.json","plant_id":"56345","capacity_mw":1.8,"status_group":"Operating","energy_sources":"DFO","type":"Power plant","is_nuclear":false}},{"type":"Feature","geometry":{"type":"Point","coordinates":[-83.676,35.271]},"properties":{"key":"6438-cc907788","layer":"power","name":"Queens Creek","state":"NC","detail_file":"data/details/power-plants-45.json","plant_id":"6438","capacity_mw":1.4,"status_group":"Operating","energy_sources":"WAT","type":"Power plant","is_nuclear":false}},{"type":"Feature","geometry":{"type":"Point","coordinates":[-80.376,35.933]},"properties":{"key":"63017-4c92733a","layer":"power","name":"Ray Wilson Solar","state":"NC","detail_file":"data/details/power-plants-14.json","plant_id":"63017","capacity_mw":5.0,"status_group":"Operating","energy_sources":"SUN","type":"Power plant","is_nuclear":false}},{"type":"Feature","geometry":{"type":"Point","coordinates":[-80.666,35.711]},"properties":{"key":"59114-c0844bc7","layer":"power","name":"Redmon Solar Farm LLC","state":"NC","detail_file":"data/details/power-plants-08.json","plant_id":"59114","capacity_mw":2.0,"status_group":"Operating","energy_sources":"SUN","type":"Power plant","is_nuclear":false}},{"type":"Feature","geometry":{"type":"Point","coordinates":[-80.999,35.294]},"properties":{"key":"58865-123c786c","layer":"power","name":"Reventure Park","state":"NC","detail_file":"data/details/power-plants-02.json","plant_id":"58865","capacity_mw":3.5,"status_group":"Operating","energy_sources":"LFG","type":"Power plant","is_nuclear":false}},{"type":"Feature","geometry":{"type":"Point","coordinates":[-81.438,35.774]},"properties":{"key":"2730-b048bf7e","layer":"power","name":"Rhodhiss","state":"NC","detail_file":"data/details/power-plants-14.json","plant_id":"2730","capacity_mw":25.5,"status_group":"Operating","energy_sources":"WAT","type":"Power plant","is_nuclear":false}},{"type":"Feature","geometry":{"type":"Point","coordinates":[-80.475,35.542]},"properties":{"key":"58668-725eb7c2","layer":"power","name":"Rockwell Solar LLC","state":"NC","detail_file":"data/details/power-plants-33.json","plant_id":"58668","capacity_mw":3.5,"status_group":"Operating","energy_sources":"SUN","type":"Power plant","is_nuclear":false}},{"type":"Feature","geometry":{"type":"Point","coordinates":[-81.441,35.187]},"properties":{"key":"60761-785fd4bc","layer":"power","name":"Roper Farm, LLC","state":"NC","detail_file":"data/details/power-plants-11.json","plant_id":"60761","capacity_mw":5.0,"status_group":"Operating","energy_sources":"SUN","type":"Power plant","is_nuclear":false}},{"type":"Feature","geometry":{"type":"Point","coordinates":[-80.602,35.731]},"properties":{"key":"7826-5b4e0f46","layer":"power","name":"Rowan","state":"NC","detail_file":"data/details/power-plants-37.json","plant_id":"7826","capacity_mw":1192.0,"status_group":"Operating","energy_sources":"NG","type":"Power plant","is_nuclear":false}},{"type":"Feature","geometry":{"type":"Point","coordinates":[-81.763,35.321]},"properties":{"key":"62594-2b866d48","layer":"power","name":"Ruff Solar LLC","state":"NC","detail_file":"data/details/power-plants-34.json","plant_id":"62594","capacity_mw":22.0,"status_group":"Operating","energy_sources":"SUN","type":"Power plant","is_nuclear":false}},{"type":"Feature","geometry":{"type":"Point","coordinates":[-81.831,35.258]},"properties":{"key":"59589-48717a98","layer":"power","name":"Rutherford Farm","state":"NC","detail_file":"data/details/power-plants-53.json","plant_id":"59589","capacity_mw":74.8,"status_group":"Operating","energy_sources":"SUN","type":"Power plant","is_nuclear":false}},{"type":"Feature","geometry":{"type":"Point","coordinates":[-81.506,35.259]},"properties":{"key":"60108-13a6bab4","layer":"power","name":"SID Solar I, LLC","state":"NC","detail_file":"data/details/power-plants-15.json","plant_id":"60108","capacity_mw":5.0,"status_group":"Operating","energy_sources":"SUN","type":"Power plant","is_nuclear":false}},{"type":"Feature","geometry":{"type":"Point","coordinates":[-80.423,35.633]},"properties":{"key":"61128-972ba0ed","layer":"power","name":"Salisbury Solar","state":"NC","detail_file":"data/details/power-plants-62.json","plant_id":"61128","capacity_mw":3.8,"status_group":"Operating","energy_sources":"SUN","type":"Power plant","is_nuclear":false}},{"type":"Feature","geometry":{"type":"Point","coordinates":[-83.864,35.447]},"properties":{"key":"54898-3b58f9b6","layer":"power","name":"Santeetlah","state":"NC","detail_file":"data/details/power-plants-17.json","plant_id":"54898","capacity_mw":45.0,"status_group":"Operating","energy_sources":"WAT","type":"Power plant","is_nuclear":false}},{"type":"Feature","geometry":{"type":"Point","coordinates":[-80.652,35.556]},"properties":{"key":"66722-e9ce0035","layer":"power","name":"Saw Solar","state":"NC","detail_file":"data/details/power-plants-04.json","plant_id":"66722","capacity_mw":5.0,"status_group":"Operating","energy_sources":"SUN","type":"Power plant","is_nuclear":false}},{"type":"Feature","geometry":{"type":"Point","coordinates":[-82.376,35.38]},"properties":{"key":"66723-6c2eab26","layer":"power","name":"Sawtell Solar","state":"NC","detail_file":"data/details/power-plants-28.json","plant_id":"66723","capacity_mw":3.0,"status_group":"Operating","energy_sources":"SUN","type":"Power plant","is_nuclear":false}},{"type":"Feature","geometry":{"type":"Point","coordinates":[-81.588,35.309]},"properties":{"key":"60101-8da0d878","layer":"power","name":"Shelby Randolph Road Solar 1, LLC","state":"NC","detail_file":"data/details/power-plants-29.json","plant_id":"60101","capacity_mw":2.0,"status_group":"Operating","energy_sources":"SUN","type":"Power plant","is_nuclear":false}},{"type":"Feature","geometry":{"type":"Point","coordinates":[-81.596,35.254]},"properties":{"key":"57200-2c9fd8a1","layer":"power","name":"Shelby Solar Energy Generation Facility","state":"NC","detail_file":"data/details/power-plants-06.json","plant_id":"57200","capacity_mw":0.9,"status_group":"Operating","energy_sources":"SUN","type":"Power plant","is_nuclear":false}},{"type":"Feature","geometry":{"type":"Point","coordinates":[-81.629,35.326]},"properties":{"key":"54363-262e2406","layer":"power","name":"Shelby, NC","state":"NC","detail_file":"data/details/power-plants-57.json","plant_id":"54363","capacity_mw":4.2,"status_group":"Operating","energy_sources":"DFO","type":"Power plant","is_nuclear":false}},{"type":"Feature","geometry":{"type":"Point","coordinates":[-81.522,35.304]},"properties":{"key":"56063-f4e9fa3e","layer":"power","name":"Shelby, Toms Street","state":"NC","detail_file":"data/details/power-plants-54.json","plant_id":"56063","capacity_mw":1.8,"status_group":"Operating","energy_sources":"DFO","type":"Power plant","is_nuclear":false}},{"type":"Feature","geometry":{"type":"Point","coordinates":[-81.243,35.612]},"properties":{"key":"58861-d75e8277","layer":"power","name":"Sigmon Catawba Farm","state":"NC","detail_file":"data/details/power-plants-03.json","plant_id":"58861","capacity_mw":5.0,"status_group":"Operating","energy_sources":"SUN","type":"Power plant","is_nuclear":false}},{"type":"Feature","geometry":{"type":"Point","coordinates":[-81.184,35.657]},"properties":{"key":"58829-9b511fca","layer":"power","name":"Sonne Two","state":"NC","detail_file":"data/details/power-plants-61.json","plant_id":"58829","capacity_mw":5.0,"status_group":"Operating","energy_sources":"SUN","type":"Power plant","is_nuclear":false}},{"type":"Feature","geometry":{"type":"Point","coordinates":[-81.697,35.305]},"properties":{"key":"58745-13b351de","layer":"power","name":"Sophie Solar","state":"NC","detail_file":"data/details/power-plants-35.json","plant_id":"58745","capacity_mw":4.5,"status_group":"Operating","energy_sources":"SUN","type":"Power plant","is_nuclear":false}},{"type":"Feature","geometry":{"type":"Point","coordinates":[-80.108,35.618]},"properties":{"key":"67665-1efbf72d","layer":"power","name":"South Davidson","state":"NC","detail_file":"data/details/power-plants-10.json","plant_id":"67665","capacity_mw":80.0,"status_group":"Under construction","energy_sources":"SUN","type":"Power plant","is_nuclear":false}},{"type":"Feature","geometry":{"type":"Point","coordinates":[-80.536,35.218]},"properties":{"key":"62821-b6c1fadb","layer":"power","name":"Speedway Solar NC, LLC","state":"NC","detail_file":"data/details/power-plants-45.json","plant_id":"62821","capacity_mw":22.6,"status_group":"Operating","energy_sources":"SUN","type":"Power plant","is_nuclear":false}},{"type":"Feature","geometry":{"type":"Point","coordinates":[-80.408,35.713]},"properties":{"key":"61220-6994aaf6","layer":"power","name":"Spencer Farm, LLC","state":"NC","detail_file":"data/details/power-plants-48.json","plant_id":"61220","capacity_mw":5.0,"status_group":"Operating","energy_sources":"SUN","type":"Power plant","is_nuclear":false}},{"type":"Feature","geometry":{"type":"Point","coordinates":[-80.236,35.29]},"properties":{"key":"64702-4b93d3f8","layer":"power","name":"Stanly Solar, LLC","state":"NC","detail_file":"data/details/power-plants-30.json","plant_id":"64702","capacity_mw":50.0,"status_group":"Operating","energy_sources":"SUN","type":"Power plant","is_nuclear":false}},{"type":"Feature","geometry":{"type":"Point","coordinates":[-80.854,35.797]},"properties":{"key":"56552-892c8df7","layer":"power","name":"Statesville Delivery No 3","state":"NC","detail_file":"data/details/power-plants-01.json","plant_id":"56552","capacity_mw":2.2,"status_group":"Operating","energy_sources":"DFO","type":"Power plant","is_nuclear":false}},{"type":"Feature","geometry":{"type":"Point","coordinates":[-80.712,35.74]},"properties":{"key":"61535-4edca595","layer":"power","name":"Statesville Solar","state":"NC","detail_file":"data/details/power-plants-54.json","plant_id":"61535","capacity_mw":5.0,"status_group":"Operating","energy_sources":"SUN","type":"Power plant","is_nuclear":false}},{"type":"Feature","geometry":{"type":"Point","coordinates":[-80.943,35.798]},"properties":{"key":"56062-1c702b9f","layer":"power","name":"Statesville, Highway 64","state":"NC","detail_file":"data/details/power-plants-61.json","plant_id":"56062","capacity_mw":1.8,"status_group":"Operating","energy_sources":"DFO","type":"Power plant","is_nuclear":false}},{"type":"Feature","geometry":{"type":"Point","coordinates":[-81.106,35.902]},"properties":{"key":"59595-df00c843","layer":"power","name":"Stikeleather Farm","state":"NC","detail_file":"data/details/power-plants-12.json","plant_id":"59595","capacity_mw":5.0,"status_group":"Operating","energy_sources":"SUN","type":"Power plant","is_nuclear":false}},{"type":"Feature","geometry":{"type":"Point","coordinates":[-81.153,35.909]},"properties":{"key":"57402-e6075724","layer":"power","name":"Taylorsville Solar LLC","state":"NC","detail_file":"data/details/power-plants-16.json","plant_id":"57402","capacity_mw":1.0,"status_group":"Operating","energy_sources":"SUN","type":"Power plant","is_nuclear":false}},{"type":"Feature","geometry":{"type":"Point","coordinates":[-83.003,35.214]},"properties":{"key":"2749-53d69ab4","layer":"power","name":"Tennessee Creek","state":"NC","detail_file":"data/details/power-plants-44.json","plant_id":"2749","capacity_mw":10.8,"status_group":"Operating","energy_sources":"WAT","type":"Power plant","is_nuclear":false}},{"type":"Feature","geometry":{"type":"Point","coordinates":[-83.125,35.234]},"properties":{"key":"2750-e11dd5ed","layer":"power","name":"Thorpe","state":"NC","detail_file":"data/details/power-plants-56.json","plant_id":"2750","capacity_mw":21.6,"status_group":"Operating","energy_sources":"WAT","type":"Power plant","is_nuclear":false}},{"type":"Feature","geometry":{"type":"Point","coordinates":[-80.417,35.903]},"properties":{"key":"59217-d3211b07","layer":"power","name":"Tiburon Holdings","state":"NC","detail_file":"data/details/power-plants-28.json","plant_id":"59217","capacity_mw":5.0,"status_group":"Operating","energy_sources":"SUN","type":"Power plant","is_nuclear":false}},{"type":"Feature","geometry":{"type":"Point","coordinates":[-80.065,35.207]},"properties":{"key":"2714-03638053","layer":"power","name":"Tillery","state":"NC","detail_file":"data/details/power-plants-09.json","plant_id":"2714","capacity_mw":84.0,"status_group":"Operating","energy_sources":"WAT","type":"Power plant","is_nuclear":false}},{"type":"Feature","geometry":{"type":"Point","coordinates":[-80.775,35.735]},"properties":{"key":"61086-dac2f18e","layer":"power","name":"Tripple State Farm","state":"NC","detail_file":"data/details/power-plants-52.json","plant_id":"61086","capacity_mw":5.0,"status_group":"Operating","energy_sources":"SUN","type":"Power plant","is_nuclear":false}},{"type":"Feature","geometry":{"type":"Point","coordinates":[-83.128,35.247]},"properties":{"key":"2751-b5afbc03","layer":"power","name":"Tuckasegee","state":"NC","detail_file":"data/details/power-plants-26.json","plant_id":"2751","capacity_mw":3.0,"status_group":"Operating","energy_sources":"WAT","type":"Power plant","is_nuclear":false}},{"type":"Feature","geometry":{"type":"Point","coordinates":[-80.176,35.486]},"properties":{"key":"54897-69c4340c","layer":"power","name":"Tuckertown Hydro","state":"NC","detail_file":"data/details/power-plants-49.json","plant_id":"54897","capacity_mw":42.0,"status_group":"Operating","energy_sources":"WAT","type":"Power plant","is_nuclear":false}},{"type":"Feature","geometry":{"type":"Point","coordinates":[-82.186,35.335]},"properties":{"key":"2735-e9ba7d26","layer":"power","name":"Turner Shoals","state":"NC","detail_file":"data/details/power-plants-50.json","plant_id":"2735","capacity_mw":5.4,"status_group":"Operating","energy_sources":"WAT","type":"Power plant","is_nuclear":false}},{"type":"Feature","geometry":{"type":"Point","coordinates":[-82.389,35.245]},"properties":{"key":"2736-55531135","layer":"power","name":"Tuxedo","state":"NC","detail_file":"data/details/power-plants-57.json","plant_id":"2736","capacity_mw":5.0,"status_group":"Operating","energy_sources":"WAT","type":"Power plant","is_nuclear":false}},{"type":"Feature","geometry":{"type":"Point","coordinates":[-81.327,35.629]},"properties":{"key":"58348-2d5d93d0","layer":"power","name":"Two Lines Farm","state":"NC","detail_file":"data/details/power-plants-56.json","plant_id":"58348","capacity_mw":5.0,"status_group":"Operating","energy_sources":"SUN","type":"Power plant","is_nuclear":false}},{"type":"Feature","geometry":{"type":"Point","coordinates":[-81.177,35.879]},"properties":{"key":"63734-fbeaffc5","layer":"power","name":"Ventura Solar, LLC","state":"NC","detail_file":"data/details/power-plants-41.json","plant_id":"63734","capacity_mw":5.0,"status_group":"Operating","energy_sources":"SUN","type":"Power plant","is_nuclear":false}},{"type":"Feature","geometry":{"type":"Point","coordinates":[-80.418,35.401]},"properties":{"key":"60961-e26a0459","layer":"power","name":"Violet Solar","state":"NC","detail_file":"data/details/power-plants-52.json","plant_id":"60961","capacity_mw":5.0,"status_group":"Operating","energy_sources":"SUN","type":"Power plant","is_nuclear":false}},{"type":"Feature","geometry":{"type":"Point","coordinates":[-81.426,35.352]},"properties":{"key":"58863-bbdf0955","layer":"power","name":"Waco Farm","state":"NC","detail_file":"data/details/power-plants-18.json","plant_id":"58863","capacity_mw":5.0,"status_group":"Operating","energy_sources":"SUN","type":"Power plant","is_nuclear":false}},{"type":"Feature","geometry":{"type":"Point","coordinates":[-80.122,35.102]},"properties":{"key":"62627-5dfc025e","layer":"power","name":"Wadesboro 4","state":"NC","detail_file":"data/details/power-plants-30.json","plant_id":"62627","capacity_mw":2.2,"status_group":"Operating","energy_sources":"SUN","type":"Power plant","is_nuclear":false}},{"type":"Feature","geometry":{"type":"Point","coordinates":[-80.097,34.991]},"properties":{"key":"61087-d9294ddd","layer":"power","name":"Wadesboro Farm 1","state":"NC","detail_file":"data/details/power-plants-08.json","plant_id":"61087","capacity_mw":5.0,"status_group":"Operating","energy_sources":"SUN","type":"Power plant","is_nuclear":false}},{"type":"Feature","geometry":{"type":"Point","coordinates":[-80.093,35.023]},"properties":{"key":"60575-cb329cc2","layer":"power","name":"Wadesboro Farm 2","state":"NC","detail_file":"data/details/power-plants-62.json","plant_id":"60575","capacity_mw":5.0,"status_group":"Operating","energy_sources":"SUN","type":"Power plant","is_nuclear":false}},{"type":"Feature","geometry":{"type":"Point","coordinates":[-80.051,34.969]},"properties":{"key":"60576-d3216d53","layer":"power","name":"Wadesboro Farm 3","state":"NC","detail_file":"data/details/power-plants-16.json","plant_id":"60576","capacity_mw":5.0,"status_group":"Operating","energy_sources":"SUN","type":"Power plant","is_nuclear":false}},{"type":"Feature","geometry":{"type":"Point","coordinates":[-80.029,34.974]},"properties":{"key":"61129-c45c31e1","layer":"power","name":"Wadesboro Solar","state":"NC","detail_file":"data/details/power-plants-59.json","plant_id":"61129","capacity_mw":5.0,"status_group":"Operating","energy_sources":"SUN","type":"Power plant","is_nuclear":false}},{"type":"Feature","geometry":{"type":"Point","coordinates":[-83.05,35.695]},"properties":{"key":"2715-ec726cf3","layer":"power","name":"Walters","state":"NC","detail_file":"data/details/power-plants-47.json","plant_id":"2715","capacity_mw":108.0,"status_group":"Operating","energy_sources":"WAT","type":"Power plant","is_nuclear":false}},{"type":"Feature","geometry":{"type":"Point","coordinates":[-81.624,35.319]},"properties":{"key":"60393-024dd7a9","layer":"power","name":"Warbler Holdings","state":"NC","detail_file":"data/details/power-plants-00.json","plant_id":"60393","capacity_mw":4.0,"status_group":"Operating","energy_sources":"SUN","type":"Power plant","is_nuclear":false}},{"type":"Feature","geometry":{"type":"Point","coordinates":[-81.728,35.738]},"properties":{"key":"55534-b801d3d1","layer":"power","name":"Water Filter Plant #2","state":"NC","detail_file":"data/details/power-plants-55.json","plant_id":"55534","capacity_mw":1.8,"status_group":"Operating","energy_sources":"DFO","type":"Power plant","is_nuclear":false}},{"type":"Feature","geometry":{"type":"Point","coordinates":[-80.524,35.668]},"properties":{"key":"59111-703cf08b","layer":"power","name":"West Salisbury Farm LLC","state":"NC","detail_file":"data/details/power-plants-31.json","plant_id":"59111","capacity_mw":5.0,"status_group":"Operating","energy_sources":"SUN","type":"Power plant","is_nuclear":false}},{"type":"Feature","geometry":{"type":"Point","coordinates":[-81.919,35.452]},"properties":{"key":"63567-088000be","layer":"power","name":"Westminister NC","state":"NC","detail_file":"data/details/power-plants-05.json","plant_id":"63567","capacity_mw":60.0,"status_group":"Under construction","energy_sources":"SUN","type":"Power plant","is_nuclear":false}},{"type":"Feature","geometry":{"type":"Point","coordinates":[-80.111,35.94]},"properties":{"key":"57608-3d733c8c","layer":"power","name":"Westside WWTP","state":"NC","detail_file":"data/details/power-plants-48.json","plant_id":"57608","capacity_mw":1.8,"status_group":"Operating","energy_sources":"DFO","type":"Power plant","is_nuclear":false}},{"type":"Feature","geometry":{"type":"Point","coordinates":[-82.598,35.66]},"properties":{"key":"64882-ef7ecc6a","layer":"power","name":"Woodfin Solar","state":"NC","detail_file":"data/details/power-plants-08.json","plant_id":"64882","capacity_mw":5.0,"status_group":"Operating","energy_sources":"SUN","type":"Power plant","is_nuclear":false}},{"type":"Feature","geometry":{"type":"Point","coordinates":[-80.608,35.724]},"properties":{"key":"62304-2cd2450f","layer":"power","name":"Woodleaf Solar Facility","state":"NC","detail_file":"data/details/power-plants-35.json","plant_id":"62304","capacity_mw":6.0,"status_group":"Operating","energy_sources":"SUN","type":"Power plant","is_nuclear":false}},{"type":"Feature","geometry":{"type":"Point","coordinates":[-80.278,35.755]},"properties":{"key":"58046-8604d033","layer":"power","name":"Works 53","state":"NC","detail_file":"data/details/power-plants-25.json","plant_id":"58046","capacity_mw":3.0,"status_group":"Operating","energy_sources":"DFO","type":"Power plant","is_nuclear":false}},{"type":"Feature","geometry":{"type":"Point","coordinates":[-81.334,35.222]},"properties":{"key":"60107-725c9f5a","layer":"power","name":"York Road Solar I, LLC","state":"NC","detail_file":"data/details/power-plants-19.json","plant_id":"60107","capacity_mw":2.0,"status_group":"Operating","energy_sources":"SUN","type":"Power plant","is_nuclear":false}},{"type":"Feature","geometry":{"type":"Point","coordinates":[-80.081,34.337]},"properties":{"key":"61935-41d69afd","layer":"power","name":"1634 Solar","state":"SC","detail_file":"data/details/power-plants-31.json","plant_id":"61935","capacity_mw":2.0,"status_group":"Operating","energy_sources":"SUN","type":"Power plant","is_nuclear":false}},{"type":"Feature","geometry":{"type":"Point","coordinates":[-81.494,35.031]},"properties":{"key":"3272-06350a15","layer":"power","name":"99 Islands","state":"SC","detail_file":"data/details/power-plants-17.json","plant_id":"3272","capacity_mw":12.0,"status_group":"Operating","energy_sources":"WAT","type":"Power plant","is_nuclear":false}},{"type":"Feature","geometry":{"type":"Point","coordinates":[-82.042,34.996]},"properties":{"key":"63243-09346b8e","layer":"power","name":"AGA TAG Solar III LLC","state":"SC","detail_file":"data/details/power-plants-62.json","plant_id":"63243","capacity_mw":2.0,"status_group":"Operating","energy_sources":"SUN","type":"Power plant","is_nuclear":false}},{"type":"Feature","geometry":{"type":"Point","coordinates":[-82.042,34.996]},"properties":{"key":"63242-2cb2e6ba","layer":"power","name":"ATOOD Solar III LLC","state":"SC","detail_file":"data/details/power-plants-28.json","plant_id":"63242","capacity_mw":2.0,"status_group":"Operating","energy_sources":"SUN","type":"Power plant","is_nuclear":false}},{"type":"Feature","geometry":{"type":"Point","coordinates":[-80.24,33.678]},"properties":{"key":"61936-a0a2aa40","layer":"power","name":"Abbot Solar","state":"SC","detail_file":"data/details/power-plants-28.json","plant_id":"61936","capacity_mw":2.0,"status_group":"Operating","energy_sources":"SUN","type":"Power plant","is_nuclear":false}},{"type":"Feature","geometry":{"type":"Point","coordinates":[-82.526,34.723]},"properties":{"key":"61937-a8d27083","layer":"power","name":"Ace Solar","state":"SC","detail_file":"data/details/power-plants-22.json","plant_id":"61937","capacity_mw":1.0,"status_group":"Operating","energy_sources":"SUN","type":"Power plant","is_nuclear":false}},{"type":"Feature","geometry":{"type":"Point","coordinates":[-82.528,34.695]},"properties":{"key":"64682-6d24940e","layer":"power","name":"Adams","state":"SC","detail_file":"data/details/power-plants-17.json","plant_id":"64682","capacity_mw":2.0,"status_group":"Operating","energy_sources":"SUN","type":"Power plant","is_nuclear":false}},{"type":"Feature","geometry":{"type":"Point","coordinates":[-81.282,32.995]},"properties":{"key":"58706-8a28b644","layer":"power","name":"Allendale Biomass","state":"SC","detail_file":"data/details/power-plants-26.json","plant_id":"58706","capacity_mw":22.5,"status_group":"Operating","energy_sources":"WDS","type":"Power plant","is_nuclear":false}},{"type":"Feature","geometry":{"type":"Point","coordinates":[-81.4,33.899]},"properties":{"key":"63808-f8ef4a46","layer":"power","name":"Allora Solar, LLC","state":"SC","detail_file":"data/details/power-plants-43.json","plant_id":"63808","capacity_mw":75.0,"status_group":"Operating","energy_sources":"SUN","type":"Power plant","is_nuclear":false}},{"type":"Feature","geometry":{"type":"Point","coordinates":[-82.676,34.494]},"properties":{"key":"64409-b6d1690c","layer":"power","name":"Anderson (SC)","state":"SC","detail_file":"data/details/power-plants-22.json","plant_id":"64409","capacity_mw":2.0,"status_group":"Operating","energy_sources":"SUN","type":"Power plant","is_nuclear":false}},{"type":"Feature","geometry":{"type":"Point","coordinates":[-81.808,35.03]},"properties":{"key":"61960-0d25c49c","layer":"power","name":"Atood II","state":"SC","detail_file":"data/details/power-plants-31.json","plant_id":"61960","capacity_mw":2.0,"status_group":"Operating","energy_sources":"SUN","type":"Power plant","is_nuclear":false}},{"type":"Feature","geometry":{"type":"Point","coordinates":[-82.13,34.124]},"properties":{"key":"63720-26289661","layer":"power","name":"Augusta Solar","state":"SC","detail_file":"data/details/power-plants-02.json","plant_id":"63720","capacity_mw":2.0,"status_group":"Operating","energy_sources":"SUN","type":"Power plant","is_nuclear":false}},{"type":"Feature","geometry":{"type":"Point","coordinates":[-80.062,34.423]},"properties":{"key":"62181-250fc2f0","layer":"power","name":"B & K Solar","state":"SC","detail_file":"data/details/power-plants-59.json","plant_id":"62181","capacity_mw":74.9,"status_group":"Under construction","energy_sources":"SUN","type":"Power plant","is_nuclear":false}},{"type":"Feature","geometry":{"type":"Point","coordinates":[-82.178,34.894]},"properties":{"key":"58173-1fa47faa","layer":"power","name":"BMW Manufacturing Co","state":"SC","detail_file":"data/details/power-plants-29.json","plant_id":"58173","capacity_mw":11.1,"status_group":"Operating","energy_sources":"LFG; SUN","type":"Power plant","is_nuclear":false}},{"type":"Feature","geometry":{"type":"Point","coordinates":[-82.998,35.008]},"properties":{"key":"7125-68eead2c","layer":"power","name":"Bad Creek","state":"SC","detail_file":"data/details/power-plants-29.json","plant_id":"7125","capacity_mw":1680.0,"status_group":"Operating","energy_sources":"WAT","type":"Power plant","is_nuclear":false}},{"type":"Feature","geometry":{"type":"Point","coordinates":[-82.113,35.044]},"properties":{"key":"63759-10a93338","layer":"power","name":"Ballenger Road Solar A","state":"SC","detail_file":"data/details/power-plants-60.json","plant_id":"63759","capacity_mw":2.0,"status_group":"Operating","energy_sources":"SUN","type":"Power plant","is_nuclear":false}},{"type":"Feature","geometry":{"type":"Point","coordinates":[-81.351,33.237]},"properties":{"key":"61327-68228777","layer":"power","name":"Barnwell Solar","state":"SC","detail_file":"data/details/power-plants-31.json","plant_id":"61327","capacity_mw":5.4,"status_group":"Operating","energy_sources":"SUN","type":"Power plant","is_nuclear":false}},{"type":"Feature","geometry":{"type":"Point","coordinates":[-82.031,34.646]},"properties":{"key":"68223-0012a497","layer":"power","name":"Beaverdam Renewable Energy Center","state":"SC","detail_file":"data/details/power-plants-56.json","plant_id":"68223","capacity_mw":40.8,"status_group":"Operating","energy_sources":"SUN","type":"Power plant","is_nuclear":false}},{"type":"Feature","geometry":{"type":"Point","coordinates":[-80.029,33.121]},"properties":{"key":"57945-9df11fd9","layer":"power","name":"Berkeley County Landfill","state":"SC","detail_file":"data/details/power-plants-02.json","plant_id":"57945","capacity_mw":3.2,"status_group":"Operating","energy_sources":"LFG","type":"Power plant","is_nuclear":false}},{"type":"Feature","geometry":{"type":"Point","coordinates":[-82.329,34.639]},"properties":{"key":"64472-dbcc79f5","layer":"power","name":"Berry Road Solar","state":"SC","detail_file":"data/details/power-plants-39.json","plant_id":"64472","capacity_mw":2.0,"status_group":"Operating","energy_sources":"SUN","type":"Power plant","is_nuclear":false}},{"type":"Feature","geometry":{"type":"Point","coordinates":[-81.571,33.945]},"properties":{"key":"66709-7df59a2f","layer":"power","name":"Beulah Solar","state":"SC","detail_file":"data/details/power-plants-08.json","plant_id":"66709","capacity_mw":74.9,"status_group":"Operating","energy_sources":"SUN","type":"Power plant","is_nuclear":false}},{"type":"Feature","geometry":{"type":"Point","coordinates":[-81.239,33.135]},"properties":{"key":"62184-7d5d3d55","layer":"power","name":"Big Fork Solar","state":"SC","detail_file":"data/details/power-plants-05.json","plant_id":"62184","capacity_mw":149.8,"status_group":"Under construction","energy_sources":"MWH; SUN","type":"Power plant","is_nuclear":false}},{"type":"Feature","geometry":{"type":"Point","coordinates":[-80.228,34.208]},"properties":{"key":"65781-5121b017","layer":"power","name":"Bishopville Solar II, LLC","state":"SC","detail_file":"data/details/power-plants-15.json","plant_id":"65781","capacity_mw":10.0,"status_group":"Operating","energy_sources":"SUN","type":"Power plant","is_nuclear":false}},{"type":"Feature","geometry":{"type":"Point","coordinates":[-81.259,33.343]},"properties":{"key":"61918-dd14c161","layer":"power","name":"Blackville Solar Farm, LLC","state":"SC","detail_file":"data/details/power-plants-63.json","plant_id":"61918","capacity_mw":7.2,"status_group":"Operating","energy_sources":"SUN","type":"Power plant","is_nuclear":false}},{"type":"Feature","geometry":{"type":"Point","coordinates":[-81.262,33.344]},"properties":{"key":"61973-b3243dbc","layer":"power","name":"Blackville Solar II","state":"SC","detail_file":"data/details/power-plants-42.json","plant_id":"61973","capacity_mw":20.0,"status_group":"Operating","energy_sources":"SUN","type":"Power plant","is_nuclear":false}},{"type":"Feature","geometry":{"type":"Point","coordinates":[-80.337,33.61]},"properties":{"key":"61940-a7d1fcc5","layer":"power","name":"Bloom Solar","state":"SC","detail_file":"data/details/power-plants-38.json","plant_id":"61940","capacity_mw":2.0,"status_group":"Operating","energy_sources":"SUN","type":"Power plant","is_nuclear":false}},{"type":"Feature","geometry":{"type":"Point","coordinates":[-82.739,34.599]},"properties":{"key":"63833-8dca8011","layer":"power","name":"Bluebird Solar SC LLC","state":"SC","detail_file":"data/details/power-plants-04.json","plant_id":"63833","capacity_mw":3.0,"status_group":"Operating","energy_sources":"SUN","type":"Power plant","is_nuclear":false}},{"type":"Feature","geometry":{"type":"Point","coordinates":[-80.363,33.617]},"properties":{"key":"61941-e38c788e","layer":"power","name":"Bond Solar","state":"SC","detail_file":"data/details/power-plants-35.json","plant_id":"61941","capacity_mw":2.0,"status_group":"Operating","energy_sources":"SUN","type":"Power plant","is_nuclear":false}},{"type":"Feature","geometry":{"type":"Point","coordinates":[-80.191,33.721]},"properties":{"key":"63461-16123b66","layer":"power","name":"Bonefish Solar","state":"SC","detail_file":"data/details/power-plants-40.json","plant_id":"63461","capacity_mw":2.0,"status_group":"Operating","energy_sources":"SUN","type":"Power plant","is_nuclear":false}},{"type":"Feature","geometry":{"type":"Point","coordinates":[-82.199,34.456]},"properties":{"key":"3253-7235d101","layer":"power","name":"Boyds Mill Hydro","state":"SC","detail_file":"data/details/power-plants-42.json","plant_id":"3253","capacity_mw":1.4,"status_group":"Operating","energy_sources":"WAT","type":"Power plant","is_nuclear":false}},{"type":"Feature","geometry":{"type":"Point","coordinates":[-82.101,34.085]},"properties":{"key":"64410-89ef53d0","layer":"power","name":"Briarwood","state":"SC","detail_file":"data/details/power-plants-52.json","plant_id":"64410","capacity_mw":2.0,"status_group":"Operating","energy_sources":"SUN","type":"Power plant","is_nuclear":false}},{"type":"Feature","geometry":{"type":"Point","coordinates":[-81.575,35.079]},"properties":{"key":"55166-5ee6ac07","layer":"power","name":"Broad River Energy Center","state":"SC","detail_file":"data/details/power-plants-56.json","plant_id":"55166","capacity_mw":985.0,"status_group":"Operating","energy_sources":"NG","type":"Power plant","is_nuclear":false}},{"type":"Feature","geometry":{"type":"Point","coordinates":[-81.929,35.013]},"properties":{"key":"64155-73fd32ca","layer":"power","name":"Bryant Road Solar","state":"SC","detail_file":"data/details/power-plants-11.json","plant_id":"64155","capacity_mw":2.0,"status_group":"Operating","energy_sources":"SUN","type":"Power plant","is_nuclear":false}},{"type":"Feature","geometry":{"type":"Point","coordinates":[-80.87,33.49]},"properties":{"key":"59727-5815c9aa","layer":"power","name":"Bull Street Plant","state":"SC","detail_file":"data/details/power-plants-57.json","plant_id":"59727","capacity_mw":2.0,"status_group":"Operating","energy_sources":"NG","type":"Power plant","is_nuclear":false}},{"type":"Feature","geometry":{"type":"Point","coordinates":[-81.794,34.386]},"properties":{"key":"69772-0ec495c2","layer":"power","name":"Bush River Solar Plant","state":"SC","detail_file":"data/details/power-plants-23.json","plant_id":"69772","capacity_mw":45.0,"status_group":"Under construction","energy_sources":"SUN","type":"Power plant","is_nuclear":false}},{"type":"Feature","geometry":{"type":"Point","coordinates":[-80.656,34.234]},"properties":{"key":"10795-3f83c111","layer":"power","name":"Camden South Carolina","state":"SC","detail_file":"data/details/power-plants-47.json","plant_id":"10795","capacity_mw":19.0,"status_group":"Operating","energy_sources":"NG","type":"Power plant","is_nuclear":false}},{"type":"Feature","geometry":{"type":"Point","coordinates":[-80.707,33.574]},"properties":{"key":"61489-5a8ce60f","layer":"power","name":"Cameron Solar","state":"SC","detail_file":"data/details/power-plants-49.json","plant_id":"61489","capacity_mw":20.0,"status_group":"Operating","energy_sources":"SUN","type":"Power plant","is_nuclear":false}},{"type":"Feature","geometry":{"type":"Point","coordinates":[-80.699,33.567]},"properties":{"key":"61326-19501c1d","layer":"power","name":"Cameron Solar II","state":"SC","detail_file":"data/details/power-plants-28.json","plant_id":"61326","capacity_mw":4.1,"status_group":"Operating","energy_sources":"SUN","type":"Power plant","is_nuclear":false}},{"type":"Feature","geometry":{"type":"Point","coordinates":[-81.601,33.903]},"properties":{"key":"68060-05ed1b62","layer":"power","name":"Catalina Solar (SC)","state":"SC","detail_file":"data/details/power-plants-07.json","plant_id":"68060","capacity_mw":75.0,"status_group":"Operating","energy_sources":"SUN","type":"Power plant","is_nuclear":false}},{"type":"Feature","geometry":{"type":"Point","coordinates":[-81.069,35.051]},"properties":{"key":"6036-7765e7f5","layer":"power","name":"Catawba","state":"SC","detail_file":"data/details/power-plants-31.json","plant_id":"6036","capacity_mw":2410.2,"status_group":"Operating","energy_sources":"NUC","type":"Nuclear power plant","is_nuclear":true}},{"type":"Feature","geometry":{"type":"Point","coordinates":[-80.876,34.541]},"properties":{"key":"3255-986ea9ac","layer":"power","name":"Cedar Creek (SC)","state":"SC","detail_file":"data/details/power-plants-47.json","plant_id":"3255","capacity_mw":45.0,"status_group":"Operating","energy_sources":"WAT","type":"Power plant","is_nuclear":false}},{"type":"Feature","geometry":{"type":"Point","coordinates":[-80.119,34.709]},"properties":{"key":"63810-d1c23bc4","layer":"power","name":"Centerfield Cooper Solar, LLC","state":"SC","detail_file":"data/details/power-plants-63.json","plant_id":"63810","capacity_mw":75.0,"status_group":"Operating","energy_sources":"SUN","type":"Power plant","is_nuclear":false}},{"type":"Feature","geometry":{"type":"Point","coordinates":[-82.84,34.679]},"properties":{"key":"58400-d9f1c312","layer":"power","name":"Central Energy Facility","state":"SC","detail_file":"data/details/power-plants-42.json","plant_id":"58400","capacity_mw":5.5,"status_group":"Operating","energy_sources":"NG","type":"Power plant","is_nuclear":false}},{"type":"Feature","geometry":{"type":"Point","coordinates":[-82.366,34.872]},"properties":{"key":"10280-891fa7e2","layer":"power","name":"Central Plant","state":"SC","detail_file":"data/details/power-plants-01.json","plant_id":"10280","capacity_mw":4.1,"status_group":"Operating","energy_sources":"DFO","type":"Power plant","is_nuclear":false}},{"type":"Feature","geometry":{"type":"Point","coordinates":[-81.262,33.795]},"properties":{"key":"61522-a0cd9f71","layer":"power","name":"Champion Solar","state":"SC","detail_file":"data/details/power-plants-45.json","plant_id":"61522","capacity_mw":10.8,"status_group":"Operating","energy_sources":"SUN","type":"Power plant","is_nuclear":false}},{"type":"Feature","geometry":{"type":"Point","coordinates":[-80.025,34.37]},"properties":{"key":"62186-addd7835","layer":"power","name":"Chapman Solar","state":"SC","detail_file":"data/details/power-plants-16.json","plant_id":"62186","capacity_mw":2.0,"status_group":"Operating","energy_sources":"SUN","type":"Power plant","is_nuclear":false}},{"type":"Feature","geometry":{"type":"Point","coordinates":[-81.613,35.073]},"properties":{"key":"55043-46cebd1c","layer":"power","name":"Cherokee County Cogen","state":"SC","detail_file":"data/details/power-plants-49.json","plant_id":"55043","capacity_mw":117.7,"status_group":"Operating","energy_sources":"NG","type":"Power plant","is_nuclear":false}},{"type":"Feature","geometry":{"type":"Point","coordinates":[-81.546,35.064]},"properties":{"key":"10173-9a687b78","layer":"power","name":"Cherokee Falls","state":"SC","detail_file":"data/details/power-plants-57.json","plant_id":"10173","capacity_mw":4.3,"status_group":"Operating","energy_sources":"WAT","type":"Power plant","is_nuclear":false}},{"type":"Feature","geometry":{"type":"Point","coordinates":[-81.647,34.722]},"properties":{"key":"57886-530a8f64","layer":"power","name":"City West Diesel Plant","state":"SC","detail_file":"data/details/power-plants-61.json","plant_id":"57886","capacity_mw":7.2,"status_group":"Operating","energy_sources":"DFO","type":"Power plant","is_nuclear":false}},{"type":"Feature","geometry":{"type":"Point","coordinates":[-81.834,34.995]},"properties":{"key":"52049-9c5a0a34","layer":"power","name":"Clifton Dam 3 Power Station","state":"SC","detail_file":"data/details/power-plants-34.json","plant_id":"52049","capacity_mw":1.2,"status_group":"Operating","energy_sources":"WAT","type":"Power plant","is_nuclear":false}},{"type":"Feature","geometry":{"type":"Point","coordinates":[-80.842,33.124]},"properties":{"key":"62188-3cb6aef8","layer":"power","name":"Colleton Solar","state":"SC","detail_file":"data/details/power-plants-20.json","plant_id":"62188","capacity_mw":74.9,"status_group":"Under construction","energy_sources":"SUN","type":"Power plant","is_nuclear":false}},{"type":"Feature","geometry":{"type":"Point","coordinates":[-80.692,32.913]},"properties":{"key":"58700-508b77b7","layer":"power","name":"Colleton Solar Farm","state":"SC","detail_file":"data/details/power-plants-60.json","plant_id":"58700","capacity_mw":2.5,"status_group":"Operating","energy_sources":"SUN","type":"Power plant","is_nuclear":false}},{"type":"Feature","geometry":{"type":"Point","coordinates":[-81.049,33.997]},"properties":{"key":"3283-df45055b","layer":"power","name":"Columbia Canal Hydro","state":"SC","detail_file":"data/details/power-plants-30.json","plant_id":"3283","capacity_mw":10.6,"status_group":"Operating","energy_sources":"WAT","type":"Power plant","is_nuclear":false}},{"type":"Feature","geometry":{"type":"Point","coordinates":[-81.018,33.87]},"properties":{"key":"55386-f2c2e26c","layer":"power","name":"Columbia Energy Center (SC)","state":"SC","detail_file":"data/details/power-plants-52.json","plant_id":"55386","capacity_mw":668.5,"status_group":"Operating","energy_sources":"NG","type":"Power plant","is_nuclear":false}},{"type":"Feature","geometry":{"type":"Point","coordinates":[-81.03,33.364]},"properties":{"key":"7210-a4e63f02","layer":"power","name":"Cope","state":"SC","detail_file":"data/details/power-plants-02.json","plant_id":"7210","capacity_mw":417.3,"status_group":"Operating","energy_sources":"NG","type":"Power plant","is_nuclear":false}},{"type":"Feature","geometry":{"type":"Point","coordinates":[-80.113,33.372]},"properties":{"key":"130-34c49c0f","layer":"power","name":"Cross","state":"SC","detail_file":"data/details/power-plants-46.json","plant_id":"130","capacity_mw":2451.5,"status_group":"Operating","energy_sources":"BIT","type":"Power plant","is_nuclear":false}},{"type":"Feature","geometry":{"type":"Point","coordinates":[-81.365,33.369]},"properties":{"key":"62190-48249186","layer":"power","name":"Crossroads Solar","state":"SC","detail_file":"data/details/power-plants-43.json","plant_id":"62190","capacity_mw":50.0,"status_group":"Under construction","energy_sources":"SUN","type":"Power plant","is_nuclear":false}},{"type":"Feature","geometry":{"type":"Point","coordinates":[-80.72,34.648]},"properties":{"key":"63635-380a9f3b","layer":"power","name":"Crown","state":"SC","detail_file":"data/details/power-plants-48.json","plant_id":"63635","capacity_mw":3.0,"status_group":"Operating","energy_sources":"SUN","type":"Power plant","is_nuclear":false}},{"type":"Feature","geometry":{"type":"Point","coordinates":[-80.166,34.419]},"properties":{"key":"3250-bedbac92","layer":"power","name":"Darlington County","state":"SC","detail_file":"data/details/power-plants-59.json","plant_id":"3250","capacity_mw":316.0,"status_group":"Operating","energy_sources":"NG","type":"Power plant","is_nuclear":false}},{"type":"Feature","geometry":{"type":"Point","coordinates":[-80.891,34.558]},"properties":{"key":"3256-dd634327","layer":"power","name":"Dearborn","state":"SC","detail_file":"data/details/power-plants-16.json","plant_id":"3256","capacity_mw":45.0,"status_group":"Operating","energy_sources":"WAT","type":"Power plant","is_nuclear":false}},{"type":"Feature","geometry":{"type":"Point","coordinates":[-81.143,33.347]},"properties":{"key":"62211-59819c12","layer":"power","name":"Denmark Solar","state":"SC","detail_file":"data/details/power-plants-50.json","plant_id":"62211","capacity_mw":6.0,"status_group":"Operating","energy_sources":"SUN","type":"Power plant","is_nuclear":false}},{"type":"Feature","geometry":{"type":"Point","coordinates":[-81.274,33.786]},"properties":{"key":"61974-3fa4be16","layer":"power","name":"Diamond Solar","state":"SC","detail_file":"data/details/power-plants-19.json","plant_id":"61974","capacity_mw":8.2,"status_group":"Operating","energy_sources":"SUN","type":"Power plant","is_nuclear":false}},{"type":"Feature","geometry":{"type":"Point","coordinates":[-80.45,33.239]},"properties":{"key":"58707-590d5347","layer":"power","name":"Dorchester Biomass","state":"SC","detail_file":"data/details/power-plants-49.json","plant_id":"58707","capacity_mw":22.5,"status_group":"Operating","energy_sources":"WDS","type":"Power plant","is_nuclear":false}},{"type":"Feature","geometry":{"type":"Point","coordinates":[-82.823,34.678]},"properties":{"key":"63063-940d3be0","layer":"power","name":"Duke Energy CHP at Clemson University","state":"SC","detail_file":"data/details/power-plants-51.json","plant_id":"63063","capacity_mw":13.4,"status_group":"Operating","energy_sources":"NG","type":"Power plant","is_nuclear":false}},{"type":"Feature","geometry":{"type":"Point","coordinates":[-80.647,33.919]},"properties":{"key":"66717-91bec90e","layer":"power","name":"Eastover Solar","state":"SC","detail_file":"data/details/power-plants-42.json","plant_id":"66717","capacity_mw":91.6,"status_group":"Operating","energy_sources":"MWH; SUN","type":"Power plant","is_nuclear":false}},{"type":"Feature","geometry":{"type":"Point","coordinates":[-81.386,33.244]},"properties":{"key":"61975-1d4b267c","layer":"power","name":"Edison Solar","state":"SC","detail_file":"data/details/power-plants-49.json","plant_id":"61975","capacity_mw":4.8,"status_group":"Operating","energy_sources":"SUN","type":"Power plant","is_nuclear":false}},{"type":"Feature","geometry":{"type":"Point","coordinates":[-81.242,32.764]},"properties":{"key":"61490-dee84c29","layer":"power","name":"Estill Solar","state":"SC","detail_file":"data/details/power-plants-24.json","plant_id":"61490","capacity_mw":20.0,"status_group":"Operating","energy_sources":"SUN","type":"Power plant","is_nuclear":false}},{"type":"Feature","geometry":{"type":"Point","coordinates":[-81.253,32.728]},"properties":{"key":"61529-722943ae","layer":"power","name":"Estill Solar II","state":"SC","detail_file":"data/details/power-plants-57.json","plant_id":"61529","capacity_mw":10.2,"status_group":"Operating","energy_sources":"SUN","type":"Power plant","is_nuclear":false}},{"type":"Feature","geometry":{"type":"Point","coordinates":[-81.331,34.306]},"properties":{"key":"6126-741f215d","layer":"power","name":"Fairfield Pumped Storage","state":"SC","detail_file":"data/details/power-plants-13.json","plant_id":"6126","capacity_mw":587.2,"status_group":"Operating","energy_sources":"WAT","type":"Power plant","is_nuclear":false}},{"type":"Feature","geometry":{"type":"Point","coordinates":[-80.893,34.6]},"properties":{"key":"3257-f8a12809","layer":"power","name":"Fishing Creek","state":"SC","detail_file":"data/details/power-plants-55.json","plant_id":"3257","capacity_mw":42.3,"status_group":"Operating","energy_sources":"WAT","type":"Power plant","is_nuclear":false}},{"type":"Feature","geometry":{"type":"Point","coordinates":[-80.042,34.412]},"properties":{"key":"62217-35ad5090","layer":"power","name":"GEB Solar","state":"SC","detail_file":"data/details/power-plants-00.json","plant_id":"62217","capacity_mw":50.0,"status_group":"Under construction","energy_sources":"SUN","type":"Power plant","is_nuclear":false}},{"type":"Feature","geometry":{"type":"Point","coordinates":[-80.219,34.192]},"properties":{"key":"62216-12017a49","layer":"power","name":"Gaines Solar","state":"SC","detail_file":"data/details/power-plants-00.json","plant_id":"62216","capacity_mw":2.0,"status_group":"Operating","energy_sources":"SUN","type":"Power plant","is_nuclear":false}},{"type":"Feature","geometry":{"type":"Point","coordinates":[-80.222,34.199]},"properties":{"key":"61942-4c514bf6","layer":"power","name":"Gary Solar","state":"SC","detail_file":"data/details/power-plants-52.json","plant_id":"61942","capacity_mw":2.0,"status_group":"Operating","energy_sources":"SUN","type":"Power plant","is_nuclear":false}},{"type":"Feature","geometry":{"type":"Point","coordinates":[-81.11,33.778]},"properties":{"key":"61961-1cca26ab","layer":"power","name":"Gaston II","state":"SC","detail_file":"data/details/power-plants-63.json","plant_id":"61961","capacity_mw":7.5,"status_group":"Operating","energy_sources":"SUN","type":"Power plant","is_nuclear":false}},{"type":"Feature","geometry":{"type":"Point","coordinates":[-81.597,35.138]},"properties":{"key":"3258-2bec7aa7","layer":"power","name":"Gaston Shoals","state":"SC","detail_file":"data/details/power-plants-24.json","plant_id":"3258","capacity_mw":5.3,"status_group":"Operating","energy_sources":"WAT","type":"Power plant","is_nuclear":false}},{"type":"Feature","geometry":{"type":"Point","coordinates":[-81.111,33.775]},"properties":{"key":"61530-d6148225","layer":"power","name":"Gaston Solar I - SC","state":"SC","detail_file":"data/details/power-plants-50.json","plant_id":"61530","capacity_mw":10.2,"status_group":"Operating","energy_sources":"SUN","type":"Power plant","is_nuclear":false}},{"type":"Feature","geometry":{"type":"Point","coordinates":[-82.226,34.073]},"properties":{"key":"64412-64e816b6","layer":"power","name":"Gold Mine","state":"SC","detail_file":"data/details/power-plants-00.json","plant_id":"64412","capacity_mw":1.5,"status_group":"Operating","energy_sources":"SUN","type":"Power plant","is_nuclear":false}},{"type":"Feature","geometry":{"type":"Point","coordinates":[-80.892,34.559]},"properties":{"key":"3259-0aed1f29","layer":"power","name":"Great Falls (SC)","state":"SC","detail_file":"data/details/power-plants-57.json","plant_id":"3259","capacity_mw":12.0,"status_group":"Operating","energy_sources":"WAT","type":"Power plant","is_nuclear":false}},{"type":"Feature","geometry":{"type":"Point","coordinates":[-81.067,33.761]},"properties":{"key":"63813-7a4aa0fb","layer":"power","name":"Gunsight Solar, LLC","state":"SC","detail_file":"data/details/power-plants-47.json","plant_id":"63813","capacity_mw":75.0,"status_group":"Operating","energy_sources":"SUN","type":"Power plant","is_nuclear":false}},{"type":"Feature","geometry":{"type":"Point","coordinates":[-80.159,34.402]},"properties":{"key":"3251-27f2fa3a","layer":"power","name":"H B Robinson","state":"SC","detail_file":"data/details/power-plants-54.json","plant_id":"3251","capacity_mw":768.6,"status_group":"Operating","energy_sources":"NUC","type":"Nuclear power plant","is_nuclear":true}},{"type":"Feature","geometry":{"type":"Point","coordinates":[-81.293,33.023]},"properties":{"key":"61523-2cb8ba13","layer":"power","name":"Haley Solar","state":"SC","detail_file":"data/details/power-plants-61.json","plant_id":"61523","capacity_mw":8.2,"status_group":"Operating","energy_sources":"SUN","type":"Power plant","is_nuclear":false}},{"type":"Feature","geometry":{"type":"Point","coordinates":[-81.136,32.881]},"properties":{"key":"61498-9d7b95c8","layer":"power","name":"Hampton Solar 2","state":"SC","detail_file":"data/details/power-plants-16.json","plant_id":"61498","capacity_mw":20.0,"status_group":"Operating","energy_sources":"SUN","type":"Power plant","is_nuclear":false}},{"type":"Feature","geometry":{"type":"Point","coordinates":[-81.133,32.879]},"properties":{"key":"61325-f31deea6","layer":"power","name":"Hampton Solar I","state":"SC","detail_file":"data/details/power-plants-61.json","plant_id":"61325","capacity_mw":6.8,"status_group":"Operating","energy_sources":"SUN","type":"Power plant","is_nuclear":false}},{"type":"Feature","geometry":{"type":"Point","coordinates":[-81.649,34.25]},"properties":{"key":"64061-de51f8b2","layer":"power","name":"Hecate Energy West Newberry, LLC","state":"SC","detail_file":"data/details/power-plants-08.json","plant_id":"64061","capacity_mw":3.3,"status_group":"Operating","energy_sources":"SUN","type":"Power plant","is_nuclear":false}},{"type":"Feature","geometry":{"type":"Point","coordinates":[-80.699,32.209]},"properties":{"key":"3318-277f8fff","layer":"power","name":"Hilton Head","state":"SC","detail_file":"data/details/power-plants-11.json","plant_id":"3318","capacity_mw":117.9,"status_group":"Operating","energy_sources":"DFO","type":"Power plant","is_nuclear":false}},{"type":"Feature","geometry":{"type":"Point","coordinates":[-82.375,34.527]},"properties":{"key":"3261-1490e37a","layer":"power","name":"Hollidays Bridge Hydro","state":"SC","detail_file":"data/details/power-plants-16.json","plant_id":"3261","capacity_mw":4.0,"status_group":"Operating","energy_sources":"WAT","type":"Power plant","is_nuclear":false}},{"type":"Feature","geometry":{"type":"Point","coordinates":[-82.365,34.441]},"properties":{"key":"56132-11dc2ee7","layer":"power","name":"Honea Path","state":"SC","detail_file":"data/details/power-plants-40.json","plant_id":"56132","capacity_mw":2.9,"status_group":"Operating","energy_sources":"DFO","type":"Power plant","is_nuclear":false}},{"type":"Feature","geometry":{"type":"Point","coordinates":[-80.634,33.336]},"properties":{"key":"63271-aff555c4","layer":"power","name":"Huntley","state":"SC","detail_file":"data/details/power-plants-45.json","plant_id":"63271","capacity_mw":75.0,"status_group":"Operating","energy_sources":"SUN","type":"Power plant","is_nuclear":false}},{"type":"Feature","geometry":{"type":"Point","coordinates":[-82.196,33.66]},"properties":{"key":"3323-26f46896","layer":"power","name":"J Strom Thurmond","state":"SC","detail_file":"data/details/power-plants-22.json","plant_id":"3323","capacity_mw":361.9,"status_group":"Operating","energy_sources":"WAT","type":"Power plant","is_nuclear":false}},{"type":"Feature","geometry":{"type":"Point","coordinates":[-80.837,33.574]},"properties":{"key":"62396-7110632a","layer":"power","name":"Jamison Solar Farm","state":"SC","detail_file":"data/details/power-plants-19.json","plant_id":"62396","capacity_mw":1.2,"status_group":"Operating","energy_sources":"SUN","type":"Power plant","is_nuclear":false}},{"type":"Feature","geometry":{"type":"Point","coordinates":[-81.124,32.359]},"properties":{"key":"55927-a32f5567","layer":"power","name":"Jasper","state":"SC","detail_file":"data/details/power-plants-01.json","plant_id":"55927","capacity_mw":1068.2,"status_group":"Operating","energy_sources":"NG","type":"Power plant","is_nuclear":false}},{"type":"Feature","geometry":{"type":"Point","coordinates":[-80.058,34.35]},"properties":{"key":"62233-280c5d9c","layer":"power","name":"Jefferson Solar (SC)","state":"SC","detail_file":"data/details/power-plants-16.json","plant_id":"62233","capacity_mw":8.2,"status_group":"Operating","energy_sources":"SUN","type":"Power plant","is_nuclear":false}},{"type":"Feature","geometry":{"type":"Point","coordinates":[-82.915,34.959]},"properties":{"key":"3262-24cc794b","layer":"power","name":"Jocassee","state":"SC","detail_file":"data/details/power-plants-42.json","plant_id":"3262","capacity_mw":774.0,"status_group":"Operating","energy_sources":"WAT","type":"Power plant","is_nuclear":false}},{"type":"Feature","geometry":{"type":"Point","coordinates":[-82.774,34.348]},"properties":{"key":"7834-851c9b36","layer":"power","name":"John S Rainey","state":"SC","detail_file":"data/details/power-plants-09.json","plant_id":"7834","capacity_mw":1154.3,"status_group":"Operating","energy_sources":"NG","type":"Power plant","is_nuclear":false}},{"type":"Feature","geometry":{"type":"Point","coordinates":[-82.887,34.798]},"properties":{"key":"6517-9fa726c0","layer":"power","name":"Keowee","state":"SC","detail_file":"data/details/power-plants-45.json","plant_id":"6517","capacity_mw":157.6,"status_group":"Operating","energy_sources":"WAT","type":"Power plant","is_nuclear":false}},{"type":"Feature","geometry":{"type":"Point","coordinates":[-80.268,34.181]},"properties":{"key":"56120-2ff786c1","layer":"power","name":"Lee County Landfill","state":"SC","detail_file":"data/details/power-plants-42.json","plant_id":"56120","capacity_mw":5.7,"status_group":"Operating","energy_sources":"LFG","type":"Power plant","is_nuclear":false}},{"type":"Feature","geometry":{"type":"Point","coordinates":[-81.435,33.095]},"properties":{"key":"63548-c06276fb","layer":"power","name":"Lily Solar","state":"SC","detail_file":"data/details/power-plants-09.json","plant_id":"63548","capacity_mw":70.0,"status_group":"Operating","energy_sources":"SUN","type":"Power plant","is_nuclear":false}},{"type":"Feature","geometry":{"type":"Point","coordinates":[-81.988,34.949]},"properties":{"key":"65818-0511222c","layer":"power","name":"Limelight Solar I, LLC","state":"SC","detail_file":"data/details/power-plants-28.json","plant_id":"65818","capacity_mw":2.0,"status_group":"Operating","energy_sources":"SUN","type":"Power plant","is_nuclear":false}},{"type":"Feature","geometry":{"type":"Point","coordinates":[-81.878,34.994]},"properties":{"key":"63241-7251de4e","layer":"power","name":"Limelight Solar II LLC","state":"SC","detail_file":"data/details/power-plants-11.json","plant_id":"63241","capacity_mw":2.0,"status_group":"Operating","energy_sources":"SUN","type":"Power plant","is_nuclear":false}},{"type":"Feature","geometry":{"type":"Point","coordinates":[-81.98,34.956]},"properties":{"key":"66005-270b00f8","layer":"power","name":"Limelight Solar III, LLC","state":"SC","detail_file":"data/details/power-plants-13.json","plant_id":"66005","capacity_mw":3.6,"status_group":"Operating","energy_sources":"SUN","type":"Power plant","is_nuclear":false}},{"type":"Feature","geometry":{"type":"Point","coordinates":[-81.456,34.779]},"properties":{"key":"3275-cd1d8aa5","layer":"power","name":"Lockhart","state":"SC","detail_file":"data/details/power-plants-21.json","plant_id":"3275","capacity_mw":18.0,"status_group":"Operating","energy_sources":"WAT","type":"Power plant","is_nuclear":false}},{"type":"Feature","geometry":{"type":"Point","coordinates":[-80.639,33.649]},"properties":{"key":"62235-224f6d60","layer":"power","name":"Lone Star Solar","state":"SC","detail_file":"data/details/power-plants-48.json","plant_id":"62235","capacity_mw":132.0,"status_group":"Operating","energy_sources":"MWH; SUN","type":"Power plant","is_nuclear":false}},{"type":"Feature","geometry":{"type":"Point","coordinates":[-80.868,34.416]},"properties":{"key":"69195-a928f2c8","layer":"power","name":"Longtown Energy Storage","state":"SC","detail_file":"data/details/power-plants-50.json","plant_id":"69195","capacity_mw":4.5,"status_group":"Under construction","energy_sources":"MWH","type":"Power plant","is_nuclear":false}},{"type":"Feature","geometry":{"type":"Point","coordinates":[-80.104,34.448]},"properties":{"key":"68337-718ec9a5","layer":"power","name":"Lotus Solar","state":"SC","detail_file":"data/details/power-plants-60.json","plant_id":"68337","capacity_mw":75.0,"status_group":"Under construction","energy_sources":"SUN","type":"Power plant","is_nuclear":false}},{"type":"Feature","geometry":{"type":"Point","coordinates":[-80.027,34.37]},"properties":{"key":"62236-de157b58","layer":"power","name":"Luz Solar","state":"SC","detail_file":"data/details/power-plants-60.json","plant_id":"62236","capacity_mw":1.1,"status_group":"Operating","energy_sources":"SUN","type":"Power plant","is_nuclear":false}},{"type":"Feature","geometry":{"type":"Point","coordinates":[-80.695,32.329]},"properties":{"key":"61956-adba70dc","layer":"power","name":"MCRD Parris Island PV Hybrid","state":"SC","detail_file":"data/details/power-plants-02.json","plant_id":"61956","capacity_mw":17.0,"status_group":"Operating","energy_sources":"DFO; MWH; NG; SUN","type":"Power plant","is_nuclear":false}},{"type":"Feature","geometry":{"type":"Point","coordinates":[-80.15,34.128]},"properties":{"key":"65782-5ca1262d","layer":"power","name":"Magdaline Solar, LLC","state":"SC","detail_file":"data/details/power-plants-50.json","plant_id":"65782","capacity_mw":2.0,"status_group":"Operating","energy_sources":"SUN","type":"Power plant","is_nuclear":false}},{"type":"Feature","geometry":{"type":"Point","coordinates":[-80.022,34.372]},"properties":{"key":"62238-9b2b9c1e","layer":"power","name":"Marshall Solar","state":"SC","detail_file":"data/details/power-plants-41.json","plant_id":"62238","capacity_mw":2.0,"status_group":"Operating","energy_sources":"SUN","type":"Power plant","is_nuclear":false}},{"type":"Feature","geometry":{"type":"Point","coordinates":[-81.217,34.056]},"properties":{"key":"3287-118d3847","layer":"power","name":"McMeekin","state":"SC","detail_file":"data/details/power-plants-28.json","plant_id":"3287","capacity_mw":293.6,"status_group":"Operating","energy_sources":"NG","type":"Power plant","is_nuclear":false}},{"type":"Feature","geometry":{"type":"Point","coordinates":[-80.943,33.649]},"properties":{"key":"63839-ee7ee532","layer":"power","name":"Midlands","state":"SC","detail_file":"data/details/power-plants-34.json","plant_id":"63839","capacity_mw":72.1,"status_group":"Operating","energy_sources":"SUN","type":"Power plant","is_nuclear":false}},{"type":"Feature","geometry":{"type":"Point","coordinates":[-81.393,34.421]},"properties":{"key":"65389-d7296700","layer":"power","name":"Midway Green Solar","state":"SC","detail_file":"data/details/power-plants-44.json","plant_id":"65389","capacity_mw":12.8,"status_group":"Operating","energy_sources":"SUN","type":"Power plant","is_nuclear":false}},{"type":"Feature","geometry":{"type":"Point","coordinates":[-81.431,35.16]},"properties":{"key":"7981-23e1757c","layer":"power","name":"Mill Creek (SC)","state":"SC","detail_file":"data/details/power-plants-32.json","plant_id":"7981","capacity_mw":799.2,"status_group":"Operating","energy_sources":"NG","type":"Power plant","is_nuclear":false}},{"type":"Feature","geometry":{"type":"Point","coordinates":[-80.996,32.621]},"properties":{"key":"60658-defc395e","layer":"power","name":"Moffett Solar Project","state":"SC","detail_file":"data/details/power-plants-35.json","plant_id":"60658","capacity_mw":71.4,"status_group":"Operating","energy_sources":"SUN","type":"Power plant","is_nuclear":false}},{"type":"Feature","geometry":{"type":"Point","coordinates":[-81.624,35.088]},"properties":{"key":"63463-2ee2c282","layer":"power","name":"Mohea Solar Energy Center, LLC","state":"SC","detail_file":"data/details/power-plants-13.json","plant_id":"63463","capacity_mw":5.0,"status_group":"Operating","energy_sources":"SUN","type":"Power plant","is_nuclear":false}},{"type":"Feature","geometry":{"type":"Point","coordinates":[-81.449,34.664]},"properties":{"key":"3289-1f7c0233","layer":"power","name":"Neal Shoals","state":"SC","detail_file":"data/details/power-plants-44.json","plant_id":"3289","capacity_mw":4.4,"status_group":"Operating","energy_sources":"WAT","type":"Power plant","is_nuclear":false}},{"type":"Feature","geometry":{"type":"Point","coordinates":[-80.911,33.545]},"properties":{"key":"7479-ed5790cf","layer":"power","name":"North Road Peak","state":"SC","detail_file":"data/details/power-plants-36.json","plant_id":"7479","capacity_mw":14.0,"status_group":"Operating","energy_sources":"DFO","type":"Power plant","is_nuclear":false}},{"type":"Feature","geometry":{"type":"Point","coordinates":[-82.899,34.794]},"properties":{"key":"3265-a128061f","layer":"power","name":"Oconee","state":"SC","detail_file":"data/details/power-plants-61.json","plant_id":"3265","capacity_mw":2666.7,"status_group":"Operating","energy_sources":"NUC","type":"Nuclear power plant","is_nuclear":true}},{"type":"Feature","geometry":{"type":"Point","coordinates":[-81.266,33.79]},"properties":{"key":"61324-b875b780","layer":"power","name":"Odyssey Solar","state":"SC","detail_file":"data/details/power-plants-35.json","plant_id":"61324","capacity_mw":8.2,"status_group":"Operating","energy_sources":"SUN","type":"Power plant","is_nuclear":false}},{"type":"Feature","geometry":{"type":"Point","coordinates":[-80.391,34.666]},"properties":{"key":"65780-bd605fbd","layer":"power","name":"Ogburn Solar, LLC","state":"SC","detail_file":"data/details/power-plants-30.json","plant_id":"65780","capacity_mw":2.0,"status_group":"Operating","energy_sources":"SUN","type":"Power plant","is_nuclear":false}},{"type":"Feature","geometry":{"type":"Point","coordinates":[-80.254,33.134]},"properties":{"key":"63756-b75f2d13","layer":"power","name":"Omtanke Solar","state":"SC","detail_file":"data/details/power-plants-46.json","plant_id":"63756","capacity_mw":6.0,"status_group":"Operating","energy_sources":"SUN","type":"Power plant","is_nuclear":false}},{"type":"Feature","geometry":{"type":"Point","coordinates":[-81.051,33.932]},"properties":{"key":"61699-36e01504","layer":"power","name":"Otarre Solar Park","state":"SC","detail_file":"data/details/power-plants-22.json","plant_id":"61699","capacity_mw":1.6,"status_group":"Operating","energy_sources":"SUN","type":"Power plant","is_nuclear":false}},{"type":"Feature","geometry":{"type":"Point","coordinates":[-81.74,34.899]},"properties":{"key":"57030-b80faa99","layer":"power","name":"Pacolet Diesel Generation Facility","state":"SC","detail_file":"data/details/power-plants-14.json","plant_id":"57030","capacity_mw":5.4,"status_group":"Operating","energy_sources":"DFO","type":"Power plant","is_nuclear":false}},{"type":"Feature","geometry":{"type":"Point","coordinates":[-80.697,33.34]},"properties":{"key":"62679-99823d21","layer":"power","name":"Palmetto Plains","state":"SC","detail_file":"data/details/power-plants-41.json","plant_id":"62679","capacity_mw":75.0,"status_group":"Operating","energy_sources":"SUN","type":"Power plant","is_nuclear":false}},{"type":"Feature","geometry":{"type":"Point","coordinates":[-81.331,34.264]},"properties":{"key":"3291-d1d53b50","layer":"power","name":"Parr GT","state":"SC","detail_file":"data/details/power-plants-38.json","plant_id":"3291","capacity_mw":130.8,"status_group":"Operating","energy_sources":"NG","type":"Power plant","is_nuclear":false}},{"type":"Feature","geometry":{"type":"Point","coordinates":[-81.331,34.261]},"properties":{"key":"3290-45b1a398","layer":"power","name":"Parr Hydro","state":"SC","detail_file":"data/details/power-plants-20.json","plant_id":"3290","capacity_mw":15.0,"status_group":"Operating","energy_sources":"WAT","type":"Power plant","is_nuclear":false}},{"type":"Feature","geometry":{"type":"Point","coordinates":[-82.448,34.617]},"properties":{"key":"10800-cc041ef9","layer":"power","name":"Pelzer Lower","state":"SC","detail_file":"data/details/power-plants-59.json","plant_id":"10800","capacity_mw":3.3,"status_group":"Operating","energy_sources":"WAT","type":"Power plant","is_nuclear":false}},{"type":"Feature","geometry":{"type":"Point","coordinates":[-82.502,34.658]},"properties":{"key":"61945-1cbb9e7e","layer":"power","name":"Pelzer Solar I","state":"SC","detail_file":"data/details/power-plants-36.json","plant_id":"61945","capacity_mw":1.0,"status_group":"Operating","energy_sources":"SUN","type":"Power plant","is_nuclear":false}},{"type":"Feature","geometry":{"type":"Point","coordinates":[-82.454,34.642]},"properties":{"key":"10799-74f85c67","layer":"power","name":"Pelzer Upper","state":"SC","detail_file":"data/details/power-plants-43.json","plant_id":"10799","capacity_mw":2.0,"status_group":"Operating","energy_sources":"WAT","type":"Power plant","is_nuclear":false}},{"type":"Feature","geometry":{"type":"Point","coordinates":[-81.254,33.502]},"properties":{"key":"61976-d01707c1","layer":"power","name":"Peony Solar","state":"SC","detail_file":"data/details/power-plants-46.json","plant_id":"61976","capacity_mw":39.0,"status_group":"Operating","energy_sources":"SUN","type":"Power plant","is_nuclear":false}},{"type":"Feature","geometry":{"type":"Point","coordinates":[-82.462,34.702]},"properties":{"key":"10787-4a121a37","layer":"power","name":"Piedmont Hydro Power Project","state":"SC","detail_file":"data/details/power-plants-03.json","plant_id":"10787","capacity_mw":1.0,"status_group":"Operating","energy_sources":"WAT","type":"Power plant","is_nuclear":false}},{"type":"Feature","geometry":{"type":"Point","coordinates":[-82.06,34.72]},"properties":{"key":"63777-175462de","layer":"power","name":"Pinson Solar Farm","state":"SC","detail_file":"data/details/power-plants-18.json","plant_id":"63777","capacity_mw":20.0,"status_group":"Operating","energy_sources":"SUN","type":"Power plant","is_nuclear":false}},{"type":"Feature","geometry":{"type":"Point","coordinates":[-81.227,32.977]},"properties":{"key":"62299-7fe1b949","layer":"power","name":"Quest Solar","state":"SC","detail_file":"data/details/power-plants-12.json","plant_id":"62299","capacity_mw":50.0,"status_group":"Under construction","energy_sources":"SUN","type":"Power plant","is_nuclear":false}},{"type":"Feature","geometry":{"type":"Point","coordinates":[-81.352,33.278]},"properties":{"key":"61972-f59cd26d","layer":"power","name":"Richardson Solar","state":"SC","detail_file":"data/details/power-plants-15.json","plant_id":"61972","capacity_mw":3.6,"status_group":"Operating","energy_sources":"SUN","type":"Power plant","is_nuclear":false}},{"type":"Feature","geometry":{"type":"Point","coordinates":[-80.79,34.103]},"properties":{"key":"56122-e132a28b","layer":"power","name":"Richland County Landfill","state":"SC","detail_file":"data/details/power-plants-37.json","plant_id":"56122","capacity_mw":8.9,"status_group":"Operating","energy_sources":"LFG","type":"Power plant","is_nuclear":false}},{"type":"Feature","geometry":{"type":"Point","coordinates":[-80.961,32.465]},"properties":{"key":"60659-dc6a6b19","layer":"power","name":"Ridgeland Solar Project","state":"SC","detail_file":"data/details/power-plants-32.json","plant_id":"60659","capacity_mw":10.0,"status_group":"Operating","energy_sources":"SUN","type":"Power plant","is_nuclear":false}},{"type":"Feature","geometry":{"type":"Point","coordinates":[-80.128,34.108]},"properties":{"key":"61947-bd43d447","layer":"power","name":"River Solar","state":"SC","detail_file":"data/details/power-plants-15.json","plant_id":"61947","capacity_mw":2.0,"status_group":"Operating","energy_sources":"SUN","type":"Power plant","is_nuclear":false}},{"type":"Feature","geometry":{"type":"Point","coordinates":[-82.61,34.257]},"properties":{"key":"3305-1609ff39","layer":"power","name":"Rocky River (SC)","state":"SC","detail_file":"data/details/power-plants-13.json","plant_id":"3305","capacity_mw":3.9,"status_group":"Operating","energy_sources":"DFO; WAT","type":"Power plant","is_nuclear":false}},{"type":"Feature","geometry":{"type":"Point","coordinates":[-80.016,34.354]},"properties":{"key":"62295-8eeca329","layer":"power","name":"Rollins Solar","state":"SC","detail_file":"data/details/power-plants-00.json","plant_id":"62295","capacity_mw":74.9,"status_group":"Under construction","energy_sources":"SUN","type":"Power plant","is_nuclear":false}},{"type":"Feature","geometry":{"type":"Point","coordinates":[-80.847,33.437]},"properties":{"key":"7480-01510577","layer":"power","name":"Rowesville Rd Plant","state":"SC","detail_file":"data/details/power-plants-50.json","plant_id":"7480","capacity_mw":9.6,"status_group":"Operating","energy_sources":"NG","type":"Power plant","is_nuclear":false}},{"type":"Feature","geometry":{"type":"Point","coordinates":[-81.106,32.89]},"properties":{"key":"61432-de01ca2f","layer":"power","name":"SCE&G Curie CSG","state":"SC","detail_file":"data/details/power-plants-19.json","plant_id":"61432","capacity_mw":2.0,"status_group":"Operating","energy_sources":"SUN","type":"Power plant","is_nuclear":false}},{"type":"Feature","geometry":{"type":"Point","coordinates":[-80.956,32.498]},"properties":{"key":"61433-51c28fe7","layer":"power","name":"SCE&G Nimitz CSG","state":"SC","detail_file":"data/details/power-plants-56.json","plant_id":"61433","capacity_mw":8.0,"status_group":"Operating","energy_sources":"SUN","type":"Power plant","is_nuclear":false}},{"type":"Feature","geometry":{"type":"Point","coordinates":[-81.297,33.491]},"properties":{"key":"61434-72ad8a2e","layer":"power","name":"SCE&G Springfield CSG","state":"SC","detail_file":"data/details/power-plants-59.json","plant_id":"61434","capacity_mw":6.1,"status_group":"Operating","energy_sources":"SUN","type":"Power plant","is_nuclear":false}},{"type":"Feature","geometry":{"type":"Point","coordinates":[-80.889,33.46]},"properties":{"key":"68555-ba1ed6c1","layer":"power","name":"SR Cordova","state":"SC","detail_file":"data/details/power-plants-58.json","plant_id":"68555","capacity_mw":100.0,"status_group":"Under construction","energy_sources":"SUN","type":"Power plant","is_nuclear":false}},{"type":"Feature","geometry":{"type":"Point","coordinates":[-82.484,34.852]},"properties":{"key":"3267-44aed8b8","layer":"power","name":"Saluda Dam","state":"SC","detail_file":"data/details/power-plants-63.json","plant_id":"3267","capacity_mw":2.4,"status_group":"Operating","energy_sources":"WAT","type":"Power plant","is_nuclear":false}},{"type":"Feature","geometry":{"type":"Point","coordinates":[-81.217,34.053]},"properties":{"key":"3293-e22ebb9e","layer":"power","name":"Saluda Lexington","state":"SC","detail_file":"data/details/power-plants-39.json","plant_id":"3293","capacity_mw":207.3,"status_group":"Operating","energy_sources":"WAT","type":"Power plant","is_nuclear":false}},{"type":"Feature","geometry":{"type":"Point","coordinates":[-81.739,34.011]},"properties":{"key":"61323-b650219c","layer":"power","name":"Saluda Solar II","state":"SC","detail_file":"data/details/power-plants-53.json","plant_id":"61323","capacity_mw":3.4,"status_group":"Operating","energy_sources":"SUN","type":"Power plant","is_nuclear":false}},{"type":"Feature","geometry":{"type":"Point","coordinates":[-81.783,33.968]},"properties":{"key":"60535-91399c4c","layer":"power","name":"Saluda Solar, LLC","state":"SC","detail_file":"data/details/power-plants-46.json","plant_id":"60535","capacity_mw":6.8,"status_group":"Operating","energy_sources":"SUN","type":"Power plant","is_nuclear":false}},{"type":"Feature","geometry":{"type":"Point","coordinates":[-81.667,33.283]},"properties":{"key":"57138-090172e8","layer":"power","name":"Savannah River Site Biomass Cogen","state":"SC","detail_file":"data/details/power-plants-63.json","plant_id":"57138","capacity_mw":20.8,"status_group":"Operating","energy_sources":"WDS","type":"Power plant","is_nuclear":false}},{"type":"Feature","geometry":{"type":"Point","coordinates":[-80.742,32.564]},"properties":{"key":"61701-68899ad8","layer":"power","name":"Seabrook Solar","state":"SC","detail_file":"data/details/power-plants-47.json","plant_id":"61701","capacity_mw":72.5,"status_group":"Operating","energy_sources":"SUN","type":"Power plant","is_nuclear":false}},{"type":"Feature","geometry":{"type":"Point","coordinates":[-81.187,34.965]},"properties":{"key":"7957-3b1515a7","layer":"power","name":"Sediver","state":"SC","detail_file":"data/details/power-plants-63.json","plant_id":"7957","capacity_mw":2.9,"status_group":"Operating","energy_sources":"DFO","type":"Power plant","is_nuclear":false}},{"type":"Feature","geometry":{"type":"Point","coordinates":[-82.953,34.688]},"properties":{"key":"56545-ed36f7cc","layer":"power","name":"Seneca City of","state":"SC","detail_file":"data/details/power-plants-00.json","plant_id":"56545","capacity_mw":10.0,"status_group":"Operating","energy_sources":"DFO","type":"Power plant","is_nuclear":false}},{"type":"Feature","geometry":{"type":"Point","coordinates":[-81.754,33.675]},"properties":{"key":"61790-e3ba99a3","layer":"power","name":"Shaw Creek Solar, LLC","state":"SC","detail_file":"data/details/power-plants-60.json","plant_id":"61790","capacity_mw":74.9,"status_group":"Operating","energy_sources":"SUN","type":"Power plant","is_nuclear":false}},{"type":"Feature","geometry":{"type":"Point","coordinates":[-80.572,33.542]},"properties":{"key":"62309-fa488104","layer":"power","name":"Shining Sun Solar","state":"SC","detail_file":"data/details/power-plants-06.json","plant_id":"62309","capacity_mw":74.0,"status_group":"Under construction","energy_sources":"SUN","type":"Power plant","is_nuclear":false}},{"type":"Feature","geometry":{"type":"Point","coordinates":[-80.158,34.247]},"properties":{"key":"62310-c6a74f83","layer":"power","name":"Shorthorn Solar","state":"SC","detail_file":"data/details/power-plants-63.json","plant_id":"62310","capacity_mw":60.0,"status_group":"Under construction","energy_sources":"SUN","type":"Power plant","is_nuclear":false}},{"type":"Feature","geometry":{"type":"Point","coordinates":[-80.068,34.385]},"properties":{"key":"57919-60b2e587","layer":"power","name":"Sonoco Products Co","state":"SC","detail_file":"data/details/power-plants-11.json","plant_id":"57919","capacity_mw":40.5,"status_group":"Operating","energy_sources":"NG; WDS","type":"Power plant","is_nuclear":false}},{"type":"Feature","geometry":{"type":"Point","coordinates":[-81.216,32.947]},"properties":{"key":"61748-8bbf260c","layer":"power","name":"Southern Current One, LLC","state":"SC","detail_file":"data/details/power-plants-58.json","plant_id":"61748","capacity_mw":10.2,"status_group":"Operating","energy_sources":"SUN","type":"Power plant","is_nuclear":false}},{"type":"Feature","geometry":{"type":"Point","coordinates":[-81.968,35.11]},"properties":{"key":"54675-2940f2c1","layer":"power","name":"Spartanburg Water System","state":"SC","detail_file":"data/details/power-plants-53.json","plant_id":"54675","capacity_mw":5.3,"status_group":"Operating","energy_sources":"DFO; WAT","type":"Power plant","is_nuclear":false}},{"type":"Feature","geometry":{"type":"Point","coordinates":[-80.164,33.454]},"properties":{"key":"3321-fe80417c","layer":"power","name":"Spillway","state":"SC","detail_file":"data/details/power-plants-61.json","plant_id":"3321","capacity_mw":2.0,"status_group":"Operating","energy_sources":"WAT","type":"Power plant","is_nuclear":false}},{"type":"Feature","geometry":{"type":"Point","coordinates":[-80.759,33.687]},"properties":{"key":"60293-c311a81c","layer":"power","name":"St. Matthews Solar","state":"SC","detail_file":"data/details/power-plants-52.json","plant_id":"60293","capacity_mw":10.2,"status_group":"Operating","energy_sources":"SUN","type":"Power plant","is_nuclear":false}},{"type":"Feature","geometry":{"type":"Point","coordinates":[-80.134,34.381]},"properties":{"key":"62313-6f392935","layer":"power","name":"Stamey Solar","state":"SC","detail_file":"data/details/power-plants-16.json","plant_id":"62313","capacity_mw":2.0,"status_group":"Operating","energy_sources":"SUN","type":"Power plant","is_nuclear":false}},{"type":"Feature","geometry":{"type":"Point","coordinates":[-80.842,33.44]},"properties":{"key":"59728-2e20bfcc","layer":"power","name":"Substation 20 Plant","state":"SC","detail_file":"data/details/power-plants-38.json","plant_id":"59728","capacity_mw":2.0,"status_group":"Operating","energy_sources":"NG","type":"Power plant","is_nuclear":false}},{"type":"Feature","geometry":{"type":"Point","coordinates":[-81.256,33.792]},"properties":{"key":"61521-f8b5e956","layer":"power","name":"Swamp Fox Solar","state":"SC","detail_file":"data/details/power-plants-63.json","plant_id":"61521","capacity_mw":10.8,"status_group":"Operating","energy_sources":"SUN","type":"Power plant","is_nuclear":false}},{"type":"Feature","geometry":{"type":"Point","coordinates":[-80.64,33.887]},"properties":{"key":"52151-93cc5671","layer":"power","name":"Sylvamo Corporation Eastover Facility","state":"SC","detail_file":"data/details/power-plants-34.json","plant_id":"52151","capacity_mw":109.6,"status_group":"Operating","energy_sources":"BLQ","type":"Power plant","is_nuclear":false}},{"type":"Feature","geometry":{"type":"Point","coordinates":[-80.682,33.316]},"properties":{"key":"62828-2a4d5a9a","layer":"power","name":"TWE Bowman Solar Project","state":"SC","detail_file":"data/details/power-plants-43.json","plant_id":"62828","capacity_mw":75.0,"status_group":"Operating","energy_sources":"SUN","type":"Power plant","is_nuclear":false}},{"type":"Feature","geometry":{"type":"Point","coordinates":[-81.073,34.889]},"properties":{"key":"56129-81e1d5b1","layer":"power","name":"Thermal Kem","state":"SC","detail_file":"data/details/power-plants-03.json","plant_id":"56129","capacity_mw":2.9,"status_group":"Operating","energy_sources":"DFO","type":"Power plant","is_nuclear":false}},{"type":"Feature","geometry":{"type":"Point","coordinates":[-80.115,34.088]},"properties":{"key":"62352-b2e8a3b3","layer":"power","name":"Thomas Solar","state":"SC","detail_file":"data/details/power-plants-22.json","plant_id":"62352","capacity_mw":2.0,"status_group":"Operating","energy_sources":"SUN","type":"Power plant","is_nuclear":false}},{"type":"Feature","geometry":{"type":"Point","coordinates":[-80.748,32.471]},"properties":{"key":"62346-baeb6613","layer":"power","name":"Trask East Solar","state":"SC","detail_file":"data/details/power-plants-46.json","plant_id":"62346","capacity_mw":12.0,"status_group":"Operating","energy_sources":"SUN","type":"Power plant","is_nuclear":false}},{"type":"Feature","geometry":{"type":"Point","coordinates":[-81.819,34.616]},"properties":{"key":"60241-f8806222","layer":"power","name":"Union Renewable Energy Facility","state":"SC","detail_file":"data/details/power-plants-06.json","plant_id":"60241","capacity_mw":3.2,"status_group":"Operating","energy_sources":"LFG","type":"Power plant","is_nuclear":false}},{"type":"Feature","geometry":{"type":"Point","coordinates":[-81.746,34.921]},"properties":{"key":"58257-ace8c96f","layer":"power","name":"Upper Pacolet Hydro","state":"SC","detail_file":"data/details/power-plants-10.json","plant_id":"58257","capacity_mw":1.1,"status_group":"Operating","energy_sources":"WAT","type":"Power plant","is_nuclear":false}},{"type":"Feature","geometry":{"type":"Point","coordinates":[-81.911,33.435]},"properties":{"key":"3295-aacb2a56","layer":"power","name":"Urquhart","state":"SC","detail_file":"data/details/power-plants-37.json","plant_id":"3295","capacity_mw":758.9,"status_group":"Operating","energy_sources":"NG","type":"Power plant","is_nuclear":false}},{"type":"Feature","geometry":{"type":"Point","coordinates":[-81.315,34.298]},"properties":{"key":"6127-95e4d737","layer":"power","name":"V C Summer","state":"SC","detail_file":"data/details/power-plants-50.json","plant_id":"6127","capacity_mw":1029.6,"status_group":"Operating","energy_sources":"NUC","type":"Nuclear power plant","is_nuclear":true}},{"type":"Feature","geometry":{"type":"Point","coordinates":[-83.038,34.657]},"properties":{"key":"56131-10d2b5ce","layer":"power","name":"Valenite","state":"SC","detail_file":"data/details/power-plants-07.json","plant_id":"56131","capacity_mw":2.9,"status_group":"Operating","energy_sources":"DFO","type":"Power plant","is_nuclear":false}},{"type":"Feature","geometry":{"type":"Point","coordinates":[-80.108,34.092]},"properties":{"key":"61950-50f6c997","layer":"power","name":"Vincent Solar","state":"SC","detail_file":"data/details/power-plants-39.json","plant_id":"61950","capacity_mw":2.0,"status_group":"Operating","energy_sources":"SUN","type":"Power plant","is_nuclear":false}},{"type":"Feature","geometry":{"type":"Point","coordinates":[-82.435,34.602]},"properties":{"key":"3264-79cfeed8","layer":"power","name":"W S Lee","state":"SC","detail_file":"data/details/power-plants-57.json","plant_id":"3264","capacity_mw":954.7,"status_group":"Operating","energy_sources":"NG","type":"Power plant","is_nuclear":false}},{"type":"Feature","geometry":{"type":"Point","coordinates":[-82.234,34.404]},"properties":{"key":"10801-96b784af","layer":"power","name":"Ware Shoals Hydro Project","state":"SC","detail_file":"data/details/power-plants-05.json","plant_id":"10801","capacity_mw":6.2,"status_group":"Operating","energy_sources":"WAT","type":"Power plant","is_nuclear":false}},{"type":"Feature","geometry":{"type":"Point","coordinates":[-80.623,33.826]},"properties":{"key":"3297-71daea01","layer":"power","name":"Wateree","state":"SC","detail_file":"data/details/power-plants-63.json","plant_id":"3297","capacity_mw":771.8,"status_group":"Operating","energy_sources":"BIT","type":"Power plant","is_nuclear":false}},{"type":"Feature","geometry":{"type":"Point","coordinates":[-80.702,34.336]},"properties":{"key":"3270-be3fcf58","layer":"power","name":"Wateree Hydro","state":"SC","detail_file":"data/details/power-plants-56.json","plant_id":"3270","capacity_mw":90.5,"status_group":"Operating","energy_sources":"WAT","type":"Power plant","is_nuclear":false}},{"type":"Feature","geometry":{"type":"Point","coordinates":[-80.078,34.069]},"properties":{"key":"62347-94009c7c","layer":"power","name":"Weaver Solar","state":"SC","detail_file":"data/details/power-plants-42.json","plant_id":"62347","capacity_mw":2.0,"status_group":"Operating","energy_sources":"SUN","type":"Power plant","is_nuclear":false}},{"type":"Feature","geometry":{"type":"Point","coordinates":[-81.492,34.557]},"properties":{"key":"7814-7d3d2bca","layer":"power","name":"Webb Forging","state":"SC","detail_file":"data/details/power-plants-49.json","plant_id":"7814","capacity_mw":5.8,"status_group":"Operating","energy_sources":"DFO","type":"Power plant","is_nuclear":false}},{"type":"Feature","geometry":{"type":"Point","coordinates":[-82.13,35.001]},"properties":{"key":"57885-a8487362","layer":"power","name":"Wellford Renewable Energy Plant","state":"SC","detail_file":"data/details/power-plants-51.json","plant_id":"57885","capacity_mw":1.6,"status_group":"Operating","energy_sources":"LFG","type":"Power plant","is_nuclear":false}},{"type":"Feature","geometry":{"type":"Point","coordinates":[-82.398,34.786]},"properties":{"key":"63760-d0af1c66","layer":"power","name":"White Horse Solar A","state":"SC","detail_file":"data/details/power-plants-20.json","plant_id":"63760","capacity_mw":2.0,"status_group":"Operating","energy_sources":"SUN","type":"Power plant","is_nuclear":false}},{"type":"Feature","geometry":{"type":"Point","coordinates":[-82.524,34.722]},"properties":{"key":"61952-03f81f05","layer":"power","name":"Whitt Solar","state":"SC","detail_file":"data/details/power-plants-62.json","plant_id":"61952","capacity_mw":2.0,"status_group":"Operating","energy_sources":"SUN","type":"Power plant","is_nuclear":false}},{"type":"Feature","geometry":{"type":"Point","coordinates":[-82.134,34.189]},"properties":{"key":"63552-bc24f222","layer":"power","name":"Woodfields Solar","state":"SC","detail_file":"data/details/power-plants-32.json","plant_id":"63552","capacity_mw":2.0,"status_group":"Operating","energy_sources":"SUN","type":"Power plant","is_nuclear":false}},{"type":"Feature","geometry":{"type":"Point","coordinates":[-81.008,35.022]},"properties":{"key":"3271-ea47dd43","layer":"power","name":"Wylie","state":"SC","detail_file":"data/details/power-plants-40.json","plant_id":"3271","capacity_mw":60.0,"status_group":"Operating","energy_sources":"WAT","type":"Power plant","is_nuclear":false}},{"type":"Feature","geometry":{"type":"Point","coordinates":[-80.903,32.705]},"properties":{"key":"62353-4878115c","layer":"power","name":"Yemassee Solar","state":"SC","detail_file":"data/details/power-plants-48.json","plant_id":"62353","capacity_mw":10.0,"status_group":"Operating","energy_sources":"SUN","type":"Power plant","is_nuclear":false}},{"type":"Feature","geometry":{"type":"Point","coordinates":[-83.981,35.492]},"properties":{"key":"54900-c13bad95","layer":"power","name":"Calderwood","state":"TN","detail_file":"data/details/power-plants-19.json","plant_id":"54900","capacity_mw":156.6,"status_group":"Operating","energy_sources":"WAT","type":"Power plant","is_nuclear":false}},{"type":"Feature","geometry":{"type":"Point","coordinates":[-83.539,35.962]},"properties":{"key":"3400-926a64fb","layer":"power","name":"Douglas Dam","state":"TN","detail_file":"data/details/power-plants-48.json","plant_id":"3400","capacity_mw":150.8,"status_group":"Operating","energy_sources":"WAT","type":"Power plant","is_nuclear":false}},{"type":"Feature","geometry":{"type":"Point","coordinates":[-83.914,35.775]},"properties":{"key":"68108-9b94f6be","layer":"power","name":"SR Maryville East","state":"TN","detail_file":"data/details/power-plants-60.json","plant_id":"68108","capacity_mw":7.5,"status_group":"Operating","energy_sources":"SUN","type":"Power plant","is_nuclear":false}},{"type":"Feature","geometry":{"type":"Point","coordinates":[-83.926,35.949]},"properties":{"key":"55036-99f05c7b","layer":"power","name":"University of Tennessee Steam Plant","state":"TN","detail_file":"data/details/power-plants-00.json","plant_id":"55036","capacity_mw":5.0,"status_group":"Operating","energy_sources":"NG","type":"Power plant","is_nuclear":false}}]}