{"type":"FeatureCollection","features":[{"type":"Feature","geometry":{"type":"Point","coordinates":[-87.893,41.949]},"properties":{"key":"69163-abce29b8","layer":"power","name":"10601 Seymour Ave East 2 CSG","state":"IL","detail_file":"data/details/power-plants-06.json","plant_id":"69163","capacity_mw":2.0,"status_group":"Operating","energy_sources":"SUN","type":"Power plant","is_nuclear":false}},{"type":"Feature","geometry":{"type":"Point","coordinates":[-87.895,41.949]},"properties":{"key":"69188-be3b070c","layer":"power","name":"10701 Seymour Ave East 1 CSG","state":"IL","detail_file":"data/details/power-plants-16.json","plant_id":"69188","capacity_mw":2.9,"status_group":"Operating","energy_sources":"SUN","type":"Power plant","is_nuclear":false}},{"type":"Feature","geometry":{"type":"Point","coordinates":[-87.848,41.913]},"properties":{"key":"69987-21fee0c0","layer":"power","name":"2065 George St Community Solar","state":"IL","detail_file":"data/details/power-plants-35.json","plant_id":"69987","capacity_mw":3.2,"status_group":"Operating","energy_sources":"SUN","type":"Power plant","is_nuclear":false}},{"type":"Feature","geometry":{"type":"Point","coordinates":[-87.666,41.191]},"properties":{"key":"64328-47fcf1c1","layer":"power","name":"AES Griggs Solar, LLC","state":"IL","detail_file":"data/details/power-plants-53.json","plant_id":"64328","capacity_mw":2.0,"status_group":"Operating","energy_sources":"SUN","type":"Power plant","is_nuclear":false}},{"type":"Feature","geometry":{"type":"Point","coordinates":[-87.856,41.917]},"properties":{"key":"65005-bfc6c0dc","layer":"power","name":"Albertsons at Melrose Park","state":"IL","detail_file":"data/details/power-plants-08.json","plant_id":"65005","capacity_mw":1.9,"status_group":"Operating","energy_sources":"SUN","type":"Power plant","is_nuclear":false}},{"type":"Feature","geometry":{"type":"Point","coordinates":[-87.773,41.424]},"properties":{"key":"66022-bac3d68c","layer":"power","name":"Amazon MDW7 Solar Project","state":"IL","detail_file":"data/details/power-plants-34.json","plant_id":"66022","capacity_mw":1.9,"status_group":"Operating","energy_sources":"SUN","type":"Power plant","is_nuclear":false}},{"type":"Feature","geometry":{"type":"Point","coordinates":[-87.65,40.104]},"properties":{"key":"65227-76025a2a","layer":"power","name":"Ameresco Danville Solar, LLC","state":"IL","detail_file":"data/details/power-plants-50.json","plant_id":"65227","capacity_mw":2.0,"status_group":"Operating","energy_sources":"SUN","type":"Power plant","is_nuclear":false}},{"type":"Feature","geometry":{"type":"Point","coordinates":[-87.971,41.717]},"properties":{"key":"60742-2c8a49ec","layer":"power","name":"Argonne National Laboratory CHP","state":"IL","detail_file":"data/details/power-plants-38.json","plant_id":"60742","capacity_mw":6.3,"status_group":"Operating","energy_sources":"NG","type":"Power plant","is_nuclear":false}},{"type":"Feature","geometry":{"type":"Point","coordinates":[-87.683,41.34]},"properties":{"key":"69387-2d5c5889","layer":"power","name":"Beecher (IL)","state":"IL","detail_file":"data/details/power-plants-50.json","plant_id":"69387","capacity_mw":5.0,"status_group":"Operating","energy_sources":"SUN","type":"Power plant","is_nuclear":false}},{"type":"Feature","geometry":{"type":"Point","coordinates":[-87.638,41.381]},"properties":{"key":"56419-66f90e5e","layer":"power","name":"Beecher Gas Recovery","state":"IL","detail_file":"data/details/power-plants-53.json","plant_id":"56419","capacity_mw":3.3,"status_group":"Operating","energy_sources":"LFG","type":"Power plant","is_nuclear":false}},{"type":"Feature","geometry":{"type":"Point","coordinates":[-87.953,41.988]},"properties":{"key":"68120-b20c7c32","layer":"power","name":"Bensenville 13-SLCHI513","state":"IL","detail_file":"data/details/power-plants-48.json","plant_id":"68120","capacity_mw":1.4,"status_group":"Under construction","energy_sources":"SUN","type":"Power plant","is_nuclear":false}},{"type":"Feature","geometry":{"type":"Point","coordinates":[-87.946,41.983]},"properties":{"key":"68121-e99fcfea","layer":"power","name":"Bensenville 14-SLCHI414","state":"IL","detail_file":"data/details/power-plants-20.json","plant_id":"68121","capacity_mw":1.3,"status_group":"Under construction","energy_sources":"SUN","type":"Power plant","is_nuclear":false}},{"type":"Feature","geometry":{"type":"Point","coordinates":[-87.955,41.971]},"properties":{"key":"68122-166ed629","layer":"power","name":"Bensenville 2-SLCHI526","state":"IL","detail_file":"data/details/power-plants-47.json","plant_id":"68122","capacity_mw":1.9,"status_group":"Under construction","energy_sources":"SUN","type":"Power plant","is_nuclear":false}},{"type":"Feature","geometry":{"type":"Point","coordinates":[-87.946,41.985]},"properties":{"key":"68123-a79970ee","layer":"power","name":"Bensenville Ind Park 10-SLCHI410","state":"IL","detail_file":"data/details/power-plants-44.json","plant_id":"68123","capacity_mw":1.2,"status_group":"Under construction","energy_sources":"SUN","type":"Power plant","is_nuclear":false}},{"type":"Feature","geometry":{"type":"Point","coordinates":[-87.945,41.986]},"properties":{"key":"68124-2c3c5c72","layer":"power","name":"Bensenville Ind Park 11","state":"IL","detail_file":"data/details/power-plants-16.json","plant_id":"68124","capacity_mw":1.2,"status_group":"Under construction","energy_sources":"SUN","type":"Power plant","is_nuclear":false}},{"type":"Feature","geometry":{"type":"Point","coordinates":[-87.954,41.984]},"properties":{"key":"68126-5812e87b","layer":"power","name":"Bensenville Ind Park 2-SLCHI402","state":"IL","detail_file":"data/details/power-plants-46.json","plant_id":"68126","capacity_mw":1.1,"status_group":"Under construction","energy_sources":"SUN","type":"Power plant","is_nuclear":false}},{"type":"Feature","geometry":{"type":"Point","coordinates":[-87.952,41.984]},"properties":{"key":"68127-954bb5f6","layer":"power","name":"Bensenville Ind Park 4-SLCHI424","state":"IL","detail_file":"data/details/power-plants-16.json","plant_id":"68127","capacity_mw":1.7,"status_group":"Under construction","energy_sources":"SUN","type":"Power plant","is_nuclear":false}},{"type":"Feature","geometry":{"type":"Point","coordinates":[-87.925,41.207]},"properties":{"key":"67569-c907bb6b","layer":"power","name":"Bourbonnais","state":"IL","detail_file":"data/details/power-plants-48.json","plant_id":"67569","capacity_mw":1.7,"status_group":"Operating","energy_sources":"SUN","type":"Power plant","is_nuclear":false}},{"type":"Feature","geometry":{"type":"Point","coordinates":[-87.611,41.327]},"properties":{"key":"63823-f315ff5b","layer":"power","name":"CED Beecher Sun Solar","state":"IL","detail_file":"data/details/power-plants-56.json","plant_id":"63823","capacity_mw":2.0,"status_group":"Operating","energy_sources":"SUN","type":"Power plant","is_nuclear":false}},{"type":"Feature","geometry":{"type":"Point","coordinates":[-87.726,41.108]},"properties":{"key":"63948-bcd03990","layer":"power","name":"CED Spring Creek Solar","state":"IL","detail_file":"data/details/power-plants-39.json","plant_id":"63948","capacity_mw":2.0,"status_group":"Operating","energy_sources":"SUN","type":"Power plant","is_nuclear":false}},{"type":"Feature","geometry":{"type":"Point","coordinates":[-87.578,41.659]},"properties":{"key":"50573-5793135f","layer":"power","name":"CID Gas Recovery","state":"IL","detail_file":"data/details/power-plants-44.json","plant_id":"50573","capacity_mw":3.0,"status_group":"Operating","energy_sources":"LFG","type":"Power plant","is_nuclear":false}},{"type":"Feature","geometry":{"type":"Point","coordinates":[-87.854,41.16]},"properties":{"key":"54790-2493de13","layer":"power","name":"CSL Behring LLC","state":"IL","detail_file":"data/details/power-plants-07.json","plant_id":"54790","capacity_mw":4.2,"status_group":"Operating","energy_sources":"NG","type":"Power plant","is_nuclear":false}},{"type":"Feature","geometry":{"type":"Point","coordinates":[-87.878,40.212]},"properties":{"key":"58008-af52c275","layer":"power","name":"California Ridge Wind Energy LLC","state":"IL","detail_file":"data/details/power-plants-01.json","plant_id":"58008","capacity_mw":217.0,"status_group":"Operating","energy_sources":"WND","type":"Power plant","is_nuclear":false}},{"type":"Feature","geometry":{"type":"Point","coordinates":[-87.556,41.684]},"properties":{"key":"55296-83eb8b27","layer":"power","name":"Calumet Energy Team LLC","state":"IL","detail_file":"data/details/power-plants-35.json","plant_id":"55296","capacity_mw":312.8,"status_group":"Operating","energy_sources":"NG","type":"Power plant","is_nuclear":false}},{"type":"Feature","geometry":{"type":"Point","coordinates":[-87.989,41.126]},"properties":{"key":"69330-84c9a0b0","layer":"power","name":"Cenergy IL - BA Family CSG","state":"IL","detail_file":"data/details/power-plants-20.json","plant_id":"69330","capacity_mw":5.0,"status_group":"Operating","energy_sources":"SUN","type":"Power plant","is_nuclear":false}},{"type":"Feature","geometry":{"type":"Point","coordinates":[-87.849,42.464]},"properties":{"key":"69314-2858174c","layer":"power","name":"Cenergy IL - Zion CSG","state":"IL","detail_file":"data/details/power-plants-27.json","plant_id":"69314","capacity_mw":2.0,"status_group":"Operating","energy_sources":"SUN","type":"Power plant","is_nuclear":false}},{"type":"Feature","geometry":{"type":"Point","coordinates":[-87.678,41.871]},"properties":{"key":"59794-8099c6a6","layer":"power","name":"Chicago West Side Energy Center","state":"IL","detail_file":"data/details/power-plants-42.json","plant_id":"59794","capacity_mw":3.5,"status_group":"Operating","energy_sources":"NG","type":"Power plant","is_nuclear":false}},{"type":"Feature","geometry":{"type":"Point","coordinates":[-87.758,41.865]},"properties":{"key":"68129-d30f356d","layer":"power","name":"Cicero 3-SLCHI603","state":"IL","detail_file":"data/details/power-plants-08.json","plant_id":"68129","capacity_mw":1.9,"status_group":"Under construction","energy_sources":"SUN","type":"Power plant","is_nuclear":false}},{"type":"Feature","geometry":{"type":"Point","coordinates":[-87.918,41.939]},"properties":{"key":"70185-7359ec5c","layer":"power","name":"Copenhagen Ct","state":"IL","detail_file":"data/details/power-plants-53.json","plant_id":"70185","capacity_mw":3.5,"status_group":"Under construction","energy_sources":"SUN","type":"Power plant","is_nuclear":false}},{"type":"Feature","geometry":{"type":"Point","coordinates":[-87.586,41.341]},"properties":{"key":"67629-122d5ade","layer":"power","name":"Cottage Grove North Solar 1, LLC","state":"IL","detail_file":"data/details/power-plants-06.json","plant_id":"67629","capacity_mw":2.0,"status_group":"Operating","energy_sources":"SUN","type":"Power plant","is_nuclear":false}},{"type":"Feature","geometry":{"type":"Point","coordinates":[-87.574,41.341]},"properties":{"key":"67630-b00c1211","layer":"power","name":"Cottage Grove South Solar 1, LLC","state":"IL","detail_file":"data/details/power-plants-49.json","plant_id":"67630","capacity_mw":2.0,"status_group":"Operating","energy_sources":"SUN","type":"Power plant","is_nuclear":false}},{"type":"Feature","geometry":{"type":"Point","coordinates":[-87.619,41.429]},"properties":{"key":"55253-446bf280","layer":"power","name":"Crete Energy Venture LLC","state":"IL","detail_file":"data/details/power-plants-53.json","plant_id":"55253","capacity_mw":356.0,"status_group":"Operating","energy_sources":"NG","type":"Power plant","is_nuclear":false}},{"type":"Feature","geometry":{"type":"Point","coordinates":[-87.915,42.015]},"properties":{"key":"68130-30a6277e","layer":"power","name":"Des Plaines 11-SLCHI211","state":"IL","detail_file":"data/details/power-plants-52.json","plant_id":"68130","capacity_mw":1.6,"status_group":"Under construction","energy_sources":"SUN","type":"Power plant","is_nuclear":false}},{"type":"Feature","geometry":{"type":"Point","coordinates":[-87.93,42.018]},"properties":{"key":"68131-9ea7cb45","layer":"power","name":"Des Plaines 7-SLCHI819","state":"IL","detail_file":"data/details/power-plants-61.json","plant_id":"68131","capacity_mw":1.4,"status_group":"Operating","energy_sources":"SUN","type":"Power plant","is_nuclear":false}},{"type":"Feature","geometry":{"type":"Point","coordinates":[-87.735,41.817]},"properties":{"key":"63889-9112c4b7","layer":"power","name":"ESIL-PFCHICAGO 2, LLC","state":"IL","detail_file":"data/details/power-plants-07.json","plant_id":"63889","capacity_mw":1.0,"status_group":"Operating","energy_sources":"SUN","type":"Power plant","is_nuclear":false}},{"type":"Feature","geometry":{"type":"Point","coordinates":[-87.669,41.849]},"properties":{"key":"63888-c36b94fa","layer":"power","name":"ESIL-PFCHICAGO 3, LLC","state":"IL","detail_file":"data/details/power-plants-38.json","plant_id":"63888","capacity_mw":1.4,"status_group":"Operating","energy_sources":"SUN","type":"Power plant","is_nuclear":false}},{"type":"Feature","geometry":{"type":"Point","coordinates":[-87.958,42.01]},"properties":{"key":"68132-c4125315","layer":"power","name":"Elk Grove 1-SLCHI701","state":"IL","detail_file":"data/details/power-plants-43.json","plant_id":"68132","capacity_mw":1.7,"status_group":"Under construction","energy_sources":"SUN","type":"Power plant","is_nuclear":false}},{"type":"Feature","geometry":{"type":"Point","coordinates":[-87.958,42.001]},"properties":{"key":"68133-20bc4e3e","layer":"power","name":"Elk Grove 51-SLCHI151","state":"IL","detail_file":"data/details/power-plants-40.json","plant_id":"68133","capacity_mw":1.4,"status_group":"Under construction","energy_sources":"SUN","type":"Power plant","is_nuclear":false}},{"type":"Feature","geometry":{"type":"Point","coordinates":[-87.7,42.044]},"properties":{"key":"54788-f8d94d07","layer":"power","name":"Evanston Township High School","state":"IL","detail_file":"data/details/power-plants-34.json","plant_id":"54788","capacity_mw":2.4,"status_group":"Operating","energy_sources":"NG","type":"Power plant","is_nuclear":false}},{"type":"Feature","geometry":{"type":"Point","coordinates":[-87.651,41.676]},"properties":{"key":"57191-f7b5a95c","layer":"power","name":"Exelon Solar Chicago","state":"IL","detail_file":"data/details/power-plants-15.json","plant_id":"57191","capacity_mw":9.0,"status_group":"Operating","energy_sources":"SUN","type":"Power plant","is_nuclear":false}},{"type":"Feature","geometry":{"type":"Point","coordinates":[-87.638,41.431]},"properties":{"key":"69837-8069ed79","layer":"power","name":"Falconhead Solar, LLC","state":"IL","detail_file":"data/details/power-plants-48.json","plant_id":"69837","capacity_mw":5.0,"status_group":"Under construction","energy_sources":"SUN","type":"Power plant","is_nuclear":false}},{"type":"Feature","geometry":{"type":"Point","coordinates":[-87.789,41.754]},"properties":{"key":"64919-fa819639","layer":"power","name":"FedEx Chicago Solar Facility","state":"IL","detail_file":"data/details/power-plants-16.json","plant_id":"64919","capacity_mw":1.5,"status_group":"Operating","energy_sources":"SUN","type":"Power plant","is_nuclear":false}},{"type":"Feature","geometry":{"type":"Point","coordinates":[-87.653,41.851]},"properties":{"key":"886-915a249f","layer":"power","name":"Fisk Street","state":"IL","detail_file":"data/details/power-plants-20.json","plant_id":"886","capacity_mw":260.0,"status_group":"Operating","energy_sources":"DFO","type":"Power plant","is_nuclear":false}},{"type":"Feature","geometry":{"type":"Point","coordinates":[-87.859,41.947]},"properties":{"key":"68135-a0e43a60","layer":"power","name":"Franklin Park 2-SLCHI802","state":"IL","detail_file":"data/details/power-plants-37.json","plant_id":"68135","capacity_mw":1.2,"status_group":"Under construction","energy_sources":"SUN","type":"Power plant","is_nuclear":false}},{"type":"Feature","geometry":{"type":"Point","coordinates":[-87.861,41.947]},"properties":{"key":"68136-ae63fdc5","layer":"power","name":"Franklin Park 3-SLCHI803","state":"IL","detail_file":"data/details/power-plants-02.json","plant_id":"68136","capacity_mw":1.2,"status_group":"Operating","energy_sources":"SUN","type":"Power plant","is_nuclear":false}},{"type":"Feature","geometry":{"type":"Point","coordinates":[-87.999,40.764]},"properties":{"key":"68972-58daa867","layer":"power","name":"Gilman Solar LLC","state":"IL","detail_file":"data/details/power-plants-45.json","plant_id":"68972","capacity_mw":4.5,"status_group":"Under construction","energy_sources":"SUN","type":"Power plant","is_nuclear":false}},{"type":"Feature","geometry":{"type":"Point","coordinates":[-87.596,41.388]},"properties":{"key":"67625-ae81afdd","layer":"power","name":"Goodenow Road West Solar 1, LLC","state":"IL","detail_file":"data/details/power-plants-11.json","plant_id":"67625","capacity_mw":2.0,"status_group":"Operating","energy_sources":"SUN","type":"Power plant","is_nuclear":false}},{"type":"Feature","geometry":{"type":"Point","coordinates":[-87.572,41.521]},"properties":{"key":"67106-6cfd2024","layer":"power","name":"Gooseberry Solar, LLC","state":"IL","detail_file":"data/details/power-plants-42.json","plant_id":"67106","capacity_mw":2.0,"status_group":"Operating","energy_sources":"SUN","type":"Power plant","is_nuclear":false}},{"type":"Feature","geometry":{"type":"Point","coordinates":[-87.997,41.386]},"properties":{"key":"69397-552859d9","layer":"power","name":"Gougar","state":"IL","detail_file":"data/details/power-plants-57.json","plant_id":"69397","capacity_mw":2.0,"status_group":"Operating","energy_sources":"SUN","type":"Power plant","is_nuclear":false}},{"type":"Feature","geometry":{"type":"Point","coordinates":[-87.799,40.4]},"properties":{"key":"59021-08743db0","layer":"power","name":"Hoopeston Wind LLC","state":"IL","detail_file":"data/details/power-plants-23.json","plant_id":"59021","capacity_mw":98.0,"status_group":"Operating","energy_sources":"WND","type":"Power plant","is_nuclear":false}},{"type":"Feature","geometry":{"type":"Point","coordinates":[-87.788,41.496]},"properties":{"key":"64779-427f9abc","layer":"power","name":"IGS Frankfort 2 CSG","state":"IL","detail_file":"data/details/power-plants-26.json","plant_id":"64779","capacity_mw":2.0,"status_group":"Operating","energy_sources":"SUN","type":"Power plant","is_nuclear":false}},{"type":"Feature","geometry":{"type":"Point","coordinates":[-87.806,41.179]},"properties":{"key":"70014-f090816a","layer":"power","name":"IL - ForeFront CS (BBCHS 1) Community Solar","state":"IL","detail_file":"data/details/power-plants-46.json","plant_id":"70014","capacity_mw":5.0,"status_group":"Operating","energy_sources":"SUN","type":"Power plant","is_nuclear":false}},{"type":"Feature","geometry":{"type":"Point","coordinates":[-87.806,41.184]},"properties":{"key":"70015-5016f346","layer":"power","name":"IL - ForeFront CS (BBCHS 2) Community Solar","state":"IL","detail_file":"data/details/power-plants-25.json","plant_id":"70015","capacity_mw":2.0,"status_group":"Operating","energy_sources":"SUN","type":"Power plant","is_nuclear":false}},{"type":"Feature","geometry":{"type":"Point","coordinates":[-87.797,41.772]},"properties":{"key":"68489-93d79fdb","layer":"power","name":"IL BEDFORD PARK 7035 W 65TH ST","state":"IL","detail_file":"data/details/power-plants-07.json","plant_id":"68489","capacity_mw":2.0,"status_group":"Operating","energy_sources":"SUN","type":"Power plant","is_nuclear":false}},{"type":"Feature","geometry":{"type":"Point","coordinates":[-87.794,41.773]},"properties":{"key":"68544-c8fec099","layer":"power","name":"IL Bedford Park 6901 W 65th St","state":"IL","detail_file":"data/details/power-plants-26.json","plant_id":"68544","capacity_mw":2.0,"status_group":"Operating","energy_sources":"SUN","type":"Power plant","is_nuclear":false}},{"type":"Feature","geometry":{"type":"Point","coordinates":[-87.683,41.844]},"properties":{"key":"68778-cbd7e992","layer":"power","name":"IL Chicago 2635 S Western Ave. (West)","state":"IL","detail_file":"data/details/power-plants-25.json","plant_id":"68778","capacity_mw":1.8,"status_group":"Operating","energy_sources":"SUN","type":"Power plant","is_nuclear":false}},{"type":"Feature","geometry":{"type":"Point","coordinates":[-87.75,41.454]},"properties":{"key":"68538-bce9a9d5","layer":"power","name":"IL University Park 450 Central Ave","state":"IL","detail_file":"data/details/power-plants-08.json","plant_id":"68538","capacity_mw":2.3,"status_group":"Operating","energy_sources":"SUN","type":"Power plant","is_nuclear":false}},{"type":"Feature","geometry":{"type":"Point","coordinates":[-87.628,41.834]},"properties":{"key":"52021-f4b6ca38","layer":"power","name":"ITT Cogen Facility","state":"IL","detail_file":"data/details/power-plants-42.json","plant_id":"52021","capacity_mw":8.2,"status_group":"Under construction","energy_sources":"NG","type":"Power plant","is_nuclear":false}},{"type":"Feature","geometry":{"type":"Point","coordinates":[-87.823,41.778]},"properties":{"key":"54556-4da21600","layer":"power","name":"Ingredion Incorporated","state":"IL","detail_file":"data/details/power-plants-51.json","plant_id":"54556","capacity_mw":54.6,"status_group":"Operating","energy_sources":"NG","type":"Power plant","is_nuclear":false}},{"type":"Feature","geometry":{"type":"Point","coordinates":[-87.754,40.774]},"properties":{"key":"64229-e71d4020","layer":"power","name":"Iroquois Solar 1B LLC CSG","state":"IL","detail_file":"data/details/power-plants-36.json","plant_id":"64229","capacity_mw":2.0,"status_group":"Operating","energy_sources":"SUN","type":"Power plant","is_nuclear":false}},{"type":"Feature","geometry":{"type":"Point","coordinates":[-87.984,41.092]},"properties":{"key":"69401-c76fa6b7","layer":"power","name":"Jeffery","state":"IL","detail_file":"data/details/power-plants-38.json","plant_id":"69401","capacity_mw":5.0,"status_group":"Operating","energy_sources":"SUN","type":"Power plant","is_nuclear":false}},{"type":"Feature","geometry":{"type":"Point","coordinates":[-87.753,41.245]},"properties":{"key":"69182-ba7140ad","layer":"power","name":"KA 340","state":"IL","detail_file":"data/details/power-plants-51.json","plant_id":"69182","capacity_mw":5.0,"status_group":"Under construction","energy_sources":"SUN","type":"Power plant","is_nuclear":false}},{"type":"Feature","geometry":{"type":"Point","coordinates":[-87.777,41.267]},"properties":{"key":"69201-aa44713d","layer":"power","name":"KA361","state":"IL","detail_file":"data/details/power-plants-13.json","plant_id":"69201","capacity_mw":2.0,"status_group":"Operating","energy_sources":"SUN","type":"Power plant","is_nuclear":false}},{"type":"Feature","geometry":{"type":"Point","coordinates":[-87.88,41.176]},"properties":{"key":"65969-bdd294bb","layer":"power","name":"Kankakee 2","state":"IL","detail_file":"data/details/power-plants-18.json","plant_id":"65969","capacity_mw":1.5,"status_group":"Operating","energy_sources":"SUN","type":"Power plant","is_nuclear":false}},{"type":"Feature","geometry":{"type":"Point","coordinates":[-87.868,41.113]},"properties":{"key":"54525-71672359","layer":"power","name":"Kankakee Hydro Facility","state":"IL","detail_file":"data/details/power-plants-29.json","plant_id":"54525","capacity_mw":1.2,"status_group":"Operating","energy_sources":"WAT","type":"Power plant","is_nuclear":false}},{"type":"Feature","geometry":{"type":"Point","coordinates":[-87.92,41.215]},"properties":{"key":"68059-aab7d061","layer":"power","name":"Kankakee Solar 1","state":"IL","detail_file":"data/details/power-plants-31.json","plant_id":"68059","capacity_mw":2.0,"status_group":"Operating","energy_sources":"SUN","type":"Power plant","is_nuclear":false}},{"type":"Feature","geometry":{"type":"Point","coordinates":[-87.881,41.221]},"properties":{"key":"68233-00bf5f7e","layer":"power","name":"Kankakee Solar 3","state":"IL","detail_file":"data/details/power-plants-20.json","plant_id":"68233","capacity_mw":2.0,"status_group":"Operating","energy_sources":"SUN","type":"Power plant","is_nuclear":false}},{"type":"Feature","geometry":{"type":"Point","coordinates":[-87.827,41.119]},"properties":{"key":"64269-fb74a308","layer":"power","name":"Kankakee Solar 4 LLC","state":"IL","detail_file":"data/details/power-plants-48.json","plant_id":"64269","capacity_mw":2.0,"status_group":"Operating","energy_sources":"SUN","type":"Power plant","is_nuclear":false}},{"type":"Feature","geometry":{"type":"Point","coordinates":[-87.838,41.139]},"properties":{"key":"68959-465e2190","layer":"power","name":"Kankakee Solar 5b","state":"IL","detail_file":"data/details/power-plants-12.json","plant_id":"68959","capacity_mw":1.9,"status_group":"Operating","energy_sources":"SUN","type":"Power plant","is_nuclear":false}},{"type":"Feature","geometry":{"type":"Point","coordinates":[-87.869,41.097]},"properties":{"key":"64304-4f7f0467","layer":"power","name":"Lafayette 2 - Kankakee Yonke","state":"IL","detail_file":"data/details/power-plants-06.json","plant_id":"64304","capacity_mw":2.0,"status_group":"Operating","energy_sources":"SUN","type":"Power plant","is_nuclear":false}},{"type":"Feature","geometry":{"type":"Point","coordinates":[-87.864,42.254]},"properties":{"key":"60797-afc1381e","layer":"power","name":"Lake Forest Hospital Central Energy Plan","state":"IL","detail_file":"data/details/power-plants-57.json","plant_id":"60797","capacity_mw":3.2,"status_group":"Operating","energy_sources":"NG","type":"Power plant","is_nuclear":false}},{"type":"Feature","geometry":{"type":"Point","coordinates":[-87.814,42.106]},"properties":{"key":"50575-e86daf72","layer":"power","name":"Lake Gas Recovery","state":"IL","detail_file":"data/details/power-plants-55.json","plant_id":"50575","capacity_mw":6.0,"status_group":"Operating","energy_sources":"LFG","type":"Power plant","is_nuclear":false}},{"type":"Feature","geometry":{"type":"Point","coordinates":[-87.944,41.393]},"properties":{"key":"55222-64e12c3a","layer":"power","name":"Lincoln Generating Facility","state":"IL","detail_file":"data/details/power-plants-38.json","plant_id":"55222","capacity_mw":692.0,"status_group":"Operating","energy_sources":"NG","type":"Power plant","is_nuclear":false}},{"type":"Feature","geometry":{"type":"Point","coordinates":[-87.752,41.455]},"properties":{"key":"63825-ac763823","layer":"power","name":"Lineage Logistics Solar","state":"IL","detail_file":"data/details/power-plants-32.json","plant_id":"63825","capacity_mw":1.6,"status_group":"Operating","energy_sources":"SUN","type":"Power plant","is_nuclear":false}},{"type":"Feature","geometry":{"type":"Point","coordinates":[-87.789,41.928]},"properties":{"key":"68573-e1aefd0f","layer":"power","name":"Lowe's - 1845 - Chicago Brickyard, IL","state":"IL","detail_file":"data/details/power-plants-30.json","plant_id":"68573","capacity_mw":1.0,"status_group":"Operating","energy_sources":"SUN","type":"Power plant","is_nuclear":false}},{"type":"Feature","geometry":{"type":"Point","coordinates":[-87.836,41.856]},"properties":{"key":"58181-f2686664","layer":"power","name":"Loyola University Health Plant","state":"IL","detail_file":"data/details/power-plants-32.json","plant_id":"58181","capacity_mw":10.6,"status_group":"Operating","energy_sources":"NG","type":"Power plant","is_nuclear":false}},{"type":"Feature","geometry":{"type":"Point","coordinates":[-87.619,41.853]},"properties":{"key":"55067-b513a465","layer":"power","name":"MPEA Energy Center","state":"IL","detail_file":"data/details/power-plants-32.json","plant_id":"55067","capacity_mw":6.0,"status_group":"Operating","energy_sources":"DFO","type":"Power plant","is_nuclear":false}},{"type":"Feature","geometry":{"type":"Point","coordinates":[-87.852,42.002]},"properties":{"key":"58825-bda8d85e","layer":"power","name":"MTHS Co-Gen Buildings","state":"IL","detail_file":"data/details/power-plants-53.json","plant_id":"58825","capacity_mw":1.2,"status_group":"Operating","energy_sources":"NG","type":"Power plant","is_nuclear":false}},{"type":"Feature","geometry":{"type":"Point","coordinates":[-87.88,41.242]},"properties":{"key":"70249-73ae80da","layer":"power","name":"Manteno Solar 1 LLC","state":"IL","detail_file":"data/details/power-plants-49.json","plant_id":"70249","capacity_mw":2.0,"status_group":"Operating","energy_sources":"SUN","type":"Power plant","is_nuclear":false}},{"type":"Feature","geometry":{"type":"Point","coordinates":[-87.792,41.917]},"properties":{"key":"54855-7f420768","layer":"power","name":"Mars Snackfood US","state":"IL","detail_file":"data/details/power-plants-40.json","plant_id":"54855","capacity_mw":3.5,"status_group":"Operating","energy_sources":"NG","type":"Power plant","is_nuclear":false}},{"type":"Feature","geometry":{"type":"Point","coordinates":[-87.819,41.803]},"properties":{"key":"68139-e8394bac","layer":"power","name":"McCook 2-SLCHI102","state":"IL","detail_file":"data/details/power-plants-35.json","plant_id":"68139","capacity_mw":2.0,"status_group":"Under construction","energy_sources":"SUN","type":"Power plant","is_nuclear":false}},{"type":"Feature","geometry":{"type":"Point","coordinates":[-87.95,40.041]},"properties":{"key":"69439-2e4e3cae","layer":"power","name":"Medanos Solar LLC","state":"IL","detail_file":"data/details/power-plants-58.json","plant_id":"69439","capacity_mw":5.0,"status_group":"Operating","energy_sources":"SUN","type":"Power plant","is_nuclear":false}},{"type":"Feature","geometry":{"type":"Point","coordinates":[-87.863,41.981]},"properties":{"key":"68140-e3fc650a","layer":"power","name":"Melrose Park 2-SLCHI547","state":"IL","detail_file":"data/details/power-plants-03.json","plant_id":"68140","capacity_mw":3.0,"status_group":"Under construction","energy_sources":"SUN","type":"Power plant","is_nuclear":false}},{"type":"Feature","geometry":{"type":"Point","coordinates":[-87.775,41.383]},"properties":{"key":"67107-ccfdcdea","layer":"power","name":"Monee Solar 1, LLC","state":"IL","detail_file":"data/details/power-plants-19.json","plant_id":"67107","capacity_mw":2.0,"status_group":"Operating","energy_sources":"SUN","type":"Power plant","is_nuclear":false}},{"type":"Feature","geometry":{"type":"Point","coordinates":[-87.583,41.791]},"properties":{"key":"58635-b909fb71","layer":"power","name":"Museum of Science and Industry","state":"IL","detail_file":"data/details/power-plants-16.json","plant_id":"58635","capacity_mw":1.7,"status_group":"Operating","energy_sources":"NG","type":"Power plant","is_nuclear":false}},{"type":"Feature","geometry":{"type":"Point","coordinates":[-87.79,41.149]},"properties":{"key":"69317-72358331","layer":"power","name":"NL IL - 2000 North Road CSG","state":"IL","detail_file":"data/details/power-plants-25.json","plant_id":"69317","capacity_mw":5.0,"status_group":"Operating","energy_sources":"SUN","type":"Power plant","is_nuclear":false}},{"type":"Feature","geometry":{"type":"Point","coordinates":[-87.811,41.29]},"properties":{"key":"69315-961bfa21","layer":"power","name":"NL IL - 241 North CSG","state":"IL","detail_file":"data/details/power-plants-19.json","plant_id":"69315","capacity_mw":5.0,"status_group":"Operating","energy_sources":"SUN","type":"Power plant","is_nuclear":false}},{"type":"Feature","geometry":{"type":"Point","coordinates":[-87.852,42.306]},"properties":{"key":"58328-61e05822","layer":"power","name":"North Chicago Energy Center","state":"IL","detail_file":"data/details/power-plants-26.json","plant_id":"58328","capacity_mw":12.4,"status_group":"Operating","energy_sources":"NG","type":"Power plant","is_nuclear":false}},{"type":"Feature","geometry":{"type":"Point","coordinates":[-87.601,41.526]},"properties":{"key":"67115-96718291","layer":"power","name":"North Cottage Grove Solar 1, LLC","state":"IL","detail_file":"data/details/power-plants-00.json","plant_id":"67115","capacity_mw":2.0,"status_group":"Operating","energy_sources":"SUN","type":"Power plant","is_nuclear":false}},{"type":"Feature","geometry":{"type":"Point","coordinates":[-87.719,41.981]},"properties":{"key":"58245-c7a47ead","layer":"power","name":"Northeastern Illinois University Cogen","state":"IL","detail_file":"data/details/power-plants-03.json","plant_id":"58245","capacity_mw":3.2,"status_group":"Operating","energy_sources":"NG","type":"Power plant","is_nuclear":false}},{"type":"Feature","geometry":{"type":"Point","coordinates":[-87.908,41.912]},"properties":{"key":"68141-5c9f22eb","layer":"power","name":"Northlake 2-SLCHI302","state":"IL","detail_file":"data/details/power-plants-60.json","plant_id":"68141","capacity_mw":1.6,"status_group":"Under construction","energy_sources":"SUN","type":"Power plant","is_nuclear":false}},{"type":"Feature","geometry":{"type":"Point","coordinates":[-87.909,41.919]},"properties":{"key":"68142-ae6803ac","layer":"power","name":"Northlake 3-SLCHI303","state":"IL","detail_file":"data/details/power-plants-55.json","plant_id":"68142","capacity_mw":1.6,"status_group":"Under construction","energy_sources":"SUN","type":"Power plant","is_nuclear":false}},{"type":"Feature","geometry":{"type":"Point","coordinates":[-87.916,41.923]},"properties":{"key":"68143-f79a3772","layer":"power","name":"Northlake 4-SLCHI304","state":"IL","detail_file":"data/details/power-plants-15.json","plant_id":"68143","capacity_mw":1.4,"status_group":"Under construction","energy_sources":"SUN","type":"Power plant","is_nuclear":false}},{"type":"Feature","geometry":{"type":"Point","coordinates":[-87.917,41.929]},"properties":{"key":"68144-2eda13ff","layer":"power","name":"Northlake 5-SLCHI305","state":"IL","detail_file":"data/details/power-plants-23.json","plant_id":"68144","capacity_mw":2.5,"status_group":"Under construction","energy_sources":"SUN","type":"Power plant","is_nuclear":false}},{"type":"Feature","geometry":{"type":"Point","coordinates":[-87.993,42.068]},"properties":{"key":"59847-bf657dd8","layer":"power","name":"Northwest Community Hospital","state":"IL","detail_file":"data/details/power-plants-52.json","plant_id":"59847","capacity_mw":4.4,"status_group":"Operating","energy_sources":"NG","type":"Power plant","is_nuclear":false}},{"type":"Feature","geometry":{"type":"Point","coordinates":[-87.838,41.207]},"properties":{"key":"63991-2134dc6a","layer":"power","name":"Nostrand","state":"IL","detail_file":"data/details/power-plants-29.json","plant_id":"63991","capacity_mw":2.0,"status_group":"Operating","energy_sources":"SUN","type":"Power plant","is_nuclear":false}},{"type":"Feature","geometry":{"type":"Point","coordinates":[-87.789,41.07]},"properties":{"key":"63989-bb0fc645","layer":"power","name":"Peterman II","state":"IL","detail_file":"data/details/power-plants-41.json","plant_id":"63989","capacity_mw":2.0,"status_group":"Operating","energy_sources":"SUN","type":"Power plant","is_nuclear":false}},{"type":"Feature","geometry":{"type":"Point","coordinates":[-87.683,41.903]},"properties":{"key":"54886-9849bad9","layer":"power","name":"Presence Saint Mary of Nazareth Hospital","state":"IL","detail_file":"data/details/power-plants-13.json","plant_id":"54886","capacity_mw":5.0,"status_group":"Operating","energy_sources":"DFO; NG","type":"Power plant","is_nuclear":false}},{"type":"Feature","geometry":{"type":"Point","coordinates":[-87.722,41.831]},"properties":{"key":"69651-838a4c41","layer":"power","name":"S-Pulaski Solar","state":"IL","detail_file":"data/details/power-plants-56.json","plant_id":"69651","capacity_mw":2.0,"status_group":"Operating","energy_sources":"SUN","type":"Power plant","is_nuclear":false}},{"type":"Feature","geometry":{"type":"Point","coordinates":[-87.65,40.141]},"properties":{"key":"65413-a0ca1ec2","layer":"power","name":"SCS West Fairchild 011958 Danville, LLC","state":"IL","detail_file":"data/details/power-plants-56.json","plant_id":"65413","capacity_mw":1.6,"status_group":"Operating","energy_sources":"SUN","type":"Power plant","is_nuclear":false}},{"type":"Feature","geometry":{"type":"Point","coordinates":[-87.878,41.078]},"properties":{"key":"70253-007dc8c0","layer":"power","name":"SV CSG Kensington 1 LLC","state":"IL","detail_file":"data/details/power-plants-63.json","plant_id":"70253","capacity_mw":2.0,"status_group":"Operating","energy_sources":"SUN","type":"Power plant","is_nuclear":false}},{"type":"Feature","geometry":{"type":"Point","coordinates":[-87.882,41.221]},"properties":{"key":"69948-a4addfa2","layer":"power","name":"SV CSG Manteno","state":"IL","detail_file":"data/details/power-plants-16.json","plant_id":"69948","capacity_mw":10.0,"status_group":"Under construction","energy_sources":"MWH; SUN","type":"Power plant","is_nuclear":false}},{"type":"Feature","geometry":{"type":"Point","coordinates":[-87.639,41.177]},"properties":{"key":"70254-7b51ddbc","layer":"power","name":"SV CSG Momence 1 LLC","state":"IL","detail_file":"data/details/power-plants-18.json","plant_id":"70254","capacity_mw":2.0,"status_group":"Operating","energy_sources":"SUN","type":"Power plant","is_nuclear":false}},{"type":"Feature","geometry":{"type":"Point","coordinates":[-87.638,41.177]},"properties":{"key":"70255-6848a5b7","layer":"power","name":"SV CSG Momence 2 LLC","state":"IL","detail_file":"data/details/power-plants-48.json","plant_id":"70255","capacity_mw":2.0,"status_group":"Operating","energy_sources":"SUN","type":"Power plant","is_nuclear":false}},{"type":"Feature","geometry":{"type":"Point","coordinates":[-87.7,41.041]},"properties":{"key":"69817-2660bb4d","layer":"power","name":"SV CSG St Anne 1","state":"IL","detail_file":"data/details/power-plants-56.json","plant_id":"69817","capacity_mw":5.0,"status_group":"Under construction","energy_sources":"SUN","type":"Power plant","is_nuclear":false}},{"type":"Feature","geometry":{"type":"Point","coordinates":[-87.571,40.694]},"properties":{"key":"57493-427cedb7","layer":"power","name":"Settlers Trail Wind Farm LLC","state":"IL","detail_file":"data/details/power-plants-24.json","plant_id":"57493","capacity_mw":150.4,"status_group":"Operating","energy_sources":"WND","type":"Power plant","is_nuclear":false}},{"type":"Feature","geometry":{"type":"Point","coordinates":[-87.579,41.47]},"properties":{"key":"70182-e6af080a","layer":"power","name":"Steger","state":"IL","detail_file":"data/details/power-plants-46.json","plant_id":"70182","capacity_mw":2.0,"status_group":"Under construction","energy_sources":"SUN","type":"Power plant","is_nuclear":false}},{"type":"Feature","geometry":{"type":"Point","coordinates":[-87.598,41.623]},"properties":{"key":"55005-b81ebf2b","layer":"power","name":"Thornridge High School","state":"IL","detail_file":"data/details/power-plants-50.json","plant_id":"55005","capacity_mw":1.0,"status_group":"Operating","energy_sources":"NG","type":"Power plant","is_nuclear":false}},{"type":"Feature","geometry":{"type":"Point","coordinates":[-87.605,41.584]},"properties":{"key":"55004-8df92078","layer":"power","name":"Thornwood High School","state":"IL","detail_file":"data/details/power-plants-05.json","plant_id":"55004","capacity_mw":1.4,"status_group":"Operating","energy_sources":"NG","type":"Power plant","is_nuclear":false}},{"type":"Feature","geometry":{"type":"Point","coordinates":[-87.654,40.106]},"properties":{"key":"7760-549fe5e0","layer":"power","name":"Tilton","state":"IL","detail_file":"data/details/power-plants-40.json","plant_id":"7760","capacity_mw":188.0,"status_group":"Operating","energy_sources":"NG","type":"Power plant","is_nuclear":false}},{"type":"Feature","geometry":{"type":"Point","coordinates":[-87.56,41.496]},"properties":{"key":"67114-3a17bf01","layer":"power","name":"Torrence Ave Solar 1 LLC","state":"IL","detail_file":"data/details/power-plants-09.json","plant_id":"67114","capacity_mw":2.0,"status_group":"Operating","energy_sources":"SUN","type":"Power plant","is_nuclear":false}},{"type":"Feature","geometry":{"type":"Point","coordinates":[-87.846,41.917]},"properties":{"key":"58375-e034c69c","layer":"power","name":"Triton East and West Cogen","state":"IL","detail_file":"data/details/power-plants-28.json","plant_id":"58375","capacity_mw":3.6,"status_group":"Operating","energy_sources":"NG","type":"Power plant","is_nuclear":false}},{"type":"Feature","geometry":{"type":"Point","coordinates":[-87.81,41.088]},"properties":{"key":"69922-2ef49934","layer":"power","name":"USS Lowe Solar","state":"IL","detail_file":"data/details/power-plants-21.json","plant_id":"69922","capacity_mw":2.0,"status_group":"Operating","energy_sources":"SUN","type":"Power plant","is_nuclear":false}},{"type":"Feature","geometry":{"type":"Point","coordinates":[-87.74,41.468]},"properties":{"key":"68893-ba085d58","layer":"power","name":"USS University Park Solar","state":"IL","detail_file":"data/details/power-plants-23.json","plant_id":"68893","capacity_mw":2.0,"status_group":"Operating","energy_sources":"SUN","type":"Power plant","is_nuclear":false}},{"type":"Feature","geometry":{"type":"Point","coordinates":[-87.845,40.129]},"properties":{"key":"69923-3d0010a0","layer":"power","name":"USS Vermilion Solar 1 LLC (Vermilion 1)","state":"IL","detail_file":"data/details/power-plants-63.json","plant_id":"69923","capacity_mw":2.0,"status_group":"Operating","energy_sources":"SUN","type":"Power plant","is_nuclear":false}},{"type":"Feature","geometry":{"type":"Point","coordinates":[-87.845,40.129]},"properties":{"key":"69924-4a262dd7","layer":"power","name":"USS Vermilion Solar 1 LLC (Vermilion 2)","state":"IL","detail_file":"data/details/power-plants-18.json","plant_id":"69924","capacity_mw":2.0,"status_group":"Operating","energy_sources":"SUN","type":"Power plant","is_nuclear":false}},{"type":"Feature","geometry":{"type":"Point","coordinates":[-87.751,41.443]},"properties":{"key":"55640-d7c3f817","layer":"power","name":"University Park North","state":"IL","detail_file":"data/details/power-plants-26.json","plant_id":"55640","capacity_mw":726.0,"status_group":"Operating","energy_sources":"NG","type":"Power plant","is_nuclear":false}},{"type":"Feature","geometry":{"type":"Point","coordinates":[-87.753,41.441]},"properties":{"key":"55250-c980a15a","layer":"power","name":"University Park South","state":"IL","detail_file":"data/details/power-plants-52.json","plant_id":"55250","capacity_mw":353.4,"status_group":"Operating","energy_sources":"NG","type":"Power plant","is_nuclear":false}},{"type":"Feature","geometry":{"type":"Point","coordinates":[-87.652,41.867]},"properties":{"key":"54044-7e4aea6a","layer":"power","name":"University of Illinois Cogen Facility","state":"IL","detail_file":"data/details/power-plants-04.json","plant_id":"54044","capacity_mw":59.9,"status_group":"Operating","energy_sources":"NG","type":"Power plant","is_nuclear":false}},{"type":"Feature","geometry":{"type":"Point","coordinates":[-87.629,40.124]},"properties":{"key":"63946-1a9eb365","layer":"power","name":"Vermilion Solar 1, LLC CSG","state":"IL","detail_file":"data/details/power-plants-52.json","plant_id":"63946","capacity_mw":2.0,"status_group":"Operating","energy_sources":"SUN","type":"Power plant","is_nuclear":false}},{"type":"Feature","geometry":{"type":"Point","coordinates":[-87.975,41.103]},"properties":{"key":"63992-3ffa6c82","layer":"power","name":"Vulcan","state":"IL","detail_file":"data/details/power-plants-59.json","plant_id":"63992","capacity_mw":2.0,"status_group":"Operating","energy_sources":"SUN","type":"Power plant","is_nuclear":false}},{"type":"Feature","geometry":{"type":"Point","coordinates":[-87.813,42.383]},"properties":{"key":"883-1dd6716b","layer":"power","name":"Waukegan","state":"IL","detail_file":"data/details/power-plants-40.json","plant_id":"883","capacity_mw":112.0,"status_group":"Operating","energy_sources":"DFO","type":"Power plant","is_nuclear":false}},{"type":"Feature","geometry":{"type":"Point","coordinates":[-87.731,42.116]},"properties":{"key":"972-a0952ea7","layer":"power","name":"Winnetka","state":"IL","detail_file":"data/details/power-plants-29.json","plant_id":"972","capacity_mw":33.4,"status_group":"Operating","energy_sources":"DFO; NG","type":"Power plant","is_nuclear":false}},{"type":"Feature","geometry":{"type":"Point","coordinates":[-87.595,41.392]},"properties":{"key":"64785-d350cf53","layer":"power","name":"Woodlawn CSG","state":"IL","detail_file":"data/details/power-plants-39.json","plant_id":"64785","capacity_mw":2.0,"status_group":"Operating","energy_sources":"SUN","type":"Power plant","is_nuclear":false}},{"type":"Feature","geometry":{"type":"Point","coordinates":[-87.595,41.392]},"properties":{"key":"64733-13c5ea26","layer":"power","name":"Woodlawn II (CSG)","state":"IL","detail_file":"data/details/power-plants-32.json","plant_id":"64733","capacity_mw":2.0,"status_group":"Operating","energy_sources":"SUN","type":"Power plant","is_nuclear":false}},{"type":"Feature","geometry":{"type":"Point","coordinates":[-87.849,42.391]},"properties":{"key":"61910-3b08d6cb","layer":"power","name":"Yeoman Creek","state":"IL","detail_file":"data/details/power-plants-56.json","plant_id":"61910","capacity_mw":7.0,"status_group":"Operating","energy_sources":"SUN","type":"Power plant","is_nuclear":false}},{"type":"Feature","geometry":{"type":"Point","coordinates":[-87.895,42.478]},"properties":{"key":"55392-66e2dee6","layer":"power","name":"Zion Energy Center","state":"IL","detail_file":"data/details/power-plants-15.json","plant_id":"55392","capacity_mw":596.7,"status_group":"Operating","energy_sources":"NG","type":"Power plant","is_nuclear":false}},{"type":"Feature","geometry":{"type":"Point","coordinates":[-85.739,40.053]},"properties":{"key":"7336-3cc91ca5","layer":"power","name":"Anderson","state":"IN","detail_file":"data/details/power-plants-28.json","plant_id":"7336","capacity_mw":168.7,"status_group":"Operating","energy_sources":"NG","type":"Power plant","is_nuclear":false}},{"type":"Feature","geometry":{"type":"Point","coordinates":[-85.642,40.082]},"properties":{"key":"64244-ff5897e7","layer":"power","name":"Anderson 3","state":"IN","detail_file":"data/details/power-plants-09.json","plant_id":"64244","capacity_mw":8.7,"status_group":"Operating","energy_sources":"SUN","type":"Power plant","is_nuclear":false}},{"type":"Feature","geometry":{"type":"Point","coordinates":[-85.636,40.083]},"properties":{"key":"64248-38153a48","layer":"power","name":"Anderson 4","state":"IN","detail_file":"data/details/power-plants-12.json","plant_id":"64248","capacity_mw":7.8,"status_group":"Operating","energy_sources":"SUN","type":"Power plant","is_nuclear":false}},{"type":"Feature","geometry":{"type":"Point","coordinates":[-85.632,40.086]},"properties":{"key":"64245-dfd547e6","layer":"power","name":"Anderson 5","state":"IN","detail_file":"data/details/power-plants-37.json","plant_id":"64245","capacity_mw":3.0,"status_group":"Operating","energy_sources":"SUN","type":"Power plant","is_nuclear":false}},{"type":"Feature","geometry":{"type":"Point","coordinates":[-85.747,40.085]},"properties":{"key":"64249-0b3cb152","layer":"power","name":"Anderson 6","state":"IN","detail_file":"data/details/power-plants-57.json","plant_id":"64249","capacity_mw":6.8,"status_group":"Operating","energy_sources":"SUN","type":"Power plant","is_nuclear":false}},{"type":"Feature","geometry":{"type":"Point","coordinates":[-86.249,40.706]},"properties":{"key":"69063-3e3934cc","layer":"power","name":"Appleseed Solar","state":"IN","detail_file":"data/details/power-plants-27.json","plant_id":"69063","capacity_mw":200.0,"status_group":"Operating","energy_sources":"SUN","type":"Power plant","is_nuclear":false}},{"type":"Feature","geometry":{"type":"Point","coordinates":[-87.139,41.635]},"properties":{"key":"10245-87cf32e2","layer":"power","name":"ArcelorMittal Burns Harbor","state":"IN","detail_file":"data/details/power-plants-40.json","plant_id":"10245","capacity_mw":176.2,"status_group":"Operating","energy_sources":"BFG","type":"Power plant","is_nuclear":false}},{"type":"Feature","geometry":{"type":"Point","coordinates":[-85.092,41.343]},"properties":{"key":"67163-067b3dca","layer":"power","name":"Auburn Renewables LLC","state":"IN","detail_file":"data/details/power-plants-22.json","plant_id":"67163","capacity_mw":11.0,"status_group":"Operating","energy_sources":"SUN","type":"Power plant","is_nuclear":false}},{"type":"Feature","geometry":{"type":"Point","coordinates":[-87.489,40.695]},"properties":{"key":"56679-4bcff1cb","layer":"power","name":"Benton County Wind Farm","state":"IN","detail_file":"data/details/power-plants-06.json","plant_id":"56679","capacity_mw":130.5,"status_group":"Operating","energy_sources":"WND","type":"Power plant","is_nuclear":false}},{"type":"Feature","geometry":{"type":"Point","coordinates":[-86.88,40.766]},"properties":{"key":"59774-ba940527","layer":"power","name":"BioTown Ag","state":"IN","detail_file":"data/details/power-plants-50.json","plant_id":"59774","capacity_mw":6.0,"status_group":"Operating","energy_sources":"OBG","type":"Power plant","is_nuclear":false}},{"type":"Feature","geometry":{"type":"Point","coordinates":[-85.113,40.361]},"properties":{"key":"63666-ea6332a5","layer":"power","name":"Bitter Ridge Wind Farm, LLC","state":"IN","detail_file":"data/details/power-plants-35.json","plant_id":"63666","capacity_mw":146.6,"status_group":"Operating","energy_sources":"WND","type":"Power plant","is_nuclear":false}},{"type":"Feature","geometry":{"type":"Point","coordinates":[-85.26,40.416]},"properties":{"key":"66960-a8e41fe9","layer":"power","name":"Blackford Solar","state":"IN","detail_file":"data/details/power-plants-61.json","plant_id":"66960","capacity_mw":150.0,"status_group":"Under construction","energy_sources":"SUN","type":"Power plant","is_nuclear":false}},{"type":"Feature","geometry":{"type":"Point","coordinates":[-85.301,40.402]},"properties":{"key":"66968-f961ec82","layer":"power","name":"Blackford Wind","state":"IN","detail_file":"data/details/power-plants-13.json","plant_id":"66968","capacity_mw":200.0,"status_group":"Under construction","energy_sources":"WND","type":"Power plant","is_nuclear":false}},{"type":"Feature","geometry":{"type":"Point","coordinates":[-84.977,40.319]},"properties":{"key":"61303-33a23f44","layer":"power","name":"Bluff Point Wind Facility","state":"IN","detail_file":"data/details/power-plants-60.json","plant_id":"61303","capacity_mw":119.7,"status_group":"Operating","energy_sources":"WND","type":"Power plant","is_nuclear":false}},{"type":"Feature","geometry":{"type":"Point","coordinates":[-87.233,41.115]},"properties":{"key":"57625-4eeebbd2","layer":"power","name":"Bos Dairy, LLC","state":"IN","detail_file":"data/details/power-plants-54.json","plant_id":"57625","capacity_mw":1.0,"status_group":"Operating","energy_sources":"NG","type":"Power plant","is_nuclear":false}},{"type":"Feature","geometry":{"type":"Point","coordinates":[-87.233,41.115]},"properties":{"key":"57625-e2fa7e17","layer":"power","name":"Bos Dairy, LLC","state":"IN","detail_file":"data/details/power-plants-21.json","plant_id":"57625","capacity_mw":1.0,"status_group":"Under construction","energy_sources":"NG","type":"Power plant","is_nuclear":false}},{"type":"Feature","geometry":{"type":"Point","coordinates":[-86.164,41.463]},"properties":{"key":"65086-c31ccb86","layer":"power","name":"Bremen","state":"IN","detail_file":"data/details/power-plants-54.json","plant_id":"65086","capacity_mw":6.8,"status_group":"Operating","energy_sources":"SUN","type":"Power plant","is_nuclear":false}},{"type":"Feature","geometry":{"type":"Point","coordinates":[-87.154,40.766]},"properties":{"key":"69079-755c6ca4","layer":"power","name":"Carpenter Wind Farm LLC","state":"IN","detail_file":"data/details/power-plants-32.json","plant_id":"69079","capacity_mw":200.1,"status_group":"Operating","energy_sources":"WND","type":"Power plant","is_nuclear":false}},{"type":"Feature","geometry":{"type":"Point","coordinates":[-86.845,40.417]},"properties":{"key":"50935-349fd349","layer":"power","name":"Caterpillar","state":"IN","detail_file":"data/details/power-plants-58.json","plant_id":"50935","capacity_mw":9.5,"status_group":"Operating","energy_sources":"DFO; NG","type":"Power plant","is_nuclear":false}},{"type":"Feature","geometry":{"type":"Point","coordinates":[-86.81,40.895]},"properties":{"key":"67489-03e77447","layer":"power","name":"Cavalry Solar Hybrid","state":"IN","detail_file":"data/details/power-plants-01.json","plant_id":"67489","capacity_mw":245.0,"status_group":"Operating","energy_sources":"MWH; SUN","type":"Power plant","is_nuclear":false}},{"type":"Feature","geometry":{"type":"Point","coordinates":[-85.505,41.176]},"properties":{"key":"62769-3019ed96","layer":"power","name":"Columbia City Solar Park","state":"IN","detail_file":"data/details/power-plants-03.json","plant_id":"62769","capacity_mw":4.3,"status_group":"Operating","energy_sources":"SUN","type":"Power plant","is_nuclear":false}},{"type":"Feature","geometry":{"type":"Point","coordinates":[-86.888,40.056]},"properties":{"key":"62484-6e0fc97e","layer":"power","name":"Crawfordsville 2 Solar Park","state":"IN","detail_file":"data/details/power-plants-21.json","plant_id":"62484","capacity_mw":7.9,"status_group":"Operating","energy_sources":"SUN","type":"Power plant","is_nuclear":false}},{"type":"Feature","geometry":{"type":"Point","coordinates":[-86.897,40.078]},"properties":{"key":"62485-8e713d65","layer":"power","name":"Crawfordsville 3 Solar Park","state":"IN","detail_file":"data/details/power-plants-26.json","plant_id":"62485","capacity_mw":4.8,"status_group":"Operating","energy_sources":"SUN","type":"Power plant","is_nuclear":false}},{"type":"Feature","geometry":{"type":"Point","coordinates":[-86.86,40.018]},"properties":{"key":"62793-77ae5ad1","layer":"power","name":"Crawfordsville 5 Solar Park","state":"IN","detail_file":"data/details/power-plants-06.json","plant_id":"62793","capacity_mw":9.8,"status_group":"Operating","energy_sources":"SUN","type":"Power plant","is_nuclear":false}},{"type":"Feature","geometry":{"type":"Point","coordinates":[-86.899,40.049]},"properties":{"key":"1024-cbfd022b","layer":"power","name":"Crawfordsville Power Plant","state":"IN","detail_file":"data/details/power-plants-58.json","plant_id":"1024","capacity_mw":16.3,"status_group":"Under construction","energy_sources":"NG","type":"Power plant","is_nuclear":false}},{"type":"Feature","geometry":{"type":"Point","coordinates":[-86.881,40.05]},"properties":{"key":"62776-0389d64b","layer":"power","name":"Crawfordsville Solar Park 4","state":"IN","detail_file":"data/details/power-plants-08.json","plant_id":"62776","capacity_mw":2.3,"status_group":"Operating","energy_sources":"SUN","type":"Power plant","is_nuclear":false}},{"type":"Feature","geometry":{"type":"Point","coordinates":[-87.293,40.129]},"properties":{"key":"67930-3d23560b","layer":"power","name":"Crossroads Solar (IN)","state":"IN","detail_file":"data/details/power-plants-50.json","plant_id":"67930","capacity_mw":200.0,"status_group":"Operating","energy_sources":"SUN","type":"Power plant","is_nuclear":false}},{"type":"Feature","geometry":{"type":"Point","coordinates":[-85.64,40.51]},"properties":{"key":"59855-08bf51d7","layer":"power","name":"Deer Creek PV","state":"IN","detail_file":"data/details/power-plants-02.json","plant_id":"59855","capacity_mw":2.5,"status_group":"Operating","energy_sources":"SUN","type":"Power plant","is_nuclear":false}},{"type":"Feature","geometry":{"type":"Point","coordinates":[-86.904,41.651]},"properties":{"key":"54956-ad382f08","layer":"power","name":"Deercroft I & II LFGTE","state":"IN","detail_file":"data/details/power-plants-58.json","plant_id":"54956","capacity_mw":6.4,"status_group":"Operating","energy_sources":"LFG; NG","type":"Power plant","is_nuclear":false}},{"type":"Feature","geometry":{"type":"Point","coordinates":[-87.007,41.173]},"properties":{"key":"66643-469e0fc2","layer":"power","name":"Dunns Bridge I Solar","state":"IN","detail_file":"data/details/power-plants-12.json","plant_id":"66643","capacity_mw":265.0,"status_group":"Operating","energy_sources":"SUN","type":"Power plant","is_nuclear":false}},{"type":"Feature","geometry":{"type":"Point","coordinates":[-86.946,41.222]},"properties":{"key":"67893-a9ba5d2e","layer":"power","name":"Dunns Bridge II Solar","state":"IN","detail_file":"data/details/power-plants-22.json","plant_id":"67893","capacity_mw":491.3,"status_group":"Operating","energy_sources":"MWH; SUN","type":"Power plant","is_nuclear":false}},{"type":"Feature","geometry":{"type":"Point","coordinates":[-85.975,41.623]},"properties":{"key":"57250-2653f8bc","layer":"power","name":"Earthmovers LFGTE","state":"IN","detail_file":"data/details/power-plants-12.json","plant_id":"57250","capacity_mw":4.8,"status_group":"Operating","energy_sources":"LFG","type":"Power plant","is_nuclear":false}},{"type":"Feature","geometry":{"type":"Point","coordinates":[-87.469,41.632]},"properties":{"key":"59018-962eaac3","layer":"power","name":"East Chicago","state":"IN","detail_file":"data/details/power-plants-24.json","plant_id":"59018","capacity_mw":2.0,"status_group":"Operating","energy_sources":"SUN","type":"Power plant","is_nuclear":false}},{"type":"Feature","geometry":{"type":"Point","coordinates":[-85.965,41.693]},"properties":{"key":"986-ffc2e7d0","layer":"power","name":"Elkhart","state":"IN","detail_file":"data/details/power-plants-24.json","plant_id":"986","capacity_mw":3.4,"status_group":"Operating","energy_sources":"WAT","type":"Power plant","is_nuclear":false}},{"type":"Feature","geometry":{"type":"Point","coordinates":[-85.69,41.498]},"properties":{"key":"66647-32b43c00","layer":"power","name":"Elkhart County Solar Project","state":"IN","detail_file":"data/details/power-plants-08.json","plant_id":"66647","capacity_mw":100.0,"status_group":"Operating","energy_sources":"SUN","type":"Power plant","is_nuclear":false}},{"type":"Feature","geometry":{"type":"Point","coordinates":[-86.939,40.387]},"properties":{"key":"54835-b4288e4c","layer":"power","name":"Evonik Industries AG","state":"IN","detail_file":"data/details/power-plants-02.json","plant_id":"54835","capacity_mw":1.2,"status_group":"Operating","energy_sources":"DFO","type":"Power plant","is_nuclear":false}},{"type":"Feature","geometry":{"type":"Point","coordinates":[-87.423,41.684]},"properties":{"key":"10475-ab2838c5","layer":"power","name":"Expander Turbine","state":"IN","detail_file":"data/details/power-plants-17.json","plant_id":"10475","capacity_mw":20.0,"status_group":"Operating","energy_sources":"BFG","type":"Power plant","is_nuclear":false}},{"type":"Feature","geometry":{"type":"Point","coordinates":[-87.378,40.621]},"properties":{"key":"59547-7cf8cdbb","layer":"power","name":"Fowler Ridge IV Wind Farm LLC","state":"IN","detail_file":"data/details/power-plants-08.json","plant_id":"59547","capacity_mw":150.0,"status_group":"Operating","energy_sources":"WND","type":"Power plant","is_nuclear":false}},{"type":"Feature","geometry":{"type":"Point","coordinates":[-87.334,40.584]},"properties":{"key":"56777-cecb98c0","layer":"power","name":"Fowler Ridge Wind Farm LLC","state":"IN","detail_file":"data/details/power-plants-51.json","plant_id":"56777","capacity_mw":588.3,"status_group":"Operating","energy_sources":"WND","type":"Power plant","is_nuclear":false}},{"type":"Feature","geometry":{"type":"Point","coordinates":[-87.329,41.622]},"properties":{"key":"50733-48dcb6d2","layer":"power","name":"Gary Works","state":"IN","detail_file":"data/details/power-plants-14.json","plant_id":"50733","capacity_mw":161.0,"status_group":"Operating","energy_sources":"BFG","type":"Power plant","is_nuclear":false}},{"type":"Feature","geometry":{"type":"Point","coordinates":[-85.558,40.479]},"properties":{"key":"65315-ab6cd39a","layer":"power","name":"Gas City 2","state":"IN","detail_file":"data/details/power-plants-50.json","plant_id":"65315","capacity_mw":1.8,"status_group":"Operating","energy_sources":"SUN","type":"Power plant","is_nuclear":false}},{"type":"Feature","geometry":{"type":"Point","coordinates":[-85.57,40.481]},"properties":{"key":"62767-39df944f","layer":"power","name":"Gas City Solar Park","state":"IN","detail_file":"data/details/power-plants-57.json","plant_id":"62767","capacity_mw":2.5,"status_group":"Operating","energy_sources":"SUN","type":"Power plant","is_nuclear":false}},{"type":"Feature","geometry":{"type":"Point","coordinates":[-85.927,41.537]},"properties":{"key":"60721-2dd753b4","layer":"power","name":"Green Cow Power","state":"IN","detail_file":"data/details/power-plants-62.json","plant_id":"60721","capacity_mw":4.3,"status_group":"Operating","energy_sources":"OBG","type":"Power plant","is_nuclear":false}},{"type":"Feature","geometry":{"type":"Point","coordinates":[-87.436,41.521]},"properties":{"key":"59019-0f795c5a","layer":"power","name":"Griffith","state":"IN","detail_file":"data/details/power-plants-11.json","plant_id":"59019","capacity_mw":2.0,"status_group":"Operating","energy_sources":"SUN","type":"Power plant","is_nuclear":false}},{"type":"Feature","geometry":{"type":"Point","coordinates":[-86.502,40.343]},"properties":{"key":"67852-7baec2bb","layer":"power","name":"Hardy Hills Solar Energy LLC","state":"IN","detail_file":"data/details/power-plants-30.json","plant_id":"67852","capacity_mw":195.0,"status_group":"Operating","energy_sources":"SUN","type":"Power plant","is_nuclear":false}},{"type":"Feature","geometry":{"type":"Point","coordinates":[-85.207,40.052]},"properties":{"key":"62592-03abbf7a","layer":"power","name":"Headwaters Wind Farm II LLC","state":"IN","detail_file":"data/details/power-plants-26.json","plant_id":"62592","capacity_mw":200.0,"status_group":"Operating","energy_sources":"WND","type":"Power plant","is_nuclear":false}},{"type":"Feature","geometry":{"type":"Point","coordinates":[-85.013,40.067]},"properties":{"key":"58416-12404823","layer":"power","name":"Headwaters Wind Farm LLC","state":"IN","detail_file":"data/details/power-plants-42.json","plant_id":"58416","capacity_mw":200.0,"status_group":"Operating","energy_sources":"WND","type":"Power plant","is_nuclear":false}},{"type":"Feature","geometry":{"type":"Point","coordinates":[-87.42,41.679]},"properties":{"key":"55066-b4445e33","layer":"power","name":"Heat Recovery Coke Facility","state":"IN","detail_file":"data/details/power-plants-27.json","plant_id":"55066","capacity_mw":94.6,"status_group":"Operating","energy_sources":"WH","type":"Power plant","is_nuclear":false}},{"type":"Feature","geometry":{"type":"Point","coordinates":[-87.073,41.033]},"properties":{"key":"59260-aa7b9a2a","layer":"power","name":"Hidden View Dairy, LLC","state":"IN","detail_file":"data/details/power-plants-30.json","plant_id":"59260","capacity_mw":1.0,"status_group":"Operating","energy_sources":"NG","type":"Power plant","is_nuclear":false}},{"type":"Feature","geometry":{"type":"Point","coordinates":[-87.308,41.529]},"properties":{"key":"58795-1caec6a6","layer":"power","name":"Hobart Solar, LLC","state":"IN","detail_file":"data/details/power-plants-63.json","plant_id":"58795","capacity_mw":1.0,"status_group":"Operating","energy_sources":"SUN","type":"Power plant","is_nuclear":false}},{"type":"Feature","geometry":{"type":"Point","coordinates":[-86.857,40.797]},"properties":{"key":"65821-fa4484a1","layer":"power","name":"Honey Creek Solar","state":"IN","detail_file":"data/details/power-plants-26.json","plant_id":"65821","capacity_mw":220.0,"status_group":"Planned","energy_sources":"MWH; SUN","type":"Power plant","is_nuclear":false}},{"type":"Feature","geometry":{"type":"Point","coordinates":[-86.464,41.719]},"properties":{"key":"65936-0fa36a1d","layer":"power","name":"Honeysuckle Solar Farm","state":"IN","detail_file":"data/details/power-plants-42.json","plant_id":"65936","capacity_mw":150.0,"status_group":"Operating","energy_sources":"SUN","type":"Power plant","is_nuclear":false}},{"type":"Feature","geometry":{"type":"Point","coordinates":[-86.945,40.851]},"properties":{"key":"67173-e2e44608","layer":"power","name":"Hoosier Line Solar","state":"IN","detail_file":"data/details/power-plants-41.json","plant_id":"67173","capacity_mw":180.0,"status_group":"Planned","energy_sources":"SUN","type":"Power plant","is_nuclear":false}},{"type":"Feature","geometry":{"type":"Point","coordinates":[-87.263,40.718]},"properties":{"key":"56878-6b0314c4","layer":"power","name":"Hoosier Wind Project LLC","state":"IN","detail_file":"data/details/power-plants-58.json","plant_id":"56878","capacity_mw":106.0,"status_group":"Operating","energy_sources":"WND","type":"Power plant","is_nuclear":false}},{"type":"Feature","geometry":{"type":"Point","coordinates":[-85.737,40.052]},"properties":{"key":"60253-b3f54a0a","layer":"power","name":"IMPA Anderson Solar Park","state":"IN","detail_file":"data/details/power-plants-51.json","plant_id":"60253","capacity_mw":5.0,"status_group":"Operating","energy_sources":"SUN","type":"Power plant","is_nuclear":false}},{"type":"Feature","geometry":{"type":"Point","coordinates":[-85.691,40.138]},"properties":{"key":"61054-43378994","layer":"power","name":"IMPA Anderson Solar Park 2","state":"IN","detail_file":"data/details/power-plants-43.json","plant_id":"61054","capacity_mw":8.1,"status_group":"Operating","energy_sources":"SUN","type":"Power plant","is_nuclear":false}},{"type":"Feature","geometry":{"type":"Point","coordinates":[-86.887,40.053]},"properties":{"key":"59483-dc66a2c1","layer":"power","name":"IMPA Crawfordsville Solar Park","state":"IN","detail_file":"data/details/power-plants-24.json","plant_id":"59483","capacity_mw":3.0,"status_group":"Operating","energy_sources":"SUN","type":"Power plant","is_nuclear":false}},{"type":"Feature","geometry":{"type":"Point","coordinates":[-85.775,40.216]},"properties":{"key":"59479-ecf7b61c","layer":"power","name":"IMPA Frankton Solar Park","state":"IN","detail_file":"data/details/power-plants-59.json","plant_id":"59479","capacity_mw":1.0,"status_group":"Operating","energy_sources":"SUN","type":"Power plant","is_nuclear":false}},{"type":"Feature","geometry":{"type":"Point","coordinates":[-85.537,40.065]},"properties":{"key":"66366-37ce607e","layer":"power","name":"IMPA Middletown Solar Park","state":"IN","detail_file":"data/details/power-plants-25.json","plant_id":"66366","capacity_mw":1.4,"status_group":"Operating","energy_sources":"SUN","type":"Power plant","is_nuclear":false}},{"type":"Feature","geometry":{"type":"Point","coordinates":[-86.046,40.768]},"properties":{"key":"59481-c6775f17","layer":"power","name":"IMPA Peru Solar Park","state":"IN","detail_file":"data/details/power-plants-53.json","plant_id":"59481","capacity_mw":3.0,"status_group":"Operating","energy_sources":"SUN","type":"Power plant","is_nuclear":false}},{"type":"Feature","geometry":{"type":"Point","coordinates":[-87.136,40.946]},"properties":{"key":"59480-ec43e77e","layer":"power","name":"IMPA Rensselaer Solar Park","state":"IN","detail_file":"data/details/power-plants-02.json","plant_id":"59480","capacity_mw":1.0,"status_group":"Operating","energy_sources":"SUN","type":"Power plant","is_nuclear":false}},{"type":"Feature","geometry":{"type":"Point","coordinates":[-86.06,40.293]},"properties":{"key":"66937-d93d2b4e","layer":"power","name":"IMPA Tipton 2 Solar Park","state":"IN","detail_file":"data/details/power-plants-62.json","plant_id":"66937","capacity_mw":2.7,"status_group":"Operating","energy_sources":"SUN","type":"Power plant","is_nuclear":false}},{"type":"Feature","geometry":{"type":"Point","coordinates":[-87.242,40.109]},"properties":{"key":"66938-62168288","layer":"power","name":"IMPA Veedersburg Solar Park","state":"IN","detail_file":"data/details/power-plants-17.json","plant_id":"66938","capacity_mw":1.4,"status_group":"Operating","energy_sources":"SUN","type":"Power plant","is_nuclear":false}},{"type":"Feature","geometry":{"type":"Point","coordinates":[-86.577,41.056]},"properties":{"key":"66939-567aaef7","layer":"power","name":"IMPA Winamac Solar Park","state":"IN","detail_file":"data/details/power-plants-00.json","plant_id":"66939","capacity_mw":3.3,"status_group":"Operating","energy_sources":"SUN","type":"Power plant","is_nuclear":false}},{"type":"Feature","geometry":{"type":"Point","coordinates":[-86.852,40.726]},"properties":{"key":"65702-86b2531d","layer":"power","name":"Indiana Crossroads Solar Park","state":"IN","detail_file":"data/details/power-plants-11.json","plant_id":"65702","capacity_mw":200.0,"status_group":"Operating","energy_sources":"SUN","type":"Power plant","is_nuclear":false}},{"type":"Feature","geometry":{"type":"Point","coordinates":[-87.042,40.779]},"properties":{"key":"66861-bf0485dd","layer":"power","name":"Indiana Crossroads Wind Farm II","state":"IN","detail_file":"data/details/power-plants-53.json","plant_id":"66861","capacity_mw":201.6,"status_group":"Operating","energy_sources":"WND","type":"Power plant","is_nuclear":false}},{"type":"Feature","geometry":{"type":"Point","coordinates":[-86.87,40.663]},"properties":{"key":"64230-6addc296","layer":"power","name":"Indiana Crossroads Wind Farm LLC","state":"IN","detail_file":"data/details/power-plants-56.json","plant_id":"64230","capacity_mw":302.4,"status_group":"Operating","energy_sources":"WND","type":"Power plant","is_nuclear":false}},{"type":"Feature","geometry":{"type":"Point","coordinates":[-87.421,41.684]},"properties":{"key":"54995-4348b01b","layer":"power","name":"Indiana Harbor E 5 AC Station","state":"IN","detail_file":"data/details/power-plants-05.json","plant_id":"54995","capacity_mw":90.0,"status_group":"Operating","energy_sources":"BFG","type":"Power plant","is_nuclear":false}},{"type":"Feature","geometry":{"type":"Point","coordinates":[-87.452,41.664]},"properties":{"key":"10397-f222c2da","layer":"power","name":"Indiana Harbor West","state":"IN","detail_file":"data/details/power-plants-24.json","plant_id":"10397","capacity_mw":127.0,"status_group":"Operating","energy_sources":"NG","type":"Power plant","is_nuclear":false}},{"type":"Feature","geometry":{"type":"Point","coordinates":[-87.112,41.156]},"properties":{"key":"69452-f0baf90f","layer":"power","name":"Jasper County Solar Project","state":"IN","detail_file":"data/details/power-plants-56.json","plant_id":"69452","capacity_mw":60.0,"status_group":"Operating","energy_sources":"SUN","type":"Power plant","is_nuclear":false}},{"type":"Feature","geometry":{"type":"Point","coordinates":[-85.088,40.38]},"properties":{"key":"56464-6ffd2f98","layer":"power","name":"Jay County LFGTE","state":"IN","detail_file":"data/details/power-plants-13.json","plant_id":"56464","capacity_mw":3.2,"status_group":"Operating","energy_sources":"LFG","type":"Power plant","is_nuclear":false}},{"type":"Feature","geometry":{"type":"Point","coordinates":[-87.4,40.382]},"properties":{"key":"63389-acbf2952","layer":"power","name":"Jordan Creek Wind Farm, LLC","state":"IN","detail_file":"data/details/power-plants-25.json","plant_id":"63389","capacity_mw":398.6,"status_group":"Operating","energy_sources":"WND","type":"Power plant","is_nuclear":false}},{"type":"Feature","geometry":{"type":"Point","coordinates":[-86.146,40.473]},"properties":{"key":"60864-d845eaac","layer":"power","name":"Kokomo Solar 1, LLC","state":"IN","detail_file":"data/details/power-plants-40.json","plant_id":"60864","capacity_mw":5.4,"status_group":"Operating","energy_sources":"SUN","type":"Power plant","is_nuclear":false}},{"type":"Feature","geometry":{"type":"Point","coordinates":[-85.303,40.525]},"properties":{"key":"68302-fb3d4475","layer":"power","name":"Lake Trout Solar","state":"IN","detail_file":"data/details/power-plants-14.json","plant_id":"68302","capacity_mw":245.0,"status_group":"Planned","energy_sources":"SUN","type":"Power plant","is_nuclear":false}},{"type":"Feature","geometry":{"type":"Point","coordinates":[-86.704,40.886]},"properties":{"key":"56465-782aeac3","layer":"power","name":"Liberty I & II LFGTE","state":"IN","detail_file":"data/details/power-plants-29.json","plant_id":"56465","capacity_mw":12.8,"status_group":"Operating","energy_sources":"LFG; NG","type":"Power plant","is_nuclear":false}},{"type":"Feature","geometry":{"type":"Point","coordinates":[-87.26,41.463]},"properties":{"key":"58496-15a5c1cf","layer":"power","name":"Lincoln Solar","state":"IN","detail_file":"data/details/power-plants-57.json","plant_id":"58496","capacity_mw":1.5,"status_group":"Operating","energy_sources":"SUN","type":"Power plant","is_nuclear":false}},{"type":"Feature","geometry":{"type":"Point","coordinates":[-86.388,40.76]},"properties":{"key":"63861-3ca7c7c1","layer":"power","name":"Logansport Solar","state":"IN","detail_file":"data/details/power-plants-39.json","plant_id":"63861","capacity_mw":16.0,"status_group":"Operating","energy_sources":"SUN","type":"Power plant","is_nuclear":false}},{"type":"Feature","geometry":{"type":"Point","coordinates":[-86.694,41.09]},"properties":{"key":"68514-2d9d08c6","layer":"power","name":"Mammoth Central II Solar Facility","state":"IN","detail_file":"data/details/power-plants-15.json","plant_id":"68514","capacity_mw":300.0,"status_group":"Under construction","energy_sources":"SUN","type":"Power plant","is_nuclear":false}},{"type":"Feature","geometry":{"type":"Point","coordinates":[-86.713,41.091]},"properties":{"key":"66546-62fc407c","layer":"power","name":"Mammoth Central Solar Project","state":"IN","detail_file":"data/details/power-plants-11.json","plant_id":"66546","capacity_mw":300.0,"status_group":"Under construction","energy_sources":"SUN","type":"Power plant","is_nuclear":false}},{"type":"Feature","geometry":{"type":"Point","coordinates":[-86.634,41.199]},"properties":{"key":"65957-a8e38c24","layer":"power","name":"Mammoth North Solar","state":"IN","detail_file":"data/details/power-plants-30.json","plant_id":"65957","capacity_mw":400.0,"status_group":"Operating","energy_sources":"SUN","type":"Power plant","is_nuclear":false}},{"type":"Feature","geometry":{"type":"Point","coordinates":[-86.692,41.095]},"properties":{"key":"66545-eef3fc40","layer":"power","name":"Mammoth South Solar Project","state":"IN","detail_file":"data/details/power-plants-57.json","plant_id":"66545","capacity_mw":300.0,"status_group":"Under construction","energy_sources":"SUN","type":"Power plant","is_nuclear":false}},{"type":"Feature","geometry":{"type":"Point","coordinates":[-86.713,41.055]},"properties":{"key":"66138-008dfdfe","layer":"power","name":"Mayapple Solar 1","state":"IN","detail_file":"data/details/power-plants-47.json","plant_id":"66138","capacity_mw":224.0,"status_group":"Under construction","energy_sources":"SUN","type":"Power plant","is_nuclear":false}},{"type":"Feature","geometry":{"type":"Point","coordinates":[-87.024,40.643]},"properties":{"key":"57112-dc819997","layer":"power","name":"Meadow Lake Wind Farm II LLC","state":"IN","detail_file":"data/details/power-plants-43.json","plant_id":"57112","capacity_mw":102.3,"status_group":"Operating","energy_sources":"WND","type":"Power plant","is_nuclear":false}},{"type":"Feature","geometry":{"type":"Point","coordinates":[-87.019,40.599]},"properties":{"key":"57115-9380541e","layer":"power","name":"Meadow Lake Wind Farm III LLC","state":"IN","detail_file":"data/details/power-plants-28.json","plant_id":"57115","capacity_mw":103.5,"status_group":"Operating","energy_sources":"WND","type":"Power plant","is_nuclear":false}},{"type":"Feature","geometry":{"type":"Point","coordinates":[-87.033,40.678]},"properties":{"key":"57177-c16cb670","layer":"power","name":"Meadow Lake Wind Farm IV","state":"IN","detail_file":"data/details/power-plants-00.json","plant_id":"57177","capacity_mw":105.7,"status_group":"Operating","energy_sources":"WND","type":"Power plant","is_nuclear":false}},{"type":"Feature","geometry":{"type":"Point","coordinates":[-86.935,40.627]},"properties":{"key":"57109-3ec50fee","layer":"power","name":"Meadow Lake Wind Farm LLC","state":"IN","detail_file":"data/details/power-plants-25.json","plant_id":"57109","capacity_mw":199.7,"status_group":"Operating","energy_sources":"WND","type":"Power plant","is_nuclear":false}},{"type":"Feature","geometry":{"type":"Point","coordinates":[-87.021,40.716]},"properties":{"key":"57628-2143c283","layer":"power","name":"Meadow Lake Wind Farm V LLC","state":"IN","detail_file":"data/details/power-plants-58.json","plant_id":"57628","capacity_mw":100.0,"status_group":"Operating","energy_sources":"WND","type":"Power plant","is_nuclear":false}},{"type":"Feature","geometry":{"type":"Point","coordinates":[-87.127,40.693]},"properties":{"key":"61756-ceb74d93","layer":"power","name":"Meadow Lake Wind Farm VI LLC","state":"IN","detail_file":"data/details/power-plants-10.json","plant_id":"61756","capacity_mw":200.4,"status_group":"Operating","energy_sources":"WND","type":"Power plant","is_nuclear":false}},{"type":"Feature","geometry":{"type":"Point","coordinates":[-87.273,41.463]},"properties":{"key":"66114-9753021e","layer":"power","name":"Merrillville Solar","state":"IN","detail_file":"data/details/power-plants-10.json","plant_id":"66114","capacity_mw":100.0,"status_group":"Planned","energy_sources":"SUN","type":"Power plant","is_nuclear":false}},{"type":"Feature","geometry":{"type":"Point","coordinates":[-86.909,41.721]},"properties":{"key":"997-65e9d6fb","layer":"power","name":"Michigan City","state":"IN","detail_file":"data/details/power-plants-20.json","plant_id":"997","capacity_mw":540.0,"status_group":"Operating","energy_sources":"SUB","type":"Power plant","is_nuclear":false}},{"type":"Feature","geometry":{"type":"Point","coordinates":[-85.688,41.697]},"properties":{"key":"60047-b1a1946b","layer":"power","name":"Middlebury Solar","state":"IN","detail_file":"data/details/power-plants-49.json","plant_id":"60047","capacity_mw":1.5,"status_group":"Operating","energy_sources":"SUN","type":"Power plant","is_nuclear":false}},{"type":"Feature","geometry":{"type":"Point","coordinates":[-85.306,40.621]},"properties":{"key":"55229-33e6b03d","layer":"power","name":"Montpelier Electric Generating Station","state":"IN","detail_file":"data/details/power-plants-16.json","plant_id":"55229","capacity_mw":236.0,"status_group":"Operating","energy_sources":"NG","type":"Power plant","is_nuclear":false}},{"type":"Feature","geometry":{"type":"Point","coordinates":[-85.184,40.369]},"properties":{"key":"67966-fbe7b7c1","layer":"power","name":"New Jay PV & BESS","state":"IN","detail_file":"data/details/power-plants-59.json","plant_id":"67966","capacity_mw":39.0,"status_group":"Planned","energy_sources":"SUN","type":"Power plant","is_nuclear":false}},{"type":"Feature","geometry":{"type":"Point","coordinates":[-85.971,40.097]},"properties":{"key":"1007-8f40baeb","layer":"power","name":"Noblesville","state":"IN","detail_file":"data/details/power-plants-51.json","plant_id":"1007","capacity_mw":283.0,"status_group":"Operating","energy_sources":"NG","type":"Power plant","is_nuclear":false}},{"type":"Feature","geometry":{"type":"Point","coordinates":[-86.76,40.78]},"properties":{"key":"998-d3ae515e","layer":"power","name":"Norway (IN)","state":"IN","detail_file":"data/details/power-plants-58.json","plant_id":"998","capacity_mw":7.3,"status_group":"Operating","energy_sources":"WAT","type":"Power plant","is_nuclear":false}},{"type":"Feature","geometry":{"type":"Point","coordinates":[-86.245,41.676]},"properties":{"key":"62918-a785d428","layer":"power","name":"Notre Dame Hydro","state":"IN","detail_file":"data/details/power-plants-60.json","plant_id":"62918","capacity_mw":2.5,"status_group":"Operating","energy_sources":"WAT","type":"Power plant","is_nuclear":false}},{"type":"Feature","geometry":{"type":"Point","coordinates":[-86.342,40.721]},"properties":{"key":"56463-62263069","layer":"power","name":"Oak Ridge LFGTE","state":"IN","detail_file":"data/details/power-plants-42.json","plant_id":"56463","capacity_mw":3.2,"status_group":"Operating","energy_sources":"LFG","type":"Power plant","is_nuclear":false}},{"type":"Feature","geometry":{"type":"Point","coordinates":[-86.753,40.656]},"properties":{"key":"999-12fb5285","layer":"power","name":"Oakdale","state":"IN","detail_file":"data/details/power-plants-47.json","plant_id":"999","capacity_mw":11.8,"status_group":"Operating","energy_sources":"WAT","type":"Power plant","is_nuclear":false}},{"type":"Feature","geometry":{"type":"Point","coordinates":[-86.49,41.7]},"properties":{"key":"59854-70ec7615","layer":"power","name":"OlivePV","state":"IN","detail_file":"data/details/power-plants-60.json","plant_id":"59854","capacity_mw":5.0,"status_group":"Operating","energy_sources":"SUN","type":"Power plant","is_nuclear":false}},{"type":"Feature","geometry":{"type":"Point","coordinates":[-85.804,40.942]},"properties":{"key":"63852-1646adab","layer":"power","name":"POET Biorefining - North Manchester, LLC","state":"IN","detail_file":"data/details/power-plants-17.json","plant_id":"63852","capacity_mw":3.9,"status_group":"Operating","energy_sources":"NG","type":"Power plant","is_nuclear":false}},{"type":"Feature","geometry":{"type":"Point","coordinates":[-85.026,40.414]},"properties":{"key":"63922-afc7d2da","layer":"power","name":"POET Biorefining - Portland","state":"IN","detail_file":"data/details/power-plants-35.json","plant_id":"63922","capacity_mw":3.5,"status_group":"Operating","energy_sources":"NG","type":"Power plant","is_nuclear":false}},{"type":"Feature","geometry":{"type":"Point","coordinates":[-85.654,40.294]},"properties":{"key":"63924-ba99ddcd","layer":"power","name":"POET Biorefining- Alexandria, LLC","state":"IN","detail_file":"data/details/power-plants-60.json","plant_id":"63924","capacity_mw":3.6,"status_group":"Operating","energy_sources":"NG","type":"Power plant","is_nuclear":false}},{"type":"Feature","geometry":{"type":"Point","coordinates":[-86.058,40.755]},"properties":{"key":"1037-f631d9fc","layer":"power","name":"Peru (IN)","state":"IN","detail_file":"data/details/power-plants-05.json","plant_id":"1037","capacity_mw":1.8,"status_group":"Operating","energy_sources":"DFO","type":"Power plant","is_nuclear":false}},{"type":"Feature","geometry":{"type":"Point","coordinates":[-86.105,40.758]},"properties":{"key":"64246-086e419e","layer":"power","name":"Peru 2","state":"IN","detail_file":"data/details/power-plants-30.json","plant_id":"64246","capacity_mw":9.5,"status_group":"Operating","energy_sources":"SUN","type":"Power plant","is_nuclear":false}},{"type":"Feature","geometry":{"type":"Point","coordinates":[-86.106,40.755]},"properties":{"key":"64250-faf25ee0","layer":"power","name":"Peru 3","state":"IN","detail_file":"data/details/power-plants-29.json","plant_id":"64250","capacity_mw":2.9,"status_group":"Operating","energy_sources":"SUN","type":"Power plant","is_nuclear":false}},{"type":"Feature","geometry":{"type":"Point","coordinates":[-87.156,41.561]},"properties":{"key":"60046-f5ab226a","layer":"power","name":"Portage Solar","state":"IN","detail_file":"data/details/power-plants-49.json","plant_id":"60046","capacity_mw":1.5,"status_group":"Operating","energy_sources":"SUN","type":"Power plant","is_nuclear":false}},{"type":"Feature","geometry":{"type":"Point","coordinates":[-87.173,41.632]},"properties":{"key":"55096-4fdba89f","layer":"power","name":"Portside Energy","state":"IN","detail_file":"data/details/power-plants-43.json","plant_id":"55096","capacity_mw":61.0,"status_group":"Operating","energy_sources":"NG","type":"Power plant","is_nuclear":false}},{"type":"Feature","geometry":{"type":"Point","coordinates":[-86.166,41.494]},"properties":{"key":"54926-4446642f","layer":"power","name":"Prairie View I & II LFGTE","state":"IN","detail_file":"data/details/power-plants-59.json","plant_id":"54926","capacity_mw":6.4,"status_group":"Operating","energy_sources":"NG","type":"Power plant","is_nuclear":false}},{"type":"Feature","geometry":{"type":"Point","coordinates":[-86.844,40.376]},"properties":{"key":"64854-30da1e50","layer":"power","name":"Primient","state":"IN","detail_file":"data/details/power-plants-18.json","plant_id":"64854","capacity_mw":61.8,"status_group":"Operating","energy_sources":"NG","type":"Power plant","is_nuclear":false}},{"type":"Feature","geometry":{"type":"Point","coordinates":[-86.915,40.417]},"properties":{"key":"65400-d7bddcdb","layer":"power","name":"Purdue CHP","state":"IN","detail_file":"data/details/power-plants-00.json","plant_id":"65400","capacity_mw":13.3,"status_group":"Operating","energy_sources":"NG","type":"Power plant","is_nuclear":false}},{"type":"Feature","geometry":{"type":"Point","coordinates":[-86.912,40.417]},"properties":{"key":"50240-bda33fe2","layer":"power","name":"Purdue University","state":"IN","detail_file":"data/details/power-plants-09.json","plant_id":"50240","capacity_mw":43.3,"status_group":"Operating","energy_sources":"DFO; NG","type":"Power plant","is_nuclear":false}},{"type":"Feature","geometry":{"type":"Point","coordinates":[-87.026,41.216]},"properties":{"key":"6085-b1aadc51","layer":"power","name":"R M Schahfer","state":"IN","detail_file":"data/details/power-plants-02.json","plant_id":"6085","capacity_mw":1105.0,"status_group":"Operating","energy_sources":"BIT; NG","type":"Power plant","is_nuclear":false}},{"type":"Feature","geometry":{"type":"Point","coordinates":[-87.026,41.216]},"properties":{"key":"6085-025cffc6","layer":"power","name":"R M Schahfer","state":"IN","detail_file":"data/details/power-plants-30.json","plant_id":"6085","capacity_mw":448.3,"status_group":"Under construction","energy_sources":"NG","type":"Power plant","is_nuclear":false}},{"type":"Feature","geometry":{"type":"Point","coordinates":[-87.148,40.95]},"properties":{"key":"61799-9c1d26a3","layer":"power","name":"Rensselaer Solar Site 2","state":"IN","detail_file":"data/details/power-plants-20.json","plant_id":"61799","capacity_mw":3.8,"status_group":"Operating","energy_sources":"SUN","type":"Power plant","is_nuclear":false}},{"type":"Feature","geometry":{"type":"Point","coordinates":[-85.127,40.056]},"properties":{"key":"66269-0947eb60","layer":"power","name":"Riverstart Solar Park III","state":"IN","detail_file":"data/details/power-plants-45.json","plant_id":"66269","capacity_mw":100.0,"status_group":"Operating","energy_sources":"SUN","type":"Power plant","is_nuclear":false}},{"type":"Feature","geometry":{"type":"Point","coordinates":[-85.175,40.121]},"properties":{"key":"68894-f78687ad","layer":"power","name":"Riverstart Solar Park IV","state":"IN","detail_file":"data/details/power-plants-38.json","plant_id":"68894","capacity_mw":150.0,"status_group":"Operating","energy_sources":"SUN","type":"Power plant","is_nuclear":false}},{"type":"Feature","geometry":{"type":"Point","coordinates":[-85.045,40.046]},"properties":{"key":"64553-3d0834de","layer":"power","name":"Riverstart Solar Park LLC","state":"IN","detail_file":"data/details/power-plants-48.json","plant_id":"64553","capacity_mw":200.0,"status_group":"Operating","energy_sources":"SUN","type":"Power plant","is_nuclear":false}},{"type":"Feature","geometry":{"type":"Point","coordinates":[-85.197,40.404]},"properties":{"key":"65471-e04497d6","layer":"power","name":"Rose Gold Solar","state":"IN","detail_file":"data/details/power-plants-00.json","plant_id":"65471","capacity_mw":100.0,"status_group":"Planned","energy_sources":"SUN","type":"Power plant","is_nuclear":false}},{"type":"Feature","geometry":{"type":"Point","coordinates":[-86.875,40.771]},"properties":{"key":"62891-e4b7c00f","layer":"power","name":"Rosewater Wind Farm","state":"IN","detail_file":"data/details/power-plants-48.json","plant_id":"62891","capacity_mw":102.0,"status_group":"Operating","energy_sources":"WND","type":"Power plant","is_nuclear":false}},{"type":"Feature","geometry":{"type":"Point","coordinates":[-86.86,40.444]},"properties":{"key":"50903-99411ec9","layer":"power","name":"Sagamore Plant Cogeneration","state":"IN","detail_file":"data/details/power-plants-58.json","plant_id":"50903","capacity_mw":7.4,"status_group":"Operating","energy_sources":"NG","type":"Power plant","is_nuclear":false}},{"type":"Feature","geometry":{"type":"Point","coordinates":[-84.844,41.365]},"properties":{"key":"66238-695145c6","layer":"power","name":"Sculpin Solar","state":"IN","detail_file":"data/details/power-plants-30.json","plant_id":"66238","capacity_mw":180.0,"status_group":"Planned","energy_sources":"SUN","type":"Power plant","is_nuclear":false}},{"type":"Feature","geometry":{"type":"Point","coordinates":[-86.215,40.14]},"properties":{"key":"63213-362ec588","layer":"power","name":"Sheridan School Corporation Solar","state":"IN","detail_file":"data/details/power-plants-60.json","plant_id":"63213","capacity_mw":1.5,"status_group":"Operating","energy_sources":"SUN","type":"Power plant","is_nuclear":false}},{"type":"Feature","geometry":{"type":"Point","coordinates":[-86.48,41.699]},"properties":{"key":"57794-2ffdc271","layer":"power","name":"St Joseph Energy Center","state":"IN","detail_file":"data/details/power-plants-40.json","plant_id":"57794","capacity_mw":780.0,"status_group":"Operating","energy_sources":"NG","type":"Power plant","is_nuclear":false}},{"type":"Feature","geometry":{"type":"Point","coordinates":[-86.108,41.731]},"properties":{"key":"63801-d26f188a","layer":"power","name":"St. Joseph Solar","state":"IN","detail_file":"data/details/power-plants-22.json","plant_id":"63801","capacity_mw":20.0,"status_group":"Operating","energy_sources":"SUN","type":"Power plant","is_nuclear":false}},{"type":"Feature","geometry":{"type":"Point","coordinates":[-87.15,40.52]},"properties":{"key":"68179-d529095a","layer":"power","name":"Templeton Wind","state":"IN","detail_file":"data/details/power-plants-19.json","plant_id":"68179","capacity_mw":200.2,"status_group":"Under construction","energy_sources":"WND","type":"Power plant","is_nuclear":false}},{"type":"Feature","geometry":{"type":"Point","coordinates":[-86.94,40.421]},"properties":{"key":"63137-cfcd4f91","layer":"power","name":"Tippecanoe Solar Power Plant","state":"IN","detail_file":"data/details/power-plants-32.json","plant_id":"63137","capacity_mw":1.6,"status_group":"Operating","energy_sources":"SUN","type":"Power plant","is_nuclear":false}},{"type":"Feature","geometry":{"type":"Point","coordinates":[-86.077,40.276]},"properties":{"key":"62305-6153c49f","layer":"power","name":"Tipton Solar Park","state":"IN","detail_file":"data/details/power-plants-24.json","plant_id":"62305","capacity_mw":5.3,"status_group":"Operating","energy_sources":"SUN","type":"Power plant","is_nuclear":false}},{"type":"Feature","geometry":{"type":"Point","coordinates":[-86.132,41.665]},"properties":{"key":"989-32f76cc8","layer":"power","name":"Twin Branch","state":"IN","detail_file":"data/details/power-plants-14.json","plant_id":"989","capacity_mw":4.8,"status_group":"Operating","energy_sources":"WAT","type":"Power plant","is_nuclear":false}},{"type":"Feature","geometry":{"type":"Point","coordinates":[-86.12,41.69]},"properties":{"key":"59861-dbb6593e","layer":"power","name":"Twin Branch PV","state":"IN","detail_file":"data/details/power-plants-41.json","plant_id":"59861","capacity_mw":2.6,"status_group":"Operating","energy_sources":"SUN","type":"Power plant","is_nuclear":false}},{"type":"Feature","geometry":{"type":"Point","coordinates":[-86.776,40.715]},"properties":{"key":"67696-e0cb415f","layer":"power","name":"Twin Lakes Solar LLC","state":"IN","detail_file":"data/details/power-plants-54.json","plant_id":"67696","capacity_mw":150.0,"status_group":"Operating","energy_sources":"SUN","type":"Power plant","is_nuclear":false}},{"type":"Feature","geometry":{"type":"Point","coordinates":[-86.237,41.709]},"properties":{"key":"50366-120bb07d","layer":"power","name":"University of Notre Dame","state":"IN","detail_file":"data/details/power-plants-00.json","plant_id":"50366","capacity_mw":39.6,"status_group":"Operating","energy_sources":"DFO; NG","type":"Power plant","is_nuclear":false}},{"type":"Feature","geometry":{"type":"Point","coordinates":[-87.161,41.502]},"properties":{"key":"58797-0f446aee","layer":"power","name":"Valparaiso Solar, LLC","state":"IN","detail_file":"data/details/power-plants-54.json","plant_id":"58797","capacity_mw":1.0,"status_group":"Operating","energy_sources":"SUN","type":"Power plant","is_nuclear":false}},{"type":"Feature","geometry":{"type":"Point","coordinates":[-86.487,41.455]},"properties":{"key":"65068-63f17fff","layer":"power","name":"Walkerton","state":"IN","detail_file":"data/details/power-plants-16.json","plant_id":"65068","capacity_mw":1.1,"status_group":"Operating","energy_sources":"SUN","type":"Power plant","is_nuclear":false}},{"type":"Feature","geometry":{"type":"Point","coordinates":[-85.044,41.434]},"properties":{"key":"58796-99e03a30","layer":"power","name":"Waterloo Solar, LLC","state":"IN","detail_file":"data/details/power-plants-03.json","plant_id":"58796","capacity_mw":1.0,"status_group":"Operating","energy_sources":"SUN","type":"Power plant","is_nuclear":false}},{"type":"Feature","geometry":{"type":"Point","coordinates":[-87.478,41.674]},"properties":{"key":"55259-95ff0a79","layer":"power","name":"Whiting Clean Energy","state":"IN","detail_file":"data/details/power-plants-46.json","plant_id":"55259","capacity_mw":576.8,"status_group":"Operating","energy_sources":"NG","type":"Power plant","is_nuclear":false}},{"type":"Feature","geometry":{"type":"Point","coordinates":[-87.48,41.67]},"properties":{"key":"52130-2c0f1f94","layer":"power","name":"Whiting Refinery","state":"IN","detail_file":"data/details/power-plants-47.json","plant_id":"52130","capacity_mw":83.8,"status_group":"Operating","energy_sources":"OG","type":"Power plant","is_nuclear":false}},{"type":"Feature","geometry":{"type":"Point","coordinates":[-85.843,40.349]},"properties":{"key":"57862-e153118a","layer":"power","name":"Wildcat Wind Farm I, LLC","state":"IN","detail_file":"data/details/power-plants-22.json","plant_id":"57862","capacity_mw":200.0,"status_group":"Operating","energy_sources":"WND","type":"Power plant","is_nuclear":false}},{"type":"Feature","geometry":{"type":"Point","coordinates":[-86.246,41.238]},"properties":{"key":"59425-aefc3905","layer":"power","name":"Zimmerman Energy","state":"IN","detail_file":"data/details/power-plants-01.json","plant_id":"59425","capacity_mw":7.6,"status_group":"Operating","energy_sources":"LFG","type":"Power plant","is_nuclear":false}},{"type":"Feature","geometry":{"type":"Point","coordinates":[-85.049,42.327]},"properties":{"key":"64456-485164e2","layer":"power","name":"13 Mile Solar, LLC","state":"MI","detail_file":"data/details/power-plants-50.json","plant_id":"64456","capacity_mw":2.0,"status_group":"Operating","energy_sources":"SUN","type":"Power plant","is_nuclear":false}},{"type":"Feature","geometry":{"type":"Point","coordinates":[-86.085,42.755]},"properties":{"key":"7268-d0ed3114","layer":"power","name":"491 E 48th Street","state":"MI","detail_file":"data/details/power-plants-22.json","plant_id":"7268","capacity_mw":161.7,"status_group":"Operating","energy_sources":"NG","type":"Power plant","is_nuclear":false}},{"type":"Feature","geometry":{"type":"Point","coordinates":[-85.494,42.963]},"properties":{"key":"10819-1ce3dba1","layer":"power","name":"Ada Cogeneration LP","state":"MI","detail_file":"data/details/power-plants-55.json","plant_id":"10819","capacity_mw":33.1,"status_group":"Operating","energy_sources":"NG","type":"Power plant","is_nuclear":false}},{"type":"Feature","geometry":{"type":"Point","coordinates":[-85.486,42.951]},"properties":{"key":"50433-6d00986d","layer":"power","name":"Ada Dam","state":"MI","detail_file":"data/details/power-plants-54.json","plant_id":"50433","capacity_mw":1.4,"status_group":"Operating","energy_sources":"WAT","type":"Power plant","is_nuclear":false}},{"type":"Feature","geometry":{"type":"Point","coordinates":[-85.954,42.564]},"properties":{"key":"1694-50bf88b5","layer":"power","name":"Allegan Dam","state":"MI","detail_file":"data/details/power-plants-13.json","plant_id":"1694","capacity_mw":2.6,"status_group":"Operating","energy_sources":"WAT","type":"Power plant","is_nuclear":false}},{"type":"Feature","geometry":{"type":"Point","coordinates":[-85.007,41.835]},"properties":{"key":"64500-e87eea9b","layer":"power","name":"Angola Solar, LLC","state":"MI","detail_file":"data/details/power-plants-46.json","plant_id":"64500","capacity_mw":2.0,"status_group":"Operating","energy_sources":"SUN","type":"Power plant","is_nuclear":false}},{"type":"Feature","geometry":{"type":"Point","coordinates":[-85.204,42.322]},"properties":{"key":"58052-1bdacdaf","layer":"power","name":"Battle Creek Mill","state":"MI","detail_file":"data/details/power-plants-45.json","plant_id":"58052","capacity_mw":2.0,"status_group":"Operating","energy_sources":"NG","type":"Power plant","is_nuclear":false}},{"type":"Feature","geometry":{"type":"Point","coordinates":[-84.5,43.257]},"properties":{"key":"58020-e9e3f882","layer":"power","name":"Beebe 1A","state":"MI","detail_file":"data/details/power-plants-15.json","plant_id":"58020","capacity_mw":81.6,"status_group":"Operating","energy_sources":"WND","type":"Power plant","is_nuclear":false}},{"type":"Feature","geometry":{"type":"Point","coordinates":[-84.5,43.257]},"properties":{"key":"58908-16f9227d","layer":"power","name":"Beebe 1B","state":"MI","detail_file":"data/details/power-plants-51.json","plant_id":"58908","capacity_mw":50.4,"status_group":"Operating","energy_sources":"WND","type":"Power plant","is_nuclear":false}},{"type":"Feature","geometry":{"type":"Point","coordinates":[-86.329,41.944]},"properties":{"key":"1753-ac640f08","layer":"power","name":"Berrien Springs","state":"MI","detail_file":"data/details/power-plants-14.json","plant_id":"1753","capacity_mw":7.2,"status_group":"Operating","energy_sources":"WAT","type":"Power plant","is_nuclear":false}},{"type":"Feature","geometry":{"type":"Point","coordinates":[-84.528,43.012]},"properties":{"key":"63321-62a1093b","layer":"power","name":"Bingham Solar, LLC","state":"MI","detail_file":"data/details/power-plants-47.json","plant_id":"63321","capacity_mw":20.0,"status_group":"Operating","energy_sources":"SUN","type":"Power plant","is_nuclear":false}},{"type":"Feature","geometry":{"type":"Point","coordinates":[-85.724,43.007]},"properties":{"key":"65029-a6aab148","layer":"power","name":"Bissell Solar and Battery Generator","state":"MI","detail_file":"data/details/power-plants-39.json","plant_id":"65029","capacity_mw":1.1,"status_group":"Operating","energy_sources":"MWH; SUN","type":"Power plant","is_nuclear":false}},{"type":"Feature","geometry":{"type":"Point","coordinates":[-84.477,42.505]},"properties":{"key":"66105-39bc71d3","layer":"power","name":"Blue Elk II Solar, LLC","state":"MI","detail_file":"data/details/power-plants-32.json","plant_id":"66105","capacity_mw":20.0,"status_group":"Operating","energy_sources":"SUN","type":"Power plant","is_nuclear":false}},{"type":"Feature","geometry":{"type":"Point","coordinates":[-84.593,42.516]},"properties":{"key":"66103-fed41915","layer":"power","name":"Blue Elk III Solar, LLC","state":"MI","detail_file":"data/details/power-plants-20.json","plant_id":"66103","capacity_mw":20.0,"status_group":"Operating","energy_sources":"SUN","type":"Power plant","is_nuclear":false}},{"type":"Feature","geometry":{"type":"Point","coordinates":[-84.035,41.941]},"properties":{"key":"66102-9b375449","layer":"power","name":"Blue Elk IV Solar, LLC","state":"MI","detail_file":"data/details/power-plants-13.json","plant_id":"66102","capacity_mw":20.0,"status_group":"Operating","energy_sources":"SUN","type":"Power plant","is_nuclear":false}},{"type":"Feature","geometry":{"type":"Point","coordinates":[-85.073,41.883]},"properties":{"key":"66697-b2cae5ad","layer":"power","name":"Branch Solar Project","state":"MI","detail_file":"data/details/power-plants-13.json","plant_id":"66697","capacity_mw":200.0,"status_group":"Operating","energy_sources":"SUN","type":"Power plant","is_nuclear":false}},{"type":"Feature","geometry":{"type":"Point","coordinates":[-85.673,42.781]},"properties":{"key":"56851-f3057dd0","layer":"power","name":"Bryon Center","state":"MI","detail_file":"data/details/power-plants-02.json","plant_id":"56851","capacity_mw":4.8,"status_group":"Operating","energy_sources":"LFG","type":"Power plant","is_nuclear":false}},{"type":"Feature","geometry":{"type":"Point","coordinates":[-86.351,41.84]},"properties":{"key":"1754-9412c7c7","layer":"power","name":"Buchanan (MI)","state":"MI","detail_file":"data/details/power-plants-49.json","plant_id":"1754","capacity_mw":4.4,"status_group":"Operating","energy_sources":"WAT","type":"Power plant","is_nuclear":false}},{"type":"Feature","geometry":{"type":"Point","coordinates":[-84.674,41.96]},"properties":{"key":"64499-e57d06ad","layer":"power","name":"Bullhead Solar, LLC","state":"MI","detail_file":"data/details/power-plants-61.json","plant_id":"64499","capacity_mw":2.0,"status_group":"Operating","energy_sources":"SUN","type":"Power plant","is_nuclear":false}},{"type":"Feature","geometry":{"type":"Point","coordinates":[-85.39,43.044]},"properties":{"key":"67100-63c052ce","layer":"power","name":"Byrne Solar, LLC","state":"MI","detail_file":"data/details/power-plants-40.json","plant_id":"67100","capacity_mw":5.0,"status_group":"Operating","energy_sources":"SUN","type":"Power plant","is_nuclear":false}},{"type":"Feature","geometry":{"type":"Point","coordinates":[-84.813,42.254]},"properties":{"key":"64452-08c5f50c","layer":"power","name":"Calhoun County Solar Project","state":"MI","detail_file":"data/details/power-plants-42.json","plant_id":"64452","capacity_mw":125.0,"status_group":"Operating","energy_sources":"SUN","type":"Power plant","is_nuclear":false}},{"type":"Feature","geometry":{"type":"Point","coordinates":[-85.049,42.339]},"properties":{"key":"64856-392c722d","layer":"power","name":"Calhoun Solar","state":"MI","detail_file":"data/details/power-plants-20.json","plant_id":"64856","capacity_mw":200.0,"status_group":"Operating","energy_sources":"SUN","type":"Power plant","is_nuclear":false}},{"type":"Feature","geometry":{"type":"Point","coordinates":[-85.499,42.909]},"properties":{"key":"50436-283842bb","layer":"power","name":"Cascade Dam (MI)","state":"MI","detail_file":"data/details/power-plants-37.json","plant_id":"50436","capacity_mw":1.6,"status_group":"Operating","energy_sources":"WAT","type":"Power plant","is_nuclear":false}},{"type":"Feature","geometry":{"type":"Point","coordinates":[-84.55,43.95]},"properties":{"key":"69464-4df8630c","layer":"power","name":"Cedar Field Solar Park","state":"MI","detail_file":"data/details/power-plants-49.json","plant_id":"69464","capacity_mw":145.0,"status_group":"Under construction","energy_sources":"SUN","type":"Power plant","is_nuclear":false}},{"type":"Feature","geometry":{"type":"Point","coordinates":[-84.135,42.084]},"properties":{"key":"64567-122e5f76","layer":"power","name":"Cement City Solar, LLC","state":"MI","detail_file":"data/details/power-plants-63.json","plant_id":"64567","capacity_mw":20.0,"status_group":"Operating","energy_sources":"SUN","type":"Power plant","is_nuclear":false}},{"type":"Feature","geometry":{"type":"Point","coordinates":[-85.506,43.333]},"properties":{"key":"63977-6b0e27a8","layer":"power","name":"Central Generating","state":"MI","detail_file":"data/details/power-plants-33.json","plant_id":"63977","capacity_mw":4.0,"status_group":"Operating","energy_sources":"LFG","type":"Power plant","is_nuclear":false}},{"type":"Feature","geometry":{"type":"Point","coordinates":[-84.779,43.59]},"properties":{"key":"56190-fc8397de","layer":"power","name":"Central Michigan University","state":"MI","detail_file":"data/details/power-plants-60.json","plant_id":"56190","capacity_mw":4.8,"status_group":"Operating","energy_sources":"NG","type":"Power plant","is_nuclear":false}},{"type":"Feature","geometry":{"type":"Point","coordinates":[-85.032,42.306]},"properties":{"key":"66389-0d464d5e","layer":"power","name":"Cereal City Solar, LLC","state":"MI","detail_file":"data/details/power-plants-53.json","plant_id":"66389","capacity_mw":100.0,"status_group":"Operating","energy_sources":"SUN","type":"Power plant","is_nuclear":false}},{"type":"Feature","geometry":{"type":"Point","coordinates":[-85.347,42.934]},"properties":{"key":"58254-6db34ee0","layer":"power","name":"Chatham","state":"MI","detail_file":"data/details/power-plants-21.json","plant_id":"58254","capacity_mw":7.3,"status_group":"Operating","energy_sources":"NG","type":"Power plant","is_nuclear":false}},{"type":"Feature","geometry":{"type":"Point","coordinates":[-85.855,42.731]},"properties":{"key":"1880-581d5941","layer":"power","name":"Claude Vandyke","state":"MI","detail_file":"data/details/power-plants-56.json","plant_id":"1880","capacity_mw":24.8,"status_group":"Operating","energy_sources":"NG","type":"Power plant","is_nuclear":false}},{"type":"Feature","geometry":{"type":"Point","coordinates":[-85.003,41.938]},"properties":{"key":"69471-eb303d2f","layer":"power","name":"Cold Creek Solar Park","state":"MI","detail_file":"data/details/power-plants-41.json","plant_id":"69471","capacity_mw":100.0,"status_group":"Under construction","energy_sources":"SUN","type":"Power plant","is_nuclear":false}},{"type":"Feature","geometry":{"type":"Point","coordinates":[-85.024,41.919]},"properties":{"key":"59467-65fdd1f6","layer":"power","name":"Coldwater Peaking Plant","state":"MI","detail_file":"data/details/power-plants-56.json","plant_id":"59467","capacity_mw":12.9,"status_group":"Operating","energy_sources":"NG","type":"Power plant","is_nuclear":false}},{"type":"Feature","geometry":{"type":"Point","coordinates":[-85.032,41.892]},"properties":{"key":"68183-c6aada06","layer":"power","name":"Coldwater River Solar","state":"MI","detail_file":"data/details/power-plants-61.json","plant_id":"68183","capacity_mw":150.0,"status_group":"Operating","energy_sources":"SUN","type":"Power plant","is_nuclear":false}},{"type":"Feature","geometry":{"type":"Point","coordinates":[-84.095,42.659]},"properties":{"key":"1725-467dbf08","layer":"power","name":"Colfax","state":"MI","detail_file":"data/details/power-plants-37.json","plant_id":"1725","capacity_mw":13.5,"status_group":"Operating","energy_sources":"DFO","type":"Power plant","is_nuclear":false}},{"type":"Feature","geometry":{"type":"Point","coordinates":[-85.669,41.844]},"properties":{"key":"1760-468d1f9a","layer":"power","name":"Constantine","state":"MI","detail_file":"data/details/power-plants-11.json","plant_id":"1760","capacity_mw":1.2,"status_group":"Operating","energy_sources":"WAT","type":"Power plant","is_nuclear":false}},{"type":"Feature","geometry":{"type":"Point","coordinates":[-85.956,43.047]},"properties":{"key":"54756-705ed849","layer":"power","name":"Coopersville","state":"MI","detail_file":"data/details/power-plants-19.json","plant_id":"54756","capacity_mw":6.4,"status_group":"Operating","energy_sources":"LFG","type":"Power plant","is_nuclear":false}},{"type":"Feature","geometry":{"type":"Point","coordinates":[-84.477,41.935]},"properties":{"key":"63686-57ef771c","layer":"power","name":"Crescent Wind Park","state":"MI","detail_file":"data/details/power-plants-16.json","plant_id":"63686","capacity_mw":150.0,"status_group":"Operating","energy_sources":"WND","type":"Power plant","is_nuclear":false}},{"type":"Feature","geometry":{"type":"Point","coordinates":[-85.664,43.437]},"properties":{"key":"1701-8aef7fa6","layer":"power","name":"Croton","state":"MI","detail_file":"data/details/power-plants-49.json","plant_id":"1701","capacity_mw":8.9,"status_group":"Operating","energy_sources":"WAT","type":"Power plant","is_nuclear":false}},{"type":"Feature","geometry":{"type":"Point","coordinates":[-84.997,41.934]},"properties":{"key":"61435-7a90e0bc","layer":"power","name":"DG AMP Solar Coldwater","state":"MI","detail_file":"data/details/power-plants-19.json","plant_id":"61435","capacity_mw":1.3,"status_group":"Operating","energy_sources":"SUN","type":"Power plant","is_nuclear":false}},{"type":"Feature","geometry":{"type":"Point","coordinates":[-84.658,42.691]},"properties":{"key":"63259-0ea0a624","layer":"power","name":"Delta Energy Park","state":"MI","detail_file":"data/details/power-plants-26.json","plant_id":"63259","capacity_mw":263.2,"status_group":"Operating","energy_sources":"NG","type":"Power plant","is_nuclear":false}},{"type":"Feature","geometry":{"type":"Point","coordinates":[-84.701,42.7]},"properties":{"key":"61954-73049e02","layer":"power","name":"Delta Solar Power I","state":"MI","detail_file":"data/details/power-plants-27.json","plant_id":"61954","capacity_mw":8.1,"status_group":"Operating","energy_sources":"SUN","type":"Power plant","is_nuclear":false}},{"type":"Feature","geometry":{"type":"Point","coordinates":[-84.7,42.707]},"properties":{"key":"61955-493a41fe","layer":"power","name":"Delta Solar Power II","state":"MI","detail_file":"data/details/power-plants-52.json","plant_id":"61955","capacity_mw":15.9,"status_group":"Operating","energy_sources":"SUN","type":"Power plant","is_nuclear":false}},{"type":"Feature","geometry":{"type":"Point","coordinates":[-86.565,41.976]},"properties":{"key":"6000-5a7b9034","layer":"power","name":"Donald C Cook","state":"MI","detail_file":"data/details/power-plants-61.json","plant_id":"6000","capacity_mw":2285.3,"status_group":"Operating","energy_sources":"NUC","type":"Nuclear power plant","is_nuclear":true}},{"type":"Feature","geometry":{"type":"Point","coordinates":[-84.219,43.309]},"properties":{"key":"68898-77d818c4","layer":"power","name":"Eagle Creek Solar Park LLC","state":"MI","detail_file":"data/details/power-plants-44.json","plant_id":"68898","capacity_mw":120.0,"status_group":"Under construction","energy_sources":"SUN","type":"Power plant","is_nuclear":false}},{"type":"Feature","geometry":{"type":"Point","coordinates":[-85.45,41.75]},"properties":{"key":"64097-ee068356","layer":"power","name":"Electric City Solar","state":"MI","detail_file":"data/details/power-plants-58.json","plant_id":"64097","capacity_mw":15.0,"status_group":"Operating","energy_sources":"SUN","type":"Power plant","is_nuclear":false}},{"type":"Feature","geometry":{"type":"Point","coordinates":[-85.012,43.122]},"properties":{"key":"67754-dc9265b1","layer":"power","name":"Fish Creek Solar Park","state":"MI","detail_file":"data/details/power-plants-58.json","plant_id":"67754","capacity_mw":146.2,"status_group":"Operating","energy_sources":"SUN","type":"Power plant","is_nuclear":false}},{"type":"Feature","geometry":{"type":"Point","coordinates":[-84.896,42.869]},"properties":{"key":"1851-19f83d40","layer":"power","name":"Frank Jenkins","state":"MI","detail_file":"data/details/power-plants-33.json","plant_id":"1851","capacity_mw":3.8,"status_group":"Operating","energy_sources":"DFO","type":"Power plant","is_nuclear":false}},{"type":"Feature","geometry":{"type":"Point","coordinates":[-85.976,43.46]},"properties":{"key":"59785-325b00d0","layer":"power","name":"Fremont Community Digester, LLC","state":"MI","detail_file":"data/details/power-plants-27.json","plant_id":"59785","capacity_mw":5.8,"status_group":"Operating","energy_sources":"OBG","type":"Power plant","is_nuclear":false}},{"type":"Feature","geometry":{"type":"Point","coordinates":[-86.259,41.82]},"properties":{"key":"10656-41330a98","layer":"power","name":"French Paper Hydro","state":"MI","detail_file":"data/details/power-plants-20.json","plant_id":"10656","capacity_mw":1.3,"status_group":"Operating","energy_sources":"WAT","type":"Power plant","is_nuclear":false}},{"type":"Feature","geometry":{"type":"Point","coordinates":[-85.052,43.311]},"properties":{"key":"69170-27b5aea4","layer":"power","name":"Freshwater Solar II, LLC","state":"MI","detail_file":"data/details/power-plants-35.json","plant_id":"69170","capacity_mw":100.0,"status_group":"Under construction","energy_sources":"SUN","type":"Power plant","is_nuclear":false}},{"type":"Feature","geometry":{"type":"Point","coordinates":[-85.04,43.338]},"properties":{"key":"69169-73ec6f70","layer":"power","name":"Freshwater Solar, LLC","state":"MI","detail_file":"data/details/power-plants-60.json","plant_id":"69169","capacity_mw":200.0,"status_group":"Under construction","energy_sources":"SUN","type":"Power plant","is_nuclear":false}},{"type":"Feature","geometry":{"type":"Point","coordinates":[-85.006,42.356]},"properties":{"key":"55597-da86dd4e","layer":"power","name":"GRS C&C","state":"MI","detail_file":"data/details/power-plants-26.json","plant_id":"55597","capacity_mw":6.0,"status_group":"Operating","energy_sources":"LFG","type":"Power plant","is_nuclear":false}},{"type":"Feature","geometry":{"type":"Point","coordinates":[-84.119,43.434]},"properties":{"key":"64459-f2f4ec3f","layer":"power","name":"Geddes 1 Solar, LLC","state":"MI","detail_file":"data/details/power-plants-36.json","plant_id":"64459","capacity_mw":2.0,"status_group":"Operating","energy_sources":"SUN","type":"Power plant","is_nuclear":false}},{"type":"Feature","geometry":{"type":"Point","coordinates":[-84.119,43.428]},"properties":{"key":"64498-097be1ca","layer":"power","name":"Geddes 2 Solar, LLC","state":"MI","detail_file":"data/details/power-plants-39.json","plant_id":"64498","capacity_mw":2.0,"status_group":"Operating","energy_sources":"SUN","type":"Power plant","is_nuclear":false}},{"type":"Feature","geometry":{"type":"Point","coordinates":[-86.049,41.897]},"properties":{"key":"68061-e21ada52","layer":"power","name":"Gemstone Solar LLC","state":"MI","detail_file":"data/details/power-plants-24.json","plant_id":"68061","capacity_mw":150.0,"status_group":"Under construction","energy_sources":"SUN","type":"Power plant","is_nuclear":false}},{"type":"Feature","geometry":{"type":"Point","coordinates":[-85.426,43.839]},"properties":{"key":"1877-975bba5a","layer":"power","name":"George Johnson","state":"MI","detail_file":"data/details/power-plants-12.json","plant_id":"1877","capacity_mw":51.0,"status_group":"Operating","energy_sources":"DFO; NG","type":"Power plant","is_nuclear":false}},{"type":"Feature","geometry":{"type":"Point","coordinates":[-84.696,42.791]},"properties":{"key":"10532-fba3cc70","layer":"power","name":"Grand River","state":"MI","detail_file":"data/details/power-plants-54.json","plant_id":"10532","capacity_mw":3.2,"status_group":"Operating","energy_sources":"LFG","type":"Power plant","is_nuclear":false}},{"type":"Feature","geometry":{"type":"Point","coordinates":[-85.901,42.953]},"properties":{"key":"60118-2c451a8c","layer":"power","name":"Grand Valley Solar Gardens","state":"MI","detail_file":"data/details/power-plants-48.json","plant_id":"60118","capacity_mw":3.0,"status_group":"Operating","energy_sources":"SUN","type":"Power plant","is_nuclear":false}},{"type":"Feature","geometry":{"type":"Point","coordinates":[-84.462,43.408]},"properties":{"key":"58677-ffbe8c4a","layer":"power","name":"Gratiot County Wind LLC","state":"MI","detail_file":"data/details/power-plants-35.json","plant_id":"58677","capacity_mw":110.4,"status_group":"Operating","energy_sources":"WND","type":"Power plant","is_nuclear":false}},{"type":"Feature","geometry":{"type":"Point","coordinates":[-84.865,43.169]},"properties":{"key":"63687-76848e2c","layer":"power","name":"Gratiot Farms Wind Project","state":"MI","detail_file":"data/details/power-plants-28.json","plant_id":"63687","capacity_mw":150.0,"status_group":"Operating","energy_sources":"WND","type":"Power plant","is_nuclear":false}},{"type":"Feature","geometry":{"type":"Point","coordinates":[-84.498,43.437]},"properties":{"key":"68850-6b40ab6d","layer":"power","name":"Gratiot Solar Park","state":"MI","detail_file":"data/details/power-plants-28.json","plant_id":"68850","capacity_mw":50.0,"status_group":"Under construction","energy_sources":"SUN","type":"Power plant","is_nuclear":false}},{"type":"Feature","geometry":{"type":"Point","coordinates":[-84.498,43.434]},"properties":{"key":"57421-4f33bf7f","layer":"power","name":"Gratiot Wind Park","state":"MI","detail_file":"data/details/power-plants-63.json","plant_id":"57421","capacity_mw":102.0,"status_group":"Operating","energy_sources":"WND","type":"Power plant","is_nuclear":false}},{"type":"Feature","geometry":{"type":"Point","coordinates":[-85.122,41.942]},"properties":{"key":"66109-9fb79388","layer":"power","name":"Greenstone Solar, LLC","state":"MI","detail_file":"data/details/power-plants-49.json","plant_id":"66109","capacity_mw":20.0,"status_group":"Operating","energy_sources":"SUN","type":"Power plant","is_nuclear":false}},{"type":"Feature","geometry":{"type":"Point","coordinates":[-85.63,43.487]},"properties":{"key":"1707-686e900f","layer":"power","name":"Hardy","state":"MI","detail_file":"data/details/power-plants-40.json","plant_id":"1707","capacity_mw":31.5,"status_group":"Operating","energy_sources":"WAT","type":"Power plant","is_nuclear":false}},{"type":"Feature","geometry":{"type":"Point","coordinates":[-86.366,43.704]},"properties":{"key":"1827-cdead766","layer":"power","name":"Hart","state":"MI","detail_file":"data/details/power-plants-50.json","plant_id":"1827","capacity_mw":5.1,"status_group":"Operating","energy_sources":"DFO; NG","type":"Power plant","is_nuclear":false}},{"type":"Feature","geometry":{"type":"Point","coordinates":[-86.321,43.693]},"properties":{"key":"66778-ba2f184b","layer":"power","name":"Hart Solar Project","state":"MI","detail_file":"data/details/power-plants-56.json","plant_id":"66778","capacity_mw":120.0,"status_group":"Under construction","energy_sources":"SUN","type":"Power plant","is_nuclear":false}},{"type":"Feature","geometry":{"type":"Point","coordinates":[-85.296,42.679]},"properties":{"key":"69385-661a74fb","layer":"power","name":"Hastings Generating Facility","state":"MI","detail_file":"data/details/power-plants-08.json","plant_id":"69385","capacity_mw":1.6,"status_group":"Under construction","energy_sources":"LFG","type":"Power plant","is_nuclear":false}},{"type":"Feature","geometry":{"type":"Point","coordinates":[-85.454,43.402]},"properties":{"key":"64497-79943ae2","layer":"power","name":"Hazel Solar, LLC","state":"MI","detail_file":"data/details/power-plants-58.json","plant_id":"64497","capacity_mw":2.0,"status_group":"Operating","energy_sources":"SUN","type":"Power plant","is_nuclear":false}},{"type":"Feature","geometry":{"type":"Point","coordinates":[-84.633,43.214]},"properties":{"key":"66192-d34e54a6","layer":"power","name":"Heartland Farms","state":"MI","detail_file":"data/details/power-plants-49.json","plant_id":"66192","capacity_mw":200.0,"status_group":"Operating","energy_sources":"WND","type":"Power plant","is_nuclear":false}},{"type":"Feature","geometry":{"type":"Point","coordinates":[-84.734,41.934]},"properties":{"key":"67677-21efb625","layer":"power","name":"Heartwood Solar","state":"MI","detail_file":"data/details/power-plants-28.json","plant_id":"67677","capacity_mw":150.0,"status_group":"Operating","energy_sources":"SUN","type":"Power plant","is_nuclear":false}},{"type":"Feature","geometry":{"type":"Point","coordinates":[-84.632,41.906]},"properties":{"key":"1829-4f8618b5","layer":"power","name":"Hillsdale","state":"MI","detail_file":"data/details/power-plants-13.json","plant_id":"1829","capacity_mw":11.6,"status_group":"Operating","energy_sources":"NG","type":"Power plant","is_nuclear":false}},{"type":"Feature","geometry":{"type":"Point","coordinates":[-86.092,42.792]},"properties":{"key":"59093-1cb6c6d5","layer":"power","name":"Holland Energy Park","state":"MI","detail_file":"data/details/power-plants-45.json","plant_id":"59093","capacity_mw":149.4,"status_group":"Operating","energy_sources":"NG","type":"Power plant","is_nuclear":false}},{"type":"Feature","geometry":{"type":"Point","coordinates":[-85.538,41.971]},"properties":{"key":"1856-83b4d554","layer":"power","name":"Hydro Plant","state":"MI","detail_file":"data/details/power-plants-42.json","plant_id":"1856","capacity_mw":2.2,"status_group":"Operating","energy_sources":"WAT","type":"Power plant","is_nuclear":false}},{"type":"Feature","geometry":{"type":"Point","coordinates":[-86.221,41.862]},"properties":{"key":"55460-0392ee1b","layer":"power","name":"Indeck Niles Energy Center","state":"MI","detail_file":"data/details/power-plants-47.json","plant_id":"55460","capacity_mw":1174.4,"status_group":"Operating","energy_sources":"NG","type":"Power plant","is_nuclear":false}},{"type":"Feature","geometry":{"type":"Point","coordinates":[-84.788,43.684]},"properties":{"key":"63601-a2ab3784","layer":"power","name":"Isabella Wind Park","state":"MI","detail_file":"data/details/power-plants-10.json","plant_id":"63601","capacity_mw":383.5,"status_group":"Operating","energy_sources":"WND","type":"Power plant","is_nuclear":false}},{"type":"Feature","geometry":{"type":"Point","coordinates":[-86.201,42.91]},"properties":{"key":"1710-28f81a40","layer":"power","name":"J H Campbell","state":"MI","detail_file":"data/details/power-plants-22.json","plant_id":"1710","capacity_mw":1560.8,"status_group":"Operating","energy_sources":"SUB","type":"Power plant","is_nuclear":false}},{"type":"Feature","geometry":{"type":"Point","coordinates":[-84.657,42.282]},"properties":{"key":"69647-ec9e8272","layer":"power","name":"Jackson County Solar, LLC","state":"MI","detail_file":"data/details/power-plants-55.json","plant_id":"69647","capacity_mw":125.0,"status_group":"Under construction","energy_sources":"SUN","type":"Power plant","is_nuclear":false}},{"type":"Feature","geometry":{"type":"Point","coordinates":[-84.377,42.249]},"properties":{"key":"55270-3e27b153","layer":"power","name":"Jackson Generating Station","state":"MI","detail_file":"data/details/power-plants-62.json","plant_id":"55270","capacity_mw":649.0,"status_group":"Operating","energy_sources":"NG","type":"Power plant","is_nuclear":false}},{"type":"Feature","geometry":{"type":"Point","coordinates":[-85.495,42.281]},"properties":{"key":"55101-32fe5866","layer":"power","name":"Kalamazoo River Generating Station","state":"MI","detail_file":"data/details/power-plants-18.json","plant_id":"55101","capacity_mw":77.4,"status_group":"Operating","energy_sources":"NG","type":"Power plant","is_nuclear":false}},{"type":"Feature","geometry":{"type":"Point","coordinates":[-85.693,42.95]},"properties":{"key":"50860-4cf747b8","layer":"power","name":"Kent County Waste to Energy Facility","state":"MI","detail_file":"data/details/power-plants-48.json","plant_id":"50860","capacity_mw":18.0,"status_group":"Operating","energy_sources":"MSW","type":"Power plant","is_nuclear":false}},{"type":"Feature","geometry":{"type":"Point","coordinates":[-86.335,43.872]},"properties":{"key":"57984-99c5b614","layer":"power","name":"Lake Winds Energy Park","state":"MI","detail_file":"data/details/power-plants-62.json","plant_id":"57984","capacity_mw":100.8,"status_group":"Operating","energy_sources":"WND","type":"Power plant","is_nuclear":false}},{"type":"Feature","geometry":{"type":"Point","coordinates":[-84.552,42.72]},"properties":{"key":"58427-14b40a18","layer":"power","name":"Lansing BWL REO Town Plant","state":"MI","detail_file":"data/details/power-plants-30.json","plant_id":"58427","capacity_mw":98.0,"status_group":"Operating","energy_sources":"NG","type":"Power plant","is_nuclear":false}},{"type":"Feature","geometry":{"type":"Point","coordinates":[-84.135,42.275]},"properties":{"key":"64568-abb0947e","layer":"power","name":"Letts Creek Solar, LLC","state":"MI","detail_file":"data/details/power-plants-09.json","plant_id":"64568","capacity_mw":15.0,"status_group":"Operating","energy_sources":"SUN","type":"Power plant","is_nuclear":false}},{"type":"Feature","geometry":{"type":"Point","coordinates":[-85.474,42.363]},"properties":{"key":"68744-4659cdab","layer":"power","name":"Liberty Solar Energy Center","state":"MI","detail_file":"data/details/power-plants-02.json","plant_id":"68744","capacity_mw":220.0,"status_group":"Under construction","energy_sources":"SUN","type":"Power plant","is_nuclear":false}},{"type":"Feature","geometry":{"type":"Point","coordinates":[-86.214,43.217]},"properties":{"key":"60102-4437503a","layer":"power","name":"Lorin Industries","state":"MI","detail_file":"data/details/power-plants-20.json","plant_id":"60102","capacity_mw":3.2,"status_group":"Operating","energy_sources":"NG","type":"Power plant","is_nuclear":false}},{"type":"Feature","geometry":{"type":"Point","coordinates":[-86.445,43.894]},"properties":{"key":"1713-ded6fb79","layer":"power","name":"Ludington","state":"MI","detail_file":"data/details/power-plants-11.json","plant_id":"1713","capacity_mw":1978.8,"status_group":"Operating","energy_sources":"WAT","type":"Power plant","is_nuclear":false}},{"type":"Feature","geometry":{"type":"Point","coordinates":[-84.143,42.966]},"properties":{"key":"65347-5faf9d76","layer":"power","name":"Lyons Road","state":"MI","detail_file":"data/details/power-plants-20.json","plant_id":"65347","capacity_mw":20.0,"status_group":"Operating","energy_sources":"SUN","type":"Power plant","is_nuclear":false}},{"type":"Feature","geometry":{"type":"Point","coordinates":[-84.962,42.234]},"properties":{"key":"63911-80599c3e","layer":"power","name":"MEC North","state":"MI","detail_file":"data/details/power-plants-63.json","plant_id":"63911","capacity_mw":500.0,"status_group":"Under construction","energy_sources":"NG","type":"Power plant","is_nuclear":false}},{"type":"Feature","geometry":{"type":"Point","coordinates":[-84.959,42.237]},"properties":{"key":"63912-5f8f7ca0","layer":"power","name":"MEC South","state":"MI","detail_file":"data/details/power-plants-15.json","plant_id":"63912","capacity_mw":500.0,"status_group":"Under construction","energy_sources":"NG","type":"Power plant","is_nuclear":false}},{"type":"Feature","geometry":{"type":"Point","coordinates":[-86.353,43.437]},"properties":{"key":"65346-8dc99b41","layer":"power","name":"Macbeth Solar","state":"MI","detail_file":"data/details/power-plants-32.json","plant_id":"65346","capacity_mw":20.0,"status_group":"Operating","energy_sources":"SUN","type":"Power plant","is_nuclear":false}},{"type":"Feature","geometry":{"type":"Point","coordinates":[-84.941,42.272]},"properties":{"key":"1844-9033fc59","layer":"power","name":"Marshall (MI)","state":"MI","detail_file":"data/details/power-plants-03.json","plant_id":"1844","capacity_mw":9.8,"status_group":"Operating","energy_sources":"NG; WAT","type":"Power plant","is_nuclear":false}},{"type":"Feature","geometry":{"type":"Point","coordinates":[-84.34,43.462]},"properties":{"key":"65328-b3c8ffd3","layer":"power","name":"Meridian Wind Park","state":"MI","detail_file":"data/details/power-plants-30.json","plant_id":"65328","capacity_mw":225.0,"status_group":"Operating","energy_sources":"WND","type":"Power plant","is_nuclear":false}},{"type":"Feature","geometry":{"type":"Point","coordinates":[-86.425,43.938]},"properties":{"key":"54915-693f9d52","layer":"power","name":"Michigan Power LP","state":"MI","detail_file":"data/details/power-plants-54.json","plant_id":"54915","capacity_mw":138.1,"status_group":"Operating","energy_sources":"NG","type":"Power plant","is_nuclear":false}},{"type":"Feature","geometry":{"type":"Point","coordinates":[-84.158,42.971]},"properties":{"key":"66108-49125e81","layer":"power","name":"Midcontinent Solar, LLC","state":"MI","detail_file":"data/details/power-plants-17.json","plant_id":"66108","capacity_mw":20.0,"status_group":"Operating","energy_sources":"SUN","type":"Power plant","is_nuclear":false}},{"type":"Feature","geometry":{"type":"Point","coordinates":[-84.224,43.586]},"properties":{"key":"10745-84a1a7e8","layer":"power","name":"Midland Cogeneration Venture","state":"MI","detail_file":"data/details/power-plants-53.json","plant_id":"10745","capacity_mw":1853.8,"status_group":"Operating","energy_sources":"DFO; NG","type":"Power plant","is_nuclear":false}},{"type":"Feature","geometry":{"type":"Point","coordinates":[-84.785,43.684]},"properties":{"key":"67756-f6faea53","layer":"power","name":"Mission Road Solar Park","state":"MI","detail_file":"data/details/power-plants-37.json","plant_id":"67756","capacity_mw":172.0,"status_group":"Operating","energy_sources":"SUN","type":"Power plant","is_nuclear":false}},{"type":"Feature","geometry":{"type":"Point","coordinates":[-85.751,41.806]},"properties":{"key":"1761-a6b708bb","layer":"power","name":"Mottville","state":"MI","detail_file":"data/details/power-plants-61.json","plant_id":"1761","capacity_mw":1.6,"status_group":"Operating","energy_sources":"WAT","type":"Power plant","is_nuclear":false}},{"type":"Feature","geometry":{"type":"Point","coordinates":[-86.034,42.813]},"properties":{"key":"56504-0e64305d","layer":"power","name":"Municipal Power Plant","state":"MI","detail_file":"data/details/power-plants-50.json","plant_id":"56504","capacity_mw":2.0,"status_group":"Operating","energy_sources":"NG","type":"Power plant","is_nuclear":false}},{"type":"Feature","geometry":{"type":"Point","coordinates":[-86.03,42.401]},"properties":{"key":"70089-9e2934b9","layer":"power","name":"Murch Solar, LLC","state":"MI","detail_file":"data/details/power-plants-00.json","plant_id":"70089","capacity_mw":85.0,"status_group":"Under construction","energy_sources":"SUN","type":"Power plant","is_nuclear":false}},{"type":"Feature","geometry":{"type":"Point","coordinates":[-85.993,43.233]},"properties":{"key":"65572-74ca600f","layer":"power","name":"Muskegon Solar","state":"MI","detail_file":"data/details/power-plants-17.json","plant_id":"65572","capacity_mw":250.0,"status_group":"Operating","energy_sources":"SUN","type":"Power plant","is_nuclear":false}},{"type":"Feature","geometry":{"type":"Point","coordinates":[-86.294,42.322]},"properties":{"key":"55297-4fc8cf4e","layer":"power","name":"New Covert Generating Facility","state":"MI","detail_file":"data/details/power-plants-39.json","plant_id":"55297","capacity_mw":1176.0,"status_group":"Operating","energy_sources":"NG","type":"Power plant","is_nuclear":false}},{"type":"Feature","geometry":{"type":"Point","coordinates":[-85.696,42.463]},"properties":{"key":"55799-74a14d39","layer":"power","name":"Otsego Mill Power Plant","state":"MI","detail_file":"data/details/power-plants-08.json","plant_id":"55799","capacity_mw":21.2,"status_group":"Operating","energy_sources":"NG","type":"Power plant","is_nuclear":false}},{"type":"Feature","geometry":{"type":"Point","coordinates":[-86.315,42.323]},"properties":{"key":"1715-6d761a9c","layer":"power","name":"Palisades","state":"MI","detail_file":"data/details/power-plants-12.json","plant_id":"1715","capacity_mw":811.8,"status_group":"Operating","energy_sources":"NUC","type":"Nuclear power plant","is_nuclear":true}},{"type":"Feature","geometry":{"type":"Point","coordinates":[-85.65,42.26]},"properties":{"key":"61909-3a1afefe","layer":"power","name":"Parkview Battery","state":"MI","detail_file":"data/details/power-plants-06.json","plant_id":"61909","capacity_mw":1.1,"status_group":"Operating","energy_sources":"MWH","type":"Power plant","is_nuclear":false}},{"type":"Feature","geometry":{"type":"Point","coordinates":[-84.684,43.431]},"properties":{"key":"67941-bfb61d7c","layer":"power","name":"Pine River Solar Park","state":"MI","detail_file":"data/details/power-plants-39.json","plant_id":"67941","capacity_mw":80.0,"status_group":"Operating","energy_sources":"SUN","type":"Power plant","is_nuclear":false}},{"type":"Feature","geometry":{"type":"Point","coordinates":[-84.697,43.524]},"properties":{"key":"61106-d8c257df","layer":"power","name":"Pine River Wind Park","state":"MI","detail_file":"data/details/power-plants-51.json","plant_id":"61106","capacity_mw":161.3,"status_group":"Operating","energy_sources":"WND","type":"Power plant","is_nuclear":false}},{"type":"Feature","geometry":{"type":"Point","coordinates":[-84.529,43.208]},"properties":{"key":"67757-4493e84a","layer":"power","name":"Polaris Solar Park","state":"MI","detail_file":"data/details/power-plants-45.json","plant_id":"67757","capacity_mw":100.0,"status_group":"Operating","energy_sources":"SUN","type":"Power plant","is_nuclear":false}},{"type":"Feature","geometry":{"type":"Point","coordinates":[-84.5,43.263]},"properties":{"key":"62290-4ccbd4ad","layer":"power","name":"Polaris Wind Park","state":"MI","detail_file":"data/details/power-plants-63.json","plant_id":"62290","capacity_mw":168.6,"status_group":"Operating","energy_sources":"WND","type":"Power plant","is_nuclear":false}},{"type":"Feature","geometry":{"type":"Point","coordinates":[-84.225,43.518]},"properties":{"key":"69468-928559e3","layer":"power","name":"Poseyville Solar Park","state":"MI","detail_file":"data/details/power-plants-19.json","plant_id":"69468","capacity_mw":206.4,"status_group":"Under construction","energy_sources":"SUN","type":"Power plant","is_nuclear":false}},{"type":"Feature","geometry":{"type":"Point","coordinates":[-86.097,42.472]},"properties":{"key":"64581-b217aa99","layer":"power","name":"Pullman Solar, LLC","state":"MI","detail_file":"data/details/power-plants-03.json","plant_id":"64581","capacity_mw":20.0,"status_group":"Operating","energy_sources":"SUN","type":"Power plant","is_nuclear":false}},{"type":"Feature","geometry":{"type":"Point","coordinates":[-84.843,43.186]},"properties":{"key":"55402-36085096","layer":"power","name":"Renaissance Power Plant","state":"MI","detail_file":"data/details/power-plants-09.json","plant_id":"55402","capacity_mw":782.0,"status_group":"Operating","energy_sources":"NG","type":"Power plant","is_nuclear":false}},{"type":"Feature","geometry":{"type":"Point","coordinates":[-86.005,42.833]},"properties":{"key":"56503-dbcd5480","layer":"power","name":"Riley Generating Station","state":"MI","detail_file":"data/details/power-plants-01.json","plant_id":"56503","capacity_mw":10.0,"status_group":"Operating","energy_sources":"NG","type":"Power plant","is_nuclear":false}},{"type":"Feature","geometry":{"type":"Point","coordinates":[-84.756,42.281]},"properties":{"key":"67008-29b11b51","layer":"power","name":"River Fork Solar, LLC","state":"MI","detail_file":"data/details/power-plants-41.json","plant_id":"67008","capacity_mw":149.0,"status_group":"Operating","energy_sources":"SUN","type":"Power plant","is_nuclear":false}},{"type":"Feature","geometry":{"type":"Point","coordinates":[-85.479,43.613]},"properties":{"key":"1716-1990b76a","layer":"power","name":"Rogers","state":"MI","detail_file":"data/details/power-plants-07.json","plant_id":"1716","capacity_mw":6.8,"status_group":"Operating","energy_sources":"WAT","type":"Power plant","is_nuclear":false}},{"type":"Feature","geometry":{"type":"Point","coordinates":[-85.103,42.062]},"properties":{"key":"67942-c2e69b16","layer":"power","name":"Sauk Solar Park","state":"MI","detail_file":"data/details/power-plants-17.json","plant_id":"67942","capacity_mw":150.0,"status_group":"Operating","energy_sources":"SUN","type":"Power plant","is_nuclear":false}},{"type":"Feature","geometry":{"type":"Point","coordinates":[-84.757,42.3]},"properties":{"key":"67102-a988c1e7","layer":"power","name":"Shipsterns Solar, LLC","state":"MI","detail_file":"data/details/power-plants-59.json","plant_id":"67102","capacity_mw":20.0,"status_group":"Operating","energy_sources":"SUN","type":"Power plant","is_nuclear":false}},{"type":"Feature","geometry":{"type":"Point","coordinates":[-86.324,41.809]},"properties":{"key":"59574-e0792c57","layer":"power","name":"Southeast Berrien Generating Facility","state":"MI","detail_file":"data/details/power-plants-55.json","plant_id":"59574","capacity_mw":4.8,"status_group":"Operating","energy_sources":"LFG","type":"Power plant","is_nuclear":false}},{"type":"Feature","geometry":{"type":"Point","coordinates":[-84.482,42.715]},"properties":{"key":"60945-c0fc88d7","layer":"power","name":"Spartan PV 1, LLC","state":"MI","detail_file":"data/details/power-plants-61.json","plant_id":"60945","capacity_mw":10.5,"status_group":"Operating","energy_sources":"SUN","type":"Power plant","is_nuclear":false}},{"type":"Feature","geometry":{"type":"Point","coordinates":[-85.238,42.202]},"properties":{"key":"67999-f877a14d","layer":"power","name":"Spring Creek Agri-Energy Center","state":"MI","detail_file":"data/details/power-plants-08.json","plant_id":"67999","capacity_mw":140.0,"status_group":"Under construction","energy_sources":"SUN","type":"Power plant","is_nuclear":false}},{"type":"Feature","geometry":{"type":"Point","coordinates":[-84.601,43.402]},"properties":{"key":"1852-32b8b69c","layer":"power","name":"St Louis","state":"MI","detail_file":"data/details/power-plants-36.json","plant_id":"1852","capacity_mw":5.6,"status_group":"Operating","energy_sources":"DFO; WAT","type":"Power plant","is_nuclear":false}},{"type":"Feature","geometry":{"type":"Point","coordinates":[-85.426,41.799]},"properties":{"key":"1855-0cd6f93d","layer":"power","name":"Sturgis City Diesel Plant","state":"MI","detail_file":"data/details/power-plants-16.json","plant_id":"1855","capacity_mw":6.0,"status_group":"Operating","energy_sources":"NG","type":"Power plant","is_nuclear":false}},{"type":"Feature","geometry":{"type":"Point","coordinates":[-85.006,42.247]},"properties":{"key":"68745-3f67e0cd","layer":"power","name":"Sunfish Solar 2","state":"MI","detail_file":"data/details/power-plants-14.json","plant_id":"68745","capacity_mw":360.0,"status_group":"Under construction","energy_sources":"SUN","type":"Power plant","is_nuclear":false}},{"type":"Feature","geometry":{"type":"Point","coordinates":[-84.49,42.388]},"properties":{"key":"67267-b92a7873","layer":"power","name":"Surbrook Solar, LLC","state":"MI","detail_file":"data/details/power-plants-53.json","plant_id":"67267","capacity_mw":10.0,"status_group":"Operating","energy_sources":"SUN","type":"Power plant","is_nuclear":false}},{"type":"Feature","geometry":{"type":"Point","coordinates":[-84.749,43.859]},"properties":{"key":"67197-76f72bd7","layer":"power","name":"Surrey Road","state":"MI","detail_file":"data/details/power-plants-06.json","plant_id":"67197","capacity_mw":2.0,"status_group":"Operating","energy_sources":"SUN","type":"Power plant","is_nuclear":false}},{"type":"Feature","geometry":{"type":"Point","coordinates":[-84.484,42.718]},"properties":{"key":"10328-ad165f4c","layer":"power","name":"T B Simon Power Plant","state":"MI","detail_file":"data/details/power-plants-01.json","plant_id":"10328","capacity_mw":127.5,"status_group":"Operating","energy_sources":"NG","type":"Power plant","is_nuclear":false}},{"type":"Feature","geometry":{"type":"Point","coordinates":[-84.484,42.718]},"properties":{"key":"10328-84cc695c","layer":"power","name":"T B Simon Power Plant","state":"MI","detail_file":"data/details/power-plants-63.json","plant_id":"10328","capacity_mw":15.0,"status_group":"Under construction","energy_sources":"NG","type":"Power plant","is_nuclear":false}},{"type":"Feature","geometry":{"type":"Point","coordinates":[-84.788,42.256]},"properties":{"key":"58330-ededd470","layer":"power","name":"The Andersons Albion Ethanol LLC","state":"MI","detail_file":"data/details/power-plants-25.json","plant_id":"58330","capacity_mw":10.1,"status_group":"Operating","energy_sources":"NG","type":"Power plant","is_nuclear":false}},{"type":"Feature","geometry":{"type":"Point","coordinates":[-84.978,41.961]},"properties":{"key":"68424-ee8e7538","layer":"power","name":"Tibbits Energy Storage","state":"MI","detail_file":"data/details/power-plants-45.json","plant_id":"68424","capacity_mw":104.9,"status_group":"Operating","energy_sources":"MWH","type":"Power plant","is_nuclear":false}},{"type":"Feature","geometry":{"type":"Point","coordinates":[-85.138,42.829]},"properties":{"key":"68843-d2104b51","layer":"power","name":"Tupper Lake Wind","state":"MI","detail_file":"data/details/power-plants-17.json","plant_id":"68843","capacity_mw":200.0,"status_group":"Under construction","energy_sources":"WND","type":"Power plant","is_nuclear":false}},{"type":"Feature","geometry":{"type":"Point","coordinates":[-84.914,43.402]},"properties":{"key":"1881-ab59686d","layer":"power","name":"Vestaburg","state":"MI","detail_file":"data/details/power-plants-01.json","plant_id":"1881","capacity_mw":23.7,"status_group":"Operating","energy_sources":"NG","type":"Power plant","is_nuclear":false}},{"type":"Feature","geometry":{"type":"Point","coordinates":[-84.8,43.991]},"properties":{"key":"57024-c4896b8b","layer":"power","name":"Waste Management Northern Oaks LFGTE","state":"MI","detail_file":"data/details/power-plants-38.json","plant_id":"57024","capacity_mw":1.6,"status_group":"Operating","energy_sources":"LFG","type":"Power plant","is_nuclear":false}},{"type":"Feature","geometry":{"type":"Point","coordinates":[-86.28,42.176]},"properties":{"key":"58546-dca08855","layer":"power","name":"Watervliet","state":"MI","detail_file":"data/details/power-plants-36.json","plant_id":"58546","capacity_mw":4.0,"status_group":"Operating","energy_sources":"LFG","type":"Power plant","is_nuclear":false}},{"type":"Feature","geometry":{"type":"Point","coordinates":[-86.23,42.19]},"properties":{"key":"59853-82d01ca1","layer":"power","name":"Watervliet PV","state":"MI","detail_file":"data/details/power-plants-39.json","plant_id":"59853","capacity_mw":4.6,"status_group":"Operating","energy_sources":"SUN","type":"Power plant","is_nuclear":false}},{"type":"Feature","geometry":{"type":"Point","coordinates":[-84.903,42.953]},"properties":{"key":"1722-c3740189","layer":"power","name":"Webber","state":"MI","detail_file":"data/details/power-plants-47.json","plant_id":"1722","capacity_mw":4.3,"status_group":"Operating","energy_sources":"WAT","type":"Power plant","is_nuclear":false}},{"type":"Feature","geometry":{"type":"Point","coordinates":[-85.643,42.252]},"properties":{"key":"60117-316afeb3","layer":"power","name":"Western Michigan Solar Gardens","state":"MI","detail_file":"data/details/power-plants-61.json","plant_id":"60117","capacity_mw":1.0,"status_group":"Operating","energy_sources":"SUN","type":"Power plant","is_nuclear":false}},{"type":"Feature","geometry":{"type":"Point","coordinates":[-85.606,42.28]},"properties":{"key":"58161-d557b7a6","layer":"power","name":"Western Michigan University Power Plant","state":"MI","detail_file":"data/details/power-plants-62.json","plant_id":"58161","capacity_mw":16.7,"status_group":"Operating","energy_sources":"NG","type":"Power plant","is_nuclear":false}},{"type":"Feature","geometry":{"type":"Point","coordinates":[-84.522,43.988]},"properties":{"key":"67103-0916eafe","layer":"power","name":"Willford Solar, LLC","state":"MI","detail_file":"data/details/power-plants-32.json","plant_id":"67103","capacity_mw":20.0,"status_group":"Operating","energy_sources":"SUN","type":"Power plant","is_nuclear":false}},{"type":"Feature","geometry":{"type":"Point","coordinates":[-86.056,42.807]},"properties":{"key":"1867-7ae03c23","layer":"power","name":"Zeeland","state":"MI","detail_file":"data/details/power-plants-07.json","plant_id":"1867","capacity_mw":22.3,"status_group":"Operating","energy_sources":"NG","type":"Power plant","is_nuclear":false}},{"type":"Feature","geometry":{"type":"Point","coordinates":[-85.986,42.813]},"properties":{"key":"58704-98419f77","layer":"power","name":"Zeeland Farm Services","state":"MI","detail_file":"data/details/power-plants-51.json","plant_id":"58704","capacity_mw":3.2,"status_group":"Operating","energy_sources":"OBG","type":"Power plant","is_nuclear":false}},{"type":"Feature","geometry":{"type":"Point","coordinates":[-85.998,42.821]},"properties":{"key":"55087-dc8f2314","layer":"power","name":"Zeeland Generating Station","state":"MI","detail_file":"data/details/power-plants-34.json","plant_id":"55087","capacity_mw":968.2,"status_group":"Operating","energy_sources":"NG","type":"Power plant","is_nuclear":false}},{"type":"Feature","geometry":{"type":"Point","coordinates":[-84.111,41.407]},"properties":{"key":"58082-543950e8","layer":"power","name":"AMP Napoleon Solar Facility","state":"OH","detail_file":"data/details/power-plants-33.json","plant_id":"58082","capacity_mw":3.5,"status_group":"Operating","energy_sources":"SUN","type":"Power plant","is_nuclear":false}},{"type":"Feature","geometry":{"type":"Point","coordinates":[-84.306,41.672]},"properties":{"key":"65402-0f335122","layer":"power","name":"Arche Energy Project, LLC","state":"OH","detail_file":"data/details/power-plants-36.json","plant_id":"65402","capacity_mw":107.0,"status_group":"Operating","energy_sources":"SUN","type":"Power plant","is_nuclear":false}},{"type":"Feature","geometry":{"type":"Point","coordinates":[-84.4,41.237]},"properties":{"key":"7657-96657421","layer":"power","name":"Auglaize Hydro","state":"OH","detail_file":"data/details/power-plants-30.json","plant_id":"7657","capacity_mw":3.6,"status_group":"Operating","energy_sources":"WAT","type":"Power plant","is_nuclear":false}},{"type":"Feature","geometry":{"type":"Point","coordinates":[-84.562,40.932]},"properties":{"key":"57449-d521a498","layer":"power","name":"Blue Creek Wind Project","state":"OH","detail_file":"data/details/power-plants-01.json","plant_id":"57449","capacity_mw":302.0,"status_group":"Operating","energy_sources":"WND","type":"Power plant","is_nuclear":false}},{"type":"Feature","geometry":{"type":"Point","coordinates":[-84.274,41.092]},"properties":{"key":"66249-320c4bd4","layer":"power","name":"Blue Harvest Solar Park","state":"OH","detail_file":"data/details/power-plants-41.json","plant_id":"66249","capacity_mw":49.9,"status_group":"Operating","energy_sources":"SUN","type":"Power plant","is_nuclear":false}},{"type":"Feature","geometry":{"type":"Point","coordinates":[-84.543,41.472]},"properties":{"key":"2903-bfcf9685","layer":"power","name":"Bryan (OH)","state":"OH","detail_file":"data/details/power-plants-41.json","plant_id":"2903","capacity_mw":39.3,"status_group":"Operating","energy_sources":"DFO; NG","type":"Power plant","is_nuclear":false}},{"type":"Feature","geometry":{"type":"Point","coordinates":[-84.527,41.461]},"properties":{"key":"7779-d9afe443","layer":"power","name":"Bryan Peaking","state":"OH","detail_file":"data/details/power-plants-20.json","plant_id":"7779","capacity_mw":10.8,"status_group":"Operating","energy_sources":"DFO","type":"Power plant","is_nuclear":false}},{"type":"Feature","geometry":{"type":"Point","coordinates":[-84.586,41.476]},"properties":{"key":"58381-ee3496a5","layer":"power","name":"Bryan Solar Field","state":"OH","detail_file":"data/details/power-plants-54.json","plant_id":"58381","capacity_mw":2.1,"status_group":"Operating","energy_sources":"SUN","type":"Power plant","is_nuclear":false}},{"type":"Feature","geometry":{"type":"Point","coordinates":[-84.591,40.541]},"properties":{"key":"58665-73fecf60","layer":"power","name":"Celina Solar Project #1, LLC","state":"OH","detail_file":"data/details/power-plants-38.json","plant_id":"58665","capacity_mw":4.0,"status_group":"Operating","energy_sources":"SUN","type":"Power plant","is_nuclear":false}},{"type":"Feature","geometry":{"type":"Point","coordinates":[-84.57,40.906]},"properties":{"key":"57570-2908f2a4","layer":"power","name":"Cooper Farms VW Project","state":"OH","detail_file":"data/details/power-plants-19.json","plant_id":"57570","capacity_mw":4.5,"status_group":"Operating","energy_sources":"WND","type":"Power plant","is_nuclear":false}},{"type":"Feature","geometry":{"type":"Point","coordinates":[-84.047,40.445]},"properties":{"key":"61438-cbc06516","layer":"power","name":"DG AMP Solar Jackson Center","state":"OH","detail_file":"data/details/power-plants-60.json","plant_id":"61438","capacity_mw":1.6,"status_group":"Operating","energy_sources":"SUN","type":"Power plant","is_nuclear":false}},{"type":"Feature","geometry":{"type":"Point","coordinates":[-84.255,40.13]},"properties":{"key":"62792-c1829a2d","layer":"power","name":"DG AMP Solar Piqua Manier","state":"OH","detail_file":"data/details/power-plants-40.json","plant_id":"62792","capacity_mw":12.6,"status_group":"Operating","energy_sources":"SUN","type":"Power plant","is_nuclear":false}},{"type":"Feature","geometry":{"type":"Point","coordinates":[-84.231,40.141]},"properties":{"key":"61805-ce894312","layer":"power","name":"DG AMP Solar Piqua Staunton","state":"OH","detail_file":"data/details/power-plants-34.json","plant_id":"61805","capacity_mw":1.8,"status_group":"Operating","energy_sources":"SUN","type":"Power plant","is_nuclear":false}},{"type":"Feature","geometry":{"type":"Point","coordinates":[-84.498,40.221]},"properties":{"key":"61437-06c78658","layer":"power","name":"DG AMP Solar Versailles","state":"OH","detail_file":"data/details/power-plants-04.json","plant_id":"61437","capacity_mw":1.8,"status_group":"Operating","energy_sources":"SUN","type":"Power plant","is_nuclear":false}},{"type":"Feature","geometry":{"type":"Point","coordinates":[-84.767,41.45]},"properties":{"key":"7874-e8614bfc","layer":"power","name":"Edgerton","state":"OH","detail_file":"data/details/power-plants-12.json","plant_id":"7874","capacity_mw":3.6,"status_group":"Operating","energy_sources":"DFO","type":"Power plant","is_nuclear":false}},{"type":"Feature","geometry":{"type":"Point","coordinates":[-84.583,40.94]},"properties":{"key":"64073-dff879b7","layer":"power","name":"Great Bear Solar, LLC","state":"OH","detail_file":"data/details/power-plants-25.json","plant_id":"64073","capacity_mw":46.0,"status_group":"Planned","energy_sources":"SUN","type":"Power plant","is_nuclear":false}},{"type":"Feature","geometry":{"type":"Point","coordinates":[-84.615,40.076]},"properties":{"key":"55228-9bcc62c5","layer":"power","name":"Greenville Electric Generating Station","state":"OH","detail_file":"data/details/power-plants-02.json","plant_id":"55228","capacity_mw":236.0,"status_group":"Operating","energy_sources":"NG","type":"Power plant","is_nuclear":false}},{"type":"Feature","geometry":{"type":"Point","coordinates":[-84.387,40.399]},"properties":{"key":"60299-d687d0b6","layer":"power","name":"HMV Minster Energy Storage System","state":"OH","detail_file":"data/details/power-plants-39.json","plant_id":"60299","capacity_mw":7.0,"status_group":"Operating","energy_sources":"MWH","type":"Power plant","is_nuclear":false}},{"type":"Feature","geometry":{"type":"Point","coordinates":[-84.402,40.39]},"properties":{"key":"60190-cf431903","layer":"power","name":"HMW Minster PV I","state":"OH","detail_file":"data/details/power-plants-57.json","plant_id":"60190","capacity_mw":3.0,"status_group":"Operating","energy_sources":"SUN","type":"Power plant","is_nuclear":false}},{"type":"Feature","geometry":{"type":"Point","coordinates":[-84.588,41.016]},"properties":{"key":"58220-998ceefa","layer":"power","name":"Haviland Plastic Products","state":"OH","detail_file":"data/details/power-plants-28.json","plant_id":"58220","capacity_mw":4.5,"status_group":"Operating","energy_sources":"WND","type":"Power plant","is_nuclear":false}},{"type":"Feature","geometry":{"type":"Point","coordinates":[-84.113,41.474]},"properties":{"key":"68511-ac9dd6a4","layer":"power","name":"Henry Solar","state":"OH","detail_file":"data/details/power-plants-37.json","plant_id":"68511","capacity_mw":206.0,"status_group":"Planned","energy_sources":"SUN","type":"Power plant","is_nuclear":false}},{"type":"Feature","geometry":{"type":"Point","coordinates":[-84.04,40.46]},"properties":{"key":"7780-2d338f85","layer":"power","name":"Jackson Cntr Peaking","state":"OH","detail_file":"data/details/power-plants-49.json","plant_id":"7780","capacity_mw":1.8,"status_group":"Operating","energy_sources":"DFO","type":"Power plant","is_nuclear":false}},{"type":"Feature","geometry":{"type":"Point","coordinates":[-84.613,41.192]},"properties":{"key":"62752-70762d82","layer":"power","name":"LafargeHolcim - Paulding Wind Project","state":"OH","detail_file":"data/details/power-plants-16.json","plant_id":"62752","capacity_mw":4.5,"status_group":"Operating","energy_sources":"WND","type":"Power plant","is_nuclear":false}},{"type":"Feature","geometry":{"type":"Point","coordinates":[-84.611,41.288]},"properties":{"key":"65050-1dbde667","layer":"power","name":"Mark Center Solar Project","state":"OH","detail_file":"data/details/power-plants-57.json","plant_id":"65050","capacity_mw":90.0,"status_group":"Under construction","energy_sources":"SUN","type":"Power plant","is_nuclear":false}},{"type":"Feature","geometry":{"type":"Point","coordinates":[-84.398,40.39]},"properties":{"key":"67244-554ae51f","layer":"power","name":"Minster 3","state":"OH","detail_file":"data/details/power-plants-17.json","plant_id":"67244","capacity_mw":1.0,"status_group":"Operating","energy_sources":"SUN","type":"Power plant","is_nuclear":false}},{"type":"Feature","geometry":{"type":"Point","coordinates":[-84.579,41.586]},"properties":{"key":"7791-aa772af8","layer":"power","name":"Montpelier","state":"OH","detail_file":"data/details/power-plants-18.json","plant_id":"7791","capacity_mw":10.8,"status_group":"Operating","energy_sources":"DFO","type":"Power plant","is_nuclear":false}},{"type":"Feature","geometry":{"type":"Point","coordinates":[-84.56,41.59]},"properties":{"key":"68062-7b1e4789","layer":"power","name":"Montpelier Solar Project","state":"OH","detail_file":"data/details/power-plants-18.json","plant_id":"68062","capacity_mw":49.0,"status_group":"Operating","energy_sources":"SUN","type":"Power plant","is_nuclear":false}},{"type":"Feature","geometry":{"type":"Point","coordinates":[-84.103,41.356]},"properties":{"key":"58921-7767bdb6","layer":"power","name":"Napoleon Biogas","state":"OH","detail_file":"data/details/power-plants-37.json","plant_id":"58921","capacity_mw":2.8,"status_group":"Operating","energy_sources":"OBG","type":"Power plant","is_nuclear":false}},{"type":"Feature","geometry":{"type":"Point","coordinates":[-84.109,41.408]},"properties":{"key":"7776-ee8cb10e","layer":"power","name":"Napoleon Peaking","state":"OH","detail_file":"data/details/power-plants-57.json","plant_id":"7776","capacity_mw":5.4,"status_group":"Operating","energy_sources":"DFO","type":"Power plant","is_nuclear":false}},{"type":"Feature","geometry":{"type":"Point","coordinates":[-84.109,41.408]},"properties":{"key":"55264-82414c7d","layer":"power","name":"Napoleon Peaking Station","state":"OH","detail_file":"data/details/power-plants-25.json","plant_id":"55264","capacity_mw":49.5,"status_group":"Operating","energy_sources":"NG","type":"Power plant","is_nuclear":false}},{"type":"Feature","geometry":{"type":"Point","coordinates":[-84.096,41.388]},"properties":{"key":"57462-ed95050d","layer":"power","name":"Napoleon Solar I","state":"OH","detail_file":"data/details/power-plants-49.json","plant_id":"57462","capacity_mw":8.0,"status_group":"Operating","energy_sources":"SUN","type":"Power plant","is_nuclear":false}},{"type":"Feature","geometry":{"type":"Point","coordinates":[-84.594,41.017]},"properties":{"key":"59296-45532b0e","layer":"power","name":"Northwest Ohio Wind","state":"OH","detail_file":"data/details/power-plants-54.json","plant_id":"59296","capacity_mw":109.8,"status_group":"Operating","energy_sources":"MWH; SUN; WND","type":"Power plant","is_nuclear":false}},{"type":"Feature","geometry":{"type":"Point","coordinates":[-84.779,41.025]},"properties":{"key":"57620-7c67dc7b","layer":"power","name":"Paulding Wind Farm II","state":"OH","detail_file":"data/details/power-plants-01.json","plant_id":"57620","capacity_mw":99.0,"status_group":"Operating","energy_sources":"WND","type":"Power plant","is_nuclear":false}},{"type":"Feature","geometry":{"type":"Point","coordinates":[-84.751,41.121]},"properties":{"key":"60470-4a409902","layer":"power","name":"Paulding Wind Farm III","state":"OH","detail_file":"data/details/power-plants-01.json","plant_id":"60470","capacity_mw":100.8,"status_group":"Operating","energy_sources":"WND","type":"Power plant","is_nuclear":false}},{"type":"Feature","geometry":{"type":"Point","coordinates":[-84.237,40.134]},"properties":{"key":"2937-7dcab3df","layer":"power","name":"Piqua Power Plant","state":"OH","detail_file":"data/details/power-plants-00.json","plant_id":"2937","capacity_mw":36.3,"status_group":"Operating","energy_sources":"DFO","type":"Power plant","is_nuclear":false}},{"type":"Feature","geometry":{"type":"Point","coordinates":[-84.116,41.093]},"properties":{"key":"65997-d634dd47","layer":"power","name":"Powell Creek Solar","state":"OH","detail_file":"data/details/power-plants-33.json","plant_id":"65997","capacity_mw":150.0,"status_group":"Operating","energy_sources":"SUN","type":"Power plant","is_nuclear":false}},{"type":"Feature","geometry":{"type":"Point","coordinates":[-84.335,41.305]},"properties":{"key":"2880-381e82bd","layer":"power","name":"Richland (OH)","state":"OH","detail_file":"data/details/power-plants-63.json","plant_id":"2880","capacity_mw":450.0,"status_group":"Operating","energy_sources":"DFO; NG","type":"Power plant","is_nuclear":false}},{"type":"Feature","geometry":{"type":"Point","coordinates":[-84.317,41.695]},"properties":{"key":"68510-13bf7577","layer":"power","name":"Ritter Solar","state":"OH","detail_file":"data/details/power-plants-29.json","plant_id":"68510","capacity_mw":199.0,"status_group":"Planned","energy_sources":"SUN","type":"Power plant","is_nuclear":false}},{"type":"Feature","geometry":{"type":"Point","coordinates":[-84.739,40.93]},"properties":{"key":"7872-fdbcf5ed","layer":"power","name":"Robert P Mone Plant","state":"OH","detail_file":"data/details/power-plants-45.json","plant_id":"7872","capacity_mw":596.7,"status_group":"Operating","energy_sources":"NG","type":"Power plant","is_nuclear":false}},{"type":"Feature","geometry":{"type":"Point","coordinates":[-84.191,40.279]},"properties":{"key":"2852-eafa1029","layer":"power","name":"Sidney (OH)","state":"OH","detail_file":"data/details/power-plants-46.json","plant_id":"2852","capacity_mw":13.5,"status_group":"Operating","energy_sources":"DFO","type":"Power plant","is_nuclear":false}},{"type":"Feature","geometry":{"type":"Point","coordinates":[-84.389,40.546]},"properties":{"key":"2942-4491b642","layer":"power","name":"St Marys","state":"OH","detail_file":"data/details/power-plants-63.json","plant_id":"2942","capacity_mw":25.0,"status_group":"Operating","energy_sources":"DFO; NG","type":"Power plant","is_nuclear":false}},{"type":"Feature","geometry":{"type":"Point","coordinates":[-84.428,41.501]},"properties":{"key":"2881-879fc411","layer":"power","name":"Stryker","state":"OH","detail_file":"data/details/power-plants-63.json","plant_id":"2881","capacity_mw":19.0,"status_group":"Operating","energy_sources":"DFO","type":"Power plant","is_nuclear":false}},{"type":"Feature","geometry":{"type":"Point","coordinates":[-84.751,41.121]},"properties":{"key":"62944-104ba61d","layer":"power","name":"Timber Road IV","state":"OH","detail_file":"data/details/power-plants-20.json","plant_id":"62944","capacity_mw":125.1,"status_group":"Operating","energy_sources":"WND","type":"Power plant","is_nuclear":false}},{"type":"Feature","geometry":{"type":"Point","coordinates":[-84.726,41.092]},"properties":{"key":"66250-4d25bfa5","layer":"power","name":"Timber Road Solar Park","state":"OH","detail_file":"data/details/power-plants-46.json","plant_id":"66250","capacity_mw":49.9,"status_group":"Operating","energy_sources":"SUN","type":"Power plant","is_nuclear":false}},{"type":"Feature","geometry":{"type":"Point","coordinates":[-84.477,40.225]},"properties":{"key":"7775-1eb4e921","layer":"power","name":"Versailles Peaking","state":"OH","detail_file":"data/details/power-plants-44.json","plant_id":"7775","capacity_mw":5.4,"status_group":"Operating","energy_sources":"DFO","type":"Power plant","is_nuclear":false}},{"type":"Feature","geometry":{"type":"Point","coordinates":[-84.187,40.544]},"properties":{"key":"65258-a2981f73","layer":"power","name":"Wapakoneta-Pratt","state":"OH","detail_file":"data/details/power-plants-20.json","plant_id":"65258","capacity_mw":13.5,"status_group":"Operating","energy_sources":"SUN","type":"Power plant","is_nuclear":false}},{"type":"Feature","geometry":{"type":"Point","coordinates":[-84.61,40.131]},"properties":{"key":"61660-72efabd3","layer":"power","name":"Whirlpool Corp-Greenville Wind Farm","state":"OH","detail_file":"data/details/power-plants-31.json","plant_id":"61660","capacity_mw":4.5,"status_group":"Operating","energy_sources":"WND","type":"Power plant","is_nuclear":false}},{"type":"Feature","geometry":{"type":"Point","coordinates":[-84.034,41.003]},"properties":{"key":"61004-1fade6c2","layer":"power","name":"Whirlpool Corporation - Ottawa Wind Farm","state":"OH","detail_file":"data/details/power-plants-24.json","plant_id":"61004","capacity_mw":1.5,"status_group":"Operating","energy_sources":"WND","type":"Power plant","is_nuclear":false}},{"type":"Feature","geometry":{"type":"Point","coordinates":[-87.86,42.945]},"properties":{"key":"67384-a2aca790","layer":"power","name":"ATI","state":"WI","detail_file":"data/details/power-plants-03.json","plant_id":"67384","capacity_mw":2.3,"status_group":"Operating","energy_sources":"SUN","type":"Power plant","is_nuclear":false}},{"type":"Feature","geometry":{"type":"Point","coordinates":[-87.919,42.774]},"properties":{"key":"69502-92f8b618","layer":"power","name":"Adams Road Solar","state":"WI","detail_file":"data/details/power-plants-24.json","plant_id":"69502","capacity_mw":4.0,"status_group":"Operating","energy_sources":"SUN","type":"Power plant","is_nuclear":false}},{"type":"Feature","geometry":{"type":"Point","coordinates":[-87.994,42.527]},"properties":{"key":"69501-7403e48d","layer":"power","name":"Bristol Woods Solar WI, LLC","state":"WI","detail_file":"data/details/power-plants-25.json","plant_id":"69501","capacity_mw":6.0,"status_group":"Operating","energy_sources":"SUN","type":"Power plant","is_nuclear":false}},{"type":"Feature","geometry":{"type":"Point","coordinates":[-87.899,42.717]},"properties":{"key":"67385-10c127ee","layer":"power","name":"CREE","state":"WI","detail_file":"data/details/power-plants-58.json","plant_id":"67385","capacity_mw":1.5,"status_group":"Operating","energy_sources":"SUN","type":"Power plant","is_nuclear":false}},{"type":"Feature","geometry":{"type":"Point","coordinates":[-87.965,42.798]},"properties":{"key":"67727-5b3eb56e","layer":"power","name":"Caledonia Solar WI, LLC","state":"WI","detail_file":"data/details/power-plants-60.json","plant_id":"67727","capacity_mw":6.0,"status_group":"Operating","energy_sources":"SUN","type":"Power plant","is_nuclear":false}},{"type":"Feature","geometry":{"type":"Point","coordinates":[-87.889,42.934]},"properties":{"key":"67383-615b5fdc","layer":"power","name":"City of Milwaukee Landfill","state":"WI","detail_file":"data/details/power-plants-42.json","plant_id":"67383","capacity_mw":2.3,"status_group":"Operating","energy_sources":"SUN","type":"Power plant","is_nuclear":false}},{"type":"Feature","geometry":{"type":"Point","coordinates":[-87.888,42.93]},"properties":{"key":"70048-85ea29e0","layer":"power","name":"City of Milwaukee- Airport Expansion","state":"WI","detail_file":"data/details/power-plants-34.json","plant_id":"70048","capacity_mw":4.6,"status_group":"Under construction","energy_sources":"SUN","type":"Power plant","is_nuclear":false}},{"type":"Feature","geometry":{"type":"Point","coordinates":[-87.755,43.709]},"properties":{"key":"65680-c1f862da","layer":"power","name":"City of Sheboygan Solar","state":"WI","detail_file":"data/details/power-plants-30.json","plant_id":"65680","capacity_mw":0.9,"status_group":"Operating","energy_sources":"SUN","type":"Power plant","is_nuclear":false}},{"type":"Feature","geometry":{"type":"Point","coordinates":[-87.706,43.715]},"properties":{"key":"4050-e17732e5","layer":"power","name":"Edgewater","state":"WI","detail_file":"data/details/power-plants-51.json","plant_id":"4050","capacity_mw":413.7,"status_group":"Operating","energy_sources":"SUB","type":"Power plant","is_nuclear":false}},{"type":"Feature","geometry":{"type":"Point","coordinates":[-87.706,43.715]},"properties":{"key":"4050-fc62aaac","layer":"power","name":"Edgewater","state":"WI","detail_file":"data/details/power-plants-34.json","plant_id":"4050","capacity_mw":99.0,"status_group":"Under construction","energy_sources":"MWH","type":"Power plant","is_nuclear":false}},{"type":"Feature","geometry":{"type":"Point","coordinates":[-87.834,42.849]},"properties":{"key":"56068-9bb47c53","layer":"power","name":"Elm Road Generating Station","state":"WI","detail_file":"data/details/power-plants-42.json","plant_id":"56068","capacity_mw":1402.6,"status_group":"Operating","energy_sources":"SUB","type":"Power plant","is_nuclear":false}},{"type":"Feature","geometry":{"type":"Point","coordinates":[-87.935,42.903]},"properties":{"key":"61816-428d13d8","layer":"power","name":"IKEA Oak Creek Rooftop PV System","state":"WI","detail_file":"data/details/power-plants-08.json","plant_id":"61816","capacity_mw":1.2,"status_group":"Operating","energy_sources":"SUN","type":"Power plant","is_nuclear":false}},{"type":"Feature","geometry":{"type":"Point","coordinates":[-87.766,43.747]},"properties":{"key":"65681-d52c61e1","layer":"power","name":"Kohler Solar","state":"WI","detail_file":"data/details/power-plants-38.json","plant_id":"65681","capacity_mw":2.3,"status_group":"Operating","energy_sources":"SUN","type":"Power plant","is_nuclear":false}},{"type":"Feature","geometry":{"type":"Point","coordinates":[-87.901,43.021]},"properties":{"key":"54851-36ab96cf","layer":"power","name":"MMSD Jones Island Wastewater","state":"WI","detail_file":"data/details/power-plants-45.json","plant_id":"54851","capacity_mw":31.3,"status_group":"Operating","energy_sources":"LFG; NG","type":"Power plant","is_nuclear":false}},{"type":"Feature","geometry":{"type":"Point","coordinates":[-87.842,42.887]},"properties":{"key":"55525-6abfc700","layer":"power","name":"MMSD South Shore Wastewater","state":"WI","detail_file":"data/details/power-plants-59.json","plant_id":"55525","capacity_mw":5.1,"status_group":"Operating","energy_sources":"OBG","type":"Power plant","is_nuclear":false}},{"type":"Feature","geometry":{"type":"Point","coordinates":[-87.897,43.6]},"properties":{"key":"65008-1b69fd3d","layer":"power","name":"Onion River","state":"WI","detail_file":"data/details/power-plants-21.json","plant_id":"65008","capacity_mw":150.0,"status_group":"Operating","energy_sources":"SUN","type":"Power plant","is_nuclear":false}},{"type":"Feature","geometry":{"type":"Point","coordinates":[-87.869,43.384]},"properties":{"key":"4040-d100dc52","layer":"power","name":"Port Washington Generating Station","state":"WI","detail_file":"data/details/power-plants-10.json","plant_id":"4040","capacity_mw":1229.6,"status_group":"Operating","energy_sources":"NG","type":"Power plant","is_nuclear":false}},{"type":"Feature","geometry":{"type":"Point","coordinates":[-87.878,43.752]},"properties":{"key":"56166-221cc861","layer":"power","name":"Sheboygan Falls","state":"WI","detail_file":"data/details/power-plants-45.json","plant_id":"56166","capacity_mw":346.8,"status_group":"Operating","energy_sources":"NG","type":"Power plant","is_nuclear":false}},{"type":"Feature","geometry":{"type":"Point","coordinates":[-87.829,42.846]},"properties":{"key":"4041-c997a028","layer":"power","name":"South Oak Creek","state":"WI","detail_file":"data/details/power-plants-35.json","plant_id":"4041","capacity_mw":641.6,"status_group":"Operating","energy_sources":"SUB","type":"Power plant","is_nuclear":false}},{"type":"Feature","geometry":{"type":"Point","coordinates":[-87.829,42.846]},"properties":{"key":"4041-6ffc2464","layer":"power","name":"South Oak Creek","state":"WI","detail_file":"data/details/power-plants-32.json","plant_id":"4041","capacity_mw":1181.5,"status_group":"Under construction","energy_sources":"NG","type":"Power plant","is_nuclear":false}},{"type":"Feature","geometry":{"type":"Point","coordinates":[-87.855,42.648]},"properties":{"key":"67395-f6d899b6","layer":"power","name":"UW Parkside","state":"WI","detail_file":"data/details/power-plants-38.json","plant_id":"67395","capacity_mw":2.3,"status_group":"Operating","energy_sources":"SUN","type":"Power plant","is_nuclear":false}},{"type":"Feature","geometry":{"type":"Point","coordinates":[-87.923,43.03]},"properties":{"key":"4042-efcf7219","layer":"power","name":"Valley (WI)","state":"WI","detail_file":"data/details/power-plants-03.json","plant_id":"4042","capacity_mw":274.7,"status_group":"Operating","energy_sources":"DFO; NG","type":"Power plant","is_nuclear":false}},{"type":"Feature","geometry":{"type":"Point","coordinates":[-87.885,42.709]},"properties":{"key":"59448-acbfd6fc","layer":"power","name":"Waxdale","state":"WI","detail_file":"data/details/power-plants-38.json","plant_id":"59448","capacity_mw":12.1,"status_group":"Operating","energy_sources":"LFG; NG; SUN; WND","type":"Power plant","is_nuclear":false}}]}