{"type":"FeatureCollection","features":[{"type":"Feature","geometry":{"type":"Point","coordinates":[-94.665,41.424]},"properties":{"key":"56810-3e473e17","layer":"power","name":"Adair Wind Farm","state":"IA","detail_file":"data/details/power-plants-50.json","plant_id":"56810","capacity_mw":174.8,"status_group":"Operating","energy_sources":"WND","type":"Power plant","is_nuclear":false}},{"type":"Feature","geometry":{"type":"Point","coordinates":[-94.672,40.92]},"properties":{"key":"59637-75c89d82","layer":"power","name":"Adams Wind","state":"IA","detail_file":"data/details/power-plants-07.json","plant_id":"59637","capacity_mw":154.3,"status_group":"Operating","energy_sources":"WND","type":"Power plant","is_nuclear":false}},{"type":"Feature","geometry":{"type":"Point","coordinates":[-94.239,43.073]},"properties":{"key":"1120-3dc34ffb","layer":"power","name":"Algona","state":"IA","detail_file":"data/details/power-plants-47.json","plant_id":"1120","capacity_mw":16.1,"status_group":"Operating","energy_sources":"DFO","type":"Power plant","is_nuclear":false}},{"type":"Feature","geometry":{"type":"Point","coordinates":[-95.633,43.4]},"properties":{"key":"56215-a0795d7d","layer":"power","name":"Allendorf","state":"IA","detail_file":"data/details/power-plants-60.json","plant_id":"56215","capacity_mw":5.8,"status_group":"Operating","energy_sources":"WND","type":"Power plant","is_nuclear":false}},{"type":"Feature","geometry":{"type":"Point","coordinates":[-92.897,42.056]},"properties":{"key":"54715-1d0cf9cc","layer":"power","name":"Alliant SBD 9107 JBS USA","state":"IA","detail_file":"data/details/power-plants-31.json","plant_id":"54715","capacity_mw":11.4,"status_group":"Operating","energy_sources":"DFO","type":"Power plant","is_nuclear":false}},{"type":"Feature","geometry":{"type":"Point","coordinates":[-92.133,43.374]},"properties":{"key":"54718-c0a0ff5c","layer":"power","name":"Alliant SBD 9206 Donaldson","state":"IA","detail_file":"data/details/power-plants-45.json","plant_id":"54718","capacity_mw":1.6,"status_group":"Operating","energy_sources":"DFO","type":"Power plant","is_nuclear":false}},{"type":"Feature","geometry":{"type":"Point","coordinates":[-95.303,42.674]},"properties":{"key":"1121-5f24a938","layer":"power","name":"Alta Municipal Utilities","state":"IA","detail_file":"data/details/power-plants-38.json","plant_id":"1121","capacity_mw":4.0,"status_group":"Operating","energy_sources":"DFO","type":"Power plant","is_nuclear":false}},{"type":"Feature","geometry":{"type":"Point","coordinates":[-93.609,42.026]},"properties":{"key":"1122-57875f26","layer":"power","name":"Ames Electric Services Power Plant","state":"IA","detail_file":"data/details/power-plants-09.json","plant_id":"1122","capacity_mw":108.8,"status_group":"Operating","energy_sources":"NG","type":"Power plant","is_nuclear":false}},{"type":"Feature","geometry":{"type":"Point","coordinates":[-93.583,42.027]},"properties":{"key":"6463-75117724","layer":"power","name":"Ames GT","state":"IA","detail_file":"data/details/power-plants-29.json","plant_id":"6463","capacity_mw":78.7,"status_group":"Operating","energy_sources":"DFO","type":"Power plant","is_nuclear":false}},{"type":"Feature","geometry":{"type":"Point","coordinates":[-93.576,41.601]},"properties":{"key":"56138-2adb528f","layer":"power","name":"Anderson Erickson","state":"IA","detail_file":"data/details/power-plants-37.json","plant_id":"56138","capacity_mw":2.0,"status_group":"Operating","energy_sources":"DFO","type":"Power plant","is_nuclear":false}},{"type":"Feature","geometry":{"type":"Point","coordinates":[-94.766,41.444]},"properties":{"key":"1123-7bcf24b8","layer":"power","name":"Anita","state":"IA","detail_file":"data/details/power-plants-60.json","plant_id":"1123","capacity_mw":2.9,"status_group":"Operating","energy_sources":"DFO","type":"Power plant","is_nuclear":false}},{"type":"Feature","geometry":{"type":"Point","coordinates":[-94.263,41.467]},"properties":{"key":"64755-ff54707d","layer":"power","name":"Arbor Hill Solar","state":"IA","detail_file":"data/details/power-plants-16.json","plant_id":"64755","capacity_mw":25.0,"status_group":"Operating","energy_sources":"SUN","type":"Power plant","is_nuclear":false}},{"type":"Feature","geometry":{"type":"Point","coordinates":[-94.261,41.404]},"properties":{"key":"62132-0c8ac455","layer":"power","name":"Arbor Hill Wind Farm","state":"IA","detail_file":"data/details/power-plants-50.json","plant_id":"62132","capacity_mw":310.0,"status_group":"Operating","energy_sources":"WND","type":"Power plant","is_nuclear":false}},{"type":"Feature","geometry":{"type":"Point","coordinates":[-93.585,41.624]},"properties":{"key":"10861-4b92a554","layer":"power","name":"Archer Daniels Midland Des Moines","state":"IA","detail_file":"data/details/power-plants-42.json","plant_id":"10861","capacity_mw":7.9,"status_group":"Operating","energy_sources":"NG","type":"Power plant","is_nuclear":false}},{"type":"Feature","geometry":{"type":"Point","coordinates":[-95.0,41.409]},"properties":{"key":"1124-3beaf3d9","layer":"power","name":"Atlantic","state":"IA","detail_file":"data/details/power-plants-30.json","plant_id":"1124","capacity_mw":10.0,"status_group":"Operating","energy_sources":"NG","type":"Power plant","is_nuclear":false}},{"type":"Feature","geometry":{"type":"Point","coordinates":[-94.476,40.765]},"properties":{"key":"61644-93d5ab60","layer":"power","name":"August Wind Farm","state":"IA","detail_file":"data/details/power-plants-07.json","plant_id":"61644","capacity_mw":1.8,"status_group":"Operating","energy_sources":"WND","type":"Power plant","is_nuclear":false}},{"type":"Feature","geometry":{"type":"Point","coordinates":[-94.217,43.293]},"properties":{"key":"1125-75504fec","layer":"power","name":"Bancroft","state":"IA","detail_file":"data/details/power-plants-01.json","plant_id":"1125","capacity_mw":4.2,"status_group":"Operating","energy_sources":"DFO","type":"Power plant","is_nuclear":false}},{"type":"Feature","geometry":{"type":"Point","coordinates":[-93.091,43.393]},"properties":{"key":"56765-db071061","layer":"power","name":"Barton Windpower LLC","state":"IA","detail_file":"data/details/power-plants-06.json","plant_id":"56765","capacity_mw":158.0,"status_group":"Operating","energy_sources":"WND","type":"Power plant","is_nuclear":false}},{"type":"Feature","geometry":{"type":"Point","coordinates":[-94.165,42.107]},"properties":{"key":"61079-93c60da7","layer":"power","name":"Beaver Creek Wind","state":"IA","detail_file":"data/details/power-plants-16.json","plant_id":"61079","capacity_mw":340.0,"status_group":"Operating","energy_sources":"WND","type":"Power plant","is_nuclear":false}},{"type":"Feature","geometry":{"type":"Point","coordinates":[-94.474,40.768]},"properties":{"key":"62172-73c42e14","layer":"power","name":"Birch","state":"IA","detail_file":"data/details/power-plants-09.json","plant_id":"62172","capacity_mw":1.8,"status_group":"Operating","energy_sources":"WND","type":"Power plant","is_nuclear":false}},{"type":"Feature","geometry":{"type":"Point","coordinates":[-92.425,40.703]},"properties":{"key":"1127-fb0b5c4c","layer":"power","name":"Bloomfield","state":"IA","detail_file":"data/details/power-plants-56.json","plant_id":"1127","capacity_mw":8.5,"status_group":"Operating","energy_sources":"DFO; NG","type":"Power plant","is_nuclear":false}},{"type":"Feature","geometry":{"type":"Point","coordinates":[-92.45,40.75]},"properties":{"key":"62607-57e8b6ea","layer":"power","name":"Bloomfield Municipal Utilities Solar","state":"IA","detail_file":"data/details/power-plants-62.json","plant_id":"62607","capacity_mw":1.6,"status_group":"Operating","energy_sources":"SUN","type":"Power plant","is_nuclear":false}},{"type":"Feature","geometry":{"type":"Point","coordinates":[-92.448,41.728]},"properties":{"key":"1128-2652faec","layer":"power","name":"Brooklyn","state":"IA","detail_file":"data/details/power-plants-04.json","plant_id":"1128","capacity_mw":2.3,"status_group":"Operating","energy_sources":"DFO","type":"Power plant","is_nuclear":false}},{"type":"Feature","geometry":{"type":"Point","coordinates":[-92.439,41.739]},"properties":{"key":"7922-a8db890a","layer":"power","name":"Brooklyn City North Plant","state":"IA","detail_file":"data/details/power-plants-55.json","plant_id":"7922","capacity_mw":2.3,"status_group":"Operating","energy_sources":"DFO","type":"Power plant","is_nuclear":false}},{"type":"Feature","geometry":{"type":"Point","coordinates":[-92.759,43.386]},"properties":{"key":"58038-2461cfee","layer":"power","name":"Buffalo Center Wind LLC","state":"IA","detail_file":"data/details/power-plants-54.json","plant_id":"58038","capacity_mw":1.5,"status_group":"Operating","energy_sources":"WND","type":"Power plant","is_nuclear":false}},{"type":"Feature","geometry":{"type":"Point","coordinates":[-94.441,41.226]},"properties":{"key":"57632-430fb1f5","layer":"power","name":"Bulldog","state":"IA","detail_file":"data/details/power-plants-17.json","plant_id":"57632","capacity_mw":1.5,"status_group":"Operating","energy_sources":"WND","type":"Power plant","is_nuclear":false}},{"type":"Feature","geometry":{"type":"Point","coordinates":[-92.848,40.71]},"properties":{"key":"64178-b9382b29","layer":"power","name":"CED Centerville Wind","state":"IA","detail_file":"data/details/power-plants-53.json","plant_id":"64178","capacity_mw":7.9,"status_group":"Operating","energy_sources":"WND","type":"Power plant","is_nuclear":false}},{"type":"Feature","geometry":{"type":"Point","coordinates":[-93.098,43.141]},"properties":{"key":"63521-ccd8424c","layer":"power","name":"CED Mason City Wind","state":"IA","detail_file":"data/details/power-plants-54.json","plant_id":"63521","capacity_mw":7.5,"status_group":"Operating","energy_sources":"WND","type":"Power plant","is_nuclear":false}},{"type":"Feature","geometry":{"type":"Point","coordinates":[-92.647,41.139]},"properties":{"key":"10855-b7b5203c","layer":"power","name":"Cargill Corn Milling Division","state":"IA","detail_file":"data/details/power-plants-07.json","plant_id":"10855","capacity_mw":40.0,"status_group":"Operating","energy_sources":"NG","type":"Power plant","is_nuclear":false}},{"type":"Feature","geometry":{"type":"Point","coordinates":[-94.886,41.941]},"properties":{"key":"59071-bde8ddaa","layer":"power","name":"Carroll Area Wind Farm","state":"IA","detail_file":"data/details/power-plants-44.json","plant_id":"59071","capacity_mw":20.7,"status_group":"Operating","energy_sources":"WND","type":"Power plant","is_nuclear":false}},{"type":"Feature","geometry":{"type":"Point","coordinates":[-94.93,42.162]},"properties":{"key":"56809-c4bd2027","layer":"power","name":"Carroll Wind Farm","state":"IA","detail_file":"data/details/power-plants-49.json","plant_id":"56809","capacity_mw":159.1,"status_group":"Operating","energy_sources":"WND","type":"Power plant","is_nuclear":false}},{"type":"Feature","geometry":{"type":"Point","coordinates":[-92.458,42.481]},"properties":{"key":"62321-09e3d84a","layer":"power","name":"Cedar Falls Solar Farm","state":"IA","detail_file":"data/details/power-plants-19.json","plant_id":"62321","capacity_mw":1.5,"status_group":"Operating","energy_sources":"SUN","type":"Power plant","is_nuclear":false}},{"type":"Feature","geometry":{"type":"Point","coordinates":[-93.637,42.564]},"properties":{"key":"56252-89feb945","layer":"power","name":"Century","state":"IA","detail_file":"data/details/power-plants-51.json","plant_id":"56252","capacity_mw":201.2,"status_group":"Operating","energy_sources":"WND","type":"Power plant","is_nuclear":false}},{"type":"Feature","geometry":{"type":"Point","coordinates":[-93.454,43.061]},"properties":{"key":"63287-4c757692","layer":"power","name":"Cerro Gordo Wind Farm","state":"IA","detail_file":"data/details/power-plants-36.json","plant_id":"63287","capacity_mw":42.0,"status_group":"Operating","energy_sources":"WND","type":"Power plant","is_nuclear":false}},{"type":"Feature","geometry":{"type":"Point","coordinates":[-92.62,43.0]},"properties":{"key":"56677-f29eb2e4","layer":"power","name":"Charles City Wind Farm","state":"IA","detail_file":"data/details/power-plants-31.json","plant_id":"56677","capacity_mw":80.0,"status_group":"Operating","energy_sources":"WND","type":"Power plant","is_nuclear":false}},{"type":"Feature","geometry":{"type":"Point","coordinates":[-92.324,43.14]},"properties":{"key":"66668-5fd04f79","layer":"power","name":"Chickasaw Wind Farm","state":"IA","detail_file":"data/details/power-plants-49.json","plant_id":"66668","capacity_mw":202.4,"status_group":"Operating","energy_sources":"WND","type":"Power plant","is_nuclear":false}},{"type":"Feature","geometry":{"type":"Point","coordinates":[-94.832,40.667]},"properties":{"key":"63639-db0f77bb","layer":"power","name":"Contrail Wind Farm","state":"IA","detail_file":"data/details/power-plants-04.json","plant_id":"63639","capacity_mw":112.4,"status_group":"Operating","energy_sources":"WND","type":"Power plant","is_nuclear":false}},{"type":"Feature","geometry":{"type":"Point","coordinates":[-94.681,41.871]},"properties":{"key":"7847-fde8ea6e","layer":"power","name":"Coon Rapids II","state":"IA","detail_file":"data/details/power-plants-22.json","plant_id":"7847","capacity_mw":5.4,"status_group":"Operating","energy_sources":"DFO","type":"Power plant","is_nuclear":false}},{"type":"Feature","geometry":{"type":"Point","coordinates":[-94.735,40.987]},"properties":{"key":"1134-6150f139","layer":"power","name":"Corning","state":"IA","detail_file":"data/details/power-plants-15.json","plant_id":"1134","capacity_mw":6.8,"status_group":"Operating","energy_sources":"DFO","type":"Power plant","is_nuclear":false}},{"type":"Feature","geometry":{"type":"Point","coordinates":[-92.474,43.398]},"properties":{"key":"56831-eb5536aa","layer":"power","name":"Crane Creek Wind Energy Center","state":"IA","detail_file":"data/details/power-plants-17.json","plant_id":"56831","capacity_mw":99.0,"status_group":"Operating","energy_sources":"WND","type":"Power plant","is_nuclear":false}},{"type":"Feature","geometry":{"type":"Point","coordinates":[-94.374,41.073]},"properties":{"key":"67702-dd6e0a6c","layer":"power","name":"Creston School Customer Hosted Solar","state":"IA","detail_file":"data/details/power-plants-55.json","plant_id":"67702","capacity_mw":1.4,"status_group":"Operating","energy_sources":"SUN","type":"Power plant","is_nuclear":false}},{"type":"Feature","geometry":{"type":"Point","coordinates":[-94.318,41.071]},"properties":{"key":"67536-e8077de9","layer":"power","name":"Creston Solar (50 MW)","state":"IA","detail_file":"data/details/power-plants-35.json","plant_id":"67536","capacity_mw":50.0,"status_group":"Operating","energy_sources":"SUN","type":"Power plant","is_nuclear":false}},{"type":"Feature","geometry":{"type":"Point","coordinates":[-94.923,43.047]},"properties":{"key":"56859-2341a8ae","layer":"power","name":"Crosswind Energy Project","state":"IA","detail_file":"data/details/power-plants-22.json","plant_id":"56859","capacity_mw":21.0,"status_group":"Operating","energy_sources":"WND","type":"Power plant","is_nuclear":false}},{"type":"Feature","geometry":{"type":"Point","coordinates":[-93.884,43.319]},"properties":{"key":"57468-5929aa22","layer":"power","name":"Crystal Lake 3 LLC","state":"IA","detail_file":"data/details/power-plants-55.json","plant_id":"57468","capacity_mw":66.0,"status_group":"Operating","energy_sources":"WND","type":"Power plant","is_nuclear":false}},{"type":"Feature","geometry":{"type":"Point","coordinates":[-94.435,41.227]},"properties":{"key":"58456-c482ece7","layer":"power","name":"Cumberland Rose","state":"IA","detail_file":"data/details/power-plants-51.json","plant_id":"58456","capacity_mw":1.6,"status_group":"Operating","energy_sources":"WND","type":"Power plant","is_nuclear":false}},{"type":"Feature","geometry":{"type":"Point","coordinates":[-94.069,42.26]},"properties":{"key":"1135-e795765b","layer":"power","name":"Dayton (IA)","state":"IA","detail_file":"data/details/power-plants-19.json","plant_id":"1135","capacity_mw":1.8,"status_group":"Operating","energy_sources":"DFO","type":"Power plant","is_nuclear":false}},{"type":"Feature","geometry":{"type":"Point","coordinates":[-93.558,41.573]},"properties":{"key":"50932-9e6c6979","layer":"power","name":"Des Moines Wastewater Reclamation Fac","state":"IA","detail_file":"data/details/power-plants-56.json","plant_id":"50932","capacity_mw":2.8,"status_group":"Operating","energy_sources":"OBG","type":"Power plant","is_nuclear":false}},{"type":"Feature","geometry":{"type":"Point","coordinates":[-92.164,41.674]},"properties":{"key":"63641-0ef13a76","layer":"power","name":"Diamond Trail Wind Farm","state":"IA","detail_file":"data/details/power-plants-62.json","plant_id":"63641","capacity_mw":252.5,"status_group":"Operating","energy_sources":"WND","type":"Power plant","is_nuclear":false}},{"type":"Feature","geometry":{"type":"Point","coordinates":[-92.626,42.462]},"properties":{"key":"56194-bef42de4","layer":"power","name":"Dike City Power Plant","state":"IA","detail_file":"data/details/power-plants-59.json","plant_id":"56194","capacity_mw":2.2,"status_group":"Operating","energy_sources":"DFO","type":"Power plant","is_nuclear":false}},{"type":"Feature","geometry":{"type":"Point","coordinates":[-92.594,43.358]},"properties":{"key":"69487-f4acc611","layer":"power","name":"Douglas (IA)","state":"IA","detail_file":"data/details/power-plants-59.json","plant_id":"69487","capacity_mw":2.5,"status_group":"Operating","energy_sources":"SUN","type":"Power plant","is_nuclear":false}},{"type":"Feature","geometry":{"type":"Point","coordinates":[-94.46,41.304]},"properties":{"key":"64552-3d28f2ec","layer":"power","name":"Downtown Generation Plant","state":"IA","detail_file":"data/details/power-plants-20.json","plant_id":"64552","capacity_mw":5.0,"status_group":"Operating","energy_sources":"DFO","type":"Power plant","is_nuclear":false}},{"type":"Feature","geometry":{"type":"Point","coordinates":[-95.257,43.161]},"properties":{"key":"1217-ca05f35c","layer":"power","name":"Earl F Wisdom","state":"IA","detail_file":"data/details/power-plants-63.json","plant_id":"1217","capacity_mw":119.1,"status_group":"Operating","energy_sources":"NG","type":"Power plant","is_nuclear":false}},{"type":"Feature","geometry":{"type":"Point","coordinates":[-94.685,41.555]},"properties":{"key":"57873-7ec78748","layer":"power","name":"Eclipse Wind Farm","state":"IA","detail_file":"data/details/power-plants-41.json","plant_id":"57873","capacity_mw":207.1,"status_group":"Operating","energy_sources":"WND","type":"Power plant","is_nuclear":false}},{"type":"Feature","geometry":{"type":"Point","coordinates":[-92.421,42.441]},"properties":{"key":"6063-2f3696c2","layer":"power","name":"Electrifarm","state":"IA","detail_file":"data/details/power-plants-23.json","plant_id":"6063","capacity_mw":264.1,"status_group":"Operating","energy_sources":"NG","type":"Power plant","is_nuclear":false}},{"type":"Feature","geometry":{"type":"Point","coordinates":[-93.292,43.094]},"properties":{"key":"8031-b20f00f8","layer":"power","name":"Emery Station","state":"IA","detail_file":"data/details/power-plants-32.json","plant_id":"8031","capacity_mw":602.8,"status_group":"Operating","energy_sources":"NG","type":"Power plant","is_nuclear":false}},{"type":"Feature","geometry":{"type":"Point","coordinates":[-92.407,41.57]},"properties":{"key":"61565-6a2da463","layer":"power","name":"English Farms","state":"IA","detail_file":"data/details/power-plants-44.json","plant_id":"61565","capacity_mw":171.5,"status_group":"Operating","energy_sources":"WND","type":"Power plant","is_nuclear":false}},{"type":"Feature","geometry":{"type":"Point","coordinates":[-94.843,43.403]},"properties":{"key":"1137-e2f8a220","layer":"power","name":"Estherville","state":"IA","detail_file":"data/details/power-plants-14.json","plant_id":"1137","capacity_mw":15.6,"status_group":"Operating","energy_sources":"DFO; NG","type":"Power plant","is_nuclear":false}},{"type":"Feature","geometry":{"type":"Point","coordinates":[-94.92,41.514]},"properties":{"key":"56013-4b28fd14","layer":"power","name":"Exira","state":"IA","detail_file":"data/details/power-plants-45.json","plant_id":"56013","capacity_mw":181.5,"status_group":"Operating","energy_sources":"NG","type":"Power plant","is_nuclear":false}},{"type":"Feature","geometry":{"type":"Point","coordinates":[-93.8,43.274]},"properties":{"key":"56925-8620b513","layer":"power","name":"FPL Energy Crystal Lake Wind II LLC","state":"IA","detail_file":"data/details/power-plants-41.json","plant_id":"56925","capacity_mw":200.0,"status_group":"Operating","energy_sources":"WND","type":"Power plant","is_nuclear":false}},{"type":"Feature","geometry":{"type":"Point","coordinates":[-93.831,43.212]},"properties":{"key":"56923-ae0aac57","layer":"power","name":"FPL Energy Crystal Lake Wind LLC","state":"IA","detail_file":"data/details/power-plants-12.json","plant_id":"56923","capacity_mw":150.0,"status_group":"Operating","energy_sources":"WND","type":"Power plant","is_nuclear":false}},{"type":"Feature","geometry":{"type":"Point","coordinates":[-93.272,42.104]},"properties":{"key":"56924-cd974562","layer":"power","name":"FPL Energy Story Wind LLC","state":"IA","detail_file":"data/details/power-plants-52.json","plant_id":"56924","capacity_mw":150.0,"status_group":"Operating","energy_sources":"WND","type":"Power plant","is_nuclear":false}},{"type":"Feature","geometry":{"type":"Point","coordinates":[-93.857,42.063]},"properties":{"key":"67096-381c68b3","layer":"power","name":"Fareway Customer Hosted 1 MW Solar","state":"IA","detail_file":"data/details/power-plants-55.json","plant_id":"67096","capacity_mw":1.0,"status_group":"Operating","energy_sources":"SUN","type":"Power plant","is_nuclear":false}},{"type":"Feature","geometry":{"type":"Point","coordinates":[-95.3,43.39]},"properties":{"key":"56172-4f736665","layer":"power","name":"Flying Cloud Power Partners LLC","state":"IA","detail_file":"data/details/power-plants-45.json","plant_id":"56172","capacity_mw":43.5,"status_group":"Operating","energy_sources":"WND","type":"Power plant","is_nuclear":false}},{"type":"Feature","geometry":{"type":"Point","coordinates":[-94.57,41.339]},"properties":{"key":"58457-261a975e","layer":"power","name":"Fontanelle","state":"IA","detail_file":"data/details/power-plants-53.json","plant_id":"58457","capacity_mw":1.6,"status_group":"Operating","energy_sources":"WND","type":"Power plant","is_nuclear":false}},{"type":"Feature","geometry":{"type":"Point","coordinates":[-93.635,43.263]},"properties":{"key":"1138-46b11667","layer":"power","name":"Forest City Light Plant","state":"IA","detail_file":"data/details/power-plants-08.json","plant_id":"1138","capacity_mw":22.0,"status_group":"Operating","energy_sources":"DFO","type":"Power plant","is_nuclear":false}},{"type":"Feature","geometry":{"type":"Point","coordinates":[-93.629,43.276]},"properties":{"key":"62861-dd2f580c","layer":"power","name":"Forest City Solar","state":"IA","detail_file":"data/details/power-plants-54.json","plant_id":"62861","capacity_mw":3.0,"status_group":"Operating","energy_sources":"SUN","type":"Power plant","is_nuclear":false}},{"type":"Feature","geometry":{"type":"Point","coordinates":[-93.206,42.721]},"properties":{"key":"64986-2c254767","layer":"power","name":"Franklin County Solar","state":"IA","detail_file":"data/details/power-plants-48.json","plant_id":"64986","capacity_mw":7.0,"status_group":"Operating","energy_sources":"SUN","type":"Power plant","is_nuclear":false}},{"type":"Feature","geometry":{"type":"Point","coordinates":[-93.336,42.607]},"properties":{"key":"57844-ccafbd7a","layer":"power","name":"Franklin County Wind Farm","state":"IA","detail_file":"data/details/power-plants-45.json","plant_id":"57844","capacity_mw":99.0,"status_group":"Operating","energy_sources":"WND","type":"Power plant","is_nuclear":false}},{"type":"Feature","geometry":{"type":"Point","coordinates":[-93.374,42.224]},"properties":{"key":"57469-c60fbc6d","layer":"power","name":"Garden Wind LLC","state":"IA","detail_file":"data/details/power-plants-14.json","plant_id":"57469","capacity_mw":150.0,"status_group":"Operating","energy_sources":"WND","type":"Power plant","is_nuclear":false}},{"type":"Feature","geometry":{"type":"Point","coordinates":[-92.476,42.512]},"properties":{"key":"1130-fc075f6a","layer":"power","name":"Gas Turbine (IA)","state":"IA","detail_file":"data/details/power-plants-45.json","plant_id":"1130","capacity_mw":43.4,"status_group":"Operating","energy_sources":"NG","type":"Power plant","is_nuclear":false}},{"type":"Feature","geometry":{"type":"Point","coordinates":[-94.327,41.496]},"properties":{"key":"7857-14cabbc6","layer":"power","name":"Gilliam South","state":"IA","detail_file":"data/details/power-plants-21.json","plant_id":"7857","capacity_mw":4.3,"status_group":"Operating","energy_sources":"DFO","type":"Power plant","is_nuclear":false}},{"type":"Feature","geometry":{"type":"Point","coordinates":[-95.772,42.862]},"properties":{"key":"62035-c1fcec74","layer":"power","name":"Glaciers Edge Wind Project","state":"IA","detail_file":"data/details/power-plants-04.json","plant_id":"62035","capacity_mw":211.7,"status_group":"Operating","energy_sources":"WND","type":"Power plant","is_nuclear":false}},{"type":"Feature","geometry":{"type":"Point","coordinates":[-94.016,43.431]},"properties":{"key":"62081-cf6193d6","layer":"power","name":"Golden Plains","state":"IA","detail_file":"data/details/power-plants-15.json","plant_id":"62081","capacity_mw":199.8,"status_group":"Operating","energy_sources":"WND","type":"Power plant","is_nuclear":false}},{"type":"Feature","geometry":{"type":"Point","coordinates":[-94.289,42.283]},"properties":{"key":"1141-97c0af3b","layer":"power","name":"Gowrie","state":"IA","detail_file":"data/details/power-plants-31.json","plant_id":"1141","capacity_mw":2.5,"status_group":"Operating","energy_sources":"DFO","type":"Power plant","is_nuclear":false}},{"type":"Feature","geometry":{"type":"Point","coordinates":[-94.75,43.24]},"properties":{"key":"1142-21eb4fa7","layer":"power","name":"Graettinger","state":"IA","detail_file":"data/details/power-plants-49.json","plant_id":"1142","capacity_mw":3.1,"status_group":"Operating","energy_sources":"DFO","type":"Power plant","is_nuclear":false}},{"type":"Feature","geometry":{"type":"Point","coordinates":[-94.37,42.03]},"properties":{"key":"1143-fe6e50cb","layer":"power","name":"Grand Junction","state":"IA","detail_file":"data/details/power-plants-11.json","plant_id":"1143","capacity_mw":1.7,"status_group":"Operating","energy_sources":"DFO","type":"Power plant","is_nuclear":false}},{"type":"Feature","geometry":{"type":"Point","coordinates":[-93.877,42.214]},"properties":{"key":"65715-4fc76fd4","layer":"power","name":"Great Pathfinder Wind","state":"IA","detail_file":"data/details/power-plants-51.json","plant_id":"65715","capacity_mw":224.4,"status_group":"Operating","energy_sources":"WND","type":"Power plant","is_nuclear":false}},{"type":"Feature","geometry":{"type":"Point","coordinates":[-93.528,41.556]},"properties":{"key":"7985-b0f7f7f9","layer":"power","name":"Greater Des Moines","state":"IA","detail_file":"data/details/power-plants-22.json","plant_id":"7985","capacity_mw":576.3,"status_group":"Operating","energy_sources":"NG","type":"Power plant","is_nuclear":false}},{"type":"Feature","geometry":{"type":"Point","coordinates":[-94.754,41.373]},"properties":{"key":"60911-d9368a1b","layer":"power","name":"Green Energy Machine","state":"IA","detail_file":"data/details/power-plants-02.json","plant_id":"60911","capacity_mw":1.7,"status_group":"Operating","energy_sources":"WND","type":"Power plant","is_nuclear":false}},{"type":"Feature","geometry":{"type":"Point","coordinates":[-94.485,41.29]},"properties":{"key":"58458-78bbdcd7","layer":"power","name":"Greenfield Wind","state":"IA","detail_file":"data/details/power-plants-47.json","plant_id":"58458","capacity_mw":1.6,"status_group":"Operating","energy_sources":"WND","type":"Power plant","is_nuclear":false}},{"type":"Feature","geometry":{"type":"Point","coordinates":[-92.72,41.76]},"properties":{"key":"65164-b8d5f18d","layer":"power","name":"Grinnell College","state":"IA","detail_file":"data/details/power-plants-05.json","plant_id":"65164","capacity_mw":3.9,"status_group":"Operating","energy_sources":"SUN","type":"Power plant","is_nuclear":false}},{"type":"Feature","geometry":{"type":"Point","coordinates":[-92.741,41.746]},"properties":{"key":"67703-e8d77069","layer":"power","name":"Grinnell Customer Hosted Solar","state":"IA","detail_file":"data/details/power-plants-41.json","plant_id":"67703","capacity_mw":5.0,"status_group":"Operating","energy_sources":"SUN","type":"Power plant","is_nuclear":false}},{"type":"Feature","geometry":{"type":"Point","coordinates":[-92.772,42.363]},"properties":{"key":"1145-ac83c5b3","layer":"power","name":"Grundy Center City Light Plant","state":"IA","detail_file":"data/details/power-plants-56.json","plant_id":"1145","capacity_mw":8.7,"status_group":"Operating","energy_sources":"DFO","type":"Power plant","is_nuclear":false}},{"type":"Feature","geometry":{"type":"Point","coordinates":[-93.232,42.687]},"properties":{"key":"67948-03c2fcd0","layer":"power","name":"Hampton Substation Energy Storage","state":"IA","detail_file":"data/details/power-plants-01.json","plant_id":"67948","capacity_mw":1.8,"status_group":"Operating","energy_sources":"MWH","type":"Power plant","is_nuclear":false}},{"type":"Feature","geometry":{"type":"Point","coordinates":[-93.63,43.053]},"properties":{"key":"56010-d7e9a1c6","layer":"power","name":"Hancock County Wind Energy Center","state":"IA","detail_file":"data/details/power-plants-44.json","plant_id":"56010","capacity_mw":98.0,"status_group":"Operating","energy_sources":"WND","type":"Power plant","is_nuclear":false}},{"type":"Feature","geometry":{"type":"Point","coordinates":[-94.365,42.082]},"properties":{"key":"56860-b1c743c1","layer":"power","name":"Hardin Hilltop Wind LLC","state":"IA","detail_file":"data/details/power-plants-23.json","plant_id":"56860","capacity_mw":14.7,"status_group":"Operating","energy_sources":"WND","type":"Power plant","is_nuclear":false}},{"type":"Feature","geometry":{"type":"Point","coordinates":[-95.315,41.645]},"properties":{"key":"1146-b4a7be0f","layer":"power","name":"Harlan","state":"IA","detail_file":"data/details/power-plants-40.json","plant_id":"1146","capacity_mw":3.4,"status_group":"Operating","energy_sources":"DFO","type":"Power plant","is_nuclear":false}},{"type":"Feature","geometry":{"type":"Point","coordinates":[-93.478,43.047]},"properties":{"key":"55816-0eb33b6b","layer":"power","name":"Hawkeye Power Partners LLC","state":"IA","detail_file":"data/details/power-plants-32.json","plant_id":"55816","capacity_mw":42.0,"status_group":"Operating","energy_sources":"WND","type":"Power plant","is_nuclear":false}},{"type":"Feature","geometry":{"type":"Point","coordinates":[-92.062,42.949]},"properties":{"key":"57832-fcb43518","layer":"power","name":"Hawkeye Wind Farm","state":"IA","detail_file":"data/details/power-plants-59.json","plant_id":"57832","capacity_mw":35.0,"status_group":"Operating","energy_sources":"WND","type":"Power plant","is_nuclear":false}},{"type":"Feature","geometry":{"type":"Point","coordinates":[-94.928,41.72]},"properties":{"key":"64661-2a812a63","layer":"power","name":"Heartland Divide II","state":"IA","detail_file":"data/details/power-plants-17.json","plant_id":"64661","capacity_mw":200.0,"status_group":"Operating","energy_sources":"WND","type":"Power plant","is_nuclear":false}},{"type":"Feature","geometry":{"type":"Point","coordinates":[-94.802,41.711]},"properties":{"key":"61609-16669d6d","layer":"power","name":"Heartland Divide Wind Project, LLC","state":"IA","detail_file":"data/details/power-plants-00.json","plant_id":"61609","capacity_mw":103.5,"status_group":"Operating","energy_sources":"WND","type":"Power plant","is_nuclear":false}},{"type":"Feature","geometry":{"type":"Point","coordinates":[-95.656,43.08]},"properties":{"key":"58883-be3696b5","layer":"power","name":"Highland Wind Project (IA)","state":"IA","detail_file":"data/details/power-plants-05.json","plant_id":"58883","capacity_mw":502.0,"status_group":"Operating","energy_sources":"WND","type":"Power plant","is_nuclear":false}},{"type":"Feature","geometry":{"type":"Point","coordinates":[-94.103,42.569]},"properties":{"key":"64738-60083192","layer":"power","name":"Holliday Creek Solar","state":"IA","detail_file":"data/details/power-plants-57.json","plant_id":"64738","capacity_mw":100.0,"status_group":"Operating","energy_sources":"SUN","type":"Power plant","is_nuclear":false}},{"type":"Feature","geometry":{"type":"Point","coordinates":[-93.331,41.036]},"properties":{"key":"67097-b452a659","layer":"power","name":"Hy-Vee Customer Hosted 2.25MW Solar","state":"IA","detail_file":"data/details/power-plants-15.json","plant_id":"67097","capacity_mw":2.3,"status_group":"Operating","energy_sources":"SUN","type":"Power plant","is_nuclear":false}},{"type":"Feature","geometry":{"type":"Point","coordinates":[-93.617,42.003]},"properties":{"key":"64179-d00bfdab","layer":"power","name":"IA - City of Ames - Airport Road","state":"IA","detail_file":"data/details/power-plants-38.json","plant_id":"64179","capacity_mw":2.0,"status_group":"Operating","energy_sources":"SUN","type":"Power plant","is_nuclear":false}},{"type":"Feature","geometry":{"type":"Point","coordinates":[-93.656,41.979]},"properties":{"key":"67098-d93a9e08","layer":"power","name":"ISU Customer Hosted 1MW Solar Project","state":"IA","detail_file":"data/details/power-plants-51.json","plant_id":"67098","capacity_mw":1.4,"status_group":"Operating","energy_sources":"SUN","type":"Power plant","is_nuclear":false}},{"type":"Feature","geometry":{"type":"Point","coordinates":[-95.459,42.327]},"properties":{"key":"62795-6f44b432","layer":"power","name":"Ida Grove II","state":"IA","detail_file":"data/details/power-plants-43.json","plant_id":"62795","capacity_mw":201.0,"status_group":"Operating","energy_sources":"WND","type":"Power plant","is_nuclear":false}},{"type":"Feature","geometry":{"type":"Point","coordinates":[-95.42,42.356]},"properties":{"key":"60342-2f6a2c6e","layer":"power","name":"Ida Grove Wind","state":"IA","detail_file":"data/details/power-plants-27.json","plant_id":"60342","capacity_mw":301.1,"status_group":"Operating","energy_sources":"WND","type":"Power plant","is_nuclear":false}},{"type":"Feature","geometry":{"type":"Point","coordinates":[-93.563,41.359]},"properties":{"key":"1150-caccc53b","layer":"power","name":"Indianola","state":"IA","detail_file":"data/details/power-plants-15.json","plant_id":"1150","capacity_mw":40.9,"status_group":"Operating","energy_sources":"DFO","type":"Power plant","is_nuclear":false}},{"type":"Feature","geometry":{"type":"Point","coordinates":[-95.328,42.554]},"properties":{"key":"56251-dff0cb9f","layer":"power","name":"Intrepid","state":"IA","detail_file":"data/details/power-plants-28.json","plant_id":"56251","capacity_mw":175.5,"status_group":"Operating","energy_sources":"WND","type":"Power plant","is_nuclear":false}},{"type":"Feature","geometry":{"type":"Point","coordinates":[-94.141,43.035]},"properties":{"key":"7966-5c60f48c","layer":"power","name":"Iowa Distributed Wind Generation Project","state":"IA","detail_file":"data/details/power-plants-28.json","plant_id":"7966","capacity_mw":2.3,"status_group":"Operating","energy_sources":"WND","type":"Power plant","is_nuclear":false}},{"type":"Feature","geometry":{"type":"Point","coordinates":[-94.816,43.385]},"properties":{"key":"57257-df5950bb","layer":"power","name":"Iowa Lakes Community College Wind Farm","state":"IA","detail_file":"data/details/power-plants-45.json","plant_id":"57257","capacity_mw":1.7,"status_group":"Operating","energy_sources":"WND","type":"Power plant","is_nuclear":false}},{"type":"Feature","geometry":{"type":"Point","coordinates":[-94.98,43.445]},"properties":{"key":"57252-f337209f","layer":"power","name":"Iowa Lakes Superior Wind Farm","state":"IA","detail_file":"data/details/power-plants-38.json","plant_id":"57252","capacity_mw":10.5,"status_group":"Operating","energy_sources":"WND","type":"Power plant","is_nuclear":false}},{"type":"Feature","geometry":{"type":"Point","coordinates":[-93.639,42.028]},"properties":{"key":"54201-dfb0e992","layer":"power","name":"Iowa State University","state":"IA","detail_file":"data/details/power-plants-41.json","plant_id":"54201","capacity_mw":39.8,"status_group":"Operating","energy_sources":"NG","type":"Power plant","is_nuclear":false}},{"type":"Feature","geometry":{"type":"Point","coordinates":[-92.946,42.333]},"properties":{"key":"61911-d7d65645","layer":"power","name":"Ivester Wind Farm","state":"IA","detail_file":"data/details/power-plants-41.json","plant_id":"61911","capacity_mw":90.8,"status_group":"Operating","energy_sources":"WND","type":"Power plant","is_nuclear":false}},{"type":"Feature","geometry":{"type":"Point","coordinates":[-94.269,42.099]},"properties":{"key":"58444-b3fbb31d","layer":"power","name":"Junction Hilltop Wind Farm","state":"IA","detail_file":"data/details/power-plants-45.json","plant_id":"58444","capacity_mw":8.0,"status_group":"Operating","energy_sources":"WND","type":"Power plant","is_nuclear":false}},{"type":"Feature","geometry":{"type":"Point","coordinates":[-93.061,41.316]},"properties":{"key":"62569-070cbecf","layer":"power","name":"Knoxville Battery Energy Storage","state":"IA","detail_file":"data/details/power-plants-08.json","plant_id":"62569","capacity_mw":1.1,"status_group":"Operating","energy_sources":"MWH","type":"Power plant","is_nuclear":false}},{"type":"Feature","geometry":{"type":"Point","coordinates":[-93.061,41.316]},"properties":{"key":"7849-b93113ae","layer":"power","name":"Knoxville Industrial","state":"IA","detail_file":"data/details/power-plants-00.json","plant_id":"7849","capacity_mw":16.0,"status_group":"Operating","energy_sources":"DFO","type":"Power plant","is_nuclear":false}},{"type":"Feature","geometry":{"type":"Point","coordinates":[-94.129,42.995]},"properties":{"key":"62103-6b72d989","layer":"power","name":"Kossuth","state":"IA","detail_file":"data/details/power-plants-35.json","plant_id":"62103","capacity_mw":152.2,"status_group":"Operating","energy_sources":"WND","type":"Power plant","is_nuclear":false}},{"type":"Feature","geometry":{"type":"Point","coordinates":[-94.134,42.987]},"properties":{"key":"65725-45c3adef","layer":"power","name":"Kossuth County Wind","state":"IA","detail_file":"data/details/power-plants-26.json","plant_id":"65725","capacity_mw":70.0,"status_group":"Operating","energy_sources":"WND","type":"Power plant","is_nuclear":false}},{"type":"Feature","geometry":{"type":"Point","coordinates":[-92.193,42.316]},"properties":{"key":"1156-c7a179c0","layer":"power","name":"La Porte","state":"IA","detail_file":"data/details/power-plants-62.json","plant_id":"1156","capacity_mw":5.4,"status_group":"Operating","energy_sources":"DFO","type":"Power plant","is_nuclear":false}},{"type":"Feature","geometry":{"type":"Point","coordinates":[-93.532,43.417]},"properties":{"key":"1154-c34fe65a","layer":"power","name":"Lake Mills","state":"IA","detail_file":"data/details/power-plants-40.json","plant_id":"1154","capacity_mw":17.7,"status_group":"Operating","energy_sources":"DFO","type":"Power plant","is_nuclear":false}},{"type":"Feature","geometry":{"type":"Point","coordinates":[-93.559,43.386]},"properties":{"key":"56521-f7a79fb1","layer":"power","name":"Lake Mills Gas Recovery","state":"IA","detail_file":"data/details/power-plants-29.json","plant_id":"56521","capacity_mw":4.0,"status_group":"Operating","energy_sources":"LFG","type":"Power plant","is_nuclear":false}},{"type":"Feature","geometry":{"type":"Point","coordinates":[-95.315,43.43]},"properties":{"key":"1153-e85474ec","layer":"power","name":"Lake Park","state":"IA","detail_file":"data/details/power-plants-60.json","plant_id":"1153","capacity_mw":4.0,"status_group":"Operating","energy_sources":"DFO","type":"Power plant","is_nuclear":false}},{"type":"Feature","geometry":{"type":"Point","coordinates":[-94.147,43.384]},"properties":{"key":"57251-cce3e0dc","layer":"power","name":"Lakota Wind Wind Farm","state":"IA","detail_file":"data/details/power-plants-50.json","plant_id":"57251","capacity_mw":10.5,"status_group":"Operating","energy_sources":"WND","type":"Power plant","is_nuclear":false}},{"type":"Feature","geometry":{"type":"Point","coordinates":[-93.933,40.622]},"properties":{"key":"1155-0ed31e67","layer":"power","name":"Lamoni Municipal Utilities","state":"IA","detail_file":"data/details/power-plants-04.json","plant_id":"1155","capacity_mw":10.5,"status_group":"Operating","energy_sources":"DFO","type":"Power plant","is_nuclear":false}},{"type":"Feature","geometry":{"type":"Point","coordinates":[-92.933,41.883]},"properties":{"key":"57500-7b58231b","layer":"power","name":"Laurel Wind Farm","state":"IA","detail_file":"data/details/power-plants-09.json","plant_id":"57500","capacity_mw":123.4,"status_group":"Operating","energy_sources":"WND","type":"Power plant","is_nuclear":false}},{"type":"Feature","geometry":{"type":"Point","coordinates":[-94.851,42.849]},"properties":{"key":"1157-ed18ae10","layer":"power","name":"Laurens","state":"IA","detail_file":"data/details/power-plants-42.json","plant_id":"1157","capacity_mw":7.5,"status_group":"Operating","energy_sources":"DFO","type":"Power plant","is_nuclear":false}},{"type":"Feature","geometry":{"type":"Point","coordinates":[-94.107,43.43]},"properties":{"key":"65390-0142b5fd","layer":"power","name":"Ledyard Windpower, LLC","state":"IA","detail_file":"data/details/power-plants-62.json","plant_id":"65390","capacity_mw":207.0,"status_group":"Operating","energy_sources":"WND","type":"Power plant","is_nuclear":false}},{"type":"Feature","geometry":{"type":"Point","coordinates":[-94.559,40.88]},"properties":{"key":"1158-29223f34","layer":"power","name":"Lenox","state":"IA","detail_file":"data/details/power-plants-27.json","plant_id":"1158","capacity_mw":6.1,"status_group":"Operating","energy_sources":"DFO","type":"Power plant","is_nuclear":false}},{"type":"Feature","geometry":{"type":"Point","coordinates":[-93.368,42.498]},"properties":{"key":"59228-c0bb5d81","layer":"power","name":"Leonardo Wind 1 LLC","state":"IA","detail_file":"data/details/power-plants-33.json","plant_id":"59228","capacity_mw":3.0,"status_group":"Operating","energy_sources":"WND","type":"Power plant","is_nuclear":false}},{"type":"Feature","geometry":{"type":"Point","coordinates":[-93.205,43.248]},"properties":{"key":"7155-956274c2","layer":"power","name":"Lime Creek","state":"IA","detail_file":"data/details/power-plants-11.json","plant_id":"7155","capacity_mw":90.2,"status_group":"Operating","energy_sources":"DFO","type":"Power plant","is_nuclear":false}},{"type":"Feature","geometry":{"type":"Point","coordinates":[-92.733,43.383]},"properties":{"key":"69492-65b1bc40","layer":"power","name":"Little Cedar","state":"IA","detail_file":"data/details/power-plants-39.json","plant_id":"69492","capacity_mw":2.5,"status_group":"Operating","energy_sources":"SUN","type":"Power plant","is_nuclear":false}},{"type":"Feature","geometry":{"type":"Point","coordinates":[-95.323,43.346]},"properties":{"key":"57111-d23742c4","layer":"power","name":"Lost Lakes Wind Farm LLC","state":"IA","detail_file":"data/details/power-plants-27.json","plant_id":"57111","capacity_mw":100.0,"status_group":"Operating","energy_sources":"WND","type":"Power plant","is_nuclear":false}},{"type":"Feature","geometry":{"type":"Point","coordinates":[-94.171,42.335]},"properties":{"key":"58884-c6c3fec9","layer":"power","name":"Lundgren Wind Project","state":"IA","detail_file":"data/details/power-plants-62.json","plant_id":"58884","capacity_mw":270.9,"status_group":"Operating","energy_sources":"WND","type":"Power plant","is_nuclear":false}},{"type":"Feature","geometry":{"type":"Point","coordinates":[-94.104,41.209]},"properties":{"key":"58885-46c15712","layer":"power","name":"Macksburg Wind Project","state":"IA","detail_file":"data/details/power-plants-48.json","plant_id":"58885","capacity_mw":119.6,"status_group":"Operating","energy_sources":"WND","type":"Power plant","is_nuclear":false}},{"type":"Feature","geometry":{"type":"Point","coordinates":[-95.035,41.907]},"properties":{"key":"1160-957f8a20","layer":"power","name":"Manning","state":"IA","detail_file":"data/details/power-plants-25.json","plant_id":"1160","capacity_mw":7.9,"status_group":"Operating","energy_sources":"DFO","type":"Power plant","is_nuclear":false}},{"type":"Feature","geometry":{"type":"Point","coordinates":[-92.791,43.28]},"properties":{"key":"66068-f03b3458","layer":"power","name":"Maple City","state":"IA","detail_file":"data/details/power-plants-32.json","plant_id":"66068","capacity_mw":1.5,"status_group":"Operating","energy_sources":"SUN","type":"Power plant","is_nuclear":false}},{"type":"Feature","geometry":{"type":"Point","coordinates":[-92.859,42.047]},"properties":{"key":"1068-bdff0004","layer":"power","name":"Marshalltown","state":"IA","detail_file":"data/details/power-plants-45.json","plant_id":"1068","capacity_mw":189.0,"status_group":"Operating","energy_sources":"NG","type":"Power plant","is_nuclear":false}},{"type":"Feature","geometry":{"type":"Point","coordinates":[-92.873,42.043]},"properties":{"key":"58236-b14e4ca2","layer":"power","name":"Marshalltown Generating Station","state":"IA","detail_file":"data/details/power-plants-22.json","plant_id":"58236","capacity_mw":708.8,"status_group":"Operating","energy_sources":"MWH; NG; SUN","type":"Power plant","is_nuclear":false}},{"type":"Feature","geometry":{"type":"Point","coordinates":[-94.446,41.39]},"properties":{"key":"58459-6b1705f0","layer":"power","name":"Meadow Ridge","state":"IA","detail_file":"data/details/power-plants-47.json","plant_id":"58459","capacity_mw":1.6,"status_group":"Operating","energy_sources":"WND","type":"Power plant","is_nuclear":false}},{"type":"Feature","geometry":{"type":"Point","coordinates":[-92.693,43.056]},"properties":{"key":"1097-a2eb283b","layer":"power","name":"Merl Parr","state":"IA","detail_file":"data/details/power-plants-60.json","plant_id":"1097","capacity_mw":36.0,"status_group":"Operating","energy_sources":"NG","type":"Power plant","is_nuclear":false}},{"type":"Feature","geometry":{"type":"Point","coordinates":[-93.355,41.599]},"properties":{"key":"54700-e2ad9e13","layer":"power","name":"Metro Methane Recovery Facility","state":"IA","detail_file":"data/details/power-plants-40.json","plant_id":"54700","capacity_mw":11.2,"status_group":"Operating","energy_sources":"LFG","type":"Power plant","is_nuclear":false}},{"type":"Feature","geometry":{"type":"Point","coordinates":[-93.623,41.881]},"properties":{"key":"59231-982719d8","layer":"power","name":"Michelangelo Wind 1 LLC","state":"IA","detail_file":"data/details/power-plants-54.json","plant_id":"59231","capacity_mw":3.0,"status_group":"Operating","energy_sources":"WND","type":"Power plant","is_nuclear":false}},{"type":"Feature","geometry":{"type":"Point","coordinates":[-93.514,42.019]},"properties":{"key":"59053-21f419fd","layer":"power","name":"Michelangelo Wind 3 LLC","state":"IA","detail_file":"data/details/power-plants-52.json","plant_id":"59053","capacity_mw":3.0,"status_group":"Operating","energy_sources":"WND","type":"Power plant","is_nuclear":false}},{"type":"Feature","geometry":{"type":"Point","coordinates":[-93.701,41.978]},"properties":{"key":"59232-c34e31e4","layer":"power","name":"Michelangelo Wind 4 LLC","state":"IA","detail_file":"data/details/power-plants-33.json","plant_id":"59232","capacity_mw":3.0,"status_group":"Operating","energy_sources":"WND","type":"Power plant","is_nuclear":false}},{"type":"Feature","geometry":{"type":"Point","coordinates":[-95.148,43.326]},"properties":{"key":"1164-deddee3e","layer":"power","name":"Milford","state":"IA","detail_file":"data/details/power-plants-58.json","plant_id":"1164","capacity_mw":6.5,"status_group":"Operating","energy_sources":"DFO","type":"Power plant","is_nuclear":false}},{"type":"Feature","geometry":{"type":"Point","coordinates":[-95.452,41.033]},"properties":{"key":"70107-586adf47","layer":"power","name":"Mills Solar Project","state":"IA","detail_file":"data/details/power-plants-02.json","plant_id":"70107","capacity_mw":50.0,"status_group":"Under construction","energy_sources":"SUN","type":"Power plant","is_nuclear":false}},{"type":"Feature","geometry":{"type":"Point","coordinates":[-92.523,41.586]},"properties":{"key":"1165-5e731f91","layer":"power","name":"Montezuma","state":"IA","detail_file":"data/details/power-plants-31.json","plant_id":"1165","capacity_mw":9.8,"status_group":"Operating","energy_sources":"DFO; NG","type":"Power plant","is_nuclear":false}},{"type":"Feature","geometry":{"type":"Point","coordinates":[-94.575,41.454]},"properties":{"key":"57875-e1532e55","layer":"power","name":"Morning Light Wind Farm","state":"IA","detail_file":"data/details/power-plants-62.json","plant_id":"57875","capacity_mw":110.9,"status_group":"Operating","energy_sources":"WND","type":"Power plant","is_nuclear":false}},{"type":"Feature","geometry":{"type":"Point","coordinates":[-93.579,42.046]},"properties":{"key":"58265-199e9886","layer":"power","name":"NCAH Central Utility Plant","state":"IA","detail_file":"data/details/power-plants-57.json","plant_id":"58265","capacity_mw":14.1,"status_group":"Operating","energy_sources":"DFO; NG","type":"Power plant","is_nuclear":false}},{"type":"Feature","geometry":{"type":"Point","coordinates":[-92.32,43.069]},"properties":{"key":"1168-b8d87eee","layer":"power","name":"New Hampton","state":"IA","detail_file":"data/details/power-plants-07.json","plant_id":"1168","capacity_mw":26.5,"status_group":"Operating","energy_sources":"DFO; NG","type":"Power plant","is_nuclear":false}},{"type":"Feature","geometry":{"type":"Point","coordinates":[-95.44,42.16]},"properties":{"key":"57609-a4b7dd63","layer":"power","name":"New Harvest Wind Project LLC","state":"IA","detail_file":"data/details/power-plants-59.json","plant_id":"57609","capacity_mw":100.0,"status_group":"Operating","energy_sources":"WND","type":"Power plant","is_nuclear":false}},{"type":"Feature","geometry":{"type":"Point","coordinates":[-92.499,41.643]},"properties":{"key":"62133-edc28db7","layer":"power","name":"North English","state":"IA","detail_file":"data/details/power-plants-16.json","plant_id":"62133","capacity_mw":340.0,"status_group":"Operating","energy_sources":"WND","type":"Power plant","is_nuclear":false}},{"type":"Feature","geometry":{"type":"Point","coordinates":[-94.455,41.316]},"properties":{"key":"7856-705e87ed","layer":"power","name":"North Generation Plant","state":"IA","detail_file":"data/details/power-plants-37.json","plant_id":"7856","capacity_mw":8.0,"status_group":"Operating","energy_sources":"DFO","type":"Power plant","is_nuclear":false}},{"type":"Feature","geometry":{"type":"Point","coordinates":[-93.298,43.361]},"properties":{"key":"56383-a5d05ae6","layer":"power","name":"Northern Iowa Windpower II","state":"IA","detail_file":"data/details/power-plants-25.json","plant_id":"56383","capacity_mw":80.0,"status_group":"Operating","energy_sources":"WND","type":"Power plant","is_nuclear":false}},{"type":"Feature","geometry":{"type":"Point","coordinates":[-95.624,43.2]},"properties":{"key":"60326-38be2ced","layer":"power","name":"O'Brien Wind","state":"IA","detail_file":"data/details/power-plants-21.json","plant_id":"60326","capacity_mw":250.3,"status_group":"Operating","energy_sources":"WND","type":"Power plant","is_nuclear":false}},{"type":"Feature","geometry":{"type":"Point","coordinates":[-94.046,42.037]},"properties":{"key":"1169-08fb846a","layer":"power","name":"Ogden","state":"IA","detail_file":"data/details/power-plants-53.json","plant_id":"1169","capacity_mw":3.9,"status_group":"Operating","energy_sources":"DFO","type":"Power plant","is_nuclear":false}},{"type":"Feature","geometry":{"type":"Point","coordinates":[-93.417,43.383]},"properties":{"key":"55804-4bddba4b","layer":"power","name":"Old Gold Energy Center, LLC","state":"IA","detail_file":"data/details/power-plants-35.json","plant_id":"55804","capacity_mw":80.0,"status_group":"Operating","energy_sources":"WND","type":"Power plant","is_nuclear":false}},{"type":"Feature","geometry":{"type":"Point","coordinates":[-93.514,42.019]},"properties":{"key":"59227-d477e1b5","layer":"power","name":"Optimum Wind 3 LLC","state":"IA","detail_file":"data/details/power-plants-09.json","plant_id":"59227","capacity_mw":3.0,"status_group":"Operating","energy_sources":"WND","type":"Power plant","is_nuclear":false}},{"type":"Feature","geometry":{"type":"Point","coordinates":[-93.516,42.016]},"properties":{"key":"59226-582a8907","layer":"power","name":"Optimum Wind 4 LLC","state":"IA","detail_file":"data/details/power-plants-37.json","plant_id":"59226","capacity_mw":3.0,"status_group":"Operating","energy_sources":"WND","type":"Power plant","is_nuclear":false}},{"type":"Feature","geometry":{"type":"Point","coordinates":[-93.518,42.014]},"properties":{"key":"59223-aa59b5f6","layer":"power","name":"Optimum Wind 5 LLC","state":"IA","detail_file":"data/details/power-plants-29.json","plant_id":"59223","capacity_mw":3.0,"status_group":"Operating","energy_sources":"WND","type":"Power plant","is_nuclear":false}},{"type":"Feature","geometry":{"type":"Point","coordinates":[-93.524,42.007]},"properties":{"key":"59224-bf84c4da","layer":"power","name":"Optimum Wind 6 LLC","state":"IA","detail_file":"data/details/power-plants-43.json","plant_id":"59224","capacity_mw":3.0,"status_group":"Operating","energy_sources":"WND","type":"Power plant","is_nuclear":false}},{"type":"Feature","geometry":{"type":"Point","coordinates":[-93.43,42.028]},"properties":{"key":"59225-90e94a9d","layer":"power","name":"Optimum Wind 7 LLC","state":"IA","detail_file":"data/details/power-plants-05.json","plant_id":"59225","capacity_mw":3.0,"status_group":"Operating","energy_sources":"WND","type":"Power plant","is_nuclear":false}},{"type":"Feature","geometry":{"type":"Point","coordinates":[-94.417,41.202]},"properties":{"key":"61077-13bbe865","layer":"power","name":"Orient Wind Farm","state":"IA","detail_file":"data/details/power-plants-34.json","plant_id":"61077","capacity_mw":500.8,"status_group":"Operating","energy_sources":"WND","type":"Power plant","is_nuclear":false}},{"type":"Feature","geometry":{"type":"Point","coordinates":[-92.811,43.28]},"properties":{"key":"1172-520f8787","layer":"power","name":"Osage (IA)","state":"IA","detail_file":"data/details/power-plants-31.json","plant_id":"1172","capacity_mw":19.0,"status_group":"Operating","energy_sources":"DFO; NG; SUN; WND","type":"Power plant","is_nuclear":false}},{"type":"Feature","geometry":{"type":"Point","coordinates":[-95.417,43.43]},"properties":{"key":"56913-69946ff8","layer":"power","name":"Osceola Windpower II","state":"IA","detail_file":"data/details/power-plants-26.json","plant_id":"56913","capacity_mw":49.6,"status_group":"Operating","energy_sources":"WND","type":"Power plant","is_nuclear":false}},{"type":"Feature","geometry":{"type":"Point","coordinates":[-95.417,43.43]},"properties":{"key":"56645-ff3d62d3","layer":"power","name":"Osceola Windpower LLC","state":"IA","detail_file":"data/details/power-plants-52.json","plant_id":"56645","capacity_mw":98.2,"status_group":"Operating","energy_sources":"WND","type":"Power plant","is_nuclear":false}},{"type":"Feature","geometry":{"type":"Point","coordinates":[-95.81,43.275]},"properties":{"key":"58138-93becbf3","layer":"power","name":"Otter Creek Ethanol Poet - Ashton","state":"IA","detail_file":"data/details/power-plants-08.json","plant_id":"58138","capacity_mw":7.5,"status_group":"Operating","energy_sources":"NG","type":"Power plant","is_nuclear":false}},{"type":"Feature","geometry":{"type":"Point","coordinates":[-92.556,41.096]},"properties":{"key":"6254-f38256c8","layer":"power","name":"Ottumwa","state":"IA","detail_file":"data/details/power-plants-36.json","plant_id":"6254","capacity_mw":725.9,"status_group":"Operating","energy_sources":"SUB","type":"Power plant","is_nuclear":false}},{"type":"Feature","geometry":{"type":"Point","coordinates":[-92.415,41.016]},"properties":{"key":"1173-e6cde4a5","layer":"power","name":"Ottumwa City of","state":"IA","detail_file":"data/details/power-plants-19.json","plant_id":"1173","capacity_mw":3.2,"status_group":"Operating","energy_sources":"WAT","type":"Power plant","is_nuclear":false}},{"type":"Feature","geometry":{"type":"Point","coordinates":[-94.287,42.32]},"properties":{"key":"63923-d9ea9c72","layer":"power","name":"POET Biorefining - Gowrie","state":"IA","detail_file":"data/details/power-plants-12.json","plant_id":"63923","capacity_mw":5.0,"status_group":"Operating","energy_sources":"NG","type":"Power plant","is_nuclear":false}},{"type":"Feature","geometry":{"type":"Point","coordinates":[-93.662,42.328]},"properties":{"key":"63826-8cd60550","layer":"power","name":"POET Biorefining - Jewell","state":"IA","detail_file":"data/details/power-plants-17.json","plant_id":"63826","capacity_mw":5.0,"status_group":"Operating","energy_sources":"NG","type":"Power plant","is_nuclear":false}},{"type":"Feature","geometry":{"type":"Point","coordinates":[-94.796,40.966]},"properties":{"key":"63919-94093103","layer":"power","name":"POET Biorefining LLC - Corning","state":"IA","detail_file":"data/details/power-plants-15.json","plant_id":"63919","capacity_mw":5.0,"status_group":"Operating","energy_sources":"NG","type":"Power plant","is_nuclear":false}},{"type":"Feature","geometry":{"type":"Point","coordinates":[-93.393,43.292]},"properties":{"key":"63832-703917e8","layer":"power","name":"POET Biorefining-Hanlontown, LLC","state":"IA","detail_file":"data/details/power-plants-32.json","plant_id":"63832","capacity_mw":4.0,"status_group":"Operating","energy_sources":"OTH","type":"Power plant","is_nuclear":false}},{"type":"Feature","geometry":{"type":"Point","coordinates":[-94.548,43.207]},"properties":{"key":"63053-ee13780b","layer":"power","name":"Palo Alto Wind Farm","state":"IA","detail_file":"data/details/power-plants-57.json","plant_id":"63053","capacity_mw":340.0,"status_group":"Operating","energy_sources":"WND","type":"Power plant","is_nuclear":false}},{"type":"Feature","geometry":{"type":"Point","coordinates":[-94.368,41.695]},"properties":{"key":"7584-4370ce06","layer":"power","name":"Panora","state":"IA","detail_file":"data/details/power-plants-27.json","plant_id":"7584","capacity_mw":4.5,"status_group":"Operating","energy_sources":"DFO","type":"Power plant","is_nuclear":false}},{"type":"Feature","geometry":{"type":"Point","coordinates":[-92.938,41.411]},"properties":{"key":"7971-b3b96fa7","layer":"power","name":"Pella Peaking","state":"IA","detail_file":"data/details/power-plants-03.json","plant_id":"7971","capacity_mw":28.0,"status_group":"Operating","energy_sources":"DFO","type":"Power plant","is_nuclear":false}},{"type":"Feature","geometry":{"type":"Point","coordinates":[-94.12,41.843]},"properties":{"key":"67099-785c3a3d","layer":"power","name":"Perry Customer Hosted 1MW Solar Project","state":"IA","detail_file":"data/details/power-plants-17.json","plant_id":"67099","capacity_mw":1.0,"status_group":"Operating","energy_sources":"SUN","type":"Power plant","is_nuclear":false}},{"type":"Feature","geometry":{"type":"Point","coordinates":[-92.613,43.484]},"properties":{"key":"56797-cb9666ee","layer":"power","name":"Pioneer Prairie Wind Farm","state":"IA","detail_file":"data/details/power-plants-16.json","plant_id":"56797","capacity_mw":300.0,"status_group":"Operating","energy_sources":"WND","type":"Power plant","is_nuclear":false}},{"type":"Feature","geometry":{"type":"Point","coordinates":[-93.524,41.557]},"properties":{"key":"7145-d8b5869e","layer":"power","name":"Pleasant Hill","state":"IA","detail_file":"data/details/power-plants-29.json","plant_id":"7145","capacity_mw":179.8,"status_group":"Operating","energy_sources":"NG","type":"Power plant","is_nuclear":false}},{"type":"Feature","geometry":{"type":"Point","coordinates":[-95.941,42.843]},"properties":{"key":"64688-8c52eb74","layer":"power","name":"Plymouth Wind","state":"IA","detail_file":"data/details/power-plants-36.json","plant_id":"64688","capacity_mw":202.7,"status_group":"Operating","energy_sources":"WND","type":"Power plant","is_nuclear":false}},{"type":"Feature","geometry":{"type":"Point","coordinates":[-94.658,42.568]},"properties":{"key":"57976-36583476","layer":"power","name":"Pocahontas Prairie Wind Farm","state":"IA","detail_file":"data/details/power-plants-08.json","plant_id":"57976","capacity_mw":80.0,"status_group":"Operating","energy_sources":"WND","type":"Power plant","is_nuclear":false}},{"type":"Feature","geometry":{"type":"Point","coordinates":[-94.643,43.092]},"properties":{"key":"68066-db4c7c8e","layer":"power","name":"Poet Bioprocessing Emmetsburg","state":"IA","detail_file":"data/details/power-plants-21.json","plant_id":"68066","capacity_mw":3.5,"status_group":"Operating","energy_sources":"NG","type":"Power plant","is_nuclear":false}},{"type":"Feature","geometry":{"type":"Point","coordinates":[-94.747,42.584]},"properties":{"key":"56501-2f9b75f0","layer":"power","name":"Pomeroy Wind Farm","state":"IA","detail_file":"data/details/power-plants-36.json","plant_id":"56501","capacity_mw":286.4,"status_group":"Operating","energy_sources":"WND","type":"Power plant","is_nuclear":false}},{"type":"Feature","geometry":{"type":"Point","coordinates":[-92.704,41.437]},"properties":{"key":"60873-7ca67c48","layer":"power","name":"Prairie Wind Farm","state":"IA","detail_file":"data/details/power-plants-40.json","plant_id":"60873","capacity_mw":168.0,"status_group":"Operating","energy_sources":"WND","type":"Power plant","is_nuclear":false}},{"type":"Feature","geometry":{"type":"Point","coordinates":[-94.605,41.121]},"properties":{"key":"66952-fc29aeed","layer":"power","name":"Prescott Wind Farm","state":"IA","detail_file":"data/details/power-plants-43.json","plant_id":"66952","capacity_mw":38.7,"status_group":"Operating","energy_sources":"WND","type":"Power plant","is_nuclear":false}},{"type":"Feature","geometry":{"type":"Point","coordinates":[-95.626,43.087]},"properties":{"key":"1177-95cd9ee3","layer":"power","name":"Primghar","state":"IA","detail_file":"data/details/power-plants-27.json","plant_id":"1177","capacity_mw":2.0,"status_group":"Operating","energy_sources":"DFO","type":"Power plant","is_nuclear":false}},{"type":"Feature","geometry":{"type":"Point","coordinates":[-93.264,43.136]},"properties":{"key":"69243-6ec6b262","layer":"power","name":"REG Mason City Solar","state":"IA","detail_file":"data/details/power-plants-62.json","plant_id":"69243","capacity_mw":2.6,"status_group":"Operating","energy_sources":"SUN","type":"Power plant","is_nuclear":false}},{"type":"Feature","geometry":{"type":"Point","coordinates":[-92.981,41.37]},"properties":{"key":"58434-52890800","layer":"power","name":"Red Rock Hydro Plant","state":"IA","detail_file":"data/details/power-plants-20.json","plant_id":"58434","capacity_mw":55.2,"status_group":"Operating","energy_sources":"WAT","type":"Power plant","is_nuclear":false}},{"type":"Feature","geometry":{"type":"Point","coordinates":[-95.226,42.363]},"properties":{"key":"62080-05b6e63c","layer":"power","name":"Richland (IA)","state":"IA","detail_file":"data/details/power-plants-24.json","plant_id":"62080","capacity_mw":130.9,"status_group":"Operating","energy_sources":"WND","type":"Power plant","is_nuclear":false}},{"type":"Feature","geometry":{"type":"Point","coordinates":[-94.238,42.006]},"properties":{"key":"57830-ae1aa212","layer":"power","name":"Rippey Wind Farm","state":"IA","detail_file":"data/details/power-plants-48.json","plant_id":"57830","capacity_mw":50.0,"status_group":"Operating","energy_sources":"WND","type":"Power plant","is_nuclear":false}},{"type":"Feature","geometry":{"type":"Point","coordinates":[-93.62,41.59]},"properties":{"key":"1084-beec2a57","layer":"power","name":"River Hills","state":"IA","detail_file":"data/details/power-plants-35.json","plant_id":"1084","capacity_mw":128.0,"status_group":"Operating","energy_sources":"NG","type":"Power plant","is_nuclear":false}},{"type":"Feature","geometry":{"type":"Point","coordinates":[-92.947,43.049]},"properties":{"key":"1180-87443858","layer":"power","name":"Rockford","state":"IA","detail_file":"data/details/power-plants-51.json","plant_id":"1180","capacity_mw":2.9,"status_group":"Operating","energy_sources":"DFO","type":"Power plant","is_nuclear":false}},{"type":"Feature","geometry":{"type":"Point","coordinates":[-93.283,43.297]},"properties":{"key":"58089-4c7facbf","layer":"power","name":"Roeder Family Wind Farm LLC","state":"IA","detail_file":"data/details/power-plants-20.json","plant_id":"58089","capacity_mw":1.6,"status_group":"Operating","energy_sources":"WND","type":"Power plant","is_nuclear":false}},{"type":"Feature","geometry":{"type":"Point","coordinates":[-94.774,41.197]},"properties":{"key":"57501-1db87baa","layer":"power","name":"Rolling Hills Wind Farm","state":"IA","detail_file":"data/details/power-plants-53.json","plant_id":"57501","capacity_mw":484.2,"status_group":"Operating","energy_sources":"WND","type":"Power plant","is_nuclear":false}},{"type":"Feature","geometry":{"type":"Point","coordinates":[-94.754,41.371]},"properties":{"key":"62130-0ed8622b","layer":"power","name":"Roseman","state":"IA","detail_file":"data/details/power-plants-55.json","plant_id":"62130","capacity_mw":1.8,"status_group":"Operating","energy_sources":"WND","type":"Power plant","is_nuclear":false}},{"type":"Feature","geometry":{"type":"Point","coordinates":[-94.995,42.421]},"properties":{"key":"64662-04506f04","layer":"power","name":"Sac County Wind, LLC","state":"IA","detail_file":"data/details/power-plants-09.json","plant_id":"64662","capacity_mw":80.0,"status_group":"Operating","energy_sources":"WND","type":"Power plant","is_nuclear":false}},{"type":"Feature","geometry":{"type":"Point","coordinates":[-92.511,42.165]},"properties":{"key":"69327-24c9ef8b","layer":"power","name":"Salt Creek Wind","state":"IA","detail_file":"data/details/power-plants-27.json","plant_id":"69327","capacity_mw":169.4,"status_group":"Operating","energy_sources":"WND","type":"Power plant","is_nuclear":false}},{"type":"Feature","geometry":{"type":"Point","coordinates":[-92.281,43.449]},"properties":{"key":"61070-df2e4cee","layer":"power","name":"Saratoga Wind Farm","state":"IA","detail_file":"data/details/power-plants-29.json","plant_id":"61070","capacity_mw":66.0,"status_group":"Operating","energy_sources":"WND","type":"Power plant","is_nuclear":false}},{"type":"Feature","geometry":{"type":"Point","coordinates":[-95.377,40.771]},"properties":{"key":"7850-fb92c8eb","layer":"power","name":"Shenandoah","state":"IA","detail_file":"data/details/power-plants-22.json","plant_id":"7850","capacity_mw":20.0,"status_group":"Operating","energy_sources":"DFO","type":"Power plant","is_nuclear":false}},{"type":"Feature","geometry":{"type":"Point","coordinates":[-95.371,40.634]},"properties":{"key":"68872-4b43ee06","layer":"power","name":"Shenandoah Hills Wind Farm","state":"IA","detail_file":"data/details/power-plants-39.json","plant_id":"68872","capacity_mw":214.3,"status_group":"Operating","energy_sources":"WND","type":"Power plant","is_nuclear":false}},{"type":"Feature","geometry":{"type":"Point","coordinates":[-95.75,43.397]},"properties":{"key":"7060-bf7f18ea","layer":"power","name":"Sibley No Two","state":"IA","detail_file":"data/details/power-plants-53.json","plant_id":"7060","capacity_mw":1.1,"status_group":"Operating","energy_sources":"DFO","type":"Power plant","is_nuclear":false}},{"type":"Feature","geometry":{"type":"Point","coordinates":[-95.726,43.405]},"properties":{"key":"1184-dc3ea700","layer":"power","name":"Sibley One","state":"IA","detail_file":"data/details/power-plants-00.json","plant_id":"1184","capacity_mw":5.2,"status_group":"Operating","energy_sources":"DFO","type":"Power plant","is_nuclear":false}},{"type":"Feature","geometry":{"type":"Point","coordinates":[-95.132,42.002]},"properties":{"key":"64835-ec11f16a","layer":"power","name":"Silver Queen Wind Farm","state":"IA","detail_file":"data/details/power-plants-08.json","plant_id":"64835","capacity_mw":252.0,"status_group":"Under construction","energy_sources":"WND","type":"Power plant","is_nuclear":false}},{"type":"Feature","geometry":{"type":"Point","coordinates":[-94.485,41.29]},"properties":{"key":"58460-276e0daa","layer":"power","name":"Sky Volt","state":"IA","detail_file":"data/details/power-plants-38.json","plant_id":"58460","capacity_mw":1.6,"status_group":"Operating","energy_sources":"WND","type":"Power plant","is_nuclear":false}},{"type":"Feature","geometry":{"type":"Point","coordinates":[-92.471,42.732]},"properties":{"key":"7758-3f8ec86b","layer":"power","name":"South Plant (IA)","state":"IA","detail_file":"data/details/power-plants-35.json","plant_id":"7758","capacity_mw":12.0,"status_group":"Operating","energy_sources":"DFO","type":"Power plant","is_nuclear":false}},{"type":"Feature","geometry":{"type":"Point","coordinates":[-94.467,41.111]},"properties":{"key":"63640-2220308c","layer":"power","name":"Southern Hills Wind Farm","state":"IA","detail_file":"data/details/power-plants-23.json","plant_id":"63640","capacity_mw":254.1,"status_group":"Operating","energy_sources":"WND","type":"Power plant","is_nuclear":false}},{"type":"Feature","geometry":{"type":"Point","coordinates":[-95.144,43.145]},"properties":{"key":"1186-fe938657","layer":"power","name":"Spencer Gas Turbine","state":"IA","detail_file":"data/details/power-plants-11.json","plant_id":"1186","capacity_mw":23.8,"status_group":"Operating","energy_sources":"KER","type":"Power plant","is_nuclear":false}},{"type":"Feature","geometry":{"type":"Point","coordinates":[-93.163,42.017]},"properties":{"key":"1187-66b9f72f","layer":"power","name":"State Center","state":"IA","detail_file":"data/details/power-plants-11.json","plant_id":"1187","capacity_mw":7.1,"status_group":"Operating","energy_sources":"DFO; NG; SUN","type":"Power plant","is_nuclear":false}},{"type":"Feature","geometry":{"type":"Point","coordinates":[-95.405,42.688]},"properties":{"key":"54793-d33ba600","layer":"power","name":"Storm Lake 1","state":"IA","detail_file":"data/details/power-plants-29.json","plant_id":"54793","capacity_mw":113.9,"status_group":"Operating","energy_sources":"WND","type":"Power plant","is_nuclear":false}},{"type":"Feature","geometry":{"type":"Point","coordinates":[-95.405,42.842]},"properties":{"key":"55287-2649780c","layer":"power","name":"Storm Lake II","state":"IA","detail_file":"data/details/power-plants-39.json","plant_id":"55287","capacity_mw":80.2,"status_group":"Operating","energy_sources":"WND","type":"Power plant","is_nuclear":false}},{"type":"Feature","geometry":{"type":"Point","coordinates":[-93.6,42.186]},"properties":{"key":"1188-5bd8b140","layer":"power","name":"Story City","state":"IA","detail_file":"data/details/power-plants-62.json","plant_id":"1188","capacity_mw":13.9,"status_group":"Operating","energy_sources":"DFO; NG","type":"Power plant","is_nuclear":false}},{"type":"Feature","geometry":{"type":"Point","coordinates":[-93.599,42.208]},"properties":{"key":"58927-fd4ed2c0","layer":"power","name":"Story City Wind Project","state":"IA","detail_file":"data/details/power-plants-59.json","plant_id":"58927","capacity_mw":1.5,"status_group":"Operating","energy_sources":"WND","type":"Power plant","is_nuclear":false}},{"type":"Feature","geometry":{"type":"Point","coordinates":[-92.439,42.527]},"properties":{"key":"1131-c75301ca","layer":"power","name":"Streeter Station","state":"IA","detail_file":"data/details/power-plants-52.json","plant_id":"1131","capacity_mw":51.5,"status_group":"Operating","energy_sources":"NG","type":"Power plant","is_nuclear":false}},{"type":"Feature","geometry":{"type":"Point","coordinates":[-94.317,41.504]},"properties":{"key":"1190-d4399a68","layer":"power","name":"Stuart (IA)","state":"IA","detail_file":"data/details/power-plants-37.json","plant_id":"1190","capacity_mw":2.8,"status_group":"Operating","energy_sources":"DFO","type":"Power plant","is_nuclear":false}},{"type":"Feature","geometry":{"type":"Point","coordinates":[-94.347,41.114]},"properties":{"key":"1206-e1695053","layer":"power","name":"Summit Lake","state":"IA","detail_file":"data/details/power-plants-21.json","plant_id":"1206","capacity_mw":118.7,"status_group":"Operating","energy_sources":"NG","type":"Power plant","is_nuclear":false}},{"type":"Feature","geometry":{"type":"Point","coordinates":[-92.098,42.846]},"properties":{"key":"1191-dea7a318","layer":"power","name":"Sumner","state":"IA","detail_file":"data/details/power-plants-08.json","plant_id":"1191","capacity_mw":5.4,"status_group":"Operating","energy_sources":"DFO","type":"Power plant","is_nuclear":false}},{"type":"Feature","geometry":{"type":"Point","coordinates":[-93.677,41.672]},"properties":{"key":"8029-769baeb0","layer":"power","name":"Sycamore (IA)","state":"IA","detail_file":"data/details/power-plants-08.json","plant_id":"8029","capacity_mw":157.6,"status_group":"Operating","energy_sources":"NG","type":"Power plant","is_nuclear":false}},{"type":"Feature","geometry":{"type":"Point","coordinates":[-93.321,43.36]},"properties":{"key":"56386-56b4fffe","layer":"power","name":"Top of Iowa Windfarm III","state":"IA","detail_file":"data/details/power-plants-17.json","plant_id":"56386","capacity_mw":29.7,"status_group":"Operating","energy_sources":"WND","type":"Power plant","is_nuclear":false}},{"type":"Feature","geometry":{"type":"Point","coordinates":[-92.466,42.182]},"properties":{"key":"56025-fd883425","layer":"power","name":"Traer East","state":"IA","detail_file":"data/details/power-plants-23.json","plant_id":"56025","capacity_mw":4.0,"status_group":"Operating","energy_sources":"DFO","type":"Power plant","is_nuclear":false}},{"type":"Feature","geometry":{"type":"Point","coordinates":[-92.464,42.193]},"properties":{"key":"1192-51744361","layer":"power","name":"Traer Main","state":"IA","detail_file":"data/details/power-plants-62.json","plant_id":"1192","capacity_mw":3.5,"status_group":"Operating","energy_sources":"DFO","type":"Power plant","is_nuclear":false}},{"type":"Feature","geometry":{"type":"Point","coordinates":[-92.475,42.193]},"properties":{"key":"7920-e4b91dbd","layer":"power","name":"Traer South","state":"IA","detail_file":"data/details/power-plants-02.json","plant_id":"7920","capacity_mw":2.0,"status_group":"Operating","energy_sources":"DFO","type":"Power plant","is_nuclear":false}},{"type":"Feature","geometry":{"type":"Point","coordinates":[-92.442,42.161]},"properties":{"key":"58932-2d08d884","layer":"power","name":"Traer Wind Project","state":"IA","detail_file":"data/details/power-plants-13.json","plant_id":"58932","capacity_mw":1.5,"status_group":"Operating","energy_sources":"WND","type":"Power plant","is_nuclear":false}},{"type":"Feature","geometry":{"type":"Point","coordinates":[-92.84,43.43]},"properties":{"key":"61638-c5f7662e","layer":"power","name":"Turtle Creek Wind Farm LLC","state":"IA","detail_file":"data/details/power-plants-13.json","plant_id":"61638","capacity_mw":199.2,"status_group":"Operating","energy_sources":"WND","type":"Power plant","is_nuclear":false}},{"type":"Feature","geometry":{"type":"Point","coordinates":[-92.459,42.514]},"properties":{"key":"50088-1487db73","layer":"power","name":"University of Northern Iowa","state":"IA","detail_file":"data/details/power-plants-56.json","plant_id":"50088","capacity_mw":7.5,"status_group":"Operating","energy_sources":"NG","type":"Power plant","is_nuclear":false}},{"type":"Feature","geometry":{"type":"Point","coordinates":[-95.349,43.207]},"properties":{"key":"61564-ae43877d","layer":"power","name":"Upland Prairie","state":"IA","detail_file":"data/details/power-plants-18.json","plant_id":"61564","capacity_mw":299.3,"status_group":"Operating","energy_sources":"WND","type":"Power plant","is_nuclear":false}},{"type":"Feature","geometry":{"type":"Point","coordinates":[-92.672,41.742]},"properties":{"key":"59230-a6549839","layer":"power","name":"Venus Wind 3 LLC","state":"IA","detail_file":"data/details/power-plants-59.json","plant_id":"59230","capacity_mw":3.0,"status_group":"Operating","energy_sources":"WND","type":"Power plant","is_nuclear":false}},{"type":"Feature","geometry":{"type":"Point","coordinates":[-95.129,42.117]},"properties":{"key":"56379-6bd7c5f3","layer":"power","name":"Victory Wind Farm","state":"IA","detail_file":"data/details/power-plants-62.json","plant_id":"56379","capacity_mw":105.0,"status_group":"Operating","energy_sources":"WND","type":"Power plant","is_nuclear":false}},{"type":"Feature","geometry":{"type":"Point","coordinates":[-92.776,42.159]},"properties":{"key":"57874-019b0636","layer":"power","name":"Vienna Wind Farm","state":"IA","detail_file":"data/details/power-plants-42.json","plant_id":"57874","capacity_mw":150.2,"status_group":"Operating","energy_sources":"WND","type":"Power plant","is_nuclear":false}},{"type":"Feature","geometry":{"type":"Point","coordinates":[-94.986,40.931]},"properties":{"key":"1193-3e4ec711","layer":"power","name":"Villisca Municipal Power Plant","state":"IA","detail_file":"data/details/power-plants-14.json","plant_id":"1193","capacity_mw":4.0,"status_group":"Operating","energy_sources":"DFO","type":"Power plant","is_nuclear":false}},{"type":"Feature","geometry":{"type":"Point","coordinates":[-92.022,42.17]},"properties":{"key":"1194-890c27a5","layer":"power","name":"Vinton","state":"IA","detail_file":"data/details/power-plants-13.json","plant_id":"1194","capacity_mw":17.5,"status_group":"Operating","energy_sources":"DFO; NG","type":"Power plant","is_nuclear":false}},{"type":"Feature","geometry":{"type":"Point","coordinates":[-95.238,41.452]},"properties":{"key":"56811-3bdba3c1","layer":"power","name":"Walnut Wind Farm","state":"IA","detail_file":"data/details/power-plants-28.json","plant_id":"56811","capacity_mw":165.2,"status_group":"Operating","energy_sources":"WND","type":"Power plant","is_nuclear":false}},{"type":"Feature","geometry":{"type":"Point","coordinates":[-95.841,41.18]},"properties":{"key":"1082-dc2ed649","layer":"power","name":"Walter Scott Jr Energy Center","state":"IA","detail_file":"data/details/power-plants-51.json","plant_id":"1082","capacity_mw":1648.3,"status_group":"Operating","energy_sources":"SUB","type":"Power plant","is_nuclear":false}},{"type":"Feature","geometry":{"type":"Point","coordinates":[-92.346,42.506]},"properties":{"key":"7851-b60a9d79","layer":"power","name":"Waterloo Lundquist","state":"IA","detail_file":"data/details/power-plants-24.json","plant_id":"7851","capacity_mw":18.0,"status_group":"Operating","energy_sources":"DFO","type":"Power plant","is_nuclear":false}},{"type":"Feature","geometry":{"type":"Point","coordinates":[-92.355,42.544]},"properties":{"key":"64984-8d5a5983","layer":"power","name":"Waterloo Solar (IA)","state":"IA","detail_file":"data/details/power-plants-37.json","plant_id":"64984","capacity_mw":3.0,"status_group":"Operating","energy_sources":"SUN","type":"Power plant","is_nuclear":false}},{"type":"Feature","geometry":{"type":"Point","coordinates":[-92.471,42.732]},"properties":{"key":"57214-263c4d31","layer":"power","name":"Waverly Community Wind Project","state":"IA","detail_file":"data/details/power-plants-14.json","plant_id":"57214","capacity_mw":2.7,"status_group":"Operating","energy_sources":"WND","type":"Power plant","is_nuclear":false}},{"type":"Feature","geometry":{"type":"Point","coordinates":[-92.471,42.732]},"properties":{"key":"6554-69ed0331","layer":"power","name":"Waverly Municipal Electric North Plant","state":"IA","detail_file":"data/details/power-plants-56.json","plant_id":"6554","capacity_mw":25.1,"status_group":"Operating","energy_sources":"DFO; NG","type":"Power plant","is_nuclear":false}},{"type":"Feature","geometry":{"type":"Point","coordinates":[-93.815,42.471]},"properties":{"key":"1198-51bc76e1","layer":"power","name":"Webster City","state":"IA","detail_file":"data/details/power-plants-03.json","plant_id":"1198","capacity_mw":21.3,"status_group":"Operating","energy_sources":"DFO","type":"Power plant","is_nuclear":false}},{"type":"Feature","geometry":{"type":"Point","coordinates":[-92.967,42.391]},"properties":{"key":"58886-a74a465a","layer":"power","name":"Wellsburg Wind Project","state":"IA","detail_file":"data/details/power-plants-50.json","plant_id":"58886","capacity_mw":140.8,"status_group":"Operating","energy_sources":"WND","type":"Power plant","is_nuclear":false}},{"type":"Feature","geometry":{"type":"Point","coordinates":[-94.446,42.961]},"properties":{"key":"1199-a59af3bf","layer":"power","name":"West Bend","state":"IA","detail_file":"data/details/power-plants-20.json","plant_id":"1199","capacity_mw":6.7,"status_group":"Operating","energy_sources":"DFO","type":"Power plant","is_nuclear":false}},{"type":"Feature","geometry":{"type":"Point","coordinates":[-94.664,42.73]},"properties":{"key":"56517-8516063e","layer":"power","name":"West Diesel Generation Unit","state":"IA","detail_file":"data/details/power-plants-01.json","plant_id":"56517","capacity_mw":4.0,"status_group":"Operating","energy_sources":"DFO","type":"Power plant","is_nuclear":false}},{"type":"Feature","geometry":{"type":"Point","coordinates":[-95.363,42.022]},"properties":{"key":"7853-e681be1b","layer":"power","name":"West Receiving","state":"IA","detail_file":"data/details/power-plants-59.json","plant_id":"7853","capacity_mw":1.8,"status_group":"Operating","energy_sources":"DFO","type":"Power plant","is_nuclear":false}},{"type":"Feature","geometry":{"type":"Point","coordinates":[-93.418,42.775]},"properties":{"key":"62079-a73e4063","layer":"power","name":"Whispering Willow North","state":"IA","detail_file":"data/details/power-plants-57.json","plant_id":"62079","capacity_mw":201.3,"status_group":"Operating","energy_sources":"WND","type":"Power plant","is_nuclear":false}},{"type":"Feature","geometry":{"type":"Point","coordinates":[-93.206,42.631]},"properties":{"key":"56355-bae68221","layer":"power","name":"Whispering Willow Wind Farm - East","state":"IA","detail_file":"data/details/power-plants-41.json","plant_id":"56355","capacity_mw":199.7,"status_group":"Operating","energy_sources":"WND","type":"Power plant","is_nuclear":false}},{"type":"Feature","geometry":{"type":"Point","coordinates":[-94.339,41.47]},"properties":{"key":"60541-943a6ce9","layer":"power","name":"Wind GEM","state":"IA","detail_file":"data/details/power-plants-15.json","plant_id":"60541","capacity_mw":1.9,"status_group":"Operating","energy_sources":"WND","type":"Power plant","is_nuclear":false}},{"type":"Feature","geometry":{"type":"Point","coordinates":[-93.221,43.385]},"properties":{"key":"58071-eab728bc","layer":"power","name":"Windwalkers LLC","state":"IA","detail_file":"data/details/power-plants-14.json","plant_id":"58071","capacity_mw":1.6,"status_group":"Operating","energy_sources":"WND","type":"Power plant","is_nuclear":false}},{"type":"Feature","geometry":{"type":"Point","coordinates":[-93.77,43.315]},"properties":{"key":"56764-311f603f","layer":"power","name":"Winnebago Wind Power Project","state":"IA","detail_file":"data/details/power-plants-18.json","plant_id":"56764","capacity_mw":20.0,"status_group":"Operating","energy_sources":"WND","type":"Power plant","is_nuclear":false}},{"type":"Feature","geometry":{"type":"Point","coordinates":[-94.013,41.337]},"properties":{"key":"1203-54165d94","layer":"power","name":"Winterset","state":"IA","detail_file":"data/details/power-plants-33.json","plant_id":"1203","capacity_mw":17.6,"status_group":"Operating","energy_sources":"DFO; NG","type":"Power plant","is_nuclear":false}},{"type":"Feature","geometry":{"type":"Point","coordinates":[-94.876,41.392]},"properties":{"key":"58461-645e6269","layer":"power","name":"Wiota","state":"IA","detail_file":"data/details/power-plants-48.json","plant_id":"58461","capacity_mw":1.6,"status_group":"Operating","energy_sources":"WND","type":"Power plant","is_nuclear":false}},{"type":"Feature","geometry":{"type":"Point","coordinates":[-94.445,41.393]},"properties":{"key":"57631-9f4c3934","layer":"power","name":"Wolverine","state":"IA","detail_file":"data/details/power-plants-57.json","plant_id":"57631","capacity_mw":1.5,"status_group":"Operating","energy_sources":"WND","type":"Power plant","is_nuclear":false}},{"type":"Feature","geometry":{"type":"Point","coordinates":[-92.724,43.555]},"properties":{"key":"56307-9efc1af0","layer":"power","name":"Adams Wind Farm","state":"MN","detail_file":"data/details/power-plants-26.json","plant_id":"56307","capacity_mw":23.3,"status_group":"Operating","energy_sources":"WND","type":"Power plant","is_nuclear":false}},{"type":"Feature","geometry":{"type":"Point","coordinates":[-95.933,43.637]},"properties":{"key":"1956-c7e399b8","layer":"power","name":"Adrian","state":"MN","detail_file":"data/details/power-plants-12.json","plant_id":"1956","capacity_mw":2.0,"status_group":"Operating","energy_sources":"DFO","type":"Power plant","is_nuclear":false}},{"type":"Feature","geometry":{"type":"Point","coordinates":[-93.486,43.925]},"properties":{"key":"61645-a6e859ba","layer":"power","name":"Altair Community Solar Garden","state":"MN","detail_file":"data/details/power-plants-22.json","plant_id":"61645","capacity_mw":1.0,"status_group":"Operating","energy_sources":"SUN","type":"Power plant","is_nuclear":false}},{"type":"Feature","geometry":{"type":"Point","coordinates":[-95.767,43.978]},"properties":{"key":"61706-be1978d5","layer":"power","name":"Auriga Community Solar","state":"MN","detail_file":"data/details/power-plants-39.json","plant_id":"61706","capacity_mw":1.0,"status_group":"Operating","energy_sources":"SUN","type":"Power plant","is_nuclear":false}},{"type":"Feature","geometry":{"type":"Point","coordinates":[-95.376,43.651]},"properties":{"key":"56210-892bcd54","layer":"power","name":"B&K Energy Systems LLC","state":"MN","detail_file":"data/details/power-plants-61.json","plant_id":"56210","capacity_mw":2.0,"status_group":"Operating","energy_sources":"WND","type":"Power plant","is_nuclear":false}},{"type":"Feature","geometry":{"type":"Point","coordinates":[-93.389,43.689]},"properties":{"key":"69484-a2327e50","layer":"power","name":"Bancroft (MN)","state":"MN","detail_file":"data/details/power-plants-20.json","plant_id":"69484","capacity_mw":3.0,"status_group":"Operating","energy_sources":"SUN","type":"Power plant","is_nuclear":false}},{"type":"Feature","geometry":{"type":"Point","coordinates":[-95.909,43.975]},"properties":{"key":"68845-341e627c","layer":"power","name":"Bavaria Solar LLC","state":"MN","detail_file":"data/details/power-plants-08.json","plant_id":"68845","capacity_mw":1.0,"status_group":"Operating","energy_sources":"SUN","type":"Power plant","is_nuclear":false}},{"type":"Feature","geometry":{"type":"Point","coordinates":[-93.45,43.725]},"properties":{"key":"57198-c6e944ee","layer":"power","name":"Bent Tree Wind Farm Phase 1","state":"MN","detail_file":"data/details/power-plants-16.json","plant_id":"57198","capacity_mw":201.3,"status_group":"Operating","energy_sources":"WND","type":"Power plant","is_nuclear":false}},{"type":"Feature","geometry":{"type":"Point","coordinates":[-94.192,43.612]},"properties":{"key":"57289-81494443","layer":"power","name":"Big Blue","state":"MN","detail_file":"data/details/power-plants-13.json","plant_id":"57289","capacity_mw":36.0,"status_group":"Operating","energy_sources":"WND","type":"Power plant","is_nuclear":false}},{"type":"Feature","geometry":{"type":"Point","coordinates":[-93.05,43.866]},"properties":{"key":"1966-0e9061be","layer":"power","name":"Blooming Prairie","state":"MN","detail_file":"data/details/power-plants-37.json","plant_id":"1966","capacity_mw":8.6,"status_group":"Operating","energy_sources":"DFO","type":"Power plant","is_nuclear":false}},{"type":"Feature","geometry":{"type":"Point","coordinates":[-94.156,43.656]},"properties":{"key":"56581-0a8dde4c","layer":"power","name":"Blue Breezes II LLC","state":"MN","detail_file":"data/details/power-plants-06.json","plant_id":"56581","capacity_mw":1.3,"status_group":"Operating","energy_sources":"WND","type":"Power plant","is_nuclear":false}},{"type":"Feature","geometry":{"type":"Point","coordinates":[-94.154,43.656]},"properties":{"key":"56580-8af90d04","layer":"power","name":"Blue Breezes LLC","state":"MN","detail_file":"data/details/power-plants-55.json","plant_id":"56580","capacity_mw":1.3,"status_group":"Operating","energy_sources":"WND","type":"Power plant","is_nuclear":false}},{"type":"Feature","geometry":{"type":"Point","coordinates":[-94.102,43.638]},"properties":{"key":"1967-9c8fc138","layer":"power","name":"Blue Earth","state":"MN","detail_file":"data/details/power-plants-59.json","plant_id":"1967","capacity_mw":11.0,"status_group":"Operating","energy_sources":"DFO","type":"Power plant","is_nuclear":false}},{"type":"Feature","geometry":{"type":"Point","coordinates":[-93.489,43.906]},"properties":{"key":"62194-3d8d149e","layer":"power","name":"Bolduan CSG","state":"MN","detail_file":"data/details/power-plants-02.json","plant_id":"62194","capacity_mw":1.0,"status_group":"Operating","energy_sources":"SUN","type":"Power plant","is_nuclear":false}},{"type":"Feature","geometry":{"type":"Point","coordinates":[-93.837,43.846]},"properties":{"key":"61140-90b4a091","layer":"power","name":"CF Novel Solar CSG Gardens Two, LLC","state":"MN","detail_file":"data/details/power-plants-51.json","plant_id":"61140","capacity_mw":1.8,"status_group":"Operating","energy_sources":"SUN","type":"Power plant","is_nuclear":false}},{"type":"Feature","geometry":{"type":"Point","coordinates":[-95.373,43.626]},"properties":{"key":"63431-7693eb26","layer":"power","name":"Cisco","state":"MN","detail_file":"data/details/power-plants-38.json","plant_id":"63431","capacity_mw":8.4,"status_group":"Operating","energy_sources":"WND","type":"Power plant","is_nuclear":false}},{"type":"Feature","geometry":{"type":"Point","coordinates":[-95.803,43.714]},"properties":{"key":"58045-65cf338d","layer":"power","name":"Community Wind South","state":"MN","detail_file":"data/details/power-plants-06.json","plant_id":"58045","capacity_mw":30.0,"status_group":"Operating","energy_sources":"WND","type":"Power plant","is_nuclear":false}},{"type":"Feature","geometry":{"type":"Point","coordinates":[-95.369,43.651]},"properties":{"key":"56207-3ea3c476","layer":"power","name":"DL Windy Acres LLC","state":"MN","detail_file":"data/details/power-plants-03.json","plant_id":"56207","capacity_mw":2.0,"status_group":"Operating","energy_sources":"WND","type":"Power plant","is_nuclear":false}},{"type":"Feature","geometry":{"type":"Point","coordinates":[-95.922,43.936]},"properties":{"key":"56543-a1c84960","layer":"power","name":"Eastridge Wind Project","state":"MN","detail_file":"data/details/power-plants-30.json","plant_id":"56543","capacity_mw":10.4,"status_group":"Operating","energy_sources":"WND","type":"Power plant","is_nuclear":false}},{"type":"Feature","geometry":{"type":"Point","coordinates":[-94.88,43.685]},"properties":{"key":"57649-4b46aab5","layer":"power","name":"Elm Creek Wind II LLC","state":"MN","detail_file":"data/details/power-plants-56.json","plant_id":"57649","capacity_mw":148.8,"status_group":"Operating","energy_sources":"WND","type":"Power plant","is_nuclear":false}},{"type":"Feature","geometry":{"type":"Point","coordinates":[-94.95,43.754]},"properties":{"key":"56793-62743e10","layer":"power","name":"Elm Creek Wind LLC","state":"MN","detail_file":"data/details/power-plants-22.json","plant_id":"56793","capacity_mw":99.0,"status_group":"Operating","energy_sources":"WND","type":"Power plant","is_nuclear":false}},{"type":"Feature","geometry":{"type":"Point","coordinates":[-95.417,43.618]},"properties":{"key":"56626-ef6ab366","layer":"power","name":"Ewington Energy Systems, LLC","state":"MN","detail_file":"data/details/power-plants-51.json","plant_id":"56626","capacity_mw":22.5,"status_group":"Operating","energy_sources":"WND","type":"Power plant","is_nuclear":false}},{"type":"Feature","geometry":{"type":"Point","coordinates":[-94.465,43.658]},"properties":{"key":"1973-772cd456","layer":"power","name":"Fairmont (MN)","state":"MN","detail_file":"data/details/power-plants-57.json","plant_id":"1973","capacity_mw":39.0,"status_group":"Operating","energy_sources":"DFO; NG","type":"Power plant","is_nuclear":false}},{"type":"Feature","geometry":{"type":"Point","coordinates":[-94.447,43.575]},"properties":{"key":"56415-f84164b3","layer":"power","name":"Fairmont Wind","state":"MN","detail_file":"data/details/power-plants-33.json","plant_id":"56415","capacity_mw":5.4,"status_group":"Operating","energy_sources":"WND","type":"Power plant","is_nuclear":false}},{"type":"Feature","geometry":{"type":"Point","coordinates":[-92.357,43.552]},"properties":{"key":"67168-2478fca8","layer":"power","name":"Fillmore County Solar Project","state":"MN","detail_file":"data/details/power-plants-26.json","plant_id":"67168","capacity_mw":45.0,"status_group":"Operating","energy_sources":"SUN","type":"Power plant","is_nuclear":false}},{"type":"Feature","geometry":{"type":"Point","coordinates":[-92.129,43.746]},"properties":{"key":"64907-0d08371f","layer":"power","name":"Fountain","state":"MN","detail_file":"data/details/power-plants-54.json","plant_id":"64907","capacity_mw":3.0,"status_group":"Operating","energy_sources":"SUN","type":"Power plant","is_nuclear":false}},{"type":"Feature","geometry":{"type":"Point","coordinates":[-93.492,43.975]},"properties":{"key":"66576-0c3352f8","layer":"power","name":"Fox Garden","state":"MN","detail_file":"data/details/power-plants-62.json","plant_id":"66576","capacity_mw":0.9,"status_group":"Operating","energy_sources":"SUN","type":"Power plant","is_nuclear":false}},{"type":"Feature","geometry":{"type":"Point","coordinates":[-93.189,43.513]},"properties":{"key":"64623-450ea4d9","layer":"power","name":"Freeborn Wind Farm","state":"MN","detail_file":"data/details/power-plants-20.json","plant_id":"64623","capacity_mw":218.0,"status_group":"Operating","energy_sources":"WND","type":"Power plant","is_nuclear":false}},{"type":"Feature","geometry":{"type":"Point","coordinates":[-95.776,43.586]},"properties":{"key":"56588-c8cd2345","layer":"power","name":"G Flow Wind LLC","state":"MN","detail_file":"data/details/power-plants-30.json","plant_id":"56588","capacity_mw":1.3,"status_group":"Operating","energy_sources":"WND","type":"Power plant","is_nuclear":false}},{"type":"Feature","geometry":{"type":"Point","coordinates":[-92.851,43.978]},"properties":{"key":"56054-fcf96456","layer":"power","name":"G McNeilus Wind Farm Dodge Center","state":"MN","detail_file":"data/details/power-plants-05.json","plant_id":"56054","capacity_mw":43.0,"status_group":"Operating","energy_sources":"WND","type":"Power plant","is_nuclear":false}},{"type":"Feature","geometry":{"type":"Point","coordinates":[-93.294,43.668]},"properties":{"key":"62148-a9fa3d7e","layer":"power","name":"Goose Lake MN DPC-GM","state":"MN","detail_file":"data/details/power-plants-17.json","plant_id":"62148","capacity_mw":1.5,"status_group":"Operating","energy_sources":"SUN","type":"Power plant","is_nuclear":false}},{"type":"Feature","geometry":{"type":"Point","coordinates":[-92.705,43.719]},"properties":{"key":"56994-804adb39","layer":"power","name":"Grand Meadow","state":"MN","detail_file":"data/details/power-plants-62.json","plant_id":"56994","capacity_mw":100.5,"status_group":"Operating","energy_sources":"WND","type":"Power plant","is_nuclear":false}},{"type":"Feature","geometry":{"type":"Point","coordinates":[-92.577,43.659]},"properties":{"key":"69489-86243ec6","layer":"power","name":"Grand Meadow (PV)","state":"MN","detail_file":"data/details/power-plants-39.json","plant_id":"69489","capacity_mw":3.0,"status_group":"Operating","energy_sources":"SUN","type":"Power plant","is_nuclear":false}},{"type":"Feature","geometry":{"type":"Point","coordinates":[-95.78,43.586]},"properties":{"key":"56590-d8a365a3","layer":"power","name":"Green Acres Breeze LLC","state":"MN","detail_file":"data/details/power-plants-50.json","plant_id":"56590","capacity_mw":1.3,"status_group":"Operating","energy_sources":"WND","type":"Power plant","is_nuclear":false}},{"type":"Feature","geometry":{"type":"Point","coordinates":[-92.867,43.894]},"properties":{"key":"63724-3c53e8b7","layer":"power","name":"Hayfield Solar I LLC CSG","state":"MN","detail_file":"data/details/power-plants-08.json","plant_id":"63724","capacity_mw":1.0,"status_group":"Operating","energy_sources":"SUN","type":"Power plant","is_nuclear":false}},{"type":"Feature","geometry":{"type":"Point","coordinates":[-92.861,43.919]},"properties":{"key":"63725-159b54c5","layer":"power","name":"Hayfield Solar III LLC CSG","state":"MN","detail_file":"data/details/power-plants-44.json","plant_id":"63725","capacity_mw":1.0,"status_group":"Operating","energy_sources":"SUN","type":"Power plant","is_nuclear":false}},{"type":"Feature","geometry":{"type":"Point","coordinates":[-95.955,43.98]},"properties":{"key":"68046-f5d4f362","layer":"power","name":"Lake Wilson Solar","state":"MN","detail_file":"data/details/power-plants-21.json","plant_id":"68046","capacity_mw":1.0,"status_group":"Operating","energy_sources":"SUN","type":"Power plant","is_nuclear":false}},{"type":"Feature","geometry":{"type":"Point","coordinates":[-94.841,43.798]},"properties":{"key":"7925-aa0fa36c","layer":"power","name":"Lakefield Junction","state":"MN","detail_file":"data/details/power-plants-11.json","plant_id":"7925","capacity_mw":537.8,"status_group":"Operating","energy_sources":"DFO; NG","type":"Power plant","is_nuclear":false}},{"type":"Feature","geometry":{"type":"Point","coordinates":[-95.171,43.674]},"properties":{"key":"7415-8d0d5d5f","layer":"power","name":"Lakefield Utilities","state":"MN","detail_file":"data/details/power-plants-17.json","plant_id":"7415","capacity_mw":3.4,"status_group":"Operating","energy_sources":"DFO","type":"Power plant","is_nuclear":false}},{"type":"Feature","geometry":{"type":"Point","coordinates":[-95.157,43.675]},"properties":{"key":"57374-65d69405","layer":"power","name":"Lakefield Wind Project LLC","state":"MN","detail_file":"data/details/power-plants-25.json","plant_id":"57374","capacity_mw":205.5,"status_group":"Operating","energy_sources":"WND","type":"Power plant","is_nuclear":false}},{"type":"Feature","geometry":{"type":"Point","coordinates":[-95.851,43.978]},"properties":{"key":"61713-d83709ba","layer":"power","name":"Leo Community Solar","state":"MN","detail_file":"data/details/power-plants-57.json","plant_id":"61713","capacity_mw":1.0,"status_group":"Operating","energy_sources":"SUN","type":"Power plant","is_nuclear":false}},{"type":"Feature","geometry":{"type":"Point","coordinates":[-92.683,43.562]},"properties":{"key":"67167-83ef239f","layer":"power","name":"Louise Solar","state":"MN","detail_file":"data/details/power-plants-29.json","plant_id":"67167","capacity_mw":50.0,"status_group":"Operating","energy_sources":"SUN","type":"Power plant","is_nuclear":false}},{"type":"Feature","geometry":{"type":"Point","coordinates":[-93.956,43.929]},"properties":{"key":"60941-1d2ff99a","layer":"power","name":"Mapleton Community Solar","state":"MN","detail_file":"data/details/power-plants-34.json","plant_id":"60941","capacity_mw":3.0,"status_group":"Operating","energy_sources":"SUN","type":"Power plant","is_nuclear":false}},{"type":"Feature","geometry":{"type":"Point","coordinates":[-95.778,43.583]},"properties":{"key":"56587-ec98183b","layer":"power","name":"Minnesota Breeze LLC","state":"MN","detail_file":"data/details/power-plants-44.json","plant_id":"56587","capacity_mw":1.3,"status_group":"Operating","energy_sources":"WND","type":"Power plant","is_nuclear":false}},{"type":"Feature","geometry":{"type":"Point","coordinates":[-94.943,43.941]},"properties":{"key":"1998-f8525416","layer":"power","name":"Mountain Lake","state":"MN","detail_file":"data/details/power-plants-31.json","plant_id":"1998","capacity_mw":6.1,"status_group":"Operating","energy_sources":"DFO; NG; WND","type":"Power plant","is_nuclear":false}},{"type":"Feature","geometry":{"type":"Point","coordinates":[-92.599,43.614]},"properties":{"key":"56424-37993302","layer":"power","name":"Mower County Wind Energy Center","state":"MN","detail_file":"data/details/power-plants-03.json","plant_id":"56424","capacity_mw":98.9,"status_group":"Operating","energy_sources":"WND","type":"Power plant","is_nuclear":false}},{"type":"Feature","geometry":{"type":"Point","coordinates":[-95.853,43.79]},"properties":{"key":"62364-255c2810","layer":"power","name":"Nobles 2 Wind Project","state":"MN","detail_file":"data/details/power-plants-24.json","plant_id":"62364","capacity_mw":250.0,"status_group":"Operating","energy_sources":"WND","type":"Power plant","is_nuclear":false}},{"type":"Feature","geometry":{"type":"Point","coordinates":[-95.713,43.704]},"properties":{"key":"57047-1595f102","layer":"power","name":"Nobles Wind Project","state":"MN","detail_file":"data/details/power-plants-13.json","plant_id":"57047","capacity_mw":201.0,"status_group":"Operating","energy_sources":"WND","type":"Power plant","is_nuclear":false}},{"type":"Feature","geometry":{"type":"Point","coordinates":[-93.96,43.93]},"properties":{"key":"61060-2d8dc928","layer":"power","name":"Novel - OYA of Mapleton CSG","state":"MN","detail_file":"data/details/power-plants-22.json","plant_id":"61060","capacity_mw":3.5,"status_group":"Operating","energy_sources":"SUN","type":"Power plant","is_nuclear":false}},{"type":"Feature","geometry":{"type":"Point","coordinates":[-92.86,43.97]},"properties":{"key":"62982-8abcd97d","layer":"power","name":"Novel Schmoll Farms Solar CSG","state":"MN","detail_file":"data/details/power-plants-54.json","plant_id":"62982","capacity_mw":1.0,"status_group":"Operating","energy_sources":"SUN","type":"Power plant","is_nuclear":false}},{"type":"Feature","geometry":{"type":"Point","coordinates":[-94.751,43.76]},"properties":{"key":"57281-188fbfbc","layer":"power","name":"OREG 3 Inc","state":"MN","detail_file":"data/details/power-plants-15.json","plant_id":"57281","capacity_mw":5.0,"status_group":"Operating","energy_sources":"WH","type":"Power plant","is_nuclear":false}},{"type":"Feature","geometry":{"type":"Point","coordinates":[-93.141,43.921]},"properties":{"key":"57432-a8e5affd","layer":"power","name":"Oak Glen Wind Farm","state":"MN","detail_file":"data/details/power-plants-57.json","plant_id":"57432","capacity_mw":44.0,"status_group":"Operating","energy_sources":"WND","type":"Power plant","is_nuclear":false}},{"type":"Feature","geometry":{"type":"Point","coordinates":[-94.932,43.853]},"properties":{"key":"58657-f398ae69","layer":"power","name":"Odell Wind Farm","state":"MN","detail_file":"data/details/power-plants-35.json","plant_id":"58657","capacity_mw":200.0,"status_group":"Operating","energy_sources":"WND","type":"Power plant","is_nuclear":false}},{"type":"Feature","geometry":{"type":"Point","coordinates":[-94.914,43.895]},"properties":{"key":"56755-0047a9a6","layer":"power","name":"Odin Wind Farm LLC","state":"MN","detail_file":"data/details/power-plants-05.json","plant_id":"56755","capacity_mw":20.0,"status_group":"Operating","energy_sources":"WND","type":"Power plant","is_nuclear":false}},{"type":"Feature","geometry":{"type":"Point","coordinates":[-95.871,43.981]},"properties":{"key":"66015-2c111e44","layer":"power","name":"Platt Solar","state":"MN","detail_file":"data/details/power-plants-28.json","plant_id":"66015","capacity_mw":1.0,"status_group":"Operating","energy_sources":"SUN","type":"Power plant","is_nuclear":false}},{"type":"Feature","geometry":{"type":"Point","coordinates":[-92.683,43.799]},"properties":{"key":"7843-fff99834","layer":"power","name":"Pleasant Valley (MN)","state":"MN","detail_file":"data/details/power-plants-01.json","plant_id":"7843","capacity_mw":467.8,"status_group":"Operating","energy_sources":"NG","type":"Power plant","is_nuclear":false}},{"type":"Feature","geometry":{"type":"Point","coordinates":[-92.77,43.805]},"properties":{"key":"59201-e20f7496","layer":"power","name":"Pleasant Valley Wind Farm","state":"MN","detail_file":"data/details/power-plants-10.json","plant_id":"59201","capacity_mw":200.0,"status_group":"Operating","energy_sources":"WND","type":"Power plant","is_nuclear":false}},{"type":"Feature","geometry":{"type":"Point","coordinates":[-92.627,43.686]},"properties":{"key":"56494-ce6da833","layer":"power","name":"Prairie Star Wind Farm","state":"MN","detail_file":"data/details/power-plants-13.json","plant_id":"56494","capacity_mw":100.7,"status_group":"Operating","energy_sources":"WND","type":"Power plant","is_nuclear":false}},{"type":"Feature","geometry":{"type":"Point","coordinates":[-92.083,43.666]},"properties":{"key":"2004-b38a75ce","layer":"power","name":"Preston (MN)","state":"MN","detail_file":"data/details/power-plants-28.json","plant_id":"2004","capacity_mw":3.7,"status_group":"Operating","energy_sources":"DFO; NG","type":"Power plant","is_nuclear":false}},{"type":"Feature","geometry":{"type":"Point","coordinates":[-93.305,43.582]},"properties":{"key":"64130-47d6bdb4","layer":"power","name":"REG Juhl Glenville Wind, LLC","state":"MN","detail_file":"data/details/power-plants-52.json","plant_id":"64130","capacity_mw":2.5,"status_group":"Operating","energy_sources":"WND","type":"Power plant","is_nuclear":false}},{"type":"Feature","geometry":{"type":"Point","coordinates":[-95.382,43.651]},"properties":{"key":"56208-409a009d","layer":"power","name":"S&P Windfarm LLC","state":"MN","detail_file":"data/details/power-plants-05.json","plant_id":"56208","capacity_mw":2.0,"status_group":"Operating","energy_sources":"WND","type":"Power plant","is_nuclear":false}},{"type":"Feature","geometry":{"type":"Point","coordinates":[-93.93,43.916]},"properties":{"key":"64413-0ae22364","layer":"power","name":"Schull CSG","state":"MN","detail_file":"data/details/power-plants-24.json","plant_id":"64413","capacity_mw":1.0,"status_group":"Operating","energy_sources":"SUN","type":"Power plant","is_nuclear":false}},{"type":"Feature","geometry":{"type":"Point","coordinates":[-95.767,43.98]},"properties":{"key":"58164-571fc582","layer":"power","name":"Slayton Solar","state":"MN","detail_file":"data/details/power-plants-31.json","plant_id":"58164","capacity_mw":1.7,"status_group":"Operating","energy_sources":"SUN","type":"Power plant","is_nuclear":false}},{"type":"Feature","geometry":{"type":"Point","coordinates":[-95.375,43.587]},"properties":{"key":"58691-1faa832a","layer":"power","name":"South Fork Wind Farm","state":"MN","detail_file":"data/details/power-plants-49.json","plant_id":"58691","capacity_mw":13.8,"status_group":"Operating","energy_sources":"WND","type":"Power plant","is_nuclear":false}},{"type":"Feature","geometry":{"type":"Point","coordinates":[-92.389,43.687]},"properties":{"key":"2013-cd75a668","layer":"power","name":"Spring Valley","state":"MN","detail_file":"data/details/power-plants-51.json","plant_id":"2013","capacity_mw":7.1,"status_group":"Operating","energy_sources":"DFO","type":"Power plant","is_nuclear":false}},{"type":"Feature","geometry":{"type":"Point","coordinates":[-94.616,43.988]},"properties":{"key":"1929-594dee5f","layer":"power","name":"St James","state":"MN","detail_file":"data/details/power-plants-30.json","plant_id":"1929","capacity_mw":12.0,"status_group":"Operating","energy_sources":"DFO","type":"Power plant","is_nuclear":false}},{"type":"Feature","geometry":{"type":"Point","coordinates":[-92.06,43.974]},"properties":{"key":"56100-bb845349","layer":"power","name":"St. Charles Power Plant","state":"MN","detail_file":"data/details/power-plants-16.json","plant_id":"56100","capacity_mw":8.8,"status_group":"Operating","energy_sources":"DFO","type":"Power plant","is_nuclear":false}},{"type":"Feature","geometry":{"type":"Point","coordinates":[-92.032,43.976]},"properties":{"key":"62869-a2ff999f","layer":"power","name":"St. Charles Solar","state":"MN","detail_file":"data/details/power-plants-05.json","plant_id":"62869","capacity_mw":2.0,"status_group":"Operating","energy_sources":"SUN","type":"Power plant","is_nuclear":false}},{"type":"Feature","geometry":{"type":"Point","coordinates":[-95.78,43.581]},"properties":{"key":"56586-5af404b9","layer":"power","name":"Sunset Breeze LLC","state":"MN","detail_file":"data/details/power-plants-01.json","plant_id":"56586","capacity_mw":1.3,"status_group":"Operating","energy_sources":"WND","type":"Power plant","is_nuclear":false}},{"type":"Feature","geometry":{"type":"Point","coordinates":[-94.85,43.794]},"properties":{"key":"56296-65e8d674","layer":"power","name":"Trimont Area Wind Farm","state":"MN","detail_file":"data/details/power-plants-38.json","plant_id":"56296","capacity_mw":100.5,"status_group":"Operating","energy_sources":"WND","type":"Power plant","is_nuclear":false}},{"type":"Feature","geometry":{"type":"Point","coordinates":[-94.437,43.828]},"properties":{"key":"2015-73ba1f73","layer":"power","name":"Truman","state":"MN","detail_file":"data/details/power-plants-52.json","plant_id":"2015","capacity_mw":6.2,"status_group":"Operating","energy_sources":"DFO","type":"Power plant","is_nuclear":false}},{"type":"Feature","geometry":{"type":"Point","coordinates":[-93.39,43.837]},"properties":{"key":"63160-91d6e33f","layer":"power","name":"USS All In Solar LLC CSG","state":"MN","detail_file":"data/details/power-plants-20.json","plant_id":"63160","capacity_mw":1.0,"status_group":"Operating","energy_sources":"SUN","type":"Power plant","is_nuclear":false}},{"type":"Feature","geometry":{"type":"Point","coordinates":[-95.766,43.982]},"properties":{"key":"67548-f7a09976","layer":"power","name":"USS Slayton Solar LLC (CSG)","state":"MN","detail_file":"data/details/power-plants-26.json","plant_id":"67548","capacity_mw":1.0,"status_group":"Operating","energy_sources":"SUN","type":"Power plant","is_nuclear":false}},{"type":"Feature","geometry":{"type":"Point","coordinates":[-93.434,43.826]},"properties":{"key":"63743-5cd37f89","layer":"power","name":"USS Solar Way LLC CSG","state":"MN","detail_file":"data/details/power-plants-04.json","plant_id":"63743","capacity_mw":1.0,"status_group":"Operating","energy_sources":"SUN","type":"Power plant","is_nuclear":false}},{"type":"Feature","geometry":{"type":"Point","coordinates":[-92.682,43.801]},"properties":{"key":"56876-26020720","layer":"power","name":"Wapsipinicon Wind Project","state":"MN","detail_file":"data/details/power-plants-32.json","plant_id":"56876","capacity_mw":100.5,"status_group":"Operating","energy_sources":"WND","type":"Power plant","is_nuclear":false}},{"type":"Feature","geometry":{"type":"Point","coordinates":[-94.589,43.682]},"properties":{"key":"57248-2567274a","layer":"power","name":"Welcome Wind Turbine","state":"MN","detail_file":"data/details/power-plants-19.json","plant_id":"57248","capacity_mw":2.1,"status_group":"Operating","energy_sources":"WND","type":"Power plant","is_nuclear":false}},{"type":"Feature","geometry":{"type":"Point","coordinates":[-93.724,43.745]},"properties":{"key":"2020-749b9705","layer":"power","name":"Wells IC","state":"MN","detail_file":"data/details/power-plants-54.json","plant_id":"2020","capacity_mw":9.0,"status_group":"Operating","energy_sources":"DFO; NG","type":"Power plant","is_nuclear":false}},{"type":"Feature","geometry":{"type":"Point","coordinates":[-95.114,43.868]},"properties":{"key":"2023-d5d832f4","layer":"power","name":"Windom","state":"MN","detail_file":"data/details/power-plants-18.json","plant_id":"2023","capacity_mw":11.6,"status_group":"Operating","energy_sources":"DFO","type":"Power plant","is_nuclear":false}},{"type":"Feature","geometry":{"type":"Point","coordinates":[-95.131,43.958]},"properties":{"key":"56544-df2fb97a","layer":"power","name":"Windom Wind Project","state":"MN","detail_file":"data/details/power-plants-34.json","plant_id":"56544","capacity_mw":15.6,"status_group":"Operating","energy_sources":"WND","type":"Power plant","is_nuclear":false}},{"type":"Feature","geometry":{"type":"Point","coordinates":[-95.979,43.961]},"properties":{"key":"69003-d814a5fa","layer":"power","name":"Windshare LLC","state":"MN","detail_file":"data/details/power-plants-29.json","plant_id":"69003","capacity_mw":5.4,"status_group":"Operating","energy_sources":"WND","type":"Power plant","is_nuclear":false}},{"type":"Feature","geometry":{"type":"Point","coordinates":[-95.776,43.581]},"properties":{"key":"56589-5880b4db","layer":"power","name":"Wolf Wind Enterprises LLC","state":"MN","detail_file":"data/details/power-plants-43.json","plant_id":"56589","capacity_mw":1.3,"status_group":"Operating","energy_sources":"WND","type":"Power plant","is_nuclear":false}},{"type":"Feature","geometry":{"type":"Point","coordinates":[-95.609,43.633]},"properties":{"key":"2024-57c1ed62","layer":"power","name":"Worthington","state":"MN","detail_file":"data/details/power-plants-03.json","plant_id":"2024","capacity_mw":19.6,"status_group":"Operating","energy_sources":"DFO; WND","type":"Power plant","is_nuclear":false}},{"type":"Feature","geometry":{"type":"Point","coordinates":[-95.355,40.531]},"properties":{"key":"63574-1e8c688a","layer":"power","name":"Atchison County Wind","state":"MO","detail_file":"data/details/power-plants-61.json","plant_id":"63574","capacity_mw":299.0,"status_group":"Operating","energy_sources":"WND","type":"Power plant","is_nuclear":false}},{"type":"Feature","geometry":{"type":"Point","coordinates":[-94.487,40.101]},"properties":{"key":"56555-fd299f71","layer":"power","name":"Bluegrass Ridge","state":"MO","detail_file":"data/details/power-plants-23.json","plant_id":"56555","capacity_mw":56.7,"status_group":"Operating","energy_sources":"WND","type":"Power plant","is_nuclear":false}},{"type":"Feature","geometry":{"type":"Point","coordinates":[-94.892,40.37]},"properties":{"key":"63025-74655971","layer":"power","name":"Clear Creek Wind","state":"MO","detail_file":"data/details/power-plants-26.json","plant_id":"63025","capacity_mw":242.0,"status_group":"Operating","energy_sources":"WND","type":"Power plant","is_nuclear":false}},{"type":"Feature","geometry":{"type":"Point","coordinates":[-94.672,40.257]},"properties":{"key":"56537-b1523879","layer":"power","name":"Conception","state":"MO","detail_file":"data/details/power-plants-35.json","plant_id":"56537","capacity_mw":50.4,"status_group":"Operating","energy_sources":"WND","type":"Power plant","is_nuclear":false}},{"type":"Feature","geometry":{"type":"Point","coordinates":[-95.468,40.453]},"properties":{"key":"56536-f376faf1","layer":"power","name":"Cow Branch","state":"MO","detail_file":"data/details/power-plants-38.json","plant_id":"56536","capacity_mw":50.4,"status_group":"Operating","energy_sources":"WND","type":"Power plant","is_nuclear":false}},{"type":"Feature","geometry":{"type":"Point","coordinates":[-95.523,40.575]},"properties":{"key":"56767-3f46b93e","layer":"power","name":"Farmers City Wind LLC","state":"MO","detail_file":"data/details/power-plants-15.json","plant_id":"56767","capacity_mw":146.0,"status_group":"Operating","energy_sources":"WND","type":"Power plant","is_nuclear":false}},{"type":"Feature","geometry":{"type":"Point","coordinates":[-92.519,40.398]},"properties":{"key":"62563-5a39f9e4","layer":"power","name":"High Prairie Wind Farm","state":"MO","detail_file":"data/details/power-plants-42.json","plant_id":"62563","capacity_mw":400.0,"status_group":"Operating","energy_sources":"WND","type":"Power plant","is_nuclear":false}},{"type":"Feature","geometry":{"type":"Point","coordinates":[-92.49,40.024]},"properties":{"key":"2140-1bb30231","layer":"power","name":"La Plata","state":"MO","detail_file":"data/details/power-plants-18.json","plant_id":"2140","capacity_mw":3.6,"status_group":"Operating","energy_sources":"DFO","type":"Power plant","is_nuclear":false}},{"type":"Feature","geometry":{"type":"Point","coordinates":[-95.54,40.414]},"properties":{"key":"56538-f5f2e8fc","layer":"power","name":"Loess Hills","state":"MO","detail_file":"data/details/power-plants-37.json","plant_id":"56538","capacity_mw":5.0,"status_group":"Operating","energy_sources":"WND","type":"Power plant","is_nuclear":false}},{"type":"Feature","geometry":{"type":"Point","coordinates":[-92.181,40.458]},"properties":{"key":"2145-a966fbc7","layer":"power","name":"Memphis","state":"MO","detail_file":"data/details/power-plants-58.json","plant_id":"2145","capacity_mw":8.8,"status_group":"Operating","energy_sources":"DFO","type":"Power plant","is_nuclear":false}},{"type":"Feature","geometry":{"type":"Point","coordinates":[-92.599,40.151]},"properties":{"key":"68048-9a784675","layer":"power","name":"Morris Solar","state":"MO","detail_file":"data/details/power-plants-57.json","plant_id":"68048","capacity_mw":250.0,"status_group":"Operating","energy_sources":"SUN","type":"Power plant","is_nuclear":false}},{"type":"Feature","geometry":{"type":"Point","coordinates":[-94.791,40.288]},"properties":{"key":"7754-91dc3834","layer":"power","name":"Nodaway","state":"MO","detail_file":"data/details/power-plants-12.json","plant_id":"7754","capacity_mw":315.6,"status_group":"Operating","energy_sources":"NG","type":"Power plant","is_nuclear":false}},{"type":"Feature","geometry":{"type":"Point","coordinates":[-95.2,40.4]},"properties":{"key":"60655-68107ded","layer":"power","name":"Rock Creek Wind Project","state":"MO","detail_file":"data/details/power-plants-01.json","plant_id":"60655","capacity_mw":300.0,"status_group":"Operating","energy_sources":"WND","type":"Power plant","is_nuclear":false}},{"type":"Feature","geometry":{"type":"Point","coordinates":[-94.542,40.213]},"properties":{"key":"8110-fdb3f3b3","layer":"power","name":"Stanberry","state":"MO","detail_file":"data/details/power-plants-18.json","plant_id":"8110","capacity_mw":4.3,"status_group":"Operating","energy_sources":"DFO; NG","type":"Power plant","is_nuclear":false}},{"type":"Feature","geometry":{"type":"Point","coordinates":[-93.635,40.079]},"properties":{"key":"698-34eb24d1","layer":"power","name":"Trenton North","state":"MO","detail_file":"data/details/power-plants-13.json","plant_id":"698","capacity_mw":13.5,"status_group":"Operating","energy_sources":"DFO","type":"Power plant","is_nuclear":false}},{"type":"Feature","geometry":{"type":"Point","coordinates":[-93.612,40.115]},"properties":{"key":"60704-c2485abd","layer":"power","name":"Trenton Solar Farm (MO)","state":"MO","detail_file":"data/details/power-plants-37.json","plant_id":"60704","capacity_mw":2.8,"status_group":"Operating","energy_sources":"SUN","type":"Power plant","is_nuclear":false}},{"type":"Feature","geometry":{"type":"Point","coordinates":[-93.604,40.067]},"properties":{"key":"7935-3895f173","layer":"power","name":"Trenton South","state":"MO","detail_file":"data/details/power-plants-61.json","plant_id":"7935","capacity_mw":14.0,"status_group":"Operating","energy_sources":"DFO","type":"Power plant","is_nuclear":false}},{"type":"Feature","geometry":{"type":"Point","coordinates":[-93.022,40.459]},"properties":{"key":"6563-9919973a","layer":"power","name":"Unionville","state":"MO","detail_file":"data/details/power-plants-61.json","plant_id":"6563","capacity_mw":53.2,"status_group":"Operating","energy_sources":"DFO","type":"Power plant","is_nuclear":false}},{"type":"Feature","geometry":{"type":"Point","coordinates":[-93.01,40.477]},"properties":{"key":"2164-d7e5913d","layer":"power","name":"Unionville City of","state":"MO","detail_file":"data/details/power-plants-42.json","plant_id":"2164","capacity_mw":8.7,"status_group":"Operating","energy_sources":"DFO","type":"Power plant","is_nuclear":false}},{"type":"Feature","geometry":{"type":"Point","coordinates":[-94.972,40.255]},"properties":{"key":"62624-dc93c88f","layer":"power","name":"White Cloud Wind Project, LLC","state":"MO","detail_file":"data/details/power-plants-63.json","plant_id":"62624","capacity_mw":236.5,"status_group":"Operating","energy_sources":"WND","type":"Power plant","is_nuclear":false}},{"type":"Feature","geometry":{"type":"Point","coordinates":[-95.846,40.388]},"properties":{"key":"2215-ceeffafc","layer":"power","name":"Auburn","state":"NE","detail_file":"data/details/power-plants-33.json","plant_id":"2215","capacity_mw":18.7,"status_group":"Operating","energy_sources":"NG","type":"Power plant","is_nuclear":false}},{"type":"Feature","geometry":{"type":"Point","coordinates":[-95.964,40.948]},"properties":{"key":"55972-dd1cc68a","layer":"power","name":"Cass County","state":"NE","detail_file":"data/details/power-plants-40.json","plant_id":"55972","capacity_mw":345.0,"status_group":"Operating","energy_sources":"NG","type":"Power plant","is_nuclear":false}},{"type":"Feature","geometry":{"type":"Point","coordinates":[-95.964,40.948]},"properties":{"key":"55972-c1d7898e","layer":"power","name":"Cass County","state":"NE","detail_file":"data/details/power-plants-36.json","plant_id":"55972","capacity_mw":792.0,"status_group":"Under construction","energy_sources":"NG","type":"Power plant","is_nuclear":false}},{"type":"Feature","geometry":{"type":"Point","coordinates":[-95.641,40.363]},"properties":{"key":"8036-da433099","layer":"power","name":"Cooper Nuclear Station","state":"NE","detail_file":"data/details/power-plants-47.json","plant_id":"8036","capacity_mw":801.0,"status_group":"Operating","energy_sources":"NUC","type":"Nuclear power plant","is_nuclear":true}},{"type":"Feature","geometry":{"type":"Point","coordinates":[-95.608,40.055]},"properties":{"key":"2237-80c6fe35","layer":"power","name":"Falls City","state":"NE","detail_file":"data/details/power-plants-52.json","plant_id":"2237","capacity_mw":31.3,"status_group":"Operating","energy_sources":"DFO; NG","type":"Power plant","is_nuclear":false}},{"type":"Feature","geometry":{"type":"Point","coordinates":[-95.929,40.001]},"properties":{"key":"57283-3855285a","layer":"power","name":"Flat Water Wind Farm LLC","state":"NE","detail_file":"data/details/power-plants-61.json","plant_id":"57283","capacity_mw":60.0,"status_group":"Operating","energy_sources":"WND","type":"Power plant","is_nuclear":false}},{"type":"Feature","geometry":{"type":"Point","coordinates":[-95.923,41.251]},"properties":{"key":"2290-dfa71c57","layer":"power","name":"Jones Street","state":"NE","detail_file":"data/details/power-plants-15.json","plant_id":"2290","capacity_mw":130.0,"status_group":"Operating","energy_sources":"DFO","type":"Power plant","is_nuclear":false}},{"type":"Feature","geometry":{"type":"Point","coordinates":[-95.929,41.203]},"properties":{"key":"55033-d12723c7","layer":"power","name":"Missouri River Wastewater Treatment","state":"NE","detail_file":"data/details/power-plants-26.json","plant_id":"55033","capacity_mw":3.0,"status_group":"Operating","energy_sources":"OBG","type":"Power plant","is_nuclear":false}},{"type":"Feature","geometry":{"type":"Point","coordinates":[-95.776,40.621]},"properties":{"key":"6096-859fd329","layer":"power","name":"Nebraska City","state":"NE","detail_file":"data/details/power-plants-62.json","plant_id":"6096","capacity_mw":1389.6,"status_group":"Operating","energy_sources":"SUB","type":"Power plant","is_nuclear":false}},{"type":"Feature","geometry":{"type":"Point","coordinates":[-95.847,40.681]},"properties":{"key":"2255-3c9293fc","layer":"power","name":"Nebraska City # 1","state":"NE","detail_file":"data/details/power-plants-16.json","plant_id":"2255","capacity_mw":26.1,"status_group":"Operating","energy_sources":"DFO; NG","type":"Power plant","is_nuclear":false}},{"type":"Feature","geometry":{"type":"Point","coordinates":[-95.868,40.666]},"properties":{"key":"7555-e3f0834d","layer":"power","name":"Nebraska City # 2","state":"NE","detail_file":"data/details/power-plants-52.json","plant_id":"7555","capacity_mw":13.5,"status_group":"Operating","energy_sources":"DFO; NG","type":"Power plant","is_nuclear":false}},{"type":"Feature","geometry":{"type":"Point","coordinates":[-95.945,41.329]},"properties":{"key":"2291-b6e3e103","layer":"power","name":"North Omaha","state":"NE","detail_file":"data/details/power-plants-11.json","plant_id":"2291","capacity_mw":644.7,"status_group":"Operating","energy_sources":"NG; SUB","type":"Power plant","is_nuclear":false}},{"type":"Feature","geometry":{"type":"Point","coordinates":[-95.87,41.077]},"properties":{"key":"55027-793b6353","layer":"power","name":"Papillion Creek Wastewater","state":"NE","detail_file":"data/details/power-plants-59.json","plant_id":"55027","capacity_mw":1.5,"status_group":"Operating","energy_sources":"OBG","type":"Power plant","is_nuclear":false}},{"type":"Feature","geometry":{"type":"Point","coordinates":[-95.87,41.077]},"properties":{"key":"55027-4f45ffee","layer":"power","name":"Papillion Creek Wastewater","state":"NE","detail_file":"data/details/power-plants-45.json","plant_id":"55027","capacity_mw":7.5,"status_group":"Under construction","energy_sources":"NG","type":"Power plant","is_nuclear":false}},{"type":"Feature","geometry":{"type":"Point","coordinates":[-95.971,41.171]},"properties":{"key":"2292-1854113e","layer":"power","name":"Sarpy County","state":"NE","detail_file":"data/details/power-plants-20.json","plant_id":"2292","capacity_mw":338.4,"status_group":"Operating","energy_sources":"DFO; NG","type":"Power plant","is_nuclear":false}}]}