{"type":"FeatureCollection","features":[{"type":"Feature","geometry":{"type":"Point","coordinates":[-117.966,34.87]},"properties":{"key":"64670-615eecd3","layer":"power","name":"Big Creek Solar LLC","state":"AR","detail_file":"data/details/power-plants-43.json","plant_id":"64670","capacity_mw":400.0,"status_group":"Under construction","energy_sources":"SUN","type":"Power plant","is_nuclear":false}},{"type":"Feature","geometry":{"type":"Point","coordinates":[-118.3,33.846]},"properties":{"key":"65331-02233f05","layer":"power","name":"20333 Normandie PV, LLC","state":"CA","detail_file":"data/details/power-plants-45.json","plant_id":"65331","capacity_mw":2.6,"status_group":"Operating","energy_sources":"SUN","type":"Power plant","is_nuclear":false}},{"type":"Feature","geometry":{"type":"Point","coordinates":[-118.581,34.236]},"properties":{"key":"69591-35730256","layer":"power","name":"20525 Nordhoff PV (North)","state":"CA","detail_file":"data/details/power-plants-46.json","plant_id":"69591","capacity_mw":1.9,"status_group":"Under construction","energy_sources":"SUN","type":"Power plant","is_nuclear":false}},{"type":"Feature","geometry":{"type":"Point","coordinates":[-118.585,34.243]},"properties":{"key":"65794-81af6889","layer":"power","name":"20701 Plummer PV, LLC","state":"CA","detail_file":"data/details/power-plants-51.json","plant_id":"65794","capacity_mw":1.5,"status_group":"Operating","energy_sources":"SUN","type":"Power plant","is_nuclear":false}},{"type":"Feature","geometry":{"type":"Point","coordinates":[-118.224,34.027]},"properties":{"key":"57871-cc504355","layer":"power","name":"2555 E Olympic Bl","state":"CA","detail_file":"data/details/power-plants-41.json","plant_id":"57871","capacity_mw":1.0,"status_group":"Operating","energy_sources":"SUN","type":"Power plant","is_nuclear":false}},{"type":"Feature","geometry":{"type":"Point","coordinates":[-118.325,35.096]},"properties":{"key":"52162-96e0c589","layer":"power","name":"85 A","state":"CA","detail_file":"data/details/power-plants-00.json","plant_id":"52162","capacity_mw":21.3,"status_group":"Operating","energy_sources":"WND","type":"Power plant","is_nuclear":false}},{"type":"Feature","geometry":{"type":"Point","coordinates":[-118.332,35.103]},"properties":{"key":"52163-c69159b0","layer":"power","name":"85 B","state":"CA","detail_file":"data/details/power-plants-50.json","plant_id":"52163","capacity_mw":25.2,"status_group":"Operating","energy_sources":"WND","type":"Power plant","is_nuclear":false}},{"type":"Feature","geometry":{"type":"Point","coordinates":[-118.5,34.224]},"properties":{"key":"65330-861a2a02","layer":"power","name":"8500 Balboa PV, LLC","state":"CA","detail_file":"data/details/power-plants-62.json","plant_id":"65330","capacity_mw":3.2,"status_group":"Operating","energy_sources":"SUN","type":"Power plant","is_nuclear":false}},{"type":"Feature","geometry":{"type":"Point","coordinates":[-117.587,34.088]},"properties":{"key":"66622-e5c1c700","layer":"power","name":"9150 Hermosa Solar GM","state":"CA","detail_file":"data/details/power-plants-35.json","plant_id":"66622","capacity_mw":1.3,"status_group":"Operating","energy_sources":"SUN","type":"Power plant","is_nuclear":false}},{"type":"Feature","geometry":{"type":"Point","coordinates":[-118.477,34.221]},"properties":{"key":"69242-500af20f","layer":"power","name":"AB Van Nuys","state":"CA","detail_file":"data/details/power-plants-00.json","plant_id":"69242","capacity_mw":1.6,"status_group":"Planned","energy_sources":"SUN","type":"Power plant","is_nuclear":false}},{"type":"Feature","geometry":{"type":"Point","coordinates":[-119.433,35.472]},"properties":{"key":"61501-4b37b7f3","layer":"power","name":"ABEC #2 dba West-Star Dairy","state":"CA","detail_file":"data/details/power-plants-47.json","plant_id":"61501","capacity_mw":1.0,"status_group":"Operating","energy_sources":"OBG","type":"Power plant","is_nuclear":false}},{"type":"Feature","geometry":{"type":"Point","coordinates":[-119.203,35.214]},"properties":{"key":"61502-c7a12b0a","layer":"power","name":"ABEC #3 dba Lakeview Dairy","state":"CA","detail_file":"data/details/power-plants-19.json","plant_id":"61502","capacity_mw":1.0,"status_group":"Operating","energy_sources":"OBG","type":"Power plant","is_nuclear":false}},{"type":"Feature","geometry":{"type":"Point","coordinates":[-119.116,35.173]},"properties":{"key":"61503-9c8687c5","layer":"power","name":"ABEC #4 dba CE&S Dairy","state":"CA","detail_file":"data/details/power-plants-28.json","plant_id":"61503","capacity_mw":1.0,"status_group":"Operating","energy_sources":"OBG","type":"Power plant","is_nuclear":false}},{"type":"Feature","geometry":{"type":"Point","coordinates":[-119.106,35.17]},"properties":{"key":"58699-7089c54d","layer":"power","name":"ABEC Bidart-Old River LLC","state":"CA","detail_file":"data/details/power-plants-06.json","plant_id":"58699","capacity_mw":2.0,"status_group":"Operating","energy_sources":"OBG","type":"Power plant","is_nuclear":false}},{"type":"Feature","geometry":{"type":"Point","coordinates":[-118.1,33.767]},"properties":{"key":"62115-ac6069b5","layer":"power","name":"AES Alamitos Energy Center","state":"CA","detail_file":"data/details/power-plants-23.json","plant_id":"62115","capacity_mw":678.0,"status_group":"Operating","energy_sources":"NG","type":"Power plant","is_nuclear":false}},{"type":"Feature","geometry":{"type":"Point","coordinates":[-118.101,33.769]},"properties":{"key":"315-ab096333","layer":"power","name":"AES Alamitos LLC","state":"CA","detail_file":"data/details/power-plants-41.json","plant_id":"315","capacity_mw":1115.0,"status_group":"Operating","energy_sources":"NG","type":"Power plant","is_nuclear":false}},{"type":"Feature","geometry":{"type":"Point","coordinates":[-118.1,33.77]},"properties":{"key":"67579-d1ffab32","layer":"power","name":"AES ES Alamitos 2 LLC","state":"CA","detail_file":"data/details/power-plants-12.json","plant_id":"67579","capacity_mw":82.0,"status_group":"Operating","energy_sources":"MWH","type":"Power plant","is_nuclear":false}},{"type":"Feature","geometry":{"type":"Point","coordinates":[-118.1,33.77]},"properties":{"key":"61204-0cabaa38","layer":"power","name":"AES ES Alamitos, LLC","state":"CA","detail_file":"data/details/power-plants-00.json","plant_id":"61204","capacity_mw":100.0,"status_group":"Operating","energy_sources":"MWH","type":"Power plant","is_nuclear":false}},{"type":"Feature","geometry":{"type":"Point","coordinates":[-117.979,33.646]},"properties":{"key":"62116-69bdec17","layer":"power","name":"AES Huntington Beach Energy Project","state":"CA","detail_file":"data/details/power-plants-15.json","plant_id":"62116","capacity_mw":699.2,"status_group":"Operating","energy_sources":"NG","type":"Power plant","is_nuclear":false}},{"type":"Feature","geometry":{"type":"Point","coordinates":[-117.979,33.644]},"properties":{"key":"335-69c35f03","layer":"power","name":"AES Huntington Beach LLC","state":"CA","detail_file":"data/details/power-plants-07.json","plant_id":"335","capacity_mw":218.0,"status_group":"Operating","energy_sources":"NG","type":"Power plant","is_nuclear":false}},{"type":"Feature","geometry":{"type":"Point","coordinates":[-116.662,33.944]},"properties":{"key":"66167-c52f1524","layer":"power","name":"AM Wind Repower","state":"CA","detail_file":"data/details/power-plants-46.json","plant_id":"66167","capacity_mw":27.0,"status_group":"Operating","energy_sources":"WND","type":"Power plant","is_nuclear":false}},{"type":"Feature","geometry":{"type":"Point","coordinates":[-117.011,33.74]},"properties":{"key":"59610-04f1613c","layer":"power","name":"AP North Lake I, LP","state":"CA","detail_file":"data/details/power-plants-11.json","plant_id":"59610","capacity_mw":20.0,"status_group":"Operating","energy_sources":"SUN","type":"Power plant","is_nuclear":false}},{"type":"Feature","geometry":{"type":"Point","coordinates":[-118.29,33.875]},"properties":{"key":"65205-af35dd6f","layer":"power","name":"AT&T - Gardena","state":"CA","detail_file":"data/details/power-plants-02.json","plant_id":"65205","capacity_mw":1.0,"status_group":"Operating","energy_sources":"NG","type":"Power plant","is_nuclear":false}},{"type":"Feature","geometry":{"type":"Point","coordinates":[-118.321,33.924]},"properties":{"key":"65206-b00a1665","layer":"power","name":"AT&T - Hawthorne","state":"CA","detail_file":"data/details/power-plants-14.json","plant_id":"65206","capacity_mw":1.0,"status_group":"Operating","energy_sources":"NG","type":"Power plant","is_nuclear":false}},{"type":"Feature","geometry":{"type":"Point","coordinates":[-117.167,32.888]},"properties":{"key":"65360-e931c1c4","layer":"power","name":"AT&T - San Diego Trade Street","state":"CA","detail_file":"data/details/power-plants-48.json","plant_id":"65360","capacity_mw":1.0,"status_group":"Operating","energy_sources":"NG","type":"Power plant","is_nuclear":false}},{"type":"Feature","geometry":{"type":"Point","coordinates":[-117.917,33.836]},"properties":{"key":"61154-dcc34555","layer":"power","name":"AT&T Anaheim","state":"CA","detail_file":"data/details/power-plants-54.json","plant_id":"61154","capacity_mw":1.3,"status_group":"Operating","energy_sources":"NG","type":"Power plant","is_nuclear":false}},{"type":"Feature","geometry":{"type":"Point","coordinates":[-117.837,33.685]},"properties":{"key":"62573-3787562d","layer":"power","name":"ATT Kelvin","state":"CA","detail_file":"data/details/power-plants-37.json","plant_id":"62573","capacity_mw":1.0,"status_group":"Operating","energy_sources":"NG","type":"Power plant","is_nuclear":false}},{"type":"Feature","geometry":{"type":"Point","coordinates":[-118.448,34.196]},"properties":{"key":"62574-c6aa11c6","layer":"power","name":"ATT Van Nyus","state":"CA","detail_file":"data/details/power-plants-02.json","plant_id":"62574","capacity_mw":1.0,"status_group":"Operating","energy_sources":"NG","type":"Power plant","is_nuclear":false}},{"type":"Feature","geometry":{"type":"Point","coordinates":[-118.456,34.152]},"properties":{"key":"63606-01004b2d","layer":"power","name":"ATT Ventura Blvd","state":"CA","detail_file":"data/details/power-plants-21.json","plant_id":"63606","capacity_mw":1.0,"status_group":"Operating","energy_sources":"NG","type":"Power plant","is_nuclear":false}},{"type":"Feature","geometry":{"type":"Point","coordinates":[-118.424,34.78]},"properties":{"key":"57378-9119ddf5","layer":"power","name":"AV Solar Ranch One","state":"CA","detail_file":"data/details/power-plants-14.json","plant_id":"57378","capacity_mw":253.0,"status_group":"Operating","energy_sources":"SUN","type":"Power plant","is_nuclear":false}},{"type":"Feature","geometry":{"type":"Point","coordinates":[-118.347,34.878]},"properties":{"key":"65591-4c9933c5","layer":"power","name":"AVEP BESS","state":"CA","detail_file":"data/details/power-plants-29.json","plant_id":"65591","capacity_mw":126.0,"status_group":"Operating","energy_sources":"MWH","type":"Power plant","is_nuclear":false}},{"type":"Feature","geometry":{"type":"Point","coordinates":[-118.931,35.076]},"properties":{"key":"68922-b75ff8a3","layer":"power","name":"AVI Bakersfield","state":"CA","detail_file":"data/details/power-plants-01.json","plant_id":"68922","capacity_mw":2.2,"status_group":"Operating","energy_sources":"SUN","type":"Power plant","is_nuclear":false}},{"type":"Feature","geometry":{"type":"Point","coordinates":[-117.974,34.749]},"properties":{"key":"60085-1d24f565","layer":"power","name":"AVS Lancaster 1","state":"CA","detail_file":"data/details/power-plants-12.json","plant_id":"60085","capacity_mw":3.7,"status_group":"Operating","energy_sources":"SUN","type":"Power plant","is_nuclear":false}},{"type":"Feature","geometry":{"type":"Point","coordinates":[-118.932,34.197]},"properties":{"key":"62874-e2c8bc39","layer":"power","name":"Acorn I Energy Storage LLC","state":"CA","detail_file":"data/details/power-plants-58.json","plant_id":"62874","capacity_mw":2.0,"status_group":"Operating","energy_sources":"MWH","type":"Power plant","is_nuclear":false}},{"type":"Feature","geometry":{"type":"Point","coordinates":[-117.377,34.557]},"properties":{"key":"59440-e3249736","layer":"power","name":"Adelanto Solar II, LLC","state":"CA","detail_file":"data/details/power-plants-09.json","plant_id":"59440","capacity_mw":7.0,"status_group":"Operating","energy_sources":"SUN","type":"Power plant","is_nuclear":false}},{"type":"Feature","geometry":{"type":"Point","coordinates":[-117.435,34.551]},"properties":{"key":"57305-93f3baf2","layer":"power","name":"Adelanto Solar Project","state":"CA","detail_file":"data/details/power-plants-12.json","plant_id":"57305","capacity_mw":6.8,"status_group":"Operating","energy_sources":"SUN","type":"Power plant","is_nuclear":false}},{"type":"Feature","geometry":{"type":"Point","coordinates":[-117.377,34.557]},"properties":{"key":"59441-fc6ec8fa","layer":"power","name":"Adelanto Solar, LLC","state":"CA","detail_file":"data/details/power-plants-14.json","plant_id":"59441","capacity_mw":20.0,"status_group":"Operating","energy_sources":"SUN","type":"Power plant","is_nuclear":false}},{"type":"Feature","geometry":{"type":"Point","coordinates":[-118.954,35.103]},"properties":{"key":"57651-d8f3c09a","layer":"power","name":"Adobe Solar","state":"CA","detail_file":"data/details/power-plants-11.json","plant_id":"57651","capacity_mw":20.0,"status_group":"Operating","energy_sources":"SUN","type":"Power plant","is_nuclear":false}},{"type":"Feature","geometry":{"type":"Point","coordinates":[-118.451,34.19]},"properties":{"key":"61718-b521da10","layer":"power","name":"Aerolease","state":"CA","detail_file":"data/details/power-plants-00.json","plant_id":"61718","capacity_mw":1.3,"status_group":"Operating","energy_sources":"SUN","type":"Power plant","is_nuclear":false}},{"type":"Feature","geometry":{"type":"Point","coordinates":[-117.36,34.041]},"properties":{"key":"55951-a8902617","layer":"power","name":"Agua Mansa Power Plant","state":"CA","detail_file":"data/details/power-plants-06.json","plant_id":"55951","capacity_mw":60.5,"status_group":"Operating","energy_sources":"NG","type":"Power plant","is_nuclear":false}},{"type":"Feature","geometry":{"type":"Point","coordinates":[-118.687,34.816]},"properties":{"key":"905-067864d9","layer":"power","name":"Alamo","state":"CA","detail_file":"data/details/power-plants-57.json","plant_id":"905","capacity_mw":19.6,"status_group":"Operating","energy_sources":"WAT","type":"Power plant","is_nuclear":false}},{"type":"Feature","geometry":{"type":"Point","coordinates":[-117.347,34.682]},"properties":{"key":"59469-60126157","layer":"power","name":"Alamo Solar","state":"CA","detail_file":"data/details/power-plants-51.json","plant_id":"59469","capacity_mw":20.0,"status_group":"Operating","energy_sources":"SUN","type":"Power plant","is_nuclear":false}},{"type":"Feature","geometry":{"type":"Point","coordinates":[-119.243,35.126]},"properties":{"key":"60242-6073e787","layer":"power","name":"Algonquin SKIC 10 Solar, LLC","state":"CA","detail_file":"data/details/power-plants-54.json","plant_id":"60242","capacity_mw":10.0,"status_group":"Operating","energy_sources":"SUN","type":"Power plant","is_nuclear":false}},{"type":"Feature","geometry":{"type":"Point","coordinates":[-119.243,35.126]},"properties":{"key":"59412-8b1c6d6a","layer":"power","name":"Algonquin SKIC20 Solar LLC","state":"CA","detail_file":"data/details/power-plants-50.json","plant_id":"59412","capacity_mw":20.0,"status_group":"Operating","energy_sources":"SUN","type":"Power plant","is_nuclear":false}},{"type":"Feature","geometry":{"type":"Point","coordinates":[-117.854,33.672]},"properties":{"key":"63609-e8619eff","layer":"power","name":"Allergan","state":"CA","detail_file":"data/details/power-plants-24.json","plant_id":"63609","capacity_mw":1.5,"status_group":"Operating","energy_sources":"MWH","type":"Power plant","is_nuclear":false}},{"type":"Feature","geometry":{"type":"Point","coordinates":[-118.882,35.259]},"properties":{"key":"68150-5c3bafbc","layer":"power","name":"Allied Potato","state":"CA","detail_file":"data/details/power-plants-09.json","plant_id":"68150","capacity_mw":1.2,"status_group":"Operating","energy_sources":"SUN","type":"Power plant","is_nuclear":false}},{"type":"Feature","geometry":{"type":"Point","coordinates":[-119.435,35.898]},"properties":{"key":"58003-246e6927","layer":"power","name":"Alpaugh 50","state":"CA","detail_file":"data/details/power-plants-10.json","plant_id":"58003","capacity_mw":50.0,"status_group":"Operating","energy_sources":"SUN","type":"Power plant","is_nuclear":false}},{"type":"Feature","geometry":{"type":"Point","coordinates":[-119.447,35.897]},"properties":{"key":"68954-9b24a61a","layer":"power","name":"Alpaugh BESS","state":"CA","detail_file":"data/details/power-plants-58.json","plant_id":"68954","capacity_mw":10.0,"status_group":"Under construction","energy_sources":"MWH","type":"Power plant","is_nuclear":false}},{"type":"Feature","geometry":{"type":"Point","coordinates":[-119.443,35.903]},"properties":{"key":"58002-157f5392","layer":"power","name":"Alpaugh North","state":"CA","detail_file":"data/details/power-plants-04.json","plant_id":"58002","capacity_mw":20.0,"status_group":"Operating","energy_sources":"SUN","type":"Power plant","is_nuclear":false}},{"type":"Feature","geometry":{"type":"Point","coordinates":[-118.505,34.789]},"properties":{"key":"57295-b19d63fc","layer":"power","name":"Alpine Solar","state":"CA","detail_file":"data/details/power-plants-41.json","plant_id":"57295","capacity_mw":66.0,"status_group":"Operating","energy_sources":"SUN","type":"Power plant","is_nuclear":false}},{"type":"Feature","geometry":{"type":"Point","coordinates":[-118.273,33.719]},"properties":{"key":"66395-68eebc3a","layer":"power","name":"Alta Sea","state":"CA","detail_file":"data/details/power-plants-40.json","plant_id":"66395","capacity_mw":1.8,"status_group":"Operating","energy_sources":"SUN","type":"Power plant","is_nuclear":false}},{"type":"Feature","geometry":{"type":"Point","coordinates":[-118.353,35.034]},"properties":{"key":"57282-3c2ddbd6","layer":"power","name":"Alta Wind Energy Center I","state":"CA","detail_file":"data/details/power-plants-23.json","plant_id":"57282","capacity_mw":150.0,"status_group":"Operating","energy_sources":"WND","type":"Power plant","is_nuclear":false}},{"type":"Feature","geometry":{"type":"Point","coordinates":[-118.295,35.024]},"properties":{"key":"57291-d09f5632","layer":"power","name":"Alta Wind Energy Center II","state":"CA","detail_file":"data/details/power-plants-45.json","plant_id":"57291","capacity_mw":150.0,"status_group":"Operating","energy_sources":"WND","type":"Power plant","is_nuclear":false}},{"type":"Feature","geometry":{"type":"Point","coordinates":[-118.295,35.024]},"properties":{"key":"57292-9509bf8a","layer":"power","name":"Alta Wind Energy Center III","state":"CA","detail_file":"data/details/power-plants-04.json","plant_id":"57292","capacity_mw":150.0,"status_group":"Operating","energy_sources":"WND","type":"Power plant","is_nuclear":false}},{"type":"Feature","geometry":{"type":"Point","coordinates":[-118.242,35.009]},"properties":{"key":"57293-3e479cef","layer":"power","name":"Alta Wind Energy Center IV","state":"CA","detail_file":"data/details/power-plants-31.json","plant_id":"57293","capacity_mw":102.0,"status_group":"Operating","energy_sources":"WND","type":"Power plant","is_nuclear":false}},{"type":"Feature","geometry":{"type":"Point","coordinates":[-118.242,35.009]},"properties":{"key":"57294-cd11af22","layer":"power","name":"Alta Wind Energy Center V","state":"CA","detail_file":"data/details/power-plants-23.json","plant_id":"57294","capacity_mw":168.0,"status_group":"Operating","energy_sources":"WND","type":"Power plant","is_nuclear":false}},{"type":"Feature","geometry":{"type":"Point","coordinates":[-118.235,35.027]},"properties":{"key":"57835-b6c18bef","layer":"power","name":"Alta Wind VIII","state":"CA","detail_file":"data/details/power-plants-15.json","plant_id":"57835","capacity_mw":150.0,"status_group":"Operating","energy_sources":"WND","type":"Power plant","is_nuclear":false}},{"type":"Feature","geometry":{"type":"Point","coordinates":[-118.2,35.06]},"properties":{"key":"58394-8fcf4601","layer":"power","name":"Alta Wind X","state":"CA","detail_file":"data/details/power-plants-07.json","plant_id":"58394","capacity_mw":138.0,"status_group":"Operating","energy_sources":"WND","type":"Power plant","is_nuclear":false}},{"type":"Feature","geometry":{"type":"Point","coordinates":[-118.39,35.065]},"properties":{"key":"58395-ab03ea18","layer":"power","name":"Alta Wind XI","state":"CA","detail_file":"data/details/power-plants-23.json","plant_id":"58395","capacity_mw":90.0,"status_group":"Operating","energy_sources":"WND","type":"Power plant","is_nuclear":false}},{"type":"Feature","geometry":{"type":"Point","coordinates":[-117.996,33.879]},"properties":{"key":"63303-c2479517","layer":"power","name":"Alticor Inc - Solar Project","state":"CA","detail_file":"data/details/power-plants-20.json","plant_id":"63303","capacity_mw":1.2,"status_group":"Operating","energy_sources":"SUN","type":"Power plant","is_nuclear":false}},{"type":"Feature","geometry":{"type":"Point","coordinates":[-116.925,32.569]},"properties":{"key":"69730-1f9ee1da","layer":"power","name":"Amazon - SAN5","state":"CA","detail_file":"data/details/power-plants-06.json","plant_id":"69730","capacity_mw":2.9,"status_group":"Operating","energy_sources":"SUN","type":"Power plant","is_nuclear":false}},{"type":"Feature","geometry":{"type":"Point","coordinates":[-119.051,35.447]},"properties":{"key":"65562-cd3b5154","layer":"power","name":"Amazon Bakersfield 1 Solar Project","state":"CA","detail_file":"data/details/power-plants-24.json","plant_id":"65562","capacity_mw":5.9,"status_group":"Operating","energy_sources":"MWH; SUN","type":"Power plant","is_nuclear":false}},{"type":"Feature","geometry":{"type":"Point","coordinates":[-116.994,33.926]},"properties":{"key":"64751-c816820d","layer":"power","name":"Amazon PSP1","state":"CA","detail_file":"data/details/power-plants-20.json","plant_id":"64751","capacity_mw":3.8,"status_group":"Operating","energy_sources":"SUN","type":"Power plant","is_nuclear":false}},{"type":"Feature","geometry":{"type":"Point","coordinates":[-116.933,32.566]},"properties":{"key":"67170-b1fe5624","layer":"power","name":"Amazon SAN3 Solar Project","state":"CA","detail_file":"data/details/power-plants-31.json","plant_id":"67170","capacity_mw":7.0,"status_group":"Operating","energy_sources":"MWH; SUN","type":"Power plant","is_nuclear":false}},{"type":"Feature","geometry":{"type":"Point","coordinates":[-118.643,34.432]},"properties":{"key":"56898-d499c69d","layer":"power","name":"Ameresco Chiquita Canyon","state":"CA","detail_file":"data/details/power-plants-13.json","plant_id":"56898","capacity_mw":9.2,"status_group":"Operating","energy_sources":"LFG","type":"Power plant","is_nuclear":false}},{"type":"Feature","geometry":{"type":"Point","coordinates":[-117.92,33.803]},"properties":{"key":"59416-562711ad","layer":"power","name":"Anaheim Solar Energy Plant","state":"CA","detail_file":"data/details/power-plants-27.json","plant_id":"59416","capacity_mw":2.1,"status_group":"Operating","energy_sources":"SUN","type":"Power plant","is_nuclear":false}},{"type":"Feature","geometry":{"type":"Point","coordinates":[-119.456,35.866]},"properties":{"key":"68854-0898c128","layer":"power","name":"Angela Solar Project","state":"CA","detail_file":"data/details/power-plants-36.json","plant_id":"68854","capacity_mw":80.0,"status_group":"Operating","energy_sources":"MWH; SUN","type":"Power plant","is_nuclear":false}},{"type":"Feature","geometry":{"type":"Point","coordinates":[-118.288,34.695]},"properties":{"key":"60279-4bb1e6ac","layer":"power","name":"Antelope Big Sky Ranch","state":"CA","detail_file":"data/details/power-plants-49.json","plant_id":"60279","capacity_mw":20.0,"status_group":"Operating","energy_sources":"SUN","type":"Power plant","is_nuclear":false}},{"type":"Feature","geometry":{"type":"Point","coordinates":[-118.281,34.656]},"properties":{"key":"60186-a74701cf","layer":"power","name":"Antelope DSR 1","state":"CA","detail_file":"data/details/power-plants-56.json","plant_id":"60186","capacity_mw":50.0,"status_group":"Operating","energy_sources":"SUN","type":"Power plant","is_nuclear":false}},{"type":"Feature","geometry":{"type":"Point","coordinates":[-118.312,34.687]},"properties":{"key":"60187-bf58a63f","layer":"power","name":"Antelope DSR 2","state":"CA","detail_file":"data/details/power-plants-62.json","plant_id":"60187","capacity_mw":5.0,"status_group":"Operating","energy_sources":"SUN","type":"Power plant","is_nuclear":false}},{"type":"Feature","geometry":{"type":"Point","coordinates":[-118.304,34.737]},"properties":{"key":"61265-c47769ec","layer":"power","name":"Antelope DSR 3","state":"CA","detail_file":"data/details/power-plants-62.json","plant_id":"61265","capacity_mw":20.0,"status_group":"Operating","energy_sources":"SUN","type":"Power plant","is_nuclear":false}},{"type":"Feature","geometry":{"type":"Point","coordinates":[-118.259,34.716]},"properties":{"key":"62320-49afa6c8","layer":"power","name":"Antelope Expansion 1B","state":"CA","detail_file":"data/details/power-plants-62.json","plant_id":"62320","capacity_mw":17.0,"status_group":"Operating","energy_sources":"SUN","type":"Power plant","is_nuclear":false}},{"type":"Feature","geometry":{"type":"Point","coordinates":[-118.309,34.745]},"properties":{"key":"61264-3108a415","layer":"power","name":"Antelope Expansion 2","state":"CA","detail_file":"data/details/power-plants-26.json","plant_id":"61264","capacity_mw":105.0,"status_group":"Operating","energy_sources":"SUN","type":"Power plant","is_nuclear":false}},{"type":"Feature","geometry":{"type":"Point","coordinates":[-118.322,34.729]},"properties":{"key":"62673-7c1469f0","layer":"power","name":"Antelope Expansion 3A","state":"CA","detail_file":"data/details/power-plants-32.json","plant_id":"62673","capacity_mw":15.0,"status_group":"Operating","energy_sources":"SUN","type":"Power plant","is_nuclear":false}},{"type":"Feature","geometry":{"type":"Point","coordinates":[-118.323,34.72]},"properties":{"key":"62674-4810c649","layer":"power","name":"Antelope Expansion 3B","state":"CA","detail_file":"data/details/power-plants-55.json","plant_id":"62674","capacity_mw":5.0,"status_group":"Operating","energy_sources":"SUN","type":"Power plant","is_nuclear":false}},{"type":"Feature","geometry":{"type":"Point","coordinates":[-117.572,34.988]},"properties":{"key":"68661-4404bf75","layer":"power","name":"Aratina Solar Center 1A","state":"CA","detail_file":"data/details/power-plants-51.json","plant_id":"68661","capacity_mw":195.0,"status_group":"Under construction","energy_sources":"MWH; SUN","type":"Power plant","is_nuclear":false}},{"type":"Feature","geometry":{"type":"Point","coordinates":[-117.572,34.988]},"properties":{"key":"61167-507c6fba","layer":"power","name":"Aratina Solar Center 1B","state":"CA","detail_file":"data/details/power-plants-39.json","plant_id":"61167","capacity_mw":130.0,"status_group":"Under construction","energy_sources":"MWH; SUN","type":"Power plant","is_nuclear":false}},{"type":"Feature","geometry":{"type":"Point","coordinates":[-118.088,35.063]},"properties":{"key":"64215-092d2c46","layer":"power","name":"Aratina Solar Center 2","state":"CA","detail_file":"data/details/power-plants-51.json","plant_id":"64215","capacity_mw":263.0,"status_group":"Under construction","energy_sources":"MWH; SUN","type":"Power plant","is_nuclear":false}},{"type":"Feature","geometry":{"type":"Point","coordinates":[-117.383,35.765]},"properties":{"key":"10684-5c849fd9","layer":"power","name":"Argus Cogen Plant","state":"CA","detail_file":"data/details/power-plants-13.json","plant_id":"10684","capacity_mw":62.5,"status_group":"Operating","energy_sources":"BIT","type":"Power plant","is_nuclear":false}},{"type":"Feature","geometry":{"type":"Point","coordinates":[-118.051,34.655]},"properties":{"key":"58445-5d671a12","layer":"power","name":"Arrache 4006","state":"CA","detail_file":"data/details/power-plants-06.json","plant_id":"58445","capacity_mw":2.0,"status_group":"Operating","energy_sources":"SUN","type":"Power plant","is_nuclear":false}},{"type":"Feature","geometry":{"type":"Point","coordinates":[-118.052,34.651]},"properties":{"key":"58446-c836f213","layer":"power","name":"Arrache 4013","state":"CA","detail_file":"data/details/power-plants-16.json","plant_id":"58446","capacity_mw":1.5,"status_group":"Operating","energy_sources":"SUN","type":"Power plant","is_nuclear":false}},{"type":"Feature","geometry":{"type":"Point","coordinates":[-118.061,34.648]},"properties":{"key":"58447-37cbb1a2","layer":"power","name":"Arrache 8083","state":"CA","detail_file":"data/details/power-plants-05.json","plant_id":"58447","capacity_mw":4.0,"status_group":"Operating","energy_sources":"SUN","type":"Power plant","is_nuclear":false}},{"type":"Feature","geometry":{"type":"Point","coordinates":[-119.511,35.895]},"properties":{"key":"58366-4bb40cca","layer":"power","name":"Atwell Island","state":"CA","detail_file":"data/details/power-plants-36.json","plant_id":"58366","capacity_mw":20.2,"status_group":"Operating","energy_sources":"SUN","type":"Power plant","is_nuclear":false}},{"type":"Feature","geometry":{"type":"Point","coordinates":[-119.46,35.815]},"properties":{"key":"59414-5133e009","layer":"power","name":"Atwell Island West Solar","state":"CA","detail_file":"data/details/power-plants-08.json","plant_id":"59414","capacity_mw":20.0,"status_group":"Operating","energy_sources":"SUN","type":"Power plant","is_nuclear":false}},{"type":"Feature","geometry":{"type":"Point","coordinates":[-119.43,35.716]},"properties":{"key":"68634-dea7b129","layer":"power","name":"Avalon Dairy","state":"CA","detail_file":"data/details/power-plants-27.json","plant_id":"68634","capacity_mw":3.1,"status_group":"Operating","energy_sources":"SUN","type":"Power plant","is_nuclear":false}},{"type":"Feature","geometry":{"type":"Point","coordinates":[-117.909,34.155]},"properties":{"key":"6449-a624f0ef","layer":"power","name":"Azusa","state":"CA","detail_file":"data/details/power-plants-25.json","plant_id":"6449","capacity_mw":3.0,"status_group":"Operating","energy_sources":"WAT","type":"Power plant","is_nuclear":false}},{"type":"Feature","geometry":{"type":"Point","coordinates":[-116.815,34.268]},"properties":{"key":"65617-c57ecf6b","layer":"power","name":"BBARWA","state":"CA","detail_file":"data/details/power-plants-00.json","plant_id":"65617","capacity_mw":1.9,"status_group":"Operating","energy_sources":"SUN","type":"Power plant","is_nuclear":false}},{"type":"Feature","geometry":{"type":"Point","coordinates":[-118.064,33.79]},"properties":{"key":"66533-6478717b","layer":"power","name":"BCE Los Alamitos 1","state":"CA","detail_file":"data/details/power-plants-41.json","plant_id":"66533","capacity_mw":20.0,"status_group":"Operating","energy_sources":"MWH; SUN","type":"Power plant","is_nuclear":false}},{"type":"Feature","geometry":{"type":"Point","coordinates":[-118.051,33.784]},"properties":{"key":"66532-0bc8800c","layer":"power","name":"BCE Los Alamitos 2","state":"CA","detail_file":"data/details/power-plants-34.json","plant_id":"66532","capacity_mw":20.0,"status_group":"Operating","energy_sources":"MWH; SUN","type":"Power plant","is_nuclear":false}},{"type":"Feature","geometry":{"type":"Point","coordinates":[-118.044,33.733]},"properties":{"key":"68023-12020937","layer":"power","name":"BCE Seal Beach","state":"CA","detail_file":"data/details/power-plants-00.json","plant_id":"68023","capacity_mw":28.7,"status_group":"Operating","energy_sources":"MWH; SUN","type":"Power plant","is_nuclear":false}},{"type":"Feature","geometry":{"type":"Point","coordinates":[-118.236,33.815]},"properties":{"key":"50540-fbf72cac","layer":"power","name":"BP Carson Refinery","state":"CA","detail_file":"data/details/power-plants-14.json","plant_id":"50540","capacity_mw":13.5,"status_group":"Operating","energy_sources":"NG; OG","type":"Power plant","is_nuclear":false}},{"type":"Feature","geometry":{"type":"Point","coordinates":[-119.03,35.484]},"properties":{"key":"10650-2e0fb767","layer":"power","name":"Badger Creek Limited","state":"CA","detail_file":"data/details/power-plants-29.json","plant_id":"10650","capacity_mw":46.0,"status_group":"Operating","energy_sources":"NG","type":"Power plant","is_nuclear":false}},{"type":"Feature","geometry":{"type":"Point","coordinates":[-117.684,33.657]},"properties":{"key":"63610-a7648bfa","layer":"power","name":"Baker","state":"CA","detail_file":"data/details/power-plants-55.json","plant_id":"63610","capacity_mw":1.2,"status_group":"Operating","energy_sources":"MWH","type":"Power plant","is_nuclear":false}},{"type":"Feature","geometry":{"type":"Point","coordinates":[-118.99,35.318]},"properties":{"key":"59948-4bf7fa6d","layer":"power","name":"Bakersfield 111","state":"CA","detail_file":"data/details/power-plants-60.json","plant_id":"59948","capacity_mw":1.4,"status_group":"Operating","energy_sources":"SUN","type":"Power plant","is_nuclear":false}},{"type":"Feature","geometry":{"type":"Point","coordinates":[-118.969,35.412]},"properties":{"key":"57655-6343d7e3","layer":"power","name":"Bakersfield College Solar 01","state":"CA","detail_file":"data/details/power-plants-05.json","plant_id":"57655","capacity_mw":1.1,"status_group":"Operating","energy_sources":"SUN","type":"Power plant","is_nuclear":false}},{"type":"Feature","geometry":{"type":"Point","coordinates":[-118.993,35.33]},"properties":{"key":"61118-6f443c1f","layer":"power","name":"Bakersfield Industrial PV 1","state":"CA","detail_file":"data/details/power-plants-06.json","plant_id":"61118","capacity_mw":1.0,"status_group":"Operating","energy_sources":"SUN","type":"Power plant","is_nuclear":false}},{"type":"Feature","geometry":{"type":"Point","coordinates":[-118.981,35.325]},"properties":{"key":"61117-414af0f0","layer":"power","name":"Bakersfield PV 1","state":"CA","detail_file":"data/details/power-plants-25.json","plant_id":"61117","capacity_mw":5.3,"status_group":"Operating","energy_sources":"SUN","type":"Power plant","is_nuclear":false}},{"type":"Feature","geometry":{"type":"Point","coordinates":[-117.647,33.669]},"properties":{"key":"61721-a00ef1f6","layer":"power","name":"Baldwin (CA)","state":"CA","detail_file":"data/details/power-plants-16.json","plant_id":"61721","capacity_mw":1.0,"status_group":"Operating","energy_sources":"MWH","type":"Power plant","is_nuclear":false}},{"type":"Feature","geometry":{"type":"Point","coordinates":[-117.454,34.609]},"properties":{"key":"66885-97ad534e","layer":"power","name":"Baldy Mesa 2_Silver Peak Hybrid","state":"CA","detail_file":"data/details/power-plants-30.json","plant_id":"66885","capacity_mw":75.0,"status_group":"Operating","energy_sources":"MWH; SUN","type":"Power plant","is_nuclear":false}},{"type":"Feature","geometry":{"type":"Point","coordinates":[-117.454,34.609]},"properties":{"key":"66598-d63d3664","layer":"power","name":"Baldy Mesa Solar & Storage","state":"CA","detail_file":"data/details/power-plants-31.json","plant_id":"66598","capacity_mw":225.0,"status_group":"Operating","energy_sources":"MWH; SUN","type":"Power plant","is_nuclear":false}},{"type":"Feature","geometry":{"type":"Point","coordinates":[-117.449,34.603]},"properties":{"key":"69964-cce530ca","layer":"power","name":"Baldy Mesa Storage","state":"CA","detail_file":"data/details/power-plants-40.json","plant_id":"69964","capacity_mw":50.0,"status_group":"Under construction","energy_sources":"MWH","type":"Power plant","is_nuclear":false}},{"type":"Feature","geometry":{"type":"Point","coordinates":[-118.135,33.984]},"properties":{"key":"68793-aa33c47a","layer":"power","name":"Bandini - SLLAX710","state":"CA","detail_file":"data/details/power-plants-16.json","plant_id":"68793","capacity_mw":1.3,"status_group":"Under construction","energy_sources":"SUN","type":"Power plant","is_nuclear":false}},{"type":"Feature","geometry":{"type":"Point","coordinates":[-117.983,33.807]},"properties":{"key":"56474-35cb76f2","layer":"power","name":"Barre Peaker","state":"CA","detail_file":"data/details/power-plants-25.json","plant_id":"56474","capacity_mw":49.8,"status_group":"Operating","energy_sources":"NG","type":"Power plant","is_nuclear":false}},{"type":"Feature","geometry":{"type":"Point","coordinates":[-119.139,34.203]},"properties":{"key":"68540-1040836f","layer":"power","name":"Bayer Oxnard - Meter# 4719","state":"CA","detail_file":"data/details/power-plants-06.json","plant_id":"68540","capacity_mw":1.3,"status_group":"Operating","energy_sources":"SUN","type":"Power plant","is_nuclear":false}},{"type":"Feature","geometry":{"type":"Point","coordinates":[-118.298,34.668]},"properties":{"key":"60481-2a462917","layer":"power","name":"Bayshore Solar A, LLC","state":"CA","detail_file":"data/details/power-plants-30.json","plant_id":"60481","capacity_mw":20.0,"status_group":"Operating","energy_sources":"SUN","type":"Power plant","is_nuclear":false}},{"type":"Feature","geometry":{"type":"Point","coordinates":[-118.303,34.678]},"properties":{"key":"60474-b9ec99a9","layer":"power","name":"Bayshore Solar B, LLC","state":"CA","detail_file":"data/details/power-plants-09.json","plant_id":"60474","capacity_mw":20.0,"status_group":"Operating","energy_sources":"SUN","type":"Power plant","is_nuclear":false}},{"type":"Feature","geometry":{"type":"Point","coordinates":[-118.314,34.681]},"properties":{"key":"60475-3d1bd853","layer":"power","name":"Bayshore Solar C, LLC","state":"CA","detail_file":"data/details/power-plants-49.json","plant_id":"60475","capacity_mw":20.0,"status_group":"Operating","energy_sources":"SUN","type":"Power plant","is_nuclear":false}},{"type":"Feature","geometry":{"type":"Point","coordinates":[-118.028,35.257]},"properties":{"key":"61431-60f052ca","layer":"power","name":"Beacon BESS 1","state":"CA","detail_file":"data/details/power-plants-36.json","plant_id":"61431","capacity_mw":20.0,"status_group":"Operating","energy_sources":"MWH","type":"Power plant","is_nuclear":false}},{"type":"Feature","geometry":{"type":"Point","coordinates":[-117.999,35.266]},"properties":{"key":"59309-4ba545ce","layer":"power","name":"Beacon Solar Plant Site 2","state":"CA","detail_file":"data/details/power-plants-56.json","plant_id":"59309","capacity_mw":47.3,"status_group":"Operating","energy_sources":"SUN","type":"Power plant","is_nuclear":false}},{"type":"Feature","geometry":{"type":"Point","coordinates":[-118.034,35.249]},"properties":{"key":"59308-4cf81f18","layer":"power","name":"Beacon Solar Plant Site 5","state":"CA","detail_file":"data/details/power-plants-46.json","plant_id":"59308","capacity_mw":37.8,"status_group":"Operating","energy_sources":"SUN","type":"Power plant","is_nuclear":false}},{"type":"Feature","geometry":{"type":"Point","coordinates":[-118.927,35.419]},"properties":{"key":"10649-9a5d5ebe","layer":"power","name":"Bear Mountain Limited","state":"CA","detail_file":"data/details/power-plants-21.json","plant_id":"10649","capacity_mw":46.0,"status_group":"Operating","energy_sources":"NG","type":"Power plant","is_nuclear":false}},{"type":"Feature","geometry":{"type":"Point","coordinates":[-117.017,33.166]},"properties":{"key":"457-58f6914c","layer":"power","name":"Bear Valley","state":"CA","detail_file":"data/details/power-plants-54.json","plant_id":"457","capacity_mw":1.4,"status_group":"Operating","energy_sources":"WAT","type":"Power plant","is_nuclear":false}},{"type":"Feature","geometry":{"type":"Point","coordinates":[-116.86,34.25]},"properties":{"key":"67257-90e81ae1","layer":"power","name":"Bear Valley Battery Plant","state":"CA","detail_file":"data/details/power-plants-26.json","plant_id":"67257","capacity_mw":5.0,"status_group":"Planned","energy_sources":"MWH","type":"Power plant","is_nuclear":false}},{"type":"Feature","geometry":{"type":"Point","coordinates":[-116.903,34.251]},"properties":{"key":"56346-777a0843","layer":"power","name":"Bear Valley Power Plant","state":"CA","detail_file":"data/details/power-plants-05.json","plant_id":"56346","capacity_mw":8.4,"status_group":"Operating","energy_sources":"NG","type":"Power plant","is_nuclear":false}},{"type":"Feature","geometry":{"type":"Point","coordinates":[-116.81,34.25]},"properties":{"key":"67258-a8e1bd5a","layer":"power","name":"Bear Valley Solar Plant","state":"CA","detail_file":"data/details/power-plants-45.json","plant_id":"67258","capacity_mw":5.0,"status_group":"Planned","energy_sources":"SUN","type":"Power plant","is_nuclear":false}},{"type":"Feature","geometry":{"type":"Point","coordinates":[-116.988,33.924]},"properties":{"key":"66461-ed100f40","layer":"power","name":"Beaumont BESS","state":"CA","detail_file":"data/details/power-plants-16.json","plant_id":"66461","capacity_mw":116.6,"status_group":"Operating","energy_sources":"MWH","type":"Power plant","is_nuclear":false}},{"type":"Feature","geometry":{"type":"Point","coordinates":[-118.069,35.018]},"properties":{"key":"64209-fbc74b16","layer":"power","name":"Bellefield 2 Solar & Energy Storage Farm","state":"CA","detail_file":"data/details/power-plants-37.json","plant_id":"64209","capacity_mw":1000.0,"status_group":"Under construction","energy_sources":"MWH; SUN","type":"Power plant","is_nuclear":false}},{"type":"Feature","geometry":{"type":"Point","coordinates":[-117.993,35.029]},"properties":{"key":"67894-2ed30259","layer":"power","name":"Bellefield 3 Solar and Battery Storage","state":"CA","detail_file":"data/details/power-plants-00.json","plant_id":"67894","capacity_mw":300.0,"status_group":"Planned","energy_sources":"MWH; SUN","type":"Power plant","is_nuclear":false}},{"type":"Feature","geometry":{"type":"Point","coordinates":[-118.088,35.063]},"properties":{"key":"64210-002818a4","layer":"power","name":"Bellefield Solar and Energy Storage Farm","state":"CA","detail_file":"data/details/power-plants-06.json","plant_id":"64210","capacity_mw":1000.0,"status_group":"Operating","energy_sources":"MWH; SUN","type":"Power plant","is_nuclear":false}},{"type":"Feature","geometry":{"type":"Point","coordinates":[-119.867,35.613]},"properties":{"key":"65073-ba2cdff4","layer":"power","name":"Berrenda Mesa Water District","state":"CA","detail_file":"data/details/power-plants-05.json","plant_id":"65073","capacity_mw":6.4,"status_group":"Operating","energy_sources":"SUN","type":"Power plant","is_nuclear":false}},{"type":"Feature","geometry":{"type":"Point","coordinates":[-119.444,35.093]},"properties":{"key":"50170-9f9bad0e","layer":"power","name":"Berry Cogen","state":"CA","detail_file":"data/details/power-plants-13.json","plant_id":"50170","capacity_mw":38.7,"status_group":"Operating","energy_sources":"NG","type":"Power plant","is_nuclear":false}},{"type":"Feature","geometry":{"type":"Point","coordinates":[-119.441,35.09]},"properties":{"key":"50622-471936a8","layer":"power","name":"Berry Cogen Tanne Hills 18","state":"CA","detail_file":"data/details/power-plants-52.json","plant_id":"50622","capacity_mw":18.0,"status_group":"Operating","energy_sources":"NG","type":"Power plant","is_nuclear":false}},{"type":"Feature","geometry":{"type":"Point","coordinates":[-119.612,35.308]},"properties":{"key":"62176-fdc759ad","layer":"power","name":"Berry NMW Cogens","state":"CA","detail_file":"data/details/power-plants-57.json","plant_id":"62176","capacity_mw":11.4,"status_group":"Operating","energy_sources":"NG","type":"Power plant","is_nuclear":false}},{"type":"Feature","geometry":{"type":"Point","coordinates":[-118.495,34.384]},"properties":{"key":"52096-4eb22218","layer":"power","name":"Berry Placerita Cogen","state":"CA","detail_file":"data/details/power-plants-59.json","plant_id":"52096","capacity_mw":42.8,"status_group":"Operating","energy_sources":"NG","type":"Power plant","is_nuclear":false}},{"type":"Feature","geometry":{"type":"Point","coordinates":[-118.193,34.015]},"properties":{"key":"64418-a459af7a","layer":"power","name":"Big Bear","state":"CA","detail_file":"data/details/power-plants-24.json","plant_id":"64418","capacity_mw":5.5,"status_group":"Operating","energy_sources":"SUN","type":"Power plant","is_nuclear":false}},{"type":"Feature","geometry":{"type":"Point","coordinates":[-118.344,34.907]},"properties":{"key":"64993-154fc814","layer":"power","name":"BigBeau Solar, LLC","state":"CA","detail_file":"data/details/power-plants-17.json","plant_id":"64993","capacity_mw":168.0,"status_group":"Operating","energy_sources":"MWH; SUN","type":"Power plant","is_nuclear":false}},{"type":"Feature","geometry":{"type":"Point","coordinates":[-118.013,33.907]},"properties":{"key":"54296-b3fbe81b","layer":"power","name":"Biola University Hybrid","state":"CA","detail_file":"data/details/power-plants-54.json","plant_id":"54296","capacity_mw":4.3,"status_group":"Operating","energy_sources":"MWH; NG","type":"Power plant","is_nuclear":false}},{"type":"Feature","geometry":{"type":"Point","coordinates":[-119.057,34.358]},"properties":{"key":"65396-3209fcca","layer":"power","name":"Black Walnut Energy Storage LLC","state":"CA","detail_file":"data/details/power-plants-57.json","plant_id":"65396","capacity_mw":15.0,"status_group":"Operating","energy_sources":"MWH","type":"Power plant","is_nuclear":false}},{"type":"Feature","geometry":{"type":"Point","coordinates":[-117.855,33.933]},"properties":{"key":"56090-d81c293d","layer":"power","name":"Blacksand Generating Facility","state":"CA","detail_file":"data/details/power-plants-45.json","plant_id":"56090","capacity_mw":9.6,"status_group":"Operating","energy_sources":"NG","type":"Power plant","is_nuclear":false}},{"type":"Feature","geometry":{"type":"Point","coordinates":[-119.845,35.612]},"properties":{"key":"59524-03e48ba0","layer":"power","name":"Blackwell Solar Park","state":"CA","detail_file":"data/details/power-plants-39.json","plant_id":"59524","capacity_mw":20.0,"status_group":"Operating","energy_sources":"SUN","type":"Power plant","is_nuclear":false}},{"type":"Feature","geometry":{"type":"Point","coordinates":[-119.841,35.618]},"properties":{"key":"66648-d986da51","layer":"power","name":"Blackwell?s Corner Storage Facility","state":"CA","detail_file":"data/details/power-plants-58.json","plant_id":"66648","capacity_mw":2.0,"status_group":"Operating","energy_sources":"MWH","type":"Power plant","is_nuclear":false}},{"type":"Feature","geometry":{"type":"Point","coordinates":[-119.365,35.676]},"properties":{"key":"70091-5fd3990a","layer":"power","name":"Blankenship","state":"CA","detail_file":"data/details/power-plants-49.json","plant_id":"70091","capacity_mw":1.0,"status_group":"Under construction","energy_sources":"SUN","type":"Power plant","is_nuclear":false}},{"type":"Feature","geometry":{"type":"Point","coordinates":[-118.909,34.988]},"properties":{"key":"66466-a52544bd","layer":"power","name":"Blue Skies Solar, LLC","state":"CA","detail_file":"data/details/power-plants-31.json","plant_id":"66466","capacity_mw":1.0,"status_group":"Operating","energy_sources":"SUN","type":"Power plant","is_nuclear":false}},{"type":"Feature","geometry":{"type":"Point","coordinates":[-117.693,34.564]},"properties":{"key":"56862-70164fdb","layer":"power","name":"Bolthouse S&P and Rowen Farms Solar","state":"CA","detail_file":"data/details/power-plants-26.json","plant_id":"56862","capacity_mw":1.2,"status_group":"Operating","energy_sources":"SUN","type":"Power plant","is_nuclear":false}},{"type":"Feature","geometry":{"type":"Point","coordinates":[-116.944,32.562]},"properties":{"key":"55510-1fb16de5","layer":"power","name":"Border Hybrid Energy Center","state":"CA","detail_file":"data/details/power-plants-59.json","plant_id":"55510","capacity_mw":114.6,"status_group":"Operating","energy_sources":"MWH; NG","type":"Power plant","is_nuclear":false}},{"type":"Feature","geometry":{"type":"Point","coordinates":[-116.35,33.27]},"properties":{"key":"60565-93acda6e","layer":"power","name":"Borrego Springs Energy Storage","state":"CA","detail_file":"data/details/power-plants-24.json","plant_id":"60565","capacity_mw":1.5,"status_group":"Operating","energy_sources":"MWH","type":"Power plant","is_nuclear":false}},{"type":"Feature","geometry":{"type":"Point","coordinates":[-119.088,35.838]},"properties":{"key":"66757-e1d2b92e","layer":"power","name":"Bottleneck Energy Storage","state":"CA","detail_file":"data/details/power-plants-14.json","plant_id":"66757","capacity_mw":80.0,"status_group":"Operating","energy_sources":"MWH","type":"Power plant","is_nuclear":false}},{"type":"Feature","geometry":{"type":"Point","coordinates":[-116.273,32.662]},"properties":{"key":"66279-aedaacce","layer":"power","name":"Boulevard Energy Storage","state":"CA","detail_file":"data/details/power-plants-33.json","plant_id":"66279","capacity_mw":10.0,"status_group":"Operating","energy_sources":"MWH","type":"Power plant","is_nuclear":false}},{"type":"Feature","geometry":{"type":"Point","coordinates":[-117.702,33.719]},"properties":{"key":"59461-8fa00a19","layer":"power","name":"Bowerman Power LFG, LLC","state":"CA","detail_file":"data/details/power-plants-24.json","plant_id":"59461","capacity_mw":23.8,"status_group":"Operating","energy_sources":"LFG","type":"Power plant","is_nuclear":false}},{"type":"Feature","geometry":{"type":"Point","coordinates":[-117.84,33.932]},"properties":{"key":"58007-6224a306","layer":"power","name":"Brea Expansion Plant","state":"CA","detail_file":"data/details/power-plants-00.json","plant_id":"58007","capacity_mw":35.7,"status_group":"Operating","energy_sources":"LFG","type":"Power plant","is_nuclear":false}},{"type":"Feature","geometry":{"type":"Point","coordinates":[-117.331,33.97]},"properties":{"key":"64579-8c175a89","layer":"power","name":"Broadway 2 - UC Riverside","state":"CA","detail_file":"data/details/power-plants-55.json","plant_id":"64579","capacity_mw":3.0,"status_group":"Operating","energy_sources":"SUN","type":"Power plant","is_nuclear":false}},{"type":"Feature","geometry":{"type":"Point","coordinates":[-119.856,34.42]},"properties":{"key":"65187-80548a01","layer":"power","name":"Broadway 3 - UCSB Lot 38","state":"CA","detail_file":"data/details/power-plants-23.json","plant_id":"65187","capacity_mw":1.8,"status_group":"Operating","energy_sources":"SUN","type":"Power plant","is_nuclear":false}},{"type":"Feature","geometry":{"type":"Point","coordinates":[-119.189,35.463]},"properties":{"key":"65188-aed4a37b","layer":"power","name":"Broadway 4 - Target Shafter","state":"CA","detail_file":"data/details/power-plants-25.json","plant_id":"65188","capacity_mw":1.6,"status_group":"Operating","energy_sources":"SUN","type":"Power plant","is_nuclear":false}},{"type":"Feature","geometry":{"type":"Point","coordinates":[-118.241,35.008]},"properties":{"key":"57962-b708d9ef","layer":"power","name":"Brookfield Tehachapi 1","state":"CA","detail_file":"data/details/power-plants-15.json","plant_id":"57962","capacity_mw":102.0,"status_group":"Operating","energy_sources":"WND","type":"Power plant","is_nuclear":false}},{"type":"Feature","geometry":{"type":"Point","coordinates":[-118.042,33.913]},"properties":{"key":"60154-cce1d87b","layer":"power","name":"Buidling L","state":"CA","detail_file":"data/details/power-plants-46.json","plant_id":"60154","capacity_mw":1.0,"status_group":"Operating","energy_sources":"SUN","type":"Power plant","is_nuclear":false}},{"type":"Feature","geometry":{"type":"Point","coordinates":[-118.05,33.914]},"properties":{"key":"60151-5ea12054","layer":"power","name":"Building F","state":"CA","detail_file":"data/details/power-plants-62.json","plant_id":"60151","capacity_mw":1.3,"status_group":"Operating","energy_sources":"SUN","type":"Power plant","is_nuclear":false}},{"type":"Feature","geometry":{"type":"Point","coordinates":[-118.051,33.913]},"properties":{"key":"60153-49b5bcba","layer":"power","name":"Building G","state":"CA","detail_file":"data/details/power-plants-15.json","plant_id":"60153","capacity_mw":1.2,"status_group":"Operating","energy_sources":"SUN","type":"Power plant","is_nuclear":false}},{"type":"Feature","geometry":{"type":"Point","coordinates":[-116.924,35.582]},"properties":{"key":"65104-1698f694","layer":"power","name":"CA - DGS RFP - RJ Donovan State Prison","state":"CA","detail_file":"data/details/power-plants-54.json","plant_id":"65104","capacity_mw":2.0,"status_group":"Operating","energy_sources":"SUN","type":"Power plant","is_nuclear":false}},{"type":"Feature","geometry":{"type":"Point","coordinates":[-118.834,34.3]},"properties":{"key":"65365-01207b09","layer":"power","name":"CA - Ventura Co CCD - Moorpark College","state":"CA","detail_file":"data/details/power-plants-46.json","plant_id":"65365","capacity_mw":2.6,"status_group":"Operating","energy_sources":"SUN","type":"Power plant","is_nuclear":false}},{"type":"Feature","geometry":{"type":"Point","coordinates":[-117.378,34.055]},"properties":{"key":"66475-15d7f599","layer":"power","name":"CA Bloomington 2551 S Lilac Avenue Micro","state":"CA","detail_file":"data/details/power-plants-55.json","plant_id":"66475","capacity_mw":3.0,"status_group":"Under construction","energy_sources":"MWH; SUN","type":"Power plant","is_nuclear":false}},{"type":"Feature","geometry":{"type":"Point","coordinates":[-117.636,33.95]},"properties":{"key":"64518-4260a1c7","layer":"power","name":"CA Institute for Women","state":"CA","detail_file":"data/details/power-plants-44.json","plant_id":"64518","capacity_mw":1.0,"status_group":"Operating","energy_sources":"SUN","type":"Power plant","is_nuclear":false}},{"type":"Feature","geometry":{"type":"Point","coordinates":[-117.521,34.027]},"properties":{"key":"66476-8e309140","layer":"power","name":"CA Jurupa Valley 3251 De Forest Circle","state":"CA","detail_file":"data/details/power-plants-53.json","plant_id":"66476","capacity_mw":4.5,"status_group":"Operating","energy_sources":"SUN","type":"Power plant","is_nuclear":false}},{"type":"Feature","geometry":{"type":"Point","coordinates":[-117.119,32.654]},"properties":{"key":"69533-d353530a","layer":"power","name":"CA National City Terminal Ave","state":"CA","detail_file":"data/details/power-plants-19.json","plant_id":"69533","capacity_mw":1.1,"status_group":"Under construction","energy_sources":"SUN","type":"Power plant","is_nuclear":false}},{"type":"Feature","geometry":{"type":"Point","coordinates":[-119.14,34.213]},"properties":{"key":"68272-47c92729","layer":"power","name":"CA OXNARD 2600 Sakioka Dr","state":"CA","detail_file":"data/details/power-plants-45.json","plant_id":"68272","capacity_mw":3.2,"status_group":"Operating","energy_sources":"SUN","type":"Power plant","is_nuclear":false}},{"type":"Feature","geometry":{"type":"Point","coordinates":[-117.381,34.012]},"properties":{"key":"66511-c230b762","layer":"power","name":"CA Riverside 2356 Fleetwood Dr.","state":"CA","detail_file":"data/details/power-plants-04.json","plant_id":"66511","capacity_mw":4.0,"status_group":"Under construction","energy_sources":"MWH; SUN","type":"Power plant","is_nuclear":false}},{"type":"Feature","geometry":{"type":"Point","coordinates":[-118.569,35.114]},"properties":{"key":"65105-140b09e5","layer":"power","name":"CA-DGS-California Correctional Inst","state":"CA","detail_file":"data/details/power-plants-63.json","plant_id":"65105","capacity_mw":4.0,"status_group":"Operating","energy_sources":"SUN","type":"Power plant","is_nuclear":false}},{"type":"Feature","geometry":{"type":"Point","coordinates":[-119.157,34.166]},"properties":{"key":"65447-93fb49b1","layer":"power","name":"CA-Ventura Co CCD-Oxnard College Canopy","state":"CA","detail_file":"data/details/power-plants-16.json","plant_id":"65447","capacity_mw":1.5,"status_group":"Operating","energy_sources":"SUN","type":"Power plant","is_nuclear":false}},{"type":"Feature","geometry":{"type":"Point","coordinates":[-119.25,34.25]},"properties":{"key":"65527-6de4b239","layer":"power","name":"CA-Ventura County CCD-Ventura College","state":"CA","detail_file":"data/details/power-plants-49.json","plant_id":"65527","capacity_mw":2.5,"status_group":"Operating","energy_sources":"SUN","type":"Power plant","is_nuclear":false}},{"type":"Feature","geometry":{"type":"Point","coordinates":[-118.36,34.075]},"properties":{"key":"58253-78ad2a5d","layer":"power","name":"CBS Television City","state":"CA","detail_file":"data/details/power-plants-55.json","plant_id":"58253","capacity_mw":1.6,"status_group":"Operating","energy_sources":"SUN","type":"Power plant","is_nuclear":false}},{"type":"Feature","geometry":{"type":"Point","coordinates":[-119.404,35.601]},"properties":{"key":"61621-351ef82b","layer":"power","name":"CDCR (CA) - Wasco State Prison","state":"CA","detail_file":"data/details/power-plants-03.json","plant_id":"61621","capacity_mw":1.5,"status_group":"Operating","energy_sources":"SUN","type":"Power plant","is_nuclear":false}},{"type":"Feature","geometry":{"type":"Point","coordinates":[-119.068,35.856]},"properties":{"key":"60078-65cf2424","layer":"power","name":"CED Ducor 1","state":"CA","detail_file":"data/details/power-plants-54.json","plant_id":"60078","capacity_mw":20.0,"status_group":"Operating","energy_sources":"SUN","type":"Power plant","is_nuclear":false}},{"type":"Feature","geometry":{"type":"Point","coordinates":[-119.068,35.844]},"properties":{"key":"60079-6cd54969","layer":"power","name":"CED Ducor 2","state":"CA","detail_file":"data/details/power-plants-47.json","plant_id":"60079","capacity_mw":20.0,"status_group":"Operating","energy_sources":"SUN","type":"Power plant","is_nuclear":false}},{"type":"Feature","geometry":{"type":"Point","coordinates":[-119.057,35.845]},"properties":{"key":"60080-43bb5a66","layer":"power","name":"CED Ducor 3","state":"CA","detail_file":"data/details/power-plants-61.json","plant_id":"60080","capacity_mw":15.0,"status_group":"Operating","energy_sources":"SUN","type":"Power plant","is_nuclear":false}},{"type":"Feature","geometry":{"type":"Point","coordinates":[-119.027,35.85]},"properties":{"key":"60081-f89fc5f7","layer":"power","name":"CED Ducor 4","state":"CA","detail_file":"data/details/power-plants-14.json","plant_id":"60081","capacity_mw":20.0,"status_group":"Operating","energy_sources":"SUN","type":"Power plant","is_nuclear":false}},{"type":"Feature","geometry":{"type":"Point","coordinates":[-118.5,34.38]},"properties":{"key":"10677-4151b46e","layer":"power","name":"CES Placerita Power Plant","state":"CA","detail_file":"data/details/power-plants-23.json","plant_id":"10677","capacity_mw":90.0,"status_group":"Operating","energy_sources":"NG","type":"Power plant","is_nuclear":false}},{"type":"Feature","geometry":{"type":"Point","coordinates":[-118.43,34.277]},"properties":{"key":"62378-17e91b06","layer":"power","name":"CFW Solar X LLC - Vaughn","state":"CA","detail_file":"data/details/power-plants-53.json","plant_id":"62378","capacity_mw":1.6,"status_group":"Operating","energy_sources":"SUN","type":"Power plant","is_nuclear":false}},{"type":"Feature","geometry":{"type":"Point","coordinates":[-117.144,32.695]},"properties":{"key":"52147-b81b583a","layer":"power","name":"CP Kelco San Diego Plant","state":"CA","detail_file":"data/details/power-plants-60.json","plant_id":"52147","capacity_mw":29.2,"status_group":"Operating","energy_sources":"NG","type":"Power plant","is_nuclear":false}},{"type":"Feature","geometry":{"type":"Point","coordinates":[-118.231,33.838]},"properties":{"key":"66957-a394feca","layer":"power","name":"CPA 2132 E Dominguez","state":"CA","detail_file":"data/details/power-plants-19.json","plant_id":"66957","capacity_mw":1.0,"status_group":"Operating","energy_sources":"SUN","type":"Power plant","is_nuclear":false}},{"type":"Feature","geometry":{"type":"Point","coordinates":[-118.246,33.823]},"properties":{"key":"66959-7281ff99","layer":"power","name":"CPA Wilmington 1","state":"CA","detail_file":"data/details/power-plants-02.json","plant_id":"66959","capacity_mw":1.8,"status_group":"Operating","energy_sources":"SUN","type":"Power plant","is_nuclear":false}},{"type":"Feature","geometry":{"type":"Point","coordinates":[-118.228,34.694]},"properties":{"key":"65182-4b43899b","layer":"power","name":"CSP Los Angeles","state":"CA","detail_file":"data/details/power-plants-16.json","plant_id":"65182","capacity_mw":2.3,"status_group":"Operating","energy_sources":"SUN","type":"Power plant","is_nuclear":false}},{"type":"Feature","geometry":{"type":"Point","coordinates":[-118.108,33.784]},"properties":{"key":"63611-f2937ec4","layer":"power","name":"CSU Long Beach","state":"CA","detail_file":"data/details/power-plants-28.json","plant_id":"63611","capacity_mw":2.5,"status_group":"Operating","energy_sources":"MWH","type":"Power plant","is_nuclear":false}},{"type":"Feature","geometry":{"type":"Point","coordinates":[-118.114,33.781]},"properties":{"key":"62028-802db85e","layer":"power","name":"CSU Long Beach Lots 7 & 14","state":"CA","detail_file":"data/details/power-plants-52.json","plant_id":"62028","capacity_mw":4.5,"status_group":"Operating","energy_sources":"SUN","type":"Power plant","is_nuclear":false}},{"type":"Feature","geometry":{"type":"Point","coordinates":[-118.531,34.243]},"properties":{"key":"58422-b8f8a4f7","layer":"power","name":"CSU Northridge Plant","state":"CA","detail_file":"data/details/power-plants-21.json","plant_id":"58422","capacity_mw":1.3,"status_group":"Operating","energy_sources":"SUN","type":"Power plant","is_nuclear":false}},{"type":"Feature","geometry":{"type":"Point","coordinates":[-119.048,34.162]},"properties":{"key":"50851-9998f879","layer":"power","name":"CSUCI Site Authority","state":"CA","detail_file":"data/details/power-plants-00.json","plant_id":"50851","capacity_mw":31.1,"status_group":"Operating","energy_sources":"NG","type":"Power plant","is_nuclear":false}},{"type":"Feature","geometry":{"type":"Point","coordinates":[-117.889,33.879]},"properties":{"key":"60979-9cf37626","layer":"power","name":"CSUF Nutwood Solar","state":"CA","detail_file":"data/details/power-plants-53.json","plant_id":"60979","capacity_mw":1.9,"status_group":"Operating","energy_sources":"SUN","type":"Power plant","is_nuclear":false}},{"type":"Feature","geometry":{"type":"Point","coordinates":[-117.889,33.879]},"properties":{"key":"60978-a7f87738","layer":"power","name":"CSUF State College","state":"CA","detail_file":"data/details/power-plants-19.json","plant_id":"60978","capacity_mw":1.0,"status_group":"Operating","energy_sources":"SUN","type":"Power plant","is_nuclear":false}},{"type":"Feature","geometry":{"type":"Point","coordinates":[-117.887,33.881]},"properties":{"key":"58169-4bad5d1d","layer":"power","name":"CSUF Trigeneration","state":"CA","detail_file":"data/details/power-plants-05.json","plant_id":"58169","capacity_mw":8.9,"status_group":"Operating","energy_sources":"NG; SUN","type":"Power plant","is_nuclear":false}},{"type":"Feature","geometry":{"type":"Point","coordinates":[-116.735,33.917]},"properties":{"key":"56011-afeb5e88","layer":"power","name":"Cabazon Wind Partners","state":"CA","detail_file":"data/details/power-plants-22.json","plant_id":"56011","capacity_mw":41.0,"status_group":"Operating","energy_sources":"WND","type":"Power plant","is_nuclear":false}},{"type":"Feature","geometry":{"type":"Point","coordinates":[-118.068,34.005]},"properties":{"key":"63326-c81db508","layer":"power","name":"Cadillac Battery Energy Storage Facility","state":"CA","detail_file":"data/details/power-plants-21.json","plant_id":"63326","capacity_mw":3.5,"status_group":"Operating","energy_sources":"MWH","type":"Power plant","is_nuclear":false}},{"type":"Feature","geometry":{"type":"Point","coordinates":[-117.966,35.141]},"properties":{"key":"63054-6c5dbf75","layer":"power","name":"CalCity Solar 1","state":"CA","detail_file":"data/details/power-plants-07.json","plant_id":"63054","capacity_mw":3.0,"status_group":"Operating","energy_sources":"SUN","type":"Power plant","is_nuclear":false}},{"type":"Feature","geometry":{"type":"Point","coordinates":[-117.117,33.122]},"properties":{"key":"55513-738dfcf1","layer":"power","name":"CalPeak Power Enterprise Peaker Plant","state":"CA","detail_file":"data/details/power-plants-12.json","plant_id":"55513","capacity_mw":58.9,"status_group":"Operating","energy_sources":"NG","type":"Power plant","is_nuclear":false}},{"type":"Feature","geometry":{"type":"Point","coordinates":[-118.34,35.036]},"properties":{"key":"68844-7fd756dd","layer":"power","name":"CalPortland Company Mojave Wind","state":"CA","detail_file":"data/details/power-plants-23.json","plant_id":"68844","capacity_mw":23.5,"status_group":"Operating","energy_sources":"WND","type":"Power plant","is_nuclear":false}},{"type":"Feature","geometry":{"type":"Point","coordinates":[-118.121,34.139]},"properties":{"key":"65193-236cc453","layer":"power","name":"CalTech - Pasadena (PPA)","state":"CA","detail_file":"data/details/power-plants-53.json","plant_id":"65193","capacity_mw":1.0,"status_group":"Operating","energy_sources":"NG","type":"Power plant","is_nuclear":false}},{"type":"Feature","geometry":{"type":"Point","coordinates":[-118.128,34.138]},"properties":{"key":"65361-7dab0317","layer":"power","name":"CalTech - Pasadena Wilson Ave","state":"CA","detail_file":"data/details/power-plants-24.json","plant_id":"65361","capacity_mw":2.2,"status_group":"Operating","energy_sources":"NG","type":"Power plant","is_nuclear":false}},{"type":"Feature","geometry":{"type":"Point","coordinates":[-118.724,34.151]},"properties":{"key":"57163-b9f05639","layer":"power","name":"Calabasas Gas to Energy Facility","state":"CA","detail_file":"data/details/power-plants-04.json","plant_id":"57163","capacity_mw":9.2,"status_group":"Operating","energy_sources":"LFG","type":"Power plant","is_nuclear":false}},{"type":"Feature","geometry":{"type":"Point","coordinates":[-118.232,33.956]},"properties":{"key":"66617-f1e7f826","layer":"power","name":"Cald BESS","state":"CA","detail_file":"data/details/power-plants-59.json","plant_id":"66617","capacity_mw":100.0,"status_group":"Operating","energy_sources":"MWH","type":"Power plant","is_nuclear":false}},{"type":"Feature","geometry":{"type":"Point","coordinates":[-119.093,35.442]},"properties":{"key":"65564-41fd0599","layer":"power","name":"Calibrant Bakersfield LLC","state":"CA","detail_file":"data/details/power-plants-45.json","plant_id":"65564","capacity_mw":1.3,"status_group":"Operating","energy_sources":"SUN","type":"Power plant","is_nuclear":false}},{"type":"Feature","geometry":{"type":"Point","coordinates":[-117.981,35.157]},"properties":{"key":"63516-1f46edc3","layer":"power","name":"California City","state":"CA","detail_file":"data/details/power-plants-28.json","plant_id":"63516","capacity_mw":1.9,"status_group":"Operating","energy_sources":"SUN","type":"Power plant","is_nuclear":false}},{"type":"Feature","geometry":{"type":"Point","coordinates":[-118.126,34.138]},"properties":{"key":"10262-c0216264","layer":"power","name":"California Institute of Technology","state":"CA","detail_file":"data/details/power-plants-24.json","plant_id":"10262","capacity_mw":13.0,"status_group":"Operating","energy_sources":"NG","type":"Power plant","is_nuclear":false}},{"type":"Feature","geometry":{"type":"Point","coordinates":[-119.043,34.162]},"properties":{"key":"64403-70e369a3","layer":"power","name":"California State Univ at Channel Islands","state":"CA","detail_file":"data/details/power-plants-38.json","plant_id":"64403","capacity_mw":3.7,"status_group":"Operating","energy_sources":"SUN","type":"Power plant","is_nuclear":false}},{"type":"Feature","geometry":{"type":"Point","coordinates":[-119.917,35.324]},"properties":{"key":"57439-9b496999","layer":"power","name":"California Valley Solar Ranch","state":"CA","detail_file":"data/details/power-plants-18.json","plant_id":"57439","capacity_mw":249.8,"status_group":"Operating","energy_sources":"SUN","type":"Power plant","is_nuclear":false}},{"type":"Feature","geometry":{"type":"Point","coordinates":[-118.127,34.136]},"properties":{"key":"57460-ad9497d1","layer":"power","name":"Caltech Central","state":"CA","detail_file":"data/details/power-plants-14.json","plant_id":"57460","capacity_mw":1.1,"status_group":"Operating","energy_sources":"NG","type":"Power plant","is_nuclear":false}},{"type":"Feature","geometry":{"type":"Point","coordinates":[-117.681,33.99]},"properties":{"key":"50850-f9ac3708","layer":"power","name":"CamChino Leasing LLC","state":"CA","detail_file":"data/details/power-plants-44.json","plant_id":"50850","capacity_mw":30.8,"status_group":"Operating","energy_sources":"NG","type":"Power plant","is_nuclear":false}},{"type":"Feature","geometry":{"type":"Point","coordinates":[-118.316,35.075]},"properties":{"key":"10586-39f749bd","layer":"power","name":"Cameron Ridge LLC","state":"CA","detail_file":"data/details/power-plants-40.json","plant_id":"10586","capacity_mw":59.6,"status_group":"Operating","energy_sources":"WND","type":"Power plant","is_nuclear":false}},{"type":"Feature","geometry":{"type":"Point","coordinates":[-118.443,34.93]},"properties":{"key":"63508-d026da39","layer":"power","name":"Camino Solar Hybrid","state":"CA","detail_file":"data/details/power-plants-03.json","plant_id":"63508","capacity_mw":44.0,"status_group":"Operating","energy_sources":"SUN","type":"Power plant","is_nuclear":false}},{"type":"Feature","geometry":{"type":"Point","coordinates":[-117.192,32.959]},"properties":{"key":"60568-ce6465fe","layer":"power","name":"Canyon Crest Academy","state":"CA","detail_file":"data/details/power-plants-41.json","plant_id":"60568","capacity_mw":1.0,"status_group":"Operating","energy_sources":"MWH","type":"Power plant","is_nuclear":false}},{"type":"Feature","geometry":{"type":"Point","coordinates":[-117.862,33.858]},"properties":{"key":"57027-00e1289a","layer":"power","name":"Canyon Power Plant","state":"CA","detail_file":"data/details/power-plants-22.json","plant_id":"57027","capacity_mw":200.0,"status_group":"Operating","energy_sources":"NG","type":"Power plant","is_nuclear":false}},{"type":"Feature","geometry":{"type":"Point","coordinates":[-117.334,33.141]},"properties":{"key":"59002-8f96f87b","layer":"power","name":"Carlsbad Energy Center","state":"CA","detail_file":"data/details/power-plants-61.json","plant_id":"59002","capacity_mw":659.0,"status_group":"Operating","energy_sources":"NG","type":"Power plant","is_nuclear":false}},{"type":"Feature","geometry":{"type":"Point","coordinates":[-116.494,33.808]},"properties":{"key":"65733-18798228","layer":"power","name":"Carris Storage I","state":"CA","detail_file":"data/details/power-plants-62.json","plant_id":"65733","capacity_mw":10.0,"status_group":"Operating","energy_sources":"MWH","type":"Power plant","is_nuclear":false}},{"type":"Feature","geometry":{"type":"Point","coordinates":[-118.249,33.876]},"properties":{"key":"10169-49a212bf","layer":"power","name":"Carson Cogeneration","state":"CA","detail_file":"data/details/power-plants-37.json","plant_id":"10169","capacity_mw":55.8,"status_group":"Operating","energy_sources":"NG","type":"Power plant","is_nuclear":false}},{"type":"Feature","geometry":{"type":"Point","coordinates":[-116.234,34.157]},"properties":{"key":"58590-f0f29c2d","layer":"power","name":"Cascade Solar","state":"CA","detail_file":"data/details/power-plants-51.json","plant_id":"58590","capacity_mw":18.5,"status_group":"Operating","energy_sources":"SUN","type":"Power plant","is_nuclear":false}},{"type":"Feature","geometry":{"type":"Point","coordinates":[-119.394,35.973]},"properties":{"key":"67073-a7ef26e0","layer":"power","name":"Case Vander Eyk, Jr Dairy Solar","state":"CA","detail_file":"data/details/power-plants-47.json","plant_id":"67073","capacity_mw":1.2,"status_group":"Operating","energy_sources":"SUN","type":"Power plant","is_nuclear":false}},{"type":"Feature","geometry":{"type":"Point","coordinates":[-118.657,34.587]},"properties":{"key":"392-f824a8d2","layer":"power","name":"Castaic","state":"CA","detail_file":"data/details/power-plants-45.json","plant_id":"392","capacity_mw":1682.0,"status_group":"Operating","energy_sources":"WAT","type":"Power plant","is_nuclear":false}},{"type":"Feature","geometry":{"type":"Point","coordinates":[-119.111,35.801]},"properties":{"key":"57870-ac8a67d6","layer":"power","name":"Castle Rock Vineyards","state":"CA","detail_file":"data/details/power-plants-01.json","plant_id":"57870","capacity_mw":1.0,"status_group":"Operating","energy_sources":"SUN","type":"Power plant","is_nuclear":false}},{"type":"Feature","geometry":{"type":"Point","coordinates":[-119.387,35.211]},"properties":{"key":"60277-08a955c9","layer":"power","name":"Castor Solar","state":"CA","detail_file":"data/details/power-plants-01.json","plant_id":"60277","capacity_mw":1.5,"status_group":"Operating","energy_sources":"SUN","type":"Power plant","is_nuclear":false}},{"type":"Feature","geometry":{"type":"Point","coordinates":[-118.278,33.75]},"properties":{"key":"64836-f4898918","layer":"power","name":"Catalina Express","state":"CA","detail_file":"data/details/power-plants-15.json","plant_id":"64836","capacity_mw":1.0,"status_group":"Operating","energy_sources":"SUN","type":"Power plant","is_nuclear":false}},{"type":"Feature","geometry":{"type":"Point","coordinates":[-118.353,34.812]},"properties":{"key":"59334-a747538b","layer":"power","name":"Catalina Solar 2, LLC","state":"CA","detail_file":"data/details/power-plants-42.json","plant_id":"59334","capacity_mw":18.0,"status_group":"Operating","energy_sources":"SUN","type":"Power plant","is_nuclear":false}},{"type":"Feature","geometry":{"type":"Point","coordinates":[-118.335,34.938]},"properties":{"key":"57708-ce288175","layer":"power","name":"Catalina Solar LLC","state":"CA","detail_file":"data/details/power-plants-08.json","plant_id":"57708","capacity_mw":110.0,"status_group":"Operating","energy_sources":"SUN","type":"Power plant","is_nuclear":false}},{"type":"Feature","geometry":{"type":"Point","coordinates":[-118.2,33.776]},"properties":{"key":"65457-db5039e0","layer":"power","name":"Cathode (Hinson) BESS","state":"CA","detail_file":"data/details/power-plants-02.json","plant_id":"65457","capacity_mw":200.0,"status_group":"Operating","energy_sources":"MWH","type":"Power plant","is_nuclear":false}},{"type":"Feature","geometry":{"type":"Point","coordinates":[-119.181,35.049]},"properties":{"key":"67000-f780eacd","layer":"power","name":"Cawelo Water District Solar","state":"CA","detail_file":"data/details/power-plants-47.json","plant_id":"67000","capacity_mw":2.5,"status_group":"Operating","energy_sources":"SUN","type":"Power plant","is_nuclear":false}},{"type":"Feature","geometry":{"type":"Point","coordinates":[-118.105,33.93]},"properties":{"key":"56475-9f42c52e","layer":"power","name":"Center Hybrid","state":"CA","detail_file":"data/details/power-plants-14.json","plant_id":"56475","capacity_mw":59.8,"status_group":"Operating","energy_sources":"MWH; NG","type":"Power plant","is_nuclear":false}},{"type":"Feature","geometry":{"type":"Point","coordinates":[-118.301,34.706]},"properties":{"key":"60281-73747342","layer":"power","name":"Central Antelope Dry Ranch B LLC","state":"CA","detail_file":"data/details/power-plants-10.json","plant_id":"60281","capacity_mw":3.0,"status_group":"Operating","energy_sources":"SUN","type":"Power plant","is_nuclear":false}},{"type":"Feature","geometry":{"type":"Point","coordinates":[-118.3,34.72]},"properties":{"key":"59963-cd2136d5","layer":"power","name":"Central Antelope Dry Ranch C","state":"CA","detail_file":"data/details/power-plants-26.json","plant_id":"59963","capacity_mw":20.0,"status_group":"Operating","energy_sources":"SUN","type":"Power plant","is_nuclear":false}},{"type":"Feature","geometry":{"type":"Point","coordinates":[-118.404,33.944]},"properties":{"key":"58258-19c98c3a","layer":"power","name":"Central Utilities Plant LAX 2","state":"CA","detail_file":"data/details/power-plants-45.json","plant_id":"58258","capacity_mw":9.2,"status_group":"Operating","energy_sources":"NG","type":"Power plant","is_nuclear":false}},{"type":"Feature","geometry":{"type":"Point","coordinates":[-117.353,34.061]},"properties":{"key":"55934-98e67ec9","layer":"power","name":"Century Generating Facility","state":"CA","detail_file":"data/details/power-plants-30.json","plant_id":"55934","capacity_mw":44.8,"status_group":"Operating","energy_sources":"NG","type":"Power plant","is_nuclear":false}},{"type":"Feature","geometry":{"type":"Point","coordinates":[-117.57,34.148]},"properties":{"key":"62150-332b913a","layer":"power","name":"Chaffey College Rancho Cucamonga Campus","state":"CA","detail_file":"data/details/power-plants-29.json","plant_id":"62150","capacity_mw":4.0,"status_group":"Operating","energy_sources":"SUN","type":"Power plant","is_nuclear":false}},{"type":"Feature","geometry":{"type":"Point","coordinates":[-119.911,35.78]},"properties":{"key":"68672-678359c7","layer":"power","name":"Chalan","state":"CA","detail_file":"data/details/power-plants-36.json","plant_id":"68672","capacity_mw":89.9,"status_group":"Under construction","energy_sources":"MWH; SUN","type":"Power plant","is_nuclear":false}},{"type":"Feature","geometry":{"type":"Point","coordinates":[-119.43,35.097]},"properties":{"key":"50003-64c8040b","layer":"power","name":"Chalk Cliff Limited","state":"CA","detail_file":"data/details/power-plants-60.json","plant_id":"50003","capacity_mw":46.0,"status_group":"Operating","energy_sources":"NG","type":"Power plant","is_nuclear":false}},{"type":"Feature","geometry":{"type":"Point","coordinates":[-117.554,33.993]},"properties":{"key":"65255-16e63420","layer":"power","name":"Chambers 4 - Eastvale DCA2","state":"CA","detail_file":"data/details/power-plants-03.json","plant_id":"65255","capacity_mw":1.5,"status_group":"Operating","energy_sources":"SUN","type":"Power plant","is_nuclear":false}},{"type":"Feature","geometry":{"type":"Point","coordinates":[-117.553,33.998]},"properties":{"key":"65238-5bf01476","layer":"power","name":"Chambers 4 - Eastvale LGB3","state":"CA","detail_file":"data/details/power-plants-44.json","plant_id":"65238","capacity_mw":2.4,"status_group":"Operating","energy_sources":"SUN","type":"Power plant","is_nuclear":false}},{"type":"Feature","geometry":{"type":"Point","coordinates":[-117.201,34.08]},"properties":{"key":"65251-43d3f10e","layer":"power","name":"Chambers 4 - Redland LGB4","state":"CA","detail_file":"data/details/power-plants-59.json","plant_id":"65251","capacity_mw":1.9,"status_group":"Operating","energy_sources":"SUN","type":"Power plant","is_nuclear":false}},{"type":"Feature","geometry":{"type":"Point","coordinates":[-117.406,34.129]},"properties":{"key":"65253-98325054","layer":"power","name":"Chambers 4 - Rialto LGB8","state":"CA","detail_file":"data/details/power-plants-27.json","plant_id":"65253","capacity_mw":2.2,"status_group":"Operating","energy_sources":"SUN","type":"Power plant","is_nuclear":false}},{"type":"Feature","geometry":{"type":"Point","coordinates":[-117.3,33.881]},"properties":{"key":"65252-1b2b6405","layer":"power","name":"Chambers 4 - Riverside LGB6","state":"CA","detail_file":"data/details/power-plants-10.json","plant_id":"65252","capacity_mw":2.4,"status_group":"Operating","energy_sources":"SUN","type":"Power plant","is_nuclear":false}},{"type":"Feature","geometry":{"type":"Point","coordinates":[-117.273,34.078]},"properties":{"key":"65256-9b40539e","layer":"power","name":"Chambers 4 - San Bernardino SNA7","state":"CA","detail_file":"data/details/power-plants-14.json","plant_id":"65256","capacity_mw":2.0,"status_group":"Operating","energy_sources":"SUN","type":"Power plant","is_nuclear":false}},{"type":"Feature","geometry":{"type":"Point","coordinates":[-118.32,34.871]},"properties":{"key":"64864-b411d351","layer":"power","name":"Chaparral Springs","state":"CA","detail_file":"data/details/power-plants-16.json","plant_id":"64864","capacity_mw":262.0,"status_group":"Operating","energy_sources":"MWH; SUN","type":"Power plant","is_nuclear":false}},{"type":"Feature","geometry":{"type":"Point","coordinates":[-118.603,34.242]},"properties":{"key":"68791-4744489d","layer":"power","name":"Chatsworth Industrial Center 1-SLLAX601","state":"CA","detail_file":"data/details/power-plants-39.json","plant_id":"68791","capacity_mw":1.1,"status_group":"Operating","energy_sources":"SUN","type":"Power plant","is_nuclear":false}},{"type":"Feature","geometry":{"type":"Point","coordinates":[-119.69,35.62]},"properties":{"key":"63545-7b33e235","layer":"power","name":"Chevron - Lost Hills Hybrid","state":"CA","detail_file":"data/details/power-plants-29.json","plant_id":"63545","capacity_mw":30.0,"status_group":"Operating","energy_sources":"SUN","type":"Power plant","is_nuclear":false}},{"type":"Feature","geometry":{"type":"Point","coordinates":[-117.152,32.799]},"properties":{"key":"10175-95eeca9f","layer":"power","name":"Childrens Hospital","state":"CA","detail_file":"data/details/power-plants-09.json","plant_id":"10175","capacity_mw":11.3,"status_group":"Operating","energy_sources":"DFO; NG","type":"Power plant","is_nuclear":false}},{"type":"Feature","geometry":{"type":"Point","coordinates":[-117.254,33.585]},"properties":{"key":"65655-5d417a58","layer":"power","name":"Chiquito Grid, LLC","state":"CA","detail_file":"data/details/power-plants-42.json","plant_id":"65655","capacity_mw":80.0,"status_group":"Planned","energy_sources":"MWH","type":"Power plant","is_nuclear":false}},{"type":"Feature","geometry":{"type":"Point","coordinates":[-117.059,32.592]},"properties":{"key":"55540-60646b69","layer":"power","name":"Chula Vista Energy Center","state":"CA","detail_file":"data/details/power-plants-03.json","plant_id":"55540","capacity_mw":37.2,"status_group":"Operating","energy_sources":"NG","type":"Power plant","is_nuclear":false}},{"type":"Feature","geometry":{"type":"Point","coordinates":[-117.059,32.595]},"properties":{"key":"67878-1d3df25d","layer":"power","name":"Chula Vista Energy Center 2","state":"CA","detail_file":"data/details/power-plants-50.json","plant_id":"67878","capacity_mw":50.0,"status_group":"Under construction","energy_sources":"MWH","type":"Power plant","is_nuclear":false}},{"type":"Feature","geometry":{"type":"Point","coordinates":[-118.141,33.815]},"properties":{"key":"67994-cbc5bda9","layer":"power","name":"City of Long Beach Airport Lot A & B","state":"CA","detail_file":"data/details/power-plants-08.json","plant_id":"67994","capacity_mw":1.8,"status_group":"Operating","energy_sources":"SUN","type":"Power plant","is_nuclear":false}},{"type":"Feature","geometry":{"type":"Point","coordinates":[-118.147,34.836]},"properties":{"key":"66667-17f46ee0","layer":"power","name":"City of Rosamond (CA)","state":"CA","detail_file":"data/details/power-plants-56.json","plant_id":"66667","capacity_mw":1.0,"status_group":"Operating","energy_sources":"SUN","type":"Power plant","is_nuclear":false}},{"type":"Feature","geometry":{"type":"Point","coordinates":[-117.183,32.826]},"properties":{"key":"66266-59ee7fdc","layer":"power","name":"Clairemont Energy Storage","state":"CA","detail_file":"data/details/power-plants-49.json","plant_id":"66266","capacity_mw":10.0,"status_group":"Operating","energy_sources":"MWH","type":"Power plant","is_nuclear":false}},{"type":"Feature","geometry":{"type":"Point","coordinates":[-117.609,33.891]},"properties":{"key":"56356-0924fc68","layer":"power","name":"Clearwater Power Plant","state":"CA","detail_file":"data/details/power-plants-12.json","plant_id":"56356","capacity_mw":49.0,"status_group":"Operating","energy_sources":"NG","type":"Power plant","is_nuclear":false}},{"type":"Feature","geometry":{"type":"Point","coordinates":[-116.171,33.676]},"properties":{"key":"6060-064a90b1","layer":"power","name":"Coachella","state":"CA","detail_file":"data/details/power-plants-61.json","plant_id":"6060","capacity_mw":92.4,"status_group":"Operating","energy_sources":"NG","type":"Power plant","is_nuclear":false}},{"type":"Feature","geometry":{"type":"Point","coordinates":[-116.58,33.908]},"properties":{"key":"64323-5b6c17c7","layer":"power","name":"Coachella Hills Wind","state":"CA","detail_file":"data/details/power-plants-05.json","plant_id":"64323","capacity_mw":61.2,"status_group":"Operating","energy_sources":"WND","type":"Power plant","is_nuclear":false}},{"type":"Feature","geometry":{"type":"Point","coordinates":[-118.252,33.793]},"properties":{"key":"59798-2f48ecfb","layer":"power","name":"Colon PV","state":"CA","detail_file":"data/details/power-plants-31.json","plant_id":"59798","capacity_mw":1.3,"status_group":"Operating","energy_sources":"SUN","type":"Power plant","is_nuclear":false}},{"type":"Feature","geometry":{"type":"Point","coordinates":[-117.319,34.093]},"properties":{"key":"59597-aca3ac31","layer":"power","name":"Colton Solar One, LLC","state":"CA","detail_file":"data/details/power-plants-01.json","plant_id":"59597","capacity_mw":2.5,"status_group":"Operating","energy_sources":"SUN","type":"Power plant","is_nuclear":false}},{"type":"Feature","geometry":{"type":"Point","coordinates":[-117.362,34.042]},"properties":{"key":"59598-6271fb26","layer":"power","name":"Colton Solar Two, LLC","state":"CA","detail_file":"data/details/power-plants-55.json","plant_id":"59598","capacity_mw":1.0,"status_group":"Operating","energy_sources":"SUN","type":"Power plant","is_nuclear":false}},{"type":"Feature","geometry":{"type":"Point","coordinates":[-118.361,34.138]},"properties":{"key":"65211-863f684c","layer":"power","name":"Comcast - Universal City","state":"CA","detail_file":"data/details/power-plants-26.json","plant_id":"65211","capacity_mw":1.0,"status_group":"Operating","energy_sources":"NG","type":"Power plant","is_nuclear":false}},{"type":"Feature","geometry":{"type":"Point","coordinates":[-118.158,33.98]},"properties":{"key":"68238-a5747222","layer":"power","name":"Commerce Distribution Center 4-SLLAX113","state":"CA","detail_file":"data/details/power-plants-60.json","plant_id":"68238","capacity_mw":1.2,"status_group":"Under construction","energy_sources":"SUN","type":"Power plant","is_nuclear":false}},{"type":"Feature","geometry":{"type":"Point","coordinates":[-119.862,35.934]},"properties":{"key":"68589-3ea76761","layer":"power","name":"Community Solar Utica 1, LLC","state":"CA","detail_file":"data/details/power-plants-24.json","plant_id":"68589","capacity_mw":3.0,"status_group":"Operating","energy_sources":"SUN","type":"Power plant","is_nuclear":false}},{"type":"Feature","geometry":{"type":"Point","coordinates":[-117.332,34.02]},"properties":{"key":"66285-3d756007","layer":"power","name":"Condor Energy Storage LLC","state":"CA","detail_file":"data/details/power-plants-55.json","plant_id":"66285","capacity_mw":200.0,"status_group":"Operating","energy_sources":"MWH","type":"Power plant","is_nuclear":false}},{"type":"Feature","geometry":{"type":"Point","coordinates":[-118.342,35.075]},"properties":{"key":"54299-309d6d21","layer":"power","name":"Coram Energy LLC","state":"CA","detail_file":"data/details/power-plants-34.json","plant_id":"54299","capacity_mw":3.0,"status_group":"Operating","energy_sources":"WND","type":"Power plant","is_nuclear":false}},{"type":"Feature","geometry":{"type":"Point","coordinates":[-118.308,35.058]},"properties":{"key":"54300-25abc8d0","layer":"power","name":"Coram Energy LLC (4.5MW)","state":"CA","detail_file":"data/details/power-plants-60.json","plant_id":"54300","capacity_mw":4.6,"status_group":"Operating","energy_sources":"WND","type":"Power plant","is_nuclear":false}},{"type":"Feature","geometry":{"type":"Point","coordinates":[-118.342,35.058]},"properties":{"key":"54298-3409dba1","layer":"power","name":"Coram Energy LLC (ECT)","state":"CA","detail_file":"data/details/power-plants-16.json","plant_id":"54298","capacity_mw":7.5,"status_group":"Operating","energy_sources":"WND","type":"Power plant","is_nuclear":false}},{"type":"Feature","geometry":{"type":"Point","coordinates":[-118.339,35.066]},"properties":{"key":"54750-39d6aded","layer":"power","name":"Coram Tehachapi","state":"CA","detail_file":"data/details/power-plants-08.json","plant_id":"54750","capacity_mw":6.5,"status_group":"Operating","energy_sources":"WND","type":"Power plant","is_nuclear":false}},{"type":"Feature","geometry":{"type":"Point","coordinates":[-117.611,33.859]},"properties":{"key":"480-409fe065","layer":"power","name":"Corona","state":"CA","detail_file":"data/details/power-plants-39.json","plant_id":"480","capacity_mw":2.9,"status_group":"Operating","energy_sources":"WAT","type":"Power plant","is_nuclear":false}},{"type":"Feature","geometry":{"type":"Point","coordinates":[-119.906,35.727]},"properties":{"key":"59638-1485f1cf","layer":"power","name":"Coronal Lost Hills","state":"CA","detail_file":"data/details/power-plants-16.json","plant_id":"59638","capacity_mw":20.0,"status_group":"Operating","energy_sources":"SUN","type":"Power plant","is_nuclear":false}},{"type":"Feature","geometry":{"type":"Point","coordinates":[-117.464,34.548]},"properties":{"key":"59536-e4880486","layer":"power","name":"Coronus Adelanto West 1","state":"CA","detail_file":"data/details/power-plants-40.json","plant_id":"59536","capacity_mw":1.5,"status_group":"Operating","energy_sources":"SUN","type":"Power plant","is_nuclear":false}},{"type":"Feature","geometry":{"type":"Point","coordinates":[-117.464,34.548]},"properties":{"key":"59537-4db15d4c","layer":"power","name":"Coronus Adelanto West 2","state":"CA","detail_file":"data/details/power-plants-16.json","plant_id":"59537","capacity_mw":1.5,"status_group":"Operating","energy_sources":"SUN","type":"Power plant","is_nuclear":false}},{"type":"Feature","geometry":{"type":"Point","coordinates":[-119.58,35.594]},"properties":{"key":"59086-e0a5a433","layer":"power","name":"Cottonwood Solar, LLC (Goose Lake)","state":"CA","detail_file":"data/details/power-plants-15.json","plant_id":"59086","capacity_mw":12.0,"status_group":"Operating","energy_sources":"SUN","type":"Power plant","is_nuclear":false}},{"type":"Feature","geometry":{"type":"Point","coordinates":[-117.131,32.834]},"properties":{"key":"64601-de21086c","layer":"power","name":"County of San Diego COC Hybrid","state":"CA","detail_file":"data/details/power-plants-09.json","plant_id":"64601","capacity_mw":2.1,"status_group":"Operating","energy_sources":"MWH; SUN","type":"Power plant","is_nuclear":false}},{"type":"Feature","geometry":{"type":"Point","coordinates":[-117.078,32.633]},"properties":{"key":"62242-3b31c1fa","layer":"power","name":"County of San Diego SBRC","state":"CA","detail_file":"data/details/power-plants-22.json","plant_id":"62242","capacity_mw":1.3,"status_group":"Operating","energy_sources":"SUN","type":"Power plant","is_nuclear":false}},{"type":"Feature","geometry":{"type":"Point","coordinates":[-119.234,35.714]},"properties":{"key":"10840-ebaa3f92","layer":"power","name":"Covanta Delano Energy","state":"CA","detail_file":"data/details/power-plants-32.json","plant_id":"10840","capacity_mw":57.0,"status_group":"Operating","energy_sources":"WDS","type":"Power plant","is_nuclear":false}},{"type":"Feature","geometry":{"type":"Point","coordinates":[-117.955,33.925]},"properties":{"key":"483-a594289f","layer":"power","name":"Coyote Creek","state":"CA","detail_file":"data/details/power-plants-52.json","plant_id":"483","capacity_mw":3.1,"status_group":"Operating","energy_sources":"WAT","type":"Power plant","is_nuclear":false}},{"type":"Feature","geometry":{"type":"Point","coordinates":[-119.596,34.901]},"properties":{"key":"60043-044f0666","layer":"power","name":"Cuyama Solar, LLC","state":"CA","detail_file":"data/details/power-plants-08.json","plant_id":"60043","capacity_mw":40.0,"status_group":"Operating","energy_sources":"SUN","type":"Power plant","is_nuclear":false}},{"type":"Feature","geometry":{"type":"Point","coordinates":[-116.972,32.796]},"properties":{"key":"55512-277093c1","layer":"power","name":"Cuyamaca Peak Energy Plant","state":"CA","detail_file":"data/details/power-plants-63.json","plant_id":"55512","capacity_mw":48.7,"status_group":"Operating","energy_sources":"NG","type":"Power plant","is_nuclear":false}},{"type":"Feature","geometry":{"type":"Point","coordinates":[-119.659,35.364]},"properties":{"key":"52081-b1fab2ae","layer":"power","name":"Cymric 31X Cogen","state":"CA","detail_file":"data/details/power-plants-24.json","plant_id":"52081","capacity_mw":6.8,"status_group":"Operating","energy_sources":"NG","type":"Power plant","is_nuclear":false}},{"type":"Feature","geometry":{"type":"Point","coordinates":[-119.676,35.363]},"properties":{"key":"52104-c9a12c99","layer":"power","name":"Cymric 36W Cogen","state":"CA","detail_file":"data/details/power-plants-31.json","plant_id":"52104","capacity_mw":12.4,"status_group":"Operating","energy_sources":"NG","type":"Power plant","is_nuclear":false}},{"type":"Feature","geometry":{"type":"Point","coordinates":[-119.643,35.346]},"properties":{"key":"52082-1ef1b470","layer":"power","name":"Cymric 6Z Cogen","state":"CA","detail_file":"data/details/power-plants-57.json","plant_id":"52082","capacity_mw":6.8,"status_group":"Operating","energy_sources":"NG","type":"Power plant","is_nuclear":false}},{"type":"Feature","geometry":{"type":"Point","coordinates":[-117.891,33.707]},"properties":{"key":"63612-81e36ad1","layer":"power","name":"DATS","state":"CA","detail_file":"data/details/power-plants-40.json","plant_id":"63612","capacity_mw":1.0,"status_group":"Operating","energy_sources":"MWH","type":"Power plant","is_nuclear":false}},{"type":"Feature","geometry":{"type":"Point","coordinates":[-117.915,33.736]},"properties":{"key":"62460-14b78c6f","layer":"power","name":"DESI-2 Battery Storage Facility","state":"CA","detail_file":"data/details/power-plants-00.json","plant_id":"62460","capacity_mw":1.4,"status_group":"Operating","energy_sources":"MWH","type":"Power plant","is_nuclear":false}},{"type":"Feature","geometry":{"type":"Point","coordinates":[-119.407,35.594]},"properties":{"key":"63418-ff7d29d7","layer":"power","name":"DGS Wasco State Prison","state":"CA","detail_file":"data/details/power-plants-18.json","plant_id":"63418","capacity_mw":2.3,"status_group":"Operating","energy_sources":"SUN","type":"Power plant","is_nuclear":false}},{"type":"Feature","geometry":{"type":"Point","coordinates":[-116.855,34.861]},"properties":{"key":"67931-9875bbf9","layer":"power","name":"Daggett 1","state":"CA","detail_file":"data/details/power-plants-17.json","plant_id":"67931","capacity_mw":113.5,"status_group":"Operating","energy_sources":"MWH","type":"Power plant","is_nuclear":false}},{"type":"Feature","geometry":{"type":"Point","coordinates":[-116.855,34.861]},"properties":{"key":"64851-191bd0d6","layer":"power","name":"Daggett 2","state":"CA","detail_file":"data/details/power-plants-04.json","plant_id":"64851","capacity_mw":313.0,"status_group":"Operating","energy_sources":"MWH; SUN","type":"Power plant","is_nuclear":false}},{"type":"Feature","geometry":{"type":"Point","coordinates":[-116.855,34.861]},"properties":{"key":"64852-5beb00d5","layer":"power","name":"Daggett 3","state":"CA","detail_file":"data/details/power-plants-13.json","plant_id":"64852","capacity_mw":449.0,"status_group":"Operating","energy_sources":"MWH; SUN","type":"Power plant","is_nuclear":false}},{"type":"Feature","geometry":{"type":"Point","coordinates":[-116.347,33.271]},"properties":{"key":"66599-7d0169c9","layer":"power","name":"Dark Sky Energy Center","state":"CA","detail_file":"data/details/power-plants-38.json","plant_id":"66599","capacity_mw":7.3,"status_group":"Operating","energy_sources":"MWH","type":"Power plant","is_nuclear":false}},{"type":"Feature","geometry":{"type":"Point","coordinates":[-118.242,34.013]},"properties":{"key":"63674-6be4b447","layer":"power","name":"Dedeaux","state":"CA","detail_file":"data/details/power-plants-16.json","plant_id":"63674","capacity_mw":0.9,"status_group":"Operating","energy_sources":"SUN","type":"Power plant","is_nuclear":false}},{"type":"Feature","geometry":{"type":"Point","coordinates":[-119.07,35.965]},"properties":{"key":"69121-0f20def6","layer":"power","name":"Deer Creek Hybrid","state":"CA","detail_file":"data/details/power-plants-32.json","plant_id":"69121","capacity_mw":102.8,"status_group":"Under construction","energy_sources":"MWH; SUN","type":"Power plant","is_nuclear":false}},{"type":"Feature","geometry":{"type":"Point","coordinates":[-119.294,35.791]},"properties":{"key":"58122-a8f1bd55","layer":"power","name":"Delano Energy Center","state":"CA","detail_file":"data/details/power-plants-22.json","plant_id":"58122","capacity_mw":60.5,"status_group":"Operating","energy_sources":"NG","type":"Power plant","is_nuclear":false}},{"type":"Feature","geometry":{"type":"Point","coordinates":[-119.344,35.761]},"properties":{"key":"61116-951e8a19","layer":"power","name":"Delano Land 1","state":"CA","detail_file":"data/details/power-plants-30.json","plant_id":"61116","capacity_mw":1.0,"status_group":"Operating","energy_sources":"SUN","type":"Power plant","is_nuclear":false}},{"type":"Feature","geometry":{"type":"Point","coordinates":[-117.347,35.038]},"properties":{"key":"68045-fe202a5b","layer":"power","name":"Desert Breeze Solar, LLC","state":"CA","detail_file":"data/details/power-plants-57.json","plant_id":"68045","capacity_mw":125.0,"status_group":"Operating","energy_sources":"SUN","type":"Power plant","is_nuclear":false}},{"type":"Feature","geometry":{"type":"Point","coordinates":[-116.348,33.271]},"properties":{"key":"57959-bf333793","layer":"power","name":"Desert Green Solar Farm LLC","state":"CA","detail_file":"data/details/power-plants-52.json","plant_id":"57959","capacity_mw":6.3,"status_group":"Operating","energy_sources":"SUN","type":"Power plant","is_nuclear":false}},{"type":"Feature","geometry":{"type":"Point","coordinates":[-116.53,33.923]},"properties":{"key":"58514-2aea1f07","layer":"power","name":"Desert Hot Springs Solar","state":"CA","detail_file":"data/details/power-plants-23.json","plant_id":"58514","capacity_mw":2.3,"status_group":"Operating","energy_sources":"SUN","type":"Power plant","is_nuclear":false}},{"type":"Feature","geometry":{"type":"Point","coordinates":[-116.572,33.931]},"properties":{"key":"65987-dc7106bc","layer":"power","name":"Desert Peak Energy Storage I","state":"CA","detail_file":"data/details/power-plants-53.json","plant_id":"65987","capacity_mw":325.0,"status_group":"Operating","energy_sources":"MWH","type":"Power plant","is_nuclear":false}},{"type":"Feature","geometry":{"type":"Point","coordinates":[-116.572,33.931]},"properties":{"key":"65988-4b55513d","layer":"power","name":"Desert Peak Energy Storage II","state":"CA","detail_file":"data/details/power-plants-03.json","plant_id":"65988","capacity_mw":75.0,"status_group":"Operating","energy_sources":"MWH","type":"Power plant","is_nuclear":false}},{"type":"Feature","geometry":{"type":"Point","coordinates":[-117.334,34.206]},"properties":{"key":"436-6a141b2c","layer":"power","name":"Devil Canyon","state":"CA","detail_file":"data/details/power-plants-60.json","plant_id":"436","capacity_mw":276.2,"status_group":"Operating","energy_sources":"WAT","type":"Power plant","is_nuclear":false}},{"type":"Feature","geometry":{"type":"Point","coordinates":[-117.07,33.681]},"properties":{"key":"7942-8931dbcf","layer":"power","name":"Diamond Valley Lake","state":"CA","detail_file":"data/details/power-plants-01.json","plant_id":"7942","capacity_mw":29.7,"status_group":"Operating","energy_sources":"WAT","type":"Power plant","is_nuclear":false}},{"type":"Feature","geometry":{"type":"Point","coordinates":[-117.073,33.713]},"properties":{"key":"59405-10de198d","layer":"power","name":"Diamond Valley Solar Project","state":"CA","detail_file":"data/details/power-plants-45.json","plant_id":"59405","capacity_mw":1.3,"status_group":"Operating","energy_sources":"SUN","type":"Power plant","is_nuclear":false}},{"type":"Feature","geometry":{"type":"Point","coordinates":[-118.171,35.051]},"properties":{"key":"54686-faac4ff1","layer":"power","name":"Difwind Farms Ltd VI","state":"CA","detail_file":"data/details/power-plants-57.json","plant_id":"54686","capacity_mw":27.1,"status_group":"Operating","energy_sources":"WND","type":"Power plant","is_nuclear":false}},{"type":"Feature","geometry":{"type":"Point","coordinates":[-116.553,33.939]},"properties":{"key":"56791-4c68da33","layer":"power","name":"Dillon Wind LLC","state":"CA","detail_file":"data/details/power-plants-27.json","plant_id":"56791","capacity_mw":45.0,"status_group":"Operating","energy_sources":"WND","type":"Power plant","is_nuclear":false}},{"type":"Feature","geometry":{"type":"Point","coordinates":[-118.425,33.983]},"properties":{"key":"65200-011dba53","layer":"power","name":"DirecTV - Los Angeles","state":"CA","detail_file":"data/details/power-plants-07.json","plant_id":"65200","capacity_mw":1.0,"status_group":"Operating","energy_sources":"NG","type":"Power plant","is_nuclear":false}},{"type":"Feature","geometry":{"type":"Point","coordinates":[-118.434,34.083]},"properties":{"key":"62571-cd380807","layer":"power","name":"Disney Prospect","state":"CA","detail_file":"data/details/power-plants-60.json","plant_id":"62571","capacity_mw":1.0,"status_group":"Operating","energy_sources":"NG","type":"Power plant","is_nuclear":false}},{"type":"Feature","geometry":{"type":"Point","coordinates":[-118.131,34.708]},"properties":{"key":"59094-4150e3fc","layer":"power","name":"Division 1","state":"CA","detail_file":"data/details/power-plants-34.json","plant_id":"59094","capacity_mw":1.5,"status_group":"Operating","energy_sources":"SUN","type":"Power plant","is_nuclear":false}},{"type":"Feature","geometry":{"type":"Point","coordinates":[-118.131,34.708]},"properties":{"key":"59095-638aaf05","layer":"power","name":"Division 2","state":"CA","detail_file":"data/details/power-plants-31.json","plant_id":"59095","capacity_mw":1.0,"status_group":"Operating","energy_sources":"SUN","type":"Power plant","is_nuclear":false}},{"type":"Feature","geometry":{"type":"Point","coordinates":[-118.131,34.708]},"properties":{"key":"59096-7441f60e","layer":"power","name":"Division 3","state":"CA","detail_file":"data/details/power-plants-61.json","plant_id":"59096","capacity_mw":1.0,"status_group":"Operating","energy_sources":"SUN","type":"Power plant","is_nuclear":false}},{"type":"Feature","geometry":{"type":"Point","coordinates":[-119.583,35.221]},"properties":{"key":"54449-a45b385d","layer":"power","name":"Dome Project","state":"CA","detail_file":"data/details/power-plants-37.json","plant_id":"54449","capacity_mw":6.0,"status_group":"Operating","energy_sources":"NG","type":"Power plant","is_nuclear":false}},{"type":"Feature","geometry":{"type":"Point","coordinates":[-118.229,33.84]},"properties":{"key":"68790-c685b0be","layer":"power","name":"Dominguez - SLLAX512","state":"CA","detail_file":"data/details/power-plants-14.json","plant_id":"68790","capacity_mw":1.3,"status_group":"Under construction","energy_sources":"SUN","type":"Power plant","is_nuclear":false}},{"type":"Feature","geometry":{"type":"Point","coordinates":[-118.235,33.843]},"properties":{"key":"52064-118e8358","layer":"power","name":"Dominguez Plant","state":"CA","detail_file":"data/details/power-plants-55.json","plant_id":"52064","capacity_mw":5.0,"status_group":"Operating","energy_sources":"WH","type":"Power plant","is_nuclear":false}},{"type":"Feature","geometry":{"type":"Point","coordinates":[-119.046,35.501]},"properties":{"key":"50493-fcb1bb0c","layer":"power","name":"Double C Generation Limited Partnership","state":"CA","detail_file":"data/details/power-plants-13.json","plant_id":"50493","capacity_mw":49.8,"status_group":"Operating","energy_sources":"NG","type":"Power plant","is_nuclear":false}},{"type":"Feature","geometry":{"type":"Point","coordinates":[-118.129,33.919]},"properties":{"key":"63613-ab2518d4","layer":"power","name":"Downey","state":"CA","detail_file":"data/details/power-plants-51.json","plant_id":"63613","capacity_mw":2.0,"status_group":"Operating","energy_sources":"MWH","type":"Power plant","is_nuclear":false}},{"type":"Feature","geometry":{"type":"Point","coordinates":[-117.353,34.061]},"properties":{"key":"55935-286c26a4","layer":"power","name":"Drews Generating Facility","state":"CA","detail_file":"data/details/power-plants-33.json","plant_id":"55935","capacity_mw":44.8,"status_group":"Operating","energy_sources":"NG","type":"Power plant","is_nuclear":false}},{"type":"Feature","geometry":{"type":"Point","coordinates":[-117.518,34.03]},"properties":{"key":"60182-fab7d953","layer":"power","name":"Dulles","state":"CA","detail_file":"data/details/power-plants-43.json","plant_id":"60182","capacity_mw":2.0,"status_group":"Operating","energy_sources":"SUN","type":"Power plant","is_nuclear":false}},{"type":"Feature","geometry":{"type":"Point","coordinates":[-119.166,34.196]},"properties":{"key":"10776-1abdede8","layer":"power","name":"E F Oxnard Energy Facility","state":"CA","detail_file":"data/details/power-plants-19.json","plant_id":"10776","capacity_mw":48.5,"status_group":"Operating","energy_sources":"NG","type":"Power plant","is_nuclear":false}},{"type":"Feature","geometry":{"type":"Point","coordinates":[-119.06,35.535]},"properties":{"key":"60446-e0b493ec","layer":"power","name":"E&B Resources","state":"CA","detail_file":"data/details/power-plants-06.json","plant_id":"60446","capacity_mw":1.0,"status_group":"Operating","energy_sources":"SUN","type":"Power plant","is_nuclear":false}},{"type":"Feature","geometry":{"type":"Point","coordinates":[-117.907,34.932]},"properties":{"key":"59132-ca320b6c","layer":"power","name":"EAFB - North Base","state":"CA","detail_file":"data/details/power-plants-13.json","plant_id":"59132","capacity_mw":1.0,"status_group":"Operating","energy_sources":"SUN","type":"Power plant","is_nuclear":false}},{"type":"Feature","geometry":{"type":"Point","coordinates":[-117.9,34.917]},"properties":{"key":"59133-6704eea2","layer":"power","name":"EAFB - South Base","state":"CA","detail_file":"data/details/power-plants-30.json","plant_id":"59133","capacity_mw":1.0,"status_group":"Operating","energy_sources":"SUN","type":"Power plant","is_nuclear":false}},{"type":"Feature","geometry":{"type":"Point","coordinates":[-118.148,34.04]},"properties":{"key":"56814-28c3bbf2","layer":"power","name":"ELACC Photovoltaic Power Facility","state":"CA","detail_file":"data/details/power-plants-27.json","plant_id":"56814","capacity_mw":1.0,"status_group":"Operating","energy_sources":"SUN","type":"Power plant","is_nuclear":false}},{"type":"Feature","geometry":{"type":"Point","coordinates":[-117.214,33.868]},"properties":{"key":"64406-48319ffc","layer":"power","name":"EMWD - Moreno Valley RWRF","state":"CA","detail_file":"data/details/power-plants-17.json","plant_id":"64406","capacity_mw":2.4,"status_group":"Operating","energy_sources":"SUN","type":"Power plant","is_nuclear":false}},{"type":"Feature","geometry":{"type":"Point","coordinates":[-117.188,33.76]},"properties":{"key":"64396-32141397","layer":"power","name":"EMWD - Perris Valley RWRF","state":"CA","detail_file":"data/details/power-plants-00.json","plant_id":"64396","capacity_mw":3.4,"status_group":"Operating","energy_sources":"SUN","type":"Power plant","is_nuclear":false}},{"type":"Feature","geometry":{"type":"Point","coordinates":[-117.024,33.803]},"properties":{"key":"64399-c947cfd8","layer":"power","name":"EMWD - San Jacinto RES BCT","state":"CA","detail_file":"data/details/power-plants-08.json","plant_id":"64399","capacity_mw":4.2,"status_group":"Operating","energy_sources":"SUN","type":"Power plant","is_nuclear":false}},{"type":"Feature","geometry":{"type":"Point","coordinates":[-117.017,33.799]},"properties":{"key":"64397-cb15866b","layer":"power","name":"EMWD - San Jacinto RWRF NEM","state":"CA","detail_file":"data/details/power-plants-20.json","plant_id":"64397","capacity_mw":1.3,"status_group":"Operating","energy_sources":"SUN","type":"Power plant","is_nuclear":false}},{"type":"Feature","geometry":{"type":"Point","coordinates":[-117.219,33.696]},"properties":{"key":"64398-f0045cbe","layer":"power","name":"EMWD - Sun City RWRF","state":"CA","detail_file":"data/details/power-plants-35.json","plant_id":"64398","capacity_mw":1.6,"status_group":"Operating","energy_sources":"SUN","type":"Power plant","is_nuclear":false}},{"type":"Feature","geometry":{"type":"Point","coordinates":[-117.361,34.039]},"properties":{"key":"64270-2b6b774e","layer":"power","name":"ESCA-LL-COLTON, LLC","state":"CA","detail_file":"data/details/power-plants-37.json","plant_id":"64270","capacity_mw":2.6,"status_group":"Operating","energy_sources":"SUN","type":"Power plant","is_nuclear":false}},{"type":"Feature","geometry":{"type":"Point","coordinates":[-119.395,35.214]},"properties":{"key":"63078-e2590c50","layer":"power","name":"Eagle Creek","state":"CA","detail_file":"data/details/power-plants-37.json","plant_id":"63078","capacity_mw":3.0,"status_group":"Operating","energy_sources":"SUN","type":"Power plant","is_nuclear":false}},{"type":"Feature","geometry":{"type":"Point","coordinates":[-118.624,34.262]},"properties":{"key":"50375-f5c6281f","layer":"power","name":"East Portal Generator","state":"CA","detail_file":"data/details/power-plants-60.json","plant_id":"50375","capacity_mw":1.2,"status_group":"Operating","energy_sources":"WAT","type":"Power plant","is_nuclear":false}},{"type":"Feature","geometry":{"type":"Point","coordinates":[-116.541,33.891]},"properties":{"key":"50820-3507d099","layer":"power","name":"East Winds Project","state":"CA","detail_file":"data/details/power-plants-06.json","plant_id":"50820","capacity_mw":3.0,"status_group":"Operating","energy_sources":"WND","type":"Power plant","is_nuclear":false}},{"type":"Feature","geometry":{"type":"Point","coordinates":[-116.46,33.882]},"properties":{"key":"50553-1fa9a519","layer":"power","name":"Edom Hills Project 1 LLC","state":"CA","detail_file":"data/details/power-plants-05.json","plant_id":"50553","capacity_mw":20.0,"status_group":"Operating","energy_sources":"WND","type":"Power plant","is_nuclear":false}},{"type":"Feature","geometry":{"type":"Point","coordinates":[-117.921,34.908]},"properties":{"key":"58076-ae5ac7d3","layer":"power","name":"Edwards Air Force Base","state":"CA","detail_file":"data/details/power-plants-44.json","plant_id":"58076","capacity_mw":3.0,"status_group":"Operating","energy_sources":"SUN","type":"Power plant","is_nuclear":false}},{"type":"Feature","geometry":{"type":"Point","coordinates":[-118.153,35.026]},"properties":{"key":"68846-dd1916e1","layer":"power","name":"Edwards Sanborn 1C","state":"CA","detail_file":"data/details/power-plants-51.json","plant_id":"68846","capacity_mw":148.0,"status_group":"Operating","energy_sources":"SUN","type":"Power plant","is_nuclear":false}},{"type":"Feature","geometry":{"type":"Point","coordinates":[-118.124,34.962]},"properties":{"key":"64878-fa87563e","layer":"power","name":"Edwards Sanborn E1A","state":"CA","detail_file":"data/details/power-plants-60.json","plant_id":"64878","capacity_mw":293.3,"status_group":"Operating","energy_sources":"MWH; SUN","type":"Power plant","is_nuclear":false}},{"type":"Feature","geometry":{"type":"Point","coordinates":[-118.094,34.964]},"properties":{"key":"65674-20843ebd","layer":"power","name":"Edwards Sanborn E1B","state":"CA","detail_file":"data/details/power-plants-40.json","plant_id":"65674","capacity_mw":290.4,"status_group":"Operating","energy_sources":"MWH; SUN","type":"Power plant","is_nuclear":false}},{"type":"Feature","geometry":{"type":"Point","coordinates":[-118.129,34.942]},"properties":{"key":"64879-54e4ea54","layer":"power","name":"Edwards Sanborn E2","state":"CA","detail_file":"data/details/power-plants-39.json","plant_id":"64879","capacity_mw":257.8,"status_group":"Operating","energy_sources":"MWH; SUN","type":"Power plant","is_nuclear":false}},{"type":"Feature","geometry":{"type":"Point","coordinates":[-118.126,34.946]},"properties":{"key":"64877-c6a431f7","layer":"power","name":"Edwards Sanborn E3","state":"CA","detail_file":"data/details/power-plants-46.json","plant_id":"64877","capacity_mw":38.1,"status_group":"Operating","energy_sources":"MWH; SUN","type":"Power plant","is_nuclear":false}},{"type":"Feature","geometry":{"type":"Point","coordinates":[-118.088,34.944]},"properties":{"key":"65675-cecac3c7","layer":"power","name":"Edwards Sanborn E4","state":"CA","detail_file":"data/details/power-plants-15.json","plant_id":"65675","capacity_mw":248.9,"status_group":"Operating","energy_sources":"MWH; SUN","type":"Power plant","is_nuclear":false}},{"type":"Feature","geometry":{"type":"Point","coordinates":[-118.077,34.965]},"properties":{"key":"65676-f9d18862","layer":"power","name":"Edwards Sanborn E5","state":"CA","detail_file":"data/details/power-plants-17.json","plant_id":"65676","capacity_mw":115.0,"status_group":"Operating","energy_sources":"MWH; SUN","type":"Power plant","is_nuclear":false}},{"type":"Feature","geometry":{"type":"Point","coordinates":[-118.133,35.028]},"properties":{"key":"64929-40bd71cb","layer":"power","name":"Edwards Sanborn S1","state":"CA","detail_file":"data/details/power-plants-15.json","plant_id":"64929","capacity_mw":84.6,"status_group":"Operating","energy_sources":"MWH; SUN","type":"Power plant","is_nuclear":false}},{"type":"Feature","geometry":{"type":"Point","coordinates":[-118.123,35.016]},"properties":{"key":"64928-ff87a09b","layer":"power","name":"Edwards Sanborn S3","state":"CA","detail_file":"data/details/power-plants-13.json","plant_id":"64928","capacity_mw":70.7,"status_group":"Operating","energy_sources":"MWH; SUN","type":"Power plant","is_nuclear":false}},{"type":"Feature","geometry":{"type":"Point","coordinates":[-118.119,35.012]},"properties":{"key":"65677-b57d02d8","layer":"power","name":"Edwards Sanborn S4","state":"CA","detail_file":"data/details/power-plants-62.json","plant_id":"65677","capacity_mw":60.0,"status_group":"Operating","energy_sources":"MWH; SUN","type":"Power plant","is_nuclear":false}},{"type":"Feature","geometry":{"type":"Point","coordinates":[-116.972,32.796]},"properties":{"key":"57001-5ce6170c","layer":"power","name":"El Cajon Energy Center","state":"CA","detail_file":"data/details/power-plants-00.json","plant_id":"57001","capacity_mw":60.5,"status_group":"Operating","energy_sources":"NG","type":"Power plant","is_nuclear":false}},{"type":"Feature","geometry":{"type":"Point","coordinates":[-117.05,32.812]},"properties":{"key":"60569-36c00dc6","layer":"power","name":"El Cajon Energy Storage","state":"CA","detail_file":"data/details/power-plants-38.json","plant_id":"60569","capacity_mw":7.5,"status_group":"Operating","energy_sources":"MWH","type":"Power plant","is_nuclear":false}},{"type":"Feature","geometry":{"type":"Point","coordinates":[-118.403,33.906]},"properties":{"key":"10213-3adcf06e","layer":"power","name":"El Segundo Cogen","state":"CA","detail_file":"data/details/power-plants-22.json","plant_id":"10213","capacity_mw":180.1,"status_group":"Operating","energy_sources":"NG","type":"Power plant","is_nuclear":false}},{"type":"Feature","geometry":{"type":"Point","coordinates":[-118.425,33.911]},"properties":{"key":"57901-4aa205e2","layer":"power","name":"El Segundo Energy Center LLC","state":"CA","detail_file":"data/details/power-plants-27.json","plant_id":"57901","capacity_mw":537.4,"status_group":"Operating","energy_sources":"NG","type":"Power plant","is_nuclear":false}},{"type":"Feature","geometry":{"type":"Point","coordinates":[-117.977,35.224]},"properties":{"key":"61168-10382118","layer":"power","name":"Eland Solar & Storage Center, Phase 1 Hy","state":"CA","detail_file":"data/details/power-plants-60.json","plant_id":"61168","capacity_mw":459.6,"status_group":"Operating","energy_sources":"MWH; SUN","type":"Power plant","is_nuclear":false}},{"type":"Feature","geometry":{"type":"Point","coordinates":[-117.977,35.217]},"properties":{"key":"61169-7ed3142c","layer":"power","name":"Eland Solar & Storage Center, Phase 2 Hy","state":"CA","detail_file":"data/details/power-plants-55.json","plant_id":"61169","capacity_mw":458.0,"status_group":"Operating","energy_sources":"MWH; SUN","type":"Power plant","is_nuclear":false}},{"type":"Feature","geometry":{"type":"Point","coordinates":[-118.224,33.765]},"properties":{"key":"66787-06fe4034","layer":"power","name":"Elevate Pier S","state":"CA","detail_file":"data/details/power-plants-43.json","plant_id":"66787","capacity_mw":70.0,"status_group":"Under construction","energy_sources":"MWH","type":"Power plant","is_nuclear":false}},{"type":"Feature","geometry":{"type":"Point","coordinates":[-118.304,34.73]},"properties":{"key":"59964-582e75c3","layer":"power","name":"Elevation Solar C","state":"CA","detail_file":"data/details/power-plants-43.json","plant_id":"59964","capacity_mw":40.0,"status_group":"Operating","energy_sources":"SUN","type":"Power plant","is_nuclear":false}},{"type":"Feature","geometry":{"type":"Point","coordinates":[-119.737,35.479]},"properties":{"key":"55950-9f79456e","layer":"power","name":"Elk Hills Cogen","state":"CA","detail_file":"data/details/power-plants-35.json","plant_id":"55950","capacity_mw":46.6,"status_group":"Operating","energy_sources":"NG","type":"Power plant","is_nuclear":false}},{"type":"Feature","geometry":{"type":"Point","coordinates":[-119.471,35.28]},"properties":{"key":"55400-f6a4d2c6","layer":"power","name":"Elk Hills Power LLC","state":"CA","detail_file":"data/details/power-plants-17.json","plant_id":"55400","capacity_mw":623.0,"status_group":"Operating","energy_sources":"NG","type":"Power plant","is_nuclear":false}},{"type":"Feature","geometry":{"type":"Point","coordinates":[-117.089,32.816]},"properties":{"key":"66278-e1d57f93","layer":"power","name":"Elliott Energy Storage","state":"CA","detail_file":"data/details/power-plants-52.json","plant_id":"66278","capacity_mw":10.0,"status_group":"Operating","energy_sources":"MWH","type":"Power plant","is_nuclear":false}},{"type":"Feature","geometry":{"type":"Point","coordinates":[-119.9,34.431]},"properties":{"key":"8076-cb12b1c8","layer":"power","name":"Ellwood","state":"CA","detail_file":"data/details/power-plants-54.json","plant_id":"8076","capacity_mw":58.0,"status_group":"Operating","energy_sources":"NG","type":"Power plant","is_nuclear":false}},{"type":"Feature","geometry":{"type":"Point","coordinates":[-117.322,33.117]},"properties":{"key":"10026-f48bc3fd","layer":"power","name":"Encina Water Pollution Control","state":"CA","detail_file":"data/details/power-plants-36.json","plant_id":"10026","capacity_mw":3.2,"status_group":"Operating","energy_sources":"OBG","type":"Power plant","is_nuclear":false}},{"type":"Feature","geometry":{"type":"Point","coordinates":[-117.051,32.594]},"properties":{"key":"66505-f5f683f3","layer":"power","name":"EnerSmart Chula Vista Sub Station","state":"CA","detail_file":"data/details/power-plants-25.json","plant_id":"66505","capacity_mw":6.0,"status_group":"Operating","energy_sources":"MWH","type":"Power plant","is_nuclear":false}},{"type":"Feature","geometry":{"type":"Point","coordinates":[-117.151,32.824]},"properties":{"key":"66552-82af70e9","layer":"power","name":"EnerSmart Mesa Heights Sub Station","state":"CA","detail_file":"data/details/power-plants-49.json","plant_id":"66552","capacity_mw":3.0,"status_group":"Under construction","energy_sources":"MWH","type":"Power plant","is_nuclear":false}},{"type":"Feature","geometry":{"type":"Point","coordinates":[-117.164,34.063]},"properties":{"key":"58168-64a1b2de","layer":"power","name":"Energy Center","state":"CA","detail_file":"data/details/power-plants-17.json","plant_id":"58168","capacity_mw":0.9,"status_group":"Operating","energy_sources":"NG","type":"Power plant","is_nuclear":false}},{"type":"Feature","geometry":{"type":"Point","coordinates":[-117.164,34.063]},"properties":{"key":"58168-0c698958","layer":"power","name":"Energy Center","state":"CA","detail_file":"data/details/power-plants-31.json","plant_id":"58168","capacity_mw":0.9,"status_group":"Planned","energy_sources":"NG","type":"Power plant","is_nuclear":false}},{"type":"Feature","geometry":{"type":"Point","coordinates":[-117.117,33.122]},"properties":{"key":"68923-1ee601a9","layer":"power","name":"Enterprise BESS","state":"CA","detail_file":"data/details/power-plants-52.json","plant_id":"68923","capacity_mw":54.1,"status_group":"Under construction","energy_sources":"MWH","type":"Power plant","is_nuclear":false}},{"type":"Feature","geometry":{"type":"Point","coordinates":[-118.385,33.921]},"properties":{"key":"62704-9c4323a9","layer":"power","name":"Equinix Douglas St. Fuel Cell","state":"CA","detail_file":"data/details/power-plants-02.json","plant_id":"62704","capacity_mw":2.0,"status_group":"Operating","energy_sources":"NG","type":"Power plant","is_nuclear":false}},{"type":"Feature","geometry":{"type":"Point","coordinates":[-118.395,33.925]},"properties":{"key":"62705-4225da2e","layer":"power","name":"Equinix Maple Ave. Fuel Cell","state":"CA","detail_file":"data/details/power-plants-42.json","plant_id":"62705","capacity_mw":2.0,"status_group":"Operating","energy_sources":"NG","type":"Power plant","is_nuclear":false}},{"type":"Feature","geometry":{"type":"Point","coordinates":[-117.117,33.126]},"properties":{"key":"55538-ace194e8","layer":"power","name":"Escondido Energy Center","state":"CA","detail_file":"data/details/power-plants-57.json","plant_id":"55538","capacity_mw":54.0,"status_group":"Operating","energy_sources":"NG","type":"Power plant","is_nuclear":false}},{"type":"Feature","geometry":{"type":"Point","coordinates":[-117.114,33.124]},"properties":{"key":"60570-f740c91f","layer":"power","name":"Escondido Energy Storage","state":"CA","detail_file":"data/details/power-plants-38.json","plant_id":"60570","capacity_mw":30.0,"status_group":"Operating","energy_sources":"MWH","type":"Power plant","is_nuclear":false}},{"type":"Feature","geometry":{"type":"Point","coordinates":[-118.317,34.808]},"properties":{"key":"66772-8f4c5e67","layer":"power","name":"Estrella Solar & Storage","state":"CA","detail_file":"data/details/power-plants-05.json","plant_id":"66772","capacity_mw":84.0,"status_group":"Operating","energy_sources":"MWH; SUN","type":"Power plant","is_nuclear":false}},{"type":"Feature","geometry":{"type":"Point","coordinates":[-117.526,34.103]},"properties":{"key":"745-4078df4f","layer":"power","name":"Etiwanda","state":"CA","detail_file":"data/details/power-plants-10.json","plant_id":"745","capacity_mw":23.9,"status_group":"Operating","energy_sources":"WAT","type":"Power plant","is_nuclear":false}},{"type":"Feature","geometry":{"type":"Point","coordinates":[-117.342,34.582]},"properties":{"key":"58761-89cc7632","layer":"power","name":"Expressway Solar A","state":"CA","detail_file":"data/details/power-plants-38.json","plant_id":"58761","capacity_mw":2.0,"status_group":"Operating","energy_sources":"SUN","type":"Power plant","is_nuclear":false}},{"type":"Feature","geometry":{"type":"Point","coordinates":[-117.34,34.583]},"properties":{"key":"58762-156411d6","layer":"power","name":"Expressway Solar B","state":"CA","detail_file":"data/details/power-plants-15.json","plant_id":"58762","capacity_mw":2.0,"status_group":"Operating","energy_sources":"SUN","type":"Power plant","is_nuclear":false}},{"type":"Feature","geometry":{"type":"Point","coordinates":[-117.341,34.584]},"properties":{"key":"58763-bf365a35","layer":"power","name":"Expressway Solar C2","state":"CA","detail_file":"data/details/power-plants-25.json","plant_id":"58763","capacity_mw":1.5,"status_group":"Operating","energy_sources":"SUN","type":"Power plant","is_nuclear":false}},{"type":"Feature","geometry":{"type":"Point","coordinates":[-117.235,33.384]},"properties":{"key":"61365-1ebe64f9","layer":"power","name":"Fallbrook Energy Storage","state":"CA","detail_file":"data/details/power-plants-32.json","plant_id":"61365","capacity_mw":40.0,"status_group":"Operating","energy_sources":"MWH","type":"Power plant","is_nuclear":false}},{"type":"Feature","geometry":{"type":"Point","coordinates":[-119.582,35.6]},"properties":{"key":"68753-59104dd8","layer":"power","name":"Flying Goose","state":"CA","detail_file":"data/details/power-plants-04.json","plant_id":"68753","capacity_mw":3.0,"status_group":"Under construction","energy_sources":"SUN","type":"Power plant","is_nuclear":false}},{"type":"Feature","geometry":{"type":"Point","coordinates":[-117.397,34.155]},"properties":{"key":"332-1ee144f1","layer":"power","name":"Fontana","state":"CA","detail_file":"data/details/power-plants-53.json","plant_id":"332","capacity_mw":3.0,"status_group":"Operating","energy_sources":"WAT","type":"Power plant","is_nuclear":false}},{"type":"Feature","geometry":{"type":"Point","coordinates":[-118.494,34.318]},"properties":{"key":"396-3ea77e29","layer":"power","name":"Foothill","state":"CA","detail_file":"data/details/power-plants-59.json","plant_id":"396","capacity_mw":8.8,"status_group":"Operating","energy_sources":"WAT","type":"Power plant","is_nuclear":false}},{"type":"Feature","geometry":{"type":"Point","coordinates":[-118.609,34.515]},"properties":{"key":"6645-9a438f04","layer":"power","name":"Foothill Feeder","state":"CA","detail_file":"data/details/power-plants-42.json","plant_id":"6645","capacity_mw":9.0,"status_group":"Operating","energy_sources":"WAT","type":"Power plant","is_nuclear":false}},{"type":"Feature","geometry":{"type":"Point","coordinates":[-118.224,33.844]},"properties":{"key":"68792-21cc8f2f","layer":"power","name":"Fordyce - SLLAX680","state":"CA","detail_file":"data/details/power-plants-00.json","plant_id":"68792","capacity_mw":1.3,"status_group":"Under construction","energy_sources":"SUN","type":"Power plant","is_nuclear":false}},{"type":"Feature","geometry":{"type":"Point","coordinates":[-118.196,34.071]},"properties":{"key":"59651-d918891f","layer":"power","name":"Forever 21 Retail, Inc.","state":"CA","detail_file":"data/details/power-plants-50.json","plant_id":"59651","capacity_mw":1.3,"status_group":"Operating","energy_sources":"SUN","type":"Power plant","is_nuclear":false}},{"type":"Feature","geometry":{"type":"Point","coordinates":[-118.221,34.691]},"properties":{"key":"61066-046db150","layer":"power","name":"Foundation CDCR LAC","state":"CA","detail_file":"data/details/power-plants-37.json","plant_id":"61066","capacity_mw":1.9,"status_group":"Operating","energy_sources":"WND","type":"Power plant","is_nuclear":false}},{"type":"Feature","geometry":{"type":"Point","coordinates":[-117.112,34.623]},"properties":{"key":"58102-84d2a018","layer":"power","name":"Foundation Cemex BMQ","state":"CA","detail_file":"data/details/power-plants-12.json","plant_id":"58102","capacity_mw":3.0,"status_group":"Operating","energy_sources":"WND","type":"Power plant","is_nuclear":false}},{"type":"Feature","geometry":{"type":"Point","coordinates":[-117.307,34.562]},"properties":{"key":"58101-3c228e02","layer":"power","name":"Foundation Cemex River Plant","state":"CA","detail_file":"data/details/power-plants-34.json","plant_id":"58101","capacity_mw":3.2,"status_group":"Operating","energy_sources":"WND","type":"Power plant","is_nuclear":false}},{"type":"Feature","geometry":{"type":"Point","coordinates":[-117.529,34.085]},"properties":{"key":"57792-09d1ae9f","layer":"power","name":"Foundation IE","state":"CA","detail_file":"data/details/power-plants-27.json","plant_id":"57792","capacity_mw":1.0,"status_group":"Operating","energy_sources":"WND","type":"Power plant","is_nuclear":false}},{"type":"Feature","geometry":{"type":"Point","coordinates":[-116.749,33.914]},"properties":{"key":"58114-03f4b745","layer":"power","name":"Foundation NWNA","state":"CA","detail_file":"data/details/power-plants-11.json","plant_id":"58114","capacity_mw":5.1,"status_group":"Operating","energy_sources":"WND","type":"Power plant","is_nuclear":false}},{"type":"Feature","geometry":{"type":"Point","coordinates":[-116.815,33.917]},"properties":{"key":"58113-fc1c8b14","layer":"power","name":"Foundation RRM","state":"CA","detail_file":"data/details/power-plants-01.json","plant_id":"58113","capacity_mw":2.0,"status_group":"Operating","energy_sources":"WND","type":"Power plant","is_nuclear":false}},{"type":"Feature","geometry":{"type":"Point","coordinates":[-118.305,33.848]},"properties":{"key":"62287-4130962e","layer":"power","name":"Francisco St. Solar","state":"CA","detail_file":"data/details/power-plants-21.json","plant_id":"62287","capacity_mw":1.2,"status_group":"Operating","energy_sources":"SUN","type":"Power plant","is_nuclear":false}},{"type":"Feature","geometry":{"type":"Point","coordinates":[-118.413,34.104]},"properties":{"key":"397-28015488","layer":"power","name":"Franklin (CA)","state":"CA","detail_file":"data/details/power-plants-19.json","plant_id":"397","capacity_mw":2.0,"status_group":"Operating","energy_sources":"WAT","type":"Power plant","is_nuclear":false}},{"type":"Feature","geometry":{"type":"Point","coordinates":[-118.038,33.893]},"properties":{"key":"60183-6ee7e6f5","layer":"power","name":"Freeway Springs","state":"CA","detail_file":"data/details/power-plants-28.json","plant_id":"60183","capacity_mw":2.0,"status_group":"Operating","energy_sources":"SUN","type":"Power plant","is_nuclear":false}},{"type":"Feature","geometry":{"type":"Point","coordinates":[-119.149,35.418]},"properties":{"key":"62275-2458bc2b","layer":"power","name":"Frontier HS Solar Project","state":"CA","detail_file":"data/details/power-plants-25.json","plant_id":"62275","capacity_mw":1.4,"status_group":"Operating","energy_sources":"SUN","type":"Power plant","is_nuclear":false}},{"type":"Feature","geometry":{"type":"Point","coordinates":[-117.299,33.211]},"properties":{"key":"63714-7c2783a6","layer":"power","name":"GEN005 Antibody Fuel Cell","state":"CA","detail_file":"data/details/power-plants-62.json","plant_id":"63714","capacity_mw":2.5,"status_group":"Operating","energy_sources":"NG","type":"Power plant","is_nuclear":false}},{"type":"Feature","geometry":{"type":"Point","coordinates":[-117.97,34.11]},"properties":{"key":"69509-15857d90","layer":"power","name":"Gabriel","state":"CA","detail_file":"data/details/power-plants-03.json","plant_id":"69509","capacity_mw":400.0,"status_group":"Under construction","energy_sources":"MWH","type":"Power plant","is_nuclear":false}},{"type":"Feature","geometry":{"type":"Point","coordinates":[-119.878,35.791]},"properties":{"key":"70105-81b6abfc","layer":"power","name":"Gardenia 1","state":"CA","detail_file":"data/details/power-plants-33.json","plant_id":"70105","capacity_mw":6.0,"status_group":"Planned","energy_sources":"MWH; SUN","type":"Power plant","is_nuclear":false}},{"type":"Feature","geometry":{"type":"Point","coordinates":[-116.543,33.891]},"properties":{"key":"58528-1b92d405","layer":"power","name":"Garnet Solar Generation Station I LLC","state":"CA","detail_file":"data/details/power-plants-22.json","plant_id":"58528","capacity_mw":4.0,"status_group":"Operating","energy_sources":"SUN","type":"Power plant","is_nuclear":false}},{"type":"Feature","geometry":{"type":"Point","coordinates":[-116.582,33.905]},"properties":{"key":"57302-9218a990","layer":"power","name":"Garnet Wind Energy Center","state":"CA","detail_file":"data/details/power-plants-51.json","plant_id":"57302","capacity_mw":6.5,"status_group":"Operating","energy_sources":"WND","type":"Power plant","is_nuclear":false}},{"type":"Feature","geometry":{"type":"Point","coordinates":[-117.247,32.679]},"properties":{"key":"50492-899b245c","layer":"power","name":"Gas Utilization Facility","state":"CA","detail_file":"data/details/power-plants-09.json","plant_id":"50492","capacity_mw":6.1,"status_group":"Operating","energy_sources":"OBG; WAT","type":"Power plant","is_nuclear":false}},{"type":"Feature","geometry":{"type":"Point","coordinates":[-118.564,34.833]},"properties":{"key":"61445-b631e463","layer":"power","name":"Gaskell West 1 Solar Facility","state":"CA","detail_file":"data/details/power-plants-48.json","plant_id":"61445","capacity_mw":20.0,"status_group":"Operating","energy_sources":"SUN","type":"Power plant","is_nuclear":false}},{"type":"Feature","geometry":{"type":"Point","coordinates":[-118.547,34.834]},"properties":{"key":"69806-cb5e525c","layer":"power","name":"Gaskell West Storage 1, LLC","state":"CA","detail_file":"data/details/power-plants-47.json","plant_id":"69806","capacity_mw":21.6,"status_group":"Under construction","energy_sources":"MWH","type":"Power plant","is_nuclear":false}},{"type":"Feature","geometry":{"type":"Point","coordinates":[-116.911,32.571]},"properties":{"key":"63834-ab377f69","layer":"power","name":"Gateway Energy Storage System","state":"CA","detail_file":"data/details/power-plants-40.json","plant_id":"63834","capacity_mw":250.0,"status_group":"Operating","energy_sources":"MWH","type":"Power plant","is_nuclear":false}},{"type":"Feature","geometry":{"type":"Point","coordinates":[-117.3,33.211]},"properties":{"key":"60231-413bf468","layer":"power","name":"Genentech-Oceanside Hybrid","state":"CA","detail_file":"data/details/power-plants-13.json","plant_id":"60231","capacity_mw":6.5,"status_group":"Operating","energy_sources":"MWH; SUN","type":"Power plant","is_nuclear":false}},{"type":"Feature","geometry":{"type":"Point","coordinates":[-117.304,33.213]},"properties":{"key":"65408-731ff9b1","layer":"power","name":"Gilead Oceanside Solar Project","state":"CA","detail_file":"data/details/power-plants-01.json","plant_id":"65408","capacity_mw":2.2,"status_group":"Operating","energy_sources":"MWH; SUN","type":"Power plant","is_nuclear":false}},{"type":"Feature","geometry":{"type":"Point","coordinates":[-117.782,34.096]},"properties":{"key":"65569-4e0a4e18","layer":"power","name":"Gilead Sciences La Verne Rooftop Solar","state":"CA","detail_file":"data/details/power-plants-31.json","plant_id":"65569","capacity_mw":2.8,"status_group":"Operating","energy_sources":"MWH; SUN","type":"Power plant","is_nuclear":false}},{"type":"Feature","geometry":{"type":"Point","coordinates":[-119.083,34.18]},"properties":{"key":"58432-fb57821d","layer":"power","name":"Glass House Camarillo Cultivation","state":"CA","detail_file":"data/details/power-plants-16.json","plant_id":"58432","capacity_mw":13.2,"status_group":"Operating","energy_sources":"NG","type":"Power plant","is_nuclear":false}},{"type":"Feature","geometry":{"type":"Point","coordinates":[-118.149,34.126]},"properties":{"key":"422-aa4fdc2d","layer":"power","name":"Glenarm","state":"CA","detail_file":"data/details/power-plants-49.json","plant_id":"422","capacity_mw":265.6,"status_group":"Operating","energy_sources":"NG","type":"Power plant","is_nuclear":false}},{"type":"Feature","geometry":{"type":"Point","coordinates":[-118.148,34.127]},"properties":{"key":"69024-fc9ce62b","layer":"power","name":"Glenarm BESS Plant","state":"CA","detail_file":"data/details/power-plants-40.json","plant_id":"69024","capacity_mw":25.0,"status_group":"Under construction","energy_sources":"MWH","type":"Power plant","is_nuclear":false}},{"type":"Feature","geometry":{"type":"Point","coordinates":[-118.284,34.162]},"properties":{"key":"60974-c05e5b7c","layer":"power","name":"Glendale Battery Energy Storage System","state":"CA","detail_file":"data/details/power-plants-60.json","plant_id":"60974","capacity_mw":2.0,"status_group":"Operating","energy_sources":"MWH","type":"Power plant","is_nuclear":false}},{"type":"Feature","geometry":{"type":"Point","coordinates":[-117.1,33.118]},"properties":{"key":"54749-9a3d15f9","layer":"power","name":"Goal Line LP","state":"CA","detail_file":"data/details/power-plants-31.json","plant_id":"54749","capacity_mw":51.4,"status_group":"Operating","energy_sources":"NG","type":"Power plant","is_nuclear":false}},{"type":"Feature","geometry":{"type":"Point","coordinates":[-116.355,32.702]},"properties":{"key":"59328-dbc1007f","layer":"power","name":"Golden Acorn Casino","state":"CA","detail_file":"data/details/power-plants-51.json","plant_id":"59328","capacity_mw":1.0,"status_group":"Operating","energy_sources":"WND","type":"Power plant","is_nuclear":false}},{"type":"Feature","geometry":{"type":"Point","coordinates":[-118.395,34.847]},"properties":{"key":"63859-b69c0b8e","layer":"power","name":"Golden Field Solar III, LLC","state":"CA","detail_file":"data/details/power-plants-13.json","plant_id":"63859","capacity_mw":339.0,"status_group":"Operating","energy_sources":"MWH; SUN","type":"Power plant","is_nuclear":false}},{"type":"Feature","geometry":{"type":"Point","coordinates":[-118.387,34.839]},"properties":{"key":"60590-10a763f7","layer":"power","name":"Golden Fields Solar I, LLC","state":"CA","detail_file":"data/details/power-plants-28.json","plant_id":"60590","capacity_mw":54.0,"status_group":"Operating","energy_sources":"SUN","type":"Power plant","is_nuclear":false}},{"type":"Feature","geometry":{"type":"Point","coordinates":[-118.054,33.914]},"properties":{"key":"57796-365e74c1","layer":"power","name":"Golden Springs Building C-1","state":"CA","detail_file":"data/details/power-plants-35.json","plant_id":"57796","capacity_mw":1.2,"status_group":"Operating","energy_sources":"SUN","type":"Power plant","is_nuclear":false}},{"type":"Feature","geometry":{"type":"Point","coordinates":[-118.052,33.912]},"properties":{"key":"57797-f5b4d19e","layer":"power","name":"Golden Springs Building D","state":"CA","detail_file":"data/details/power-plants-11.json","plant_id":"57797","capacity_mw":1.3,"status_group":"Operating","energy_sources":"SUN","type":"Power plant","is_nuclear":false}},{"type":"Feature","geometry":{"type":"Point","coordinates":[-119.868,34.432]},"properties":{"key":"66394-47b7a3b3","layer":"power","name":"Goleta Energy Storage, LLC","state":"CA","detail_file":"data/details/power-plants-14.json","plant_id":"66394","capacity_mw":60.0,"status_group":"Operating","energy_sources":"MWH","type":"Power plant","is_nuclear":false}},{"type":"Feature","geometry":{"type":"Point","coordinates":[-117.534,34.09]},"properties":{"key":"56472-815519bb","layer":"power","name":"Grapeland Hybrid","state":"CA","detail_file":"data/details/power-plants-48.json","plant_id":"56472","capacity_mw":59.8,"status_group":"Operating","energy_sources":"MWH; NG","type":"Power plant","is_nuclear":false}},{"type":"Feature","geometry":{"type":"Point","coordinates":[-118.278,34.156]},"properties":{"key":"377-75890435","layer":"power","name":"Grayson","state":"CA","detail_file":"data/details/power-plants-24.json","plant_id":"377","capacity_mw":57.4,"status_group":"Operating","energy_sources":"NG","type":"Power plant","is_nuclear":false}},{"type":"Feature","geometry":{"type":"Point","coordinates":[-118.278,34.156]},"properties":{"key":"377-089a0c39","layer":"power","name":"Grayson","state":"CA","detail_file":"data/details/power-plants-63.json","plant_id":"377","capacity_mw":131.4,"status_group":"Under construction","energy_sources":"MWH; NG","type":"Power plant","is_nuclear":false}},{"type":"Feature","geometry":{"type":"Point","coordinates":[-117.99,34.688]},"properties":{"key":"61339-c812b02b","layer":"power","name":"Green Beanworks B PV","state":"CA","detail_file":"data/details/power-plants-37.json","plant_id":"61339","capacity_mw":3.0,"status_group":"Operating","energy_sources":"SUN","type":"Power plant","is_nuclear":false}},{"type":"Feature","geometry":{"type":"Point","coordinates":[-117.931,34.597]},"properties":{"key":"61215-fdbf4455","layer":"power","name":"Green Beanworks C PV","state":"CA","detail_file":"data/details/power-plants-36.json","plant_id":"61215","capacity_mw":3.0,"status_group":"Operating","energy_sources":"SUN","type":"Power plant","is_nuclear":false}},{"type":"Feature","geometry":{"type":"Point","coordinates":[-118.082,34.655]},"properties":{"key":"61216-dd67d16a","layer":"power","name":"Green Beanworks D PV","state":"CA","detail_file":"data/details/power-plants-15.json","plant_id":"61216","capacity_mw":3.0,"status_group":"Operating","energy_sources":"SUN","type":"Power plant","is_nuclear":false}},{"type":"Feature","geometry":{"type":"Point","coordinates":[-118.12,34.007]},"properties":{"key":"69190-fbeb812e","layer":"power","name":"GreenStruxure BBU004, LLC","state":"CA","detail_file":"data/details/power-plants-41.json","plant_id":"69190","capacity_mw":1.8,"status_group":"Operating","energy_sources":"MWH; SUN","type":"Power plant","is_nuclear":false}},{"type":"Feature","geometry":{"type":"Point","coordinates":[-118.233,33.861]},"properties":{"key":"69191-32ca712b","layer":"power","name":"GreenStruxure REP009, LLC","state":"CA","detail_file":"data/details/power-plants-35.json","plant_id":"69191","capacity_mw":1.6,"status_group":"Operating","energy_sources":"MWH; NG","type":"Power plant","is_nuclear":false}},{"type":"Feature","geometry":{"type":"Point","coordinates":[-117.006,32.817]},"properties":{"key":"67509-b2367925","layer":"power","name":"Grossmont College","state":"CA","detail_file":"data/details/power-plants-58.json","plant_id":"67509","capacity_mw":2.6,"status_group":"Operating","energy_sources":"SUN","type":"Power plant","is_nuclear":false}},{"type":"Feature","geometry":{"type":"Point","coordinates":[-117.0,32.817]},"properties":{"key":"62987-7187ba95","layer":"power","name":"Grossmont HS Solar Project","state":"CA","detail_file":"data/details/power-plants-16.json","plant_id":"62987","capacity_mw":1.4,"status_group":"Operating","energy_sources":"SUN","type":"Power plant","is_nuclear":false}},{"type":"Feature","geometry":{"type":"Point","coordinates":[-117.006,32.78]},"properties":{"key":"10115-97c64346","layer":"power","name":"Grossmont Hospital","state":"CA","detail_file":"data/details/power-plants-12.json","plant_id":"10115","capacity_mw":4.5,"status_group":"Operating","energy_sources":"NG","type":"Power plant","is_nuclear":false}},{"type":"Feature","geometry":{"type":"Point","coordinates":[-116.939,32.747]},"properties":{"key":"66023-d45f7d79","layer":"power","name":"Grossmont-Cuyamaca-Cuyamaca Col. Solar &","state":"CA","detail_file":"data/details/power-plants-49.json","plant_id":"66023","capacity_mw":2.4,"status_group":"Operating","energy_sources":"MWH; SUN","type":"Power plant","is_nuclear":false}},{"type":"Feature","geometry":{"type":"Point","coordinates":[-118.222,33.999]},"properties":{"key":"56039-adaef549","layer":"power","name":"H. Gonzales","state":"CA","detail_file":"data/details/power-plants-16.json","plant_id":"56039","capacity_mw":11.8,"status_group":"Operating","energy_sources":"NG","type":"Power plant","is_nuclear":false}},{"type":"Feature","geometry":{"type":"Point","coordinates":[-117.852,33.713]},"properties":{"key":"61722-60193b03","layer":"power","name":"HEBT Irvine 1","state":"CA","detail_file":"data/details/power-plants-53.json","plant_id":"61722","capacity_mw":5.5,"status_group":"Operating","energy_sources":"MWH","type":"Power plant","is_nuclear":false}},{"type":"Feature","geometry":{"type":"Point","coordinates":[-117.768,33.665]},"properties":{"key":"61723-b64b96b8","layer":"power","name":"HEBT Irvine 2","state":"CA","detail_file":"data/details/power-plants-13.json","plant_id":"61723","capacity_mw":5.8,"status_group":"Operating","energy_sources":"MWH","type":"Power plant","is_nuclear":false}},{"type":"Feature","geometry":{"type":"Point","coordinates":[-118.266,33.771]},"properties":{"key":"399-195e7574","layer":"power","name":"Harbor","state":"CA","detail_file":"data/details/power-plants-47.json","plant_id":"399","capacity_mw":548.1,"status_group":"Operating","energy_sources":"NG","type":"Power plant","is_nuclear":false}},{"type":"Feature","geometry":{"type":"Point","coordinates":[-118.23,33.777]},"properties":{"key":"50541-f42bf853","layer":"power","name":"Harbor Cogen","state":"CA","detail_file":"data/details/power-plants-33.json","plant_id":"50541","capacity_mw":107.4,"status_group":"Operating","energy_sources":"NG","type":"Power plant","is_nuclear":false}},{"type":"Feature","geometry":{"type":"Point","coordinates":[-118.099,33.765]},"properties":{"key":"400-412851f6","layer":"power","name":"Haynes","state":"CA","detail_file":"data/details/power-plants-25.json","plant_id":"400","capacity_mw":1739.1,"status_group":"Operating","energy_sources":"NG","type":"Power plant","is_nuclear":false}},{"type":"Feature","geometry":{"type":"Point","coordinates":[-118.879,35.325]},"properties":{"key":"59009-a20d30bf","layer":"power","name":"Hayworth Solar","state":"CA","detail_file":"data/details/power-plants-37.json","plant_id":"59009","capacity_mw":27.0,"status_group":"Operating","energy_sources":"SUN","type":"Power plant","is_nuclear":false}},{"type":"Feature","geometry":{"type":"Point","coordinates":[-118.014,35.269]},"properties":{"key":"59315-9b1991a8","layer":"power","name":"Hecate Energy Beacon Solar 1","state":"CA","detail_file":"data/details/power-plants-45.json","plant_id":"59315","capacity_mw":56.0,"status_group":"Operating","energy_sources":"SUN","type":"Power plant","is_nuclear":false}},{"type":"Feature","geometry":{"type":"Point","coordinates":[-118.015,35.253]},"properties":{"key":"59316-b4181a6e","layer":"power","name":"Hecate Energy Beacon Solar 3","state":"CA","detail_file":"data/details/power-plants-11.json","plant_id":"59316","capacity_mw":56.0,"status_group":"Operating","energy_sources":"SUN","type":"Power plant","is_nuclear":false}},{"type":"Feature","geometry":{"type":"Point","coordinates":[-118.027,35.254]},"properties":{"key":"59317-4c18d6a6","layer":"power","name":"Hecate Energy Beacon Solar 4","state":"CA","detail_file":"data/details/power-plants-01.json","plant_id":"59317","capacity_mw":50.0,"status_group":"Operating","energy_sources":"SUN","type":"Power plant","is_nuclear":false}},{"type":"Feature","geometry":{"type":"Point","coordinates":[-116.494,33.808]},"properties":{"key":"65635-326e38e4","layer":"power","name":"Hecate Energy Desert Storage 1 LLC","state":"CA","detail_file":"data/details/power-plants-41.json","plant_id":"65635","capacity_mw":10.0,"status_group":"Operating","energy_sources":"MWH","type":"Power plant","is_nuclear":false}},{"type":"Feature","geometry":{"type":"Point","coordinates":[-117.853,33.715]},"properties":{"key":"62889-e3469b23","layer":"power","name":"Hecate Energy Johanna Facility","state":"CA","detail_file":"data/details/power-plants-25.json","plant_id":"62889","capacity_mw":20.0,"status_group":"Operating","energy_sources":"MWH","type":"Power plant","is_nuclear":false}},{"type":"Feature","geometry":{"type":"Point","coordinates":[-118.903,34.281]},"properties":{"key":"66409-ce5b5a45","layer":"power","name":"Hecate Grid Gwent Storage 1","state":"CA","detail_file":"data/details/power-plants-49.json","plant_id":"66409","capacity_mw":135.0,"status_group":"Planned","energy_sources":"MWH","type":"Power plant","is_nuclear":false}},{"type":"Feature","geometry":{"type":"Point","coordinates":[-117.971,34.654]},"properties":{"key":"57831-43ba931f","layer":"power","name":"Heliocentric","state":"CA","detail_file":"data/details/power-plants-13.json","plant_id":"57831","capacity_mw":1.5,"status_group":"Operating","energy_sources":"SUN","type":"Power plant","is_nuclear":false}},{"type":"Feature","geometry":{"type":"Point","coordinates":[-118.395,35.093]},"properties":{"key":"56275-9afefa22","layer":"power","name":"Helzel & Schwarzhoff 86","state":"CA","detail_file":"data/details/power-plants-27.json","plant_id":"56275","capacity_mw":2.4,"status_group":"Operating","energy_sources":"WND","type":"Power plant","is_nuclear":false}},{"type":"Feature","geometry":{"type":"Point","coordinates":[-117.378,34.435]},"properties":{"key":"59182-7246811c","layer":"power","name":"Hesperia","state":"CA","detail_file":"data/details/power-plants-35.json","plant_id":"59182","capacity_mw":1.5,"status_group":"Operating","energy_sources":"SUN","type":"Power plant","is_nuclear":false}},{"type":"Feature","geometry":{"type":"Point","coordinates":[-117.365,34.595]},"properties":{"key":"55518-487a4a1a","layer":"power","name":"High Desert Power Plant","state":"CA","detail_file":"data/details/power-plants-52.json","plant_id":"55518","capacity_mw":960.0,"status_group":"Operating","energy_sources":"NG","type":"Power plant","is_nuclear":false}},{"type":"Feature","geometry":{"type":"Point","coordinates":[-119.031,35.509]},"properties":{"key":"50495-099be319","layer":"power","name":"High Sierra Limited","state":"CA","detail_file":"data/details/power-plants-11.json","plant_id":"50495","capacity_mw":49.8,"status_group":"Operating","energy_sources":"NG","type":"Power plant","is_nuclear":false}},{"type":"Feature","geometry":{"type":"Point","coordinates":[-119.311,35.528]},"properties":{"key":"67746-ebfd767b","layer":"power","name":"Highway 43 1887-WD","state":"CA","detail_file":"data/details/power-plants-23.json","plant_id":"67746","capacity_mw":2.3,"status_group":"Operating","energy_sources":"SUN","type":"Power plant","is_nuclear":false}},{"type":"Feature","geometry":{"type":"Point","coordinates":[-117.936,33.623]},"properties":{"key":"58223-728458a2","layer":"power","name":"Hoag Hospital Cogen Plant","state":"CA","detail_file":"data/details/power-plants-35.json","plant_id":"58223","capacity_mw":5.5,"status_group":"Operating","energy_sources":"MWH; NG","type":"Power plant","is_nuclear":false}},{"type":"Feature","geometry":{"type":"Point","coordinates":[-118.274,34.709]},"properties":{"key":"58452-c91633dd","layer":"power","name":"Horn","state":"CA","detail_file":"data/details/power-plants-28.json","plant_id":"58452","capacity_mw":1.5,"status_group":"Operating","energy_sources":"SUN","type":"Power plant","is_nuclear":false}},{"type":"Feature","geometry":{"type":"Point","coordinates":[-117.372,34.636]},"properties":{"key":"64624-d2479436","layer":"power","name":"Hudson - High Desert Hybrid","state":"CA","detail_file":"data/details/power-plants-20.json","plant_id":"64624","capacity_mw":150.0,"status_group":"Operating","energy_sources":"MWH; SUN","type":"Power plant","is_nuclear":false}},{"type":"Feature","geometry":{"type":"Point","coordinates":[-118.752,34.291]},"properties":{"key":"65703-2e6cfe22","layer":"power","name":"Humidor Storage I","state":"CA","detail_file":"data/details/power-plants-16.json","plant_id":"65703","capacity_mw":300.0,"status_group":"Planned","energy_sources":"MWH","type":"Power plant","is_nuclear":false}},{"type":"Feature","geometry":{"type":"Point","coordinates":[-118.43,33.925]},"properties":{"key":"60960-a74af577","layer":"power","name":"Hyperion Treatment Plant CHP Plant","state":"CA","detail_file":"data/details/power-plants-51.json","plant_id":"60960","capacity_mw":33.0,"status_group":"Operating","energy_sources":"OBG","type":"Power plant","is_nuclear":false}},{"type":"Feature","geometry":{"type":"Point","coordinates":[-117.235,34.105]},"properties":{"key":"65091-4a0b610a","layer":"power","name":"IGS KSBD","state":"CA","detail_file":"data/details/power-plants-05.json","plant_id":"65091","capacity_mw":4.3,"status_group":"Operating","energy_sources":"SUN","type":"Power plant","is_nuclear":false}},{"type":"Feature","geometry":{"type":"Point","coordinates":[-119.13,34.213]},"properties":{"key":"66603-0f04bae6","layer":"power","name":"IGS OXR1","state":"CA","detail_file":"data/details/power-plants-48.json","plant_id":"66603","capacity_mw":4.8,"status_group":"Operating","energy_sources":"SUN","type":"Power plant","is_nuclear":false}},{"type":"Feature","geometry":{"type":"Point","coordinates":[-117.385,34.039]},"properties":{"key":"66035-156fa689","layer":"power","name":"IGS SBD1","state":"CA","detail_file":"data/details/power-plants-45.json","plant_id":"66035","capacity_mw":2.6,"status_group":"Operating","energy_sources":"SUN","type":"Power plant","is_nuclear":false}},{"type":"Feature","geometry":{"type":"Point","coordinates":[-117.281,34.074]},"properties":{"key":"66039-209b6e55","layer":"power","name":"IGS SBD2","state":"CA","detail_file":"data/details/power-plants-07.json","plant_id":"66039","capacity_mw":2.5,"status_group":"Operating","energy_sources":"SUN","type":"Power plant","is_nuclear":false}},{"type":"Feature","geometry":{"type":"Point","coordinates":[-118.947,34.975]},"properties":{"key":"58028-896a190d","layer":"power","name":"IKEA Tejon 345","state":"CA","detail_file":"data/details/power-plants-31.json","plant_id":"58028","capacity_mw":1.5,"status_group":"Operating","energy_sources":"SUN","type":"Power plant","is_nuclear":false}},{"type":"Feature","geometry":{"type":"Point","coordinates":[-117.45,34.09]},"properties":{"key":"63414-6431e75e","layer":"power","name":"IOS II-LAX9","state":"CA","detail_file":"data/details/power-plants-25.json","plant_id":"63414","capacity_mw":4.0,"status_group":"Operating","energy_sources":"SUN","type":"Power plant","is_nuclear":false}},{"type":"Feature","geometry":{"type":"Point","coordinates":[-118.124,33.922]},"properties":{"key":"57841-5d2991c0","layer":"power","name":"ISH Solar Hospital Downey","state":"CA","detail_file":"data/details/power-plants-42.json","plant_id":"57841","capacity_mw":1.1,"status_group":"Operating","energy_sources":"SUN","type":"Power plant","is_nuclear":false}},{"type":"Feature","geometry":{"type":"Point","coordinates":[-117.095,32.792]},"properties":{"key":"57840-850ccdbf","layer":"power","name":"ISH Solar Hospital SDMC","state":"CA","detail_file":"data/details/power-plants-22.json","plant_id":"57840","capacity_mw":1.1,"status_group":"Operating","energy_sources":"SUN","type":"Power plant","is_nuclear":false}},{"type":"Feature","geometry":{"type":"Point","coordinates":[-117.2,32.873]},"properties":{"key":"63603-43e354e4","layer":"power","name":"Illumina Way SD","state":"CA","detail_file":"data/details/power-plants-40.json","plant_id":"63603","capacity_mw":3.5,"status_group":"Operating","energy_sources":"NG","type":"Power plant","is_nuclear":false}},{"type":"Feature","geometry":{"type":"Point","coordinates":[-119.166,35.493]},"properties":{"key":"68465-d33cbc35","layer":"power","name":"Imperator Solar","state":"CA","detail_file":"data/details/power-plants-13.json","plant_id":"68465","capacity_mw":2.0,"status_group":"Under construction","energy_sources":"SUN","type":"Power plant","is_nuclear":false}},{"type":"Feature","geometry":{"type":"Point","coordinates":[-119.039,35.403]},"properties":{"key":"57895-7bbe93b7","layer":"power","name":"Improvement Dst No. 4","state":"CA","detail_file":"data/details/power-plants-07.json","plant_id":"57895","capacity_mw":1.1,"status_group":"Operating","energy_sources":"SUN","type":"Power plant","is_nuclear":false}},{"type":"Feature","geometry":{"type":"Point","coordinates":[-116.553,33.911]},"properties":{"key":"55541-caa0b5d7","layer":"power","name":"Indigo Energy Facility","state":"CA","detail_file":"data/details/power-plants-20.json","plant_id":"55541","capacity_mw":149.7,"status_group":"Operating","energy_sources":"NG","type":"Power plant","is_nuclear":false}},{"type":"Feature","geometry":{"type":"Point","coordinates":[-117.846,34.009]},"properties":{"key":"57860-ac72af21","layer":"power","name":"Industry MetroLink PV 1","state":"CA","detail_file":"data/details/power-plants-05.json","plant_id":"57860","capacity_mw":1.5,"status_group":"Operating","energy_sources":"SUN","type":"Power plant","is_nuclear":false}},{"type":"Feature","geometry":{"type":"Point","coordinates":[-117.457,34.553]},"properties":{"key":"58609-e2944a63","layer":"power","name":"Industry Solar Power Generation Station","state":"CA","detail_file":"data/details/power-plants-50.json","plant_id":"58609","capacity_mw":1.5,"status_group":"Operating","energy_sources":"SUN","type":"Power plant","is_nuclear":false}},{"type":"Feature","geometry":{"type":"Point","coordinates":[-119.411,35.712]},"properties":{"key":"70087-d2ee1eb8","layer":"power","name":"Inland Empire","state":"CA","detail_file":"data/details/power-plants-08.json","plant_id":"70087","capacity_mw":1.8,"status_group":"Under construction","energy_sources":"SUN","type":"Power plant","is_nuclear":false}},{"type":"Feature","geometry":{"type":"Point","coordinates":[-117.416,34.138]},"properties":{"key":"66726-60930f23","layer":"power","name":"Inland Empire Energy Storage","state":"CA","detail_file":"data/details/power-plants-05.json","plant_id":"66726","capacity_mw":70.0,"status_group":"Operating","energy_sources":"MWH","type":"Power plant","is_nuclear":false}},{"type":"Feature","geometry":{"type":"Point","coordinates":[-117.938,34.122]},"properties":{"key":"58056-6014d4ec","layer":"power","name":"Irwindale Brew Yard, LLC","state":"CA","detail_file":"data/details/power-plants-49.json","plant_id":"58056","capacity_mw":10.9,"status_group":"Operating","energy_sources":"NG; OBG","type":"Power plant","is_nuclear":false}},{"type":"Feature","geometry":{"type":"Point","coordinates":[-118.482,35.644]},"properties":{"key":"10139-20719e07","layer":"power","name":"Isabella Hydro Project","state":"CA","detail_file":"data/details/power-plants-18.json","plant_id":"10139","capacity_mw":11.8,"status_group":"Operating","energy_sources":"WAT","type":"Power plant","is_nuclear":false}},{"type":"Feature","geometry":{"type":"Point","coordinates":[-118.136,33.981]},"properties":{"key":"68788-90787a9c","layer":"power","name":"JFC Slauson - SLLAX071","state":"CA","detail_file":"data/details/power-plants-13.json","plant_id":"68788","capacity_mw":1.2,"status_group":"Under construction","energy_sources":"SUN","type":"Power plant","is_nuclear":false}},{"type":"Feature","geometry":{"type":"Point","coordinates":[-116.175,32.626]},"properties":{"key":"64428-c6466511","layer":"power","name":"JVR Energy Park LLC","state":"CA","detail_file":"data/details/power-plants-58.json","plant_id":"64428","capacity_mw":160.0,"status_group":"Under construction","energy_sources":"MWH; SUN","type":"Power plant","is_nuclear":false}},{"type":"Feature","geometry":{"type":"Point","coordinates":[-116.129,32.621]},"properties":{"key":"60947-d990ff73","layer":"power","name":"Jacumba Solar Farm","state":"CA","detail_file":"data/details/power-plants-17.json","plant_id":"60947","capacity_mw":20.0,"status_group":"Operating","energy_sources":"SUN","type":"Power plant","is_nuclear":false}},{"type":"Feature","geometry":{"type":"Point","coordinates":[-117.854,33.715]},"properties":{"key":"63843-896d99dd","layer":"power","name":"Johanna Energy Center, LLC","state":"CA","detail_file":"data/details/power-plants-57.json","plant_id":"63843","capacity_mw":80.0,"status_group":"Operating","energy_sources":"MWH","type":"Power plant","is_nuclear":false}},{"type":"Feature","geometry":{"type":"Point","coordinates":[-117.609,34.032]},"properties":{"key":"69132-84b56515","layer":"power","name":"KP Ontario Vineyard Solar","state":"CA","detail_file":"data/details/power-plants-59.json","plant_id":"69132","capacity_mw":1.7,"status_group":"Operating","energy_sources":"SUN","type":"Power plant","is_nuclear":false}},{"type":"Feature","geometry":{"type":"Point","coordinates":[-118.294,33.79]},"properties":{"key":"63716-cc01d068","layer":"power","name":"KSR053 Cantara Fuel Cell","state":"CA","detail_file":"data/details/power-plants-22.json","plant_id":"63716","capacity_mw":1.6,"status_group":"Operating","energy_sources":"NG","type":"Power plant","is_nuclear":false}},{"type":"Feature","geometry":{"type":"Point","coordinates":[-118.296,33.788]},"properties":{"key":"66142-5d091dff","layer":"power","name":"Kaiser - Harbor City","state":"CA","detail_file":"data/details/power-plants-54.json","plant_id":"66142","capacity_mw":2.1,"status_group":"Operating","energy_sources":"NG","type":"Power plant","is_nuclear":false}},{"type":"Feature","geometry":{"type":"Point","coordinates":[-118.296,34.099]},"properties":{"key":"66146-030b661c","layer":"power","name":"Kaiser - LA","state":"CA","detail_file":"data/details/power-plants-30.json","plant_id":"66146","capacity_mw":4.5,"status_group":"Operating","energy_sources":"NG","type":"Power plant","is_nuclear":false}},{"type":"Feature","geometry":{"type":"Point","coordinates":[-118.59,34.173]},"properties":{"key":"66148-960c2347","layer":"power","name":"Kaiser - Woodland Hills","state":"CA","detail_file":"data/details/power-plants-30.json","plant_id":"66148","capacity_mw":3.1,"status_group":"Operating","energy_sources":"NG","type":"Power plant","is_nuclear":false}},{"type":"Feature","geometry":{"type":"Point","coordinates":[-118.129,33.919]},"properties":{"key":"58128-b39d49a6","layer":"power","name":"Kaiser Downey","state":"CA","detail_file":"data/details/power-plants-60.json","plant_id":"58128","capacity_mw":1.0,"status_group":"Operating","energy_sources":"NG","type":"Power plant","is_nuclear":false}},{"type":"Feature","geometry":{"type":"Point","coordinates":[-117.845,33.851]},"properties":{"key":"62698-ab6528c5","layer":"power","name":"Kaiser East La Palma Ave. Fuel Cell","state":"CA","detail_file":"data/details/power-plants-34.json","plant_id":"62698","capacity_mw":2.2,"status_group":"Operating","energy_sources":"NG","type":"Power plant","is_nuclear":false}},{"type":"Feature","geometry":{"type":"Point","coordinates":[-117.609,34.032]},"properties":{"key":"58132-d1d97817","layer":"power","name":"Kaiser Ontario","state":"CA","detail_file":"data/details/power-plants-05.json","plant_id":"58132","capacity_mw":1.0,"status_group":"Operating","energy_sources":"NG","type":"Power plant","is_nuclear":false}},{"type":"Feature","geometry":{"type":"Point","coordinates":[-116.562,33.922]},"properties":{"key":"10718-855cb85f","layer":"power","name":"Karen Avenue Wind Farm","state":"CA","detail_file":"data/details/power-plants-01.json","plant_id":"10718","capacity_mw":11.7,"status_group":"Operating","energy_sources":"WND","type":"Power plant","is_nuclear":false}},{"type":"Feature","geometry":{"type":"Point","coordinates":[-117.126,32.815]},"properties":{"key":"62441-5a81dbe8","layer":"power","name":"Kearny Mesa Storage LLC","state":"CA","detail_file":"data/details/power-plants-58.json","plant_id":"62441","capacity_mw":1.0,"status_group":"Operating","energy_sources":"MWH","type":"Power plant","is_nuclear":false}},{"type":"Feature","geometry":{"type":"Point","coordinates":[-117.134,32.833]},"properties":{"key":"64612-2cce9ef8","layer":"power","name":"Kearny North Energy Storage","state":"CA","detail_file":"data/details/power-plants-33.json","plant_id":"64612","capacity_mw":10.0,"status_group":"Operating","energy_sources":"MWH","type":"Power plant","is_nuclear":false}},{"type":"Feature","geometry":{"type":"Point","coordinates":[-117.132,32.833]},"properties":{"key":"64614-e24159c5","layer":"power","name":"Kearny South Energy Storage","state":"CA","detail_file":"data/details/power-plants-08.json","plant_id":"64614","capacity_mw":10.0,"status_group":"Operating","energy_sources":"MWH","type":"Power plant","is_nuclear":false}},{"type":"Feature","geometry":{"type":"Point","coordinates":[-118.796,35.441]},"properties":{"key":"7911-3d98f582","layer":"power","name":"Kern Canyon","state":"CA","detail_file":"data/details/power-plants-57.json","plant_id":"7911","capacity_mw":11.5,"status_group":"Operating","energy_sources":"WAT","type":"Power plant","is_nuclear":false}},{"type":"Feature","geometry":{"type":"Point","coordinates":[-119.048,35.42]},"properties":{"key":"70111-425f878f","layer":"power","name":"Kern Co Sheriff","state":"CA","detail_file":"data/details/power-plants-06.json","plant_id":"70111","capacity_mw":1.2,"status_group":"Operating","energy_sources":"MWH; SUN","type":"Power plant","is_nuclear":false}},{"type":"Feature","geometry":{"type":"Point","coordinates":[-118.981,35.298]},"properties":{"key":"68614-8c166e92","layer":"power","name":"Kern Del Oro","state":"CA","detail_file":"data/details/power-plants-54.json","plant_id":"68614","capacity_mw":1.2,"status_group":"Operating","energy_sources":"SUN","type":"Power plant","is_nuclear":false}},{"type":"Feature","geometry":{"type":"Point","coordinates":[-119.04,35.516]},"properties":{"key":"50494-a598cbae","layer":"power","name":"Kern Front Limited","state":"CA","detail_file":"data/details/power-plants-23.json","plant_id":"50494","capacity_mw":49.8,"status_group":"Operating","energy_sources":"NG","type":"Power plant","is_nuclear":false}},{"type":"Feature","geometry":{"type":"Point","coordinates":[-118.918,35.296]},"properties":{"key":"58100-c6c276b4","layer":"power","name":"Kern Oil & Refining Co","state":"CA","detail_file":"data/details/power-plants-50.json","plant_id":"58100","capacity_mw":4.5,"status_group":"Operating","energy_sources":"NG","type":"Power plant","is_nuclear":false}},{"type":"Feature","geometry":{"type":"Point","coordinates":[-118.78,35.46]},"properties":{"key":"340-ec9d0f13","layer":"power","name":"Kern River 1","state":"CA","detail_file":"data/details/power-plants-17.json","plant_id":"340","capacity_mw":26.4,"status_group":"Operating","energy_sources":"WAT","type":"Power plant","is_nuclear":false}},{"type":"Feature","geometry":{"type":"Point","coordinates":[-118.436,35.776]},"properties":{"key":"339-726fb24f","layer":"power","name":"Kern River 3","state":"CA","detail_file":"data/details/power-plants-57.json","plant_id":"339","capacity_mw":40.3,"status_group":"Operating","energy_sources":"WAT","type":"Power plant","is_nuclear":false}},{"type":"Feature","geometry":{"type":"Point","coordinates":[-118.985,35.452]},"properties":{"key":"10496-44b5c51b","layer":"power","name":"Kern River Cogeneration","state":"CA","detail_file":"data/details/power-plants-43.json","plant_id":"10496","capacity_mw":300.0,"status_group":"Operating","energy_sources":"NG","type":"Power plant","is_nuclear":false}},{"type":"Feature","geometry":{"type":"Point","coordinates":[-118.962,35.441]},"properties":{"key":"52107-787141e7","layer":"power","name":"Kern River Eastridge Cogen","state":"CA","detail_file":"data/details/power-plants-29.json","plant_id":"52107","capacity_mw":48.8,"status_group":"Operating","energy_sources":"NG","type":"Power plant","is_nuclear":false}},{"type":"Feature","geometry":{"type":"Point","coordinates":[-118.909,35.221]},"properties":{"key":"67750-68e32095","layer":"power","name":"Kern Sunset 1886-WD","state":"CA","detail_file":"data/details/power-plants-48.json","plant_id":"67750","capacity_mw":2.4,"status_group":"Operating","energy_sources":"SUN","type":"Power plant","is_nuclear":false}},{"type":"Feature","geometry":{"type":"Point","coordinates":[-119.314,35.764]},"properties":{"key":"63875-6a845777","layer":"power","name":"Kern Valley SP","state":"CA","detail_file":"data/details/power-plants-51.json","plant_id":"63875","capacity_mw":3.0,"status_group":"Operating","energy_sources":"SUN","type":"Power plant","is_nuclear":false}},{"type":"Feature","geometry":{"type":"Point","coordinates":[-118.124,34.7]},"properties":{"key":"59098-f57a0625","layer":"power","name":"Kettering Solar 1","state":"CA","detail_file":"data/details/power-plants-05.json","plant_id":"59098","capacity_mw":1.0,"status_group":"Operating","energy_sources":"SUN","type":"Power plant","is_nuclear":false}},{"type":"Feature","geometry":{"type":"Point","coordinates":[-118.124,34.7]},"properties":{"key":"59099-b6c6d969","layer":"power","name":"Kettering Solar 2","state":"CA","detail_file":"data/details/power-plants-27.json","plant_id":"59099","capacity_mw":1.0,"status_group":"Operating","energy_sources":"SUN","type":"Power plant","is_nuclear":false}},{"type":"Feature","geometry":{"type":"Point","coordinates":[-117.234,32.936]},"properties":{"key":"61628-422b46d0","layer":"power","name":"Kilroy Solar","state":"CA","detail_file":"data/details/power-plants-46.json","plant_id":"61628","capacity_mw":1.1,"status_group":"Operating","energy_sources":"SUN","type":"Power plant","is_nuclear":false}},{"type":"Feature","geometry":{"type":"Point","coordinates":[-118.432,34.819]},"properties":{"key":"59868-166143bc","layer":"power","name":"Kingbird A Solar LLC","state":"CA","detail_file":"data/details/power-plants-17.json","plant_id":"59868","capacity_mw":20.0,"status_group":"Operating","energy_sources":"SUN","type":"Power plant","is_nuclear":false}},{"type":"Feature","geometry":{"type":"Point","coordinates":[-118.439,34.824]},"properties":{"key":"60091-fc2f6a81","layer":"power","name":"Kingbird B Solar, LLC","state":"CA","detail_file":"data/details/power-plants-43.json","plant_id":"60091","capacity_mw":20.0,"status_group":"Operating","energy_sources":"SUN","type":"Power plant","is_nuclear":false}},{"type":"Feature","geometry":{"type":"Point","coordinates":[-117.267,34.095]},"properties":{"key":"57009-520cfbe9","layer":"power","name":"Kohls San Bernardino Solar Facility","state":"CA","detail_file":"data/details/power-plants-01.json","plant_id":"57009","capacity_mw":1.0,"status_group":"Operating","energy_sources":"SUN","type":"Power plant","is_nuclear":false}},{"type":"Feature","geometry":{"type":"Point","coordinates":[-117.939,33.922]},"properties":{"key":"63758-011727ec","layer":"power","name":"Kroger La Habra","state":"CA","detail_file":"data/details/power-plants-11.json","plant_id":"63758","capacity_mw":1.2,"status_group":"Operating","energy_sources":"SUN","type":"Power plant","is_nuclear":false}},{"type":"Feature","geometry":{"type":"Point","coordinates":[-116.343,32.706]},"properties":{"key":"56295-e2518dcf","layer":"power","name":"Kumeyaay Wind","state":"CA","detail_file":"data/details/power-plants-55.json","plant_id":"56295","capacity_mw":50.0,"status_group":"Operating","energy_sources":"WND","type":"Power plant","is_nuclear":false}},{"type":"Feature","geometry":{"type":"Point","coordinates":[-117.141,32.82]},"properties":{"key":"10720-81d37c31","layer":"power","name":"Kyocera International Inc.(San Diego)","state":"CA","detail_file":"data/details/power-plants-38.json","plant_id":"10720","capacity_mw":3.8,"status_group":"Operating","energy_sources":"NG","type":"Power plant","is_nuclear":false}},{"type":"Feature","geometry":{"type":"Point","coordinates":[-117.973,34.654]},"properties":{"key":"57836-3c8c67d7","layer":"power","name":"L-8 Solar Project","state":"CA","detail_file":"data/details/power-plants-53.json","plant_id":"57836","capacity_mw":1.5,"status_group":"Operating","energy_sources":"SUN","type":"Power plant","is_nuclear":false}},{"type":"Feature","geometry":{"type":"Point","coordinates":[-117.135,32.823]},"properties":{"key":"69711-bca384fe","layer":"power","name":"L3 Harris San Diego","state":"CA","detail_file":"data/details/power-plants-60.json","plant_id":"69711","capacity_mw":1.6,"status_group":"Under construction","energy_sources":"SUN","type":"Power plant","is_nuclear":false}},{"type":"Feature","geometry":{"type":"Point","coordinates":[-117.714,33.638]},"properties":{"key":"63614-b7c093ce","layer":"power","name":"LAWRP","state":"CA","detail_file":"data/details/power-plants-09.json","plant_id":"63614","capacity_mw":1.0,"status_group":"Operating","energy_sources":"MWH","type":"Power plant","is_nuclear":false}},{"type":"Feature","geometry":{"type":"Point","coordinates":[-118.374,33.95]},"properties":{"key":"70037-cdb407ce","layer":"power","name":"LAX Rental Car Center Solar Power Plant","state":"CA","detail_file":"data/details/power-plants-02.json","plant_id":"70037","capacity_mw":4.8,"status_group":"Operating","energy_sources":"SUN","type":"Power plant","is_nuclear":false}},{"type":"Feature","geometry":{"type":"Point","coordinates":[-119.592,35.296]},"properties":{"key":"55151-b20e328a","layer":"power","name":"La Paloma Generating Plant","state":"CA","detail_file":"data/details/power-plants-43.json","plant_id":"55151","capacity_mw":1156.0,"status_group":"Operating","energy_sources":"NG","type":"Power plant","is_nuclear":false}},{"type":"Feature","geometry":{"type":"Point","coordinates":[-118.18,34.05]},"properties":{"key":"63527-923bed2a","layer":"power","name":"Lafayette 2 - Internal Services Dept","state":"CA","detail_file":"data/details/power-plants-19.json","plant_id":"63527","capacity_mw":1.9,"status_group":"Operating","energy_sources":"SUN","type":"Power plant","is_nuclear":false}},{"type":"Feature","geometry":{"type":"Point","coordinates":[-118.24,33.92]},"properties":{"key":"63623-70a5b699","layer":"power","name":"Lafayette 2 - MLK Jr. Hospital (MLK)","state":"CA","detail_file":"data/details/power-plants-43.json","plant_id":"63623","capacity_mw":1.7,"status_group":"Operating","energy_sources":"SUN","type":"Power plant","is_nuclear":false}},{"type":"Feature","geometry":{"type":"Point","coordinates":[-117.383,33.668]},"properties":{"key":"66242-b111d5bc","layer":"power","name":"Lake Elsinore Canopies - Lakeside HS","state":"CA","detail_file":"data/details/power-plants-10.json","plant_id":"66242","capacity_mw":1.0,"status_group":"Operating","energy_sources":"SUN","type":"Power plant","is_nuclear":false}},{"type":"Feature","geometry":{"type":"Point","coordinates":[-117.454,33.855]},"properties":{"key":"6644-ddc2e1ba","layer":"power","name":"Lake Mathews","state":"CA","detail_file":"data/details/power-plants-45.json","plant_id":"6644","capacity_mw":4.9,"status_group":"Operating","energy_sources":"WAT","type":"Power plant","is_nuclear":false}},{"type":"Feature","geometry":{"type":"Point","coordinates":[-118.315,34.177]},"properties":{"key":"7987-02c4e2b0","layer":"power","name":"Lake One","state":"CA","detail_file":"data/details/power-plants-42.json","plant_id":"7987","capacity_mw":60.5,"status_group":"Operating","energy_sources":"NG","type":"Power plant","is_nuclear":false}},{"type":"Feature","geometry":{"type":"Point","coordinates":[-119.066,35.095]},"properties":{"key":"66619-034057ec","layer":"power","name":"Lakeview Battery Storage Facility","state":"CA","detail_file":"data/details/power-plants-24.json","plant_id":"66619","capacity_mw":1.2,"status_group":"Operating","energy_sources":"MWH","type":"Power plant","is_nuclear":false}},{"type":"Feature","geometry":{"type":"Point","coordinates":[-117.972,34.743]},"properties":{"key":"62056-b51f0e28","layer":"power","name":"Lancaster","state":"CA","detail_file":"data/details/power-plants-35.json","plant_id":"62056","capacity_mw":3.0,"status_group":"Operating","energy_sources":"SUN","type":"Power plant","is_nuclear":false}},{"type":"Feature","geometry":{"type":"Point","coordinates":[-118.305,34.686]},"properties":{"key":"66050-d8919113","layer":"power","name":"Lancaster Area Battery","state":"CA","detail_file":"data/details/power-plants-29.json","plant_id":"66050","capacity_mw":127.0,"status_group":"Operating","energy_sources":"MWH","type":"Power plant","is_nuclear":false}},{"type":"Feature","geometry":{"type":"Point","coordinates":[-118.059,34.696]},"properties":{"key":"58634-ba68335c","layer":"power","name":"Lancaster Baptist Church","state":"CA","detail_file":"data/details/power-plants-30.json","plant_id":"58634","capacity_mw":1.0,"status_group":"Operating","energy_sources":"SUN","type":"Power plant","is_nuclear":false}},{"type":"Feature","geometry":{"type":"Point","coordinates":[-118.289,34.717]},"properties":{"key":"58750-0049a3ff","layer":"power","name":"Lancaster Dry Farm Ranch B","state":"CA","detail_file":"data/details/power-plants-02.json","plant_id":"58750","capacity_mw":5.0,"status_group":"Operating","energy_sources":"SUN","type":"Power plant","is_nuclear":false}},{"type":"Feature","geometry":{"type":"Point","coordinates":[-117.933,34.599]},"properties":{"key":"59262-a687c00e","layer":"power","name":"Lancaster Little Rock","state":"CA","detail_file":"data/details/power-plants-00.json","plant_id":"59262","capacity_mw":5.0,"status_group":"Operating","energy_sources":"SUN","type":"Power plant","is_nuclear":false}},{"type":"Feature","geometry":{"type":"Point","coordinates":[-118.095,34.715]},"properties":{"key":"59167-4893bbf4","layer":"power","name":"Lancaster Solar 1","state":"CA","detail_file":"data/details/power-plants-02.json","plant_id":"59167","capacity_mw":1.5,"status_group":"Operating","energy_sources":"SUN","type":"Power plant","is_nuclear":false}},{"type":"Feature","geometry":{"type":"Point","coordinates":[-118.166,34.711]},"properties":{"key":"59169-ec2af6fa","layer":"power","name":"Lancaster Solar 2","state":"CA","detail_file":"data/details/power-plants-34.json","plant_id":"59169","capacity_mw":1.5,"status_group":"Operating","energy_sources":"SUN","type":"Power plant","is_nuclear":false}},{"type":"Feature","geometry":{"type":"Point","coordinates":[-118.193,34.78]},"properties":{"key":"59739-85a7db92","layer":"power","name":"Lancaster WAD B","state":"CA","detail_file":"data/details/power-plants-46.json","plant_id":"59739","capacity_mw":3.0,"status_group":"Operating","energy_sources":"SUN","type":"Power plant","is_nuclear":false}},{"type":"Feature","geometry":{"type":"Point","coordinates":[-116.944,32.567]},"properties":{"key":"55542-60b497aa","layer":"power","name":"Larkspur Energy Facility","state":"CA","detail_file":"data/details/power-plants-49.json","plant_id":"55542","capacity_mw":99.8,"status_group":"Operating","energy_sources":"NG","type":"Power plant","is_nuclear":false}},{"type":"Feature","geometry":{"type":"Point","coordinates":[-118.704,34.127]},"properties":{"key":"64264-f4eecce4","layer":"power","name":"Las Virgenes","state":"CA","detail_file":"data/details/power-plants-56.json","plant_id":"64264","capacity_mw":3.0,"status_group":"Operating","energy_sources":"SUN","type":"Power plant","is_nuclear":false}},{"type":"Feature","geometry":{"type":"Point","coordinates":[-118.698,34.126]},"properties":{"key":"68600-3e02ead4","layer":"power","name":"Las Virgenes MWD - Composting Plant","state":"CA","detail_file":"data/details/power-plants-36.json","plant_id":"68600","capacity_mw":1.4,"status_group":"Under construction","energy_sources":"MWH; SUN","type":"Power plant","is_nuclear":false}},{"type":"Feature","geometry":{"type":"Point","coordinates":[-118.702,34.136]},"properties":{"key":"58963-f17d9b00","layer":"power","name":"Las Virgenes Municipal Water District","state":"CA","detail_file":"data/details/power-plants-14.json","plant_id":"58963","capacity_mw":1.0,"status_group":"Operating","energy_sources":"SUN","type":"Power plant","is_nuclear":false}},{"type":"Feature","geometry":{"type":"Point","coordinates":[-117.308,33.127]},"properties":{"key":"69734-60857073","layer":"power","name":"Legoland CA Phase I","state":"CA","detail_file":"data/details/power-plants-15.json","plant_id":"69734","capacity_mw":1.4,"status_group":"Operating","energy_sources":"SUN","type":"Power plant","is_nuclear":false}},{"type":"Feature","geometry":{"type":"Point","coordinates":[-119.11,35.511]},"properties":{"key":"65464-26eadcc9","layer":"power","name":"Lerdo Detention Facility - Solar 2, 3","state":"CA","detail_file":"data/details/power-plants-35.json","plant_id":"65464","capacity_mw":5.2,"status_group":"Operating","energy_sources":"SUN","type":"Power plant","is_nuclear":false}},{"type":"Feature","geometry":{"type":"Point","coordinates":[-119.127,35.364]},"properties":{"key":"62274-45a9a95b","layer":"power","name":"Liberty HS Solar Project","state":"CA","detail_file":"data/details/power-plants-43.json","plant_id":"62274","capacity_mw":1.5,"status_group":"Operating","energy_sources":"SUN","type":"Power plant","is_nuclear":false}},{"type":"Feature","geometry":{"type":"Point","coordinates":[-117.287,33.137]},"properties":{"key":"58302-0378e501","layer":"power","name":"Life Technologies Carlsbad","state":"CA","detail_file":"data/details/power-plants-51.json","plant_id":"58302","capacity_mw":1.1,"status_group":"Operating","energy_sources":"NG","type":"Power plant","is_nuclear":false}},{"type":"Feature","geometry":{"type":"Point","coordinates":[-117.208,32.729]},"properties":{"key":"60060-1e4f41b2","layer":"power","name":"Lindberg FIeld Solar","state":"CA","detail_file":"data/details/power-plants-19.json","plant_id":"60060","capacity_mw":2.9,"status_group":"Operating","energy_sources":"SUN","type":"Power plant","is_nuclear":false}},{"type":"Feature","geometry":{"type":"Point","coordinates":[-117.205,32.729]},"properties":{"key":"60984-7e39ce07","layer":"power","name":"Lindberg Field Solar 2","state":"CA","detail_file":"data/details/power-plants-55.json","plant_id":"60984","capacity_mw":1.9,"status_group":"Operating","energy_sources":"SUN","type":"Power plant","is_nuclear":false}},{"type":"Feature","geometry":{"type":"Point","coordinates":[-118.229,33.789]},"properties":{"key":"50148-4215c441","layer":"power","name":"Linde Wilmington","state":"CA","detail_file":"data/details/power-plants-46.json","plant_id":"50148","capacity_mw":31.0,"status_group":"Operating","energy_sources":"NG","type":"Power plant","is_nuclear":false}},{"type":"Feature","geometry":{"type":"Point","coordinates":[-117.948,34.6]},"properties":{"key":"60026-1b163849","layer":"power","name":"Little Rock Pham Solar","state":"CA","detail_file":"data/details/power-plants-46.json","plant_id":"60026","capacity_mw":3.0,"status_group":"Operating","energy_sources":"SUN","type":"Power plant","is_nuclear":false}},{"type":"Feature","geometry":{"type":"Point","coordinates":[-119.03,35.484]},"properties":{"key":"54768-536db80a","layer":"power","name":"Live Oak Limited","state":"CA","detail_file":"data/details/power-plants-37.json","plant_id":"54768","capacity_mw":46.0,"status_group":"Operating","energy_sources":"NG","type":"Power plant","is_nuclear":false}},{"type":"Feature","geometry":{"type":"Point","coordinates":[-117.357,35.032]},"properties":{"key":"66946-f53b0ac5","layer":"power","name":"Lockhart ESS, LLC","state":"CA","detail_file":"data/details/power-plants-18.json","plant_id":"66946","capacity_mw":45.0,"status_group":"Operating","energy_sources":"MWH","type":"Power plant","is_nuclear":false}},{"type":"Feature","geometry":{"type":"Point","coordinates":[-117.349,35.044]},"properties":{"key":"66699-f27adc04","layer":"power","name":"Lockhart Solar PV II","state":"CA","detail_file":"data/details/power-plants-26.json","plant_id":"66699","capacity_mw":144.1,"status_group":"Operating","energy_sources":"MWH; SUN","type":"Power plant","is_nuclear":false}},{"type":"Feature","geometry":{"type":"Point","coordinates":[-117.338,35.032]},"properties":{"key":"67510-9095a855","layer":"power","name":"Lockhart Solar PV IV, LLC","state":"CA","detail_file":"data/details/power-plants-50.json","plant_id":"67510","capacity_mw":80.0,"status_group":"Under construction","energy_sources":"SUN","type":"Power plant","is_nuclear":false}},{"type":"Feature","geometry":{"type":"Point","coordinates":[-117.356,35.031]},"properties":{"key":"10444-5f7dc574","layer":"power","name":"Lockhart Solar PV, LLC","state":"CA","detail_file":"data/details/power-plants-50.json","plant_id":"10444","capacity_mw":169.4,"status_group":"Operating","energy_sources":"MWH; SUN","type":"Power plant","is_nuclear":false}},{"type":"Feature","geometry":{"type":"Point","coordinates":[-118.109,34.608]},"properties":{"key":"68798-397c687b","layer":"power","name":"Lockheed Martin Palmdale Solar PV","state":"CA","detail_file":"data/details/power-plants-51.json","plant_id":"68798","capacity_mw":20.9,"status_group":"Operating","energy_sources":"SUN","type":"Power plant","is_nuclear":false}},{"type":"Feature","geometry":{"type":"Point","coordinates":[-117.248,34.05]},"properties":{"key":"10206-32aca798","layer":"power","name":"Loma Linda University Cogen","state":"CA","detail_file":"data/details/power-plants-12.json","plant_id":"10206","capacity_mw":13.1,"status_group":"Operating","energy_sources":"DFO; NG","type":"Power plant","is_nuclear":false}},{"type":"Feature","geometry":{"type":"Point","coordinates":[-116.865,34.398]},"properties":{"key":"58417-a4f0a119","layer":"power","name":"Lone Valley Solar Park I LLC","state":"CA","detail_file":"data/details/power-plants-09.json","plant_id":"58417","capacity_mw":10.0,"status_group":"Operating","energy_sources":"SUN","type":"Power plant","is_nuclear":false}},{"type":"Feature","geometry":{"type":"Point","coordinates":[-116.862,34.408]},"properties":{"key":"59237-23618cc0","layer":"power","name":"Lone Valley Solar Park II LLC","state":"CA","detail_file":"data/details/power-plants-24.json","plant_id":"59237","capacity_mw":20.0,"status_group":"Operating","energy_sources":"SUN","type":"Power plant","is_nuclear":false}},{"type":"Feature","geometry":{"type":"Point","coordinates":[-118.189,33.765]},"properties":{"key":"63615-730844ef","layer":"power","name":"Long Beach Convention Center","state":"CA","detail_file":"data/details/power-plants-61.json","plant_id":"63615","capacity_mw":1.5,"status_group":"Operating","energy_sources":"MWH","type":"Power plant","is_nuclear":false}},{"type":"Feature","geometry":{"type":"Point","coordinates":[-118.225,33.764]},"properties":{"key":"341-19398075","layer":"power","name":"Long Beach Generation","state":"CA","detail_file":"data/details/power-plants-15.json","plant_id":"341","capacity_mw":252.0,"status_group":"Operating","energy_sources":"NG","type":"Power plant","is_nuclear":false}},{"type":"Feature","geometry":{"type":"Point","coordinates":[-117.061,34.541]},"properties":{"key":"60485-9bb026c5","layer":"power","name":"Longboat Solar, LLC","state":"CA","detail_file":"data/details/power-plants-30.json","plant_id":"60485","capacity_mw":20.0,"status_group":"Operating","energy_sources":"SUN","type":"Power plant","is_nuclear":false}},{"type":"Feature","geometry":{"type":"Point","coordinates":[-118.285,33.783]},"properties":{"key":"57314-cfc0dd9a","layer":"power","name":"Los Angeles Harbor College","state":"CA","detail_file":"data/details/power-plants-28.json","plant_id":"57314","capacity_mw":1.2,"status_group":"Operating","energy_sources":"SUN","type":"Power plant","is_nuclear":false}},{"type":"Feature","geometry":{"type":"Point","coordinates":[-118.287,33.769]},"properties":{"key":"54451-de09fd06","layer":"power","name":"Los Angeles Refinery Wilmington","state":"CA","detail_file":"data/details/power-plants-35.json","plant_id":"54451","capacity_mw":58.5,"status_group":"Operating","energy_sources":"OG","type":"Power plant","is_nuclear":false}},{"type":"Feature","geometry":{"type":"Point","coordinates":[-119.767,35.666]},"properties":{"key":"52077-8eec048d","layer":"power","name":"Lost Hills Cogeneration Plant","state":"CA","detail_file":"data/details/power-plants-17.json","plant_id":"52077","capacity_mw":7.0,"status_group":"Operating","energy_sources":"NG","type":"Power plant","is_nuclear":false}},{"type":"Feature","geometry":{"type":"Point","coordinates":[-119.85,35.65]},"properties":{"key":"66733-9e34b03b","layer":"power","name":"Lost Hills Oilfield","state":"CA","detail_file":"data/details/power-plants-14.json","plant_id":"66733","capacity_mw":1.9,"status_group":"Operating","energy_sources":"SUN","type":"Power plant","is_nuclear":false}},{"type":"Feature","geometry":{"type":"Point","coordinates":[-119.85,35.62]},"properties":{"key":"58711-54f871dd","layer":"power","name":"Lost Hills/Blackwell","state":"CA","detail_file":"data/details/power-plants-53.json","plant_id":"58711","capacity_mw":32.0,"status_group":"Operating","energy_sources":"SUN","type":"Power plant","is_nuclear":false}},{"type":"Feature","geometry":{"type":"Point","coordinates":[-119.062,35.824]},"properties":{"key":"64909-3bed972a","layer":"power","name":"Luciana","state":"CA","detail_file":"data/details/power-plants-09.json","plant_id":"64909","capacity_mw":55.8,"status_group":"Operating","energy_sources":"SUN","type":"Power plant","is_nuclear":false}},{"type":"Feature","geometry":{"type":"Point","coordinates":[-118.305,34.683]},"properties":{"key":"63685-1c5561a0","layer":"power","name":"Luna Storage","state":"CA","detail_file":"data/details/power-plants-18.json","plant_id":"63685","capacity_mw":100.0,"status_group":"Operating","energy_sources":"MWH","type":"Power plant","is_nuclear":false}},{"type":"Feature","geometry":{"type":"Point","coordinates":[-116.054,34.237]},"properties":{"key":"58914-25ec6552","layer":"power","name":"MCAGCC Cogen Plant","state":"CA","detail_file":"data/details/power-plants-20.json","plant_id":"58914","capacity_mw":16.4,"status_group":"Operating","energy_sources":"NG","type":"Power plant","is_nuclear":false}},{"type":"Feature","geometry":{"type":"Point","coordinates":[-118.389,34.292]},"properties":{"key":"55161-056a9bce","layer":"power","name":"MM Lopez Energy","state":"CA","detail_file":"data/details/power-plants-27.json","plant_id":"55161","capacity_mw":3.0,"status_group":"Operating","energy_sources":"LFG","type":"Power plant","is_nuclear":false}},{"type":"Feature","geometry":{"type":"Point","coordinates":[-117.163,32.845]},"properties":{"key":"55094-9a515a28","layer":"power","name":"MM San Diego-Miramar","state":"CA","detail_file":"data/details/power-plants-57.json","plant_id":"55094","capacity_mw":6.4,"status_group":"Operating","energy_sources":"LFG","type":"Power plant","is_nuclear":false}},{"type":"Feature","geometry":{"type":"Point","coordinates":[-117.906,34.033]},"properties":{"key":"54015-06820755","layer":"power","name":"MM West Covina","state":"CA","detail_file":"data/details/power-plants-00.json","plant_id":"54015","capacity_mw":6.8,"status_group":"Operating","energy_sources":"LFG","type":"Power plant","is_nuclear":false}},{"type":"Feature","geometry":{"type":"Point","coordinates":[-118.062,34.695]},"properties":{"key":"58451-4fdae712","layer":"power","name":"Ma","state":"CA","detail_file":"data/details/power-plants-49.json","plant_id":"58451","capacity_mw":1.5,"status_group":"Operating","energy_sources":"SUN","type":"Power plant","is_nuclear":false}},{"type":"Feature","geometry":{"type":"Point","coordinates":[-118.431,34.32]},"properties":{"key":"57308-59fe8f47","layer":"power","name":"Maclay Solar Project","state":"CA","detail_file":"data/details/power-plants-28.json","plant_id":"57308","capacity_mw":2.0,"status_group":"Operating","energy_sources":"SUN","type":"Power plant","is_nuclear":false}},{"type":"Feature","geometry":{"type":"Point","coordinates":[-117.324,34.768]},"properties":{"key":"59409-5f9a6de2","layer":"power","name":"Madelyn Solar, LLC","state":"CA","detail_file":"data/details/power-plants-30.json","plant_id":"59409","capacity_mw":1.0,"status_group":"Operating","energy_sources":"SUN","type":"Power plant","is_nuclear":false}},{"type":"Feature","geometry":{"type":"Point","coordinates":[-118.315,34.179]},"properties":{"key":"56046-f898551d","layer":"power","name":"Magnolia Power Project","state":"CA","detail_file":"data/details/power-plants-12.json","plant_id":"56046","capacity_mw":387.6,"status_group":"Operating","energy_sources":"NG","type":"Power plant","is_nuclear":false}},{"type":"Feature","geometry":{"type":"Point","coordinates":[-118.222,33.999]},"properties":{"key":"56041-d8663c62","layer":"power","name":"Malburg","state":"CA","detail_file":"data/details/power-plants-53.json","plant_id":"56041","capacity_mw":130.0,"status_group":"Operating","energy_sources":"NG","type":"Power plant","is_nuclear":false}},{"type":"Feature","geometry":{"type":"Point","coordinates":[-118.461,34.935]},"properties":{"key":"57484-eae11918","layer":"power","name":"Manzana Wind LLC","state":"CA","detail_file":"data/details/power-plants-02.json","plant_id":"57484","capacity_mw":189.0,"status_group":"Operating","energy_sources":"WND","type":"Power plant","is_nuclear":false}},{"type":"Feature","geometry":{"type":"Point","coordinates":[-117.946,34.008]},"properties":{"key":"69508-ad31d134","layer":"power","name":"Marici","state":"CA","detail_file":"data/details/power-plants-09.json","plant_id":"69508","capacity_mw":400.0,"status_group":"Under construction","energy_sources":"MWH","type":"Power plant","is_nuclear":false}},{"type":"Feature","geometry":{"type":"Point","coordinates":[-119.318,35.115]},"properties":{"key":"59607-56188746","layer":"power","name":"Maricopa West Solar PV, LLC","state":"CA","detail_file":"data/details/power-plants-41.json","plant_id":"59607","capacity_mw":20.0,"status_group":"Operating","energy_sources":"SUN","type":"Power plant","is_nuclear":false}},{"type":"Feature","geometry":{"type":"Point","coordinates":[-118.276,33.718]},"properties":{"key":"64837-d3f8a976","layer":"power","name":"Marina South","state":"CA","detail_file":"data/details/power-plants-38.json","plant_id":"64837","capacity_mw":1.0,"status_group":"Operating","energy_sources":"SUN","type":"Power plant","is_nuclear":false}},{"type":"Feature","geometry":{"type":"Point","coordinates":[-119.247,34.206]},"properties":{"key":"56471-2fd1236d","layer":"power","name":"McGrath Peaker","state":"CA","detail_file":"data/details/power-plants-05.json","plant_id":"56471","capacity_mw":49.8,"status_group":"Operating","energy_sources":"NG","type":"Power plant","is_nuclear":false}},{"type":"Feature","geometry":{"type":"Point","coordinates":[-119.66,35.316]},"properties":{"key":"52076-9646dc2b","layer":"power","name":"McKittrick Cogen","state":"CA","detail_file":"data/details/power-plants-22.json","plant_id":"52076","capacity_mw":12.0,"status_group":"Operating","energy_sources":"NG","type":"Power plant","is_nuclear":false}},{"type":"Feature","geometry":{"type":"Point","coordinates":[-119.662,35.32]},"properties":{"key":"50612-2363b382","layer":"power","name":"McKittrick Limited","state":"CA","detail_file":"data/details/power-plants-12.json","plant_id":"50612","capacity_mw":46.0,"status_group":"Operating","energy_sources":"NG","type":"Power plant","is_nuclear":false}},{"type":"Feature","geometry":{"type":"Point","coordinates":[-117.253,33.207]},"properties":{"key":"66281-aafa63b9","layer":"power","name":"Melrose BESS","state":"CA","detail_file":"data/details/power-plants-12.json","plant_id":"66281","capacity_mw":20.0,"status_group":"Operating","energy_sources":"MWH","type":"Power plant","is_nuclear":false}},{"type":"Feature","geometry":{"type":"Point","coordinates":[-117.17,33.739]},"properties":{"key":"66494-11d6dd49","layer":"power","name":"Menifee Power Bank","state":"CA","detail_file":"data/details/power-plants-58.json","plant_id":"66494","capacity_mw":680.0,"status_group":"Operating","energy_sources":"MWH","type":"Power plant","is_nuclear":false}},{"type":"Feature","geometry":{"type":"Point","coordinates":[-116.677,33.946]},"properties":{"key":"50535-5b5b0fea","layer":"power","name":"Mesa Wind Power LLC","state":"CA","detail_file":"data/details/power-plants-10.json","plant_id":"50535","capacity_mw":30.0,"status_group":"Operating","energy_sources":"WND","type":"Power plant","is_nuclear":false}},{"type":"Feature","geometry":{"type":"Point","coordinates":[-118.23,34.058]},"properties":{"key":"57313-7da0a594","layer":"power","name":"Metro Support Services Center Solar","state":"CA","detail_file":"data/details/power-plants-41.json","plant_id":"57313","capacity_mw":1.1,"status_group":"Operating","energy_sources":"SUN","type":"Power plant","is_nuclear":false}},{"type":"Feature","geometry":{"type":"Point","coordinates":[-118.016,33.884]},"properties":{"key":"70094-753c3d59","layer":"power","name":"Mid Counties DC 45 - sllax345","state":"CA","detail_file":"data/details/power-plants-63.json","plant_id":"70094","capacity_mw":2.2,"status_group":"Under construction","energy_sources":"SUN","type":"Power plant","is_nuclear":false}},{"type":"Feature","geometry":{"type":"Point","coordinates":[-119.571,35.195]},"properties":{"key":"10501-89a316f1","layer":"power","name":"Mid-Set Cogeneration","state":"CA","detail_file":"data/details/power-plants-05.json","plant_id":"10501","capacity_mw":39.1,"status_group":"Operating","energy_sources":"NG","type":"Power plant","is_nuclear":false}},{"type":"Feature","geometry":{"type":"Point","coordinates":[-119.629,35.227]},"properties":{"key":"52169-e53ac1a9","layer":"power","name":"Midway Sunset Cogen","state":"CA","detail_file":"data/details/power-plants-41.json","plant_id":"52169","capacity_mw":234.0,"status_group":"Operating","energy_sources":"NG","type":"Power plant","is_nuclear":false}},{"type":"Feature","geometry":{"type":"Point","coordinates":[-117.04,34.088]},"properties":{"key":"7147-f18e4f8d","layer":"power","name":"Mill Creek 3","state":"CA","detail_file":"data/details/power-plants-09.json","plant_id":"7147","capacity_mw":3.0,"status_group":"Operating","energy_sources":"WAT","type":"Power plant","is_nuclear":false}},{"type":"Feature","geometry":{"type":"Point","coordinates":[-116.77,34.847]},"properties":{"key":"69562-6f2a666f","layer":"power","name":"Minneola Solar","state":"CA","detail_file":"data/details/power-plants-26.json","plant_id":"69562","capacity_mw":3.0,"status_group":"Under construction","energy_sources":"SUN","type":"Power plant","is_nuclear":false}},{"type":"Feature","geometry":{"type":"Point","coordinates":[-117.537,34.013]},"properties":{"key":"58698-8f1ac12f","layer":"power","name":"Mira Loma","state":"CA","detail_file":"data/details/power-plants-18.json","plant_id":"58698","capacity_mw":3.0,"status_group":"Operating","energy_sources":"SUN","type":"Power plant","is_nuclear":false}},{"type":"Feature","geometry":{"type":"Point","coordinates":[-117.561,34.006]},"properties":{"key":"60661-5a4ea299","layer":"power","name":"Mira Loma Energy Storage Facility","state":"CA","detail_file":"data/details/power-plants-30.json","plant_id":"60661","capacity_mw":20.0,"status_group":"Operating","energy_sources":"MWH","type":"Power plant","is_nuclear":false}},{"type":"Feature","geometry":{"type":"Point","coordinates":[-117.56,34.005]},"properties":{"key":"56473-da52f525","layer":"power","name":"Mira Loma Peaker","state":"CA","detail_file":"data/details/power-plants-35.json","plant_id":"56473","capacity_mw":49.8,"status_group":"Operating","energy_sources":"NG","type":"Power plant","is_nuclear":false}},{"type":"Feature","geometry":{"type":"Point","coordinates":[-117.166,32.877]},"properties":{"key":"56232-02a656bc","layer":"power","name":"Miramar Energy Facility","state":"CA","detail_file":"data/details/power-plants-43.json","plant_id":"56232","capacity_mw":106.0,"status_group":"Operating","energy_sources":"NG","type":"Power plant","is_nuclear":false}},{"type":"Feature","geometry":{"type":"Point","coordinates":[-117.324,34.765]},"properties":{"key":"59411-af9ceb52","layer":"power","name":"Mitchell Solar, LLC","state":"CA","detail_file":"data/details/power-plants-42.json","plant_id":"59411","capacity_mw":1.5,"status_group":"Operating","energy_sources":"SUN","type":"Power plant","is_nuclear":false}},{"type":"Feature","geometry":{"type":"Point","coordinates":[-118.264,35.045]},"properties":{"key":"50821-2644c1aa","layer":"power","name":"Mojave 16/17/18","state":"CA","detail_file":"data/details/power-plants-29.json","plant_id":"50821","capacity_mw":88.5,"status_group":"Operating","energy_sources":"WND","type":"Power plant","is_nuclear":false}},{"type":"Feature","geometry":{"type":"Point","coordinates":[-118.276,35.044]},"properties":{"key":"67093-f8206ebe","layer":"power","name":"Mojave 16/17/18 BESS","state":"CA","detail_file":"data/details/power-plants-63.json","plant_id":"67093","capacity_mw":77.0,"status_group":"Operating","energy_sources":"MWH","type":"Power plant","is_nuclear":false}},{"type":"Feature","geometry":{"type":"Point","coordinates":[-118.257,35.051]},"properties":{"key":"52142-4cb280b0","layer":"power","name":"Mojave 3/4/5","state":"CA","detail_file":"data/details/power-plants-45.json","plant_id":"52142","capacity_mw":75.0,"status_group":"Operating","energy_sources":"WND","type":"Power plant","is_nuclear":false}},{"type":"Feature","geometry":{"type":"Point","coordinates":[-117.323,34.307]},"properties":{"key":"7072-7dcf289a","layer":"power","name":"Mojave Siphon","state":"CA","detail_file":"data/details/power-plants-00.json","plant_id":"7072","capacity_mw":32.7,"status_group":"Operating","energy_sources":"WAT","type":"Power plant","is_nuclear":false}},{"type":"Feature","geometry":{"type":"Point","coordinates":[-117.339,35.018]},"properties":{"key":"57331-cf34860b","layer":"power","name":"Mojave Solar Project","state":"CA","detail_file":"data/details/power-plants-03.json","plant_id":"57331","capacity_mw":280.0,"status_group":"Operating","energy_sources":"SUN","type":"Power plant","is_nuclear":false}},{"type":"Feature","geometry":{"type":"Point","coordinates":[-119.819,35.731]},"properties":{"key":"60007-69f5a30f","layer":"power","name":"Morelos del Sol","state":"CA","detail_file":"data/details/power-plants-55.json","plant_id":"60007","capacity_mw":15.0,"status_group":"Operating","energy_sources":"SUN","type":"Power plant","is_nuclear":false}},{"type":"Feature","geometry":{"type":"Point","coordinates":[-118.084,34.661]},"properties":{"key":"59942-3d8ebc14","layer":"power","name":"Morgan Lancaster 1","state":"CA","detail_file":"data/details/power-plants-13.json","plant_id":"59942","capacity_mw":1.5,"status_group":"Operating","energy_sources":"SUN","type":"Power plant","is_nuclear":false}},{"type":"Feature","geometry":{"type":"Point","coordinates":[-116.476,33.553]},"properties":{"key":"69856-c36d2ba0","layer":"power","name":"Morongo CRS 1","state":"CA","detail_file":"data/details/power-plants-31.json","plant_id":"69856","capacity_mw":3.0,"status_group":"Operating","energy_sources":"SUN","type":"Power plant","is_nuclear":false}},{"type":"Feature","geometry":{"type":"Point","coordinates":[-116.564,33.921]},"properties":{"key":"55719-5d4f0c20","layer":"power","name":"Mountain View I & II","state":"CA","detail_file":"data/details/power-plants-15.json","plant_id":"55719","capacity_mw":70.9,"status_group":"Operating","energy_sources":"WND","type":"Power plant","is_nuclear":false}},{"type":"Feature","geometry":{"type":"Point","coordinates":[-116.591,33.914]},"properties":{"key":"56112-1a59b765","layer":"power","name":"Mountain View III","state":"CA","detail_file":"data/details/power-plants-05.json","plant_id":"56112","capacity_mw":22.4,"status_group":"Operating","energy_sources":"WND","type":"Power plant","is_nuclear":false}},{"type":"Feature","geometry":{"type":"Point","coordinates":[-116.553,33.882]},"properties":{"key":"57459-6a8ae94f","layer":"power","name":"Mountain View IV","state":"CA","detail_file":"data/details/power-plants-11.json","plant_id":"57459","capacity_mw":49.0,"status_group":"Operating","energy_sources":"WND","type":"Power plant","is_nuclear":false}},{"type":"Feature","geometry":{"type":"Point","coordinates":[-117.46,34.05]},"properties":{"key":"68151-95f51c4a","layer":"power","name":"Mountain View Ind Park 1-sline001","state":"CA","detail_file":"data/details/power-plants-24.json","plant_id":"68151","capacity_mw":1.1,"status_group":"Operating","energy_sources":"SUN","type":"Power plant","is_nuclear":false}},{"type":"Feature","geometry":{"type":"Point","coordinates":[-117.242,34.082]},"properties":{"key":"358-eb285fad","layer":"power","name":"Mountainview Generating Station","state":"CA","detail_file":"data/details/power-plants-09.json","plant_id":"358","capacity_mw":1036.8,"status_group":"Operating","energy_sources":"NG","type":"Power plant","is_nuclear":false}},{"type":"Feature","geometry":{"type":"Point","coordinates":[-116.511,33.825]},"properties":{"key":"50674-00d76486","layer":"power","name":"Municipal Cogen Plant","state":"CA","detail_file":"data/details/power-plants-51.json","plant_id":"50674","capacity_mw":1.2,"status_group":"Operating","energy_sources":"NG","type":"Power plant","is_nuclear":false}},{"type":"Feature","geometry":{"type":"Point","coordinates":[-118.293,35.031]},"properties":{"key":"57833-35729807","layer":"power","name":"Mustang Hills LLC","state":"CA","detail_file":"data/details/power-plants-07.json","plant_id":"57833","capacity_mw":150.0,"status_group":"Operating","energy_sources":"WND","type":"Power plant","is_nuclear":false}},{"type":"Feature","geometry":{"type":"Point","coordinates":[-117.059,33.27]},"properties":{"key":"60516-9ba6a45f","layer":"power","name":"NLP Granger","state":"CA","detail_file":"data/details/power-plants-32.json","plant_id":"60516","capacity_mw":3.0,"status_group":"Operating","energy_sources":"SUN","type":"Power plant","is_nuclear":false}},{"type":"Feature","geometry":{"type":"Point","coordinates":[-119.326,35.609]},"properties":{"key":"67747-48ef2f89","layer":"power","name":"Nachtigall 1836-WD","state":"CA","detail_file":"data/details/power-plants-19.json","plant_id":"67747","capacity_mw":4.6,"status_group":"Operating","energy_sources":"SUN","type":"Power plant","is_nuclear":false}},{"type":"Feature","geometry":{"type":"Point","coordinates":[-117.191,34.551]},"properties":{"key":"58610-cbec0d67","layer":"power","name":"Navajo Solar Power Generation Station 1","state":"CA","detail_file":"data/details/power-plants-20.json","plant_id":"58610","capacity_mw":1.5,"status_group":"Operating","energy_sources":"SUN","type":"Power plant","is_nuclear":false}},{"type":"Feature","geometry":{"type":"Point","coordinates":[-117.681,35.688]},"properties":{"key":"57764-3bf268f4","layer":"power","name":"Naval Air Weapons Station China Lake","state":"CA","detail_file":"data/details/power-plants-11.json","plant_id":"57764","capacity_mw":11.1,"status_group":"Operating","energy_sources":"SUN","type":"Power plant","is_nuclear":false}},{"type":"Feature","geometry":{"type":"Point","coordinates":[-117.146,32.726]},"properties":{"key":"50963-9a26e749","layer":"power","name":"Naval Hospital Medical Center","state":"CA","detail_file":"data/details/power-plants-26.json","plant_id":"50963","capacity_mw":5.3,"status_group":"Operating","energy_sources":"NG","type":"Power plant","is_nuclear":false}},{"type":"Feature","geometry":{"type":"Point","coordinates":[-117.54,34.045]},"properties":{"key":"10427-be391696","layer":"power","name":"New-Indy Ontario Mill","state":"CA","detail_file":"data/details/power-plants-11.json","plant_id":"10427","capacity_mw":33.0,"status_group":"Operating","energy_sources":"NG","type":"Power plant","is_nuclear":false}},{"type":"Feature","geometry":{"type":"Point","coordinates":[-117.418,34.126]},"properties":{"key":"65652-ef315691","layer":"power","name":"Niagara Bottling - Rialto","state":"CA","detail_file":"data/details/power-plants-29.json","plant_id":"65652","capacity_mw":4.2,"status_group":"Operating","energy_sources":"SUN","type":"Power plant","is_nuclear":false}},{"type":"Feature","geometry":{"type":"Point","coordinates":[-119.716,35.647]},"properties":{"key":"58034-8ce776df","layer":"power","name":"Nickel 1 Solar Facility","state":"CA","detail_file":"data/details/power-plants-59.json","plant_id":"58034","capacity_mw":1.5,"status_group":"Operating","energy_sources":"SUN","type":"Power plant","is_nuclear":false}},{"type":"Feature","geometry":{"type":"Point","coordinates":[-119.056,35.836]},"properties":{"key":"59600-f64e22cc","layer":"power","name":"Nicolis Solar PV Plant","state":"CA","detail_file":"data/details/power-plants-30.json","plant_id":"59600","capacity_mw":20.0,"status_group":"Operating","energy_sources":"SUN","type":"Power plant","is_nuclear":false}},{"type":"Feature","geometry":{"type":"Point","coordinates":[-117.038,32.934]},"properties":{"key":"65889-4fe553f9","layer":"power","name":"Nighthawk Energy Storage, LLC","state":"CA","detail_file":"data/details/power-plants-34.json","plant_id":"65889","capacity_mw":300.0,"status_group":"Under construction","energy_sources":"MWH","type":"Power plant","is_nuclear":false}},{"type":"Feature","geometry":{"type":"Point","coordinates":[-118.566,34.237]},"properties":{"key":"59652-2ba580d2","layer":"power","name":"Nordhoff Place","state":"CA","detail_file":"data/details/power-plants-57.json","plant_id":"59652","capacity_mw":0.9,"status_group":"Operating","energy_sources":"SUN","type":"Power plant","is_nuclear":false}},{"type":"Feature","geometry":{"type":"Point","coordinates":[-117.198,32.878]},"properties":{"key":"60571-758392d9","layer":"power","name":"North City - Landfill Gas Engine North","state":"CA","detail_file":"data/details/power-plants-55.json","plant_id":"60571","capacity_mw":1.6,"status_group":"Operating","energy_sources":"LFG","type":"Power plant","is_nuclear":false}},{"type":"Feature","geometry":{"type":"Point","coordinates":[-116.972,32.796]},"properties":{"key":"69030-1599acea","layer":"power","name":"North Johnson Energy Center","state":"CA","detail_file":"data/details/power-plants-03.json","plant_id":"69030","capacity_mw":50.0,"status_group":"Under construction","energy_sources":"MWH","type":"Power plant","is_nuclear":false}},{"type":"Feature","geometry":{"type":"Point","coordinates":[-119.169,35.469]},"properties":{"key":"68221-fa113846","layer":"power","name":"North Kern 1","state":"CA","detail_file":"data/details/power-plants-09.json","plant_id":"68221","capacity_mw":2.5,"status_group":"Operating","energy_sources":"SUN","type":"Power plant","is_nuclear":false}},{"type":"Feature","geometry":{"type":"Point","coordinates":[-119.154,35.468]},"properties":{"key":"68220-8b1962b0","layer":"power","name":"North Kern 2","state":"CA","detail_file":"data/details/power-plants-58.json","plant_id":"68220","capacity_mw":2.5,"status_group":"Operating","energy_sources":"SUN","type":"Power plant","is_nuclear":false}},{"type":"Feature","geometry":{"type":"Point","coordinates":[-119.154,35.577]},"properties":{"key":"68599-6f1f44ff","layer":"power","name":"North Kern 3","state":"CA","detail_file":"data/details/power-plants-32.json","plant_id":"68599","capacity_mw":5.0,"status_group":"Operating","energy_sources":"SUN","type":"Power plant","is_nuclear":false}},{"type":"Feature","geometry":{"type":"Point","coordinates":[-119.309,35.78]},"properties":{"key":"63651-b00e2bbe","layer":"power","name":"North Kern State Prison Phase II","state":"CA","detail_file":"data/details/power-plants-10.json","plant_id":"63651","capacity_mw":4.0,"status_group":"Operating","energy_sources":"SUN","type":"Power plant","is_nuclear":false}},{"type":"Feature","geometry":{"type":"Point","coordinates":[-119.214,35.538]},"properties":{"key":"70085-471c78cc","layer":"power","name":"North Kern Water Storage District","state":"CA","detail_file":"data/details/power-plants-49.json","plant_id":"70085","capacity_mw":3.0,"status_group":"Under construction","energy_sources":"SUN","type":"Power plant","is_nuclear":false}},{"type":"Feature","geometry":{"type":"Point","coordinates":[-118.313,34.72]},"properties":{"key":"59962-55219890","layer":"power","name":"North Lancaster Ranch","state":"CA","detail_file":"data/details/power-plants-61.json","plant_id":"59962","capacity_mw":20.0,"status_group":"Operating","energy_sources":"SUN","type":"Power plant","is_nuclear":false}},{"type":"Feature","geometry":{"type":"Point","coordinates":[-119.599,35.276]},"properties":{"key":"52078-4779a97a","layer":"power","name":"North Midway Cogen","state":"CA","detail_file":"data/details/power-plants-38.json","plant_id":"52078","capacity_mw":10.5,"status_group":"Operating","energy_sources":"NG","type":"Power plant","is_nuclear":false}},{"type":"Feature","geometry":{"type":"Point","coordinates":[-116.593,33.924]},"properties":{"key":"57743-40d0ad5f","layer":"power","name":"North Palm Springs 1A","state":"CA","detail_file":"data/details/power-plants-57.json","plant_id":"57743","capacity_mw":2.5,"status_group":"Operating","energy_sources":"SUN","type":"Power plant","is_nuclear":false}},{"type":"Feature","geometry":{"type":"Point","coordinates":[-116.562,33.91]},"properties":{"key":"57722-756c9659","layer":"power","name":"North Palm Springs 4A","state":"CA","detail_file":"data/details/power-plants-29.json","plant_id":"57722","capacity_mw":4.0,"status_group":"Operating","energy_sources":"SUN","type":"Power plant","is_nuclear":false}},{"type":"Feature","geometry":{"type":"Point","coordinates":[-118.38,34.862]},"properties":{"key":"59879-d085836c","layer":"power","name":"North Rosamond Solar LLC","state":"CA","detail_file":"data/details/power-plants-11.json","plant_id":"59879","capacity_mw":151.1,"status_group":"Operating","energy_sources":"SUN","type":"Power plant","is_nuclear":false}},{"type":"Feature","geometry":{"type":"Point","coordinates":[-118.186,35.348]},"properties":{"key":"58154-6594c5ea","layer":"power","name":"North Sky River Energy LLC","state":"CA","detail_file":"data/details/power-plants-22.json","plant_id":"58154","capacity_mw":162.0,"status_group":"Operating","energy_sources":"WND","type":"Power plant","is_nuclear":false}},{"type":"Feature","geometry":{"type":"Point","coordinates":[-119.279,35.12]},"properties":{"key":"67039-5372a13d","layer":"power","name":"Northern Orchard Solar PV, LLC","state":"CA","detail_file":"data/details/power-plants-01.json","plant_id":"67039","capacity_mw":242.0,"status_group":"Operating","energy_sources":"MWH; SUN","type":"Power plant","is_nuclear":false}},{"type":"Feature","geometry":{"type":"Point","coordinates":[-117.154,34.509]},"properties":{"key":"58448-2e23351b","layer":"power","name":"Nunn","state":"CA","detail_file":"data/details/power-plants-00.json","plant_id":"58448","capacity_mw":1.0,"status_group":"Operating","energy_sources":"SUN","type":"Power plant","is_nuclear":false}},{"type":"Feature","geometry":{"type":"Point","coordinates":[-117.941,33.693]},"properties":{"key":"63616-dd9f144a","layer":"power","name":"OCSD","state":"CA","detail_file":"data/details/power-plants-28.json","plant_id":"63616","capacity_mw":4.9,"status_group":"Operating","energy_sources":"MWH","type":"Power plant","is_nuclear":false}},{"type":"Feature","geometry":{"type":"Point","coordinates":[-117.346,34.173]},"properties":{"key":"63622-7b91beca","layer":"power","name":"OES Biogas Power","state":"CA","detail_file":"data/details/power-plants-13.json","plant_id":"63622","capacity_mw":2.6,"status_group":"Under construction","energy_sources":"OBG","type":"Power plant","is_nuclear":false}},{"type":"Feature","geometry":{"type":"Point","coordinates":[-118.276,35.044]},"properties":{"key":"50754-1fcdb600","layer":"power","name":"Oak Creek Energy Systems I","state":"CA","detail_file":"data/details/power-plants-10.json","plant_id":"50754","capacity_mw":34.5,"status_group":"Operating","energy_sources":"WND","type":"Power plant","is_nuclear":false}},{"type":"Feature","geometry":{"type":"Point","coordinates":[-118.292,35.059]},"properties":{"key":"63941-65f0328a","layer":"power","name":"Oasis Alta","state":"CA","detail_file":"data/details/power-plants-18.json","plant_id":"63941","capacity_mw":14.4,"status_group":"Operating","energy_sources":"WND","type":"Power plant","is_nuclear":false}},{"type":"Feature","geometry":{"type":"Point","coordinates":[-118.292,35.061]},"properties":{"key":"56302-30610aa6","layer":"power","name":"Oasis Wind","state":"CA","detail_file":"data/details/power-plants-58.json","plant_id":"56302","capacity_mw":60.3,"status_group":"Operating","energy_sources":"WND","type":"Power plant","is_nuclear":false}},{"type":"Feature","geometry":{"type":"Point","coordinates":[-118.207,34.128]},"properties":{"key":"57311-95e28560","layer":"power","name":"Occidental College Solar Project","state":"CA","detail_file":"data/details/power-plants-58.json","plant_id":"57311","capacity_mw":1.0,"status_group":"Operating","energy_sources":"SUN","type":"Power plant","is_nuclear":false}},{"type":"Feature","geometry":{"type":"Point","coordinates":[-116.045,32.753]},"properties":{"key":"57514-51b0490d","layer":"power","name":"Ocotillo Express LLC","state":"CA","detail_file":"data/details/power-plants-49.json","plant_id":"57514","capacity_mw":265.4,"status_group":"Operating","energy_sources":"WND","type":"Power plant","is_nuclear":false}},{"type":"Feature","geometry":{"type":"Point","coordinates":[-116.091,33.075]},"properties":{"key":"65820-f894d4df","layer":"power","name":"Ocotillo Wells","state":"CA","detail_file":"data/details/power-plants-31.json","plant_id":"65820","capacity_mw":50.0,"status_group":"Operating","energy_sources":"SUN","type":"Power plant","is_nuclear":false}},{"type":"Feature","geometry":{"type":"Point","coordinates":[-118.315,34.176]},"properties":{"key":"6013-6a9d18e2","layer":"power","name":"Olive","state":"CA","detail_file":"data/details/power-plants-04.json","plant_id":"6013","capacity_mw":109.7,"status_group":"Operating","energy_sources":"NG","type":"Power plant","is_nuclear":false}},{"type":"Feature","geometry":{"type":"Point","coordinates":[-118.445,34.326]},"properties":{"key":"10884-7df23b26","layer":"power","name":"Olive View Medical Center","state":"CA","detail_file":"data/details/power-plants-44.json","plant_id":"10884","capacity_mw":5.6,"status_group":"Operating","energy_sources":"NG","type":"Power plant","is_nuclear":false}},{"type":"Feature","geometry":{"type":"Point","coordinates":[-117.531,34.044]},"properties":{"key":"58581-d4339d92","layer":"power","name":"Oltmans SCE at Champagne","state":"CA","detail_file":"data/details/power-plants-60.json","plant_id":"58581","capacity_mw":1.0,"status_group":"Operating","energy_sources":"SUN","type":"Power plant","is_nuclear":false}},{"type":"Feature","geometry":{"type":"Point","coordinates":[-117.596,34.05]},"properties":{"key":"58582-810dd72a","layer":"power","name":"Oltmans SCE at Jurupa","state":"CA","detail_file":"data/details/power-plants-02.json","plant_id":"58582","capacity_mw":1.5,"status_group":"Operating","energy_sources":"SUN","type":"Power plant","is_nuclear":false}},{"type":"Feature","geometry":{"type":"Point","coordinates":[-117.937,34.616]},"properties":{"key":"61419-01d6ff1c","layer":"power","name":"One Ten Partners PV","state":"CA","detail_file":"data/details/power-plants-19.json","plant_id":"61419","capacity_mw":2.0,"status_group":"Operating","energy_sources":"SUN","type":"Power plant","is_nuclear":false}},{"type":"Feature","geometry":{"type":"Point","coordinates":[-117.912,33.673]},"properties":{"key":"65614-cea9c349","layer":"power","name":"Orange Coast College PH2 Solar Project","state":"CA","detail_file":"data/details/power-plants-22.json","plant_id":"65614","capacity_mw":5.2,"status_group":"Operating","energy_sources":"MWH; SUN","type":"Power plant","is_nuclear":false}},{"type":"Feature","geometry":{"type":"Point","coordinates":[-117.854,33.716]},"properties":{"key":"62497-eaa9c1d6","layer":"power","name":"Orange County Energy Storage 2","state":"CA","detail_file":"data/details/power-plants-24.json","plant_id":"62497","capacity_mw":9.0,"status_group":"Operating","energy_sources":"MWH","type":"Power plant","is_nuclear":false}},{"type":"Feature","geometry":{"type":"Point","coordinates":[-117.854,33.715]},"properties":{"key":"62499-00303b12","layer":"power","name":"Orange County Energy Storage 3","state":"CA","detail_file":"data/details/power-plants-26.json","plant_id":"62499","capacity_mw":6.0,"status_group":"Operating","energy_sources":"MWH","type":"Power plant","is_nuclear":false}},{"type":"Feature","geometry":{"type":"Point","coordinates":[-117.111,33.359]},"properties":{"key":"56914-ab2ad31d","layer":"power","name":"Orange Grove Peaking Facility","state":"CA","detail_file":"data/details/power-plants-25.json","plant_id":"56914","capacity_mw":118.0,"status_group":"Operating","energy_sources":"NG","type":"Power plant","is_nuclear":false}},{"type":"Feature","geometry":{"type":"Point","coordinates":[-118.875,35.151]},"properties":{"key":"58718-797f6f24","layer":"power","name":"Orion Solar I","state":"CA","detail_file":"data/details/power-plants-07.json","plant_id":"58718","capacity_mw":12.0,"status_group":"Operating","energy_sources":"SUN","type":"Power plant","is_nuclear":false}},{"type":"Feature","geometry":{"type":"Point","coordinates":[-118.875,35.151]},"properties":{"key":"58721-2bc36322","layer":"power","name":"Orion Solar II","state":"CA","detail_file":"data/details/power-plants-36.json","plant_id":"58721","capacity_mw":8.0,"status_group":"Operating","energy_sources":"SUN","type":"Power plant","is_nuclear":false}},{"type":"Feature","geometry":{"type":"Point","coordinates":[-119.169,34.129]},"properties":{"key":"350-41f89b6c","layer":"power","name":"Ormond Beach","state":"CA","detail_file":"data/details/power-plants-56.json","plant_id":"350","capacity_mw":1612.0,"status_group":"Operating","energy_sources":"NG","type":"Power plant","is_nuclear":false}},{"type":"Feature","geometry":{"type":"Point","coordinates":[-117.328,33.684]},"properties":{"key":"65656-298c8759","layer":"power","name":"Ortega Grid, LLC","state":"CA","detail_file":"data/details/power-plants-06.json","plant_id":"65656","capacity_mw":20.0,"status_group":"Operating","energy_sources":"MWH","type":"Power plant","is_nuclear":false}},{"type":"Feature","geometry":{"type":"Point","coordinates":[-117.544,33.562]},"properties":{"key":"60567-97dc5147","layer":"power","name":"Ortega Highway Energy Storage","state":"CA","detail_file":"data/details/power-plants-21.json","plant_id":"60567","capacity_mw":2.0,"status_group":"Operating","energy_sources":"MWH","type":"Power plant","is_nuclear":false}},{"type":"Feature","geometry":{"type":"Point","coordinates":[-116.915,32.581]},"properties":{"key":"55345-96e841de","layer":"power","name":"Otay Mesa Generating Project","state":"CA","detail_file":"data/details/power-plants-19.json","plant_id":"55345","capacity_mw":710.7,"status_group":"Operating","energy_sources":"NG","type":"Power plant","is_nuclear":false}},{"type":"Feature","geometry":{"type":"Point","coordinates":[-117.192,34.545]},"properties":{"key":"58612-ecc4e96c","layer":"power","name":"Otoe Solar Power Generation Station 1 LL","state":"CA","detail_file":"data/details/power-plants-50.json","plant_id":"58612","capacity_mw":1.5,"status_group":"Operating","energy_sources":"SUN","type":"Power plant","is_nuclear":false}},{"type":"Feature","geometry":{"type":"Point","coordinates":[-117.357,35.016]},"properties":{"key":"68932-932cc8a0","layer":"power","name":"Overnight Solar","state":"CA","detail_file":"data/details/power-plants-63.json","plant_id":"68932","capacity_mw":300.0,"status_group":"Under construction","energy_sources":"MWH; SUN","type":"Power plant","is_nuclear":false}},{"type":"Feature","geometry":{"type":"Point","coordinates":[-119.167,34.196]},"properties":{"key":"50464-58f3d562","layer":"power","name":"Oxnard","state":"CA","detail_file":"data/details/power-plants-33.json","plant_id":"50464","capacity_mw":68.7,"status_group":"Operating","energy_sources":"NG","type":"Power plant","is_nuclear":false}},{"type":"Feature","geometry":{"type":"Point","coordinates":[-119.183,34.141]},"properties":{"key":"57585-a278a064","layer":"power","name":"Oxnard Paper Mill","state":"CA","detail_file":"data/details/power-plants-18.json","plant_id":"57585","capacity_mw":29.0,"status_group":"Operating","energy_sources":"NG","type":"Power plant","is_nuclear":false}},{"type":"Feature","geometry":{"type":"Point","coordinates":[-119.184,34.141]},"properties":{"key":"50224-90f7ae49","layer":"power","name":"Oxnard Wastewater Treatment Plant","state":"CA","detail_file":"data/details/power-plants-57.json","plant_id":"50224","capacity_mw":1.5,"status_group":"Operating","energy_sources":"OBG","type":"Power plant","is_nuclear":false}},{"type":"Feature","geometry":{"type":"Point","coordinates":[-118.501,34.215]},"properties":{"key":"68887-0596fea6","layer":"power","name":"PAC Aviation Solar","state":"CA","detail_file":"data/details/power-plants-29.json","plant_id":"68887","capacity_mw":2.5,"status_group":"Operating","energy_sources":"SUN","type":"Power plant","is_nuclear":false}},{"type":"Feature","geometry":{"type":"Point","coordinates":[-117.035,32.753]},"properties":{"key":"62611-ff65865b","layer":"power","name":"PFMG Solar Grossmont Helix LLC","state":"CA","detail_file":"data/details/power-plants-15.json","plant_id":"62611","capacity_mw":1.2,"status_group":"Operating","energy_sources":"SUN","type":"Power plant","is_nuclear":false}},{"type":"Feature","geometry":{"type":"Point","coordinates":[-118.151,34.99]},"properties":{"key":"58085-e3377ec8","layer":"power","name":"PRC-Desoto Intl/PPG Aerospace","state":"CA","detail_file":"data/details/power-plants-39.json","plant_id":"58085","capacity_mw":1.5,"status_group":"Operating","energy_sources":"DFO","type":"Power plant","is_nuclear":false}},{"type":"Feature","geometry":{"type":"Point","coordinates":[-117.566,34.038]},"properties":{"key":"60790-4de16b7e","layer":"power","name":"PVN Milliken, LLC","state":"CA","detail_file":"data/details/power-plants-37.json","plant_id":"60790","capacity_mw":3.0,"status_group":"Operating","energy_sources":"SUN","type":"Power plant","is_nuclear":false}},{"type":"Feature","geometry":{"type":"Point","coordinates":[-118.501,34.214]},"properties":{"key":"69737-ca5279ee","layer":"power","name":"Pacific Aviation","state":"CA","detail_file":"data/details/power-plants-28.json","plant_id":"69737","capacity_mw":2.5,"status_group":"Operating","energy_sources":"SUN","type":"Power plant","is_nuclear":false}},{"type":"Feature","geometry":{"type":"Point","coordinates":[-118.277,33.733]},"properties":{"key":"57309-61462bcf","layer":"power","name":"Pacific Cruise Ship Terminals Berth 93","state":"CA","detail_file":"data/details/power-plants-36.json","plant_id":"57309","capacity_mw":1.0,"status_group":"Operating","energy_sources":"SUN","type":"Power plant","is_nuclear":false}},{"type":"Feature","geometry":{"type":"Point","coordinates":[-118.433,34.891]},"properties":{"key":"57757-b6d2493f","layer":"power","name":"Pacific Wind LLC","state":"CA","detail_file":"data/details/power-plants-16.json","plant_id":"57757","capacity_mw":151.7,"status_group":"Operating","energy_sources":"WND","type":"Power plant","is_nuclear":false}},{"type":"Feature","geometry":{"type":"Point","coordinates":[-116.618,33.937]},"properties":{"key":"50533-7d1a6a8e","layer":"power","name":"Painted Hills Wind Park","state":"CA","detail_file":"data/details/power-plants-31.json","plant_id":"50533","capacity_mw":46.8,"status_group":"Operating","energy_sources":"WND","type":"Power plant","is_nuclear":false}},{"type":"Feature","geometry":{"type":"Point","coordinates":[-119.515,34.41]},"properties":{"key":"62729-76c2d7b9","layer":"power","name":"Painter Energy Storage","state":"CA","detail_file":"data/details/power-plants-45.json","plant_id":"62729","capacity_mw":10.0,"status_group":"Under construction","energy_sources":"MWH","type":"Power plant","is_nuclear":false}},{"type":"Feature","geometry":{"type":"Point","coordinates":[-117.114,33.357]},"properties":{"key":"60566-b0a50b34","layer":"power","name":"Pala Energy Storage Yard","state":"CA","detail_file":"data/details/power-plants-13.json","plant_id":"60566","capacity_mw":1.0,"status_group":"Operating","energy_sources":"MWH","type":"Power plant","is_nuclear":false}},{"type":"Feature","geometry":{"type":"Point","coordinates":[-117.112,33.358]},"properties":{"key":"66280-6159b47a","layer":"power","name":"Pala Gomez Creek BESS","state":"CA","detail_file":"data/details/power-plants-17.json","plant_id":"66280","capacity_mw":10.0,"status_group":"Operating","energy_sources":"MWH","type":"Power plant","is_nuclear":false}},{"type":"Feature","geometry":{"type":"Point","coordinates":[-116.485,33.825]},"properties":{"key":"69288-9885ce68","layer":"power","name":"Palm Springs DAC PV","state":"CA","detail_file":"data/details/power-plants-56.json","plant_id":"69288","capacity_mw":1.9,"status_group":"Operating","energy_sources":"MWH; SUN","type":"Power plant","is_nuclear":false}},{"type":"Feature","geometry":{"type":"Point","coordinates":[-118.119,34.558]},"properties":{"key":"68542-2fdaffb7","layer":"power","name":"Palmdale Water District 6MG Tank","state":"CA","detail_file":"data/details/power-plants-21.json","plant_id":"68542","capacity_mw":1.3,"status_group":"Under construction","energy_sources":"MWH; SUN","type":"Power plant","is_nuclear":false}},{"type":"Feature","geometry":{"type":"Point","coordinates":[-118.093,34.588]},"properties":{"key":"68541-5d60a14c","layer":"power","name":"Palmdale Water District HQ","state":"CA","detail_file":"data/details/power-plants-31.json","plant_id":"68541","capacity_mw":1.7,"status_group":"Under construction","energy_sources":"SUN","type":"Power plant","is_nuclear":false}},{"type":"Feature","geometry":{"type":"Point","coordinates":[-117.118,33.12]},"properties":{"key":"55985-256ed25f","layer":"power","name":"Palomar Energy","state":"CA","detail_file":"data/details/power-plants-54.json","plant_id":"55985","capacity_mw":559.0,"status_group":"Operating","energy_sources":"NG","type":"Power plant","is_nuclear":false}},{"type":"Feature","geometry":{"type":"Point","coordinates":[-117.05,32.704]},"properties":{"key":"66265-e5ee08ab","layer":"power","name":"Paradise Energy Storage","state":"CA","detail_file":"data/details/power-plants-49.json","plant_id":"66265","capacity_mw":10.0,"status_group":"Operating","energy_sources":"MWH","type":"Power plant","is_nuclear":false}},{"type":"Feature","geometry":{"type":"Point","coordinates":[-117.284,33.896]},"properties":{"key":"59539-49fb95bc","layer":"power","name":"Park Meridian #1","state":"CA","detail_file":"data/details/power-plants-45.json","plant_id":"59539","capacity_mw":1.5,"status_group":"Operating","energy_sources":"SUN","type":"Power plant","is_nuclear":false}},{"type":"Feature","geometry":{"type":"Point","coordinates":[-118.844,34.956]},"properties":{"key":"55656-b81913ad","layer":"power","name":"Pastoria Energy Facility, LLC","state":"CA","detail_file":"data/details/power-plants-34.json","plant_id":"55656","capacity_mw":779.0,"status_group":"Operating","energy_sources":"NG","type":"Power plant","is_nuclear":false}},{"type":"Feature","geometry":{"type":"Point","coordinates":[-118.856,34.959]},"properties":{"key":"69858-085135ac","layer":"power","name":"Pastoria Power Bank","state":"CA","detail_file":"data/details/power-plants-28.json","plant_id":"69858","capacity_mw":80.0,"status_group":"Under construction","energy_sources":"MWH","type":"Power plant","is_nuclear":false}},{"type":"Feature","geometry":{"type":"Point","coordinates":[-118.864,34.955]},"properties":{"key":"67105-764a1afe","layer":"power","name":"Pastoria Solar","state":"CA","detail_file":"data/details/power-plants-11.json","plant_id":"67105","capacity_mw":105.2,"status_group":"Under construction","energy_sources":"SUN","type":"Power plant","is_nuclear":false}},{"type":"Feature","geometry":{"type":"Point","coordinates":[-118.31,33.333]},"properties":{"key":"6704-c8c22ed6","layer":"power","name":"Pebbly Beach Generating Station Hybrid","state":"CA","detail_file":"data/details/power-plants-26.json","plant_id":"6704","capacity_mw":12.7,"status_group":"Operating","energy_sources":"DFO; MWH; PG","type":"Power plant","is_nuclear":false}},{"type":"Feature","geometry":{"type":"Point","coordinates":[-119.744,35.765]},"properties":{"key":"68607-6161b4b0","layer":"power","name":"Pelicans Jaw Hybrid Solar","state":"CA","detail_file":"data/details/power-plants-23.json","plant_id":"68607","capacity_mw":678.5,"status_group":"Under construction","energy_sources":"MWH; SUN","type":"Power plant","is_nuclear":false}},{"type":"Feature","geometry":{"type":"Point","coordinates":[-117.137,32.692]},"properties":{"key":"66286-e7fc30d6","layer":"power","name":"Peregrine Energy Storage LLC","state":"CA","detail_file":"data/details/power-plants-49.json","plant_id":"66286","capacity_mw":200.0,"status_group":"Operating","energy_sources":"MWH","type":"Power plant","is_nuclear":false}},{"type":"Feature","geometry":{"type":"Point","coordinates":[-117.183,33.836]},"properties":{"key":"481-757a8fa2","layer":"power","name":"Perris","state":"CA","detail_file":"data/details/power-plants-58.json","plant_id":"481","capacity_mw":7.9,"status_group":"Operating","energy_sources":"WAT","type":"Power plant","is_nuclear":false}},{"type":"Feature","geometry":{"type":"Point","coordinates":[-117.232,33.85]},"properties":{"key":"70095-751b3bea","layer":"power","name":"Perris DC 5 - sline015","state":"CA","detail_file":"data/details/power-plants-43.json","plant_id":"70095","capacity_mw":1.6,"status_group":"Under construction","energy_sources":"SUN","type":"Power plant","is_nuclear":false}},{"type":"Feature","geometry":{"type":"Point","coordinates":[-117.583,34.577]},"properties":{"key":"63376-755dcb56","layer":"power","name":"Phelan Pinon Hills CSD Solar","state":"CA","detail_file":"data/details/power-plants-49.json","plant_id":"63376","capacity_mw":1.2,"status_group":"Operating","energy_sources":"SUN","type":"Power plant","is_nuclear":false}},{"type":"Feature","geometry":{"type":"Point","coordinates":[-116.55,33.917]},"properties":{"key":"55339-d6dae476","layer":"power","name":"Phoenix Wind Power LLC","state":"CA","detail_file":"data/details/power-plants-25.json","plant_id":"55339","capacity_mw":2.1,"status_group":"Operating","energy_sources":"WND","type":"Power plant","is_nuclear":false}},{"type":"Feature","geometry":{"type":"Point","coordinates":[-118.575,34.184]},"properties":{"key":"58248-a5c4f1a2","layer":"power","name":"Pierce College","state":"CA","detail_file":"data/details/power-plants-19.json","plant_id":"58248","capacity_mw":1.9,"status_group":"Operating","energy_sources":"SUN","type":"Power plant","is_nuclear":false}},{"type":"Feature","geometry":{"type":"Point","coordinates":[-118.196,35.23]},"properties":{"key":"57306-27e6f36a","layer":"power","name":"Pine Tree Solar Project","state":"CA","detail_file":"data/details/power-plants-49.json","plant_id":"57306","capacity_mw":8.5,"status_group":"Operating","energy_sources":"SUN","type":"Power plant","is_nuclear":false}},{"type":"Feature","geometry":{"type":"Point","coordinates":[-118.175,35.248]},"properties":{"key":"56433-1b38ef6e","layer":"power","name":"Pine Tree Wind Power Project","state":"CA","detail_file":"data/details/power-plants-45.json","plant_id":"56433","capacity_mw":135.0,"status_group":"Operating","energy_sources":"WND","type":"Power plant","is_nuclear":false}},{"type":"Feature","geometry":{"type":"Point","coordinates":[-118.212,35.043]},"properties":{"key":"57834-68eb4d65","layer":"power","name":"Pinyon Pine I","state":"CA","detail_file":"data/details/power-plants-19.json","plant_id":"57834","capacity_mw":168.0,"status_group":"Operating","energy_sources":"WND","type":"Power plant","is_nuclear":false}},{"type":"Feature","geometry":{"type":"Point","coordinates":[-118.223,35.027]},"properties":{"key":"57837-fd695de6","layer":"power","name":"Pinyon Pine II","state":"CA","detail_file":"data/details/power-plants-48.json","plant_id":"57837","capacity_mw":132.0,"status_group":"Operating","energy_sources":"WND","type":"Power plant","is_nuclear":false}},{"type":"Feature","geometry":{"type":"Point","coordinates":[-116.918,32.574]},"properties":{"key":"57555-a4ba0e4f","layer":"power","name":"Pio Pico Energy Center","state":"CA","detail_file":"data/details/power-plants-43.json","plant_id":"57555","capacity_mw":395.4,"status_group":"Operating","energy_sources":"NG","type":"Power plant","is_nuclear":false}},{"type":"Feature","geometry":{"type":"Point","coordinates":[-119.892,35.708]},"properties":{"key":"67749-69c1b4fb","layer":"power","name":"Pistachio Road 1726-WD","state":"CA","detail_file":"data/details/power-plants-35.json","plant_id":"67749","capacity_mw":4.8,"status_group":"Under construction","energy_sources":"SUN","type":"Power plant","is_nuclear":false}},{"type":"Feature","geometry":{"type":"Point","coordinates":[-118.45,34.41]},"properties":{"key":"66462-b23acc91","layer":"power","name":"Placerita ESS","state":"CA","detail_file":"data/details/power-plants-49.json","plant_id":"66462","capacity_mw":88.0,"status_group":"Operating","energy_sources":"MWH","type":"Power plant","is_nuclear":false}},{"type":"Feature","geometry":{"type":"Point","coordinates":[-117.938,33.694]},"properties":{"key":"50696-ef310877","layer":"power","name":"Plant No 1 Orange County","state":"CA","detail_file":"data/details/power-plants-17.json","plant_id":"50696","capacity_mw":7.5,"status_group":"Operating","energy_sources":"OBG","type":"Power plant","is_nuclear":false}},{"type":"Feature","geometry":{"type":"Point","coordinates":[-117.956,33.643]},"properties":{"key":"52099-7aa0a42a","layer":"power","name":"Plant No 2 Orange County","state":"CA","detail_file":"data/details/power-plants-37.json","plant_id":"52099","capacity_mw":16.0,"status_group":"Operating","energy_sources":"OBG; OTH","type":"Power plant","is_nuclear":false}},{"type":"Feature","geometry":{"type":"Point","coordinates":[-118.361,35.081]},"properties":{"key":"63482-7dc14653","layer":"power","name":"Point Wind","state":"CA","detail_file":"data/details/power-plants-14.json","plant_id":"63482","capacity_mw":64.5,"status_group":"Operating","energy_sources":"WND","type":"Power plant","is_nuclear":false}},{"type":"Feature","geometry":{"type":"Point","coordinates":[-117.032,32.94]},"properties":{"key":"67299-f38b4f75","layer":"power","name":"Pome BESS","state":"CA","detail_file":"data/details/power-plants-14.json","plant_id":"67299","capacity_mw":100.0,"status_group":"Operating","energy_sources":"MWH","type":"Power plant","is_nuclear":false}},{"type":"Feature","geometry":{"type":"Point","coordinates":[-118.28,33.728]},"properties":{"key":"61319-fed7ef54","layer":"power","name":"Port of LA Solar FiT Project","state":"CA","detail_file":"data/details/power-plants-48.json","plant_id":"61319","capacity_mw":1.1,"status_group":"Operating","energy_sources":"SUN","type":"Power plant","is_nuclear":false}},{"type":"Feature","geometry":{"type":"Point","coordinates":[-118.282,34.716]},"properties":{"key":"60310-4bca2462","layer":"power","name":"Portal Ridge Solar B, LLC","state":"CA","detail_file":"data/details/power-plants-29.json","plant_id":"60310","capacity_mw":20.0,"status_group":"Operating","energy_sources":"SUN","type":"Power plant","is_nuclear":false}},{"type":"Feature","geometry":{"type":"Point","coordinates":[-118.274,34.714]},"properties":{"key":"60311-cf6c4736","layer":"power","name":"Portal Ridge Solar C, LLC","state":"CA","detail_file":"data/details/power-plants-13.json","plant_id":"60311","capacity_mw":11.4,"status_group":"Operating","energy_sources":"SUN","type":"Power plant","is_nuclear":false}},{"type":"Feature","geometry":{"type":"Point","coordinates":[-117.145,34.497]},"properties":{"key":"58611-50b35a50","layer":"power","name":"Powhatan Solar Power Generation Station","state":"CA","detail_file":"data/details/power-plants-24.json","plant_id":"58611","capacity_mw":1.5,"status_group":"Operating","energy_sources":"SUN","type":"Power plant","is_nuclear":false}},{"type":"Feature","geometry":{"type":"Point","coordinates":[-118.584,34.239]},"properties":{"key":"64846-39f5fa01","layer":"power","name":"Prairie","state":"CA","detail_file":"data/details/power-plants-45.json","plant_id":"64846","capacity_mw":1.8,"status_group":"Operating","energy_sources":"SUN","type":"Power plant","is_nuclear":false}},{"type":"Feature","geometry":{"type":"Point","coordinates":[-118.024,34.023]},"properties":{"key":"10472-1721ad7a","layer":"power","name":"Puente Hills Energy Recovery","state":"CA","detail_file":"data/details/power-plants-18.json","plant_id":"10472","capacity_mw":50.0,"status_group":"Operating","energy_sources":"LFG","type":"Power plant","is_nuclear":false}},{"type":"Feature","geometry":{"type":"Point","coordinates":[-119.623,35.306]},"properties":{"key":"59322-b03779a5","layer":"power","name":"Pumpjack Solar I","state":"CA","detail_file":"data/details/power-plants-31.json","plant_id":"59322","capacity_mw":20.0,"status_group":"Operating","energy_sources":"SUN","type":"Power plant","is_nuclear":false}},{"type":"Feature","geometry":{"type":"Point","coordinates":[-117.175,33.051]},"properties":{"key":"50147-e830e31d","layer":"power","name":"R E Badger Filtration Plant","state":"CA","detail_file":"data/details/power-plants-09.json","plant_id":"50147","capacity_mw":1.4,"status_group":"Operating","energy_sources":"WAT","type":"Power plant","is_nuclear":false}},{"type":"Feature","geometry":{"type":"Point","coordinates":[-117.81,35.656]},"properties":{"key":"67533-5ffd41a8","layer":"power","name":"RB Inyokern Solar WDAT 1203 (CSG)","state":"CA","detail_file":"data/details/power-plants-00.json","plant_id":"67533","capacity_mw":19.9,"status_group":"Operating","energy_sources":"SUN","type":"Power plant","is_nuclear":false}},{"type":"Feature","geometry":{"type":"Point","coordinates":[-117.81,35.66]},"properties":{"key":"67534-e80707c9","layer":"power","name":"RB Inyokern Solar WDAT 1281 (CSG)","state":"CA","detail_file":"data/details/power-plants-35.json","plant_id":"67534","capacity_mw":11.9,"status_group":"Operating","energy_sources":"SUN","type":"Power plant","is_nuclear":false}},{"type":"Feature","geometry":{"type":"Point","coordinates":[-117.181,33.523]},"properties":{"key":"60426-5c62b62c","layer":"power","name":"RCWD PV Project","state":"CA","detail_file":"data/details/power-plants-43.json","plant_id":"60426","capacity_mw":4.1,"status_group":"Operating","energy_sources":"SUN","type":"Power plant","is_nuclear":false}},{"type":"Feature","geometry":{"type":"Point","coordinates":[-118.459,34.844]},"properties":{"key":"59976-af872bd7","layer":"power","name":"RE Astoria","state":"CA","detail_file":"data/details/power-plants-08.json","plant_id":"59976","capacity_mw":100.0,"status_group":"Operating","energy_sources":"SUN","type":"Power plant","is_nuclear":false}},{"type":"Feature","geometry":{"type":"Point","coordinates":[-118.48,34.837]},"properties":{"key":"59977-c9c71dcf","layer":"power","name":"RE Astoria 2","state":"CA","detail_file":"data/details/power-plants-21.json","plant_id":"59977","capacity_mw":75.0,"status_group":"Operating","energy_sources":"SUN","type":"Power plant","is_nuclear":false}},{"type":"Feature","geometry":{"type":"Point","coordinates":[-118.069,35.205]},"properties":{"key":"60389-ab319d0f","layer":"power","name":"RE Barren Ridge 1","state":"CA","detail_file":"data/details/power-plants-47.json","plant_id":"60389","capacity_mw":60.0,"status_group":"Operating","energy_sources":"SUN","type":"Power plant","is_nuclear":false}},{"type":"Feature","geometry":{"type":"Point","coordinates":[-118.186,35.027]},"properties":{"key":"58983-719fc652","layer":"power","name":"RE Camelot LLC","state":"CA","detail_file":"data/details/power-plants-12.json","plant_id":"58983","capacity_mw":45.0,"status_group":"Operating","energy_sources":"SUN","type":"Power plant","is_nuclear":false}},{"type":"Feature","geometry":{"type":"Point","coordinates":[-118.164,35.025]},"properties":{"key":"58502-832b8f5a","layer":"power","name":"RE Columbia 3 LLC","state":"CA","detail_file":"data/details/power-plants-32.json","plant_id":"58502","capacity_mw":10.0,"status_group":"Operating","energy_sources":"SUN","type":"Power plant","is_nuclear":false}},{"type":"Feature","geometry":{"type":"Point","coordinates":[-118.186,35.027]},"properties":{"key":"58990-a41f8316","layer":"power","name":"RE Columbia Two, LLC","state":"CA","detail_file":"data/details/power-plants-23.json","plant_id":"58990","capacity_mw":15.0,"status_group":"Operating","energy_sources":"SUN","type":"Power plant","is_nuclear":false}},{"type":"Feature","geometry":{"type":"Point","coordinates":[-118.525,34.825]},"properties":{"key":"60233-ae7e52d3","layer":"power","name":"RE Garland","state":"CA","detail_file":"data/details/power-plants-56.json","plant_id":"60233","capacity_mw":273.1,"status_group":"Operating","energy_sources":"MWH; SUN","type":"Power plant","is_nuclear":false}},{"type":"Feature","geometry":{"type":"Point","coordinates":[-118.497,34.821]},"properties":{"key":"60386-8a7cf8e2","layer":"power","name":"RE Garland A","state":"CA","detail_file":"data/details/power-plants-54.json","plant_id":"60386","capacity_mw":20.2,"status_group":"Operating","energy_sources":"SUN","type":"Power plant","is_nuclear":false}},{"type":"Feature","geometry":{"type":"Point","coordinates":[-118.551,34.835]},"properties":{"key":"61446-5fba864e","layer":"power","name":"RE Gaskell West 2 LLC","state":"CA","detail_file":"data/details/power-plants-61.json","plant_id":"61446","capacity_mw":65.0,"status_group":"Operating","energy_sources":"MWH; SUN","type":"Power plant","is_nuclear":false}},{"type":"Feature","geometry":{"type":"Point","coordinates":[-118.551,34.835]},"properties":{"key":"61447-a6e48f0e","layer":"power","name":"RE Gaskell West 3 LLC","state":"CA","detail_file":"data/details/power-plants-58.json","plant_id":"61447","capacity_mw":20.0,"status_group":"Operating","energy_sources":"SUN","type":"Power plant","is_nuclear":false}},{"type":"Feature","geometry":{"type":"Point","coordinates":[-118.568,34.828]},"properties":{"key":"61448-a88790a4","layer":"power","name":"RE Gaskell West 4 LLC","state":"CA","detail_file":"data/details/power-plants-59.json","plant_id":"61448","capacity_mw":20.0,"status_group":"Operating","energy_sources":"SUN","type":"Power plant","is_nuclear":false}},{"type":"Feature","geometry":{"type":"Point","coordinates":[-118.551,34.835]},"properties":{"key":"61449-4d741d9d","layer":"power","name":"RE Gaskell West 5 LLC","state":"CA","detail_file":"data/details/power-plants-26.json","plant_id":"61449","capacity_mw":20.0,"status_group":"Operating","energy_sources":"SUN","type":"Power plant","is_nuclear":false}},{"type":"Feature","geometry":{"type":"Point","coordinates":[-119.089,35.223]},"properties":{"key":"58986-735c5c8b","layer":"power","name":"RE Old River One, LLC","state":"CA","detail_file":"data/details/power-plants-15.json","plant_id":"58986","capacity_mw":20.0,"status_group":"Operating","energy_sources":"SUN","type":"Power plant","is_nuclear":false}},{"type":"Feature","geometry":{"type":"Point","coordinates":[-118.165,35.007]},"properties":{"key":"58500-3803ccf3","layer":"power","name":"RE Rio Grande Solar LLC","state":"CA","detail_file":"data/details/power-plants-24.json","plant_id":"58500","capacity_mw":5.0,"status_group":"Operating","energy_sources":"SUN","type":"Power plant","is_nuclear":false}},{"type":"Feature","geometry":{"type":"Point","coordinates":[-118.247,34.9]},"properties":{"key":"58498-d3210f4d","layer":"power","name":"RE Rosamond One LLC","state":"CA","detail_file":"data/details/power-plants-51.json","plant_id":"58498","capacity_mw":20.0,"status_group":"Operating","energy_sources":"SUN","type":"Power plant","is_nuclear":false}},{"type":"Feature","geometry":{"type":"Point","coordinates":[-118.238,34.9]},"properties":{"key":"58499-a463af1f","layer":"power","name":"RE Rosamond Two LLC","state":"CA","detail_file":"data/details/power-plants-08.json","plant_id":"58499","capacity_mw":20.0,"status_group":"Operating","energy_sources":"SUN","type":"Power plant","is_nuclear":false}},{"type":"Feature","geometry":{"type":"Point","coordinates":[-117.478,34.512]},"properties":{"key":"58202-d92414e0","layer":"power","name":"RE Victor Phelan Solar One LLC","state":"CA","detail_file":"data/details/power-plants-02.json","plant_id":"58202","capacity_mw":20.0,"status_group":"Operating","energy_sources":"SUN","type":"Power plant","is_nuclear":false}},{"type":"Feature","geometry":{"type":"Point","coordinates":[-118.928,34.2]},"properties":{"key":"69370-01052fed","layer":"power","name":"RP Minnesota Solar","state":"CA","detail_file":"data/details/power-plants-08.json","plant_id":"69370","capacity_mw":1.8,"status_group":"Operating","energy_sources":"SUN","type":"Power plant","is_nuclear":false}},{"type":"Feature","geometry":{"type":"Point","coordinates":[-117.273,34.112]},"properties":{"key":"61824-abf8b7c8","layer":"power","name":"RPUWD Scheuer Well Solar Project","state":"CA","detail_file":"data/details/power-plants-48.json","plant_id":"61824","capacity_mw":3.0,"status_group":"Operating","energy_sources":"SUN","type":"Power plant","is_nuclear":false}},{"type":"Feature","geometry":{"type":"Point","coordinates":[-118.32,34.83]},"properties":{"key":"64630-5d4772a6","layer":"power","name":"Rabbitbrush Solar, LLC","state":"CA","detail_file":"data/details/power-plants-08.json","plant_id":"64630","capacity_mw":120.0,"status_group":"Operating","energy_sources":"MWH; SUN","type":"Power plant","is_nuclear":false}},{"type":"Feature","geometry":{"type":"Point","coordinates":[-118.286,34.842]},"properties":{"key":"66773-5bfb9c35","layer":"power","name":"Raceway Solar & Storage","state":"CA","detail_file":"data/details/power-plants-60.json","plant_id":"66773","capacity_mw":205.0,"status_group":"Operating","energy_sources":"MWH; SUN","type":"Power plant","is_nuclear":false}},{"type":"Feature","geometry":{"type":"Point","coordinates":[-118.288,34.666]},"properties":{"key":"58354-038d01e2","layer":"power","name":"Radiance Solar 4","state":"CA","detail_file":"data/details/power-plants-04.json","plant_id":"58354","capacity_mw":1.5,"status_group":"Operating","energy_sources":"SUN","type":"Power plant","is_nuclear":false}},{"type":"Feature","geometry":{"type":"Point","coordinates":[-118.287,34.666]},"properties":{"key":"58355-6393651f","layer":"power","name":"Radiance Solar 5","state":"CA","detail_file":"data/details/power-plants-19.json","plant_id":"58355","capacity_mw":1.5,"status_group":"Operating","energy_sources":"SUN","type":"Power plant","is_nuclear":false}},{"type":"Feature","geometry":{"type":"Point","coordinates":[-116.875,33.012]},"properties":{"key":"58909-df9cf068","layer":"power","name":"Ramona 1","state":"CA","detail_file":"data/details/power-plants-30.json","plant_id":"58909","capacity_mw":2.0,"status_group":"Operating","energy_sources":"SUN","type":"Power plant","is_nuclear":false}},{"type":"Feature","geometry":{"type":"Point","coordinates":[-116.875,33.012]},"properties":{"key":"58911-eec837dc","layer":"power","name":"Ramona 2","state":"CA","detail_file":"data/details/power-plants-47.json","plant_id":"58911","capacity_mw":5.0,"status_group":"Operating","energy_sources":"SUN","type":"Power plant","is_nuclear":false}},{"type":"Feature","geometry":{"type":"Point","coordinates":[-116.861,33.018]},"properties":{"key":"60995-72065e95","layer":"power","name":"Ramona Solar Energy","state":"CA","detail_file":"data/details/power-plants-20.json","plant_id":"60995","capacity_mw":4.3,"status_group":"Operating","energy_sources":"SUN","type":"Power plant","is_nuclear":false}},{"type":"Feature","geometry":{"type":"Point","coordinates":[-117.553,34.1]},"properties":{"key":"59540-4957c7b6","layer":"power","name":"Rancho Cucamonga Dist #1","state":"CA","detail_file":"data/details/power-plants-34.json","plant_id":"59540","capacity_mw":1.8,"status_group":"Operating","energy_sources":"SUN","type":"Power plant","is_nuclear":false}},{"type":"Feature","geometry":{"type":"Point","coordinates":[-117.114,32.937]},"properties":{"key":"56615-8e29485c","layer":"power","name":"Rancho Penasquitos","state":"CA","detail_file":"data/details/power-plants-42.json","plant_id":"56615","capacity_mw":4.3,"status_group":"Under construction","energy_sources":"WAT","type":"Power plant","is_nuclear":false}},{"type":"Feature","geometry":{"type":"Point","coordinates":[-118.152,34.081]},"properties":{"key":"62458-03857988","layer":"power","name":"Ratkovich Alhambra","state":"CA","detail_file":"data/details/power-plants-13.json","plant_id":"62458","capacity_mw":1.0,"status_group":"Operating","energy_sources":"NG","type":"Power plant","is_nuclear":false}},{"type":"Feature","geometry":{"type":"Point","coordinates":[-117.189,33.394]},"properties":{"key":"484-f5b76fc1","layer":"power","name":"Red Mountain","state":"CA","detail_file":"data/details/power-plants-10.json","plant_id":"484","capacity_mw":5.9,"status_group":"Operating","energy_sources":"WAT","type":"Power plant","is_nuclear":false}},{"type":"Feature","geometry":{"type":"Point","coordinates":[-118.813,35.322]},"properties":{"key":"58831-614095cd","layer":"power","name":"Redcrest Solar Farm","state":"CA","detail_file":"data/details/power-plants-40.json","plant_id":"58831","capacity_mw":16.6,"status_group":"Operating","energy_sources":"SUN","type":"Power plant","is_nuclear":false}},{"type":"Feature","geometry":{"type":"Point","coordinates":[-117.206,34.036]},"properties":{"key":"66458-bcd4b7c1","layer":"power","name":"Redlands Community Hospital","state":"CA","detail_file":"data/details/power-plants-11.json","plant_id":"66458","capacity_mw":1.1,"status_group":"Operating","energy_sources":"NG","type":"Power plant","is_nuclear":false}},{"type":"Feature","geometry":{"type":"Point","coordinates":[-117.204,34.083]},"properties":{"key":"70012-99e771ea","layer":"power","name":"Redlands DC 9 - sline609","state":"CA","detail_file":"data/details/power-plants-40.json","plant_id":"70012","capacity_mw":5.0,"status_group":"Under construction","energy_sources":"MWH; SUN","type":"Power plant","is_nuclear":false}},{"type":"Feature","geometry":{"type":"Point","coordinates":[-118.812,35.314]},"properties":{"key":"60490-cbdb7924","layer":"power","name":"Redwood 4 Solar Farm","state":"CA","detail_file":"data/details/power-plants-50.json","plant_id":"60490","capacity_mw":20.0,"status_group":"Operating","energy_sources":"SUN","type":"Power plant","is_nuclear":false}},{"type":"Feature","geometry":{"type":"Point","coordinates":[-118.852,35.3]},"properties":{"key":"57650-6f0f9c56","layer":"power","name":"Regulus Solar Project","state":"CA","detail_file":"data/details/power-plants-39.json","plant_id":"57650","capacity_mw":60.0,"status_group":"Operating","energy_sources":"SUN","type":"Power plant","is_nuclear":false}},{"type":"Feature","geometry":{"type":"Point","coordinates":[-117.545,35.007]},"properties":{"key":"64489-0f195e19","layer":"power","name":"Resurgence Solar","state":"CA","detail_file":"data/details/power-plants-12.json","plant_id":"64489","capacity_mw":165.0,"status_group":"Operating","energy_sources":"MWH; SUN","type":"Power plant","is_nuclear":false}},{"type":"Feature","geometry":{"type":"Point","coordinates":[-117.545,35.007]},"properties":{"key":"66620-634c9135","layer":"power","name":"Resurgence Solar II","state":"CA","detail_file":"data/details/power-plants-37.json","plant_id":"66620","capacity_mw":88.0,"status_group":"Operating","energy_sources":"MWH; SUN","type":"Power plant","is_nuclear":false}},{"type":"Feature","geometry":{"type":"Point","coordinates":[-119.081,35.894]},"properties":{"key":"68485-526d54f3","layer":"power","name":"Rexford 2 Solar Farm","state":"CA","detail_file":"data/details/power-plants-47.json","plant_id":"68485","capacity_mw":400.0,"status_group":"Planned","energy_sources":"MWH; SUN","type":"Power plant","is_nuclear":false}},{"type":"Feature","geometry":{"type":"Point","coordinates":[-119.083,35.84]},"properties":{"key":"64633-cf3bf1c9","layer":"power","name":"Rexford Solar Farm","state":"CA","detail_file":"data/details/power-plants-57.json","plant_id":"64633","capacity_mw":540.0,"status_group":"Operating","energy_sources":"MWH; SUN","type":"Power plant","is_nuclear":false}},{"type":"Feature","geometry":{"type":"Point","coordinates":[-117.356,34.09]},"properties":{"key":"63986-934706b4","layer":"power","name":"Rialto - High School","state":"CA","detail_file":"data/details/power-plants-53.json","plant_id":"63986","capacity_mw":0.9,"status_group":"Operating","energy_sources":"SUN","type":"Power plant","is_nuclear":false}},{"type":"Feature","geometry":{"type":"Point","coordinates":[-116.931,32.584]},"properties":{"key":"54936-53eee2a9","layer":"power","name":"Richard J Donovan Correctional Facility","state":"CA","detail_file":"data/details/power-plants-25.json","plant_id":"54936","capacity_mw":2.6,"status_group":"Operating","energy_sources":"NG","type":"Power plant","is_nuclear":false}},{"type":"Feature","geometry":{"type":"Point","coordinates":[-118.315,35.074]},"properties":{"key":"54931-7c497c56","layer":"power","name":"Ridgetop","state":"CA","detail_file":"data/details/power-plants-19.json","plant_id":"54931","capacity_mw":46.8,"status_group":"Operating","energy_sources":"WND","type":"Power plant","is_nuclear":false}},{"type":"Feature","geometry":{"type":"Point","coordinates":[-118.317,35.07]},"properties":{"key":"10597-c9fc8e0c","layer":"power","name":"Ridgetop Energy LLC","state":"CA","detail_file":"data/details/power-plants-36.json","plant_id":"10597","capacity_mw":29.0,"status_group":"Operating","energy_sources":"WND","type":"Power plant","is_nuclear":false}},{"type":"Feature","geometry":{"type":"Point","coordinates":[-118.822,35.43]},"properties":{"key":"50037-e0a7028f","layer":"power","name":"Rio Bravo Hydro Project","state":"CA","detail_file":"data/details/power-plants-04.json","plant_id":"50037","capacity_mw":14.0,"status_group":"Operating","energy_sources":"WAT","type":"Power plant","is_nuclear":false}},{"type":"Feature","geometry":{"type":"Point","coordinates":[-119.683,35.416]},"properties":{"key":"59249-7cb4bcbc","layer":"power","name":"Rio Bravo Solar 1 LLC","state":"CA","detail_file":"data/details/power-plants-22.json","plant_id":"59249","capacity_mw":20.0,"status_group":"Operating","energy_sources":"SUN","type":"Power plant","is_nuclear":false}},{"type":"Feature","geometry":{"type":"Point","coordinates":[-119.629,35.422]},"properties":{"key":"59250-fe5cfdf1","layer":"power","name":"Rio Bravo Solar II LLC","state":"CA","detail_file":"data/details/power-plants-35.json","plant_id":"59250","capacity_mw":20.0,"status_group":"Operating","energy_sources":"SUN","type":"Power plant","is_nuclear":false}},{"type":"Feature","geometry":{"type":"Point","coordinates":[-118.099,34.005]},"properties":{"key":"482-603b34bd","layer":"power","name":"Rio Hondo","state":"CA","detail_file":"data/details/power-plants-16.json","plant_id":"482","capacity_mw":1.9,"status_group":"Operating","energy_sources":"WAT","type":"Power plant","is_nuclear":false}},{"type":"Feature","geometry":{"type":"Point","coordinates":[-118.218,35.078]},"properties":{"key":"57621-11c04c51","layer":"power","name":"Rising Tree Wind Farm","state":"CA","detail_file":"data/details/power-plants-16.json","plant_id":"57621","capacity_mw":79.2,"status_group":"Operating","energy_sources":"WND","type":"Power plant","is_nuclear":false}},{"type":"Feature","geometry":{"type":"Point","coordinates":[-118.206,35.089]},"properties":{"key":"59235-70055fd5","layer":"power","name":"Rising Tree Wind Farm II","state":"CA","detail_file":"data/details/power-plants-37.json","plant_id":"59235","capacity_mw":19.8,"status_group":"Operating","energy_sources":"WND","type":"Power plant","is_nuclear":false}},{"type":"Feature","geometry":{"type":"Point","coordinates":[-118.243,35.061]},"properties":{"key":"59236-79ac73cb","layer":"power","name":"Rising Tree Wind Farm III","state":"CA","detail_file":"data/details/power-plants-51.json","plant_id":"59236","capacity_mw":99.0,"status_group":"Operating","energy_sources":"WND","type":"Power plant","is_nuclear":false}},{"type":"Feature","geometry":{"type":"Point","coordinates":[-117.381,33.972]},"properties":{"key":"70096-f5435c5a","layer":"power","name":"Riverside Community College","state":"CA","detail_file":"data/details/power-plants-35.json","plant_id":"70096","capacity_mw":2.6,"status_group":"Operating","energy_sources":"MWH; SUN","type":"Power plant","is_nuclear":false}},{"type":"Feature","geometry":{"type":"Point","coordinates":[-117.453,33.964]},"properties":{"key":"56143-91cd2127","layer":"power","name":"Riverside Energy Resource Center","state":"CA","detail_file":"data/details/power-plants-12.json","plant_id":"56143","capacity_mw":196.0,"status_group":"Operating","energy_sources":"NG","type":"Power plant","is_nuclear":false}},{"type":"Feature","geometry":{"type":"Point","coordinates":[-117.456,33.962]},"properties":{"key":"59877-b6d83a4d","layer":"power","name":"Riverside RWQCP Fuel Cell","state":"CA","detail_file":"data/details/power-plants-49.json","plant_id":"59877","capacity_mw":1.4,"status_group":"Operating","energy_sources":"OBG","type":"Power plant","is_nuclear":false}},{"type":"Feature","geometry":{"type":"Point","coordinates":[-118.289,34.713]},"properties":{"key":"58751-9d786445","layer":"power","name":"Rodeo Solar C2","state":"CA","detail_file":"data/details/power-plants-24.json","plant_id":"58751","capacity_mw":1.5,"status_group":"Operating","energy_sources":"SUN","type":"Power plant","is_nuclear":false}},{"type":"Feature","geometry":{"type":"Point","coordinates":[-118.289,34.713]},"properties":{"key":"58752-3f96c363","layer":"power","name":"Rodeo Solar D2","state":"CA","detail_file":"data/details/power-plants-42.json","plant_id":"58752","capacity_mw":1.5,"status_group":"Operating","energy_sources":"SUN","type":"Power plant","is_nuclear":false}},{"type":"Feature","geometry":{"type":"Point","coordinates":[-118.379,34.842]},"properties":{"key":"67764-f2c746ff","layer":"power","name":"Rosamond South 1","state":"CA","detail_file":"data/details/power-plants-43.json","plant_id":"67764","capacity_mw":257.0,"status_group":"Operating","energy_sources":"MWH; SUN","type":"Power plant","is_nuclear":false}},{"type":"Feature","geometry":{"type":"Point","coordinates":[-118.431,34.852]},"properties":{"key":"69648-00bc233e","layer":"power","name":"Rosamond South II","state":"CA","detail_file":"data/details/power-plants-49.json","plant_id":"69648","capacity_mw":140.0,"status_group":"Under construction","energy_sources":"MWH","type":"Power plant","is_nuclear":false}},{"type":"Feature","geometry":{"type":"Point","coordinates":[-119.365,35.391]},"properties":{"key":"70088-b6493755","layer":"power","name":"Rosedale","state":"CA","detail_file":"data/details/power-plants-54.json","plant_id":"70088","capacity_mw":1.8,"status_group":"Under construction","energy_sources":"SUN","type":"Power plant","is_nuclear":false}},{"type":"Feature","geometry":{"type":"Point","coordinates":[-117.324,34.766]},"properties":{"key":"59410-a70d633a","layer":"power","name":"Rudy Solar, LLC","state":"CA","detail_file":"data/details/power-plants-19.json","plant_id":"59410","capacity_mw":1.5,"status_group":"Operating","energy_sources":"SUN","type":"Power plant","is_nuclear":false}},{"type":"Feature","geometry":{"type":"Point","coordinates":[-118.163,34.644]},"properties":{"key":"58449-46bee2a8","layer":"power","name":"Rutan","state":"CA","detail_file":"data/details/power-plants-06.json","plant_id":"58449","capacity_mw":4.0,"status_group":"Operating","energy_sources":"SUN","type":"Power plant","is_nuclear":false}},{"type":"Feature","geometry":{"type":"Point","coordinates":[-117.287,34.076]},"properties":{"key":"64027-e07dedbd","layer":"power","name":"SB Water Reclamation Fuel Cell","state":"CA","detail_file":"data/details/power-plants-45.json","plant_id":"64027","capacity_mw":1.4,"status_group":"Operating","energy_sources":"OBG","type":"Power plant","is_nuclear":false}},{"type":"Feature","geometry":{"type":"Point","coordinates":[-117.563,34.474]},"properties":{"key":"59359-b621ab67","layer":"power","name":"SCE-Snowline-Duncan Road (North)","state":"CA","detail_file":"data/details/power-plants-28.json","plant_id":"59359","capacity_mw":1.5,"status_group":"Operating","energy_sources":"SUN","type":"Power plant","is_nuclear":false}},{"type":"Feature","geometry":{"type":"Point","coordinates":[-117.562,34.471]},"properties":{"key":"59360-c050df9e","layer":"power","name":"SCE-Snowline-Duncan Road (South)","state":"CA","detail_file":"data/details/power-plants-10.json","plant_id":"59360","capacity_mw":1.0,"status_group":"Operating","energy_sources":"SUN","type":"Power plant","is_nuclear":false}},{"type":"Feature","geometry":{"type":"Point","coordinates":[-117.47,34.415]},"properties":{"key":"59423-d4060d81","layer":"power","name":"SCE-Snowline-White Rd (Central)","state":"CA","detail_file":"data/details/power-plants-35.json","plant_id":"59423","capacity_mw":1.5,"status_group":"Operating","energy_sources":"SUN","type":"Power plant","is_nuclear":false}},{"type":"Feature","geometry":{"type":"Point","coordinates":[-117.47,34.417]},"properties":{"key":"59422-d2bc298d","layer":"power","name":"SCE-Snowline-White Road (North)","state":"CA","detail_file":"data/details/power-plants-18.json","plant_id":"59422","capacity_mw":1.5,"status_group":"Operating","energy_sources":"SUN","type":"Power plant","is_nuclear":false}},{"type":"Feature","geometry":{"type":"Point","coordinates":[-117.471,34.413]},"properties":{"key":"59421-9654e211","layer":"power","name":"SCE-Snowline-White Road (South)","state":"CA","detail_file":"data/details/power-plants-23.json","plant_id":"59421","capacity_mw":1.5,"status_group":"Operating","energy_sources":"SUN","type":"Power plant","is_nuclear":false}},{"type":"Feature","geometry":{"type":"Point","coordinates":[-118.511,34.433]},"properties":{"key":"63385-8621b065","layer":"power","name":"SCV Water - Gladbach Water Treatment Plant Phases I and II","state":"CA","detail_file":"data/details/power-plants-59.json","plant_id":"63385","capacity_mw":4.5,"status_group":"Operating","energy_sources":"SUN","type":"Power plant","is_nuclear":false}},{"type":"Feature","geometry":{"type":"Point","coordinates":[-117.121,32.906]},"properties":{"key":"59138-0f2ede50","layer":"power","name":"SDCCD - Miramar","state":"CA","detail_file":"data/details/power-plants-45.json","plant_id":"59138","capacity_mw":1.0,"status_group":"Operating","energy_sources":"SUN","type":"Power plant","is_nuclear":false}},{"type":"Feature","geometry":{"type":"Point","coordinates":[-117.171,33.21]},"properties":{"key":"59139-2dbdccb1","layer":"power","name":"SDCWA - Twin Oaks","state":"CA","detail_file":"data/details/power-plants-40.json","plant_id":"59139","capacity_mw":1.0,"status_group":"Operating","energy_sources":"SUN","type":"Power plant","is_nuclear":false}},{"type":"Feature","geometry":{"type":"Point","coordinates":[-117.939,34.619]},"properties":{"key":"58073-3756a728","layer":"power","name":"SEPV 1","state":"CA","detail_file":"data/details/power-plants-26.json","plant_id":"58073","capacity_mw":2.0,"status_group":"Operating","energy_sources":"SUN","type":"Power plant","is_nuclear":false}},{"type":"Feature","geometry":{"type":"Point","coordinates":[-117.934,34.614]},"properties":{"key":"59730-965d4e60","layer":"power","name":"SEPV 18","state":"CA","detail_file":"data/details/power-plants-19.json","plant_id":"59730","capacity_mw":2.0,"status_group":"Operating","energy_sources":"SUN","type":"Power plant","is_nuclear":false}},{"type":"Feature","geometry":{"type":"Point","coordinates":[-116.153,34.174]},"properties":{"key":"58074-d3db0126","layer":"power","name":"SEPV 2","state":"CA","detail_file":"data/details/power-plants-23.json","plant_id":"58074","capacity_mw":2.0,"status_group":"Operating","energy_sources":"SUN","type":"Power plant","is_nuclear":false}},{"type":"Feature","geometry":{"type":"Point","coordinates":[-116.153,34.172]},"properties":{"key":"58234-b04b7bf7","layer":"power","name":"SEPV 8","state":"CA","detail_file":"data/details/power-plants-49.json","plant_id":"58234","capacity_mw":12.0,"status_group":"Operating","energy_sources":"SUN","type":"Power plant","is_nuclear":false}},{"type":"Feature","geometry":{"type":"Point","coordinates":[-119.585,34.905]},"properties":{"key":"66807-d3497858","layer":"power","name":"SEPV Cuyama Hybrid","state":"CA","detail_file":"data/details/power-plants-29.json","plant_id":"66807","capacity_mw":4.6,"status_group":"Operating","energy_sources":"MWH; SUN","type":"Power plant","is_nuclear":false}},{"type":"Feature","geometry":{"type":"Point","coordinates":[-118.283,35.023]},"properties":{"key":"59740-3a65a71b","layer":"power","name":"SEPV Mojave West","state":"CA","detail_file":"data/details/power-plants-60.json","plant_id":"59740","capacity_mw":20.0,"status_group":"Operating","energy_sources":"SUN","type":"Power plant","is_nuclear":false}},{"type":"Feature","geometry":{"type":"Point","coordinates":[-117.939,34.613]},"properties":{"key":"59273-df0a508a","layer":"power","name":"SEPV Palmdale East","state":"CA","detail_file":"data/details/power-plants-20.json","plant_id":"59273","capacity_mw":10.0,"status_group":"Operating","energy_sources":"SUN","type":"Power plant","is_nuclear":false}},{"type":"Feature","geometry":{"type":"Point","coordinates":[-118.138,34.733]},"properties":{"key":"64611-c2f2c3ef","layer":"power","name":"SEPV Sierra","state":"CA","detail_file":"data/details/power-plants-06.json","plant_id":"64611","capacity_mw":11.3,"status_group":"Operating","energy_sources":"MWH; SUN","type":"Power plant","is_nuclear":false}},{"type":"Feature","geometry":{"type":"Point","coordinates":[-116.09,34.192]},"properties":{"key":"58227-d0fc4d96","layer":"power","name":"SEPV9 Power Plant","state":"CA","detail_file":"data/details/power-plants-37.json","plant_id":"58227","capacity_mw":9.0,"status_group":"Operating","energy_sources":"SUN","type":"Power plant","is_nuclear":false}},{"type":"Feature","geometry":{"type":"Point","coordinates":[-119.894,35.767]},"properties":{"key":"66890-3ecf59ee","layer":"power","name":"SF Azalea, LLC","state":"CA","detail_file":"data/details/power-plants-14.json","plant_id":"66890","capacity_mw":98.0,"status_group":"Operating","energy_sources":"MWH; SUN","type":"Power plant","is_nuclear":false}},{"type":"Feature","geometry":{"type":"Point","coordinates":[-117.777,33.676]},"properties":{"key":"63617-d51b8a50","layer":"power","name":"SOCCD","state":"CA","detail_file":"data/details/power-plants-11.json","plant_id":"63617","capacity_mw":1.3,"status_group":"Operating","energy_sources":"MWH","type":"Power plant","is_nuclear":false}},{"type":"Feature","geometry":{"type":"Point","coordinates":[-117.376,33.981]},"properties":{"key":"65002-28688196","layer":"power","name":"SSI West Riverside Landfill LLC","state":"CA","detail_file":"data/details/power-plants-10.json","plant_id":"65002","capacity_mw":2.5,"status_group":"Operating","energy_sources":"SUN","type":"Power plant","is_nuclear":false}},{"type":"Feature","geometry":{"type":"Point","coordinates":[-118.263,35.048]},"properties":{"key":"65933-27013012","layer":"power","name":"Sagebrush ESS","state":"CA","detail_file":"data/details/power-plants-43.json","plant_id":"65933","capacity_mw":80.0,"status_group":"Operating","energy_sources":"MWH","type":"Power plant","is_nuclear":false}},{"type":"Feature","geometry":{"type":"Point","coordinates":[-118.263,35.048]},"properties":{"key":"66949-6c080a03","layer":"power","name":"Sagebrush Solar 2 ESS 40","state":"CA","detail_file":"data/details/power-plants-21.json","plant_id":"66949","capacity_mw":40.0,"status_group":"Operating","energy_sources":"MWH","type":"Power plant","is_nuclear":false}},{"type":"Feature","geometry":{"type":"Point","coordinates":[-118.263,35.048]},"properties":{"key":"66950-cb019efe","layer":"power","name":"Sagebrush Solar 2 ESS 59","state":"CA","detail_file":"data/details/power-plants-04.json","plant_id":"66950","capacity_mw":59.0,"status_group":"Operating","energy_sources":"MWH","type":"Power plant","is_nuclear":false}},{"type":"Feature","geometry":{"type":"Point","coordinates":[-118.478,34.03]},"properties":{"key":"50610-33a3f524","layer":"power","name":"Saint Johns Health Center","state":"CA","detail_file":"data/details/power-plants-30.json","plant_id":"50610","capacity_mw":1.2,"status_group":"Operating","energy_sources":"NG","type":"Power plant","is_nuclear":false}},{"type":"Feature","geometry":{"type":"Point","coordinates":[-116.71,33.915]},"properties":{"key":"50552-127ff4cc","layer":"power","name":"Salka Cabazon Wind","state":"CA","detail_file":"data/details/power-plants-03.json","plant_id":"50552","capacity_mw":38.9,"status_group":"Operating","energy_sources":"WND","type":"Power plant","is_nuclear":false}},{"type":"Feature","geometry":{"type":"Point","coordinates":[-117.638,34.102]},"properties":{"key":"50234-a56095c0","layer":"power","name":"San Antonio Regional Hospital","state":"CA","detail_file":"data/details/power-plants-11.json","plant_id":"50234","capacity_mw":2.7,"status_group":"Operating","energy_sources":"NG","type":"Power plant","is_nuclear":false}},{"type":"Feature","geometry":{"type":"Point","coordinates":[-117.659,33.966]},"properties":{"key":"57904-5ee4c414","layer":"power","name":"San Antonio West Solar Rooftop","state":"CA","detail_file":"data/details/power-plants-56.json","plant_id":"57904","capacity_mw":1.5,"status_group":"Operating","energy_sources":"SUN","type":"Power plant","is_nuclear":false}},{"type":"Feature","geometry":{"type":"Point","coordinates":[-116.919,32.59]},"properties":{"key":"64028-c3269aa5","layer":"power","name":"San Diego - EMDF at San Diego","state":"CA","detail_file":"data/details/power-plants-44.json","plant_id":"64028","capacity_mw":2.9,"status_group":"Operating","energy_sources":"SUN","type":"Power plant","is_nuclear":false}},{"type":"Feature","geometry":{"type":"Point","coordinates":[-117.256,33.19]},"properties":{"key":"64049-2312297c","layer":"power","name":"San Diego - NCRC at Vista","state":"CA","detail_file":"data/details/power-plants-10.json","plant_id":"64049","capacity_mw":1.8,"status_group":"Operating","energy_sources":"SUN","type":"Power plant","is_nuclear":false}},{"type":"Feature","geometry":{"type":"Point","coordinates":[-117.168,32.806]},"properties":{"key":"66143-c8de1719","layer":"power","name":"San Diego Community College","state":"CA","detail_file":"data/details/power-plants-05.json","plant_id":"66143","capacity_mw":1.0,"status_group":"Operating","energy_sources":"NG","type":"Power plant","is_nuclear":false}},{"type":"Feature","geometry":{"type":"Point","coordinates":[-117.193,32.734]},"properties":{"key":"62754-5d20c014","layer":"power","name":"San Diego International Airport BESS","state":"CA","detail_file":"data/details/power-plants-39.json","plant_id":"62754","capacity_mw":2.0,"status_group":"Operating","energy_sources":"MWH","type":"Power plant","is_nuclear":false}},{"type":"Feature","geometry":{"type":"Point","coordinates":[-117.315,33.208]},"properties":{"key":"69712-dbfd5ba0","layer":"power","name":"San Diego Sockers","state":"CA","detail_file":"data/details/power-plants-63.json","plant_id":"69712","capacity_mw":1.1,"status_group":"Operating","energy_sources":"MWH; SUN","type":"Power plant","is_nuclear":false}},{"type":"Feature","geometry":{"type":"Point","coordinates":[-117.07,32.778]},"properties":{"key":"50061-4aa06915","layer":"power","name":"San Diego State University","state":"CA","detail_file":"data/details/power-plants-36.json","plant_id":"50061","capacity_mw":15.1,"status_group":"Operating","energy_sources":"NG; SUN","type":"Power plant","is_nuclear":false}},{"type":"Feature","geometry":{"type":"Point","coordinates":[-117.796,34.127]},"properties":{"key":"6646-c399ae99","layer":"power","name":"San Dimas","state":"CA","detail_file":"data/details/power-plants-61.json","plant_id":"6646","capacity_mw":9.9,"status_group":"Operating","energy_sources":"WAT","type":"Power plant","is_nuclear":false}},{"type":"Feature","geometry":{"type":"Point","coordinates":[-117.805,34.124]},"properties":{"key":"50233-aecd8e84","layer":"power","name":"San Dimas Wash Generating Station","state":"CA","detail_file":"data/details/power-plants-34.json","plant_id":"50233","capacity_mw":1.0,"status_group":"Operating","energy_sources":"WAT","type":"Power plant","is_nuclear":false}},{"type":"Feature","geometry":{"type":"Point","coordinates":[-118.493,34.313]},"properties":{"key":"403-d7f5d9bc","layer":"power","name":"San Fernando","state":"CA","detail_file":"data/details/power-plants-34.json","plant_id":"403","capacity_mw":5.6,"status_group":"Operating","energy_sources":"WAT","type":"Power plant","is_nuclear":false}},{"type":"Feature","geometry":{"type":"Point","coordinates":[-118.455,34.59]},"properties":{"key":"6479-9cda834b","layer":"power","name":"San Francisquito 1","state":"CA","detail_file":"data/details/power-plants-35.json","plant_id":"6479","capacity_mw":65.5,"status_group":"Operating","energy_sources":"WAT","type":"Power plant","is_nuclear":false}},{"type":"Feature","geometry":{"type":"Point","coordinates":[-118.525,34.534]},"properties":{"key":"6480-1014367f","layer":"power","name":"San Francisquito 2","state":"CA","detail_file":"data/details/power-plants-32.json","plant_id":"6480","capacity_mw":46.0,"status_group":"Operating","energy_sources":"WAT","type":"Power plant","is_nuclear":false}},{"type":"Feature","geometry":{"type":"Point","coordinates":[-117.856,34.204]},"properties":{"key":"54017-db63e587","layer":"power","name":"San Gabriel Hydro Project","state":"CA","detail_file":"data/details/power-plants-43.json","plant_id":"54017","capacity_mw":5.0,"status_group":"Operating","energy_sources":"WAT","type":"Power plant","is_nuclear":false}},{"type":"Feature","geometry":{"type":"Point","coordinates":[-116.615,33.926]},"properties":{"key":"50281-e05c6241","layer":"power","name":"San Gorgonio Farms Wind Farm","state":"CA","detail_file":"data/details/power-plants-58.json","plant_id":"50281","capacity_mw":31.0,"status_group":"Operating","energy_sources":"WND","type":"Power plant","is_nuclear":false}},{"type":"Feature","geometry":{"type":"Point","coordinates":[-116.578,33.934]},"properties":{"key":"50690-5d54d518","layer":"power","name":"San Gorgonio Westwinds II LLC","state":"CA","detail_file":"data/details/power-plants-31.json","plant_id":"50690","capacity_mw":43.4,"status_group":"Operating","energy_sources":"WND","type":"Power plant","is_nuclear":false}},{"type":"Feature","geometry":{"type":"Point","coordinates":[-116.574,33.918]},"properties":{"key":"54454-2c0f8624","layer":"power","name":"San Gorgonio Windplant WPP1993","state":"CA","detail_file":"data/details/power-plants-54.json","plant_id":"54454","capacity_mw":49.5,"status_group":"Operating","energy_sources":"WND","type":"Power plant","is_nuclear":false}},{"type":"Feature","geometry":{"type":"Point","coordinates":[-116.874,33.923]},"properties":{"key":"65657-2b36bce1","layer":"power","name":"San Jacinto Grid, LLC","state":"CA","detail_file":"data/details/power-plants-41.json","plant_id":"65657","capacity_mw":65.0,"status_group":"Operating","energy_sources":"MWH","type":"Power plant","is_nuclear":false}},{"type":"Feature","geometry":{"type":"Point","coordinates":[-117.23,34.151]},"properties":{"key":"66472-a71208e9","layer":"power","name":"San Manuel Central Plant Cogens","state":"CA","detail_file":"data/details/power-plants-41.json","plant_id":"66472","capacity_mw":5.4,"status_group":"Operating","energy_sources":"NG","type":"Power plant","is_nuclear":false}},{"type":"Feature","geometry":{"type":"Point","coordinates":[-118.28,34.724]},"properties":{"key":"62004-5b65da35","layer":"power","name":"San Pablo Raceway","state":"CA","detail_file":"data/details/power-plants-56.json","plant_id":"62004","capacity_mw":100.0,"status_group":"Operating","energy_sources":"SUN","type":"Power plant","is_nuclear":false}},{"type":"Feature","geometry":{"type":"Point","coordinates":[-118.279,33.731]},"properties":{"key":"69211-46135186","layer":"power","name":"San Pedro Public Market (SPPM)","state":"CA","detail_file":"data/details/power-plants-14.json","plant_id":"69211","capacity_mw":1.2,"status_group":"Planned","energy_sources":"SUN","type":"Power plant","is_nuclear":false}},{"type":"Feature","geometry":{"type":"Point","coordinates":[-118.139,35.027]},"properties":{"key":"64712-7400a3a4","layer":"power","name":"Sanborn BESS 1","state":"CA","detail_file":"data/details/power-plants-36.json","plant_id":"64712","capacity_mw":100.0,"status_group":"Operating","energy_sources":"MWH","type":"Power plant","is_nuclear":false}},{"type":"Feature","geometry":{"type":"Point","coordinates":[-118.14,35.027]},"properties":{"key":"64713-a80a22c3","layer":"power","name":"Sanborn BESS 2","state":"CA","detail_file":"data/details/power-plants-58.json","plant_id":"64713","capacity_mw":100.0,"status_group":"Operating","energy_sources":"MWH","type":"Power plant","is_nuclear":false}},{"type":"Feature","geometry":{"type":"Point","coordinates":[-118.139,35.027]},"properties":{"key":"65672-6ef5272b","layer":"power","name":"Sanborn BESS 3","state":"CA","detail_file":"data/details/power-plants-43.json","plant_id":"65672","capacity_mw":169.0,"status_group":"Operating","energy_sources":"MWH","type":"Power plant","is_nuclear":false}},{"type":"Feature","geometry":{"type":"Point","coordinates":[-118.108,34.958]},"properties":{"key":"65673-6305e98b","layer":"power","name":"Sanborn BESS 4","state":"CA","detail_file":"data/details/power-plants-27.json","plant_id":"65673","capacity_mw":47.0,"status_group":"Operating","energy_sources":"MWH","type":"Power plant","is_nuclear":false}},{"type":"Feature","geometry":{"type":"Point","coordinates":[-118.114,34.996]},"properties":{"key":"69956-e4d519e8","layer":"power","name":"Sanborn Hybrid 3","state":"CA","detail_file":"data/details/power-plants-15.json","plant_id":"69956","capacity_mw":578.0,"status_group":"Under construction","energy_sources":"MWH; SUN","type":"Power plant","is_nuclear":false}},{"type":"Feature","geometry":{"type":"Point","coordinates":[-119.111,35.113]},"properties":{"key":"65664-82e8f0d4","layer":"power","name":"Sandrini Solar 100","state":"CA","detail_file":"data/details/power-plants-22.json","plant_id":"65664","capacity_mw":195.4,"status_group":"Operating","energy_sources":"MWH; SUN","type":"Power plant","is_nuclear":false}},{"type":"Feature","geometry":{"type":"Point","coordinates":[-119.054,35.103]},"properties":{"key":"65663-e1021c1c","layer":"power","name":"Sandrini Solar 200","state":"CA","detail_file":"data/details/power-plants-08.json","plant_id":"65663","capacity_mw":200.0,"status_group":"Operating","energy_sources":"SUN","type":"Power plant","is_nuclear":false}},{"type":"Feature","geometry":{"type":"Point","coordinates":[-117.058,34.145]},"properties":{"key":"361-cee87bcc","layer":"power","name":"Santa Ana 1","state":"CA","detail_file":"data/details/power-plants-43.json","plant_id":"361","capacity_mw":3.2,"status_group":"Operating","energy_sources":"WAT","type":"Power plant","is_nuclear":false}},{"type":"Feature","geometry":{"type":"Point","coordinates":[-117.099,34.107]},"properties":{"key":"363-a009933f","layer":"power","name":"Santa Ana 3","state":"CA","detail_file":"data/details/power-plants-14.json","plant_id":"363","capacity_mw":3.1,"status_group":"Operating","energy_sources":"WAT","type":"Power plant","is_nuclear":false}},{"type":"Feature","geometry":{"type":"Point","coordinates":[-118.044,33.911]},"properties":{"key":"58913-826f8389","layer":"power","name":"Santa Fe Springs Rooftop Solar BLDG H","state":"CA","detail_file":"data/details/power-plants-39.json","plant_id":"58913","capacity_mw":1.5,"status_group":"Operating","energy_sources":"SUN","type":"Power plant","is_nuclear":false}},{"type":"Feature","geometry":{"type":"Point","coordinates":[-118.044,33.911]},"properties":{"key":"58912-5799c197","layer":"power","name":"Santa Fe Springs Rooftop Solar BLDG M","state":"CA","detail_file":"data/details/power-plants-02.json","plant_id":"58912","capacity_mw":1.8,"status_group":"Operating","energy_sources":"SUN","type":"Power plant","is_nuclear":false}},{"type":"Feature","geometry":{"type":"Point","coordinates":[-118.751,34.462]},"properties":{"key":"50076-41b4437e","layer":"power","name":"Santa Felicia Dam","state":"CA","detail_file":"data/details/power-plants-63.json","plant_id":"50076","capacity_mw":1.3,"status_group":"Operating","energy_sources":"WAT","type":"Power plant","is_nuclear":false}},{"type":"Feature","geometry":{"type":"Point","coordinates":[-119.055,34.357]},"properties":{"key":"65397-9baf8ca8","layer":"power","name":"Santa Paula Energy Storage LLC","state":"CA","detail_file":"data/details/power-plants-53.json","plant_id":"65397","capacity_mw":30.0,"status_group":"Operating","energy_sources":"MWH","type":"Power plant","is_nuclear":false}},{"type":"Feature","geometry":{"type":"Point","coordinates":[-116.968,32.855]},"properties":{"key":"67118-3f8d0bd9","layer":"power","name":"Santee BESS","state":"CA","detail_file":"data/details/power-plants-41.json","plant_id":"67118","capacity_mw":10.0,"status_group":"Operating","energy_sources":"MWH","type":"Power plant","is_nuclear":false}},{"type":"Feature","geometry":{"type":"Point","coordinates":[-119.157,34.257]},"properties":{"key":"63891-90c03caf","layer":"power","name":"Saticoy","state":"CA","detail_file":"data/details/power-plants-17.json","plant_id":"63891","capacity_mw":100.0,"status_group":"Operating","energy_sources":"MWH","type":"Power plant","is_nuclear":false}},{"type":"Feature","geometry":{"type":"Point","coordinates":[-118.428,33.918]},"properties":{"key":"404-2aad14d5","layer":"power","name":"Scattergood","state":"CA","detail_file":"data/details/power-plants-41.json","plant_id":"404","capacity_mw":876.0,"status_group":"Operating","energy_sources":"NG","type":"Power plant","is_nuclear":false}},{"type":"Feature","geometry":{"type":"Point","coordinates":[-118.193,34.156]},"properties":{"key":"69749-436cbc48","layer":"power","name":"Scholl Canyon","state":"CA","detail_file":"data/details/power-plants-48.json","plant_id":"69749","capacity_mw":12.0,"status_group":"Under construction","energy_sources":"LFG","type":"Power plant","is_nuclear":false}},{"type":"Feature","geometry":{"type":"Point","coordinates":[-117.005,32.587]},"properties":{"key":"61843-d68a359c","layer":"power","name":"SeaWorld Aquatica","state":"CA","detail_file":"data/details/power-plants-00.json","plant_id":"61843","capacity_mw":1.1,"status_group":"Operating","energy_sources":"SUN","type":"Power plant","is_nuclear":false}},{"type":"Feature","geometry":{"type":"Point","coordinates":[-116.571,33.934]},"properties":{"key":"57482-dd52dfca","layer":"power","name":"Sentinel Energy Center, LLC","state":"CA","detail_file":"data/details/power-plants-23.json","plant_id":"57482","capacity_mw":800.0,"status_group":"Operating","energy_sources":"NG","type":"Power plant","is_nuclear":false}},{"type":"Feature","geometry":{"type":"Point","coordinates":[-117.534,34.092]},"properties":{"key":"65456-7be8ac67","layer":"power","name":"Separator (Etiwanda) BESS","state":"CA","detail_file":"data/details/power-plants-19.json","plant_id":"65456","capacity_mw":112.5,"status_group":"Operating","energy_sources":"MWH","type":"Power plant","is_nuclear":false}},{"type":"Feature","geometry":{"type":"Point","coordinates":[-118.48,34.097]},"properties":{"key":"316-93e5a99f","layer":"power","name":"Sepulveda Canyon","state":"CA","detail_file":"data/details/power-plants-46.json","plant_id":"316","capacity_mw":8.5,"status_group":"Operating","energy_sources":"WAT","type":"Power plant","is_nuclear":false}},{"type":"Feature","geometry":{"type":"Point","coordinates":[-116.014,33.112]},"properties":{"key":"59722-d8819823","layer":"power","name":"Seville 1","state":"CA","detail_file":"data/details/power-plants-43.json","plant_id":"59722","capacity_mw":20.0,"status_group":"Operating","energy_sources":"SUN","type":"Power plant","is_nuclear":false}},{"type":"Feature","geometry":{"type":"Point","coordinates":[-116.006,33.11]},"properties":{"key":"59723-d1326da1","layer":"power","name":"Seville 2","state":"CA","detail_file":"data/details/power-plants-27.json","plant_id":"59723","capacity_mw":30.0,"status_group":"Operating","energy_sources":"SUN","type":"Power plant","is_nuclear":false}},{"type":"Feature","geometry":{"type":"Point","coordinates":[-119.128,35.393]},"properties":{"key":"59408-fc304805","layer":"power","name":"Shafter Solar LLC","state":"CA","detail_file":"data/details/power-plants-43.json","plant_id":"59408","capacity_mw":20.0,"status_group":"Operating","energy_sources":"SUN","type":"Power plant","is_nuclear":false}},{"type":"Feature","geometry":{"type":"Point","coordinates":[-117.576,34.572]},"properties":{"key":"65970-3be0ef40","layer":"power","name":"Sheep Creek Community Solar Farm","state":"CA","detail_file":"data/details/power-plants-42.json","plant_id":"65970","capacity_mw":3.0,"status_group":"Operating","energy_sources":"SUN","type":"Power plant","is_nuclear":false}},{"type":"Feature","geometry":{"type":"Point","coordinates":[-116.89,34.507]},"properties":{"key":"68486-b1d56d45","layer":"power","name":"Sienna 2 Solar and Storage Project","state":"CA","detail_file":"data/details/power-plants-02.json","plant_id":"68486","capacity_mw":110.0,"status_group":"Planned","energy_sources":"MWH; SUN","type":"Power plant","is_nuclear":false}},{"type":"Feature","geometry":{"type":"Point","coordinates":[-116.915,34.494]},"properties":{"key":"64632-3e821e3c","layer":"power","name":"Sienna Solar Farm","state":"CA","detail_file":"data/details/power-plants-31.json","plant_id":"64632","capacity_mw":400.0,"status_group":"Planned","energy_sources":"MWH; SUN","type":"Power plant","is_nuclear":false}},{"type":"Feature","geometry":{"type":"Point","coordinates":[-118.334,34.704]},"properties":{"key":"59431-53365e77","layer":"power","name":"Sierra Solar Greenworks","state":"CA","detail_file":"data/details/power-plants-07.json","plant_id":"59431","capacity_mw":20.0,"status_group":"Operating","energy_sources":"SUN","type":"Power plant","is_nuclear":false}},{"type":"Feature","geometry":{"type":"Point","coordinates":[-118.176,33.811]},"properties":{"key":"57702-05bab157","layer":"power","name":"Signal Hill West Unit","state":"CA","detail_file":"data/details/power-plants-16.json","plant_id":"57702","capacity_mw":5.7,"status_group":"Operating","energy_sources":"OG","type":"Power plant","is_nuclear":false}},{"type":"Feature","geometry":{"type":"Point","coordinates":[-119.08,34.208]},"properties":{"key":"63735-174a4677","layer":"power","name":"Silverstrand Grid Energy Storage System","state":"CA","detail_file":"data/details/power-plants-37.json","plant_id":"63735","capacity_mw":11.0,"status_group":"Operating","energy_sources":"MWH","type":"Power plant","is_nuclear":false}},{"type":"Feature","geometry":{"type":"Point","coordinates":[-118.599,34.428]},"properties":{"key":"67283-bf18e66b","layer":"power","name":"Six Flags Magic Mountain","state":"CA","detail_file":"data/details/power-plants-13.json","plant_id":"67283","capacity_mw":12.0,"status_group":"Under construction","energy_sources":"MWH; SUN","type":"Power plant","is_nuclear":false}},{"type":"Feature","geometry":{"type":"Point","coordinates":[-118.247,35.261]},"properties":{"key":"50536-528f693b","layer":"power","name":"Sky River Wind Energy Center","state":"CA","detail_file":"data/details/power-plants-62.json","plant_id":"50536","capacity_mw":60.2,"status_group":"Operating","energy_sources":"WND","type":"Power plant","is_nuclear":false}},{"type":"Feature","geometry":{"type":"Point","coordinates":[-116.906,33.767]},"properties":{"key":"61834-786f631f","layer":"power","name":"Soboba Community Solar Project","state":"CA","detail_file":"data/details/power-plants-41.json","plant_id":"61834","capacity_mw":2.0,"status_group":"Operating","energy_sources":"SUN","type":"Power plant","is_nuclear":false}},{"type":"Feature","geometry":{"type":"Point","coordinates":[-116.351,33.299]},"properties":{"key":"57455-aefd44e9","layer":"power","name":"Solar Borrego I","state":"CA","detail_file":"data/details/power-plants-35.json","plant_id":"57455","capacity_mw":26.0,"status_group":"Operating","energy_sources":"SUN","type":"Power plant","is_nuclear":false}},{"type":"Feature","geometry":{"type":"Point","coordinates":[-118.077,34.649]},"properties":{"key":"59528-5c5b0115","layer":"power","name":"Solar Oasis LLC","state":"CA","detail_file":"data/details/power-plants-03.json","plant_id":"59528","capacity_mw":20.0,"status_group":"Operating","energy_sources":"SUN","type":"Power plant","is_nuclear":false}},{"type":"Feature","geometry":{"type":"Point","coordinates":[-118.404,34.818]},"properties":{"key":"58388-ca2a1f2e","layer":"power","name":"Solar Star 1","state":"CA","detail_file":"data/details/power-plants-46.json","plant_id":"58388","capacity_mw":318.0,"status_group":"Operating","energy_sources":"SUN","type":"Power plant","is_nuclear":false}},{"type":"Feature","geometry":{"type":"Point","coordinates":[-118.353,34.849]},"properties":{"key":"58389-a9415dac","layer":"power","name":"Solar Star 2","state":"CA","detail_file":"data/details/power-plants-04.json","plant_id":"58389","capacity_mw":279.0,"status_group":"Operating","energy_sources":"SUN","type":"Power plant","is_nuclear":false}},{"type":"Feature","geometry":{"type":"Point","coordinates":[-118.455,34.842]},"properties":{"key":"68240-35488aa8","layer":"power","name":"Solar Star 3","state":"CA","detail_file":"data/details/power-plants-25.json","plant_id":"68240","capacity_mw":47.0,"status_group":"Under construction","energy_sources":"MWH; SUN","type":"Power plant","is_nuclear":false}},{"type":"Feature","geometry":{"type":"Point","coordinates":[-118.455,34.842]},"properties":{"key":"68241-412e64a8","layer":"power","name":"Solar Star 4","state":"CA","detail_file":"data/details/power-plants-03.json","plant_id":"68241","capacity_mw":47.0,"status_group":"Under construction","energy_sources":"MWH; SUN","type":"Power plant","is_nuclear":false}},{"type":"Feature","geometry":{"type":"Point","coordinates":[-118.387,34.839]},"properties":{"key":"60591-b63b64be","layer":"power","name":"Solar Star California, XLI, LLC","state":"CA","detail_file":"data/details/power-plants-07.json","plant_id":"60591","capacity_mw":54.0,"status_group":"Operating","energy_sources":"SUN","type":"Power plant","is_nuclear":false}},{"type":"Feature","geometry":{"type":"Point","coordinates":[-117.923,34.512]},"properties":{"key":"60869-111fa849","layer":"power","name":"Solar Star California, XLIV, LLC","state":"CA","detail_file":"data/details/power-plants-06.json","plant_id":"60869","capacity_mw":9.5,"status_group":"Operating","energy_sources":"SUN","type":"Power plant","is_nuclear":false}},{"type":"Feature","geometry":{"type":"Point","coordinates":[-118.298,34.656]},"properties":{"key":"60185-d71f1dd8","layer":"power","name":"Solverde 1","state":"CA","detail_file":"data/details/power-plants-41.json","plant_id":"60185","capacity_mw":85.0,"status_group":"Operating","energy_sources":"SUN","type":"Power plant","is_nuclear":false}},{"type":"Feature","geometry":{"type":"Point","coordinates":[-118.225,33.843]},"properties":{"key":"68789-82171f0f","layer":"power","name":"South Bay Dis Ctr 12 - SLLAX104","state":"CA","detail_file":"data/details/power-plants-43.json","plant_id":"68789","capacity_mw":1.2,"status_group":"Under construction","energy_sources":"SUN","type":"Power plant","is_nuclear":false}},{"type":"Feature","geometry":{"type":"Point","coordinates":[-118.229,33.84]},"properties":{"key":"68237-b6a8e78f","layer":"power","name":"South Bay Dis Ctr 20-SLLAX512","state":"CA","detail_file":"data/details/power-plants-03.json","plant_id":"68237","capacity_mw":1.3,"status_group":"Under construction","energy_sources":"SUN","type":"Power plant","is_nuclear":false}},{"type":"Feature","geometry":{"type":"Point","coordinates":[-118.224,33.844]},"properties":{"key":"68236-cd825b95","layer":"power","name":"South Bay Dis Ctr 6-SLLAX680","state":"CA","detail_file":"data/details/power-plants-38.json","plant_id":"68236","capacity_mw":1.3,"status_group":"Under construction","energy_sources":"SUN","type":"Power plant","is_nuclear":false}},{"type":"Feature","geometry":{"type":"Point","coordinates":[-119.707,35.439]},"properties":{"key":"50752-33bb6175","layer":"power","name":"South Belridge Cogeneration Facility","state":"CA","detail_file":"data/details/power-plants-00.json","plant_id":"50752","capacity_mw":94.2,"status_group":"Operating","energy_sources":"NG","type":"Power plant","is_nuclear":false}},{"type":"Feature","geometry":{"type":"Point","coordinates":[-118.964,35.421]},"properties":{"key":"50751-ea8413fd","layer":"power","name":"Southeast Kern River Cogen","state":"CA","detail_file":"data/details/power-plants-36.json","plant_id":"50751","capacity_mw":30.8,"status_group":"Operating","energy_sources":"NG","type":"Power plant","is_nuclear":false}},{"type":"Feature","geometry":{"type":"Point","coordinates":[-118.002,35.171]},"properties":{"key":"60491-bce9fae2","layer":"power","name":"Springbok 3 Solar Farm Hybrid","state":"CA","detail_file":"data/details/power-plants-27.json","plant_id":"60491","capacity_mw":91.5,"status_group":"Operating","energy_sources":"MWH; SUN","type":"Power plant","is_nuclear":false}},{"type":"Feature","geometry":{"type":"Point","coordinates":[-117.955,35.249]},"properties":{"key":"59532-f4d9b7fd","layer":"power","name":"Springbok Solar Farm 1","state":"CA","detail_file":"data/details/power-plants-08.json","plant_id":"59532","capacity_mw":105.0,"status_group":"Operating","energy_sources":"SUN","type":"Power plant","is_nuclear":false}},{"type":"Feature","geometry":{"type":"Point","coordinates":[-117.977,35.25]},"properties":{"key":"59840-46182f4e","layer":"power","name":"Springbok Solar Farm 2","state":"CA","detail_file":"data/details/power-plants-25.json","plant_id":"59840","capacity_mw":155.0,"status_group":"Operating","energy_sources":"SUN","type":"Power plant","is_nuclear":false}},{"type":"Feature","geometry":{"type":"Point","coordinates":[-117.293,33.931]},"properties":{"key":"56144-96bdea27","layer":"power","name":"Springs Generating Station","state":"CA","detail_file":"data/details/power-plants-60.json","plant_id":"56144","capacity_mw":40.0,"status_group":"Operating","energy_sources":"NG","type":"Power plant","is_nuclear":false}},{"type":"Feature","geometry":{"type":"Point","coordinates":[-119.086,34.225]},"properties":{"key":"56125-affc3721","layer":"power","name":"Springville Hydroelectric","state":"CA","detail_file":"data/details/power-plants-14.json","plant_id":"56125","capacity_mw":1.0,"status_group":"Operating","energy_sources":"WAT","type":"Power plant","is_nuclear":false}},{"type":"Feature","geometry":{"type":"Point","coordinates":[-117.989,33.807]},"properties":{"key":"66423-22d1130e","layer":"power","name":"Stanton Battery Energy Storage","state":"CA","detail_file":"data/details/power-plants-55.json","plant_id":"66423","capacity_mw":68.8,"status_group":"Operating","energy_sources":"MWH","type":"Power plant","is_nuclear":false}},{"type":"Feature","geometry":{"type":"Point","coordinates":[-117.986,33.807]},"properties":{"key":"60698-1f5281ca","layer":"power","name":"Stanton Energy Reliability Center Hybrid","state":"CA","detail_file":"data/details/power-plants-39.json","plant_id":"60698","capacity_mw":161.0,"status_group":"Operating","energy_sources":"MWH; NG","type":"Power plant","is_nuclear":false}},{"type":"Feature","geometry":{"type":"Point","coordinates":[-118.017,33.882]},"properties":{"key":"57683-e7edf66d","layer":"power","name":"Staples La Mirada, CA","state":"CA","detail_file":"data/details/power-plants-53.json","plant_id":"57683","capacity_mw":1.1,"status_group":"Operating","energy_sources":"SUN","type":"Power plant","is_nuclear":false}},{"type":"Feature","geometry":{"type":"Point","coordinates":[-118.29,34.723]},"properties":{"key":"58757-9e76cea4","layer":"power","name":"Summer North Solar","state":"CA","detail_file":"data/details/power-plants-58.json","plant_id":"58757","capacity_mw":6.5,"status_group":"Operating","energy_sources":"SUN","type":"Power plant","is_nuclear":false}},{"type":"Feature","geometry":{"type":"Point","coordinates":[-118.29,34.723]},"properties":{"key":"58753-85440c7d","layer":"power","name":"Summer Solar A2","state":"CA","detail_file":"data/details/power-plants-52.json","plant_id":"58753","capacity_mw":1.5,"status_group":"Operating","energy_sources":"SUN","type":"Power plant","is_nuclear":false}},{"type":"Feature","geometry":{"type":"Point","coordinates":[-118.29,34.723]},"properties":{"key":"58754-465f95cf","layer":"power","name":"Summer Solar B2","state":"CA","detail_file":"data/details/power-plants-13.json","plant_id":"58754","capacity_mw":1.5,"status_group":"Operating","energy_sources":"SUN","type":"Power plant","is_nuclear":false}},{"type":"Feature","geometry":{"type":"Point","coordinates":[-118.29,34.723]},"properties":{"key":"58755-aff97f73","layer":"power","name":"Summer Solar C2","state":"CA","detail_file":"data/details/power-plants-56.json","plant_id":"58755","capacity_mw":1.5,"status_group":"Operating","energy_sources":"SUN","type":"Power plant","is_nuclear":false}},{"type":"Feature","geometry":{"type":"Point","coordinates":[-118.29,34.723]},"properties":{"key":"58756-a0b4ca4d","layer":"power","name":"Summer Solar D2","state":"CA","detail_file":"data/details/power-plants-30.json","plant_id":"58756","capacity_mw":1.0,"status_group":"Operating","energy_sources":"SUN","type":"Power plant","is_nuclear":false}},{"type":"Feature","geometry":{"type":"Point","coordinates":[-118.311,34.715]},"properties":{"key":"60280-9340468c","layer":"power","name":"Summer Solar LLC","state":"CA","detail_file":"data/details/power-plants-26.json","plant_id":"60280","capacity_mw":20.0,"status_group":"Operating","energy_sources":"SUN","type":"Power plant","is_nuclear":false}},{"type":"Feature","geometry":{"type":"Point","coordinates":[-119.145,35.5]},"properties":{"key":"68967-005ace2d","layer":"power","name":"Sun Pacific - Lerdo","state":"CA","detail_file":"data/details/power-plants-20.json","plant_id":"68967","capacity_mw":2.9,"status_group":"Operating","energy_sources":"SUN","type":"Power plant","is_nuclear":false}},{"type":"Feature","geometry":{"type":"Point","coordinates":[-116.64,33.555]},"properties":{"key":"60791-27362d94","layer":"power","name":"SunAnza","state":"CA","detail_file":"data/details/power-plants-39.json","plant_id":"60791","capacity_mw":7.8,"status_group":"Operating","energy_sources":"MWH; SUN","type":"Power plant","is_nuclear":false}},{"type":"Feature","geometry":{"type":"Point","coordinates":[-117.544,34.098]},"properties":{"key":"60032-c4b897be","layer":"power","name":"SunE Rochester","state":"CA","detail_file":"data/details/power-plants-09.json","plant_id":"60032","capacity_mw":1.0,"status_group":"Operating","energy_sources":"SUN","type":"Power plant","is_nuclear":false}},{"type":"Feature","geometry":{"type":"Point","coordinates":[-117.534,34.035]},"properties":{"key":"59916-c34bff07","layer":"power","name":"SunE- E Philadelphia Ontario","state":"CA","detail_file":"data/details/power-plants-60.json","plant_id":"59916","capacity_mw":1.0,"status_group":"Operating","energy_sources":"SUN","type":"Power plant","is_nuclear":false}},{"type":"Feature","geometry":{"type":"Point","coordinates":[-119.13,34.209]},"properties":{"key":"57008-72273891","layer":"power","name":"SunEdison Procter & Gamble Oxnard","state":"CA","detail_file":"data/details/power-plants-27.json","plant_id":"57008","capacity_mw":1.0,"status_group":"Operating","energy_sources":"SUN","type":"Power plant","is_nuclear":false}},{"type":"Feature","geometry":{"type":"Point","coordinates":[-117.23,33.867]},"properties":{"key":"57004-17304dd2","layer":"power","name":"SunEdison Walgreens Moreno Valley","state":"CA","detail_file":"data/details/power-plants-01.json","plant_id":"57004","capacity_mw":1.0,"status_group":"Operating","energy_sources":"SUN","type":"Power plant","is_nuclear":false}},{"type":"Feature","geometry":{"type":"Point","coordinates":[-117.2,34.597]},"properties":{"key":"57012-a1e825a1","layer":"power","name":"SunEdison Walmart Apple Valley DC","state":"CA","detail_file":"data/details/power-plants-06.json","plant_id":"57012","capacity_mw":1.0,"status_group":"Operating","energy_sources":"SUN","type":"Power plant","is_nuclear":false}},{"type":"Feature","geometry":{"type":"Point","coordinates":[-118.602,35.097]},"properties":{"key":"61754-8c671d01","layer":"power","name":"SunSelect1","state":"CA","detail_file":"data/details/power-plants-37.json","plant_id":"61754","capacity_mw":6.6,"status_group":"Operating","energy_sources":"NG","type":"Power plant","is_nuclear":false}},{"type":"Feature","geometry":{"type":"Point","coordinates":[-119.149,35.258]},"properties":{"key":"67001-0b14063b","layer":"power","name":"Sunny Cow Solar, LLC","state":"CA","detail_file":"data/details/power-plants-16.json","plant_id":"67001","capacity_mw":2.0,"status_group":"Operating","energy_sources":"SUN","type":"Power plant","is_nuclear":false}},{"type":"Feature","geometry":{"type":"Point","coordinates":[-116.828,34.863]},"properties":{"key":"10437-6f7f4366","layer":"power","name":"Sunray 2","state":"CA","detail_file":"data/details/power-plants-34.json","plant_id":"10437","capacity_mw":20.0,"status_group":"Operating","energy_sources":"SUN","type":"Power plant","is_nuclear":false}},{"type":"Feature","geometry":{"type":"Point","coordinates":[-116.828,34.863]},"properties":{"key":"10438-0ae26f70","layer":"power","name":"Sunray 3","state":"CA","detail_file":"data/details/power-plants-49.json","plant_id":"10438","capacity_mw":13.8,"status_group":"Operating","energy_sources":"SUN","type":"Power plant","is_nuclear":false}},{"type":"Feature","geometry":{"type":"Point","coordinates":[-119.585,35.21]},"properties":{"key":"55182-c36605de","layer":"power","name":"Sunrise Power LLC","state":"CA","detail_file":"data/details/power-plants-03.json","plant_id":"55182","capacity_mw":685.2,"status_group":"Operating","energy_sources":"NG","type":"Power plant","is_nuclear":false}},{"type":"Feature","geometry":{"type":"Point","coordinates":[-118.519,34.336]},"properties":{"key":"58429-f89026a8","layer":"power","name":"Sunshine Gas Producers","state":"CA","detail_file":"data/details/power-plants-46.json","plant_id":"58429","capacity_mw":23.0,"status_group":"Operating","energy_sources":"LFG","type":"Power plant","is_nuclear":false}},{"type":"Feature","geometry":{"type":"Point","coordinates":[-118.985,35.453]},"properties":{"key":"50134-fe446248","layer":"power","name":"Sycamore Cogeneration","state":"CA","detail_file":"data/details/power-plants-23.json","plant_id":"50134","capacity_mw":300.0,"status_group":"Operating","energy_sources":"NG","type":"Power plant","is_nuclear":false}},{"type":"Feature","geometry":{"type":"Point","coordinates":[-117.029,32.858]},"properties":{"key":"10387-b7fbbf38","layer":"power","name":"Sycamore Energy LLC","state":"CA","detail_file":"data/details/power-plants-39.json","plant_id":"10387","capacity_mw":5.4,"status_group":"Operating","energy_sources":"LFG","type":"Power plant","is_nuclear":false}},{"type":"Feature","geometry":{"type":"Point","coordinates":[-118.308,34.951]},"properties":{"key":"68035-6734a133","layer":"power","name":"Syracuse and Tours Renewable Energy","state":"CA","detail_file":"data/details/power-plants-60.json","plant_id":"68035","capacity_mw":80.0,"status_group":"Under construction","energy_sources":"MWH; SUN","type":"Power plant","is_nuclear":false}},{"type":"Feature","geometry":{"type":"Point","coordinates":[-118.325,34.689]},"properties":{"key":"59443-19b020af","layer":"power","name":"TA-Acacia, LLC","state":"CA","detail_file":"data/details/power-plants-51.json","plant_id":"59443","capacity_mw":20.0,"status_group":"Operating","energy_sources":"SUN","type":"Power plant","is_nuclear":false}},{"type":"Feature","geometry":{"type":"Point","coordinates":[-118.305,34.709]},"properties":{"key":"58149-578b229d","layer":"power","name":"TA-High Desert LLC","state":"CA","detail_file":"data/details/power-plants-32.json","plant_id":"58149","capacity_mw":20.0,"status_group":"Operating","energy_sources":"SUN","type":"Power plant","is_nuclear":false}},{"type":"Feature","geometry":{"type":"Point","coordinates":[-118.214,33.768]},"properties":{"key":"56051-62878a4c","layer":"power","name":"THUMS","state":"CA","detail_file":"data/details/power-plants-62.json","plant_id":"56051","capacity_mw":57.4,"status_group":"Operating","energy_sources":"NG","type":"Power plant","is_nuclear":false}},{"type":"Feature","geometry":{"type":"Point","coordinates":[-118.257,35.05]},"properties":{"key":"54647-a53097df","layer":"power","name":"TPC Windfarms LLC","state":"CA","detail_file":"data/details/power-plants-40.json","plant_id":"54647","capacity_mw":28.7,"status_group":"Operating","energy_sources":"WND","type":"Power plant","is_nuclear":false}},{"type":"Feature","geometry":{"type":"Point","coordinates":[-119.471,35.113]},"properties":{"key":"52085-7b48f8d9","layer":"power","name":"Taft 26C Cogen","state":"CA","detail_file":"data/details/power-plants-01.json","plant_id":"52085","capacity_mw":12.4,"status_group":"Operating","energy_sources":"NG","type":"Power plant","is_nuclear":false}},{"type":"Feature","geometry":{"type":"Point","coordinates":[-117.017,33.767]},"properties":{"key":"58232-d2c364bc","layer":"power","name":"Tahquitz High School","state":"CA","detail_file":"data/details/power-plants-33.json","plant_id":"58232","capacity_mw":1.0,"status_group":"Operating","energy_sources":"SUN","type":"Power plant","is_nuclear":false}},{"type":"Feature","geometry":{"type":"Point","coordinates":[-118.39,35.061]},"properties":{"key":"10191-39e7dbe8","layer":"power","name":"Tehachapi Wind Resource I","state":"CA","detail_file":"data/details/power-plants-36.json","plant_id":"10191","capacity_mw":8.7,"status_group":"Operating","energy_sources":"WND","type":"Power plant","is_nuclear":false}},{"type":"Feature","geometry":{"type":"Point","coordinates":[-118.311,35.106]},"properties":{"key":"54909-d4184d1d","layer":"power","name":"Tehachapi Wind Resource II","state":"CA","detail_file":"data/details/power-plants-39.json","plant_id":"54909","capacity_mw":20.1,"status_group":"Operating","energy_sources":"WND","type":"Power plant","is_nuclear":false}},{"type":"Feature","geometry":{"type":"Point","coordinates":[-118.898,35.001]},"properties":{"key":"67365-69591e4b","layer":"power","name":"Tejon Castac Water District Solar","state":"CA","detail_file":"data/details/power-plants-55.json","plant_id":"67365","capacity_mw":1.3,"status_group":"Operating","energy_sources":"SUN","type":"Power plant","is_nuclear":false}},{"type":"Feature","geometry":{"type":"Point","coordinates":[-117.497,33.834]},"properties":{"key":"479-62300ad6","layer":"power","name":"Temescal","state":"CA","detail_file":"data/details/power-plants-62.json","plant_id":"479","capacity_mw":2.9,"status_group":"Operating","energy_sources":"WAT","type":"Power plant","is_nuclear":false}},{"type":"Feature","geometry":{"type":"Point","coordinates":[-117.512,33.826]},"properties":{"key":"57656-7c55cd44","layer":"power","name":"Temescal Canyon RV, LLC","state":"CA","detail_file":"data/details/power-plants-35.json","plant_id":"57656","capacity_mw":1.5,"status_group":"Operating","energy_sources":"SUN","type":"Power plant","is_nuclear":false}},{"type":"Feature","geometry":{"type":"Point","coordinates":[-117.385,33.978]},"properties":{"key":"60035-3237f3e0","layer":"power","name":"Tequesquite Landfill Solar PV Project","state":"CA","detail_file":"data/details/power-plants-23.json","plant_id":"60035","capacity_mw":7.3,"status_group":"Operating","energy_sources":"SUN","type":"Power plant","is_nuclear":false}},{"type":"Feature","geometry":{"type":"Point","coordinates":[-117.607,34.04]},"properties":{"key":"59541-ff5b9788","layer":"power","name":"Terra Francesco","state":"CA","detail_file":"data/details/power-plants-36.json","plant_id":"59541","capacity_mw":1.5,"status_group":"Operating","energy_sources":"SUN","type":"Power plant","is_nuclear":false}},{"type":"Feature","geometry":{"type":"Point","coordinates":[-118.379,35.116]},"properties":{"key":"56570-f30cf562","layer":"power","name":"Terra-Gen VG Wind LLC","state":"CA","detail_file":"data/details/power-plants-23.json","plant_id":"56570","capacity_mw":7.4,"status_group":"Operating","energy_sources":"WND","type":"Power plant","is_nuclear":false}},{"type":"Feature","geometry":{"type":"Point","coordinates":[-119.329,35.608]},"properties":{"key":"67748-59766e56","layer":"power","name":"Terry 1818-WD","state":"CA","detail_file":"data/details/power-plants-14.json","plant_id":"67748","capacity_mw":4.6,"status_group":"Operating","energy_sources":"SUN","type":"Power plant","is_nuclear":false}},{"type":"Feature","geometry":{"type":"Point","coordinates":[-117.168,32.876]},"properties":{"key":"61366-dc223c71","layer":"power","name":"Top Gun Energy Storage","state":"CA","detail_file":"data/details/power-plants-12.json","plant_id":"61366","capacity_mw":30.0,"status_group":"Operating","energy_sources":"MWH","type":"Power plant","is_nuclear":false}},{"type":"Feature","geometry":{"type":"Point","coordinates":[-118.316,33.845]},"properties":{"key":"69891-90bc7c8e","layer":"power","name":"Torrance Dis Ctr 2 - SLLAX100","state":"CA","detail_file":"data/details/power-plants-27.json","plant_id":"69891","capacity_mw":1.4,"status_group":"Under construction","energy_sources":"SUN","type":"Power plant","is_nuclear":false}},{"type":"Feature","geometry":{"type":"Point","coordinates":[-118.33,33.853]},"properties":{"key":"50624-f5262373","layer":"power","name":"Torrance Refining Company, LLC","state":"CA","detail_file":"data/details/power-plants-50.json","plant_id":"50624","capacity_mw":49.3,"status_group":"Operating","energy_sources":"OG; WH","type":"Power plant","is_nuclear":false}},{"type":"Feature","geometry":{"type":"Point","coordinates":[-118.284,33.768]},"properties":{"key":"10091-62ee7e3b","layer":"power","name":"Total Energy Facilities","state":"CA","detail_file":"data/details/power-plants-50.json","plant_id":"10091","capacity_mw":38.4,"status_group":"Operating","energy_sources":"OBG","type":"Power plant","is_nuclear":false}},{"type":"Feature","geometry":{"type":"Point","coordinates":[-118.305,34.146]},"properties":{"key":"54327-8d43ae57","layer":"power","name":"Toyon Power Station","state":"CA","detail_file":"data/details/power-plants-08.json","plant_id":"54327","capacity_mw":1.1,"status_group":"Operating","energy_sources":"LFG","type":"Power plant","is_nuclear":false}},{"type":"Feature","geometry":{"type":"Point","coordinates":[-118.222,33.781]},"properties":{"key":"64005-dec61c08","layer":"power","name":"Toyota Long Beach Trigen","state":"CA","detail_file":"data/details/power-plants-61.json","plant_id":"64005","capacity_mw":2.8,"status_group":"Operating","energy_sources":"OBG","type":"Power plant","is_nuclear":false}},{"type":"Feature","geometry":{"type":"Point","coordinates":[-117.351,35.805]},"properties":{"key":"64914-df6306dd","layer":"power","name":"Trona Solar III","state":"CA","detail_file":"data/details/power-plants-31.json","plant_id":"64914","capacity_mw":2.0,"status_group":"Operating","energy_sources":"SUN","type":"Power plant","is_nuclear":false}},{"type":"Feature","geometry":{"type":"Point","coordinates":[-119.056,35.832]},"properties":{"key":"59599-01c26fff","layer":"power","name":"Tropico Solar PV Plant","state":"CA","detail_file":"data/details/power-plants-44.json","plant_id":"59599","capacity_mw":14.0,"status_group":"Operating","energy_sources":"SUN","type":"Power plant","is_nuclear":false}},{"type":"Feature","geometry":{"type":"Point","coordinates":[-119.48,35.987]},"properties":{"key":"66679-c0452258","layer":"power","name":"Tulare CSG LLC","state":"CA","detail_file":"data/details/power-plants-53.json","plant_id":"66679","capacity_mw":3.0,"status_group":"Operating","energy_sources":"SUN","type":"Power plant","is_nuclear":false}},{"type":"Feature","geometry":{"type":"Point","coordinates":[-116.29,32.664]},"properties":{"key":"57913-9be17179","layer":"power","name":"Tule Wind LLC","state":"CA","detail_file":"data/details/power-plants-39.json","plant_id":"57913","capacity_mw":143.0,"status_group":"Operating","energy_sources":"WND","type":"Power plant","is_nuclear":false}},{"type":"Feature","geometry":{"type":"Point","coordinates":[-118.339,34.834]},"properties":{"key":"66666-8a15f757","layer":"power","name":"Tumbleweed Energy Storage","state":"CA","detail_file":"data/details/power-plants-52.json","plant_id":"66666","capacity_mw":125.0,"status_group":"Operating","energy_sources":"MWH","type":"Power plant","is_nuclear":false}},{"type":"Feature","geometry":{"type":"Point","coordinates":[-117.331,33.97]},"properties":{"key":"62016-9adaef44","layer":"power","name":"UC Riverside Lots 30 & 32","state":"CA","detail_file":"data/details/power-plants-15.json","plant_id":"62016","capacity_mw":4.0,"status_group":"Operating","energy_sources":"SUN","type":"Power plant","is_nuclear":false}},{"type":"Feature","geometry":{"type":"Point","coordinates":[-117.847,33.648]},"properties":{"key":"57122-6d6ba6dd","layer":"power","name":"UCI Facilities Management Central Plant","state":"CA","detail_file":"data/details/power-plants-13.json","plant_id":"57122","capacity_mw":19.0,"status_group":"Operating","energy_sources":"NG","type":"Power plant","is_nuclear":false}},{"type":"Feature","geometry":{"type":"Point","coordinates":[-118.444,34.069]},"properties":{"key":"52073-3050e438","layer":"power","name":"UCLA So Campus Cogen Project","state":"CA","detail_file":"data/details/power-plants-21.json","plant_id":"52073","capacity_mw":46.8,"status_group":"Operating","energy_sources":"NG","type":"Power plant","is_nuclear":false}},{"type":"Feature","geometry":{"type":"Point","coordinates":[-117.701,35.033]},"properties":{"key":"50115-5cdfd91f","layer":"power","name":"US Borax","state":"CA","detail_file":"data/details/power-plants-50.json","plant_id":"50115","capacity_mw":48.2,"status_group":"Operating","energy_sources":"NG","type":"Power plant","is_nuclear":false}},{"type":"Feature","geometry":{"type":"Point","coordinates":[-118.081,34.661]},"properties":{"key":"60086-8aa3e511","layer":"power","name":"US-TOPCO (Soccer Center)","state":"CA","detail_file":"data/details/power-plants-10.json","plant_id":"60086","capacity_mw":3.0,"status_group":"Operating","energy_sources":"SUN","type":"Power plant","is_nuclear":false}},{"type":"Feature","geometry":{"type":"Point","coordinates":[-118.259,33.978]},"properties":{"key":"61250-d9433076","layer":"power","name":"USPS PV","state":"CA","detail_file":"data/details/power-plants-38.json","plant_id":"61250","capacity_mw":7.4,"status_group":"Operating","energy_sources":"SUN","type":"Power plant","is_nuclear":false}},{"type":"Feature","geometry":{"type":"Point","coordinates":[-117.239,32.874]},"properties":{"key":"57856-31485052","layer":"power","name":"Univ of California San Diego Solar","state":"CA","detail_file":"data/details/power-plants-27.json","plant_id":"57856","capacity_mw":1.0,"status_group":"Operating","energy_sources":"SUN","type":"Power plant","is_nuclear":false}},{"type":"Feature","geometry":{"type":"Point","coordinates":[-117.239,32.875]},"properties":{"key":"57584-99dbeea2","layer":"power","name":"University of California San Diego Hybri","state":"CA","detail_file":"data/details/power-plants-18.json","plant_id":"57584","capacity_mw":33.0,"status_group":"Operating","energy_sources":"NG","type":"Power plant","is_nuclear":false}},{"type":"Feature","geometry":{"type":"Point","coordinates":[-117.192,32.772]},"properties":{"key":"65191-3a609de9","layer":"power","name":"University of San Diego","state":"CA","detail_file":"data/details/power-plants-38.json","plant_id":"65191","capacity_mw":1.0,"status_group":"Operating","energy_sources":"NG","type":"Power plant","is_nuclear":false}},{"type":"Feature","geometry":{"type":"Point","coordinates":[-118.483,34.249]},"properties":{"key":"58249-972447f3","layer":"power","name":"VA Sepulveda Ambulatory Care Center","state":"CA","detail_file":"data/details/power-plants-50.json","plant_id":"58249","capacity_mw":4.4,"status_group":"Operating","energy_sources":"SUN","type":"Power plant","is_nuclear":false}},{"type":"Feature","geometry":{"type":"Point","coordinates":[-117.774,34.059]},"properties":{"key":"50300-92a90b9b","layer":"power","name":"VESI Pomona","state":"CA","detail_file":"data/details/power-plants-36.json","plant_id":"50300","capacity_mw":40.0,"status_group":"Operating","energy_sources":"MWH","type":"Power plant","is_nuclear":false}},{"type":"Feature","geometry":{"type":"Point","coordinates":[-118.297,33.853]},"properties":{"key":"66948-e0867ea5","layer":"power","name":"VS BC Pacific Gateway, LLC","state":"CA","detail_file":"data/details/power-plants-20.json","plant_id":"66948","capacity_mw":1.4,"status_group":"Operating","energy_sources":"SUN","type":"Power plant","is_nuclear":false}},{"type":"Feature","geometry":{"type":"Point","coordinates":[-118.579,34.235]},"properties":{"key":"68409-f9d34373","layer":"power","name":"VS RXI Mason-Chatsworth, LLC","state":"CA","detail_file":"data/details/power-plants-35.json","plant_id":"68409","capacity_mw":1.8,"status_group":"Operating","energy_sources":"SUN","type":"Power plant","is_nuclear":false}},{"type":"Feature","geometry":{"type":"Point","coordinates":[-118.384,34.904]},"properties":{"key":"62288-81528b96","layer":"power","name":"Valentine Solar, LLC","state":"CA","detail_file":"data/details/power-plants-01.json","plant_id":"62288","capacity_mw":111.2,"status_group":"Operating","energy_sources":"SUN","type":"Power plant","is_nuclear":false}},{"type":"Feature","geometry":{"type":"Point","coordinates":[-118.239,33.779]},"properties":{"key":"63285-be52a421","layer":"power","name":"Valero Wilmington Cogeneration Plant","state":"CA","detail_file":"data/details/power-plants-51.json","plant_id":"63285","capacity_mw":33.5,"status_group":"Operating","energy_sources":"NG","type":"Power plant","is_nuclear":false}},{"type":"Feature","geometry":{"type":"Point","coordinates":[-119.511,34.407]},"properties":{"key":"62801-79821aa3","layer":"power","name":"Vallecito","state":"CA","detail_file":"data/details/power-plants-18.json","plant_id":"62801","capacity_mw":10.0,"status_group":"Operating","energy_sources":"MWH","type":"Power plant","is_nuclear":false}},{"type":"Feature","geometry":{"type":"Point","coordinates":[-117.177,33.213]},"properties":{"key":"64438-ae61e00a","layer":"power","name":"Vallecitos Water District","state":"CA","detail_file":"data/details/power-plants-58.json","plant_id":"64438","capacity_mw":1.4,"status_group":"Operating","energy_sources":"SUN","type":"Power plant","is_nuclear":false}},{"type":"Feature","geometry":{"type":"Point","coordinates":[-118.391,34.245]},"properties":{"key":"408-39b8c6aa","layer":"power","name":"Valley (CA)","state":"CA","detail_file":"data/details/power-plants-02.json","plant_id":"408","capacity_mw":690.5,"status_group":"Operating","energy_sources":"NG","type":"Power plant","is_nuclear":false}},{"type":"Feature","geometry":{"type":"Point","coordinates":[-117.023,33.25]},"properties":{"key":"60509-c7e7cb12","layer":"power","name":"Valley Center","state":"CA","detail_file":"data/details/power-plants-57.json","plant_id":"60509","capacity_mw":2.3,"status_group":"Operating","energy_sources":"SUN","type":"Power plant","is_nuclear":false}},{"type":"Feature","geometry":{"type":"Point","coordinates":[-117.002,33.234]},"properties":{"key":"58906-7309eb1d","layer":"power","name":"Valley Center 1","state":"CA","detail_file":"data/details/power-plants-34.json","plant_id":"58906","capacity_mw":2.5,"status_group":"Operating","energy_sources":"SUN","type":"Power plant","is_nuclear":false}},{"type":"Feature","geometry":{"type":"Point","coordinates":[-117.002,33.234]},"properties":{"key":"58907-2fc024e7","layer":"power","name":"Valley Center 2","state":"CA","detail_file":"data/details/power-plants-57.json","plant_id":"58907","capacity_mw":5.0,"status_group":"Operating","energy_sources":"SUN","type":"Power plant","is_nuclear":false}},{"type":"Feature","geometry":{"type":"Point","coordinates":[-117.018,33.227]},"properties":{"key":"66502-dacedf7c","layer":"power","name":"Valley Center 54","state":"CA","detail_file":"data/details/power-plants-49.json","plant_id":"66502","capacity_mw":54.0,"status_group":"Operating","energy_sources":"MWH","type":"Power plant","is_nuclear":false}},{"type":"Feature","geometry":{"type":"Point","coordinates":[-117.018,33.227]},"properties":{"key":"66500-c502c37f","layer":"power","name":"Valley Center 85","state":"CA","detail_file":"data/details/power-plants-43.json","plant_id":"66500","capacity_mw":85.0,"status_group":"Operating","energy_sources":"MWH","type":"Power plant","is_nuclear":false}},{"type":"Feature","geometry":{"type":"Point","coordinates":[-116.199,33.709]},"properties":{"key":"60824-3a9e1a0b","layer":"power","name":"Valley Sanitary District WTP Solar","state":"CA","detail_file":"data/details/power-plants-29.json","plant_id":"60824","capacity_mw":1.0,"status_group":"Operating","energy_sources":"SUN","type":"Power plant","is_nuclear":false}},{"type":"Feature","geometry":{"type":"Point","coordinates":[-117.829,33.9]},"properties":{"key":"487-9c892209","layer":"power","name":"Valley View","state":"CA","detail_file":"data/details/power-plants-47.json","plant_id":"487","capacity_mw":4.1,"status_group":"Operating","energy_sources":"WAT","type":"Power plant","is_nuclear":false}},{"type":"Feature","geometry":{"type":"Point","coordinates":[-116.989,32.683]},"properties":{"key":"61107-09d2944f","layer":"power","name":"Vanadium Redox Flow Battery Plant","state":"CA","detail_file":"data/details/power-plants-58.json","plant_id":"61107","capacity_mw":2.0,"status_group":"Operating","energy_sources":"MWH","type":"Power plant","is_nuclear":false}},{"type":"Feature","geometry":{"type":"Point","coordinates":[-118.417,34.011]},"properties":{"key":"72-bf548c43","layer":"power","name":"Venice Hydro","state":"CA","detail_file":"data/details/power-plants-43.json","plant_id":"72","capacity_mw":10.1,"status_group":"Operating","energy_sources":"WAT","type":"Power plant","is_nuclear":false}},{"type":"Feature","geometry":{"type":"Point","coordinates":[-116.97,32.797]},"properties":{"key":"68509-1e2d0ad3","layer":"power","name":"Ventasso Energy Storage, LLC","state":"CA","detail_file":"data/details/power-plants-36.json","plant_id":"68509","capacity_mw":50.0,"status_group":"Operating","energy_sources":"MWH","type":"Power plant","is_nuclear":false}},{"type":"Feature","geometry":{"type":"Point","coordinates":[-118.902,34.399]},"properties":{"key":"65770-a5a8c331","layer":"power","name":"Ventura Solar","state":"CA","detail_file":"data/details/power-plants-43.json","plant_id":"65770","capacity_mw":2.9,"status_group":"Operating","energy_sources":"SUN","type":"Power plant","is_nuclear":false}},{"type":"Feature","geometry":{"type":"Point","coordinates":[-118.222,33.999]},"properties":{"key":"7436-0339b9e4","layer":"power","name":"Vernon","state":"CA","detail_file":"data/details/power-plants-20.json","plant_id":"7436","capacity_mw":30.0,"status_group":"Operating","energy_sources":"DFO","type":"Power plant","is_nuclear":false}},{"type":"Feature","geometry":{"type":"Point","coordinates":[-117.467,34.501]},"properties":{"key":"58418-dd738c8e","layer":"power","name":"Victor Dry Farm Ranch A","state":"CA","detail_file":"data/details/power-plants-29.json","plant_id":"58418","capacity_mw":5.0,"status_group":"Operating","energy_sources":"SUN","type":"Power plant","is_nuclear":false}},{"type":"Feature","geometry":{"type":"Point","coordinates":[-117.471,34.498]},"properties":{"key":"58419-19da487d","layer":"power","name":"Victor Dry Farm Ranch B","state":"CA","detail_file":"data/details/power-plants-60.json","plant_id":"58419","capacity_mw":5.0,"status_group":"Operating","energy_sources":"SUN","type":"Power plant","is_nuclear":false}},{"type":"Feature","geometry":{"type":"Point","coordinates":[-117.387,34.513]},"properties":{"key":"59269-6f7254ef","layer":"power","name":"Victor Mesa Linda B2","state":"CA","detail_file":"data/details/power-plants-10.json","plant_id":"59269","capacity_mw":1.5,"status_group":"Operating","energy_sources":"SUN","type":"Power plant","is_nuclear":false}},{"type":"Feature","geometry":{"type":"Point","coordinates":[-117.387,34.511]},"properties":{"key":"59270-ba21926e","layer":"power","name":"Victor Mesa Linda C2","state":"CA","detail_file":"data/details/power-plants-18.json","plant_id":"59270","capacity_mw":1.5,"status_group":"Operating","energy_sources":"SUN","type":"Power plant","is_nuclear":false}},{"type":"Feature","geometry":{"type":"Point","coordinates":[-117.387,34.509]},"properties":{"key":"59271-127e09d5","layer":"power","name":"Victor Mesa Linda D2","state":"CA","detail_file":"data/details/power-plants-28.json","plant_id":"59271","capacity_mw":1.5,"status_group":"Operating","energy_sources":"SUN","type":"Power plant","is_nuclear":false}},{"type":"Feature","geometry":{"type":"Point","coordinates":[-117.387,34.508]},"properties":{"key":"59272-63fbc04c","layer":"power","name":"Victor Mesa Linda E2","state":"CA","detail_file":"data/details/power-plants-41.json","plant_id":"59272","capacity_mw":1.5,"status_group":"Operating","energy_sources":"SUN","type":"Power plant","is_nuclear":false}},{"type":"Feature","geometry":{"type":"Point","coordinates":[-117.258,34.48]},"properties":{"key":"57254-de922d5b","layer":"power","name":"Victor Valley CC CPV Solar","state":"CA","detail_file":"data/details/power-plants-27.json","plant_id":"57254","capacity_mw":1.0,"status_group":"Operating","energy_sources":"SUN","type":"Power plant","is_nuclear":false}},{"type":"Feature","geometry":{"type":"Point","coordinates":[-118.383,35.069]},"properties":{"key":"50532-54ad3f63","layer":"power","name":"Victory Garden (Tehachapi)","state":"CA","detail_file":"data/details/power-plants-39.json","plant_id":"50532","capacity_mw":26.1,"status_group":"Operating","energy_sources":"WND","type":"Power plant","is_nuclear":false}},{"type":"Feature","geometry":{"type":"Point","coordinates":[-118.061,34.669]},"properties":{"key":"58450-4288b825","layer":"power","name":"Vinam","state":"CA","detail_file":"data/details/power-plants-21.json","plant_id":"58450","capacity_mw":1.5,"status_group":"Operating","energy_sources":"SUN","type":"Power plant","is_nuclear":false}},{"type":"Feature","geometry":{"type":"Point","coordinates":[-117.254,33.204]},"properties":{"key":"61661-5bc440c7","layer":"power","name":"Vista Energy Storage System","state":"CA","detail_file":"data/details/power-plants-19.json","plant_id":"61661","capacity_mw":40.0,"status_group":"Operating","energy_sources":"MWH","type":"Power plant","is_nuclear":false}},{"type":"Feature","geometry":{"type":"Point","coordinates":[-118.283,35.046]},"properties":{"key":"60594-e90d978a","layer":"power","name":"Voyager Wind I","state":"CA","detail_file":"data/details/power-plants-60.json","plant_id":"60594","capacity_mw":131.1,"status_group":"Operating","energy_sources":"WND","type":"Power plant","is_nuclear":false}},{"type":"Feature","geometry":{"type":"Point","coordinates":[-118.269,35.073]},"properties":{"key":"61582-98c541b0","layer":"power","name":"Voyager Wind II","state":"CA","detail_file":"data/details/power-plants-49.json","plant_id":"61582","capacity_mw":128.7,"status_group":"Operating","energy_sources":"WND","type":"Power plant","is_nuclear":false}},{"type":"Feature","geometry":{"type":"Point","coordinates":[-118.265,35.061]},"properties":{"key":"61583-26d1c28a","layer":"power","name":"Voyager Wind III","state":"CA","detail_file":"data/details/power-plants-32.json","plant_id":"61583","capacity_mw":43.2,"status_group":"Operating","energy_sources":"WND","type":"Power plant","is_nuclear":false}},{"type":"Feature","geometry":{"type":"Point","coordinates":[-118.25,35.078]},"properties":{"key":"61584-ec066bb0","layer":"power","name":"Voyager Wind IV","state":"CA","detail_file":"data/details/power-plants-10.json","plant_id":"61584","capacity_mw":21.6,"status_group":"Operating","energy_sources":"WND","type":"Power plant","is_nuclear":false}},{"type":"Feature","geometry":{"type":"Point","coordinates":[-119.181,35.049]},"properties":{"key":"66806-d77593c5","layer":"power","name":"Vulcan San Emidio Solar","state":"CA","detail_file":"data/details/power-plants-33.json","plant_id":"66806","capacity_mw":1.4,"status_group":"Operating","energy_sources":"SUN","type":"Power plant","is_nuclear":false}},{"type":"Feature","geometry":{"type":"Point","coordinates":[-118.788,34.685]},"properties":{"key":"6196-f3813bcc","layer":"power","name":"W E Warne","state":"CA","detail_file":"data/details/power-plants-53.json","plant_id":"6196","capacity_mw":74.2,"status_group":"Operating","energy_sources":"WAT","type":"Power plant","is_nuclear":false}},{"type":"Feature","geometry":{"type":"Point","coordinates":[-117.196,32.903]},"properties":{"key":"59458-b8d0df6a","layer":"power","name":"W Plant","state":"CA","detail_file":"data/details/power-plants-41.json","plant_id":"59458","capacity_mw":4.6,"status_group":"Operating","energy_sources":"NG","type":"Power plant","is_nuclear":false}},{"type":"Feature","geometry":{"type":"Point","coordinates":[-119.865,35.783]},"properties":{"key":"68436-ae4262a0","layer":"power","name":"WPR RE Holdings","state":"CA","detail_file":"data/details/power-plants-42.json","plant_id":"68436","capacity_mw":2.9,"status_group":"Operating","energy_sources":"SUN","type":"Power plant","is_nuclear":false}},{"type":"Feature","geometry":{"type":"Point","coordinates":[-116.556,33.909]},"properties":{"key":"58233-42f87db8","layer":"power","name":"Wagner Wind LLC","state":"CA","detail_file":"data/details/power-plants-28.json","plant_id":"58233","capacity_mw":6.0,"status_group":"Operating","energy_sources":"WND","type":"Power plant","is_nuclear":false}},{"type":"Feature","geometry":{"type":"Point","coordinates":[-117.945,34.009]},"properties":{"key":"57515-d85a9ab0","layer":"power","name":"Walnut Creek Energy Park","state":"CA","detail_file":"data/details/power-plants-55.json","plant_id":"57515","capacity_mw":500.0,"status_group":"Operating","energy_sources":"NG","type":"Power plant","is_nuclear":false}},{"type":"Feature","geometry":{"type":"Point","coordinates":[-117.85,34.022]},"properties":{"key":"63510-1900d65d","layer":"power","name":"Walnut Unified School District Walnut HS","state":"CA","detail_file":"data/details/power-plants-49.json","plant_id":"63510","capacity_mw":2.3,"status_group":"Operating","energy_sources":"MWH; SUN","type":"Power plant","is_nuclear":false}},{"type":"Feature","geometry":{"type":"Point","coordinates":[-117.278,34.173]},"properties":{"key":"60466-d3c32d2d","layer":"power","name":"Waterman Turnout Hydroelectric","state":"CA","detail_file":"data/details/power-plants-11.json","plant_id":"60466","capacity_mw":1.0,"status_group":"Operating","energy_sources":"WAT","type":"Power plant","is_nuclear":false}},{"type":"Feature","geometry":{"type":"Point","coordinates":[-117.237,33.144]},"properties":{"key":"57715-9ec3d440","layer":"power","name":"Watkins Manufacturing Co.","state":"CA","detail_file":"data/details/power-plants-12.json","plant_id":"57715","capacity_mw":2.0,"status_group":"Operating","energy_sources":"NG","type":"Power plant","is_nuclear":false}},{"type":"Feature","geometry":{"type":"Point","coordinates":[-118.245,33.817]},"properties":{"key":"50216-184bb1ba","layer":"power","name":"Watson Cogeneration","state":"CA","detail_file":"data/details/power-plants-60.json","plant_id":"50216","capacity_mw":405.0,"status_group":"Operating","energy_sources":"NG","type":"Power plant","is_nuclear":false}},{"type":"Feature","geometry":{"type":"Point","coordinates":[-117.642,34.601]},"properties":{"key":"58454-978361f7","layer":"power","name":"Watts 3115","state":"CA","detail_file":"data/details/power-plants-56.json","plant_id":"58454","capacity_mw":2.0,"status_group":"Operating","energy_sources":"SUN","type":"Power plant","is_nuclear":false}},{"type":"Feature","geometry":{"type":"Point","coordinates":[-119.662,35.354]},"properties":{"key":"54447-fed4ec99","layer":"power","name":"Welport Lease Project","state":"CA","detail_file":"data/details/power-plants-21.json","plant_id":"54447","capacity_mw":5.0,"status_group":"Operating","energy_sources":"NG","type":"Power plant","is_nuclear":false}},{"type":"Feature","geometry":{"type":"Point","coordinates":[-117.01,33.72]},"properties":{"key":"58244-f0ef2f6d","layer":"power","name":"West Valley High School Solar","state":"CA","detail_file":"data/details/power-plants-15.json","plant_id":"58244","capacity_mw":1.0,"status_group":"Operating","energy_sources":"SUN","type":"Power plant","is_nuclear":false}},{"type":"Feature","geometry":{"type":"Point","coordinates":[-117.396,35.708]},"properties":{"key":"10685-5770c79d","layer":"power","name":"Westend Facility","state":"CA","detail_file":"data/details/power-plants-07.json","plant_id":"10685","capacity_mw":20.0,"status_group":"Operating","energy_sources":"NG","type":"Power plant","is_nuclear":false}},{"type":"Feature","geometry":{"type":"Point","coordinates":[-118.314,34.732]},"properties":{"key":"59961-fedb05fc","layer":"power","name":"Western Antelope Blue Sky B","state":"CA","detail_file":"data/details/power-plants-40.json","plant_id":"59961","capacity_mw":20.0,"status_group":"Operating","energy_sources":"SUN","type":"Power plant","is_nuclear":false}},{"type":"Feature","geometry":{"type":"Point","coordinates":[-118.325,34.682]},"properties":{"key":"58626-1b6a4530","layer":"power","name":"Western Antelope Blue Sky Ranch A","state":"CA","detail_file":"data/details/power-plants-60.json","plant_id":"58626","capacity_mw":20.0,"status_group":"Operating","energy_sources":"SUN","type":"Power plant","is_nuclear":false}},{"type":"Feature","geometry":{"type":"Point","coordinates":[-118.32,34.689]},"properties":{"key":"58627-390800ea","layer":"power","name":"Western Antelope Dry Ranch","state":"CA","detail_file":"data/details/power-plants-35.json","plant_id":"58627","capacity_mw":10.0,"status_group":"Operating","energy_sources":"SUN","type":"Power plant","is_nuclear":false}},{"type":"Feature","geometry":{"type":"Point","coordinates":[-119.013,35.441]},"properties":{"key":"54410-925b77a2","layer":"power","name":"Western Power & Steam Inc","state":"CA","detail_file":"data/details/power-plants-19.json","plant_id":"54410","capacity_mw":27.7,"status_group":"Operating","energy_sources":"NG","type":"Power plant","is_nuclear":false}},{"type":"Feature","geometry":{"type":"Point","coordinates":[-118.289,33.766]},"properties":{"key":"61249-5afe29c6","layer":"power","name":"Westmont 300A","state":"CA","detail_file":"data/details/power-plants-36.json","plant_id":"61249","capacity_mw":2.9,"status_group":"Operating","energy_sources":"SUN","type":"Power plant","is_nuclear":false}},{"type":"Feature","geometry":{"type":"Point","coordinates":[-118.285,33.766]},"properties":{"key":"60914-c402b4fd","layer":"power","name":"Westmont 300B","state":"CA","detail_file":"data/details/power-plants-56.json","plant_id":"60914","capacity_mw":3.0,"status_group":"Operating","energy_sources":"SUN","type":"Power plant","is_nuclear":false}},{"type":"Feature","geometry":{"type":"Point","coordinates":[-118.287,33.763]},"properties":{"key":"61593-8a955fa7","layer":"power","name":"Westmont 301","state":"CA","detail_file":"data/details/power-plants-54.json","plant_id":"61593","capacity_mw":1.8,"status_group":"Operating","energy_sources":"SUN","type":"Power plant","is_nuclear":false}},{"type":"Feature","geometry":{"type":"Point","coordinates":[-118.289,33.764]},"properties":{"key":"61348-584017ac","layer":"power","name":"Westmont 400A","state":"CA","detail_file":"data/details/power-plants-15.json","plant_id":"61348","capacity_mw":2.3,"status_group":"Operating","energy_sources":"SUN","type":"Power plant","is_nuclear":false}},{"type":"Feature","geometry":{"type":"Point","coordinates":[-118.285,33.764]},"properties":{"key":"61349-b73334d7","layer":"power","name":"Westmont 400B","state":"CA","detail_file":"data/details/power-plants-58.json","plant_id":"61349","capacity_mw":2.2,"status_group":"Operating","energy_sources":"SUN","type":"Power plant","is_nuclear":false}},{"type":"Feature","geometry":{"type":"Point","coordinates":[-118.288,33.762]},"properties":{"key":"61594-813f3903","layer":"power","name":"Westmont 401","state":"CA","detail_file":"data/details/power-plants-15.json","plant_id":"61594","capacity_mw":2.9,"status_group":"Operating","energy_sources":"SUN","type":"Power plant","is_nuclear":false}},{"type":"Feature","geometry":{"type":"Point","coordinates":[-117.782,34.109]},"properties":{"key":"60255-6c129cca","layer":"power","name":"Weymouth Solar Plant","state":"CA","detail_file":"data/details/power-plants-10.json","plant_id":"60255","capacity_mw":3.0,"status_group":"Operating","energy_sources":"SUN","type":"Power plant","is_nuclear":false}},{"type":"Feature","geometry":{"type":"Point","coordinates":[-119.316,35.082]},"properties":{"key":"66713-97a8fffb","layer":"power","name":"Wheeler Ridge","state":"CA","detail_file":"data/details/power-plants-10.json","plant_id":"66713","capacity_mw":4.5,"status_group":"Operating","energy_sources":"SUN","type":"Power plant","is_nuclear":false}},{"type":"Feature","geometry":{"type":"Point","coordinates":[-118.909,34.985]},"properties":{"key":"68395-e4684df9","layer":"power","name":"Wheeler Ridge 2","state":"CA","detail_file":"data/details/power-plants-44.json","plant_id":"68395","capacity_mw":5.0,"status_group":"Operating","energy_sources":"SUN","type":"Power plant","is_nuclear":false}},{"type":"Feature","geometry":{"type":"Point","coordinates":[-119.463,35.871]},"properties":{"key":"58373-c02780ae","layer":"power","name":"White River Solar","state":"CA","detail_file":"data/details/power-plants-14.json","plant_id":"58373","capacity_mw":20.0,"status_group":"Operating","energy_sources":"SUN","type":"Power plant","is_nuclear":false}},{"type":"Feature","geometry":{"type":"Point","coordinates":[-119.046,35.875]},"properties":{"key":"58973-8fe4c58d","layer":"power","name":"White River Solar 2","state":"CA","detail_file":"data/details/power-plants-08.json","plant_id":"58973","capacity_mw":19.8,"status_group":"Operating","energy_sources":"SUN","type":"Power plant","is_nuclear":false}},{"type":"Feature","geometry":{"type":"Point","coordinates":[-116.618,33.925]},"properties":{"key":"56012-19d2ae25","layer":"power","name":"Whitewater Hill Wind Partners","state":"CA","detail_file":"data/details/power-plants-06.json","plant_id":"56012","capacity_mw":61.5,"status_group":"Operating","energy_sources":"WND","type":"Power plant","is_nuclear":false}},{"type":"Feature","geometry":{"type":"Point","coordinates":[-116.641,33.935]},"properties":{"key":"10162-bea5e25a","layer":"power","name":"Whitewater Hydro Plant","state":"CA","detail_file":"data/details/power-plants-27.json","plant_id":"10162","capacity_mw":1.3,"status_group":"Operating","energy_sources":"WAT","type":"Power plant","is_nuclear":false}},{"type":"Feature","geometry":{"type":"Point","coordinates":[-118.048,33.972]},"properties":{"key":"57102-492aa535","layer":"power","name":"Whittier LFG Power Plant #1","state":"CA","detail_file":"data/details/power-plants-54.json","plant_id":"57102","capacity_mw":2.2,"status_group":"Operating","energy_sources":"LFG","type":"Power plant","is_nuclear":false}},{"type":"Feature","geometry":{"type":"Point","coordinates":[-116.49,33.808]},"properties":{"key":"62875-2bd337e5","layer":"power","name":"Wildcat I Energy Storage LLC","state":"CA","detail_file":"data/details/power-plants-41.json","plant_id":"62875","capacity_mw":3.0,"status_group":"Operating","energy_sources":"MWH","type":"Power plant","is_nuclear":false}},{"type":"Feature","geometry":{"type":"Point","coordinates":[-119.578,35.616]},"properties":{"key":"59380-84535a3a","layer":"power","name":"Wildwood Solar I, LLC","state":"CA","detail_file":"data/details/power-plants-12.json","plant_id":"59380","capacity_mw":19.5,"status_group":"Operating","energy_sources":"SUN","type":"Power plant","is_nuclear":false}},{"type":"Feature","geometry":{"type":"Point","coordinates":[-119.574,35.63]},"properties":{"key":"59253-5f0b8911","layer":"power","name":"Wildwood Solar II","state":"CA","detail_file":"data/details/power-plants-47.json","plant_id":"59253","capacity_mw":15.0,"status_group":"Operating","energy_sources":"SUN","type":"Power plant","is_nuclear":false}},{"type":"Feature","geometry":{"type":"Point","coordinates":[-118.335,34.827]},"properties":{"key":"60324-880a684c","layer":"power","name":"Willow Spring Solar, LLC","state":"CA","detail_file":"data/details/power-plants-32.json","plant_id":"60324","capacity_mw":107.9,"status_group":"Operating","energy_sources":"SUN","type":"Power plant","is_nuclear":false}},{"type":"Feature","geometry":{"type":"Point","coordinates":[-118.24,33.78]},"properties":{"key":"55557-f906b978","layer":"power","name":"Wilmington Hydrogen Plant","state":"CA","detail_file":"data/details/power-plants-44.json","plant_id":"55557","capacity_mw":31.9,"status_group":"Operating","energy_sources":"WH","type":"Power plant","is_nuclear":false}},{"type":"Feature","geometry":{"type":"Point","coordinates":[-118.288,35.02]},"properties":{"key":"59878-394b0705","layer":"power","name":"Windhub Solar A LLC","state":"CA","detail_file":"data/details/power-plants-30.json","plant_id":"59878","capacity_mw":20.0,"status_group":"Operating","energy_sources":"SUN","type":"Power plant","is_nuclear":false}},{"type":"Feature","geometry":{"type":"Point","coordinates":[-118.27,35.013]},"properties":{"key":"59969-52516766","layer":"power","name":"Windhub Solar B, LLC","state":"CA","detail_file":"data/details/power-plants-26.json","plant_id":"59969","capacity_mw":26.4,"status_group":"Under construction","energy_sources":"SUN","type":"Power plant","is_nuclear":false}},{"type":"Feature","geometry":{"type":"Point","coordinates":[-118.355,35.054]},"properties":{"key":"57774-6ce1f5d0","layer":"power","name":"Windstar 1","state":"CA","detail_file":"data/details/power-plants-02.json","plant_id":"57774","capacity_mw":120.0,"status_group":"Operating","energy_sources":"WND","type":"Power plant","is_nuclear":false}},{"type":"Feature","geometry":{"type":"Point","coordinates":[-119.49,35.695]},"properties":{"key":"70038-52577b58","layer":"power","name":"Wingmaster","state":"CA","detail_file":"data/details/power-plants-33.json","plant_id":"70038","capacity_mw":1.5,"status_group":"Operating","energy_sources":"SUN","type":"Power plant","is_nuclear":false}},{"type":"Feature","geometry":{"type":"Point","coordinates":[-119.238,35.737]},"properties":{"key":"70039-a8911163","layer":"power","name":"Wonderful Citrus - Delano","state":"CA","detail_file":"data/details/power-plants-49.json","plant_id":"70039","capacity_mw":2.8,"status_group":"Operating","energy_sources":"SUN","type":"Power plant","is_nuclear":false}},{"type":"Feature","geometry":{"type":"Point","coordinates":[-119.789,35.576]},"properties":{"key":"65277-16a875a8","layer":"power","name":"Wonderful Huller & Shelling","state":"CA","detail_file":"data/details/power-plants-61.json","plant_id":"65277","capacity_mw":1.5,"status_group":"Operating","energy_sources":"SUN","type":"Power plant","is_nuclear":false}},{"type":"Feature","geometry":{"type":"Point","coordinates":[-119.868,35.769]},"properties":{"key":"66332-f4684a88","layer":"power","name":"Wonderful Kings","state":"CA","detail_file":"data/details/power-plants-26.json","plant_id":"66332","capacity_mw":3.5,"status_group":"Operating","energy_sources":"SUN","type":"Power plant","is_nuclear":false}},{"type":"Feature","geometry":{"type":"Point","coordinates":[-119.877,35.669]},"properties":{"key":"65278-904e9076","layer":"power","name":"Wonderful Lost Hills","state":"CA","detail_file":"data/details/power-plants-09.json","plant_id":"65278","capacity_mw":17.1,"status_group":"Operating","energy_sources":"SUN","type":"Power plant","is_nuclear":false}},{"type":"Feature","geometry":{"type":"Point","coordinates":[-119.392,35.618]},"properties":{"key":"65783-70689986","layer":"power","name":"Wonderful Nursery","state":"CA","detail_file":"data/details/power-plants-43.json","plant_id":"65783","capacity_mw":2.3,"status_group":"Operating","energy_sources":"SUN","type":"Power plant","is_nuclear":false}},{"type":"Feature","geometry":{"type":"Point","coordinates":[-119.749,35.5]},"properties":{"key":"64221-58fc17f6","layer":"power","name":"Wonderful Orchards - Belridge","state":"CA","detail_file":"data/details/power-plants-61.json","plant_id":"64221","capacity_mw":5.0,"status_group":"Operating","energy_sources":"SUN","type":"Power plant","is_nuclear":false}},{"type":"Feature","geometry":{"type":"Point","coordinates":[-119.973,35.658]},"properties":{"key":"67913-cf88e67c","layer":"power","name":"Wonderful Orchards - West Valley","state":"CA","detail_file":"data/details/power-plants-30.json","plant_id":"67913","capacity_mw":3.0,"status_group":"Operating","energy_sources":"SUN","type":"Power plant","is_nuclear":false}},{"type":"Feature","geometry":{"type":"Point","coordinates":[-119.745,35.733]},"properties":{"key":"64220-2abce4f2","layer":"power","name":"Wonderful Orchards - Westside","state":"CA","detail_file":"data/details/power-plants-62.json","plant_id":"64220","capacity_mw":5.0,"status_group":"Operating","energy_sources":"SUN","type":"Power plant","is_nuclear":false}},{"type":"Feature","geometry":{"type":"Point","coordinates":[-118.821,35.323]},"properties":{"key":"59008-639d0657","layer":"power","name":"Woodmere Solar Farm","state":"CA","detail_file":"data/details/power-plants-15.json","plant_id":"59008","capacity_mw":15.0,"status_group":"Operating","energy_sources":"SUN","type":"Power plant","is_nuclear":false}},{"type":"Feature","geometry":{"type":"Point","coordinates":[-118.393,34.224]},"properties":{"key":"62286-d4201b45","layer":"power","name":"Xebec 1","state":"CA","detail_file":"data/details/power-plants-00.json","plant_id":"62286","capacity_mw":1.9,"status_group":"Operating","energy_sources":"SUN","type":"Power plant","is_nuclear":false}},{"type":"Feature","geometry":{"type":"Point","coordinates":[-117.819,33.912]},"properties":{"key":"6647-6d3587a8","layer":"power","name":"Yorba Linda","state":"CA","detail_file":"data/details/power-plants-07.json","plant_id":"6647","capacity_mw":5.1,"status_group":"Operating","energy_sources":"WAT","type":"Power plant","is_nuclear":false}},{"type":"Feature","geometry":{"type":"Point","coordinates":[-118.068,34.005]},"properties":{"key":"63325-638c23c9","layer":"power","name":"Yorktown Battery Energy Storage Facility","state":"CA","detail_file":"data/details/power-plants-35.json","plant_id":"63325","capacity_mw":3.5,"status_group":"Operating","energy_sources":"MWH","type":"Power plant","is_nuclear":false}},{"type":"Feature","geometry":{"type":"Point","coordinates":[-118.381,35.077]},"properties":{"key":"56276-b1202bea","layer":"power","name":"ZCO","state":"CA","detail_file":"data/details/power-plants-58.json","plant_id":"56276","capacity_mw":1.6,"status_group":"Operating","energy_sources":"WND","type":"Power plant","is_nuclear":false}}]}