{"type":"FeatureCollection","features":[{"type":"Feature","geometry":{"type":"Point","coordinates":[-97.074,29.807]},"properties":{"key":"64239-69c44118","layer":"power","name":"7V Solar Ranch","state":"TX","detail_file":"data/details/power-plants-30.json","plant_id":"64239","capacity_mw":240.0,"status_group":"Operating","energy_sources":"SUN","type":"Power plant","is_nuclear":false}},{"type":"Feature","geometry":{"type":"Point","coordinates":[-97.669,30.205]},"properties":{"key":"67791-bfc9a1d6","layer":"power","name":"ABIA Parking Structure","state":"TX","detail_file":"data/details/power-plants-26.json","plant_id":"67791","capacity_mw":1.8,"status_group":"Operating","energy_sources":"SUN","type":"Power plant","is_nuclear":false}},{"type":"Feature","geometry":{"type":"Point","coordinates":[-99.612,29.292]},"properties":{"key":"64258-8e5d7a67","layer":"power","name":"AP Sunray LLC","state":"TX","detail_file":"data/details/power-plants-35.json","plant_id":"64258","capacity_mw":203.5,"status_group":"Operating","energy_sources":"SUN","type":"Power plant","is_nuclear":false}},{"type":"Feature","geometry":{"type":"Point","coordinates":[-97.201,31.488]},"properties":{"key":"67308-7637842a","layer":"power","name":"AbbVie Waco","state":"TX","detail_file":"data/details/power-plants-10.json","plant_id":"67308","capacity_mw":5.6,"status_group":"Operating","energy_sources":"NG","type":"Power plant","is_nuclear":false}},{"type":"Feature","geometry":{"type":"Point","coordinates":[-98.041,29.594]},"properties":{"key":"3581-84344216","layer":"power","name":"Abbott TP 3","state":"TX","detail_file":"data/details/power-plants-17.json","plant_id":"3581","capacity_mw":2.8,"status_group":"Operating","energy_sources":"WAT","type":"Power plant","is_nuclear":false}},{"type":"Feature","geometry":{"type":"Point","coordinates":[-97.84,28.288]},"properties":{"key":"68347-7002422d","layer":"power","name":"Abeja Solar Farm","state":"TX","detail_file":"data/details/power-plants-11.json","plant_id":"68347","capacity_mw":200.0,"status_group":"Planned","energy_sources":"SUN","type":"Power plant","is_nuclear":false}},{"type":"Feature","geometry":{"type":"Point","coordinates":[-97.21,30.622]},"properties":{"key":"69004-45c21700","layer":"power","name":"Adelite Storage Project LLC","state":"TX","detail_file":"data/details/power-plants-54.json","plant_id":"69004","capacity_mw":230.0,"status_group":"Under construction","energy_sources":"MWH","type":"Power plant","is_nuclear":false}},{"type":"Feature","geometry":{"type":"Point","coordinates":[-96.276,29.122]},"properties":{"key":"64927-15c717b7","layer":"power","name":"Aktina Solar","state":"TX","detail_file":"data/details/power-plants-06.json","plant_id":"64927","capacity_mw":500.0,"status_group":"Operating","energy_sources":"SUN","type":"Power plant","is_nuclear":false}},{"type":"Feature","geometry":{"type":"Point","coordinates":[-98.319,29.345]},"properties":{"key":"68348-04363322","layer":"power","name":"Alamo City ESS","state":"TX","detail_file":"data/details/power-plants-21.json","plant_id":"68348","capacity_mw":200.0,"status_group":"Planned","energy_sources":"MWH","type":"Power plant","is_nuclear":false}},{"type":"Feature","geometry":{"type":"Point","coordinates":[-97.422,31.484]},"properties":{"key":"66894-254dbefe","layer":"power","name":"Albatross Solar, LLC","state":"TX","detail_file":"data/details/power-plants-25.json","plant_id":"66894","capacity_mw":151.4,"status_group":"Planned","energy_sources":"MWH; SUN","type":"Power plant","is_nuclear":false}},{"type":"Feature","geometry":{"type":"Point","coordinates":[-98.09,29.161]},"properties":{"key":"67250-df69ab4e","layer":"power","name":"Alina Energy LLC","state":"TX","detail_file":"data/details/power-plants-48.json","plant_id":"67250","capacity_mw":400.0,"status_group":"Planned","energy_sources":"MWH; SUN","type":"Power plant","is_nuclear":false}},{"type":"Feature","geometry":{"type":"Point","coordinates":[-96.115,31.862]},"properties":{"key":"67649-1d50094b","layer":"power","name":"Amerada","state":"TX","detail_file":"data/details/power-plants-35.json","plant_id":"67649","capacity_mw":300.0,"status_group":"Under construction","energy_sources":"SUN","type":"Power plant","is_nuclear":false}},{"type":"Feature","geometry":{"type":"Point","coordinates":[-98.384,29.257]},"properties":{"key":"7512-37d23011","layer":"power","name":"Arthur Von Rosenberg","state":"TX","detail_file":"data/details/power-plants-20.json","plant_id":"7512","capacity_mw":575.0,"status_group":"Operating","energy_sources":"NG","type":"Power plant","is_nuclear":false}},{"type":"Feature","geometry":{"type":"Point","coordinates":[-97.016,31.9]},"properties":{"key":"66391-cd51e954","layer":"power","name":"Ash Creek BESS","state":"TX","detail_file":"data/details/power-plants-26.json","plant_id":"66391","capacity_mw":306.0,"status_group":"Planned","energy_sources":"MWH","type":"Power plant","is_nuclear":false}},{"type":"Feature","geometry":{"type":"Point","coordinates":[-97.034,31.901]},"properties":{"key":"66774-6d052976","layer":"power","name":"Ash Creek Solar","state":"TX","detail_file":"data/details/power-plants-56.json","plant_id":"66774","capacity_mw":408.9,"status_group":"Operating","energy_sources":"SUN","type":"Power plant","is_nuclear":false}},{"type":"Feature","geometry":{"type":"Point","coordinates":[-97.784,30.293]},"properties":{"key":"3594-a56242ae","layer":"power","name":"Austin","state":"TX","detail_file":"data/details/power-plants-43.json","plant_id":"3594","capacity_mw":18.0,"status_group":"Operating","energy_sources":"WAT","type":"Power plant","is_nuclear":false}},{"type":"Feature","geometry":{"type":"Point","coordinates":[-97.622,30.334]},"properties":{"key":"56524-4f8c69a9","layer":"power","name":"Austin Gas Recovery","state":"TX","detail_file":"data/details/power-plants-59.json","plant_id":"56524","capacity_mw":4.8,"status_group":"Operating","energy_sources":"LFG","type":"Power plant","is_nuclear":false}},{"type":"Feature","geometry":{"type":"Point","coordinates":[-97.62,30.22]},"properties":{"key":"65070-13f12c18","layer":"power","name":"Austin TX GigaFactory","state":"TX","detail_file":"data/details/power-plants-41.json","plant_id":"65070","capacity_mw":5.4,"status_group":"Operating","energy_sources":"SUN","type":"Power plant","is_nuclear":false}},{"type":"Feature","geometry":{"type":"Point","coordinates":[-97.62,30.22]},"properties":{"key":"65070-9313e071","layer":"power","name":"Austin TX GigaFactory","state":"TX","detail_file":"data/details/power-plants-61.json","plant_id":"65070","capacity_mw":2.3,"status_group":"Under construction","energy_sources":"SUN","type":"Power plant","is_nuclear":false}},{"type":"Feature","geometry":{"type":"Point","coordinates":[-96.122,31.626]},"properties":{"key":"68349-7c3ccc5a","layer":"power","name":"Avant Prairie ESS","state":"TX","detail_file":"data/details/power-plants-15.json","plant_id":"68349","capacity_mw":200.0,"status_group":"Planned","energy_sources":"MWH","type":"Power plant","is_nuclear":false}},{"type":"Feature","geometry":{"type":"Point","coordinates":[-96.833,28.571]},"properties":{"key":"50404-4028002f","layer":"power","name":"BP Chemicals Green Lake Plant","state":"TX","detail_file":"data/details/power-plants-32.json","plant_id":"50404","capacity_mw":38.8,"status_group":"Operating","energy_sources":"WH","type":"Power plant","is_nuclear":false}},{"type":"Feature","geometry":{"type":"Point","coordinates":[-97.083,31.347]},"properties":{"key":"64259-6493892e","layer":"power","name":"BPL Crown Solar LLC","state":"TX","detail_file":"data/details/power-plants-17.json","plant_id":"64259","capacity_mw":100.0,"status_group":"Operating","energy_sources":"SUN","type":"Power plant","is_nuclear":false}},{"type":"Feature","geometry":{"type":"Point","coordinates":[-97.083,31.347]},"properties":{"key":"64260-49c06083","layer":"power","name":"BPL Sol Solar LLC","state":"TX","detail_file":"data/details/power-plants-48.json","plant_id":"64260","capacity_mw":100.0,"status_group":"Operating","energy_sources":"SUN","type":"Power plant","is_nuclear":false}},{"type":"Feature","geometry":{"type":"Point","coordinates":[-97.517,31.82]},"properties":{"key":"66903-f848127c","layer":"power","name":"BT Hickerson Solar, LLC","state":"TX","detail_file":"data/details/power-plants-55.json","plant_id":"66903","capacity_mw":310.0,"status_group":"Operating","energy_sources":"SUN","type":"Power plant","is_nuclear":false}},{"type":"Feature","geometry":{"type":"Point","coordinates":[-97.058,30.904]},"properties":{"key":"68246-ce9041bf","layer":"power","name":"BT Jungmann","state":"TX","detail_file":"data/details/power-plants-28.json","plant_id":"68246","capacity_mw":40.0,"status_group":"Operating","energy_sources":"SUN","type":"Power plant","is_nuclear":false}},{"type":"Feature","geometry":{"type":"Point","coordinates":[-98.257,30.55]},"properties":{"key":"69167-2bebd587","layer":"power","name":"Backbone Creek BESS","state":"TX","detail_file":"data/details/power-plants-56.json","plant_id":"69167","capacity_mw":121.0,"status_group":"Under construction","energy_sources":"MWH","type":"Power plant","is_nuclear":false}},{"type":"Feature","geometry":{"type":"Point","coordinates":[-99.762,29.681]},"properties":{"key":"61205-5be4f9fa","layer":"power","name":"Bandera Electric Coop PV","state":"TX","detail_file":"data/details/power-plants-13.json","plant_id":"61205","capacity_mw":1.5,"status_group":"Operating","energy_sources":"SUN","type":"Power plant","is_nuclear":false}},{"type":"Feature","geometry":{"type":"Point","coordinates":[-96.665,31.103]},"properties":{"key":"69392-e6715078","layer":"power","name":"Barton Branch IA","state":"TX","detail_file":"data/details/power-plants-32.json","plant_id":"69392","capacity_mw":200.0,"status_group":"Under construction","energy_sources":"MWH","type":"Power plant","is_nuclear":false}},{"type":"Feature","geometry":{"type":"Point","coordinates":[-97.55,30.146]},"properties":{"key":"55168-80923bfb","layer":"power","name":"Bastrop Energy Center","state":"TX","detail_file":"data/details/power-plants-15.json","plant_id":"55168","capacity_mw":618.7,"status_group":"Operating","energy_sources":"NG","type":"Power plant","is_nuclear":false}},{"type":"Feature","geometry":{"type":"Point","coordinates":[-99.232,30.738]},"properties":{"key":"64312-8e78bc99","layer":"power","name":"Bat Cave","state":"TX","detail_file":"data/details/power-plants-32.json","plant_id":"64312","capacity_mw":100.0,"status_group":"Operating","energy_sources":"MWH","type":"Power plant","is_nuclear":false}},{"type":"Feature","geometry":{"type":"Point","coordinates":[-96.088,29.455]},"properties":{"key":"65034-ada1e707","layer":"power","name":"Bernard Creek Solar","state":"TX","detail_file":"data/details/power-plants-54.json","plant_id":"65034","capacity_mw":230.0,"status_group":"Operating","energy_sources":"SUN","type":"Power plant","is_nuclear":false}},{"type":"Feature","geometry":{"type":"Point","coordinates":[-98.317,29.38]},"properties":{"key":"69607-f871185b","layer":"power","name":"Bexar Corrilla BESS","state":"TX","detail_file":"data/details/power-plants-51.json","plant_id":"69607","capacity_mw":9.9,"status_group":"Operating","energy_sources":"MWH","type":"Power plant","is_nuclear":false}},{"type":"Feature","geometry":{"type":"Point","coordinates":[-98.456,29.271]},"properties":{"key":"66400-45f66b26","layer":"power","name":"Bexar ESS","state":"TX","detail_file":"data/details/power-plants-59.json","plant_id":"66400","capacity_mw":100.0,"status_group":"Operating","energy_sources":"MWH","type":"Power plant","is_nuclear":false}},{"type":"Feature","geometry":{"type":"Point","coordinates":[-97.217,31.141]},"properties":{"key":"68180-86a93d18","layer":"power","name":"Big Elm Solar","state":"TX","detail_file":"data/details/power-plants-14.json","plant_id":"68180","capacity_mw":200.0,"status_group":"Operating","energy_sources":"SUN","type":"Power plant","is_nuclear":false}},{"type":"Feature","geometry":{"type":"Point","coordinates":[-97.271,29.894]},"properties":{"key":"64202-7d75cfde","layer":"power","name":"Big Star Solar, LLC (Hybrid)","state":"TX","detail_file":"data/details/power-plants-33.json","plant_id":"64202","capacity_mw":200.0,"status_group":"Operating","energy_sources":"SUN","type":"Power plant","is_nuclear":false}},{"type":"Feature","geometry":{"type":"Point","coordinates":[-97.271,29.894]},"properties":{"key":"64202-c543468d","layer":"power","name":"Big Star Solar, LLC (Hybrid)","state":"TX","detail_file":"data/details/power-plants-21.json","plant_id":"64202","capacity_mw":80.0,"status_group":"Under construction","energy_sources":"MWH","type":"Power plant","is_nuclear":false}},{"type":"Feature","geometry":{"type":"Point","coordinates":[-97.862,28.159]},"properties":{"key":"68495-52208f42","layer":"power","name":"Bird Dog Energy Storage","state":"TX","detail_file":"data/details/power-plants-18.json","plant_id":"68495","capacity_mw":60.0,"status_group":"Under construction","energy_sources":"MWH","type":"Power plant","is_nuclear":false}},{"type":"Feature","geometry":{"type":"Point","coordinates":[-97.523,28.208]},"properties":{"key":"62783-71c501f9","layer":"power","name":"Blackjack Creek Wind Farm","state":"TX","detail_file":"data/details/power-plants-04.json","plant_id":"62783","capacity_mw":239.6,"status_group":"Operating","energy_sources":"WND","type":"Power plant","is_nuclear":false}},{"type":"Feature","geometry":{"type":"Point","coordinates":[-97.185,31.211]},"properties":{"key":"69414-bd02d38b","layer":"power","name":"Blevins Solar & Storage","state":"TX","detail_file":"data/details/power-plants-38.json","plant_id":"69414","capacity_mw":450.0,"status_group":"Operating","energy_sources":"MWH; SUN","type":"Power plant","is_nuclear":false}},{"type":"Feature","geometry":{"type":"Point","coordinates":[-96.07,30.705]},"properties":{"key":"64672-79af33d1","layer":"power","name":"Blue Jay Solar I, LLC","state":"TX","detail_file":"data/details/power-plants-34.json","plant_id":"64672","capacity_mw":51.6,"status_group":"Operating","energy_sources":"MWH","type":"Power plant","is_nuclear":false}},{"type":"Feature","geometry":{"type":"Point","coordinates":[-96.07,30.705]},"properties":{"key":"64672-e0a28044","layer":"power","name":"Blue Jay Solar I, LLC","state":"TX","detail_file":"data/details/power-plants-31.json","plant_id":"64672","capacity_mw":210.0,"status_group":"Under construction","energy_sources":"SUN","type":"Power plant","is_nuclear":false}},{"type":"Feature","geometry":{"type":"Point","coordinates":[-98.4,29.304]},"properties":{"key":"57197-020d84c7","layer":"power","name":"Blue Wing Solar Energy Generation","state":"TX","detail_file":"data/details/power-plants-17.json","plant_id":"57197","capacity_mw":13.9,"status_group":"Operating","energy_sources":"SUN","type":"Power plant","is_nuclear":false}},{"type":"Feature","geometry":{"type":"Point","coordinates":[-96.077,29.631]},"properties":{"key":"61867-b8a109eb","layer":"power","name":"Bovine","state":"TX","detail_file":"data/details/power-plants-33.json","plant_id":"61867","capacity_mw":10.0,"status_group":"Operating","energy_sources":"SUN","type":"Power plant","is_nuclear":false}},{"type":"Feature","geometry":{"type":"Point","coordinates":[-99.723,28.956]},"properties":{"key":"67767-06936fec","layer":"power","name":"Bramble Energy Center","state":"TX","detail_file":"data/details/power-plants-41.json","plant_id":"67767","capacity_mw":225.1,"status_group":"Planned","energy_sources":"MWH","type":"Power plant","is_nuclear":false}},{"type":"Feature","geometry":{"type":"Point","coordinates":[-97.218,31.349]},"properties":{"key":"67772-61239974","layer":"power","name":"Braswell Solar","state":"TX","detail_file":"data/details/power-plants-12.json","plant_id":"67772","capacity_mw":44.2,"status_group":"Under construction","energy_sources":"SUN","type":"Power plant","is_nuclear":false}},{"type":"Feature","geometry":{"type":"Point","coordinates":[-97.89,28.431]},"properties":{"key":"63223-b3457e10","layer":"power","name":"Brightside","state":"TX","detail_file":"data/details/power-plants-28.json","plant_id":"63223","capacity_mw":50.7,"status_group":"Operating","energy_sources":"SUN","type":"Power plant","is_nuclear":false}},{"type":"Feature","geometry":{"type":"Point","coordinates":[-96.372,30.647]},"properties":{"key":"3561-ccbe2eea","layer":"power","name":"Bryan (TX)","state":"TX","detail_file":"data/details/power-plants-42.json","plant_id":"3561","capacity_mw":22.0,"status_group":"Operating","energy_sources":"NG","type":"Power plant","is_nuclear":false}},{"type":"Feature","geometry":{"type":"Point","coordinates":[-98.418,30.751]},"properties":{"key":"3595-454b0c2c","layer":"power","name":"Buchanan Dam (TX)","state":"TX","detail_file":"data/details/power-plants-43.json","plant_id":"3595","capacity_mw":54.9,"status_group":"Operating","energy_sources":"WAT","type":"Power plant","is_nuclear":false}},{"type":"Feature","geometry":{"type":"Point","coordinates":[-97.851,30.076]},"properties":{"key":"69324-49de061f","layer":"power","name":"Buda BESS","state":"TX","detail_file":"data/details/power-plants-05.json","plant_id":"69324","capacity_mw":9.9,"status_group":"Under construction","energy_sources":"MWH","type":"Power plant","is_nuclear":false}},{"type":"Feature","geometry":{"type":"Point","coordinates":[-97.665,31.585]},"properties":{"key":"69360-46c79a8e","layer":"power","name":"Bynum Solar Project","state":"TX","detail_file":"data/details/power-plants-26.json","plant_id":"69360","capacity_mw":56.0,"status_group":"Operating","energy_sources":"SUN","type":"Power plant","is_nuclear":false}},{"type":"Feature","geometry":{"type":"Point","coordinates":[-96.54,28.65]},"properties":{"key":"56708-67356ae2","layer":"power","name":"CFB Power Plant","state":"TX","detail_file":"data/details/power-plants-33.json","plant_id":"56708","capacity_mw":310.0,"status_group":"Operating","energy_sources":"NG","type":"Power plant","is_nuclear":false}},{"type":"Feature","geometry":{"type":"Point","coordinates":[-97.012,28.793]},"properties":{"key":"66992-b4da4dd5","layer":"power","name":"CG PS Victoria WWTP, LLC","state":"TX","detail_file":"data/details/power-plants-09.json","plant_id":"66992","capacity_mw":1.3,"status_group":"Operating","energy_sources":"DFO","type":"Power plant","is_nuclear":false}},{"type":"Feature","geometry":{"type":"Point","coordinates":[-98.269,29.378]},"properties":{"key":"60472-e6b92218","layer":"power","name":"CPS 1 Community Solar","state":"TX","detail_file":"data/details/power-plants-03.json","plant_id":"60472","capacity_mw":1.0,"status_group":"Operating","energy_sources":"SUN","type":"Power plant","is_nuclear":false}},{"type":"Feature","geometry":{"type":"Point","coordinates":[-98.015,29.653]},"properties":{"key":"65861-f043b7da","layer":"power","name":"Cachi","state":"TX","detail_file":"data/details/power-plants-55.json","plant_id":"65861","capacity_mw":200.0,"status_group":"Operating","energy_sources":"MWH","type":"Power plant","is_nuclear":false}},{"type":"Feature","geometry":{"type":"Point","coordinates":[-96.546,28.648]},"properties":{"key":"60459-719e9d1d","layer":"power","name":"Calhoun Port Comfort","state":"TX","detail_file":"data/details/power-plants-44.json","plant_id":"60459","capacity_mw":121.0,"status_group":"Operating","energy_sources":"NG","type":"Power plant","is_nuclear":false}},{"type":"Feature","geometry":{"type":"Point","coordinates":[-99.601,30.991]},"properties":{"key":"67561-9d3ace14","layer":"power","name":"Callan Solar","state":"TX","detail_file":"data/details/power-plants-08.json","plant_id":"67561","capacity_mw":90.0,"status_group":"Planned","energy_sources":"SUN","type":"Power plant","is_nuclear":false}},{"type":"Feature","geometry":{"type":"Point","coordinates":[-98.195,29.871]},"properties":{"key":"791-15e65ab4","layer":"power","name":"Canyon","state":"TX","detail_file":"data/details/power-plants-21.json","plant_id":"791","capacity_mw":6.0,"status_group":"Operating","energy_sources":"WAT","type":"Power plant","is_nuclear":false}},{"type":"Feature","geometry":{"type":"Point","coordinates":[-96.023,29.205]},"properties":{"key":"61875-47d4b716","layer":"power","name":"Cascade Solar (TX)","state":"TX","detail_file":"data/details/power-plants-02.json","plant_id":"61875","capacity_mw":10.0,"status_group":"Operating","energy_sources":"SUN","type":"Power plant","is_nuclear":false}},{"type":"Feature","geometry":{"type":"Point","coordinates":[-98.359,31.394]},"properties":{"key":"65790-f5456e13","layer":"power","name":"Castle Gap Wind","state":"TX","detail_file":"data/details/power-plants-03.json","plant_id":"65790","capacity_mw":196.8,"status_group":"Operating","energy_sources":"WND","type":"Power plant","is_nuclear":false}},{"type":"Feature","geometry":{"type":"Point","coordinates":[-97.697,28.872]},"properties":{"key":"64079-6844886f","layer":"power","name":"CatanSolar","state":"TX","detail_file":"data/details/power-plants-49.json","plant_id":"64079","capacity_mw":10.0,"status_group":"Operating","energy_sources":"SUN","type":"Power plant","is_nuclear":false}},{"type":"Feature","geometry":{"type":"Point","coordinates":[-99.674,28.347]},"properties":{"key":"65809-de7a0e9d","layer":"power","name":"Caterina","state":"TX","detail_file":"data/details/power-plants-50.json","plant_id":"65809","capacity_mw":9.9,"status_group":"Operating","energy_sources":"MWH","type":"Power plant","is_nuclear":false}},{"type":"Feature","geometry":{"type":"Point","coordinates":[-96.857,31.084]},"properties":{"key":"67976-e139c4be","layer":"power","name":"Cattlemen Solar II","state":"TX","detail_file":"data/details/power-plants-15.json","plant_id":"67976","capacity_mw":200.0,"status_group":"Under construction","energy_sources":"SUN","type":"Power plant","is_nuclear":false}},{"type":"Feature","geometry":{"type":"Point","coordinates":[-96.859,31.046]},"properties":{"key":"66168-a8b646b8","layer":"power","name":"Cattlemen Solar Park","state":"TX","detail_file":"data/details/power-plants-10.json","plant_id":"66168","capacity_mw":240.0,"status_group":"Under construction","energy_sources":"SUN","type":"Power plant","is_nuclear":false}},{"type":"Feature","geometry":{"type":"Point","coordinates":[-97.843,30.397]},"properties":{"key":"10184-301f3605","layer":"power","name":"Central Utility Plant","state":"TX","detail_file":"data/details/power-plants-62.json","plant_id":"10184","capacity_mw":14.3,"status_group":"Operating","energy_sources":"NG","type":"Power plant","is_nuclear":false}},{"type":"Feature","geometry":{"type":"Point","coordinates":[-96.343,30.618]},"properties":{"key":"58151-40c1247d","layer":"power","name":"Central Utility Plant - Texas A&M","state":"TX","detail_file":"data/details/power-plants-32.json","plant_id":"58151","capacity_mw":45.1,"status_group":"Operating","energy_sources":"NG","type":"Power plant","is_nuclear":false}},{"type":"Feature","geometry":{"type":"Point","coordinates":[-96.343,30.618]},"properties":{"key":"58151-87814d55","layer":"power","name":"Central Utility Plant - Texas A&M","state":"TX","detail_file":"data/details/power-plants-50.json","plant_id":"58151","capacity_mw":5.0,"status_group":"Planned","energy_sources":"NG","type":"Power plant","is_nuclear":false}},{"type":"Feature","geometry":{"type":"Point","coordinates":[-97.035,28.417]},"properties":{"key":"69877-0e5804a5","layer":"power","name":"Charger Solar","state":"TX","detail_file":"data/details/power-plants-45.json","plant_id":"69877","capacity_mw":394.4,"status_group":"Under construction","energy_sources":"SUN","type":"Power plant","is_nuclear":false}},{"type":"Feature","geometry":{"type":"Point","coordinates":[-97.262,31.006]},"properties":{"key":"68065-f192565a","layer":"power","name":"Chillingham Solar","state":"TX","detail_file":"data/details/power-plants-02.json","plant_id":"68065","capacity_mw":350.0,"status_group":"Under construction","energy_sources":"SUN","type":"Power plant","is_nuclear":false}},{"type":"Feature","geometry":{"type":"Point","coordinates":[-97.263,31.005]},"properties":{"key":"68842-1474c9f5","layer":"power","name":"Chillingham Storage","state":"TX","detail_file":"data/details/power-plants-25.json","plant_id":"68842","capacity_mw":150.0,"status_group":"Operating","energy_sources":"MWH","type":"Power plant","is_nuclear":false}},{"type":"Feature","geometry":{"type":"Point","coordinates":[-98.822,31.569]},"properties":{"key":"68078-58000854","layer":"power","name":"Chisme Solar and Storage","state":"TX","detail_file":"data/details/power-plants-23.json","plant_id":"68078","capacity_mw":293.0,"status_group":"Under construction","energy_sources":"MWH; SUN","type":"Power plant","is_nuclear":false}},{"type":"Feature","geometry":{"type":"Point","coordinates":[-97.781,29.264]},"properties":{"key":"65842-807986f4","layer":"power","name":"Clear Fork Creek Solar and BESS SLF","state":"TX","detail_file":"data/details/power-plants-62.json","plant_id":"65842","capacity_mw":1200.0,"status_group":"Under construction","energy_sources":"MWH; SUN","type":"Power plant","is_nuclear":false}},{"type":"Feature","geometry":{"type":"Point","coordinates":[-97.214,28.713]},"properties":{"key":"6178-aab2ae9a","layer":"power","name":"Coleto Creek","state":"TX","detail_file":"data/details/power-plants-16.json","plant_id":"6178","capacity_mw":622.4,"status_group":"Operating","energy_sources":"SUB","type":"Power plant","is_nuclear":false}},{"type":"Feature","geometry":{"type":"Point","coordinates":[-96.068,29.288]},"properties":{"key":"56350-5b6de74e","layer":"power","name":"Colorado Bend Energy Center","state":"TX","detail_file":"data/details/power-plants-34.json","plant_id":"56350","capacity_mw":654.1,"status_group":"Operating","energy_sources":"NG","type":"Power plant","is_nuclear":false}},{"type":"Feature","geometry":{"type":"Point","coordinates":[-96.065,29.289]},"properties":{"key":"60122-545e9e38","layer":"power","name":"Colorado Bend II","state":"TX","detail_file":"data/details/power-plants-25.json","plant_id":"60122","capacity_mw":1230.3,"status_group":"Operating","energy_sources":"NG","type":"Power plant","is_nuclear":false}},{"type":"Feature","geometry":{"type":"Point","coordinates":[-96.515,29.649]},"properties":{"key":"69864-2515fdf3","layer":"power","name":"Colorado Clean Energy Center (BESS)","state":"TX","detail_file":"data/details/power-plants-38.json","plant_id":"69864","capacity_mw":10.1,"status_group":"Under construction","energy_sources":"MWH","type":"Power plant","is_nuclear":false}},{"type":"Feature","geometry":{"type":"Point","coordinates":[-96.53,29.679]},"properties":{"key":"69865-e2cf79a1","layer":"power","name":"Columbus Clean Energy Center (BESS)","state":"TX","detail_file":"data/details/power-plants-18.json","plant_id":"69865","capacity_mw":10.1,"status_group":"Under construction","energy_sources":"MWH","type":"Power plant","is_nuclear":false}},{"type":"Feature","geometry":{"type":"Point","coordinates":[-98.618,29.434]},"properties":{"key":"62609-255c63cd","layer":"power","name":"Commerce ESS","state":"TX","detail_file":"data/details/power-plants-20.json","plant_id":"62609","capacity_mw":10.0,"status_group":"Operating","energy_sources":"MWH","type":"Power plant","is_nuclear":false}},{"type":"Feature","geometry":{"type":"Point","coordinates":[-98.618,29.434]},"properties":{"key":"62610-d8a22e6c","layer":"power","name":"Commerce Solar","state":"TX","detail_file":"data/details/power-plants-61.json","plant_id":"62610","capacity_mw":5.0,"status_group":"Operating","energy_sources":"SUN","type":"Power plant","is_nuclear":false}},{"type":"Feature","geometry":{"type":"Point","coordinates":[-99.934,31.465]},"properties":{"key":"67956-477003de","layer":"power","name":"Concho Pearl Solar and Storage","state":"TX","detail_file":"data/details/power-plants-62.json","plant_id":"67956","capacity_mw":334.3,"status_group":"Under construction","energy_sources":"MWH; SUN","type":"Power plant","is_nuclear":false}},{"type":"Feature","geometry":{"type":"Point","coordinates":[-96.86,31.45]},"properties":{"key":"67019-813c9fd5","layer":"power","name":"Copperhead Solar, LLC","state":"TX","detail_file":"data/details/power-plants-22.json","plant_id":"67019","capacity_mw":250.0,"status_group":"Operating","energy_sources":"MWH; SUN","type":"Power plant","is_nuclear":false}},{"type":"Feature","geometry":{"type":"Point","coordinates":[-97.796,30.994]},"properties":{"key":"67773-c9af5df8","layer":"power","name":"Cosper Solar","state":"TX","detail_file":"data/details/power-plants-26.json","plant_id":"67773","capacity_mw":148.2,"status_group":"Under construction","energy_sources":"SUN","type":"Power plant","is_nuclear":false}},{"type":"Feature","geometry":{"type":"Point","coordinates":[-99.253,28.442]},"properties":{"key":"69510-a0314a43","layer":"power","name":"Cotulla BESS 1","state":"TX","detail_file":"data/details/power-plants-55.json","plant_id":"69510","capacity_mw":9.9,"status_group":"Under construction","energy_sources":"MWH","type":"Power plant","is_nuclear":false}},{"type":"Feature","geometry":{"type":"Point","coordinates":[-97.445,28.198]},"properties":{"key":"62416-62c3f5bf","layer":"power","name":"Cranell Wind Farm LLC","state":"TX","detail_file":"data/details/power-plants-50.json","plant_id":"62416","capacity_mw":220.0,"status_group":"Operating","energy_sources":"WND","type":"Power plant","is_nuclear":false}},{"type":"Feature","geometry":{"type":"Point","coordinates":[-98.968,28.37]},"properties":{"key":"68604-03335a34","layer":"power","name":"Dahlia Energy","state":"TX","detail_file":"data/details/power-plants-35.json","plant_id":"68604","capacity_mw":300.0,"status_group":"Planned","energy_sources":"MWH; SUN","type":"Power plant","is_nuclear":false}},{"type":"Feature","geometry":{"type":"Point","coordinates":[-96.221,29.014]},"properties":{"key":"66914-5611ce7c","layer":"power","name":"Danish Fields Solar, LLC","state":"TX","detail_file":"data/details/power-plants-63.json","plant_id":"66914","capacity_mw":600.0,"status_group":"Under construction","energy_sources":"SUN","type":"Power plant","is_nuclear":false}},{"type":"Feature","geometry":{"type":"Point","coordinates":[-96.221,29.014]},"properties":{"key":"66916-cc4cbaf2","layer":"power","name":"Danish Fields Storage","state":"TX","detail_file":"data/details/power-plants-38.json","plant_id":"66916","capacity_mw":150.0,"status_group":"Operating","energy_sources":"MWH","type":"Power plant","is_nuclear":false}},{"type":"Feature","geometry":{"type":"Point","coordinates":[-96.461,30.722]},"properties":{"key":"6243-04786af4","layer":"power","name":"Dansby","state":"TX","detail_file":"data/details/power-plants-10.json","plant_id":"6243","capacity_mw":203.2,"status_group":"Operating","energy_sources":"NG","type":"Power plant","is_nuclear":false}},{"type":"Feature","geometry":{"type":"Point","coordinates":[-98.424,31.929]},"properties":{"key":"68478-ab973856","layer":"power","name":"Darkwood Solar","state":"TX","detail_file":"data/details/power-plants-19.json","plant_id":"68478","capacity_mw":150.7,"status_group":"Under construction","energy_sources":"SUN","type":"Power plant","is_nuclear":false}},{"type":"Feature","geometry":{"type":"Point","coordinates":[-97.613,30.303]},"properties":{"key":"3548-cae121d3","layer":"power","name":"Decker Creek","state":"TX","detail_file":"data/details/power-plants-15.json","plant_id":"3548","capacity_mw":206.0,"status_group":"Operating","energy_sources":"NG","type":"Power plant","is_nuclear":false}},{"type":"Feature","geometry":{"type":"Point","coordinates":[-97.51,31.78]},"properties":{"key":"67023-a7120210","layer":"power","name":"Dileo Solar","state":"TX","detail_file":"data/details/power-plants-45.json","plant_id":"67023","capacity_mw":71.4,"status_group":"Operating","energy_sources":"SUN","type":"Power plant","is_nuclear":false}},{"type":"Feature","geometry":{"type":"Point","coordinates":[-96.505,29.013]},"properties":{"key":"67918-2eb0238b","layer":"power","name":"Dios BESS, LLC","state":"TX","detail_file":"data/details/power-plants-06.json","plant_id":"67918","capacity_mw":201.6,"status_group":"Planned","energy_sources":"MWH","type":"Power plant","is_nuclear":false}},{"type":"Feature","geometry":{"type":"Point","coordinates":[-96.39,31.25]},"properties":{"key":"68483-de0732d5","layer":"power","name":"Diver Solar, LLC","state":"TX","detail_file":"data/details/power-plants-26.json","plant_id":"68483","capacity_mw":225.0,"status_group":"Operating","energy_sources":"SUN","type":"Power plant","is_nuclear":false}},{"type":"Feature","geometry":{"type":"Point","coordinates":[-96.086,28.855]},"properties":{"key":"69295-e5477ad4","layer":"power","name":"Duffy BESS","state":"TX","detail_file":"data/details/power-plants-34.json","plant_id":"69295","capacity_mw":235.9,"status_group":"Under construction","energy_sources":"MWH","type":"Power plant","is_nuclear":false}},{"type":"Feature","geometry":{"type":"Point","coordinates":[-98.046,29.64]},"properties":{"key":"3582-88769e1c","layer":"power","name":"Dunlap TP 1","state":"TX","detail_file":"data/details/power-plants-04.json","plant_id":"3582","capacity_mw":3.6,"status_group":"Operating","energy_sources":"WAT","type":"Power plant","is_nuclear":false}},{"type":"Feature","geometry":{"type":"Point","coordinates":[-99.097,29.315]},"properties":{"key":"67559-05f12b4d","layer":"power","name":"Dunlay Solar","state":"TX","detail_file":"data/details/power-plants-11.json","plant_id":"67559","capacity_mw":180.4,"status_group":"Planned","energy_sources":"SUN","type":"Power plant","is_nuclear":false}},{"type":"Feature","geometry":{"type":"Point","coordinates":[-97.424,31.412]},"properties":{"key":"69289-08b7f28c","layer":"power","name":"EDFR Bluebonnet","state":"TX","detail_file":"data/details/power-plants-45.json","plant_id":"69289","capacity_mw":9.9,"status_group":"Operating","energy_sources":"SUN","type":"Power plant","is_nuclear":false}},{"type":"Feature","geometry":{"type":"Point","coordinates":[-96.071,29.529]},"properties":{"key":"69903-a589f137","layer":"power","name":"East Bernard","state":"TX","detail_file":"data/details/power-plants-18.json","plant_id":"69903","capacity_mw":9.5,"status_group":"Under construction","energy_sources":"MWH","type":"Power plant","is_nuclear":false}},{"type":"Feature","geometry":{"type":"Point","coordinates":[-97.461,30.421]},"properties":{"key":"57659-ae0b8a76","layer":"power","name":"East Blackland Solar Project 1","state":"TX","detail_file":"data/details/power-plants-36.json","plant_id":"57659","capacity_mw":144.0,"status_group":"Operating","energy_sources":"SUN","type":"Power plant","is_nuclear":false}},{"type":"Feature","geometry":{"type":"Point","coordinates":[-98.334,29.62]},"properties":{"key":"67237-54e1c32a","layer":"power","name":"Ebony Energy Storage","state":"TX","detail_file":"data/details/power-plants-42.json","plant_id":"67237","capacity_mw":207.9,"status_group":"Operating","energy_sources":"MWH","type":"Power plant","is_nuclear":false}},{"type":"Feature","geometry":{"type":"Point","coordinates":[-97.261,31.291]},"properties":{"key":"61874-6f92cacc","layer":"power","name":"Eddy II","state":"TX","detail_file":"data/details/power-plants-28.json","plant_id":"61874","capacity_mw":10.0,"status_group":"Operating","energy_sources":"SUN","type":"Power plant","is_nuclear":false}},{"type":"Feature","geometry":{"type":"Point","coordinates":[-98.51,29.24]},"properties":{"key":"69660-ac4e8ee6","layer":"power","name":"El Patrimonio","state":"TX","detail_file":"data/details/power-plants-60.json","plant_id":"69660","capacity_mw":150.0,"status_group":"Under construction","energy_sources":"SUN","type":"Power plant","is_nuclear":false}},{"type":"Feature","geometry":{"type":"Point","coordinates":[-99.179,28.883]},"properties":{"key":"64204-aa7467ca","layer":"power","name":"Elara Solar","state":"TX","detail_file":"data/details/power-plants-08.json","plant_id":"64204","capacity_mw":132.4,"status_group":"Operating","energy_sources":"SUN","type":"Power plant","is_nuclear":false}},{"type":"Feature","geometry":{"type":"Point","coordinates":[-96.122,28.866]},"properties":{"key":"65847-d6d29357","layer":"power","name":"Eldora Energy LLC","state":"TX","detail_file":"data/details/power-plants-63.json","plant_id":"65847","capacity_mw":400.0,"status_group":"Planned","energy_sources":"MWH; SUN","type":"Power plant","is_nuclear":false}},{"type":"Feature","geometry":{"type":"Point","coordinates":[-96.013,29.163]},"properties":{"key":"68275-020207c3","layer":"power","name":"Erin","state":"TX","detail_file":"data/details/power-plants-13.json","plant_id":"68275","capacity_mw":202.0,"status_group":"Planned","energy_sources":"SUN","type":"Power plant","is_nuclear":false}},{"type":"Feature","geometry":{"type":"Point","coordinates":[-96.7,31.873]},"properties":{"key":"66398-a5f26668","layer":"power","name":"Eytcheson Solar","state":"TX","detail_file":"data/details/power-plants-20.json","plant_id":"66398","capacity_mw":76.4,"status_group":"Planned","energy_sources":"SUN","type":"Power plant","is_nuclear":false}},{"type":"Feature","geometry":{"type":"Point","coordinates":[-98.251,29.22]},"properties":{"key":"64821-e56b4ab1","layer":"power","name":"FELPS 1 - Calaveras","state":"TX","detail_file":"data/details/power-plants-45.json","plant_id":"64821","capacity_mw":1.0,"status_group":"Operating","energy_sources":"SUN","type":"Power plant","is_nuclear":false}},{"type":"Feature","geometry":{"type":"Point","coordinates":[-98.252,29.221]},"properties":{"key":"64823-11fae148","layer":"power","name":"FELPS 2 - Calaveras","state":"TX","detail_file":"data/details/power-plants-37.json","plant_id":"64823","capacity_mw":1.0,"status_group":"Operating","energy_sources":"SUN","type":"Power plant","is_nuclear":false}},{"type":"Feature","geometry":{"type":"Point","coordinates":[-98.106,29.129]},"properties":{"key":"64824-ca40c6f4","layer":"power","name":"FELPS 3 - Floresville South","state":"TX","detail_file":"data/details/power-plants-42.json","plant_id":"64824","capacity_mw":1.0,"status_group":"Operating","energy_sources":"SUN","type":"Power plant","is_nuclear":false}},{"type":"Feature","geometry":{"type":"Point","coordinates":[-98.107,29.129]},"properties":{"key":"64825-38f59d7f","layer":"power","name":"FELPS 4 - Floresville South","state":"TX","detail_file":"data/details/power-plants-34.json","plant_id":"64825","capacity_mw":1.0,"status_group":"Operating","energy_sources":"SUN","type":"Power plant","is_nuclear":false}},{"type":"Feature","geometry":{"type":"Point","coordinates":[-98.107,29.128]},"properties":{"key":"64826-84af3478","layer":"power","name":"FELPS 5- Floresville South","state":"TX","detail_file":"data/details/power-plants-51.json","plant_id":"64826","capacity_mw":1.0,"status_group":"Operating","energy_sources":"SUN","type":"Power plant","is_nuclear":false}},{"type":"Feature","geometry":{"type":"Point","coordinates":[-98.193,29.134]},"properties":{"key":"64827-c9942e9f","layer":"power","name":"FELPS 6- Floresville West","state":"TX","detail_file":"data/details/power-plants-19.json","plant_id":"64827","capacity_mw":1.0,"status_group":"Operating","energy_sources":"SUN","type":"Power plant","is_nuclear":false}},{"type":"Feature","geometry":{"type":"Point","coordinates":[-98.193,29.134]},"properties":{"key":"64828-23aa70d5","layer":"power","name":"FELPS 7- Floresville West","state":"TX","detail_file":"data/details/power-plants-08.json","plant_id":"64828","capacity_mw":1.0,"status_group":"Operating","energy_sources":"SUN","type":"Power plant","is_nuclear":false}},{"type":"Feature","geometry":{"type":"Point","coordinates":[-96.187,31.714]},"properties":{"key":"69263-1066ec33","layer":"power","name":"Fairfield Solar Project","state":"TX","detail_file":"data/details/power-plants-62.json","plant_id":"69263","capacity_mw":10.0,"status_group":"Operating","energy_sources":"SUN","type":"Power plant","is_nuclear":false}},{"type":"Feature","geometry":{"type":"Point","coordinates":[-96.751,29.917]},"properties":{"key":"6179-8bd4b225","layer":"power","name":"Fayette Power Project","state":"TX","detail_file":"data/details/power-plants-51.json","plant_id":"6179","capacity_mw":1690.0,"status_group":"Operating","energy_sources":"SUB","type":"Power plant","is_nuclear":false}},{"type":"Feature","geometry":{"type":"Point","coordinates":[-98.577,29.348]},"properties":{"key":"68915-ffd8291d","layer":"power","name":"Ferdinand Energy Center","state":"TX","detail_file":"data/details/power-plants-49.json","plant_id":"68915","capacity_mw":200.0,"status_group":"Operating","energy_sources":"MWH","type":"Power plant","is_nuclear":false}},{"type":"Feature","geometry":{"type":"Point","coordinates":[-96.78,31.643]},"properties":{"key":"67778-2f9c6980","layer":"power","name":"Findley PV and BESS","state":"TX","detail_file":"data/details/power-plants-10.json","plant_id":"67778","capacity_mw":100.6,"status_group":"Under construction","energy_sources":"MWH; SUN","type":"Power plant","is_nuclear":false}},{"type":"Feature","geometry":{"type":"Point","coordinates":[-97.259,30.999]},"properties":{"key":"66420-dc88babe","layer":"power","name":"Five Wells Solar Center - Hybrid","state":"TX","detail_file":"data/details/power-plants-07.json","plant_id":"66420","capacity_mw":617.9,"status_group":"Operating","energy_sources":"MWH; SUN","type":"Power plant","is_nuclear":false}},{"type":"Feature","geometry":{"type":"Point","coordinates":[-98.603,31.685]},"properties":{"key":"61212-a27213d1","layer":"power","name":"Flat Top Wind I","state":"TX","detail_file":"data/details/power-plants-53.json","plant_id":"61212","capacity_mw":200.0,"status_group":"Operating","energy_sources":"WND","type":"Power plant","is_nuclear":false}},{"type":"Feature","geometry":{"type":"Point","coordinates":[-96.542,28.692]},"properties":{"key":"10554-81675717","layer":"power","name":"Formosa Utility Venture Ltd","state":"TX","detail_file":"data/details/power-plants-00.json","plant_id":"10554","capacity_mw":933.4,"status_group":"Operating","energy_sources":"NG","type":"Power plant","is_nuclear":false}},{"type":"Feature","geometry":{"type":"Point","coordinates":[-96.113,31.891]},"properties":{"key":"55226-f6498153","layer":"power","name":"Freestone Energy Center","state":"TX","detail_file":"data/details/power-plants-11.json","plant_id":"55226","capacity_mw":1036.0,"status_group":"Operating","energy_sources":"NG","type":"Power plant","is_nuclear":false}},{"type":"Feature","geometry":{"type":"Point","coordinates":[-97.619,30.228]},"properties":{"key":"67860-2766a09a","layer":"power","name":"GFTX BESS","state":"TX","detail_file":"data/details/power-plants-59.json","plant_id":"67860","capacity_mw":125.0,"status_group":"Operating","energy_sources":"MWH","type":"Power plant","is_nuclear":false}},{"type":"Feature","geometry":{"type":"Point","coordinates":[-97.756,29.544]},"properties":{"key":"70224-7eaad5d3","layer":"power","name":"GVEC","state":"TX","detail_file":"data/details/power-plants-14.json","plant_id":"70224","capacity_mw":2.0,"status_group":"Operating","energy_sources":"SUN","type":"Power plant","is_nuclear":false}},{"type":"Feature","geometry":{"type":"Point","coordinates":[-99.797,31.436]},"properties":{"key":"61920-d86fcf4e","layer":"power","name":"Galloway 1 Solar Farm","state":"TX","detail_file":"data/details/power-plants-36.json","plant_id":"61920","capacity_mw":250.0,"status_group":"Operating","energy_sources":"SUN","type":"Power plant","is_nuclear":false}},{"type":"Feature","geometry":{"type":"Point","coordinates":[-99.903,31.446]},"properties":{"key":"63343-587fc92f","layer":"power","name":"Galloway 2 Solar Farm","state":"TX","detail_file":"data/details/power-plants-05.json","plant_id":"63343","capacity_mw":110.0,"status_group":"Operating","energy_sources":"SUN","type":"Power plant","is_nuclear":false}},{"type":"Feature","geometry":{"type":"Point","coordinates":[-96.529,29.109]},"properties":{"key":"67284-d64b2cd2","layer":"power","name":"Ganado Solar","state":"TX","detail_file":"data/details/power-plants-28.json","plant_id":"67284","capacity_mw":221.0,"status_group":"Operating","energy_sources":"MWH; SUN","type":"Power plant","is_nuclear":false}},{"type":"Feature","geometry":{"type":"Point","coordinates":[-98.467,31.383]},"properties":{"key":"58321-6dc9f3a6","layer":"power","name":"Goldthwaite Wind Energy Facility","state":"TX","detail_file":"data/details/power-plants-14.json","plant_id":"58321","capacity_mw":150.0,"status_group":"Operating","energy_sources":"WND","type":"Power plant","is_nuclear":false}},{"type":"Feature","geometry":{"type":"Point","coordinates":[-98.338,30.556]},"properties":{"key":"3597-9d1e8df3","layer":"power","name":"Granite Shoals","state":"TX","detail_file":"data/details/power-plants-44.json","plant_id":"3597","capacity_mw":54.0,"status_group":"Operating","energy_sources":"WAT","type":"Power plant","is_nuclear":false}},{"type":"Feature","geometry":{"type":"Point","coordinates":[-97.155,30.6]},"properties":{"key":"68244-62096e21","layer":"power","name":"Gransolar Texas One, LLC","state":"TX","detail_file":"data/details/power-plants-55.json","plant_id":"68244","capacity_mw":50.0,"status_group":"Operating","energy_sources":"SUN","type":"Power plant","is_nuclear":false}},{"type":"Feature","geometry":{"type":"Point","coordinates":[-97.141,31.474]},"properties":{"key":"62953-8e033e16","layer":"power","name":"Griffin Solar","state":"TX","detail_file":"data/details/power-plants-03.json","plant_id":"62953","capacity_mw":5.0,"status_group":"Operating","energy_sources":"SUN","type":"Power plant","is_nuclear":false}},{"type":"Feature","geometry":{"type":"Point","coordinates":[-96.091,30.651]},"properties":{"key":"67046-fa0da797","layer":"power","name":"Grimes County Solar","state":"TX","detail_file":"data/details/power-plants-57.json","plant_id":"67046","capacity_mw":210.0,"status_group":"Operating","energy_sources":"SUN","type":"Power plant","is_nuclear":false}},{"type":"Feature","geometry":{"type":"Point","coordinates":[-98.214,31.738]},"properties":{"key":"66410-8cb812cf","layer":"power","name":"Grizzly Ridge Solar","state":"TX","detail_file":"data/details/power-plants-45.json","plant_id":"66410","capacity_mw":100.0,"status_group":"Operating","energy_sources":"SUN","type":"Power plant","is_nuclear":false}},{"type":"Feature","geometry":{"type":"Point","coordinates":[-98.214,31.738]},"properties":{"key":"66410-4be6df46","layer":"power","name":"Grizzly Ridge Solar","state":"TX","detail_file":"data/details/power-plants-03.json","plant_id":"66410","capacity_mw":10.0,"status_group":"Under construction","energy_sources":"MWH","type":"Power plant","is_nuclear":false}},{"type":"Feature","geometry":{"type":"Point","coordinates":[-98.142,29.624]},"properties":{"key":"55153-c12c28a2","layer":"power","name":"Guadalupe Generating Station","state":"TX","detail_file":"data/details/power-plants-26.json","plant_id":"55153","capacity_mw":1088.2,"status_group":"Operating","energy_sources":"NG","type":"Power plant","is_nuclear":false}},{"type":"Feature","geometry":{"type":"Point","coordinates":[-97.625,29.495]},"properties":{"key":"3583-a6853d8b","layer":"power","name":"H 4","state":"TX","detail_file":"data/details/power-plants-54.json","plant_id":"3583","capacity_mw":2.4,"status_group":"Operating","energy_sources":"WAT","type":"Power plant","is_nuclear":false}},{"type":"Feature","geometry":{"type":"Point","coordinates":[-97.492,29.468]},"properties":{"key":"3584-18593943","layer":"power","name":"H 5","state":"TX","detail_file":"data/details/power-plants-48.json","plant_id":"3584","capacity_mw":2.4,"status_group":"Operating","energy_sources":"WAT","type":"Power plant","is_nuclear":false}},{"type":"Feature","geometry":{"type":"Point","coordinates":[-96.997,28.852]},"properties":{"key":"66563-72e67e41","layer":"power","name":"HEB00092","state":"TX","detail_file":"data/details/power-plants-30.json","plant_id":"66563","capacity_mw":1.6,"status_group":"Operating","energy_sources":"NG","type":"Power plant","is_nuclear":false}},{"type":"Feature","geometry":{"type":"Point","coordinates":[-97.371,31.072]},"properties":{"key":"65274-274addae","layer":"power","name":"HEB00182","state":"TX","detail_file":"data/details/power-plants-21.json","plant_id":"65274","capacity_mw":1.2,"status_group":"Operating","energy_sources":"NG","type":"Power plant","is_nuclear":false}},{"type":"Feature","geometry":{"type":"Point","coordinates":[-97.659,30.519]},"properties":{"key":"66562-3933cc05","layer":"power","name":"HEB00591","state":"TX","detail_file":"data/details/power-plants-50.json","plant_id":"66562","capacity_mw":1.6,"status_group":"Operating","energy_sources":"NG","type":"Power plant","is_nuclear":false}},{"type":"Feature","geometry":{"type":"Point","coordinates":[-97.361,31.152]},"properties":{"key":"67317-798c288b","layer":"power","name":"HEBTEMDistCenter","state":"TX","detail_file":"data/details/power-plants-35.json","plant_id":"67317","capacity_mw":6.4,"status_group":"Operating","energy_sources":"NG","type":"Power plant","is_nuclear":false}},{"type":"Feature","geometry":{"type":"Point","coordinates":[-97.361,31.152]},"properties":{"key":"68736-ec45515e","layer":"power","name":"HEBTEMDistCenter2A","state":"TX","detail_file":"data/details/power-plants-48.json","plant_id":"68736","capacity_mw":6.4,"status_group":"Operating","energy_sources":"NG","type":"Power plant","is_nuclear":false}},{"type":"Feature","geometry":{"type":"Point","coordinates":[-98.703,29.434]},"properties":{"key":"66612-0723d056","layer":"power","name":"HEB_CPS00085","state":"TX","detail_file":"data/details/power-plants-08.json","plant_id":"66612","capacity_mw":1.6,"status_group":"Operating","energy_sources":"NG","type":"Power plant","is_nuclear":false}},{"type":"Feature","geometry":{"type":"Point","coordinates":[-98.68,29.734]},"properties":{"key":"69751-9a56fc3b","layer":"power","name":"HEB_CPS00793","state":"TX","detail_file":"data/details/power-plants-28.json","plant_id":"69751","capacity_mw":1.2,"status_group":"Operating","energy_sources":"NG","type":"Power plant","is_nuclear":false}},{"type":"Feature","geometry":{"type":"Point","coordinates":[-98.361,29.417]},"properties":{"key":"66613-caa41015","layer":"power","name":"HEB_CPSSADC","state":"TX","detail_file":"data/details/power-plants-52.json","plant_id":"66613","capacity_mw":6.4,"status_group":"Operating","energy_sources":"NG","type":"Power plant","is_nuclear":false}},{"type":"Feature","geometry":{"type":"Point","coordinates":[-97.736,30.287]},"properties":{"key":"50118-e3adc29d","layer":"power","name":"Hal C Weaver Power Plant","state":"TX","detail_file":"data/details/power-plants-53.json","plant_id":"50118","capacity_mw":152.5,"status_group":"Operating","energy_sources":"NG","type":"Power plant","is_nuclear":false}},{"type":"Feature","geometry":{"type":"Point","coordinates":[-99.514,31.69]},"properties":{"key":"67657-1ed3df1c","layer":"power","name":"Hanson","state":"TX","detail_file":"data/details/power-plants-00.json","plant_id":"67657","capacity_mw":396.0,"status_group":"Under construction","energy_sources":"SUN","type":"Power plant","is_nuclear":false}},{"type":"Feature","geometry":{"type":"Point","coordinates":[-97.989,29.781]},"properties":{"key":"55144-4bf111bd","layer":"power","name":"Hays Energy Project","state":"TX","detail_file":"data/details/power-plants-35.json","plant_id":"55144","capacity_mw":989.0,"status_group":"Operating","energy_sources":"NG","type":"Power plant","is_nuclear":false}},{"type":"Feature","geometry":{"type":"Point","coordinates":[-99.421,31.242]},"properties":{"key":"61032-2754e56b","layer":"power","name":"Heart of Texas Wind Project","state":"TX","detail_file":"data/details/power-plants-31.json","plant_id":"61032","capacity_mw":180.0,"status_group":"Operating","energy_sources":"WND","type":"Power plant","is_nuclear":false}},{"type":"Feature","geometry":{"type":"Point","coordinates":[-96.236,29.029]},"properties":{"key":"66414-19719d00","layer":"power","name":"Hecate Energy Ramsey Storage","state":"TX","detail_file":"data/details/power-plants-28.json","plant_id":"66414","capacity_mw":500.0,"status_group":"Planned","energy_sources":"MWH","type":"Power plant","is_nuclear":false}},{"type":"Feature","geometry":{"type":"Point","coordinates":[-97.938,28.622]},"properties":{"key":"63738-1fa7b3ef","layer":"power","name":"Helena Wind","state":"TX","detail_file":"data/details/power-plants-24.json","plant_id":"63738","capacity_mw":268.2,"status_group":"Operating","energy_sources":"WND","type":"Power plant","is_nuclear":false}},{"type":"Feature","geometry":{"type":"Point","coordinates":[-97.15,30.99]},"properties":{"key":"68851-af114a00","layer":"power","name":"Hermes Solar PV","state":"TX","detail_file":"data/details/power-plants-30.json","plant_id":"68851","capacity_mw":100.4,"status_group":"Under construction","energy_sources":"SUN","type":"Power plant","is_nuclear":false}},{"type":"Feature","geometry":{"type":"Point","coordinates":[-97.143,30.982]},"properties":{"key":"68852-83130f66","layer":"power","name":"Hermes Storage BESS","state":"TX","detail_file":"data/details/power-plants-27.json","plant_id":"68852","capacity_mw":100.4,"status_group":"Under construction","energy_sources":"MWH","type":"Power plant","is_nuclear":false}},{"type":"Feature","geometry":{"type":"Point","coordinates":[-96.131,30.442]},"properties":{"key":"69323-5113f955","layer":"power","name":"Highway 6 BESS","state":"TX","detail_file":"data/details/power-plants-36.json","plant_id":"69323","capacity_mw":9.9,"status_group":"Operating","energy_sources":"MWH","type":"Power plant","is_nuclear":false}},{"type":"Feature","geometry":{"type":"Point","coordinates":[-99.362,28.035]},"properties":{"key":"65829-3941064f","layer":"power","name":"Holcomb (TX)","state":"TX","detail_file":"data/details/power-plants-33.json","plant_id":"65829","capacity_mw":9.9,"status_group":"Operating","energy_sources":"MWH","type":"Power plant","is_nuclear":false}},{"type":"Feature","geometry":{"type":"Point","coordinates":[-96.056,31.062]},"properties":{"key":"65851-4d7e74cf","layer":"power","name":"Hollow Branch Creek","state":"TX","detail_file":"data/details/power-plants-11.json","plant_id":"65851","capacity_mw":460.0,"status_group":"Under construction","energy_sources":"SUN","type":"Power plant","is_nuclear":false}},{"type":"Feature","geometry":{"type":"Point","coordinates":[-97.772,28.184]},"properties":{"key":"69351-14b680aa","layer":"power","name":"Honeycomb Solar and Storage","state":"TX","detail_file":"data/details/power-plants-23.json","plant_id":"69351","capacity_mw":151.3,"status_group":"Under construction","energy_sources":"MWH; SUN","type":"Power plant","is_nuclear":false}},{"type":"Feature","geometry":{"type":"Point","coordinates":[-99.108,28.938]},"properties":{"key":"65308-e6bc78b7","layer":"power","name":"Horizon Solar","state":"TX","detail_file":"data/details/power-plants-05.json","plant_id":"65308","capacity_mw":200.0,"status_group":"Operating","energy_sources":"SUN","type":"Power plant","is_nuclear":false}},{"type":"Feature","geometry":{"type":"Point","coordinates":[-96.828,31.775]},"properties":{"key":"65048-dcb1a91c","layer":"power","name":"Hubbard Wind","state":"TX","detail_file":"data/details/power-plants-13.json","plant_id":"65048","capacity_mw":300.0,"status_group":"Operating","energy_sources":"WND","type":"Power plant","is_nuclear":false}},{"type":"Feature","geometry":{"type":"Point","coordinates":[-96.914,31.973]},"properties":{"key":"69010-7fe96292","layer":"power","name":"Hubbard Wind II","state":"TX","detail_file":"data/details/power-plants-01.json","plant_id":"69010","capacity_mw":304.5,"status_group":"Under construction","energy_sources":"WND","type":"Power plant","is_nuclear":false}},{"type":"Feature","geometry":{"type":"Point","coordinates":[-96.108,29.313]},"properties":{"key":"69976-4e21578e","layer":"power","name":"I-Eye ESS","state":"TX","detail_file":"data/details/power-plants-54.json","plant_id":"69976","capacity_mw":10.0,"status_group":"Operating","energy_sources":"MWH","type":"Power plant","is_nuclear":false}},{"type":"Feature","geometry":{"type":"Point","coordinates":[-98.25,29.48]},"properties":{"key":"62152-b1b8af5d","layer":"power","name":"IKEA Live Oak Rooftop PV System","state":"TX","detail_file":"data/details/power-plants-10.json","plant_id":"62152","capacity_mw":1.7,"status_group":"Operating","energy_sources":"SUN","type":"Power plant","is_nuclear":false}},{"type":"Feature","geometry":{"type":"Point","coordinates":[-97.69,30.557]},"properties":{"key":"58013-37f653fb","layer":"power","name":"IKEA Round Rock 027","state":"TX","detail_file":"data/details/power-plants-20.json","plant_id":"58013","capacity_mw":1.4,"status_group":"Operating","energy_sources":"SUN","type":"Power plant","is_nuclear":false}},{"type":"Feature","geometry":{"type":"Point","coordinates":[-99.187,31.548]},"properties":{"key":"64859-d76f8f09","layer":"power","name":"IP Radian, LLC","state":"TX","detail_file":"data/details/power-plants-18.json","plant_id":"64859","capacity_mw":480.0,"status_group":"Operating","energy_sources":"MWH; SUN","type":"Power plant","is_nuclear":false}},{"type":"Feature","geometry":{"type":"Point","coordinates":[-98.385,30.732]},"properties":{"key":"3598-3091b49b","layer":"power","name":"Inks","state":"TX","detail_file":"data/details/power-plants-28.json","plant_id":"3598","capacity_mw":15.0,"status_group":"Operating","energy_sources":"WAT","type":"Power plant","is_nuclear":false}},{"type":"Feature","geometry":{"type":"Point","coordinates":[-98.32,29.31]},"properties":{"key":"7097-3a4d9a41","layer":"power","name":"J K Spruce","state":"TX","detail_file":"data/details/power-plants-58.json","plant_id":"7097","capacity_mw":1488.5,"status_group":"Operating","energy_sources":"SUB","type":"Power plant","is_nuclear":false}},{"type":"Feature","geometry":{"type":"Point","coordinates":[-98.398,30.3]},"properties":{"key":"69334-bbbeb90c","layer":"power","name":"Johnson City BESS","state":"TX","detail_file":"data/details/power-plants-61.json","plant_id":"69334","capacity_mw":2.3,"status_group":"Operating","energy_sources":"MWH","type":"Power plant","is_nuclear":false}},{"type":"Feature","geometry":{"type":"Point","coordinates":[-99.77,30.492]},"properties":{"key":"65830-ffb695fa","layer":"power","name":"Junction (TX)","state":"TX","detail_file":"data/details/power-plants-37.json","plant_id":"65830","capacity_mw":9.9,"status_group":"Operating","energy_sources":"MWH","type":"Power plant","is_nuclear":false}},{"type":"Feature","geometry":{"type":"Point","coordinates":[-99.768,30.517]},"properties":{"key":"67845-9793a28e","layer":"power","name":"Junction BESS","state":"TX","detail_file":"data/details/power-plants-28.json","plant_id":"67845","capacity_mw":9.9,"status_group":"Operating","energy_sources":"MWH","type":"Power plant","is_nuclear":false}},{"type":"Feature","geometry":{"type":"Point","coordinates":[-96.261,31.326]},"properties":{"key":"68168-44f7870b","layer":"power","name":"Kahla Storage","state":"TX","detail_file":"data/details/power-plants-33.json","plant_id":"68168","capacity_mw":200.9,"status_group":"Under construction","energy_sources":"MWH","type":"Power plant","is_nuclear":false}},{"type":"Feature","geometry":{"type":"Point","coordinates":[-97.818,28.17]},"properties":{"key":"61343-8842916e","layer":"power","name":"Karankawa Wind LLC","state":"TX","detail_file":"data/details/power-plants-44.json","plant_id":"61343","capacity_mw":307.1,"status_group":"Operating","energy_sources":"WND","type":"Power plant","is_nuclear":false}},{"type":"Feature","geometry":{"type":"Point","coordinates":[-97.686,30.266]},"properties":{"key":"61741-95de1988","layer":"power","name":"Kingsberry Energy Storage System","state":"TX","detail_file":"data/details/power-plants-48.json","plant_id":"61741","capacity_mw":1.5,"status_group":"Operating","energy_sources":"MWH","type":"Power plant","is_nuclear":false}},{"type":"Feature","geometry":{"type":"Point","coordinates":[-99.056,28.095]},"properties":{"key":"68353-2e492563","layer":"power","name":"La Salle ESS","state":"TX","detail_file":"data/details/power-plants-26.json","plant_id":"68353","capacity_mw":500.0,"status_group":"Planned","energy_sources":"MWH","type":"Power plant","is_nuclear":false}},{"type":"Feature","geometry":{"type":"Point","coordinates":[-99.057,28.093]},"properties":{"key":"68354-bd175db7","layer":"power","name":"La Salle Solar","state":"TX","detail_file":"data/details/power-plants-27.json","plant_id":"68354","capacity_mw":500.0,"status_group":"Planned","energy_sources":"SUN","type":"Power plant","is_nuclear":false}},{"type":"Feature","geometry":{"type":"Point","coordinates":[-97.398,31.838]},"properties":{"key":"67358-df3158ea","layer":"power","name":"Lake Whitney Solar","state":"TX","detail_file":"data/details/power-plants-56.json","plant_id":"67358","capacity_mw":150.0,"status_group":"Planned","energy_sources":"SUN","type":"Power plant","is_nuclear":false}},{"type":"Feature","geometry":{"type":"Point","coordinates":[-96.479,30.311]},"properties":{"key":"67781-11a36c0e","layer":"power","name":"Lampe Solar","state":"TX","detail_file":"data/details/power-plants-04.json","plant_id":"67781","capacity_mw":60.2,"status_group":"Under construction","energy_sources":"SUN","type":"Power plant","is_nuclear":false}},{"type":"Feature","geometry":{"type":"Point","coordinates":[-99.537,30.872]},"properties":{"key":"61872-cd00246b","layer":"power","name":"Lampwick","state":"TX","detail_file":"data/details/power-plants-43.json","plant_id":"61872","capacity_mw":7.5,"status_group":"Operating","energy_sources":"SUN","type":"Power plant","is_nuclear":false}},{"type":"Feature","geometry":{"type":"Point","coordinates":[-96.03,29.21]},"properties":{"key":"67443-e30083c0","layer":"power","name":"Lane City Wind","state":"TX","detail_file":"data/details/power-plants-55.json","plant_id":"67443","capacity_mw":202.5,"status_group":"Operating","energy_sources":"WND","type":"Power plant","is_nuclear":false}},{"type":"Feature","geometry":{"type":"Point","coordinates":[-97.203,31.796]},"properties":{"key":"67544-e5eb415e","layer":"power","name":"Leitrim Solar Park","state":"TX","detail_file":"data/details/power-plants-05.json","plant_id":"67544","capacity_mw":91.2,"status_group":"Under construction","energy_sources":"SUN","type":"Power plant","is_nuclear":false}},{"type":"Feature","geometry":{"type":"Point","coordinates":[-98.576,29.352]},"properties":{"key":"3609-f3c74d15","layer":"power","name":"Leon Creek","state":"TX","detail_file":"data/details/power-plants-28.json","plant_id":"3609","capacity_mw":229.6,"status_group":"Operating","energy_sources":"NG","type":"Power plant","is_nuclear":false}},{"type":"Feature","geometry":{"type":"Point","coordinates":[-98.003,29.467]},"properties":{"key":"68895-8eaa9204","layer":"power","name":"Libra Storage","state":"TX","detail_file":"data/details/power-plants-54.json","plant_id":"68895","capacity_mw":236.3,"status_group":"Operating","energy_sources":"MWH","type":"Power plant","is_nuclear":false}},{"type":"Feature","geometry":{"type":"Point","coordinates":[-96.252,31.422]},"properties":{"key":"298-1a958520","layer":"power","name":"Limestone","state":"TX","detail_file":"data/details/power-plants-18.json","plant_id":"298","capacity_mw":1849.8,"status_group":"Operating","energy_sources":"SUB","type":"Power plant","is_nuclear":false}},{"type":"Feature","geometry":{"type":"Point","coordinates":[-96.624,31.853]},"properties":{"key":"65306-a305937d","layer":"power","name":"Limestone Wind Project","state":"TX","detail_file":"data/details/power-plants-32.json","plant_id":"65306","capacity_mw":299.2,"status_group":"Operating","energy_sources":"WND","type":"Power plant","is_nuclear":false}},{"type":"Feature","geometry":{"type":"Point","coordinates":[-97.261,31.129]},"properties":{"key":"68853-d2f6225b","layer":"power","name":"Limewood Bell Renewables Solar","state":"TX","detail_file":"data/details/power-plants-50.json","plant_id":"68853","capacity_mw":204.0,"status_group":"Under construction","energy_sources":"SUN","type":"Power plant","is_nuclear":false}},{"type":"Feature","geometry":{"type":"Point","coordinates":[-98.691,31.823]},"properties":{"key":"59442-f315f1b9","layer":"power","name":"Logans Gap Wind LLC","state":"TX","detail_file":"data/details/power-plants-31.json","plant_id":"59442","capacity_mw":200.1,"status_group":"Operating","energy_sources":"WND","type":"Power plant","is_nuclear":false}},{"type":"Feature","geometry":{"type":"Point","coordinates":[-97.075,28.816]},"properties":{"key":"64315-27141fe0","layer":"power","name":"Loop 463","state":"TX","detail_file":"data/details/power-plants-40.json","plant_id":"64315","capacity_mw":9.9,"status_group":"Operating","energy_sources":"MWH","type":"Power plant","is_nuclear":false}},{"type":"Feature","geometry":{"type":"Point","coordinates":[-97.271,30.148]},"properties":{"key":"55154-505dda55","layer":"power","name":"Lost Pines 1 Power Project","state":"TX","detail_file":"data/details/power-plants-23.json","plant_id":"55154","capacity_mw":609.0,"status_group":"Operating","energy_sources":"NG","type":"Power plant","is_nuclear":false}},{"type":"Feature","geometry":{"type":"Point","coordinates":[-99.993,31.472]},"properties":{"key":"70200-cea78a8e","layer":"power","name":"Lucy Solar","state":"TX","detail_file":"data/details/power-plants-36.json","plant_id":"70200","capacity_mw":351.3,"status_group":"Under construction","energy_sources":"SUN","type":"Power plant","is_nuclear":false}},{"type":"Feature","geometry":{"type":"Point","coordinates":[-96.366,31.984]},"properties":{"key":"69636-c9719e8a","layer":"power","name":"Main Horn Solar","state":"TX","detail_file":"data/details/power-plants-28.json","plant_id":"69636","capacity_mw":100.0,"status_group":"Planned","energy_sources":"SUN","type":"Power plant","is_nuclear":false}},{"type":"Feature","geometry":{"type":"Point","coordinates":[-96.695,31.092]},"properties":{"key":"7030-b5d3830a","layer":"power","name":"Major Oak Power","state":"TX","detail_file":"data/details/power-plants-03.json","plant_id":"7030","capacity_mw":349.2,"status_group":"Operating","energy_sources":"LIG","type":"Power plant","is_nuclear":false}},{"type":"Feature","geometry":{"type":"Point","coordinates":[-98.258,30.555]},"properties":{"key":"3599-81583a4f","layer":"power","name":"Marble Falls","state":"TX","detail_file":"data/details/power-plants-45.json","plant_id":"3599","capacity_mw":39.6,"status_group":"Operating","energy_sources":"WAT","type":"Power plant","is_nuclear":false}},{"type":"Feature","geometry":{"type":"Point","coordinates":[-97.71,28.905]},"properties":{"key":"68080-b1c1792c","layer":"power","name":"Marcos PV and BESS","state":"TX","detail_file":"data/details/power-plants-14.json","plant_id":"68080","capacity_mw":231.8,"status_group":"Under construction","energy_sources":"MWH; SUN","type":"Power plant","is_nuclear":false}},{"type":"Feature","geometry":{"type":"Point","coordinates":[-97.375,31.695]},"properties":{"key":"67580-541a0850","layer":"power","name":"Markum Solar Farm","state":"TX","detail_file":"data/details/power-plants-61.json","plant_id":"67580","capacity_mw":161.0,"status_group":"Operating","energy_sources":"SUN","type":"Power plant","is_nuclear":false}},{"type":"Feature","geometry":{"type":"Point","coordinates":[-96.877,31.287]},"properties":{"key":"61513-0bf7faf2","layer":"power","name":"Marlin Solar","state":"TX","detail_file":"data/details/power-plants-18.json","plant_id":"61513","capacity_mw":5.3,"status_group":"Operating","energy_sources":"SUN","type":"Power plant","is_nuclear":false}},{"type":"Feature","geometry":{"type":"Point","coordinates":[-97.907,30.39]},"properties":{"key":"3600-9bd7f85b","layer":"power","name":"Marshall Ford","state":"TX","detail_file":"data/details/power-plants-23.json","plant_id":"3600","capacity_mw":108.0,"status_group":"Operating","energy_sources":"WAT","type":"Power plant","is_nuclear":false}},{"type":"Feature","geometry":{"type":"Point","coordinates":[-96.125,28.995]},"properties":{"key":"69866-393f6403","layer":"power","name":"Matagorda Clean Energy Center (BESS)","state":"TX","detail_file":"data/details/power-plants-58.json","plant_id":"69866","capacity_mw":10.1,"status_group":"Under construction","energy_sources":"MWH","type":"Power plant","is_nuclear":false}},{"type":"Feature","geometry":{"type":"Point","coordinates":[-99.844,31.263]},"properties":{"key":"62853-b995d56c","layer":"power","name":"Maverick Creek Wind","state":"TX","detail_file":"data/details/power-plants-18.json","plant_id":"62853","capacity_mw":491.6,"status_group":"Operating","energy_sources":"WND","type":"Power plant","is_nuclear":false}},{"type":"Feature","geometry":{"type":"Point","coordinates":[-98.023,29.737]},"properties":{"key":"57167-417d9fbf","layer":"power","name":"Mesquite Creek LFGTE Project","state":"TX","detail_file":"data/details/power-plants-36.json","plant_id":"57167","capacity_mw":3.2,"status_group":"Operating","energy_sources":"LFG","type":"Power plant","is_nuclear":false}},{"type":"Feature","geometry":{"type":"Point","coordinates":[-97.678,30.003]},"properties":{"key":"69641-c8adeb75","layer":"power","name":"Metro BESS","state":"TX","detail_file":"data/details/power-plants-62.json","plant_id":"69641","capacity_mw":200.0,"status_group":"Planned","energy_sources":"MWH","type":"Power plant","is_nuclear":false}},{"type":"Feature","geometry":{"type":"Point","coordinates":[-96.519,31.706]},"properties":{"key":"69260-e727dc86","layer":"power","name":"Mexia Solar Project","state":"TX","detail_file":"data/details/power-plants-61.json","plant_id":"69260","capacity_mw":8.0,"status_group":"Operating","energy_sources":"SUN","type":"Power plant","is_nuclear":false}},{"type":"Feature","geometry":{"type":"Point","coordinates":[-99.083,28.936]},"properties":{"key":"68084-9f901fd5","layer":"power","name":"Morrow Lake BESS","state":"TX","detail_file":"data/details/power-plants-36.json","plant_id":"68084","capacity_mw":200.0,"status_group":"Planned","energy_sources":"MWH","type":"Power plant","is_nuclear":false}},{"type":"Feature","geometry":{"type":"Point","coordinates":[-99.067,28.948]},"properties":{"key":"66775-df2ab9cb","layer":"power","name":"Morrow Lake Solar","state":"TX","detail_file":"data/details/power-plants-34.json","plant_id":"66775","capacity_mw":200.0,"status_group":"Operating","energy_sources":"SUN","type":"Power plant","is_nuclear":false}},{"type":"Feature","geometry":{"type":"Point","coordinates":[-97.709,28.42]},"properties":{"key":"68172-c6bd8f3f","layer":"power","name":"Myers Solar and Storage","state":"TX","detail_file":"data/details/power-plants-46.json","plant_id":"68172","capacity_mw":176.6,"status_group":"Under construction","energy_sources":"MWH; SUN","type":"Power plant","is_nuclear":false}},{"type":"Feature","geometry":{"type":"Point","coordinates":[-96.674,31.521]},"properties":{"key":"66396-cfaa887c","layer":"power","name":"Naduah Solar","state":"TX","detail_file":"data/details/power-plants-16.json","plant_id":"66396","capacity_mw":102.3,"status_group":"Planned","energy_sources":"SUN","type":"Power plant","is_nuclear":false}},{"type":"Feature","geometry":{"type":"Point","coordinates":[-98.66,29.33]},"properties":{"key":"59649-089bf285","layer":"power","name":"Nelson Gardens Landfill Gas to Energy","state":"TX","detail_file":"data/details/power-plants-10.json","plant_id":"59649","capacity_mw":4.4,"status_group":"Operating","energy_sources":"LFG","type":"Power plant","is_nuclear":false}},{"type":"Feature","geometry":{"type":"Point","coordinates":[-96.878,29.07]},"properties":{"key":"69507-e98ee2c9","layer":"power","name":"New Hickory Solar","state":"TX","detail_file":"data/details/power-plants-46.json","plant_id":"69507","capacity_mw":206.0,"status_group":"Under construction","energy_sources":"SUN","type":"Power plant","is_nuclear":false}},{"type":"Feature","geometry":{"type":"Point","coordinates":[-97.977,29.589]},"properties":{"key":"64389-9053aa06","layer":"power","name":"Niagara Bottling - Seguin","state":"TX","detail_file":"data/details/power-plants-43.json","plant_id":"64389","capacity_mw":4.9,"status_group":"Operating","energy_sources":"SUN","type":"Power plant","is_nuclear":false}},{"type":"Feature","geometry":{"type":"Point","coordinates":[-99.725,29.259]},"properties":{"key":"69245-4c1fd02b","layer":"power","name":"Nightfall Solar","state":"TX","detail_file":"data/details/power-plants-60.json","plant_id":"69245","capacity_mw":180.0,"status_group":"Under construction","energy_sources":"SUN","type":"Power plant","is_nuclear":false}},{"type":"Feature","geometry":{"type":"Point","coordinates":[-97.932,29.538]},"properties":{"key":"3585-45184e7f","layer":"power","name":"Nolte","state":"TX","detail_file":"data/details/power-plants-52.json","plant_id":"3585","capacity_mw":2.4,"status_group":"Operating","energy_sources":"WAT","type":"Power plant","is_nuclear":false}},{"type":"Feature","geometry":{"type":"Point","coordinates":[-97.876,30.749]},"properties":{"key":"64317-a5059a98","layer":"power","name":"North Fork TX","state":"TX","detail_file":"data/details/power-plants-47.json","plant_id":"64317","capacity_mw":100.0,"status_group":"Operating","energy_sources":"MWH","type":"Power plant","is_nuclear":false}},{"type":"Feature","geometry":{"type":"Point","coordinates":[-98.324,29.308]},"properties":{"key":"3611-9265467d","layer":"power","name":"O W Sommers","state":"TX","detail_file":"data/details/power-plants-02.json","plant_id":"3611","capacity_mw":892.0,"status_group":"Operating","energy_sources":"NG","type":"Power plant","is_nuclear":false}},{"type":"Feature","geometry":{"type":"Point","coordinates":[-98.332,29.469]},"properties":{"key":"58716-abb645f7","layer":"power","name":"OCI Alamo 2, LLC","state":"TX","detail_file":"data/details/power-plants-48.json","plant_id":"58716","capacity_mw":4.4,"status_group":"Operating","energy_sources":"SUN","type":"Power plant","is_nuclear":false}},{"type":"Feature","geometry":{"type":"Point","coordinates":[-98.297,29.479]},"properties":{"key":"59204-1f91e257","layer":"power","name":"OCI Alamo 3 LLC","state":"TX","detail_file":"data/details/power-plants-08.json","plant_id":"59204","capacity_mw":5.5,"status_group":"Operating","energy_sources":"SUN","type":"Power plant","is_nuclear":false}},{"type":"Feature","geometry":{"type":"Point","coordinates":[-99.716,29.217]},"properties":{"key":"59205-858dd842","layer":"power","name":"OCI Alamo 5 LLC","state":"TX","detail_file":"data/details/power-plants-45.json","plant_id":"59205","capacity_mw":100.0,"status_group":"Operating","energy_sources":"SUN","type":"Power plant","is_nuclear":false}},{"type":"Feature","geometry":{"type":"Point","coordinates":[-98.445,29.272]},"properties":{"key":"58537-d9bdc704","layer":"power","name":"OCI Alamo Solar I Hybrid","state":"TX","detail_file":"data/details/power-plants-09.json","plant_id":"58537","capacity_mw":40.7,"status_group":"Operating","energy_sources":"SUN","type":"Power plant","is_nuclear":false}},{"type":"Feature","geometry":{"type":"Point","coordinates":[-97.021,31.941]},"properties":{"key":"66401-2ea4979f","layer":"power","name":"OCI Hillsboro","state":"TX","detail_file":"data/details/power-plants-24.json","plant_id":"66401","capacity_mw":400.0,"status_group":"Planned","energy_sources":"MWH; SUN","type":"Power plant","is_nuclear":false}},{"type":"Feature","geometry":{"type":"Point","coordinates":[-96.012,29.24]},"properties":{"key":"65893-8f9c2d03","layer":"power","name":"OCI SunRoper","state":"TX","detail_file":"data/details/power-plants-63.json","plant_id":"65893","capacity_mw":260.0,"status_group":"Under construction","energy_sources":"SUN","type":"Power plant","is_nuclear":false}},{"type":"Feature","geometry":{"type":"Point","coordinates":[-96.978,28.813]},"properties":{"key":"66614-e3c24f97","layer":"power","name":"OTHERCitizensHospital","state":"TX","detail_file":"data/details/power-plants-44.json","plant_id":"66614","capacity_mw":2.8,"status_group":"Operating","energy_sources":"NG","type":"Power plant","is_nuclear":false}},{"type":"Feature","geometry":{"type":"Point","coordinates":[-96.461,30.642]},"properties":{"key":"67318-8a77d77b","layer":"power","name":"OTHERTexasA&M","state":"TX","detail_file":"data/details/power-plants-18.json","plant_id":"67318","capacity_mw":9.6,"status_group":"Operating","energy_sources":"NG","type":"Power plant","is_nuclear":false}},{"type":"Feature","geometry":{"type":"Point","coordinates":[-96.487,31.18]},"properties":{"key":"6180-6e3c69cd","layer":"power","name":"Oak Grove (TX)","state":"TX","detail_file":"data/details/power-plants-04.json","plant_id":"6180","capacity_mw":1795.4,"status_group":"Operating","energy_sources":"LIG","type":"Power plant","is_nuclear":false}},{"type":"Feature","geometry":{"type":"Point","coordinates":[-96.978,28.905]},"properties":{"key":"65849-b1d52c2b","layer":"power","name":"Oriana Solar LLC","state":"TX","detail_file":"data/details/power-plants-50.json","plant_id":"65849","capacity_mw":180.0,"status_group":"Operating","energy_sources":"SUN","type":"Power plant","is_nuclear":false}},{"type":"Feature","geometry":{"type":"Point","coordinates":[-97.002,30.997]},"properties":{"key":"66859-5f253c98","layer":"power","name":"Orion I Solar Project","state":"TX","detail_file":"data/details/power-plants-25.json","plant_id":"66859","capacity_mw":200.0,"status_group":"Operating","energy_sources":"SUN","type":"Power plant","is_nuclear":false}},{"type":"Feature","geometry":{"type":"Point","coordinates":[-96.935,31.029]},"properties":{"key":"66941-2d75f46d","layer":"power","name":"Orion II Solar Project","state":"TX","detail_file":"data/details/power-plants-54.json","plant_id":"66941","capacity_mw":250.0,"status_group":"Operating","energy_sources":"SUN","type":"Power plant","is_nuclear":false}},{"type":"Feature","geometry":{"type":"Point","coordinates":[-97.125,30.96]},"properties":{"key":"66821-4f568010","layer":"power","name":"Orion III Solar Project","state":"TX","detail_file":"data/details/power-plants-62.json","plant_id":"66821","capacity_mw":250.0,"status_group":"Operating","energy_sources":"SUN","type":"Power plant","is_nuclear":false}},{"type":"Feature","geometry":{"type":"Point","coordinates":[-96.971,31.6]},"properties":{"key":"69298-c49b290c","layer":"power","name":"PP Jaguar BESS LLC","state":"TX","detail_file":"data/details/power-plants-36.json","plant_id":"69298","capacity_mw":300.0,"status_group":"Operating","energy_sources":"MWH","type":"Power plant","is_nuclear":false}},{"type":"Feature","geometry":{"type":"Point","coordinates":[-98.326,29.325]},"properties":{"key":"68912-9821bde8","layer":"power","name":"Padua 1","state":"TX","detail_file":"data/details/power-plants-14.json","plant_id":"68912","capacity_mw":50.0,"status_group":"Operating","energy_sources":"MWH","type":"Power plant","is_nuclear":false}},{"type":"Feature","geometry":{"type":"Point","coordinates":[-98.326,29.325]},"properties":{"key":"68913-a526c1b0","layer":"power","name":"Padua 2","state":"TX","detail_file":"data/details/power-plants-59.json","plant_id":"68913","capacity_mw":150.0,"status_group":"Operating","energy_sources":"MWH","type":"Power plant","is_nuclear":false}},{"type":"Feature","geometry":{"type":"Point","coordinates":[-98.326,29.325]},"properties":{"key":"68914-265a2693","layer":"power","name":"Padua 3","state":"TX","detail_file":"data/details/power-plants-16.json","plant_id":"68914","capacity_mw":200.0,"status_group":"Under construction","energy_sources":"MWH","type":"Power plant","is_nuclear":false}},{"type":"Feature","geometry":{"type":"Point","coordinates":[-96.126,28.994]},"properties":{"key":"67493-bf5c8ea6","layer":"power","name":"Pavlov","state":"TX","detail_file":"data/details/power-plants-28.json","plant_id":"67493","capacity_mw":9.9,"status_group":"Operating","energy_sources":"MWH","type":"Power plant","is_nuclear":false}},{"type":"Feature","geometry":{"type":"Point","coordinates":[-96.755,31.853]},"properties":{"key":"67788-8ff28a5e","layer":"power","name":"Payne Battlecreek Solar","state":"TX","detail_file":"data/details/power-plants-32.json","plant_id":"67788","capacity_mw":85.0,"status_group":"Under construction","energy_sources":"SUN","type":"Power plant","is_nuclear":false}},{"type":"Feature","geometry":{"type":"Point","coordinates":[-97.388,28.0]},"properties":{"key":"68474-33c21eb1","layer":"power","name":"Peacock Energy Project","state":"TX","detail_file":"data/details/power-plants-52.json","plant_id":"68474","capacity_mw":150.0,"status_group":"Operating","energy_sources":"SUN","type":"Power plant","is_nuclear":false}},{"type":"Feature","geometry":{"type":"Point","coordinates":[-99.092,28.927]},"properties":{"key":"3630-632b76c0","layer":"power","name":"Pearsall","state":"TX","detail_file":"data/details/power-plants-02.json","plant_id":"3630","capacity_mw":201.6,"status_group":"Operating","energy_sources":"NG","type":"Power plant","is_nuclear":false}},{"type":"Feature","geometry":{"type":"Point","coordinates":[-96.223,31.079]},"properties":{"key":"67774-9c1ed9cc","layer":"power","name":"Pecan BESS","state":"TX","detail_file":"data/details/power-plants-63.json","plant_id":"67774","capacity_mw":157.1,"status_group":"Under construction","energy_sources":"MWH","type":"Power plant","is_nuclear":false}},{"type":"Feature","geometry":{"type":"Point","coordinates":[-96.269,31.137]},"properties":{"key":"64999-3d2500c8","layer":"power","name":"Pecan Prairie North Solar","state":"TX","detail_file":"data/details/power-plants-44.json","plant_id":"64999","capacity_mw":324.1,"status_group":"Under construction","energy_sources":"SUN","type":"Power plant","is_nuclear":false}},{"type":"Feature","geometry":{"type":"Point","coordinates":[-96.221,31.05]},"properties":{"key":"64981-2934c6e2","layer":"power","name":"Pecan Prairie South Solar","state":"TX","detail_file":"data/details/power-plants-18.json","plant_id":"64981","capacity_mw":132.9,"status_group":"Under construction","energy_sources":"SUN","type":"Power plant","is_nuclear":false}},{"type":"Feature","geometry":{"type":"Point","coordinates":[-97.046,31.678]},"properties":{"key":"68359-51ffb763","layer":"power","name":"Pepper Solar Farm","state":"TX","detail_file":"data/details/power-plants-32.json","plant_id":"68359","capacity_mw":120.0,"status_group":"Planned","energy_sources":"SUN","type":"Power plant","is_nuclear":false}},{"type":"Feature","geometry":{"type":"Point","coordinates":[-97.454,28.428]},"properties":{"key":"65979-595c161f","layer":"power","name":"Peregrine Solar","state":"TX","detail_file":"data/details/power-plants-36.json","plant_id":"65979","capacity_mw":300.0,"status_group":"Operating","energy_sources":"SUN","type":"Power plant","is_nuclear":false}},{"type":"Feature","geometry":{"type":"Point","coordinates":[-97.845,31.115]},"properties":{"key":"60774-30395eab","layer":"power","name":"Phantom Solar","state":"TX","detail_file":"data/details/power-plants-19.json","plant_id":"60774","capacity_mw":15.4,"status_group":"Operating","energy_sources":"SUN","type":"Power plant","is_nuclear":false}},{"type":"Feature","geometry":{"type":"Point","coordinates":[-96.345,31.649]},"properties":{"key":"69496-111e619f","layer":"power","name":"Piedra Solar","state":"TX","detail_file":"data/details/power-plants-29.json","plant_id":"69496","capacity_mw":280.0,"status_group":"Under construction","energy_sources":"SUN","type":"Power plant","is_nuclear":false}},{"type":"Feature","geometry":{"type":"Point","coordinates":[-96.111,31.894]},"properties":{"key":"67500-50b4b8ca","layer":"power","name":"Pin Oak Creek Energy Center, LLC","state":"TX","detail_file":"data/details/power-plants-47.json","plant_id":"67500","capacity_mw":444.0,"status_group":"Operating","energy_sources":"NG","type":"Power plant","is_nuclear":false}},{"type":"Feature","geometry":{"type":"Point","coordinates":[-97.44,28.043]},"properties":{"key":"68582-b5253f9b","layer":"power","name":"Pintail BESS","state":"TX","detail_file":"data/details/power-plants-08.json","plant_id":"68582","capacity_mw":200.0,"status_group":"Under construction","energy_sources":"MWH","type":"Power plant","is_nuclear":false}},{"type":"Feature","geometry":{"type":"Point","coordinates":[-96.467,31.897]},"properties":{"key":"65631-8c1d681a","layer":"power","name":"Pisgah Ridge Solar, LLC","state":"TX","detail_file":"data/details/power-plants-35.json","plant_id":"65631","capacity_mw":250.0,"status_group":"Operating","energy_sources":"SUN","type":"Power plant","is_nuclear":false}},{"type":"Feature","geometry":{"type":"Point","coordinates":[-96.875,31.893]},"properties":{"key":"67024-49e05060","layer":"power","name":"Pitts Dudik Solar","state":"TX","detail_file":"data/details/power-plants-56.json","plant_id":"67024","capacity_mw":49.6,"status_group":"Operating","energy_sources":"SUN","type":"Power plant","is_nuclear":false}},{"type":"Feature","geometry":{"type":"Point","coordinates":[-96.879,31.892]},"properties":{"key":"69674-8df53aea","layer":"power","name":"Pitts Dudik Solar II","state":"TX","detail_file":"data/details/power-plants-44.json","plant_id":"69674","capacity_mw":30.4,"status_group":"Under construction","energy_sources":"SUN","type":"Power plant","is_nuclear":false}},{"type":"Feature","geometry":{"type":"Point","coordinates":[-98.61,29.039]},"properties":{"key":"67949-e91f149d","layer":"power","name":"Poteet","state":"TX","detail_file":"data/details/power-plants-20.json","plant_id":"67949","capacity_mw":9.9,"status_group":"Operating","energy_sources":"MWH","type":"Power plant","is_nuclear":false}},{"type":"Feature","geometry":{"type":"Point","coordinates":[-97.685,30.266]},"properties":{"key":"61700-661091b0","layer":"power","name":"PowerFin Kingsbery","state":"TX","detail_file":"data/details/power-plants-26.json","plant_id":"61700","capacity_mw":2.6,"status_group":"Operating","energy_sources":"SUN","type":"Power plant","is_nuclear":false}},{"type":"Feature","geometry":{"type":"Point","coordinates":[-96.904,31.55]},"properties":{"key":"63100-5d78b9a0","layer":"power","name":"Prairie Hill Wind Project","state":"TX","detail_file":"data/details/power-plants-55.json","plant_id":"63100","capacity_mw":300.0,"status_group":"Operating","energy_sources":"WND","type":"Power plant","is_nuclear":false}},{"type":"Feature","geometry":{"type":"Point","coordinates":[-96.09,29.092]},"properties":{"key":"66123-f9578367","layer":"power","name":"Prairie Switch Wind LLC","state":"TX","detail_file":"data/details/power-plants-08.json","plant_id":"66123","capacity_mw":163.2,"status_group":"Operating","energy_sources":"WND","type":"Power plant","is_nuclear":false}},{"type":"Feature","geometry":{"type":"Point","coordinates":[-98.495,31.548]},"properties":{"key":"64165-7fc6a23e","layer":"power","name":"Priddy Wind Project","state":"TX","detail_file":"data/details/power-plants-36.json","plant_id":"64165","capacity_mw":302.4,"status_group":"Operating","energy_sources":"WND","type":"Power plant","is_nuclear":false}},{"type":"Feature","geometry":{"type":"Point","coordinates":[-96.533,29.958]},"properties":{"key":"68360-b59e1edc","layer":"power","name":"Prost ESS","state":"TX","detail_file":"data/details/power-plants-39.json","plant_id":"68360","capacity_mw":200.0,"status_group":"Planned","energy_sources":"MWH","type":"Power plant","is_nuclear":false}},{"type":"Feature","geometry":{"type":"Point","coordinates":[-97.747,30.428]},"properties":{"key":"69378-4b084060","layer":"power","name":"RP SCG Texas Solar","state":"TX","detail_file":"data/details/power-plants-11.json","plant_id":"69378","capacity_mw":1.5,"status_group":"Operating","energy_sources":"SUN","type":"Power plant","is_nuclear":false}},{"type":"Feature","geometry":{"type":"Point","coordinates":[-97.687,30.588]},"properties":{"key":"60649-e09d349e","layer":"power","name":"Rabbit Hill Energy Storage Project","state":"TX","detail_file":"data/details/power-plants-04.json","plant_id":"60649","capacity_mw":9.9,"status_group":"Operating","energy_sources":"MWH","type":"Power plant","is_nuclear":false}},{"type":"Feature","geometry":{"type":"Point","coordinates":[-98.736,29.618]},"properties":{"key":"64319-ae61d90d","layer":"power","name":"Ranchtown","state":"TX","detail_file":"data/details/power-plants-07.json","plant_id":"64319","capacity_mw":9.9,"status_group":"Operating","energy_sources":"MWH","type":"Power plant","is_nuclear":false}},{"type":"Feature","geometry":{"type":"Point","coordinates":[-99.551,31.36]},"properties":{"key":"60743-db278119","layer":"power","name":"Rattlesnake Power, LLC","state":"TX","detail_file":"data/details/power-plants-31.json","plant_id":"60743","capacity_mw":160.0,"status_group":"Operating","energy_sources":"WND","type":"Power plant","is_nuclear":false}},{"type":"Feature","geometry":{"type":"Point","coordinates":[-96.089,29.576]},"properties":{"key":"68149-180d63ff","layer":"power","name":"Raven Storage","state":"TX","detail_file":"data/details/power-plants-55.json","plant_id":"68149","capacity_mw":100.0,"status_group":"Under construction","energy_sources":"MWH","type":"Power plant","is_nuclear":false}},{"type":"Feature","geometry":{"type":"Point","coordinates":[-97.724,28.628]},"properties":{"key":"67837-76c7c5d1","layer":"power","name":"Ray Ranch Solar","state":"TX","detail_file":"data/details/power-plants-23.json","plant_id":"67837","capacity_mw":255.2,"status_group":"Under construction","energy_sources":"SUN","type":"Power plant","is_nuclear":false}},{"type":"Feature","geometry":{"type":"Point","coordinates":[-96.142,29.159]},"properties":{"key":"66157-f819bc52","layer":"power","name":"Red Tailed Hawk Solar LLC","state":"TX","detail_file":"data/details/power-plants-61.json","plant_id":"66157","capacity_mw":360.0,"status_group":"Operating","energy_sources":"SUN","type":"Power plant","is_nuclear":false}},{"type":"Feature","geometry":{"type":"Point","coordinates":[-98.202,30.785]},"properties":{"key":"67782-c49eb936","layer":"power","name":"RedSun PV and BESS","state":"TX","detail_file":"data/details/power-plants-41.json","plant_id":"67782","capacity_mw":168.0,"status_group":"Under construction","energy_sources":"MWH; SUN","type":"Power plant","is_nuclear":false}},{"type":"Feature","geometry":{"type":"Point","coordinates":[-99.834,28.518]},"properties":{"key":"69331-55bebb78","layer":"power","name":"Regis Carrizo Springs","state":"TX","detail_file":"data/details/power-plants-62.json","plant_id":"69331","capacity_mw":9.9,"status_group":"Operating","energy_sources":"MWH","type":"Power plant","is_nuclear":false}},{"type":"Feature","geometry":{"type":"Point","coordinates":[-99.762,29.681]},"properties":{"key":"69338-dab4621c","layer":"power","name":"Regis Leakey","state":"TX","detail_file":"data/details/power-plants-15.json","plant_id":"69338","capacity_mw":9.9,"status_group":"Under construction","energy_sources":"MWH","type":"Power plant","is_nuclear":false}},{"type":"Feature","geometry":{"type":"Point","coordinates":[-98.124,28.894]},"properties":{"key":"69339-2057bbe6","layer":"power","name":"Regis Lyssy","state":"TX","detail_file":"data/details/power-plants-17.json","plant_id":"69339","capacity_mw":9.9,"status_group":"Operating","energy_sources":"MWH","type":"Power plant","is_nuclear":false}},{"type":"Feature","geometry":{"type":"Point","coordinates":[-99.232,30.738]},"properties":{"key":"69345-c48a14e6","layer":"power","name":"Regis Mason","state":"TX","detail_file":"data/details/power-plants-49.json","plant_id":"69345","capacity_mw":9.9,"status_group":"Operating","energy_sources":"MWH","type":"Power plant","is_nuclear":false}},{"type":"Feature","geometry":{"type":"Point","coordinates":[-99.255,29.808]},"properties":{"key":"69340-9811e198","layer":"power","name":"Regis Medina","state":"TX","detail_file":"data/details/power-plants-02.json","plant_id":"69340","capacity_mw":9.9,"status_group":"Under construction","energy_sources":"MWH","type":"Power plant","is_nuclear":false}},{"type":"Feature","geometry":{"type":"Point","coordinates":[-98.935,29.613]},"properties":{"key":"69341-566beb98","layer":"power","name":"Regis Medina Lake","state":"TX","detail_file":"data/details/power-plants-06.json","plant_id":"69341","capacity_mw":9.9,"status_group":"Operating","energy_sources":"MWH","type":"Power plant","is_nuclear":false}},{"type":"Feature","geometry":{"type":"Point","coordinates":[-97.788,29.057]},"properties":{"key":"69342-1842c2ac","layer":"power","name":"Regis Milton","state":"TX","detail_file":"data/details/power-plants-18.json","plant_id":"69342","capacity_mw":9.9,"status_group":"Operating","energy_sources":"MWH","type":"Power plant","is_nuclear":false}},{"type":"Feature","geometry":{"type":"Point","coordinates":[-96.212,28.757]},"properties":{"key":"69302-5e360d31","layer":"power","name":"Regis Palacios","state":"TX","detail_file":"data/details/power-plants-40.json","plant_id":"69302","capacity_mw":9.9,"status_group":"Operating","energy_sources":"MWH","type":"Power plant","is_nuclear":false}},{"type":"Feature","geometry":{"type":"Point","coordinates":[-97.52,28.029]},"properties":{"key":"69348-6959f46a","layer":"power","name":"Regis Pirate","state":"TX","detail_file":"data/details/power-plants-16.json","plant_id":"69348","capacity_mw":9.9,"status_group":"Operating","energy_sources":"MWH","type":"Power plant","is_nuclear":false}},{"type":"Feature","geometry":{"type":"Point","coordinates":[-99.524,29.645]},"properties":{"key":"69343-68651359","layer":"power","name":"Regis Utopia","state":"TX","detail_file":"data/details/power-plants-09.json","plant_id":"69343","capacity_mw":9.9,"status_group":"Operating","energy_sources":"MWH","type":"Power plant","is_nuclear":false}},{"type":"Feature","geometry":{"type":"Point","coordinates":[-98.454,28.653]},"properties":{"key":"67564-662d7d49","layer":"power","name":"Reis Solar Park","state":"TX","detail_file":"data/details/power-plants-53.json","plant_id":"67564","capacity_mw":105.5,"status_group":"Under construction","energy_sources":"SUN","type":"Power plant","is_nuclear":false}},{"type":"Feature","geometry":{"type":"Point","coordinates":[-99.095,29.756]},"properties":{"key":"68155-7fe60cf6","layer":"power","name":"Rio Lago Solar","state":"TX","detail_file":"data/details/power-plants-33.json","plant_id":"68155","capacity_mw":123.0,"status_group":"Under construction","energy_sources":"SUN","type":"Power plant","is_nuclear":false}},{"type":"Feature","geometry":{"type":"Point","coordinates":[-97.973,29.593]},"properties":{"key":"55137-8e0911a1","layer":"power","name":"Rio Nogales Power Project","state":"TX","detail_file":"data/details/power-plants-07.json","plant_id":"55137","capacity_mw":1108.0,"status_group":"Operating","energy_sources":"NG","type":"Power plant","is_nuclear":false}},{"type":"Feature","geometry":{"type":"Point","coordinates":[-97.708,30.305]},"properties":{"key":"56374-4a6dc0ed","layer":"power","name":"Robert Mueller Energy Center","state":"TX","detail_file":"data/details/power-plants-32.json","plant_id":"56374","capacity_mw":6.1,"status_group":"Operating","energy_sources":"DFO; NG","type":"Power plant","is_nuclear":false}},{"type":"Feature","geometry":{"type":"Point","coordinates":[-96.537,29.551]},"properties":{"key":"69760-e202041a","layer":"power","name":"Rock Island Generating","state":"TX","detail_file":"data/details/power-plants-29.json","plant_id":"69760","capacity_mw":121.8,"status_group":"Under construction","energy_sources":"NG","type":"Power plant","is_nuclear":false}},{"type":"Feature","geometry":{"type":"Point","coordinates":[-96.825,31.461]},"properties":{"key":"65028-6e2c8b4a","layer":"power","name":"Roseland Solar Project, LLC","state":"TX","detail_file":"data/details/power-plants-46.json","plant_id":"65028","capacity_mw":51.8,"status_group":"Operating","energy_sources":"MWH","type":"Power plant","is_nuclear":false}},{"type":"Feature","geometry":{"type":"Point","coordinates":[-96.825,31.461]},"properties":{"key":"65028-b8ffd93f","layer":"power","name":"Roseland Solar Project, LLC","state":"TX","detail_file":"data/details/power-plants-32.json","plant_id":"65028","capacity_mw":500.0,"status_group":"Under construction","energy_sources":"SUN","type":"Power plant","is_nuclear":false}},{"type":"Feature","geometry":{"type":"Point","coordinates":[-98.297,29.308]},"properties":{"key":"68361-ea0af383","layer":"power","name":"Rush ESS","state":"TX","detail_file":"data/details/power-plants-07.json","plant_id":"68361","capacity_mw":200.0,"status_group":"Planned","energy_sources":"MWH","type":"Power plant","is_nuclear":false}},{"type":"Feature","geometry":{"type":"Point","coordinates":[-97.799,31.536]},"properties":{"key":"69770-320ad214","layer":"power","name":"Ryan Storage","state":"TX","detail_file":"data/details/power-plants-45.json","plant_id":"69770","capacity_mw":50.0,"status_group":"Under construction","energy_sources":"MWH","type":"Power plant","is_nuclear":false}},{"type":"Feature","geometry":{"type":"Point","coordinates":[-97.135,28.895]},"properties":{"key":"3631-bef9eb48","layer":"power","name":"Sam Rayburn","state":"TX","detail_file":"data/details/power-plants-41.json","plant_id":"3631","capacity_mw":192.8,"status_group":"Operating","energy_sources":"DFO; NG","type":"Power plant","is_nuclear":false}},{"type":"Feature","geometry":{"type":"Point","coordinates":[-98.478,28.704]},"properties":{"key":"6183-241f1f88","layer":"power","name":"San Miguel","state":"TX","detail_file":"data/details/power-plants-20.json","plant_id":"6183","capacity_mw":410.0,"status_group":"Operating","energy_sources":"LIG","type":"Power plant","is_nuclear":false}},{"type":"Feature","geometry":{"type":"Point","coordinates":[-97.613,30.21]},"properties":{"key":"7900-76f61150","layer":"power","name":"Sand Hill","state":"TX","detail_file":"data/details/power-plants-27.json","plant_id":"7900","capacity_mw":696.4,"status_group":"Operating","energy_sources":"NG","type":"Power plant","is_nuclear":false}},{"type":"Feature","geometry":{"type":"Point","coordinates":[-97.191,30.419]},"properties":{"key":"68504-be515b1f","layer":"power","name":"Sandow Lakes Energy Station","state":"TX","detail_file":"data/details/power-plants-44.json","plant_id":"68504","capacity_mw":1290.0,"status_group":"Planned","energy_sources":"NG","type":"Power plant","is_nuclear":false}},{"type":"Feature","geometry":{"type":"Point","coordinates":[-96.957,31.474]},"properties":{"key":"56611-4d477eac","layer":"power","name":"Sandy Creek Energy Station","state":"TX","detail_file":"data/details/power-plants-49.json","plant_id":"56611","capacity_mw":1008.0,"status_group":"Operating","energy_sources":"SUB","type":"Power plant","is_nuclear":false}},{"type":"Feature","geometry":{"type":"Point","coordinates":[-96.794,28.514]},"properties":{"key":"10167-43516e94","layer":"power","name":"Seadrift Coke LP","state":"TX","detail_file":"data/details/power-plants-57.json","plant_id":"10167","capacity_mw":7.6,"status_group":"Operating","energy_sources":"WH","type":"Power plant","is_nuclear":false}},{"type":"Feature","geometry":{"type":"Point","coordinates":[-96.199,29.848]},"properties":{"key":"69045-26d04a42","layer":"power","name":"Sealy BESS","state":"TX","detail_file":"data/details/power-plants-02.json","plant_id":"69045","capacity_mw":200.0,"status_group":"Operating","energy_sources":"MWH","type":"Power plant","is_nuclear":false}},{"type":"Feature","geometry":{"type":"Point","coordinates":[-99.756,28.442]},"properties":{"key":"65333-d65e62b4","layer":"power","name":"Shakes Solar","state":"TX","detail_file":"data/details/power-plants-05.json","plant_id":"65333","capacity_mw":200.0,"status_group":"Operating","energy_sources":"SUN","type":"Power plant","is_nuclear":false}},{"type":"Feature","geometry":{"type":"Point","coordinates":[-97.271,30.146]},"properties":{"key":"3601-2c93da56","layer":"power","name":"Sim Gideon","state":"TX","detail_file":"data/details/power-plants-11.json","plant_id":"3601","capacity_mw":623.0,"status_group":"Operating","energy_sources":"NG","type":"Power plant","is_nuclear":false}},{"type":"Feature","geometry":{"type":"Point","coordinates":[-96.538,29.55]},"properties":{"key":"59938-1621d273","layer":"power","name":"Sky Global Power One","state":"TX","detail_file":"data/details/power-plants-14.json","plant_id":"59938","capacity_mw":51.0,"status_group":"Operating","energy_sources":"NG","type":"Power plant","is_nuclear":false}},{"type":"Feature","geometry":{"type":"Point","coordinates":[-96.048,28.795]},"properties":{"key":"6251-33981f18","layer":"power","name":"South Texas Project","state":"TX","detail_file":"data/details/power-plants-03.json","plant_id":"6251","capacity_mw":2708.6,"status_group":"Operating","energy_sources":"NUC","type":"Nuclear power plant","is_nuclear":true}},{"type":"Feature","geometry":{"type":"Point","coordinates":[-98.001,28.655]},"properties":{"key":"63840-fe721d26","layer":"power","name":"Sparta Solar","state":"TX","detail_file":"data/details/power-plants-24.json","plant_id":"63840","capacity_mw":250.0,"status_group":"Operating","energy_sources":"SUN","type":"Power plant","is_nuclear":false}},{"type":"Feature","geometry":{"type":"Point","coordinates":[-96.921,30.053]},"properties":{"key":"70021-4b0b037f","layer":"power","name":"Staccato BESS","state":"TX","detail_file":"data/details/power-plants-27.json","plant_id":"70021","capacity_mw":200.5,"status_group":"Under construction","energy_sources":"MWH","type":"Power plant","is_nuclear":false}},{"type":"Feature","geometry":{"type":"Point","coordinates":[-97.165,30.968]},"properties":{"key":"65894-b6f1b59d","layer":"power","name":"Stillhouse Solar","state":"TX","detail_file":"data/details/power-plants-01.json","plant_id":"65894","capacity_mw":210.0,"status_group":"Operating","energy_sources":"SUN","type":"Power plant","is_nuclear":false}},{"type":"Feature","geometry":{"type":"Point","coordinates":[-97.11,30.569]},"properties":{"key":"69027-848679a5","layer":"power","name":"Stoneridge Solar, LLC","state":"TX","detail_file":"data/details/power-plants-01.json","plant_id":"69027","capacity_mw":100.0,"status_group":"Operating","energy_sources":"SUN","type":"Power plant","is_nuclear":false}},{"type":"Feature","geometry":{"type":"Point","coordinates":[-97.11,30.569]},"properties":{"key":"69027-c531b937","layer":"power","name":"Stoneridge Solar, LLC","state":"TX","detail_file":"data/details/power-plants-36.json","plant_id":"69027","capacity_mw":100.0,"status_group":"Under construction","energy_sources":"MWH","type":"Power plant","is_nuclear":false}},{"type":"Feature","geometry":{"type":"Point","coordinates":[-97.015,31.87]},"properties":{"key":"65303-500d0dac","layer":"power","name":"Sun Valley Solar Project","state":"TX","detail_file":"data/details/power-plants-23.json","plant_id":"65303","capacity_mw":250.0,"status_group":"Operating","energy_sources":"SUN","type":"Power plant","is_nuclear":false}},{"type":"Feature","geometry":{"type":"Point","coordinates":[-97.017,31.858]},"properties":{"key":"68896-950c36f3","layer":"power","name":"Sun Valley Storage","state":"TX","detail_file":"data/details/power-plants-10.json","plant_id":"68896","capacity_mw":123.3,"status_group":"Operating","energy_sources":"MWH","type":"Power plant","is_nuclear":false}},{"type":"Feature","geometry":{"type":"Point","coordinates":[-98.418,29.245]},"properties":{"key":"58068-b5ecfa53","layer":"power","name":"SunE CPS1 LLC","state":"TX","detail_file":"data/details/power-plants-57.json","plant_id":"58068","capacity_mw":10.0,"status_group":"Operating","energy_sources":"SUN","type":"Power plant","is_nuclear":false}},{"type":"Feature","geometry":{"type":"Point","coordinates":[-98.418,29.245]},"properties":{"key":"58027-e2a91299","layer":"power","name":"SunE CPS2 LLC","state":"TX","detail_file":"data/details/power-plants-60.json","plant_id":"58027","capacity_mw":10.0,"status_group":"Operating","energy_sources":"SUN","type":"Power plant","is_nuclear":false}},{"type":"Feature","geometry":{"type":"Point","coordinates":[-98.669,29.222]},"properties":{"key":"58009-a311d618","layer":"power","name":"SunE CPS3 LLC","state":"TX","detail_file":"data/details/power-plants-49.json","plant_id":"58009","capacity_mw":10.6,"status_group":"Operating","energy_sources":"SUN","type":"Power plant","is_nuclear":false}},{"type":"Feature","geometry":{"type":"Point","coordinates":[-99.834,28.937]},"properties":{"key":"68363-7ccf88c3","layer":"power","name":"SunShiner ESS","state":"TX","detail_file":"data/details/power-plants-16.json","plant_id":"68363","capacity_mw":200.0,"status_group":"Planned","energy_sources":"MWH","type":"Power plant","is_nuclear":false}},{"type":"Feature","geometry":{"type":"Point","coordinates":[-96.121,29.674]},"properties":{"key":"68033-12e5bee0","layer":"power","name":"Sunrose Renewable Energy","state":"TX","detail_file":"data/details/power-plants-60.json","plant_id":"68033","capacity_mw":600.0,"status_group":"Planned","energy_sources":"MWH; SUN","type":"Power plant","is_nuclear":false}},{"type":"Feature","geometry":{"type":"Point","coordinates":[-99.096,28.926]},"properties":{"key":"69353-659ad74a","layer":"power","name":"Sunset Ridge Energy Center, LLC","state":"TX","detail_file":"data/details/power-plants-03.json","plant_id":"69353","capacity_mw":9.9,"status_group":"Operating","energy_sources":"MWH","type":"Power plant","is_nuclear":false}},{"type":"Feature","geometry":{"type":"Point","coordinates":[-97.642,31.626]},"properties":{"key":"68175-3a30cca8","layer":"power","name":"Symank Solar","state":"TX","detail_file":"data/details/power-plants-08.json","plant_id":"68175","capacity_mw":66.6,"status_group":"Under construction","energy_sources":"SUN","type":"Power plant","is_nuclear":false}},{"type":"Feature","geometry":{"type":"Point","coordinates":[-97.194,30.878]},"properties":{"key":"69150-852d8684","layer":"power","name":"Sypert Branch Solar","state":"TX","detail_file":"data/details/power-plants-42.json","plant_id":"69150","capacity_mw":293.9,"status_group":"Under construction","energy_sources":"SUN","type":"Power plant","is_nuclear":false}},{"type":"Feature","geometry":{"type":"Point","coordinates":[-97.709,30.22]},"properties":{"key":"61742-b77e841d","layer":"power","name":"System Control Center","state":"TX","detail_file":"data/details/power-plants-19.json","plant_id":"61742","capacity_mw":5.0,"status_group":"Operating","energy_sources":"MWH","type":"Power plant","is_nuclear":false}},{"type":"Feature","geometry":{"type":"Point","coordinates":[-98.0,29.548]},"properties":{"key":"3586-9f1689ff","layer":"power","name":"TP 4","state":"TX","detail_file":"data/details/power-plants-43.json","plant_id":"3586","capacity_mw":2.4,"status_group":"Operating","energy_sources":"WAT","type":"Power plant","is_nuclear":false}},{"type":"Feature","geometry":{"type":"Point","coordinates":[-96.625,30.881]},"properties":{"key":"65694-91d7e3f1","layer":"power","name":"TX11 Republic Road Storage","state":"TX","detail_file":"data/details/power-plants-17.json","plant_id":"65694","capacity_mw":50.0,"status_group":"Operating","energy_sources":"MWH","type":"Power plant","is_nuclear":false}},{"type":"Feature","geometry":{"type":"Point","coordinates":[-97.574,30.412]},"properties":{"key":"65695-8252f9ef","layer":"power","name":"TX12 Silicon Hill Storage","state":"TX","detail_file":"data/details/power-plants-32.json","plant_id":"65695","capacity_mw":100.0,"status_group":"Operating","energy_sources":"MWH","type":"Power plant","is_nuclear":false}},{"type":"Feature","geometry":{"type":"Point","coordinates":[-97.357,30.415]},"properties":{"key":"65699-894d47ab","layer":"power","name":"TX19 River Valley Storage 1","state":"TX","detail_file":"data/details/power-plants-25.json","plant_id":"65699","capacity_mw":50.0,"status_group":"Operating","energy_sources":"MWH","type":"Power plant","is_nuclear":false}},{"type":"Feature","geometry":{"type":"Point","coordinates":[-96.684,28.587]},"properties":{"key":"64425-7912ef01","layer":"power","name":"TX2 Port Lavaca","state":"TX","detail_file":"data/details/power-plants-16.json","plant_id":"64425","capacity_mw":9.9,"status_group":"Operating","energy_sources":"MWH","type":"Power plant","is_nuclear":false}},{"type":"Feature","geometry":{"type":"Point","coordinates":[-97.355,30.414]},"properties":{"key":"65700-d9174518","layer":"power","name":"TX21 River Valley Storage 2","state":"TX","detail_file":"data/details/power-plants-39.json","plant_id":"65700","capacity_mw":50.0,"status_group":"Operating","energy_sources":"MWH","type":"Power plant","is_nuclear":false}},{"type":"Feature","geometry":{"type":"Point","coordinates":[-96.413,31.914]},"properties":{"key":"65855-63a2dc80","layer":"power","name":"Tehuacana Creek Solar","state":"TX","detail_file":"data/details/power-plants-50.json","plant_id":"65855","capacity_mw":836.8,"status_group":"Under construction","energy_sources":"SUN","type":"Power plant","is_nuclear":false}},{"type":"Feature","geometry":{"type":"Point","coordinates":[-97.317,31.056]},"properties":{"key":"58001-90600bce","layer":"power","name":"Temple Power Station","state":"TX","detail_file":"data/details/power-plants-40.json","plant_id":"58001","capacity_mw":1606.4,"status_group":"Operating","energy_sources":"NG","type":"Power plant","is_nuclear":false}},{"type":"Feature","geometry":{"type":"Point","coordinates":[-96.03,30.931]},"properties":{"key":"68364-7b3d0ee1","layer":"power","name":"Tex-Bar ESS","state":"TX","detail_file":"data/details/power-plants-25.json","plant_id":"68364","capacity_mw":200.0,"status_group":"Planned","energy_sources":"MWH","type":"Power plant","is_nuclear":false}},{"type":"Feature","geometry":{"type":"Point","coordinates":[-97.359,31.859]},"properties":{"key":"55172-c1361c12","layer":"power","name":"Thad Hill Energy Center","state":"TX","detail_file":"data/details/power-plants-38.json","plant_id":"55172","capacity_mw":807.0,"status_group":"Operating","energy_sources":"NG","type":"Power plant","is_nuclear":false}},{"type":"Feature","geometry":{"type":"Point","coordinates":[-96.556,28.852]},"properties":{"key":"67667-93e835d1","layer":"power","name":"Third Coast BESS, LLC","state":"TX","detail_file":"data/details/power-plants-48.json","plant_id":"67667","capacity_mw":100.0,"status_group":"Under construction","energy_sources":"MWH","type":"Power plant","is_nuclear":false}},{"type":"Feature","geometry":{"type":"Point","coordinates":[-98.372,30.558]},"properties":{"key":"4937-07f80064","layer":"power","name":"Thomas C Ferguson","state":"TX","detail_file":"data/details/power-plants-32.json","plant_id":"4937","capacity_mw":574.6,"status_group":"Operating","energy_sources":"NG","type":"Power plant","is_nuclear":false}},{"type":"Feature","geometry":{"type":"Point","coordinates":[-96.665,31.103]},"properties":{"key":"68425-1367bf1d","layer":"power","name":"Tidwell Prairie II","state":"TX","detail_file":"data/details/power-plants-51.json","plant_id":"68425","capacity_mw":200.0,"status_group":"Under construction","energy_sources":"MWH","type":"Power plant","is_nuclear":false}},{"type":"Feature","geometry":{"type":"Point","coordinates":[-96.664,31.098]},"properties":{"key":"66337-3ca04e9b","layer":"power","name":"Tidwell Prairie Storage 1","state":"TX","detail_file":"data/details/power-plants-42.json","plant_id":"66337","capacity_mw":200.0,"status_group":"Operating","energy_sources":"MWH","type":"Power plant","is_nuclear":false}},{"type":"Feature","geometry":{"type":"Point","coordinates":[-96.152,31.871]},"properties":{"key":"66922-3a735345","layer":"power","name":"Timber Cove Solar","state":"TX","detail_file":"data/details/power-plants-58.json","plant_id":"66922","capacity_mw":100.0,"status_group":"Planned","energy_sources":"SUN","type":"Power plant","is_nuclear":false}},{"type":"Feature","geometry":{"type":"Point","coordinates":[-97.807,29.875]},"properties":{"key":"66335-15d8fbc0","layer":"power","name":"Timmerman Power Plant","state":"TX","detail_file":"data/details/power-plants-11.json","plant_id":"66335","capacity_mw":368.0,"status_group":"Operating","energy_sources":"NG","type":"Power plant","is_nuclear":false}},{"type":"Feature","geometry":{"type":"Point","coordinates":[-97.311,31.427]},"properties":{"key":"66397-6e449250","layer":"power","name":"Tokio Solar","state":"TX","detail_file":"data/details/power-plants-01.json","plant_id":"66397","capacity_mw":170.4,"status_group":"Planned","energy_sources":"SUN","type":"Power plant","is_nuclear":false}},{"type":"Feature","geometry":{"type":"Point","coordinates":[-96.51,28.689]},"properties":{"key":"65947-28d5aba7","layer":"power","name":"Tres Bahias","state":"TX","detail_file":"data/details/power-plants-41.json","plant_id":"65947","capacity_mw":196.3,"status_group":"Operating","energy_sources":"SUN","type":"Power plant","is_nuclear":false}},{"type":"Feature","geometry":{"type":"Point","coordinates":[-97.009,28.785]},"properties":{"key":"61241-c85cfce4","layer":"power","name":"Tres City Power LLC","state":"TX","detail_file":"data/details/power-plants-63.json","plant_id":"61241","capacity_mw":100.0,"status_group":"Operating","energy_sources":"NG","type":"Power plant","is_nuclear":false}},{"type":"Feature","geometry":{"type":"Point","coordinates":[-96.945,28.696]},"properties":{"key":"61242-ea299a66","layer":"power","name":"Tres Port Power, LLC","state":"TX","detail_file":"data/details/power-plants-03.json","plant_id":"61242","capacity_mw":100.0,"status_group":"Operating","energy_sources":"NG","type":"Power plant","is_nuclear":false}},{"type":"Feature","geometry":{"type":"Point","coordinates":[-96.794,31.469]},"properties":{"key":"65998-e30c83d5","layer":"power","name":"True North Solar, LLC","state":"TX","detail_file":"data/details/power-plants-28.json","plant_id":"65998","capacity_mw":238.8,"status_group":"Operating","energy_sources":"SUN","type":"Power plant","is_nuclear":false}},{"type":"Feature","geometry":{"type":"Point","coordinates":[-96.736,30.868]},"properties":{"key":"68198-f1b4ac8a","layer":"power","name":"Two Rivers Solar","state":"TX","detail_file":"data/details/power-plants-06.json","plant_id":"68198","capacity_mw":214.0,"status_group":"Planned","energy_sources":"SUN","type":"Power plant","is_nuclear":false}},{"type":"Feature","geometry":{"type":"Point","coordinates":[-97.773,28.184]},"properties":{"key":"67963-03f25cc9","layer":"power","name":"Tynan","state":"TX","detail_file":"data/details/power-plants-01.json","plant_id":"67963","capacity_mw":9.9,"status_group":"Operating","energy_sources":"MWH","type":"Power plant","is_nuclear":false}},{"type":"Feature","geometry":{"type":"Point","coordinates":[-96.771,28.511]},"properties":{"key":"50150-84040b38","layer":"power","name":"Union Carbide Seadrift Cogen","state":"TX","detail_file":"data/details/power-plants-22.json","plant_id":"50150","capacity_mw":168.0,"status_group":"Operating","energy_sources":"NG","type":"Power plant","is_nuclear":false}},{"type":"Feature","geometry":{"type":"Point","coordinates":[-99.699,29.226]},"properties":{"key":"66309-f6887169","layer":"power","name":"Uvalde Solar 2","state":"TX","detail_file":"data/details/power-plants-32.json","plant_id":"66309","capacity_mw":300.0,"status_group":"Planned","energy_sources":"SUN","type":"Power plant","is_nuclear":false}},{"type":"Feature","geometry":{"type":"Point","coordinates":[-98.382,29.257]},"properties":{"key":"3612-aeb5d1de","layer":"power","name":"V H Braunig","state":"TX","detail_file":"data/details/power-plants-25.json","plant_id":"3612","capacity_mw":1138.0,"status_group":"Operating","energy_sources":"NG","type":"Power plant","is_nuclear":false}},{"type":"Feature","geometry":{"type":"Point","coordinates":[-97.062,31.954]},"properties":{"key":"67784-d300a46e","layer":"power","name":"Vial BESS","state":"TX","detail_file":"data/details/power-plants-52.json","plant_id":"67784","capacity_mw":141.4,"status_group":"Under construction","energy_sources":"MWH","type":"Power plant","is_nuclear":false}},{"type":"Feature","geometry":{"type":"Point","coordinates":[-97.01,28.788]},"properties":{"key":"3443-3d7df48a","layer":"power","name":"Victoria","state":"TX","detail_file":"data/details/power-plants-17.json","plant_id":"3443","capacity_mw":376.9,"status_group":"Operating","energy_sources":"NG","type":"Power plant","is_nuclear":false}},{"type":"Feature","geometry":{"type":"Point","coordinates":[-96.946,28.698]},"properties":{"key":"61966-77cdfeda","layer":"power","name":"Victoria Port II","state":"TX","detail_file":"data/details/power-plants-42.json","plant_id":"61966","capacity_mw":100.0,"status_group":"Operating","energy_sources":"NG","type":"Power plant","is_nuclear":false}},{"type":"Feature","geometry":{"type":"Point","coordinates":[-96.956,28.675]},"properties":{"key":"10790-0dc5800e","layer":"power","name":"Victoria Texas Plant","state":"TX","detail_file":"data/details/power-plants-27.json","plant_id":"10790","capacity_mw":102.4,"status_group":"Operating","energy_sources":"NG","type":"Power plant","is_nuclear":false}},{"type":"Feature","geometry":{"type":"Point","coordinates":[-97.458,31.081]},"properties":{"key":"64816-e0f63f69","layer":"power","name":"WAL1232","state":"TX","detail_file":"data/details/power-plants-46.json","plant_id":"64816","capacity_mw":1.2,"status_group":"Operating","energy_sources":"NG","type":"Power plant","is_nuclear":false}},{"type":"Feature","geometry":{"type":"Point","coordinates":[-97.729,31.09]},"properties":{"key":"64773-54396d48","layer":"power","name":"WAL407","state":"TX","detail_file":"data/details/power-plants-32.json","plant_id":"64773","capacity_mw":1.2,"status_group":"Operating","energy_sources":"NG","type":"Power plant","is_nuclear":false}},{"type":"Feature","geometry":{"type":"Point","coordinates":[-97.606,30.453]},"properties":{"key":"64958-34496100","layer":"power","name":"WAL5479","state":"TX","detail_file":"data/details/power-plants-21.json","plant_id":"64958","capacity_mw":1.2,"status_group":"Operating","energy_sources":"NG","type":"Power plant","is_nuclear":false}},{"type":"Feature","geometry":{"type":"Point","coordinates":[-97.612,30.534]},"properties":{"key":"64959-01726337","layer":"power","name":"WAL5480","state":"TX","detail_file":"data/details/power-plants-54.json","plant_id":"64959","capacity_mw":1.2,"status_group":"Operating","energy_sources":"NG","type":"Power plant","is_nuclear":false}},{"type":"Feature","geometry":{"type":"Point","coordinates":[-97.414,31.115]},"properties":{"key":"64963-0aa5de67","layer":"power","name":"WAL6929","state":"TX","detail_file":"data/details/power-plants-28.json","plant_id":"64963","capacity_mw":1.2,"status_group":"Operating","energy_sources":"NG","type":"Power plant","is_nuclear":false}},{"type":"Feature","geometry":{"type":"Point","coordinates":[-96.819,31.71]},"properties":{"key":"65762-e86b5d59","layer":"power","name":"Waco Solar","state":"TX","detail_file":"data/details/power-plants-56.json","plant_id":"65762","capacity_mw":400.0,"status_group":"Operating","energy_sources":"SUN","type":"Power plant","is_nuclear":false}},{"type":"Feature","geometry":{"type":"Point","coordinates":[-96.791,31.711]},"properties":{"key":"67354-eabf90e0","layer":"power","name":"Waco Solar II","state":"TX","detail_file":"data/details/power-plants-00.json","plant_id":"67354","capacity_mw":200.0,"status_group":"Planned","energy_sources":"SUN","type":"Power plant","is_nuclear":false}},{"type":"Feature","geometry":{"type":"Point","coordinates":[-97.509,30.238]},"properties":{"key":"57699-0fcecf1a","layer":"power","name":"Webberville Solar Project","state":"TX","detail_file":"data/details/power-plants-08.json","plant_id":"57699","capacity_mw":30.0,"status_group":"Operating","energy_sources":"SUN","type":"Power plant","is_nuclear":false}},{"type":"Feature","geometry":{"type":"Point","coordinates":[-96.437,31.985]},"properties":{"key":"67785-39888c11","layer":"power","name":"Whistle Solar","state":"TX","detail_file":"data/details/power-plants-53.json","plant_id":"67785","capacity_mw":56.3,"status_group":"Under construction","energy_sources":"SUN","type":"Power plant","is_nuclear":false}},{"type":"Feature","geometry":{"type":"Point","coordinates":[-97.367,31.869]},"properties":{"key":"6414-6e11ca5d","layer":"power","name":"Whitney","state":"TX","detail_file":"data/details/power-plants-16.json","plant_id":"6414","capacity_mw":41.8,"status_group":"Operating","energy_sources":"WAT","type":"Power plant","is_nuclear":false}},{"type":"Feature","geometry":{"type":"Point","coordinates":[-96.995,30.025]},"properties":{"key":"56674-4960d28c","layer":"power","name":"Winchester Power Park","state":"TX","detail_file":"data/details/power-plants-05.json","plant_id":"56674","capacity_mw":242.0,"status_group":"Operating","energy_sources":"NG","type":"Power plant","is_nuclear":false}},{"type":"Feature","geometry":{"type":"Point","coordinates":[-96.851,31.044]},"properties":{"key":"66216-8c20cd87","layer":"power","name":"Yaupon Solar Project (Hybrid)","state":"TX","detail_file":"data/details/power-plants-50.json","plant_id":"66216","capacity_mw":300.0,"status_group":"Under construction","energy_sources":"MWH; SUN","type":"Power plant","is_nuclear":false}},{"type":"Feature","geometry":{"type":"Point","coordinates":[-97.654,31.934]},"properties":{"key":"61873-82e621a1","layer":"power","name":"Yellow Jacket","state":"TX","detail_file":"data/details/power-plants-61.json","plant_id":"61873","capacity_mw":5.0,"status_group":"Operating","energy_sources":"SUN","type":"Power plant","is_nuclear":false}},{"type":"Feature","geometry":{"type":"Point","coordinates":[-98.857,31.707]},"properties":{"key":"67555-522c1b8e","layer":"power","name":"Zephyr Storage","state":"TX","detail_file":"data/details/power-plants-18.json","plant_id":"67555","capacity_mw":185.6,"status_group":"Planned","energy_sources":"MWH","type":"Power plant","is_nuclear":false}}]}