{"type":"FeatureCollection","features":[{"type":"Feature","geometry":{"type":"Point","coordinates":[-92.522,44.071]},"properties":{"key":"62162-dbc926c4","layer":"power","name":"4710 Hosting","state":"MN","detail_file":"data/details/power-plants-56.json","plant_id":"62162","capacity_mw":7.5,"status_group":"Operating","energy_sources":"DFO","type":"Power plant","is_nuclear":false}},{"type":"Feature","geometry":{"type":"Point","coordinates":[-93.954,44.283]},"properties":{"key":"61705-dc9e64e0","layer":"power","name":"Acturus Community Solar","state":"MN","detail_file":"data/details/power-plants-59.json","plant_id":"61705","capacity_mw":1.0,"status_group":"Operating","energy_sources":"SUN","type":"Power plant","is_nuclear":false}},{"type":"Feature","geometry":{"type":"Point","coordinates":[-94.736,44.917]},"properties":{"key":"57375-a4ccb618","layer":"power","name":"Adams Wind Generations LLC","state":"MN","detail_file":"data/details/power-plants-40.json","plant_id":"57375","capacity_mw":20.0,"status_group":"Operating","energy_sources":"WND","type":"Power plant","is_nuclear":false}},{"type":"Feature","geometry":{"type":"Point","coordinates":[-94.599,45.641]},"properties":{"key":"60519-d79eaf80","layer":"power","name":"Albany Solar","state":"MN","detail_file":"data/details/power-plants-14.json","plant_id":"60519","capacity_mw":10.0,"status_group":"Operating","energy_sources":"SUN","type":"Power plant","is_nuclear":false}},{"type":"Feature","geometry":{"type":"Point","coordinates":[-95.38,45.889]},"properties":{"key":"1958-55135277","layer":"power","name":"Alexandria","state":"MN","detail_file":"data/details/power-plants-49.json","plant_id":"1958","capacity_mw":9.2,"status_group":"Operating","energy_sources":"DFO","type":"Power plant","is_nuclear":false}},{"type":"Feature","geometry":{"type":"Point","coordinates":[-92.779,45.03]},"properties":{"key":"1915-591bae86","layer":"power","name":"Allen S King","state":"MN","detail_file":"data/details/power-plants-38.json","plant_id":"1915","capacity_mw":598.4,"status_group":"Operating","energy_sources":"SUB","type":"Power plant","is_nuclear":false}},{"type":"Feature","geometry":{"type":"Point","coordinates":[-95.202,44.789]},"properties":{"key":"65381-2eff8e6a","layer":"power","name":"Allie L.L.C. (CSG)","state":"MN","detail_file":"data/details/power-plants-63.json","plant_id":"65381","capacity_mw":1.0,"status_group":"Operating","energy_sources":"SUN","type":"Power plant","is_nuclear":false}},{"type":"Feature","geometry":{"type":"Point","coordinates":[-94.723,45.4]},"properties":{"key":"63304-8604130c","layer":"power","name":"Allium Community Solar Garden, LLC","state":"MN","detail_file":"data/details/power-plants-43.json","plant_id":"63304","capacity_mw":1.0,"status_group":"Operating","energy_sources":"SUN","type":"Power plant","is_nuclear":false}},{"type":"Feature","geometry":{"type":"Point","coordinates":[-95.375,44.936]},"properties":{"key":"66017-1195c845","layer":"power","name":"Andresen Solar","state":"MN","detail_file":"data/details/power-plants-21.json","plant_id":"66017","capacity_mw":1.0,"status_group":"Operating","energy_sources":"SUN","type":"Power plant","is_nuclear":false}},{"type":"Feature","geometry":{"type":"Point","coordinates":[-94.032,44.902]},"properties":{"key":"61181-dd61101b","layer":"power","name":"Andromeda Community Solar","state":"MN","detail_file":"data/details/power-plants-47.json","plant_id":"61181","capacity_mw":5.0,"status_group":"Operating","energy_sources":"SUN","type":"Power plant","is_nuclear":false}},{"type":"Feature","geometry":{"type":"Point","coordinates":[-94.107,45.247]},"properties":{"key":"60520-362284f7","layer":"power","name":"Annandale Solar","state":"MN","detail_file":"data/details/power-plants-31.json","plant_id":"60520","capacity_mw":6.0,"status_group":"Operating","energy_sources":"SUN","type":"Power plant","is_nuclear":false}},{"type":"Feature","geometry":{"type":"Point","coordinates":[-93.48,45.32]},"properties":{"key":"62908-19f9ac6f","layer":"power","name":"Anoka BESS","state":"MN","detail_file":"data/details/power-plants-38.json","plant_id":"62908","capacity_mw":6.0,"status_group":"Operating","energy_sources":"MWH","type":"Power plant","is_nuclear":false}},{"type":"Feature","geometry":{"type":"Point","coordinates":[-93.483,45.235]},"properties":{"key":"62061-e9785cfb","layer":"power","name":"Anoka County MN CONX","state":"MN","detail_file":"data/details/power-plants-32.json","plant_id":"62061","capacity_mw":3.4,"status_group":"Operating","energy_sources":"SUN","type":"Power plant","is_nuclear":false}},{"type":"Feature","geometry":{"type":"Point","coordinates":[-95.624,44.226]},"properties":{"key":"61176-63c1bcf7","layer":"power","name":"Antares Community Solar","state":"MN","detail_file":"data/details/power-plants-10.json","plant_id":"61176","capacity_mw":3.0,"status_group":"Operating","energy_sources":"SUN","type":"Power plant","is_nuclear":false}},{"type":"Feature","geometry":{"type":"Point","coordinates":[-95.62,44.229]},"properties":{"key":"61710-3e4c64e0","layer":"power","name":"Aquarius Community Solar","state":"MN","detail_file":"data/details/power-plants-34.json","plant_id":"61710","capacity_mw":1.0,"status_group":"Operating","energy_sources":"SUN","type":"Power plant","is_nuclear":false}},{"type":"Feature","geometry":{"type":"Point","coordinates":[-95.34,45.651]},"properties":{"key":"61704-da3972bc","layer":"power","name":"Aquila Community Solar","state":"MN","detail_file":"data/details/power-plants-15.json","plant_id":"61704","capacity_mw":1.0,"status_group":"Operating","energy_sources":"SUN","type":"Power plant","is_nuclear":false}},{"type":"Feature","geometry":{"type":"Point","coordinates":[-93.992,44.187]},"properties":{"key":"10863-e97836f8","layer":"power","name":"Archer Daniels Midland Mankato","state":"MN","detail_file":"data/details/power-plants-00.json","plant_id":"10863","capacity_mw":6.1,"status_group":"Operating","energy_sources":"NG","type":"Power plant","is_nuclear":false}},{"type":"Feature","geometry":{"type":"Point","coordinates":[-92.772,45.255]},"properties":{"key":"61183-93ef2d60","layer":"power","name":"Argo Navis Community Solar","state":"MN","detail_file":"data/details/power-plants-43.json","plant_id":"61183","capacity_mw":3.0,"status_group":"Operating","energy_sources":"SUN","type":"Power plant","is_nuclear":false}},{"type":"Feature","geometry":{"type":"Point","coordinates":[-92.989,44.045]},"properties":{"key":"60938-b3c81f02","layer":"power","name":"Aries Community Solar","state":"MN","detail_file":"data/details/power-plants-27.json","plant_id":"60938","capacity_mw":4.0,"status_group":"Operating","energy_sources":"SUN","type":"Power plant","is_nuclear":false}},{"type":"Feature","geometry":{"type":"Point","coordinates":[-95.356,45.642]},"properties":{"key":"61138-ec4d3baf","layer":"power","name":"Armstrong Solar","state":"MN","detail_file":"data/details/power-plants-47.json","plant_id":"61138","capacity_mw":3.0,"status_group":"Operating","energy_sources":"SUN","type":"Power plant","is_nuclear":false}},{"type":"Feature","geometry":{"type":"Point","coordinates":[-95.229,45.008]},"properties":{"key":"63305-f048fe6e","layer":"power","name":"Aster Community Solar Garden, LLC","state":"MN","detail_file":"data/details/power-plants-41.json","plant_id":"63305","capacity_mw":1.0,"status_group":"Operating","energy_sources":"SUN","type":"Power plant","is_nuclear":false}},{"type":"Feature","geometry":{"type":"Point","coordinates":[-93.268,45.458]},"properties":{"key":"63090-fb2b2205","layer":"power","name":"Athens - Coopers Corner BESS","state":"MN","detail_file":"data/details/power-plants-05.json","plant_id":"63090","capacity_mw":3.0,"status_group":"Operating","energy_sources":"MWH","type":"Power plant","is_nuclear":false}},{"type":"Feature","geometry":{"type":"Point","coordinates":[-93.24,45.45]},"properties":{"key":"62937-39b93c6e","layer":"power","name":"Athens BESS","state":"MN","detail_file":"data/details/power-plants-03.json","plant_id":"62937","capacity_mw":6.0,"status_group":"Operating","energy_sources":"MWH","type":"Power plant","is_nuclear":false}},{"type":"Feature","geometry":{"type":"Point","coordinates":[-93.266,45.459]},"properties":{"key":"62062-85746e38","layer":"power","name":"Athens MN CONX","state":"MN","detail_file":"data/details/power-plants-47.json","plant_id":"62062","capacity_mw":6.6,"status_group":"Operating","energy_sources":"SUN","type":"Power plant","is_nuclear":false}},{"type":"Feature","geometry":{"type":"Point","coordinates":[-94.77,45.141]},"properties":{"key":"60521-009086ea","layer":"power","name":"Atwater Solar","state":"MN","detail_file":"data/details/power-plants-17.json","plant_id":"60521","capacity_mw":4.0,"status_group":"Operating","energy_sources":"SUN","type":"Power plant","is_nuclear":false}},{"type":"Feature","geometry":{"type":"Point","coordinates":[-93.643,45.069]},"properties":{"key":"61453-bc1523ca","layer":"power","name":"B.R. Corcoran CSG","state":"MN","detail_file":"data/details/power-plants-38.json","plant_id":"61453","capacity_mw":5.0,"status_group":"Operating","energy_sources":"SUN","type":"Power plant","is_nuclear":false}},{"type":"Feature","geometry":{"type":"Point","coordinates":[-94.225,45.665]},"properties":{"key":"61454-7b5700d7","layer":"power","name":"B.R. Sartell CSG","state":"MN","detail_file":"data/details/power-plants-31.json","plant_id":"61454","capacity_mw":3.0,"status_group":"Operating","energy_sources":"SUN","type":"Power plant","is_nuclear":false}},{"type":"Feature","geometry":{"type":"Point","coordinates":[-94.078,45.624]},"properties":{"key":"61455-754b02c0","layer":"power","name":"B.R. Sauk Rapids CSG","state":"MN","detail_file":"data/details/power-plants-38.json","plant_id":"61455","capacity_mw":5.0,"status_group":"Operating","energy_sources":"SUN","type":"Power plant","is_nuclear":false}},{"type":"Feature","geometry":{"type":"Point","coordinates":[-94.074,44.945]},"properties":{"key":"62138-aa3aaa55","layer":"power","name":"Barone CSG","state":"MN","detail_file":"data/details/power-plants-61.json","plant_id":"62138","capacity_mw":1.0,"status_group":"Operating","energy_sources":"SUN","type":"Power plant","is_nuclear":false}},{"type":"Feature","geometry":{"type":"Point","coordinates":[-94.232,45.273]},"properties":{"key":"64029-ea61bcc1","layer":"power","name":"Bauer Solar CSG","state":"MN","detail_file":"data/details/power-plants-15.json","plant_id":"64029","capacity_mw":0.9,"status_group":"Operating","energy_sources":"SUN","type":"Power plant","is_nuclear":false}},{"type":"Feature","geometry":{"type":"Point","coordinates":[-92.584,44.13]},"properties":{"key":"65514-36d8a2f2","layer":"power","name":"Bear Grove Solar","state":"MN","detail_file":"data/details/power-plants-35.json","plant_id":"65514","capacity_mw":1.0,"status_group":"Operating","energy_sources":"SUN","type":"Power plant","is_nuclear":false}},{"type":"Feature","geometry":{"type":"Point","coordinates":[-93.684,45.175]},"properties":{"key":"62084-410f1b3a","layer":"power","name":"Becker Solar 2 CSG","state":"MN","detail_file":"data/details/power-plants-04.json","plant_id":"62084","capacity_mw":1.0,"status_group":"Operating","energy_sources":"SUN","type":"Power plant","is_nuclear":false}},{"type":"Feature","geometry":{"type":"Point","coordinates":[-93.684,45.175]},"properties":{"key":"62085-81b0acf5","layer":"power","name":"Becker Solar 3 CSG","state":"MN","detail_file":"data/details/power-plants-27.json","plant_id":"62085","capacity_mw":1.0,"status_group":"Operating","energy_sources":"SUN","type":"Power plant","is_nuclear":false}},{"type":"Feature","geometry":{"type":"Point","coordinates":[-93.68,45.176]},"properties":{"key":"62086-dec0f2c2","layer":"power","name":"Becker Solar 4 CSG","state":"MN","detail_file":"data/details/power-plants-57.json","plant_id":"62086","capacity_mw":1.0,"status_group":"Operating","energy_sources":"SUN","type":"Power plant","is_nuclear":false}},{"type":"Feature","geometry":{"type":"Point","coordinates":[-93.679,45.176]},"properties":{"key":"62087-333b0f5c","layer":"power","name":"Becker Solar 5 CSG","state":"MN","detail_file":"data/details/power-plants-19.json","plant_id":"62087","capacity_mw":1.0,"status_group":"Operating","energy_sources":"SUN","type":"Power plant","is_nuclear":false}},{"type":"Feature","geometry":{"type":"Point","coordinates":[-93.684,45.176]},"properties":{"key":"62040-8c0c6c9e","layer":"power","name":"Becker Solar CSG","state":"MN","detail_file":"data/details/power-plants-09.json","plant_id":"62040","capacity_mw":1.0,"status_group":"Operating","energy_sources":"SUN","type":"Power plant","is_nuclear":false}},{"type":"Feature","geometry":{"type":"Point","coordinates":[-95.127,45.507]},"properties":{"key":"63318-62860c08","layer":"power","name":"Bellflower Solar, LLC","state":"MN","detail_file":"data/details/power-plants-29.json","plant_id":"63318","capacity_mw":1.0,"status_group":"Operating","energy_sources":"SUN","type":"Power plant","is_nuclear":false}},{"type":"Feature","geometry":{"type":"Point","coordinates":[-95.603,45.314]},"properties":{"key":"1964-4a2c6582","layer":"power","name":"Benson City of","state":"MN","detail_file":"data/details/power-plants-49.json","plant_id":"1964","capacity_mw":9.0,"status_group":"Operating","energy_sources":"DFO","type":"Power plant","is_nuclear":false}},{"type":"Feature","geometry":{"type":"Point","coordinates":[-93.858,44.766]},"properties":{"key":"60695-f3c95bc8","layer":"power","name":"BentonSun LLC","state":"MN","detail_file":"data/details/power-plants-19.json","plant_id":"60695","capacity_mw":5.0,"status_group":"Operating","energy_sources":"SUN","type":"Power plant","is_nuclear":false}},{"type":"Feature","geometry":{"type":"Point","coordinates":[-92.595,44.392]},"properties":{"key":"63819-c3e24b3e","layer":"power","name":"Betcher CSG 1, LLC","state":"MN","detail_file":"data/details/power-plants-62.json","plant_id":"63819","capacity_mw":1.0,"status_group":"Operating","energy_sources":"SUN","type":"Power plant","is_nuclear":false}},{"type":"Feature","geometry":{"type":"Point","coordinates":[-92.596,44.392]},"properties":{"key":"61671-82e224a6","layer":"power","name":"Betcher Community Solar Garden","state":"MN","detail_file":"data/details/power-plants-18.json","plant_id":"61671","capacity_mw":1.0,"status_group":"Operating","energy_sources":"SUN","type":"Power plant","is_nuclear":false}},{"type":"Feature","geometry":{"type":"Point","coordinates":[-93.776,45.335]},"properties":{"key":"60836-0ea15282","layer":"power","name":"Big Lake Holdco Solar CSG","state":"MN","detail_file":"data/details/power-plants-29.json","plant_id":"60836","capacity_mw":5.0,"status_group":"Operating","energy_sources":"SUN","type":"Power plant","is_nuclear":false}},{"type":"Feature","geometry":{"type":"Point","coordinates":[-93.792,45.334]},"properties":{"key":"61817-68949bde","layer":"power","name":"Big Lake Project CSG","state":"MN","detail_file":"data/details/power-plants-13.json","plant_id":"61817","capacity_mw":5.0,"status_group":"Operating","energy_sources":"SUN","type":"Power plant","is_nuclear":false}},{"type":"Feature","geometry":{"type":"Point","coordinates":[-93.25,44.811]},"properties":{"key":"1904-9ff8affd","layer":"power","name":"Black Dog","state":"MN","detail_file":"data/details/power-plants-09.json","plant_id":"1904","capacity_mw":562.8,"status_group":"Operating","energy_sources":"NG","type":"Power plant","is_nuclear":false}},{"type":"Feature","geometry":{"type":"Point","coordinates":[-95.013,45.661]},"properties":{"key":"58692-ab94c218","layer":"power","name":"Black Oak Wind Farm","state":"MN","detail_file":"data/details/power-plants-45.json","plant_id":"58692","capacity_mw":78.0,"status_group":"Operating","energy_sources":"WND","type":"Power plant","is_nuclear":false}},{"type":"Feature","geometry":{"type":"Point","coordinates":[-94.359,45.861]},"properties":{"key":"1892-48d44629","layer":"power","name":"Blanchard","state":"MN","detail_file":"data/details/power-plants-40.json","plant_id":"1892","capacity_mw":18.0,"status_group":"Operating","energy_sources":"WAT","type":"Power plant","is_nuclear":false}},{"type":"Feature","geometry":{"type":"Point","coordinates":[-93.431,44.785]},"properties":{"key":"8027-0cb62458","layer":"power","name":"Blue Lake","state":"MN","detail_file":"data/details/power-plants-61.json","plant_id":"8027","capacity_mw":362.0,"status_group":"Operating","energy_sources":"NG","type":"Power plant","is_nuclear":false}},{"type":"Feature","geometry":{"type":"Point","coordinates":[-93.427,44.787]},"properties":{"key":"70098-06b9bd33","layer":"power","name":"Blue Lake BESS","state":"MN","detail_file":"data/details/power-plants-32.json","plant_id":"70098","capacity_mw":135.5,"status_group":"Under construction","energy_sources":"MWH","type":"Power plant","is_nuclear":false}},{"type":"Feature","geometry":{"type":"Point","coordinates":[-93.43,44.796]},"properties":{"key":"60632-dd72051f","layer":"power","name":"Blue Lake Solar","state":"MN","detail_file":"data/details/power-plants-06.json","plant_id":"60632","capacity_mw":3.0,"status_group":"Operating","energy_sources":"SUN","type":"Power plant","is_nuclear":false}},{"type":"Feature","geometry":{"type":"Point","coordinates":[-94.141,46.391]},"properties":{"key":"66339-257c1109","layer":"power","name":"Brainerd Airport","state":"MN","detail_file":"data/details/power-plants-05.json","plant_id":"66339","capacity_mw":5.8,"status_group":"Operating","energy_sources":"SUN","type":"Power plant","is_nuclear":false}},{"type":"Feature","geometry":{"type":"Point","coordinates":[-94.182,46.376]},"properties":{"key":"50636-c1cfb1d8","layer":"power","name":"Brainerd Public Utilities","state":"MN","detail_file":"data/details/power-plants-37.json","plant_id":"50636","capacity_mw":2.9,"status_group":"Operating","energy_sources":"WAT","type":"Power plant","is_nuclear":false}},{"type":"Feature","geometry":{"type":"Point","coordinates":[-94.23,46.338]},"properties":{"key":"70241-d10f6a6e","layer":"power","name":"Brainerd Waste Water Plant","state":"MN","detail_file":"data/details/power-plants-03.json","plant_id":"70241","capacity_mw":1.4,"status_group":"Operating","energy_sources":"SUN","type":"Power plant","is_nuclear":false}},{"type":"Feature","geometry":{"type":"Point","coordinates":[-92.729,44.292]},"properties":{"key":"63682-0ba07ad3","layer":"power","name":"Brenda Luhman - CSG","state":"MN","detail_file":"data/details/power-plants-13.json","plant_id":"63682","capacity_mw":1.0,"status_group":"Operating","energy_sources":"SUN","type":"Power plant","is_nuclear":false}},{"type":"Feature","geometry":{"type":"Point","coordinates":[-95.162,45.499]},"properties":{"key":"63593-b964556a","layer":"power","name":"Brooten CSG1, LLC","state":"MN","detail_file":"data/details/power-plants-23.json","plant_id":"63593","capacity_mw":1.0,"status_group":"Operating","energy_sources":"SUN","type":"Power plant","is_nuclear":false}},{"type":"Feature","geometry":{"type":"Point","coordinates":[-93.497,44.0]},"properties":{"key":"63396-554dd526","layer":"power","name":"Buffalo Garden","state":"MN","detail_file":"data/details/power-plants-00.json","plant_id":"63396","capacity_mw":1.0,"status_group":"Operating","energy_sources":"SUN","type":"Power plant","is_nuclear":false}},{"type":"Feature","geometry":{"type":"Point","coordinates":[-94.623,44.733]},"properties":{"key":"63594-0bb6e015","layer":"power","name":"Buffalo Lake CSG1, LLC","state":"MN","detail_file":"data/details/power-plants-60.json","plant_id":"63594","capacity_mw":1.0,"status_group":"Operating","energy_sources":"SUN","type":"Power plant","is_nuclear":false}},{"type":"Feature","geometry":{"type":"Point","coordinates":[-92.939,44.512]},"properties":{"key":"50328-7b1bce41","layer":"power","name":"Byllesby","state":"MN","detail_file":"data/details/power-plants-16.json","plant_id":"50328","capacity_mw":4.4,"status_group":"Operating","energy_sources":"WAT","type":"Power plant","is_nuclear":false}},{"type":"Feature","geometry":{"type":"Point","coordinates":[-93.96,44.24]},"properties":{"key":"61141-ef37e95e","layer":"power","name":"CF Novel Solar CSG Gardens Eleven, LLC","state":"MN","detail_file":"data/details/power-plants-57.json","plant_id":"61141","capacity_mw":3.0,"status_group":"Operating","energy_sources":"SUN","type":"Power plant","is_nuclear":false}},{"type":"Feature","geometry":{"type":"Point","coordinates":[-93.402,44.094]},"properties":{"key":"61543-226ae500","layer":"power","name":"CF Novel Solar CSG Gardens Five, LLC","state":"MN","detail_file":"data/details/power-plants-26.json","plant_id":"61543","capacity_mw":3.4,"status_group":"Operating","energy_sources":"SUN","type":"Power plant","is_nuclear":false}},{"type":"Feature","geometry":{"type":"Point","coordinates":[-94.022,45.431]},"properties":{"key":"61548-6d110e85","layer":"power","name":"CF Novel Solar CSG Gardens Seven, LLC","state":"MN","detail_file":"data/details/power-plants-48.json","plant_id":"61548","capacity_mw":3.3,"status_group":"Operating","energy_sources":"SUN","type":"Power plant","is_nuclear":false}},{"type":"Feature","geometry":{"type":"Point","coordinates":[-92.875,44.848]},"properties":{"key":"61545-db049244","layer":"power","name":"CGSun, LLC Community Solar","state":"MN","detail_file":"data/details/power-plants-28.json","plant_id":"61545","capacity_mw":4.0,"status_group":"Operating","energy_sources":"SUN","type":"Power plant","is_nuclear":false}},{"type":"Feature","geometry":{"type":"Point","coordinates":[-93.937,45.662]},"properties":{"key":"61180-29dc28f5","layer":"power","name":"Caelum Community Solar","state":"MN","detail_file":"data/details/power-plants-12.json","plant_id":"61180","capacity_mw":2.0,"status_group":"Operating","energy_sources":"SUN","type":"Power plant","is_nuclear":false}},{"type":"Feature","geometry":{"type":"Point","coordinates":[-93.208,45.601]},"properties":{"key":"2038-4a88925b","layer":"power","name":"Cambridge CT Hybrid","state":"MN","detail_file":"data/details/power-plants-18.json","plant_id":"2038","capacity_mw":194.3,"status_group":"Operating","energy_sources":"DFO; NG","type":"Power plant","is_nuclear":false}},{"type":"Feature","geometry":{"type":"Point","coordinates":[-93.208,45.601]},"properties":{"key":"2038-6872dfe0","layer":"power","name":"Cambridge CT Hybrid","state":"MN","detail_file":"data/details/power-plants-27.json","plant_id":"2038","capacity_mw":1.5,"status_group":"Under construction","energy_sources":"MWH","type":"Power plant","is_nuclear":false}},{"type":"Feature","geometry":{"type":"Point","coordinates":[-95.353,45.643]},"properties":{"key":"64001-a3d9fed9","layer":"power","name":"Camellia Solar, LLC","state":"MN","detail_file":"data/details/power-plants-41.json","plant_id":"64001","capacity_mw":1.0,"status_group":"Operating","energy_sources":"SUN","type":"Power plant","is_nuclear":false}},{"type":"Feature","geometry":{"type":"Point","coordinates":[-94.34,46.091]},"properties":{"key":"64072-ee9ee1c0","layer":"power","name":"Camp Ripley Solar","state":"MN","detail_file":"data/details/power-plants-37.json","plant_id":"64072","capacity_mw":10.9,"status_group":"Operating","energy_sources":"SUN","type":"Power plant","is_nuclear":false}},{"type":"Feature","geometry":{"type":"Point","coordinates":[-92.916,44.537]},"properties":{"key":"56241-7d5b7179","layer":"power","name":"Cannon Falls Energy Center","state":"MN","detail_file":"data/details/power-plants-08.json","plant_id":"56241","capacity_mw":346.8,"status_group":"Operating","energy_sources":"NG","type":"Power plant","is_nuclear":false}},{"type":"Feature","geometry":{"type":"Point","coordinates":[-93.269,44.244]},"properties":{"key":"63252-d4466a0a","layer":"power","name":"Cannon Garden Solar","state":"MN","detail_file":"data/details/power-plants-51.json","plant_id":"63252","capacity_mw":1.0,"status_group":"Operating","energy_sources":"SUN","type":"Power plant","is_nuclear":false}},{"type":"Feature","geometry":{"type":"Point","coordinates":[-94.823,45.428]},"properties":{"key":"61707-3efe1cdf","layer":"power","name":"Canopus Community Solar","state":"MN","detail_file":"data/details/power-plants-22.json","plant_id":"61707","capacity_mw":1.0,"status_group":"Operating","energy_sources":"SUN","type":"Power plant","is_nuclear":false}},{"type":"Feature","geometry":{"type":"Point","coordinates":[-94.717,45.399]},"properties":{"key":"61651-d2fae45e","layer":"power","name":"Capricornus Community Solar Garden","state":"MN","detail_file":"data/details/power-plants-17.json","plant_id":"61651","capacity_mw":1.0,"status_group":"Operating","energy_sources":"SUN","type":"Power plant","is_nuclear":false}},{"type":"Feature","geometry":{"type":"Point","coordinates":[-92.241,44.165]},"properties":{"key":"61179-0d1ffe87","layer":"power","name":"Carina Community Solar","state":"MN","detail_file":"data/details/power-plants-31.json","plant_id":"61179","capacity_mw":4.0,"status_group":"Operating","energy_sources":"SUN","type":"Power plant","is_nuclear":false}},{"type":"Feature","geometry":{"type":"Point","coordinates":[-93.156,44.462]},"properties":{"key":"57296-0ce626eb","layer":"power","name":"Carleton College","state":"MN","detail_file":"data/details/power-plants-18.json","plant_id":"57296","capacity_mw":7.8,"status_group":"Operating","energy_sources":"DFO; WND","type":"Power plant","is_nuclear":false}},{"type":"Feature","geometry":{"type":"Point","coordinates":[-92.815,45.483]},"properties":{"key":"63683-0c3792c0","layer":"power","name":"Carlson Community (CSG)","state":"MN","detail_file":"data/details/power-plants-39.json","plant_id":"63683","capacity_mw":1.0,"status_group":"Operating","energy_sources":"SUN","type":"Power plant","is_nuclear":false}},{"type":"Feature","geometry":{"type":"Point","coordinates":[-93.872,44.807]},"properties":{"key":"61495-c4406a69","layer":"power","name":"Carver Gladden CSG","state":"MN","detail_file":"data/details/power-plants-06.json","plant_id":"61495","capacity_mw":3.0,"status_group":"Operating","energy_sources":"SUN","type":"Power plant","is_nuclear":false}},{"type":"Feature","geometry":{"type":"Point","coordinates":[-92.491,44.032]},"properties":{"key":"6058-f352b4a4","layer":"power","name":"Cascade Creek","state":"MN","detail_file":"data/details/power-plants-36.json","plant_id":"6058","capacity_mw":84.9,"status_group":"Operating","energy_sources":"NG","type":"Power plant","is_nuclear":false}},{"type":"Feature","geometry":{"type":"Point","coordinates":[-95.329,45.647]},"properties":{"key":"61711-9d92d656","layer":"power","name":"Cassiopeia Community Solar","state":"MN","detail_file":"data/details/power-plants-20.json","plant_id":"61711","capacity_mw":1.0,"status_group":"Operating","energy_sources":"SUN","type":"Power plant","is_nuclear":false}},{"type":"Feature","geometry":{"type":"Point","coordinates":[-95.511,44.949]},"properties":{"key":"60939-02c57b90","layer":"power","name":"Centaurus Community Solar","state":"MN","detail_file":"data/details/power-plants-59.json","plant_id":"60939","capacity_mw":2.0,"status_group":"Operating","energy_sources":"SUN","type":"Power plant","is_nuclear":false}},{"type":"Feature","geometry":{"type":"Point","coordinates":[-92.683,45.413]},"properties":{"key":"60711-f0dfe86c","layer":"power","name":"Chisago Community Solar","state":"MN","detail_file":"data/details/power-plants-48.json","plant_id":"60711","capacity_mw":4.0,"status_group":"Operating","energy_sources":"SUN","type":"Power plant","is_nuclear":false}},{"type":"Feature","geometry":{"type":"Point","coordinates":[-92.801,45.387]},"properties":{"key":"61968-fa6fb4ba","layer":"power","name":"Chisago Holdco LLC, CSG","state":"MN","detail_file":"data/details/power-plants-54.json","plant_id":"61968","capacity_mw":3.0,"status_group":"Operating","energy_sources":"SUN","type":"Power plant","is_nuclear":false}},{"type":"Feature","geometry":{"type":"Point","coordinates":[-92.902,45.452]},"properties":{"key":"60522-e208ae2a","layer":"power","name":"Chisago Solar","state":"MN","detail_file":"data/details/power-plants-58.json","plant_id":"60522","capacity_mw":6.5,"status_group":"Operating","energy_sources":"SUN","type":"Power plant","is_nuclear":false}},{"type":"Feature","geometry":{"type":"Point","coordinates":[-93.213,44.486]},"properties":{"key":"63430-2074d895","layer":"power","name":"Chub Garden Solar","state":"MN","detail_file":"data/details/power-plants-03.json","plant_id":"63430","capacity_mw":1.0,"status_group":"Operating","energy_sources":"SUN","type":"Power plant","is_nuclear":false}},{"type":"Feature","geometry":{"type":"Point","coordinates":[-95.35,44.947]},"properties":{"key":"63403-493207ba","layer":"power","name":"Clara City Solar","state":"MN","detail_file":"data/details/power-plants-22.json","plant_id":"63403","capacity_mw":1.0,"status_group":"Operating","energy_sources":"SUN","type":"Power plant","is_nuclear":false}},{"type":"Feature","geometry":{"type":"Point","coordinates":[-93.653,47.261]},"properties":{"key":"1893-2579a860","layer":"power","name":"Clay Boswell","state":"MN","detail_file":"data/details/power-plants-45.json","plant_id":"1893","capacity_mw":923.3,"status_group":"Operating","energy_sources":"DFO; SUB","type":"Power plant","is_nuclear":false}},{"type":"Feature","geometry":{"type":"Point","coordinates":[-93.495,44.035]},"properties":{"key":"63481-e99d265b","layer":"power","name":"Clear Garden CSG","state":"MN","detail_file":"data/details/power-plants-51.json","plant_id":"63481","capacity_mw":1.0,"status_group":"Operating","energy_sources":"SUN","type":"Power plant","is_nuclear":false}},{"type":"Feature","geometry":{"type":"Point","coordinates":[-94.216,45.087]},"properties":{"key":"64506-744bc50b","layer":"power","name":"Cokato CSG","state":"MN","detail_file":"data/details/power-plants-10.json","plant_id":"64506","capacity_mw":4.0,"status_group":"Operating","energy_sources":"SUN","type":"Power plant","is_nuclear":false}},{"type":"Feature","geometry":{"type":"Point","coordinates":[-93.389,45.417]},"properties":{"key":"64818-2cd319f6","layer":"power","name":"Connexus Solar Stanford 1STF","state":"MN","detail_file":"data/details/power-plants-61.json","plant_id":"64818","capacity_mw":7.3,"status_group":"Operating","energy_sources":"SUN","type":"Power plant","is_nuclear":false}},{"type":"Feature","geometry":{"type":"Point","coordinates":[-92.891,45.471]},"properties":{"key":"63313-41b509b7","layer":"power","name":"Coral Bells Solar, LLC","state":"MN","detail_file":"data/details/power-plants-57.json","plant_id":"63313","capacity_mw":1.0,"status_group":"Operating","energy_sources":"SUN","type":"Power plant","is_nuclear":false}},{"type":"Feature","geometry":{"type":"Point","coordinates":[-93.645,45.096]},"properties":{"key":"61971-1ebf92a1","layer":"power","name":"Corcoran CSG","state":"MN","detail_file":"data/details/power-plants-63.json","plant_id":"61971","capacity_mw":5.0,"status_group":"Operating","energy_sources":"SUN","type":"Power plant","is_nuclear":false}},{"type":"Feature","geometry":{"type":"Point","coordinates":[-92.896,45.46]},"properties":{"key":"61977-ce8d556d","layer":"power","name":"Cornillie","state":"MN","detail_file":"data/details/power-plants-38.json","plant_id":"61977","capacity_mw":1.0,"status_group":"Operating","energy_sources":"SUN","type":"Power plant","is_nuclear":false}},{"type":"Feature","geometry":{"type":"Point","coordinates":[-92.895,45.459]},"properties":{"key":"63899-f7aed66f","layer":"power","name":"Cornillie 2 Community (CSG)","state":"MN","detail_file":"data/details/power-plants-48.json","plant_id":"63899","capacity_mw":1.4,"status_group":"Operating","energy_sources":"SUN","type":"Power plant","is_nuclear":false}},{"type":"Feature","geometry":{"type":"Point","coordinates":[-92.898,45.459]},"properties":{"key":"64992-7cbac5fe","layer":"power","name":"Cornillie Solar CSG","state":"MN","detail_file":"data/details/power-plants-32.json","plant_id":"64992","capacity_mw":1.0,"status_group":"Operating","energy_sources":"SUN","type":"Power plant","is_nuclear":false}},{"type":"Feature","geometry":{"type":"Point","coordinates":[-93.944,44.191]},"properties":{"key":"61177-87b8c3c9","layer":"power","name":"Corvus Community Solar","state":"MN","detail_file":"data/details/power-plants-56.json","plant_id":"61177","capacity_mw":5.0,"status_group":"Operating","energy_sources":"SUN","type":"Power plant","is_nuclear":false}},{"type":"Feature","geometry":{"type":"Point","coordinates":[-92.874,44.842]},"properties":{"key":"61483-2a4536fe","layer":"power","name":"Cottage Grove CSG, LLC","state":"MN","detail_file":"data/details/power-plants-25.json","plant_id":"61483","capacity_mw":5.0,"status_group":"Operating","energy_sources":"SUN","type":"Power plant","is_nuclear":false}},{"type":"Feature","geometry":{"type":"Point","coordinates":[-92.873,44.791]},"properties":{"key":"61983-82891026","layer":"power","name":"Cottage Grove Project CSG","state":"MN","detail_file":"data/details/power-plants-15.json","plant_id":"61983","capacity_mw":4.9,"status_group":"Operating","energy_sources":"SUN","type":"Power plant","is_nuclear":false}},{"type":"Feature","geometry":{"type":"Point","coordinates":[-94.293,44.256]},"properties":{"key":"66029-a1fc1145","layer":"power","name":"Courtland CSG LLC","state":"MN","detail_file":"data/details/power-plants-09.json","plant_id":"66029","capacity_mw":1.0,"status_group":"Operating","energy_sources":"SUN","type":"Power plant","is_nuclear":false}},{"type":"Feature","geometry":{"type":"Point","coordinates":[-93.28,44.983]},"properties":{"key":"10013-63341d84","layer":"power","name":"Covanta Hennepin Energy","state":"MN","detail_file":"data/details/power-plants-35.json","plant_id":"10013","capacity_mw":39.5,"status_group":"Operating","energy_sources":"MSW","type":"Power plant","is_nuclear":false}},{"type":"Feature","geometry":{"type":"Point","coordinates":[-94.033,44.909]},"properties":{"key":"66573-d6e0a857","layer":"power","name":"Crane Garden","state":"MN","detail_file":"data/details/power-plants-36.json","plant_id":"66573","capacity_mw":0.9,"status_group":"Operating","energy_sources":"SUN","type":"Power plant","is_nuclear":false}},{"type":"Feature","geometry":{"type":"Point","coordinates":[-95.508,44.799]},"properties":{"key":"61328-eaba63cf","layer":"power","name":"Crater Community Solar","state":"MN","detail_file":"data/details/power-plants-54.json","plant_id":"61328","capacity_mw":3.0,"status_group":"Operating","energy_sources":"SUN","type":"Power plant","is_nuclear":false}},{"type":"Feature","geometry":{"type":"Point","coordinates":[-92.693,44.04]},"properties":{"key":"61712-3c52d06d","layer":"power","name":"Crux Community Solar","state":"MN","detail_file":"data/details/power-plants-60.json","plant_id":"61712","capacity_mw":1.0,"status_group":"Operating","energy_sources":"SUN","type":"Power plant","is_nuclear":false}},{"type":"Feature","geometry":{"type":"Point","coordinates":[-93.969,45.405]},"properties":{"key":"69115-95257f53","layer":"power","name":"DIVOCSG 11  - Sherburne","state":"MN","detail_file":"data/details/power-plants-28.json","plant_id":"69115","capacity_mw":1.0,"status_group":"Operating","energy_sources":"SUN","type":"Power plant","is_nuclear":false}},{"type":"Feature","geometry":{"type":"Point","coordinates":[-92.027,44.364]},"properties":{"key":"68412-423f53c9","layer":"power","name":"DIVOCSG 13","state":"MN","detail_file":"data/details/power-plants-23.json","plant_id":"68412","capacity_mw":1.0,"status_group":"Operating","energy_sources":"SUN","type":"Power plant","is_nuclear":false}},{"type":"Feature","geometry":{"type":"Point","coordinates":[-94.183,45.086]},"properties":{"key":"68330-031e00f0","layer":"power","name":"DIVOCSG 2 LLC","state":"MN","detail_file":"data/details/power-plants-26.json","plant_id":"68330","capacity_mw":1.0,"status_group":"Operating","energy_sources":"SUN","type":"Power plant","is_nuclear":false}},{"type":"Feature","geometry":{"type":"Point","coordinates":[-95.206,44.805]},"properties":{"key":"67588-90af3860","layer":"power","name":"DSI Don Solar","state":"MN","detail_file":"data/details/power-plants-24.json","plant_id":"67588","capacity_mw":1.0,"status_group":"Operating","energy_sources":"SUN","type":"Power plant","is_nuclear":false}},{"type":"Feature","geometry":{"type":"Point","coordinates":[-94.396,45.467]},"properties":{"key":"67958-85f9bdbd","layer":"power","name":"DSI Julie Solar","state":"MN","detail_file":"data/details/power-plants-48.json","plant_id":"67958","capacity_mw":1.0,"status_group":"Operating","energy_sources":"SUN","type":"Power plant","is_nuclear":false}},{"type":"Feature","geometry":{"type":"Point","coordinates":[-93.109,44.658]},"properties":{"key":"63116-0dd08d8a","layer":"power","name":"Dakota Community Solar One LLC CSG","state":"MN","detail_file":"data/details/power-plants-59.json","plant_id":"63116","capacity_mw":1.0,"status_group":"Operating","energy_sources":"SUN","type":"Power plant","is_nuclear":false}},{"type":"Feature","geometry":{"type":"Point","coordinates":[-94.752,45.072]},"properties":{"key":"57396-9fa0d4d9","layer":"power","name":"Danielson Wind Farms LLC","state":"MN","detail_file":"data/details/power-plants-49.json","plant_id":"57396","capacity_mw":20.0,"status_group":"Operating","energy_sources":"WND","type":"Power plant","is_nuclear":false}},{"type":"Feature","geometry":{"type":"Point","coordinates":[-93.791,45.041]},"properties":{"key":"1969-cd608a64","layer":"power","name":"Delano","state":"MN","detail_file":"data/details/power-plants-50.json","plant_id":"1969","capacity_mw":27.0,"status_group":"Operating","energy_sources":"DFO","type":"Power plant","is_nuclear":false}},{"type":"Feature","geometry":{"type":"Point","coordinates":[-94.089,45.619]},"properties":{"key":"61329-810e8365","layer":"power","name":"Delphinus Community Solar","state":"MN","detail_file":"data/details/power-plants-62.json","plant_id":"61329","capacity_mw":2.0,"status_group":"Operating","energy_sources":"SUN","type":"Power plant","is_nuclear":false}},{"type":"Feature","geometry":{"type":"Point","coordinates":[-94.831,45.404]},"properties":{"key":"61715-ee8954a0","layer":"power","name":"Deneb Community Solar","state":"MN","detail_file":"data/details/power-plants-12.json","plant_id":"61715","capacity_mw":1.0,"status_group":"Operating","energy_sources":"SUN","type":"Power plant","is_nuclear":false}},{"type":"Feature","geometry":{"type":"Point","coordinates":[-95.843,46.818]},"properties":{"key":"1970-36f03421","layer":"power","name":"Detroit Lakes","state":"MN","detail_file":"data/details/power-plants-50.json","plant_id":"1970","capacity_mw":12.5,"status_group":"Operating","energy_sources":"DFO","type":"Power plant","is_nuclear":false}},{"type":"Feature","geometry":{"type":"Point","coordinates":[-93.814,45.114]},"properties":{"key":"60652-b0ef62b6","layer":"power","name":"Dickinson Solar Array","state":"MN","detail_file":"data/details/power-plants-04.json","plant_id":"60652","capacity_mw":2.3,"status_group":"Operating","energy_sources":"SUN","type":"Power plant","is_nuclear":false}},{"type":"Feature","geometry":{"type":"Point","coordinates":[-92.882,44.026]},"properties":{"key":"60523-ae7a4e5b","layer":"power","name":"Dodge Center Solar","state":"MN","detail_file":"data/details/power-plants-22.json","plant_id":"60523","capacity_mw":6.5,"status_group":"Operating","energy_sources":"SUN","type":"Power plant","is_nuclear":false}},{"type":"Feature","geometry":{"type":"Point","coordinates":[-92.95,44.006]},"properties":{"key":"62437-b842efdd","layer":"power","name":"Dodge County Wind","state":"MN","detail_file":"data/details/power-plants-01.json","plant_id":"62437","capacity_mw":228.0,"status_group":"Under construction","energy_sources":"WND","type":"Power plant","is_nuclear":false}},{"type":"Feature","geometry":{"type":"Point","coordinates":[-92.757,44.022]},"properties":{"key":"60833-a2b217d7","layer":"power","name":"Dodge Holdco Solar CSG","state":"MN","detail_file":"data/details/power-plants-04.json","plant_id":"60833","capacity_mw":5.0,"status_group":"Operating","energy_sources":"SUN","type":"Power plant","is_nuclear":false}},{"type":"Feature","geometry":{"type":"Point","coordinates":[-92.866,44.019]},"properties":{"key":"65515-4a57e719","layer":"power","name":"Dodge Renewables 1","state":"MN","detail_file":"data/details/power-plants-04.json","plant_id":"65515","capacity_mw":1.0,"status_group":"Operating","energy_sources":"SUN","type":"Power plant","is_nuclear":false}},{"type":"Feature","geometry":{"type":"Point","coordinates":[-92.87,44.02]},"properties":{"key":"65516-8ad358f8","layer":"power","name":"Dodge Renewables 2","state":"MN","detail_file":"data/details/power-plants-12.json","plant_id":"65516","capacity_mw":1.0,"status_group":"Operating","energy_sources":"SUN","type":"Power plant","is_nuclear":false}},{"type":"Feature","geometry":{"type":"Point","coordinates":[-92.69,44.04]},"properties":{"key":"61379-e4007584","layer":"power","name":"DodgeSun CSG","state":"MN","detail_file":"data/details/power-plants-61.json","plant_id":"61379","capacity_mw":5.0,"status_group":"Operating","energy_sources":"SUN","type":"Power plant","is_nuclear":false}},{"type":"Feature","geometry":{"type":"Point","coordinates":[-95.15,45.843]},"properties":{"key":"63117-31ab3229","layer":"power","name":"Douglas Todd Community Solar One LLC CSG","state":"MN","detail_file":"data/details/power-plants-09.json","plant_id":"63117","capacity_mw":1.0,"status_group":"Operating","energy_sources":"SUN","type":"Power plant","is_nuclear":false}},{"type":"Feature","geometry":{"type":"Point","coordinates":[-93.197,44.44]},"properties":{"key":"61626-1e35b789","layer":"power","name":"Dundas Solar Holdings LLC CSG","state":"MN","detail_file":"data/details/power-plants-40.json","plant_id":"61626","capacity_mw":5.0,"status_group":"Operating","energy_sources":"SUN","type":"Power plant","is_nuclear":false}},{"type":"Feature","geometry":{"type":"Point","coordinates":[-94.091,45.464]},"properties":{"key":"63175-fa967fab","layer":"power","name":"E. Goenner Project CSG","state":"MN","detail_file":"data/details/power-plants-45.json","plant_id":"63175","capacity_mw":1.0,"status_group":"Operating","energy_sources":"SUN","type":"Power plant","is_nuclear":false}},{"type":"Feature","geometry":{"type":"Point","coordinates":[-93.917,44.155]},"properties":{"key":"60524-93313f94","layer":"power","name":"Eastwood Solar","state":"MN","detail_file":"data/details/power-plants-61.json","plant_id":"60524","capacity_mw":5.5,"status_group":"Operating","energy_sources":"SUN","type":"Power plant","is_nuclear":false}},{"type":"Feature","geometry":{"type":"Point","coordinates":[-92.773,45.383]},"properties":{"key":"60795-6ffb7d0e","layer":"power","name":"Eichtens Community Solar","state":"MN","detail_file":"data/details/power-plants-14.json","plant_id":"60795","capacity_mw":3.9,"status_group":"Operating","energy_sources":"SUN","type":"Power plant","is_nuclear":false}},{"type":"Feature","geometry":{"type":"Point","coordinates":[-92.783,45.397]},"properties":{"key":"62137-22329030","layer":"power","name":"Eichtens II CSG","state":"MN","detail_file":"data/details/power-plants-50.json","plant_id":"62137","capacity_mw":1.0,"status_group":"Operating","energy_sources":"SUN","type":"Power plant","is_nuclear":false}},{"type":"Feature","geometry":{"type":"Point","coordinates":[-93.558,45.297]},"properties":{"key":"2039-3b1c82f5","layer":"power","name":"Elk River","state":"MN","detail_file":"data/details/power-plants-09.json","plant_id":"2039","capacity_mw":191.3,"status_group":"Operating","energy_sources":"NG","type":"Power plant","is_nuclear":false}},{"type":"Feature","geometry":{"type":"Point","coordinates":[-93.109,44.664]},"properties":{"key":"60631-322f720e","layer":"power","name":"Empire Solar","state":"MN","detail_file":"data/details/power-plants-59.json","plant_id":"60631","capacity_mw":5.0,"status_group":"Operating","energy_sources":"SUN","type":"Power plant","is_nuclear":false}},{"type":"Feature","geometry":{"type":"Point","coordinates":[-93.708,44.142]},"properties":{"key":"63542-3a7fd624","layer":"power","name":"Enter Solar","state":"MN","detail_file":"data/details/power-plants-58.json","plant_id":"63542","capacity_mw":1.0,"status_group":"Operating","energy_sources":"SUN","type":"Power plant","is_nuclear":false}},{"type":"Feature","geometry":{"type":"Point","coordinates":[-93.267,44.122]},"properties":{"key":"69303-8871f1e1","layer":"power","name":"Enterprise MN - Buscho CSG","state":"MN","detail_file":"data/details/power-plants-43.json","plant_id":"69303","capacity_mw":1.0,"status_group":"Operating","energy_sources":"SUN","type":"Power plant","is_nuclear":false}},{"type":"Feature","geometry":{"type":"Point","coordinates":[-94.712,45.39]},"properties":{"key":"69304-8416b4f0","layer":"power","name":"Enterprise MN - Ferche CSG","state":"MN","detail_file":"data/details/power-plants-38.json","plant_id":"69304","capacity_mw":1.0,"status_group":"Operating","energy_sources":"SUN","type":"Power plant","is_nuclear":false}},{"type":"Feature","geometry":{"type":"Point","coordinates":[-94.227,45.645]},"properties":{"key":"69305-f81f5d63","layer":"power","name":"Enterprise MN - Fitzthum","state":"MN","detail_file":"data/details/power-plants-43.json","plant_id":"69305","capacity_mw":1.0,"status_group":"Under construction","energy_sources":"SUN","type":"Power plant","is_nuclear":false}},{"type":"Feature","geometry":{"type":"Point","coordinates":[-93.15,44.417]},"properties":{"key":"69307-1ea4ba66","layer":"power","name":"Enterprise MN - Hu's on First CSG","state":"MN","detail_file":"data/details/power-plants-10.json","plant_id":"69307","capacity_mw":1.0,"status_group":"Operating","energy_sources":"SUN","type":"Power plant","is_nuclear":false}},{"type":"Feature","geometry":{"type":"Point","coordinates":[-93.048,44.728]},"properties":{"key":"57880-af5bfad9","layer":"power","name":"Eolos Wind Energy Research Field Station","state":"MN","detail_file":"data/details/power-plants-03.json","plant_id":"57880","capacity_mw":2.5,"status_group":"Operating","energy_sources":"WND","type":"Power plant","is_nuclear":false}},{"type":"Feature","geometry":{"type":"Point","coordinates":[-93.023,44.726]},"properties":{"key":"61363-2f381147","layer":"power","name":"Equuleus Community Solar Gardens","state":"MN","detail_file":"data/details/power-plants-57.json","plant_id":"61363","capacity_mw":5.0,"status_group":"Operating","energy_sources":"SUN","type":"Power plant","is_nuclear":false}},{"type":"Feature","geometry":{"type":"Point","coordinates":[-94.01,44.675]},"properties":{"key":"63429-c05b2ccb","layer":"power","name":"Erin Garden Solar","state":"MN","detail_file":"data/details/power-plants-59.json","plant_id":"63429","capacity_mw":1.0,"status_group":"Operating","energy_sources":"SUN","type":"Power plant","is_nuclear":false}},{"type":"Feature","geometry":{"type":"Point","coordinates":[-93.553,44.09]},"properties":{"key":"65075-3a98ab0f","layer":"power","name":"Everson Garden","state":"MN","detail_file":"data/details/power-plants-46.json","plant_id":"65075","capacity_mw":1.0,"status_group":"Operating","energy_sources":"SUN","type":"Power plant","is_nuclear":false}},{"type":"Feature","geometry":{"type":"Point","coordinates":[-94.719,44.526]},"properties":{"key":"1972-3a9a2b67","layer":"power","name":"Fairfax","state":"MN","detail_file":"data/details/power-plants-60.json","plant_id":"1972","capacity_mw":2.0,"status_group":"Operating","energy_sources":"DFO","type":"Power plant","is_nuclear":false}},{"type":"Feature","geometry":{"type":"Point","coordinates":[-93.143,44.176]},"properties":{"key":"63394-2e5b138a","layer":"power","name":"Falls Creek Garden","state":"MN","detail_file":"data/details/power-plants-33.json","plant_id":"63394","capacity_mw":1.0,"status_group":"Operating","energy_sources":"SUN","type":"Power plant","is_nuclear":false}},{"type":"Feature","geometry":{"type":"Point","coordinates":[-93.291,44.336]},"properties":{"key":"56164-8b221541","layer":"power","name":"Faribault Energy Park","state":"MN","detail_file":"data/details/power-plants-23.json","plant_id":"56164","capacity_mw":334.5,"status_group":"Operating","energy_sources":"NG","type":"Power plant","is_nuclear":false}},{"type":"Feature","geometry":{"type":"Point","coordinates":[-93.134,44.623]},"properties":{"key":"60832-7975d692","layer":"power","name":"Farmington Holdco Solar","state":"MN","detail_file":"data/details/power-plants-14.json","plant_id":"60832","capacity_mw":5.0,"status_group":"Operating","energy_sources":"SUN","type":"Power plant","is_nuclear":false}},{"type":"Feature","geometry":{"type":"Point","coordinates":[-94.307,45.072]},"properties":{"key":"63046-c5f083a7","layer":"power","name":"FastSun 1 CSG","state":"MN","detail_file":"data/details/power-plants-09.json","plant_id":"63046","capacity_mw":1.0,"status_group":"Operating","energy_sources":"SUN","type":"Power plant","is_nuclear":false}},{"type":"Feature","geometry":{"type":"Point","coordinates":[-92.719,44.292]},"properties":{"key":"63038-abb210d0","layer":"power","name":"FastSun 10 CSG","state":"MN","detail_file":"data/details/power-plants-48.json","plant_id":"63038","capacity_mw":1.0,"status_group":"Operating","energy_sources":"SUN","type":"Power plant","is_nuclear":false}},{"type":"Feature","geometry":{"type":"Point","coordinates":[-92.736,44.301]},"properties":{"key":"63037-67bb8caf","layer":"power","name":"FastSun 11 CSG","state":"MN","detail_file":"data/details/power-plants-27.json","plant_id":"63037","capacity_mw":1.0,"status_group":"Operating","energy_sources":"SUN","type":"Power plant","is_nuclear":false}},{"type":"Feature","geometry":{"type":"Point","coordinates":[-95.148,45.842]},"properties":{"key":"63035-0d16cb2e","layer":"power","name":"FastSun 13 CSG","state":"MN","detail_file":"data/details/power-plants-23.json","plant_id":"63035","capacity_mw":1.0,"status_group":"Operating","energy_sources":"SUN","type":"Power plant","is_nuclear":false}},{"type":"Feature","geometry":{"type":"Point","coordinates":[-93.865,44.179]},"properties":{"key":"63036-32bf5c33","layer":"power","name":"FastSun 14 CSG","state":"MN","detail_file":"data/details/power-plants-53.json","plant_id":"63036","capacity_mw":1.0,"status_group":"Operating","energy_sources":"SUN","type":"Power plant","is_nuclear":false}},{"type":"Feature","geometry":{"type":"Point","coordinates":[-93.111,44.655]},"properties":{"key":"63033-203e823a","layer":"power","name":"FastSun 19 CSG","state":"MN","detail_file":"data/details/power-plants-28.json","plant_id":"63033","capacity_mw":1.0,"status_group":"Operating","energy_sources":"SUN","type":"Power plant","is_nuclear":false}},{"type":"Feature","geometry":{"type":"Point","coordinates":[-92.979,44.532]},"properties":{"key":"62696-f0859a5d","layer":"power","name":"FastSun 2 CSG","state":"MN","detail_file":"data/details/power-plants-00.json","plant_id":"62696","capacity_mw":1.0,"status_group":"Operating","energy_sources":"SUN","type":"Power plant","is_nuclear":false}},{"type":"Feature","geometry":{"type":"Point","coordinates":[-94.115,45.498]},"properties":{"key":"63577-09eda92c","layer":"power","name":"FastSun 21 CSG","state":"MN","detail_file":"data/details/power-plants-06.json","plant_id":"63577","capacity_mw":1.0,"status_group":"Operating","energy_sources":"SUN","type":"Power plant","is_nuclear":false}},{"type":"Feature","geometry":{"type":"Point","coordinates":[-94.486,45.618]},"properties":{"key":"63042-925e47d6","layer":"power","name":"FastSun 3 CSG","state":"MN","detail_file":"data/details/power-plants-60.json","plant_id":"63042","capacity_mw":1.0,"status_group":"Operating","energy_sources":"SUN","type":"Power plant","is_nuclear":false}},{"type":"Feature","geometry":{"type":"Point","coordinates":[-92.959,45.19]},"properties":{"key":"63576-31e09083","layer":"power","name":"FastSun 4 CSG","state":"MN","detail_file":"data/details/power-plants-28.json","plant_id":"63576","capacity_mw":1.0,"status_group":"Operating","energy_sources":"SUN","type":"Power plant","is_nuclear":false}},{"type":"Feature","geometry":{"type":"Point","coordinates":[-94.494,44.719]},"properties":{"key":"63043-9f16d43c","layer":"power","name":"FastSun 7 CSG","state":"MN","detail_file":"data/details/power-plants-28.json","plant_id":"63043","capacity_mw":1.0,"status_group":"Operating","energy_sources":"SUN","type":"Power plant","is_nuclear":false}},{"type":"Feature","geometry":{"type":"Point","coordinates":[-94.291,44.261]},"properties":{"key":"63039-8f028681","layer":"power","name":"FastSun 8 CSG","state":"MN","detail_file":"data/details/power-plants-35.json","plant_id":"63039","capacity_mw":1.0,"status_group":"Operating","energy_sources":"SUN","type":"Power plant","is_nuclear":false}},{"type":"Feature","geometry":{"type":"Point","coordinates":[-92.696,44.295]},"properties":{"key":"63040-20cfb1d4","layer":"power","name":"FastSun 9 CSG","state":"MN","detail_file":"data/details/power-plants-01.json","plant_id":"63040","capacity_mw":1.0,"status_group":"Operating","energy_sources":"SUN","type":"Power plant","is_nuclear":false}},{"type":"Feature","geometry":{"type":"Point","coordinates":[-93.457,44.22]},"properties":{"key":"63966-45c1b605","layer":"power","name":"FastSun12 CSG","state":"MN","detail_file":"data/details/power-plants-09.json","plant_id":"63966","capacity_mw":1.0,"status_group":"Operating","energy_sources":"SUN","type":"Power plant","is_nuclear":false}},{"type":"Feature","geometry":{"type":"Point","coordinates":[-92.974,44.542]},"properties":{"key":"62210-a219f6f0","layer":"power","name":"Felton CSG PV1-5","state":"MN","detail_file":"data/details/power-plants-43.json","plant_id":"62210","capacity_mw":5.0,"status_group":"Operating","energy_sources":"SUN","type":"Power plant","is_nuclear":false}},{"type":"Feature","geometry":{"type":"Point","coordinates":[-93.021,44.455]},"properties":{"key":"65405-b7e0bdf3","layer":"power","name":"Flint Hills Resources Pine Bend, LLC","state":"MN","detail_file":"data/details/power-plants-43.json","plant_id":"65405","capacity_mw":118.4,"status_group":"Operating","energy_sources":"NG; SUN","type":"Power plant","is_nuclear":false}},{"type":"Feature","geometry":{"type":"Point","coordinates":[-92.857,45.489]},"properties":{"key":"63650-c812d5bc","layer":"power","name":"Flodquist Community Solar LLC CSG","state":"MN","detail_file":"data/details/power-plants-55.json","plant_id":"63650","capacity_mw":1.0,"status_group":"Operating","energy_sources":"SUN","type":"Power plant","is_nuclear":false}},{"type":"Feature","geometry":{"type":"Point","coordinates":[-92.294,46.667]},"properties":{"key":"1894-f55caa38","layer":"power","name":"Fond Du Lac","state":"MN","detail_file":"data/details/power-plants-50.json","plant_id":"1894","capacity_mw":12.0,"status_group":"Operating","energy_sources":"WAT","type":"Power plant","is_nuclear":false}},{"type":"Feature","geometry":{"type":"Point","coordinates":[-92.637,44.553]},"properties":{"key":"61690-8fb10f98","layer":"power","name":"Foreman's Hill Community Solar","state":"MN","detail_file":"data/details/power-plants-42.json","plant_id":"61690","capacity_mw":5.0,"status_group":"Operating","energy_sources":"SUN","type":"Power plant","is_nuclear":false}},{"type":"Feature","geometry":{"type":"Point","coordinates":[-92.894,45.253]},"properties":{"key":"60837-c2dbbcf4","layer":"power","name":"Forest Lake Solar CSG","state":"MN","detail_file":"data/details/power-plants-57.json","plant_id":"60837","capacity_mw":5.0,"status_group":"Operating","energy_sources":"SUN","type":"Power plant","is_nuclear":false}},{"type":"Feature","geometry":{"type":"Point","coordinates":[-92.681,45.393]},"properties":{"key":"61484-a4a77a48","layer":"power","name":"Fox CSG, LLC","state":"MN","detail_file":"data/details/power-plants-03.json","plant_id":"61484","capacity_mw":5.0,"status_group":"Operating","energy_sources":"SUN","type":"Power plant","is_nuclear":false}},{"type":"Feature","geometry":{"type":"Point","coordinates":[-94.895,44.539]},"properties":{"key":"68800-1e30ab27","layer":"power","name":"Franklin CSG 1","state":"MN","detail_file":"data/details/power-plants-02.json","plant_id":"68800","capacity_mw":1.0,"status_group":"Operating","energy_sources":"SUN","type":"Power plant","is_nuclear":false}},{"type":"Feature","geometry":{"type":"Point","coordinates":[-92.466,44.021]},"properties":{"key":"54224-9909f693","layer":"power","name":"Franklin Heating Station","state":"MN","detail_file":"data/details/power-plants-56.json","plant_id":"54224","capacity_mw":34.0,"status_group":"Operating","energy_sources":"DFO; NG; PUR","type":"Power plant","is_nuclear":false}},{"type":"Feature","geometry":{"type":"Point","coordinates":[-92.466,44.021]},"properties":{"key":"54224-725f499b","layer":"power","name":"Franklin Heating Station","state":"MN","detail_file":"data/details/power-plants-50.json","plant_id":"54224","capacity_mw":27.6,"status_group":"Under construction","energy_sources":"DFO; NG","type":"Power plant","is_nuclear":false}},{"type":"Feature","geometry":{"type":"Point","coordinates":[-92.359,44.502]},"properties":{"key":"61919-8bcee500","layer":"power","name":"Frontenac Holdco LLC, CSG","state":"MN","detail_file":"data/details/power-plants-02.json","plant_id":"61919","capacity_mw":5.0,"status_group":"Operating","energy_sources":"SUN","type":"Power plant","is_nuclear":false}},{"type":"Feature","geometry":{"type":"Point","coordinates":[-93.183,45.589]},"properties":{"key":"67803-b4f1a8e9","layer":"power","name":"GRE Cambridge Solar","state":"MN","detail_file":"data/details/power-plants-29.json","plant_id":"67803","capacity_mw":2.0,"status_group":"Operating","energy_sources":"SUN","type":"Power plant","is_nuclear":false}},{"type":"Feature","geometry":{"type":"Point","coordinates":[-92.817,44.692]},"properties":{"key":"60935-0e71e077","layer":"power","name":"GRE Marshan Solar","state":"MN","detail_file":"data/details/power-plants-54.json","plant_id":"60935","capacity_mw":1.0,"status_group":"Operating","energy_sources":"SUN","type":"Power plant","is_nuclear":false}},{"type":"Feature","geometry":{"type":"Point","coordinates":[-94.285,45.527]},"properties":{"key":"62829-3de2afc4","layer":"power","name":"GSPP Held LLC CSG","state":"MN","detail_file":"data/details/power-plants-54.json","plant_id":"62829","capacity_mw":3.0,"status_group":"Operating","energy_sources":"SUN","type":"Power plant","is_nuclear":false}},{"type":"Feature","geometry":{"type":"Point","coordinates":[-94.163,45.558]},"properties":{"key":"62830-1b258014","layer":"power","name":"GSPP Imholte CSG","state":"MN","detail_file":"data/details/power-plants-05.json","plant_id":"62830","capacity_mw":1.0,"status_group":"Operating","energy_sources":"SUN","type":"Power plant","is_nuclear":false}},{"type":"Feature","geometry":{"type":"Point","coordinates":[-94.297,45.53]},"properties":{"key":"63370-d6c5e6e2","layer":"power","name":"GSSP Schneider LLC","state":"MN","detail_file":"data/details/power-plants-02.json","plant_id":"63370","capacity_mw":5.0,"status_group":"Operating","energy_sources":"SUN","type":"Power plant","is_nuclear":false}},{"type":"Feature","geometry":{"type":"Point","coordinates":[-92.804,45.3]},"properties":{"key":"60940-12340465","layer":"power","name":"Gemini Community Solar","state":"MN","detail_file":"data/details/power-plants-38.json","plant_id":"60940","capacity_mw":3.0,"status_group":"Operating","energy_sources":"SUN","type":"Power plant","is_nuclear":false}},{"type":"Feature","geometry":{"type":"Point","coordinates":[-95.23,44.965]},"properties":{"key":"63317-1e7202cc","layer":"power","name":"Geranium Solar, LLC","state":"MN","detail_file":"data/details/power-plants-16.json","plant_id":"63317","capacity_mw":1.0,"status_group":"Operating","energy_sources":"SUN","type":"Power plant","is_nuclear":false}},{"type":"Feature","geometry":{"type":"Point","coordinates":[-94.524,44.521]},"properties":{"key":"62010-0dc55e8c","layer":"power","name":"Gibbon Solar","state":"MN","detail_file":"data/details/power-plants-21.json","plant_id":"62010","capacity_mw":3.3,"status_group":"Operating","energy_sources":"SUN","type":"Power plant","is_nuclear":false}},{"type":"Feature","geometry":{"type":"Point","coordinates":[-94.158,44.771]},"properties":{"key":"1975-745996d7","layer":"power","name":"Glencoe","state":"MN","detail_file":"data/details/power-plants-25.json","plant_id":"1975","capacity_mw":39.5,"status_group":"Operating","energy_sources":"DFO","type":"Power plant","is_nuclear":false}},{"type":"Feature","geometry":{"type":"Point","coordinates":[-94.045,45.436]},"properties":{"key":"63484-b77c71f6","layer":"power","name":"Gohman Community Solar (CSG)","state":"MN","detail_file":"data/details/power-plants-16.json","plant_id":"63484","capacity_mw":1.1,"status_group":"Operating","energy_sources":"SUN","type":"Power plant","is_nuclear":false}},{"type":"Feature","geometry":{"type":"Point","coordinates":[-92.641,44.297]},"properties":{"key":"63380-6f6efc7f","layer":"power","name":"Goodhue Community Solar One LLC CSG","state":"MN","detail_file":"data/details/power-plants-43.json","plant_id":"63380","capacity_mw":1.0,"status_group":"Operating","energy_sources":"SUN","type":"Power plant","is_nuclear":false}},{"type":"Feature","geometry":{"type":"Point","coordinates":[-92.745,44.297]},"properties":{"key":"63417-bf7075bf","layer":"power","name":"Goodhue Community Solar Three LLC CSG","state":"MN","detail_file":"data/details/power-plants-60.json","plant_id":"63417","capacity_mw":1.0,"status_group":"Operating","energy_sources":"SUN","type":"Power plant","is_nuclear":false}},{"type":"Feature","geometry":{"type":"Point","coordinates":[-92.724,44.294]},"properties":{"key":"63533-de0a32af","layer":"power","name":"Goodhue Community Solar Two LLC","state":"MN","detail_file":"data/details/power-plants-42.json","plant_id":"63533","capacity_mw":1.0,"status_group":"Operating","energy_sources":"SUN","type":"Power plant","is_nuclear":false}},{"type":"Feature","geometry":{"type":"Point","coordinates":[-92.679,45.399]},"properties":{"key":"61426-ad8bf041","layer":"power","name":"Gopher CSG","state":"MN","detail_file":"data/details/power-plants-32.json","plant_id":"61426","capacity_mw":5.0,"status_group":"Operating","energy_sources":"SUN","type":"Power plant","is_nuclear":false}},{"type":"Feature","geometry":{"type":"Point","coordinates":[-92.908,46.007]},"properties":{"key":"65942-965b3059","layer":"power","name":"Grand Casino Hinckley Solar","state":"MN","detail_file":"data/details/power-plants-60.json","plant_id":"65942","capacity_mw":3.0,"status_group":"Operating","energy_sources":"SUN","type":"Power plant","is_nuclear":false}},{"type":"Feature","geometry":{"type":"Point","coordinates":[-95.535,44.812]},"properties":{"key":"1977-4ad8af21","layer":"power","name":"Granite Falls","state":"MN","detail_file":"data/details/power-plants-27.json","plant_id":"1977","capacity_mw":1.3,"status_group":"Operating","energy_sources":"WAT","type":"Power plant","is_nuclear":false}},{"type":"Feature","geometry":{"type":"Point","coordinates":[-95.557,44.805]},"properties":{"key":"7977-4aa551f1","layer":"power","name":"Granite Falls 2","state":"MN","detail_file":"data/details/power-plants-44.json","plant_id":"7977","capacity_mw":6.0,"status_group":"Operating","energy_sources":"DFO","type":"Power plant","is_nuclear":false}},{"type":"Feature","geometry":{"type":"Point","coordinates":[-95.884,45.803]},"properties":{"key":"57274-4237b181","layer":"power","name":"Grant County Wind LLC","state":"MN","detail_file":"data/details/power-plants-15.json","plant_id":"57274","capacity_mw":21.0,"status_group":"Operating","energy_sources":"WND","type":"Power plant","is_nuclear":false}},{"type":"Feature","geometry":{"type":"Point","coordinates":[-94.609,44.731]},"properties":{"key":"61689-88525532","layer":"power","name":"Grimm Community Solar","state":"MN","detail_file":"data/details/power-plants-61.json","plant_id":"61689","capacity_mw":1.0,"status_group":"Operating","energy_sources":"SUN","type":"Power plant","is_nuclear":false}},{"type":"Feature","geometry":{"type":"Point","coordinates":[-93.708,44.092]},"properties":{"key":"62195-1df0a8d0","layer":"power","name":"Guse CSG","state":"MN","detail_file":"data/details/power-plants-39.json","plant_id":"62195","capacity_mw":1.0,"status_group":"Operating","energy_sources":"SUN","type":"Power plant","is_nuclear":false}},{"type":"Feature","geometry":{"type":"Point","coordinates":[-94.009,45.418]},"properties":{"key":"62099-4f1752ba","layer":"power","name":"Hammer CSG","state":"MN","detail_file":"data/details/power-plants-11.json","plant_id":"62099","capacity_mw":4.8,"status_group":"Operating","energy_sources":"SUN","type":"Power plant","is_nuclear":false}},{"type":"Feature","geometry":{"type":"Point","coordinates":[-94.006,45.414]},"properties":{"key":"63684-6d29806b","layer":"power","name":"Hammer Community (CSG)","state":"MN","detail_file":"data/details/power-plants-58.json","plant_id":"63684","capacity_mw":1.0,"status_group":"Operating","energy_sources":"SUN","type":"Power plant","is_nuclear":false}},{"type":"Feature","geometry":{"type":"Point","coordinates":[-93.02,44.549]},"properties":{"key":"62060-bfd84510","layer":"power","name":"Hampton MN GRE","state":"MN","detail_file":"data/details/power-plants-51.json","plant_id":"62060","capacity_mw":2.0,"status_group":"Operating","energy_sources":"SUN","type":"Power plant","is_nuclear":false}},{"type":"Feature","geometry":{"type":"Point","coordinates":[-94.113,45.494]},"properties":{"key":"63174-c74ac3b3","layer":"power","name":"Hartmann Project CSG","state":"MN","detail_file":"data/details/power-plants-60.json","plant_id":"63174","capacity_mw":1.0,"status_group":"Operating","energy_sources":"SUN","type":"Power plant","is_nuclear":false}},{"type":"Feature","geometry":{"type":"Point","coordinates":[-92.868,44.76]},"properties":{"key":"54285-694e9660","layer":"power","name":"Hastings City Hydroelectric","state":"MN","detail_file":"data/details/power-plants-57.json","plant_id":"54285","capacity_mw":4.4,"status_group":"Operating","energy_sources":"WAT","type":"Power plant","is_nuclear":false}},{"type":"Feature","geometry":{"type":"Point","coordinates":[-92.825,44.759]},"properties":{"key":"60525-a028262d","layer":"power","name":"Hastings Solar","state":"MN","detail_file":"data/details/power-plants-36.json","plant_id":"60525","capacity_mw":4.5,"status_group":"Operating","energy_sources":"SUN","type":"Power plant","is_nuclear":false}},{"type":"Feature","geometry":{"type":"Point","coordinates":[-94.122,45.518]},"properties":{"key":"62651-1919245d","layer":"power","name":"Haven Solar Project CSG","state":"MN","detail_file":"data/details/power-plants-20.json","plant_id":"62651","capacity_mw":3.0,"status_group":"Operating","energy_sources":"SUN","type":"Power plant","is_nuclear":false}},{"type":"Feature","geometry":{"type":"Point","coordinates":[-94.274,45.524]},"properties":{"key":"62267-f4b278e6","layer":"power","name":"Held Solar Project","state":"MN","detail_file":"data/details/power-plants-16.json","plant_id":"62267","capacity_mw":5.0,"status_group":"Operating","energy_sources":"SUN","type":"Power plant","is_nuclear":false}},{"type":"Feature","geometry":{"type":"Point","coordinates":[-94.051,44.789]},"properties":{"key":"64869-149a0694","layer":"power","name":"Helen CSG 1 LLC","state":"MN","detail_file":"data/details/power-plants-17.json","plant_id":"64869","capacity_mw":1.0,"status_group":"Operating","energy_sources":"SUN","type":"Power plant","is_nuclear":false}},{"type":"Feature","geometry":{"type":"Point","coordinates":[-94.06,44.789]},"properties":{"key":"62706-e931d325","layer":"power","name":"Helen Solar CSG","state":"MN","detail_file":"data/details/power-plants-34.json","plant_id":"62706","capacity_mw":4.0,"status_group":"Operating","energy_sources":"SUN","type":"Power plant","is_nuclear":false}},{"type":"Feature","geometry":{"type":"Point","coordinates":[-93.254,44.982]},"properties":{"key":"1911-243fe799","layer":"power","name":"Hennepin Island","state":"MN","detail_file":"data/details/power-plants-58.json","plant_id":"1911","capacity_mw":13.7,"status_group":"Operating","energy_sources":"WAT","type":"Power plant","is_nuclear":false}},{"type":"Feature","geometry":{"type":"Point","coordinates":[-94.702,45.411]},"properties":{"key":"63680-c9867a86","layer":"power","name":"Hertzberg Community (CSG)","state":"MN","detail_file":"data/details/power-plants-11.json","plant_id":"63680","capacity_mw":1.0,"status_group":"Operating","energy_sources":"SUN","type":"Power plant","is_nuclear":false}},{"type":"Feature","geometry":{"type":"Point","coordinates":[-93.422,44.227]},"properties":{"key":"61793-5679381f","layer":"power","name":"Heyer CSG","state":"MN","detail_file":"data/details/power-plants-53.json","plant_id":"61793","capacity_mw":1.0,"status_group":"Operating","energy_sources":"SUN","type":"Power plant","is_nuclear":false}},{"type":"Feature","geometry":{"type":"Point","coordinates":[-92.935,47.429]},"properties":{"key":"1979-05d11ba1","layer":"power","name":"Hibbing","state":"MN","detail_file":"data/details/power-plants-43.json","plant_id":"1979","capacity_mw":35.9,"status_group":"Operating","energy_sources":"NG","type":"Power plant","is_nuclear":false}},{"type":"Feature","geometry":{"type":"Point","coordinates":[-93.112,44.931]},"properties":{"key":"1912-b626dae8","layer":"power","name":"High Bridge","state":"MN","detail_file":"data/details/power-plants-62.json","plant_id":"1912","capacity_mw":644.0,"status_group":"Operating","energy_sources":"NG","type":"Power plant","is_nuclear":false}},{"type":"Feature","geometry":{"type":"Point","coordinates":[-94.01,45.416]},"properties":{"key":"63817-472efbd0","layer":"power","name":"Hinterland CSG, LLC","state":"MN","detail_file":"data/details/power-plants-06.json","plant_id":"63817","capacity_mw":1.0,"status_group":"Operating","energy_sources":"SUN","type":"Power plant","is_nuclear":false}},{"type":"Feature","geometry":{"type":"Point","coordinates":[-93.906,44.436]},"properties":{"key":"58563-cac9f838","layer":"power","name":"Hometown Bio Energy LLC","state":"MN","detail_file":"data/details/power-plants-37.json","plant_id":"58563","capacity_mw":8.0,"status_group":"Operating","energy_sources":"OBG","type":"Power plant","is_nuclear":false}},{"type":"Feature","geometry":{"type":"Point","coordinates":[-94.027,44.908]},"properties":{"key":"63309-dfc2ef68","layer":"power","name":"Honeysuckle Solar, LLC","state":"MN","detail_file":"data/details/power-plants-33.json","plant_id":"63309","capacity_mw":1.0,"status_group":"Operating","energy_sources":"SUN","type":"Power plant","is_nuclear":false}},{"type":"Feature","geometry":{"type":"Point","coordinates":[-95.697,44.953]},"properties":{"key":"65595-6d6d56f1","layer":"power","name":"Hormel CSG Solar","state":"MN","detail_file":"data/details/power-plants-24.json","plant_id":"65595","capacity_mw":1.0,"status_group":"Operating","energy_sources":"SUN","type":"Power plant","is_nuclear":false}},{"type":"Feature","geometry":{"type":"Point","coordinates":[-92.736,44.297]},"properties":{"key":"63820-5acd7674","layer":"power","name":"Huneke CSG 1, LLC","state":"MN","detail_file":"data/details/power-plants-44.json","plant_id":"63820","capacity_mw":1.0,"status_group":"Operating","energy_sources":"SUN","type":"Power plant","is_nuclear":false}},{"type":"Feature","geometry":{"type":"Point","coordinates":[-92.669,44.263]},"properties":{"key":"63821-1f643e1b","layer":"power","name":"Huneke CSG 2, LLC","state":"MN","detail_file":"data/details/power-plants-03.json","plant_id":"63821","capacity_mw":1.0,"status_group":"Operating","energy_sources":"SUN","type":"Power plant","is_nuclear":false}},{"type":"Feature","geometry":{"type":"Point","coordinates":[-92.669,44.727]},"properties":{"key":"61505-6f9ea856","layer":"power","name":"Huneke I CSG","state":"MN","detail_file":"data/details/power-plants-16.json","plant_id":"61505","capacity_mw":1.0,"status_group":"Operating","energy_sources":"SUN","type":"Power plant","is_nuclear":false}},{"type":"Feature","geometry":{"type":"Point","coordinates":[-92.742,44.297]},"properties":{"key":"62139-c4d6740f","layer":"power","name":"Huneke II CSG","state":"MN","detail_file":"data/details/power-plants-01.json","plant_id":"62139","capacity_mw":1.1,"status_group":"Operating","energy_sources":"SUN","type":"Power plant","is_nuclear":false}},{"type":"Feature","geometry":{"type":"Point","coordinates":[-94.368,44.896]},"properties":{"key":"1980-905e4b59","layer":"power","name":"Hutchinson Plant #1","state":"MN","detail_file":"data/details/power-plants-41.json","plant_id":"1980","capacity_mw":28.4,"status_group":"Operating","energy_sources":"NG","type":"Power plant","is_nuclear":false}},{"type":"Feature","geometry":{"type":"Point","coordinates":[-94.349,44.889]},"properties":{"key":"6358-afff1e19","layer":"power","name":"Hutchinson Plant #2","state":"MN","detail_file":"data/details/power-plants-36.json","plant_id":"6358","capacity_mw":90.5,"status_group":"Operating","energy_sources":"NG","type":"Power plant","is_nuclear":false}},{"type":"Feature","geometry":{"type":"Point","coordinates":[-92.592,44.022]},"properties":{"key":"60834-c53376cb","layer":"power","name":"Hwy 14 Holdco Solar CSG","state":"MN","detail_file":"data/details/power-plants-59.json","plant_id":"60834","capacity_mw":5.0,"status_group":"Operating","energy_sources":"SUN","type":"Power plant","is_nuclear":false}},{"type":"Feature","geometry":{"type":"Point","coordinates":[-93.199,44.474]},"properties":{"key":"63312-5232442f","layer":"power","name":"Hyacinth Solar, LLC","state":"MN","detail_file":"data/details/power-plants-62.json","plant_id":"63312","capacity_mw":1.0,"status_group":"Operating","energy_sources":"SUN","type":"Power plant","is_nuclear":false}},{"type":"Feature","geometry":{"type":"Point","coordinates":[-93.22,44.417]},"properties":{"key":"63629-0cd413d3","layer":"power","name":"Hydra Community Solar Garden, LLC (CSG)","state":"MN","detail_file":"data/details/power-plants-40.json","plant_id":"63629","capacity_mw":1.0,"status_group":"Operating","energy_sources":"SUN","type":"Power plant","is_nuclear":false}},{"type":"Feature","geometry":{"type":"Point","coordinates":[-92.512,44.059]},"properties":{"key":"56269-29be3a53","layer":"power","name":"IBM West","state":"MN","detail_file":"data/details/power-plants-05.json","plant_id":"56269","capacity_mw":3.6,"status_group":"Operating","energy_sources":"DFO","type":"Power plant","is_nuclear":false}},{"type":"Feature","geometry":{"type":"Point","coordinates":[-93.042,44.781]},"properties":{"key":"1913-82fdd55f","layer":"power","name":"Inver Hills","state":"MN","detail_file":"data/details/power-plants-19.json","plant_id":"1913","capacity_mw":284.4,"status_group":"Operating","energy_sources":"DFO; NG","type":"Power plant","is_nuclear":false}},{"type":"Feature","geometry":{"type":"Point","coordinates":[-94.21,44.254]},"properties":{"key":"63319-5b944afb","layer":"power","name":"Iris Solar, LLC (MN)","state":"MN","detail_file":"data/details/power-plants-31.json","plant_id":"63319","capacity_mw":1.0,"status_group":"Operating","energy_sources":"SUN","type":"Power plant","is_nuclear":false}},{"type":"Feature","geometry":{"type":"Point","coordinates":[-93.707,44.117]},"properties":{"key":"1982-f007f388","layer":"power","name":"Janesville","state":"MN","detail_file":"data/details/power-plants-34.json","plant_id":"1982","capacity_mw":4.9,"status_group":"Operating","energy_sources":"DFO","type":"Power plant","is_nuclear":false}},{"type":"Feature","geometry":{"type":"Point","coordinates":[-92.052,46.874]},"properties":{"key":"66743-eaa9f2a1","layer":"power","name":"Jean Duluth Solar","state":"MN","detail_file":"data/details/power-plants-31.json","plant_id":"66743","capacity_mw":1.6,"status_group":"Operating","energy_sources":"SUN","type":"Power plant","is_nuclear":false}},{"type":"Feature","geometry":{"type":"Point","coordinates":[-95.252,44.058]},"properties":{"key":"56750-750ba5a7","layer":"power","name":"Jeffers Wind 20 LLC","state":"MN","detail_file":"data/details/power-plants-43.json","plant_id":"56750","capacity_mw":50.0,"status_group":"Operating","energy_sources":"WND","type":"Power plant","is_nuclear":false}},{"type":"Feature","geometry":{"type":"Point","coordinates":[-92.815,45.483]},"properties":{"key":"61686-45120ea9","layer":"power","name":"Johnson 1 Community Solar","state":"MN","detail_file":"data/details/power-plants-34.json","plant_id":"61686","capacity_mw":1.0,"status_group":"Operating","energy_sources":"SUN","type":"Power plant","is_nuclear":false}},{"type":"Feature","geometry":{"type":"Point","coordinates":[-92.816,45.485]},"properties":{"key":"64991-5c3ac962","layer":"power","name":"Johnson CSG 1","state":"MN","detail_file":"data/details/power-plants-17.json","plant_id":"64991","capacity_mw":1.0,"status_group":"Operating","energy_sources":"SUN","type":"Power plant","is_nuclear":false}},{"type":"Feature","geometry":{"type":"Point","coordinates":[-92.85,45.489]},"properties":{"key":"66030-9adabdec","layer":"power","name":"Johnson CSG 2","state":"MN","detail_file":"data/details/power-plants-06.json","plant_id":"66030","capacity_mw":1.0,"status_group":"Operating","energy_sources":"SUN","type":"Power plant","is_nuclear":false}},{"type":"Feature","geometry":{"type":"Point","coordinates":[-92.854,45.492]},"properties":{"key":"61695-9b69b676","layer":"power","name":"Johnson II Community Solar","state":"MN","detail_file":"data/details/power-plants-48.json","plant_id":"61695","capacity_mw":1.0,"status_group":"Operating","energy_sources":"SUN","type":"Power plant","is_nuclear":false}},{"type":"Feature","geometry":{"type":"Point","coordinates":[-92.578,44.025]},"properties":{"key":"69936-fb826973","layer":"power","name":"Kalmar","state":"MN","detail_file":"data/details/power-plants-41.json","plant_id":"69936","capacity_mw":2.5,"status_group":"Under construction","energy_sources":"SUN","type":"Power plant","is_nuclear":false}},{"type":"Feature","geometry":{"type":"Point","coordinates":[-92.961,44.05]},"properties":{"key":"61716-0e78d2d7","layer":"power","name":"Kaus Community Solar","state":"MN","detail_file":"data/details/power-plants-55.json","plant_id":"61716","capacity_mw":1.0,"status_group":"Operating","energy_sources":"SUN","type":"Power plant","is_nuclear":false}},{"type":"Feature","geometry":{"type":"Point","coordinates":[-92.985,44.272]},"properties":{"key":"1983-342cd250","layer":"power","name":"Kenyon Municipal","state":"MN","detail_file":"data/details/power-plants-01.json","plant_id":"1983","capacity_mw":5.4,"status_group":"Operating","energy_sources":"DFO","type":"Power plant","is_nuclear":false}},{"type":"Feature","geometry":{"type":"Point","coordinates":[-95.203,44.796]},"properties":{"key":"63315-54f2c758","layer":"power","name":"Kerria Solar, LLC","state":"MN","detail_file":"data/details/power-plants-02.json","plant_id":"63315","capacity_mw":1.0,"status_group":"Operating","energy_sources":"SUN","type":"Power plant","is_nuclear":false}},{"type":"Feature","geometry":{"type":"Point","coordinates":[-92.449,46.727]},"properties":{"key":"1895-a529d6e8","layer":"power","name":"Knife Falls","state":"MN","detail_file":"data/details/power-plants-36.json","plant_id":"1895","capacity_mw":2.4,"status_group":"Operating","energy_sources":"WAT","type":"Power plant","is_nuclear":false}},{"type":"Feature","geometry":{"type":"Point","coordinates":[-93.539,44.796]},"properties":{"key":"57119-e001ecdf","layer":"power","name":"Koda Biomass Plant","state":"MN","detail_file":"data/details/power-plants-52.json","plant_id":"57119","capacity_mw":23.4,"status_group":"Operating","energy_sources":"AB","type":"Power plant","is_nuclear":false}},{"type":"Feature","geometry":{"type":"Point","coordinates":[-93.876,44.183]},"properties":{"key":"61381-ae2abf47","layer":"power","name":"Koppelman Sun CSG","state":"MN","detail_file":"data/details/power-plants-46.json","plant_id":"61381","capacity_mw":5.0,"status_group":"Operating","energy_sources":"SUN","type":"Power plant","is_nuclear":false}},{"type":"Feature","geometry":{"type":"Point","coordinates":[-94.706,44.747]},"properties":{"key":"61058-e49ac453","layer":"power","name":"Kramer Solar CSG","state":"MN","detail_file":"data/details/power-plants-42.json","plant_id":"61058","capacity_mw":3.0,"status_group":"Operating","energy_sources":"SUN","type":"Power plant","is_nuclear":false}},{"type":"Feature","geometry":{"type":"Point","coordinates":[-95.21,44.796]},"properties":{"key":"61506-acf4cf40","layer":"power","name":"Krause CSG","state":"MN","detail_file":"data/details/power-plants-63.json","plant_id":"61506","capacity_mw":1.0,"status_group":"Operating","energy_sources":"SUN","type":"Power plant","is_nuclear":false}},{"type":"Feature","geometry":{"type":"Point","coordinates":[-92.912,44.796]},"properties":{"key":"55010-35804361","layer":"power","name":"LSP-Cottage Grove LP","state":"MN","detail_file":"data/details/power-plants-53.json","plant_id":"55010","capacity_mw":283.5,"status_group":"Operating","energy_sources":"NG","type":"Power plant","is_nuclear":false}},{"type":"Feature","geometry":{"type":"Point","coordinates":[-92.662,44.554]},"properties":{"key":"62414-922a6582","layer":"power","name":"Lady Slipper Solar Array CSG","state":"MN","detail_file":"data/details/power-plants-03.json","plant_id":"62414","capacity_mw":4.5,"status_group":"Operating","energy_sources":"SUN","type":"Power plant","is_nuclear":false}},{"type":"Feature","geometry":{"type":"Point","coordinates":[-94.426,45.431]},"properties":{"key":"61203-30c5da35","layer":"power","name":"Lahr 1, LLC","state":"MN","detail_file":"data/details/power-plants-61.json","plant_id":"61203","capacity_mw":5.0,"status_group":"Operating","energy_sources":"SUN","type":"Power plant","is_nuclear":false}},{"type":"Feature","geometry":{"type":"Point","coordinates":[-94.22,44.107]},"properties":{"key":"1985-e8980fb0","layer":"power","name":"Lake Crystal","state":"MN","detail_file":"data/details/power-plants-47.json","plant_id":"1985","capacity_mw":5.8,"status_group":"Operating","energy_sources":"DFO","type":"Power plant","is_nuclear":false}},{"type":"Feature","geometry":{"type":"Point","coordinates":[-93.903,44.32]},"properties":{"key":"60526-60613d43","layer":"power","name":"Lake Emily Solar","state":"MN","detail_file":"data/details/power-plants-59.json","plant_id":"60526","capacity_mw":4.5,"status_group":"Operating","energy_sources":"SUN","type":"Power plant","is_nuclear":false}},{"type":"Feature","geometry":{"type":"Point","coordinates":[-94.892,44.937]},"properties":{"key":"68047-c77378a6","layer":"power","name":"Lake Lilian Solar","state":"MN","detail_file":"data/details/power-plants-38.json","plant_id":"68047","capacity_mw":1.0,"status_group":"Operating","energy_sources":"SUN","type":"Power plant","is_nuclear":false}},{"type":"Feature","geometry":{"type":"Point","coordinates":[-93.812,45.196]},"properties":{"key":"60527-a9da425d","layer":"power","name":"Lake Pulaski Solar","state":"MN","detail_file":"data/details/power-plants-51.json","plant_id":"60527","capacity_mw":7.5,"status_group":"Operating","energy_sources":"SUN","type":"Power plant","is_nuclear":false}},{"type":"Feature","geometry":{"type":"Point","coordinates":[-93.815,44.875]},"properties":{"key":"61572-7eddc1ca","layer":"power","name":"Lake Waconia Community Solar Garden","state":"MN","detail_file":"data/details/power-plants-11.json","plant_id":"61572","capacity_mw":1.0,"status_group":"Operating","energy_sources":"SUN","type":"Power plant","is_nuclear":false}},{"type":"Feature","geometry":{"type":"Point","coordinates":[-93.815,44.875]},"properties":{"key":"61573-288bc624","layer":"power","name":"Lake Waconia IV Community Solar Garden","state":"MN","detail_file":"data/details/power-plants-02.json","plant_id":"61573","capacity_mw":1.0,"status_group":"Operating","energy_sources":"SUN","type":"Power plant","is_nuclear":false}},{"type":"Feature","geometry":{"type":"Point","coordinates":[-92.639,44.028]},"properties":{"key":"63543-4999f27e","layer":"power","name":"Lange Solar","state":"MN","detail_file":"data/details/power-plants-58.json","plant_id":"63543","capacity_mw":1.0,"status_group":"Operating","energy_sources":"SUN","type":"Power plant","is_nuclear":false}},{"type":"Feature","geometry":{"type":"Point","coordinates":[-95.358,44.646]},"properties":{"key":"63311-3a57a21b","layer":"power","name":"Lantana Solar, LLC","state":"MN","detail_file":"data/details/power-plants-02.json","plant_id":"63311","capacity_mw":1.0,"status_group":"Operating","energy_sources":"SUN","type":"Power plant","is_nuclear":false}},{"type":"Feature","geometry":{"type":"Point","coordinates":[-92.178,47.523]},"properties":{"key":"66742-fc99a069","layer":"power","name":"Laskin Solar","state":"MN","detail_file":"data/details/power-plants-57.json","plant_id":"66742","capacity_mw":5.6,"status_group":"Operating","energy_sources":"SUN","type":"Power plant","is_nuclear":false}},{"type":"Feature","geometry":{"type":"Point","coordinates":[-94.18,45.084]},"properties":{"key":"63679-f00d866c","layer":"power","name":"Laurel Village (CSG)","state":"MN","detail_file":"data/details/power-plants-37.json","plant_id":"63679","capacity_mw":1.0,"status_group":"Operating","energy_sources":"SUN","type":"Power plant","is_nuclear":false}},{"type":"Feature","geometry":{"type":"Point","coordinates":[-92.694,45.401]},"properties":{"key":"60528-20cbee23","layer":"power","name":"Lawrence Creek Solar","state":"MN","detail_file":"data/details/power-plants-02.json","plant_id":"60528","capacity_mw":3.5,"status_group":"Operating","energy_sources":"SUN","type":"Power plant","is_nuclear":false}},{"type":"Feature","geometry":{"type":"Point","coordinates":[-93.552,44.213]},"properties":{"key":"61544-9447905f","layer":"power","name":"LeSun CSG, LLC","state":"MN","detail_file":"data/details/power-plants-09.json","plant_id":"61544","capacity_mw":5.0,"status_group":"Operating","energy_sources":"SUN","type":"Power plant","is_nuclear":false}},{"type":"Feature","geometry":{"type":"Point","coordinates":[-93.286,44.081]},"properties":{"key":"61072-e21d7683","layer":"power","name":"Lemond Solar","state":"MN","detail_file":"data/details/power-plants-35.json","plant_id":"61072","capacity_mw":5.0,"status_group":"Operating","energy_sources":"SUN","type":"Power plant","is_nuclear":false}},{"type":"Feature","geometry":{"type":"Point","coordinates":[-95.264,45.717]},"properties":{"key":"63425-680cf7ee","layer":"power","name":"Leven Garden Solar","state":"MN","detail_file":"data/details/power-plants-18.json","plant_id":"63425","capacity_mw":1.0,"status_group":"Operating","energy_sources":"SUN","type":"Power plant","is_nuclear":false}},{"type":"Feature","geometry":{"type":"Point","coordinates":[-95.389,45.671]},"properties":{"key":"61709-b7f9a1da","layer":"power","name":"Libra Community Solar","state":"MN","detail_file":"data/details/power-plants-11.json","plant_id":"61709","capacity_mw":1.0,"status_group":"Operating","energy_sources":"SUN","type":"Power plant","is_nuclear":false}},{"type":"Feature","geometry":{"type":"Point","coordinates":[-93.55,44.08]},"properties":{"key":"65160-1971d918","layer":"power","name":"Lily Garden","state":"MN","detail_file":"data/details/power-plants-42.json","plant_id":"65160","capacity_mw":1.0,"status_group":"Operating","energy_sources":"SUN","type":"Power plant","is_nuclear":false}},{"type":"Feature","geometry":{"type":"Point","coordinates":[-93.909,44.802]},"properties":{"key":"60966-1e87f78f","layer":"power","name":"Lind Solar CSG","state":"MN","detail_file":"data/details/power-plants-32.json","plant_id":"60966","capacity_mw":4.9,"status_group":"Operating","energy_sources":"SUN","type":"Power plant","is_nuclear":false}},{"type":"Feature","geometry":{"type":"Point","coordinates":[-93.845,44.592]},"properties":{"key":"63179-a5cd91f5","layer":"power","name":"Linden 01 CSG","state":"MN","detail_file":"data/details/power-plants-11.json","plant_id":"63179","capacity_mw":1.0,"status_group":"Operating","energy_sources":"SUN","type":"Power plant","is_nuclear":false}},{"type":"Feature","geometry":{"type":"Point","coordinates":[-93.847,44.592]},"properties":{"key":"63182-a7542337","layer":"power","name":"Linden 02 CSG","state":"MN","detail_file":"data/details/power-plants-44.json","plant_id":"63182","capacity_mw":1.0,"status_group":"Operating","energy_sources":"SUN","type":"Power plant","is_nuclear":false}},{"type":"Feature","geometry":{"type":"Point","coordinates":[-93.845,44.592]},"properties":{"key":"63183-83f3001f","layer":"power","name":"Linden 03 CSG","state":"MN","detail_file":"data/details/power-plants-61.json","plant_id":"63183","capacity_mw":1.0,"status_group":"Operating","energy_sources":"SUN","type":"Power plant","is_nuclear":false}},{"type":"Feature","geometry":{"type":"Point","coordinates":[-92.797,45.32]},"properties":{"key":"61382-bc359a29","layer":"power","name":"Lindstrom Solar CSG","state":"MN","detail_file":"data/details/power-plants-44.json","plant_id":"61382","capacity_mw":3.0,"status_group":"Operating","energy_sources":"SUN","type":"Power plant","is_nuclear":false}},{"type":"Feature","geometry":{"type":"Point","coordinates":[-94.535,45.128]},"properties":{"key":"1989-321292cf","layer":"power","name":"Litchfield","state":"MN","detail_file":"data/details/power-plants-26.json","plant_id":"1989","capacity_mw":21.9,"status_group":"Operating","energy_sources":"DFO","type":"Power plant","is_nuclear":false}},{"type":"Feature","geometry":{"type":"Point","coordinates":[-94.369,45.975]},"properties":{"key":"1896-fb1e1a65","layer":"power","name":"Little Falls (MN)","state":"MN","detail_file":"data/details/power-plants-26.json","plant_id":"1896","capacity_mw":4.6,"status_group":"Operating","energy_sources":"WAT","type":"Power plant","is_nuclear":false}},{"type":"Feature","geometry":{"type":"Point","coordinates":[-93.556,44.09]},"properties":{"key":"63397-e561e3a5","layer":"power","name":"Loon Garden","state":"MN","detail_file":"data/details/power-plants-18.json","plant_id":"63397","capacity_mw":1.0,"status_group":"Operating","energy_sources":"SUN","type":"Power plant","is_nuclear":false}},{"type":"Feature","geometry":{"type":"Point","coordinates":[-95.511,45.67]},"properties":{"key":"63595-b92f5c77","layer":"power","name":"Lowry CSG2, LLC","state":"MN","detail_file":"data/details/power-plants-49.json","plant_id":"63595","capacity_mw":1.0,"status_group":"Operating","energy_sources":"SUN","type":"Power plant","is_nuclear":false}},{"type":"Feature","geometry":{"type":"Point","coordinates":[-93.153,44.476]},"properties":{"key":"63937-1ccd50dd","layer":"power","name":"Lyman Garden","state":"MN","detail_file":"data/details/power-plants-08.json","plant_id":"63937","capacity_mw":1.0,"status_group":"Operating","energy_sources":"SUN","type":"Power plant","is_nuclear":false}},{"type":"Feature","geometry":{"type":"Point","coordinates":[-95.754,44.226]},"properties":{"key":"69537-b1db54e4","layer":"power","name":"Lyon County Generating Station","state":"MN","detail_file":"data/details/power-plants-43.json","plant_id":"69537","capacity_mw":420.0,"status_group":"Under construction","energy_sources":"NG","type":"Power plant","is_nuclear":false}},{"type":"Feature","geometry":{"type":"Point","coordinates":[-93.586,44.24]},"properties":{"key":"61182-9ea0ef60","layer":"power","name":"Lyra Community Solar","state":"MN","detail_file":"data/details/power-plants-09.json","plant_id":"61182","capacity_mw":3.0,"status_group":"Operating","energy_sources":"SUN","type":"Power plant","is_nuclear":false}},{"type":"Feature","geometry":{"type":"Point","coordinates":[-92.152,46.735]},"properties":{"key":"1897-4513ec6c","layer":"power","name":"M L Hibbard","state":"MN","detail_file":"data/details/power-plants-18.json","plant_id":"1897","capacity_mw":72.8,"status_group":"Operating","energy_sources":"WDS","type":"Power plant","is_nuclear":false}},{"type":"Feature","geometry":{"type":"Point","coordinates":[-94.605,44.732]},"properties":{"key":"66974-7416f60c","layer":"power","name":"MN Buffalo Lake 212-1 LLC (CSG)","state":"MN","detail_file":"data/details/power-plants-04.json","plant_id":"66974","capacity_mw":1.0,"status_group":"Operating","energy_sources":"SUN","type":"Power plant","is_nuclear":false}},{"type":"Feature","geometry":{"type":"Point","coordinates":[-94.624,44.734]},"properties":{"key":"66975-bd35ac47","layer":"power","name":"MN Buffalo Lake 212-2 LLC (CSG)","state":"MN","detail_file":"data/details/power-plants-58.json","plant_id":"66975","capacity_mw":1.0,"status_group":"Operating","energy_sources":"SUN","type":"Power plant","is_nuclear":false}},{"type":"Feature","geometry":{"type":"Point","coordinates":[-92.0,44.34]},"properties":{"key":"68373-a6f7df66","layer":"power","name":"MN CSG 2019-105","state":"MN","detail_file":"data/details/power-plants-38.json","plant_id":"68373","capacity_mw":1.0,"status_group":"Operating","energy_sources":"SUN","type":"Power plant","is_nuclear":false}},{"type":"Feature","geometry":{"type":"Point","coordinates":[-95.712,44.983]},"properties":{"key":"69048-1f021aef","layer":"power","name":"MN CSG 2019-113","state":"MN","detail_file":"data/details/power-plants-48.json","plant_id":"69048","capacity_mw":1.0,"status_group":"Operating","energy_sources":"SUN","type":"Power plant","is_nuclear":false}},{"type":"Feature","geometry":{"type":"Point","coordinates":[-93.96,44.215]},"properties":{"key":"65003-bb95fd5d","layer":"power","name":"MN CSG 2019-16 LLC","state":"MN","detail_file":"data/details/power-plants-29.json","plant_id":"65003","capacity_mw":1.0,"status_group":"Operating","energy_sources":"SUN","type":"Power plant","is_nuclear":false}},{"type":"Feature","geometry":{"type":"Point","coordinates":[-95.1,44.795]},"properties":{"key":"68506-7dc800cb","layer":"power","name":"MN CSG 2019-22","state":"MN","detail_file":"data/details/power-plants-16.json","plant_id":"68506","capacity_mw":1.0,"status_group":"Operating","energy_sources":"SUN","type":"Power plant","is_nuclear":false}},{"type":"Feature","geometry":{"type":"Point","coordinates":[-92.857,44.943]},"properties":{"key":"66977-df591967","layer":"power","name":"MN CSG 2019-24 LLC","state":"MN","detail_file":"data/details/power-plants-37.json","plant_id":"66977","capacity_mw":0.9,"status_group":"Operating","energy_sources":"SUN","type":"Power plant","is_nuclear":false}},{"type":"Feature","geometry":{"type":"Point","coordinates":[-93.894,44.316]},"properties":{"key":"65632-154f6b72","layer":"power","name":"MN CSG 2019-38 DE LLC","state":"MN","detail_file":"data/details/power-plants-08.json","plant_id":"65632","capacity_mw":1.0,"status_group":"Operating","energy_sources":"SUN","type":"Power plant","is_nuclear":false}},{"type":"Feature","geometry":{"type":"Point","coordinates":[-94.604,44.733]},"properties":{"key":"68157-80849044","layer":"power","name":"MN CSG 2019-60","state":"MN","detail_file":"data/details/power-plants-48.json","plant_id":"68157","capacity_mw":1.0,"status_group":"Operating","energy_sources":"SUN","type":"Power plant","is_nuclear":false}},{"type":"Feature","geometry":{"type":"Point","coordinates":[-94.033,45.421]},"properties":{"key":"68374-cd4fbf6d","layer":"power","name":"MN CSG 2019-67","state":"MN","detail_file":"data/details/power-plants-36.json","plant_id":"68374","capacity_mw":1.0,"status_group":"Operating","energy_sources":"SUN","type":"Power plant","is_nuclear":false}},{"type":"Feature","geometry":{"type":"Point","coordinates":[-93.219,44.474]},"properties":{"key":"68535-99e21f6a","layer":"power","name":"MN CSG 2019-77","state":"MN","detail_file":"data/details/power-plants-09.json","plant_id":"68535","capacity_mw":1.0,"status_group":"Operating","energy_sources":"SUN","type":"Power plant","is_nuclear":false}},{"type":"Feature","geometry":{"type":"Point","coordinates":[-95.48,44.782]},"properties":{"key":"68505-c02a6133","layer":"power","name":"MN CSG 2019-79","state":"MN","detail_file":"data/details/power-plants-09.json","plant_id":"68505","capacity_mw":1.0,"status_group":"Operating","energy_sources":"SUN","type":"Power plant","is_nuclear":false}},{"type":"Feature","geometry":{"type":"Point","coordinates":[-94.76,45.136]},"properties":{"key":"68156-9fe7d440","layer":"power","name":"MN CSG 2019-82","state":"MN","detail_file":"data/details/power-plants-58.json","plant_id":"68156","capacity_mw":1.0,"status_group":"Operating","energy_sources":"SUN","type":"Power plant","is_nuclear":false}},{"type":"Feature","geometry":{"type":"Point","coordinates":[-94.742,45.395]},"properties":{"key":"66973-b8412f7e","layer":"power","name":"MN East Regal LLC (CSG)","state":"MN","detail_file":"data/details/power-plants-06.json","plant_id":"66973","capacity_mw":1.0,"status_group":"Operating","energy_sources":"SUN","type":"Power plant","is_nuclear":false}},{"type":"Feature","geometry":{"type":"Point","coordinates":[-93.106,44.953]},"properties":{"key":"55824-4cc013ac","layer":"power","name":"MNDOT Standby Generation","state":"MN","detail_file":"data/details/power-plants-46.json","plant_id":"55824","capacity_mw":2.0,"status_group":"Operating","energy_sources":"DFO","type":"Power plant","is_nuclear":false}},{"type":"Feature","geometry":{"type":"Point","coordinates":[-92.389,46.62]},"properties":{"key":"66003-17bf4ed5","layer":"power","name":"MP CSG 1 LLC","state":"MN","detail_file":"data/details/power-plants-18.json","plant_id":"66003","capacity_mw":1.0,"status_group":"Operating","energy_sources":"SUN","type":"Power plant","is_nuclear":false}},{"type":"Feature","geometry":{"type":"Point","coordinates":[-92.788,45.492]},"properties":{"key":"62536-9819de62","layer":"power","name":"MSC-Chisago01 LLC CSG","state":"MN","detail_file":"data/details/power-plants-32.json","plant_id":"62536","capacity_mw":1.0,"status_group":"Operating","energy_sources":"SUN","type":"Power plant","is_nuclear":false}},{"type":"Feature","geometry":{"type":"Point","coordinates":[-92.775,45.488]},"properties":{"key":"62538-6e2d9dd0","layer":"power","name":"MSC-Chisago02 LLC","state":"MN","detail_file":"data/details/power-plants-13.json","plant_id":"62538","capacity_mw":1.0,"status_group":"Operating","energy_sources":"SUN","type":"Power plant","is_nuclear":false}},{"type":"Feature","geometry":{"type":"Point","coordinates":[-93.116,44.674]},"properties":{"key":"62740-e1418f06","layer":"power","name":"MSC-Empire01, LLC","state":"MN","detail_file":"data/details/power-plants-40.json","plant_id":"62740","capacity_mw":1.0,"status_group":"Operating","energy_sources":"SUN","type":"Power plant","is_nuclear":false}},{"type":"Feature","geometry":{"type":"Point","coordinates":[-92.997,44.802]},"properties":{"key":"62143-e0f3785c","layer":"power","name":"MSC-GreyCloud01 Community Solar","state":"MN","detail_file":"data/details/power-plants-28.json","plant_id":"62143","capacity_mw":1.0,"status_group":"Operating","energy_sources":"SUN","type":"Power plant","is_nuclear":false}},{"type":"Feature","geometry":{"type":"Point","coordinates":[-93.393,44.239]},"properties":{"key":"62537-bd038eb9","layer":"power","name":"MSC-Rice01 LLC CSG","state":"MN","detail_file":"data/details/power-plants-29.json","plant_id":"62537","capacity_mw":1.0,"status_group":"Operating","energy_sources":"SUN","type":"Power plant","is_nuclear":false}},{"type":"Feature","geometry":{"type":"Point","coordinates":[-92.885,45.289]},"properties":{"key":"62144-797effbc","layer":"power","name":"MSC-Scandia01 CSG","state":"MN","detail_file":"data/details/power-plants-43.json","plant_id":"62144","capacity_mw":1.0,"status_group":"Operating","energy_sources":"SUN","type":"Power plant","is_nuclear":false}},{"type":"Feature","geometry":{"type":"Point","coordinates":[-93.504,44.669]},"properties":{"key":"62535-5d5d0117","layer":"power","name":"MSC-Scott01 LLC","state":"MN","detail_file":"data/details/power-plants-04.json","plant_id":"62535","capacity_mw":1.0,"status_group":"Operating","energy_sources":"SUN","type":"Power plant","is_nuclear":false}},{"type":"Feature","geometry":{"type":"Point","coordinates":[-94.418,44.05]},"properties":{"key":"30-645f526e","layer":"power","name":"Madelia","state":"MN","detail_file":"data/details/power-plants-45.json","plant_id":"30","capacity_mw":11.8,"status_group":"Operating","energy_sources":"DFO","type":"Power plant","is_nuclear":false}},{"type":"Feature","geometry":{"type":"Point","coordinates":[-95.519,45.657]},"properties":{"key":"63453-6fea5e61","layer":"power","name":"Malmedal Solar Garden","state":"MN","detail_file":"data/details/power-plants-33.json","plant_id":"63453","capacity_mw":1.0,"status_group":"Operating","energy_sources":"SUN","type":"Power plant","is_nuclear":false}},{"type":"Feature","geometry":{"type":"Point","coordinates":[-94.003,44.199]},"properties":{"key":"56104-07cc0378","layer":"power","name":"Mankato Energy Center","state":"MN","detail_file":"data/details/power-plants-05.json","plant_id":"56104","capacity_mw":740.8,"status_group":"Operating","energy_sources":"NG","type":"Power plant","is_nuclear":false}},{"type":"Feature","geometry":{"type":"Point","coordinates":[-94.01,45.229]},"properties":{"key":"2042-0534a122","layer":"power","name":"Maple Lake","state":"MN","detail_file":"data/details/power-plants-32.json","plant_id":"2042","capacity_mw":25.0,"status_group":"Operating","energy_sources":"DFO","type":"Power plant","is_nuclear":false}},{"type":"Feature","geometry":{"type":"Point","coordinates":[-93.615,44.197]},"properties":{"key":"63308-91d1fe6b","layer":"power","name":"Marigold Community Solar Garden, LLC","state":"MN","detail_file":"data/details/power-plants-45.json","plant_id":"63308","capacity_mw":1.0,"status_group":"Operating","energy_sources":"SUN","type":"Power plant","is_nuclear":false}},{"type":"Feature","geometry":{"type":"Point","coordinates":[-93.274,44.25]},"properties":{"key":"63935-aaa9382f","layer":"power","name":"Marion Garden","state":"MN","detail_file":"data/details/power-plants-46.json","plant_id":"63935","capacity_mw":1.0,"status_group":"Operating","energy_sources":"SUN","type":"Power plant","is_nuclear":false}},{"type":"Feature","geometry":{"type":"Point","coordinates":[-94.117,45.556]},"properties":{"key":"61139-6d16c527","layer":"power","name":"Marmas Solar CSG","state":"MN","detail_file":"data/details/power-plants-37.json","plant_id":"61139","capacity_mw":4.0,"status_group":"Operating","energy_sources":"SUN","type":"Power plant","is_nuclear":false}},{"type":"Feature","geometry":{"type":"Point","coordinates":[-95.792,44.447]},"properties":{"key":"1993-4a6038e2","layer":"power","name":"Marshall (MN)","state":"MN","detail_file":"data/details/power-plants-33.json","plant_id":"1993","capacity_mw":18.0,"status_group":"Operating","energy_sources":"DFO","type":"Power plant","is_nuclear":false}},{"type":"Feature","geometry":{"type":"Point","coordinates":[-95.669,44.475]},"properties":{"key":"59875-c1eae05d","layer":"power","name":"Marshall Solar Energy Project","state":"MN","detail_file":"data/details/power-plants-62.json","plant_id":"59875","capacity_mw":62.3,"status_group":"Operating","energy_sources":"SUN","type":"Power plant","is_nuclear":false}},{"type":"Feature","geometry":{"type":"Point","coordinates":[-95.779,44.47]},"properties":{"key":"67545-b4338062","layer":"power","name":"Marshall Solar Plus LLC","state":"MN","detail_file":"data/details/power-plants-07.json","plant_id":"67545","capacity_mw":15.0,"status_group":"Operating","energy_sources":"MWH; SUN","type":"Power plant","is_nuclear":false}},{"type":"Feature","geometry":{"type":"Point","coordinates":[-95.814,44.325]},"properties":{"key":"56840-8d7d3cc0","layer":"power","name":"Marshall Wind 1 LLC","state":"MN","detail_file":"data/details/power-plants-42.json","plant_id":"56840","capacity_mw":2.1,"status_group":"Operating","energy_sources":"WND","type":"Power plant","is_nuclear":false}},{"type":"Feature","geometry":{"type":"Point","coordinates":[-95.822,44.324]},"properties":{"key":"56824-26b3b6a0","layer":"power","name":"Marshall Wind 2 LLC","state":"MN","detail_file":"data/details/power-plants-10.json","plant_id":"56824","capacity_mw":4.2,"status_group":"Operating","energy_sources":"WND","type":"Power plant","is_nuclear":false}},{"type":"Feature","geometry":{"type":"Point","coordinates":[-95.794,44.321]},"properties":{"key":"56825-9e821e00","layer":"power","name":"Marshall Wind 3 LLC","state":"MN","detail_file":"data/details/power-plants-10.json","plant_id":"56825","capacity_mw":4.2,"status_group":"Operating","energy_sources":"WND","type":"Power plant","is_nuclear":false}},{"type":"Feature","geometry":{"type":"Point","coordinates":[-95.824,44.336]},"properties":{"key":"56826-11fc81b4","layer":"power","name":"Marshall Wind 4 LLC","state":"MN","detail_file":"data/details/power-plants-55.json","plant_id":"56826","capacity_mw":4.2,"status_group":"Operating","energy_sources":"WND","type":"Power plant","is_nuclear":false}},{"type":"Feature","geometry":{"type":"Point","coordinates":[-95.834,44.33]},"properties":{"key":"56827-58501884","layer":"power","name":"Marshall Wind 5 LLC","state":"MN","detail_file":"data/details/power-plants-62.json","plant_id":"56827","capacity_mw":2.1,"status_group":"Operating","energy_sources":"WND","type":"Power plant","is_nuclear":false}},{"type":"Feature","geometry":{"type":"Point","coordinates":[-95.83,44.331]},"properties":{"key":"56828-db9e0d83","layer":"power","name":"Marshall Wind 6 LLC","state":"MN","detail_file":"data/details/power-plants-05.json","plant_id":"56828","capacity_mw":2.1,"status_group":"Operating","energy_sources":"WND","type":"Power plant","is_nuclear":false}},{"type":"Feature","geometry":{"type":"Point","coordinates":[-92.69,44.043]},"properties":{"key":"63434-409bca19","layer":"power","name":"Maston Garden Solar","state":"MN","detail_file":"data/details/power-plants-46.json","plant_id":"63434","capacity_mw":1.0,"status_group":"Operating","energy_sources":"SUN","type":"Power plant","is_nuclear":false}},{"type":"Feature","geometry":{"type":"Point","coordinates":[-94.494,44.719]},"properties":{"key":"63119-219a2004","layer":"power","name":"McLeod Community Solar One LLC CSG","state":"MN","detail_file":"data/details/power-plants-07.json","plant_id":"63119","capacity_mw":1.0,"status_group":"Operating","energy_sources":"SUN","type":"Power plant","is_nuclear":false}},{"type":"Feature","geometry":{"type":"Point","coordinates":[-92.776,45.48]},"properties":{"key":"64504-cfe92e2a","layer":"power","name":"Medin 2 Community Solar LLC CSG","state":"MN","detail_file":"data/details/power-plants-34.json","plant_id":"64504","capacity_mw":1.0,"status_group":"Operating","energy_sources":"SUN","type":"Power plant","is_nuclear":false}},{"type":"Feature","geometry":{"type":"Point","coordinates":[-92.785,45.488]},"properties":{"key":"64990-c4f36b79","layer":"power","name":"Medin CSG","state":"MN","detail_file":"data/details/power-plants-06.json","plant_id":"64990","capacity_mw":1.0,"status_group":"Operating","energy_sources":"SUN","type":"Power plant","is_nuclear":false}},{"type":"Feature","geometry":{"type":"Point","coordinates":[-94.307,45.071]},"properties":{"key":"63118-460aa7f0","layer":"power","name":"Meeker Community Solar One LLC CSG","state":"MN","detail_file":"data/details/power-plants-52.json","plant_id":"63118","capacity_mw":1.0,"status_group":"Operating","energy_sources":"SUN","type":"Power plant","is_nuclear":false}},{"type":"Feature","geometry":{"type":"Point","coordinates":[-94.815,45.675]},"properties":{"key":"1994-e8327794","layer":"power","name":"Melrose","state":"MN","detail_file":"data/details/power-plants-51.json","plant_id":"1994","capacity_mw":8.2,"status_group":"Operating","energy_sources":"DFO","type":"Power plant","is_nuclear":false}},{"type":"Feature","geometry":{"type":"Point","coordinates":[-94.802,45.676]},"properties":{"key":"58929-272f115c","layer":"power","name":"Melrose 2","state":"MN","detail_file":"data/details/power-plants-31.json","plant_id":"58929","capacity_mw":1.0,"status_group":"Operating","energy_sources":"DFO","type":"Power plant","is_nuclear":false}},{"type":"Feature","geometry":{"type":"Point","coordinates":[-94.708,45.667]},"properties":{"key":"60971-0900149e","layer":"power","name":"Michael Solar","state":"MN","detail_file":"data/details/power-plants-40.json","plant_id":"60971","capacity_mw":4.0,"status_group":"Operating","energy_sources":"SUN","type":"Power plant","is_nuclear":false}},{"type":"Feature","geometry":{"type":"Point","coordinates":[-93.581,44.795]},"properties":{"key":"7844-5d2f6f8b","layer":"power","name":"Minnesota River","state":"MN","detail_file":"data/details/power-plants-39.json","plant_id":"7844","capacity_mw":49.0,"status_group":"Operating","energy_sources":"NG","type":"Power plant","is_nuclear":false}},{"type":"Feature","geometry":{"type":"Point","coordinates":[-93.905,45.06]},"properties":{"key":"61586-9c944c3d","layer":"power","name":"MontSun Community Solar","state":"MN","detail_file":"data/details/power-plants-14.json","plant_id":"61586","capacity_mw":5.0,"status_group":"Operating","energy_sources":"SUN","type":"Power plant","is_nuclear":false}},{"type":"Feature","geometry":{"type":"Point","coordinates":[-95.694,44.899]},"properties":{"key":"61870-607ee3bf","layer":"power","name":"Montevideo Solar LLC, CSG","state":"MN","detail_file":"data/details/power-plants-01.json","plant_id":"61870","capacity_mw":5.0,"status_group":"Operating","energy_sources":"SUN","type":"Power plant","is_nuclear":false}},{"type":"Feature","geometry":{"type":"Point","coordinates":[-94.056,44.952]},"properties":{"key":"61456-91b077f4","layer":"power","name":"Montgomery Winsted CSG","state":"MN","detail_file":"data/details/power-plants-04.json","plant_id":"61456","capacity_mw":3.0,"status_group":"Operating","energy_sources":"SUN","type":"Power plant","is_nuclear":false}},{"type":"Feature","geometry":{"type":"Point","coordinates":[-93.849,45.334]},"properties":{"key":"1922-02e2ee92","layer":"power","name":"Monticello Nuclear Facility","state":"MN","detail_file":"data/details/power-plants-04.json","plant_id":"1922","capacity_mw":685.0,"status_group":"Operating","energy_sources":"NUC","type":"Nuclear power plant","is_nuclear":true}},{"type":"Feature","geometry":{"type":"Point","coordinates":[-93.828,45.272]},"properties":{"key":"62105-14a2d175","layer":"power","name":"Monticello Project CSG","state":"MN","detail_file":"data/details/power-plants-13.json","plant_id":"62105","capacity_mw":5.0,"status_group":"Operating","energy_sources":"SUN","type":"Power plant","is_nuclear":false}},{"type":"Feature","geometry":{"type":"Point","coordinates":[-93.923,45.056]},"properties":{"key":"60529-ff4923a5","layer":"power","name":"Montrose Solar","state":"MN","detail_file":"data/details/power-plants-09.json","plant_id":"60529","capacity_mw":3.5,"status_group":"Operating","energy_sources":"SUN","type":"Power plant","is_nuclear":false}},{"type":"Feature","geometry":{"type":"Point","coordinates":[-92.761,46.454]},"properties":{"key":"1996-4006cdbc","layer":"power","name":"Moose Lake","state":"MN","detail_file":"data/details/power-plants-17.json","plant_id":"1996","capacity_mw":10.2,"status_group":"Operating","energy_sources":"DFO; NG","type":"Power plant","is_nuclear":false}},{"type":"Feature","geometry":{"type":"Point","coordinates":[-93.295,45.877]},"properties":{"key":"1997-2a3bc37b","layer":"power","name":"Mora","state":"MN","detail_file":"data/details/power-plants-57.json","plant_id":"1997","capacity_mw":13.8,"status_group":"Operating","energy_sources":"DFO; NG","type":"Power plant","is_nuclear":false}},{"type":"Feature","geometry":{"type":"Point","coordinates":[-94.908,44.413]},"properties":{"key":"60942-f64b15f3","layer":"power","name":"Morgan Community Solar","state":"MN","detail_file":"data/details/power-plants-00.json","plant_id":"60942","capacity_mw":3.0,"status_group":"Operating","energy_sources":"SUN","type":"Power plant","is_nuclear":false}},{"type":"Feature","geometry":{"type":"Point","coordinates":[-94.223,44.543]},"properties":{"key":"63427-ebdaedce","layer":"power","name":"Mud Garden Solar","state":"MN","detail_file":"data/details/power-plants-19.json","plant_id":"63427","capacity_mw":1.0,"status_group":"Operating","energy_sources":"SUN","type":"Power plant","is_nuclear":false}},{"type":"Feature","geometry":{"type":"Point","coordinates":[-92.814,45.336]},"properties":{"key":"62030-c3a5c3b7","layer":"power","name":"Nautilus Lindstrom Solar (CSG)","state":"MN","detail_file":"data/details/power-plants-04.json","plant_id":"62030","capacity_mw":2.0,"status_group":"Operating","energy_sources":"SUN","type":"Power plant","is_nuclear":false}},{"type":"Feature","geometry":{"type":"Point","coordinates":[-94.119,45.496]},"properties":{"key":"62031-99eb3760","layer":"power","name":"Nautilus Saint Cloud Solar (CSG)","state":"MN","detail_file":"data/details/power-plants-48.json","plant_id":"62031","capacity_mw":5.0,"status_group":"Operating","energy_sources":"SUN","type":"Power plant","is_nuclear":false}},{"type":"Feature","geometry":{"type":"Point","coordinates":[-94.086,44.949]},"properties":{"key":"62032-940c1de9","layer":"power","name":"Nautilus Winsted Solar (CSG)","state":"MN","detail_file":"data/details/power-plants-35.json","plant_id":"62032","capacity_mw":3.0,"status_group":"Operating","energy_sources":"SUN","type":"Power plant","is_nuclear":false}},{"type":"Feature","geometry":{"type":"Point","coordinates":[-93.829,44.937]},"properties":{"key":"60958-2b3d14a7","layer":"power","name":"Nesvold Watertown Solar","state":"MN","detail_file":"data/details/power-plants-24.json","plant_id":"60958","capacity_mw":5.0,"status_group":"Operating","energy_sources":"SUN","type":"Power plant","is_nuclear":false}},{"type":"Feature","geometry":{"type":"Point","coordinates":[-94.001,44.905]},"properties":{"key":"61571-af88bab7","layer":"power","name":"New Germany Community Solar Garden","state":"MN","detail_file":"data/details/power-plants-12.json","plant_id":"61571","capacity_mw":1.0,"status_group":"Operating","energy_sources":"SUN","type":"Power plant","is_nuclear":false}},{"type":"Feature","geometry":{"type":"Point","coordinates":[-94.756,45.654]},"properties":{"key":"63402-58e8a0f0","layer":"power","name":"New Munich Solar","state":"MN","detail_file":"data/details/power-plants-13.json","plant_id":"63402","capacity_mw":1.0,"status_group":"Operating","energy_sources":"SUN","type":"Power plant","is_nuclear":false}},{"type":"Feature","geometry":{"type":"Point","coordinates":[-93.573,44.543]},"properties":{"key":"1999-66a7e314","layer":"power","name":"New Prague","state":"MN","detail_file":"data/details/power-plants-17.json","plant_id":"1999","capacity_mw":16.9,"status_group":"Operating","energy_sources":"NG","type":"Power plant","is_nuclear":false}},{"type":"Feature","geometry":{"type":"Point","coordinates":[-94.458,44.316]},"properties":{"key":"2001-d000da13","layer":"power","name":"New Ulm","state":"MN","detail_file":"data/details/power-plants-59.json","plant_id":"2001","capacity_mw":78.5,"status_group":"Operating","energy_sources":"DFO; NG","type":"Power plant","is_nuclear":false}},{"type":"Feature","geometry":{"type":"Point","coordinates":[-94.291,44.26]},"properties":{"key":"63120-c453ac84","layer":"power","name":"Nicollet Community Solar One LLC","state":"MN","detail_file":"data/details/power-plants-30.json","plant_id":"63120","capacity_mw":1.0,"status_group":"Operating","energy_sources":"SUN","type":"Power plant","is_nuclear":false}},{"type":"Feature","geometry":{"type":"Point","coordinates":[-94.271,44.254]},"properties":{"key":"63938-a2fdbc81","layer":"power","name":"Nicollet Garden","state":"MN","detail_file":"data/details/power-plants-44.json","plant_id":"63938","capacity_mw":1.0,"status_group":"Operating","energy_sources":"SUN","type":"Power plant","is_nuclear":false}},{"type":"Feature","geometry":{"type":"Point","coordinates":[-92.979,45.511]},"properties":{"key":"2002-694e1618","layer":"power","name":"North Branch (MN)","state":"MN","detail_file":"data/details/power-plants-18.json","plant_id":"2002","capacity_mw":11.0,"status_group":"Operating","energy_sources":"DFO","type":"Power plant","is_nuclear":false}},{"type":"Feature","geometry":{"type":"Point","coordinates":[-92.908,45.481]},"properties":{"key":"70035-9b944c63","layer":"power","name":"North Star Energy Storage, LLC","state":"MN","detail_file":"data/details/power-plants-04.json","plant_id":"70035","capacity_mw":80.0,"status_group":"Under construction","energy_sources":"MWH","type":"Power plant","is_nuclear":false}},{"type":"Feature","geometry":{"type":"Point","coordinates":[-92.91,45.47]},"properties":{"key":"59852-76dbb10f","layer":"power","name":"North Star Solar Project","state":"MN","detail_file":"data/details/power-plants-05.json","plant_id":"59852","capacity_mw":100.0,"status_group":"Operating","energy_sources":"SUN","type":"Power plant","is_nuclear":false}},{"type":"Feature","geometry":{"type":"Point","coordinates":[-93.238,44.309]},"properties":{"key":"69797-dc75063e","layer":"power","name":"Northern Sun","state":"MN","detail_file":"data/details/power-plants-46.json","plant_id":"69797","capacity_mw":1.0,"status_group":"Under construction","energy_sources":"SUN","type":"Power plant","is_nuclear":false}},{"type":"Feature","geometry":{"type":"Point","coordinates":[-93.198,44.475]},"properties":{"key":"60717-e2cc696f","layer":"power","name":"Northfield Community Solar","state":"MN","detail_file":"data/details/power-plants-17.json","plant_id":"60717","capacity_mw":5.0,"status_group":"Operating","energy_sources":"SUN","type":"Power plant","is_nuclear":false}},{"type":"Feature","geometry":{"type":"Point","coordinates":[-93.125,44.458]},"properties":{"key":"61451-a71fdd7c","layer":"power","name":"Northfield Holdco CSG","state":"MN","detail_file":"data/details/power-plants-35.json","plant_id":"61451","capacity_mw":5.0,"status_group":"Operating","energy_sources":"SUN","type":"Power plant","is_nuclear":false}},{"type":"Feature","geometry":{"type":"Point","coordinates":[-93.153,44.417]},"properties":{"key":"62708-775b9987","layer":"power","name":"Northfield Solar CSG","state":"MN","detail_file":"data/details/power-plants-39.json","plant_id":"62708","capacity_mw":5.0,"status_group":"Operating","energy_sources":"SUN","type":"Power plant","is_nuclear":false}},{"type":"Feature","geometry":{"type":"Point","coordinates":[-92.678,44.044]},"properties":{"key":"63004-8e8d6ce2","layer":"power","name":"Novel Bartel Solar CSG","state":"MN","detail_file":"data/details/power-plants-36.json","plant_id":"63004","capacity_mw":1.0,"status_group":"Operating","energy_sources":"SUN","type":"Power plant","is_nuclear":false}},{"type":"Feature","geometry":{"type":"Point","coordinates":[-92.747,44.111]},"properties":{"key":"63010-dc35b994","layer":"power","name":"Novel Benedix Solar CSG","state":"MN","detail_file":"data/details/power-plants-09.json","plant_id":"63010","capacity_mw":1.0,"status_group":"Operating","energy_sources":"SUN","type":"Power plant","is_nuclear":false}},{"type":"Feature","geometry":{"type":"Point","coordinates":[-93.154,44.416]},"properties":{"key":"65006-d96176e7","layer":"power","name":"Novel Bo Hu 1 Solar (CSG)","state":"MN","detail_file":"data/details/power-plants-31.json","plant_id":"65006","capacity_mw":1.0,"status_group":"Operating","energy_sources":"SUN","type":"Power plant","is_nuclear":false}},{"type":"Feature","geometry":{"type":"Point","coordinates":[-95.767,44.791]},"properties":{"key":"65024-d20319b4","layer":"power","name":"Novel Brock Solar LLC CSG","state":"MN","detail_file":"data/details/power-plants-27.json","plant_id":"65024","capacity_mw":1.0,"status_group":"Operating","energy_sources":"SUN","type":"Power plant","is_nuclear":false}},{"type":"Feature","geometry":{"type":"Point","coordinates":[-95.114,45.513]},"properties":{"key":"62961-bd5fd2f2","layer":"power","name":"Novel Brooten Solar CSG","state":"MN","detail_file":"data/details/power-plants-39.json","plant_id":"62961","capacity_mw":1.0,"status_group":"Operating","energy_sources":"SUN","type":"Power plant","is_nuclear":false}},{"type":"Feature","geometry":{"type":"Point","coordinates":[-92.62,44.01]},"properties":{"key":"62985-1f345295","layer":"power","name":"Novel Byron Solar CSG","state":"MN","detail_file":"data/details/power-plants-51.json","plant_id":"62985","capacity_mw":1.0,"status_group":"Operating","energy_sources":"SUN","type":"Power plant","is_nuclear":false}},{"type":"Feature","geometry":{"type":"Point","coordinates":[-92.899,45.473]},"properties":{"key":"64485-ab3d2393","layer":"power","name":"Novel Caroline Solar, LLC CSG","state":"MN","detail_file":"data/details/power-plants-23.json","plant_id":"64485","capacity_mw":1.0,"status_group":"Operating","energy_sources":"SUN","type":"Power plant","is_nuclear":false}},{"type":"Feature","geometry":{"type":"Point","coordinates":[-93.502,44.0]},"properties":{"key":"64486-e00be0a4","layer":"power","name":"Novel David Solar LLC CSG","state":"MN","detail_file":"data/details/power-plants-60.json","plant_id":"64486","capacity_mw":1.0,"status_group":"Operating","energy_sources":"SUN","type":"Power plant","is_nuclear":false}},{"type":"Feature","geometry":{"type":"Point","coordinates":[-92.627,44.013]},"properties":{"key":"62979-b44667c3","layer":"power","name":"Novel DeCook Solar CSG","state":"MN","detail_file":"data/details/power-plants-30.json","plant_id":"62979","capacity_mw":1.0,"status_group":"Operating","energy_sources":"SUN","type":"Power plant","is_nuclear":false}},{"type":"Feature","geometry":{"type":"Point","coordinates":[-92.75,44.094]},"properties":{"key":"63247-53ba1976","layer":"power","name":"Novel Debra Solar LLC CSG","state":"MN","detail_file":"data/details/power-plants-23.json","plant_id":"63247","capacity_mw":1.0,"status_group":"Operating","energy_sources":"SUN","type":"Power plant","is_nuclear":false}},{"type":"Feature","geometry":{"type":"Point","coordinates":[-94.398,45.468]},"properties":{"key":"64728-fb88302a","layer":"power","name":"Novel Froehle Solar LLC","state":"MN","detail_file":"data/details/power-plants-33.json","plant_id":"64728","capacity_mw":1.0,"status_group":"Operating","energy_sources":"SUN","type":"Power plant","is_nuclear":false}},{"type":"Feature","geometry":{"type":"Point","coordinates":[-94.489,45.618]},"properties":{"key":"69983-ce092dc0","layer":"power","name":"Novel Gertken Solar LLC","state":"MN","detail_file":"data/details/power-plants-14.json","plant_id":"69983","capacity_mw":1.0,"status_group":"Under construction","energy_sources":"SUN","type":"Power plant","is_nuclear":false}},{"type":"Feature","geometry":{"type":"Point","coordinates":[-93.54,44.09]},"properties":{"key":"63005-139a3811","layer":"power","name":"Novel Haley Solar CSG","state":"MN","detail_file":"data/details/power-plants-20.json","plant_id":"63005","capacity_mw":1.0,"status_group":"Operating","energy_sources":"SUN","type":"Power plant","is_nuclear":false}},{"type":"Feature","geometry":{"type":"Point","coordinates":[-95.786,44.782]},"properties":{"key":"64479-b2a0ff30","layer":"power","name":"Novel Handeland Solar LLC (CSG)","state":"MN","detail_file":"data/details/power-plants-57.json","plant_id":"64479","capacity_mw":1.0,"status_group":"Operating","energy_sources":"SUN","type":"Power plant","is_nuclear":false}},{"type":"Feature","geometry":{"type":"Point","coordinates":[-95.148,45.847]},"properties":{"key":"62967-ac1d0d6d","layer":"power","name":"Novel Herickhoff Solar CSG","state":"MN","detail_file":"data/details/power-plants-36.json","plant_id":"62967","capacity_mw":1.0,"status_group":"Operating","energy_sources":"SUN","type":"Power plant","is_nuclear":false}},{"type":"Feature","geometry":{"type":"Point","coordinates":[-95.36,44.788]},"properties":{"key":"62963-3e31bb48","layer":"power","name":"Novel Historical Society Solar CSG","state":"MN","detail_file":"data/details/power-plants-49.json","plant_id":"62963","capacity_mw":1.0,"status_group":"Operating","energy_sources":"SUN","type":"Power plant","is_nuclear":false}},{"type":"Feature","geometry":{"type":"Point","coordinates":[-92.665,44.267]},"properties":{"key":"64487-44adc0a4","layer":"power","name":"Novel Huneke Solar LLC CSG","state":"MN","detail_file":"data/details/power-plants-41.json","plant_id":"64487","capacity_mw":1.0,"status_group":"Operating","energy_sources":"SUN","type":"Power plant","is_nuclear":false}},{"type":"Feature","geometry":{"type":"Point","coordinates":[-93.66,44.21]},"properties":{"key":"62984-05f17efd","layer":"power","name":"Novel Jewison Solar CSG","state":"MN","detail_file":"data/details/power-plants-19.json","plant_id":"62984","capacity_mw":1.0,"status_group":"Operating","energy_sources":"SUN","type":"Power plant","is_nuclear":false}},{"type":"Feature","geometry":{"type":"Point","coordinates":[-93.5,44.05]},"properties":{"key":"62986-0b4d9342","layer":"power","name":"Novel Kanewischer Solar CSG","state":"MN","detail_file":"data/details/power-plants-24.json","plant_id":"62986","capacity_mw":1.0,"status_group":"Operating","energy_sources":"SUN","type":"Power plant","is_nuclear":false}},{"type":"Feature","geometry":{"type":"Point","coordinates":[-92.81,44.946]},"properties":{"key":"63007-efc9dd0a","layer":"power","name":"Novel MNDot Solar CSG","state":"MN","detail_file":"data/details/power-plants-23.json","plant_id":"63007","capacity_mw":1.0,"status_group":"Operating","energy_sources":"SUN","type":"Power plant","is_nuclear":false}},{"type":"Feature","geometry":{"type":"Point","coordinates":[-94.387,44.442]},"properties":{"key":"63987-6ff1e34c","layer":"power","name":"Novel Martens Solar LLC(CSG)","state":"MN","detail_file":"data/details/power-plants-48.json","plant_id":"63987","capacity_mw":1.0,"status_group":"Operating","energy_sources":"SUN","type":"Power plant","is_nuclear":false}},{"type":"Feature","geometry":{"type":"Point","coordinates":[-94.029,44.903]},"properties":{"key":"62779-8b3b0745","layer":"power","name":"Novel Martin Solar One LLC (McLeod) CSG","state":"MN","detail_file":"data/details/power-plants-28.json","plant_id":"62779","capacity_mw":1.0,"status_group":"Operating","energy_sources":"SUN","type":"Power plant","is_nuclear":false}},{"type":"Feature","geometry":{"type":"Point","coordinates":[-95.34,44.651]},"properties":{"key":"64729-201fe831","layer":"power","name":"Novel Milbradt Solar LLC","state":"MN","detail_file":"data/details/power-plants-13.json","plant_id":"64729","capacity_mw":1.0,"status_group":"Operating","energy_sources":"SUN","type":"Power plant","is_nuclear":false}},{"type":"Feature","geometry":{"type":"Point","coordinates":[-93.932,45.659]},"properties":{"key":"64153-86431362","layer":"power","name":"Novel Novak Solar LLC CSG","state":"MN","detail_file":"data/details/power-plants-51.json","plant_id":"64153","capacity_mw":1.0,"status_group":"Operating","energy_sources":"SUN","type":"Power plant","is_nuclear":false}},{"type":"Feature","geometry":{"type":"Point","coordinates":[-95.15,45.85]},"properties":{"key":"61059-3082c9e0","layer":"power","name":"Novel OYA of Osakis CSG","state":"MN","detail_file":"data/details/power-plants-20.json","plant_id":"61059","capacity_mw":5.0,"status_group":"Operating","energy_sources":"SUN","type":"Power plant","is_nuclear":false}},{"type":"Feature","geometry":{"type":"Point","coordinates":[-94.05,45.626]},"properties":{"key":"62983-0c74b324","layer":"power","name":"Novel Pederson Solar CSG","state":"MN","detail_file":"data/details/power-plants-59.json","plant_id":"62983","capacity_mw":1.0,"status_group":"Operating","energy_sources":"SUN","type":"Power plant","is_nuclear":false}},{"type":"Feature","geometry":{"type":"Point","coordinates":[-93.609,44.196]},"properties":{"key":"63009-77e17fc9","layer":"power","name":"Novel Peter Solar CSG","state":"MN","detail_file":"data/details/power-plants-43.json","plant_id":"63009","capacity_mw":1.0,"status_group":"Operating","energy_sources":"SUN","type":"Power plant","is_nuclear":false}},{"type":"Feature","geometry":{"type":"Point","coordinates":[-94.594,45.629]},"properties":{"key":"62962-54ef30cc","layer":"power","name":"Novel Reber Solar CSG","state":"MN","detail_file":"data/details/power-plants-13.json","plant_id":"62962","capacity_mw":1.0,"status_group":"Operating","energy_sources":"SUN","type":"Power plant","is_nuclear":false}},{"type":"Feature","geometry":{"type":"Point","coordinates":[-95.206,44.804]},"properties":{"key":"64484-42fd63e9","layer":"power","name":"Novel Schroeder Solar LLC CSG","state":"MN","detail_file":"data/details/power-plants-34.json","plant_id":"64484","capacity_mw":1.0,"status_group":"Operating","energy_sources":"SUN","type":"Power plant","is_nuclear":false}},{"type":"Feature","geometry":{"type":"Point","coordinates":[-95.643,44.614]},"properties":{"key":"64154-087dc119","layer":"power","name":"Novel Shelly Solar LLC (CSG)","state":"MN","detail_file":"data/details/power-plants-09.json","plant_id":"64154","capacity_mw":1.0,"status_group":"Operating","energy_sources":"SUN","type":"Power plant","is_nuclear":false}},{"type":"Feature","geometry":{"type":"Point","coordinates":[-95.402,45.667]},"properties":{"key":"64482-39d3f741","layer":"power","name":"Novel Stavem Solar LLC CSG","state":"MN","detail_file":"data/details/power-plants-25.json","plant_id":"64482","capacity_mw":1.0,"status_group":"Operating","energy_sources":"SUN","type":"Power plant","is_nuclear":false}},{"type":"Feature","geometry":{"type":"Point","coordinates":[-92.676,45.389]},"properties":{"key":"64563-cf8f675d","layer":"power","name":"Novel Stein Solar LLC CSG","state":"MN","detail_file":"data/details/power-plants-18.json","plant_id":"64563","capacity_mw":1.0,"status_group":"Operating","energy_sources":"SUN","type":"Power plant","is_nuclear":false}},{"type":"Feature","geometry":{"type":"Point","coordinates":[-92.511,44.517]},"properties":{"key":"69142-363198a1","layer":"power","name":"Novel Stumpf 1 Solar CSG","state":"MN","detail_file":"data/details/power-plants-23.json","plant_id":"69142","capacity_mw":1.0,"status_group":"Operating","energy_sources":"SUN","type":"Power plant","is_nuclear":false}},{"type":"Feature","geometry":{"type":"Point","coordinates":[-92.546,44.246]},"properties":{"key":"64483-b524648f","layer":"power","name":"Novel Sunnyfield Farms Solar LLC CSG","state":"MN","detail_file":"data/details/power-plants-00.json","plant_id":"64483","capacity_mw":1.0,"status_group":"Operating","energy_sources":"SUN","type":"Power plant","is_nuclear":false}},{"type":"Feature","geometry":{"type":"Point","coordinates":[-92.866,45.492]},"properties":{"key":"65025-a404fccf","layer":"power","name":"Novel Swenson Solar LLC CSG","state":"MN","detail_file":"data/details/power-plants-01.json","plant_id":"65025","capacity_mw":1.0,"status_group":"Operating","energy_sources":"SUN","type":"Power plant","is_nuclear":false}},{"type":"Feature","geometry":{"type":"Point","coordinates":[-92.746,44.102]},"properties":{"key":"63249-f77d95df","layer":"power","name":"Novel Wayne Solar LLC CSG","state":"MN","detail_file":"data/details/power-plants-19.json","plant_id":"63249","capacity_mw":1.0,"status_group":"Operating","energy_sources":"SUN","type":"Power plant","is_nuclear":false}},{"type":"Feature","geometry":{"type":"Point","coordinates":[-93.555,44.088]},"properties":{"key":"63008-ee39d687","layer":"power","name":"Novel Winegar Partnership Solar CSG","state":"MN","detail_file":"data/details/power-plants-54.json","plant_id":"63008","capacity_mw":1.0,"status_group":"Operating","energy_sources":"SUN","type":"Power plant","is_nuclear":false}},{"type":"Feature","geometry":{"type":"Point","coordinates":[-92.804,45.316]},"properties":{"key":"63401-b561e0ea","layer":"power","name":"Olinda Trail Solar","state":"MN","detail_file":"data/details/power-plants-09.json","plant_id":"63401","capacity_mw":1.0,"status_group":"Operating","energy_sources":"SUN","type":"Power plant","is_nuclear":false}},{"type":"Feature","geometry":{"type":"Point","coordinates":[-92.432,44.026]},"properties":{"key":"50413-34b06eee","layer":"power","name":"Olmsted Waste Energy","state":"MN","detail_file":"data/details/power-plants-54.json","plant_id":"50413","capacity_mw":11.3,"status_group":"Operating","energy_sources":"DFO; MSW","type":"Power plant","is_nuclear":false}},{"type":"Feature","geometry":{"type":"Point","coordinates":[-94.401,45.588]},"properties":{"key":"60716-e6e66d94","layer":"power","name":"Orion Community Solar","state":"MN","detail_file":"data/details/power-plants-58.json","plant_id":"60716","capacity_mw":3.0,"status_group":"Operating","energy_sources":"SUN","type":"Power plant","is_nuclear":false}},{"type":"Feature","geometry":{"type":"Point","coordinates":[-93.23,44.083]},"properties":{"key":"2003-5706e1a6","layer":"power","name":"Owatonna","state":"MN","detail_file":"data/details/power-plants-51.json","plant_id":"2003","capacity_mw":19.0,"status_group":"Operating","energy_sources":"NG","type":"Power plant","is_nuclear":false}},{"type":"Feature","geometry":{"type":"Point","coordinates":[-93.263,44.085]},"properties":{"key":"60254-af795569","layer":"power","name":"Owatonna Energy Station","state":"MN","detail_file":"data/details/power-plants-60.json","plant_id":"60254","capacity_mw":38.8,"status_group":"Operating","energy_sources":"NG","type":"Power plant","is_nuclear":false}},{"type":"Feature","geometry":{"type":"Point","coordinates":[-94.277,44.093]},"properties":{"key":"58197-3e83be33","layer":"power","name":"POET Biorefining Lake Crystal","state":"MN","detail_file":"data/details/power-plants-57.json","plant_id":"58197","capacity_mw":7.0,"status_group":"Operating","energy_sources":"DFO; NG","type":"Power plant","is_nuclear":false}},{"type":"Feature","geometry":{"type":"Point","coordinates":[-92.794,45.491]},"properties":{"key":"64503-f433f723","layer":"power","name":"Palmer Community Solar LLC CSG","state":"MN","detail_file":"data/details/power-plants-53.json","plant_id":"64503","capacity_mw":1.0,"status_group":"Operating","energy_sources":"SUN","type":"Power plant","is_nuclear":false}},{"type":"Feature","geometry":{"type":"Point","coordinates":[-95.569,44.858]},"properties":{"key":"62291-8f5ef3b1","layer":"power","name":"Palmer's Creek Wind Farm, LLC","state":"MN","detail_file":"data/details/power-plants-17.json","plant_id":"62291","capacity_mw":44.6,"status_group":"Operating","energy_sources":"WND","type":"Power plant","is_nuclear":false}},{"type":"Feature","geometry":{"type":"Point","coordinates":[-93.917,44.336]},"properties":{"key":"63678-801476bb","layer":"power","name":"Paulson Community (CSG)","state":"MN","detail_file":"data/details/power-plants-25.json","plant_id":"63678","capacity_mw":1.0,"status_group":"Operating","energy_sources":"SUN","type":"Power plant","is_nuclear":false}},{"type":"Feature","geometry":{"type":"Point","coordinates":[-94.723,45.402]},"properties":{"key":"63596-83db0770","layer":"power","name":"Paynesville CSG1, LLC","state":"MN","detail_file":"data/details/power-plants-27.json","plant_id":"63596","capacity_mw":1.0,"status_group":"Operating","energy_sources":"SUN","type":"Power plant","is_nuclear":false}},{"type":"Feature","geometry":{"type":"Point","coordinates":[-94.715,45.403]},"properties":{"key":"60715-b9864489","layer":"power","name":"Paynesville Community Solar","state":"MN","detail_file":"data/details/power-plants-40.json","plant_id":"60715","capacity_mw":5.0,"status_group":"Operating","energy_sources":"SUN","type":"Power plant","is_nuclear":false}},{"type":"Feature","geometry":{"type":"Point","coordinates":[-94.721,45.393]},"properties":{"key":"60530-8c853c15","layer":"power","name":"Paynesville Solar","state":"MN","detail_file":"data/details/power-plants-17.json","plant_id":"60530","capacity_mw":10.0,"status_group":"Operating","energy_sources":"SUN","type":"Power plant","is_nuclear":false}},{"type":"Feature","geometry":{"type":"Point","coordinates":[-95.125,45.495]},"properties":{"key":"61175-4aa375ad","layer":"power","name":"Pegasus Community Solar","state":"MN","detail_file":"data/details/power-plants-51.json","plant_id":"61175","capacity_mw":2.0,"status_group":"Operating","energy_sources":"SUN","type":"Power plant","is_nuclear":false}},{"type":"Feature","geometry":{"type":"Point","coordinates":[-95.342,44.768]},"properties":{"key":"65223-92d3ce9a","layer":"power","name":"Phare Garden","state":"MN","detail_file":"data/details/power-plants-34.json","plant_id":"65223","capacity_mw":0.9,"status_group":"Operating","energy_sources":"SUN","type":"Power plant","is_nuclear":false}},{"type":"Feature","geometry":{"type":"Point","coordinates":[-94.024,45.429]},"properties":{"key":"66578-427d15ba","layer":"power","name":"Pickerel Garden","state":"MN","detail_file":"data/details/power-plants-44.json","plant_id":"66578","capacity_mw":0.9,"status_group":"Operating","energy_sources":"SUN","type":"Power plant","is_nuclear":false}},{"type":"Feature","geometry":{"type":"Point","coordinates":[-94.485,46.316]},"properties":{"key":"1898-d3b3d04a","layer":"power","name":"Pillager","state":"MN","detail_file":"data/details/power-plants-27.json","plant_id":"1898","capacity_mw":1.6,"status_group":"Operating","energy_sources":"WAT","type":"Power plant","is_nuclear":false}},{"type":"Feature","geometry":{"type":"Point","coordinates":[-92.664,44.207]},"properties":{"key":"60531-97502a02","layer":"power","name":"Pine Island Solar","state":"MN","detail_file":"data/details/power-plants-01.json","plant_id":"60531","capacity_mw":4.0,"status_group":"Operating","energy_sources":"SUN","type":"Power plant","is_nuclear":false}},{"type":"Feature","geometry":{"type":"Point","coordinates":[-92.654,44.22]},"properties":{"key":"60835-0a61c6ad","layer":"power","name":"Pine Island Solar CSG","state":"MN","detail_file":"data/details/power-plants-17.json","plant_id":"60835","capacity_mw":3.9,"status_group":"Operating","energy_sources":"SUN","type":"Power plant","is_nuclear":false}},{"type":"Feature","geometry":{"type":"Point","coordinates":[-93.277,44.126]},"properties":{"key":"66480-260d0d92","layer":"power","name":"Pivot Energy Minnesota Solar 1","state":"MN","detail_file":"data/details/power-plants-45.json","plant_id":"66480","capacity_mw":1.0,"status_group":"Operating","energy_sources":"SUN","type":"Power plant","is_nuclear":false}},{"type":"Feature","geometry":{"type":"Point","coordinates":[-94.863,45.599]},"properties":{"key":"66479-a5725b9a","layer":"power","name":"Pivot Energy Minnesota Solar 10","state":"MN","detail_file":"data/details/power-plants-35.json","plant_id":"66479","capacity_mw":1.0,"status_group":"Operating","energy_sources":"SUN","type":"Power plant","is_nuclear":false}},{"type":"Feature","geometry":{"type":"Point","coordinates":[-95.199,44.935]},"properties":{"key":"69034-4aa2a5f6","layer":"power","name":"Pivot Energy Minnesota Solar 2","state":"MN","detail_file":"data/details/power-plants-33.json","plant_id":"69034","capacity_mw":1.0,"status_group":"Under construction","energy_sources":"SUN","type":"Power plant","is_nuclear":false}},{"type":"Feature","geometry":{"type":"Point","coordinates":[-94.083,44.79]},"properties":{"key":"63597-37ffa6b0","layer":"power","name":"Plato CSG1, LLC","state":"MN","detail_file":"data/details/power-plants-02.json","plant_id":"63597","capacity_mw":1.0,"status_group":"Operating","energy_sources":"SUN","type":"Power plant","is_nuclear":false}},{"type":"Feature","geometry":{"type":"Point","coordinates":[-95.383,44.145]},"properties":{"key":"61687-16a97f73","layer":"power","name":"Plum Creek","state":"MN","detail_file":"data/details/power-plants-48.json","plant_id":"61687","capacity_mw":200.0,"status_group":"Under construction","energy_sources":"WND","type":"Power plant","is_nuclear":false}},{"type":"Feature","geometry":{"type":"Point","coordinates":[-95.526,45.643]},"properties":{"key":"61542-62762ae4","layer":"power","name":"PopeSun CSG, LLC","state":"MN","detail_file":"data/details/power-plants-37.json","plant_id":"61542","capacity_mw":5.0,"status_group":"Operating","energy_sources":"SUN","type":"Power plant","is_nuclear":false}},{"type":"Feature","geometry":{"type":"Point","coordinates":[-93.778,44.851]},"properties":{"key":"61500-1c40d892","layer":"power","name":"Porter Way Community Solar Garden","state":"MN","detail_file":"data/details/power-plants-62.json","plant_id":"61500","capacity_mw":3.0,"status_group":"Operating","energy_sources":"SUN","type":"Power plant","is_nuclear":false}},{"type":"Feature","geometry":{"type":"Point","coordinates":[-92.633,44.622]},"properties":{"key":"1925-dc589896","layer":"power","name":"Prairie Island","state":"MN","detail_file":"data/details/power-plants-35.json","plant_id":"1925","capacity_mw":1186.2,"status_group":"Operating","energy_sources":"NUC","type":"Nuclear power plant","is_nuclear":true}},{"type":"Feature","geometry":{"type":"Point","coordinates":[-93.498,47.287]},"properties":{"key":"378-f7405603","layer":"power","name":"Prairie River","state":"MN","detail_file":"data/details/power-plants-26.json","plant_id":"378","capacity_mw":1.0,"status_group":"Operating","energy_sources":"WAT","type":"Power plant","is_nuclear":false}},{"type":"Feature","geometry":{"type":"Point","coordinates":[-94.045,45.464]},"properties":{"key":"63176-37485703","layer":"power","name":"Prawer Project CSG","state":"MN","detail_file":"data/details/power-plants-16.json","plant_id":"63176","capacity_mw":1.0,"status_group":"Operating","energy_sources":"SUN","type":"Power plant","is_nuclear":false}},{"type":"Feature","geometry":{"type":"Point","coordinates":[-94.911,44.536]},"properties":{"key":"67009-44897daa","layer":"power","name":"Preston Garden (CSG)","state":"MN","detail_file":"data/details/power-plants-09.json","plant_id":"67009","capacity_mw":1.0,"status_group":"Operating","energy_sources":"SUN","type":"Power plant","is_nuclear":false}},{"type":"Feature","geometry":{"type":"Point","coordinates":[-93.979,44.205]},"properties":{"key":"63314-1f474e9f","layer":"power","name":"Primrose Solar, LLC","state":"MN","detail_file":"data/details/power-plants-46.json","plant_id":"63314","capacity_mw":1.0,"status_group":"Operating","energy_sources":"SUN","type":"Power plant","is_nuclear":false}},{"type":"Feature","geometry":{"type":"Point","coordinates":[-93.587,45.569]},"properties":{"key":"2005-14439817","layer":"power","name":"Princeton (MN)","state":"MN","detail_file":"data/details/power-plants-60.json","plant_id":"2005","capacity_mw":12.3,"status_group":"Operating","energy_sources":"DFO","type":"Power plant","is_nuclear":false}},{"type":"Feature","geometry":{"type":"Point","coordinates":[-93.277,44.125]},"properties":{"key":"63816-07505778","layer":"power","name":"RJC CSG, LLC","state":"MN","detail_file":"data/details/power-plants-02.json","plant_id":"63816","capacity_mw":1.0,"status_group":"Operating","energy_sources":"SUN","type":"Power plant","is_nuclear":false}},{"type":"Feature","geometry":{"type":"Point","coordinates":[-93.279,44.125]},"properties":{"key":"61504-45c55cd3","layer":"power","name":"RJC I CSG","state":"MN","detail_file":"data/details/power-plants-53.json","plant_id":"61504","capacity_mw":1.0,"status_group":"Operating","energy_sources":"SUN","type":"Power plant","is_nuclear":false}},{"type":"Feature","geometry":{"type":"Point","coordinates":[-93.257,44.139]},"properties":{"key":"61670-d4e5aadd","layer":"power","name":"RJC II Community Solar Garden","state":"MN","detail_file":"data/details/power-plants-19.json","plant_id":"61670","capacity_mw":1.0,"status_group":"Operating","energy_sources":"SUN","type":"Power plant","is_nuclear":false}},{"type":"Feature","geometry":{"type":"Point","coordinates":[-94.737,45.138]},"properties":{"key":"66084-6b92265d","layer":"power","name":"Rafterville Solar","state":"MN","detail_file":"data/details/power-plants-05.json","plant_id":"66084","capacity_mw":1.0,"status_group":"Operating","energy_sources":"SUN","type":"Power plant","is_nuclear":false}},{"type":"Feature","geometry":{"type":"Point","coordinates":[-92.972,44.528]},"properties":{"key":"62209-1aafe15a","layer":"power","name":"Randolph CSG PV1-5","state":"MN","detail_file":"data/details/power-plants-02.json","plant_id":"62209","capacity_mw":5.0,"status_group":"Operating","energy_sources":"SUN","type":"Power plant","is_nuclear":false}},{"type":"Feature","geometry":{"type":"Point","coordinates":[-94.109,44.093]},"properties":{"key":"52054-4e1dd862","layer":"power","name":"Rapidan Hydro Facility","state":"MN","detail_file":"data/details/power-plants-39.json","plant_id":"52054","capacity_mw":6.8,"status_group":"Operating","energy_sources":"WAT","type":"Power plant","is_nuclear":false}},{"type":"Feature","geometry":{"type":"Point","coordinates":[-93.537,47.235]},"properties":{"key":"10686-12f5331f","layer":"power","name":"Rapids Energy Center","state":"MN","detail_file":"data/details/power-plants-39.json","plant_id":"10686","capacity_mw":28.4,"status_group":"Operating","energy_sources":"NG; WAT","type":"Power plant","is_nuclear":false}},{"type":"Feature","geometry":{"type":"Point","coordinates":[-93.899,44.319]},"properties":{"key":"60962-5797b861","layer":"power","name":"Red Maple Solar","state":"MN","detail_file":"data/details/power-plants-03.json","plant_id":"60962","capacity_mw":3.0,"status_group":"Operating","energy_sources":"SUN","type":"Power plant","is_nuclear":false}},{"type":"Feature","geometry":{"type":"Point","coordinates":[-92.517,44.569]},"properties":{"key":"1926-05085477","layer":"power","name":"Red Wing","state":"MN","detail_file":"data/details/power-plants-00.json","plant_id":"1926","capacity_mw":23.0,"status_group":"Operating","energy_sources":"MSW","type":"Power plant","is_nuclear":false}},{"type":"Feature","geometry":{"type":"Point","coordinates":[-92.516,44.535]},"properties":{"key":"60796-2b490217","layer":"power","name":"Red Wing Community Solar","state":"MN","detail_file":"data/details/power-plants-06.json","plant_id":"60796","capacity_mw":4.9,"status_group":"Operating","energy_sources":"SUN","type":"Power plant","is_nuclear":false}},{"type":"Feature","geometry":{"type":"Point","coordinates":[-95.118,44.543]},"properties":{"key":"2009-5615fb81","layer":"power","name":"Redwood Falls","state":"MN","detail_file":"data/details/power-plants-55.json","plant_id":"2009","capacity_mw":8.5,"status_group":"Operating","energy_sources":"DFO; NG; WAT","type":"Power plant","is_nuclear":false}},{"type":"Feature","geometry":{"type":"Point","coordinates":[-95.175,44.503]},"properties":{"key":"56414-8eb18eb1","layer":"power","name":"Redwood Falls Wind","state":"MN","detail_file":"data/details/power-plants-47.json","plant_id":"56414","capacity_mw":3.4,"status_group":"Operating","energy_sources":"WND","type":"Power plant","is_nuclear":false}},{"type":"Feature","geometry":{"type":"Point","coordinates":[-94.289,44.26]},"properties":{"key":"61383-b00cdbcc","layer":"power","name":"Rengstorf Solar CSG","state":"MN","detail_file":"data/details/power-plants-63.json","plant_id":"61383","capacity_mw":5.0,"status_group":"Operating","energy_sources":"SUN","type":"Power plant","is_nuclear":false}},{"type":"Feature","geometry":{"type":"Point","coordinates":[-93.458,44.22]},"properties":{"key":"64480-e6e0cf9e","layer":"power","name":"Rice Two Solar CSG","state":"MN","detail_file":"data/details/power-plants-43.json","plant_id":"64480","capacity_mw":0.8,"status_group":"Operating","energy_sources":"SUN","type":"Power plant","is_nuclear":false}},{"type":"Feature","geometry":{"type":"Point","coordinates":[-94.514,45.459]},"properties":{"key":"61427-2fdf6b99","layer":"power","name":"Richmond CSG","state":"MN","detail_file":"data/details/power-plants-09.json","plant_id":"61427","capacity_mw":5.0,"status_group":"Operating","energy_sources":"SUN","type":"Power plant","is_nuclear":false}},{"type":"Feature","geometry":{"type":"Point","coordinates":[-92.4,44.108]},"properties":{"key":"69938-b4985b45","layer":"power","name":"Ringe","state":"MN","detail_file":"data/details/power-plants-35.json","plant_id":"69938","capacity_mw":2.5,"status_group":"Under construction","energy_sources":"SUN","type":"Power plant","is_nuclear":false}},{"type":"Feature","geometry":{"type":"Point","coordinates":[-93.275,45.02]},"properties":{"key":"1927-6ff96724","layer":"power","name":"Riverside (MN)","state":"MN","detail_file":"data/details/power-plants-30.json","plant_id":"1927","capacity_mw":585.9,"status_group":"Operating","energy_sources":"NG","type":"Power plant","is_nuclear":false}},{"type":"Feature","geometry":{"type":"Point","coordinates":[-93.239,44.299]},"properties":{"key":"63480-b7ae64b0","layer":"power","name":"Roberds Garden CSG","state":"MN","detail_file":"data/details/power-plants-27.json","plant_id":"63480","capacity_mw":1.0,"status_group":"Operating","energy_sources":"SUN","type":"Power plant","is_nuclear":false}},{"type":"Feature","geometry":{"type":"Point","coordinates":[-92.48,44.213]},"properties":{"key":"2007-cca71ae4","layer":"power","name":"Rochester Hydro","state":"MN","detail_file":"data/details/power-plants-28.json","plant_id":"2007","capacity_mw":2.6,"status_group":"Operating","energy_sources":"WAT","type":"Power plant","is_nuclear":false}},{"type":"Feature","geometry":{"type":"Point","coordinates":[-92.972,45.805]},"properties":{"key":"6741-8b835ade","layer":"power","name":"Rock Lake CT","state":"MN","detail_file":"data/details/power-plants-46.json","plant_id":"6741","capacity_mw":25.0,"status_group":"Operating","energy_sources":"DFO","type":"Power plant","is_nuclear":false}},{"type":"Feature","geometry":{"type":"Point","coordinates":[-93.023,44.722]},"properties":{"key":"60714-d41a9675","layer":"power","name":"Rosemount Community Solar","state":"MN","detail_file":"data/details/power-plants-45.json","plant_id":"60714","capacity_mw":5.0,"status_group":"Operating","energy_sources":"SUN","type":"Power plant","is_nuclear":false}},{"type":"Feature","geometry":{"type":"Point","coordinates":[-93.248,44.979]},"properties":{"key":"57665-0015b718","layer":"power","name":"SAF Hydroelectric LLC","state":"MN","detail_file":"data/details/power-plants-45.json","plant_id":"57665","capacity_mw":9.6,"status_group":"Operating","energy_sources":"WAT","type":"Power plant","is_nuclear":false}},{"type":"Feature","geometry":{"type":"Point","coordinates":[-93.354,45.848]},"properties":{"key":"57903-c673e756","layer":"power","name":"SMMPA Methane Energy Facility","state":"MN","detail_file":"data/details/power-plants-26.json","plant_id":"57903","capacity_mw":1.6,"status_group":"Operating","energy_sources":"LFG","type":"Power plant","is_nuclear":false}},{"type":"Feature","geometry":{"type":"Point","coordinates":[-93.026,44.886]},"properties":{"key":"63178-8112cbcc","layer":"power","name":"STAG St. Paul Project CSG","state":"MN","detail_file":"data/details/power-plants-33.json","plant_id":"63178","capacity_mw":1.0,"status_group":"Operating","energy_sources":"SUN","type":"Power plant","is_nuclear":false}},{"type":"Feature","geometry":{"type":"Point","coordinates":[-92.857,44.943]},"properties":{"key":"67587-7a21998f","layer":"power","name":"SV CSG AFTON I","state":"MN","detail_file":"data/details/power-plants-08.json","plant_id":"67587","capacity_mw":1.0,"status_group":"Operating","energy_sources":"SUN","type":"Power plant","is_nuclear":false}},{"type":"Feature","geometry":{"type":"Point","coordinates":[-95.361,44.783]},"properties":{"key":"63598-5a9c7526","layer":"power","name":"Sacred Heart CSG1, LLC","state":"MN","detail_file":"data/details/power-plants-07.json","plant_id":"63598","capacity_mw":1.0,"status_group":"Operating","energy_sources":"SUN","type":"Power plant","is_nuclear":false}},{"type":"Feature","geometry":{"type":"Point","coordinates":[-95.386,44.948]},"properties":{"key":"61708-6bc64849","layer":"power","name":"Sagitta Community Solar","state":"MN","detail_file":"data/details/power-plants-45.json","plant_id":"61708","capacity_mw":1.0,"status_group":"Operating","energy_sources":"SUN","type":"Power plant","is_nuclear":false}},{"type":"Feature","geometry":{"type":"Point","coordinates":[-92.48,44.098]},"properties":{"key":"54262-d8893f1a","layer":"power","name":"Saint Marys Hospital Power Plant","state":"MN","detail_file":"data/details/power-plants-15.json","plant_id":"54262","capacity_mw":16.3,"status_group":"Operating","energy_sources":"DFO; NG","type":"Power plant","is_nuclear":false}},{"type":"Feature","geometry":{"type":"Point","coordinates":[-93.388,45.417]},"properties":{"key":"64708-3af686f4","layer":"power","name":"Santee Solar Partners, LLC","state":"MN","detail_file":"data/details/power-plants-05.json","plant_id":"64708","capacity_mw":3.3,"status_group":"Operating","energy_sources":"SUN","type":"Power plant","is_nuclear":false}},{"type":"Feature","geometry":{"type":"Point","coordinates":[-92.43,46.724]},"properties":{"key":"50639-d0a2146d","layer":"power","name":"Sappi Cloquet Mill","state":"MN","detail_file":"data/details/power-plants-19.json","plant_id":"50639","capacity_mw":94.5,"status_group":"Operating","energy_sources":"BLQ; WAT; WDS","type":"Power plant","is_nuclear":false}},{"type":"Feature","geometry":{"type":"Point","coordinates":[-94.201,45.618]},"properties":{"key":"50252-aff20ae1","layer":"power","name":"Sartell Dam","state":"MN","detail_file":"data/details/power-plants-61.json","plant_id":"50252","capacity_mw":9.3,"status_group":"Operating","energy_sources":"WAT","type":"Power plant","is_nuclear":false}},{"type":"Feature","geometry":{"type":"Point","coordinates":[-94.123,45.364]},"properties":{"key":"62036-63ac75b6","layer":"power","name":"Sartell Holdco CSG","state":"MN","detail_file":"data/details/power-plants-14.json","plant_id":"62036","capacity_mw":5.0,"status_group":"Operating","energy_sources":"SUN","type":"Power plant","is_nuclear":false}},{"type":"Feature","geometry":{"type":"Point","coordinates":[-92.877,45.253]},"properties":{"key":"61585-f2b3cabd","layer":"power","name":"Scandia CSG","state":"MN","detail_file":"data/details/power-plants-40.json","plant_id":"61585","capacity_mw":5.0,"status_group":"Operating","energy_sources":"SUN","type":"Power plant","is_nuclear":false}},{"type":"Feature","geometry":{"type":"Point","coordinates":[-92.812,45.287]},"properties":{"key":"61669-c0ceb3cf","layer":"power","name":"Scandia Community Solar Garden","state":"MN","detail_file":"data/details/power-plants-27.json","plant_id":"61669","capacity_mw":2.5,"status_group":"Operating","energy_sources":"SUN","type":"Power plant","is_nuclear":false}},{"type":"Feature","geometry":{"type":"Point","coordinates":[-92.422,46.709]},"properties":{"key":"1899-1f133a48","layer":"power","name":"Scanlon","state":"MN","detail_file":"data/details/power-plants-33.json","plant_id":"1899","capacity_mw":1.6,"status_group":"Operating","energy_sources":"WAT","type":"Power plant","is_nuclear":false}},{"type":"Feature","geometry":{"type":"Point","coordinates":[-93.969,44.179]},"properties":{"key":"61516-8395db93","layer":"power","name":"School Sisters CSG","state":"MN","detail_file":"data/details/power-plants-38.json","plant_id":"61516","capacity_mw":1.0,"status_group":"Operating","energy_sources":"SUN","type":"Power plant","is_nuclear":false}},{"type":"Feature","geometry":{"type":"Point","coordinates":[-94.088,45.306]},"properties":{"key":"63658-d1799f48","layer":"power","name":"Schueler Community Solar","state":"MN","detail_file":"data/details/power-plants-28.json","plant_id":"63658","capacity_mw":1.0,"status_group":"Operating","energy_sources":"SUN","type":"Power plant","is_nuclear":false}},{"type":"Feature","geometry":{"type":"Point","coordinates":[-93.376,44.558]},"properties":{"key":"62088-8ffa7fe4","layer":"power","name":"Schultz CSG","state":"MN","detail_file":"data/details/power-plants-06.json","plant_id":"62088","capacity_mw":1.8,"status_group":"Operating","energy_sources":"SUN","type":"Power plant","is_nuclear":false}},{"type":"Feature","geometry":{"type":"Point","coordinates":[-94.596,45.627]},"properties":{"key":"63177-6e6e5a10","layer":"power","name":"Schwinghamer Project CSG","state":"MN","detail_file":"data/details/power-plants-59.json","plant_id":"63177","capacity_mw":1.0,"status_group":"Operating","energy_sources":"SUN","type":"Power plant","is_nuclear":false}},{"type":"Feature","geometry":{"type":"Point","coordinates":[-93.496,44.001]},"properties":{"key":"63934-b7368082","layer":"power","name":"Severson Garden","state":"MN","detail_file":"data/details/power-plants-22.json","plant_id":"63934","capacity_mw":1.0,"status_group":"Operating","energy_sources":"SUN","type":"Power plant","is_nuclear":false}},{"type":"Feature","geometry":{"type":"Point","coordinates":[-93.481,44.784]},"properties":{"key":"60647-da9233fc","layer":"power","name":"Shakopee Energy Park","state":"MN","detail_file":"data/details/power-plants-37.json","plant_id":"60647","capacity_mw":46.5,"status_group":"Operating","energy_sources":"NG","type":"Power plant","is_nuclear":false}},{"type":"Feature","geometry":{"type":"Point","coordinates":[-93.437,44.797]},"properties":{"key":"60919-4b03077e","layer":"power","name":"Shakopee Met Council WTP","state":"MN","detail_file":"data/details/power-plants-15.json","plant_id":"60919","capacity_mw":1.3,"status_group":"Operating","energy_sources":"SUN","type":"Power plant","is_nuclear":false}},{"type":"Feature","geometry":{"type":"Point","coordinates":[-94.044,45.438]},"properties":{"key":"61672-e3817131","layer":"power","name":"Sherburne Community Solar","state":"MN","detail_file":"data/details/power-plants-62.json","plant_id":"61672","capacity_mw":5.0,"status_group":"Operating","energy_sources":"SUN","type":"Power plant","is_nuclear":false}},{"type":"Feature","geometry":{"type":"Point","coordinates":[-94.136,45.532]},"properties":{"key":"63122-2c18723e","layer":"power","name":"Sherburne Community Solar One LLC CSG","state":"MN","detail_file":"data/details/power-plants-39.json","plant_id":"63122","capacity_mw":1.0,"status_group":"Operating","energy_sources":"SUN","type":"Power plant","is_nuclear":false}},{"type":"Feature","geometry":{"type":"Point","coordinates":[-93.893,45.381]},"properties":{"key":"6090-b23b893a","layer":"power","name":"Sherburne County","state":"MN","detail_file":"data/details/power-plants-33.json","plant_id":"6090","capacity_mw":1704.0,"status_group":"Operating","energy_sources":"SUB","type":"Power plant","is_nuclear":false}},{"type":"Feature","geometry":{"type":"Point","coordinates":[-94.114,45.498]},"properties":{"key":"61762-60598fe1","layer":"power","name":"Sherburne North Project CSG","state":"MN","detail_file":"data/details/power-plants-60.json","plant_id":"61762","capacity_mw":5.0,"status_group":"Operating","energy_sources":"SUN","type":"Power plant","is_nuclear":false}},{"type":"Feature","geometry":{"type":"Point","coordinates":[-93.594,45.543]},"properties":{"key":"67943-0fef2aa9","layer":"power","name":"Sherburne Solar Holdings, LLC","state":"MN","detail_file":"data/details/power-plants-48.json","plant_id":"67943","capacity_mw":3.0,"status_group":"Operating","energy_sources":"SUN","type":"Power plant","is_nuclear":false}},{"type":"Feature","geometry":{"type":"Point","coordinates":[-93.9,45.372]},"properties":{"key":"70097-5bb40d88","layer":"power","name":"Sherco BESS","state":"MN","detail_file":"data/details/power-plants-13.json","plant_id":"70097","capacity_mw":600.0,"status_group":"Under construction","energy_sources":"MWH","type":"Power plant","is_nuclear":false}},{"type":"Feature","geometry":{"type":"Point","coordinates":[-93.897,45.375]},"properties":{"key":"68988-a688a9ac","layer":"power","name":"Sherco LDES","state":"MN","detail_file":"data/details/power-plants-16.json","plant_id":"68988","capacity_mw":10.0,"status_group":"Under construction","energy_sources":"MWH","type":"Power plant","is_nuclear":false}},{"type":"Feature","geometry":{"type":"Point","coordinates":[-93.936,45.407]},"properties":{"key":"67909-0b938efd","layer":"power","name":"Sherco Solar I","state":"MN","detail_file":"data/details/power-plants-12.json","plant_id":"67909","capacity_mw":222.9,"status_group":"Operating","energy_sources":"SUN","type":"Power plant","is_nuclear":false}},{"type":"Feature","geometry":{"type":"Point","coordinates":[-93.868,45.372]},"properties":{"key":"68776-6ed037e8","layer":"power","name":"Sherco Solar II","state":"MN","detail_file":"data/details/power-plants-46.json","plant_id":"68776","capacity_mw":237.1,"status_group":"Operating","energy_sources":"SUN","type":"Power plant","is_nuclear":false}},{"type":"Feature","geometry":{"type":"Point","coordinates":[-94.008,45.433]},"properties":{"key":"68777-18b498b6","layer":"power","name":"Sherco Solar III","state":"MN","detail_file":"data/details/power-plants-03.json","plant_id":"68777","capacity_mw":250.0,"status_group":"Operating","energy_sources":"SUN","type":"Power plant","is_nuclear":false}},{"type":"Feature","geometry":{"type":"Point","coordinates":[-92.557,44.272]},"properties":{"key":"63657-6d9687dc","layer":"power","name":"Siems Solar Project CSG","state":"MN","detail_file":"data/details/power-plants-10.json","plant_id":"63657","capacity_mw":1.0,"status_group":"Operating","energy_sources":"SUN","type":"Power plant","is_nuclear":false}},{"type":"Feature","geometry":{"type":"Point","coordinates":[-93.495,44.008]},"properties":{"key":"63936-3def5ee1","layer":"power","name":"Silver Lake Garden","state":"MN","detail_file":"data/details/power-plants-10.json","plant_id":"63936","capacity_mw":1.0,"status_group":"Operating","energy_sources":"SUN","type":"Power plant","is_nuclear":false}},{"type":"Feature","geometry":{"type":"Point","coordinates":[-95.369,44.787]},"properties":{"key":"66016-16bf097b","layer":"power","name":"Skalbeck Solar","state":"MN","detail_file":"data/details/power-plants-35.json","plant_id":"66016","capacity_mw":1.0,"status_group":"Operating","energy_sources":"SUN","type":"Power plant","is_nuclear":false}},{"type":"Feature","geometry":{"type":"Point","coordinates":[-94.725,44.298]},"properties":{"key":"2011-a938bc17","layer":"power","name":"Sleepy Eye","state":"MN","detail_file":"data/details/power-plants-14.json","plant_id":"2011","capacity_mw":11.4,"status_group":"Operating","energy_sources":"DFO","type":"Power plant","is_nuclear":false}},{"type":"Feature","geometry":{"type":"Point","coordinates":[-94.021,45.424]},"properties":{"key":"63791-e531e05b","layer":"power","name":"Sobania Community Solar LLC","state":"MN","detail_file":"data/details/power-plants-49.json","plant_id":"63791","capacity_mw":1.0,"status_group":"Operating","energy_sources":"SUN","type":"Power plant","is_nuclear":false}},{"type":"Feature","geometry":{"type":"Point","coordinates":[-95.53,45.642]},"properties":{"key":"67331-86005b2c","layer":"power","name":"SolarClub 03","state":"MN","detail_file":"data/details/power-plants-35.json","plant_id":"67331","capacity_mw":1.0,"status_group":"Operating","energy_sources":"SUN","type":"Power plant","is_nuclear":false}},{"type":"Feature","geometry":{"type":"Point","coordinates":[-93.83,45.273]},"properties":{"key":"65448-3eb125c6","layer":"power","name":"SolarClub 10 LLC","state":"MN","detail_file":"data/details/power-plants-39.json","plant_id":"65448","capacity_mw":1.0,"status_group":"Operating","energy_sources":"SUN","type":"Power plant","is_nuclear":false}},{"type":"Feature","geometry":{"type":"Point","coordinates":[-94.026,45.43]},"properties":{"key":"65449-a77702ae","layer":"power","name":"SolarClub 15 LLC","state":"MN","detail_file":"data/details/power-plants-56.json","plant_id":"65449","capacity_mw":1.0,"status_group":"Operating","energy_sources":"SUN","type":"Power plant","is_nuclear":false}},{"type":"Feature","geometry":{"type":"Point","coordinates":[-92.028,44.368]},"properties":{"key":"65451-0156ca10","layer":"power","name":"SolarClub 20 LLC","state":"MN","detail_file":"data/details/power-plants-31.json","plant_id":"65451","capacity_mw":1.0,"status_group":"Operating","energy_sources":"SUN","type":"Power plant","is_nuclear":false}},{"type":"Feature","geometry":{"type":"Point","coordinates":[-94.226,44.543]},"properties":{"key":"65453-6bca8ded","layer":"power","name":"SolarClub 28 LLC","state":"MN","detail_file":"data/details/power-plants-13.json","plant_id":"65453","capacity_mw":1.0,"status_group":"Operating","energy_sources":"SUN","type":"Power plant","is_nuclear":false}},{"type":"Feature","geometry":{"type":"Point","coordinates":[-94.555,45.319]},"properties":{"key":"67332-b3c97f87","layer":"power","name":"SolarClub 30 (CSG)","state":"MN","detail_file":"data/details/power-plants-62.json","plant_id":"67332","capacity_mw":1.0,"status_group":"Operating","energy_sources":"SUN","type":"Power plant","is_nuclear":false}},{"type":"Feature","geometry":{"type":"Point","coordinates":[-94.077,44.101]},"properties":{"key":"65455-f0daed32","layer":"power","name":"SolarClub 35 LLC","state":"MN","detail_file":"data/details/power-plants-53.json","plant_id":"65455","capacity_mw":1.0,"status_group":"Operating","energy_sources":"SUN","type":"Power plant","is_nuclear":false}},{"type":"Feature","geometry":{"type":"Point","coordinates":[-95.13,47.545]},"properties":{"key":"7947-1dec3ec0","layer":"power","name":"Solway CT","state":"MN","detail_file":"data/details/power-plants-41.json","plant_id":"7947","capacity_mw":51.3,"status_group":"Operating","energy_sources":"DFO; NG","type":"Power plant","is_nuclear":false}},{"type":"Feature","geometry":{"type":"Point","coordinates":[-95.13,47.547]},"properties":{"key":"68340-80171d66","layer":"power","name":"Solway Solar","state":"MN","detail_file":"data/details/power-plants-50.json","plant_id":"68340","capacity_mw":50.0,"status_group":"Under construction","energy_sources":"SUN","type":"Power plant","is_nuclear":false}},{"type":"Feature","geometry":{"type":"Point","coordinates":[-94.077,44.949]},"properties":{"key":"65989-dcf93862","layer":"power","name":"South Garden","state":"MN","detail_file":"data/details/power-plants-08.json","plant_id":"65989","capacity_mw":1.0,"status_group":"Operating","energy_sources":"SUN","type":"Power plant","is_nuclear":false}},{"type":"Feature","geometry":{"type":"Point","coordinates":[-95.112,44.533]},"properties":{"key":"7982-1d7465dc","layer":"power","name":"South Generation","state":"MN","detail_file":"data/details/power-plants-15.json","plant_id":"7982","capacity_mw":6.6,"status_group":"Operating","energy_sources":"DFO","type":"Power plant","is_nuclear":false}},{"type":"Feature","geometry":{"type":"Point","coordinates":[-93.25,44.981]},"properties":{"key":"57966-3739b8e4","layer":"power","name":"Southeast Steam Plant","state":"MN","detail_file":"data/details/power-plants-07.json","plant_id":"57966","capacity_mw":13.0,"status_group":"Operating","energy_sources":"NG","type":"Power plant","is_nuclear":false}},{"type":"Feature","geometry":{"type":"Point","coordinates":[-95.18,44.796]},"properties":{"key":"54533-7f61e35b","layer":"power","name":"Southern Minnesota Beet Sugar","state":"MN","detail_file":"data/details/power-plants-24.json","plant_id":"54533","capacity_mw":7.5,"status_group":"Operating","energy_sources":"SUB","type":"Power plant","is_nuclear":false}},{"type":"Feature","geometry":{"type":"Point","coordinates":[-94.854,44.936]},"properties":{"key":"60943-bc7e96fe","layer":"power","name":"Spica Community Solar","state":"MN","detail_file":"data/details/power-plants-04.json","plant_id":"60943","capacity_mw":2.0,"status_group":"Operating","energy_sources":"SUN","type":"Power plant","is_nuclear":false}},{"type":"Feature","geometry":{"type":"Point","coordinates":[-94.976,44.24]},"properties":{"key":"2012-1b29c3e2","layer":"power","name":"Springfield (MN)","state":"MN","detail_file":"data/details/power-plants-07.json","plant_id":"2012","capacity_mw":9.0,"status_group":"Operating","energy_sources":"DFO","type":"Power plant","is_nuclear":false}},{"type":"Feature","geometry":{"type":"Point","coordinates":[-94.249,44.816]},"properties":{"key":"57017-3a15cbff","layer":"power","name":"Spruce Ridge Gas Recovery","state":"MN","detail_file":"data/details/power-plants-57.json","plant_id":"57017","capacity_mw":3.2,"status_group":"Operating","energy_sources":"LFG","type":"Power plant","is_nuclear":false}},{"type":"Feature","geometry":{"type":"Point","coordinates":[-93.821,44.905]},"properties":{"key":"6824-f86eb771","layer":"power","name":"St Bonifacius","state":"MN","detail_file":"data/details/power-plants-44.json","plant_id":"6824","capacity_mw":61.2,"status_group":"Operating","energy_sources":"DFO","type":"Power plant","is_nuclear":false}},{"type":"Feature","geometry":{"type":"Point","coordinates":[-93.097,44.943]},"properties":{"key":"56643-29360f2f","layer":"power","name":"St Paul Cogeneration","state":"MN","detail_file":"data/details/power-plants-49.json","plant_id":"56643","capacity_mw":37.0,"status_group":"Operating","energy_sources":"WDS","type":"Power plant","is_nuclear":false}},{"type":"Feature","geometry":{"type":"Point","coordinates":[-94.149,45.548]},"properties":{"key":"64242-2510db79","layer":"power","name":"St. Cloud Hydro","state":"MN","detail_file":"data/details/power-plants-00.json","plant_id":"64242","capacity_mw":8.6,"status_group":"Operating","energy_sources":"WAT","type":"Power plant","is_nuclear":false}},{"type":"Feature","geometry":{"type":"Point","coordinates":[-94.121,45.477]},"properties":{"key":"61384-4b1a5f87","layer":"power","name":"St. Cloud Solar CSG","state":"MN","detail_file":"data/details/power-plants-10.json","plant_id":"61384","capacity_mw":5.0,"status_group":"Operating","energy_sources":"SUN","type":"Power plant","is_nuclear":false}},{"type":"Feature","geometry":{"type":"Point","coordinates":[-93.181,44.461]},"properties":{"key":"58996-97940717","layer":"power","name":"St. Olaf StandBy Generators","state":"MN","detail_file":"data/details/power-plants-58.json","plant_id":"58996","capacity_mw":4.1,"status_group":"Operating","energy_sources":"DFO","type":"Power plant","is_nuclear":false}},{"type":"Feature","geometry":{"type":"Point","coordinates":[-93.193,44.462]},"properties":{"key":"58995-b500a1e1","layer":"power","name":"St. Olaf Wind Turbine","state":"MN","detail_file":"data/details/power-plants-59.json","plant_id":"58995","capacity_mw":1.6,"status_group":"Operating","energy_sources":"WND","type":"Power plant","is_nuclear":false}},{"type":"Feature","geometry":{"type":"Point","coordinates":[-93.21,44.88]},"properties":{"key":"59709-7be9555c","layer":"power","name":"St. Paul Intl Airport Red & Blue Parking","state":"MN","detail_file":"data/details/power-plants-61.json","plant_id":"59709","capacity_mw":3.2,"status_group":"Operating","energy_sources":"SUN","type":"Power plant","is_nuclear":false}},{"type":"Feature","geometry":{"type":"Point","coordinates":[-95.531,45.651]},"properties":{"key":"63395-ae98a8b4","layer":"power","name":"Star Garden","state":"MN","detail_file":"data/details/power-plants-02.json","plant_id":"63395","capacity_mw":1.0,"status_group":"Operating","energy_sources":"SUN","type":"Power plant","is_nuclear":false}},{"type":"Feature","geometry":{"type":"Point","coordinates":[-94.486,45.618]},"properties":{"key":"63121-856e9cda","layer":"power","name":"Stearns Community Solar One LLC CSG","state":"MN","detail_file":"data/details/power-plants-54.json","plant_id":"63121","capacity_mw":1.0,"status_group":"Operating","energy_sources":"SUN","type":"Power plant","is_nuclear":false}},{"type":"Feature","geometry":{"type":"Point","coordinates":[-94.558,45.65]},"properties":{"key":"63400-c7c0899f","layer":"power","name":"Stearns Solar I","state":"MN","detail_file":"data/details/power-plants-38.json","plant_id":"63400","capacity_mw":1.0,"status_group":"Operating","energy_sources":"SUN","type":"Power plant","is_nuclear":false}},{"type":"Feature","geometry":{"type":"Point","coordinates":[-95.904,45.585]},"properties":{"key":"56245-8f2e5bce","layer":"power","name":"Stevens Community Medical Center","state":"MN","detail_file":"data/details/power-plants-03.json","plant_id":"56245","capacity_mw":1.0,"status_group":"Operating","energy_sources":"DFO","type":"Power plant","is_nuclear":false}},{"type":"Feature","geometry":{"type":"Point","coordinates":[-93.942,45.661]},"properties":{"key":"63794-78ab28f6","layer":"power","name":"Stevens Community Solar LLC","state":"MN","detail_file":"data/details/power-plants-63.json","plant_id":"63794","capacity_mw":1.0,"status_group":"Operating","energy_sources":"SUN","type":"Power plant","is_nuclear":false}},{"type":"Feature","geometry":{"type":"Point","coordinates":[-94.495,44.726]},"properties":{"key":"63599-dc6d8666","layer":"power","name":"Stewart CSG1, LLC","state":"MN","detail_file":"data/details/power-plants-12.json","plant_id":"63599","capacity_mw":1.0,"status_group":"Operating","energy_sources":"SUN","type":"Power plant","is_nuclear":false}},{"type":"Feature","geometry":{"type":"Point","coordinates":[-93.273,44.253]},"properties":{"key":"63424-0b14cf41","layer":"power","name":"Straight Garden Solar","state":"MN","detail_file":"data/details/power-plants-32.json","plant_id":"63424","capacity_mw":1.0,"status_group":"Operating","energy_sources":"SUN","type":"Power plant","is_nuclear":false}},{"type":"Feature","geometry":{"type":"Point","coordinates":[-95.53,45.657]},"properties":{"key":"63367-3436aa62","layer":"power","name":"Strandness Garden","state":"MN","detail_file":"data/details/power-plants-59.json","plant_id":"63367","capacity_mw":1.0,"status_group":"Operating","energy_sources":"SUN","type":"Power plant","is_nuclear":false}},{"type":"Feature","geometry":{"type":"Point","coordinates":[-94.05,45.63]},"properties":{"key":"63793-4da2eabe","layer":"power","name":"Studenski Community Solar LLC CSG","state":"MN","detail_file":"data/details/power-plants-57.json","plant_id":"63793","capacity_mw":1.0,"status_group":"Operating","energy_sources":"SUN","type":"Power plant","is_nuclear":false}},{"type":"Feature","geometry":{"type":"Point","coordinates":[-92.571,44.385]},"properties":{"key":"66579-22b5f20b","layer":"power","name":"Sturgeon Garden","state":"MN","detail_file":"data/details/power-plants-25.json","plant_id":"66579","capacity_mw":0.9,"status_group":"Operating","energy_sources":"SUN","type":"Power plant","is_nuclear":false}},{"type":"Feature","geometry":{"type":"Point","coordinates":[-93.11,44.655]},"properties":{"key":"61478-6782ee5a","layer":"power","name":"SunE Feely 1 CSG, LLC","state":"MN","detail_file":"data/details/power-plants-40.json","plant_id":"61478","capacity_mw":5.0,"status_group":"Operating","energy_sources":"SUN","type":"Power plant","is_nuclear":false}},{"type":"Feature","geometry":{"type":"Point","coordinates":[-93.35,44.174]},"properties":{"key":"61485-5a24f74f","layer":"power","name":"SunE Stolee CSG, LLC","state":"MN","detail_file":"data/details/power-plants-14.json","plant_id":"61485","capacity_mw":3.0,"status_group":"Operating","energy_sources":"SUN","type":"Power plant","is_nuclear":false}},{"type":"Feature","geometry":{"type":"Point","coordinates":[-92.891,45.475]},"properties":{"key":"60713-db28e123","layer":"power","name":"Sunrise Community Solar","state":"MN","detail_file":"data/details/power-plants-33.json","plant_id":"60713","capacity_mw":5.0,"status_group":"Operating","energy_sources":"SUN","type":"Power plant","is_nuclear":false}},{"type":"Feature","geometry":{"type":"Point","coordinates":[-93.919,45.678]},"properties":{"key":"63792-43351b3b","layer":"power","name":"Svihel Community Solar LLC CSG","state":"MN","detail_file":"data/details/power-plants-02.json","plant_id":"63792","capacity_mw":1.0,"status_group":"Operating","energy_sources":"SUN","type":"Power plant","is_nuclear":false}},{"type":"Feature","geometry":{"type":"Point","coordinates":[-95.265,45.72]},"properties":{"key":"64697-d8ca0cff","layer":"power","name":"Swan Garden","state":"MN","detail_file":"data/details/power-plants-25.json","plant_id":"64697","capacity_mw":1.0,"status_group":"Operating","energy_sources":"SUN","type":"Power plant","is_nuclear":false}},{"type":"Feature","geometry":{"type":"Point","coordinates":[-92.162,47.531]},"properties":{"key":"1891-5545b47e","layer":"power","name":"Syl Laskin","state":"MN","detail_file":"data/details/power-plants-19.json","plant_id":"1891","capacity_mw":116.0,"status_group":"Operating","energy_sources":"NG","type":"Power plant","is_nuclear":false}},{"type":"Feature","geometry":{"type":"Point","coordinates":[-94.377,46.305]},"properties":{"key":"1900-b32a288d","layer":"power","name":"Sylvan","state":"MN","detail_file":"data/details/power-plants-11.json","plant_id":"1900","capacity_mw":1.8,"status_group":"Operating","energy_sources":"WAT","type":"Power plant","is_nuclear":false}},{"type":"Feature","geometry":{"type":"Point","coordinates":[-94.388,46.324]},"properties":{"key":"66683-be5eabb6","layer":"power","name":"Sylvan Solar","state":"MN","detail_file":"data/details/power-plants-44.json","plant_id":"66683","capacity_mw":15.2,"status_group":"Operating","energy_sources":"SUN","type":"Power plant","is_nuclear":false}},{"type":"Feature","geometry":{"type":"Point","coordinates":[-95.357,44.956]},"properties":{"key":"61980-5e7cbc1f","layer":"power","name":"Syncarpha Clara City CSG I (Stamer)","state":"MN","detail_file":"data/details/power-plants-44.json","plant_id":"61980","capacity_mw":1.0,"status_group":"Operating","energy_sources":"SUN","type":"Power plant","is_nuclear":false}},{"type":"Feature","geometry":{"type":"Point","coordinates":[-92.881,44.045]},"properties":{"key":"62053-04eef558","layer":"power","name":"Syncarpha Dodge 1 CSG","state":"MN","detail_file":"data/details/power-plants-62.json","plant_id":"62053","capacity_mw":1.0,"status_group":"Operating","energy_sources":"SUN","type":"Power plant","is_nuclear":false}},{"type":"Feature","geometry":{"type":"Point","coordinates":[-95.188,44.932]},"properties":{"key":"61979-58e87c6c","layer":"power","name":"Syncarpha Prinsburg CSG (Ledeboer)","state":"MN","detail_file":"data/details/power-plants-31.json","plant_id":"61979","capacity_mw":1.0,"status_group":"Operating","energy_sources":"SUN","type":"Power plant","is_nuclear":false}},{"type":"Feature","geometry":{"type":"Point","coordinates":[-92.682,44.282]},"properties":{"key":"64056-2ae5c361","layer":"power","name":"T Luhman CSG","state":"MN","detail_file":"data/details/power-plants-13.json","plant_id":"64056","capacity_mw":1.0,"status_group":"Operating","energy_sources":"SUN","type":"Power plant","is_nuclear":false}},{"type":"Feature","geometry":{"type":"Point","coordinates":[-92.592,47.575]},"properties":{"key":"56630-2bb9ea20","layer":"power","name":"Taconite Ridge 1 Wind Energy Center","state":"MN","detail_file":"data/details/power-plants-60.json","plant_id":"56630","capacity_mw":25.0,"status_group":"Operating","energy_sources":"WND","type":"Power plant","is_nuclear":false}},{"type":"Feature","geometry":{"type":"Point","coordinates":[-93.884,45.211]},"properties":{"key":"61680-6054995a","layer":"power","name":"Tatanka Wi","state":"MN","detail_file":"data/details/power-plants-23.json","plant_id":"61680","capacity_mw":7.1,"status_group":"Operating","energy_sources":"SUN","type":"Power plant","is_nuclear":false}},{"type":"Feature","geometry":{"type":"Point","coordinates":[-95.691,44.95]},"properties":{"key":"61174-681eba6d","layer":"power","name":"Taurus Community Solar","state":"MN","detail_file":"data/details/power-plants-27.json","plant_id":"61174","capacity_mw":4.0,"status_group":"Operating","energy_sources":"SUN","type":"Power plant","is_nuclear":false}},{"type":"Feature","geometry":{"type":"Point","coordinates":[-92.684,45.392]},"properties":{"key":"61428-76e79686","layer":"power","name":"Taylors Falls CSG","state":"MN","detail_file":"data/details/power-plants-61.json","plant_id":"61428","capacity_mw":5.0,"status_group":"Operating","energy_sources":"SUN","type":"Power plant","is_nuclear":false}},{"type":"Feature","geometry":{"type":"Point","coordinates":[-92.333,46.655]},"properties":{"key":"1901-c34967f2","layer":"power","name":"Thomson","state":"MN","detail_file":"data/details/power-plants-18.json","plant_id":"1901","capacity_mw":72.6,"status_group":"Operating","energy_sources":"WAT","type":"Power plant","is_nuclear":false}},{"type":"Feature","geometry":{"type":"Point","coordinates":[-93.116,44.82]},"properties":{"key":"55133-1c7be417","layer":"power","name":"Thomson Reuters Campus Bldg A-D","state":"MN","detail_file":"data/details/power-plants-47.json","plant_id":"55133","capacity_mw":14.0,"status_group":"Operating","energy_sources":"DFO","type":"Power plant","is_nuclear":false}},{"type":"Feature","geometry":{"type":"Point","coordinates":[-93.114,44.824]},"properties":{"key":"57207-1d46cc06","layer":"power","name":"Thomson Reuters Data Center Bldg ES101","state":"MN","detail_file":"data/details/power-plants-10.json","plant_id":"57207","capacity_mw":1.2,"status_group":"Operating","energy_sources":"DFO","type":"Power plant","is_nuclear":false}},{"type":"Feature","geometry":{"type":"Point","coordinates":[-94.04,45.435]},"properties":{"key":"62098-a670d726","layer":"power","name":"Tiller CSG","state":"MN","detail_file":"data/details/power-plants-24.json","plant_id":"62098","capacity_mw":5.0,"status_group":"Operating","energy_sources":"SUN","type":"Power plant","is_nuclear":false}},{"type":"Feature","geometry":{"type":"Point","coordinates":[-95.881,44.235]},"properties":{"key":"65974-69ac353c","layer":"power","name":"Timmerman (CSG)","state":"MN","detail_file":"data/details/power-plants-61.json","plant_id":"65974","capacity_mw":1.0,"status_group":"Operating","energy_sources":"SUN","type":"Power plant","is_nuclear":false}},{"type":"Feature","geometry":{"type":"Point","coordinates":[-92.643,44.632]},"properties":{"key":"69368-6fa33322","layer":"power","name":"Tinta Wita 5 MW Solar PV System","state":"MN","detail_file":"data/details/power-plants-50.json","plant_id":"69368","capacity_mw":4.5,"status_group":"Operating","energy_sources":"SUN","type":"Power plant","is_nuclear":false}},{"type":"Feature","geometry":{"type":"Point","coordinates":[-94.223,44.543]},"properties":{"key":"66004-f13849ba","layer":"power","name":"Titlow Garden LLC CSG","state":"MN","detail_file":"data/details/power-plants-09.json","plant_id":"66004","capacity_mw":1.0,"status_group":"Operating","energy_sources":"SUN","type":"Power plant","is_nuclear":false}},{"type":"Feature","geometry":{"type":"Point","coordinates":[-92.674,44.025]},"properties":{"key":"64099-81c62f06","layer":"power","name":"Tweite Community Solar LLC","state":"MN","detail_file":"data/details/power-plants-17.json","plant_id":"64099","capacity_mw":1.0,"status_group":"Operating","energy_sources":"SUN","type":"Power plant","is_nuclear":false}},{"type":"Feature","geometry":{"type":"Point","coordinates":[-93.199,44.916]},"properties":{"key":"57069-4cd8b182","layer":"power","name":"Twin Cities Hydro LLC","state":"MN","detail_file":"data/details/power-plants-44.json","plant_id":"57069","capacity_mw":18.0,"status_group":"Operating","energy_sources":"WAT","type":"Power plant","is_nuclear":false}},{"type":"Feature","geometry":{"type":"Point","coordinates":[-95.877,45.59]},"properties":{"key":"57732-a054e03e","layer":"power","name":"UMM Wind Turbine","state":"MN","detail_file":"data/details/power-plants-29.json","plant_id":"57732","capacity_mw":1.7,"status_group":"Operating","energy_sources":"WND","type":"Power plant","is_nuclear":false}},{"type":"Feature","geometry":{"type":"Point","coordinates":[-95.009,44.413]},"properties":{"key":"63216-7bbfb4cd","layer":"power","name":"USS B&B Solar LLC CSG","state":"MN","detail_file":"data/details/power-plants-50.json","plant_id":"63216","capacity_mw":1.0,"status_group":"Operating","energy_sources":"SUN","type":"Power plant","is_nuclear":false}},{"type":"Feature","geometry":{"type":"Point","coordinates":[-93.765,45.317]},"properties":{"key":"61997-fa53b82f","layer":"power","name":"USS Big Lake 1 Solar CSG","state":"MN","detail_file":"data/details/power-plants-62.json","plant_id":"61997","capacity_mw":1.0,"status_group":"Operating","energy_sources":"SUN","type":"Power plant","is_nuclear":false}},{"type":"Feature","geometry":{"type":"Point","coordinates":[-94.211,45.682]},"properties":{"key":"62049-ffbc01b6","layer":"power","name":"USS Brockway Solar CSG","state":"MN","detail_file":"data/details/power-plants-42.json","plant_id":"62049","capacity_mw":1.0,"status_group":"Operating","energy_sources":"SUN","type":"Power plant","is_nuclear":false}},{"type":"Feature","geometry":{"type":"Point","coordinates":[-93.267,44.123]},"properties":{"key":"63166-6e2a2c77","layer":"power","name":"USS Bush Solar LLC CSG","state":"MN","detail_file":"data/details/power-plants-01.json","plant_id":"63166","capacity_mw":1.0,"status_group":"Operating","energy_sources":"SUN","type":"Power plant","is_nuclear":false}},{"type":"Feature","geometry":{"type":"Point","coordinates":[-94.904,44.536]},"properties":{"key":"65440-c786d568","layer":"power","name":"USS Catfish Solar LLC","state":"MN","detail_file":"data/details/power-plants-35.json","plant_id":"65440","capacity_mw":1.0,"status_group":"Operating","energy_sources":"SUN","type":"Power plant","is_nuclear":false}},{"type":"Feature","geometry":{"type":"Point","coordinates":[-93.348,44.529]},"properties":{"key":"62335-b44d91a9","layer":"power","name":"USS Centerfield Solar CSG","state":"MN","detail_file":"data/details/power-plants-13.json","plant_id":"62335","capacity_mw":1.0,"status_group":"Operating","energy_sources":"SUN","type":"Power plant","is_nuclear":false}},{"type":"Feature","geometry":{"type":"Point","coordinates":[-95.096,44.789]},"properties":{"key":"63171-0a071381","layer":"power","name":"USS Chariot Solar LLC","state":"MN","detail_file":"data/details/power-plants-21.json","plant_id":"63171","capacity_mw":1.0,"status_group":"Operating","energy_sources":"SUN","type":"Power plant","is_nuclear":false}},{"type":"Feature","geometry":{"type":"Point","coordinates":[-92.922,45.347]},"properties":{"key":"63145-ed5a3ce7","layer":"power","name":"USS Cheyenne Solar LLC CSG","state":"MN","detail_file":"data/details/power-plants-45.json","plant_id":"63145","capacity_mw":1.0,"status_group":"Operating","energy_sources":"SUN","type":"Power plant","is_nuclear":false}},{"type":"Feature","geometry":{"type":"Point","coordinates":[-95.767,44.986]},"properties":{"key":"63152-e666b358","layer":"power","name":"USS Christoffer Solar LLC CSG","state":"MN","detail_file":"data/details/power-plants-42.json","plant_id":"63152","capacity_mw":1.0,"status_group":"Operating","energy_sources":"SUN","type":"Power plant","is_nuclear":false}},{"type":"Feature","geometry":{"type":"Point","coordinates":[-95.06,44.471]},"properties":{"key":"66435-6772ce54","layer":"power","name":"USS Cosmo Solar LLC (CSG)","state":"MN","detail_file":"data/details/power-plants-48.json","plant_id":"66435","capacity_mw":1.0,"status_group":"Operating","energy_sources":"SUN","type":"Power plant","is_nuclear":false}},{"type":"Feature","geometry":{"type":"Point","coordinates":[-94.926,44.455]},"properties":{"key":"63158-666db7a1","layer":"power","name":"USS Cougar Solar LLC CSG","state":"MN","detail_file":"data/details/power-plants-63.json","plant_id":"63158","capacity_mw":1.0,"status_group":"Operating","energy_sources":"SUN","type":"Power plant","is_nuclear":false}},{"type":"Feature","geometry":{"type":"Point","coordinates":[-93.785,44.818]},"properties":{"key":"62360-43f43585","layer":"power","name":"USS DVL Solar CSG","state":"MN","detail_file":"data/details/power-plants-36.json","plant_id":"62360","capacity_mw":1.0,"status_group":"Operating","energy_sources":"SUN","type":"Power plant","is_nuclear":false}},{"type":"Feature","geometry":{"type":"Point","coordinates":[-95.103,44.796]},"properties":{"key":"64871-23ca204e","layer":"power","name":"USS Danube Solar LLC","state":"MN","detail_file":"data/details/power-plants-63.json","plant_id":"64871","capacity_mw":1.0,"status_group":"Operating","energy_sources":"SUN","type":"Power plant","is_nuclear":false}},{"type":"Feature","geometry":{"type":"Point","coordinates":[-94.927,44.422]},"properties":{"key":"63215-20eb89b4","layer":"power","name":"USS Dot Com Solar LLC CSG","state":"MN","detail_file":"data/details/power-plants-25.json","plant_id":"63215","capacity_mw":1.4,"status_group":"Operating","energy_sources":"SUN","type":"Power plant","is_nuclear":false}},{"type":"Feature","geometry":{"type":"Point","coordinates":[-93.839,44.898]},"properties":{"key":"65991-8b086c9f","layer":"power","name":"USS Dressen Family Solar LLC","state":"MN","detail_file":"data/details/power-plants-38.json","plant_id":"65991","capacity_mw":1.0,"status_group":"Operating","energy_sources":"SUN","type":"Power plant","is_nuclear":false}},{"type":"Feature","geometry":{"type":"Point","coordinates":[-92.904,45.493]},"properties":{"key":"62048-87b185f9","layer":"power","name":"USS Dubhe Solar CSG","state":"MN","detail_file":"data/details/power-plants-29.json","plant_id":"62048","capacity_mw":1.0,"status_group":"Operating","energy_sources":"SUN","type":"Power plant","is_nuclear":false}},{"type":"Feature","geometry":{"type":"Point","coordinates":[-93.788,44.72]},"properties":{"key":"62359-8d9390ae","layer":"power","name":"USS Eggo Solar CSG","state":"MN","detail_file":"data/details/power-plants-37.json","plant_id":"62359","capacity_mw":1.0,"status_group":"Operating","energy_sources":"SUN","type":"Power plant","is_nuclear":false}},{"type":"Feature","geometry":{"type":"Point","coordinates":[-93.191,44.192]},"properties":{"key":"66433-e0f00756","layer":"power","name":"USS Fair Park Solar LLC (CSG)","state":"MN","detail_file":"data/details/power-plants-60.json","plant_id":"66433","capacity_mw":1.0,"status_group":"Operating","energy_sources":"SUN","type":"Power plant","is_nuclear":false}},{"type":"Feature","geometry":{"type":"Point","coordinates":[-94.209,44.269]},"properties":{"key":"63159-5767294a","layer":"power","name":"USS Flower Solar LLC CSG","state":"MN","detail_file":"data/details/power-plants-06.json","plant_id":"63159","capacity_mw":1.0,"status_group":"Operating","energy_sources":"SUN","type":"Power plant","is_nuclear":false}},{"type":"Feature","geometry":{"type":"Point","coordinates":[-93.925,45.68]},"properties":{"key":"64987-dba0bd1c","layer":"power","name":"USS Foley Solar LLC","state":"MN","detail_file":"data/details/power-plants-24.json","plant_id":"64987","capacity_mw":1.0,"status_group":"Operating","energy_sources":"SUN","type":"Power plant","is_nuclear":false}},{"type":"Feature","geometry":{"type":"Point","coordinates":[-94.902,44.536]},"properties":{"key":"65439-f2ee8e73","layer":"power","name":"USS Franklin Solar LLC","state":"MN","detail_file":"data/details/power-plants-07.json","plant_id":"65439","capacity_mw":1.0,"status_group":"Operating","energy_sources":"SUN","type":"Power plant","is_nuclear":false}},{"type":"Feature","geometry":{"type":"Point","coordinates":[-94.064,45.624]},"properties":{"key":"67546-2abdf7bc","layer":"power","name":"USS Golden Spike Solar LLC CSG","state":"MN","detail_file":"data/details/power-plants-11.json","plant_id":"67546","capacity_mw":1.0,"status_group":"Operating","energy_sources":"SUN","type":"Power plant","is_nuclear":false}},{"type":"Feature","geometry":{"type":"Point","coordinates":[-93.581,45.242]},"properties":{"key":"65986-635f3f42","layer":"power","name":"USS Golly Gee Solar LLC","state":"MN","detail_file":"data/details/power-plants-21.json","plant_id":"65986","capacity_mw":1.0,"status_group":"Operating","energy_sources":"SUN","type":"Power plant","is_nuclear":false}},{"type":"Feature","geometry":{"type":"Point","coordinates":[-92.941,45.436]},"properties":{"key":"61998-36c3924e","layer":"power","name":"USS Good Solar CSG","state":"MN","detail_file":"data/details/power-plants-36.json","plant_id":"61998","capacity_mw":1.0,"status_group":"Operating","energy_sources":"SUN","type":"Power plant","is_nuclear":false}},{"type":"Feature","geometry":{"type":"Point","coordinates":[-92.671,44.239]},"properties":{"key":"63143-ce90aec4","layer":"power","name":"USS Greenhouse Solar LLC CSG","state":"MN","detail_file":"data/details/power-plants-00.json","plant_id":"63143","capacity_mw":1.0,"status_group":"Operating","energy_sources":"SUN","type":"Power plant","is_nuclear":false}},{"type":"Feature","geometry":{"type":"Point","coordinates":[-93.786,44.703]},"properties":{"key":"63167-b2e4e9e2","layer":"power","name":"USS Hancock Solar LLC CSG","state":"MN","detail_file":"data/details/power-plants-55.json","plant_id":"63167","capacity_mw":1.0,"status_group":"Operating","energy_sources":"SUN","type":"Power plant","is_nuclear":false}},{"type":"Feature","geometry":{"type":"Point","coordinates":[-94.11,45.516]},"properties":{"key":"63138-427b2abe","layer":"power","name":"USS Haven Solar LLC CSG","state":"MN","detail_file":"data/details/power-plants-20.json","plant_id":"63138","capacity_mw":1.0,"status_group":"Operating","energy_sources":"SUN","type":"Power plant","is_nuclear":false}},{"type":"Feature","geometry":{"type":"Point","coordinates":[-93.124,44.457]},"properties":{"key":"63744-5f727f73","layer":"power","name":"USS Hubers Solar LLC CSG","state":"MN","detail_file":"data/details/power-plants-27.json","plant_id":"63744","capacity_mw":1.0,"status_group":"Operating","energy_sources":"SUN","type":"Power plant","is_nuclear":false}},{"type":"Feature","geometry":{"type":"Point","coordinates":[-93.518,47.211]},"properties":{"key":"65441-2df92466","layer":"power","name":"USS Itasca Clean Energy Solar LLC","state":"MN","detail_file":"data/details/power-plants-07.json","plant_id":"65441","capacity_mw":3.0,"status_group":"Operating","energy_sources":"MWH; SUN","type":"Power plant","is_nuclear":false}},{"type":"Feature","geometry":{"type":"Point","coordinates":[-94.05,45.636]},"properties":{"key":"62047-952839d0","layer":"power","name":"USS JJ Solar CSG","state":"MN","detail_file":"data/details/power-plants-22.json","plant_id":"62047","capacity_mw":1.0,"status_group":"Operating","energy_sources":"SUN","type":"Power plant","is_nuclear":false}},{"type":"Feature","geometry":{"type":"Point","coordinates":[-93.959,44.232]},"properties":{"key":"66969-b8976915","layer":"power","name":"USS Jayhawk Solar LLC (CSG)","state":"MN","detail_file":"data/details/power-plants-57.json","plant_id":"66969","capacity_mw":1.0,"status_group":"Operating","energy_sources":"SUN","type":"Power plant","is_nuclear":false}},{"type":"Feature","geometry":{"type":"Point","coordinates":[-94.059,45.623]},"properties":{"key":"61999-d8ec15f0","layer":"power","name":"USS Kasch Solar CSG","state":"MN","detail_file":"data/details/power-plants-51.json","plant_id":"61999","capacity_mw":1.0,"status_group":"Operating","energy_sources":"SUN","type":"Power plant","is_nuclear":false}},{"type":"Feature","geometry":{"type":"Point","coordinates":[-95.689,44.224]},"properties":{"key":"63170-e528ed02","layer":"power","name":"USS Kass Solar LLC","state":"MN","detail_file":"data/details/power-plants-09.json","plant_id":"63170","capacity_mw":1.0,"status_group":"Operating","energy_sources":"SUN","type":"Power plant","is_nuclear":false}},{"type":"Feature","geometry":{"type":"Point","coordinates":[-93.846,44.848]},"properties":{"key":"62358-8cb342a9","layer":"power","name":"USS King 2 CSG","state":"MN","detail_file":"data/details/power-plants-31.json","plant_id":"62358","capacity_mw":1.0,"status_group":"Operating","energy_sources":"SUN","type":"Power plant","is_nuclear":false}},{"type":"Feature","geometry":{"type":"Point","coordinates":[-92.872,45.468]},"properties":{"key":"62339-2b01a5fc","layer":"power","name":"USS Kost Trail Solar CSG","state":"MN","detail_file":"data/details/power-plants-56.json","plant_id":"62339","capacity_mw":1.0,"status_group":"Operating","energy_sources":"SUN","type":"Power plant","is_nuclear":false}},{"type":"Feature","geometry":{"type":"Point","coordinates":[-93.888,44.839]},"properties":{"key":"62337-de75f76e","layer":"power","name":"USS Lake Patterson Solar CSG","state":"MN","detail_file":"data/details/power-plants-42.json","plant_id":"62337","capacity_mw":1.0,"status_group":"Operating","energy_sources":"SUN","type":"Power plant","is_nuclear":false}},{"type":"Feature","geometry":{"type":"Point","coordinates":[-93.96,44.728]},"properties":{"key":"66477-705e0c0f","layer":"power","name":"USS Martha Solar (CSG)","state":"MN","detail_file":"data/details/power-plants-46.json","plant_id":"66477","capacity_mw":1.0,"status_group":"Operating","energy_sources":"SUN","type":"Power plant","is_nuclear":false}},{"type":"Feature","geometry":{"type":"Point","coordinates":[-94.054,44.1]},"properties":{"key":"66970-034ca87b","layer":"power","name":"USS Maverick Solar LLC (CSG)","state":"MN","detail_file":"data/details/power-plants-05.json","plant_id":"66970","capacity_mw":1.0,"status_group":"Operating","energy_sources":"SUN","type":"Power plant","is_nuclear":false}},{"type":"Feature","geometry":{"type":"Point","coordinates":[-94.05,45.625]},"properties":{"key":"63144-5febb824","layer":"power","name":"USS Mayhew Solar LLC CSG","state":"MN","detail_file":"data/details/power-plants-29.json","plant_id":"63144","capacity_mw":1.0,"status_group":"Operating","energy_sources":"SUN","type":"Power plant","is_nuclear":false}},{"type":"Feature","geometry":{"type":"Point","coordinates":[-95.051,44.471]},"properties":{"key":"65442-e12913ae","layer":"power","name":"USS Mesa Solar LLC","state":"MN","detail_file":"data/details/power-plants-47.json","plant_id":"65442","capacity_mw":1.0,"status_group":"Operating","energy_sources":"SUN","type":"Power plant","is_nuclear":false}},{"type":"Feature","geometry":{"type":"Point","coordinates":[-94.749,45.672]},"properties":{"key":"63146-8680d735","layer":"power","name":"USS Midtown Solar LLC CSG","state":"MN","detail_file":"data/details/power-plants-31.json","plant_id":"63146","capacity_mw":1.0,"status_group":"Operating","energy_sources":"SUN","type":"Power plant","is_nuclear":false}},{"type":"Feature","geometry":{"type":"Point","coordinates":[-94.643,45.435]},"properties":{"key":"63142-0156a715","layer":"power","name":"USS Milkweed Solar LLC CSG","state":"MN","detail_file":"data/details/power-plants-42.json","plant_id":"63142","capacity_mw":1.0,"status_group":"Operating","energy_sources":"SUN","type":"Power plant","is_nuclear":false}},{"type":"Feature","geometry":{"type":"Point","coordinates":[-95.14,45.499]},"properties":{"key":"63147-ef568df1","layer":"power","name":"USS Monarch Solar LLC CSG","state":"MN","detail_file":"data/details/power-plants-55.json","plant_id":"63147","capacity_mw":1.0,"status_group":"Operating","energy_sources":"SUN","type":"Power plant","is_nuclear":false}},{"type":"Feature","geometry":{"type":"Point","coordinates":[-92.898,45.457]},"properties":{"key":"62046-79e4d366","layer":"power","name":"USS Nillie Corn Solar CSG","state":"MN","detail_file":"data/details/power-plants-56.json","plant_id":"62046","capacity_mw":1.0,"status_group":"Operating","energy_sources":"SUN","type":"Power plant","is_nuclear":false}},{"type":"Feature","geometry":{"type":"Point","coordinates":[-92.887,45.474]},"properties":{"key":"62045-d9b29a5f","layer":"power","name":"USS Norelius Solar CSG","state":"MN","detail_file":"data/details/power-plants-55.json","plant_id":"62045","capacity_mw":1.0,"status_group":"Operating","energy_sources":"SUN","type":"Power plant","is_nuclear":false}},{"type":"Feature","geometry":{"type":"Point","coordinates":[-93.909,44.171]},"properties":{"key":"65276-9c4e06f9","layer":"power","name":"USS Peach Solar LLC","state":"MN","detail_file":"data/details/power-plants-50.json","plant_id":"65276","capacity_mw":1.0,"status_group":"Operating","energy_sources":"SUN","type":"Power plant","is_nuclear":false}},{"type":"Feature","geometry":{"type":"Point","coordinates":[-95.251,44.935]},"properties":{"key":"63168-47488b0e","layer":"power","name":"USS Pheasant Solar LLC CSG","state":"MN","detail_file":"data/details/power-plants-17.json","plant_id":"63168","capacity_mw":1.0,"status_group":"Operating","energy_sources":"SUN","type":"Power plant","is_nuclear":false}},{"type":"Feature","geometry":{"type":"Point","coordinates":[-94.911,44.773]},"properties":{"key":"64988-a3c973f4","layer":"power","name":"USS Prokosch Solar LLC","state":"MN","detail_file":"data/details/power-plants-05.json","plant_id":"64988","capacity_mw":1.0,"status_group":"Operating","energy_sources":"SUN","type":"Power plant","is_nuclear":false}},{"type":"Feature","geometry":{"type":"Point","coordinates":[-93.792,45.26]},"properties":{"key":"64870-43f3cd8e","layer":"power","name":"USS Quail Solar LLC","state":"MN","detail_file":"data/details/power-plants-45.json","plant_id":"64870","capacity_mw":1.0,"status_group":"Operating","energy_sources":"SUN","type":"Power plant","is_nuclear":false}},{"type":"Feature","geometry":{"type":"Point","coordinates":[-94.043,45.644]},"properties":{"key":"63165-8d24d567","layer":"power","name":"USS Reindeer Solar LLC CSG","state":"MN","detail_file":"data/details/power-plants-35.json","plant_id":"63165","capacity_mw":1.0,"status_group":"Operating","energy_sources":"SUN","type":"Power plant","is_nuclear":false}},{"type":"Feature","geometry":{"type":"Point","coordinates":[-95.717,44.984]},"properties":{"key":"66971-71c35f44","layer":"power","name":"USS Riley Solar LLC (CSG)","state":"MN","detail_file":"data/details/power-plants-19.json","plant_id":"66971","capacity_mw":1.0,"status_group":"Operating","energy_sources":"SUN","type":"Power plant","is_nuclear":false}},{"type":"Feature","geometry":{"type":"Point","coordinates":[-92.922,45.44]},"properties":{"key":"62000-9b370743","layer":"power","name":"USS Rockpoint Solar CSG","state":"MN","detail_file":"data/details/power-plants-50.json","plant_id":"62000","capacity_mw":1.0,"status_group":"Operating","energy_sources":"SUN","type":"Power plant","is_nuclear":false}},{"type":"Feature","geometry":{"type":"Point","coordinates":[-94.921,44.473]},"properties":{"key":"64989-cd442e82","layer":"power","name":"USS Rosebud Solar LLC","state":"MN","detail_file":"data/details/power-plants-26.json","plant_id":"64989","capacity_mw":1.0,"status_group":"Operating","energy_sources":"SUN","type":"Power plant","is_nuclear":false}},{"type":"Feature","geometry":{"type":"Point","coordinates":[-95.715,44.975]},"properties":{"key":"67547-3be4d889","layer":"power","name":"USS Rosewood Solar LLC (CSG)","state":"MN","detail_file":"data/details/power-plants-39.json","plant_id":"67547","capacity_mw":1.0,"status_group":"Operating","energy_sources":"SUN","type":"Power plant","is_nuclear":false}},{"type":"Feature","geometry":{"type":"Point","coordinates":[-92.842,45.492]},"properties":{"key":"62044-48e80b5f","layer":"power","name":"USS Solar Dawn CSG","state":"MN","detail_file":"data/details/power-plants-39.json","plant_id":"62044","capacity_mw":1.0,"status_group":"Operating","energy_sources":"SUN","type":"Power plant","is_nuclear":false}},{"type":"Feature","geometry":{"type":"Point","coordinates":[-94.139,45.591]},"properties":{"key":"62042-b7cb4eed","layer":"power","name":"USS Solar Rapids CSG","state":"MN","detail_file":"data/details/power-plants-63.json","plant_id":"62042","capacity_mw":1.0,"status_group":"Operating","energy_sources":"SUN","type":"Power plant","is_nuclear":false}},{"type":"Feature","geometry":{"type":"Point","coordinates":[-92.886,45.232]},"properties":{"key":"63151-8431a047","layer":"power","name":"USS Solar Sources LLC CSG","state":"MN","detail_file":"data/details/power-plants-29.json","plant_id":"63151","capacity_mw":1.0,"status_group":"Operating","energy_sources":"SUN","type":"Power plant","is_nuclear":false}},{"type":"Feature","geometry":{"type":"Point","coordinates":[-94.986,44.413]},"properties":{"key":"63221-bcb189a0","layer":"power","name":"USS Steamboat Solar LLC CSG","state":"MN","detail_file":"data/details/power-plants-42.json","plant_id":"63221","capacity_mw":1.0,"status_group":"Operating","energy_sources":"SUN","type":"Power plant","is_nuclear":false}},{"type":"Feature","geometry":{"type":"Point","coordinates":[-92.814,45.491]},"properties":{"key":"63141-afa3a423","layer":"power","name":"USS Sunrise Solar LLC CSG","state":"MN","detail_file":"data/details/power-plants-24.json","plant_id":"63141","capacity_mw":1.0,"status_group":"Operating","energy_sources":"SUN","type":"Power plant","is_nuclear":false}},{"type":"Feature","geometry":{"type":"Point","coordinates":[-94.74,45.139]},"properties":{"key":"63148-278aae6e","layer":"power","name":"USS Turkey Solar LLC CSG","state":"MN","detail_file":"data/details/power-plants-10.json","plant_id":"63148","capacity_mw":1.0,"status_group":"Operating","energy_sources":"SUN","type":"Power plant","is_nuclear":false}},{"type":"Feature","geometry":{"type":"Point","coordinates":[-94.494,44.726]},"properties":{"key":"65444-9838b4f7","layer":"power","name":"USS Verbena Solar LLC","state":"MN","detail_file":"data/details/power-plants-12.json","plant_id":"65444","capacity_mw":1.0,"status_group":"Operating","energy_sources":"SUN","type":"Power plant","is_nuclear":false}},{"type":"Feature","geometry":{"type":"Point","coordinates":[-94.931,44.428]},"properties":{"key":"63157-db6969b1","layer":"power","name":"USS Verde Solar LLC CSG","state":"MN","detail_file":"data/details/power-plants-20.json","plant_id":"63157","capacity_mw":1.0,"status_group":"Operating","energy_sources":"SUN","type":"Power plant","is_nuclear":false}},{"type":"Feature","geometry":{"type":"Point","coordinates":[-95.165,45.498]},"properties":{"key":"63742-b350e397","layer":"power","name":"USS Viceroy Solar LLC CSG","state":"MN","detail_file":"data/details/power-plants-35.json","plant_id":"63742","capacity_mw":1.0,"status_group":"Operating","energy_sources":"SUN","type":"Power plant","is_nuclear":false}},{"type":"Feature","geometry":{"type":"Point","coordinates":[-93.58,44.218]},"properties":{"key":"63220-79f266fb","layer":"power","name":"USS Water City Solar LLC CSG","state":"MN","detail_file":"data/details/power-plants-54.json","plant_id":"63220","capacity_mw":1.0,"status_group":"Operating","energy_sources":"SUN","type":"Power plant","is_nuclear":false}},{"type":"Feature","geometry":{"type":"Point","coordinates":[-94.16,44.907]},"properties":{"key":"63219-747aacdc","layer":"power","name":"USS Water Fowl Solar LLC CSG","state":"MN","detail_file":"data/details/power-plants-45.json","plant_id":"63219","capacity_mw":1.0,"status_group":"Operating","energy_sources":"SUN","type":"Power plant","is_nuclear":false}},{"type":"Feature","geometry":{"type":"Point","coordinates":[-93.585,44.198]},"properties":{"key":"63218-b88bd29d","layer":"power","name":"USS Water Town Solar LLC CSG","state":"MN","detail_file":"data/details/power-plants-43.json","plant_id":"63218","capacity_mw":1.0,"status_group":"Operating","energy_sources":"SUN","type":"Power plant","is_nuclear":false}},{"type":"Feature","geometry":{"type":"Point","coordinates":[-93.395,44.529]},"properties":{"key":"62336-9164068a","layer":"power","name":"USS Webster Solar CSG","state":"MN","detail_file":"data/details/power-plants-60.json","plant_id":"62336","capacity_mw":1.0,"status_group":"Operating","energy_sources":"SUN","type":"Power plant","is_nuclear":false}},{"type":"Feature","geometry":{"type":"Point","coordinates":[-92.365,44.234]},"properties":{"key":"65443-1b717eb9","layer":"power","name":"USS Wells Creek Solar LLC","state":"MN","detail_file":"data/details/power-plants-62.json","plant_id":"65443","capacity_mw":1.0,"status_group":"Operating","energy_sources":"SUN","type":"Power plant","is_nuclear":false}},{"type":"Feature","geometry":{"type":"Point","coordinates":[-93.768,44.681]},"properties":{"key":"63140-ae6f6b78","layer":"power","name":"USS Westeros Solar LLC CSG","state":"MN","detail_file":"data/details/power-plants-57.json","plant_id":"63140","capacity_mw":1.0,"status_group":"Operating","energy_sources":"SUN","type":"Power plant","is_nuclear":false}},{"type":"Feature","geometry":{"type":"Point","coordinates":[-94.13,45.521]},"properties":{"key":"63139-5beabb3d","layer":"power","name":"USS White Cloud LLC CSG","state":"MN","detail_file":"data/details/power-plants-18.json","plant_id":"63139","capacity_mw":1.0,"status_group":"Operating","energy_sources":"SUN","type":"Power plant","is_nuclear":false}},{"type":"Feature","geometry":{"type":"Point","coordinates":[-92.606,44.394]},"properties":{"key":"64866-50cb8ba2","layer":"power","name":"USS Wildcat Solar LLC","state":"MN","detail_file":"data/details/power-plants-63.json","plant_id":"64866","capacity_mw":1.0,"status_group":"Operating","energy_sources":"SUN","type":"Power plant","is_nuclear":false}},{"type":"Feature","geometry":{"type":"Point","coordinates":[-95.598,44.615]},"properties":{"key":"65992-fab51fbc","layer":"power","name":"USS Wolf Solar LLC","state":"MN","detail_file":"data/details/power-plants-48.json","plant_id":"65992","capacity_mw":1.0,"status_group":"Operating","energy_sources":"SUN","type":"Power plant","is_nuclear":false}},{"type":"Feature","geometry":{"type":"Point","coordinates":[-94.535,44.452]},"properties":{"key":"65993-6521067f","layer":"power","name":"USS Wonder Solar LLC","state":"MN","detail_file":"data/details/power-plants-25.json","plant_id":"65993","capacity_mw":1.0,"status_group":"Operating","energy_sources":"SUN","type":"Power plant","is_nuclear":false}},{"type":"Feature","geometry":{"type":"Point","coordinates":[-93.136,44.469]},"properties":{"key":"63939-ea7c7da1","layer":"power","name":"Union Garden","state":"MN","detail_file":"data/details/power-plants-13.json","plant_id":"63939","capacity_mw":1.0,"status_group":"Operating","energy_sources":"SUN","type":"Power plant","is_nuclear":false}},{"type":"Feature","geometry":{"type":"Point","coordinates":[-93.241,44.979]},"properties":{"key":"59197-3a884cb0","layer":"power","name":"Univ Minnesota CHP Plant","state":"MN","detail_file":"data/details/power-plants-07.json","plant_id":"59197","capacity_mw":21.0,"status_group":"Operating","energy_sources":"NG","type":"Power plant","is_nuclear":false}},{"type":"Feature","geometry":{"type":"Point","coordinates":[-93.083,44.672]},"properties":{"key":"60712-a87133d3","layer":"power","name":"Ursa Community Solar","state":"MN","detail_file":"data/details/power-plants-03.json","plant_id":"60712","capacity_mw":5.0,"status_group":"Operating","energy_sources":"SUN","type":"Power plant","is_nuclear":false}},{"type":"Feature","geometry":{"type":"Point","coordinates":[-95.204,45.383]},"properties":{"key":"60944-0e56aecd","layer":"power","name":"Vega Community Solar","state":"MN","detail_file":"data/details/power-plants-20.json","plant_id":"60944","capacity_mw":5.0,"status_group":"Operating","energy_sources":"SUN","type":"Power plant","is_nuclear":false}},{"type":"Feature","geometry":{"type":"Point","coordinates":[-93.136,44.6]},"properties":{"key":"63406-6fc79f27","layer":"power","name":"Vermillion River_MN_GRE DEA-GM","state":"MN","detail_file":"data/details/power-plants-47.json","plant_id":"63406","capacity_mw":3.0,"status_group":"Operating","energy_sources":"SUN","type":"Power plant","is_nuclear":false}},{"type":"Feature","geometry":{"type":"Point","coordinates":[-93.366,44.527]},"properties":{"key":"61570-0d451aee","layer":"power","name":"Veseli Community Solar Garden","state":"MN","detail_file":"data/details/power-plants-15.json","plant_id":"61570","capacity_mw":1.0,"status_group":"Operating","energy_sources":"SUN","type":"Power plant","is_nuclear":false}},{"type":"Feature","geometry":{"type":"Point","coordinates":[-95.877,45.59]},"properties":{"key":"57823-4d892690","layer":"power","name":"WCROC Wind Farm","state":"MN","detail_file":"data/details/power-plants-47.json","plant_id":"57823","capacity_mw":1.7,"status_group":"Operating","energy_sources":"WND","type":"Power plant","is_nuclear":false}},{"type":"Feature","geometry":{"type":"Point","coordinates":[-92.019,44.367]},"properties":{"key":"60838-d5fb8f7b","layer":"power","name":"Wabasha Holdco Solar CSG","state":"MN","detail_file":"data/details/power-plants-41.json","plant_id":"60838","capacity_mw":3.0,"status_group":"Operating","energy_sources":"SUN","type":"Power plant","is_nuclear":false}},{"type":"Feature","geometry":{"type":"Point","coordinates":[-92.022,44.363]},"properties":{"key":"62800-a80c7f07","layer":"power","name":"Wabasha Solar","state":"MN","detail_file":"data/details/power-plants-00.json","plant_id":"62800","capacity_mw":1.0,"status_group":"Operating","energy_sources":"SUN","type":"Power plant","is_nuclear":false}},{"type":"Feature","geometry":{"type":"Point","coordinates":[-94.406,45.473]},"properties":{"key":"60694-194b59f7","layer":"power","name":"WakeSun LLC","state":"MN","detail_file":"data/details/power-plants-26.json","plant_id":"60694","capacity_mw":3.0,"status_group":"Operating","energy_sources":"SUN","type":"Power plant","is_nuclear":false}},{"type":"Feature","geometry":{"type":"Point","coordinates":[-93.275,44.235]},"properties":{"key":"62707-aee0a20a","layer":"power","name":"Walcott Solar CSG","state":"MN","detail_file":"data/details/power-plants-26.json","plant_id":"62707","capacity_mw":4.0,"status_group":"Operating","energy_sources":"SUN","type":"Power plant","is_nuclear":false}},{"type":"Feature","geometry":{"type":"Point","coordinates":[-93.4,44.225]},"properties":{"key":"62709-58dee867","layer":"power","name":"Warsaw Solar CSG","state":"MN","detail_file":"data/details/power-plants-58.json","plant_id":"62709","capacity_mw":2.0,"status_group":"Operating","energy_sources":"SUN","type":"Power plant","is_nuclear":false}},{"type":"Feature","geometry":{"type":"Point","coordinates":[-93.531,44.092]},"properties":{"key":"60532-d73bfca6","layer":"power","name":"Waseca Solar","state":"MN","detail_file":"data/details/power-plants-08.json","plant_id":"60532","capacity_mw":10.0,"status_group":"Operating","energy_sources":"SUN","type":"Power plant","is_nuclear":false}},{"type":"Feature","geometry":{"type":"Point","coordinates":[-93.386,44.051]},"properties":{"key":"61142-ca672293","layer":"power","name":"WasecaSun","state":"MN","detail_file":"data/details/power-plants-17.json","plant_id":"61142","capacity_mw":5.0,"status_group":"Operating","energy_sources":"SUN","type":"Power plant","is_nuclear":false}},{"type":"Feature","geometry":{"type":"Point","coordinates":[-92.469,44.065]},"properties":{"key":"58617-97febf5e","layer":"power","name":"Water Reclamation Plant","state":"MN","detail_file":"data/details/power-plants-52.json","plant_id":"58617","capacity_mw":2.0,"status_group":"Operating","energy_sources":"OBG","type":"Power plant","is_nuclear":false}},{"type":"Feature","geometry":{"type":"Point","coordinates":[-93.199,44.475]},"properties":{"key":"61452-331a3c9e","layer":"power","name":"Waterford Holdco CSG","state":"MN","detail_file":"data/details/power-plants-61.json","plant_id":"61452","capacity_mw":2.7,"status_group":"Operating","energy_sources":"SUN","type":"Power plant","is_nuclear":false}},{"type":"Feature","geometry":{"type":"Point","coordinates":[-93.571,44.197]},"properties":{"key":"61627-90fb5740","layer":"power","name":"Waterville CSG Solar Holdings LLC","state":"MN","detail_file":"data/details/power-plants-38.json","plant_id":"61627","capacity_mw":5.0,"status_group":"Operating","energy_sources":"SUN","type":"Power plant","is_nuclear":false}},{"type":"Feature","geometry":{"type":"Point","coordinates":[-93.98,45.061]},"properties":{"key":"61587-24c3dd56","layer":"power","name":"WaveSun Community Solar","state":"MN","detail_file":"data/details/power-plants-17.json","plant_id":"61587","capacity_mw":5.0,"status_group":"Operating","energy_sources":"SUN","type":"Power plant","is_nuclear":false}},{"type":"Feature","geometry":{"type":"Point","coordinates":[-93.411,44.53]},"properties":{"key":"60830-ac37caf6","layer":"power","name":"Webster Holdco Solar CSG","state":"MN","detail_file":"data/details/power-plants-16.json","plant_id":"60830","capacity_mw":5.0,"status_group":"Operating","energy_sources":"SUN","type":"Power plant","is_nuclear":false}},{"type":"Feature","geometry":{"type":"Point","coordinates":[-93.311,44.275]},"properties":{"key":"60533-e376a2d0","layer":"power","name":"West Faribault Solar","state":"MN","detail_file":"data/details/power-plants-12.json","plant_id":"60533","capacity_mw":5.5,"status_group":"Operating","energy_sources":"SUN","type":"Power plant","is_nuclear":false}},{"type":"Feature","geometry":{"type":"Point","coordinates":[-93.114,44.826]},"properties":{"key":"54294-029ba190","layer":"power","name":"West Group Data Center","state":"MN","detail_file":"data/details/power-plants-20.json","plant_id":"54294","capacity_mw":8.0,"status_group":"Operating","energy_sources":"DFO","type":"Power plant","is_nuclear":false}},{"type":"Feature","geometry":{"type":"Point","coordinates":[-93.901,44.79]},"properties":{"key":"60534-91563045","layer":"power","name":"West Waconia Solar","state":"MN","detail_file":"data/details/power-plants-09.json","plant_id":"60534","capacity_mw":8.5,"status_group":"Operating","energy_sources":"SUN","type":"Power plant","is_nuclear":false}},{"type":"Feature","geometry":{"type":"Point","coordinates":[-95.443,44.04]},"properties":{"key":"2021-18d2972e","layer":"power","name":"Westbrook","state":"MN","detail_file":"data/details/power-plants-25.json","plant_id":"2021","capacity_mw":2.3,"status_group":"Operating","energy_sources":"DFO","type":"Power plant","is_nuclear":false}},{"type":"Feature","geometry":{"type":"Point","coordinates":[-94.904,44.939]},"properties":{"key":"63307-08cc0d33","layer":"power","name":"Westport Community Solar, LLC","state":"MN","detail_file":"data/details/power-plants-05.json","plant_id":"63307","capacity_mw":1.0,"status_group":"Operating","energy_sources":"SUN","type":"Power plant","is_nuclear":false}},{"type":"Feature","geometry":{"type":"Point","coordinates":[-92.552,44.039]},"properties":{"key":"60564-c81dd2ac","layer":"power","name":"Westside Energy Station","state":"MN","detail_file":"data/details/power-plants-54.json","plant_id":"60564","capacity_mw":46.5,"status_group":"Operating","energy_sources":"NG","type":"Power plant","is_nuclear":false}},{"type":"Feature","geometry":{"type":"Point","coordinates":[-92.548,44.054]},"properties":{"key":"66422-2589dcdc","layer":"power","name":"Westside Solar","state":"MN","detail_file":"data/details/power-plants-14.json","plant_id":"66422","capacity_mw":10.0,"status_group":"Operating","energy_sources":"SUN","type":"Power plant","is_nuclear":false}},{"type":"Feature","geometry":{"type":"Point","coordinates":[-95.025,45.127]},"properties":{"key":"57034-0430ee59","layer":"power","name":"Willmar Municipal East Substation","state":"MN","detail_file":"data/details/power-plants-48.json","plant_id":"57034","capacity_mw":6.0,"status_group":"Operating","energy_sources":"DFO","type":"Power plant","is_nuclear":false}},{"type":"Feature","geometry":{"type":"Point","coordinates":[-95.084,45.105]},"properties":{"key":"57035-474128c9","layer":"power","name":"Willmar Municipal SW Substation","state":"MN","detail_file":"data/details/power-plants-56.json","plant_id":"57035","capacity_mw":6.0,"status_group":"Operating","energy_sources":"DFO","type":"Power plant","is_nuclear":false}},{"type":"Feature","geometry":{"type":"Point","coordinates":[-94.001,44.197]},"properties":{"key":"1934-382d61d1","layer":"power","name":"Wilmarth","state":"MN","detail_file":"data/details/power-plants-21.json","plant_id":"1934","capacity_mw":25.0,"status_group":"Operating","energy_sources":"MSW","type":"Power plant","is_nuclear":false}},{"type":"Feature","geometry":{"type":"Point","coordinates":[-93.507,44.113]},"properties":{"key":"62193-a7168530","layer":"power","name":"Winegar CSG","state":"MN","detail_file":"data/details/power-plants-22.json","plant_id":"62193","capacity_mw":1.0,"status_group":"Operating","energy_sources":"SUN","type":"Power plant","is_nuclear":false}},{"type":"Feature","geometry":{"type":"Point","coordinates":[-95.531,45.637]},"properties":{"key":"63454-cc934624","layer":"power","name":"Wollan Garden Solar","state":"MN","detail_file":"data/details/power-plants-41.json","plant_id":"63454","capacity_mw":1.0,"status_group":"Operating","energy_sources":"SUN","type":"Power plant","is_nuclear":false}},{"type":"Feature","geometry":{"type":"Point","coordinates":[-95.493,44.962]},"properties":{"key":"66554-3a8a0248","layer":"power","name":"Wolverine Solar","state":"MN","detail_file":"data/details/power-plants-28.json","plant_id":"66554","capacity_mw":1.0,"status_group":"Operating","energy_sources":"SUN","type":"Power plant","is_nuclear":false}},{"type":"Feature","geometry":{"type":"Point","coordinates":[-92.968,44.882]},"properties":{"key":"63231-22437965","layer":"power","name":"Woodbury Solar","state":"MN","detail_file":"data/details/power-plants-56.json","plant_id":"63231","capacity_mw":3.0,"status_group":"Operating","energy_sources":"SUN","type":"Power plant","is_nuclear":false}},{"type":"Feature","geometry":{"type":"Point","coordinates":[-93.734,45.183]},"properties":{"key":"61494-5d2300cf","layer":"power","name":"Wright Cuddyer CSG","state":"MN","detail_file":"data/details/power-plants-13.json","plant_id":"61494","capacity_mw":4.0,"status_group":"Operating","energy_sources":"SUN","type":"Power plant","is_nuclear":false}},{"type":"Feature","geometry":{"type":"Point","coordinates":[-93.791,45.259]},"properties":{"key":"62365-b71ec814","layer":"power","name":"Wright Kirby 1-5 CSG","state":"MN","detail_file":"data/details/power-plants-37.json","plant_id":"62365","capacity_mw":5.0,"status_group":"Operating","energy_sources":"SUN","type":"Power plant","is_nuclear":false}},{"type":"Feature","geometry":{"type":"Point","coordinates":[-93.718,45.216]},"properties":{"key":"61547-f2de0c6b","layer":"power","name":"WrightSun CSG, LLC","state":"MN","detail_file":"data/details/power-plants-08.json","plant_id":"61547","capacity_mw":5.0,"status_group":"Operating","energy_sources":"SUN","type":"Power plant","is_nuclear":false}},{"type":"Feature","geometry":{"type":"Point","coordinates":[-92.95,45.35]},"properties":{"key":"61486-d4e8f268","layer":"power","name":"Wyoming 2 CSG, LLC","state":"MN","detail_file":"data/details/power-plants-25.json","plant_id":"61486","capacity_mw":5.0,"status_group":"Operating","energy_sources":"SUN","type":"Power plant","is_nuclear":false}},{"type":"Feature","geometry":{"type":"Point","coordinates":[-92.67,44.319]},"properties":{"key":"61574-03735069","layer":"power","name":"Zumbro Community Solar Garden","state":"MN","detail_file":"data/details/power-plants-26.json","plant_id":"61574","capacity_mw":1.0,"status_group":"Operating","energy_sources":"SUN","type":"Power plant","is_nuclear":false}},{"type":"Feature","geometry":{"type":"Point","coordinates":[-92.76,44.046]},"properties":{"key":"63426-39d6d3f6","layer":"power","name":"Zumbro Solar Garden","state":"MN","detail_file":"data/details/power-plants-59.json","plant_id":"63426","capacity_mw":1.0,"status_group":"Operating","energy_sources":"SUN","type":"Power plant","is_nuclear":false}},{"type":"Feature","geometry":{"type":"Point","coordinates":[-92.716,45.158]},"properties":{"key":"6231-086b2242","layer":"power","name":"Apple River","state":"WI","detail_file":"data/details/power-plants-33.json","plant_id":"6231","capacity_mw":2.4,"status_group":"Operating","energy_sources":"WAT","type":"Power plant","is_nuclear":false}},{"type":"Feature","geometry":{"type":"Point","coordinates":[-92.302,45.381]},"properties":{"key":"69388-49004809","layer":"power","name":"Apple River Solar, LLC","state":"WI","detail_file":"data/details/power-plants-49.json","plant_id":"69388","capacity_mw":100.0,"status_group":"Operating","energy_sources":"SUN","type":"Power plant","is_nuclear":false}},{"type":"Feature","geometry":{"type":"Point","coordinates":[-92.443,44.961]},"properties":{"key":"69486-1b431bf5","layer":"power","name":"Bright Future","state":"WI","detail_file":"data/details/power-plants-55.json","plant_id":"69486","capacity_mw":2.5,"status_group":"Operating","energy_sources":"SUN","type":"Power plant","is_nuclear":false}},{"type":"Feature","geometry":{"type":"Point","coordinates":[-92.538,45.947]},"properties":{"key":"4018-87e9553a","layer":"power","name":"Clam River Dam","state":"WI","detail_file":"data/details/power-plants-38.json","plant_id":"4018","capacity_mw":1.2,"status_group":"Operating","energy_sources":"WAT","type":"Power plant","is_nuclear":false}},{"type":"Feature","geometry":{"type":"Point","coordinates":[-92.022,45.534]},"properties":{"key":"4112-800a2f18","layer":"power","name":"Cumberland (WI)","state":"WI","detail_file":"data/details/power-plants-19.json","plant_id":"4112","capacity_mw":21.2,"status_group":"Operating","energy_sources":"DFO; NG","type":"Power plant","is_nuclear":false}},{"type":"Feature","geometry":{"type":"Point","coordinates":[-92.025,45.511]},"properties":{"key":"62849-19b819eb","layer":"power","name":"Cumberland Solar","state":"WI","detail_file":"data/details/power-plants-50.json","plant_id":"62849","capacity_mw":2.5,"status_group":"Operating","energy_sources":"SUN","type":"Power plant","is_nuclear":false}},{"type":"Feature","geometry":{"type":"Point","coordinates":[-92.373,46.0]},"properties":{"key":"4019-9255adde","layer":"power","name":"Danbury Dam","state":"WI","detail_file":"data/details/power-plants-33.json","plant_id":"4019","capacity_mw":1.0,"status_group":"Operating","energy_sources":"WAT","type":"Power plant","is_nuclear":false}},{"type":"Feature","geometry":{"type":"Point","coordinates":[-92.531,45.779]},"properties":{"key":"69934-095bfb8b","layer":"power","name":"Falun","state":"WI","detail_file":"data/details/power-plants-09.json","plant_id":"69934","capacity_mw":2.5,"status_group":"Under construction","energy_sources":"SUN","type":"Power plant","is_nuclear":false}},{"type":"Feature","geometry":{"type":"Point","coordinates":[-92.465,45.655]},"properties":{"key":"4020-27f7719e","layer":"power","name":"Frederic Diesel","state":"WI","detail_file":"data/details/power-plants-49.json","plant_id":"4020","capacity_mw":13.7,"status_group":"Operating","energy_sources":"DFO","type":"Power plant","is_nuclear":false}},{"type":"Feature","geometry":{"type":"Point","coordinates":[-92.368,45.477]},"properties":{"key":"66985-3297047b","layer":"power","name":"Georgetown (Polk Burnett)","state":"WI","detail_file":"data/details/power-plants-53.json","plant_id":"66985","capacity_mw":2.0,"status_group":"Operating","energy_sources":"SUN","type":"Power plant","is_nuclear":false}},{"type":"Feature","geometry":{"type":"Point","coordinates":[-92.678,45.779]},"properties":{"key":"4021-d3dd7503","layer":"power","name":"Grantsburg Diesel","state":"WI","detail_file":"data/details/power-plants-49.json","plant_id":"4021","capacity_mw":6.4,"status_group":"Operating","energy_sources":"DFO","type":"Power plant","is_nuclear":false}},{"type":"Feature","geometry":{"type":"Point","coordinates":[-92.483,45.613]},"properties":{"key":"69493-922c6364","layer":"power","name":"Luck","state":"WI","detail_file":"data/details/power-plants-49.json","plant_id":"69493","capacity_mw":2.5,"status_group":"Operating","energy_sources":"SUN","type":"Power plant","is_nuclear":false}},{"type":"Feature","geometry":{"type":"Point","coordinates":[-92.314,44.91]},"properties":{"key":"69494-a5f6714b","layer":"power","name":"Next Generation","state":"WI","detail_file":"data/details/power-plants-42.json","plant_id":"69494","capacity_mw":2.5,"status_group":"Operating","energy_sources":"SUN","type":"Power plant","is_nuclear":false}},{"type":"Feature","geometry":{"type":"Point","coordinates":[-92.317,45.132]},"properties":{"key":"66958-02ecdd8f","layer":"power","name":"Northern Prairie 1","state":"WI","detail_file":"data/details/power-plants-41.json","plant_id":"66958","capacity_mw":101.0,"status_group":"Under construction","energy_sources":"SUN","type":"Power plant","is_nuclear":false}},{"type":"Feature","geometry":{"type":"Point","coordinates":[-92.549,45.446]},"properties":{"key":"60957-1eac01a0","layer":"power","name":"Sand Lake DPC Solar","state":"WI","detail_file":"data/details/power-plants-31.json","plant_id":"60957","capacity_mw":1.0,"status_group":"Operating","energy_sources":"SUN","type":"Power plant","is_nuclear":false}},{"type":"Feature","geometry":{"type":"Point","coordinates":[-92.647,45.412]},"properties":{"key":"4011-502f70b1","layer":"power","name":"St Croix Falls","state":"WI","detail_file":"data/details/power-plants-21.json","plant_id":"4011","capacity_mw":23.2,"status_group":"Operating","energy_sources":"WAT","type":"Power plant","is_nuclear":false}},{"type":"Feature","geometry":{"type":"Point","coordinates":[-92.576,44.625]},"properties":{"key":"67054-f82000d2","layer":"power","name":"Trimbelle (Pierce Pepin)","state":"WI","detail_file":"data/details/power-plants-47.json","plant_id":"67054","capacity_mw":2.0,"status_group":"Operating","energy_sources":"SUN","type":"Power plant","is_nuclear":false}},{"type":"Feature","geometry":{"type":"Point","coordinates":[-92.264,45.826]},"properties":{"key":"69495-338deb6a","layer":"power","name":"Viola","state":"WI","detail_file":"data/details/power-plants-26.json","plant_id":"69495","capacity_mw":2.5,"status_group":"Operating","energy_sources":"SUN","type":"Power plant","is_nuclear":false}},{"type":"Feature","geometry":{"type":"Point","coordinates":[-92.162,45.39]},"properties":{"key":"58747-a0bd4127","layer":"power","name":"Viresco Turtle Lake","state":"WI","detail_file":"data/details/power-plants-31.json","plant_id":"58747","capacity_mw":3.2,"status_group":"Operating","energy_sources":"OBG","type":"Power plant","is_nuclear":false}},{"type":"Feature","geometry":{"type":"Point","coordinates":[-92.518,44.96]},"properties":{"key":"60890-80214a07","layer":"power","name":"Warren DPC Solar","state":"WI","detail_file":"data/details/power-plants-15.json","plant_id":"60890","capacity_mw":2.2,"status_group":"Operating","energy_sources":"SUN","type":"Power plant","is_nuclear":false}}]}