{"type":"FeatureCollection","features":[{"type":"Feature","geometry":{"type":"Point","coordinates":[-98.23,35.085]},"properties":{"key":"3006-45ba9954","layer":"power","name":"Anadarko Plant","state":"OK","detail_file":"data/details/power-plants-03.json","plant_id":"3006","capacity_mw":540.3,"status_group":"Operating","energy_sources":"NG","type":"Power plant","is_nuclear":false}},{"type":"Feature","geometry":{"type":"Point","coordinates":[-97.137,34.387]},"properties":{"key":"59234-5d047d78","layer":"power","name":"Arbuckle Mountain Wind Farm LLC","state":"OK","detail_file":"data/details/power-plants-19.json","plant_id":"59234","capacity_mw":100.0,"status_group":"Operating","energy_sources":"WND","type":"Power plant","is_nuclear":false}},{"type":"Feature","geometry":{"type":"Point","coordinates":[-98.577,34.851]},"properties":{"key":"56081-393bcd63","layer":"power","name":"Blue Canyon Windpower","state":"OK","detail_file":"data/details/power-plants-42.json","plant_id":"56081","capacity_mw":74.3,"status_group":"Operating","energy_sources":"WND","type":"Power plant","is_nuclear":false}},{"type":"Feature","geometry":{"type":"Point","coordinates":[-98.606,34.866]},"properties":{"key":"56335-952bce90","layer":"power","name":"Blue Canyon Windpower II","state":"OK","detail_file":"data/details/power-plants-58.json","plant_id":"56335","capacity_mw":151.4,"status_group":"Operating","energy_sources":"WND","type":"Power plant","is_nuclear":false}},{"type":"Feature","geometry":{"type":"Point","coordinates":[-98.453,34.822]},"properties":{"key":"57108-75bf1fa8","layer":"power","name":"Blue Canyon Windpower V LLC","state":"OK","detail_file":"data/details/power-plants-17.json","plant_id":"57108","capacity_mw":99.0,"status_group":"Operating","energy_sources":"WND","type":"Power plant","is_nuclear":false}},{"type":"Feature","geometry":{"type":"Point","coordinates":[-98.56,34.91]},"properties":{"key":"57616-18fdd686","layer":"power","name":"Blue Canyon Windpower VI LLC","state":"OK","detail_file":"data/details/power-plants-51.json","plant_id":"57616","capacity_mw":99.8,"status_group":"Operating","energy_sources":"WND","type":"Power plant","is_nuclear":false}},{"type":"Feature","geometry":{"type":"Point","coordinates":[-96.435,33.969]},"properties":{"key":"66248-8b8061a9","layer":"power","name":"Butterfield Solar Farm","state":"OK","detail_file":"data/details/power-plants-18.json","plant_id":"66248","capacity_mw":5.0,"status_group":"Operating","energy_sources":"SUN","type":"Power plant","is_nuclear":false}},{"type":"Feature","geometry":{"type":"Point","coordinates":[-96.229,34.855]},"properties":{"key":"68375-063cdca9","layer":"power","name":"Buzzard Flop","state":"OK","detail_file":"data/details/power-plants-39.json","plant_id":"68375","capacity_mw":7.5,"status_group":"Operating","energy_sources":"NG","type":"Power plant","is_nuclear":false}},{"type":"Feature","geometry":{"type":"Point","coordinates":[-98.384,34.985]},"properties":{"key":"64047-34ff425b","layer":"power","name":"Caddo Wind","state":"OK","detail_file":"data/details/power-plants-40.json","plant_id":"64047","capacity_mw":303.2,"status_group":"Operating","energy_sources":"WND","type":"Power plant","is_nuclear":false}},{"type":"Feature","geometry":{"type":"Point","coordinates":[-98.101,35.533]},"properties":{"key":"57597-bcaec0d0","layer":"power","name":"Cana Gas Processing Plant","state":"OK","detail_file":"data/details/power-plants-50.json","plant_id":"57597","capacity_mw":7.5,"status_group":"Operating","energy_sources":"DFO","type":"Power plant","is_nuclear":false}},{"type":"Feature","geometry":{"type":"Point","coordinates":[-98.025,35.63]},"properties":{"key":"57987-b7c31c21","layer":"power","name":"Canadian Hills Wind","state":"OK","detail_file":"data/details/power-plants-62.json","plant_id":"57987","capacity_mw":293.7,"status_group":"Operating","energy_sources":"WND","type":"Power plant","is_nuclear":false}},{"type":"Feature","geometry":{"type":"Point","coordinates":[-96.288,34.589]},"properties":{"key":"68376-7f7f31ba","layer":"power","name":"Centrahoma East","state":"OK","detail_file":"data/details/power-plants-62.json","plant_id":"68376","capacity_mw":25.0,"status_group":"Operating","energy_sources":"NG","type":"Power plant","is_nuclear":false}},{"type":"Feature","geometry":{"type":"Point","coordinates":[-96.296,34.593]},"properties":{"key":"68377-1f2bcffe","layer":"power","name":"Centrahoma West","state":"OK","detail_file":"data/details/power-plants-33.json","plant_id":"68377","capacity_mw":25.0,"status_group":"Operating","energy_sources":"NG","type":"Power plant","is_nuclear":false}},{"type":"Feature","geometry":{"type":"Point","coordinates":[-97.105,34.477]},"properties":{"key":"63500-f2d61fbb","layer":"power","name":"Chickasaw Nation Solar Farm","state":"OK","detail_file":"data/details/power-plants-13.json","plant_id":"63500","capacity_mw":5.0,"status_group":"Operating","energy_sources":"SUN","type":"Power plant","is_nuclear":false}},{"type":"Feature","geometry":{"type":"Point","coordinates":[-96.435,33.969]},"properties":{"key":"63499-f28e65e0","layer":"power","name":"Choctaw Nation Solar Farm","state":"OK","detail_file":"data/details/power-plants-34.json","plant_id":"63499","capacity_mw":5.0,"status_group":"Operating","energy_sources":"SUN","type":"Power plant","is_nuclear":false}},{"type":"Feature","geometry":{"type":"Point","coordinates":[-98.324,34.543]},"properties":{"key":"8059-99c92392","layer":"power","name":"Comanche (OK)","state":"OK","detail_file":"data/details/power-plants-53.json","plant_id":"8059","capacity_mw":294.0,"status_group":"Operating","energy_sources":"DFO; NG","type":"Power plant","is_nuclear":false}},{"type":"Feature","geometry":{"type":"Point","coordinates":[-98.324,34.543]},"properties":{"key":"8059-c8068ef2","layer":"power","name":"Comanche (OK)","state":"OK","detail_file":"data/details/power-plants-61.json","plant_id":"8059","capacity_mw":1372.8,"status_group":"Planned","energy_sources":"NG","type":"Power plant","is_nuclear":false}},{"type":"Feature","geometry":{"type":"Point","coordinates":[-96.776,35.983]},"properties":{"key":"2975-e5ebada5","layer":"power","name":"Cushing","state":"OK","detail_file":"data/details/power-plants-17.json","plant_id":"2975","capacity_mw":24.6,"status_group":"Operating","energy_sources":"NG","type":"Power plant","is_nuclear":false}},{"type":"Feature","geometry":{"type":"Point","coordinates":[-98.228,34.898]},"properties":{"key":"61614-ddee706b","layer":"power","name":"Cyril","state":"OK","detail_file":"data/details/power-plants-45.json","plant_id":"61614","capacity_mw":5.0,"status_group":"Operating","energy_sources":"SUN","type":"Power plant","is_nuclear":false}},{"type":"Feature","geometry":{"type":"Point","coordinates":[-99.814,35.53]},"properties":{"key":"56665-9f27f981","layer":"power","name":"Dempsey Ridge Wind Farm","state":"OK","detail_file":"data/details/power-plants-57.json","plant_id":"56665","capacity_mw":132.0,"status_group":"Operating","energy_sources":"WND","type":"Power plant","is_nuclear":false}},{"type":"Feature","geometry":{"type":"Point","coordinates":[-96.78,34.487]},"properties":{"key":"63327-6c496d28","layer":"power","name":"Diamond Spring, LLC","state":"OK","detail_file":"data/details/power-plants-07.json","plant_id":"63327","capacity_mw":303.5,"status_group":"Operating","energy_sources":"WND","type":"Power plant","is_nuclear":false}},{"type":"Feature","geometry":{"type":"Point","coordinates":[-97.957,34.828]},"properties":{"key":"59065-6fc4a87f","layer":"power","name":"Drift Sand Wind Project LLC","state":"OK","detail_file":"data/details/power-plants-23.json","plant_id":"59065","capacity_mw":108.0,"status_group":"Operating","energy_sources":"WND","type":"Power plant","is_nuclear":false}},{"type":"Feature","geometry":{"type":"Point","coordinates":[-99.898,35.464]},"properties":{"key":"57346-1f097396","layer":"power","name":"Elk City LLC","state":"OK","detail_file":"data/details/power-plants-29.json","plant_id":"57346","capacity_mw":198.1,"status_group":"Operating","energy_sources":"WND","type":"Power plant","is_nuclear":false}},{"type":"Feature","geometry":{"type":"Point","coordinates":[-97.648,35.442]},"properties":{"key":"50558-05f00d1a","layer":"power","name":"Frontier","state":"OK","detail_file":"data/details/power-plants-46.json","plant_id":"50558","capacity_mw":131.4,"status_group":"Operating","energy_sources":"NG","type":"Power plant","is_nuclear":false}},{"type":"Feature","geometry":{"type":"Point","coordinates":[-96.916,34.514]},"properties":{"key":"64750-c75480b0","layer":"power","name":"Glass Sands Wind Facility","state":"OK","detail_file":"data/details/power-plants-04.json","plant_id":"64750","capacity_mw":117.0,"status_group":"Operating","energy_sources":"WND","type":"Power plant","is_nuclear":false}},{"type":"Feature","geometry":{"type":"Point","coordinates":[-98.386,35.495]},"properties":{"key":"61615-da5f6279","layer":"power","name":"Hinton","state":"OK","detail_file":"data/details/power-plants-34.json","plant_id":"61615","capacity_mw":3.0,"status_group":"Operating","energy_sources":"SUN","type":"Power plant","is_nuclear":false}},{"type":"Feature","geometry":{"type":"Point","coordinates":[-97.59,35.989]},"properties":{"key":"64339-b603860a","layer":"power","name":"Horizon Hill Wind Project","state":"OK","detail_file":"data/details/power-plants-51.json","plant_id":"64339","capacity_mw":201.5,"status_group":"Operating","energy_sources":"WND","type":"Power plant","is_nuclear":false}},{"type":"Feature","geometry":{"type":"Point","coordinates":[-97.18,35.509]},"properties":{"key":"2951-299dd6ca","layer":"power","name":"Horseshoe Lake","state":"OK","detail_file":"data/details/power-plants-35.json","plant_id":"2951","capacity_mw":564.0,"status_group":"Operating","energy_sources":"NG","type":"Power plant","is_nuclear":false}},{"type":"Feature","geometry":{"type":"Point","coordinates":[-97.18,35.509]},"properties":{"key":"2951-e2275a30","layer":"power","name":"Horseshoe Lake","state":"OK","detail_file":"data/details/power-plants-52.json","plant_id":"2951","capacity_mw":896.0,"status_group":"Under construction","energy_sources":"NG","type":"Power plant","is_nuclear":false}},{"type":"Feature","geometry":{"type":"Point","coordinates":[-97.928,35.858]},"properties":{"key":"2986-00199e98","layer":"power","name":"Kingfisher","state":"OK","detail_file":"data/details/power-plants-48.json","plant_id":"2986","capacity_mw":9.1,"status_group":"Operating","energy_sources":"DFO","type":"Power plant","is_nuclear":false}},{"type":"Feature","geometry":{"type":"Point","coordinates":[-97.8,35.77]},"properties":{"key":"58902-0f542222","layer":"power","name":"Kingfisher Wind LLC","state":"OK","detail_file":"data/details/power-plants-36.json","plant_id":"58902","capacity_mw":298.0,"status_group":"Operating","energy_sources":"WND","type":"Power plant","is_nuclear":false}},{"type":"Feature","geometry":{"type":"Point","coordinates":[-98.962,34.67]},"properties":{"key":"66642-8007fa0f","layer":"power","name":"Kiowa County Solar Project","state":"OK","detail_file":"data/details/power-plants-37.json","plant_id":"66642","capacity_mw":100.0,"status_group":"Operating","energy_sources":"SUN","type":"Power plant","is_nuclear":false}},{"type":"Feature","geometry":{"type":"Point","coordinates":[-96.29,34.594]},"properties":{"key":"68378-bd183eda","layer":"power","name":"Little Dixie","state":"OK","detail_file":"data/details/power-plants-06.json","plant_id":"68378","capacity_mw":12.5,"status_group":"Operating","energy_sources":"NG","type":"Power plant","is_nuclear":false}},{"type":"Feature","geometry":{"type":"Point","coordinates":[-98.907,35.195]},"properties":{"key":"58999-165cdeb0","layer":"power","name":"Little Elk Wind Project LLC","state":"OK","detail_file":"data/details/power-plants-59.json","plant_id":"58999","capacity_mw":74.0,"status_group":"Operating","energy_sources":"WND","type":"Power plant","is_nuclear":false}},{"type":"Feature","geometry":{"type":"Point","coordinates":[-98.71,35.979]},"properties":{"key":"59284-294b6e5a","layer":"power","name":"Mammoth Plains","state":"OK","detail_file":"data/details/power-plants-62.json","plant_id":"59284","capacity_mw":226.1,"status_group":"Operating","energy_sources":"WND","type":"Power plant","is_nuclear":false}},{"type":"Feature","geometry":{"type":"Point","coordinates":[-97.109,33.943]},"properties":{"key":"61616-496002a7","layer":"power","name":"Marietta","state":"OK","detail_file":"data/details/power-plants-15.json","plant_id":"61616","capacity_mw":3.0,"status_group":"Operating","energy_sources":"SUN","type":"Power plant","is_nuclear":false}},{"type":"Feature","geometry":{"type":"Point","coordinates":[-97.59,35.298]},"properties":{"key":"55457-3846fe98","layer":"power","name":"McClain Energy Facility","state":"OK","detail_file":"data/details/power-plants-15.json","plant_id":"55457","capacity_mw":551.3,"status_group":"Operating","energy_sources":"NG","type":"Power plant","is_nuclear":false}},{"type":"Feature","geometry":{"type":"Point","coordinates":[-97.891,35.305]},"properties":{"key":"68802-b23a1f89","layer":"power","name":"Minco II Energy Storage","state":"OK","detail_file":"data/details/power-plants-26.json","plant_id":"68802","capacity_mw":65.0,"status_group":"Operating","energy_sources":"MWH","type":"Power plant","is_nuclear":false}},{"type":"Feature","geometry":{"type":"Point","coordinates":[-97.976,35.28]},"properties":{"key":"57590-833389d5","layer":"power","name":"Minco Wind I, LLC","state":"OK","detail_file":"data/details/power-plants-30.json","plant_id":"57590","capacity_mw":99.2,"status_group":"Operating","energy_sources":"WND","type":"Power plant","is_nuclear":false}},{"type":"Feature","geometry":{"type":"Point","coordinates":[-98.071,35.325]},"properties":{"key":"57956-b3d68bff","layer":"power","name":"Minco Wind II, LLC","state":"OK","detail_file":"data/details/power-plants-57.json","plant_id":"57956","capacity_mw":100.8,"status_group":"Operating","energy_sources":"WND","type":"Power plant","is_nuclear":false}},{"type":"Feature","geometry":{"type":"Point","coordinates":[-98.183,35.372]},"properties":{"key":"58203-05a5ff27","layer":"power","name":"Minco Wind III, LLC","state":"OK","detail_file":"data/details/power-plants-50.json","plant_id":"58203","capacity_mw":100.8,"status_group":"Operating","energy_sources":"WND","type":"Power plant","is_nuclear":false}},{"type":"Feature","geometry":{"type":"Point","coordinates":[-98.27,35.381]},"properties":{"key":"61836-b9662765","layer":"power","name":"Minco Wind IV, LLC","state":"OK","detail_file":"data/details/power-plants-37.json","plant_id":"61836","capacity_mw":130.0,"status_group":"Operating","energy_sources":"WND","type":"Power plant","is_nuclear":false}},{"type":"Feature","geometry":{"type":"Point","coordinates":[-97.675,35.47]},"properties":{"key":"2953-2a11bbc7","layer":"power","name":"Mustang","state":"OK","detail_file":"data/details/power-plants-37.json","plant_id":"2953","capacity_mw":464.5,"status_group":"Operating","energy_sources":"NG; SUN","type":"Power plant","is_nuclear":false}},{"type":"Feature","geometry":{"type":"Point","coordinates":[-97.36,35.227]},"properties":{"key":"64473-5d51d5d1","layer":"power","name":"Norman Solar","state":"OK","detail_file":"data/details/power-plants-44.json","plant_id":"64473","capacity_mw":2.0,"status_group":"Operating","energy_sources":"SUN","type":"Power plant","is_nuclear":false}},{"type":"Feature","geometry":{"type":"Point","coordinates":[-98.983,34.618]},"properties":{"key":"66866-74e67f3a","layer":"power","name":"North Fork Solar Project","state":"OK","detail_file":"data/details/power-plants-08.json","plant_id":"66866","capacity_mw":120.0,"status_group":"Operating","energy_sources":"SUN","type":"Power plant","is_nuclear":false}},{"type":"Feature","geometry":{"type":"Point","coordinates":[-97.27,34.446]},"properties":{"key":"58938-42a4bea1","layer":"power","name":"Origin Wind","state":"OK","detail_file":"data/details/power-plants-29.json","plant_id":"58938","capacity_mw":150.0,"status_group":"Operating","energy_sources":"WND","type":"Power plant","is_nuclear":false}},{"type":"Feature","geometry":{"type":"Point","coordinates":[-96.768,34.681]},"properties":{"key":"68711-5030f211","layer":"power","name":"People's","state":"OK","detail_file":"data/details/power-plants-44.json","plant_id":"68711","capacity_mw":5.0,"status_group":"Operating","energy_sources":"SUN","type":"Power plant","is_nuclear":false}},{"type":"Feature","geometry":{"type":"Point","coordinates":[-98.445,35.013]},"properties":{"key":"61617-c4ec2efa","layer":"power","name":"Pine Ridge","state":"OK","detail_file":"data/details/power-plants-01.json","plant_id":"61617","capacity_mw":3.0,"status_group":"Operating","energy_sources":"SUN","type":"Power plant","is_nuclear":false}},{"type":"Feature","geometry":{"type":"Point","coordinates":[-96.864,34.636]},"properties":{"key":"67224-596e62dd","layer":"power","name":"Pontotoc Wind","state":"OK","detail_file":"data/details/power-plants-29.json","plant_id":"67224","capacity_mw":147.5,"status_group":"Operating","energy_sources":"WND","type":"Power plant","is_nuclear":false}},{"type":"Feature","geometry":{"type":"Point","coordinates":[-99.383,35.535]},"properties":{"key":"56804-eebb88e3","layer":"power","name":"Red Hills Wind Project LLC","state":"OK","detail_file":"data/details/power-plants-35.json","plant_id":"56804","capacity_mw":123.0,"status_group":"Operating","energy_sources":"WND","type":"Power plant","is_nuclear":false}},{"type":"Feature","geometry":{"type":"Point","coordinates":[-97.854,35.291]},"properties":{"key":"61221-d8c3b70a","layer":"power","name":"Redbed Plains Wind Farm","state":"OK","detail_file":"data/details/power-plants-25.json","plant_id":"61221","capacity_mw":99.1,"status_group":"Operating","energy_sources":"WND","type":"Power plant","is_nuclear":false}},{"type":"Feature","geometry":{"type":"Point","coordinates":[-97.226,35.686]},"properties":{"key":"55463-3ad1d37b","layer":"power","name":"Redbud Power Plant","state":"OK","detail_file":"data/details/power-plants-32.json","plant_id":"55463","capacity_mw":1433.6,"status_group":"Operating","energy_sources":"NG","type":"Power plant","is_nuclear":false}},{"type":"Feature","geometry":{"type":"Point","coordinates":[-97.285,34.42]},"properties":{"key":"64172-d0561526","layer":"power","name":"Rockhaven Wind Project, LLC","state":"OK","detail_file":"data/details/power-plants-20.json","plant_id":"64172","capacity_mw":140.0,"status_group":"Operating","energy_sources":"WND","type":"Power plant","is_nuclear":false}},{"type":"Feature","geometry":{"type":"Point","coordinates":[-99.003,35.136]},"properties":{"key":"58078-2f8ea9fe","layer":"power","name":"Rocky Ridge Wind Project","state":"OK","detail_file":"data/details/power-plants-54.json","plant_id":"58078","capacity_mw":148.8,"status_group":"Operating","energy_sources":"WND","type":"Power plant","is_nuclear":false}},{"type":"Feature","geometry":{"type":"Point","coordinates":[-97.989,35.339]},"properties":{"key":"69968-57a1cafc","layer":"power","name":"Rumble Solar","state":"OK","detail_file":"data/details/power-plants-19.json","plant_id":"69968","capacity_mw":250.0,"status_group":"Planned","energy_sources":"SUN","type":"Power plant","is_nuclear":false}},{"type":"Feature","geometry":{"type":"Point","coordinates":[-97.83,34.696]},"properties":{"key":"63458-61f70935","layer":"power","name":"Rush Springs Energy Storage (BA)","state":"OK","detail_file":"data/details/power-plants-35.json","plant_id":"63458","capacity_mw":10.0,"status_group":"Operating","energy_sources":"MWH","type":"Power plant","is_nuclear":false}},{"type":"Feature","geometry":{"type":"Point","coordinates":[-97.829,34.683]},"properties":{"key":"60592-bdb0b76b","layer":"power","name":"Rush Springs Wind","state":"OK","detail_file":"data/details/power-plants-23.json","plant_id":"60592","capacity_mw":249.9,"status_group":"Operating","energy_sources":"WND","type":"Power plant","is_nuclear":false}},{"type":"Feature","geometry":{"type":"Point","coordinates":[-96.726,34.966]},"properties":{"key":"2956-b044b961","layer":"power","name":"Seminole (OK)","state":"OK","detail_file":"data/details/power-plants-41.json","plant_id":"2956","capacity_mw":1701.0,"status_group":"Operating","energy_sources":"NG","type":"Power plant","is_nuclear":false}},{"type":"Feature","geometry":{"type":"Point","coordinates":[-99.104,35.218]},"properties":{"key":"65971-9a0f6b41","layer":"power","name":"Seven Cowboy Wind Project, LLC","state":"OK","detail_file":"data/details/power-plants-05.json","plant_id":"65971","capacity_mw":301.7,"status_group":"Operating","energy_sources":"WND","type":"Power plant","is_nuclear":false}},{"type":"Feature","geometry":{"type":"Point","coordinates":[-98.352,35.101]},"properties":{"key":"2964-931d2260","layer":"power","name":"Southwestern","state":"OK","detail_file":"data/details/power-plants-43.json","plant_id":"2964","capacity_mw":658.0,"status_group":"Operating","energy_sources":"DFO; NG","type":"Power plant","is_nuclear":false}},{"type":"Feature","geometry":{"type":"Point","coordinates":[-97.655,35.742]},"properties":{"key":"55651-9e7cd653","layer":"power","name":"Spring Creek Energy Center","state":"OK","detail_file":"data/details/power-plants-24.json","plant_id":"55651","capacity_mw":346.0,"status_group":"Operating","energy_sources":"NG","type":"Power plant","is_nuclear":false}},{"type":"Feature","geometry":{"type":"Point","coordinates":[-96.054,34.88]},"properties":{"key":"68379-9d9b3ec5","layer":"power","name":"Stuart (OK)","state":"OK","detail_file":"data/details/power-plants-30.json","plant_id":"68379","capacity_mw":5.0,"status_group":"Operating","energy_sources":"NG","type":"Power plant","is_nuclear":false}},{"type":"Feature","geometry":{"type":"Point","coordinates":[-98.968,35.856]},"properties":{"key":"57261-46207dc6","layer":"power","name":"Taloga Wind LLC","state":"OK","detail_file":"data/details/power-plants-19.json","plant_id":"57261","capacity_mw":130.0,"status_group":"Operating","energy_sources":"WND","type":"Power plant","is_nuclear":false}},{"type":"Feature","geometry":{"type":"Point","coordinates":[-97.373,35.415]},"properties":{"key":"63628-13c15c50","layer":"power","name":"Tinker","state":"OK","detail_file":"data/details/power-plants-53.json","plant_id":"63628","capacity_mw":178.2,"status_group":"Operating","energy_sources":"NG","type":"Power plant","is_nuclear":false}},{"type":"Feature","geometry":{"type":"Point","coordinates":[-98.835,35.711]},"properties":{"key":"63479-74193dc9","layer":"power","name":"Traverse Wind Project, LLC","state":"OK","detail_file":"data/details/power-plants-45.json","plant_id":"63479","capacity_mw":999.0,"status_group":"Operating","energy_sources":"WND","type":"Power plant","is_nuclear":false}},{"type":"Feature","geometry":{"type":"Point","coordinates":[-97.847,35.267]},"properties":{"key":"61618-8e6ac772","layer":"power","name":"Tuttle","state":"OK","detail_file":"data/details/power-plants-17.json","plant_id":"61618","capacity_mw":4.0,"status_group":"Operating","energy_sources":"SUN","type":"Power plant","is_nuclear":false}},{"type":"Feature","geometry":{"type":"Point","coordinates":[-97.442,35.209]},"properties":{"key":"50307-34db9a09","layer":"power","name":"University of Oklahoma","state":"OK","detail_file":"data/details/power-plants-11.json","plant_id":"50307","capacity_mw":18.6,"status_group":"Operating","energy_sources":"DFO; NG","type":"Power plant","is_nuclear":false}},{"type":"Feature","geometry":{"type":"Point","coordinates":[-98.735,35.509]},"properties":{"key":"56273-f352416e","layer":"power","name":"Weatherford Wind Energy Center","state":"OK","detail_file":"data/details/power-plants-22.json","plant_id":"56273","capacity_mw":147.0,"status_group":"Operating","energy_sources":"WND","type":"Power plant","is_nuclear":false}},{"type":"Feature","geometry":{"type":"Point","coordinates":[-96.135,35.323]},"properties":{"key":"2966-75c9a9d4","layer":"power","name":"Weleetka","state":"OK","detail_file":"data/details/power-plants-12.json","plant_id":"2966","capacity_mw":110.0,"status_group":"Operating","energy_sources":"DFO; NG","type":"Power plant","is_nuclear":false}},{"type":"Feature","geometry":{"type":"Point","coordinates":[-98.185,34.974]},"properties":{"key":"64341-85c231de","layer":"power","name":"White Rock East Wind Project","state":"OK","detail_file":"data/details/power-plants-07.json","plant_id":"64341","capacity_mw":201.5,"status_group":"Operating","energy_sources":"WND","type":"Power plant","is_nuclear":false}},{"type":"Feature","geometry":{"type":"Point","coordinates":[-98.257,34.967]},"properties":{"key":"64340-15efc912","layer":"power","name":"White Rock West Wind Project","state":"OK","detail_file":"data/details/power-plants-47.json","plant_id":"64340","capacity_mw":99.5,"status_group":"Operating","energy_sources":"WND","type":"Power plant","is_nuclear":false}},{"type":"Feature","geometry":{"type":"Point","coordinates":[-99.917,32.811]},"properties":{"key":"64026-24ca928a","layer":"power","name":"ANSON Solar Center, LLC","state":"TX","detail_file":"data/details/power-plants-17.json","plant_id":"64026","capacity_mw":200.0,"status_group":"Operating","energy_sources":"SUN","type":"Power plant","is_nuclear":false}},{"type":"Feature","geometry":{"type":"Point","coordinates":[-96.185,32.82]},"properties":{"key":"66905-d31515b2","layer":"power","name":"Ables Springs Solar & Storage","state":"TX","detail_file":"data/details/power-plants-15.json","plant_id":"66905","capacity_mw":100.0,"status_group":"Operating","energy_sources":"MWH","type":"Power plant","is_nuclear":false}},{"type":"Feature","geometry":{"type":"Point","coordinates":[-96.185,32.82]},"properties":{"key":"66905-d70946a6","layer":"power","name":"Ables Springs Solar & Storage","state":"TX","detail_file":"data/details/power-plants-26.json","plant_id":"66905","capacity_mw":151.0,"status_group":"Under construction","energy_sources":"SUN","type":"Power plant","is_nuclear":false}},{"type":"Feature","geometry":{"type":"Point","coordinates":[-96.032,32.479]},"properties":{"key":"69520-1007de61","layer":"power","name":"Amador BESS","state":"TX","detail_file":"data/details/power-plants-63.json","plant_id":"69520","capacity_mw":220.0,"status_group":"Under construction","energy_sources":"MWH","type":"Power plant","is_nuclear":false}},{"type":"Feature","geometry":{"type":"Point","coordinates":[-96.644,32.649]},"properties":{"key":"58946-0cf2dbdc","layer":"power","name":"Ameresco Dallas LLC","state":"TX","detail_file":"data/details/power-plants-41.json","plant_id":"58946","capacity_mw":4.2,"status_group":"Operating","energy_sources":"LFG","type":"Power plant","is_nuclear":false}},{"type":"Feature","geometry":{"type":"Point","coordinates":[-96.54,32.552]},"properties":{"key":"67740-d111aff8","layer":"power","name":"Anole Energy Storage","state":"TX","detail_file":"data/details/power-plants-32.json","plant_id":"67740","capacity_mw":240.0,"status_group":"Operating","energy_sources":"MWH","type":"Power plant","is_nuclear":false}},{"type":"Feature","geometry":{"type":"Point","coordinates":[-99.919,32.806]},"properties":{"key":"69149-9d7e2cfb","layer":"power","name":"Anson 2 Solar","state":"TX","detail_file":"data/details/power-plants-39.json","plant_id":"69149","capacity_mw":218.5,"status_group":"Under construction","energy_sources":"SUN","type":"Power plant","is_nuclear":false}},{"type":"Feature","geometry":{"type":"Point","coordinates":[-97.728,32.38]},"properties":{"key":"69155-3bf7b07c","layer":"power","name":"Apache Hill Energy Center","state":"TX","detail_file":"data/details/power-plants-10.json","plant_id":"69155","capacity_mw":200.0,"status_group":"Under construction","energy_sources":"MWH","type":"Power plant","is_nuclear":false}},{"type":"Feature","geometry":{"type":"Point","coordinates":[-96.203,32.0]},"properties":{"key":"64349-7df29216","layer":"power","name":"Armadillo Solar Center","state":"TX","detail_file":"data/details/power-plants-21.json","plant_id":"64349","capacity_mw":175.0,"status_group":"Under construction","energy_sources":"SUN","type":"Power plant","is_nuclear":false}},{"type":"Feature","geometry":{"type":"Point","coordinates":[-99.615,33.022]},"properties":{"key":"63905-4c38315e","layer":"power","name":"Azure Sky Solar","state":"TX","detail_file":"data/details/power-plants-52.json","plant_id":"63905","capacity_mw":316.2,"status_group":"Operating","energy_sources":"MWH; SUN","type":"Power plant","is_nuclear":false}},{"type":"Feature","geometry":{"type":"Point","coordinates":[-99.266,33.169]},"properties":{"key":"64164-230ef87a","layer":"power","name":"Azure Sky Wind Project, LLC Hybrid","state":"TX","detail_file":"data/details/power-plants-21.json","plant_id":"64164","capacity_mw":470.2,"status_group":"Operating","energy_sources":"MWH; WND","type":"Power plant","is_nuclear":false}},{"type":"Feature","geometry":{"type":"Point","coordinates":[-97.255,33.156]},"properties":{"key":"66571-8d71bbcc","layer":"power","name":"BKV-BPP Ponder Solar","state":"TX","detail_file":"data/details/power-plants-16.json","plant_id":"66571","capacity_mw":2.5,"status_group":"Operating","energy_sources":"SUN","type":"Power plant","is_nuclear":false}},{"type":"Feature","geometry":{"type":"Point","coordinates":[-99.292,32.289]},"properties":{"key":"62809-4712a4ed","layer":"power","name":"BMP Wind (TX)","state":"TX","detail_file":"data/details/power-plants-61.json","plant_id":"62809","capacity_mw":340.0,"status_group":"Operating","energy_sources":"WND","type":"Power plant","is_nuclear":false}},{"type":"Feature","geometry":{"type":"Point","coordinates":[-97.071,32.184]},"properties":{"key":"66324-40d44891","layer":"power","name":"BPL Files Solar","state":"TX","detail_file":"data/details/power-plants-52.json","plant_id":"66324","capacity_mw":157.5,"status_group":"Operating","energy_sources":"SUN","type":"Power plant","is_nuclear":false}},{"type":"Feature","geometry":{"type":"Point","coordinates":[-97.18,33.549]},"properties":{"key":"62773-19919d92","layer":"power","name":"BT Cooke Solar, LLC","state":"TX","detail_file":"data/details/power-plants-58.json","plant_id":"62773","capacity_mw":59.0,"status_group":"Operating","energy_sources":"SUN","type":"Power plant","is_nuclear":false}},{"type":"Feature","geometry":{"type":"Point","coordinates":[-96.086,32.986]},"properties":{"key":"67849-cbb0e5d3","layer":"power","name":"BT Signal Ranch","state":"TX","detail_file":"data/details/power-plants-57.json","plant_id":"67849","capacity_mw":50.0,"status_group":"Operating","energy_sources":"SUN","type":"Power plant","is_nuclear":false}},{"type":"Feature","geometry":{"type":"Point","coordinates":[-98.328,33.052]},"properties":{"key":"57156-23dfc6aa","layer":"power","name":"Barton Chapel Wind Farm","state":"TX","detail_file":"data/details/power-plants-50.json","plant_id":"57156","capacity_mw":120.0,"status_group":"Operating","energy_sources":"WND","type":"Power plant","is_nuclear":false}},{"type":"Feature","geometry":{"type":"Point","coordinates":[-99.368,34.292]},"properties":{"key":"68456-31e6944c","layer":"power","name":"Blue Summit II Storage","state":"TX","detail_file":"data/details/power-plants-52.json","plant_id":"68456","capacity_mw":150.0,"status_group":"Operating","energy_sources":"MWH","type":"Power plant","is_nuclear":false}},{"type":"Feature","geometry":{"type":"Point","coordinates":[-99.478,34.226]},"properties":{"key":"61970-918151d8","layer":"power","name":"Blue Summit II Wind","state":"TX","detail_file":"data/details/power-plants-11.json","plant_id":"61970","capacity_mw":99.4,"status_group":"Operating","energy_sources":"WND","type":"Power plant","is_nuclear":false}},{"type":"Feature","geometry":{"type":"Point","coordinates":[-99.563,34.17]},"properties":{"key":"62566-82d4dc96","layer":"power","name":"Blue Summit III Wind","state":"TX","detail_file":"data/details/power-plants-63.json","plant_id":"62566","capacity_mw":200.2,"status_group":"Operating","energy_sources":"WND","type":"Power plant","is_nuclear":false}},{"type":"Feature","geometry":{"type":"Point","coordinates":[-99.399,34.299]},"properties":{"key":"60690-af27b555","layer":"power","name":"Blue Summit Storage, LLC","state":"TX","detail_file":"data/details/power-plants-08.json","plant_id":"60690","capacity_mw":30.0,"status_group":"Operating","energy_sources":"MWH","type":"Power plant","is_nuclear":false}},{"type":"Feature","geometry":{"type":"Point","coordinates":[-99.368,34.293]},"properties":{"key":"58372-96f8c609","layer":"power","name":"Blue Summit Wind LLC","state":"TX","detail_file":"data/details/power-plants-15.json","plant_id":"58372","capacity_mw":135.4,"status_group":"Operating","energy_sources":"WND","type":"Power plant","is_nuclear":false}},{"type":"Feature","geometry":{"type":"Point","coordinates":[-96.301,32.144]},"properties":{"key":"68082-8ad3d9cc","layer":"power","name":"Bluebonnet Prairie Wind","state":"TX","detail_file":"data/details/power-plants-50.json","plant_id":"68082","capacity_mw":170.0,"status_group":"Under construction","energy_sources":"WND","type":"Power plant","is_nuclear":false}},{"type":"Feature","geometry":{"type":"Point","coordinates":[-98.582,33.493]},"properties":{"key":"57974-0bae5f9a","layer":"power","name":"Bobcat Bluff Wind Project LLC","state":"TX","detail_file":"data/details/power-plants-34.json","plant_id":"57974","capacity_mw":161.0,"status_group":"Operating","energy_sources":"WND","type":"Power plant","is_nuclear":false}},{"type":"Feature","geometry":{"type":"Point","coordinates":[-96.585,32.067]},"properties":{"key":"63769-a3bd92ef","layer":"power","name":"Briar Creek Solar 1","state":"TX","detail_file":"data/details/power-plants-02.json","plant_id":"63769","capacity_mw":127.0,"status_group":"Operating","energy_sources":"SUN","type":"Power plant","is_nuclear":false}},{"type":"Feature","geometry":{"type":"Point","coordinates":[-97.803,33.196]},"properties":{"key":"55053-14bc07a6","layer":"power","name":"Bridgeport Gas Processing Plant","state":"TX","detail_file":"data/details/power-plants-25.json","plant_id":"55053","capacity_mw":10.4,"status_group":"Operating","energy_sources":"NG","type":"Power plant","is_nuclear":false}},{"type":"Feature","geometry":{"type":"Point","coordinates":[-99.56,33.144]},"properties":{"key":"66691-d3c0f22d","layer":"power","name":"Briggs Solar, LLC","state":"TX","detail_file":"data/details/power-plants-17.json","plant_id":"66691","capacity_mw":375.5,"status_group":"Under construction","energy_sources":"MWH; SUN","type":"Power plant","is_nuclear":false}},{"type":"Feature","geometry":{"type":"Point","coordinates":[-98.377,32.371]},"properties":{"key":"60983-d51c8cf4","layer":"power","name":"Buckthorn Wind","state":"TX","detail_file":"data/details/power-plants-16.json","plant_id":"60983","capacity_mw":100.5,"status_group":"Operating","energy_sources":"WND","type":"Power plant","is_nuclear":false}},{"type":"Feature","geometry":{"type":"Point","coordinates":[-98.978,32.392]},"properties":{"key":"66795-55464ae1","layer":"power","name":"CISCO BESS","state":"TX","detail_file":"data/details/power-plants-34.json","plant_id":"66795","capacity_mw":9.9,"status_group":"Operating","energy_sources":"MWH","type":"Power plant","is_nuclear":false}},{"type":"Feature","geometry":{"type":"Point","coordinates":[-96.925,32.612]},"properties":{"key":"67570-697176af","layer":"power","name":"Cedar Hill ESS","state":"TX","detail_file":"data/details/power-plants-42.json","plant_id":"67570","capacity_mw":10.0,"status_group":"Under construction","energy_sources":"MWH","type":"Power plant","is_nuclear":false}},{"type":"Feature","geometry":{"type":"Point","coordinates":[-97.083,32.687]},"properties":{"key":"68684-e78bab4b","layer":"power","name":"Century BESS","state":"TX","detail_file":"data/details/power-plants-60.json","plant_id":"68684","capacity_mw":10.0,"status_group":"Operating","energy_sources":"MWH","type":"Power plant","is_nuclear":false}},{"type":"Feature","geometry":{"type":"Point","coordinates":[-99.159,32.429]},"properties":{"key":"67425-cbf4ba68","layer":"power","name":"Century Oak Wind Project, LLC","state":"TX","detail_file":"data/details/power-plants-28.json","plant_id":"67425","capacity_mw":151.5,"status_group":"Operating","energy_sources":"WND","type":"Power plant","is_nuclear":false}},{"type":"Feature","geometry":{"type":"Point","coordinates":[-99.848,32.387]},"properties":{"key":"68667-525de53f","layer":"power","name":"Chimney Rock BESS","state":"TX","detail_file":"data/details/power-plants-42.json","plant_id":"68667","capacity_mw":156.0,"status_group":"Planned","energy_sources":"MWH","type":"Power plant","is_nuclear":false}},{"type":"Feature","geometry":{"type":"Point","coordinates":[-97.386,32.904]},"properties":{"key":"63737-459fe2ce","layer":"power","name":"Chisholm Grid Energy Storage System","state":"TX","detail_file":"data/details/power-plants-28.json","plant_id":"63737","capacity_mw":100.0,"status_group":"Operating","energy_sources":"MWH","type":"Power plant","is_nuclear":false}},{"type":"Feature","geometry":{"type":"Point","coordinates":[-96.979,33.271]},"properties":{"key":"60427-be27d640","layer":"power","name":"CoServ Community Solar Station","state":"TX","detail_file":"data/details/power-plants-57.json","plant_id":"60427","capacity_mw":2.0,"status_group":"Operating","energy_sources":"SUN","type":"Power plant","is_nuclear":false}},{"type":"Feature","geometry":{"type":"Point","coordinates":[-97.786,32.298]},"properties":{"key":"6145-f84ebcee","layer":"power","name":"Comanche Peak","state":"TX","detail_file":"data/details/power-plants-33.json","plant_id":"6145","capacity_mw":2430.0,"status_group":"Operating","energy_sources":"NUC","type":"Nuclear power plant","is_nuclear":true}},{"type":"Feature","geometry":{"type":"Point","coordinates":[-97.29,33.457]},"properties":{"key":"67765-aa967d0c","layer":"power","name":"Compadre Solar","state":"TX","detail_file":"data/details/power-plants-02.json","plant_id":"67765","capacity_mw":150.0,"status_group":"Operating","energy_sources":"SUN","type":"Power plant","is_nuclear":false}},{"type":"Feature","geometry":{"type":"Point","coordinates":[-96.082,33.404]},"properties":{"key":"62772-a82d7bbb","layer":"power","name":"Coniglio Solar","state":"TX","detail_file":"data/details/power-plants-33.json","plant_id":"62772","capacity_mw":123.6,"status_group":"Operating","energy_sources":"SUN","type":"Power plant","is_nuclear":false}},{"type":"Feature","geometry":{"type":"Point","coordinates":[-97.419,33.211]},"properties":{"key":"67861-3d1e8dbc","layer":"power","name":"Connolly BESS","state":"TX","detail_file":"data/details/power-plants-51.json","plant_id":"67861","capacity_mw":125.0,"status_group":"Operating","energy_sources":"MWH","type":"Power plant","is_nuclear":false}},{"type":"Feature","geometry":{"type":"Point","coordinates":[-96.076,33.004]},"properties":{"key":"65410-383b795c","layer":"power","name":"Cunningham Storage","state":"TX","detail_file":"data/details/power-plants-29.json","plant_id":"65410","capacity_mw":190.0,"status_group":"Operating","energy_sources":"MWH","type":"Power plant","is_nuclear":false}},{"type":"Feature","geometry":{"type":"Point","coordinates":[-99.813,32.465]},"properties":{"key":"69361-5b3ade62","layer":"power","name":"DGS Five Points","state":"TX","detail_file":"data/details/power-plants-46.json","plant_id":"69361","capacity_mw":9.9,"status_group":"Operating","energy_sources":"MWH","type":"Power plant","is_nuclear":false}},{"type":"Feature","geometry":{"type":"Point","coordinates":[-97.701,32.403]},"properties":{"key":"8063-79b56021","layer":"power","name":"DeCordova Steam Electric Station","state":"TX","detail_file":"data/details/power-plants-29.json","plant_id":"8063","capacity_mw":626.7,"status_group":"Operating","energy_sources":"MWH; NG","type":"Power plant","is_nuclear":false}},{"type":"Feature","geometry":{"type":"Point","coordinates":[-96.569,33.818]},"properties":{"key":"6416-68e84a83","layer":"power","name":"Denison","state":"TX","detail_file":"data/details/power-plants-19.json","plant_id":"6416","capacity_mw":104.3,"status_group":"Operating","energy_sources":"WAT","type":"Power plant","is_nuclear":false}},{"type":"Feature","geometry":{"type":"Point","coordinates":[-97.21,33.215]},"properties":{"key":"61643-15f44f13","layer":"power","name":"Denton Energy Center","state":"TX","detail_file":"data/details/power-plants-63.json","plant_id":"61643","capacity_mw":225.6,"status_group":"Operating","energy_sources":"NG","type":"Power plant","is_nuclear":false}},{"type":"Feature","geometry":{"type":"Point","coordinates":[-97.073,32.452]},"properties":{"key":"67598-c70a379e","layer":"power","name":"Desert Willow Energy Storage","state":"TX","detail_file":"data/details/power-plants-09.json","plant_id":"67598","capacity_mw":150.0,"status_group":"Operating","energy_sources":"MWH","type":"Power plant","is_nuclear":false}},{"type":"Feature","geometry":{"type":"Point","coordinates":[-99.023,33.719]},"properties":{"key":"67601-726dcedd","layer":"power","name":"Diversion Wind Energy LLC","state":"TX","detail_file":"data/details/power-plants-25.json","plant_id":"67601","capacity_mw":200.6,"status_group":"Operating","energy_sources":"WND","type":"Power plant","is_nuclear":false}},{"type":"Feature","geometry":{"type":"Point","coordinates":[-96.738,32.456]},"properties":{"key":"68166-75b56879","layer":"power","name":"Dolomite Storage","state":"TX","detail_file":"data/details/power-plants-27.json","plant_id":"68166","capacity_mw":125.7,"status_group":"Under construction","energy_sources":"MWH","type":"Power plant","is_nuclear":false}},{"type":"Feature","geometry":{"type":"Point","coordinates":[-97.111,32.063]},"properties":{"key":"67560-6dd286dd","layer":"power","name":"Edens Solar","state":"TX","detail_file":"data/details/power-plants-45.json","plant_id":"67560","capacity_mw":70.0,"status_group":"Planned","energy_sources":"SUN","type":"Power plant","is_nuclear":false}},{"type":"Feature","geometry":{"type":"Point","coordinates":[-99.726,33.732]},"properties":{"key":"62765-cf548d29","layer":"power","name":"El Campo Wind","state":"TX","detail_file":"data/details/power-plants-30.json","plant_id":"62765","capacity_mw":242.8,"status_group":"Operating","energy_sources":"WND","type":"Power plant","is_nuclear":false}},{"type":"Feature","geometry":{"type":"Point","coordinates":[-99.119,34.103]},"properties":{"key":"60338-b44a66fe","layer":"power","name":"Electra Wind Farm","state":"TX","detail_file":"data/details/power-plants-28.json","plant_id":"60338","capacity_mw":230.0,"status_group":"Operating","energy_sources":"WND","type":"Power plant","is_nuclear":false}},{"type":"Feature","geometry":{"type":"Point","coordinates":[-97.054,32.467]},"properties":{"key":"63797-4b7ff0d6","layer":"power","name":"Ellis Solar LLC","state":"TX","detail_file":"data/details/power-plants-39.json","plant_id":"63797","capacity_mw":80.0,"status_group":"Operating","energy_sources":"SUN","type":"Power plant","is_nuclear":false}},{"type":"Feature","geometry":{"type":"Point","coordinates":[-96.706,32.233]},"properties":{"key":"63764-88bc40a5","layer":"power","name":"Elm Branch Solar 1","state":"TX","detail_file":"data/details/power-plants-42.json","plant_id":"63764","capacity_mw":134.7,"status_group":"Operating","energy_sources":"SUN","type":"Power plant","is_nuclear":false}},{"type":"Feature","geometry":{"type":"Point","coordinates":[-96.305,32.114]},"properties":{"key":"67552-9cb94b9e","layer":"power","name":"Elm Flats Solar","state":"TX","detail_file":"data/details/power-plants-11.json","plant_id":"67552","capacity_mw":175.0,"status_group":"Under construction","energy_sources":"MWH; SUN","type":"Power plant","is_nuclear":false}},{"type":"Feature","geometry":{"type":"Point","coordinates":[-99.173,32.341]},"properties":{"key":"69272-2133569f","layer":"power","name":"Enbridge Solar (Sequoia II)","state":"TX","detail_file":"data/details/power-plants-28.json","plant_id":"69272","capacity_mw":415.0,"status_group":"Under construction","energy_sources":"SUN","type":"Power plant","is_nuclear":false}},{"type":"Feature","geometry":{"type":"Point","coordinates":[-96.675,32.32]},"properties":{"key":"55223-9b5e5fdb","layer":"power","name":"Ennis Power Company LLC","state":"TX","detail_file":"data/details/power-plants-38.json","plant_id":"55223","capacity_mw":418.0,"status_group":"Operating","energy_sources":"NG","type":"Power plant","is_nuclear":false}},{"type":"Feature","geometry":{"type":"Point","coordinates":[-98.179,32.089]},"properties":{"key":"67353-d7b2271c","layer":"power","name":"Erath County Solar","state":"TX","detail_file":"data/details/power-plants-19.json","plant_id":"67353","capacity_mw":204.0,"status_group":"Planned","energy_sources":"SUN","type":"Power plant","is_nuclear":false}},{"type":"Feature","geometry":{"type":"Point","coordinates":[-96.957,33.031]},"properties":{"key":"57165-2251086e","layer":"power","name":"Farmers Branch Renewable Energy Facility","state":"TX","detail_file":"data/details/power-plants-62.json","plant_id":"57165","capacity_mw":3.2,"status_group":"Operating","energy_sources":"LFG","type":"Power plant","is_nuclear":false}},{"type":"Feature","geometry":{"type":"Point","coordinates":[-96.409,33.161]},"properties":{"key":"65812-b10fb7f7","layer":"power","name":"Farmersville (TX)","state":"TX","detail_file":"data/details/power-plants-55.json","plant_id":"65812","capacity_mw":9.9,"status_group":"Operating","energy_sources":"MWH","type":"Power plant","is_nuclear":false}},{"type":"Feature","geometry":{"type":"Point","coordinates":[-96.402,33.158]},"properties":{"key":"67843-f9a5643c","layer":"power","name":"Farmersville West","state":"TX","detail_file":"data/details/power-plants-09.json","plant_id":"67843","capacity_mw":9.9,"status_group":"Operating","energy_sources":"MWH","type":"Power plant","is_nuclear":false}},{"type":"Feature","geometry":{"type":"Point","coordinates":[-96.224,32.073]},"properties":{"key":"66801-046681c1","layer":"power","name":"Fence Post Solar Hybrid Project, LLC","state":"TX","detail_file":"data/details/power-plants-48.json","plant_id":"66801","capacity_mw":308.0,"status_group":"Operating","energy_sources":"MWH; SUN","type":"Power plant","is_nuclear":false}},{"type":"Feature","geometry":{"type":"Point","coordinates":[-99.74,33.915]},"properties":{"key":"61402-3a35fb12","layer":"power","name":"Foard City Wind","state":"TX","detail_file":"data/details/power-plants-46.json","plant_id":"61402","capacity_mw":352.8,"status_group":"Operating","energy_sources":"WND","type":"Power plant","is_nuclear":false}},{"type":"Feature","geometry":{"type":"Point","coordinates":[-96.492,32.756]},"properties":{"key":"55480-10b04e7d","layer":"power","name":"Forney Energy Center","state":"TX","detail_file":"data/details/power-plants-29.json","plant_id":"55480","capacity_mw":1894.2,"status_group":"Operating","energy_sources":"NG","type":"Power plant","is_nuclear":false}},{"type":"Feature","geometry":{"type":"Point","coordinates":[-99.72,32.784]},"properties":{"key":"67359-921389d7","layer":"power","name":"Funston Solar","state":"TX","detail_file":"data/details/power-plants-08.json","plant_id":"67359","capacity_mw":350.0,"status_group":"Under construction","energy_sources":"SUN","type":"Power plant","is_nuclear":false}},{"type":"Feature","geometry":{"type":"Point","coordinates":[-96.146,33.5]},"properties":{"key":"62505-4e1a3e8c","layer":"power","name":"G.S.E. One LLC","state":"TX","detail_file":"data/details/power-plants-03.json","plant_id":"62505","capacity_mw":83.0,"status_group":"Operating","energy_sources":"SUN","type":"Power plant","is_nuclear":false}},{"type":"Feature","geometry":{"type":"Point","coordinates":[-96.195,32.161]},"properties":{"key":"66342-012cb308","layer":"power","name":"Gaia Hybrid","state":"TX","detail_file":"data/details/power-plants-36.json","plant_id":"66342","capacity_mw":229.5,"status_group":"Under construction","energy_sources":"MWH; SUN","type":"Power plant","is_nuclear":false}},{"type":"Feature","geometry":{"type":"Point","coordinates":[-97.598,32.547]},"properties":{"key":"68305-271cea67","layer":"power","name":"Gigawatt Solar","state":"TX","detail_file":"data/details/power-plants-01.json","plant_id":"68305","capacity_mw":773.0,"status_group":"Planned","energy_sources":"SUN","type":"Power plant","is_nuclear":false}},{"type":"Feature","geometry":{"type":"Point","coordinates":[-98.612,33.134]},"properties":{"key":"3490-9f5e0d92","layer":"power","name":"Graham","state":"TX","detail_file":"data/details/power-plants-23.json","plant_id":"3490","capacity_mw":634.7,"status_group":"Operating","energy_sources":"NG","type":"Power plant","is_nuclear":false}},{"type":"Feature","geometry":{"type":"Point","coordinates":[-99.411,33.628]},"properties":{"key":"59732-22c994bc","layer":"power","name":"Green Pastures Wind I","state":"TX","detail_file":"data/details/power-plants-04.json","plant_id":"59732","capacity_mw":150.0,"status_group":"Operating","energy_sources":"WND","type":"Power plant","is_nuclear":false}},{"type":"Feature","geometry":{"type":"Point","coordinates":[-99.533,33.646]},"properties":{"key":"59733-0d6c56f2","layer":"power","name":"Green Pastures Wind II","state":"TX","detail_file":"data/details/power-plants-03.json","plant_id":"59733","capacity_mw":150.0,"status_group":"Operating","energy_sources":"WND","type":"Power plant","is_nuclear":false}},{"type":"Feature","geometry":{"type":"Point","coordinates":[-99.582,33.609]},"properties":{"key":"62411-7ccd637a","layer":"power","name":"Griffin Trail Wind","state":"TX","detail_file":"data/details/power-plants-09.json","plant_id":"62411","capacity_mw":225.6,"status_group":"Operating","energy_sources":"WND","type":"Power plant","is_nuclear":false}},{"type":"Feature","geometry":{"type":"Point","coordinates":[-97.131,32.939]},"properties":{"key":"67310-bac7387a","layer":"power","name":"HEB00055","state":"TX","detail_file":"data/details/power-plants-59.json","plant_id":"67310","capacity_mw":1.2,"status_group":"Operating","energy_sources":"NG","type":"Power plant","is_nuclear":false}},{"type":"Feature","geometry":{"type":"Point","coordinates":[-99.758,32.433]},"properties":{"key":"65266-21f35d52","layer":"power","name":"HEB00070","state":"TX","detail_file":"data/details/power-plants-17.json","plant_id":"65266","capacity_mw":1.2,"status_group":"Operating","energy_sources":"NG","type":"Power plant","is_nuclear":false}},{"type":"Feature","geometry":{"type":"Point","coordinates":[-97.115,32.567]},"properties":{"key":"68730-80b7d2e7","layer":"power","name":"HEB00750","state":"TX","detail_file":"data/details/power-plants-16.json","plant_id":"68730","capacity_mw":1.2,"status_group":"Operating","energy_sources":"NG","type":"Power plant","is_nuclear":false}},{"type":"Feature","geometry":{"type":"Point","coordinates":[-96.846,33.155]},"properties":{"key":"67313-11a7b5c5","layer":"power","name":"HEB00789","state":"TX","detail_file":"data/details/power-plants-63.json","plant_id":"67313","capacity_mw":1.2,"status_group":"Operating","energy_sources":"NG","type":"Power plant","is_nuclear":false}},{"type":"Feature","geometry":{"type":"Point","coordinates":[-96.797,33.055]},"properties":{"key":"67314-873d7c19","layer":"power","name":"HEB00790","state":"TX","detail_file":"data/details/power-plants-03.json","plant_id":"67314","capacity_mw":1.2,"status_group":"Operating","energy_sources":"NG","type":"Power plant","is_nuclear":false}},{"type":"Feature","geometry":{"type":"Point","coordinates":[-96.728,33.176]},"properties":{"key":"67433-c14253dd","layer":"power","name":"HEB00794","state":"TX","detail_file":"data/details/power-plants-04.json","plant_id":"67433","capacity_mw":1.2,"status_group":"Operating","energy_sources":"NG","type":"Power plant","is_nuclear":false}},{"type":"Feature","geometry":{"type":"Point","coordinates":[-96.653,33.117]},"properties":{"key":"67315-c943fae7","layer":"power","name":"HEB00796","state":"TX","detail_file":"data/details/power-plants-33.json","plant_id":"67315","capacity_mw":1.2,"status_group":"Operating","energy_sources":"NG","type":"Power plant","is_nuclear":false}},{"type":"Feature","geometry":{"type":"Point","coordinates":[-97.309,32.915]},"properties":{"key":"68734-d4cf3896","layer":"power","name":"HEB00801","state":"TX","detail_file":"data/details/power-plants-11.json","plant_id":"68734","capacity_mw":1.2,"status_group":"Operating","energy_sources":"NG","type":"Power plant","is_nuclear":false}},{"type":"Feature","geometry":{"type":"Point","coordinates":[-99.423,32.768]},"properties":{"key":"56823-2345f504","layer":"power","name":"Hackberry Wind Farm","state":"TX","detail_file":"data/details/power-plants-61.json","plant_id":"56823","capacity_mw":165.6,"status_group":"Operating","energy_sources":"WND","type":"Power plant","is_nuclear":false}},{"type":"Feature","geometry":{"type":"Point","coordinates":[-97.219,32.728]},"properties":{"key":"3491-751ab0e3","layer":"power","name":"Handley","state":"TX","detail_file":"data/details/power-plants-27.json","plant_id":"3491","capacity_mw":1314.8,"status_group":"Operating","energy_sources":"NG","type":"Power plant","is_nuclear":false}},{"type":"Feature","geometry":{"type":"Point","coordinates":[-98.341,33.044]},"properties":{"key":"68839-79cef0a5","layer":"power","name":"Hecate Energy Longhorn Solar LLC","state":"TX","detail_file":"data/details/power-plants-01.json","plant_id":"68839","capacity_mw":650.0,"status_group":"Operating","energy_sources":"SUN","type":"Power plant","is_nuclear":false}},{"type":"Feature","geometry":{"type":"Point","coordinates":[-96.69,33.614]},"properties":{"key":"61409-8bb36e12","layer":"power","name":"Highway 56 Solar","state":"TX","detail_file":"data/details/power-plants-26.json","plant_id":"61409","capacity_mw":5.3,"status_group":"Operating","energy_sources":"SUN","type":"Power plant","is_nuclear":false}},{"type":"Feature","geometry":{"type":"Point","coordinates":[-97.06,32.139]},"properties":{"key":"66912-45ffd3a5","layer":"power","name":"Hill Solar 1","state":"TX","detail_file":"data/details/power-plants-20.json","plant_id":"66912","capacity_mw":405.0,"status_group":"Under construction","energy_sources":"SUN","type":"Power plant","is_nuclear":false}},{"type":"Feature","geometry":{"type":"Point","coordinates":[-97.068,32.115]},"properties":{"key":"68481-49b8b312","layer":"power","name":"Hill Solar II","state":"TX","detail_file":"data/details/power-plants-41.json","plant_id":"68481","capacity_mw":200.0,"status_group":"Under construction","energy_sources":"SUN","type":"Power plant","is_nuclear":false}},{"type":"Feature","geometry":{"type":"Point","coordinates":[-97.146,32.03]},"properties":{"key":"69262-f6af3aeb","layer":"power","name":"Hillsboro Solar Project","state":"TX","detail_file":"data/details/power-plants-39.json","plant_id":"69262","capacity_mw":10.0,"status_group":"Under construction","energy_sources":"SUN","type":"Power plant","is_nuclear":false}},{"type":"Feature","geometry":{"type":"Point","coordinates":[-99.54,33.35]},"properties":{"key":"60339-b867ca3e","layer":"power","name":"Horse Creek Wind Farm","state":"TX","detail_file":"data/details/power-plants-30.json","plant_id":"60339","capacity_mw":230.0,"status_group":"Operating","energy_sources":"WND","type":"Power plant","is_nuclear":false}},{"type":"Feature","geometry":{"type":"Point","coordinates":[-99.266,34.025]},"properties":{"key":"68765-89a17149","layer":"power","name":"Hutcherson Solar","state":"TX","detail_file":"data/details/power-plants-35.json","plant_id":"68765","capacity_mw":123.3,"status_group":"Planned","energy_sources":"SUN","type":"Power plant","is_nuclear":false}},{"type":"Feature","geometry":{"type":"Point","coordinates":[-97.05,32.82]},"properties":{"key":"61309-d1ecc52e","layer":"power","name":"IKEA Grand Prairie Rooftop PV System","state":"TX","detail_file":"data/details/power-plants-03.json","plant_id":"61309","capacity_mw":1.2,"status_group":"Operating","energy_sources":"SUN","type":"Power plant","is_nuclear":false}},{"type":"Feature","geometry":{"type":"Point","coordinates":[-99.568,33.177]},"properties":{"key":"68874-a2be58b2","layer":"power","name":"Inertia Energy Storage","state":"TX","detail_file":"data/details/power-plants-51.json","plant_id":"68874","capacity_mw":13.0,"status_group":"Operating","energy_sources":"MWH","type":"Power plant","is_nuclear":false}},{"type":"Feature","geometry":{"type":"Point","coordinates":[-99.595,33.187]},"properties":{"key":"65546-173ebc07","layer":"power","name":"Inertia Wind Project","state":"TX","detail_file":"data/details/power-plants-22.json","plant_id":"65546","capacity_mw":301.0,"status_group":"Operating","energy_sources":"WND","type":"Power plant","is_nuclear":false}},{"type":"Feature","geometry":{"type":"Point","coordinates":[-97.957,33.101]},"properties":{"key":"55230-233e900d","layer":"power","name":"Jack County","state":"TX","detail_file":"data/details/power-plants-37.json","plant_id":"55230","capacity_mw":1280.0,"status_group":"Operating","energy_sources":"NG","type":"Power plant","is_nuclear":false}},{"type":"Feature","geometry":{"type":"Point","coordinates":[-97.408,32.399]},"properties":{"key":"54817-b8ff5867","layer":"power","name":"Johnson County","state":"TX","detail_file":"data/details/power-plants-30.json","plant_id":"54817","capacity_mw":282.6,"status_group":"Operating","energy_sources":"NG","type":"Power plant","is_nuclear":false}},{"type":"Feature","geometry":{"type":"Point","coordinates":[-99.993,32.795]},"properties":{"key":"66893-c0917840","layer":"power","name":"Jones City 2 Solar","state":"TX","detail_file":"data/details/power-plants-27.json","plant_id":"66893","capacity_mw":385.0,"status_group":"Under construction","energy_sources":"MWH; SUN","type":"Power plant","is_nuclear":false}},{"type":"Feature","geometry":{"type":"Point","coordinates":[-96.221,32.537]},"properties":{"key":"69585-5e43630e","layer":"power","name":"Kaufman Solar","state":"TX","detail_file":"data/details/power-plants-02.json","plant_id":"69585","capacity_mw":200.0,"status_group":"Under construction","energy_sources":"SUN","type":"Power plant","is_nuclear":false}},{"type":"Feature","geometry":{"type":"Point","coordinates":[-98.161,33.143]},"properties":{"key":"58838-6afcaf5c","layer":"power","name":"Keechi Wind","state":"TX","detail_file":"data/details/power-plants-00.json","plant_id":"58838","capacity_mw":110.0,"status_group":"Operating","energy_sources":"WND","type":"Power plant","is_nuclear":false}},{"type":"Feature","geometry":{"type":"Point","coordinates":[-99.468,33.268]},"properties":{"key":"66321-797f28ef","layer":"power","name":"King Creek Wind Farm 1, LLC","state":"TX","detail_file":"data/details/power-plants-02.json","plant_id":"66321","capacity_mw":184.0,"status_group":"Operating","energy_sources":"WND","type":"Power plant","is_nuclear":false}},{"type":"Feature","geometry":{"type":"Point","coordinates":[-99.39,33.182]},"properties":{"key":"66323-c29b1418","layer":"power","name":"King Creek Wind Farm 2, LLC","state":"TX","detail_file":"data/details/power-plants-55.json","plant_id":"66323","capacity_mw":209.0,"status_group":"Operating","energy_sources":"WND","type":"Power plant","is_nuclear":false}},{"type":"Feature","geometry":{"type":"Point","coordinates":[-98.677,32.635]},"properties":{"key":"66919-fae228bb","layer":"power","name":"La Casa Wind","state":"TX","detail_file":"data/details/power-plants-48.json","plant_id":"66919","capacity_mw":150.0,"status_group":"Operating","energy_sources":"WND","type":"Power plant","is_nuclear":false}},{"type":"Feature","geometry":{"type":"Point","coordinates":[-96.546,32.836]},"properties":{"key":"3452-91639455","layer":"power","name":"Lake Hubbard","state":"TX","detail_file":"data/details/power-plants-24.json","plant_id":"3452","capacity_mw":927.5,"status_group":"Operating","energy_sources":"NG","type":"Power plant","is_nuclear":false}},{"type":"Feature","geometry":{"type":"Point","coordinates":[-99.872,34.265]},"properties":{"key":"68355-ee08521c","layer":"power","name":"Lazy U ESS 1","state":"TX","detail_file":"data/details/power-plants-58.json","plant_id":"68355","capacity_mw":250.0,"status_group":"Planned","energy_sources":"MWH","type":"Power plant","is_nuclear":false}},{"type":"Feature","geometry":{"type":"Point","coordinates":[-99.872,34.265]},"properties":{"key":"68356-4a762d86","layer":"power","name":"Lazy U ESS 2","state":"TX","detail_file":"data/details/power-plants-60.json","plant_id":"68356","capacity_mw":250.0,"status_group":"Planned","energy_sources":"MWH","type":"Power plant","is_nuclear":false}},{"type":"Feature","geometry":{"type":"Point","coordinates":[-99.872,34.265]},"properties":{"key":"68357-73047681","layer":"power","name":"Lazy U Solar 1","state":"TX","detail_file":"data/details/power-plants-02.json","plant_id":"68357","capacity_mw":250.0,"status_group":"Planned","energy_sources":"SUN","type":"Power plant","is_nuclear":false}},{"type":"Feature","geometry":{"type":"Point","coordinates":[-99.872,34.265]},"properties":{"key":"68358-c8f57181","layer":"power","name":"Lazy U Solar 2","state":"TX","detail_file":"data/details/power-plants-31.json","plant_id":"68358","capacity_mw":250.0,"status_group":"Planned","energy_sources":"SUN","type":"Power plant","is_nuclear":false}},{"type":"Feature","geometry":{"type":"Point","coordinates":[-96.24,33.161]},"properties":{"key":"61532-5f5b4d29","layer":"power","name":"Leon Solar","state":"TX","detail_file":"data/details/power-plants-03.json","plant_id":"61532","capacity_mw":10.0,"status_group":"Operating","energy_sources":"SUN","type":"Power plant","is_nuclear":false}},{"type":"Feature","geometry":{"type":"Point","coordinates":[-96.964,33.068]},"properties":{"key":"794-000cabdc","layer":"power","name":"Lewisville","state":"TX","detail_file":"data/details/power-plants-18.json","plant_id":"794","capacity_mw":2.8,"status_group":"Operating","energy_sources":"WAT","type":"Power plant","is_nuclear":false}},{"type":"Feature","geometry":{"type":"Point","coordinates":[-97.025,32.815]},"properties":{"key":"68685-293535ce","layer":"power","name":"Liggett Switch","state":"TX","detail_file":"data/details/power-plants-19.json","plant_id":"68685","capacity_mw":10.0,"status_group":"Operating","energy_sources":"MWH","type":"Power plant","is_nuclear":false}},{"type":"Feature","geometry":{"type":"Point","coordinates":[-96.429,32.533]},"properties":{"key":"63892-041301b8","layer":"power","name":"Lily Solar Hybrid","state":"TX","detail_file":"data/details/power-plants-02.json","plant_id":"63892","capacity_mw":201.9,"status_group":"Operating","energy_sources":"MWH; SUN","type":"Power plant","is_nuclear":false}},{"type":"Feature","geometry":{"type":"Point","coordinates":[-99.265,34.072]},"properties":{"key":"62356-619670b4","layer":"power","name":"Lockett Windfarm","state":"TX","detail_file":"data/details/power-plants-27.json","plant_id":"62356","capacity_mw":183.8,"status_group":"Operating","energy_sources":"WND","type":"Power plant","is_nuclear":false}},{"type":"Feature","geometry":{"type":"Point","coordinates":[-99.159,32.429]},"properties":{"key":"68878-58342d59","layer":"power","name":"Longhorn Storage","state":"TX","detail_file":"data/details/power-plants-34.json","plant_id":"68878","capacity_mw":165.0,"status_group":"Operating","energy_sources":"MWH","type":"Power plant","is_nuclear":false}},{"type":"Feature","geometry":{"type":"Point","coordinates":[-96.018,32.183]},"properties":{"key":"69261-1326a6f4","layer":"power","name":"Malakoff Solar Project","state":"TX","detail_file":"data/details/power-plants-48.json","plant_id":"69261","capacity_mw":10.0,"status_group":"Operating","energy_sources":"SUN","type":"Power plant","is_nuclear":false}},{"type":"Feature","geometry":{"type":"Point","coordinates":[-96.451,33.064]},"properties":{"key":"69681-20319d10","layer":"power","name":"Mallard Energy Storage","state":"TX","detail_file":"data/details/power-plants-51.json","plant_id":"69681","capacity_mw":250.0,"status_group":"Under construction","energy_sources":"MWH","type":"Power plant","is_nuclear":false}},{"type":"Feature","geometry":{"type":"Point","coordinates":[-97.227,32.846]},"properties":{"key":"69234-b1879b06","layer":"power","name":"Meadow Park Energy Center","state":"TX","detail_file":"data/details/power-plants-12.json","plant_id":"69234","capacity_mw":9.9,"status_group":"Operating","energy_sources":"MWH","type":"Power plant","is_nuclear":false}},{"type":"Feature","geometry":{"type":"Point","coordinates":[-99.493,32.626]},"properties":{"key":"56395-31a92d60","layer":"power","name":"Mesquite Wind Power LLC","state":"TX","detail_file":"data/details/power-plants-49.json","plant_id":"56395","capacity_mw":200.0,"status_group":"Operating","energy_sources":"WND","type":"Power plant","is_nuclear":false}},{"type":"Feature","geometry":{"type":"Point","coordinates":[-97.054,32.43]},"properties":{"key":"55091-77e1cea1","layer":"power","name":"Midlothian Energy Facility","state":"TX","detail_file":"data/details/power-plants-32.json","plant_id":"55091","capacity_mw":1734.0,"status_group":"Operating","energy_sources":"NG","type":"Power plant","is_nuclear":false}},{"type":"Feature","geometry":{"type":"Point","coordinates":[-97.344,32.116]},"properties":{"key":"66897-15d6d125","layer":"power","name":"Midpoint Solar, LLC","state":"TX","detail_file":"data/details/power-plants-16.json","plant_id":"66897","capacity_mw":97.5,"status_group":"Operating","energy_sources":"SUN","type":"Power plant","is_nuclear":false}},{"type":"Feature","geometry":{"type":"Point","coordinates":[-97.344,32.116]},"properties":{"key":"66897-2fff9155","layer":"power","name":"Midpoint Solar, LLC","state":"TX","detail_file":"data/details/power-plants-61.json","plant_id":"66897","capacity_mw":50.0,"status_group":"Under construction","energy_sources":"MWH","type":"Power plant","is_nuclear":false}},{"type":"Feature","geometry":{"type":"Point","coordinates":[-99.587,33.221]},"properties":{"key":"69101-6fea59fe","layer":"power","name":"Millers Branch Solar","state":"TX","detail_file":"data/details/power-plants-08.json","plant_id":"69101","capacity_mw":200.0,"status_group":"Operating","energy_sources":"SUN","type":"Power plant","is_nuclear":false}},{"type":"Feature","geometry":{"type":"Point","coordinates":[-99.587,33.221]},"properties":{"key":"69101-6374bb93","layer":"power","name":"Millers Branch Solar","state":"TX","detail_file":"data/details/power-plants-09.json","plant_id":"69101","capacity_mw":312.0,"status_group":"Under construction","energy_sources":"SUN","type":"Power plant","is_nuclear":false}},{"type":"Feature","geometry":{"type":"Point","coordinates":[-98.065,32.799]},"properties":{"key":"66788-1ab12350","layer":"power","name":"Mineral Wells East BESS","state":"TX","detail_file":"data/details/power-plants-37.json","plant_id":"66788","capacity_mw":9.9,"status_group":"Operating","energy_sources":"MWH","type":"Power plant","is_nuclear":false}},{"type":"Feature","geometry":{"type":"Point","coordinates":[-99.422,33.184]},"properties":{"key":"69606-f7d02428","layer":"power","name":"Monarch Creek Wind, LLC","state":"TX","detail_file":"data/details/power-plants-29.json","plant_id":"69606","capacity_mw":287.6,"status_group":"Under construction","energy_sources":"WND","type":"Power plant","is_nuclear":false}},{"type":"Feature","geometry":{"type":"Point","coordinates":[-99.658,33.841]},"properties":{"key":"67095-7179d329","layer":"power","name":"Montgomery Ranch Wind Farm, LLC","state":"TX","detail_file":"data/details/power-plants-29.json","plant_id":"67095","capacity_mw":202.5,"status_group":"Operating","energy_sources":"WND","type":"Power plant","is_nuclear":false}},{"type":"Feature","geometry":{"type":"Point","coordinates":[-96.936,32.723]},"properties":{"key":"3453-71fadda1","layer":"power","name":"Mountain Creek","state":"TX","detail_file":"data/details/power-plants-01.json","plant_id":"3453","capacity_mw":852.2,"status_group":"Operating","energy_sources":"NG","type":"Power plant","is_nuclear":false}},{"type":"Feature","geometry":{"type":"Point","coordinates":[-96.19,32.821]},"properties":{"key":"67987-a31a6884","layer":"power","name":"Mystic Springs Renewable Energy (Hybrid)","state":"TX","detail_file":"data/details/power-plants-26.json","plant_id":"67987","capacity_mw":500.0,"status_group":"Planned","energy_sources":"MWH; SUN","type":"Power plant","is_nuclear":false}},{"type":"Feature","geometry":{"type":"Point","coordinates":[-97.238,33.262]},"properties":{"key":"65271-c02856f3","layer":"power","name":"Noble Solar","state":"TX","detail_file":"data/details/power-plants-13.json","plant_id":"65271","capacity_mw":400.0,"status_group":"Operating","energy_sources":"MWH; SUN","type":"Power plant","is_nuclear":false}},{"type":"Feature","geometry":{"type":"Point","coordinates":[-97.149,33.656]},"properties":{"key":"61514-462b7ef9","layer":"power","name":"North Gainesville Solar","state":"TX","detail_file":"data/details/power-plants-49.json","plant_id":"61514","capacity_mw":5.2,"status_group":"Operating","energy_sources":"SUN","type":"Power plant","is_nuclear":false}},{"type":"Feature","geometry":{"type":"Point","coordinates":[-99.552,33.04]},"properties":{"key":"59207-4576f2ee","layer":"power","name":"OCI Alamo 7 LLC","state":"TX","detail_file":"data/details/power-plants-45.json","plant_id":"59207","capacity_mw":100.0,"status_group":"Operating","energy_sources":"SUN","type":"Power plant","is_nuclear":false}},{"type":"Feature","geometry":{"type":"Point","coordinates":[-96.853,32.818]},"properties":{"key":"67309-49d5cc29","layer":"power","name":"OTHERBenEKDallas","state":"TX","detail_file":"data/details/power-plants-08.json","plant_id":"67309","capacity_mw":1.6,"status_group":"Operating","energy_sources":"NG","type":"Power plant","is_nuclear":false}},{"type":"Feature","geometry":{"type":"Point","coordinates":[-96.801,33.079]},"properties":{"key":"69752-71970e43","layer":"power","name":"OTHERChildrensPlano","state":"TX","detail_file":"data/details/power-plants-05.json","plant_id":"69752","capacity_mw":6.4,"status_group":"Operating","energy_sources":"NG","type":"Power plant","is_nuclear":false}},{"type":"Feature","geometry":{"type":"Point","coordinates":[-97.408,32.707]},"properties":{"key":"67381-0f24d5c7","layer":"power","name":"OTHERTraditionClearfork","state":"TX","detail_file":"data/details/power-plants-41.json","plant_id":"67381","capacity_mw":1.2,"status_group":"Operating","energy_sources":"NG","type":"Power plant","is_nuclear":false}},{"type":"Feature","geometry":{"type":"Point","coordinates":[-96.5,32.013]},"properties":{"key":"69892-f492971a","layer":"power","name":"Oak Valley Solar","state":"TX","detail_file":"data/details/power-plants-62.json","plant_id":"69892","capacity_mw":251.3,"status_group":"Planned","energy_sources":"SUN","type":"Power plant","is_nuclear":false}},{"type":"Feature","geometry":{"type":"Point","coordinates":[-97.188,33.419]},"properties":{"key":"69637-5b7f44ad","layer":"power","name":"Oakley BESS","state":"TX","detail_file":"data/details/power-plants-12.json","plant_id":"69637","capacity_mw":200.0,"status_group":"Planned","energy_sources":"MWH","type":"Power plant","is_nuclear":false}},{"type":"Feature","geometry":{"type":"Point","coordinates":[-98.72,33.371]},"properties":{"key":"65832-3e5a8a75","layer":"power","name":"Olney","state":"TX","detail_file":"data/details/power-plants-37.json","plant_id":"65832","capacity_mw":19.8,"status_group":"Operating","energy_sources":"DFO; MWH","type":"Power plant","is_nuclear":false}},{"type":"Feature","geometry":{"type":"Point","coordinates":[-96.919,32.193]},"properties":{"key":"69780-e2730a81","layer":"power","name":"Oystercatcher Solar","state":"TX","detail_file":"data/details/power-plants-00.json","plant_id":"69780","capacity_mw":197.0,"status_group":"Under construction","energy_sources":"SUN","type":"Power plant","is_nuclear":false}},{"type":"Feature","geometry":{"type":"Point","coordinates":[-96.058,32.335]},"properties":{"key":"66784-1ee4b064","layer":"power","name":"Pauline BESS","state":"TX","detail_file":"data/details/power-plants-13.json","plant_id":"66784","capacity_mw":9.9,"status_group":"Operating","energy_sources":"MWH","type":"Power plant","is_nuclear":false}},{"type":"Feature","geometry":{"type":"Point","coordinates":[-99.693,33.992]},"properties":{"key":"69644-5a2a4598","layer":"power","name":"Pease River Solar","state":"TX","detail_file":"data/details/power-plants-16.json","plant_id":"69644","capacity_mw":300.0,"status_group":"Planned","energy_sources":"SUN","type":"Power plant","is_nuclear":false}},{"type":"Feature","geometry":{"type":"Point","coordinates":[-96.372,33.611]},"properties":{"key":"69044-31786210","layer":"power","name":"Platinum Storage","state":"TX","detail_file":"data/details/power-plants-22.json","plant_id":"69044","capacity_mw":348.0,"status_group":"Operating","energy_sources":"MWH","type":"Power plant","is_nuclear":false}},{"type":"Feature","geometry":{"type":"Point","coordinates":[-99.789,32.458]},"properties":{"key":"69362-137d8e66","layer":"power","name":"Plaza Street","state":"TX","detail_file":"data/details/power-plants-53.json","plant_id":"69362","capacity_mw":9.9,"status_group":"Operating","energy_sources":"MWH","type":"Power plant","is_nuclear":false}},{"type":"Feature","geometry":{"type":"Point","coordinates":[-97.37,33.31]},"properties":{"key":"65937-ede1213a","layer":"power","name":"Porter Solar, LLC (TX)","state":"TX","detail_file":"data/details/power-plants-38.json","plant_id":"65937","capacity_mw":245.0,"status_group":"Operating","energy_sources":"SUN","type":"Power plant","is_nuclear":false}},{"type":"Feature","geometry":{"type":"Point","coordinates":[-99.656,32.514]},"properties":{"key":"56483-4e93c780","layer":"power","name":"Post Oak Wind LLC","state":"TX","detail_file":"data/details/power-plants-03.json","plant_id":"56483","capacity_mw":200.0,"status_group":"Operating","energy_sources":"WND","type":"Power plant","is_nuclear":false}},{"type":"Feature","geometry":{"type":"Point","coordinates":[-96.126,33.171]},"properties":{"key":"4195-b4e66618","layer":"power","name":"Powerlane Plant","state":"TX","detail_file":"data/details/power-plants-58.json","plant_id":"4195","capacity_mw":112.2,"status_group":"Operating","energy_sources":"DFO; NG","type":"Power plant","is_nuclear":false}},{"type":"Feature","geometry":{"type":"Point","coordinates":[-99.56,33.012]},"properties":{"key":"68759-75384b9a","layer":"power","name":"Quantum BESS","state":"TX","detail_file":"data/details/power-plants-22.json","plant_id":"68759","capacity_mw":422.4,"status_group":"Under construction","energy_sources":"MWH","type":"Power plant","is_nuclear":false}},{"type":"Feature","geometry":{"type":"Point","coordinates":[-99.572,33.135]},"properties":{"key":"68761-f79546d7","layer":"power","name":"Quantum II BESS","state":"TX","detail_file":"data/details/power-plants-55.json","plant_id":"68761","capacity_mw":422.4,"status_group":"Under construction","energy_sources":"MWH","type":"Power plant","is_nuclear":false}},{"type":"Feature","geometry":{"type":"Point","coordinates":[-99.57,33.138]},"properties":{"key":"68762-bbd6e016","layer":"power","name":"Quantum II Solar","state":"TX","detail_file":"data/details/power-plants-27.json","plant_id":"68762","capacity_mw":362.8,"status_group":"Under construction","energy_sources":"SUN","type":"Power plant","is_nuclear":false}},{"type":"Feature","geometry":{"type":"Point","coordinates":[-99.56,33.013]},"properties":{"key":"68760-8d97c7ba","layer":"power","name":"Quantum Solar","state":"TX","detail_file":"data/details/power-plants-41.json","plant_id":"68760","capacity_mw":362.8,"status_group":"Under construction","energy_sources":"SUN","type":"Power plant","is_nuclear":false}},{"type":"Feature","geometry":{"type":"Point","coordinates":[-98.31,32.658]},"properties":{"key":"3628-cd4bb3e2","layer":"power","name":"R W Miller","state":"TX","detail_file":"data/details/power-plants-06.json","plant_id":"3628","capacity_mw":603.6,"status_group":"Operating","energy_sources":"NG","type":"Power plant","is_nuclear":false}},{"type":"Feature","geometry":{"type":"Point","coordinates":[-99.165,32.309]},"properties":{"key":"64551-05c7d7cb","layer":"power","name":"Ranchland Wind Project I","state":"TX","detail_file":"data/details/power-plants-52.json","plant_id":"64551","capacity_mw":114.9,"status_group":"Operating","energy_sources":"WND","type":"Power plant","is_nuclear":false}},{"type":"Feature","geometry":{"type":"Point","coordinates":[-99.164,32.309]},"properties":{"key":"64544-01aaca8c","layer":"power","name":"Ranchland Wind Project II","state":"TX","detail_file":"data/details/power-plants-33.json","plant_id":"64544","capacity_mw":148.0,"status_group":"Operating","energy_sources":"WND","type":"Power plant","is_nuclear":false}},{"type":"Feature","geometry":{"type":"Point","coordinates":[-99.164,32.309]},"properties":{"key":"64545-5dcebce1","layer":"power","name":"Ranchland Wind Storage","state":"TX","detail_file":"data/details/power-plants-51.json","plant_id":"64545","capacity_mw":73.0,"status_group":"Operating","energy_sources":"MWH","type":"Power plant","is_nuclear":false}},{"type":"Feature","geometry":{"type":"Point","coordinates":[-96.452,33.068]},"properties":{"key":"3576-80462643","layer":"power","name":"Ray Olinger","state":"TX","detail_file":"data/details/power-plants-18.json","plant_id":"3576","capacity_mw":427.7,"status_group":"Operating","energy_sources":"NG","type":"Power plant","is_nuclear":false}},{"type":"Feature","geometry":{"type":"Point","coordinates":[-96.618,33.583]},"properties":{"key":"58005-8e18913c","layer":"power","name":"Rayburn Energy Station LLC","state":"TX","detail_file":"data/details/power-plants-54.json","plant_id":"58005","capacity_mw":803.2,"status_group":"Operating","energy_sources":"NG","type":"Power plant","is_nuclear":false}},{"type":"Feature","geometry":{"type":"Point","coordinates":[-98.612,33.565]},"properties":{"key":"68030-766e48f0","layer":"power","name":"Red Hollow Renewable Energy","state":"TX","detail_file":"data/details/power-plants-02.json","plant_id":"68030","capacity_mw":600.0,"status_group":"Planned","energy_sources":"MWH; SUN","type":"Power plant","is_nuclear":false}},{"type":"Feature","geometry":{"type":"Point","coordinates":[-97.333,33.641]},"properties":{"key":"69347-40c0f632","layer":"power","name":"Regis Muenster","state":"TX","detail_file":"data/details/power-plants-35.json","plant_id":"69347","capacity_mw":9.9,"status_group":"Operating","energy_sources":"MWH","type":"Power plant","is_nuclear":false}},{"type":"Feature","geometry":{"type":"Point","coordinates":[-99.108,32.414]},"properties":{"key":"68460-e753dcc4","layer":"power","name":"Roadrunner Crossing Energy Storage LLC","state":"TX","detail_file":"data/details/power-plants-52.json","plant_id":"68460","capacity_mw":150.0,"status_group":"Operating","energy_sources":"MWH","type":"Power plant","is_nuclear":false}},{"type":"Feature","geometry":{"type":"Point","coordinates":[-99.109,32.437]},"properties":{"key":"66902-e088c873","layer":"power","name":"Roadrunner Wind Farm","state":"TX","detail_file":"data/details/power-plants-54.json","plant_id":"66902","capacity_mw":256.0,"status_group":"Operating","energy_sources":"WND","type":"Power plant","is_nuclear":false}},{"type":"Feature","geometry":{"type":"Point","coordinates":[-96.665,32.777]},"properties":{"key":"69365-8938a456","layer":"power","name":"SMT Dallas BESS","state":"TX","detail_file":"data/details/power-plants-16.json","plant_id":"69365","capacity_mw":10.0,"status_group":"Operating","energy_sources":"MWH","type":"Power plant","is_nuclear":false}},{"type":"Feature","geometry":{"type":"Point","coordinates":[-96.863,32.825]},"properties":{"key":"69367-eb08e1c8","layer":"power","name":"SMT Dallas III BESS","state":"TX","detail_file":"data/details/power-plants-33.json","plant_id":"69367","capacity_mw":10.0,"status_group":"Operating","energy_sources":"MWH","type":"Power plant","is_nuclear":false}},{"type":"Feature","geometry":{"type":"Point","coordinates":[-97.528,33.307]},"properties":{"key":"68173-3be147f4","layer":"power","name":"Sandford Solar and Storage","state":"TX","detail_file":"data/details/power-plants-11.json","plant_id":"68173","capacity_mw":227.1,"status_group":"Under construction","energy_sources":"MWH; SUN","type":"Power plant","is_nuclear":false}},{"type":"Feature","geometry":{"type":"Point","coordinates":[-98.365,33.206]},"properties":{"key":"57981-776c321e","layer":"power","name":"Senate Wind LLC","state":"TX","detail_file":"data/details/power-plants-14.json","plant_id":"57981","capacity_mw":150.0,"status_group":"Operating","energy_sources":"WND","type":"Power plant","is_nuclear":false}},{"type":"Feature","geometry":{"type":"Point","coordinates":[-99.158,32.438]},"properties":{"key":"68200-4e5eb69c","layer":"power","name":"Sequoia 1","state":"TX","detail_file":"data/details/power-plants-23.json","plant_id":"68200","capacity_mw":401.4,"status_group":"Operating","energy_sources":"SUN","type":"Power plant","is_nuclear":false}},{"type":"Feature","geometry":{"type":"Point","coordinates":[-99.192,33.578]},"properties":{"key":"62227-31813cb1","layer":"power","name":"Seymour Hills Wind Project, LLC","state":"TX","detail_file":"data/details/power-plants-57.json","plant_id":"62227","capacity_mw":30.2,"status_group":"Operating","energy_sources":"WND","type":"Power plant","is_nuclear":false}},{"type":"Feature","geometry":{"type":"Point","coordinates":[-98.361,33.51]},"properties":{"key":"59034-1ef6f502","layer":"power","name":"Shannon Wind","state":"TX","detail_file":"data/details/power-plants-21.json","plant_id":"59034","capacity_mw":204.0,"status_group":"Operating","energy_sources":"WND","type":"Power plant","is_nuclear":false}},{"type":"Feature","geometry":{"type":"Point","coordinates":[-98.801,34.018]},"properties":{"key":"68479-c67948a1","layer":"power","name":"Short Creek Solar","state":"TX","detail_file":"data/details/power-plants-10.json","plant_id":"68479","capacity_mw":606.4,"status_group":"Under construction","energy_sources":"SUN","type":"Power plant","is_nuclear":false}},{"type":"Feature","geometry":{"type":"Point","coordinates":[-98.589,33.862]},"properties":{"key":"50127-b3d0ffcb","layer":"power","name":"Signal Hill Generating LLC","state":"TX","detail_file":"data/details/power-plants-15.json","plant_id":"50127","capacity_mw":80.0,"status_group":"Operating","energy_sources":"NG","type":"Power plant","is_nuclear":false}},{"type":"Feature","geometry":{"type":"Point","coordinates":[-98.476,32.339]},"properties":{"key":"56771-997f4eab","layer":"power","name":"Silver Star I Wind Power Project","state":"TX","detail_file":"data/details/power-plants-14.json","plant_id":"56771","capacity_mw":52.8,"status_group":"Operating","energy_sources":"WND","type":"Power plant","is_nuclear":false}},{"type":"Feature","geometry":{"type":"Point","coordinates":[-98.046,33.799]},"properties":{"key":"67664-5890f56b","layer":"power","name":"Soleil","state":"TX","detail_file":"data/details/power-plants-06.json","plant_id":"67664","capacity_mw":450.0,"status_group":"Under construction","energy_sources":"SUN","type":"Power plant","is_nuclear":false}},{"type":"Feature","geometry":{"type":"Point","coordinates":[-97.106,33.197]},"properties":{"key":"4266-0ea83687","layer":"power","name":"Spencer","state":"TX","detail_file":"data/details/power-plants-02.json","plant_id":"4266","capacity_mw":126.5,"status_group":"Operating","energy_sources":"NG","type":"Power plant","is_nuclear":false}},{"type":"Feature","geometry":{"type":"Point","coordinates":[-96.989,32.919]},"properties":{"key":"55390-6d0ca31a","layer":"power","name":"State Farm Insur Support Center Central","state":"TX","detail_file":"data/details/power-plants-11.json","plant_id":"55390","capacity_mw":10.8,"status_group":"Operating","energy_sources":"DFO","type":"Power plant","is_nuclear":false}},{"type":"Feature","geometry":{"type":"Point","coordinates":[-96.158,33.633]},"properties":{"key":"67798-fec90045","layer":"power","name":"Steelhead Energy Storage","state":"TX","detail_file":"data/details/power-plants-58.json","plant_id":"67798","capacity_mw":193.7,"status_group":"Under construction","energy_sources":"MWH","type":"Power plant","is_nuclear":false}},{"type":"Feature","geometry":{"type":"Point","coordinates":[-96.173,33.166]},"properties":{"key":"61871-46f65327","layer":"power","name":"Sterling Solar (TX)","state":"TX","detail_file":"data/details/power-plants-07.json","plant_id":"61871","capacity_mw":10.0,"status_group":"Operating","energy_sources":"SUN","type":"Power plant","is_nuclear":false}},{"type":"Feature","geometry":{"type":"Point","coordinates":[-99.796,32.513]},"properties":{"key":"68665-a4cd622f","layer":"power","name":"Summerhill BESS","state":"TX","detail_file":"data/details/power-plants-33.json","plant_id":"68665","capacity_mw":143.0,"status_group":"Planned","energy_sources":"MWH","type":"Power plant","is_nuclear":false}},{"type":"Feature","geometry":{"type":"Point","coordinates":[-96.348,32.971]},"properties":{"key":"69329-6e6d2875","layer":"power","name":"TE Smith Storage","state":"TX","detail_file":"data/details/power-plants-08.json","plant_id":"69329","capacity_mw":125.0,"status_group":"Operating","energy_sources":"MWH","type":"Power plant","is_nuclear":false}},{"type":"Feature","geometry":{"type":"Point","coordinates":[-99.666,33.746]},"properties":{"key":"64639-f3b69c75","layer":"power","name":"TG East","state":"TX","detail_file":"data/details/power-plants-31.json","plant_id":"64639","capacity_mw":336.0,"status_group":"Operating","energy_sources":"WND","type":"Power plant","is_nuclear":false}},{"type":"Feature","geometry":{"type":"Point","coordinates":[-98.208,32.262]},"properties":{"key":"64892-797c1ee2","layer":"power","name":"TPE Erath Solar, LLC","state":"TX","detail_file":"data/details/power-plants-11.json","plant_id":"64892","capacity_mw":9.9,"status_group":"Operating","energy_sources":"SUN","type":"Power plant","is_nuclear":false}},{"type":"Feature","geometry":{"type":"Point","coordinates":[-97.35,32.05]},"properties":{"key":"63180-72232325","layer":"power","name":"TPE Whitney Solar, LLC","state":"TX","detail_file":"data/details/power-plants-57.json","plant_id":"63180","capacity_mw":9.9,"status_group":"Operating","energy_sources":"SUN","type":"Power plant","is_nuclear":false}},{"type":"Feature","geometry":{"type":"Point","coordinates":[-96.756,32.652]},"properties":{"key":"66516-928bcbbc","layer":"power","name":"TX Dallas 7750 Dynasty Drive","state":"TX","detail_file":"data/details/power-plants-02.json","plant_id":"66516","capacity_mw":2.3,"status_group":"Under construction","energy_sources":"SUN","type":"Power plant","is_nuclear":false}},{"type":"Feature","geometry":{"type":"Point","coordinates":[-97.347,32.831]},"properties":{"key":"67058-1154713c","layer":"power","name":"TX Fort Worth 5200 Gold Spike Drive","state":"TX","detail_file":"data/details/power-plants-34.json","plant_id":"67058","capacity_mw":4.0,"status_group":"Operating","energy_sources":"SUN","type":"Power plant","is_nuclear":false}},{"type":"Feature","geometry":{"type":"Point","coordinates":[-96.567,32.774]},"properties":{"key":"66520-3f9b5ee3","layer":"power","name":"TX Sunnyvale 367 Long Creek Road Solar","state":"TX","detail_file":"data/details/power-plants-17.json","plant_id":"66520","capacity_mw":2.0,"status_group":"Operating","energy_sources":"SUN","type":"Power plant","is_nuclear":false}},{"type":"Feature","geometry":{"type":"Point","coordinates":[-97.314,33.326]},"properties":{"key":"65693-a90c49e2","layer":"power","name":"TX10 Hummingbird Storage","state":"TX","detail_file":"data/details/power-plants-48.json","plant_id":"65693","capacity_mw":100.0,"status_group":"Operating","energy_sources":"MWH","type":"Power plant","is_nuclear":false}},{"type":"Feature","geometry":{"type":"Point","coordinates":[-97.214,32.032]},"properties":{"key":"69283-7c34fdea","layer":"power","name":"Three W Solar","state":"TX","detail_file":"data/details/power-plants-28.json","plant_id":"69283","capacity_mw":110.9,"status_group":"Under construction","energy_sources":"SUN","type":"Power plant","is_nuclear":false}},{"type":"Feature","geometry":{"type":"Point","coordinates":[-99.476,33.213]},"properties":{"key":"67356-c0c0a2f6","layer":"power","name":"Throckmorton Wind","state":"TX","detail_file":"data/details/power-plants-62.json","plant_id":"67356","capacity_mw":225.6,"status_group":"Under construction","energy_sources":"WND","type":"Power plant","is_nuclear":false}},{"type":"Feature","geometry":{"type":"Point","coordinates":[-99.881,32.797]},"properties":{"key":"67357-0df4e5bd","layer":"power","name":"Tiger Solar","state":"TX","detail_file":"data/details/power-plants-38.json","plant_id":"67357","capacity_mw":250.0,"status_group":"Under construction","energy_sources":"SUN","type":"Power plant","is_nuclear":false}},{"type":"Feature","geometry":{"type":"Point","coordinates":[-96.841,33.084]},"properties":{"key":"61895-54aea2ab","layer":"power","name":"Toyota HQ Plan","state":"TX","detail_file":"data/details/power-plants-39.json","plant_id":"61895","capacity_mw":7.7,"status_group":"Operating","energy_sources":"SUN","type":"Power plant","is_nuclear":false}},{"type":"Feature","geometry":{"type":"Point","coordinates":[-96.101,32.125]},"properties":{"key":"3507-a79e0da5","layer":"power","name":"Trinidad (TX)","state":"TX","detail_file":"data/details/power-plants-47.json","plant_id":"3507","capacity_mw":243.3,"status_group":"Operating","energy_sources":"DFO; NG","type":"Power plant","is_nuclear":false}},{"type":"Feature","geometry":{"type":"Point","coordinates":[-98.712,33.384]},"properties":{"key":"57520-65966678","layer":"power","name":"Trinity Hills","state":"TX","detail_file":"data/details/power-plants-27.json","plant_id":"57520","capacity_mw":198.0,"status_group":"Operating","energy_sources":"WND","type":"Power plant","is_nuclear":false}},{"type":"Feature","geometry":{"type":"Point","coordinates":[-97.372,33.704]},"properties":{"key":"60502-cb9ca63c","layer":"power","name":"Tyler Bluff Wind Project, LLC","state":"TX","detail_file":"data/details/power-plants-28.json","plant_id":"60502","capacity_mw":125.6,"status_group":"Operating","energy_sources":"WND","type":"Power plant","is_nuclear":false}},{"type":"Feature","geometry":{"type":"Point","coordinates":[-96.954,32.877]},"properties":{"key":"65571-544ac80e","layer":"power","name":"Verizon Hidden Ridge Solar Project","state":"TX","detail_file":"data/details/power-plants-05.json","plant_id":"65571","capacity_mw":2.9,"status_group":"Operating","energy_sources":"SUN","type":"Power plant","is_nuclear":false}},{"type":"Feature","geometry":{"type":"Point","coordinates":[-99.297,34.11]},"properties":{"key":"67934-0b7e5c5b","layer":"power","name":"Vernon Solar and Storage","state":"TX","detail_file":"data/details/power-plants-18.json","plant_id":"67934","capacity_mw":142.0,"status_group":"Planned","energy_sources":"MWH; SUN","type":"Power plant","is_nuclear":false}},{"type":"Feature","geometry":{"type":"Point","coordinates":[-97.142,32.775]},"properties":{"key":"54520-4ad3034b","layer":"power","name":"Village Creek Water Reclamation Facility","state":"TX","detail_file":"data/details/power-plants-40.json","plant_id":"54520","capacity_mw":12.4,"status_group":"Operating","energy_sources":"NG","type":"Power plant","is_nuclear":false}},{"type":"Feature","geometry":{"type":"Point","coordinates":[-97.169,32.764]},"properties":{"key":"64883-0a65f07c","layer":"power","name":"WAL1455","state":"TX","detail_file":"data/details/power-plants-22.json","plant_id":"64883","capacity_mw":1.2,"status_group":"Operating","energy_sources":"NG","type":"Power plant","is_nuclear":false}},{"type":"Feature","geometry":{"type":"Point","coordinates":[-97.132,32.669]},"properties":{"key":"64884-f0bc3f71","layer":"power","name":"WAL1801","state":"TX","detail_file":"data/details/power-plants-17.json","plant_id":"64884","capacity_mw":1.2,"status_group":"Operating","energy_sources":"NG","type":"Power plant","is_nuclear":false}},{"type":"Feature","geometry":{"type":"Point","coordinates":[-96.801,33.1]},"properties":{"key":"64770-2fd7d8bc","layer":"power","name":"WAL202","state":"TX","detail_file":"data/details/power-plants-57.json","plant_id":"64770","capacity_mw":1.3,"status_group":"Operating","energy_sources":"DFO","type":"Power plant","is_nuclear":false}},{"type":"Feature","geometry":{"type":"Point","coordinates":[-97.082,32.922]},"properties":{"key":"64771-99d75303","layer":"power","name":"WAL266","state":"TX","detail_file":"data/details/power-plants-35.json","plant_id":"64771","capacity_mw":1.2,"status_group":"Operating","energy_sources":"NG","type":"Power plant","is_nuclear":false}},{"type":"Feature","geometry":{"type":"Point","coordinates":[-96.69,32.794]},"properties":{"key":"64887-e6566a28","layer":"power","name":"WAL2667","state":"TX","detail_file":"data/details/power-plants-01.json","plant_id":"64887","capacity_mw":1.2,"status_group":"Operating","energy_sources":"NG","type":"Power plant","is_nuclear":false}},{"type":"Feature","geometry":{"type":"Point","coordinates":[-97.13,32.576]},"properties":{"key":"64772-0cb3883f","layer":"power","name":"WAL284","state":"TX","detail_file":"data/details/power-plants-14.json","plant_id":"64772","capacity_mw":1.2,"status_group":"Operating","energy_sources":"NG","type":"Power plant","is_nuclear":false}},{"type":"Feature","geometry":{"type":"Point","coordinates":[-96.799,33.097]},"properties":{"key":"64889-92e2f431","layer":"power","name":"WAL2883","state":"TX","detail_file":"data/details/power-plants-02.json","plant_id":"64889","capacity_mw":1.2,"status_group":"Operating","energy_sources":"NG","type":"Power plant","is_nuclear":false}},{"type":"Feature","geometry":{"type":"Point","coordinates":[-97.287,32.895]},"properties":{"key":"64890-60bdb1f8","layer":"power","name":"WAL2980","state":"TX","detail_file":"data/details/power-plants-47.json","plant_id":"64890","capacity_mw":1.2,"status_group":"Operating","energy_sources":"NG","type":"Power plant","is_nuclear":false}},{"type":"Feature","geometry":{"type":"Point","coordinates":[-96.598,32.842]},"properties":{"key":"64893-9ebb328c","layer":"power","name":"WAL3224","state":"TX","detail_file":"data/details/power-plants-44.json","plant_id":"64893","capacity_mw":1.2,"status_group":"Operating","energy_sources":"NG","type":"Power plant","is_nuclear":false}},{"type":"Feature","geometry":{"type":"Point","coordinates":[-97.209,32.667]},"properties":{"key":"64896-a4351abe","layer":"power","name":"WAL3284","state":"TX","detail_file":"data/details/power-plants-33.json","plant_id":"64896","capacity_mw":1.2,"status_group":"Operating","energy_sources":"NG","type":"Power plant","is_nuclear":false}},{"type":"Feature","geometry":{"type":"Point","coordinates":[-96.947,32.597]},"properties":{"key":"64897-c360c28f","layer":"power","name":"WAL3285","state":"TX","detail_file":"data/details/power-plants-57.json","plant_id":"64897","capacity_mw":1.2,"status_group":"Operating","energy_sources":"NG","type":"Power plant","is_nuclear":false}},{"type":"Feature","geometry":{"type":"Point","coordinates":[-96.817,32.959]},"properties":{"key":"64922-a7f2de8d","layer":"power","name":"WAL3406","state":"TX","detail_file":"data/details/power-plants-14.json","plant_id":"64922","capacity_mw":1.2,"status_group":"Operating","energy_sources":"NG","type":"Power plant","is_nuclear":false}},{"type":"Feature","geometry":{"type":"Point","coordinates":[-96.88,32.593]},"properties":{"key":"64924-b86d0a96","layer":"power","name":"WAL3432","state":"TX","detail_file":"data/details/power-plants-62.json","plant_id":"64924","capacity_mw":1.2,"status_group":"Operating","energy_sources":"NG","type":"Power plant","is_nuclear":false}},{"type":"Feature","geometry":{"type":"Point","coordinates":[-97.339,32.577]},"properties":{"key":"64936-33883aac","layer":"power","name":"WAL3631","state":"TX","detail_file":"data/details/power-plants-07.json","plant_id":"64936","capacity_mw":1.2,"status_group":"Operating","energy_sources":"NG","type":"Power plant","is_nuclear":false}},{"type":"Feature","geometry":{"type":"Point","coordinates":[-97.484,32.765]},"properties":{"key":"64937-ccc30e5e","layer":"power","name":"WAL3773","state":"TX","detail_file":"data/details/power-plants-44.json","plant_id":"64937","capacity_mw":1.2,"status_group":"Operating","energy_sources":"NG","type":"Power plant","is_nuclear":false}},{"type":"Feature","geometry":{"type":"Point","coordinates":[-96.884,33.18]},"properties":{"key":"64938-4575eb2e","layer":"power","name":"WAL3777","state":"TX","detail_file":"data/details/power-plants-49.json","plant_id":"64938","capacity_mw":1.3,"status_group":"Operating","energy_sources":"DFO","type":"Power plant","is_nuclear":false}},{"type":"Feature","geometry":{"type":"Point","coordinates":[-98.499,33.857]},"properties":{"key":"64774-2a88d987","layer":"power","name":"WAL414","state":"TX","detail_file":"data/details/power-plants-13.json","plant_id":"64774","capacity_mw":1.2,"status_group":"Operating","energy_sources":"NG","type":"Power plant","is_nuclear":false}},{"type":"Feature","geometry":{"type":"Point","coordinates":[-97.468,32.678]},"properties":{"key":"64943-f013895f","layer":"power","name":"WAL4509","state":"TX","detail_file":"data/details/power-plants-45.json","plant_id":"64943","capacity_mw":1.2,"status_group":"Operating","energy_sources":"NG","type":"Power plant","is_nuclear":false}},{"type":"Feature","geometry":{"type":"Point","coordinates":[-97.184,32.848]},"properties":{"key":"64948-44c7ba54","layer":"power","name":"WAL5080","state":"TX","detail_file":"data/details/power-plants-13.json","plant_id":"64948","capacity_mw":1.2,"status_group":"Operating","energy_sources":"NG","type":"Power plant","is_nuclear":false}},{"type":"Feature","geometry":{"type":"Point","coordinates":[-96.683,33.156]},"properties":{"key":"64952-c0733c20","layer":"power","name":"WAL5211","state":"TX","detail_file":"data/details/power-plants-56.json","plant_id":"64952","capacity_mw":1.3,"status_group":"Operating","energy_sources":"DFO","type":"Power plant","is_nuclear":false}},{"type":"Feature","geometry":{"type":"Point","coordinates":[-96.736,33.217]},"properties":{"key":"64954-6d664713","layer":"power","name":"WAL5311","state":"TX","detail_file":"data/details/power-plants-41.json","plant_id":"64954","capacity_mw":1.3,"status_group":"Operating","energy_sources":"DFO","type":"Power plant","is_nuclear":false}},{"type":"Feature","geometry":{"type":"Point","coordinates":[-97.292,32.775]},"properties":{"key":"64955-19fb152b","layer":"power","name":"WAL5312","state":"TX","detail_file":"data/details/power-plants-43.json","plant_id":"64955","capacity_mw":1.2,"status_group":"Operating","energy_sources":"NG","type":"Power plant","is_nuclear":false}},{"type":"Feature","geometry":{"type":"Point","coordinates":[-97.388,32.882]},"properties":{"key":"64956-57d6be07","layer":"power","name":"WAL5316","state":"TX","detail_file":"data/details/power-plants-31.json","plant_id":"64956","capacity_mw":1.2,"status_group":"Operating","energy_sources":"NG","type":"Power plant","is_nuclear":false}},{"type":"Feature","geometry":{"type":"Point","coordinates":[-99.698,32.481]},"properties":{"key":"64795-71661157","layer":"power","name":"WAL536","state":"TX","detail_file":"data/details/power-plants-12.json","plant_id":"64795","capacity_mw":1.2,"status_group":"Operating","energy_sources":"NG","type":"Power plant","is_nuclear":false}},{"type":"Feature","geometry":{"type":"Point","coordinates":[-96.404,32.101]},"properties":{"key":"64798-f8dd3e3d","layer":"power","name":"WAL565","state":"TX","detail_file":"data/details/power-plants-42.json","plant_id":"64798","capacity_mw":1.2,"status_group":"Operating","energy_sources":"NG","type":"Power plant","is_nuclear":false}},{"type":"Feature","geometry":{"type":"Point","coordinates":[-97.412,32.967]},"properties":{"key":"64962-52da5681","layer":"power","name":"WAL5764","state":"TX","detail_file":"data/details/power-plants-14.json","plant_id":"64962","capacity_mw":1.2,"status_group":"Operating","energy_sources":"NG","type":"Power plant","is_nuclear":false}},{"type":"Feature","geometry":{"type":"Point","coordinates":[-97.036,32.674]},"properties":{"key":"64807-e4475e6f","layer":"power","name":"WAL896","state":"TX","detail_file":"data/details/power-plants-41.json","plant_id":"64807","capacity_mw":1.2,"status_group":"Operating","energy_sources":"NG","type":"Power plant","is_nuclear":false}},{"type":"Feature","geometry":{"type":"Point","coordinates":[-97.434,32.755]},"properties":{"key":"64809-31d3b851","layer":"power","name":"WAL940","state":"TX","detail_file":"data/details/power-plants-15.json","plant_id":"64809","capacity_mw":1.2,"status_group":"Operating","energy_sources":"NG","type":"Power plant","is_nuclear":false}},{"type":"Feature","geometry":{"type":"Point","coordinates":[-96.612,33.673]},"properties":{"key":"64810-d019141d","layer":"power","name":"WAL947","state":"TX","detail_file":"data/details/power-plants-09.json","plant_id":"64810","capacity_mw":1.2,"status_group":"Operating","energy_sources":"NG","type":"Power plant","is_nuclear":false}},{"type":"Feature","geometry":{"type":"Point","coordinates":[-97.425,32.812]},"properties":{"key":"64812-3fe32e76","layer":"power","name":"WAL972","state":"TX","detail_file":"data/details/power-plants-08.json","plant_id":"64812","capacity_mw":1.2,"status_group":"Operating","energy_sources":"NG","type":"Power plant","is_nuclear":false}},{"type":"Feature","geometry":{"type":"Point","coordinates":[-97.768,32.079]},"properties":{"key":"61370-37a8ef97","layer":"power","name":"Walnut Springs Solar","state":"TX","detail_file":"data/details/power-plants-62.json","plant_id":"61370","capacity_mw":5.0,"status_group":"Operating","energy_sources":"SUN","type":"Power plant","is_nuclear":false}},{"type":"Feature","geometry":{"type":"Point","coordinates":[-96.371,32.3]},"properties":{"key":"67567-bdba088a","layer":"power","name":"Wensowitch Solar Park","state":"TX","detail_file":"data/details/power-plants-45.json","plant_id":"67567","capacity_mw":145.6,"status_group":"Under construction","energy_sources":"SUN","type":"Power plant","is_nuclear":false}},{"type":"Feature","geometry":{"type":"Point","coordinates":[-96.628,33.617]},"properties":{"key":"61625-824f90ea","layer":"power","name":"West Moore Solar II","state":"TX","detail_file":"data/details/power-plants-04.json","plant_id":"61625","capacity_mw":5.0,"status_group":"Operating","energy_sources":"SUN","type":"Power plant","is_nuclear":false}},{"type":"Feature","geometry":{"type":"Point","coordinates":[-99.065,33.852]},"properties":{"key":"64149-b70b428d","layer":"power","name":"Western Trail Wind, LLC","state":"TX","detail_file":"data/details/power-plants-10.json","plant_id":"64149","capacity_mw":366.6,"status_group":"Operating","energy_sources":"WND","type":"Power plant","is_nuclear":false}},{"type":"Feature","geometry":{"type":"Point","coordinates":[-97.537,32.725]},"properties":{"key":"57020-ec9f804e","layer":"power","name":"Westside Landfill Gas Recovery","state":"TX","detail_file":"data/details/power-plants-48.json","plant_id":"57020","capacity_mw":3.2,"status_group":"Operating","energy_sources":"LFG","type":"Power plant","is_nuclear":false}},{"type":"Feature","geometry":{"type":"Point","coordinates":[-96.869,33.617]},"properties":{"key":"61410-83df52e7","layer":"power","name":"Whitesboro Solar","state":"TX","detail_file":"data/details/power-plants-51.json","plant_id":"61410","capacity_mw":5.0,"status_group":"Operating","energy_sources":"SUN","type":"Power plant","is_nuclear":false}},{"type":"Feature","geometry":{"type":"Point","coordinates":[-96.867,33.625]},"properties":{"key":"61411-49bb6ad3","layer":"power","name":"Whitesboro Solar II","state":"TX","detail_file":"data/details/power-plants-04.json","plant_id":"61411","capacity_mw":5.0,"status_group":"Operating","energy_sources":"SUN","type":"Power plant","is_nuclear":false}},{"type":"Feature","geometry":{"type":"Point","coordinates":[-96.379,33.498]},"properties":{"key":"61524-1826ad2c","layer":"power","name":"Whitewright Solar","state":"TX","detail_file":"data/details/power-plants-47.json","plant_id":"61524","capacity_mw":10.0,"status_group":"Operating","energy_sources":"SUN","type":"Power plant","is_nuclear":false}},{"type":"Feature","geometry":{"type":"Point","coordinates":[-96.357,33.03]},"properties":{"key":"67739-7e68ff0d","layer":"power","name":"Wigeon Whistle Battery Storage Plant","state":"TX","detail_file":"data/details/power-plants-22.json","plant_id":"67739","capacity_mw":120.0,"status_group":"Operating","energy_sources":"MWH","type":"Power plant","is_nuclear":false}},{"type":"Feature","geometry":{"type":"Point","coordinates":[-97.33,33.549]},"properties":{"key":"62715-242487eb","layer":"power","name":"Wildcat Creek Wind Farm LLC","state":"TX","detail_file":"data/details/power-plants-16.json","plant_id":"62715","capacity_mw":175.3,"status_group":"Operating","energy_sources":"WND","type":"Power plant","is_nuclear":false}},{"type":"Feature","geometry":{"type":"Point","coordinates":[-99.624,33.345]},"properties":{"key":"60901-f7147125","layer":"power","name":"Willow Springs Wind Farm","state":"TX","detail_file":"data/details/power-plants-52.json","plant_id":"60901","capacity_mw":250.0,"status_group":"Operating","energy_sources":"WND","type":"Power plant","is_nuclear":false}},{"type":"Feature","geometry":{"type":"Point","coordinates":[-98.5,33.495]},"properties":{"key":"59238-bfda4c0a","layer":"power","name":"Windthorst-2","state":"TX","detail_file":"data/details/power-plants-63.json","plant_id":"59238","capacity_mw":67.6,"status_group":"Operating","energy_sources":"WND","type":"Power plant","is_nuclear":false}},{"type":"Feature","geometry":{"type":"Point","coordinates":[-97.91,33.058]},"properties":{"key":"55320-93e3263a","layer":"power","name":"Wise County Power LLC","state":"TX","detail_file":"data/details/power-plants-50.json","plant_id":"55320","capacity_mw":821.7,"status_group":"Operating","energy_sources":"NG","type":"Power plant","is_nuclear":false}},{"type":"Feature","geometry":{"type":"Point","coordinates":[-97.732,32.334]},"properties":{"key":"55139-fe855e7f","layer":"power","name":"Wolf Hollow I LP","state":"TX","detail_file":"data/details/power-plants-46.json","plant_id":"55139","capacity_mw":788.4,"status_group":"Operating","energy_sources":"NG","type":"Power plant","is_nuclear":false}},{"type":"Feature","geometry":{"type":"Point","coordinates":[-97.735,32.338]},"properties":{"key":"59812-0789df44","layer":"power","name":"Wolf Hollow II","state":"TX","detail_file":"data/details/power-plants-43.json","plant_id":"59812","capacity_mw":1231.2,"status_group":"Operating","energy_sources":"NG","type":"Power plant","is_nuclear":false}},{"type":"Feature","geometry":{"type":"Point","coordinates":[-97.428,33.733]},"properties":{"key":"58080-520851bd","layer":"power","name":"Wolf Ridge Wind","state":"TX","detail_file":"data/details/power-plants-52.json","plant_id":"58080","capacity_mw":112.5,"status_group":"Operating","energy_sources":"WND","type":"Power plant","is_nuclear":false}},{"type":"Feature","geometry":{"type":"Point","coordinates":[-98.554,34.003]},"properties":{"key":"54364-54305a74","layer":"power","name":"Works 4","state":"TX","detail_file":"data/details/power-plants-26.json","plant_id":"54364","capacity_mw":4.9,"status_group":"Operating","energy_sources":"DFO","type":"Power plant","is_nuclear":false}},{"type":"Feature","geometry":{"type":"Point","coordinates":[-96.83,32.07]},"properties":{"key":"69588-5949624e","layer":"power","name":"Yellow Cat Wind, LLC","state":"TX","detail_file":"data/details/power-plants-38.json","plant_id":"69588","capacity_mw":270.0,"status_group":"Under construction","energy_sources":"WND","type":"Power plant","is_nuclear":false}},{"type":"Feature","geometry":{"type":"Point","coordinates":[-97.629,32.317]},"properties":{"key":"67222-47e97fad","layer":"power","name":"Yellow Viking Solar","state":"TX","detail_file":"data/details/power-plants-52.json","plant_id":"67222","capacity_mw":170.0,"status_group":"Under construction","energy_sources":"SUN","type":"Power plant","is_nuclear":false}},{"type":"Feature","geometry":{"type":"Point","coordinates":[-97.88,33.033]},"properties":{"key":"68178-50e3861e","layer":"power","name":"Yooperlite Storage","state":"TX","detail_file":"data/details/power-plants-58.json","plant_id":"68178","capacity_mw":175.7,"status_group":"Under construction","energy_sources":"MWH","type":"Power plant","is_nuclear":false}},{"type":"Feature","geometry":{"type":"Point","coordinates":[-98.853,33.119]},"properties":{"key":"65763-c13e3e2a","layer":"power","name":"Young Wind","state":"TX","detail_file":"data/details/power-plants-16.json","plant_id":"65763","capacity_mw":500.0,"status_group":"Operating","energy_sources":"WND","type":"Power plant","is_nuclear":false}}]}