{"type":"FeatureCollection","features":[{"type":"Feature","geometry":{"type":"Point","coordinates":[-90.866,41.692]},"properties":{"key":"59181-baaf6761","layer":"power","name":"AgriReNew","state":"IA","detail_file":"data/details/power-plants-10.json","plant_id":"59181","capacity_mw":1.0,"status_group":"Operating","energy_sources":"OBG","type":"Power plant","is_nuclear":false}},{"type":"Feature","geometry":{"type":"Point","coordinates":[-91.597,42.029]},"properties":{"key":"54716-7aaf9f70","layer":"power","name":"Alliant SBD 8602 Marion Sub","state":"IA","detail_file":"data/details/power-plants-16.json","plant_id":"54716","capacity_mw":5.6,"status_group":"Operating","energy_sources":"DFO","type":"Power plant","is_nuclear":false}},{"type":"Feature","geometry":{"type":"Point","coordinates":[-91.646,42.036]},"properties":{"key":"54717-079a8bc9","layer":"power","name":"Alliant SBD 9106 Rockwell CR","state":"IA","detail_file":"data/details/power-plants-27.json","plant_id":"54717","capacity_mw":16.0,"status_group":"Operating","energy_sources":"DFO","type":"Power plant","is_nuclear":false}},{"type":"Feature","geometry":{"type":"Point","coordinates":[-91.554,43.091]},"properties":{"key":"54712-9c753653","layer":"power","name":"Alliant SBD 9201 Norplex","state":"IA","detail_file":"data/details/power-plants-21.json","plant_id":"54712","capacity_mw":2.1,"status_group":"Operating","energy_sources":"DFO","type":"Power plant","is_nuclear":false}},{"type":"Feature","geometry":{"type":"Point","coordinates":[-91.636,41.935]},"properties":{"key":"54719-9e04e7e8","layer":"power","name":"Alliant SBD 9203 Profol","state":"IA","detail_file":"data/details/power-plants-00.json","plant_id":"54719","capacity_mw":5.6,"status_group":"Operating","energy_sources":"DFO","type":"Power plant","is_nuclear":false}},{"type":"Feature","geometry":{"type":"Point","coordinates":[-90.745,42.491]},"properties":{"key":"54710-d3556d65","layer":"power","name":"Alliant SBD 9205 A Y McDonald","state":"IA","detail_file":"data/details/power-plants-08.json","plant_id":"54710","capacity_mw":3.6,"status_group":"Operating","energy_sources":"DFO","type":"Power plant","is_nuclear":false}},{"type":"Feature","geometry":{"type":"Point","coordinates":[-90.685,42.53]},"properties":{"key":"54735-3b612b31","layer":"power","name":"Alliant SBD 9301 Prairie Farms","state":"IA","detail_file":"data/details/power-plants-04.json","plant_id":"54735","capacity_mw":3.5,"status_group":"Operating","energy_sources":"DFO","type":"Power plant","is_nuclear":false}},{"type":"Feature","geometry":{"type":"Point","coordinates":[-91.654,41.917]},"properties":{"key":"54929-a2d743ff","layer":"power","name":"Alliant SBD 9403 Aegon DC","state":"IA","detail_file":"data/details/power-plants-35.json","plant_id":"54929","capacity_mw":4.1,"status_group":"Operating","energy_sources":"DFO","type":"Power plant","is_nuclear":false}},{"type":"Feature","geometry":{"type":"Point","coordinates":[-91.666,41.97]},"properties":{"key":"55996-ef9df9d0","layer":"power","name":"Alliant SBD0201 Ingredion","state":"IA","detail_file":"data/details/power-plants-17.json","plant_id":"55996","capacity_mw":6.1,"status_group":"Operating","energy_sources":"DFO","type":"Power plant","is_nuclear":false}},{"type":"Feature","geometry":{"type":"Point","coordinates":[-91.892,41.793]},"properties":{"key":"61850-c79ce221","layer":"power","name":"Amana Society Service Company","state":"IA","detail_file":"data/details/power-plants-04.json","plant_id":"61850","capacity_mw":21.6,"status_group":"Operating","energy_sources":"DFO","type":"Power plant","is_nuclear":false}},{"type":"Feature","geometry":{"type":"Point","coordinates":[-91.688,41.922]},"properties":{"key":"10864-9ba9dd31","layer":"power","name":"Archer Daniels Midland Cedar Rapids","state":"IA","detail_file":"data/details/power-plants-49.json","plant_id":"10864","capacity_mw":294.6,"status_group":"Operating","energy_sources":"NG; SUB","type":"Power plant","is_nuclear":false}},{"type":"Feature","geometry":{"type":"Point","coordinates":[-90.21,41.821]},"properties":{"key":"10860-3baaef08","layer":"power","name":"Archer Daniels Midland Clinton","state":"IA","detail_file":"data/details/power-plants-13.json","plant_id":"10860","capacity_mw":180.0,"status_group":"Operating","energy_sources":"SUB","type":"Power plant","is_nuclear":false}},{"type":"Feature","geometry":{"type":"Point","coordinates":[-90.417,42.25]},"properties":{"key":"1126-744824bb","layer":"power","name":"Bellevue","state":"IA","detail_file":"data/details/power-plants-20.json","plant_id":"1126","capacity_mw":9.8,"status_group":"Operating","energy_sources":"DFO","type":"Power plant","is_nuclear":false}},{"type":"Feature","geometry":{"type":"Point","coordinates":[-91.117,40.741]},"properties":{"key":"1104-ab2e97f2","layer":"power","name":"Burlington (IA)","state":"IA","detail_file":"data/details/power-plants-52.json","plant_id":"1104","capacity_mw":290.8,"status_group":"Operating","energy_sources":"NG","type":"Power plant","is_nuclear":false}},{"type":"Feature","geometry":{"type":"Point","coordinates":[-91.474,42.469]},"properties":{"key":"64177-da7b17d3","layer":"power","name":"CED Manchester Wind","state":"IA","detail_file":"data/details/power-plants-31.json","plant_id":"64177","capacity_mw":7.9,"status_group":"Operating","energy_sources":"WND","type":"Power plant","is_nuclear":false}},{"type":"Feature","geometry":{"type":"Point","coordinates":[-91.012,42.298]},"properties":{"key":"1129-37323561","layer":"power","name":"Cascade","state":"IA","detail_file":"data/details/power-plants-43.json","plant_id":"1129","capacity_mw":7.2,"status_group":"Operating","energy_sources":"DFO","type":"Power plant","is_nuclear":false}},{"type":"Feature","geometry":{"type":"Point","coordinates":[-91.694,41.956]},"properties":{"key":"67089-4e54fe9b","layer":"power","name":"Cedar Rapids Community Solar","state":"IA","detail_file":"data/details/power-plants-03.json","plant_id":"67089","capacity_mw":4.5,"status_group":"Operating","energy_sources":"SUN","type":"Power plant","is_nuclear":false}},{"type":"Feature","geometry":{"type":"Point","coordinates":[-90.223,41.827]},"properties":{"key":"67965-6352d256","layer":"power","name":"Clinton Schools","state":"IA","detail_file":"data/details/power-plants-24.json","plant_id":"67965","capacity_mw":1.3,"status_group":"Operating","energy_sources":"SUN","type":"Power plant","is_nuclear":false}},{"type":"Feature","geometry":{"type":"Point","coordinates":[-91.533,42.281]},"properties":{"key":"1132-498f5656","layer":"power","name":"Coggon","state":"IA","detail_file":"data/details/power-plants-13.json","plant_id":"1132","capacity_mw":2.0,"status_group":"Operating","energy_sources":"DFO","type":"Power plant","is_nuclear":false}},{"type":"Feature","geometry":{"type":"Point","coordinates":[-91.573,42.291]},"properties":{"key":"68939-b93e4ffc","layer":"power","name":"Coggon Solar LLC","state":"IA","detail_file":"data/details/power-plants-46.json","plant_id":"68939","capacity_mw":100.0,"status_group":"Under construction","energy_sources":"SUN","type":"Power plant","is_nuclear":false}},{"type":"Feature","geometry":{"type":"Point","coordinates":[-91.564,41.672]},"properties":{"key":"1079-1c4fade2","layer":"power","name":"Coralville GT","state":"IA","detail_file":"data/details/power-plants-44.json","plant_id":"1079","capacity_mw":72.0,"status_group":"Operating","energy_sources":"NG","type":"Power plant","is_nuclear":false}},{"type":"Feature","geometry":{"type":"Point","coordinates":[-91.939,43.275]},"properties":{"key":"67795-ee758cfe","layer":"power","name":"DPC Madison","state":"IA","detail_file":"data/details/power-plants-50.json","plant_id":"67795","capacity_mw":1.5,"status_group":"Operating","energy_sources":"SUN","type":"Power plant","is_nuclear":false}},{"type":"Feature","geometry":{"type":"Point","coordinates":[-90.627,41.493]},"properties":{"key":"55035-941f8df0","layer":"power","name":"Davenport Water Pollution Control Plant","state":"IA","detail_file":"data/details/power-plants-48.json","plant_id":"55035","capacity_mw":1.6,"status_group":"Operating","energy_sources":"OBG","type":"Power plant","is_nuclear":false}},{"type":"Feature","geometry":{"type":"Point","coordinates":[-91.793,43.324]},"properties":{"key":"64375-9865455b","layer":"power","name":"Decorah Battery","state":"IA","detail_file":"data/details/power-plants-31.json","plant_id":"64375","capacity_mw":2.5,"status_group":"Operating","energy_sources":"MWH","type":"Power plant","is_nuclear":false}},{"type":"Feature","geometry":{"type":"Point","coordinates":[-91.694,41.951]},"properties":{"key":"65531-f6ef387f","layer":"power","name":"Deer Run Battery","state":"IA","detail_file":"data/details/power-plants-58.json","plant_id":"65531","capacity_mw":5.0,"status_group":"Operating","energy_sources":"MWH","type":"Power plant","is_nuclear":false}},{"type":"Feature","geometry":{"type":"Point","coordinates":[-90.912,41.6]},"properties":{"key":"6220-c1846127","layer":"power","name":"Durant","state":"IA","detail_file":"data/details/power-plants-55.json","plant_id":"6220","capacity_mw":4.4,"status_group":"Operating","energy_sources":"DFO","type":"Power plant","is_nuclear":false}},{"type":"Feature","geometry":{"type":"Point","coordinates":[-91.272,42.494]},"properties":{"key":"7865-f2729f7a","layer":"power","name":"Earlville","state":"IA","detail_file":"data/details/power-plants-49.json","plant_id":"7865","capacity_mw":1.8,"status_group":"Operating","energy_sources":"DFO","type":"Power plant","is_nuclear":false}},{"type":"Feature","geometry":{"type":"Point","coordinates":[-91.036,41.597]},"properties":{"key":"60876-ad8eda76","layer":"power","name":"Eastern Iowa Solar","state":"IA","detail_file":"data/details/power-plants-37.json","plant_id":"60876","capacity_mw":1.8,"status_group":"Operating","energy_sources":"SUN","type":"Power plant","is_nuclear":false}},{"type":"Feature","geometry":{"type":"Point","coordinates":[-91.371,42.584]},"properties":{"key":"57417-c8c78a70","layer":"power","name":"Elk Wind Farm","state":"IA","detail_file":"data/details/power-plants-01.json","plant_id":"57417","capacity_mw":40.8,"status_group":"Operating","energy_sources":"WND","type":"Power plant","is_nuclear":false}},{"type":"Feature","geometry":{"type":"Point","coordinates":[-91.737,41.567]},"properties":{"key":"62461-4cb57847","layer":"power","name":"Farmers Electric Cooperative - Kalona","state":"IA","detail_file":"data/details/power-plants-21.json","plant_id":"62461","capacity_mw":6.0,"status_group":"Operating","energy_sources":"DFO","type":"Power plant","is_nuclear":false}},{"type":"Feature","geometry":{"type":"Point","coordinates":[-90.7,41.835]},"properties":{"key":"70258-a986dbe5","layer":"power","name":"Hawkeye Solar II, LLC","state":"IA","detail_file":"data/details/power-plants-40.json","plant_id":"70258","capacity_mw":250.0,"status_group":"Under construction","energy_sources":"SUN","type":"Power plant","is_nuclear":false}},{"type":"Feature","geometry":{"type":"Point","coordinates":[-90.7,41.835]},"properties":{"key":"70257-52ede281","layer":"power","name":"Hawkeye Solar, LLC","state":"IA","detail_file":"data/details/power-plants-07.json","plant_id":"70257","capacity_mw":450.0,"status_group":"Under construction","energy_sources":"SUN","type":"Power plant","is_nuclear":false}},{"type":"Feature","geometry":{"type":"Point","coordinates":[-91.247,42.344]},"properties":{"key":"8108-aaa49053","layer":"power","name":"Hopkinton","state":"IA","detail_file":"data/details/power-plants-21.json","plant_id":"8108","capacity_mw":4.1,"status_group":"Operating","energy_sources":"DFO","type":"Power plant","is_nuclear":false}},{"type":"Feature","geometry":{"type":"Point","coordinates":[-91.569,42.432]},"properties":{"key":"64183-14999520","layer":"power","name":"Independence Wind Farm","state":"IA","detail_file":"data/details/power-plants-39.json","plant_id":"64183","capacity_mw":55.4,"status_group":"Operating","energy_sources":"WND","type":"Power plant","is_nuclear":false}},{"type":"Feature","geometry":{"type":"Point","coordinates":[-90.698,42.07]},"properties":{"key":"1067-d8b97dc1","layer":"power","name":"Iowa Hydro LLC","state":"IA","detail_file":"data/details/power-plants-39.json","plant_id":"1067","capacity_mw":1.2,"status_group":"Operating","energy_sources":"WAT","type":"Power plant","is_nuclear":false}},{"type":"Feature","geometry":{"type":"Point","coordinates":[-90.693,42.573]},"properties":{"key":"54414-d27ba028","layer":"power","name":"John Deere Dubuque Works","state":"IA","detail_file":"data/details/power-plants-21.json","plant_id":"54414","capacity_mw":9.0,"status_group":"Operating","energy_sources":"DFO","type":"Power plant","is_nuclear":false}},{"type":"Feature","geometry":{"type":"Point","coordinates":[-91.543,41.572]},"properties":{"key":"64985-91b7b63b","layer":"power","name":"Johnson County Hills Solar","state":"IA","detail_file":"data/details/power-plants-63.json","plant_id":"64985","capacity_mw":3.0,"status_group":"Operating","energy_sources":"SUN","type":"Power plant","is_nuclear":false}},{"type":"Feature","geometry":{"type":"Point","coordinates":[-91.372,40.397]},"properties":{"key":"1109-711ece5d","layer":"power","name":"Keokuk","state":"IA","detail_file":"data/details/power-plants-26.json","plant_id":"1109","capacity_mw":124.8,"status_group":"Operating","energy_sources":"WAT","type":"Power plant","is_nuclear":false}},{"type":"Feature","geometry":{"type":"Point","coordinates":[-91.093,41.318]},"properties":{"key":"6664-e5f26526","layer":"power","name":"Louisa","state":"IA","detail_file":"data/details/power-plants-48.json","plant_id":"6664","capacity_mw":811.9,"status_group":"Operating","energy_sources":"SUB","type":"Power plant","is_nuclear":false}},{"type":"Feature","geometry":{"type":"Point","coordinates":[-91.811,43.327]},"properties":{"key":"58407-d692f761","layer":"power","name":"Luther College Wind Project","state":"IA","detail_file":"data/details/power-plants-17.json","plant_id":"58407","capacity_mw":1.6,"status_group":"Operating","energy_sources":"WND","type":"Power plant","is_nuclear":false}},{"type":"Feature","geometry":{"type":"Point","coordinates":[-91.096,41.385]},"properties":{"key":"66978-498ef670","layer":"power","name":"MPW Solar 1","state":"IA","detail_file":"data/details/power-plants-03.json","plant_id":"66978","capacity_mw":24.0,"status_group":"Under construction","energy_sources":"SUN","type":"Power plant","is_nuclear":false}},{"type":"Feature","geometry":{"type":"Point","coordinates":[-90.665,42.036]},"properties":{"key":"1162-807f96b8","layer":"power","name":"Maquoketa 1","state":"IA","detail_file":"data/details/power-plants-23.json","plant_id":"1162","capacity_mw":24.4,"status_group":"Operating","energy_sources":"DFO; NG","type":"Power plant","is_nuclear":false}},{"type":"Feature","geometry":{"type":"Point","coordinates":[-90.66,42.07]},"properties":{"key":"7921-47f21923","layer":"power","name":"Maquoketa 2","state":"IA","detail_file":"data/details/power-plants-28.json","plant_id":"7921","capacity_mw":8.0,"status_group":"Operating","energy_sources":"DFO","type":"Power plant","is_nuclear":false}},{"type":"Feature","geometry":{"type":"Point","coordinates":[-91.175,43.024]},"properties":{"key":"1163-b99007af","layer":"power","name":"McGregor","state":"IA","detail_file":"data/details/power-plants-25.json","plant_id":"1163","capacity_mw":1.5,"status_group":"Operating","energy_sources":"DFO","type":"Power plant","is_nuclear":false}},{"type":"Feature","geometry":{"type":"Point","coordinates":[-91.551,40.972]},"properties":{"key":"1166-10974356","layer":"power","name":"Mt Pleasant","state":"IA","detail_file":"data/details/power-plants-13.json","plant_id":"1166","capacity_mw":24.0,"status_group":"Operating","energy_sources":"DFO","type":"Power plant","is_nuclear":false}},{"type":"Feature","geometry":{"type":"Point","coordinates":[-91.057,41.392]},"properties":{"key":"1167-154ea037","layer":"power","name":"Muscatine Plant #1","state":"IA","detail_file":"data/details/power-plants-30.json","plant_id":"1167","capacity_mw":275.5,"status_group":"Operating","energy_sources":"SUB","type":"Power plant","is_nuclear":false}},{"type":"Feature","geometry":{"type":"Point","coordinates":[-91.057,41.392]},"properties":{"key":"1167-e96d1b32","layer":"power","name":"Muscatine Plant #1","state":"IA","detail_file":"data/details/power-plants-26.json","plant_id":"1167","capacity_mw":35.0,"status_group":"Under construction","energy_sources":"NG","type":"Power plant","is_nuclear":false}},{"type":"Feature","geometry":{"type":"Point","coordinates":[-91.39,40.929]},"properties":{"key":"67856-56fee6ce","layer":"power","name":"NLMU Diesel","state":"IA","detail_file":"data/details/power-plants-56.json","plant_id":"67856","capacity_mw":8.0,"status_group":"Operating","energy_sources":"DFO","type":"Power plant","is_nuclear":false}},{"type":"Feature","geometry":{"type":"Point","coordinates":[-91.394,40.955]},"properties":{"key":"58414-afb9d4e5","layer":"power","name":"NLMU Wind","state":"IA","detail_file":"data/details/power-plants-19.json","plant_id":"58414","capacity_mw":1.5,"status_group":"Operating","energy_sources":"WND","type":"Power plant","is_nuclear":false}},{"type":"Feature","geometry":{"type":"Point","coordinates":[-91.603,41.705]},"properties":{"key":"57672-2bcf3a9d","layer":"power","name":"Oakdale Renewable Energy Plant","state":"IA","detail_file":"data/details/power-plants-37.json","plant_id":"57672","capacity_mw":2.8,"status_group":"Operating","energy_sources":"NG","type":"Power plant","is_nuclear":false}},{"type":"Feature","geometry":{"type":"Point","coordinates":[-91.783,42.104]},"properties":{"key":"67140-198fa2e0","layer":"power","name":"Pleasant Creek Unit 1","state":"IA","detail_file":"data/details/power-plants-16.json","plant_id":"67140","capacity_mw":50.0,"status_group":"Operating","energy_sources":"SUN","type":"Power plant","is_nuclear":false}},{"type":"Feature","geometry":{"type":"Point","coordinates":[-91.783,42.104]},"properties":{"key":"67537-7ffd5df6","layer":"power","name":"Pleasant Creek Unit 2","state":"IA","detail_file":"data/details/power-plants-40.json","plant_id":"67537","capacity_mw":150.0,"status_group":"Operating","energy_sources":"SUN","type":"Power plant","is_nuclear":false}},{"type":"Feature","geometry":{"type":"Point","coordinates":[-91.639,41.944]},"properties":{"key":"1073-4720f4fd","layer":"power","name":"Prairie Creek","state":"IA","detail_file":"data/details/power-plants-40.json","plant_id":"1073","capacity_mw":198.8,"status_group":"Operating","energy_sources":"NG; SUB","type":"Power plant","is_nuclear":false}},{"type":"Feature","geometry":{"type":"Point","coordinates":[-90.394,42.051]},"properties":{"key":"1176-74daa03c","layer":"power","name":"Preston (IA)","state":"IA","detail_file":"data/details/power-plants-61.json","plant_id":"1176","capacity_mw":3.6,"status_group":"Operating","energy_sources":"DFO; NG","type":"Power plant","is_nuclear":false}},{"type":"Feature","geometry":{"type":"Point","coordinates":[-90.358,41.772]},"properties":{"key":"69540-e0005eef","layer":"power","name":"Rock Creek Solar","state":"IA","detail_file":"data/details/power-plants-22.json","plant_id":"69540","capacity_mw":150.0,"status_group":"Under construction","energy_sources":"SUN","type":"Power plant","is_nuclear":false}},{"type":"Feature","geometry":{"type":"Point","coordinates":[-91.394,40.389]},"properties":{"key":"57953-ad319294","layer":"power","name":"Roquette America","state":"IA","detail_file":"data/details/power-plants-40.json","plant_id":"57953","capacity_mw":84.4,"status_group":"Operating","energy_sources":"NG; PC","type":"Power plant","is_nuclear":false}},{"type":"Feature","geometry":{"type":"Point","coordinates":[-91.547,42.711]},"properties":{"key":"7926-70746e7f","layer":"power","name":"South Strawberry","state":"IA","detail_file":"data/details/power-plants-36.json","plant_id":"7926","capacity_mw":3.6,"status_group":"Operating","energy_sources":"DFO","type":"Power plant","is_nuclear":false}},{"type":"Feature","geometry":{"type":"Point","coordinates":[-91.545,42.679]},"properties":{"key":"60955-d37059c2","layer":"power","name":"Strawberry Point DPC Solar","state":"IA","detail_file":"data/details/power-plants-39.json","plant_id":"60955","capacity_mw":1.3,"status_group":"Operating","energy_sources":"SUN","type":"Power plant","is_nuclear":false}},{"type":"Feature","geometry":{"type":"Point","coordinates":[-91.505,43.235]},"properties":{"key":"69940-6e9c1d43","layer":"power","name":"Teeple Creek","state":"IA","detail_file":"data/details/power-plants-39.json","plant_id":"69940","capacity_mw":2.5,"status_group":"Under construction","energy_sources":"SUN","type":"Power plant","is_nuclear":false}},{"type":"Feature","geometry":{"type":"Point","coordinates":[-91.132,41.772]},"properties":{"key":"8106-4a69e969","layer":"power","name":"Tipton","state":"IA","detail_file":"data/details/power-plants-22.json","plant_id":"8106","capacity_mw":9.3,"status_group":"Operating","energy_sources":"DFO","type":"Power plant","is_nuclear":false}},{"type":"Feature","geometry":{"type":"Point","coordinates":[-91.54,41.657]},"properties":{"key":"54775-d2f2116e","layer":"power","name":"University of Iowa Main Power Plant","state":"IA","detail_file":"data/details/power-plants-63.json","plant_id":"54775","capacity_mw":40.5,"status_group":"Operating","energy_sources":"DFO; NG","type":"Power plant","is_nuclear":false}},{"type":"Feature","geometry":{"type":"Point","coordinates":[-91.177,41.154]},"properties":{"key":"63378-3e530757","layer":"power","name":"Wapello Solar LLC","state":"IA","detail_file":"data/details/power-plants-21.json","plant_id":"63378","capacity_mw":100.0,"status_group":"Operating","energy_sources":"SUN","type":"Power plant","is_nuclear":false}},{"type":"Feature","geometry":{"type":"Point","coordinates":[-91.891,42.478]},"properties":{"key":"59379-f5304869","layer":"power","name":"Wapsie Valley Creamery Back Up Generator","state":"IA","detail_file":"data/details/power-plants-50.json","plant_id":"59379","capacity_mw":1.8,"status_group":"Operating","energy_sources":"DFO","type":"Power plant","is_nuclear":false}},{"type":"Feature","geometry":{"type":"Point","coordinates":[-90.792,42.492]},"properties":{"key":"60951-14d7cc98","layer":"power","name":"West Dubuque Solar","state":"IA","detail_file":"data/details/power-plants-57.json","plant_id":"60951","capacity_mw":3.8,"status_group":"Operating","energy_sources":"SUN","type":"Power plant","is_nuclear":false}},{"type":"Feature","geometry":{"type":"Point","coordinates":[-91.264,41.569]},"properties":{"key":"1200-ec9bd85d","layer":"power","name":"West Liberty","state":"IA","detail_file":"data/details/power-plants-58.json","plant_id":"1200","capacity_mw":14.0,"status_group":"Operating","energy_sources":"DFO","type":"Power plant","is_nuclear":false}},{"type":"Feature","geometry":{"type":"Point","coordinates":[-91.277,40.735]},"properties":{"key":"67538-6694fa5f","layer":"power","name":"Wever Solar (150MW)","state":"IA","detail_file":"data/details/power-plants-48.json","plant_id":"67538","capacity_mw":249.0,"status_group":"Operating","energy_sources":"MWH; SUN","type":"Power plant","is_nuclear":false}},{"type":"Feature","geometry":{"type":"Point","coordinates":[-91.019,41.588]},"properties":{"key":"1202-bdbb44e5","layer":"power","name":"Wilton","state":"IA","detail_file":"data/details/power-plants-05.json","plant_id":"1202","capacity_mw":9.2,"status_group":"Operating","energy_sources":"DFO","type":"Power plant","is_nuclear":false}},{"type":"Feature","geometry":{"type":"Point","coordinates":[-89.633,42.34]},"properties":{"key":"64058-89a1e34b","layer":"power","name":"2662 Freeport Solar 1 CSG","state":"IL","detail_file":"data/details/power-plants-10.json","plant_id":"64058","capacity_mw":2.0,"status_group":"Operating","energy_sources":"SUN","type":"Power plant","is_nuclear":false}},{"type":"Feature","geometry":{"type":"Point","coordinates":[-88.6,42.466]},"properties":{"key":"67622-b85a0f23","layer":"power","name":"9521 US 14 SOLAR 1, LLC","state":"IL","detail_file":"data/details/power-plants-34.json","plant_id":"67622","capacity_mw":2.0,"status_group":"Operating","energy_sources":"SUN","type":"Power plant","is_nuclear":false}},{"type":"Feature","geometry":{"type":"Point","coordinates":[-88.06,41.604]},"properties":{"key":"70227-ffa02b25","layer":"power","name":"AC IL - Lockport East","state":"IL","detail_file":"data/details/power-plants-25.json","plant_id":"70227","capacity_mw":3.1,"status_group":"Under construction","energy_sources":"SUN","type":"Power plant","is_nuclear":false}},{"type":"Feature","geometry":{"type":"Point","coordinates":[-88.062,41.594]},"properties":{"key":"70228-e5671588","layer":"power","name":"AC IL - Lockport West","state":"IL","detail_file":"data/details/power-plants-25.json","plant_id":"70228","capacity_mw":3.4,"status_group":"Under construction","energy_sources":"SUN","type":"Power plant","is_nuclear":false}},{"type":"Feature","geometry":{"type":"Point","coordinates":[-89.083,42.336]},"properties":{"key":"67719-0bfe0280","layer":"power","name":"AES Bend Solar I, LLC CSG","state":"IL","detail_file":"data/details/power-plants-32.json","plant_id":"67719","capacity_mw":2.0,"status_group":"Operating","energy_sources":"SUN","type":"Power plant","is_nuclear":false}},{"type":"Feature","geometry":{"type":"Point","coordinates":[-89.083,42.338]},"properties":{"key":"67718-8e759458","layer":"power","name":"AES Bend Solar II, LLC CSG","state":"IL","detail_file":"data/details/power-plants-39.json","plant_id":"67718","capacity_mw":1.9,"status_group":"Operating","energy_sources":"SUN","type":"Power plant","is_nuclear":false}},{"type":"Feature","geometry":{"type":"Point","coordinates":[-90.032,41.793]},"properties":{"key":"67790-8322bfd9","layer":"power","name":"Abel Solar","state":"IL","detail_file":"data/details/power-plants-20.json","plant_id":"67790","capacity_mw":2.0,"status_group":"Operating","energy_sources":"SUN","type":"Power plant","is_nuclear":false}},{"type":"Feature","geometry":{"type":"Point","coordinates":[-88.048,41.93]},"properties":{"key":"68118-74d82675","layer":"power","name":"Addison 11-SLCHI404","state":"IL","detail_file":"data/details/power-plants-04.json","plant_id":"68118","capacity_mw":1.6,"status_group":"Under construction","energy_sources":"SUN","type":"Power plant","is_nuclear":false}},{"type":"Feature","geometry":{"type":"Point","coordinates":[-89.804,42.362]},"properties":{"key":"58136-d332eeaf","layer":"power","name":"Adkins Energy LLC","state":"IL","detail_file":"data/details/power-plants-47.json","plant_id":"58136","capacity_mw":6.8,"status_group":"Operating","energy_sources":"NG","type":"Power plant","is_nuclear":false}},{"type":"Feature","geometry":{"type":"Point","coordinates":[-89.99,42.482]},"properties":{"key":"68531-7878dbb2","layer":"power","name":"Agrimony 1","state":"IL","detail_file":"data/details/power-plants-53.json","plant_id":"68531","capacity_mw":2.0,"status_group":"Operating","energy_sources":"SUN","type":"Power plant","is_nuclear":false}},{"type":"Feature","geometry":{"type":"Point","coordinates":[-89.991,42.482]},"properties":{"key":"68530-edf6fea5","layer":"power","name":"Agrimony 2","state":"IL","detail_file":"data/details/power-plants-06.json","plant_id":"68530","capacity_mw":2.0,"status_group":"Operating","energy_sources":"SUN","type":"Power plant","is_nuclear":false}},{"type":"Feature","geometry":{"type":"Point","coordinates":[-89.624,41.302]},"properties":{"key":"56408-e9279887","layer":"power","name":"Agriwind","state":"IL","detail_file":"data/details/power-plants-31.json","plant_id":"56408","capacity_mw":8.4,"status_group":"Operating","energy_sources":"WND","type":"Power plant","is_nuclear":false}},{"type":"Feature","geometry":{"type":"Point","coordinates":[-88.231,41.185]},"properties":{"key":"65758-a8b87926","layer":"power","name":"Ahern Community Solar I, LLC","state":"IL","detail_file":"data/details/power-plants-44.json","plant_id":"65758","capacity_mw":2.0,"status_group":"Operating","energy_sources":"SUN","type":"Power plant","is_nuclear":false}},{"type":"Feature","geometry":{"type":"Point","coordinates":[-88.499,42.4]},"properties":{"key":"65774-9538820a","layer":"power","name":"Alden Road Harvard Solar 1","state":"IL","detail_file":"data/details/power-plants-20.json","plant_id":"65774","capacity_mw":2.0,"status_group":"Operating","energy_sources":"SUN","type":"Power plant","is_nuclear":false}},{"type":"Feature","geometry":{"type":"Point","coordinates":[-88.999,42.462]},"properties":{"key":"67760-50709620","layer":"power","name":"All World Solar Facility","state":"IL","detail_file":"data/details/power-plants-44.json","plant_id":"67760","capacity_mw":1.5,"status_group":"Operating","energy_sources":"SUN","type":"Power plant","is_nuclear":false}},{"type":"Feature","geometry":{"type":"Point","coordinates":[-88.64,41.118]},"properties":{"key":"70055-a39e0c6b","layer":"power","name":"Allen Acres Solar","state":"IL","detail_file":"data/details/power-plants-31.json","plant_id":"70055","capacity_mw":150.0,"status_group":"Planned","energy_sources":"SUN","type":"Power plant","is_nuclear":false}},{"type":"Feature","geometry":{"type":"Point","coordinates":[-89.527,40.917]},"properties":{"key":"70177-6c8aa28f","layer":"power","name":"Allen CSG","state":"IL","detail_file":"data/details/power-plants-26.json","plant_id":"70177","capacity_mw":5.0,"status_group":"Under construction","energy_sources":"SUN","type":"Power plant","is_nuclear":false}},{"type":"Feature","geometry":{"type":"Point","coordinates":[-88.63,40.82]},"properties":{"key":"69950-fa960b5f","layer":"power","name":"Allium","state":"IL","detail_file":"data/details/power-plants-35.json","plant_id":"69950","capacity_mw":5.0,"status_group":"Under construction","energy_sources":"SUN","type":"Power plant","is_nuclear":false}},{"type":"Feature","geometry":{"type":"Point","coordinates":[-89.068,40.197]},"properties":{"key":"64088-c641bdfd","layer":"power","name":"Alta Farms II Wind Project, LLC","state":"IL","detail_file":"data/details/power-plants-00.json","plant_id":"64088","capacity_mw":200.5,"status_group":"Operating","energy_sources":"WND","type":"Power plant","is_nuclear":false}},{"type":"Feature","geometry":{"type":"Point","coordinates":[-88.115,41.672]},"properties":{"key":"64610-4d8cbe3c","layer":"power","name":"Amazon MDW6 Solar Project","state":"IL","detail_file":"data/details/power-plants-62.json","plant_id":"64610","capacity_mw":1.9,"status_group":"Operating","energy_sources":"SUN","type":"Power plant","is_nuclear":false}},{"type":"Feature","geometry":{"type":"Point","coordinates":[-90.18,42.437]},"properties":{"key":"64040-8c61bfb9","layer":"power","name":"Apple Canyon Lake Solar","state":"IL","detail_file":"data/details/power-plants-46.json","plant_id":"64040","capacity_mw":1.2,"status_group":"Operating","energy_sources":"SUN","type":"Power plant","is_nuclear":false}},{"type":"Feature","geometry":{"type":"Point","coordinates":[-89.605,40.677]},"properties":{"key":"10866-52e60af4","layer":"power","name":"Archer Daniels Midland Peoria","state":"IL","detail_file":"data/details/power-plants-59.json","plant_id":"10866","capacity_mw":18.0,"status_group":"Operating","energy_sources":"NG","type":"Power plant","is_nuclear":false}},{"type":"Feature","geometry":{"type":"Point","coordinates":[-88.403,40.469]},"properties":{"key":"69521-9fe7efff","layer":"power","name":"Archtop Solar","state":"IL","detail_file":"data/details/power-plants-06.json","plant_id":"69521","capacity_mw":286.8,"status_group":"Operating","energy_sources":"SUN","type":"Power plant","is_nuclear":false}},{"type":"Feature","geometry":{"type":"Point","coordinates":[-89.295,41.454]},"properties":{"key":"69174-7aa7c55f","layer":"power","name":"Arlington 1","state":"IL","detail_file":"data/details/power-plants-37.json","plant_id":"69174","capacity_mw":4.5,"status_group":"Under construction","energy_sources":"SUN","type":"Power plant","is_nuclear":false}},{"type":"Feature","geometry":{"type":"Point","coordinates":[-89.295,41.455]},"properties":{"key":"69175-8b0acbda","layer":"power","name":"Arlington 2","state":"IL","detail_file":"data/details/power-plants-07.json","plant_id":"69175","capacity_mw":4.5,"status_group":"Under construction","energy_sources":"SUN","type":"Power plant","is_nuclear":false}},{"type":"Feature","geometry":{"type":"Point","coordinates":[-88.424,42.365]},"properties":{"key":"68415-f899f9ea","layer":"power","name":"Armstrong 1","state":"IL","detail_file":"data/details/power-plants-33.json","plant_id":"68415","capacity_mw":2.0,"status_group":"Operating","energy_sources":"SUN","type":"Power plant","is_nuclear":false}},{"type":"Feature","geometry":{"type":"Point","coordinates":[-88.227,41.815]},"properties":{"key":"55279-c9e29e24","layer":"power","name":"Aurora","state":"IL","detail_file":"data/details/power-plants-28.json","plant_id":"55279","capacity_mw":1086.2,"status_group":"Operating","energy_sources":"NG","type":"Power plant","is_nuclear":false}},{"type":"Feature","geometry":{"type":"Point","coordinates":[-88.268,41.797]},"properties":{"key":"68119-892c9a34","layer":"power","name":"Aurora 7-SLCHI307","state":"IL","detail_file":"data/details/power-plants-51.json","plant_id":"68119","capacity_mw":1.9,"status_group":"Under construction","energy_sources":"SUN","type":"Power plant","is_nuclear":false}},{"type":"Feature","geometry":{"type":"Point","coordinates":[-89.689,41.781]},"properties":{"key":"7854-0c98e274","layer":"power","name":"Avenue A Generator Sets","state":"IL","detail_file":"data/details/power-plants-16.json","plant_id":"7854","capacity_mw":3.6,"status_group":"Operating","energy_sources":"DFO","type":"Power plant","is_nuclear":false}},{"type":"Feature","geometry":{"type":"Point","coordinates":[-88.497,41.029]},"properties":{"key":"69442-4eb043c3","layer":"power","name":"Beckham Solar LLC","state":"IL","detail_file":"data/details/power-plants-16.json","plant_id":"69442","capacity_mw":5.0,"status_group":"Operating","energy_sources":"SUN","type":"Power plant","is_nuclear":false}},{"type":"Feature","geometry":{"type":"Point","coordinates":[-88.641,41.033]},"properties":{"key":"69572-f92a5a33","layer":"power","name":"Beebalm Solar","state":"IL","detail_file":"data/details/power-plants-21.json","plant_id":"69572","capacity_mw":5.0,"status_group":"Operating","energy_sources":"SUN","type":"Power plant","is_nuclear":false}},{"type":"Feature","geometry":{"type":"Point","coordinates":[-89.085,40.96]},"properties":{"key":"63384-cc7d4dd5","layer":"power","name":"Bennington Wind","state":"IL","detail_file":"data/details/power-plants-18.json","plant_id":"63384","capacity_mw":93.0,"status_group":"Operating","energy_sources":"WND","type":"Power plant","is_nuclear":false}},{"type":"Feature","geometry":{"type":"Point","coordinates":[-89.456,41.599]},"properties":{"key":"57135-fcc5059c","layer":"power","name":"Big Sky Wind LLC","state":"IL","detail_file":"data/details/power-plants-12.json","plant_id":"57135","capacity_mw":239.4,"status_group":"Operating","energy_sources":"WND","type":"Power plant","is_nuclear":false}},{"type":"Feature","geometry":{"type":"Point","coordinates":[-90.121,41.215]},"properties":{"key":"57463-e2156b79","layer":"power","name":"Bishop Hill Energy LLC","state":"IL","detail_file":"data/details/power-plants-06.json","plant_id":"57463","capacity_mw":200.0,"status_group":"Operating","energy_sources":"WND","type":"Power plant","is_nuclear":false}},{"type":"Feature","geometry":{"type":"Point","coordinates":[-90.174,41.233]},"properties":{"key":"58111-42e68f21","layer":"power","name":"Bishop Hill II Wind Farm","state":"IL","detail_file":"data/details/power-plants-41.json","plant_id":"58111","capacity_mw":81.0,"status_group":"Operating","energy_sources":"WND","type":"Power plant","is_nuclear":false}},{"type":"Feature","geometry":{"type":"Point","coordinates":[-90.276,41.211]},"properties":{"key":"61787-17b7498c","layer":"power","name":"Bishop Hill III","state":"IL","detail_file":"data/details/power-plants-22.json","plant_id":"61787","capacity_mw":119.0,"status_group":"Operating","energy_sources":"WND","type":"Power plant","is_nuclear":false}},{"type":"Feature","geometry":{"type":"Point","coordinates":[-88.53,41.141]},"properties":{"key":"57113-99e3d87c","layer":"power","name":"Blackstone Wind Farm II LLC","state":"IL","detail_file":"data/details/power-plants-47.json","plant_id":"57113","capacity_mw":200.0,"status_group":"Operating","energy_sources":"WND","type":"Power plant","is_nuclear":false}},{"type":"Feature","geometry":{"type":"Point","coordinates":[-88.623,41.151]},"properties":{"key":"57110-01fecdb8","layer":"power","name":"Blackstone Wind Farm LLC","state":"IL","detail_file":"data/details/power-plants-42.json","plant_id":"57110","capacity_mw":106.0,"status_group":"Operating","energy_sources":"WND","type":"Power plant","is_nuclear":false}},{"type":"Feature","geometry":{"type":"Point","coordinates":[-88.395,40.661]},"properties":{"key":"63988-70e6c2ab","layer":"power","name":"Blooming Grove Wind Energy Center","state":"IL","detail_file":"data/details/power-plants-55.json","plant_id":"63988","capacity_mw":250.0,"status_group":"Operating","energy_sources":"WND","type":"Power plant","is_nuclear":false}},{"type":"Feature","geometry":{"type":"Point","coordinates":[-89.843,41.769]},"properties":{"key":"64228-b626f828","layer":"power","name":"Blue Goose Solar CSG","state":"IL","detail_file":"data/details/power-plants-54.json","plant_id":"64228","capacity_mw":2.0,"status_group":"Operating","energy_sources":"SUN","type":"Power plant","is_nuclear":false}},{"type":"Feature","geometry":{"type":"Point","coordinates":[-88.616,40.278]},"properties":{"key":"69850-24f80df2","layer":"power","name":"Blue Iris Solar, LLC CSG","state":"IL","detail_file":"data/details/power-plants-21.json","plant_id":"69850","capacity_mw":5.0,"status_group":"Operating","energy_sources":"SUN","type":"Power plant","is_nuclear":false}},{"type":"Feature","geometry":{"type":"Point","coordinates":[-88.925,41.789]},"properties":{"key":"70245-95284f09","layer":"power","name":"Boigenzahn Solar 1A, LLC","state":"IL","detail_file":"data/details/power-plants-44.json","plant_id":"70245","capacity_mw":2.0,"status_group":"Operating","energy_sources":"SUN","type":"Power plant","is_nuclear":false}},{"type":"Feature","geometry":{"type":"Point","coordinates":[-88.162,40.084]},"properties":{"key":"69176-71804ab7","layer":"power","name":"Bonacci 1","state":"IL","detail_file":"data/details/power-plants-14.json","plant_id":"69176","capacity_mw":2.5,"status_group":"Under construction","energy_sources":"SUN","type":"Power plant","is_nuclear":false}},{"type":"Feature","geometry":{"type":"Point","coordinates":[-88.162,40.084]},"properties":{"key":"69177-cc3967d6","layer":"power","name":"Bonacci 2","state":"IL","detail_file":"data/details/power-plants-60.json","plant_id":"69177","capacity_mw":2.5,"status_group":"Under construction","energy_sources":"SUN","type":"Power plant","is_nuclear":false}},{"type":"Feature","geometry":{"type":"Point","coordinates":[-88.229,41.243]},"properties":{"key":"6022-ebfe4beb","layer":"power","name":"Braidwood Generation Station","state":"IL","detail_file":"data/details/power-plants-00.json","plant_id":"6022","capacity_mw":2449.8,"status_group":"Operating","energy_sources":"NUC","type":"Nuclear power plant","is_nuclear":true}},{"type":"Feature","geometry":{"type":"Point","coordinates":[-88.991,40.439]},"properties":{"key":"67633-f2114641","layer":"power","name":"Breezewood","state":"IL","detail_file":"data/details/power-plants-59.json","plant_id":"67633","capacity_mw":2.0,"status_group":"Operating","energy_sources":"SUN","type":"Power plant","is_nuclear":false}},{"type":"Feature","geometry":{"type":"Point","coordinates":[-88.701,40.701]},"properties":{"key":"57623-5194ce4d","layer":"power","name":"Bright Stalk Wind Farm I","state":"IL","detail_file":"data/details/power-plants-48.json","plant_id":"57623","capacity_mw":205.2,"status_group":"Operating","energy_sources":"WND","type":"Power plant","is_nuclear":false}},{"type":"Feature","geometry":{"type":"Point","coordinates":[-89.891,40.831]},"properties":{"key":"69916-067e9e06","layer":"power","name":"Brimfield Solar","state":"IL","detail_file":"data/details/power-plants-41.json","plant_id":"69916","capacity_mw":2.0,"status_group":"Operating","energy_sources":"SUN","type":"Power plant","is_nuclear":false}},{"type":"Feature","geometry":{"type":"Point","coordinates":[-89.032,41.207]},"properties":{"key":"66507-521ba180","layer":"power","name":"Briscoe 1A","state":"IL","detail_file":"data/details/power-plants-35.json","plant_id":"66507","capacity_mw":2.0,"status_group":"Operating","energy_sources":"SUN","type":"Power plant","is_nuclear":false}},{"type":"Feature","geometry":{"type":"Point","coordinates":[-89.029,41.173]},"properties":{"key":"66508-85791f0d","layer":"power","name":"Briscoe 2A","state":"IL","detail_file":"data/details/power-plants-00.json","plant_id":"66508","capacity_mw":2.0,"status_group":"Operating","energy_sources":"SUN","type":"Power plant","is_nuclear":false}},{"type":"Feature","geometry":{"type":"Point","coordinates":[-89.032,41.205]},"properties":{"key":"69905-ee1d35c7","layer":"power","name":"Briscoe Solar 1","state":"IL","detail_file":"data/details/power-plants-45.json","plant_id":"69905","capacity_mw":2.0,"status_group":"Operating","energy_sources":"SUN","type":"Power plant","is_nuclear":false}},{"type":"Feature","geometry":{"type":"Point","coordinates":[-89.026,41.173]},"properties":{"key":"69906-602fd8e4","layer":"power","name":"Briscoe Solar 2","state":"IL","detail_file":"data/details/power-plants-39.json","plant_id":"69906","capacity_mw":2.0,"status_group":"Operating","energy_sources":"SUN","type":"Power plant","is_nuclear":false}},{"type":"Feature","geometry":{"type":"Point","coordinates":[-90.027,40.54]},"properties":{"key":"69241-06958c08","layer":"power","name":"Buckheart Creek Solar I Community Solar","state":"IL","detail_file":"data/details/power-plants-36.json","plant_id":"69241","capacity_mw":4.5,"status_group":"Operating","energy_sources":"SUN","type":"Power plant","is_nuclear":false}},{"type":"Feature","geometry":{"type":"Point","coordinates":[-89.864,41.773]},"properties":{"key":"67792-056ded96","layer":"power","name":"Bunker Hill Solar","state":"IL","detail_file":"data/details/power-plants-27.json","plant_id":"67792","capacity_mw":2.0,"status_group":"Operating","energy_sources":"SUN","type":"Power plant","is_nuclear":false}},{"type":"Feature","geometry":{"type":"Point","coordinates":[-89.486,41.442]},"properties":{"key":"69015-aa1d0fb9","layer":"power","name":"Bureau Solar 1","state":"IL","detail_file":"data/details/power-plants-11.json","plant_id":"69015","capacity_mw":5.0,"status_group":"Operating","energy_sources":"SUN","type":"Power plant","is_nuclear":false}},{"type":"Feature","geometry":{"type":"Point","coordinates":[-89.468,41.464]},"properties":{"key":"70205-e02721bd","layer":"power","name":"Bureau Solar 2 LLC","state":"IL","detail_file":"data/details/power-plants-54.json","plant_id":"70205","capacity_mw":2.5,"status_group":"Under construction","energy_sources":"SUN","type":"Power plant","is_nuclear":false}},{"type":"Feature","geometry":{"type":"Point","coordinates":[-90.514,40.549]},"properties":{"key":"935-11e542cf","layer":"power","name":"Bushnell","state":"IL","detail_file":"data/details/power-plants-13.json","plant_id":"935","capacity_mw":10.8,"status_group":"Operating","energy_sources":"DFO","type":"Power plant","is_nuclear":false}},{"type":"Feature","geometry":{"type":"Point","coordinates":[-90.514,40.549]},"properties":{"key":"935-23760949","layer":"power","name":"Bushnell","state":"IL","detail_file":"data/details/power-plants-12.json","plant_id":"935","capacity_mw":2.5,"status_group":"Under construction","energy_sources":"DFO","type":"Power plant","is_nuclear":false}},{"type":"Feature","geometry":{"type":"Point","coordinates":[-89.282,42.074]},"properties":{"key":"6023-64008849","layer":"power","name":"Byron Generating Station","state":"IL","detail_file":"data/details/power-plants-51.json","plant_id":"6023","capacity_mw":2449.8,"status_group":"Operating","energy_sources":"NUC","type":"Nuclear power plant","is_nuclear":true}},{"type":"Feature","geometry":{"type":"Point","coordinates":[-88.135,42.068]},"properties":{"key":"69731-da6a1736","layer":"power","name":"Bystronic Manufacturing","state":"IL","detail_file":"data/details/power-plants-32.json","plant_id":"69731","capacity_mw":1.3,"status_group":"Operating","energy_sources":"SUN","type":"Power plant","is_nuclear":false}},{"type":"Feature","geometry":{"type":"Point","coordinates":[-88.291,40.138]},"properties":{"key":"62681-eec2a32c","layer":"power","name":"CED Champaign Solar LLC","state":"IL","detail_file":"data/details/power-plants-55.json","plant_id":"62681","capacity_mw":1.6,"status_group":"Operating","energy_sources":"SUN","type":"Power plant","is_nuclear":false}},{"type":"Feature","geometry":{"type":"Point","coordinates":[-89.198,42.339]},"properties":{"key":"63824-660bdf17","layer":"power","name":"CED Hilltop Solar","state":"IL","detail_file":"data/details/power-plants-25.json","plant_id":"63824","capacity_mw":2.0,"status_group":"Operating","energy_sources":"SUN","type":"Power plant","is_nuclear":false}},{"type":"Feature","geometry":{"type":"Point","coordinates":[-89.704,40.576]},"properties":{"key":"63656-4b2f8a82","layer":"power","name":"CED Peoria Solar","state":"IL","detail_file":"data/details/power-plants-03.json","plant_id":"63656","capacity_mw":2.0,"status_group":"Operating","energy_sources":"SUN","type":"Power plant","is_nuclear":false}},{"type":"Feature","geometry":{"type":"Point","coordinates":[-88.284,41.372]},"properties":{"key":"63931-509db428","layer":"power","name":"CPV Three Rivers Energy Center","state":"IL","detail_file":"data/details/power-plants-37.json","plant_id":"63931","capacity_mw":1300.0,"status_group":"Operating","energy_sources":"NG","type":"Power plant","is_nuclear":false}},{"type":"Feature","geometry":{"type":"Point","coordinates":[-89.433,42.066]},"properties":{"key":"64467-6c2d75c8","layer":"power","name":"CSG Mt. Morris 2, LLC","state":"IL","detail_file":"data/details/power-plants-18.json","plant_id":"64467","capacity_mw":2.0,"status_group":"Operating","energy_sources":"SUN","type":"Power plant","is_nuclear":false}},{"type":"Feature","geometry":{"type":"Point","coordinates":[-89.726,40.687]},"properties":{"key":"70072-01f2f1c6","layer":"power","name":"Cameron Solar, LLC - (IL)","state":"IL","detail_file":"data/details/power-plants-38.json","plant_id":"70072","capacity_mw":2.0,"status_group":"Operating","energy_sources":"SUN","type":"Power plant","is_nuclear":false}},{"type":"Feature","geometry":{"type":"Point","coordinates":[-89.64,41.091]},"properties":{"key":"56640-d0a25e61","layer":"power","name":"Camp Grove Wind Farm","state":"IL","detail_file":"data/details/power-plants-60.json","plant_id":"56640","capacity_mw":150.0,"status_group":"Operating","energy_sources":"WND","type":"Power plant","is_nuclear":false}},{"type":"Feature","geometry":{"type":"Point","coordinates":[-90.752,40.589]},"properties":{"key":"59902-582ffad0","layer":"power","name":"Cardinal Point Wind","state":"IL","detail_file":"data/details/power-plants-51.json","plant_id":"59902","capacity_mw":150.0,"status_group":"Operating","energy_sources":"WND","type":"Power plant","is_nuclear":false}},{"type":"Feature","geometry":{"type":"Point","coordinates":[-90.131,41.823]},"properties":{"key":"65671-a6a3cb79","layer":"power","name":"Cattail (CSG)","state":"IL","detail_file":"data/details/power-plants-09.json","plant_id":"65671","capacity_mw":2.0,"status_group":"Operating","energy_sources":"SUN","type":"Power plant","is_nuclear":false}},{"type":"Feature","geometry":{"type":"Point","coordinates":[-89.633,42.368]},"properties":{"key":"67554-eadb45a6","layer":"power","name":"Cedarville (IL)","state":"IL","detail_file":"data/details/power-plants-27.json","plant_id":"67554","capacity_mw":2.0,"status_group":"Operating","energy_sources":"SUN","type":"Power plant","is_nuclear":false}},{"type":"Feature","geometry":{"type":"Point","coordinates":[-89.808,42.372]},"properties":{"key":"64331-5f681b90","layer":"power","name":"Cedarville Road","state":"IL","detail_file":"data/details/power-plants-12.json","plant_id":"64331","capacity_mw":2.0,"status_group":"Operating","energy_sources":"SUN","type":"Power plant","is_nuclear":false}},{"type":"Feature","geometry":{"type":"Point","coordinates":[-88.413,42.289]},"properties":{"key":"54540-b3ea3dcb","layer":"power","name":"Charter Dura-Bar","state":"IL","detail_file":"data/details/power-plants-28.json","plant_id":"54540","capacity_mw":6.0,"status_group":"Operating","energy_sources":"NG","type":"Power plant","is_nuclear":false}},{"type":"Feature","geometry":{"type":"Point","coordinates":[-88.407,42.29]},"properties":{"key":"63967-f4d16316","layer":"power","name":"Charter Durabar at Woodstock","state":"IL","detail_file":"data/details/power-plants-37.json","plant_id":"63967","capacity_mw":2.0,"status_group":"Operating","energy_sources":"SUN","type":"Power plant","is_nuclear":false}},{"type":"Feature","geometry":{"type":"Point","coordinates":[-89.225,41.45]},"properties":{"key":"69178-e570ffa7","layer":"power","name":"Cherry Solar 1","state":"IL","detail_file":"data/details/power-plants-24.json","plant_id":"69178","capacity_mw":5.0,"status_group":"Under construction","energy_sources":"SUN","type":"Power plant","is_nuclear":false}},{"type":"Feature","geometry":{"type":"Point","coordinates":[-88.931,42.24]},"properties":{"key":"67253-eceeeb73","layer":"power","name":"Cherry Valley","state":"IL","detail_file":"data/details/power-plants-37.json","plant_id":"67253","capacity_mw":12.5,"status_group":"Under construction","energy_sources":"SUN","type":"Power plant","is_nuclear":false}},{"type":"Feature","geometry":{"type":"Point","coordinates":[-89.639,40.526]},"properties":{"key":"70025-b973bd3c","layer":"power","name":"Cincinnati CSG 1 LLC","state":"IL","detail_file":"data/details/power-plants-19.json","plant_id":"70025","capacity_mw":5.0,"status_group":"Under construction","energy_sources":"SUN","type":"Power plant","is_nuclear":false}},{"type":"Feature","geometry":{"type":"Point","coordinates":[-89.639,40.526]},"properties":{"key":"70026-ff16e4ad","layer":"power","name":"Cincinnati CSG 2 LLC","state":"IL","detail_file":"data/details/power-plants-16.json","plant_id":"70026","capacity_mw":5.0,"status_group":"Under construction","energy_sources":"SUN","type":"Power plant","is_nuclear":false}},{"type":"Feature","geometry":{"type":"Point","coordinates":[-88.981,41.322]},"properties":{"key":"68750-18a03e18","layer":"power","name":"City of Peru Hydro-Electric Generating S","state":"IL","detail_file":"data/details/power-plants-11.json","plant_id":"68750","capacity_mw":7.6,"status_group":"Operating","energy_sources":"WAT","type":"Power plant","is_nuclear":false}},{"type":"Feature","geometry":{"type":"Point","coordinates":[-89.139,41.353]},"properties":{"key":"955-c66914b0","layer":"power","name":"City of Peru Plank Road Generating Station","state":"IL","detail_file":"data/details/power-plants-38.json","plant_id":"955","capacity_mw":13.5,"status_group":"Operating","energy_sources":"DFO","type":"Power plant","is_nuclear":false}},{"type":"Feature","geometry":{"type":"Point","coordinates":[-89.128,41.372]},"properties":{"key":"68751-a8e38a66","layer":"power","name":"City of Peru Rail Generating Station","state":"IL","detail_file":"data/details/power-plants-20.json","plant_id":"68751","capacity_mw":5.4,"status_group":"Operating","energy_sources":"DFO","type":"Power plant","is_nuclear":false}},{"type":"Feature","geometry":{"type":"Point","coordinates":[-89.124,41.324]},"properties":{"key":"68752-01d6edec","layer":"power","name":"City of Peru Water Street Generating Sta","state":"IL","detail_file":"data/details/power-plants-28.json","plant_id":"68752","capacity_mw":16.3,"status_group":"Operating","energy_sources":"DFO; JF","type":"Power plant","is_nuclear":false}},{"type":"Feature","geometry":{"type":"Point","coordinates":[-89.612,40.311]},"properties":{"key":"69907-d6584f58","layer":"power","name":"Clark Solar 1","state":"IL","detail_file":"data/details/power-plants-53.json","plant_id":"69907","capacity_mw":2.0,"status_group":"Operating","energy_sources":"SUN","type":"Power plant","is_nuclear":false}},{"type":"Feature","geometry":{"type":"Point","coordinates":[-89.612,40.311]},"properties":{"key":"69908-05f1424c","layer":"power","name":"Clark Solar 1A","state":"IL","detail_file":"data/details/power-plants-28.json","plant_id":"69908","capacity_mw":2.0,"status_group":"Operating","energy_sources":"SUN","type":"Power plant","is_nuclear":false}},{"type":"Feature","geometry":{"type":"Point","coordinates":[-89.611,40.307]},"properties":{"key":"70068-91a968c4","layer":"power","name":"Clark Solar 2, LLC","state":"IL","detail_file":"data/details/power-plants-38.json","plant_id":"70068","capacity_mw":2.0,"status_group":"Operating","energy_sources":"SUN","type":"Power plant","is_nuclear":false}},{"type":"Feature","geometry":{"type":"Point","coordinates":[-88.961,40.121]},"properties":{"key":"59635-c3097b17","layer":"power","name":"Clinton LFGTE","state":"IL","detail_file":"data/details/power-plants-61.json","plant_id":"59635","capacity_mw":3.2,"status_group":"Operating","energy_sources":"LFG","type":"Power plant","is_nuclear":false}},{"type":"Feature","geometry":{"type":"Point","coordinates":[-88.834,40.172]},"properties":{"key":"204-053ec3c5","layer":"power","name":"Clinton Power Station","state":"IL","detail_file":"data/details/power-plants-18.json","plant_id":"204","capacity_mw":1138.3,"status_group":"Operating","energy_sources":"NUC","type":"Nuclear power plant","is_nuclear":true}},{"type":"Feature","geometry":{"type":"Point","coordinates":[-90.114,41.795]},"properties":{"key":"70043-b2733e67","layer":"power","name":"Clover - (IL) CSG","state":"IL","detail_file":"data/details/power-plants-59.json","plant_id":"70043","capacity_mw":5.0,"status_group":"Operating","energy_sources":"SUN","type":"Power plant","is_nuclear":false}},{"type":"Feature","geometry":{"type":"Point","coordinates":[-89.25,41.66]},"properties":{"key":"58887-790178f0","layer":"power","name":"Com Adam 1WF-1","state":"IL","detail_file":"data/details/power-plants-40.json","plant_id":"58887","capacity_mw":5.0,"status_group":"Operating","energy_sources":"WND","type":"Power plant","is_nuclear":false}},{"type":"Feature","geometry":{"type":"Point","coordinates":[-90.28,41.712]},"properties":{"key":"55188-26c2bafe","layer":"power","name":"Cordova Energy","state":"IL","detail_file":"data/details/power-plants-43.json","plant_id":"55188","capacity_mw":611.2,"status_group":"Operating","energy_sources":"NG","type":"Power plant","is_nuclear":false}},{"type":"Feature","geometry":{"type":"Point","coordinates":[-88.689,41.922]},"properties":{"key":"63949-19115f7d","layer":"power","name":"Cortland","state":"IL","detail_file":"data/details/power-plants-34.json","plant_id":"63949","capacity_mw":2.0,"status_group":"Operating","energy_sources":"SUN","type":"Power plant","is_nuclear":false}},{"type":"Feature","geometry":{"type":"Point","coordinates":[-89.42,41.826]},"properties":{"key":"69909-982aceb1","layer":"power","name":"Crawford 1 Solar","state":"IL","detail_file":"data/details/power-plants-12.json","plant_id":"69909","capacity_mw":2.0,"status_group":"Operating","energy_sources":"SUN","type":"Power plant","is_nuclear":false}},{"type":"Feature","geometry":{"type":"Point","coordinates":[-89.414,41.826]},"properties":{"key":"69910-34e73387","layer":"power","name":"Crawford 1A Solar","state":"IL","detail_file":"data/details/power-plants-24.json","plant_id":"69910","capacity_mw":2.0,"status_group":"Operating","energy_sources":"SUN","type":"Power plant","is_nuclear":false}},{"type":"Feature","geometry":{"type":"Point","coordinates":[-89.571,41.25]},"properties":{"key":"56297-4140fa1b","layer":"power","name":"Crescent Ridge","state":"IL","detail_file":"data/details/power-plants-27.json","plant_id":"56297","capacity_mw":53.0,"status_group":"Operating","energy_sources":"WND","type":"Power plant","is_nuclear":false}},{"type":"Feature","geometry":{"type":"Point","coordinates":[-89.413,42.173]},"properties":{"key":"67751-179ac765","layer":"power","name":"DG Harlem Solar","state":"IL","detail_file":"data/details/power-plants-00.json","plant_id":"67751","capacity_mw":2.0,"status_group":"Operating","energy_sources":"SUN","type":"Power plant","is_nuclear":false}},{"type":"Feature","geometry":{"type":"Point","coordinates":[-90.111,41.994]},"properties":{"key":"67796-fd5592b7","layer":"power","name":"DPC York","state":"IL","detail_file":"data/details/power-plants-62.json","plant_id":"67796","capacity_mw":1.5,"status_group":"Operating","energy_sources":"SUN","type":"Power plant","is_nuclear":false}},{"type":"Feature","geometry":{"type":"Point","coordinates":[-88.26,41.868]},"properties":{"key":"69953-a006e072","layer":"power","name":"DS Containers","state":"IL","detail_file":"data/details/power-plants-63.json","plant_id":"69953","capacity_mw":1.8,"status_group":"Operating","energy_sources":"SUN","type":"Power plant","is_nuclear":false}},{"type":"Feature","geometry":{"type":"Point","coordinates":[-89.485,42.389]},"properties":{"key":"67635-b2b19fa2","layer":"power","name":"Dakota","state":"IL","detail_file":"data/details/power-plants-58.json","plant_id":"67635","capacity_mw":5.0,"status_group":"Operating","energy_sources":"SUN","type":"Power plant","is_nuclear":false}},{"type":"Feature","geometry":{"type":"Point","coordinates":[-89.535,42.393]},"properties":{"key":"67614-0017ff27","layer":"power","name":"Dakota Solar 1, LLC","state":"IL","detail_file":"data/details/power-plants-49.json","plant_id":"67614","capacity_mw":2.0,"status_group":"Operating","energy_sources":"SUN","type":"Power plant","is_nuclear":false}},{"type":"Feature","geometry":{"type":"Point","coordinates":[-88.79,41.388]},"properties":{"key":"10520-52a95488","layer":"power","name":"Dayton Hydro","state":"IL","detail_file":"data/details/power-plants-24.json","plant_id":"10520","capacity_mw":3.6,"status_group":"Operating","energy_sources":"WAT","type":"Power plant","is_nuclear":false}},{"type":"Feature","geometry":{"type":"Point","coordinates":[-88.711,41.935]},"properties":{"key":"67686-8b16ec29","layer":"power","name":"DeKalb Taylor LLC","state":"IL","detail_file":"data/details/power-plants-10.json","plant_id":"67686","capacity_mw":4.9,"status_group":"Operating","energy_sources":"SUN","type":"Power plant","is_nuclear":false}},{"type":"Feature","geometry":{"type":"Point","coordinates":[-89.301,41.338]},"properties":{"key":"63845-485450b9","layer":"power","name":"DePue Holdings, LLC","state":"IL","detail_file":"data/details/power-plants-04.json","plant_id":"63845","capacity_mw":20.0,"status_group":"Operating","energy_sources":"SUN","type":"Power plant","is_nuclear":false}},{"type":"Feature","geometry":{"type":"Point","coordinates":[-89.481,41.845]},"properties":{"key":"54969-77a18d12","layer":"power","name":"Dixon Hydroelectric Dam","state":"IL","detail_file":"data/details/power-plants-37.json","plant_id":"54969","capacity_mw":3.0,"status_group":"Operating","energy_sources":"WAT","type":"Power plant","is_nuclear":false}},{"type":"Feature","geometry":{"type":"Point","coordinates":[-89.843,42.379]},"properties":{"key":"64734-2648f242","layer":"power","name":"Dodds (CSG)","state":"IL","detail_file":"data/details/power-plants-63.json","plant_id":"64734","capacity_mw":2.0,"status_group":"Operating","energy_sources":"SUN","type":"Power plant","is_nuclear":false}},{"type":"Feature","geometry":{"type":"Point","coordinates":[-88.27,41.39]},"properties":{"key":"869-84d8e493","layer":"power","name":"Dresden Generating Station","state":"IL","detail_file":"data/details/power-plants-51.json","plant_id":"869","capacity_mw":2018.6,"status_group":"Operating","energy_sources":"NUC","type":"Nuclear power plant","is_nuclear":true}},{"type":"Feature","geometry":{"type":"Point","coordinates":[-88.282,41.402]},"properties":{"key":"69699-2e9cd54b","layer":"power","name":"Dresden Island Hydroelectric Project","state":"IL","detail_file":"data/details/power-plants-52.json","plant_id":"69699","capacity_mw":10.0,"status_group":"Under construction","energy_sources":"WAT","type":"Power plant","is_nuclear":false}},{"type":"Feature","geometry":{"type":"Point","coordinates":[-88.379,40.448]},"properties":{"key":"69440-6002d5eb","layer":"power","name":"Drummer Creek I Solar LLC","state":"IL","detail_file":"data/details/power-plants-16.json","plant_id":"69440","capacity_mw":5.0,"status_group":"Operating","energy_sources":"SUN","type":"Power plant","is_nuclear":false}},{"type":"Feature","geometry":{"type":"Point","coordinates":[-90.185,41.311]},"properties":{"key":"69894-f878849e","layer":"power","name":"E 1300 Street Solar LLC","state":"IL","detail_file":"data/details/power-plants-04.json","plant_id":"69894","capacity_mw":5.0,"status_group":"Under construction","energy_sources":"SUN","type":"Power plant","is_nuclear":false}},{"type":"Feature","geometry":{"type":"Point","coordinates":[-90.669,40.892]},"properties":{"key":"66631-cff77328","layer":"power","name":"Earp Solar, LLC","state":"IL","detail_file":"data/details/power-plants-41.json","plant_id":"66631","capacity_mw":35.0,"status_group":"Operating","energy_sources":"SUN","type":"Power plant","is_nuclear":false}},{"type":"Feature","geometry":{"type":"Point","coordinates":[-89.878,42.451]},"properties":{"key":"56805-9f7cd590","layer":"power","name":"EcoGrove Wind LLC","state":"IL","detail_file":"data/details/power-plants-27.json","plant_id":"56805","capacity_mw":100.5,"status_group":"Operating","energy_sources":"WND","type":"Power plant","is_nuclear":false}},{"type":"Feature","geometry":{"type":"Point","coordinates":[-90.017,40.885]},"properties":{"key":"65797-a663a4c5","layer":"power","name":"Elba Solar LLC","state":"IL","detail_file":"data/details/power-plants-26.json","plant_id":"65797","capacity_mw":2.0,"status_group":"Operating","energy_sources":"SUN","type":"Power plant","is_nuclear":false}},{"type":"Feature","geometry":{"type":"Point","coordinates":[-88.124,41.439]},"properties":{"key":"55199-ac1c117c","layer":"power","name":"Elwood Energy LLC","state":"IL","detail_file":"data/details/power-plants-58.json","plant_id":"55199","capacity_mw":576.0,"status_group":"Operating","energy_sources":"NG","type":"Power plant","is_nuclear":false}},{"type":"Feature","geometry":{"type":"Point","coordinates":[-88.65,41.684]},"properties":{"key":"70246-8554fcc8","layer":"power","name":"Engel Solar 1, LLC","state":"IL","detail_file":"data/details/power-plants-16.json","plant_id":"70246","capacity_mw":2.0,"status_group":"Operating","energy_sources":"SUN","type":"Power plant","is_nuclear":false}},{"type":"Feature","geometry":{"type":"Point","coordinates":[-88.653,41.685]},"properties":{"key":"69915-fb5d54a8","layer":"power","name":"Engel Solar 1A","state":"IL","detail_file":"data/details/power-plants-52.json","plant_id":"69915","capacity_mw":2.0,"status_group":"Operating","energy_sources":"SUN","type":"Power plant","is_nuclear":false}},{"type":"Feature","geometry":{"type":"Point","coordinates":[-89.783,41.027]},"properties":{"key":"69917-46ef91ed","layer":"power","name":"Essex Solar","state":"IL","detail_file":"data/details/power-plants-63.json","plant_id":"69917","capacity_mw":4.0,"status_group":"Operating","energy_sources":"SUN","type":"Power plant","is_nuclear":false}},{"type":"Feature","geometry":{"type":"Point","coordinates":[-88.183,41.417]},"properties":{"key":"50627-7e4b72be","layer":"power","name":"ExxonMobil Oil Joliet Refinery","state":"IL","detail_file":"data/details/power-plants-57.json","plant_id":"50627","capacity_mw":43.4,"status_group":"Operating","energy_sources":"OG","type":"Power plant","is_nuclear":false}},{"type":"Feature","geometry":{"type":"Point","coordinates":[-88.887,41.768]},"properties":{"key":"57325-e9ae0904","layer":"power","name":"FPL Energy Illinois Wind LLC Hybrid","state":"IL","detail_file":"data/details/power-plants-29.json","plant_id":"57325","capacity_mw":237.5,"status_group":"Operating","energy_sources":"MWH; WND","type":"Power plant","is_nuclear":false}},{"type":"Feature","geometry":{"type":"Point","coordinates":[-88.639,40.246]},"properties":{"key":"941-9bf137e3","layer":"power","name":"Farmer City","state":"IL","detail_file":"data/details/power-plants-12.json","plant_id":"941","capacity_mw":11.3,"status_group":"Operating","energy_sources":"DFO; NG","type":"Power plant","is_nuclear":false}},{"type":"Feature","geometry":{"type":"Point","coordinates":[-89.29,40.535]},"properties":{"key":"69997-50593d5e","layer":"power","name":"Fast Ave Solar LLC","state":"IL","detail_file":"data/details/power-plants-50.json","plant_id":"69997","capacity_mw":5.0,"status_group":"Under construction","energy_sources":"SUN","type":"Power plant","is_nuclear":false}},{"type":"Feature","geometry":{"type":"Point","coordinates":[-88.349,40.556]},"properties":{"key":"65350-1b1d7460","layer":"power","name":"Ford County Wind Farm LLC","state":"IL","detail_file":"data/details/power-plants-29.json","plant_id":"65350","capacity_mw":121.3,"status_group":"Operating","energy_sources":"WND","type":"Power plant","is_nuclear":false}},{"type":"Feature","geometry":{"type":"Point","coordinates":[-89.587,42.288]},"properties":{"key":"67624-9cad81f8","layer":"power","name":"Freeport 18th Solar","state":"IL","detail_file":"data/details/power-plants-17.json","plant_id":"67624","capacity_mw":2.0,"status_group":"Operating","energy_sources":"SUN","type":"Power plant","is_nuclear":false}},{"type":"Feature","geometry":{"type":"Point","coordinates":[-88.545,42.061]},"properties":{"key":"66083-7bd891b1","layer":"power","name":"French Road Solar II","state":"IL","detail_file":"data/details/power-plants-29.json","plant_id":"66083","capacity_mw":2.0,"status_group":"Operating","energy_sources":"SUN","type":"Power plant","is_nuclear":false}},{"type":"Feature","geometry":{"type":"Point","coordinates":[-88.657,41.674]},"properties":{"key":"70247-dc1e3e01","layer":"power","name":"Frieders Solar 1, LLC","state":"IL","detail_file":"data/details/power-plants-20.json","plant_id":"70247","capacity_mw":2.0,"status_group":"Operating","energy_sources":"SUN","type":"Power plant","is_nuclear":false}},{"type":"Feature","geometry":{"type":"Point","coordinates":[-88.272,41.381]},"properties":{"key":"64920-2053a51e","layer":"power","name":"GE-Hitachi Solar - Morris, IL","state":"IL","detail_file":"data/details/power-plants-62.json","plant_id":"64920","capacity_mw":0.9,"status_group":"Operating","energy_sources":"SUN","type":"Power plant","is_nuclear":false}},{"type":"Feature","geometry":{"type":"Point","coordinates":[-89.173,41.644]},"properties":{"key":"56450-16ee27ee","layer":"power","name":"GSG LLC","state":"IL","detail_file":"data/details/power-plants-33.json","plant_id":"56450","capacity_mw":80.0,"status_group":"Operating","energy_sources":"WND","type":"Power plant","is_nuclear":false}},{"type":"Feature","geometry":{"type":"Point","coordinates":[-89.837,42.356]},"properties":{"key":"64973-9f553648","layer":"power","name":"Gala (CSG)","state":"IL","detail_file":"data/details/power-plants-49.json","plant_id":"64973","capacity_mw":2.0,"status_group":"Operating","energy_sources":"SUN","type":"Power plant","is_nuclear":false}},{"type":"Feature","geometry":{"type":"Point","coordinates":[-90.32,40.929]},"properties":{"key":"70073-2ef310b4","layer":"power","name":"Galesburg 650 Solar 1, LLC","state":"IL","detail_file":"data/details/power-plants-19.json","plant_id":"70073","capacity_mw":2.0,"status_group":"Operating","energy_sources":"SUN","type":"Power plant","is_nuclear":false}},{"type":"Feature","geometry":{"type":"Point","coordinates":[-90.948,40.92]},"properties":{"key":"63399-a398a549","layer":"power","name":"Galesburg Solar Array","state":"IL","detail_file":"data/details/power-plants-33.json","plant_id":"63399","capacity_mw":1.4,"status_group":"Operating","energy_sources":"SUN","type":"Power plant","is_nuclear":false}},{"type":"Feature","geometry":{"type":"Point","coordinates":[-89.761,41.784]},"properties":{"key":"67636-17758558","layer":"power","name":"Galt","state":"IL","detail_file":"data/details/power-plants-54.json","plant_id":"67636","capacity_mw":5.0,"status_group":"Operating","energy_sources":"SUN","type":"Power plant","is_nuclear":false}},{"type":"Feature","geometry":{"type":"Point","coordinates":[-90.034,41.177]},"properties":{"key":"69863-4a45f658","layer":"power","name":"Galva Landfill","state":"IL","detail_file":"data/details/power-plants-42.json","plant_id":"69863","capacity_mw":3.7,"status_group":"Operating","energy_sources":"SUN","type":"Power plant","is_nuclear":false}},{"type":"Feature","geometry":{"type":"Point","coordinates":[-90.149,41.451]},"properties":{"key":"944-1f253069","layer":"power","name":"Geneseo","state":"IL","detail_file":"data/details/power-plants-31.json","plant_id":"944","capacity_mw":33.6,"status_group":"Operating","energy_sources":"DFO; NG; SUN; WND","type":"Power plant","is_nuclear":false}},{"type":"Feature","geometry":{"type":"Point","coordinates":[-88.271,41.891]},"properties":{"key":"56462-1cc7d763","layer":"power","name":"Geneva Generation Facility","state":"IL","detail_file":"data/details/power-plants-48.json","plant_id":"56462","capacity_mw":29.5,"status_group":"Operating","energy_sources":"NG","type":"Power plant","is_nuclear":false}},{"type":"Feature","geometry":{"type":"Point","coordinates":[-89.223,41.335]},"properties":{"key":"69573-9465f2fd","layer":"power","name":"Geranium Solar","state":"IL","detail_file":"data/details/power-plants-44.json","plant_id":"69573","capacity_mw":5.0,"status_group":"Operating","energy_sources":"SUN","type":"Power plant","is_nuclear":false}},{"type":"Feature","geometry":{"type":"Point","coordinates":[-88.399,40.471]},"properties":{"key":"55201-f7c3d926","layer":"power","name":"Gibson City Energy Center LLC","state":"IL","detail_file":"data/details/power-plants-60.json","plant_id":"55201","capacity_mw":270.0,"status_group":"Operating","energy_sources":"NG","type":"Power plant","is_nuclear":false}},{"type":"Feature","geometry":{"type":"Point","coordinates":[-88.295,41.194]},"properties":{"key":"67637-ff988a40","layer":"power","name":"Gillard","state":"IL","detail_file":"data/details/power-plants-44.json","plant_id":"67637","capacity_mw":5.0,"status_group":"Under construction","energy_sources":"SUN","type":"Power plant","is_nuclear":false}},{"type":"Feature","geometry":{"type":"Point","coordinates":[-89.701,40.261]},"properties":{"key":"64381-e3aefc85","layer":"power","name":"Glacier Sands Wind Power, LLC","state":"IL","detail_file":"data/details/power-plants-15.json","plant_id":"64381","capacity_mw":185.0,"status_group":"Operating","energy_sources":"WND","type":"Power plant","is_nuclear":false}},{"type":"Feature","geometry":{"type":"Point","coordinates":[-88.07,41.929]},"properties":{"key":"68137-386dcf2c","layer":"power","name":"Glendale Heights 10-SLCHI910","state":"IL","detail_file":"data/details/power-plants-53.json","plant_id":"68137","capacity_mw":1.3,"status_group":"Under construction","energy_sources":"SUN","type":"Power plant","is_nuclear":false}},{"type":"Feature","geometry":{"type":"Point","coordinates":[-90.586,41.209]},"properties":{"key":"69066-de5338b5","layer":"power","name":"Goldenrod (IL)","state":"IL","detail_file":"data/details/power-plants-19.json","plant_id":"69066","capacity_mw":5.0,"status_group":"Operating","energy_sources":"SUN","type":"Power plant","is_nuclear":false}},{"type":"Feature","geometry":{"type":"Point","coordinates":[-88.6,40.107]},"properties":{"key":"55496-7acbb1f7","layer":"power","name":"Goose Creek Energy Center","state":"IL","detail_file":"data/details/power-plants-34.json","plant_id":"55496","capacity_mw":684.0,"status_group":"Operating","energy_sources":"NG","type":"Power plant","is_nuclear":false}},{"type":"Feature","geometry":{"type":"Point","coordinates":[-88.28,42.288]},"properties":{"key":"69839-c5ceaee5","layer":"power","name":"Gracy Solar 1, LLC","state":"IL","detail_file":"data/details/power-plants-21.json","plant_id":"69839","capacity_mw":5.0,"status_group":"Operating","energy_sources":"SUN","type":"Power plant","is_nuclear":false}},{"type":"Feature","geometry":{"type":"Point","coordinates":[-88.684,41.227]},"properties":{"key":"59957-aa0d627d","layer":"power","name":"Grand Ridge Battery Projects","state":"IL","detail_file":"data/details/power-plants-20.json","plant_id":"59957","capacity_mw":36.0,"status_group":"Operating","energy_sources":"MWH","type":"Power plant","is_nuclear":false}},{"type":"Feature","geometry":{"type":"Point","coordinates":[-88.758,41.143]},"properties":{"key":"57912-a2ce6b86","layer":"power","name":"Grand Ridge Solar Farm","state":"IL","detail_file":"data/details/power-plants-39.json","plant_id":"57912","capacity_mw":20.0,"status_group":"Operating","energy_sources":"SUN","type":"Power plant","is_nuclear":false}},{"type":"Feature","geometry":{"type":"Point","coordinates":[-88.684,41.227]},"properties":{"key":"56941-bb05a9f5","layer":"power","name":"Grand Ridge Wind Energy Center","state":"IL","detail_file":"data/details/power-plants-16.json","plant_id":"56941","capacity_mw":210.0,"status_group":"Operating","energy_sources":"WND","type":"Power plant","is_nuclear":false}},{"type":"Feature","geometry":{"type":"Point","coordinates":[-88.679,42.253]},"properties":{"key":"69046-2c913a01","layer":"power","name":"Grant","state":"IL","detail_file":"data/details/power-plants-03.json","plant_id":"69046","capacity_mw":2.0,"status_group":"Operating","energy_sources":"SUN","type":"Power plant","is_nuclear":false}},{"type":"Feature","geometry":{"type":"Point","coordinates":[-89.557,41.62]},"properties":{"key":"60471-ad14606a","layer":"power","name":"Green River Wind Farm","state":"IL","detail_file":"data/details/power-plants-24.json","plant_id":"60471","capacity_mw":194.3,"status_group":"Operating","energy_sources":"WND","type":"Power plant","is_nuclear":false}},{"type":"Feature","geometry":{"type":"Point","coordinates":[-88.085,41.734]},"properties":{"key":"55014-4a36a2d4","layer":"power","name":"Greene Valley Gas Recovery","state":"IL","detail_file":"data/details/power-plants-00.json","plant_id":"55014","capacity_mw":6.6,"status_group":"Operating","energy_sources":"LFG","type":"Power plant","is_nuclear":false}},{"type":"Feature","geometry":{"type":"Point","coordinates":[-88.463,42.164]},"properties":{"key":"63069-a94a4b1c","layer":"power","name":"Harmony Road Solar","state":"IL","detail_file":"data/details/power-plants-59.json","plant_id":"63069","capacity_mw":1.9,"status_group":"Operating","energy_sources":"SUN","type":"Power plant","is_nuclear":false}},{"type":"Feature","geometry":{"type":"Point","coordinates":[-89.78,42.366]},"properties":{"key":"67804-5068cd0c","layer":"power","name":"Harmony Solar Project","state":"IL","detail_file":"data/details/power-plants-44.json","plant_id":"67804","capacity_mw":2.0,"status_group":"Operating","energy_sources":"SUN","type":"Power plant","is_nuclear":false}},{"type":"Feature","geometry":{"type":"Point","coordinates":[-89.019,40.537]},"properties":{"key":"59776-1c16092d","layer":"power","name":"Heartland Community College","state":"IL","detail_file":"data/details/power-plants-38.json","plant_id":"59776","capacity_mw":1.9,"status_group":"Operating","energy_sources":"SUN; WND","type":"Power plant","is_nuclear":false}},{"type":"Feature","geometry":{"type":"Point","coordinates":[-88.833,42.119]},"properties":{"key":"69911-c37ced01","layer":"power","name":"Heinsohn Solar 2","state":"IL","detail_file":"data/details/power-plants-14.json","plant_id":"69911","capacity_mw":2.0,"status_group":"Operating","energy_sources":"SUN","type":"Power plant","is_nuclear":false}},{"type":"Feature","geometry":{"type":"Point","coordinates":[-88.833,42.118]},"properties":{"key":"69912-0287c212","layer":"power","name":"Heinsohn Solar 2A","state":"IL","detail_file":"data/details/power-plants-47.json","plant_id":"69912","capacity_mw":2.0,"status_group":"Operating","energy_sources":"SUN","type":"Power plant","is_nuclear":false}},{"type":"Feature","geometry":{"type":"Point","coordinates":[-88.25,41.067]},"properties":{"key":"69763-9cd2b4b3","layer":"power","name":"Heritage Prairie Solar LLC","state":"IL","detail_file":"data/details/power-plants-50.json","plant_id":"69763","capacity_mw":300.0,"status_group":"Under construction","energy_sources":"SUN","type":"Power plant","is_nuclear":false}},{"type":"Feature","geometry":{"type":"Point","coordinates":[-89.907,42.433]},"properties":{"key":"63838-15700edf","layer":"power","name":"High Point Solar LLC","state":"IL","detail_file":"data/details/power-plants-47.json","plant_id":"63838","capacity_mw":100.0,"status_group":"Operating","energy_sources":"SUN","type":"Power plant","is_nuclear":false}},{"type":"Feature","geometry":{"type":"Point","coordinates":[-88.799,40.479]},"properties":{"key":"56338-7714849e","layer":"power","name":"High Trail Wind Farm LLC","state":"IL","detail_file":"data/details/power-plants-46.json","plant_id":"56338","capacity_mw":210.9,"status_group":"Operating","energy_sources":"WND","type":"Power plant","is_nuclear":false}},{"type":"Feature","geometry":{"type":"Point","coordinates":[-89.381,40.03]},"properties":{"key":"61735-7fc7758f","layer":"power","name":"Hilltopper Wind Project","state":"IL","detail_file":"data/details/power-plants-19.json","plant_id":"61735","capacity_mw":185.0,"status_group":"Operating","energy_sources":"WND","type":"Power plant","is_nuclear":false}},{"type":"Feature","geometry":{"type":"Point","coordinates":[-88.302,41.999]},"properties":{"key":"54523-e69a2208","layer":"power","name":"Hoffer Plastics","state":"IL","detail_file":"data/details/power-plants-55.json","plant_id":"54523","capacity_mw":7.2,"status_group":"Operating","energy_sources":"NG","type":"Power plant","is_nuclear":false}},{"type":"Feature","geometry":{"type":"Point","coordinates":[-89.384,41.037]},"properties":{"key":"70074-ee96bddc","layer":"power","name":"Hopewell Solar, LLC","state":"IL","detail_file":"data/details/power-plants-46.json","plant_id":"70074","capacity_mw":1.6,"status_group":"Operating","energy_sources":"SUN","type":"Power plant","is_nuclear":false}},{"type":"Feature","geometry":{"type":"Point","coordinates":[-88.735,42.096]},"properties":{"key":"69913-c31516de","layer":"power","name":"Hoppe Nitzberg Solar 1","state":"IL","detail_file":"data/details/power-plants-01.json","plant_id":"69913","capacity_mw":2.0,"status_group":"Operating","energy_sources":"SUN","type":"Power plant","is_nuclear":false}},{"type":"Feature","geometry":{"type":"Point","coordinates":[-88.735,42.096]},"properties":{"key":"69914-04df7ffb","layer":"power","name":"Hoppe Nitzberg Solar 1A","state":"IL","detail_file":"data/details/power-plants-27.json","plant_id":"69914","capacity_mw":2.0,"status_group":"Operating","energy_sources":"SUN","type":"Power plant","is_nuclear":false}},{"type":"Feature","geometry":{"type":"Point","coordinates":[-88.044,41.472]},"properties":{"key":"64329-0b5829d3","layer":"power","name":"IGS East Central, LLC","state":"IL","detail_file":"data/details/power-plants-20.json","plant_id":"64329","capacity_mw":2.0,"status_group":"Operating","energy_sources":"SUN","type":"Power plant","is_nuclear":false}},{"type":"Feature","geometry":{"type":"Point","coordinates":[-90.011,42.348]},"properties":{"key":"64124-8c919869","layer":"power","name":"IGS Stockton DG CSG","state":"IL","detail_file":"data/details/power-plants-14.json","plant_id":"64124","capacity_mw":3.8,"status_group":"Operating","energy_sources":"SUN","type":"Power plant","is_nuclear":false}},{"type":"Feature","geometry":{"type":"Point","coordinates":[-88.07,41.48]},"properties":{"key":"61192-99237a1e","layer":"power","name":"IKEA Joliet Rooftop PV System","state":"IL","detail_file":"data/details/power-plants-36.json","plant_id":"61192","capacity_mw":2.0,"status_group":"Operating","energy_sources":"SUN","type":"Power plant","is_nuclear":false}},{"type":"Feature","geometry":{"type":"Point","coordinates":[-89.911,40.83]},"properties":{"key":"70016-e28f291d","layer":"power","name":"IL - ForeFront CS (Brimfield 2)","state":"IL","detail_file":"data/details/power-plants-43.json","plant_id":"70016","capacity_mw":2.0,"status_group":"Operating","energy_sources":"SUN","type":"Power plant","is_nuclear":false}},{"type":"Feature","geometry":{"type":"Point","coordinates":[-88.409,42.195]},"properties":{"key":"70017-9d54e8f0","layer":"power","name":"IL - ForeFront CS (Huntley)","state":"IL","detail_file":"data/details/power-plants-24.json","plant_id":"70017","capacity_mw":2.9,"status_group":"Operating","energy_sources":"SUN","type":"Power plant","is_nuclear":false}},{"type":"Feature","geometry":{"type":"Point","coordinates":[-89.922,41.261]},"properties":{"key":"70064-3af60a2f","layer":"power","name":"IL - Nexamp Kewanee","state":"IL","detail_file":"data/details/power-plants-09.json","plant_id":"70064","capacity_mw":5.0,"status_group":"Operating","energy_sources":"SUN","type":"Power plant","is_nuclear":false}},{"type":"Feature","geometry":{"type":"Point","coordinates":[-88.062,41.672]},"properties":{"key":"68539-bb2c739b","layer":"power","name":"IL Bolingbrook 279 Marquette Dr","state":"IL","detail_file":"data/details/power-plants-56.json","plant_id":"68539","capacity_mw":1.0,"status_group":"Operating","energy_sources":"SUN","type":"Power plant","is_nuclear":false}},{"type":"Feature","geometry":{"type":"Point","coordinates":[-88.026,41.508]},"properties":{"key":"67713-a23d5fa3","layer":"power","name":"IL Joliet 1101 Cherry Hl Rd","state":"IL","detail_file":"data/details/power-plants-51.json","plant_id":"67713","capacity_mw":4.0,"status_group":"Operating","energy_sources":"SUN","type":"Power plant","is_nuclear":false}},{"type":"Feature","geometry":{"type":"Point","coordinates":[-89.044,41.91]},"properties":{"key":"67714-76308e20","layer":"power","name":"IL Rochelle 975 S. Caron Rd","state":"IL","detail_file":"data/details/power-plants-04.json","plant_id":"67714","capacity_mw":1.5,"status_group":"Operating","energy_sources":"SUN","type":"Power plant","is_nuclear":false}},{"type":"Feature","geometry":{"type":"Point","coordinates":[-88.047,40.027]},"properties":{"key":"66031-ff04256d","layer":"power","name":"IL Sidney Project1","state":"IL","detail_file":"data/details/power-plants-53.json","plant_id":"66031","capacity_mw":2.0,"status_group":"Operating","energy_sources":"SUN","type":"Power plant","is_nuclear":false}},{"type":"Feature","geometry":{"type":"Point","coordinates":[-89.632,40.924]},"properties":{"key":"66033-1f83d342","layer":"power","name":"IL West Hallock Project1","state":"IL","detail_file":"data/details/power-plants-23.json","plant_id":"66033","capacity_mw":2.0,"status_group":"Operating","energy_sources":"SUN","type":"Power plant","is_nuclear":false}},{"type":"Feature","geometry":{"type":"Point","coordinates":[-89.639,42.452]},"properties":{"key":"64730-cb3fb3a4","layer":"power","name":"IL17021 Brush Creek I CSG","state":"IL","detail_file":"data/details/power-plants-16.json","plant_id":"64730","capacity_mw":2.0,"status_group":"Operating","energy_sources":"SUN","type":"Power plant","is_nuclear":false}},{"type":"Feature","geometry":{"type":"Point","coordinates":[-88.024,41.47]},"properties":{"key":"68392-cc21a88e","layer":"power","name":"IL2 - W109","state":"IL","detail_file":"data/details/power-plants-34.json","plant_id":"68392","capacity_mw":4.9,"status_group":"Under construction","energy_sources":"SUN","type":"Power plant","is_nuclear":false}},{"type":"Feature","geometry":{"type":"Point","coordinates":[-88.489,41.95]},"properties":{"key":"69692-bdc04d66","layer":"power","name":"ILSOLAR05 LLC","state":"IL","detail_file":"data/details/power-plants-14.json","plant_id":"69692","capacity_mw":5.0,"status_group":"Operating","energy_sources":"SUN","type":"Power plant","is_nuclear":false}},{"type":"Feature","geometry":{"type":"Point","coordinates":[-88.25,41.067]},"properties":{"key":"69764-9ece36ec","layer":"power","name":"Illinois Generation LLC","state":"IL","detail_file":"data/details/power-plants-11.json","plant_id":"69764","capacity_mw":616.5,"status_group":"Under construction","energy_sources":"WND","type":"Power plant","is_nuclear":false}},{"type":"Feature","geometry":{"type":"Point","coordinates":[-89.968,40.699]},"properties":{"key":"63790-62627e7a","layer":"power","name":"Illinois PV Fulton 1 CSG","state":"IL","detail_file":"data/details/power-plants-49.json","plant_id":"63790","capacity_mw":2.0,"status_group":"Operating","energy_sources":"SUN","type":"Power plant","is_nuclear":false}},{"type":"Feature","geometry":{"type":"Point","coordinates":[-90.008,40.769]},"properties":{"key":"67816-3f33b502","layer":"power","name":"Illinois PV Knox 1A","state":"IL","detail_file":"data/details/power-plants-19.json","plant_id":"67816","capacity_mw":2.0,"status_group":"Operating","energy_sources":"SUN","type":"Power plant","is_nuclear":false}},{"type":"Feature","geometry":{"type":"Point","coordinates":[-90.008,40.766]},"properties":{"key":"67805-6523a997","layer":"power","name":"Illinois PV Knox 1B","state":"IL","detail_file":"data/details/power-plants-58.json","plant_id":"67805","capacity_mw":2.0,"status_group":"Operating","energy_sources":"SUN","type":"Power plant","is_nuclear":false}},{"type":"Feature","geometry":{"type":"Point","coordinates":[-90.336,40.931]},"properties":{"key":"69652-33abff4f","layer":"power","name":"Illinois PV Knox 2A","state":"IL","detail_file":"data/details/power-plants-42.json","plant_id":"69652","capacity_mw":2.0,"status_group":"Operating","energy_sources":"SUN","type":"Power plant","is_nuclear":false}},{"type":"Feature","geometry":{"type":"Point","coordinates":[-90.336,40.931]},"properties":{"key":"69653-4cc26dc2","layer":"power","name":"Illinois PV Knox 2B","state":"IL","detail_file":"data/details/power-plants-61.json","plant_id":"69653","capacity_mw":2.0,"status_group":"Operating","energy_sources":"SUN","type":"Power plant","is_nuclear":false}},{"type":"Feature","geometry":{"type":"Point","coordinates":[-90.4,40.923]},"properties":{"key":"68951-b09046c3","layer":"power","name":"Illinois PV Knox 3A","state":"IL","detail_file":"data/details/power-plants-23.json","plant_id":"68951","capacity_mw":2.0,"status_group":"Operating","energy_sources":"SUN","type":"Power plant","is_nuclear":false}},{"type":"Feature","geometry":{"type":"Point","coordinates":[-90.4,40.923]},"properties":{"key":"68952-d29fa221","layer":"power","name":"Illinois PV Knox 3B","state":"IL","detail_file":"data/details/power-plants-03.json","plant_id":"68952","capacity_mw":2.0,"status_group":"Operating","energy_sources":"SUN","type":"Power plant","is_nuclear":false}},{"type":"Feature","geometry":{"type":"Point","coordinates":[-89.744,40.685]},"properties":{"key":"69961-f3a445c6","layer":"power","name":"Illinois PV Peoria 2A","state":"IL","detail_file":"data/details/power-plants-21.json","plant_id":"69961","capacity_mw":2.0,"status_group":"Operating","energy_sources":"SUN","type":"Power plant","is_nuclear":false}},{"type":"Feature","geometry":{"type":"Point","coordinates":[-89.744,40.685]},"properties":{"key":"69962-2c1631aa","layer":"power","name":"Illinois PV Peoria 2B","state":"IL","detail_file":"data/details/power-plants-58.json","plant_id":"69962","capacity_mw":2.0,"status_group":"Operating","energy_sources":"SUN","type":"Power plant","is_nuclear":false}},{"type":"Feature","geometry":{"type":"Point","coordinates":[-89.674,41.768]},"properties":{"key":"7934-6efcd610","layer":"power","name":"Industrial Park","state":"IL","detail_file":"data/details/power-plants-15.json","plant_id":"7934","capacity_mw":13.4,"status_group":"Operating","energy_sources":"DFO","type":"Power plant","is_nuclear":false}},{"type":"Feature","geometry":{"type":"Point","coordinates":[-88.027,41.701]},"properties":{"key":"68138-ead39f9c","layer":"power","name":"Internationale Ctr 11-SLCHI321","state":"IL","detail_file":"data/details/power-plants-06.json","plant_id":"68138","capacity_mw":1.8,"status_group":"Under construction","energy_sources":"SUN","type":"Power plant","is_nuclear":false}},{"type":"Feature","geometry":{"type":"Point","coordinates":[-89.607,41.774]},"properties":{"key":"60387-835287ee","layer":"power","name":"Invenergy Nelson Expansion LLC","state":"IL","detail_file":"data/details/power-plants-59.json","plant_id":"60387","capacity_mw":380.0,"status_group":"Operating","energy_sources":"NG","type":"Power plant","is_nuclear":false}},{"type":"Feature","geometry":{"type":"Point","coordinates":[-88.023,41.106]},"properties":{"key":"70248-a96e9e6d","layer":"power","name":"Irwin Solar, LLC","state":"IL","detail_file":"data/details/power-plants-10.json","plant_id":"70248","capacity_mw":2.0,"status_group":"Operating","energy_sources":"SUN","type":"Power plant","is_nuclear":false}},{"type":"Feature","geometry":{"type":"Point","coordinates":[-88.111,41.439]},"properties":{"key":"62926-775b4f71","layer":"power","name":"Jackson Generation, LLC","state":"IL","detail_file":"data/details/power-plants-61.json","plant_id":"62926","capacity_mw":1288.6,"status_group":"Operating","energy_sources":"NG","type":"Power plant","is_nuclear":false}},{"type":"Feature","geometry":{"type":"Point","coordinates":[-88.583,41.648]},"properties":{"key":"69202-41c15eb7","layer":"power","name":"KE109","state":"IL","detail_file":"data/details/power-plants-39.json","plant_id":"69202","capacity_mw":3.5,"status_group":"Under construction","energy_sources":"SUN","type":"Power plant","is_nuclear":false}},{"type":"Feature","geometry":{"type":"Point","coordinates":[-88.426,41.875]},"properties":{"key":"69203-c4d40177","layer":"power","name":"KN07","state":"IL","detail_file":"data/details/power-plants-32.json","plant_id":"69203","capacity_mw":5.0,"status_group":"Under construction","energy_sources":"SUN","type":"Power plant","is_nuclear":false}},{"type":"Feature","geometry":{"type":"Point","coordinates":[-88.552,41.893]},"properties":{"key":"69193-0757da7c","layer":"power","name":"KaneSolar03 LLC","state":"IL","detail_file":"data/details/power-plants-35.json","plant_id":"69193","capacity_mw":2.5,"status_group":"Operating","energy_sources":"SUN","type":"Power plant","is_nuclear":false}},{"type":"Feature","geometry":{"type":"Point","coordinates":[-88.544,41.897]},"properties":{"key":"69829-a21acf7e","layer":"power","name":"Kanesolar01 LLC","state":"IL","detail_file":"data/details/power-plants-07.json","plant_id":"69829","capacity_mw":5.0,"status_group":"Operating","energy_sources":"SUN","type":"Power plant","is_nuclear":false}},{"type":"Feature","geometry":{"type":"Point","coordinates":[-88.218,41.256]},"properties":{"key":"64868-b37f2698","layer":"power","name":"Keeversville Solar CSG","state":"IL","detail_file":"data/details/power-plants-12.json","plant_id":"64868","capacity_mw":2.0,"status_group":"Operating","energy_sources":"SUN","type":"Power plant","is_nuclear":false}},{"type":"Feature","geometry":{"type":"Point","coordinates":[-88.198,40.968]},"properties":{"key":"60587-d2154e79","layer":"power","name":"Kelly Creek Wind Project","state":"IL","detail_file":"data/details/power-plants-55.json","plant_id":"60587","capacity_mw":184.0,"status_group":"Operating","energy_sources":"WND","type":"Power plant","is_nuclear":false}},{"type":"Feature","geometry":{"type":"Point","coordinates":[-88.258,41.48]},"properties":{"key":"55131-5a1eb3cd","layer":"power","name":"Kendall County Generation Facility","state":"IL","detail_file":"data/details/power-plants-25.json","plant_id":"55131","capacity_mw":1256.0,"status_group":"Operating","energy_sources":"NG","type":"Power plant","is_nuclear":false}},{"type":"Feature","geometry":{"type":"Point","coordinates":[-89.903,42.313]},"properties":{"key":"64254-655348f2","layer":"power","name":"Kent School Road Solar 1","state":"IL","detail_file":"data/details/power-plants-30.json","plant_id":"64254","capacity_mw":2.0,"status_group":"Operating","energy_sources":"SUN","type":"Power plant","is_nuclear":false}},{"type":"Feature","geometry":{"type":"Point","coordinates":[-89.008,40.44]},"properties":{"key":"70176-f03c766a","layer":"power","name":"Kieser","state":"IL","detail_file":"data/details/power-plants-37.json","plant_id":"70176","capacity_mw":5.0,"status_group":"Under construction","energy_sources":"SUN","type":"Power plant","is_nuclear":false}},{"type":"Feature","geometry":{"type":"Point","coordinates":[-88.921,42.215]},"properties":{"key":"63990-dbf7930e","layer":"power","name":"Kish CSG","state":"IL","detail_file":"data/details/power-plants-63.json","plant_id":"63990","capacity_mw":2.0,"status_group":"Operating","energy_sources":"SUN","type":"Power plant","is_nuclear":false}},{"type":"Feature","geometry":{"type":"Point","coordinates":[-89.093,42.222]},"properties":{"key":"58177-9db54a59","layer":"power","name":"Kishwaukee CHP Plant","state":"IL","detail_file":"data/details/power-plants-01.json","plant_id":"58177","capacity_mw":3.0,"status_group":"Operating","energy_sources":"OBG","type":"Power plant","is_nuclear":false}},{"type":"Feature","geometry":{"type":"Point","coordinates":[-88.669,41.245]},"properties":{"key":"6026-07bf59ef","layer":"power","name":"LaSalle Generating Station","state":"IL","detail_file":"data/details/power-plants-21.json","plant_id":"6026","capacity_mw":2340.0,"status_group":"Operating","energy_sources":"NUC","type":"Nuclear power plant","is_nuclear":true}},{"type":"Feature","geometry":{"type":"Point","coordinates":[-88.633,41.166]},"properties":{"key":"68960-2c2f6c12","layer":"power","name":"LaSalle Solar 1","state":"IL","detail_file":"data/details/power-plants-54.json","plant_id":"68960","capacity_mw":2.0,"status_group":"Operating","energy_sources":"SUN","type":"Power plant","is_nuclear":false}},{"type":"Feature","geometry":{"type":"Point","coordinates":[-88.838,41.418]},"properties":{"key":"69032-b1b0b416","layer":"power","name":"LaSalle Solar 6","state":"IL","detail_file":"data/details/power-plants-41.json","plant_id":"69032","capacity_mw":3.6,"status_group":"Operating","energy_sources":"SUN","type":"Power plant","is_nuclear":false}},{"type":"Feature","geometry":{"type":"Point","coordinates":[-88.597,42.252]},"properties":{"key":"64302-b0c0c7b1","layer":"power","name":"Lafayette 2 - McHenry Franks 1","state":"IL","detail_file":"data/details/power-plants-43.json","plant_id":"64302","capacity_mw":2.0,"status_group":"Operating","energy_sources":"SUN","type":"Power plant","is_nuclear":false}},{"type":"Feature","geometry":{"type":"Point","coordinates":[-88.492,42.215]},"properties":{"key":"64303-7a5e70f4","layer":"power","name":"Lafayette 2 - McHenry Franks 2","state":"IL","detail_file":"data/details/power-plants-20.json","plant_id":"64303","capacity_mw":2.0,"status_group":"Operating","energy_sources":"SUN","type":"Power plant","is_nuclear":false}},{"type":"Feature","geometry":{"type":"Point","coordinates":[-88.599,42.48]},"properties":{"key":"67681-5f117b78","layer":"power","name":"Lawrence Solar 1 LLC","state":"IL","detail_file":"data/details/power-plants-32.json","plant_id":"67681","capacity_mw":2.0,"status_group":"Operating","energy_sources":"SUN","type":"Power plant","is_nuclear":false}},{"type":"Feature","geometry":{"type":"Point","coordinates":[-88.599,42.48]},"properties":{"key":"67682-db9cd281","layer":"power","name":"Lawrence Solar 2 LLC","state":"IL","detail_file":"data/details/power-plants-06.json","plant_id":"67682","capacity_mw":2.0,"status_group":"Operating","energy_sources":"SUN","type":"Power plant","is_nuclear":false}},{"type":"Feature","geometry":{"type":"Point","coordinates":[-89.405,41.829]},"properties":{"key":"55236-7c7a7b59","layer":"power","name":"Lee Energy Facility","state":"IL","detail_file":"data/details/power-plants-13.json","plant_id":"55236","capacity_mw":692.0,"status_group":"Operating","energy_sources":"NG","type":"Power plant","is_nuclear":false}},{"type":"Feature","geometry":{"type":"Point","coordinates":[-89.884,42.357]},"properties":{"key":"63951-b4b68251","layer":"power","name":"Lena","state":"IL","detail_file":"data/details/power-plants-42.json","plant_id":"63951","capacity_mw":2.0,"status_group":"Operating","energy_sources":"SUN","type":"Power plant","is_nuclear":false}},{"type":"Feature","geometry":{"type":"Point","coordinates":[-88.387,42.277]},"properties":{"key":"67623-9012806f","layer":"power","name":"Lilly Pond Road Solar 1, LLC","state":"IL","detail_file":"data/details/power-plants-29.json","plant_id":"67623","capacity_mw":2.0,"status_group":"Operating","energy_sources":"SUN","type":"Power plant","is_nuclear":false}},{"type":"Feature","geometry":{"type":"Point","coordinates":[-90.88,40.564]},"properties":{"key":"69204-1da93754","layer":"power","name":"Little Creek","state":"IL","detail_file":"data/details/power-plants-55.json","plant_id":"69204","capacity_mw":4.0,"status_group":"Under construction","energy_sources":"SUN","type":"Power plant","is_nuclear":false}},{"type":"Feature","geometry":{"type":"Point","coordinates":[-88.655,40.931]},"properties":{"key":"55054-1cccf3e2","layer":"power","name":"Livingston Generating Facility","state":"IL","detail_file":"data/details/power-plants-48.json","plant_id":"55054","capacity_mw":15.0,"status_group":"Operating","energy_sources":"LFG","type":"Power plant","is_nuclear":false}},{"type":"Feature","geometry":{"type":"Point","coordinates":[-88.612,42.462]},"properties":{"key":"67256-13830107","layer":"power","name":"Lobelia 1","state":"IL","detail_file":"data/details/power-plants-11.json","plant_id":"67256","capacity_mw":2.0,"status_group":"Operating","energy_sources":"SUN","type":"Power plant","is_nuclear":false}},{"type":"Feature","geometry":{"type":"Point","coordinates":[-88.079,41.57]},"properties":{"key":"10903-3d10611a","layer":"power","name":"Lockport Powerhouse","state":"IL","detail_file":"data/details/power-plants-59.json","plant_id":"10903","capacity_mw":16.0,"status_group":"Operating","energy_sources":"WAT","type":"Power plant","is_nuclear":false}},{"type":"Feature","geometry":{"type":"Point","coordinates":[-89.602,41.203]},"properties":{"key":"63251-7fd2bcf7","layer":"power","name":"Lone Tree Wind, LLC","state":"IL","detail_file":"data/details/power-plants-61.json","plant_id":"63251","capacity_mw":79.0,"status_group":"Operating","energy_sources":"WND","type":"Power plant","is_nuclear":false}},{"type":"Feature","geometry":{"type":"Point","coordinates":[-88.653,41.694]},"properties":{"key":"64784-28f9ccd9","layer":"power","name":"Long John CSG","state":"IL","detail_file":"data/details/power-plants-54.json","plant_id":"64784","capacity_mw":2.0,"status_group":"Operating","energy_sources":"SUN","type":"Power plant","is_nuclear":false}},{"type":"Feature","geometry":{"type":"Point","coordinates":[-89.132,42.239]},"properties":{"key":"68571-dbddd104","layer":"power","name":"Lowe's - 1440 - Rockford, IL RDC (POI 1)","state":"IL","detail_file":"data/details/power-plants-09.json","plant_id":"68571","capacity_mw":2.3,"status_group":"Under construction","energy_sources":"SUN","type":"Power plant","is_nuclear":false}},{"type":"Feature","geometry":{"type":"Point","coordinates":[-89.132,42.239]},"properties":{"key":"68572-35eb0b6e","layer":"power","name":"Lowe's - 1440 - Rockford, IL RDC (POI 2)","state":"IL","detail_file":"data/details/power-plants-35.json","plant_id":"68572","capacity_mw":2.3,"status_group":"Under construction","energy_sources":"SUN","type":"Power plant","is_nuclear":false}},{"type":"Feature","geometry":{"type":"Point","coordinates":[-88.122,41.437]},"properties":{"key":"69979-425ee29e","layer":"power","name":"MPH Elwood","state":"IL","detail_file":"data/details/power-plants-04.json","plant_id":"69979","capacity_mw":384.0,"status_group":"Operating","energy_sources":"NG","type":"Power plant","is_nuclear":false}},{"type":"Feature","geometry":{"type":"Point","coordinates":[-88.245,42.0]},"properties":{"key":"55438-4ca46583","layer":"power","name":"MRP Elgin LLC","state":"IL","detail_file":"data/details/power-plants-45.json","plant_id":"55438","capacity_mw":540.0,"status_group":"Operating","energy_sources":"NG","type":"Power plant","is_nuclear":false}},{"type":"Feature","geometry":{"type":"Point","coordinates":[-88.24,42.093]},"properties":{"key":"55109-148d141e","layer":"power","name":"MRP Rocky Road LLC","state":"IL","detail_file":"data/details/power-plants-54.json","plant_id":"55109","capacity_mw":415.5,"status_group":"Operating","energy_sources":"NG","type":"Power plant","is_nuclear":false}},{"type":"Feature","geometry":{"type":"Point","coordinates":[-89.003,42.376]},"properties":{"key":"68467-0db300fb","layer":"power","name":"Machesney Park","state":"IL","detail_file":"data/details/power-plants-40.json","plant_id":"68467","capacity_mw":1.7,"status_group":"Operating","energy_sources":"SUN","type":"Power plant","is_nuclear":false}},{"type":"Feature","geometry":{"type":"Point","coordinates":[-90.688,40.454]},"properties":{"key":"67806-7e68b4af","layer":"power","name":"Macomb 2A","state":"IL","detail_file":"data/details/power-plants-10.json","plant_id":"67806","capacity_mw":2.0,"status_group":"Operating","energy_sources":"SUN","type":"Power plant","is_nuclear":false}},{"type":"Feature","geometry":{"type":"Point","coordinates":[-88.466,40.202]},"properties":{"key":"69825-792e2e34","layer":"power","name":"Madden Creek Solar","state":"IL","detail_file":"data/details/power-plants-31.json","plant_id":"69825","capacity_mw":5.0,"status_group":"Under construction","energy_sources":"SUN","type":"Power plant","is_nuclear":false}},{"type":"Feature","geometry":{"type":"Point","coordinates":[-88.64,42.253]},"properties":{"key":"62856-bde322df","layer":"power","name":"Marengo Battery Storage LLC","state":"IL","detail_file":"data/details/power-plants-41.json","plant_id":"62856","capacity_mw":20.0,"status_group":"Operating","energy_sources":"MWH","type":"Power plant","is_nuclear":false}},{"type":"Feature","geometry":{"type":"Point","coordinates":[-88.636,42.26]},"properties":{"key":"65013-cbf80d85","layer":"power","name":"Marengo Solar","state":"IL","detail_file":"data/details/power-plants-52.json","plant_id":"65013","capacity_mw":2.0,"status_group":"Operating","energy_sources":"SUN","type":"Power plant","is_nuclear":false}},{"type":"Feature","geometry":{"type":"Point","coordinates":[-88.701,41.328]},"properties":{"key":"58903-1d8b6174","layer":"power","name":"Marseilles Lock and Dam Hydro","state":"IL","detail_file":"data/details/power-plants-59.json","plant_id":"58903","capacity_mw":10.4,"status_group":"Under construction","energy_sources":"WAT","type":"Power plant","is_nuclear":false}},{"type":"Feature","geometry":{"type":"Point","coordinates":[-90.851,40.555]},"properties":{"key":"64201-49c5edf3","layer":"power","name":"McDonough Solar 1, LLC CSG","state":"IL","detail_file":"data/details/power-plants-37.json","plant_id":"64201","capacity_mw":4.0,"status_group":"Operating","energy_sources":"SUN","type":"Power plant","is_nuclear":false}},{"type":"Feature","geometry":{"type":"Point","coordinates":[-88.274,42.331]},"properties":{"key":"60656-87bccc75","layer":"power","name":"McHenry Battery Storage","state":"IL","detail_file":"data/details/power-plants-12.json","plant_id":"60656","capacity_mw":20.0,"status_group":"Operating","energy_sources":"MWH","type":"Power plant","is_nuclear":false}},{"type":"Feature","geometry":{"type":"Point","coordinates":[-89.723,40.089]},"properties":{"key":"69804-bd406d74","layer":"power","name":"Menard 1","state":"IL","detail_file":"data/details/power-plants-14.json","plant_id":"69804","capacity_mw":2.8,"status_group":"Under construction","energy_sources":"SUN","type":"Power plant","is_nuclear":false}},{"type":"Feature","geometry":{"type":"Point","coordinates":[-89.16,41.549]},"properties":{"key":"63954-ef530628","layer":"power","name":"Mendota","state":"IL","detail_file":"data/details/power-plants-61.json","plant_id":"63954","capacity_mw":2.0,"status_group":"Operating","energy_sources":"SUN","type":"Power plant","is_nuclear":false}},{"type":"Feature","geometry":{"type":"Point","coordinates":[-89.049,41.719]},"properties":{"key":"56160-b2cde4b4","layer":"power","name":"Mendota Hills, LLC","state":"IL","detail_file":"data/details/power-plants-27.json","plant_id":"56160","capacity_mw":76.2,"status_group":"Operating","energy_sources":"WND","type":"Power plant","is_nuclear":false}},{"type":"Feature","geometry":{"type":"Point","coordinates":[-89.148,41.541]},"properties":{"key":"65508-7e728268","layer":"power","name":"Mendota Rich Dev CSG","state":"IL","detail_file":"data/details/power-plants-50.json","plant_id":"65508","capacity_mw":2.0,"status_group":"Operating","energy_sources":"SUN","type":"Power plant","is_nuclear":false}},{"type":"Feature","geometry":{"type":"Point","coordinates":[-89.995,41.269]},"properties":{"key":"63003-227a4cf2","layer":"power","name":"Midland Wind","state":"IL","detail_file":"data/details/power-plants-60.json","plant_id":"63003","capacity_mw":105.5,"status_group":"Operating","energy_sources":"WND","type":"Power plant","is_nuclear":false}},{"type":"Feature","geometry":{"type":"Point","coordinates":[-88.997,40.889]},"properties":{"key":"57284-69e6cc4e","layer":"power","name":"Minonk Wind Farm","state":"IL","detail_file":"data/details/power-plants-27.json","plant_id":"57284","capacity_mw":200.0,"status_group":"Operating","energy_sources":"WND","type":"Power plant","is_nuclear":false}},{"type":"Feature","geometry":{"type":"Point","coordinates":[-90.534,41.51]},"properties":{"key":"899-65ac9d6d","layer":"power","name":"Moline","state":"IL","detail_file":"data/details/power-plants-36.json","plant_id":"899","capacity_mw":75.6,"status_group":"Operating","energy_sources":"NG; WAT","type":"Power plant","is_nuclear":false}},{"type":"Feature","geometry":{"type":"Point","coordinates":[-89.036,42.316]},"properties":{"key":"54933-d60ab73c","layer":"power","name":"Mondelez Global LLC","state":"IL","detail_file":"data/details/power-plants-43.json","plant_id":"54933","capacity_mw":4.7,"status_group":"Operating","energy_sources":"NG","type":"Power plant","is_nuclear":false}},{"type":"Feature","geometry":{"type":"Point","coordinates":[-88.754,41.828]},"properties":{"key":"70250-3c5df28e","layer":"power","name":"Moore Solar 1, LLC","state":"IL","detail_file":"data/details/power-plants-48.json","plant_id":"70250","capacity_mw":2.0,"status_group":"Operating","energy_sources":"SUN","type":"Power plant","is_nuclear":false}},{"type":"Feature","geometry":{"type":"Point","coordinates":[-88.753,41.83]},"properties":{"key":"70251-1c430eff","layer":"power","name":"Moore Solar 1A, LLC","state":"IL","detail_file":"data/details/power-plants-13.json","plant_id":"70251","capacity_mw":2.0,"status_group":"Operating","energy_sources":"SUN","type":"Power plant","is_nuclear":false}},{"type":"Feature","geometry":{"type":"Point","coordinates":[-88.333,41.824]},"properties":{"key":"50337-1bddb715","layer":"power","name":"Mooseheart Power House","state":"IL","detail_file":"data/details/power-plants-62.json","plant_id":"50337","capacity_mw":1.8,"status_group":"Operating","energy_sources":"NG","type":"Power plant","is_nuclear":false}},{"type":"Feature","geometry":{"type":"Point","coordinates":[-88.338,41.823]},"properties":{"key":"63073-eb7ab7da","layer":"power","name":"Mooseheart School Solar","state":"IL","detail_file":"data/details/power-plants-25.json","plant_id":"63073","capacity_mw":2.0,"status_group":"Operating","energy_sources":"SUN","type":"Power plant","is_nuclear":false}},{"type":"Feature","geometry":{"type":"Point","coordinates":[-88.843,40.379]},"properties":{"key":"64789-6907eb8f","layer":"power","name":"Moraine CSG","state":"IL","detail_file":"data/details/power-plants-63.json","plant_id":"64789","capacity_mw":2.0,"status_group":"Operating","energy_sources":"SUN","type":"Power plant","is_nuclear":false}},{"type":"Feature","geometry":{"type":"Point","coordinates":[-89.895,40.171]},"properties":{"key":"66093-834bfed1","layer":"power","name":"Moraine Sands Wind Power","state":"IL","detail_file":"data/details/power-plants-13.json","plant_id":"66093","capacity_mw":171.0,"status_group":"Operating","energy_sources":"WND","type":"Power plant","is_nuclear":false}},{"type":"Feature","geometry":{"type":"Point","coordinates":[-88.333,41.412]},"properties":{"key":"55216-79511467","layer":"power","name":"Morris Cogeneration LLC","state":"IL","detail_file":"data/details/power-plants-43.json","plant_id":"55216","capacity_mw":218.8,"status_group":"Operating","energy_sources":"NG","type":"Power plant","is_nuclear":false}},{"type":"Feature","geometry":{"type":"Point","coordinates":[-89.496,42.064]},"properties":{"key":"64905-6b273e1a","layer":"power","name":"Mt. Morris Solar CSG","state":"IL","detail_file":"data/details/power-plants-35.json","plant_id":"64905","capacity_mw":2.0,"status_group":"Operating","energy_sources":"SUN","type":"Power plant","is_nuclear":false}},{"type":"Feature","geometry":{"type":"Point","coordinates":[-89.42,40.094]},"properties":{"key":"65349-bcf1b398","layer":"power","name":"Mulligan Solar, LLC","state":"IL","detail_file":"data/details/power-plants-40.json","plant_id":"65349","capacity_mw":70.0,"status_group":"Operating","energy_sources":"SUN","type":"Power plant","is_nuclear":false}},{"type":"Feature","geometry":{"type":"Point","coordinates":[-89.904,42.436]},"properties":{"key":"67153-9eaa77a7","layer":"power","name":"N Baker Road","state":"IL","detail_file":"data/details/power-plants-51.json","plant_id":"67153","capacity_mw":2.0,"status_group":"Operating","energy_sources":"SUN","type":"Power plant","is_nuclear":false}},{"type":"Feature","geometry":{"type":"Point","coordinates":[-89.905,42.436]},"properties":{"key":"67152-84d252f1","layer":"power","name":"N Baker Road 2","state":"IL","detail_file":"data/details/power-plants-23.json","plant_id":"67152","capacity_mw":2.0,"status_group":"Operating","energy_sources":"SUN","type":"Power plant","is_nuclear":false}},{"type":"Feature","geometry":{"type":"Point","coordinates":[-88.279,42.461]},"properties":{"key":"68999-bc8c41bd","layer":"power","name":"N Solon Road (North)","state":"IL","detail_file":"data/details/power-plants-08.json","plant_id":"68999","capacity_mw":2.0,"status_group":"Operating","energy_sources":"SUN","type":"Power plant","is_nuclear":false}},{"type":"Feature","geometry":{"type":"Point","coordinates":[-88.279,42.461]},"properties":{"key":"67198-d839c6d8","layer":"power","name":"N Solon Road (South)","state":"IL","detail_file":"data/details/power-plants-32.json","plant_id":"67198","capacity_mw":2.0,"status_group":"Operating","energy_sources":"SUN","type":"Power plant","is_nuclear":false}},{"type":"Feature","geometry":{"type":"Point","coordinates":[-88.674,40.948]},"properties":{"key":"69419-6a8563f6","layer":"power","name":"NE IL - Esmen West","state":"IL","detail_file":"data/details/power-plants-20.json","plant_id":"69419","capacity_mw":5.0,"status_group":"Operating","energy_sources":"SUN","type":"Power plant","is_nuclear":false}},{"type":"Feature","geometry":{"type":"Point","coordinates":[-88.658,40.895]},"properties":{"key":"69316-ffc87bc4","layer":"power","name":"NL IL - 1875 North Road CSG","state":"IL","detail_file":"data/details/power-plants-58.json","plant_id":"69316","capacity_mw":5.0,"status_group":"Operating","energy_sources":"SUN","type":"Power plant","is_nuclear":false}},{"type":"Feature","geometry":{"type":"Point","coordinates":[-88.666,40.948]},"properties":{"key":"69308-55524e8e","layer":"power","name":"NL IL - Esmen East CSG","state":"IL","detail_file":"data/details/power-plants-57.json","plant_id":"69308","capacity_mw":5.0,"status_group":"Operating","energy_sources":"SUN","type":"Power plant","is_nuclear":false}},{"type":"Feature","geometry":{"type":"Point","coordinates":[-88.567,41.537]},"properties":{"key":"68881-d65d281e","layer":"power","name":"NL IL - Kendall","state":"IL","detail_file":"data/details/power-plants-41.json","plant_id":"68881","capacity_mw":2.0,"status_group":"Operating","energy_sources":"SUN","type":"Power plant","is_nuclear":false}},{"type":"Feature","geometry":{"type":"Point","coordinates":[-89.405,41.853]},"properties":{"key":"69526-23bacfb8","layer":"power","name":"NL IL - Maples Road","state":"IL","detail_file":"data/details/power-plants-26.json","plant_id":"69526","capacity_mw":5.0,"status_group":"Operating","energy_sources":"SUN","type":"Power plant","is_nuclear":false}},{"type":"Feature","geometry":{"type":"Point","coordinates":[-89.466,42.426]},"properties":{"key":"69527-02ddd850","layer":"power","name":"NL IL - McConnell Road","state":"IL","detail_file":"data/details/power-plants-37.json","plant_id":"69527","capacity_mw":5.0,"status_group":"Operating","energy_sources":"SUN","type":"Power plant","is_nuclear":false}},{"type":"Feature","geometry":{"type":"Point","coordinates":[-88.673,40.118]},"properties":{"key":"69325-7725c6a0","layer":"power","name":"NL IL - Piatt 1 - East CSG","state":"IL","detail_file":"data/details/power-plants-45.json","plant_id":"69325","capacity_mw":2.0,"status_group":"Operating","energy_sources":"SUN","type":"Power plant","is_nuclear":false}},{"type":"Feature","geometry":{"type":"Point","coordinates":[-88.673,40.118]},"properties":{"key":"69326-f51aebac","layer":"power","name":"NL IL - Piatt 2 - West CSG","state":"IL","detail_file":"data/details/power-plants-03.json","plant_id":"69326","capacity_mw":2.0,"status_group":"Operating","energy_sources":"SUN","type":"Power plant","is_nuclear":false}},{"type":"Feature","geometry":{"type":"Point","coordinates":[-88.735,41.752]},"properties":{"key":"70045-abee836a","layer":"power","name":"NL IL Bastian","state":"IL","detail_file":"data/details/power-plants-10.json","plant_id":"70045","capacity_mw":5.0,"status_group":"Operating","energy_sources":"SUN","type":"Power plant","is_nuclear":false}},{"type":"Feature","geometry":{"type":"Point","coordinates":[-88.827,41.76]},"properties":{"key":"70044-bae70ac0","layer":"power","name":"NL IL Kane Rd","state":"IL","detail_file":"data/details/power-plants-58.json","plant_id":"70044","capacity_mw":5.0,"status_group":"Operating","energy_sources":"SUN","type":"Power plant","is_nuclear":false}},{"type":"Feature","geometry":{"type":"Point","coordinates":[-89.101,42.239]},"properties":{"key":"55238-dc69db54","layer":"power","name":"NRG Rockford I","state":"IL","detail_file":"data/details/power-plants-43.json","plant_id":"55238","capacity_mw":316.0,"status_group":"Operating","energy_sources":"NG","type":"Power plant","is_nuclear":false}},{"type":"Feature","geometry":{"type":"Point","coordinates":[-89.101,42.238]},"properties":{"key":"55936-1d4c1321","layer":"power","name":"NRG Rockford II Energy Center","state":"IL","detail_file":"data/details/power-plants-43.json","plant_id":"55936","capacity_mw":168.0,"status_group":"Operating","energy_sources":"NG","type":"Power plant","is_nuclear":false}},{"type":"Feature","geometry":{"type":"Point","coordinates":[-88.197,41.801]},"properties":{"key":"50326-3b864624","layer":"power","name":"Nalco","state":"IL","detail_file":"data/details/power-plants-13.json","plant_id":"50326","capacity_mw":4.7,"status_group":"Operating","energy_sources":"NG","type":"Power plant","is_nuclear":false}},{"type":"Feature","geometry":{"type":"Point","coordinates":[-89.607,41.774]},"properties":{"key":"55183-d5fa3197","layer":"power","name":"Nelson Energy Center","state":"IL","detail_file":"data/details/power-plants-39.json","plant_id":"55183","capacity_mw":627.5,"status_group":"Operating","energy_sources":"NG","type":"Power plant","is_nuclear":false}},{"type":"Feature","geometry":{"type":"Point","coordinates":[-89.05,41.909]},"properties":{"key":"960-c57a4546","layer":"power","name":"North Ninth Street","state":"IL","detail_file":"data/details/power-plants-61.json","plant_id":"960","capacity_mw":17.4,"status_group":"Operating","energy_sources":"DFO; NG; SUN","type":"Power plant","is_nuclear":false}},{"type":"Feature","geometry":{"type":"Point","coordinates":[-88.243,40.07]},"properties":{"key":"65412-7929e3d2","layer":"power","name":"Northern Cardinal Solar SCS IL 1, LLC","state":"IL","detail_file":"data/details/power-plants-31.json","plant_id":"65412","capacity_mw":10.0,"status_group":"Operating","energy_sources":"SUN","type":"Power plant","is_nuclear":false}},{"type":"Feature","geometry":{"type":"Point","coordinates":[-88.031,42.1]},"properties":{"key":"64918-1b4fae43","layer":"power","name":"NorthropGrummanSolar(Rolling Meadows,IL)","state":"IL","detail_file":"data/details/power-plants-27.json","plant_id":"64918","capacity_mw":1.1,"status_group":"Operating","energy_sources":"SUN","type":"Power plant","is_nuclear":false}},{"type":"Feature","geometry":{"type":"Point","coordinates":[-89.363,42.02]},"properties":{"key":"66082-032c4bc1","layer":"power","name":"OE IL Solar 3","state":"IL","detail_file":"data/details/power-plants-24.json","plant_id":"66082","capacity_mw":2.0,"status_group":"Operating","energy_sources":"SUN","type":"Power plant","is_nuclear":false}},{"type":"Feature","geometry":{"type":"Point","coordinates":[-88.388,42.283]},"properties":{"key":"70046-09dbe3b9","layer":"power","name":"OER IL - Groundhog","state":"IL","detail_file":"data/details/power-plants-42.json","plant_id":"70046","capacity_mw":2.0,"status_group":"Under construction","energy_sources":"SUN","type":"Power plant","is_nuclear":false}},{"type":"Feature","geometry":{"type":"Point","coordinates":[-89.494,41.564]},"properties":{"key":"68996-e3ebb837","layer":"power","name":"Ohio Solar LLC","state":"IL","detail_file":"data/details/power-plants-13.json","plant_id":"68996","capacity_mw":5.0,"status_group":"Operating","energy_sources":"SUN","type":"Power plant","is_nuclear":false}},{"type":"Feature","geometry":{"type":"Point","coordinates":[-89.173,40.989]},"properties":{"key":"68413-05b273b3","layer":"power","name":"Old Town Wind","state":"IL","detail_file":"data/details/power-plants-20.json","plant_id":"68413","capacity_mw":178.0,"status_group":"Planned","energy_sources":"WND","type":"Power plant","is_nuclear":false}},{"type":"Feature","geometry":{"type":"Point","coordinates":[-88.799,40.479]},"properties":{"key":"56614-4e5f4a0e","layer":"power","name":"Old Trail Wind Farm","state":"IL","detail_file":"data/details/power-plants-13.json","plant_id":"56614","capacity_mw":213.8,"status_group":"Operating","energy_sources":"WND","type":"Power plant","is_nuclear":false}},{"type":"Feature","geometry":{"type":"Point","coordinates":[-89.796,42.372]},"properties":{"key":"64735-6c807b19","layer":"power","name":"Olmstead II CSG","state":"IL","detail_file":"data/details/power-plants-19.json","plant_id":"64735","capacity_mw":2.0,"status_group":"Operating","energy_sources":"SUN","type":"Power plant","is_nuclear":false}},{"type":"Feature","geometry":{"type":"Point","coordinates":[-88.972,40.941]},"properties":{"key":"67347-41d5b24e","layer":"power","name":"Osagrove Flats Wind","state":"IL","detail_file":"data/details/power-plants-27.json","plant_id":"67347","capacity_mw":150.0,"status_group":"Under construction","energy_sources":"WND","type":"Power plant","is_nuclear":false}},{"type":"Feature","geometry":{"type":"Point","coordinates":[-88.452,42.267]},"properties":{"key":"69207-84a0141e","layer":"power","name":"Osman Trust","state":"IL","detail_file":"data/details/power-plants-61.json","plant_id":"69207","capacity_mw":4.5,"status_group":"Under construction","energy_sources":"SUN","type":"Power plant","is_nuclear":false}},{"type":"Feature","geometry":{"type":"Point","coordinates":[-88.994,41.055]},"properties":{"key":"61344-cc1a7eb1","layer":"power","name":"Otter Creek Wind Farm LLC","state":"IL","detail_file":"data/details/power-plants-15.json","plant_id":"61344","capacity_mw":150.0,"status_group":"Operating","energy_sources":"WND","type":"Power plant","is_nuclear":false}},{"type":"Feature","geometry":{"type":"Point","coordinates":[-88.862,40.815]},"properties":{"key":"69690-c680754c","layer":"power","name":"Panther Grove 2","state":"IL","detail_file":"data/details/power-plants-60.json","plant_id":"69690","capacity_mw":472.5,"status_group":"Under construction","energy_sources":"WND","type":"Power plant","is_nuclear":false}},{"type":"Feature","geometry":{"type":"Point","coordinates":[-89.171,40.713]},"properties":{"key":"63818-cb0e3f06","layer":"power","name":"Panther Grove Wind, LLC","state":"IL","detail_file":"data/details/power-plants-03.json","plant_id":"63818","capacity_mw":423.0,"status_group":"Under construction","energy_sources":"WND","type":"Power plant","is_nuclear":false}},{"type":"Feature","geometry":{"type":"Point","coordinates":[-89.517,40.533]},"properties":{"key":"70067-67fa5305","layer":"power","name":"Pearl St Solar 1, LLC","state":"IL","detail_file":"data/details/power-plants-55.json","plant_id":"70067","capacity_mw":2.0,"status_group":"Operating","energy_sources":"SUN","type":"Power plant","is_nuclear":false}},{"type":"Feature","geometry":{"type":"Point","coordinates":[-89.621,40.462]},"properties":{"key":"69587-c04eb5fa","layer":"power","name":"Pekin Community High School","state":"IL","detail_file":"data/details/power-plants-19.json","plant_id":"69587","capacity_mw":1.4,"status_group":"Operating","energy_sources":"SUN","type":"Power plant","is_nuclear":false}},{"type":"Feature","geometry":{"type":"Point","coordinates":[-89.679,40.622]},"properties":{"key":"68920-66480797","layer":"power","name":"Peoria County IL S2","state":"IL","detail_file":"data/details/power-plants-04.json","plant_id":"68920","capacity_mw":2.0,"status_group":"Operating","energy_sources":"SUN","type":"Power plant","is_nuclear":false}},{"type":"Feature","geometry":{"type":"Point","coordinates":[-89.7,40.812]},"properties":{"key":"69033-328d47ad","layer":"power","name":"Peoria Solar 3","state":"IL","detail_file":"data/details/power-plants-58.json","plant_id":"69033","capacity_mw":4.9,"status_group":"Operating","energy_sources":"SUN","type":"Power plant","is_nuclear":false}},{"type":"Feature","geometry":{"type":"Point","coordinates":[-88.245,40.082]},"properties":{"key":"62735-3eec9176","layer":"power","name":"Phoenix Solar South Farms LLC Solar Farm","state":"IL","detail_file":"data/details/power-plants-60.json","plant_id":"62735","capacity_mw":4.7,"status_group":"Operating","energy_sources":"SUN","type":"Power plant","is_nuclear":false}},{"type":"Feature","geometry":{"type":"Point","coordinates":[-89.537,40.059]},"properties":{"key":"65049-c5360383","layer":"power","name":"Pike Creek Wind","state":"IL","detail_file":"data/details/power-plants-07.json","plant_id":"65049","capacity_mw":202.5,"status_group":"Planned","energy_sources":"WND","type":"Power plant","is_nuclear":false}},{"type":"Feature","geometry":{"type":"Point","coordinates":[-88.056,40.999]},"properties":{"key":"58898-99c7e7bf","layer":"power","name":"Pilot Hill Wind Farm","state":"IL","detail_file":"data/details/power-plants-59.json","plant_id":"58898","capacity_mw":175.0,"status_group":"Operating","energy_sources":"WND","type":"Power plant","is_nuclear":false}},{"type":"Feature","geometry":{"type":"Point","coordinates":[-88.664,41.674]},"properties":{"key":"64439-bdd93a04","layer":"power","name":"Pine Road Solar, LLC CSG","state":"IL","detail_file":"data/details/power-plants-43.json","plant_id":"64439","capacity_mw":2.0,"status_group":"Operating","energy_sources":"SUN","type":"Power plant","is_nuclear":false}},{"type":"Feature","geometry":{"type":"Point","coordinates":[-88.022,40.464]},"properties":{"key":"57675-f414baef","layer":"power","name":"Pioneer Trail Wind Farm, LLC","state":"IL","detail_file":"data/details/power-plants-44.json","plant_id":"57675","capacity_mw":150.4,"status_group":"Operating","energy_sources":"WND","type":"Power plant","is_nuclear":false}},{"type":"Feature","geometry":{"type":"Point","coordinates":[-89.237,40.269]},"properties":{"key":"70099-f6b3dc6b","layer":"power","name":"Pivot Energy IL 7 LLC","state":"IL","detail_file":"data/details/power-plants-48.json","plant_id":"70099","capacity_mw":1.4,"status_group":"Under construction","energy_sources":"SUN","type":"Power plant","is_nuclear":false}},{"type":"Feature","geometry":{"type":"Point","coordinates":[-88.868,42.228]},"properties":{"key":"70100-341811f6","layer":"power","name":"Pivot Energy IL 70 LLC","state":"IL","detail_file":"data/details/power-plants-44.json","plant_id":"70100","capacity_mw":5.0,"status_group":"Under construction","energy_sources":"SUN","type":"Power plant","is_nuclear":false}},{"type":"Feature","geometry":{"type":"Point","coordinates":[-90.348,40.354]},"properties":{"key":"68880-f3fd9979","layer":"power","name":"Pleasantville Solar Park","state":"IL","detail_file":"data/details/power-plants-19.json","plant_id":"68880","capacity_mw":150.0,"status_group":"Operating","energy_sources":"SUN","type":"Power plant","is_nuclear":false}},{"type":"Feature","geometry":{"type":"Point","coordinates":[-88.682,41.674]},"properties":{"key":"67753-e1f91f0d","layer":"power","name":"Plote Somonauk","state":"IL","detail_file":"data/details/power-plants-05.json","plant_id":"67753","capacity_mw":2.0,"status_group":"Operating","energy_sources":"SUN","type":"Power plant","is_nuclear":false}},{"type":"Feature","geometry":{"type":"Point","coordinates":[-88.625,40.918]},"properties":{"key":"64414-7992cab0","layer":"power","name":"Pontiac","state":"IL","detail_file":"data/details/power-plants-03.json","plant_id":"64414","capacity_mw":2.0,"status_group":"Operating","energy_sources":"SUN","type":"Power plant","is_nuclear":false}},{"type":"Feature","geometry":{"type":"Point","coordinates":[-88.619,40.918]},"properties":{"key":"68469-d5892a03","layer":"power","name":"Pontiac 1A","state":"IL","detail_file":"data/details/power-plants-27.json","plant_id":"68469","capacity_mw":2.0,"status_group":"Operating","energy_sources":"SUN","type":"Power plant","is_nuclear":false}},{"type":"Feature","geometry":{"type":"Point","coordinates":[-90.733,41.204]},"properties":{"key":"69230-bcd0ef17","layer":"power","name":"Pope Creek Solar PV","state":"IL","detail_file":"data/details/power-plants-28.json","plant_id":"69230","capacity_mw":5.0,"status_group":"Operating","energy_sources":"SUN","type":"Power plant","is_nuclear":false}},{"type":"Feature","geometry":{"type":"Point","coordinates":[-88.857,42.373]},"properties":{"key":"70252-523bb116","layer":"power","name":"Poplar Grove Solar 2, LLC","state":"IL","detail_file":"data/details/power-plants-63.json","plant_id":"70252","capacity_mw":2.0,"status_group":"Operating","energy_sources":"SUN","type":"Power plant","is_nuclear":false}},{"type":"Feature","geometry":{"type":"Point","coordinates":[-89.679,40.541]},"properties":{"key":"879-66f242d5","layer":"power","name":"Powerton","state":"IL","detail_file":"data/details/power-plants-21.json","plant_id":"879","capacity_mw":1785.6,"status_group":"Operating","energy_sources":"SUB","type":"Power plant","is_nuclear":false}},{"type":"Feature","geometry":{"type":"Point","coordinates":[-88.058,40.01]},"properties":{"key":"64536-209232d6","layer":"power","name":"Prairie Solar LLC","state":"IL","detail_file":"data/details/power-plants-46.json","plant_id":"64536","capacity_mw":135.0,"status_group":"Operating","energy_sources":"SUN","type":"Power plant","is_nuclear":false}},{"type":"Feature","geometry":{"type":"Point","coordinates":[-89.598,42.307]},"properties":{"key":"64971-2177e835","layer":"power","name":"Pretzel CSG","state":"IL","detail_file":"data/details/power-plants-51.json","plant_id":"64971","capacity_mw":2.0,"status_group":"Operating","energy_sources":"SUN","type":"Power plant","is_nuclear":false}},{"type":"Feature","geometry":{"type":"Point","coordinates":[-89.465,41.376]},"properties":{"key":"957-45ce953b","layer":"power","name":"Princeton (IL)","state":"IL","detail_file":"data/details/power-plants-04.json","plant_id":"957","capacity_mw":37.9,"status_group":"Operating","energy_sources":"NG","type":"Power plant","is_nuclear":false}},{"type":"Feature","geometry":{"type":"Point","coordinates":[-89.491,41.39]},"properties":{"key":"69645-f663a67c","layer":"power","name":"Princeton Solar","state":"IL","detail_file":"data/details/power-plants-08.json","plant_id":"69645","capacity_mw":1.0,"status_group":"Operating","energy_sources":"SUN","type":"Power plant","is_nuclear":false}},{"type":"Feature","geometry":{"type":"Point","coordinates":[-89.805,41.722]},"properties":{"key":"64972-dc6fcc1d","layer":"power","name":"Prophet CSG","state":"IL","detail_file":"data/details/power-plants-35.json","plant_id":"64972","capacity_mw":2.0,"status_group":"Operating","energy_sources":"SUN","type":"Power plant","is_nuclear":false}},{"type":"Feature","geometry":{"type":"Point","coordinates":[-88.589,40.188]},"properties":{"key":"68193-4a64e0c9","layer":"power","name":"Prosperity Wind","state":"IL","detail_file":"data/details/power-plants-43.json","plant_id":"68193","capacity_mw":300.0,"status_group":"Operating","energy_sources":"WND","type":"Power plant","is_nuclear":false}},{"type":"Feature","geometry":{"type":"Point","coordinates":[-89.557,41.229]},"properties":{"key":"56622-3b21c41e","layer":"power","name":"Providence Heights Wind LLC","state":"IL","detail_file":"data/details/power-plants-37.json","plant_id":"56622","capacity_mw":72.0,"status_group":"Operating","energy_sources":"WND","type":"Power plant","is_nuclear":false}},{"type":"Feature","geometry":{"type":"Point","coordinates":[-89.212,41.258]},"properties":{"key":"68050-bbaf374c","layer":"power","name":"Putnam Solar 1","state":"IL","detail_file":"data/details/power-plants-35.json","plant_id":"68050","capacity_mw":2.0,"status_group":"Operating","energy_sources":"SUN","type":"Power plant","is_nuclear":false}},{"type":"Feature","geometry":{"type":"Point","coordinates":[-89.213,41.258]},"properties":{"key":"68051-5bbab7cd","layer":"power","name":"Putnam Solar 1B","state":"IL","detail_file":"data/details/power-plants-36.json","plant_id":"68051","capacity_mw":2.0,"status_group":"Operating","energy_sources":"SUN","type":"Power plant","is_nuclear":false}},{"type":"Feature","geometry":{"type":"Point","coordinates":[-90.31,41.726]},"properties":{"key":"880-584e1f75","layer":"power","name":"Quad Cities Generating Station","state":"IL","detail_file":"data/details/power-plants-28.json","plant_id":"880","capacity_mw":2018.6,"status_group":"Operating","energy_sources":"NUC","type":"Nuclear power plant","is_nuclear":true}},{"type":"Feature","geometry":{"type":"Point","coordinates":[-89.047,40.011]},"properties":{"key":"59061-894a6e6d","layer":"power","name":"Radfords Run Wind Farm","state":"IL","detail_file":"data/details/power-plants-21.json","plant_id":"59061","capacity_mw":278.0,"status_group":"Operating","energy_sources":"WND","type":"Power plant","is_nuclear":false}},{"type":"Feature","geometry":{"type":"Point","coordinates":[-89.402,40.369]},"properties":{"key":"56856-d49e1a7b","layer":"power","name":"Rail Splitter Wind Farm","state":"IL","detail_file":"data/details/power-plants-12.json","plant_id":"56856","capacity_mw":100.5,"status_group":"Operating","energy_sources":"WND","type":"Power plant","is_nuclear":false}},{"type":"Feature","geometry":{"type":"Point","coordinates":[-88.159,40.312]},"properties":{"key":"958-3d8635f7","layer":"power","name":"Rantoul","state":"IL","detail_file":"data/details/power-plants-38.json","plant_id":"958","capacity_mw":14.4,"status_group":"Operating","energy_sources":"DFO","type":"Power plant","is_nuclear":false}},{"type":"Feature","geometry":{"type":"Point","coordinates":[-88.133,40.287]},"properties":{"key":"62451-877e6f19","layer":"power","name":"Rantoul Solar","state":"IL","detail_file":"data/details/power-plants-11.json","plant_id":"62451","capacity_mw":2.0,"status_group":"Operating","energy_sources":"SUN","type":"Power plant","is_nuclear":false}},{"type":"Feature","geometry":{"type":"Point","coordinates":[-88.727,41.886]},"properties":{"key":"68085-1b620a75","layer":"power","name":"Red Maple LRE","state":"IL","detail_file":"data/details/power-plants-13.json","plant_id":"68085","capacity_mw":95.0,"status_group":"Under construction","energy_sources":"SUN","type":"Power plant","is_nuclear":false}},{"type":"Feature","geometry":{"type":"Point","coordinates":[-88.24,42.111]},"properties":{"key":"63071-f4b23829","layer":"power","name":"Reed Road Solar","state":"IL","detail_file":"data/details/power-plants-21.json","plant_id":"63071","capacity_mw":1.3,"status_group":"Operating","energy_sources":"SUN","type":"Power plant","is_nuclear":false}},{"type":"Feature","geometry":{"type":"Point","coordinates":[-89.27,40.944]},"properties":{"key":"68928-02fe24c2","layer":"power","name":"Richland Township Solar II, LLC","state":"IL","detail_file":"data/details/power-plants-10.json","plant_id":"68928","capacity_mw":10.8,"status_group":"Operating","energy_sources":"SUN","type":"Power plant","is_nuclear":false}},{"type":"Feature","geometry":{"type":"Point","coordinates":[-89.288,40.936]},"properties":{"key":"66630-92be28bf","layer":"power","name":"Richland Township Solar, LLC","state":"IL","detail_file":"data/details/power-plants-46.json","plant_id":"66630","capacity_mw":35.0,"status_group":"Operating","energy_sources":"SUN","type":"Power plant","is_nuclear":false}},{"type":"Feature","geometry":{"type":"Point","coordinates":[-88.304,42.441]},"properties":{"key":"68857-a03f2642","layer":"power","name":"Richmond Solar","state":"IL","detail_file":"data/details/power-plants-06.json","plant_id":"68857","capacity_mw":2.0,"status_group":"Operating","energy_sources":"SUN","type":"Power plant","is_nuclear":false}},{"type":"Feature","geometry":{"type":"Point","coordinates":[-88.999,41.925]},"properties":{"key":"58377-9b22a5c4","layer":"power","name":"Rochelle Energy Center","state":"IL","detail_file":"data/details/power-plants-45.json","plant_id":"58377","capacity_mw":4.8,"status_group":"Operating","energy_sources":"LFG","type":"Power plant","is_nuclear":false}},{"type":"Feature","geometry":{"type":"Point","coordinates":[-89.158,42.283]},"properties":{"key":"69919-3586a209","layer":"power","name":"Rock Cut Solar","state":"IL","detail_file":"data/details/power-plants-31.json","plant_id":"69919","capacity_mw":4.0,"status_group":"Operating","energy_sources":"SUN","type":"Power plant","is_nuclear":false}},{"type":"Feature","geometry":{"type":"Point","coordinates":[-89.085,42.176]},"properties":{"key":"65731-c2caeb75","layer":"power","name":"Rockford CS 1","state":"IL","detail_file":"data/details/power-plants-38.json","plant_id":"65731","capacity_mw":2.0,"status_group":"Operating","energy_sources":"SUN","type":"Power plant","is_nuclear":false}},{"type":"Feature","geometry":{"type":"Point","coordinates":[-89.085,42.176]},"properties":{"key":"65732-d2d3fdb9","layer":"power","name":"Rockford CS 2","state":"IL","detail_file":"data/details/power-plants-04.json","plant_id":"65732","capacity_mw":2.0,"status_group":"Operating","energy_sources":"SUN","type":"Power plant","is_nuclear":false}},{"type":"Feature","geometry":{"type":"Point","coordinates":[-89.037,42.166]},"properties":{"key":"64415-f83ccedb","layer":"power","name":"Rockford CSG","state":"IL","detail_file":"data/details/power-plants-38.json","plant_id":"64415","capacity_mw":2.0,"status_group":"Operating","energy_sources":"SUN","type":"Power plant","is_nuclear":false}},{"type":"Feature","geometry":{"type":"Point","coordinates":[-89.027,42.232]},"properties":{"key":"67812-a79f4260","layer":"power","name":"Rockford Plant","state":"IL","detail_file":"data/details/power-plants-08.json","plant_id":"67812","capacity_mw":2.0,"status_group":"Operating","energy_sources":"SUN","type":"Power plant","is_nuclear":false}},{"type":"Feature","geometry":{"type":"Point","coordinates":[-89.024,42.233]},"properties":{"key":"69805-6c284a28","layer":"power","name":"Rockford Plant 7","state":"IL","detail_file":"data/details/power-plants-06.json","plant_id":"69805","capacity_mw":1.5,"status_group":"Under construction","energy_sources":"SUN","type":"Power plant","is_nuclear":false}},{"type":"Feature","geometry":{"type":"Point","coordinates":[-89.099,42.285]},"properties":{"key":"66085-068990e2","layer":"power","name":"Rockford Solar","state":"IL","detail_file":"data/details/power-plants-19.json","plant_id":"66085","capacity_mw":2.0,"status_group":"Operating","energy_sources":"SUN","type":"Power plant","is_nuclear":false}},{"type":"Feature","geometry":{"type":"Point","coordinates":[-89.088,42.175]},"properties":{"key":"58643-5c0cbed7","layer":"power","name":"Rockford Solar Farm","state":"IL","detail_file":"data/details/power-plants-54.json","plant_id":"58643","capacity_mw":2.6,"status_group":"Operating","energy_sources":"SUN","type":"Power plant","is_nuclear":false}},{"type":"Feature","geometry":{"type":"Point","coordinates":[-89.076,42.451]},"properties":{"key":"903-f97b49d7","layer":"power","name":"Rockton","state":"IL","detail_file":"data/details/power-plants-34.json","plant_id":"903","capacity_mw":1.1,"status_group":"Operating","energy_sources":"WAT","type":"Power plant","is_nuclear":false}},{"type":"Feature","geometry":{"type":"Point","coordinates":[-89.685,41.364]},"properties":{"key":"69240-046e9fc1","layer":"power","name":"Rocky Mountain Elk Solar Community Solar","state":"IL","detail_file":"data/details/power-plants-50.json","plant_id":"69240","capacity_mw":5.0,"status_group":"Operating","energy_sources":"SUN","type":"Power plant","is_nuclear":false}},{"type":"Feature","geometry":{"type":"Point","coordinates":[-88.11,41.597]},"properties":{"key":"68235-e47c6eb5","layer":"power","name":"Romeoville 34 - SLCHI234 - BSCHI234","state":"IL","detail_file":"data/details/power-plants-61.json","plant_id":"68235","capacity_mw":1.1,"status_group":"Operating","energy_sources":"SUN","type":"Power plant","is_nuclear":false}},{"type":"Feature","geometry":{"type":"Point","coordinates":[-88.11,41.597]},"properties":{"key":"68235-9e868b7a","layer":"power","name":"Romeoville 34 - SLCHI234 - BSCHI234","state":"IL","detail_file":"data/details/power-plants-38.json","plant_id":"68235","capacity_mw":0.5,"status_group":"Under construction","energy_sources":"MWH","type":"Power plant","is_nuclear":false}},{"type":"Feature","geometry":{"type":"Point","coordinates":[-89.864,41.759]},"properties":{"key":"67813-4e7ee615","layer":"power","name":"Round Grove 1","state":"IL","detail_file":"data/details/power-plants-16.json","plant_id":"67813","capacity_mw":2.0,"status_group":"Operating","energy_sources":"SUN","type":"Power plant","is_nuclear":false}},{"type":"Feature","geometry":{"type":"Point","coordinates":[-89.867,41.76]},"properties":{"key":"67814-3c61caa8","layer":"power","name":"Round Grove 2","state":"IL","detail_file":"data/details/power-plants-42.json","plant_id":"67814","capacity_mw":2.0,"status_group":"Operating","energy_sources":"SUN","type":"Power plant","is_nuclear":false}},{"type":"Feature","geometry":{"type":"Point","coordinates":[-88.846,42.419]},"properties":{"key":"64018-a9d9c2fc","layer":"power","name":"Route 76 Boone Solar 1","state":"IL","detail_file":"data/details/power-plants-31.json","plant_id":"64018","capacity_mw":2.0,"status_group":"Operating","energy_sources":"SUN","type":"Power plant","is_nuclear":false}},{"type":"Feature","geometry":{"type":"Point","coordinates":[-88.87,41.336]},"properties":{"key":"69183-0c4f6279","layer":"power","name":"SAE Ottawa IL","state":"IL","detail_file":"data/details/power-plants-32.json","plant_id":"69183","capacity_mw":2.0,"status_group":"Operating","energy_sources":"SUN","type":"Power plant","is_nuclear":false}},{"type":"Feature","geometry":{"type":"Point","coordinates":[-89.67,41.767]},"properties":{"key":"64364-9809b8d7","layer":"power","name":"SCS Beltway 011754 Rock Falls, LLC","state":"IL","detail_file":"data/details/power-plants-59.json","plant_id":"64364","capacity_mw":1.0,"status_group":"Operating","energy_sources":"SUN","type":"Power plant","is_nuclear":false}},{"type":"Feature","geometry":{"type":"Point","coordinates":[-88.239,40.071]},"properties":{"key":"65417-caba49ce","layer":"power","name":"SCS COUNTY 012631 Champaign, LLC","state":"IL","detail_file":"data/details/power-plants-59.json","plant_id":"65417","capacity_mw":2.0,"status_group":"Operating","energy_sources":"SUN","type":"Power plant","is_nuclear":false}},{"type":"Feature","geometry":{"type":"Point","coordinates":[-89.569,40.765]},"properties":{"key":"65415-9e36c48c","layer":"power","name":"SCS Galena 012589 Peoria, LLC","state":"IL","detail_file":"data/details/power-plants-34.json","plant_id":"65415","capacity_mw":2.0,"status_group":"Operating","energy_sources":"SUN","type":"Power plant","is_nuclear":false}},{"type":"Feature","geometry":{"type":"Point","coordinates":[-88.166,41.7]},"properties":{"key":"65414-fddfdaab","layer":"power","name":"SCS Plainfield 011755 Naperville, LLC","state":"IL","detail_file":"data/details/power-plants-04.json","plant_id":"65414","capacity_mw":1.0,"status_group":"Operating","energy_sources":"SUN","type":"Power plant","is_nuclear":false}},{"type":"Feature","geometry":{"type":"Point","coordinates":[-89.92,41.559]},"properties":{"key":"69789-951586aa","layer":"power","name":"SPG IL Green River CSG","state":"IL","detail_file":"data/details/power-plants-07.json","plant_id":"69789","capacity_mw":2.8,"status_group":"Operating","energy_sources":"SUN","type":"Power plant","is_nuclear":false}},{"type":"Feature","geometry":{"type":"Point","coordinates":[-88.437,41.474]},"properties":{"key":"69788-d81e216a","layer":"power","name":"SPG IL Valley Run","state":"IL","detail_file":"data/details/power-plants-06.json","plant_id":"69788","capacity_mw":2.3,"status_group":"Operating","energy_sources":"SUN","type":"Power plant","is_nuclear":false}},{"type":"Feature","geometry":{"type":"Point","coordinates":[-89.609,42.201]},"properties":{"key":"65796-b5ba3361","layer":"power","name":"SV CSG Baileyville 1 LLC","state":"IL","detail_file":"data/details/power-plants-02.json","plant_id":"65796","capacity_mw":2.0,"status_group":"Operating","energy_sources":"SUN","type":"Power plant","is_nuclear":false}},{"type":"Feature","geometry":{"type":"Point","coordinates":[-89.611,42.201]},"properties":{"key":"65890-dc4ab5a9","layer":"power","name":"SV CSG Baileyville 2 LLC","state":"IL","detail_file":"data/details/power-plants-48.json","plant_id":"65890","capacity_mw":2.0,"status_group":"Operating","energy_sources":"SUN","type":"Power plant","is_nuclear":false}},{"type":"Feature","geometry":{"type":"Point","coordinates":[-89.032,40.466]},"properties":{"key":"69949-4c5a9062","layer":"power","name":"SV CSG Bloomington","state":"IL","detail_file":"data/details/power-plants-04.json","plant_id":"69949","capacity_mw":10.0,"status_group":"Under construction","energy_sources":"MWH; SUN","type":"Power plant","is_nuclear":false}},{"type":"Feature","geometry":{"type":"Point","coordinates":[-89.481,42.215]},"properties":{"key":"67687-876def5f","layer":"power","name":"SV CSG German Valley 1 LLC","state":"IL","detail_file":"data/details/power-plants-31.json","plant_id":"67687","capacity_mw":2.0,"status_group":"Operating","energy_sources":"SUN","type":"Power plant","is_nuclear":false}},{"type":"Feature","geometry":{"type":"Point","coordinates":[-88.732,42.097]},"properties":{"key":"69815-5c148a46","layer":"power","name":"SV CSG Kingston Solar 1","state":"IL","detail_file":"data/details/power-plants-35.json","plant_id":"69815","capacity_mw":5.0,"status_group":"Under construction","energy_sources":"SUN","type":"Power plant","is_nuclear":false}},{"type":"Feature","geometry":{"type":"Point","coordinates":[-88.478,41.955]},"properties":{"key":"64330-bf7f30db","layer":"power","name":"SV CSG Lily Lake 2 LLC","state":"IL","detail_file":"data/details/power-plants-42.json","plant_id":"64330","capacity_mw":2.0,"status_group":"Operating","energy_sources":"SUN","type":"Power plant","is_nuclear":false}},{"type":"Feature","geometry":{"type":"Point","coordinates":[-88.38,40.193]},"properties":{"key":"69810-78b2224e","layer":"power","name":"SV CSG Mahomet","state":"IL","detail_file":"data/details/power-plants-30.json","plant_id":"69810","capacity_mw":3.5,"status_group":"Under construction","energy_sources":"SUN","type":"Power plant","is_nuclear":false}},{"type":"Feature","geometry":{"type":"Point","coordinates":[-88.885,41.332]},"properties":{"key":"68936-4e7d3d00","layer":"power","name":"SV CSG Naplate","state":"IL","detail_file":"data/details/power-plants-34.json","plant_id":"68936","capacity_mw":3.9,"status_group":"Under construction","energy_sources":"SUN","type":"Power plant","is_nuclear":false}},{"type":"Feature","geometry":{"type":"Point","coordinates":[-88.608,40.916]},"properties":{"key":"69818-5cbe0f71","layer":"power","name":"SV CSG North Creek 1","state":"IL","detail_file":"data/details/power-plants-36.json","plant_id":"69818","capacity_mw":2.1,"status_group":"Under construction","energy_sources":"SUN","type":"Power plant","is_nuclear":false}},{"type":"Feature","geometry":{"type":"Point","coordinates":[-88.777,41.341]},"properties":{"key":"69160-7ec8b9d2","layer":"power","name":"SV CSG Ottawa 1","state":"IL","detail_file":"data/details/power-plants-24.json","plant_id":"69160","capacity_mw":3.0,"status_group":"Under construction","energy_sources":"SUN","type":"Power plant","is_nuclear":false}},{"type":"Feature","geometry":{"type":"Point","coordinates":[-89.445,41.582]},"properties":{"key":"69157-943c897f","layer":"power","name":"SV CSG Paloma Solar","state":"IL","detail_file":"data/details/power-plants-17.json","plant_id":"69157","capacity_mw":4.4,"status_group":"Operating","energy_sources":"SUN","type":"Power plant","is_nuclear":false}},{"type":"Feature","geometry":{"type":"Point","coordinates":[-88.423,42.039]},"properties":{"key":"67683-ceb23814","layer":"power","name":"SV CSG Plato Solar 1 LLC","state":"IL","detail_file":"data/details/power-plants-42.json","plant_id":"67683","capacity_mw":4.3,"status_group":"Operating","energy_sources":"SUN","type":"Power plant","is_nuclear":false}},{"type":"Feature","geometry":{"type":"Point","coordinates":[-90.493,40.929]},"properties":{"key":"69158-1bb5e2b8","layer":"power","name":"SV CSG Reeder Solar","state":"IL","detail_file":"data/details/power-plants-45.json","plant_id":"69158","capacity_mw":5.0,"status_group":"Under construction","energy_sources":"SUN","type":"Power plant","is_nuclear":false}},{"type":"Feature","geometry":{"type":"Point","coordinates":[-88.771,41.893]},"properties":{"key":"65799-c722a070","layer":"power","name":"SV CSG South Dekalb 1 LLC","state":"IL","detail_file":"data/details/power-plants-06.json","plant_id":"65799","capacity_mw":2.0,"status_group":"Operating","energy_sources":"SUN","type":"Power plant","is_nuclear":false}},{"type":"Feature","geometry":{"type":"Point","coordinates":[-88.771,41.894]},"properties":{"key":"65800-6b489ccd","layer":"power","name":"SV CSG South Dekalb 2 LLC","state":"IL","detail_file":"data/details/power-plants-21.json","plant_id":"65800","capacity_mw":2.0,"status_group":"Operating","energy_sources":"SUN","type":"Power plant","is_nuclear":false}},{"type":"Feature","geometry":{"type":"Point","coordinates":[-88.386,42.097]},"properties":{"key":"69814-11fa25a7","layer":"power","name":"SV CSG Sun Trust Solar","state":"IL","detail_file":"data/details/power-plants-33.json","plant_id":"69814","capacity_mw":5.0,"status_group":"Under construction","energy_sources":"SUN","type":"Power plant","is_nuclear":false}},{"type":"Feature","geometry":{"type":"Point","coordinates":[-88.353,42.054]},"properties":{"key":"69816-691bb225","layer":"power","name":"SV CSG Wilson School Solar","state":"IL","detail_file":"data/details/power-plants-02.json","plant_id":"69816","capacity_mw":5.0,"status_group":"Under construction","energy_sources":"SUN","type":"Power plant","is_nuclear":false}},{"type":"Feature","geometry":{"type":"Point","coordinates":[-88.301,41.195]},"properties":{"key":"64967-c7de7661","layer":"power","name":"SV Gardner 1 (Lutz) CSG","state":"IL","detail_file":"data/details/power-plants-19.json","plant_id":"64967","capacity_mw":2.0,"status_group":"Operating","energy_sources":"SUN","type":"Power plant","is_nuclear":false}},{"type":"Feature","geometry":{"type":"Point","coordinates":[-89.72,40.183]},"properties":{"key":"66633-f9001764","layer":"power","name":"Salt Creek Township Solar, LLC","state":"IL","detail_file":"data/details/power-plants-26.json","plant_id":"66633","capacity_mw":50.0,"status_group":"Operating","energy_sources":"SUN","type":"Power plant","is_nuclear":false}},{"type":"Feature","geometry":{"type":"Point","coordinates":[-89.445,41.413]},"properties":{"key":"69851-e7d1bd51","layer":"power","name":"Salvia Solar, LLC","state":"IL","detail_file":"data/details/power-plants-36.json","plant_id":"69851","capacity_mw":5.0,"status_group":"Operating","energy_sources":"SUN","type":"Power plant","is_nuclear":false}},{"type":"Feature","geometry":{"type":"Point","coordinates":[-89.693,40.438]},"properties":{"key":"68336-bd19e3aa","layer":"power","name":"Sand Prairie Solar","state":"IL","detail_file":"data/details/power-plants-44.json","plant_id":"68336","capacity_mw":2.0,"status_group":"Operating","energy_sources":"SUN","type":"Power plant","is_nuclear":false}},{"type":"Feature","geometry":{"type":"Point","coordinates":[-88.585,40.294]},"properties":{"key":"65316-34cc2097","layer":"power","name":"Sapphire Sky Wind Energy LLC","state":"IL","detail_file":"data/details/power-plants-21.json","plant_id":"65316","capacity_mw":259.8,"status_group":"Operating","energy_sources":"WND","type":"Power plant","is_nuclear":false}},{"type":"Feature","geometry":{"type":"Point","coordinates":[-89.955,41.783]},"properties":{"key":"69213-655fedfb","layer":"power","name":"Sawyer","state":"IL","detail_file":"data/details/power-plants-41.json","plant_id":"69213","capacity_mw":5.0,"status_group":"Operating","energy_sources":"SUN","type":"Power plant","is_nuclear":false}},{"type":"Feature","geometry":{"type":"Point","coordinates":[-89.529,40.559]},"properties":{"key":"70071-27d3557d","layer":"power","name":"Schmidt Huser Solar, LLC","state":"IL","detail_file":"data/details/power-plants-59.json","plant_id":"70071","capacity_mw":1.5,"status_group":"Operating","energy_sources":"SUN","type":"Power plant","is_nuclear":false}},{"type":"Feature","geometry":{"type":"Point","coordinates":[-89.405,41.032]},"properties":{"key":"64257-92eaa539","layer":"power","name":"Schulte 2 Community Solar","state":"IL","detail_file":"data/details/power-plants-57.json","plant_id":"64257","capacity_mw":2.0,"status_group":"Operating","energy_sources":"SUN","type":"Power plant","is_nuclear":false}},{"type":"Feature","geometry":{"type":"Point","coordinates":[-88.864,41.118]},"properties":{"key":"64732-da09bf95","layer":"power","name":"Segunda II (CSG)","state":"IL","detail_file":"data/details/power-plants-62.json","plant_id":"64732","capacity_mw":2.0,"status_group":"Operating","energy_sources":"SUN","type":"Power plant","is_nuclear":false}},{"type":"Feature","geometry":{"type":"Point","coordinates":[-88.288,41.872]},"properties":{"key":"50563-7ace8cb4","layer":"power","name":"Settlers Hill Gas Recovery","state":"IL","detail_file":"data/details/power-plants-09.json","plant_id":"50563","capacity_mw":6.0,"status_group":"Operating","energy_sources":"LFG","type":"Power plant","is_nuclear":false}},{"type":"Feature","geometry":{"type":"Point","coordinates":[-89.06,41.667]},"properties":{"key":"66568-f7ec8923","layer":"power","name":"Shady Oaks Wind 2","state":"IL","detail_file":"data/details/power-plants-36.json","plant_id":"66568","capacity_mw":108.3,"status_group":"Operating","energy_sources":"WND","type":"Power plant","is_nuclear":false}},{"type":"Feature","geometry":{"type":"Point","coordinates":[-89.06,41.667]},"properties":{"key":"57964-0f600519","layer":"power","name":"Shady Oaks Wind Farm","state":"IL","detail_file":"data/details/power-plants-32.json","plant_id":"57964","capacity_mw":109.5,"status_group":"Operating","energy_sources":"WND","type":"Power plant","is_nuclear":false}},{"type":"Feature","geometry":{"type":"Point","coordinates":[-89.901,40.828]},"properties":{"key":"69920-9a54550a","layer":"power","name":"Shissler Solar","state":"IL","detail_file":"data/details/power-plants-55.json","plant_id":"69920","capacity_mw":2.0,"status_group":"Operating","energy_sources":"SUN","type":"Power plant","is_nuclear":false}},{"type":"Feature","geometry":{"type":"Point","coordinates":[-89.074,42.206]},"properties":{"key":"64628-58c27993","layer":"power","name":"Slidematic at Rockford","state":"IL","detail_file":"data/details/power-plants-34.json","plant_id":"64628","capacity_mw":1.8,"status_group":"Operating","energy_sources":"SUN","type":"Power plant","is_nuclear":false}},{"type":"Feature","geometry":{"type":"Point","coordinates":[-88.178,40.121]},"properties":{"key":"66079-42bc0a91","layer":"power","name":"Solar Star Urbana Landfill Central","state":"IL","detail_file":"data/details/power-plants-33.json","plant_id":"66079","capacity_mw":1.9,"status_group":"Operating","energy_sources":"SUN","type":"Power plant","is_nuclear":false}},{"type":"Feature","geometry":{"type":"Point","coordinates":[-88.177,40.121]},"properties":{"key":"66078-2d2482d6","layer":"power","name":"Solar Star Urbana Landfill East","state":"IL","detail_file":"data/details/power-plants-03.json","plant_id":"66078","capacity_mw":1.9,"status_group":"Operating","energy_sources":"SUN","type":"Power plant","is_nuclear":false}},{"type":"Feature","geometry":{"type":"Point","coordinates":[-89.044,41.13]},"properties":{"key":"67643-967ea93a","layer":"power","name":"Solitude","state":"IL","detail_file":"data/details/power-plants-58.json","plant_id":"67643","capacity_mw":5.0,"status_group":"Under construction","energy_sources":"SUN","type":"Power plant","is_nuclear":false}},{"type":"Feature","geometry":{"type":"Point","coordinates":[-88.656,41.758]},"properties":{"key":"64013-e73a74a6","layer":"power","name":"Somonauk Road Solar 1","state":"IL","detail_file":"data/details/power-plants-55.json","plant_id":"64013","capacity_mw":2.0,"status_group":"Operating","energy_sources":"SUN","type":"Power plant","is_nuclear":false}},{"type":"Feature","geometry":{"type":"Point","coordinates":[-89.05,41.909]},"properties":{"key":"961-0221b085","layer":"power","name":"South Main Street","state":"IL","detail_file":"data/details/power-plants-42.json","plant_id":"961","capacity_mw":15.8,"status_group":"Operating","energy_sources":"DFO; NG","type":"Power plant","is_nuclear":false}},{"type":"Feature","geometry":{"type":"Point","coordinates":[-89.451,41.037]},"properties":{"key":"70150-cd84455b","layer":"power","name":"Sparland Solar, LLC","state":"IL","detail_file":"data/details/power-plants-04.json","plant_id":"70150","capacity_mw":2.0,"status_group":"Operating","energy_sources":"SUN","type":"Power plant","is_nuclear":false}},{"type":"Feature","geometry":{"type":"Point","coordinates":[-88.383,42.164]},"properties":{"key":"63070-eb6fbbb8","layer":"power","name":"Square Barn Solar","state":"IL","detail_file":"data/details/power-plants-49.json","plant_id":"63070","capacity_mw":1.5,"status_group":"Operating","energy_sources":"SUN","type":"Power plant","is_nuclear":false}},{"type":"Feature","geometry":{"type":"Point","coordinates":[-88.96,40.453]},"properties":{"key":"7556-61316093","layer":"power","name":"State Farm","state":"IL","detail_file":"data/details/power-plants-11.json","plant_id":"7556","capacity_mw":5.1,"status_group":"Operating","energy_sources":"DFO","type":"Power plant","is_nuclear":false}},{"type":"Feature","geometry":{"type":"Point","coordinates":[-90.55,41.078]},"properties":{"key":"69978-499c5753","layer":"power","name":"Station Solar","state":"IL","detail_file":"data/details/power-plants-62.json","plant_id":"69978","capacity_mw":40.0,"status_group":"Under construction","energy_sources":"SUN","type":"Power plant","is_nuclear":false}},{"type":"Feature","geometry":{"type":"Point","coordinates":[-88.99,41.814]},"properties":{"key":"65301-2d6b9ca7","layer":"power","name":"Steward Creek Solar Phase 1","state":"IL","detail_file":"data/details/power-plants-20.json","plant_id":"65301","capacity_mw":1200.0,"status_group":"Planned","energy_sources":"SUN","type":"Power plant","is_nuclear":false}},{"type":"Feature","geometry":{"type":"Point","coordinates":[-88.49,40.997]},"properties":{"key":"57094-6f7f672d","layer":"power","name":"Streator Cayuga Ridge South","state":"IL","detail_file":"data/details/power-plants-31.json","plant_id":"57094","capacity_mw":300.0,"status_group":"Operating","energy_sources":"WND","type":"Power plant","is_nuclear":false}},{"type":"Feature","geometry":{"type":"Point","coordinates":[-89.292,40.074]},"properties":{"key":"58924-c0c27c24","layer":"power","name":"Sugar Creek Wind One LLC","state":"IL","detail_file":"data/details/power-plants-31.json","plant_id":"58924","capacity_mw":202.0,"status_group":"Operating","energy_sources":"WND","type":"Power plant","is_nuclear":false}},{"type":"Feature","geometry":{"type":"Point","coordinates":[-90.641,40.47]},"properties":{"key":"64243-d9371397","layer":"power","name":"Sullivan B Community Solar LLC","state":"IL","detail_file":"data/details/power-plants-23.json","plant_id":"64243","capacity_mw":2.0,"status_group":"Operating","energy_sources":"SUN","type":"Power plant","is_nuclear":false}},{"type":"Feature","geometry":{"type":"Point","coordinates":[-88.244,40.09]},"properties":{"key":"61990-e655534b","layer":"power","name":"TAC-Distributed Energy Resource Hybrid","state":"IL","detail_file":"data/details/power-plants-57.json","plant_id":"61990","capacity_mw":1.5,"status_group":"Operating","energy_sources":"MWH; NG; SUN; WND","type":"Power plant","is_nuclear":false}},{"type":"Feature","geometry":{"type":"Point","coordinates":[-89.522,40.378]},"properties":{"key":"68921-526f1b90","layer":"power","name":"Tazewell County IL S1","state":"IL","detail_file":"data/details/power-plants-11.json","plant_id":"68921","capacity_mw":2.0,"status_group":"Operating","energy_sources":"SUN","type":"Power plant","is_nuclear":false}},{"type":"Feature","geometry":{"type":"Point","coordinates":[-89.517,40.682]},"properties":{"key":"50721-49866854","layer":"power","name":"Tazewell Gas Recovery","state":"IL","detail_file":"data/details/power-plants-35.json","plant_id":"50721","capacity_mw":2.4,"status_group":"Operating","energy_sources":"LFG","type":"Power plant","is_nuclear":false}},{"type":"Feature","geometry":{"type":"Point","coordinates":[-90.936,40.029]},"properties":{"key":"69217-69d31a41","layer":"power","name":"Thoroman","state":"IL","detail_file":"data/details/power-plants-62.json","plant_id":"69217","capacity_mw":2.5,"status_group":"Under construction","energy_sources":"SUN","type":"Power plant","is_nuclear":false}},{"type":"Feature","geometry":{"type":"Point","coordinates":[-89.222,40.154]},"properties":{"key":"69225-db9b7edc","layer":"power","name":"Top Hat Wind","state":"IL","detail_file":"data/details/power-plants-45.json","plant_id":"69225","capacity_mw":204.0,"status_group":"Operating","energy_sources":"WND","type":"Power plant","is_nuclear":false}},{"type":"Feature","geometry":{"type":"Point","coordinates":[-89.062,40.434]},"properties":{"key":"67644-d6bfac38","layer":"power","name":"Towanda","state":"IL","detail_file":"data/details/power-plants-11.json","plant_id":"67644","capacity_mw":5.0,"status_group":"Operating","energy_sources":"SUN","type":"Power plant","is_nuclear":false}},{"type":"Feature","geometry":{"type":"Point","coordinates":[-88.925,41.805]},"properties":{"key":"64468-e506fc97","layer":"power","name":"Tower Road Solar, LLC CSG","state":"IL","detail_file":"data/details/power-plants-13.json","plant_id":"64468","capacity_mw":2.0,"status_group":"Operating","energy_sources":"SUN","type":"Power plant","is_nuclear":false}},{"type":"Feature","geometry":{"type":"Point","coordinates":[-89.56,42.274]},"properties":{"key":"67628-c6af21a4","layer":"power","name":"Trinity Freeport","state":"IL","detail_file":"data/details/power-plants-52.json","plant_id":"67628","capacity_mw":2.0,"status_group":"Operating","energy_sources":"SUN","type":"Power plant","is_nuclear":false}},{"type":"Feature","geometry":{"type":"Point","coordinates":[-88.507,41.303]},"properties":{"key":"67255-b15a014a","layer":"power","name":"Tully 1","state":"IL","detail_file":"data/details/power-plants-48.json","plant_id":"67255","capacity_mw":2.0,"status_group":"Operating","energy_sources":"SUN","type":"Power plant","is_nuclear":false}},{"type":"Feature","geometry":{"type":"Point","coordinates":[-90.117,41.854]},"properties":{"key":"68755-5572c1b3","layer":"power","name":"USS Cattail Solar","state":"IL","detail_file":"data/details/power-plants-34.json","plant_id":"68755","capacity_mw":2.3,"status_group":"Operating","energy_sources":"SUN","type":"Power plant","is_nuclear":false}},{"type":"Feature","geometry":{"type":"Point","coordinates":[-89.351,42.014]},"properties":{"key":"68756-099e0401","layer":"power","name":"USS Ducks Solar CSG","state":"IL","detail_file":"data/details/power-plants-34.json","plant_id":"68756","capacity_mw":5.0,"status_group":"Operating","energy_sources":"SUN","type":"Power plant","is_nuclear":false}},{"type":"Feature","geometry":{"type":"Point","coordinates":[-88.065,41.076]},"properties":{"key":"63620-e4e038f0","layer":"power","name":"USS Goodrich Solar","state":"IL","detail_file":"data/details/power-plants-26.json","plant_id":"63620","capacity_mw":2.0,"status_group":"Operating","energy_sources":"SUN","type":"Power plant","is_nuclear":false}},{"type":"Feature","geometry":{"type":"Point","coordinates":[-89.921,41.659]},"properties":{"key":"69616-35817e30","layer":"power","name":"USS Lyndon Solar LLC","state":"IL","detail_file":"data/details/power-plants-15.json","plant_id":"69616","capacity_mw":1.0,"status_group":"Under construction","energy_sources":"SUN","type":"Power plant","is_nuclear":false}},{"type":"Feature","geometry":{"type":"Point","coordinates":[-88.751,41.063]},"properties":{"key":"69630-d68624f7","layer":"power","name":"USS Man Solar LLC","state":"IL","detail_file":"data/details/power-plants-02.json","plant_id":"69630","capacity_mw":1.0,"status_group":"Operating","energy_sources":"SUN","type":"Power plant","is_nuclear":false}},{"type":"Feature","geometry":{"type":"Point","coordinates":[-88.445,41.414]},"properties":{"key":"69882-6d3cd5d9","layer":"power","name":"USS Middle Solar","state":"IL","detail_file":"data/details/power-plants-54.json","plant_id":"69882","capacity_mw":5.0,"status_group":"Under construction","energy_sources":"SUN","type":"Power plant","is_nuclear":false}},{"type":"Feature","geometry":{"type":"Point","coordinates":[-90.598,40.161]},"properties":{"key":"69885-1cb40803","layer":"power","name":"USS Mourning","state":"IL","detail_file":"data/details/power-plants-12.json","plant_id":"69885","capacity_mw":2.0,"status_group":"Under construction","energy_sources":"SUN","type":"Power plant","is_nuclear":false}},{"type":"Feature","geometry":{"type":"Point","coordinates":[-90.145,41.834]},"properties":{"key":"68754-1755b723","layer":"power","name":"USS Origami Solar","state":"IL","detail_file":"data/details/power-plants-11.json","plant_id":"68754","capacity_mw":4.3,"status_group":"Operating","energy_sources":"SUN","type":"Power plant","is_nuclear":false}},{"type":"Feature","geometry":{"type":"Point","coordinates":[-90.028,41.161]},"properties":{"key":"69886-651c08f6","layer":"power","name":"USS Swank Solar","state":"IL","detail_file":"data/details/power-plants-35.json","plant_id":"69886","capacity_mw":1.0,"status_group":"Under construction","energy_sources":"SUN","type":"Power plant","is_nuclear":false}},{"type":"Feature","geometry":{"type":"Point","coordinates":[-88.667,41.965]},"properties":{"key":"63621-86092dd4","layer":"power","name":"USS Sycamore Solar (CSG)","state":"IL","detail_file":"data/details/power-plants-51.json","plant_id":"63621","capacity_mw":2.0,"status_group":"Operating","energy_sources":"SUN","type":"Power plant","is_nuclear":false}},{"type":"Feature","geometry":{"type":"Point","coordinates":[-89.78,42.369]},"properties":{"key":"67822-5c444d55","layer":"power","name":"Unity Solar Project (IL)","state":"IL","detail_file":"data/details/power-plants-39.json","plant_id":"67822","capacity_mw":2.0,"status_group":"Operating","energy_sources":"SUN","type":"Power plant","is_nuclear":false}},{"type":"Feature","geometry":{"type":"Point","coordinates":[-88.242,40.105]},"properties":{"key":"54780-b4a7c318","layer":"power","name":"University of Illinois Abbott Power Plt","state":"IL","detail_file":"data/details/power-plants-10.json","plant_id":"54780","capacity_mw":80.3,"status_group":"Operating","energy_sources":"NG","type":"Power plant","is_nuclear":false}},{"type":"Feature","geometry":{"type":"Point","coordinates":[-89.678,41.787]},"properties":{"key":"7474-a7cb65e3","layer":"power","name":"Upper Sterling","state":"IL","detail_file":"data/details/power-plants-09.json","plant_id":"7474","capacity_mw":2.2,"status_group":"Operating","energy_sources":"WAT","type":"Power plant","is_nuclear":false}},{"type":"Feature","geometry":{"type":"Point","coordinates":[-89.313,42.316]},"properties":{"key":"67645-15cec7c0","layer":"power","name":"Varnsen","state":"IL","detail_file":"data/details/power-plants-20.json","plant_id":"67645","capacity_mw":5.0,"status_group":"Under construction","energy_sources":"SUN","type":"Power plant","is_nuclear":false}},{"type":"Feature","geometry":{"type":"Point","coordinates":[-88.602,40.858]},"properties":{"key":"67716-1c681d85","layer":"power","name":"Vermilion Solar I LLC CSG","state":"IL","detail_file":"data/details/power-plants-28.json","plant_id":"67716","capacity_mw":1.9,"status_group":"Operating","energy_sources":"SUN","type":"Power plant","is_nuclear":false}},{"type":"Feature","geometry":{"type":"Point","coordinates":[-88.602,40.856]},"properties":{"key":"67715-30c4c189","layer":"power","name":"Vermilion Solar II LLC CSG","state":"IL","detail_file":"data/details/power-plants-11.json","plant_id":"67715","capacity_mw":2.0,"status_group":"Operating","energy_sources":"SUN","type":"Power plant","is_nuclear":false}},{"type":"Feature","geometry":{"type":"Point","coordinates":[-88.643,40.913]},"properties":{"key":"67646-bf0a111f","layer":"power","name":"Walldog","state":"IL","detail_file":"data/details/power-plants-22.json","plant_id":"67646","capacity_mw":5.0,"status_group":"Operating","energy_sources":"SUN","type":"Power plant","is_nuclear":false}},{"type":"Feature","geometry":{"type":"Point","coordinates":[-89.58,41.497]},"properties":{"key":"58694-6141a44f","layer":"power","name":"Walnut Ridge Wind Farm","state":"IL","detail_file":"data/details/power-plants-44.json","plant_id":"58694","capacity_mw":212.0,"status_group":"Operating","energy_sources":"WND","type":"Power plant","is_nuclear":false}},{"type":"Feature","geometry":{"type":"Point","coordinates":[-89.05,40.477]},"properties":{"key":"68975-f3a106ab","layer":"power","name":"Washington Street Solar 1 LLC","state":"IL","detail_file":"data/details/power-plants-00.json","plant_id":"68975","capacity_mw":5.0,"status_group":"Under construction","energy_sources":"SUN","type":"Power plant","is_nuclear":false}},{"type":"Feature","geometry":{"type":"Point","coordinates":[-88.269,41.486]},"properties":{"key":"69441-17e7384a","layer":"power","name":"Water Lily Solar LLC","state":"IL","detail_file":"data/details/power-plants-09.json","plant_id":"69441","capacity_mw":2.6,"status_group":"Operating","energy_sources":"SUN","type":"Power plant","is_nuclear":false}},{"type":"Feature","geometry":{"type":"Point","coordinates":[-88.28,41.77]},"properties":{"key":"54513-6ce440bd","layer":"power","name":"WestRock (IL)","state":"IL","detail_file":"data/details/power-plants-18.json","plant_id":"54513","capacity_mw":2.9,"status_group":"Operating","energy_sources":"NG","type":"Power plant","is_nuclear":false}},{"type":"Feature","geometry":{"type":"Point","coordinates":[-88.733,41.877]},"properties":{"key":"67720-4b2eb8da","layer":"power","name":"Whiskey Acres","state":"IL","detail_file":"data/details/power-plants-47.json","plant_id":"67720","capacity_mw":2.0,"status_group":"Operating","energy_sources":"SUN","type":"Power plant","is_nuclear":false}},{"type":"Feature","geometry":{"type":"Point","coordinates":[-89.047,40.591]},"properties":{"key":"57342-4e5816c5","layer":"power","name":"White Oak Energy LLC","state":"IL","detail_file":"data/details/power-plants-22.json","plant_id":"57342","capacity_mw":150.0,"status_group":"Operating","energy_sources":"WND","type":"Power plant","is_nuclear":false}},{"type":"Feature","geometry":{"type":"Point","coordinates":[-90.159,41.857]},"properties":{"key":"64059-be41254e","layer":"power","name":"Whiteside Solar 1 CSG","state":"IL","detail_file":"data/details/power-plants-62.json","plant_id":"64059","capacity_mw":2.0,"status_group":"Operating","energy_sources":"SUN","type":"Power plant","is_nuclear":false}},{"type":"Feature","geometry":{"type":"Point","coordinates":[-88.831,41.951]},"properties":{"key":"64736-8f8b47b8","layer":"power","name":"Wolfcastle","state":"IL","detail_file":"data/details/power-plants-16.json","plant_id":"64736","capacity_mw":2.0,"status_group":"Operating","energy_sources":"SUN","type":"Power plant","is_nuclear":false}},{"type":"Feature","geometry":{"type":"Point","coordinates":[-88.275,41.981]},"properties":{"key":"54662-02312eb9","layer":"power","name":"Woodland Landfill Gas Recovery","state":"IL","detail_file":"data/details/power-plants-13.json","plant_id":"54662","capacity_mw":4.8,"status_group":"Operating","energy_sources":"LFG","type":"Power plant","is_nuclear":false}},{"type":"Feature","geometry":{"type":"Point","coordinates":[-89.907,41.668]},"properties":{"key":"69047-d3a1c6f5","layer":"power","name":"Yager","state":"IL","detail_file":"data/details/power-plants-54.json","plant_id":"69047","capacity_mw":2.0,"status_group":"Operating","energy_sources":"SUN","type":"Power plant","is_nuclear":false}},{"type":"Feature","geometry":{"type":"Point","coordinates":[-89.862,41.768]},"properties":{"key":"67832-465a67c9","layer":"power","name":"Yorktown 1 Solar","state":"IL","detail_file":"data/details/power-plants-23.json","plant_id":"67832","capacity_mw":2.0,"status_group":"Operating","energy_sources":"SUN","type":"Power plant","is_nuclear":false}},{"type":"Feature","geometry":{"type":"Point","coordinates":[-89.859,41.768]},"properties":{"key":"67833-abf8b8fa","layer":"power","name":"Yorktown 2 Solar","state":"IL","detail_file":"data/details/power-plants-63.json","plant_id":"67833","capacity_mw":2.0,"status_group":"Operating","energy_sources":"SUN","type":"Power plant","is_nuclear":false}},{"type":"Feature","geometry":{"type":"Point","coordinates":[-91.285,40.614]},"properties":{"key":"70031-7a156fa1","layer":"power","name":"Zebrawood Solar, LLC","state":"IL","detail_file":"data/details/power-plants-25.json","plant_id":"70031","capacity_mw":2.5,"status_group":"Under construction","energy_sources":"SUN","type":"Power plant","is_nuclear":false}},{"type":"Feature","geometry":{"type":"Point","coordinates":[-91.328,43.865]},"properties":{"key":"63034-a74e5d27","layer":"power","name":"FastSun 18 CSG","state":"MN","detail_file":"data/details/power-plants-62.json","plant_id":"63034","capacity_mw":1.0,"status_group":"Operating","energy_sources":"SUN","type":"Power plant","is_nuclear":false}},{"type":"Feature","geometry":{"type":"Point","coordinates":[-91.32,43.859]},"properties":{"key":"63045-6112e274","layer":"power","name":"FastSun 5 CSG","state":"MN","detail_file":"data/details/power-plants-39.json","plant_id":"63045","capacity_mw":1.0,"status_group":"Operating","energy_sources":"SUN","type":"Power plant","is_nuclear":false}},{"type":"Feature","geometry":{"type":"Point","coordinates":[-91.878,43.992]},"properties":{"key":"57813-535103e6","layer":"power","name":"GL Wind","state":"MN","detail_file":"data/details/power-plants-43.json","plant_id":"57813","capacity_mw":5.0,"status_group":"Operating","energy_sources":"WND","type":"Power plant","is_nuclear":false}},{"type":"Feature","geometry":{"type":"Point","coordinates":[-91.95,43.782]},"properties":{"key":"64906-0fbdaa1a","layer":"power","name":"Hazel","state":"MN","detail_file":"data/details/power-plants-23.json","plant_id":"64906","capacity_mw":3.0,"status_group":"Operating","energy_sources":"SUN","type":"Power plant","is_nuclear":false}},{"type":"Feature","geometry":{"type":"Point","coordinates":[-91.322,43.866]},"properties":{"key":"63534-0a4d40fb","layer":"power","name":"Houston/Winona Community Solar One LLC","state":"MN","detail_file":"data/details/power-plants-45.json","plant_id":"63534","capacity_mw":1.0,"status_group":"Operating","energy_sources":"SUN","type":"Power plant","is_nuclear":false}},{"type":"Feature","geometry":{"type":"Point","coordinates":[-91.978,43.72]},"properties":{"key":"1987-b92615de","layer":"power","name":"Lanesboro","state":"MN","detail_file":"data/details/power-plants-48.json","plant_id":"1987","capacity_mw":2.6,"status_group":"Operating","energy_sources":"DFO; WAT","type":"Power plant","is_nuclear":false}},{"type":"Feature","geometry":{"type":"Point","coordinates":[-91.792,43.807]},"properties":{"key":"64932-a9fb7569","layer":"power","name":"Rushford Village","state":"MN","detail_file":"data/details/power-plants-16.json","plant_id":"64932","capacity_mw":1.0,"status_group":"Operating","energy_sources":"SUN","type":"Power plant","is_nuclear":false}},{"type":"Feature","geometry":{"type":"Point","coordinates":[-91.323,43.866]},"properties":{"key":"65452-8358041d","layer":"power","name":"SolarClub 23 LLC","state":"MN","detail_file":"data/details/power-plants-32.json","plant_id":"65452","capacity_mw":1.0,"status_group":"Operating","energy_sources":"SUN","type":"Power plant","is_nuclear":false}},{"type":"Feature","geometry":{"type":"Point","coordinates":[-91.322,43.859]},"properties":{"key":"63532-a8ea29bf","layer":"power","name":"Winona Community Solar One LLC","state":"MN","detail_file":"data/details/power-plants-46.json","plant_id":"63532","capacity_mw":1.0,"status_group":"Operating","energy_sources":"SUN","type":"Power plant","is_nuclear":false}},{"type":"Feature","geometry":{"type":"Point","coordinates":[-91.721,40.422]},"properties":{"key":"2138-50de9248","layer":"power","name":"Kahoka","state":"MO","detail_file":"data/details/power-plants-16.json","plant_id":"2138","capacity_mw":7.4,"status_group":"Operating","energy_sources":"DFO; NG","type":"Power plant","is_nuclear":false}},{"type":"Feature","geometry":{"type":"Point","coordinates":[-89.681,43.95]},"properties":{"key":"67596-fff1a7e7","layer":"power","name":"Adams PV Plant","state":"WI","detail_file":"data/details/power-plants-59.json","plant_id":"67596","capacity_mw":8.3,"status_group":"Operating","energy_sources":"SUN","type":"Power plant","is_nuclear":false}},{"type":"Feature","geometry":{"type":"Point","coordinates":[-89.372,42.666]},"properties":{"key":"64997-ccb6bfc2","layer":"power","name":"Albany Solar (WI)","state":"WI","detail_file":"data/details/power-plants-11.json","plant_id":"64997","capacity_mw":50.0,"status_group":"Operating","energy_sources":"SUN","type":"Power plant","is_nuclear":false}},{"type":"Feature","geometry":{"type":"Point","coordinates":[-89.021,42.708]},"properties":{"key":"56427-3b07b612","layer":"power","name":"Ameresco Janesville","state":"WI","detail_file":"data/details/power-plants-45.json","plant_id":"56427","capacity_mw":3.0,"status_group":"Operating","energy_sources":"LFG","type":"Power plant","is_nuclear":false}},{"type":"Feature","geometry":{"type":"Point","coordinates":[-89.87,42.702]},"properties":{"key":"7810-2554a58e","layer":"power","name":"Argyle","state":"WI","detail_file":"data/details/power-plants-59.json","plant_id":"7810","capacity_mw":2.3,"status_group":"Operating","energy_sources":"DFO; WAT","type":"Power plant","is_nuclear":false}},{"type":"Feature","geometry":{"type":"Point","coordinates":[-88.239,43.599]},"properties":{"key":"67725-1ef2a082","layer":"power","name":"Auburn Solar WI, LLC","state":"WI","detail_file":"data/details/power-plants-55.json","plant_id":"67725","capacity_mw":5.0,"status_group":"Operating","energy_sources":"SUN","type":"Power plant","is_nuclear":false}},{"type":"Feature","geometry":{"type":"Point","coordinates":[-90.349,42.946]},"properties":{"key":"62955-43b85d1b","layer":"power","name":"Badger Hollow I","state":"WI","detail_file":"data/details/power-plants-14.json","plant_id":"62955","capacity_mw":150.0,"status_group":"Operating","energy_sources":"SUN","type":"Power plant","is_nuclear":false}},{"type":"Feature","geometry":{"type":"Point","coordinates":[-90.349,42.946]},"properties":{"key":"64393-1c3536ac","layer":"power","name":"Badger Hollow II","state":"WI","detail_file":"data/details/power-plants-02.json","plant_id":"64393","capacity_mw":150.0,"status_group":"Operating","energy_sources":"SUN","type":"Power plant","is_nuclear":false}},{"type":"Feature","geometry":{"type":"Point","coordinates":[-88.864,43.012]},"properties":{"key":"68900-7d91bfbc","layer":"power","name":"Badger State Solar LLC","state":"WI","detail_file":"data/details/power-plants-56.json","plant_id":"68900","capacity_mw":149.0,"status_group":"Under construction","energy_sources":"SUN","type":"Power plant","is_nuclear":false}},{"type":"Feature","geometry":{"type":"Point","coordinates":[-90.233,43.199]},"properties":{"key":"65009-85c9711d","layer":"power","name":"Bear Creek (WI)","state":"WI","detail_file":"data/details/power-plants-44.json","plant_id":"65009","capacity_mw":50.0,"status_group":"Operating","energy_sources":"SUN","type":"Power plant","is_nuclear":false}},{"type":"Feature","geometry":{"type":"Point","coordinates":[-88.784,43.494]},"properties":{"key":"65001-0b0de6f3","layer":"power","name":"Beaver Dam Solar","state":"WI","detail_file":"data/details/power-plants-51.json","plant_id":"65001","capacity_mw":50.0,"status_group":"Operating","energy_sources":"SUN","type":"Power plant","is_nuclear":false}},{"type":"Feature","geometry":{"type":"Point","coordinates":[-89.008,42.549]},"properties":{"key":"62117-bb10cd7f","layer":"power","name":"Beloit Memorial Hospital Power Plant","state":"WI","detail_file":"data/details/power-plants-61.json","plant_id":"62117","capacity_mw":3.0,"status_group":"Operating","energy_sources":"NG","type":"Power plant","is_nuclear":false}},{"type":"Feature","geometry":{"type":"Point","coordinates":[-88.916,43.96]},"properties":{"key":"56069-cf0a110c","layer":"power","name":"Berlin Landfill Gas","state":"WI","detail_file":"data/details/power-plants-13.json","plant_id":"56069","capacity_mw":2.4,"status_group":"Operating","energy_sources":"LFG","type":"Power plant","is_nuclear":false}},{"type":"Feature","geometry":{"type":"Point","coordinates":[-89.374,43.079]},"properties":{"key":"69311-c72ebcb0","layer":"power","name":"Blount BESS","state":"WI","detail_file":"data/details/power-plants-16.json","plant_id":"69311","capacity_mw":7.0,"status_group":"Operating","energy_sources":"MWH","type":"Power plant","is_nuclear":false}},{"type":"Feature","geometry":{"type":"Point","coordinates":[-89.374,43.079]},"properties":{"key":"3992-039bc5cc","layer":"power","name":"Blount Street","state":"WI","detail_file":"data/details/power-plants-05.json","plant_id":"3992","capacity_mw":100.0,"status_group":"Operating","energy_sources":"NG","type":"Power plant","is_nuclear":false}},{"type":"Feature","geometry":{"type":"Point","coordinates":[-88.271,43.879]},"properties":{"key":"56391-c3f987c6","layer":"power","name":"Blue Sky Green Field Wind Project","state":"WI","detail_file":"data/details/power-plants-24.json","plant_id":"56391","capacity_mw":145.2,"status_group":"Operating","energy_sources":"WND","type":"Power plant","is_nuclear":false}},{"type":"Feature","geometry":{"type":"Point","coordinates":[-91.141,43.472]},"properties":{"key":"66987-d06efc17","layer":"power","name":"Bluff Prairie (Vernon)","state":"WI","detail_file":"data/details/power-plants-03.json","plant_id":"66987","capacity_mw":1.5,"status_group":"Operating","energy_sources":"SUN","type":"Power plant","is_nuclear":false}},{"type":"Feature","geometry":{"type":"Point","coordinates":[-90.533,43.311]},"properties":{"key":"65633-ac04913c","layer":"power","name":"Boaz Microgrid Battery","state":"WI","detail_file":"data/details/power-plants-54.json","plant_id":"65633","capacity_mw":3.6,"status_group":"Operating","energy_sources":"MWH","type":"Power plant","is_nuclear":false}},{"type":"Feature","geometry":{"type":"Point","coordinates":[-88.481,43.4]},"properties":{"key":"56647-3b5835c4","layer":"power","name":"Butler Ridge","state":"WI","detail_file":"data/details/power-plants-01.json","plant_id":"56647","capacity_mw":54.0,"status_group":"Operating","energy_sources":"WND","type":"Power plant","is_nuclear":false}},{"type":"Feature","geometry":{"type":"Point","coordinates":[-89.377,43.079]},"properties":{"key":"54406-e6765cc9","layer":"power","name":"Capitol Heat and Power","state":"WI","detail_file":"data/details/power-plants-16.json","plant_id":"54406","capacity_mw":2.0,"status_group":"Operating","energy_sources":"DFO","type":"Power plant","is_nuclear":false}},{"type":"Feature","geometry":{"type":"Point","coordinates":[-90.78,43.743]},"properties":{"key":"4107-093c40ed","layer":"power","name":"Cashton","state":"WI","detail_file":"data/details/power-plants-60.json","plant_id":"4107","capacity_mw":3.5,"status_group":"Operating","energy_sources":"DFO; NG","type":"Power plant","is_nuclear":false}},{"type":"Feature","geometry":{"type":"Point","coordinates":[-90.805,43.734]},"properties":{"key":"57968-919fbda7","layer":"power","name":"Cashton Greens Wind Farm","state":"WI","detail_file":"data/details/power-plants-49.json","plant_id":"57968","capacity_mw":5.0,"status_group":"Operating","energy_sources":"WND","type":"Power plant","is_nuclear":false}},{"type":"Feature","geometry":{"type":"Point","coordinates":[-90.805,43.737]},"properties":{"key":"62858-e41a8126","layer":"power","name":"Cashton Solar","state":"WI","detail_file":"data/details/power-plants-60.json","plant_id":"62858","capacity_mw":2.0,"status_group":"Operating","energy_sources":"SUN","type":"Power plant","is_nuclear":false}},{"type":"Feature","geometry":{"type":"Point","coordinates":[-90.927,42.754]},"properties":{"key":"64995-d389da6d","layer":"power","name":"Cassville Solar","state":"WI","detail_file":"data/details/power-plants-27.json","plant_id":"64995","capacity_mw":50.0,"status_group":"Operating","energy_sources":"SUN","type":"Power plant","is_nuclear":false}},{"type":"Feature","geometry":{"type":"Point","coordinates":[-89.951,43.866]},"properties":{"key":"4079-2dff7097","layer":"power","name":"Castle Rock","state":"WI","detail_file":"data/details/power-plants-22.json","plant_id":"4079","capacity_mw":15.0,"status_group":"Operating","energy_sources":"WAT","type":"Power plant","is_nuclear":false}},{"type":"Feature","geometry":{"type":"Point","coordinates":[-90.068,43.972]},"properties":{"key":"69932-237bc07b","layer":"power","name":"Castle Rock Lake Solar","state":"WI","detail_file":"data/details/power-plants-48.json","plant_id":"69932","capacity_mw":4.5,"status_group":"Under construction","energy_sources":"SUN","type":"Power plant","is_nuclear":false}},{"type":"Feature","geometry":{"type":"Point","coordinates":[-88.33,43.693]},"properties":{"key":"56347-1d894156","layer":"power","name":"Cedar Ridge","state":"WI","detail_file":"data/details/power-plants-40.json","plant_id":"56347","capacity_mw":67.7,"status_group":"Operating","energy_sources":"WND","type":"Power plant","is_nuclear":false}},{"type":"Feature","geometry":{"type":"Point","coordinates":[-89.42,43.486]},"properties":{"key":"8023-6094c879","layer":"power","name":"Columbia (WI)","state":"WI","detail_file":"data/details/power-plants-52.json","plant_id":"8023","capacity_mw":1112.0,"status_group":"Operating","energy_sources":"SUB","type":"Power plant","is_nuclear":false}},{"type":"Feature","geometry":{"type":"Point","coordinates":[-88.69,43.167]},"properties":{"key":"7159-34d25241","layer":"power","name":"Concord","state":"WI","detail_file":"data/details/power-plants-50.json","plant_id":"7159","capacity_mw":381.6,"status_group":"Operating","energy_sources":"NG","type":"Power plant","is_nuclear":false}},{"type":"Feature","geometry":{"type":"Point","coordinates":[-88.876,43.0]},"properties":{"key":"65012-9dc2dfe4","layer":"power","name":"Crawfish River","state":"WI","detail_file":"data/details/power-plants-61.json","plant_id":"65012","capacity_mw":75.0,"status_group":"Operating","energy_sources":"SUN","type":"Power plant","is_nuclear":false}},{"type":"Feature","geometry":{"type":"Point","coordinates":[-89.329,43.161]},"properties":{"key":"64080-c34d85b1","layer":"power","name":"Dane County Airport Solar","state":"WI","detail_file":"data/details/power-plants-30.json","plant_id":"64080","capacity_mw":10.8,"status_group":"Operating","energy_sources":"SUN","type":"Power plant","is_nuclear":false}},{"type":"Feature","geometry":{"type":"Point","coordinates":[-89.239,43.047]},"properties":{"key":"66419-09e35315","layer":"power","name":"Dane County Solar LLC","state":"WI","detail_file":"data/details/power-plants-08.json","plant_id":"66419","capacity_mw":17.3,"status_group":"Operating","energy_sources":"SUN","type":"Power plant","is_nuclear":false}},{"type":"Feature","geometry":{"type":"Point","coordinates":[-88.74,42.62]},"properties":{"key":"64534-e7790c08","layer":"power","name":"Darien Solar","state":"WI","detail_file":"data/details/power-plants-33.json","plant_id":"64534","capacity_mw":250.0,"status_group":"Operating","energy_sources":"SUN","type":"Power plant","is_nuclear":false}},{"type":"Feature","geometry":{"type":"Point","coordinates":[-88.74,43.09]},"properties":{"key":"56520-cc98f5a5","layer":"power","name":"Deertrack Park Gas Recovery","state":"WI","detail_file":"data/details/power-plants-14.json","plant_id":"56520","capacity_mw":6.4,"status_group":"Operating","energy_sources":"LFG","type":"Power plant","is_nuclear":false}},{"type":"Feature","geometry":{"type":"Point","coordinates":[-89.375,43.08]},"properties":{"key":"56070-ab777876","layer":"power","name":"Diesel Generators","state":"WI","detail_file":"data/details/power-plants-10.json","plant_id":"56070","capacity_mw":54.0,"status_group":"Operating","energy_sources":"DFO","type":"Power plant","is_nuclear":false}},{"type":"Feature","geometry":{"type":"Point","coordinates":[-88.474,43.735]},"properties":{"key":"65659-5e24ad23","layer":"power","name":"ENGIE 2020 ProjectCo-WI1 LLC","state":"WI","detail_file":"data/details/power-plants-51.json","plant_id":"65659","capacity_mw":1.0,"status_group":"Operating","energy_sources":"SUN","type":"Power plant","is_nuclear":false}},{"type":"Feature","geometry":{"type":"Point","coordinates":[-90.267,43.739]},"properties":{"key":"4113-8aea6d7e","layer":"power","name":"Elroy","state":"WI","detail_file":"data/details/power-plants-11.json","plant_id":"4113","capacity_mw":6.6,"status_group":"Operating","energy_sources":"DFO","type":"Power plant","is_nuclear":false}},{"type":"Feature","geometry":{"type":"Point","coordinates":[-90.025,43.732]},"properties":{"key":"62868-add43413","layer":"power","name":"Elroy Solar","state":"WI","detail_file":"data/details/power-plants-42.json","plant_id":"62868","capacity_mw":1.5,"status_group":"Operating","energy_sources":"SUN","type":"Power plant","is_nuclear":false}},{"type":"Feature","geometry":{"type":"Point","coordinates":[-90.014,43.764]},"properties":{"key":"69450-8a9bf42a","layer":"power","name":"Emerald Bluffs Solar Park","state":"WI","detail_file":"data/details/power-plants-49.json","plant_id":"69450","capacity_mw":225.0,"status_group":"Under construction","energy_sources":"SUN","type":"Power plant","is_nuclear":false}},{"type":"Feature","geometry":{"type":"Point","coordinates":[-89.569,42.997]},"properties":{"key":"62676-6f91b460","layer":"power","name":"Epic Verona","state":"WI","detail_file":"data/details/power-plants-53.json","plant_id":"62676","capacity_mw":46.4,"status_group":"Operating","energy_sources":"DFO; SUN","type":"Power plant","is_nuclear":false}},{"type":"Feature","geometry":{"type":"Point","coordinates":[-90.656,42.983]},"properties":{"key":"4114-2a69b8fc","layer":"power","name":"Fennimore","state":"WI","detail_file":"data/details/power-plants-33.json","plant_id":"4114","capacity_mw":7.4,"status_group":"Operating","energy_sources":"DFO","type":"Power plant","is_nuclear":false}},{"type":"Feature","geometry":{"type":"Point","coordinates":[-90.662,42.971]},"properties":{"key":"62847-f5524e0b","layer":"power","name":"Fennimore Solar","state":"WI","detail_file":"data/details/power-plants-55.json","plant_id":"62847","capacity_mw":3.0,"status_group":"Operating","energy_sources":"SUN","type":"Power plant","is_nuclear":false}},{"type":"Feature","geometry":{"type":"Point","coordinates":[-89.46,43.015]},"properties":{"key":"3991-67833303","layer":"power","name":"Fitchburg","state":"WI","detail_file":"data/details/power-plants-17.json","plant_id":"3991","capacity_mw":57.6,"status_group":"Operating","energy_sources":"NG","type":"Power plant","is_nuclear":false}},{"type":"Feature","geometry":{"type":"Point","coordinates":[-88.473,43.734]},"properties":{"key":"67815-26e90aff","layer":"power","name":"Fond du Lac Community Solar","state":"WI","detail_file":"data/details/power-plants-60.json","plant_id":"67815","capacity_mw":1.0,"status_group":"Operating","energy_sources":"SUN","type":"Power plant","is_nuclear":false}},{"type":"Feature","geometry":{"type":"Point","coordinates":[-88.497,43.616]},"properties":{"key":"56942-dc3d7af7","layer":"power","name":"Forward Wind Energy Center","state":"WI","detail_file":"data/details/power-plants-13.json","plant_id":"56942","capacity_mw":129.0,"status_group":"Operating","energy_sources":"WND","type":"Power plant","is_nuclear":false}},{"type":"Feature","geometry":{"type":"Point","coordinates":[-91.26,43.829]},"properties":{"key":"4005-c0d3f244","layer":"power","name":"French Island","state":"WI","detail_file":"data/details/power-plants-46.json","plant_id":"4005","capacity_mw":188.0,"status_group":"Operating","energy_sources":"DFO; MSW","type":"Power plant","is_nuclear":false}},{"type":"Feature","geometry":{"type":"Point","coordinates":[-89.332,43.102]},"properties":{"key":"62161-c0cd1d1c","layer":"power","name":"Galactic Wind","state":"WI","detail_file":"data/details/power-plants-48.json","plant_id":"62161","capacity_mw":9.9,"status_group":"Operating","energy_sources":"WND","type":"Power plant","is_nuclear":false}},{"type":"Feature","geometry":{"type":"Point","coordinates":[-88.15,43.195]},"properties":{"key":"6253-e0e3466c","layer":"power","name":"Germantown","state":"WI","detail_file":"data/details/power-plants-10.json","plant_id":"6253","capacity_mw":390.7,"status_group":"Operating","energy_sources":"DFO; NG","type":"Power plant","is_nuclear":false}},{"type":"Feature","geometry":{"type":"Point","coordinates":[-89.148,43.564]},"properties":{"key":"57199-e770a5f2","layer":"power","name":"Glacier Hills","state":"WI","detail_file":"data/details/power-plants-58.json","plant_id":"57199","capacity_mw":162.0,"status_group":"Operating","energy_sources":"WND","type":"Power plant","is_nuclear":false}},{"type":"Feature","geometry":{"type":"Point","coordinates":[-90.701,42.719]},"properties":{"key":"65007-8521a8e6","layer":"power","name":"Grant County","state":"WI","detail_file":"data/details/power-plants-43.json","plant_id":"65007","capacity_mw":300.0,"status_group":"Operating","energy_sources":"MWH; SUN","type":"Power plant","is_nuclear":false}},{"type":"Feature","geometry":{"type":"Point","coordinates":[-91.093,43.731]},"properties":{"key":"69490-05910482","layer":"power","name":"Greenfield","state":"WI","detail_file":"data/details/power-plants-17.json","plant_id":"69490","capacity_mw":2.5,"status_group":"Operating","energy_sources":"SUN","type":"Power plant","is_nuclear":false}},{"type":"Feature","geometry":{"type":"Point","coordinates":[-89.033,42.579]},"properties":{"key":"60573-80f02b58","layer":"power","name":"HQC Rock River Solar Power Gen Station","state":"WI","detail_file":"data/details/power-plants-10.json","plant_id":"60573","capacity_mw":2.1,"status_group":"Operating","energy_sources":"SUN","type":"Power plant","is_nuclear":false}},{"type":"Feature","geometry":{"type":"Point","coordinates":[-88.877,42.888]},"properties":{"key":"67728-9d67ba4d","layer":"power","name":"Hackbarth Solar WI, LLC","state":"WI","detail_file":"data/details/power-plants-16.json","plant_id":"67728","capacity_mw":5.0,"status_group":"Operating","energy_sources":"SUN","type":"Power plant","is_nuclear":false}},{"type":"Feature","geometry":{"type":"Point","coordinates":[-88.097,43.183]},"properties":{"key":"67382-49b5fc5d","layer":"power","name":"Harley-Davison Powertrain Operations","state":"WI","detail_file":"data/details/power-plants-10.json","plant_id":"67382","capacity_mw":2.2,"status_group":"Operating","energy_sources":"SUN","type":"Power plant","is_nuclear":false}},{"type":"Feature","geometry":{"type":"Point","coordinates":[-89.261,43.06]},"properties":{"key":"64780-361dde96","layer":"power","name":"Hermsdorf Solar","state":"WI","detail_file":"data/details/power-plants-19.json","plant_id":"64780","capacity_mw":8.0,"status_group":"Operating","energy_sources":"SUN","type":"Power plant","is_nuclear":false}},{"type":"Feature","geometry":{"type":"Point","coordinates":[-89.347,43.353]},"properties":{"key":"69480-68d07eab","layer":"power","name":"High Noon Solar Energy LLC","state":"WI","detail_file":"data/details/power-plants-39.json","plant_id":"69480","capacity_mw":300.0,"status_group":"Under construction","energy_sources":"SUN","type":"Power plant","is_nuclear":false}},{"type":"Feature","geometry":{"type":"Point","coordinates":[-89.411,43.158]},"properties":{"key":"69312-a78fc963","layer":"power","name":"Huiskamp BESS","state":"WI","detail_file":"data/details/power-plants-36.json","plant_id":"69312","capacity_mw":7.0,"status_group":"Operating","energy_sources":"MWH","type":"Power plant","is_nuclear":false}},{"type":"Feature","geometry":{"type":"Point","coordinates":[-88.091,43.31]},"properties":{"key":"67729-adf1f5d7","layer":"power","name":"Jackson Solar WI, LLC","state":"WI","detail_file":"data/details/power-plants-51.json","plant_id":"67729","capacity_mw":7.5,"status_group":"Operating","energy_sources":"SUN","type":"Power plant","is_nuclear":false}},{"type":"Feature","geometry":{"type":"Point","coordinates":[-89.023,42.724]},"properties":{"key":"67705-89e78fd6","layer":"power","name":"Janesville Community Solar","state":"WI","detail_file":"data/details/power-plants-08.json","plant_id":"67705","capacity_mw":2.3,"status_group":"Operating","energy_sources":"SUN","type":"Power plant","is_nuclear":false}},{"type":"Feature","geometry":{"type":"Point","coordinates":[-88.799,43.015]},"properties":{"key":"59771-5f2fe801","layer":"power","name":"Jefferson Solar Park","state":"WI","detail_file":"data/details/power-plants-49.json","plant_id":"59771","capacity_mw":1.0,"status_group":"Operating","energy_sources":"SUN","type":"Power plant","is_nuclear":false}},{"type":"Feature","geometry":{"type":"Point","coordinates":[-88.848,42.919]},"properties":{"key":"67386-782ae825","layer":"power","name":"Jones Dairy","state":"WI","detail_file":"data/details/power-plants-61.json","plant_id":"67386","capacity_mw":2.3,"status_group":"Operating","energy_sources":"SUN","type":"Power plant","is_nuclear":false}},{"type":"Feature","geometry":{"type":"Point","coordinates":[-89.781,43.626]},"properties":{"key":"4053-18c1113d","layer":"power","name":"Kilbourn","state":"WI","detail_file":"data/details/power-plants-59.json","plant_id":"4053","capacity_mw":9.7,"status_group":"Operating","energy_sources":"WAT","type":"Power plant","is_nuclear":false}},{"type":"Feature","geometry":{"type":"Point","coordinates":[-89.072,42.977]},"properties":{"key":"69479-650e0443","layer":"power","name":"Koshkonong Solar Energy Center LLC","state":"WI","detail_file":"data/details/power-plants-19.json","plant_id":"69479","capacity_mw":300.0,"status_group":"Under construction","energy_sources":"SUN","type":"Power plant","is_nuclear":false}},{"type":"Feature","geometry":{"type":"Point","coordinates":[-90.642,43.577]},"properties":{"key":"4124-63d45492","layer":"power","name":"La Farge","state":"WI","detail_file":"data/details/power-plants-00.json","plant_id":"4124","capacity_mw":1.5,"status_group":"Operating","energy_sources":"DFO","type":"Power plant","is_nuclear":false}},{"type":"Feature","geometry":{"type":"Point","coordinates":[-88.584,42.797]},"properties":{"key":"69433-03f33636","layer":"power","name":"La Grange Solar Partners, LLC","state":"WI","detail_file":"data/details/power-plants-56.json","plant_id":"69433","capacity_mw":6.0,"status_group":"Operating","energy_sources":"SUN","type":"Power plant","is_nuclear":false}},{"type":"Feature","geometry":{"type":"Point","coordinates":[-88.533,42.702]},"properties":{"key":"67730-7b33c8f5","layer":"power","name":"LaFayette Solar WI, LLC","state":"WI","detail_file":"data/details/power-plants-13.json","plant_id":"67730","capacity_mw":6.0,"status_group":"Operating","energy_sources":"SUN","type":"Power plant","is_nuclear":false}},{"type":"Feature","geometry":{"type":"Point","coordinates":[-88.227,43.107]},"properties":{"key":"67430-e34caeae","layer":"power","name":"Lannon Stone","state":"WI","detail_file":"data/details/power-plants-21.json","plant_id":"67430","capacity_mw":2.3,"status_group":"Operating","energy_sources":"SUN","type":"Power plant","is_nuclear":false}},{"type":"Feature","geometry":{"type":"Point","coordinates":[-88.347,43.78]},"properties":{"key":"67056-fab1704b","layer":"power","name":"Ledgeview","state":"WI","detail_file":"data/details/power-plants-07.json","plant_id":"67056","capacity_mw":5.0,"status_group":"Operating","energy_sources":"SUN","type":"Power plant","is_nuclear":false}},{"type":"Feature","geometry":{"type":"Point","coordinates":[-90.013,43.738]},"properties":{"key":"66760-9fbed6f9","layer":"power","name":"Lemonweir (Oak 1)","state":"WI","detail_file":"data/details/power-plants-29.json","plant_id":"66760","capacity_mw":3.0,"status_group":"Operating","energy_sources":"SUN","type":"Power plant","is_nuclear":false}},{"type":"Feature","geometry":{"type":"Point","coordinates":[-90.907,43.494]},"properties":{"key":"60891-8d6ba2a6","layer":"power","name":"Liberty Pole DPC Solar","state":"WI","detail_file":"data/details/power-plants-36.json","plant_id":"60891","capacity_mw":1.1,"status_group":"Operating","energy_sources":"SUN","type":"Power plant","is_nuclear":false}},{"type":"Feature","geometry":{"type":"Point","coordinates":[-89.267,43.024]},"properties":{"key":"68501-836d75ae","layer":"power","name":"McFarland Schools Customer Hosted","state":"WI","detail_file":"data/details/power-plants-30.json","plant_id":"68501","capacity_mw":1.4,"status_group":"Operating","energy_sources":"SUN","type":"Power plant","is_nuclear":false}},{"type":"Feature","geometry":{"type":"Point","coordinates":[-88.07,42.851]},"properties":{"key":"50576-cacf4732","layer":"power","name":"Metro Gas Recovery","state":"WI","detail_file":"data/details/power-plants-33.json","plant_id":"50576","capacity_mw":9.2,"status_group":"Operating","energy_sources":"LFG","type":"Power plant","is_nuclear":false}},{"type":"Feature","geometry":{"type":"Point","coordinates":[-89.532,43.116]},"properties":{"key":"62731-cfd21adf","layer":"power","name":"Middleton Airport Solar","state":"WI","detail_file":"data/details/power-plants-20.json","plant_id":"62731","capacity_mw":5.6,"status_group":"Operating","energy_sources":"SUN","type":"Power plant","is_nuclear":false}},{"type":"Feature","geometry":{"type":"Point","coordinates":[-89.547,43.123]},"properties":{"key":"66048-f8b30997","layer":"power","name":"Middleton Biogas Solar, LLC","state":"WI","detail_file":"data/details/power-plants-21.json","plant_id":"66048","capacity_mw":2.2,"status_group":"Operating","energy_sources":"MWH; SUN","type":"Power plant","is_nuclear":false}},{"type":"Feature","geometry":{"type":"Point","coordinates":[-90.387,42.962]},"properties":{"key":"55742-6957fe98","layer":"power","name":"Montfort Wind Energy Center","state":"WI","detail_file":"data/details/power-plants-35.json","plant_id":"55742","capacity_mw":30.0,"status_group":"Operating","energy_sources":"WND","type":"Power plant","is_nuclear":false}},{"type":"Feature","geometry":{"type":"Point","coordinates":[-90.832,42.975]},"properties":{"key":"60893-71703005","layer":"power","name":"Mt. Hope DPC Solar","state":"WI","detail_file":"data/details/power-plants-35.json","plant_id":"60893","capacity_mw":1.0,"status_group":"Operating","energy_sources":"SUN","type":"Power plant","is_nuclear":false}},{"type":"Feature","geometry":{"type":"Point","coordinates":[-90.165,43.88]},"properties":{"key":"4130-4987645c","layer":"power","name":"New Lisbon","state":"WI","detail_file":"data/details/power-plants-59.json","plant_id":"4130","capacity_mw":8.3,"status_group":"Operating","energy_sources":"DFO","type":"Power plant","is_nuclear":false}},{"type":"Feature","geometry":{"type":"Point","coordinates":[-90.136,43.883]},"properties":{"key":"62848-1b5cd08e","layer":"power","name":"New Lisbon Solar","state":"WI","detail_file":"data/details/power-plants-18.json","plant_id":"62848","capacity_mw":2.5,"status_group":"Operating","energy_sources":"SUN","type":"Power plant","is_nuclear":false}},{"type":"Feature","geometry":{"type":"Point","coordinates":[-89.359,43.039]},"properties":{"key":"9674-439c25cd","layer":"power","name":"Nine Springs","state":"WI","detail_file":"data/details/power-plants-32.json","plant_id":"9674","capacity_mw":16.2,"status_group":"Operating","energy_sources":"NG","type":"Power plant","is_nuclear":false}},{"type":"Feature","geometry":{"type":"Point","coordinates":[-88.862,43.736]},"properties":{"key":"67539-ec137ece","layer":"power","name":"Nortera Customer Hosted Solar","state":"WI","detail_file":"data/details/power-plants-04.json","plant_id":"67539","capacity_mw":1.6,"status_group":"Operating","energy_sources":"SUN","type":"Power plant","is_nuclear":false}},{"type":"Feature","geometry":{"type":"Point","coordinates":[-89.102,42.811]},"properties":{"key":"65010-58011800","layer":"power","name":"North Rock","state":"WI","detail_file":"data/details/power-plants-10.json","plant_id":"65010","capacity_mw":50.0,"status_group":"Operating","energy_sources":"SUN","type":"Power plant","is_nuclear":false}},{"type":"Feature","geometry":{"type":"Point","coordinates":[-89.459,42.998]},"properties":{"key":"64590-d4fa4ff8","layer":"power","name":"O'Brien Solar Fields","state":"WI","detail_file":"data/details/power-plants-40.json","plant_id":"64590","capacity_mw":22.1,"status_group":"Operating","energy_sources":"SUN","type":"Power plant","is_nuclear":false}},{"type":"Feature","geometry":{"type":"Point","coordinates":[-88.16,43.192]},"properties":{"key":"50577-f43494b9","layer":"power","name":"Omega Hills Gas Recovery","state":"WI","detail_file":"data/details/power-plants-03.json","plant_id":"50577","capacity_mw":12.8,"status_group":"Operating","energy_sources":"LFG","type":"Power plant","is_nuclear":false}},{"type":"Feature","geometry":{"type":"Point","coordinates":[-91.18,43.874]},"properties":{"key":"57824-7324acc5","layer":"power","name":"Onalaska Campus Landfill Biogas","state":"WI","detail_file":"data/details/power-plants-07.json","plant_id":"57824","capacity_mw":1.1,"status_group":"Operating","energy_sources":"LFG","type":"Power plant","is_nuclear":false}},{"type":"Feature","geometry":{"type":"Point","coordinates":[-89.089,42.556]},"properties":{"key":"64998-14dc5006","layer":"power","name":"Paddock Solar","state":"WI","detail_file":"data/details/power-plants-04.json","plant_id":"64998","capacity_mw":65.0,"status_group":"Operating","energy_sources":"SUN","type":"Power plant","is_nuclear":false}},{"type":"Feature","geometry":{"type":"Point","coordinates":[-88.013,42.666]},"properties":{"key":"7270-2795bed1","layer":"power","name":"Paris (WI)","state":"WI","detail_file":"data/details/power-plants-36.json","plant_id":"7270","capacity_mw":381.6,"status_group":"Operating","energy_sources":"NG","type":"Power plant","is_nuclear":false}},{"type":"Feature","geometry":{"type":"Point","coordinates":[-88.016,42.662]},"properties":{"key":"65967-49b9a739","layer":"power","name":"Paris Solar","state":"WI","detail_file":"data/details/power-plants-01.json","plant_id":"65967","capacity_mw":310.0,"status_group":"Operating","energy_sources":"MWH; SUN","type":"Power plant","is_nuclear":false}},{"type":"Feature","geometry":{"type":"Point","coordinates":[-88.044,42.583]},"properties":{"key":"54661-780465b7","layer":"power","name":"Pheasant Run Landfill Gas Recovery","state":"WI","detail_file":"data/details/power-plants-22.json","plant_id":"54661","capacity_mw":8.8,"status_group":"Operating","energy_sources":"LFG","type":"Power plant","is_nuclear":false}},{"type":"Feature","geometry":{"type":"Point","coordinates":[-89.488,43.552]},"properties":{"key":"65530-9317a115","layer":"power","name":"Portage Industrial Battery","state":"WI","detail_file":"data/details/power-plants-61.json","plant_id":"65530","capacity_mw":5.0,"status_group":"Operating","energy_sources":"MWH","type":"Power plant","is_nuclear":false}},{"type":"Feature","geometry":{"type":"Point","coordinates":[-89.243,43.607]},"properties":{"key":"67597-d55e4ec2","layer":"power","name":"Portage Solar Plant","state":"WI","detail_file":"data/details/power-plants-24.json","plant_id":"67597","capacity_mw":11.8,"status_group":"Operating","energy_sources":"SUN","type":"Power plant","is_nuclear":false}},{"type":"Feature","geometry":{"type":"Point","coordinates":[-89.728,43.31]},"properties":{"key":"4056-6358a2de","layer":"power","name":"Prairie Du Sac","state":"WI","detail_file":"data/details/power-plants-25.json","plant_id":"4056","capacity_mw":33.4,"status_group":"Operating","energy_sources":"WAT","type":"Power plant","is_nuclear":false}},{"type":"Feature","geometry":{"type":"Point","coordinates":[-90.265,42.673]},"properties":{"key":"57116-f5261613","layer":"power","name":"Quilt Block Wind Farm LLC","state":"WI","detail_file":"data/details/power-plants-00.json","plant_id":"57116","capacity_mw":98.0,"status_group":"Operating","energy_sources":"WND","type":"Power plant","is_nuclear":false}},{"type":"Feature","geometry":{"type":"Point","coordinates":[-88.058,42.763]},"properties":{"key":"67731-1f03e293","layer":"power","name":"Raymond Solar WI, LLC","state":"WI","detail_file":"data/details/power-plants-07.json","plant_id":"67731","capacity_mw":6.0,"status_group":"Operating","energy_sources":"SUN","type":"Power plant","is_nuclear":false}},{"type":"Feature","geometry":{"type":"Point","coordinates":[-90.441,42.951]},"properties":{"key":"65282-40b8b6dc","layer":"power","name":"Red Barn Energy","state":"WI","detail_file":"data/details/power-plants-38.json","plant_id":"65282","capacity_mw":91.6,"status_group":"Operating","energy_sources":"WND","type":"Power plant","is_nuclear":false}},{"type":"Feature","geometry":{"type":"Point","coordinates":[-88.175,43.436]},"properties":{"key":"67387-f75a2d13","layer":"power","name":"Regal Ware","state":"WI","detail_file":"data/details/power-plants-48.json","plant_id":"67387","capacity_mw":1.9,"status_group":"Operating","energy_sources":"SUN","type":"Power plant","is_nuclear":false}},{"type":"Feature","geometry":{"type":"Point","coordinates":[-90.373,43.314]},"properties":{"key":"58834-adbe9495","layer":"power","name":"Richland Center Renewable Energy LLC","state":"WI","detail_file":"data/details/power-plants-37.json","plant_id":"58834","capacity_mw":1.8,"status_group":"Operating","energy_sources":"OBG","type":"Power plant","is_nuclear":false}},{"type":"Feature","geometry":{"type":"Point","coordinates":[-89.036,42.583]},"properties":{"key":"55641-abbd032d","layer":"power","name":"Riverside Energy Center","state":"WI","detail_file":"data/details/power-plants-46.json","plant_id":"55641","capacity_mw":674.9,"status_group":"Operating","energy_sources":"NG","type":"Power plant","is_nuclear":false}},{"type":"Feature","geometry":{"type":"Point","coordinates":[-89.023,42.723]},"properties":{"key":"67704-d254f284","layer":"power","name":"Rock County Customer Hosted Solar","state":"WI","detail_file":"data/details/power-plants-17.json","plant_id":"67704","capacity_mw":1.4,"status_group":"Operating","energy_sources":"SUN","type":"Power plant","is_nuclear":false}},{"type":"Feature","geometry":{"type":"Point","coordinates":[-88.975,43.113]},"properties":{"key":"69431-99b2ee28","layer":"power","name":"Rock LakeSolar WI, LLC","state":"WI","detail_file":"data/details/power-plants-09.json","plant_id":"69431","capacity_mw":5.0,"status_group":"Operating","energy_sources":"SUN","type":"Power plant","is_nuclear":false}},{"type":"Feature","geometry":{"type":"Point","coordinates":[-89.049,42.977]},"properties":{"key":"55391-32f09289","layer":"power","name":"RockGen Energy Center","state":"WI","detail_file":"data/details/power-plants-48.json","plant_id":"55391","capacity_mw":561.0,"status_group":"Operating","energy_sources":"NG","type":"Power plant","is_nuclear":false}},{"type":"Feature","geometry":{"type":"Point","coordinates":[-90.323,43.596]},"properties":{"key":"60887-b08aaec9","layer":"power","name":"Sauk DPC Solar","state":"WI","detail_file":"data/details/power-plants-33.json","plant_id":"60887","capacity_mw":1.0,"status_group":"Operating","energy_sources":"SUN","type":"Power plant","is_nuclear":false}},{"type":"Feature","geometry":{"type":"Point","coordinates":[-88.19,42.575]},"properties":{"key":"67732-a7e4dc5f","layer":"power","name":"Silver Lake Solar WI, LLC","state":"WI","detail_file":"data/details/power-plants-27.json","plant_id":"67732","capacity_mw":7.5,"status_group":"Operating","energy_sources":"SUN","type":"Power plant","is_nuclear":false}},{"type":"Feature","geometry":{"type":"Point","coordinates":[-88.671,43.126]},"properties":{"key":"69608-7c4e1a3d","layer":"power","name":"Sinnissippi Solar Energy LLC","state":"WI","detail_file":"data/details/power-plants-12.json","plant_id":"69608","capacity_mw":100.0,"status_group":"Planned","energy_sources":"SUN","type":"Power plant","is_nuclear":false}},{"type":"Feature","geometry":{"type":"Point","coordinates":[-88.497,43.735]},"properties":{"key":"7203-e14f2dc4","layer":"power","name":"South Fond Du Lac","state":"WI","detail_file":"data/details/power-plants-33.json","plant_id":"7203","capacity_mw":381.6,"status_group":"Operating","energy_sources":"NG","type":"Power plant","is_nuclear":false}},{"type":"Feature","geometry":{"type":"Point","coordinates":[-88.754,42.786]},"properties":{"key":"69430-ca013338","layer":"power","name":"Spring Brook Solar WI, LLC","state":"WI","detail_file":"data/details/power-plants-34.json","plant_id":"69430","capacity_mw":6.0,"status_group":"Operating","energy_sources":"SUN","type":"Power plant","is_nuclear":false}},{"type":"Feature","geometry":{"type":"Point","coordinates":[-88.339,42.678]},"properties":{"key":"67733-13ac9206","layer":"power","name":"Spring Prairie Solar WI, LLC","state":"WI","detail_file":"data/details/power-plants-13.json","plant_id":"67733","capacity_mw":7.5,"status_group":"Operating","energy_sources":"SUN","type":"Power plant","is_nuclear":false}},{"type":"Feature","geometry":{"type":"Point","coordinates":[-88.442,43.604]},"properties":{"key":"64996-a3a3b355","layer":"power","name":"Springfield Solar (WI)","state":"WI","detail_file":"data/details/power-plants-14.json","plant_id":"64996","capacity_mw":100.0,"status_group":"Operating","energy_sources":"SUN","type":"Power plant","is_nuclear":false}},{"type":"Feature","geometry":{"type":"Point","coordinates":[-88.014,42.586]},"properties":{"key":"69504-a35a1dd6","layer":"power","name":"Strawberry Creek Solar WI, LLC","state":"WI","detail_file":"data/details/power-plants-02.json","plant_id":"69504","capacity_mw":6.0,"status_group":"Operating","energy_sources":"SUN","type":"Power plant","is_nuclear":false}},{"type":"Feature","geometry":{"type":"Point","coordinates":[-89.395,42.972]},"properties":{"key":"67907-38f2807e","layer":"power","name":"Strix Solar","state":"WI","detail_file":"data/details/power-plants-50.json","plant_id":"67907","capacity_mw":6.0,"status_group":"Operating","energy_sources":"SUN","type":"Power plant","is_nuclear":false}},{"type":"Feature","geometry":{"type":"Point","coordinates":[-89.436,42.985]},"properties":{"key":"68054-618ae3e2","layer":"power","name":"Sunnyside Solar Energy Center","state":"WI","detail_file":"data/details/power-plants-15.json","plant_id":"68054","capacity_mw":60.0,"status_group":"Under construction","energy_sources":"MWH; SUN","type":"Power plant","is_nuclear":false}},{"type":"Feature","geometry":{"type":"Point","coordinates":[-89.313,43.113]},"properties":{"key":"3993-a3a0791a","layer":"power","name":"Sycamore (WI)","state":"WI","detail_file":"data/details/power-plants-40.json","plant_id":"3993","capacity_mw":41.6,"status_group":"Operating","energy_sources":"NG","type":"Power plant","is_nuclear":false}},{"type":"Feature","geometry":{"type":"Point","coordinates":[-89.378,42.988]},"properties":{"key":"67196-ea82103d","layer":"power","name":"Tyto Solar","state":"WI","detail_file":"data/details/power-plants-53.json","plant_id":"67196","capacity_mw":6.0,"status_group":"Operating","energy_sources":"SUN","type":"Power plant","is_nuclear":false}},{"type":"Feature","geometry":{"type":"Point","coordinates":[-89.292,42.958]},"properties":{"key":"67540-cbb4bba7","layer":"power","name":"UW Kegonsa Customer Hosted Solar","state":"WI","detail_file":"data/details/power-plants-21.json","plant_id":"67540","capacity_mw":2.3,"status_group":"Operating","energy_sources":"SUN","type":"Power plant","is_nuclear":false}},{"type":"Feature","geometry":{"type":"Point","coordinates":[-89.401,43.07]},"properties":{"key":"54408-77f4b44c","layer":"power","name":"UW Madison Charter Street Plant","state":"WI","detail_file":"data/details/power-plants-21.json","plant_id":"54408","capacity_mw":11.0,"status_group":"Operating","energy_sources":"DFO; NG","type":"Power plant","is_nuclear":false}},{"type":"Feature","geometry":{"type":"Point","coordinates":[-89.113,43.504]},"properties":{"key":"65964-8ceb29f2","layer":"power","name":"Ursa Solar, LLC","state":"WI","detail_file":"data/details/power-plants-20.json","plant_id":"65964","capacity_mw":200.0,"status_group":"Planned","energy_sources":"SUN","type":"Power plant","is_nuclear":false}},{"type":"Feature","geometry":{"type":"Point","coordinates":[-89.41,43.208]},"properties":{"key":"68502-b6a35f92","layer":"power","name":"Vienna Walbec Customer Hosted","state":"WI","detail_file":"data/details/power-plants-30.json","plant_id":"68502","capacity_mw":1.4,"status_group":"Under construction","energy_sources":"SUN","type":"Power plant","is_nuclear":false}},{"type":"Feature","geometry":{"type":"Point","coordinates":[-90.669,43.507]},"properties":{"key":"4139-7615774e","layer":"power","name":"Viola","state":"WI","detail_file":"data/details/power-plants-41.json","plant_id":"4139","capacity_mw":1.0,"status_group":"Operating","energy_sources":"DFO","type":"Power plant","is_nuclear":false}},{"type":"Feature","geometry":{"type":"Point","coordinates":[-88.161,43.433]},"properties":{"key":"67394-9e8bd09f","layer":"power","name":"Washington County","state":"WI","detail_file":"data/details/power-plants-10.json","plant_id":"67394","capacity_mw":2.3,"status_group":"Operating","energy_sources":"SUN","type":"Power plant","is_nuclear":false}},{"type":"Feature","geometry":{"type":"Point","coordinates":[-88.73,43.623]},"properties":{"key":"54407-5b7dce40","layer":"power","name":"Waupun Correctional Central Heating Plt","state":"WI","detail_file":"data/details/power-plants-55.json","plant_id":"54407","capacity_mw":4.3,"status_group":"Operating","energy_sources":"DFO; NG","type":"Power plant","is_nuclear":false}},{"type":"Feature","geometry":{"type":"Point","coordinates":[-90.156,43.864]},"properties":{"key":"66753-df9536db","layer":"power","name":"Webster Creek (Oak 2)","state":"WI","detail_file":"data/details/power-plants-63.json","plant_id":"66753","capacity_mw":1.5,"status_group":"Operating","energy_sources":"SUN","type":"Power plant","is_nuclear":false}},{"type":"Feature","geometry":{"type":"Point","coordinates":[-89.425,43.075]},"properties":{"key":"7991-c44732d8","layer":"power","name":"West Campus Cogeneration Facility","state":"WI","detail_file":"data/details/power-plants-33.json","plant_id":"7991","capacity_mw":169.3,"status_group":"Operating","energy_sources":"NG","type":"Power plant","is_nuclear":false}},{"type":"Feature","geometry":{"type":"Point","coordinates":[-89.57,43.093]},"properties":{"key":"69313-bfa6b793","layer":"power","name":"West Middleton BESS","state":"WI","detail_file":"data/details/power-plants-41.json","plant_id":"69313","capacity_mw":7.0,"status_group":"Operating","energy_sources":"MWH","type":"Power plant","is_nuclear":false}},{"type":"Feature","geometry":{"type":"Point","coordinates":[-89.041,42.582]},"properties":{"key":"64020-78867948","layer":"power","name":"West Riverside Energy Center","state":"WI","detail_file":"data/details/power-plants-23.json","plant_id":"64020","capacity_mw":727.6,"status_group":"Operating","energy_sources":"NG; SUN","type":"Power plant","is_nuclear":false}},{"type":"Feature","geometry":{"type":"Point","coordinates":[-90.072,43.972]},"properties":{"key":"60895-c954c448","layer":"power","name":"Whistling Winds DPC Solar","state":"WI","detail_file":"data/details/power-plants-16.json","plant_id":"60895","capacity_mw":1.5,"status_group":"Operating","energy_sources":"SUN","type":"Power plant","is_nuclear":false}},{"type":"Feature","geometry":{"type":"Point","coordinates":[-90.441,42.951]},"properties":{"key":"67379-6b370d11","layer":"power","name":"Whitetail Wind Farm","state":"WI","detail_file":"data/details/power-plants-04.json","plant_id":"67379","capacity_mw":67.2,"status_group":"Under construction","energy_sources":"WND","type":"Power plant","is_nuclear":false}},{"type":"Feature","geometry":{"type":"Point","coordinates":[-88.73,42.855]},"properties":{"key":"55011-7ad9c442","layer":"power","name":"Whitewater Generating Station","state":"WI","detail_file":"data/details/power-plants-47.json","plant_id":"55011","capacity_mw":283.5,"status_group":"Operating","energy_sources":"NG","type":"Power plant","is_nuclear":false}}]}