{"type":"FeatureCollection","features":[{"type":"Feature","geometry":{"type":"Point","coordinates":[-92.413,30.429]},"properties":{"key":"55173-22c5ecf6","layer":"power","name":"Acadia Energy Center","state":"LA","detail_file":"data/details/power-plants-61.json","plant_id":"55173","capacity_mw":1389.2,"status_group":"Operating","energy_sources":"NG","type":"Power plant","is_nuclear":false}},{"type":"Feature","geometry":{"type":"Point","coordinates":[-93.127,30.201]},"properties":{"key":"10593-81ec175a","layer":"power","name":"Agrilectric Power Partners Ltd","state":"LA","detail_file":"data/details/power-plants-43.json","plant_id":"10593","capacity_mw":12.1,"status_group":"Operating","energy_sources":"AB","type":"Power plant","is_nuclear":false}},{"type":"Feature","geometry":{"type":"Point","coordinates":[-92.6,30.282]},"properties":{"key":"55433-764a1390","layer":"power","name":"Bayou Cove Peaking Power","state":"LA","detail_file":"data/details/power-plants-49.json","plant_id":"55433","capacity_mw":416.0,"status_group":"Operating","energy_sources":"NG","type":"Power plant","is_nuclear":false}},{"type":"Feature","geometry":{"type":"Point","coordinates":[-92.717,31.395]},"properties":{"key":"6190-64208655","layer":"power","name":"Brame Energy Center","state":"LA","detail_file":"data/details/power-plants-50.json","plant_id":"6190","capacity_mw":1707.3,"status_group":"Operating","energy_sources":"NG; PC; SUB","type":"Power plant","is_nuclear":false}},{"type":"Feature","geometry":{"type":"Point","coordinates":[-93.323,30.183]},"properties":{"key":"52175-c39a3d54","layer":"power","name":"CITGO Refinery Powerhouse","state":"LA","detail_file":"data/details/power-plants-29.json","plant_id":"52175","capacity_mw":75.0,"status_group":"Operating","energy_sources":"OG","type":"Power plant","is_nuclear":false}},{"type":"Feature","geometry":{"type":"Point","coordinates":[-93.345,30.161]},"properties":{"key":"55165-6a153ad1","layer":"power","name":"Calcasieu","state":"LA","detail_file":"data/details/power-plants-03.json","plant_id":"55165","capacity_mw":358.8,"status_group":"Operating","energy_sources":"NG","type":"Power plant","is_nuclear":false}},{"type":"Feature","geometry":{"type":"Point","coordinates":[-92.261,30.844]},"properties":{"key":"1396-fcef6bb5","layer":"power","name":"Coughlin Power Station","state":"LA","detail_file":"data/details/power-plants-04.json","plant_id":"1396","capacity_mw":922.8,"status_group":"Operating","energy_sources":"NG","type":"Power plant","is_nuclear":false}},{"type":"Feature","geometry":{"type":"Point","coordinates":[-92.461,31.321]},"properties":{"key":"6558-42301937","layer":"power","name":"D G Hunter","state":"LA","detail_file":"data/details/power-plants-38.json","plant_id":"6558","capacity_mw":65.1,"status_group":"Operating","energy_sources":"NG","type":"Power plant","is_nuclear":false}},{"type":"Feature","geometry":{"type":"Point","coordinates":[-93.376,30.861]},"properties":{"key":"10488-1b0da33a","layer":"power","name":"DeRidder Mill","state":"LA","detail_file":"data/details/power-plants-54.json","plant_id":"10488","capacity_mw":61.5,"status_group":"Operating","energy_sources":"BLQ","type":"Power plant","is_nuclear":false}},{"type":"Feature","geometry":{"type":"Point","coordinates":[-93.626,31.956]},"properties":{"key":"68785-e27849ad","layer":"power","name":"Dolet Hills Solar","state":"LA","detail_file":"data/details/power-plants-39.json","plant_id":"68785","capacity_mw":240.0,"status_group":"Under construction","energy_sources":"SUN","type":"Power plant","is_nuclear":false}},{"type":"Feature","geometry":{"type":"Point","coordinates":[-92.972,30.82]},"properties":{"key":"66111-63f3456e","layer":"power","name":"Elizabeth Solar Plant","state":"LA","detail_file":"data/details/power-plants-24.json","plant_id":"66111","capacity_mw":142.8,"status_group":"Operating","energy_sources":"SUN","type":"Power plant","is_nuclear":false}},{"type":"Feature","geometry":{"type":"Point","coordinates":[-92.532,30.461]},"properties":{"key":"66615-54f17615","layer":"power","name":"Eunice LA Plant","state":"LA","detail_file":"data/details/power-plants-22.json","plant_id":"66615","capacity_mw":4.7,"status_group":"Operating","energy_sources":"NG","type":"Power plant","is_nuclear":false}},{"type":"Feature","geometry":{"type":"Point","coordinates":[-93.196,31.1]},"properties":{"key":"69732-819f8dca","layer":"power","name":"Fort Polk (fka Johnson) - Chaffee East","state":"LA","detail_file":"data/details/power-plants-51.json","plant_id":"69732","capacity_mw":5.0,"status_group":"Operating","energy_sources":"SUN","type":"Power plant","is_nuclear":false}},{"type":"Feature","geometry":{"type":"Point","coordinates":[-93.198,31.099]},"properties":{"key":"69733-34913cf8","layer":"power","name":"Fort Polk (fka Johnson) - Chaffee West","state":"LA","detail_file":"data/details/power-plants-06.json","plant_id":"69733","capacity_mw":4.5,"status_group":"Operating","energy_sources":"SUN","type":"Power plant","is_nuclear":false}},{"type":"Feature","geometry":{"type":"Point","coordinates":[-93.474,31.662]},"properties":{"key":"69590-fd7b300e","layer":"power","name":"Hollis Creek Solar","state":"LA","detail_file":"data/details/power-plants-55.json","plant_id":"69590","capacity_mw":220.0,"status_group":"Under construction","energy_sources":"SUN","type":"Power plant","is_nuclear":false}},{"type":"Feature","geometry":{"type":"Point","coordinates":[-93.172,31.906]},"properties":{"key":"58108-66122129","layer":"power","name":"International Paper Red River Mill","state":"LA","detail_file":"data/details/power-plants-38.json","plant_id":"58108","capacity_mw":78.8,"status_group":"Operating","energy_sources":"BLQ","type":"Power plant","is_nuclear":false}},{"type":"Feature","geometry":{"type":"Point","coordinates":[-93.336,30.149]},"properties":{"key":"58310-aee5b148","layer":"power","name":"Lake Charles Plant","state":"LA","detail_file":"data/details/power-plants-37.json","plant_id":"58310","capacity_mw":36.4,"status_group":"Operating","energy_sources":"WH","type":"Power plant","is_nuclear":false}},{"type":"Feature","geometry":{"type":"Point","coordinates":[-93.322,30.197]},"properties":{"key":"57884-ddd0c546","layer":"power","name":"Lake Charles Polymers","state":"LA","detail_file":"data/details/power-plants-15.json","plant_id":"57884","capacity_mw":31.1,"status_group":"Operating","energy_sources":"NG","type":"Power plant","is_nuclear":false}},{"type":"Feature","geometry":{"type":"Point","coordinates":[-93.289,30.271]},"properties":{"key":"60927-eefcadc3","layer":"power","name":"Lake Charles Power","state":"LA","detail_file":"data/details/power-plants-14.json","plant_id":"60927","capacity_mw":1000.0,"status_group":"Operating","energy_sources":"NG","type":"Power plant","is_nuclear":false}},{"type":"Feature","geometry":{"type":"Point","coordinates":[-92.404,30.392]},"properties":{"key":"66558-f662db70","layer":"power","name":"Mowata Solar","state":"LA","detail_file":"data/details/power-plants-01.json","plant_id":"66558","capacity_mw":150.0,"status_group":"Under construction","energy_sources":"SUN","type":"Power plant","is_nuclear":false}},{"type":"Feature","geometry":{"type":"Point","coordinates":[-92.293,31.186]},"properties":{"key":"62391-a5d8ef68","layer":"power","name":"Overton Hydroelectric Project","state":"LA","detail_file":"data/details/power-plants-18.json","plant_id":"62391","capacity_mw":48.6,"status_group":"Planned","energy_sources":"WAT","type":"Power plant","is_nuclear":false}},{"type":"Feature","geometry":{"type":"Point","coordinates":[-93.294,30.226]},"properties":{"key":"50490-701c85f0","layer":"power","name":"PPG Plant C Caustic","state":"LA","detail_file":"data/details/power-plants-53.json","plant_id":"50490","capacity_mw":3.4,"status_group":"Operating","energy_sources":"NG","type":"Power plant","is_nuclear":false}},{"type":"Feature","geometry":{"type":"Point","coordinates":[-93.281,30.225]},"properties":{"key":"50487-39dbf54e","layer":"power","name":"PPG Powerhouse A","state":"LA","detail_file":"data/details/power-plants-30.json","plant_id":"50487","capacity_mw":52.5,"status_group":"Operating","energy_sources":"PUR","type":"Power plant","is_nuclear":false}},{"type":"Feature","geometry":{"type":"Point","coordinates":[-93.295,30.226]},"properties":{"key":"50489-88914e27","layer":"power","name":"PPG Powerhouse C","state":"LA","detail_file":"data/details/power-plants-53.json","plant_id":"50489","capacity_mw":357.7,"status_group":"Operating","energy_sources":"NG","type":"Power plant","is_nuclear":false}},{"type":"Feature","geometry":{"type":"Point","coordinates":[-93.281,30.222]},"properties":{"key":"50488-031da061","layer":"power","name":"PPG Riverside","state":"LA","detail_file":"data/details/power-plants-00.json","plant_id":"50488","capacity_mw":162.0,"status_group":"Operating","energy_sources":"PUR","type":"Power plant","is_nuclear":false}},{"type":"Feature","geometry":{"type":"Point","coordinates":[-92.17,30.61]},"properties":{"key":"65976-301ae6a7","layer":"power","name":"Prairie Ronde Solar Farm","state":"LA","detail_file":"data/details/power-plants-50.json","plant_id":"65976","capacity_mw":135.0,"status_group":"Operating","energy_sources":"SUN","type":"Power plant","is_nuclear":false}},{"type":"Feature","geometry":{"type":"Point","coordinates":[-93.291,30.284]},"properties":{"key":"1393-69fae463","layer":"power","name":"R S Nelson","state":"LA","detail_file":"data/details/power-plants-47.json","plant_id":"1393","capacity_mw":1433.6,"status_group":"Operating","energy_sources":"NG; PC; SUB","type":"Power plant","is_nuclear":false}},{"type":"Feature","geometry":{"type":"Point","coordinates":[-93.283,30.221]},"properties":{"key":"55117-6600f717","layer":"power","name":"RS Cogen","state":"LA","detail_file":"data/details/power-plants-28.json","plant_id":"55117","capacity_mw":493.0,"status_group":"Operating","energy_sources":"NG","type":"Power plant","is_nuclear":false}},{"type":"Feature","geometry":{"type":"Point","coordinates":[-92.272,30.235]},"properties":{"key":"1456-8583d5c8","layer":"power","name":"Rayne","state":"LA","detail_file":"data/details/power-plants-09.json","plant_id":"1456","capacity_mw":8.2,"status_group":"Operating","energy_sources":"DFO","type":"Power plant","is_nuclear":false}},{"type":"Feature","geometry":{"type":"Point","coordinates":[-92.075,30.422]},"properties":{"key":"68567-1a588cdf","layer":"power","name":"SR Sunset","state":"LA","detail_file":"data/details/power-plants-53.json","plant_id":"68567","capacity_mw":4.3,"status_group":"Under construction","energy_sources":"SUN","type":"Power plant","is_nuclear":false}},{"type":"Feature","geometry":{"type":"Point","coordinates":[-93.334,30.695]},"properties":{"key":"69299-413a0f38","layer":"power","name":"Singer Solar","state":"LA","detail_file":"data/details/power-plants-44.json","plant_id":"69299","capacity_mw":300.0,"status_group":"Planned","energy_sources":"SUN","type":"Power plant","is_nuclear":false}},{"type":"Feature","geometry":{"type":"Point","coordinates":[-92.043,30.255]},"properties":{"key":"56108-c9bf6994","layer":"power","name":"T J Labbe Electric Generating","state":"LA","detail_file":"data/details/power-plants-19.json","plant_id":"56108","capacity_mw":100.8,"status_group":"Operating","energy_sources":"NG","type":"Power plant","is_nuclear":false}},{"type":"Feature","geometry":{"type":"Point","coordinates":[-93.302,30.281]},"properties":{"key":"69426-5c625a4c","layer":"power","name":"Westlake Power Station","state":"LA","detail_file":"data/details/power-plants-15.json","plant_id":"69426","capacity_mw":819.4,"status_group":"Planned","energy_sources":"NG","type":"Power plant","is_nuclear":false}},{"type":"Feature","geometry":{"type":"Point","coordinates":[-93.965,29.866]},"properties":{"key":"55309-84280bc5","layer":"power","name":"Air Products Port Arthur","state":"TX","detail_file":"data/details/power-plants-41.json","plant_id":"55309","capacity_mw":169.1,"status_group":"Operating","energy_sources":"NG; OG","type":"Power plant","is_nuclear":false}},{"type":"Feature","geometry":{"type":"Point","coordinates":[-94.9,29.382]},"properties":{"key":"69173-72d97580","layer":"power","name":"Air Products Texas City","state":"TX","detail_file":"data/details/power-plants-13.json","plant_id":"69173","capacity_mw":65.2,"status_group":"Operating","energy_sources":"WH","type":"Power plant","is_nuclear":false}},{"type":"Feature","geometry":{"type":"Point","coordinates":[-95.249,29.433]},"properties":{"key":"64293-c8333ea5","layer":"power","name":"Alvin","state":"TX","detail_file":"data/details/power-plants-21.json","plant_id":"64293","capacity_mw":9.9,"status_group":"Operating","energy_sources":"MWH","type":"Power plant","is_nuclear":false}},{"type":"Feature","geometry":{"type":"Point","coordinates":[-95.441,29.167]},"properties":{"key":"64295-4e4cf4b7","layer":"power","name":"Angleton","state":"TX","detail_file":"data/details/power-plants-34.json","plant_id":"64295","capacity_mw":9.9,"status_group":"Operating","energy_sources":"MWH","type":"Power plant","is_nuclear":false}},{"type":"Feature","geometry":{"type":"Point","coordinates":[-95.21,29.256]},"properties":{"key":"10418-859763d9","layer":"power","name":"Ascend Performance Materials Texas Inc.","state":"TX","detail_file":"data/details/power-plants-44.json","plant_id":"10418","capacity_mw":52.1,"status_group":"Operating","energy_sources":"NG","type":"Power plant","is_nuclear":false}},{"type":"Feature","geometry":{"type":"Point","coordinates":[-94.872,31.404]},"properties":{"key":"68470-3f80471e","layer":"power","name":"Azalea Springs Solar Park","state":"TX","detail_file":"data/details/power-plants-11.json","plant_id":"68470","capacity_mw":180.0,"status_group":"Operating","energy_sources":"SUN","type":"Power plant","is_nuclear":false}},{"type":"Feature","geometry":{"type":"Point","coordinates":[-95.394,29.002]},"properties":{"key":"55311-21248cf0","layer":"power","name":"BASF Freeport Works","state":"TX","detail_file":"data/details/power-plants-30.json","plant_id":"55311","capacity_mw":92.7,"status_group":"Operating","energy_sources":"NG; WH","type":"Power plant","is_nuclear":false}},{"type":"Feature","geometry":{"type":"Point","coordinates":[-95.431,29.866]},"properties":{"key":"69246-8ef56a49","layer":"power","name":"BESS TX Camarine - BSHOU001","state":"TX","detail_file":"data/details/power-plants-00.json","plant_id":"69246","capacity_mw":9.9,"status_group":"Under construction","energy_sources":"MWH","type":"Power plant","is_nuclear":false}},{"type":"Feature","geometry":{"type":"Point","coordinates":[-95.353,29.838]},"properties":{"key":"69575-64032cfd","layer":"power","name":"BESS TX Panda - BSHOU004","state":"TX","detail_file":"data/details/power-plants-56.json","plant_id":"69575","capacity_mw":10.0,"status_group":"Operating","energy_sources":"MWH","type":"Power plant","is_nuclear":false}},{"type":"Feature","geometry":{"type":"Point","coordinates":[-95.437,29.963]},"properties":{"key":"69574-3e963ad9","layer":"power","name":"BESS TX Top Gear - BSHOU002","state":"TX","detail_file":"data/details/power-plants-15.json","plant_id":"69574","capacity_mw":10.0,"status_group":"Operating","energy_sources":"MWH","type":"Power plant","is_nuclear":false}},{"type":"Feature","geometry":{"type":"Point","coordinates":[-95.799,29.788]},"properties":{"key":"66561-7dbf3c75","layer":"power","name":"BUC00040","state":"TX","detail_file":"data/details/power-plants-35.json","plant_id":"66561","capacity_mw":1.6,"status_group":"Operating","energy_sources":"NG","type":"Power plant","is_nuclear":false}},{"type":"Feature","geometry":{"type":"Point","coordinates":[-94.985,29.492]},"properties":{"key":"60264-b2b28a30","layer":"power","name":"Bacliff","state":"TX","detail_file":"data/details/power-plants-31.json","plant_id":"60264","capacity_mw":427.2,"status_group":"Operating","energy_sources":"NG","type":"Power plant","is_nuclear":false}},{"type":"Feature","geometry":{"type":"Point","coordinates":[-94.792,31.555]},"properties":{"key":"65853-f438f683","layer":"power","name":"Banita Creek- Spindlepop Solar","state":"TX","detail_file":"data/details/power-plants-29.json","plant_id":"65853","capacity_mw":609.1,"status_group":"Under construction","energy_sources":"SUN","type":"Power plant","is_nuclear":false}},{"type":"Feature","geometry":{"type":"Point","coordinates":[-95.046,29.622]},"properties":{"key":"10298-4bd49eaa","layer":"power","name":"Bayou Cogen Plant","state":"TX","detail_file":"data/details/power-plants-37.json","plant_id":"10298","capacity_mw":318.4,"status_group":"Operating","energy_sources":"NG","type":"Power plant","is_nuclear":false}},{"type":"Feature","geometry":{"type":"Point","coordinates":[-94.902,29.773]},"properties":{"key":"55327-664c83b1","layer":"power","name":"Baytown Energy Center","state":"TX","detail_file":"data/details/power-plants-40.json","plant_id":"55327","capacity_mw":932.9,"status_group":"Operating","energy_sources":"NG","type":"Power plant","is_nuclear":false}},{"type":"Feature","geometry":{"type":"Point","coordinates":[-95.668,29.138]},"properties":{"key":"67535-fc6474ee","layer":"power","name":"Bell Creek BESS LLC","state":"TX","detail_file":"data/details/power-plants-09.json","plant_id":"67535","capacity_mw":200.9,"status_group":"Planned","energy_sources":"MWH","type":"Power plant","is_nuclear":false}},{"type":"Feature","geometry":{"type":"Point","coordinates":[-95.995,28.975]},"properties":{"key":"67558-8b3f6a65","layer":"power","name":"Blackcat BESS","state":"TX","detail_file":"data/details/power-plants-56.json","plant_id":"67558","capacity_mw":200.6,"status_group":"Planned","energy_sources":"MWH","type":"Power plant","is_nuclear":false}},{"type":"Feature","geometry":{"type":"Point","coordinates":[-95.251,29.435]},"properties":{"key":"68879-86c42917","layer":"power","name":"Bocanova Energy Storage","state":"TX","detail_file":"data/details/power-plants-63.json","plant_id":"68879","capacity_mw":150.0,"status_group":"Operating","energy_sources":"MWH","type":"Power plant","is_nuclear":false}},{"type":"Feature","geometry":{"type":"Point","coordinates":[-95.251,29.435]},"properties":{"key":"69423-f651dfa6","layer":"power","name":"Bocanova Energy Storage II","state":"TX","detail_file":"data/details/power-plants-40.json","plant_id":"69423","capacity_mw":150.0,"status_group":"Under construction","energy_sources":"MWH","type":"Power plant","is_nuclear":false}},{"type":"Feature","geometry":{"type":"Point","coordinates":[-95.62,29.48]},"properties":{"key":"64383-59a53baf","layer":"power","name":"Braes Bayou Plant","state":"TX","detail_file":"data/details/power-plants-63.json","plant_id":"64383","capacity_mw":484.0,"status_group":"Operating","energy_sources":"NG","type":"Power plant","is_nuclear":false}},{"type":"Feature","geometry":{"type":"Point","coordinates":[-95.578,29.063]},"properties":{"key":"64296-5ed73a25","layer":"power","name":"Brazoria","state":"TX","detail_file":"data/details/power-plants-43.json","plant_id":"64296","capacity_mw":9.9,"status_group":"Operating","energy_sources":"MWH","type":"Power plant","is_nuclear":false}},{"type":"Feature","geometry":{"type":"Point","coordinates":[-95.761,29.178]},"properties":{"key":"66046-8d298c07","layer":"power","name":"Brazoria County Solar Project (Danciger)","state":"TX","detail_file":"data/details/power-plants-24.json","plant_id":"66046","capacity_mw":200.0,"status_group":"Operating","energy_sources":"SUN","type":"Power plant","is_nuclear":false}},{"type":"Feature","geometry":{"type":"Point","coordinates":[-95.371,29.139]},"properties":{"key":"68410-8484cb32","layer":"power","name":"Brazoria Solar I","state":"TX","detail_file":"data/details/power-plants-14.json","plant_id":"68410","capacity_mw":250.0,"status_group":"Under construction","energy_sources":"SUN","type":"Power plant","is_nuclear":false}},{"type":"Feature","geometry":{"type":"Point","coordinates":[-95.663,29.191]},"properties":{"key":"64447-0caafeae","layer":"power","name":"Brazoria West","state":"TX","detail_file":"data/details/power-plants-10.json","plant_id":"64447","capacity_mw":200.0,"status_group":"Operating","energy_sources":"SUN","type":"Power plant","is_nuclear":false}},{"type":"Feature","geometry":{"type":"Point","coordinates":[-95.8,29.563]},"properties":{"key":"66690-0390e393","layer":"power","name":"Brazos Bend BESS, LLC","state":"TX","detail_file":"data/details/power-plants-38.json","plant_id":"66690","capacity_mw":100.0,"status_group":"Operating","energy_sources":"MWH","type":"Power plant","is_nuclear":false}},{"type":"Feature","geometry":{"type":"Point","coordinates":[-95.621,29.15]},"properties":{"key":"68814-8cbee9d4","layer":"power","name":"Brazos River BESS LLC","state":"TX","detail_file":"data/details/power-plants-19.json","plant_id":"68814","capacity_mw":180.0,"status_group":"Planned","energy_sources":"MWH","type":"Power plant","is_nuclear":false}},{"type":"Feature","geometry":{"type":"Point","coordinates":[-95.97,29.537]},"properties":{"key":"61868-bc39930a","layer":"power","name":"Bronson","state":"TX","detail_file":"data/details/power-plants-62.json","plant_id":"61868","capacity_mw":10.0,"status_group":"Operating","energy_sources":"SUN","type":"Power plant","is_nuclear":false}},{"type":"Feature","geometry":{"type":"Point","coordinates":[-95.74,31.688]},"properties":{"key":"68165-26c1db3b","layer":"power","name":"Brotherton Storage","state":"TX","detail_file":"data/details/power-plants-20.json","plant_id":"68165","capacity_mw":176.1,"status_group":"Under construction","energy_sources":"MWH","type":"Power plant","is_nuclear":false}},{"type":"Feature","geometry":{"type":"Point","coordinates":[-95.435,29.364]},"properties":{"key":"65373-b2629506","layer":"power","name":"Brotman Power Station","state":"TX","detail_file":"data/details/power-plants-38.json","plant_id":"65373","capacity_mw":484.0,"status_group":"Operating","energy_sources":"NG","type":"Power plant","is_nuclear":false}},{"type":"Feature","geometry":{"type":"Point","coordinates":[-95.622,29.484]},"properties":{"key":"67761-8da07089","layer":"power","name":"Bypass BESS","state":"TX","detail_file":"data/details/power-plants-53.json","plant_id":"67761","capacity_mw":200.0,"status_group":"Operating","energy_sources":"MWH","type":"Power plant","is_nuclear":false}},{"type":"Feature","geometry":{"type":"Point","coordinates":[-95.686,29.056]},"properties":{"key":"65259-4f8797a3","layer":"power","name":"Byrd Ranch Storage","state":"TX","detail_file":"data/details/power-plants-14.json","plant_id":"65259","capacity_mw":50.0,"status_group":"Operating","energy_sources":"MWH","type":"Power plant","is_nuclear":false}},{"type":"Feature","geometry":{"type":"Point","coordinates":[-95.451,29.647]},"properties":{"key":"66338-c6360239","layer":"power","name":"Callisto I Energy Center","state":"TX","detail_file":"data/details/power-plants-36.json","plant_id":"66338","capacity_mw":223.4,"status_group":"Operating","energy_sources":"MWH","type":"Power plant","is_nuclear":false}},{"type":"Feature","geometry":{"type":"Point","coordinates":[-95.45,29.645]},"properties":{"key":"68422-4f06ab72","layer":"power","name":"Callisto II Energy Center","state":"TX","detail_file":"data/details/power-plants-18.json","plant_id":"68422","capacity_mw":400.0,"status_group":"Under construction","energy_sources":"MWH","type":"Power plant","is_nuclear":false}},{"type":"Feature","geometry":{"type":"Point","coordinates":[-95.651,29.15]},"properties":{"key":"65870-b2ca2a3f","layer":"power","name":"Castor","state":"TX","detail_file":"data/details/power-plants-21.json","plant_id":"65870","capacity_mw":200.0,"status_group":"Under construction","energy_sources":"MWH","type":"Power plant","is_nuclear":false}},{"type":"Feature","geometry":{"type":"Point","coordinates":[-94.926,29.75]},"properties":{"key":"3460-043c78e8","layer":"power","name":"Cedar Bayou","state":"TX","detail_file":"data/details/power-plants-30.json","plant_id":"3460","capacity_mw":1530.0,"status_group":"Operating","energy_sources":"NG","type":"Power plant","is_nuclear":false}},{"type":"Feature","geometry":{"type":"Point","coordinates":[-94.923,29.752]},"properties":{"key":"56806-78f89118","layer":"power","name":"Cedar Bayou 4","state":"TX","detail_file":"data/details/power-plants-63.json","plant_id":"56806","capacity_mw":535.5,"status_group":"Operating","energy_sources":"NG","type":"Power plant","is_nuclear":false}},{"type":"Feature","geometry":{"type":"Point","coordinates":[-94.921,29.751]},"properties":{"key":"68606-e231a44b","layer":"power","name":"Cedar Bayou 5","state":"TX","detail_file":"data/details/power-plants-32.json","plant_id":"68606","capacity_mw":721.0,"status_group":"Under construction","energy_sources":"NG","type":"Power plant","is_nuclear":false}},{"type":"Feature","geometry":{"type":"Point","coordinates":[-95.111,29.883]},"properties":{"key":"60460-c77a48f5","layer":"power","name":"Chamon","state":"TX","detail_file":"data/details/power-plants-14.json","plant_id":"60460","capacity_mw":121.0,"status_group":"Operating","energy_sources":"NG","type":"Power plant","is_nuclear":false}},{"type":"Feature","geometry":{"type":"Point","coordinates":[-95.232,29.719]},"properties":{"key":"55299-c03ff6b3","layer":"power","name":"Channel Energy Center LLC","state":"TX","detail_file":"data/details/power-plants-44.json","plant_id":"55299","capacity_mw":923.8,"status_group":"Operating","energy_sources":"NG","type":"Power plant","is_nuclear":false}},{"type":"Feature","geometry":{"type":"Point","coordinates":[-95.122,29.837]},"properties":{"key":"55187-72b01999","layer":"power","name":"Channelview Cogeneration Plant","state":"TX","detail_file":"data/details/power-plants-36.json","plant_id":"55187","capacity_mw":918.3,"status_group":"Operating","energy_sources":"NG","type":"Power plant","is_nuclear":false}},{"type":"Feature","geometry":{"type":"Point","coordinates":[-94.214,29.973]},"properties":{"key":"54321-056f7a68","layer":"power","name":"Chickadee G-3","state":"TX","detail_file":"data/details/power-plants-59.json","plant_id":"54321","capacity_mw":34.8,"status_group":"Operating","energy_sources":"NG","type":"Power plant","is_nuclear":false}},{"type":"Feature","geometry":{"type":"Point","coordinates":[-95.018,29.874]},"properties":{"key":"67738-554ab772","layer":"power","name":"Citadel Battery Storage Plant","state":"TX","detail_file":"data/details/power-plants-33.json","plant_id":"67738","capacity_mw":204.0,"status_group":"Operating","energy_sources":"MWH","type":"Power plant","is_nuclear":false}},{"type":"Feature","geometry":{"type":"Point","coordinates":[-95.554,29.845]},"properties":{"key":"65537-6decb0f8","layer":"power","name":"Clara","state":"TX","detail_file":"data/details/power-plants-21.json","plant_id":"65537","capacity_mw":9.0,"status_group":"Operating","energy_sources":"DFO","type":"Power plant","is_nuclear":false}},{"type":"Feature","geometry":{"type":"Point","coordinates":[-94.925,29.855]},"properties":{"key":"69110-deceba97","layer":"power","name":"Coneflower Storage Project LLC","state":"TX","detail_file":"data/details/power-plants-38.json","plant_id":"69110","capacity_mw":170.9,"status_group":"Under construction","energy_sources":"MWH","type":"Power plant","is_nuclear":false}},{"type":"Feature","geometry":{"type":"Point","coordinates":[-95.258,29.263]},"properties":{"key":"66915-545b09c6","layer":"power","name":"Cottonwood Bayou Solar","state":"TX","detail_file":"data/details/power-plants-34.json","plant_id":"66915","capacity_mw":350.0,"status_group":"Under construction","energy_sources":"SUN","type":"Power plant","is_nuclear":false}},{"type":"Feature","geometry":{"type":"Point","coordinates":[-95.26,29.243]},"properties":{"key":"69251-21aa29c6","layer":"power","name":"Cottonwood Bayou Storage","state":"TX","detail_file":"data/details/power-plants-28.json","plant_id":"69251","capacity_mw":150.0,"status_group":"Operating","energy_sources":"MWH","type":"Power plant","is_nuclear":false}},{"type":"Feature","geometry":{"type":"Point","coordinates":[-93.735,30.259]},"properties":{"key":"55358-b7e5eaa7","layer":"power","name":"Cottonwood Energy Company LP","state":"TX","detail_file":"data/details/power-plants-47.json","plant_id":"55358","capacity_mw":1433.6,"status_group":"Operating","energy_sources":"NG","type":"Power plant","is_nuclear":false}},{"type":"Feature","geometry":{"type":"Point","coordinates":[-95.38,29.777]},"properties":{"key":"68683-91734bca","layer":"power","name":"Crockett BESS","state":"TX","detail_file":"data/details/power-plants-18.json","plant_id":"68683","capacity_mw":10.0,"status_group":"Operating","energy_sources":"MWH","type":"Power plant","is_nuclear":false}},{"type":"Feature","geometry":{"type":"Point","coordinates":[-95.016,29.873]},"properties":{"key":"69454-e02824e1","layer":"power","name":"Crosby Clean Energy Center (BESS)","state":"TX","detail_file":"data/details/power-plants-23.json","plant_id":"69454","capacity_mw":12.0,"status_group":"Operating","energy_sources":"MWH","type":"Power plant","is_nuclear":false}},{"type":"Feature","geometry":{"type":"Point","coordinates":[-95.619,29.482]},"properties":{"key":"68499-d25b4b84","layer":"power","name":"Crowned Heron 1 - Storage, LLC","state":"TX","detail_file":"data/details/power-plants-07.json","plant_id":"68499","capacity_mw":150.0,"status_group":"Under construction","energy_sources":"MWH","type":"Power plant","is_nuclear":false}},{"type":"Feature","geometry":{"type":"Point","coordinates":[-95.62,29.483]},"properties":{"key":"68500-df55b4d3","layer":"power","name":"Crowned Heron 2 - Storage, LLC","state":"TX","detail_file":"data/details/power-plants-38.json","plant_id":"68500","capacity_mw":150.0,"status_group":"Under construction","energy_sources":"MWH","type":"Power plant","is_nuclear":false}},{"type":"Feature","geometry":{"type":"Point","coordinates":[-95.734,29.41]},"properties":{"key":"66310-28c8ab13","layer":"power","name":"Cutlass Solar 1 LLC","state":"TX","detail_file":"data/details/power-plants-34.json","plant_id":"66310","capacity_mw":110.9,"status_group":"Operating","energy_sources":"SUN","type":"Power plant","is_nuclear":false}},{"type":"Feature","geometry":{"type":"Point","coordinates":[-95.78,29.39]},"properties":{"key":"66262-f295eb74","layer":"power","name":"Cutlass Solar II","state":"TX","detail_file":"data/details/power-plants-28.json","plant_id":"66262","capacity_mw":202.8,"status_group":"Operating","energy_sources":"SUN","type":"Power plant","is_nuclear":false}},{"type":"Feature","geometry":{"type":"Point","coordinates":[-95.528,29.957]},"properties":{"key":"65538-fea4326f","layer":"power","name":"Cutten","state":"TX","detail_file":"data/details/power-plants-13.json","plant_id":"65538","capacity_mw":9.0,"status_group":"Operating","energy_sources":"DFO","type":"Power plant","is_nuclear":false}},{"type":"Feature","geometry":{"type":"Point","coordinates":[-95.135,29.713]},"properties":{"key":"55464-659b1aba","layer":"power","name":"Deer Park Energy Center","state":"TX","detail_file":"data/details/power-plants-47.json","plant_id":"55464","capacity_mw":1176.0,"status_group":"Operating","energy_sources":"NG","type":"Power plant","is_nuclear":false}},{"type":"Feature","geometry":{"type":"Point","coordinates":[-95.735,29.063]},"properties":{"key":"65876-c6ff2a42","layer":"power","name":"Desna","state":"TX","detail_file":"data/details/power-plants-12.json","plant_id":"65876","capacity_mw":200.0,"status_group":"Operating","energy_sources":"MWH","type":"Power plant","is_nuclear":false}},{"type":"Feature","geometry":{"type":"Point","coordinates":[-95.024,29.887]},"properties":{"key":"67654-f5f10245","layer":"power","name":"Destiny Storage","state":"TX","detail_file":"data/details/power-plants-57.json","plant_id":"67654","capacity_mw":200.0,"status_group":"Under construction","energy_sources":"MWH","type":"Power plant","is_nuclear":false}},{"type":"Feature","geometry":{"type":"Point","coordinates":[-94.798,31.194]},"properties":{"key":"66794-87dd1ec3","layer":"power","name":"Diboll BESS","state":"TX","detail_file":"data/details/power-plants-50.json","plant_id":"66794","capacity_mw":9.9,"status_group":"Operating","energy_sources":"MWH","type":"Power plant","is_nuclear":false}},{"type":"Feature","geometry":{"type":"Point","coordinates":[-95.057,29.461]},"properties":{"key":"64314-2024da08","layer":"power","name":"Dickinson","state":"TX","detail_file":"data/details/power-plants-42.json","plant_id":"64314","capacity_mw":9.9,"status_group":"Operating","energy_sources":"MWH","type":"Power plant","is_nuclear":false}},{"type":"Feature","geometry":{"type":"Point","coordinates":[-95.685,29.248]},"properties":{"key":"65850-3e216477","layer":"power","name":"Elio Energy LLC","state":"TX","detail_file":"data/details/power-plants-11.json","plant_id":"65850","capacity_mw":300.0,"status_group":"Planned","energy_sources":"MWH","type":"Power plant","is_nuclear":false}},{"type":"Feature","geometry":{"type":"Point","coordinates":[-94.92,29.825]},"properties":{"key":"10261-52dcde09","layer":"power","name":"Enterprise Products Operating","state":"TX","detail_file":"data/details/power-plants-55.json","plant_id":"10261","capacity_mw":20.7,"status_group":"Operating","energy_sources":"NG","type":"Power plant","is_nuclear":false}},{"type":"Feature","geometry":{"type":"Point","coordinates":[-95.072,29.703]},"properties":{"key":"55365-15fac324","layer":"power","name":"Exelon LaPorte Generating Station","state":"TX","detail_file":"data/details/power-plants-50.json","plant_id":"55365","capacity_mw":236.0,"status_group":"Operating","energy_sources":"NG","type":"Power plant","is_nuclear":false}},{"type":"Feature","geometry":{"type":"Point","coordinates":[-94.997,29.754]},"properties":{"key":"10436-0c1cc6cd","layer":"power","name":"ExxonMobil Baytown Refinery","state":"TX","detail_file":"data/details/power-plants-33.json","plant_id":"10436","capacity_mw":209.3,"status_group":"Operating","energy_sources":"NG; WH","type":"Power plant","is_nuclear":false}},{"type":"Feature","geometry":{"type":"Point","coordinates":[-95.01,29.759]},"properties":{"key":"10692-9cf6bc3a","layer":"power","name":"ExxonMobil Baytown Turbine","state":"TX","detail_file":"data/details/power-plants-41.json","plant_id":"10692","capacity_mw":381.8,"status_group":"Operating","energy_sources":"NG","type":"Power plant","is_nuclear":false}},{"type":"Feature","geometry":{"type":"Point","coordinates":[-94.075,30.064]},"properties":{"key":"50625-35bd2b29","layer":"power","name":"ExxonMobil Beaumont Refinery","state":"TX","detail_file":"data/details/power-plants-23.json","plant_id":"50625","capacity_mw":677.8,"status_group":"Operating","energy_sources":"NG; OG","type":"Power plant","is_nuclear":false}},{"type":"Feature","geometry":{"type":"Point","coordinates":[-95.637,29.575]},"properties":{"key":"66595-5641489d","layer":"power","name":"FTBLID2","state":"TX","detail_file":"data/details/power-plants-52.json","plant_id":"66595","capacity_mw":11.2,"status_group":"Operating","energy_sources":"NG","type":"Power plant","is_nuclear":false}},{"type":"Feature","geometry":{"type":"Point","coordinates":[-95.746,29.358]},"properties":{"key":"62945-1e2bd48a","layer":"power","name":"Fighting Jays Solar Project","state":"TX","detail_file":"data/details/power-plants-39.json","plant_id":"62945","capacity_mw":227.5,"status_group":"Operating","energy_sources":"SUN","type":"Power plant","is_nuclear":false}},{"type":"Feature","geometry":{"type":"Point","coordinates":[-95.98,29.56]},"properties":{"key":"63985-6b3b3655","layer":"power","name":"Fort Bend Solar LLC","state":"TX","detail_file":"data/details/power-plants-39.json","plant_id":"63985","capacity_mw":240.0,"status_group":"Operating","energy_sources":"SUN","type":"Power plant","is_nuclear":false}},{"type":"Feature","geometry":{"type":"Point","coordinates":[-95.407,28.991]},"properties":{"key":"52120-f5e258bc","layer":"power","name":"Freeport Energy","state":"TX","detail_file":"data/details/power-plants-09.json","plant_id":"52120","capacity_mw":603.1,"status_group":"Operating","energy_sources":"NG","type":"Power plant","is_nuclear":false}},{"type":"Feature","geometry":{"type":"Point","coordinates":[-95.395,28.989]},"properties":{"key":"56152-6d9f1041","layer":"power","name":"Freeport Energy Center","state":"TX","detail_file":"data/details/power-plants-00.json","plant_id":"56152","capacity_mw":260.0,"status_group":"Operating","energy_sources":"NG","type":"Power plant","is_nuclear":false}},{"type":"Feature","geometry":{"type":"Point","coordinates":[-95.307,28.979]},"properties":{"key":"59145-91fdd83f","layer":"power","name":"Freeport LP Pretreatment Facility","state":"TX","detail_file":"data/details/power-plants-29.json","plant_id":"59145","capacity_mw":87.0,"status_group":"Operating","energy_sources":"NG","type":"Power plant","is_nuclear":false}},{"type":"Feature","geometry":{"type":"Point","coordinates":[-95.452,29.647]},"properties":{"key":"60468-67a7f22e","layer":"power","name":"Friendswood Energy","state":"TX","detail_file":"data/details/power-plants-17.json","plant_id":"60468","capacity_mw":265.2,"status_group":"Operating","energy_sources":"NG","type":"Power plant","is_nuclear":false}},{"type":"Feature","geometry":{"type":"Point","coordinates":[-94.953,29.38]},"properties":{"key":"65541-02a8a73e","layer":"power","name":"GCWA","state":"TX","detail_file":"data/details/power-plants-51.json","plant_id":"65541","capacity_mw":7.2,"status_group":"Operating","energy_sources":"DFO","type":"Power plant","is_nuclear":false}},{"type":"Feature","geometry":{"type":"Point","coordinates":[-95.445,29.168]},"properties":{"key":"64528-4f31c50e","layer":"power","name":"Gambit Energy Storage - Angleton Storage","state":"TX","detail_file":"data/details/power-plants-47.json","plant_id":"64528","capacity_mw":100.0,"status_group":"Operating","energy_sources":"MWH","type":"Power plant","is_nuclear":false}},{"type":"Feature","geometry":{"type":"Point","coordinates":[-94.933,29.378]},"properties":{"key":"55470-a5ac044b","layer":"power","name":"Green Power 2","state":"TX","detail_file":"data/details/power-plants-16.json","plant_id":"55470","capacity_mw":861.0,"status_group":"Operating","energy_sources":"NG","type":"Power plant","is_nuclear":false}},{"type":"Feature","geometry":{"type":"Point","coordinates":[-95.219,29.822]},"properties":{"key":"3464-8348488d","layer":"power","name":"Greens Bayou","state":"TX","detail_file":"data/details/power-plants-49.json","plant_id":"3464","capacity_mw":432.0,"status_group":"Operating","energy_sources":"NG","type":"Power plant","is_nuclear":false}},{"type":"Feature","geometry":{"type":"Point","coordinates":[-95.218,29.821]},"properties":{"key":"69691-622fc556","layer":"power","name":"Greens Bayou 6","state":"TX","detail_file":"data/details/power-plants-32.json","plant_id":"69691","capacity_mw":447.0,"status_group":"Under construction","energy_sources":"NG","type":"Power plant","is_nuclear":false}},{"type":"Feature","geometry":{"type":"Point","coordinates":[-95.968,29.191]},"properties":{"key":"66871-41f36d04","layer":"power","name":"GulfStar Power, LLC","state":"TX","detail_file":"data/details/power-plants-23.json","plant_id":"66871","capacity_mw":300.0,"status_group":"Operating","energy_sources":"MWH","type":"Power plant","is_nuclear":false}},{"type":"Feature","geometry":{"type":"Point","coordinates":[-95.968,29.191]},"properties":{"key":"66871-4af42db6","layer":"power","name":"GulfStar Power, LLC","state":"TX","detail_file":"data/details/power-plants-43.json","plant_id":"66871","capacity_mw":451.6,"status_group":"Under construction","energy_sources":"SUN","type":"Power plant","is_nuclear":false}},{"type":"Feature","geometry":{"type":"Point","coordinates":[-95.744,29.993]},"properties":{"key":"65261-7c637083","layer":"power","name":"HEB00020","state":"TX","detail_file":"data/details/power-plants-08.json","plant_id":"65261","capacity_mw":1.2,"status_group":"Operating","energy_sources":"NG","type":"Power plant","is_nuclear":false}},{"type":"Feature","geometry":{"type":"Point","coordinates":[-95.095,29.466]},"properties":{"key":"65262-55f2daeb","layer":"power","name":"HEB00028","state":"TX","detail_file":"data/details/power-plants-41.json","plant_id":"65262","capacity_mw":1.2,"status_group":"Operating","energy_sources":"NG","type":"Power plant","is_nuclear":false}},{"type":"Feature","geometry":{"type":"Point","coordinates":[-94.17,30.106]},"properties":{"key":"66593-128b1374","layer":"power","name":"HEB00048","state":"TX","detail_file":"data/details/power-plants-29.json","plant_id":"66593","capacity_mw":1.2,"status_group":"Operating","energy_sources":"NG","type":"Power plant","is_nuclear":false}},{"type":"Feature","geometry":{"type":"Point","coordinates":[-95.25,29.602]},"properties":{"key":"65264-c434610a","layer":"power","name":"HEB00054","state":"TX","detail_file":"data/details/power-plants-34.json","plant_id":"65264","capacity_mw":1.2,"status_group":"Operating","energy_sources":"NG","type":"Power plant","is_nuclear":false}},{"type":"Feature","geometry":{"type":"Point","coordinates":[-95.39,29.56]},"properties":{"key":"66549-33ab74e5","layer":"power","name":"HEB00063","state":"TX","detail_file":"data/details/power-plants-52.json","plant_id":"66549","capacity_mw":1.6,"status_group":"Operating","energy_sources":"NG","type":"Power plant","is_nuclear":false}},{"type":"Feature","geometry":{"type":"Point","coordinates":[-95.577,29.995]},"properties":{"key":"65267-ba11840e","layer":"power","name":"HEB00099","state":"TX","detail_file":"data/details/power-plants-38.json","plant_id":"65267","capacity_mw":1.2,"status_group":"Operating","energy_sources":"NG","type":"Power plant","is_nuclear":false}},{"type":"Feature","geometry":{"type":"Point","coordinates":[-95.539,29.786]},"properties":{"key":"65268-e3eb5c40","layer":"power","name":"HEB00109","state":"TX","detail_file":"data/details/power-plants-35.json","plant_id":"65268","capacity_mw":1.2,"status_group":"Operating","energy_sources":"NG","type":"Power plant","is_nuclear":false}},{"type":"Feature","geometry":{"type":"Point","coordinates":[-95.536,29.537]},"properties":{"key":"65269-05fc367f","layer":"power","name":"HEB00110","state":"TX","detail_file":"data/details/power-plants-30.json","plant_id":"65269","capacity_mw":1.2,"status_group":"Operating","energy_sources":"NG","type":"Power plant","is_nuclear":false}},{"type":"Feature","geometry":{"type":"Point","coordinates":[-95.958,28.982]},"properties":{"key":"65026-1ffead6f","layer":"power","name":"HEB00292","state":"TX","detail_file":"data/details/power-plants-24.json","plant_id":"65026","capacity_mw":1.2,"status_group":"Operating","energy_sources":"NG","type":"Power plant","is_nuclear":false}},{"type":"Feature","geometry":{"type":"Point","coordinates":[-95.538,30.179]},"properties":{"key":"66594-d9649f84","layer":"power","name":"HEB00594","state":"TX","detail_file":"data/details/power-plants-08.json","plant_id":"66594","capacity_mw":1.2,"status_group":"Operating","energy_sources":"NG","type":"Power plant","is_nuclear":false}},{"type":"Feature","geometry":{"type":"Point","coordinates":[-95.405,29.488]},"properties":{"key":"67311-7a53e644","layer":"power","name":"HEB00760","state":"TX","detail_file":"data/details/power-plants-52.json","plant_id":"67311","capacity_mw":1.2,"status_group":"Operating","energy_sources":"NG","type":"Power plant","is_nuclear":false}},{"type":"Feature","geometry":{"type":"Point","coordinates":[-95.682,30.221]},"properties":{"key":"67434-625e23ed","layer":"power","name":"HEB00767","state":"TX","detail_file":"data/details/power-plants-31.json","plant_id":"67434","capacity_mw":1.2,"status_group":"Operating","energy_sources":"NG","type":"Power plant","is_nuclear":false}},{"type":"Feature","geometry":{"type":"Point","coordinates":[-95.151,29.554]},"properties":{"key":"67319-5edb3b28","layer":"power","name":"HEB00769","state":"TX","detail_file":"data/details/power-plants-60.json","plant_id":"67319","capacity_mw":1.2,"status_group":"Operating","energy_sources":"NG","type":"Power plant","is_nuclear":false}},{"type":"Feature","geometry":{"type":"Point","coordinates":[-95.761,29.804]},"properties":{"key":"67312-b53cafd8","layer":"power","name":"HEB00776","state":"TX","detail_file":"data/details/power-plants-02.json","plant_id":"67312","capacity_mw":1.2,"status_group":"Operating","energy_sources":"NG","type":"Power plant","is_nuclear":false}},{"type":"Feature","geometry":{"type":"Point","coordinates":[-95.354,29.682]},"properties":{"key":"68731-64710c7c","layer":"power","name":"HEB00779","state":"TX","detail_file":"data/details/power-plants-01.json","plant_id":"68731","capacity_mw":1.2,"status_group":"Operating","energy_sources":"NG","type":"Power plant","is_nuclear":false}},{"type":"Feature","geometry":{"type":"Point","coordinates":[-95.804,29.817]},"properties":{"key":"68732-0f5fff92","layer":"power","name":"HEB00797","state":"TX","detail_file":"data/details/power-plants-40.json","plant_id":"68732","capacity_mw":1.2,"status_group":"Operating","energy_sources":"NG","type":"Power plant","is_nuclear":false}},{"type":"Feature","geometry":{"type":"Point","coordinates":[-95.207,29.957]},"properties":{"key":"68733-579a7594","layer":"power","name":"HEB00798","state":"TX","detail_file":"data/details/power-plants-19.json","plant_id":"68733","capacity_mw":1.2,"status_group":"Operating","energy_sources":"NG","type":"Power plant","is_nuclear":false}},{"type":"Feature","geometry":{"type":"Point","coordinates":[-95.537,29.84]},"properties":{"key":"66567-e16db5fa","layer":"power","name":"HEBHoustonDistributionCenter","state":"TX","detail_file":"data/details/power-plants-05.json","plant_id":"66567","capacity_mw":12.8,"status_group":"Operating","energy_sources":"NG","type":"Power plant","is_nuclear":false}},{"type":"Feature","geometry":{"type":"Point","coordinates":[-95.541,29.844]},"properties":{"key":"66566-0b9f661e","layer":"power","name":"HEBSnackPlant","state":"TX","detail_file":"data/details/power-plants-16.json","plant_id":"66566","capacity_mw":1.6,"status_group":"Operating","energy_sources":"NG","type":"Power plant","is_nuclear":false}},{"type":"Feature","geometry":{"type":"Point","coordinates":[-95.452,29.645]},"properties":{"key":"63335-00654bd0","layer":"power","name":"HO Clarke Generating","state":"TX","detail_file":"data/details/power-plants-36.json","plant_id":"63335","capacity_mw":484.0,"status_group":"Operating","energy_sources":"NG","type":"Power plant","is_nuclear":false}},{"type":"Feature","geometry":{"type":"Point","coordinates":[-94.253,30.304]},"properties":{"key":"56604-5421761a","layer":"power","name":"Hardin County Peaking Facility","state":"TX","detail_file":"data/details/power-plants-63.json","plant_id":"56604","capacity_mw":173.0,"status_group":"Operating","energy_sources":"NG","type":"Power plant","is_nuclear":false}},{"type":"Feature","geometry":{"type":"Point","coordinates":[-94.95,29.39]},"properties":{"key":"64297-feb0fd25","layer":"power","name":"Heights","state":"TX","detail_file":"data/details/power-plants-47.json","plant_id":"64297","capacity_mw":9.9,"status_group":"Operating","energy_sources":"MWH","type":"Power plant","is_nuclear":false}},{"type":"Feature","geometry":{"type":"Point","coordinates":[-95.037,29.489]},"properties":{"key":"68809-18d9ba4b","layer":"power","name":"Hidden Lakes Reliability Project","state":"TX","detail_file":"data/details/power-plants-07.json","plant_id":"68809","capacity_mw":220.0,"status_group":"Operating","energy_sources":"MWH","type":"Power plant","is_nuclear":false}},{"type":"Feature","geometry":{"type":"Point","coordinates":[-95.848,30.022]},"properties":{"key":"69902-baf9ce6c","layer":"power","name":"Hockley","state":"TX","detail_file":"data/details/power-plants-61.json","plant_id":"69902","capacity_mw":9.9,"status_group":"Under construction","energy_sources":"MWH","type":"Power plant","is_nuclear":false}},{"type":"Feature","geometry":{"type":"Point","coordinates":[-95.084,29.731]},"properties":{"key":"50043-4c5a5ec6","layer":"power","name":"Houston Chemical Complex Battleground","state":"TX","detail_file":"data/details/power-plants-39.json","plant_id":"50043","capacity_mw":380.7,"status_group":"Operating","energy_sources":"NG","type":"Power plant","is_nuclear":false}},{"type":"Feature","geometry":{"type":"Point","coordinates":[-95.577,31.239]},"properties":{"key":"68671-afe08852","layer":"power","name":"Houston County BESS","state":"TX","detail_file":"data/details/power-plants-36.json","plant_id":"68671","capacity_mw":125.0,"status_group":"Planned","energy_sources":"MWH","type":"Power plant","is_nuclear":false}},{"type":"Feature","geometry":{"type":"Point","coordinates":[-95.271,29.72]},"properties":{"key":"52065-bd5b2db4","layer":"power","name":"Houston Plant","state":"TX","detail_file":"data/details/power-plants-16.json","plant_id":"52065","capacity_mw":7.5,"status_group":"Operating","energy_sources":"WH","type":"Power plant","is_nuclear":false}},{"type":"Feature","geometry":{"type":"Point","coordinates":[-95.937,28.797]},"properties":{"key":"68380-8d821055","layer":"power","name":"Isaac Solar","state":"TX","detail_file":"data/details/power-plants-03.json","plant_id":"68380","capacity_mw":51.4,"status_group":"Under construction","energy_sources":"SUN","type":"Power plant","is_nuclear":false}},{"type":"Feature","geometry":{"type":"Point","coordinates":[-93.93,29.964]},"properties":{"key":"54637-6ad4433c","layer":"power","name":"JCO Oxides Olefins Plant","state":"TX","detail_file":"data/details/power-plants-24.json","plant_id":"54637","capacity_mw":73.8,"status_group":"Operating","energy_sources":"NG","type":"Power plant","is_nuclear":false}},{"type":"Feature","geometry":{"type":"Point","coordinates":[-95.624,29.473]},"properties":{"key":"55357-0f306292","layer":"power","name":"Jack Fusco Energy Center","state":"TX","detail_file":"data/details/power-plants-42.json","plant_id":"55357","capacity_mw":675.6,"status_group":"Operating","energy_sources":"NG","type":"Power plant","is_nuclear":false}},{"type":"Feature","geometry":{"type":"Point","coordinates":[-93.996,29.88]},"properties":{"key":"68053-bc259c5b","layer":"power","name":"Legend Power Station","state":"TX","detail_file":"data/details/power-plants-47.json","plant_id":"68053","capacity_mw":754.0,"status_group":"Under construction","energy_sources":"NG","type":"Power plant","is_nuclear":false}},{"type":"Feature","geometry":{"type":"Point","coordinates":[-95.521,30.436]},"properties":{"key":"3457-cb114f97","layer":"power","name":"Lewis Creek","state":"TX","detail_file":"data/details/power-plants-11.json","plant_id":"3457","capacity_mw":542.8,"status_group":"Operating","energy_sources":"NG","type":"Power plant","is_nuclear":false}},{"type":"Feature","geometry":{"type":"Point","coordinates":[-94.85,29.959]},"properties":{"key":"67159-ae0b093d","layer":"power","name":"Liberty County Solar Project","state":"TX","detail_file":"data/details/power-plants-38.json","plant_id":"67159","capacity_mw":109.9,"status_group":"Operating","energy_sources":"SUN","type":"Power plant","is_nuclear":false}},{"type":"Feature","geometry":{"type":"Point","coordinates":[-95.041,30.01]},"properties":{"key":"67867-13be5a6b","layer":"power","name":"Liberty Hybrid Solar and Storage Project","state":"TX","detail_file":"data/details/power-plants-61.json","plant_id":"67867","capacity_mw":132.2,"status_group":"Operating","energy_sources":"MWH; SUN","type":"Power plant","is_nuclear":false}},{"type":"Feature","geometry":{"type":"Point","coordinates":[-95.017,30.414]},"properties":{"key":"69077-c1470e16","layer":"power","name":"Lone Star Power Station","state":"TX","detail_file":"data/details/power-plants-60.json","plant_id":"69077","capacity_mw":467.3,"status_group":"Under construction","energy_sources":"NG","type":"Power plant","is_nuclear":false}},{"type":"Feature","geometry":{"type":"Point","coordinates":[-95.676,29.244]},"properties":{"key":"68998-858079ac","layer":"power","name":"Long Point Solar","state":"TX","detail_file":"data/details/power-plants-27.json","plant_id":"68998","capacity_mw":120.0,"status_group":"Operating","energy_sources":"SUN","type":"Power plant","is_nuclear":false}},{"type":"Feature","geometry":{"type":"Point","coordinates":[-95.296,29.282]},"properties":{"key":"67083-3f3eb9b0","layer":"power","name":"Longbow BESS, LLC","state":"TX","detail_file":"data/details/power-plants-51.json","plant_id":"67083","capacity_mw":174.0,"status_group":"Operating","energy_sources":"MWH","type":"Power plant","is_nuclear":false}},{"type":"Feature","geometry":{"type":"Point","coordinates":[-95.299,29.29]},"properties":{"key":"65521-27888d4f","layer":"power","name":"Longbow Solar, LLC","state":"TX","detail_file":"data/details/power-plants-18.json","plant_id":"65521","capacity_mw":78.1,"status_group":"Operating","energy_sources":"SUN","type":"Power plant","is_nuclear":false}},{"type":"Feature","geometry":{"type":"Point","coordinates":[-94.724,31.292]},"properties":{"key":"66789-49dc7efe","layer":"power","name":"Lufkin South BESS","state":"TX","detail_file":"data/details/power-plants-20.json","plant_id":"66789","capacity_mw":9.9,"status_group":"Operating","energy_sources":"MWH","type":"Power plant","is_nuclear":false}},{"type":"Feature","geometry":{"type":"Point","coordinates":[-94.276,30.298]},"properties":{"key":"66904-612c7930","layer":"power","name":"Lumberton PV I, LLC","state":"TX","detail_file":"data/details/power-plants-01.json","plant_id":"66904","capacity_mw":200.0,"status_group":"Planned","energy_sources":"SUN","type":"Power plant","is_nuclear":false}},{"type":"Feature","geometry":{"type":"Point","coordinates":[-95.257,30.303]},"properties":{"key":"66895-c3bb6761","layer":"power","name":"Lupinus Solar 1, LLC","state":"TX","detail_file":"data/details/power-plants-49.json","plant_id":"66895","capacity_mw":248.0,"status_group":"Planned","energy_sources":"MWH; SUN","type":"Power plant","is_nuclear":false}},{"type":"Feature","geometry":{"type":"Point","coordinates":[-95.257,30.303]},"properties":{"key":"66896-fdefbb4a","layer":"power","name":"Lupinus Solar 2, LLC","state":"TX","detail_file":"data/details/power-plants-23.json","plant_id":"66896","capacity_mw":366.9,"status_group":"Planned","energy_sources":"MWH; SUN","type":"Power plant","is_nuclear":false}},{"type":"Feature","geometry":{"type":"Point","coordinates":[-95.134,29.488]},"properties":{"key":"64298-2e0e99d4","layer":"power","name":"Magnolia TX","state":"TX","detail_file":"data/details/power-plants-36.json","plant_id":"64298","capacity_mw":9.9,"status_group":"Operating","energy_sources":"MWH","type":"Power plant","is_nuclear":false}},{"type":"Feature","geometry":{"type":"Point","coordinates":[-95.041,29.395]},"properties":{"key":"67494-e9da71fd","layer":"power","name":"Mainland","state":"TX","detail_file":"data/details/power-plants-19.json","plant_id":"67494","capacity_mw":9.9,"status_group":"Operating","energy_sources":"MWH","type":"Power plant","is_nuclear":false}},{"type":"Feature","geometry":{"type":"Point","coordinates":[-95.431,29.227]},"properties":{"key":"65372-586bf6ac","layer":"power","name":"Mark One Power Station","state":"TX","detail_file":"data/details/power-plants-19.json","plant_id":"65372","capacity_mw":484.0,"status_group":"Operating","energy_sources":"NG","type":"Power plant","is_nuclear":false}},{"type":"Feature","geometry":{"type":"Point","coordinates":[-95.202,29.365]},"properties":{"key":"69456-a9c5e2a2","layer":"power","name":"Maverick Clean Energy Center (BESS)","state":"TX","detail_file":"data/details/power-plants-58.json","plant_id":"69456","capacity_mw":12.0,"status_group":"Operating","energy_sources":"MWH","type":"Power plant","is_nuclear":false}},{"type":"Feature","geometry":{"type":"Point","coordinates":[-95.479,29.508]},"properties":{"key":"65543-0c294e35","layer":"power","name":"Mckeever","state":"TX","detail_file":"data/details/power-plants-33.json","plant_id":"65543","capacity_mw":9.0,"status_group":"Operating","energy_sources":"DFO","type":"Power plant","is_nuclear":false}},{"type":"Feature","geometry":{"type":"Point","coordinates":[-95.752,31.443]},"properties":{"key":"70052-4f8b8bf6","layer":"power","name":"Misae Solar IV LLC","state":"TX","detail_file":"data/details/power-plants-08.json","plant_id":"70052","capacity_mw":209.0,"status_group":"Under construction","energy_sources":"SUN","type":"Power plant","is_nuclear":false}},{"type":"Feature","geometry":{"type":"Point","coordinates":[-94.901,29.838]},"properties":{"key":"57322-023782f3","layer":"power","name":"Mont Belvieu Cogeneration Unit","state":"TX","detail_file":"data/details/power-plants-45.json","plant_id":"57322","capacity_mw":15.0,"status_group":"Operating","energy_sources":"NG","type":"Power plant","is_nuclear":false}},{"type":"Feature","geometry":{"type":"Point","coordinates":[-95.528,30.441]},"properties":{"key":"60925-c2ef403b","layer":"power","name":"Montgomery County","state":"TX","detail_file":"data/details/power-plants-33.json","plant_id":"60925","capacity_mw":1000.0,"status_group":"Operating","energy_sources":"NG","type":"Power plant","is_nuclear":false}},{"type":"Feature","geometry":{"type":"Point","coordinates":[-93.951,29.888]},"properties":{"key":"50973-98c2bb5d","layer":"power","name":"Motiva Enterprises Port Arthur Refinery","state":"TX","detail_file":"data/details/power-plants-14.json","plant_id":"50973","capacity_mw":276.8,"status_group":"Operating","energy_sources":"NG; OG","type":"Power plant","is_nuclear":false}},{"type":"Feature","geometry":{"type":"Point","coordinates":[-95.427,29.228]},"properties":{"key":"66910-106e108f","layer":"power","name":"Myrtle Solar, LLC","state":"TX","detail_file":"data/details/power-plants-61.json","plant_id":"66910","capacity_mw":313.0,"status_group":"Under construction","energy_sources":"SUN","type":"Power plant","is_nuclear":false}},{"type":"Feature","geometry":{"type":"Point","coordinates":[-95.428,29.228]},"properties":{"key":"66913-f803593f","layer":"power","name":"Myrtle Storage","state":"TX","detail_file":"data/details/power-plants-61.json","plant_id":"66913","capacity_mw":150.0,"status_group":"Operating","energy_sources":"MWH","type":"Power plant","is_nuclear":false}},{"type":"Feature","geometry":{"type":"Point","coordinates":[-93.884,29.954]},"properties":{"key":"55122-f5f2bf0e","layer":"power","name":"NAFTA Region Olefins Complex Cogen Fac","state":"TX","detail_file":"data/details/power-plants-06.json","plant_id":"55122","capacity_mw":83.2,"status_group":"Operating","energy_sources":"NG","type":"Power plant","is_nuclear":false}},{"type":"Feature","geometry":{"type":"Point","coordinates":[-95.089,29.562]},"properties":{"key":"62762-856547e0","layer":"power","name":"NASA Johnson Space Center CHP","state":"TX","detail_file":"data/details/power-plants-19.json","plant_id":"62762","capacity_mw":11.2,"status_group":"Operating","energy_sources":"NG","type":"Power plant","is_nuclear":false}},{"type":"Feature","geometry":{"type":"Point","coordinates":[-95.2,29.934]},"properties":{"key":"69279-c4421d74","layer":"power","name":"NEWPP","state":"TX","detail_file":"data/details/power-plants-56.json","plant_id":"69279","capacity_mw":30.0,"status_group":"Operating","energy_sources":"NG","type":"Power plant","is_nuclear":false}},{"type":"Feature","geometry":{"type":"Point","coordinates":[-95.531,29.944]},"properties":{"key":"66601-0e5eb072","layer":"power","name":"NRG THW GT Electric Generating Station","state":"TX","detail_file":"data/details/power-plants-21.json","plant_id":"66601","capacity_mw":377.4,"status_group":"Operating","energy_sources":"NG","type":"Power plant","is_nuclear":false}},{"type":"Feature","geometry":{"type":"Point","coordinates":[-94.901,31.832]},"properties":{"key":"55708-5cae81c5","layer":"power","name":"Nacogdoches Power","state":"TX","detail_file":"data/details/power-plants-19.json","plant_id":"55708","capacity_mw":114.0,"status_group":"Operating","energy_sources":"WDS","type":"Power plant","is_nuclear":false}},{"type":"Feature","geometry":{"type":"Point","coordinates":[-94.968,29.909]},"properties":{"key":"68411-7c91adf4","layer":"power","name":"Noor Solar","state":"TX","detail_file":"data/details/power-plants-33.json","plant_id":"68411","capacity_mw":188.2,"status_group":"Under construction","energy_sources":"SUN","type":"Power plant","is_nuclear":false}},{"type":"Feature","geometry":{"type":"Point","coordinates":[-95.619,29.706]},"properties":{"key":"67316-68531f6b","layer":"power","name":"OTHERNFBWA","state":"TX","detail_file":"data/details/power-plants-06.json","plant_id":"67316","capacity_mw":2.4,"status_group":"Operating","energy_sources":"NG","type":"Power plant","is_nuclear":false}},{"type":"Feature","geometry":{"type":"Point","coordinates":[-95.427,29.685]},"properties":{"key":"68737-55252033","layer":"power","name":"OTHERTraditionBuffalo","state":"TX","detail_file":"data/details/power-plants-10.json","plant_id":"68737","capacity_mw":1.2,"status_group":"Operating","energy_sources":"NG","type":"Power plant","is_nuclear":false}},{"type":"Feature","geometry":{"type":"Point","coordinates":[-95.108,29.816]},"properties":{"key":"50815-56a4fa70","layer":"power","name":"Odyssey Energy Altura Cogen, LLC","state":"TX","detail_file":"data/details/power-plants-56.json","plant_id":"50815","capacity_mw":643.6,"status_group":"Operating","energy_sources":"NG","type":"Power plant","is_nuclear":false}},{"type":"Feature","geometry":{"type":"Point","coordinates":[-95.825,29.334]},"properties":{"key":"64133-f64ea5c5","layer":"power","name":"Old 300 Solar Center, LLC","state":"TX","detail_file":"data/details/power-plants-35.json","plant_id":"64133","capacity_mw":430.0,"status_group":"Operating","energy_sources":"SUN","type":"Power plant","is_nuclear":false}},{"type":"Feature","geometry":{"type":"Point","coordinates":[-95.812,29.327]},"properties":{"key":"68365-3e52d421","layer":"power","name":"Old 300 Storage Center","state":"TX","detail_file":"data/details/power-plants-39.json","plant_id":"68365","capacity_mw":250.0,"status_group":"Operating","energy_sources":"MWH","type":"Power plant","is_nuclear":false}},{"type":"Feature","geometry":{"type":"Point","coordinates":[-93.871,30.025]},"properties":{"key":"66621-5474d5fc","layer":"power","name":"Orange County Advanced Power Station","state":"TX","detail_file":"data/details/power-plants-10.json","plant_id":"66621","capacity_mw":1306.0,"status_group":"Under construction","energy_sources":"NG","type":"Power plant","is_nuclear":false}},{"type":"Feature","geometry":{"type":"Point","coordinates":[-95.957,29.54]},"properties":{"key":"69665-2e68a04b","layer":"power","name":"Orchard BESS","state":"TX","detail_file":"data/details/power-plants-51.json","plant_id":"69665","capacity_mw":10.0,"status_group":"Under construction","energy_sources":"MWH","type":"Power plant","is_nuclear":false}},{"type":"Feature","geometry":{"type":"Point","coordinates":[-95.342,28.98]},"properties":{"key":"54676-d9fb217e","layer":"power","name":"Oyster Creek Unit VIII","state":"TX","detail_file":"data/details/power-plants-29.json","plant_id":"54676","capacity_mw":497.9,"status_group":"Operating","energy_sources":"NG","type":"Power plant","is_nuclear":false}},{"type":"Feature","geometry":{"type":"Point","coordinates":[-95.21,29.723]},"properties":{"key":"58069-36b4a8e3","layer":"power","name":"PRSI FCC Generator","state":"TX","detail_file":"data/details/power-plants-16.json","plant_id":"58069","capacity_mw":4.7,"status_group":"Operating","energy_sources":"PC","type":"Power plant","is_nuclear":false}},{"type":"Feature","geometry":{"type":"Point","coordinates":[-95.45,29.645]},"properties":{"key":"69393-6821ec52","layer":"power","name":"Pamela Heights I Energy Center","state":"TX","detail_file":"data/details/power-plants-41.json","plant_id":"69393","capacity_mw":100.0,"status_group":"Under construction","energy_sources":"MWH","type":"Power plant","is_nuclear":false}},{"type":"Feature","geometry":{"type":"Point","coordinates":[-95.943,29.979]},"properties":{"key":"69320-672b962e","layer":"power","name":"Parliament Solar","state":"TX","detail_file":"data/details/power-plants-40.json","plant_id":"69320","capacity_mw":480.0,"status_group":"Operating","energy_sources":"SUN","type":"Power plant","is_nuclear":false}},{"type":"Feature","geometry":{"type":"Point","coordinates":[-95.176,29.725]},"properties":{"key":"55047-4e9ff3f3","layer":"power","name":"Pasadena Cogeneration","state":"TX","detail_file":"data/details/power-plants-61.json","plant_id":"55047","capacity_mw":815.0,"status_group":"Operating","energy_sources":"NG","type":"Power plant","is_nuclear":false}},{"type":"Feature","geometry":{"type":"Point","coordinates":[-95.634,29.475]},"properties":{"key":"58378-4545ab5e","layer":"power","name":"Petra Nova Carbon Capture Cogen","state":"TX","detail_file":"data/details/power-plants-32.json","plant_id":"58378","capacity_mw":82.2,"status_group":"Operating","energy_sources":"NG","type":"Power plant","is_nuclear":false}},{"type":"Feature","geometry":{"type":"Point","coordinates":[-95.865,28.897]},"properties":{"key":"67700-33f2adc7","layer":"power","name":"Peyton Creek Wind Farm II","state":"TX","detail_file":"data/details/power-plants-01.json","plant_id":"67700","capacity_mw":243.0,"status_group":"Operating","energy_sources":"WND","type":"Power plant","is_nuclear":false}},{"type":"Feature","geometry":{"type":"Point","coordinates":[-95.863,28.843]},"properties":{"key":"62417-e146f6e8","layer":"power","name":"Peyton Creek Wind Farm LLC","state":"TX","detail_file":"data/details/power-plants-32.json","plant_id":"62417","capacity_mw":151.2,"status_group":"Operating","energy_sources":"WND","type":"Power plant","is_nuclear":false}},{"type":"Feature","geometry":{"type":"Point","coordinates":[-95.67,30.719]},"properties":{"key":"67995-a554dc6a","layer":"power","name":"Piney Woods Solar","state":"TX","detail_file":"data/details/power-plants-44.json","plant_id":"67995","capacity_mw":150.0,"status_group":"Under construction","energy_sources":"SUN","type":"Power plant","is_nuclear":false}},{"type":"Feature","geometry":{"type":"Point","coordinates":[-95.912,29.188]},"properties":{"key":"69904-ee6067dc","layer":"power","name":"Pledger","state":"TX","detail_file":"data/details/power-plants-41.json","plant_id":"69904","capacity_mw":9.5,"status_group":"Under construction","energy_sources":"MWH","type":"Power plant","is_nuclear":false}},{"type":"Feature","geometry":{"type":"Point","coordinates":[-93.891,29.965]},"properties":{"key":"10568-30d71ae3","layer":"power","name":"Port Arthur Texas Refinery","state":"TX","detail_file":"data/details/power-plants-27.json","plant_id":"10568","capacity_mw":38.4,"status_group":"Operating","energy_sources":"NG","type":"Power plant","is_nuclear":false}},{"type":"Feature","geometry":{"type":"Point","coordinates":[-95.195,29.229]},"properties":{"key":"10154-d8ec77c3","layer":"power","name":"Power Island","state":"TX","detail_file":"data/details/power-plants-29.json","plant_id":"10154","capacity_mw":141.0,"status_group":"Operating","energy_sources":"NG","type":"Power plant","is_nuclear":false}},{"type":"Feature","geometry":{"type":"Point","coordinates":[-94.922,29.378]},"properties":{"key":"52132-363e87c5","layer":"power","name":"Power Station 4","state":"TX","detail_file":"data/details/power-plants-15.json","plant_id":"52132","capacity_mw":191.1,"status_group":"Operating","energy_sources":"NG","type":"Power plant","is_nuclear":false}},{"type":"Feature","geometry":{"type":"Point","coordinates":[-95.388,29.005]},"properties":{"key":"66596-51e365cb","layer":"power","name":"Praxair","state":"TX","detail_file":"data/details/power-plants-20.json","plant_id":"66596","capacity_mw":1.2,"status_group":"Operating","energy_sources":"NG","type":"Power plant","is_nuclear":false}},{"type":"Feature","geometry":{"type":"Point","coordinates":[-95.651,29.149]},"properties":{"key":"62753-48b05836","layer":"power","name":"Prospect Storage","state":"TX","detail_file":"data/details/power-plants-07.json","plant_id":"62753","capacity_mw":9.9,"status_group":"Operating","energy_sources":"MWH","type":"Power plant","is_nuclear":false}},{"type":"Feature","geometry":{"type":"Point","coordinates":[-95.01,30.632]},"properties":{"key":"58645-53389df1","layer":"power","name":"RC Thomas Hydroelectric Project","state":"TX","detail_file":"data/details/power-plants-45.json","plant_id":"58645","capacity_mw":26.7,"status_group":"Operating","energy_sources":"WAT","type":"Power plant","is_nuclear":false}},{"type":"Feature","geometry":{"type":"Point","coordinates":[-95.816,30.217]},"properties":{"key":"67563-cffc25e1","layer":"power","name":"Ratcliff Solar Park","state":"TX","detail_file":"data/details/power-plants-50.json","plant_id":"67563","capacity_mw":78.8,"status_group":"Under construction","energy_sources":"SUN","type":"Power plant","is_nuclear":false}},{"type":"Feature","geometry":{"type":"Point","coordinates":[-94.914,29.821]},"properties":{"key":"66597-12b83e17","layer":"power","name":"RavenChem","state":"TX","detail_file":"data/details/power-plants-02.json","plant_id":"66597","capacity_mw":3.2,"status_group":"Operating","energy_sources":"NG","type":"Power plant","is_nuclear":false}},{"type":"Feature","geometry":{"type":"Point","coordinates":[-95.005,29.423]},"properties":{"key":"69364-ce2acaa3","layer":"power","name":"Red Egret","state":"TX","detail_file":"data/details/power-plants-40.json","plant_id":"69364","capacity_mw":300.0,"status_group":"Under construction","energy_sources":"MWH","type":"Power plant","is_nuclear":false}},{"type":"Feature","geometry":{"type":"Point","coordinates":[-95.442,29.962]},"properties":{"key":"69336-9d27f04a","layer":"power","name":"Regis Gears Harris","state":"TX","detail_file":"data/details/power-plants-16.json","plant_id":"69336","capacity_mw":9.9,"status_group":"Operating","energy_sources":"MWH","type":"Power plant","is_nuclear":false}},{"type":"Feature","geometry":{"type":"Point","coordinates":[-95.424,29.91]},"properties":{"key":"69335-4f258ad8","layer":"power","name":"Regis Hidden Valley","state":"TX","detail_file":"data/details/power-plants-47.json","plant_id":"69335","capacity_mw":9.9,"status_group":"Operating","energy_sources":"MWH","type":"Power plant","is_nuclear":false}},{"type":"Feature","geometry":{"type":"Point","coordinates":[-95.016,29.848]},"properties":{"key":"66604-ffc7215c","layer":"power","name":"Remy Jade Power Station","state":"TX","detail_file":"data/details/power-plants-20.json","plant_id":"66604","capacity_mw":484.0,"status_group":"Operating","energy_sources":"NG","type":"Power plant","is_nuclear":false}},{"type":"Feature","geometry":{"type":"Point","coordinates":[-95.195,29.739]},"properties":{"key":"58870-166ef8db","layer":"power","name":"Rentech Nitrogen Pasadena Cogeneration","state":"TX","detail_file":"data/details/power-plants-07.json","plant_id":"58870","capacity_mw":15.4,"status_group":"Operating","energy_sources":"WH","type":"Power plant","is_nuclear":false}},{"type":"Feature","geometry":{"type":"Point","coordinates":[-95.395,29.721]},"properties":{"key":"50054-913cfb14","layer":"power","name":"Rice University","state":"TX","detail_file":"data/details/power-plants-01.json","plant_id":"50054","capacity_mw":6.9,"status_group":"Operating","energy_sources":"NG","type":"Power plant","is_nuclear":false}},{"type":"Feature","geometry":{"type":"Point","coordinates":[-94.176,30.797]},"properties":{"key":"7200-50b248b5","layer":"power","name":"Robert D Willis","state":"TX","detail_file":"data/details/power-plants-55.json","plant_id":"7200","capacity_mw":8.0,"status_group":"Operating","energy_sources":"WAT","type":"Power plant","is_nuclear":false}},{"type":"Feature","geometry":{"type":"Point","coordinates":[-95.422,29.299]},"properties":{"key":"68583-9ef7148d","layer":"power","name":"Rock N' Roll","state":"TX","detail_file":"data/details/power-plants-56.json","plant_id":"68583","capacity_mw":250.0,"status_group":"Under construction","energy_sources":"MWH","type":"Power plant","is_nuclear":false}},{"type":"Feature","geometry":{"type":"Point","coordinates":[-95.735,29.395]},"properties":{"key":"67249-73640704","layer":"power","name":"Rock Rose Energy Storage","state":"TX","detail_file":"data/details/power-plants-12.json","plant_id":"67249","capacity_mw":200.0,"status_group":"Under construction","energy_sources":"MWH","type":"Power plant","is_nuclear":false}},{"type":"Feature","geometry":{"type":"Point","coordinates":[-95.308,29.452]},"properties":{"key":"69200-dfa97d04","layer":"power","name":"SAHARA BESS (SOHO BESS)","state":"TX","detail_file":"data/details/power-plants-50.json","plant_id":"69200","capacity_mw":408.7,"status_group":"Under construction","energy_sources":"MWH","type":"Power plant","is_nuclear":false}},{"type":"Feature","geometry":{"type":"Point","coordinates":[-95.111,29.882]},"properties":{"key":"62548-3695e067","layer":"power","name":"SJRR (LIG)","state":"TX","detail_file":"data/details/power-plants-21.json","plant_id":"62548","capacity_mw":100.0,"status_group":"Operating","energy_sources":"NG","type":"Power plant","is_nuclear":false}},{"type":"Feature","geometry":{"type":"Point","coordinates":[-95.97,28.988]},"properties":{"key":"66930-74d83416","layer":"power","name":"SMT Bay City LLC","state":"TX","detail_file":"data/details/power-plants-34.json","plant_id":"66930","capacity_mw":10.0,"status_group":"Operating","energy_sources":"MWH","type":"Power plant","is_nuclear":false}},{"type":"Feature","geometry":{"type":"Point","coordinates":[-95.31,29.456]},"properties":{"key":"67737-d85f2b24","layer":"power","name":"SMT Ironman Battery Storage Plant","state":"TX","detail_file":"data/details/power-plants-13.json","plant_id":"67737","capacity_mw":304.0,"status_group":"Operating","energy_sources":"MWH","type":"Power plant","is_nuclear":false}},{"type":"Feature","geometry":{"type":"Point","coordinates":[-93.878,30.024]},"properties":{"key":"3459-026e8bbd","layer":"power","name":"Sabine","state":"TX","detail_file":"data/details/power-plants-01.json","plant_id":"3459","capacity_mw":1811.8,"status_group":"Operating","energy_sources":"NG","type":"Power plant","is_nuclear":false}},{"type":"Feature","geometry":{"type":"Point","coordinates":[-93.758,30.055]},"properties":{"key":"10789-5b0309e8","layer":"power","name":"Sabine River Operations","state":"TX","detail_file":"data/details/power-plants-55.json","plant_id":"10789","capacity_mw":594.9,"status_group":"Operating","energy_sources":"NG","type":"Power plant","is_nuclear":false}},{"type":"Feature","geometry":{"type":"Point","coordinates":[-94.106,31.061]},"properties":{"key":"6413-edeb819c","layer":"power","name":"Sam Rayburn Dam","state":"TX","detail_file":"data/details/power-plants-07.json","plant_id":"6413","capacity_mw":52.0,"status_group":"Operating","energy_sources":"WAT","type":"Power plant","is_nuclear":false}},{"type":"Feature","geometry":{"type":"Point","coordinates":[-95.012,30.419]},"properties":{"key":"56603-8ab7d8a3","layer":"power","name":"San Jacinto County Peaking Facility","state":"TX","detail_file":"data/details/power-plants-00.json","plant_id":"56603","capacity_mw":170.0,"status_group":"Operating","energy_sources":"NG","type":"Power plant","is_nuclear":false}},{"type":"Feature","geometry":{"type":"Point","coordinates":[-95.041,29.695]},"properties":{"key":"7325-8ea921f6","layer":"power","name":"San Jacinto Steam Electric Station","state":"TX","detail_file":"data/details/power-plants-15.json","plant_id":"7325","capacity_mw":176.4,"status_group":"Operating","energy_sources":"NG","type":"Power plant","is_nuclear":false}},{"type":"Feature","geometry":{"type":"Point","coordinates":[-95.742,29.171]},"properties":{"key":"65981-1916f5e1","layer":"power","name":"Second Division Solar","state":"TX","detail_file":"data/details/power-plants-38.json","plant_id":"65981","capacity_mw":100.0,"status_group":"Operating","energy_sources":"SUN","type":"Power plant","is_nuclear":false}},{"type":"Feature","geometry":{"type":"Point","coordinates":[-95.742,29.171]},"properties":{"key":"65981-34b3370e","layer":"power","name":"Second Division Solar","state":"TX","detail_file":"data/details/power-plants-18.json","plant_id":"65981","capacity_mw":30.0,"status_group":"Under construction","energy_sources":"MWH","type":"Power plant","is_nuclear":false}},{"type":"Feature","geometry":{"type":"Point","coordinates":[-94.686,30.577]},"properties":{"key":"69991-143d9f87","layer":"power","name":"Segno Solar Station","state":"TX","detail_file":"data/details/power-plants-31.json","plant_id":"69991","capacity_mw":170.0,"status_group":"Planned","energy_sources":"SUN","type":"Power plant","is_nuclear":false}},{"type":"Feature","geometry":{"type":"Point","coordinates":[-95.129,29.723]},"properties":{"key":"50304-c66e988d","layer":"power","name":"Shell Deer Park","state":"TX","detail_file":"data/details/power-plants-01.json","plant_id":"50304","capacity_mw":274.0,"status_group":"Operating","energy_sources":"NG; PUR","type":"Power plant","is_nuclear":false}},{"type":"Feature","geometry":{"type":"Point","coordinates":[-95.366,29.596]},"properties":{"key":"65575-8bd5bef4","layer":"power","name":"Southwick","state":"TX","detail_file":"data/details/power-plants-01.json","plant_id":"65575","capacity_mw":9.0,"status_group":"Operating","energy_sources":"DFO","type":"Power plant","is_nuclear":false}},{"type":"Feature","geometry":{"type":"Point","coordinates":[-95.192,29.66]},"properties":{"key":"69459-38133445","layer":"power","name":"Spencer Clean Energy Center (BESS)","state":"TX","detail_file":"data/details/power-plants-08.json","plant_id":"69459","capacity_mw":12.0,"status_group":"Operating","energy_sources":"MWH","type":"Power plant","is_nuclear":false}},{"type":"Feature","geometry":{"type":"Point","coordinates":[-95.876,29.785]},"properties":{"key":"65576-b9e38fcf","layer":"power","name":"Stonegate","state":"TX","detail_file":"data/details/power-plants-23.json","plant_id":"65576","capacity_mw":9.0,"status_group":"Operating","energy_sources":"DFO","type":"Power plant","is_nuclear":false}},{"type":"Feature","geometry":{"type":"Point","coordinates":[-94.99,31.94]},"properties":{"key":"3504-05fbf490","layer":"power","name":"Stryker Creek","state":"TX","detail_file":"data/details/power-plants-37.json","plant_id":"3504","capacity_mw":713.4,"status_group":"Operating","energy_sources":"DFO; NG","type":"Power plant","is_nuclear":false}},{"type":"Feature","geometry":{"type":"Point","coordinates":[-94.668,31.346]},"properties":{"key":"68362-8c79e3d1","layer":"power","name":"Sun Angel ESS","state":"TX","detail_file":"data/details/power-plants-42.json","plant_id":"68362","capacity_mw":200.0,"status_group":"Planned","energy_sources":"MWH","type":"Power plant","is_nuclear":false}},{"type":"Feature","geometry":{"type":"Point","coordinates":[-95.687,29.056]},"properties":{"key":"64321-7033f42c","layer":"power","name":"Sweeny","state":"TX","detail_file":"data/details/power-plants-01.json","plant_id":"64321","capacity_mw":9.9,"status_group":"Operating","energy_sources":"MWH","type":"Power plant","is_nuclear":false}},{"type":"Feature","geometry":{"type":"Point","coordinates":[-95.745,29.073]},"properties":{"key":"55015-ce985cb3","layer":"power","name":"Sweeny Cogen Facility","state":"TX","detail_file":"data/details/power-plants-12.json","plant_id":"55015","capacity_mw":572.0,"status_group":"Operating","energy_sources":"NG","type":"Power plant","is_nuclear":false}},{"type":"Feature","geometry":{"type":"Point","coordinates":[-95.531,29.942]},"properties":{"key":"3469-1bc2b68a","layer":"power","name":"T H Wharton","state":"TX","detail_file":"data/details/power-plants-11.json","plant_id":"3469","capacity_mw":1189.9,"status_group":"Operating","energy_sources":"NG","type":"Power plant","is_nuclear":false}},{"type":"Feature","geometry":{"type":"Point","coordinates":[-95.398,29.703]},"properties":{"key":"57504-ab1386dd","layer":"power","name":"TECO CHP-1","state":"TX","detail_file":"data/details/power-plants-26.json","plant_id":"57504","capacity_mw":98.0,"status_group":"Operating","energy_sources":"NG","type":"Power plant","is_nuclear":false}},{"type":"Feature","geometry":{"type":"Point","coordinates":[-95.247,29.825]},"properties":{"key":"66517-fd6f6c26","layer":"power","name":"TX Houston 7080 Express Lane","state":"TX","detail_file":"data/details/power-plants-13.json","plant_id":"66517","capacity_mw":1.9,"status_group":"Operating","energy_sources":"SUN","type":"Power plant","is_nuclear":false}},{"type":"Feature","geometry":{"type":"Point","coordinates":[-95.07,29.615]},"properties":{"key":"66519-0fc8f8d7","layer":"power","name":"TX Pasadena 10585 Red Bluff Road Solar","state":"TX","detail_file":"data/details/power-plants-07.json","plant_id":"66519","capacity_mw":2.4,"status_group":"Operating","energy_sources":"SUN","type":"Power plant","is_nuclear":false}},{"type":"Feature","geometry":{"type":"Point","coordinates":[-95.974,30.66]},"properties":{"key":"65698-831febe6","layer":"power","name":"TX15 Limousin Oak Storage","state":"TX","detail_file":"data/details/power-plants-22.json","plant_id":"65698","capacity_mw":100.0,"status_group":"Operating","energy_sources":"MWH","type":"Power plant","is_nuclear":false}},{"type":"Feature","geometry":{"type":"Point","coordinates":[-95.663,29.159]},"properties":{"key":"65701-7048d24e","layer":"power","name":"TX23 Roughneck Storage","state":"TX","detail_file":"data/details/power-plants-56.json","plant_id":"65701","capacity_mw":50.0,"status_group":"Operating","energy_sources":"MWH","type":"Power plant","is_nuclear":false}},{"type":"Feature","geometry":{"type":"Point","coordinates":[-95.487,29.58]},"properties":{"key":"69975-3ac527a1","layer":"power","name":"Telview ESS","state":"TX","detail_file":"data/details/power-plants-32.json","plant_id":"69975","capacity_mw":10.0,"status_group":"Operating","energy_sources":"MWH","type":"Power plant","is_nuclear":false}},{"type":"Feature","geometry":{"type":"Point","coordinates":[-95.918,30.592]},"properties":{"key":"55062-c6577508","layer":"power","name":"Tenaska Frontier Generation Station","state":"TX","detail_file":"data/details/power-plants-10.json","plant_id":"55062","capacity_mw":939.7,"status_group":"Operating","energy_sources":"NG","type":"Power plant","is_nuclear":false}},{"type":"Feature","geometry":{"type":"Point","coordinates":[-94.946,29.376]},"properties":{"key":"50153-4ffe92de","layer":"power","name":"Texas City Plant Union Carbide","state":"TX","detail_file":"data/details/power-plants-22.json","plant_id":"50153","capacity_mw":25.8,"status_group":"Operating","energy_sources":"PUR","type":"Power plant","is_nuclear":false}},{"type":"Feature","geometry":{"type":"Point","coordinates":[-94.944,29.379]},"properties":{"key":"52088-dac6e896","layer":"power","name":"Texas City Power Plant","state":"TX","detail_file":"data/details/power-plants-19.json","plant_id":"52088","capacity_mw":450.0,"status_group":"Operating","energy_sources":"NG","type":"Power plant","is_nuclear":false}},{"type":"Feature","geometry":{"type":"Point","coordinates":[-95.9,29.264]},"properties":{"key":"50137-2723f63f","layer":"power","name":"Texas Gulf Sulphur","state":"TX","detail_file":"data/details/power-plants-24.json","plant_id":"50137","capacity_mw":101.9,"status_group":"Operating","energy_sources":"NG","type":"Power plant","is_nuclear":false}},{"type":"Feature","geometry":{"type":"Point","coordinates":[-95.255,29.698]},"properties":{"key":"50229-5c5baeda","layer":"power","name":"Texas Petrochemicals","state":"TX","detail_file":"data/details/power-plants-00.json","plant_id":"50229","capacity_mw":35.0,"status_group":"Operating","energy_sources":"NG","type":"Power plant","is_nuclear":false}},{"type":"Feature","geometry":{"type":"Point","coordinates":[-95.4,29.709]},"properties":{"key":"59381-385e13dd","layer":"power","name":"The Methodist Hospital, Gas Turbine","state":"TX","detail_file":"data/details/power-plants-02.json","plant_id":"59381","capacity_mw":5.0,"status_group":"Operating","energy_sources":"NG","type":"Power plant","is_nuclear":false}},{"type":"Feature","geometry":{"type":"Point","coordinates":[-93.566,31.173]},"properties":{"key":"6595-08c93c22","layer":"power","name":"Toledo Bend","state":"TX","detail_file":"data/details/power-plants-41.json","plant_id":"6595","capacity_mw":81.0,"status_group":"Operating","energy_sources":"WAT","type":"Power plant","is_nuclear":false}},{"type":"Feature","geometry":{"type":"Point","coordinates":[-94.977,29.426]},"properties":{"key":"63688-b913e6bc","layer":"power","name":"Topaz Generating","state":"TX","detail_file":"data/details/power-plants-29.json","plant_id":"63688","capacity_mw":605.0,"status_group":"Operating","energy_sources":"NG","type":"Power plant","is_nuclear":false}},{"type":"Feature","geometry":{"type":"Point","coordinates":[-95.251,29.432]},"properties":{"key":"65493-77ebb9e7","layer":"power","name":"Tortolas","state":"TX","detail_file":"data/details/power-plants-31.json","plant_id":"65493","capacity_mw":50.0,"status_group":"Operating","energy_sources":"MWH","type":"Power plant","is_nuclear":false}},{"type":"Feature","geometry":{"type":"Point","coordinates":[-94.486,30.01]},"properties":{"key":"66132-259e0903","layer":"power","name":"Trinity River Solar 1","state":"TX","detail_file":"data/details/power-plants-07.json","plant_id":"66132","capacity_mw":150.0,"status_group":"Under construction","energy_sources":"SUN","type":"Power plant","is_nuclear":false}},{"type":"Feature","geometry":{"type":"Point","coordinates":[-95.124,30.997]},"properties":{"key":"69639-87db551f","layer":"power","name":"Triune Solar","state":"TX","detail_file":"data/details/power-plants-23.json","plant_id":"69639","capacity_mw":100.0,"status_group":"Planned","energy_sources":"SUN","type":"Power plant","is_nuclear":false}},{"type":"Feature","geometry":{"type":"Point","coordinates":[-93.742,30.218]},"properties":{"key":"10425-a450af7f","layer":"power","name":"USG Paper, LLC - Orange Mill","state":"TX","detail_file":"data/details/power-plants-40.json","plant_id":"10425","capacity_mw":48.0,"status_group":"Operating","energy_sources":"BLQ","type":"Power plant","is_nuclear":false}},{"type":"Feature","geometry":{"type":"Point","coordinates":[-94.783,30.669]},"properties":{"key":"66954-b9cd27da","layer":"power","name":"Umbriel Solar","state":"TX","detail_file":"data/details/power-plants-07.json","plant_id":"66954","capacity_mw":150.0,"status_group":"Operating","energy_sources":"SUN","type":"Power plant","is_nuclear":false}},{"type":"Feature","geometry":{"type":"Point","coordinates":[-95.994,28.974]},"properties":{"key":"67783-df76d440","layer":"power","name":"Ventures BESS","state":"TX","detail_file":"data/details/power-plants-38.json","plant_id":"67783","capacity_mw":226.8,"status_group":"Under construction","energy_sources":"MWH","type":"Power plant","is_nuclear":false}},{"type":"Feature","geometry":{"type":"Point","coordinates":[-95.039,29.393]},"properties":{"key":"69255-7ed9c915","layer":"power","name":"Vertus Energy Storage Plant","state":"TX","detail_file":"data/details/power-plants-36.json","plant_id":"69255","capacity_mw":200.0,"status_group":"Under construction","energy_sources":"MWH","type":"Power plant","is_nuclear":false}},{"type":"Feature","geometry":{"type":"Point","coordinates":[-94.673,30.436]},"properties":{"key":"69993-1087f358","layer":"power","name":"Votaw Solar Station","state":"TX","detail_file":"data/details/power-plants-05.json","plant_id":"69993","capacity_mw":141.0,"status_group":"Planned","energy_sources":"SUN","type":"Power plant","is_nuclear":false}},{"type":"Feature","geometry":{"type":"Point","coordinates":[-95.631,29.483]},"properties":{"key":"3470-a0c0ef0d","layer":"power","name":"W A Parish","state":"TX","detail_file":"data/details/power-plants-24.json","plant_id":"3470","capacity_mw":4008.4,"status_group":"Operating","energy_sources":"NG; SUB","type":"Power plant","is_nuclear":false}},{"type":"Feature","geometry":{"type":"Point","coordinates":[-95.651,29.878]},"properties":{"key":"64813-85ab909e","layer":"power","name":"WAL1040","state":"TX","detail_file":"data/details/power-plants-35.json","plant_id":"64813","capacity_mw":1.2,"status_group":"Operating","energy_sources":"NG","type":"Power plant","is_nuclear":false}},{"type":"Feature","geometry":{"type":"Point","coordinates":[-95.159,29.552]},"properties":{"key":"64814-386059c8","layer":"power","name":"WAL1062","state":"TX","detail_file":"data/details/power-plants-22.json","plant_id":"64814","capacity_mw":1.2,"status_group":"Operating","energy_sources":"NG","type":"Power plant","is_nuclear":false}},{"type":"Feature","geometry":{"type":"Point","coordinates":[-95.486,29.998]},"properties":{"key":"64815-55c5c0f1","layer":"power","name":"WAL1103","state":"TX","detail_file":"data/details/power-plants-53.json","plant_id":"64815","capacity_mw":1.2,"status_group":"Operating","energy_sources":"NG","type":"Power plant","is_nuclear":false}},{"type":"Feature","geometry":{"type":"Point","coordinates":[-94.974,29.776]},"properties":{"key":"64769-070154c0","layer":"power","name":"WAL194","state":"TX","detail_file":"data/details/power-plants-26.json","plant_id":"64769","capacity_mw":1.2,"status_group":"Operating","energy_sources":"NG","type":"Power plant","is_nuclear":false}},{"type":"Feature","geometry":{"type":"Point","coordinates":[-95.509,29.854]},"properties":{"key":"64885-f8746a32","layer":"power","name":"WAL2257","state":"TX","detail_file":"data/details/power-plants-62.json","plant_id":"64885","capacity_mw":1.2,"status_group":"Operating","energy_sources":"NG","type":"Power plant","is_nuclear":false}},{"type":"Feature","geometry":{"type":"Point","coordinates":[-94.9,29.818]},"properties":{"key":"64886-d208c6f1","layer":"power","name":"WAL2439","state":"TX","detail_file":"data/details/power-plants-51.json","plant_id":"64886","capacity_mw":1.2,"status_group":"Operating","energy_sources":"NG","type":"Power plant","is_nuclear":false}},{"type":"Feature","geometry":{"type":"Point","coordinates":[-95.21,29.693]},"properties":{"key":"64888-608d6fb7","layer":"power","name":"WAL2724","state":"TX","detail_file":"data/details/power-plants-08.json","plant_id":"64888","capacity_mw":1.2,"status_group":"Operating","energy_sources":"NG","type":"Power plant","is_nuclear":false}},{"type":"Feature","geometry":{"type":"Point","coordinates":[-95.645,29.614]},"properties":{"key":"64891-3bf2cd42","layer":"power","name":"WAL2993","state":"TX","detail_file":"data/details/power-plants-37.json","plant_id":"64891","capacity_mw":1.2,"status_group":"Operating","energy_sources":"NG","type":"Power plant","is_nuclear":false}},{"type":"Feature","geometry":{"type":"Point","coordinates":[-95.804,29.784]},"properties":{"key":"64895-efc1cbc7","layer":"power","name":"WAL3226","state":"TX","detail_file":"data/details/power-plants-39.json","plant_id":"64895","capacity_mw":1.2,"status_group":"Operating","energy_sources":"NG","type":"Power plant","is_nuclear":false}},{"type":"Feature","geometry":{"type":"Point","coordinates":[-95.603,29.921]},"properties":{"key":"64898-b948b390","layer":"power","name":"WAL3297","state":"TX","detail_file":"data/details/power-plants-31.json","plant_id":"64898","capacity_mw":1.2,"status_group":"Operating","energy_sources":"NG","type":"Power plant","is_nuclear":false}},{"type":"Feature","geometry":{"type":"Point","coordinates":[-95.019,29.535]},"properties":{"key":"64899-3b0ddd31","layer":"power","name":"WAL3298","state":"TX","detail_file":"data/details/power-plants-39.json","plant_id":"64899","capacity_mw":1.2,"status_group":"Operating","energy_sources":"NG","type":"Power plant","is_nuclear":false}},{"type":"Feature","geometry":{"type":"Point","coordinates":[-95.561,29.679]},"properties":{"key":"64900-3284c31f","layer":"power","name":"WAL3302","state":"TX","detail_file":"data/details/power-plants-39.json","plant_id":"64900","capacity_mw":1.2,"status_group":"Operating","energy_sources":"NG","type":"Power plant","is_nuclear":false}},{"type":"Feature","geometry":{"type":"Point","coordinates":[-95.589,30.19]},"properties":{"key":"64902-150d1bc4","layer":"power","name":"WAL3390","state":"TX","detail_file":"data/details/power-plants-32.json","plant_id":"64902","capacity_mw":1.2,"status_group":"Operating","energy_sources":"NG","type":"Power plant","is_nuclear":false}},{"type":"Feature","geometry":{"type":"Point","coordinates":[-95.237,29.63]},"properties":{"key":"64923-fd61ee2a","layer":"power","name":"WAL3425","state":"TX","detail_file":"data/details/power-plants-00.json","plant_id":"64923","capacity_mw":1.2,"status_group":"Operating","energy_sources":"NG","type":"Power plant","is_nuclear":false}},{"type":"Feature","geometry":{"type":"Point","coordinates":[-95.165,29.806]},"properties":{"key":"64925-4332afe9","layer":"power","name":"WAL3500","state":"TX","detail_file":"data/details/power-plants-22.json","plant_id":"64925","capacity_mw":1.2,"status_group":"Operating","energy_sources":"NG","type":"Power plant","is_nuclear":false}},{"type":"Feature","geometry":{"type":"Point","coordinates":[-95.236,29.546]},"properties":{"key":"64926-fe6695bf","layer":"power","name":"WAL3510","state":"TX","detail_file":"data/details/power-plants-55.json","plant_id":"64926","capacity_mw":1.3,"status_group":"Operating","energy_sources":"NG","type":"Power plant","is_nuclear":false}},{"type":"Feature","geometry":{"type":"Point","coordinates":[-95.383,29.558]},"properties":{"key":"64934-64766edc","layer":"power","name":"WAL3572","state":"TX","detail_file":"data/details/power-plants-34.json","plant_id":"64934","capacity_mw":1.3,"status_group":"Operating","energy_sources":"NG","type":"Power plant","is_nuclear":false}},{"type":"Feature","geometry":{"type":"Point","coordinates":[-95.465,29.724]},"properties":{"key":"64935-dab1bf97","layer":"power","name":"WAL3584","state":"TX","detail_file":"data/details/power-plants-02.json","plant_id":"64935","capacity_mw":1.2,"status_group":"Operating","energy_sources":"NG","type":"Power plant","is_nuclear":false}},{"type":"Feature","geometry":{"type":"Point","coordinates":[-95.775,29.69]},"properties":{"key":"64939-931ff1f4","layer":"power","name":"WAL3827","state":"TX","detail_file":"data/details/power-plants-15.json","plant_id":"64939","capacity_mw":1.2,"status_group":"Operating","energy_sources":"NG","type":"Power plant","is_nuclear":false}},{"type":"Feature","geometry":{"type":"Point","coordinates":[-95.253,29.936]},"properties":{"key":"64942-fe59ab0b","layer":"power","name":"WAL4298","state":"TX","detail_file":"data/details/power-plants-49.json","plant_id":"64942","capacity_mw":1.2,"status_group":"Operating","energy_sources":"NG","type":"Power plant","is_nuclear":false}},{"type":"Feature","geometry":{"type":"Point","coordinates":[-95.768,29.818]},"properties":{"key":"64944-57ee0c10","layer":"power","name":"WAL4512","state":"TX","detail_file":"data/details/power-plants-40.json","plant_id":"64944","capacity_mw":1.2,"status_group":"Operating","energy_sources":"NG","type":"Power plant","is_nuclear":false}},{"type":"Feature","geometry":{"type":"Point","coordinates":[-95.377,29.83]},"properties":{"key":"64945-2a01dcf5","layer":"power","name":"WAL4526","state":"TX","detail_file":"data/details/power-plants-04.json","plant_id":"64945","capacity_mw":1.2,"status_group":"Operating","energy_sources":"NG","type":"Power plant","is_nuclear":false}},{"type":"Feature","geometry":{"type":"Point","coordinates":[-95.72,29.804]},"properties":{"key":"64946-542043ce","layer":"power","name":"WAL4538","state":"TX","detail_file":"data/details/power-plants-63.json","plant_id":"64946","capacity_mw":1.2,"status_group":"Operating","energy_sources":"NG","type":"Power plant","is_nuclear":false}},{"type":"Feature","geometry":{"type":"Point","coordinates":[-95.231,29.422]},"properties":{"key":"64791-2cbf9ae5","layer":"power","name":"WAL462","state":"TX","detail_file":"data/details/power-plants-59.json","plant_id":"64791","capacity_mw":1.3,"status_group":"Operating","energy_sources":"NG","type":"Power plant","is_nuclear":false}},{"type":"Feature","geometry":{"type":"Point","coordinates":[-94.833,29.265]},"properties":{"key":"64792-53a2ab2d","layer":"power","name":"WAL504","state":"TX","detail_file":"data/details/power-plants-44.json","plant_id":"64792","capacity_mw":1.2,"status_group":"Operating","energy_sources":"NG","type":"Power plant","is_nuclear":false}},{"type":"Feature","geometry":{"type":"Point","coordinates":[-95.595,30.014]},"properties":{"key":"64947-76252ff4","layer":"power","name":"WAL5045","state":"TX","detail_file":"data/details/power-plants-05.json","plant_id":"64947","capacity_mw":1.2,"status_group":"Operating","energy_sources":"NG","type":"Power plant","is_nuclear":false}},{"type":"Feature","geometry":{"type":"Point","coordinates":[-95.697,29.976]},"properties":{"key":"64949-d1ddb510","layer":"power","name":"WAL5091","state":"TX","detail_file":"data/details/power-plants-25.json","plant_id":"64949","capacity_mw":1.2,"status_group":"Operating","energy_sources":"NG","type":"Power plant","is_nuclear":false}},{"type":"Feature","geometry":{"type":"Point","coordinates":[-95.098,29.664]},"properties":{"key":"64950-dfef86b2","layer":"power","name":"WAL5116","state":"TX","detail_file":"data/details/power-plants-41.json","plant_id":"64950","capacity_mw":1.2,"status_group":"Operating","energy_sources":"NG","type":"Power plant","is_nuclear":false}},{"type":"Feature","geometry":{"type":"Point","coordinates":[-95.065,29.894]},"properties":{"key":"64793-8b2b1744","layer":"power","name":"WAL522","state":"TX","detail_file":"data/details/power-plants-55.json","plant_id":"64793","capacity_mw":1.2,"status_group":"Operating","energy_sources":"NG","type":"Power plant","is_nuclear":false}},{"type":"Feature","geometry":{"type":"Point","coordinates":[-95.513,30.077]},"properties":{"key":"64953-99d913f9","layer":"power","name":"WAL5287","state":"TX","detail_file":"data/details/power-plants-29.json","plant_id":"64953","capacity_mw":1.2,"status_group":"Operating","energy_sources":"NG","type":"Power plant","is_nuclear":false}},{"type":"Feature","geometry":{"type":"Point","coordinates":[-95.0,29.372]},"properties":{"key":"64794-5bccabd5","layer":"power","name":"WAL529","state":"TX","detail_file":"data/details/power-plants-02.json","plant_id":"64794","capacity_mw":1.3,"status_group":"Operating","energy_sources":"NG","type":"Power plant","is_nuclear":false}},{"type":"Feature","geometry":{"type":"Point","coordinates":[-95.09,29.47]},"properties":{"key":"64957-7f59bb62","layer":"power","name":"WAL5388","state":"TX","detail_file":"data/details/power-plants-36.json","plant_id":"64957","capacity_mw":1.3,"status_group":"Operating","energy_sources":"NG","type":"Power plant","is_nuclear":false}},{"type":"Feature","geometry":{"type":"Point","coordinates":[-95.761,29.558]},"properties":{"key":"64797-ad22e62b","layer":"power","name":"WAL546","state":"TX","detail_file":"data/details/power-plants-42.json","plant_id":"64797","capacity_mw":1.2,"status_group":"Operating","energy_sources":"NG","type":"Power plant","is_nuclear":false}},{"type":"Feature","geometry":{"type":"Point","coordinates":[-95.313,29.716]},"properties":{"key":"64960-4a9a9d7c","layer":"power","name":"WAL5612","state":"TX","detail_file":"data/details/power-plants-41.json","plant_id":"64960","capacity_mw":1.2,"status_group":"Operating","energy_sources":"NG","type":"Power plant","is_nuclear":false}},{"type":"Feature","geometry":{"type":"Point","coordinates":[-95.458,30.124]},"properties":{"key":"64799-d26c9ce4","layer":"power","name":"WAL602","state":"TX","detail_file":"data/details/power-plants-16.json","plant_id":"64799","capacity_mw":1.2,"status_group":"Operating","energy_sources":"NG","type":"Power plant","is_nuclear":false}},{"type":"Feature","geometry":{"type":"Point","coordinates":[-95.176,29.996]},"properties":{"key":"64800-3da31bf5","layer":"power","name":"WAL744","state":"TX","detail_file":"data/details/power-plants-43.json","plant_id":"64800","capacity_mw":1.2,"status_group":"Operating","energy_sources":"NG","type":"Power plant","is_nuclear":false}},{"type":"Feature","geometry":{"type":"Point","coordinates":[-95.161,29.647]},"properties":{"key":"64801-0cf3013e","layer":"power","name":"WAL752","state":"TX","detail_file":"data/details/power-plants-13.json","plant_id":"64801","capacity_mw":1.2,"status_group":"Operating","energy_sources":"NG","type":"Power plant","is_nuclear":false}},{"type":"Feature","geometry":{"type":"Point","coordinates":[-95.722,29.789]},"properties":{"key":"64802-b3c45b6a","layer":"power","name":"WAL768","state":"TX","detail_file":"data/details/power-plants-21.json","plant_id":"64802","capacity_mw":1.2,"status_group":"Operating","energy_sources":"NG","type":"Power plant","is_nuclear":false}},{"type":"Feature","geometry":{"type":"Point","coordinates":[-95.646,29.721]},"properties":{"key":"64803-d0fb9d69","layer":"power","name":"WAL772","state":"TX","detail_file":"data/details/power-plants-53.json","plant_id":"64803","capacity_mw":1.2,"status_group":"Operating","energy_sources":"NG","type":"Power plant","is_nuclear":false}},{"type":"Feature","geometry":{"type":"Point","coordinates":[-95.429,30.065]},"properties":{"key":"64805-d1f57e53","layer":"power","name":"WAL849","state":"TX","detail_file":"data/details/power-plants-30.json","plant_id":"64805","capacity_mw":1.2,"status_group":"Operating","energy_sources":"NG","type":"Power plant","is_nuclear":false}},{"type":"Feature","geometry":{"type":"Point","coordinates":[-95.284,29.573]},"properties":{"key":"64806-32c27ae6","layer":"power","name":"WAL872","state":"TX","detail_file":"data/details/power-plants-51.json","plant_id":"64806","capacity_mw":1.2,"status_group":"Operating","energy_sources":"NG","type":"Power plant","is_nuclear":false}},{"type":"Feature","geometry":{"type":"Point","coordinates":[-95.658,29.242]},"properties":{"key":"63273-cd8357e7","layer":"power","name":"Wagyu","state":"TX","detail_file":"data/details/power-plants-60.json","plant_id":"63273","capacity_mw":120.0,"status_group":"Operating","energy_sources":"SUN","type":"Power plant","is_nuclear":false}},{"type":"Feature","geometry":{"type":"Point","coordinates":[-94.066,30.342]},"properties":{"key":"50101-b22be0fd","layer":"power","name":"WestRock (TX)","state":"TX","detail_file":"data/details/power-plants-25.json","plant_id":"50101","capacity_mw":57.7,"status_group":"Operating","energy_sources":"BLQ","type":"Power plant","is_nuclear":false}},{"type":"Feature","geometry":{"type":"Point","coordinates":[-95.638,29.726]},"properties":{"key":"54330-e64d04e9","layer":"power","name":"Westhollow Technology Center","state":"TX","detail_file":"data/details/power-plants-56.json","plant_id":"54330","capacity_mw":3.7,"status_group":"Operating","energy_sources":"NG","type":"Power plant","is_nuclear":false}},{"type":"Feature","geometry":{"type":"Point","coordinates":[-95.134,29.25]},"properties":{"key":"68090-ef87460d","layer":"power","name":"Willow Beach Wind","state":"TX","detail_file":"data/details/power-plants-46.json","plant_id":"68090","capacity_mw":200.0,"status_group":"Under construction","energy_sources":"WND","type":"Power plant","is_nuclear":false}},{"type":"Feature","geometry":{"type":"Point","coordinates":[-95.43,29.226]},"properties":{"key":"69460-5cf94692","layer":"power","name":"Winmil Clean Energy Center (BESS)","state":"TX","detail_file":"data/details/power-plants-10.json","plant_id":"69460","capacity_mw":12.0,"status_group":"Operating","energy_sources":"MWH","type":"Power plant","is_nuclear":false}},{"type":"Feature","geometry":{"type":"Point","coordinates":[-95.875,29.245]},"properties":{"key":"67568-5d219198","layer":"power","name":"Wittig Solar Park","state":"TX","detail_file":"data/details/power-plants-18.json","plant_id":"67568","capacity_mw":96.0,"status_group":"Under construction","energy_sources":"SUN","type":"Power plant","is_nuclear":false}},{"type":"Feature","geometry":{"type":"Point","coordinates":[-95.085,29.499]},"properties":{"key":"69152-06f153b7","layer":"power","name":"Wizard Energy Storage","state":"TX","detail_file":"data/details/power-plants-21.json","plant_id":"69152","capacity_mw":150.0,"status_group":"Operating","energy_sources":"MWH","type":"Power plant","is_nuclear":false}},{"type":"Feature","geometry":{"type":"Point","coordinates":[-94.438,30.748]},"properties":{"key":"58944-70042bc4","layer":"power","name":"Woodville Renewable Power Project","state":"TX","detail_file":"data/details/power-plants-15.json","plant_id":"58944","capacity_mw":49.9,"status_group":"Operating","energy_sources":"WDS","type":"Power plant","is_nuclear":false}},{"type":"Feature","geometry":{"type":"Point","coordinates":[-94.948,29.389]},"properties":{"key":"65880-a09b926e","layer":"power","name":"Zeya","state":"TX","detail_file":"data/details/power-plants-05.json","plant_id":"65880","capacity_mw":250.0,"status_group":"Under construction","energy_sources":"MWH","type":"Power plant","is_nuclear":false}}]}