{"type":"FeatureCollection","features":[{"type":"Feature","geometry":{"type":"Point","coordinates":[-71.884,41.946]},"properties":{"key":"61728-ada96957","layer":"power","name":"Barrett Farm Solar - Phase I","state":"CT","detail_file":"data/details/power-plants-10.json","plant_id":"61728","capacity_mw":1.7,"status_group":"Operating","energy_sources":"SUN","type":"Power plant","is_nuclear":false}},{"type":"Feature","geometry":{"type":"Point","coordinates":[-71.902,41.583]},"properties":{"key":"65152-55b63811","layer":"power","name":"Clinton Solar","state":"CT","detail_file":"data/details/power-plants-17.json","plant_id":"65152","capacity_mw":1.0,"status_group":"Operating","energy_sources":"SUN","type":"Power plant","is_nuclear":false}},{"type":"Feature","geometry":{"type":"Point","coordinates":[-71.961,41.473]},"properties":{"key":"57666-03431008","layer":"power","name":"Foxwoods CoGen","state":"CT","detail_file":"data/details/power-plants-42.json","plant_id":"57666","capacity_mw":16.2,"status_group":"Operating","energy_sources":"NG","type":"Power plant","is_nuclear":false}},{"type":"Feature","geometry":{"type":"Point","coordinates":[-71.892,41.863]},"properties":{"key":"58664-0e2d086e","layer":"power","name":"Frito Lay Incorporated","state":"CT","detail_file":"data/details/power-plants-30.json","plant_id":"58664","capacity_mw":4.6,"status_group":"Operating","energy_sources":"NG","type":"Power plant","is_nuclear":false}},{"type":"Feature","geometry":{"type":"Point","coordinates":[-71.904,41.583]},"properties":{"key":"63240-5e7ac862","layer":"power","name":"Jackson Solar (CT)","state":"CT","detail_file":"data/details/power-plants-63.json","plant_id":"63240","capacity_mw":1.0,"status_group":"Operating","energy_sources":"SUN","type":"Power plant","is_nuclear":false}},{"type":"Feature","geometry":{"type":"Point","coordinates":[-71.983,41.604]},"properties":{"key":"57602-d90b7dbb","layer":"power","name":"Jewett City 1","state":"CT","detail_file":"data/details/power-plants-49.json","plant_id":"57602","capacity_mw":2.6,"status_group":"Operating","energy_sources":"DFO","type":"Power plant","is_nuclear":false}},{"type":"Feature","geometry":{"type":"Point","coordinates":[-71.895,41.883]},"properties":{"key":"66879-2d080e4d","layer":"power","name":"KCE CT 1, LLC","state":"CT","detail_file":"data/details/power-plants-37.json","plant_id":"66879","capacity_mw":45.0,"status_group":"Planned","energy_sources":"MWH","type":"Power plant","is_nuclear":false}},{"type":"Feature","geometry":{"type":"Point","coordinates":[-71.896,41.872]},"properties":{"key":"55149-f8c8e413","layer":"power","name":"Lake Road Generating Plant","state":"CT","detail_file":"data/details/power-plants-14.json","plant_id":"55149","capacity_mw":840.0,"status_group":"Operating","energy_sources":"NG","type":"Power plant","is_nuclear":false}},{"type":"Feature","geometry":{"type":"Point","coordinates":[-71.837,41.418]},"properties":{"key":"62318-9b4fb2cb","layer":"power","name":"North Stonington Solar Center, LLC","state":"CT","detail_file":"data/details/power-plants-38.json","plant_id":"62318","capacity_mw":15.0,"status_group":"Operating","energy_sources":"SUN","type":"Power plant","is_nuclear":false}},{"type":"Feature","geometry":{"type":"Point","coordinates":[-71.924,41.664]},"properties":{"key":"56847-9c88d58d","layer":"power","name":"Plainfield Renewable Energy LLC","state":"CT","detail_file":"data/details/power-plants-19.json","plant_id":"56847","capacity_mw":43.0,"status_group":"Operating","energy_sources":"WDS","type":"Power plant","is_nuclear":false}},{"type":"Feature","geometry":{"type":"Point","coordinates":[-71.901,41.68]},"properties":{"key":"64370-7fd471d2","layer":"power","name":"Plainfield Solar 1","state":"CT","detail_file":"data/details/power-plants-10.json","plant_id":"64370","capacity_mw":1.0,"status_group":"Operating","energy_sources":"SUN","type":"Power plant","is_nuclear":false}},{"type":"Feature","geometry":{"type":"Point","coordinates":[-71.905,41.679]},"properties":{"key":"63263-4b164a86","layer":"power","name":"Plainfield Solar 2","state":"CT","detail_file":"data/details/power-plants-19.json","plant_id":"63263","capacity_mw":1.0,"status_group":"Operating","energy_sources":"SUN","type":"Power plant","is_nuclear":false}},{"type":"Feature","geometry":{"type":"Point","coordinates":[-71.822,41.712]},"properties":{"key":"50736-6dfc45e9","layer":"power","name":"Pure Hedge LLC","state":"CT","detail_file":"data/details/power-plants-41.json","plant_id":"50736","capacity_mw":90.0,"status_group":"Under construction","energy_sources":"MWH; SUN","type":"Power plant","is_nuclear":false}},{"type":"Feature","geometry":{"type":"Point","coordinates":[-71.912,41.902]},"properties":{"key":"65710-c2647ae6","layer":"power","name":"Putnam Meadow Solar Station","state":"CT","detail_file":"data/details/power-plants-45.json","plant_id":"65710","capacity_mw":4.0,"status_group":"Under construction","energy_sources":"SUN","type":"Power plant","is_nuclear":false}},{"type":"Feature","geometry":{"type":"Point","coordinates":[-71.887,41.799]},"properties":{"key":"55860-49f9295c","layer":"power","name":"Quinebaug Lower Project","state":"CT","detail_file":"data/details/power-plants-43.json","plant_id":"55860","capacity_mw":2.5,"status_group":"Operating","energy_sources":"WAT","type":"Power plant","is_nuclear":false}},{"type":"Feature","geometry":{"type":"Point","coordinates":[-71.932,41.75]},"properties":{"key":"64387-5661baa1","layer":"power","name":"Quinebaug Solar","state":"CT","detail_file":"data/details/power-plants-38.json","plant_id":"64387","capacity_mw":49.4,"status_group":"Operating","energy_sources":"SUN","type":"Power plant","is_nuclear":false}},{"type":"Feature","geometry":{"type":"Point","coordinates":[-71.814,41.434]},"properties":{"key":"64160-266e928e","layer":"power","name":"SR North Stonington","state":"CT","detail_file":"data/details/power-plants-11.json","plant_id":"64160","capacity_mw":12.0,"status_group":"Operating","energy_sources":"SUN","type":"Power plant","is_nuclear":false}},{"type":"Feature","geometry":{"type":"Point","coordinates":[-71.902,41.583]},"properties":{"key":"63239-a8f6c8f0","layer":"power","name":"Sherman Solar","state":"CT","detail_file":"data/details/power-plants-48.json","plant_id":"63239","capacity_mw":1.0,"status_group":"Operating","energy_sources":"SUN","type":"Power plant","is_nuclear":false}},{"type":"Feature","geometry":{"type":"Point","coordinates":[-71.92,41.832]},"properties":{"key":"61736-2e64c3a1","layer":"power","name":"Woods Hill Solar","state":"CT","detail_file":"data/details/power-plants-30.json","plant_id":"61736","capacity_mw":20.0,"status_group":"Operating","energy_sources":"SUN","type":"Power plant","is_nuclear":false}},{"type":"Feature","geometry":{"type":"Point","coordinates":[-71.961,41.923]},"properties":{"key":"65139-58d00d41","layer":"power","name":"Woodstock Solar One","state":"CT","detail_file":"data/details/power-plants-58.json","plant_id":"65139","capacity_mw":3.0,"status_group":"Operating","energy_sources":"SUN","type":"Power plant","is_nuclear":false}},{"type":"Feature","geometry":{"type":"Point","coordinates":[-71.985,41.609]},"properties":{"key":"69673-71411b22","layer":"power","name":"Wyre Wynd Hydroelectric Project","state":"CT","detail_file":"data/details/power-plants-33.json","plant_id":"69673","capacity_mw":2.8,"status_group":"Operating","energy_sources":"WAT","type":"Power plant","is_nuclear":false}},{"type":"Feature","geometry":{"type":"Point","coordinates":[-70.727,41.809]},"properties":{"key":"64876-e491b547","layer":"power","name":"0 Hammond St CSG","state":"MA","detail_file":"data/details/power-plants-52.json","plant_id":"64876","capacity_mw":9.8,"status_group":"Operating","energy_sources":"MWH; SUN","type":"Power plant","is_nuclear":false}},{"type":"Feature","geometry":{"type":"Point","coordinates":[-70.009,41.69]},"properties":{"key":"69544-2d0573f8","layer":"power","name":"0 Middle","state":"MA","detail_file":"data/details/power-plants-13.json","plant_id":"69544","capacity_mw":4.0,"status_group":"Operating","energy_sources":"MWH; SUN","type":"Power plant","is_nuclear":false}},{"type":"Feature","geometry":{"type":"Point","coordinates":[-71.237,42.115]},"properties":{"key":"67464-489f9a7b","layer":"power","name":"1 Commercial","state":"MA","detail_file":"data/details/power-plants-39.json","plant_id":"67464","capacity_mw":1.5,"status_group":"Operating","energy_sources":"MWH; SUN","type":"Power plant","is_nuclear":false}},{"type":"Feature","geometry":{"type":"Point","coordinates":[-70.84,41.877]},"properties":{"key":"65092-a530bc85","layer":"power","name":"115 G Fisher","state":"MA","detail_file":"data/details/power-plants-01.json","plant_id":"65092","capacity_mw":1.0,"status_group":"Operating","energy_sources":"SUN","type":"Power plant","is_nuclear":false}},{"type":"Feature","geometry":{"type":"Point","coordinates":[-70.503,41.655]},"properties":{"key":"68390-44f87775","layer":"power","name":"118 Echo","state":"MA","detail_file":"data/details/power-plants-10.json","plant_id":"68390","capacity_mw":1.0,"status_group":"Operating","energy_sources":"SUN","type":"Power plant","is_nuclear":false}},{"type":"Feature","geometry":{"type":"Point","coordinates":[-71.423,42.076]},"properties":{"key":"60858-729d749d","layer":"power","name":"126 Grove Solar LLC","state":"MA","detail_file":"data/details/power-plants-29.json","plant_id":"60858","capacity_mw":2.0,"status_group":"Operating","energy_sources":"SUN","type":"Power plant","is_nuclear":false}},{"type":"Feature","geometry":{"type":"Point","coordinates":[-71.302,42.132]},"properties":{"key":"69545-046f9023","layer":"power","name":"15 Lincoln","state":"MA","detail_file":"data/details/power-plants-34.json","plant_id":"69545","capacity_mw":1.5,"status_group":"Operating","energy_sources":"MWH; SUN","type":"Power plant","is_nuclear":false}},{"type":"Feature","geometry":{"type":"Point","coordinates":[-70.84,41.875]},"properties":{"key":"65093-01dcd8f2","layer":"power","name":"154 D Fisher","state":"MA","detail_file":"data/details/power-plants-11.json","plant_id":"65093","capacity_mw":1.0,"status_group":"Operating","energy_sources":"SUN","type":"Power plant","is_nuclear":false}},{"type":"Feature","geometry":{"type":"Point","coordinates":[-70.713,41.793]},"properties":{"key":"65056-771bbea7","layer":"power","name":"160 Tihonet Rd Hybrid(CSG)","state":"MA","detail_file":"data/details/power-plants-21.json","plant_id":"65056","capacity_mw":8.3,"status_group":"Operating","energy_sources":"MWH; SUN","type":"Power plant","is_nuclear":false}},{"type":"Feature","geometry":{"type":"Point","coordinates":[-70.731,41.843]},"properties":{"key":"65114-9a0d6fda","layer":"power","name":"196 Tremont St(CSG)","state":"MA","detail_file":"data/details/power-plants-52.json","plant_id":"65114","capacity_mw":3.0,"status_group":"Operating","energy_sources":"MWH; SUN","type":"Power plant","is_nuclear":false}},{"type":"Feature","geometry":{"type":"Point","coordinates":[-70.971,41.953]},"properties":{"key":"69073-3b2c5f1f","layer":"power","name":"20 Bedford","state":"MA","detail_file":"data/details/power-plants-60.json","plant_id":"69073","capacity_mw":1.5,"status_group":"Operating","energy_sources":"MWH; SUN","type":"Power plant","is_nuclear":false}},{"type":"Feature","geometry":{"type":"Point","coordinates":[-71.762,42.581]},"properties":{"key":"59485-aeece4f8","layer":"power","name":"265 Pleasant Solar NG, LLC","state":"MA","detail_file":"data/details/power-plants-16.json","plant_id":"59485","capacity_mw":1.0,"status_group":"Operating","energy_sources":"SUN","type":"Power plant","is_nuclear":false}},{"type":"Feature","geometry":{"type":"Point","coordinates":[-70.725,41.805]},"properties":{"key":"64875-81aa8050","layer":"power","name":"276 Federal Rd(CSG)","state":"MA","detail_file":"data/details/power-plants-04.json","plant_id":"64875","capacity_mw":8.3,"status_group":"Operating","energy_sources":"MWH; SUN","type":"Power plant","is_nuclear":false}},{"type":"Feature","geometry":{"type":"Point","coordinates":[-71.951,42.552]},"properties":{"key":"64014-520b8964","layer":"power","name":"28 Livermore Hill Road Solar","state":"MA","detail_file":"data/details/power-plants-52.json","plant_id":"64014","capacity_mw":5.0,"status_group":"Operating","energy_sources":"SUN","type":"Power plant","is_nuclear":false}},{"type":"Feature","geometry":{"type":"Point","coordinates":[-70.727,41.795]},"properties":{"key":"65057-84d4df6f","layer":"power","name":"299 Farm to Market Rd Hybrid(CSG)","state":"MA","detail_file":"data/details/power-plants-53.json","plant_id":"65057","capacity_mw":5.3,"status_group":"Operating","energy_sources":"MWH; SUN","type":"Power plant","is_nuclear":false}},{"type":"Feature","geometry":{"type":"Point","coordinates":[-70.866,42.109]},"properties":{"key":"69076-746fc8d2","layer":"power","name":"342 Circuit","state":"MA","detail_file":"data/details/power-plants-16.json","plant_id":"69076","capacity_mw":2.0,"status_group":"Operating","energy_sources":"MWH; SUN","type":"Power plant","is_nuclear":false}},{"type":"Feature","geometry":{"type":"Point","coordinates":[-70.936,41.665]},"properties":{"key":"69075-32497e67","layer":"power","name":"376 Nash","state":"MA","detail_file":"data/details/power-plants-42.json","plant_id":"69075","capacity_mw":1.0,"status_group":"Operating","energy_sources":"MWH; SUN","type":"Power plant","is_nuclear":false}},{"type":"Feature","geometry":{"type":"Point","coordinates":[-71.74,42.206]},"properties":{"key":"66320-b8bdd7fa","layer":"power","name":"3Colton","state":"MA","detail_file":"data/details/power-plants-38.json","plant_id":"66320","capacity_mw":3.4,"status_group":"Operating","energy_sources":"SUN","type":"Power plant","is_nuclear":false}},{"type":"Feature","geometry":{"type":"Point","coordinates":[-71.192,41.809]},"properties":{"key":"61237-8c792919","layer":"power","name":"433 Purchase Solar NG, LLC","state":"MA","detail_file":"data/details/power-plants-41.json","plant_id":"61237","capacity_mw":2.5,"status_group":"Operating","energy_sources":"SUN","type":"Power plant","is_nuclear":false}},{"type":"Feature","geometry":{"type":"Point","coordinates":[-71.342,42.021]},"properties":{"key":"67242-7d45a8c0","layer":"power","name":"5 Berry","state":"MA","detail_file":"data/details/power-plants-40.json","plant_id":"67242","capacity_mw":7.1,"status_group":"Operating","energy_sources":"MWH; SUN","type":"Power plant","is_nuclear":false}},{"type":"Feature","geometry":{"type":"Point","coordinates":[-71.045,42.484]},"properties":{"key":"68430-3b990cc6","layer":"power","name":"515 Main Saugus","state":"MA","detail_file":"data/details/power-plants-32.json","plant_id":"68430","capacity_mw":1.3,"status_group":"Operating","energy_sources":"SUN","type":"Power plant","is_nuclear":false}},{"type":"Feature","geometry":{"type":"Point","coordinates":[-70.721,41.828]},"properties":{"key":"64970-c690c8da","layer":"power","name":"59 Federal Rd(CSG)","state":"MA","detail_file":"data/details/power-plants-62.json","plant_id":"64970","capacity_mw":10.0,"status_group":"Operating","energy_sources":"MWH; SUN","type":"Power plant","is_nuclear":false}},{"type":"Feature","geometry":{"type":"Point","coordinates":[-71.117,41.746]},"properties":{"key":"59639-9cc6a384","layer":"power","name":"631-56 Airport Owner, LLC","state":"MA","detail_file":"data/details/power-plants-62.json","plant_id":"59639","capacity_mw":2.0,"status_group":"Operating","energy_sources":"WND","type":"Power plant","is_nuclear":false}},{"type":"Feature","geometry":{"type":"Point","coordinates":[-71.743,42.627]},"properties":{"key":"59046-fe88d7b6","layer":"power","name":"651 Chase Solar NG","state":"MA","detail_file":"data/details/power-plants-34.json","plant_id":"59046","capacity_mw":2.5,"status_group":"Operating","energy_sources":"SUN","type":"Power plant","is_nuclear":false}},{"type":"Feature","geometry":{"type":"Point","coordinates":[-70.571,41.77]},"properties":{"key":"67457-2422982d","layer":"power","name":"665 Scenic Highway","state":"MA","detail_file":"data/details/power-plants-50.json","plant_id":"67457","capacity_mw":5.8,"status_group":"Operating","energy_sources":"MWH; SUN","type":"Power plant","is_nuclear":false}},{"type":"Feature","geometry":{"type":"Point","coordinates":[-70.742,41.797]},"properties":{"key":"65054-25344a72","layer":"power","name":"71 Charlotte Furnace Rd Hybrid(CSG)","state":"MA","detail_file":"data/details/power-plants-51.json","plant_id":"65054","capacity_mw":2.0,"status_group":"Operating","energy_sources":"MWH; SUN","type":"Power plant","is_nuclear":false}},{"type":"Feature","geometry":{"type":"Point","coordinates":[-70.723,41.795]},"properties":{"key":"65055-0d258683","layer":"power","name":"77 Farm to Market Rd Hybrid(CSG)","state":"MA","detail_file":"data/details/power-plants-01.json","plant_id":"65055","capacity_mw":7.2,"status_group":"Operating","energy_sources":"MWH; SUN","type":"Power plant","is_nuclear":false}},{"type":"Feature","geometry":{"type":"Point","coordinates":[-71.738,42.502]},"properties":{"key":"60986-89463fd4","layer":"power","name":"AIS Solar Project","state":"MA","detail_file":"data/details/power-plants-15.json","plant_id":"60986","capacity_mw":2.5,"status_group":"Operating","energy_sources":"SUN","type":"Power plant","is_nuclear":false}},{"type":"Feature","geometry":{"type":"Point","coordinates":[-71.453,42.111]},"properties":{"key":"55211-df740330","layer":"power","name":"ANP Bellingham Energy Project","state":"MA","detail_file":"data/details/power-plants-32.json","plant_id":"55211","capacity_mw":578.0,"status_group":"Operating","energy_sources":"NG","type":"Power plant","is_nuclear":false}},{"type":"Feature","geometry":{"type":"Point","coordinates":[-71.516,42.06]},"properties":{"key":"55212-55cf1efc","layer":"power","name":"ANP Blackstone Energy Project","state":"MA","detail_file":"data/details/power-plants-63.json","plant_id":"55212","capacity_mw":578.0,"status_group":"Operating","energy_sources":"NG","type":"Power plant","is_nuclear":false}},{"type":"Feature","geometry":{"type":"Point","coordinates":[-70.477,41.689]},"properties":{"key":"65014-305549f1","layer":"power","name":"ASD Cotuit MA Solar LLC","state":"MA","detail_file":"data/details/power-plants-46.json","plant_id":"65014","capacity_mw":5.6,"status_group":"Operating","energy_sources":"MWH; SUN","type":"Power plant","is_nuclear":false}},{"type":"Feature","geometry":{"type":"Point","coordinates":[-71.76,42.012]},"properties":{"key":"65015-2cfd76fa","layer":"power","name":"ASD Wallum MA Solar LLC(CSG)","state":"MA","detail_file":"data/details/power-plants-19.json","plant_id":"65015","capacity_mw":8.8,"status_group":"Operating","energy_sources":"MWH; SUN","type":"Power plant","is_nuclear":false}},{"type":"Feature","geometry":{"type":"Point","coordinates":[-71.431,42.473]},"properties":{"key":"59543-b43a51b4","layer":"power","name":"Acton Solar Landfill","state":"MA","detail_file":"data/details/power-plants-23.json","plant_id":"59543","capacity_mw":1.5,"status_group":"Operating","energy_sources":"SUN","type":"Power plant","is_nuclear":false}},{"type":"Feature","geometry":{"type":"Point","coordinates":[-71.458,42.48]},"properties":{"key":"66966-665a224e","layer":"power","name":"Acton-Boxborough Schools BESS","state":"MA","detail_file":"data/details/power-plants-31.json","plant_id":"66966","capacity_mw":2.1,"status_group":"Operating","energy_sources":"MWH","type":"Power plant","is_nuclear":false}},{"type":"Feature","geometry":{"type":"Point","coordinates":[-70.744,41.799]},"properties":{"key":"58270-a453ca6c","layer":"power","name":"Acushnet AD Makepeace","state":"MA","detail_file":"data/details/power-plants-19.json","plant_id":"58270","capacity_mw":3.5,"status_group":"Operating","energy_sources":"SUN","type":"Power plant","is_nuclear":false}},{"type":"Feature","geometry":{"type":"Point","coordinates":[-70.971,41.72]},"properties":{"key":"62835-7b092d22","layer":"power","name":"Acushnet Ball Plant 2","state":"MA","detail_file":"data/details/power-plants-45.json","plant_id":"62835","capacity_mw":1.5,"status_group":"Operating","energy_sources":"MWH","type":"Power plant","is_nuclear":false}},{"type":"Feature","geometry":{"type":"Point","coordinates":[-71.043,41.662]},"properties":{"key":"58271-56fadad4","layer":"power","name":"Acushnet Hawes Reed Road","state":"MA","detail_file":"data/details/power-plants-47.json","plant_id":"58271","capacity_mw":1.0,"status_group":"Operating","energy_sources":"SUN","type":"Power plant","is_nuclear":false}},{"type":"Feature","geometry":{"type":"Point","coordinates":[-70.903,41.697]},"properties":{"key":"64706-873bb90e","layer":"power","name":"Acushnet MA 1","state":"MA","detail_file":"data/details/power-plants-08.json","plant_id":"64706","capacity_mw":1.0,"status_group":"Operating","energy_sources":"SUN","type":"Power plant","is_nuclear":false}},{"type":"Feature","geometry":{"type":"Point","coordinates":[-70.886,41.706]},"properties":{"key":"64707-3270af00","layer":"power","name":"Acushnet MA 2 (CSG)","state":"MA","detail_file":"data/details/power-plants-41.json","plant_id":"64707","capacity_mw":1.0,"status_group":"Operating","energy_sources":"SUN","type":"Power plant","is_nuclear":false}},{"type":"Feature","geometry":{"type":"Point","coordinates":[-70.997,41.714]},"properties":{"key":"59128-0abfabf2","layer":"power","name":"Acushnet- High Hill","state":"MA","detail_file":"data/details/power-plants-28.json","plant_id":"59128","capacity_mw":2.8,"status_group":"Operating","energy_sources":"SUN","type":"Power plant","is_nuclear":false}},{"type":"Feature","geometry":{"type":"Point","coordinates":[-70.971,41.752]},"properties":{"key":"59121-5e5ed491","layer":"power","name":"Acushnet-Braley Road 1","state":"MA","detail_file":"data/details/power-plants-27.json","plant_id":"59121","capacity_mw":1.9,"status_group":"Operating","energy_sources":"SUN","type":"Power plant","is_nuclear":false}},{"type":"Feature","geometry":{"type":"Point","coordinates":[-71.111,41.679]},"properties":{"key":"64588-482341ec","layer":"power","name":"Adirondack A+B Community Solar Garden","state":"MA","detail_file":"data/details/power-plants-45.json","plant_id":"64588","capacity_mw":5.0,"status_group":"Operating","energy_sources":"SUN","type":"Power plant","is_nuclear":false}},{"type":"Feature","geometry":{"type":"Point","coordinates":[-71.212,42.731]},"properties":{"key":"68432-3ad94aea","layer":"power","name":"Aegean Drive Solar","state":"MA","detail_file":"data/details/power-plants-19.json","plant_id":"68432","capacity_mw":1.8,"status_group":"Operating","energy_sources":"SUN","type":"Power plant","is_nuclear":false}},{"type":"Feature","geometry":{"type":"Point","coordinates":[-71.059,42.019]},"properties":{"key":"62827-49390e5b","layer":"power","name":"Ajax Solar, LLC (MA)","state":"MA","detail_file":"data/details/power-plants-61.json","plant_id":"62827","capacity_mw":3.8,"status_group":"Operating","energy_sources":"SUN","type":"Power plant","is_nuclear":false}},{"type":"Feature","geometry":{"type":"Point","coordinates":[-71.673,42.519]},"properties":{"key":"64000-3ec06243","layer":"power","name":"Amaterasu LLC","state":"MA","detail_file":"data/details/power-plants-58.json","plant_id":"64000","capacity_mw":7.8,"status_group":"Operating","energy_sources":"MWH; SUN","type":"Power plant","is_nuclear":false}},{"type":"Feature","geometry":{"type":"Point","coordinates":[-71.949,42.251]},"properties":{"key":"61526-196d249c","layer":"power","name":"Antanavica Solar","state":"MA","detail_file":"data/details/power-plants-24.json","plant_id":"61526","capacity_mw":1.0,"status_group":"Operating","energy_sources":"SUN","type":"Power plant","is_nuclear":false}},{"type":"Feature","geometry":{"type":"Point","coordinates":[-70.894,41.679]},"properties":{"key":"68773-e94c31cf","layer":"power","name":"Apollo","state":"MA","detail_file":"data/details/power-plants-62.json","plant_id":"68773","capacity_mw":3.8,"status_group":"Operating","energy_sources":"MWH; SUN","type":"Power plant","is_nuclear":false}},{"type":"Feature","geometry":{"type":"Point","coordinates":[-71.927,42.671]},"properties":{"key":"62219-5456a70f","layer":"power","name":"Ashburnham Energy Storage Project","state":"MA","detail_file":"data/details/power-plants-03.json","plant_id":"62219","capacity_mw":3.0,"status_group":"Operating","energy_sources":"MWH","type":"Power plant","is_nuclear":false}},{"type":"Feature","geometry":{"type":"Point","coordinates":[-71.83,42.68]},"properties":{"key":"61399-01f5f355","layer":"power","name":"Ashby Duffy CSG Solar Farm","state":"MA","detail_file":"data/details/power-plants-31.json","plant_id":"61399","capacity_mw":1.8,"status_group":"Operating","energy_sources":"SUN","type":"Power plant","is_nuclear":false}},{"type":"Feature","geometry":{"type":"Point","coordinates":[-71.799,42.63]},"properties":{"key":"62199-f43ee1e0","layer":"power","name":"Ashby Solar, LLC CSG","state":"MA","detail_file":"data/details/power-plants-30.json","plant_id":"62199","capacity_mw":1.8,"status_group":"Operating","energy_sources":"SUN","type":"Power plant","is_nuclear":false}},{"type":"Feature","geometry":{"type":"Point","coordinates":[-71.476,42.258]},"properties":{"key":"67146-0df1359e","layer":"power","name":"Ashland Solar","state":"MA","detail_file":"data/details/power-plants-34.json","plant_id":"67146","capacity_mw":4.5,"status_group":"Operating","energy_sources":"SUN","type":"Power plant","is_nuclear":false}},{"type":"Feature","geometry":{"type":"Point","coordinates":[-71.87,42.13]},"properties":{"key":"64213-60ae03c4","layer":"power","name":"Auburn Solar Project","state":"MA","detail_file":"data/details/power-plants-14.json","plant_id":"64213","capacity_mw":8.7,"status_group":"Operating","energy_sources":"MWH; SUN","type":"Power plant","is_nuclear":false}},{"type":"Feature","geometry":{"type":"Point","coordinates":[-71.177,42.792]},"properties":{"key":"59463-18476d56","layer":"power","name":"Ayers Village Solar","state":"MA","detail_file":"data/details/power-plants-19.json","plant_id":"59463","capacity_mw":2.0,"status_group":"Operating","energy_sources":"SUN","type":"Power plant","is_nuclear":false}},{"type":"Feature","geometry":{"type":"Point","coordinates":[-71.604,42.02]},"properties":{"key":"60116-9deaf35e","layer":"power","name":"BJ's Wholesale Club, Inc- Uxbridge","state":"MA","detail_file":"data/details/power-plants-17.json","plant_id":"60116","capacity_mw":1.0,"status_group":"Operating","energy_sources":"SUN","type":"Power plant","is_nuclear":false}},{"type":"Feature","geometry":{"type":"Point","coordinates":[-70.696,41.775]},"properties":{"key":"62369-4902764e","layer":"power","name":"BWC Gibbs Brook","state":"MA","detail_file":"data/details/power-plants-17.json","plant_id":"62369","capacity_mw":4.0,"status_group":"Operating","energy_sources":"SUN","type":"Power plant","is_nuclear":false}},{"type":"Feature","geometry":{"type":"Point","coordinates":[-70.691,41.783]},"properties":{"key":"62371-adc21cd5","layer":"power","name":"BWC Harlow Brook","state":"MA","detail_file":"data/details/power-plants-54.json","plant_id":"62371","capacity_mw":1.5,"status_group":"Operating","energy_sources":"SUN","type":"Power plant","is_nuclear":false}},{"type":"Feature","geometry":{"type":"Point","coordinates":[-71.505,42.097]},"properties":{"key":"64170-d07e2c8f","layer":"power","name":"BWC Muddy Brook, LLC Hybrid","state":"MA","detail_file":"data/details/power-plants-14.json","plant_id":"64170","capacity_mw":1.9,"status_group":"Operating","energy_sources":"MWH; SUN","type":"Power plant","is_nuclear":false}},{"type":"Feature","geometry":{"type":"Point","coordinates":[-71.55,42.115]},"properties":{"key":"69124-5f8a9cbe","layer":"power","name":"BWC Mystic River","state":"MA","detail_file":"data/details/power-plants-39.json","plant_id":"69124","capacity_mw":1.0,"status_group":"Operating","energy_sources":"SUN","type":"Power plant","is_nuclear":false}},{"type":"Feature","geometry":{"type":"Point","coordinates":[-70.836,41.679]},"properties":{"key":"62368-1b786ee5","layer":"power","name":"BWC Origination 18","state":"MA","detail_file":"data/details/power-plants-37.json","plant_id":"62368","capacity_mw":4.8,"status_group":"Operating","energy_sources":"SUN","type":"Power plant","is_nuclear":false}},{"type":"Feature","geometry":{"type":"Point","coordinates":[-71.506,42.111]},"properties":{"key":"69125-b27dd0d6","layer":"power","name":"BWC Origination 19","state":"MA","detail_file":"data/details/power-plants-41.json","plant_id":"69125","capacity_mw":1.0,"status_group":"Operating","energy_sources":"SUN","type":"Power plant","is_nuclear":false}},{"type":"Feature","geometry":{"type":"Point","coordinates":[-70.688,41.782]},"properties":{"key":"62372-528a5721","layer":"power","name":"BWC Pocasset River","state":"MA","detail_file":"data/details/power-plants-45.json","plant_id":"62372","capacity_mw":1.5,"status_group":"Operating","energy_sources":"SUN","type":"Power plant","is_nuclear":false}},{"type":"Feature","geometry":{"type":"Point","coordinates":[-70.871,42.568]},"properties":{"key":"67376-535924e7","layer":"power","name":"BWC Rams Horn Channel LLC","state":"MA","detail_file":"data/details/power-plants-14.json","plant_id":"67376","capacity_mw":3.5,"status_group":"Operating","energy_sources":"SUN","type":"Power plant","is_nuclear":false}},{"type":"Feature","geometry":{"type":"Point","coordinates":[-71.404,42.638]},"properties":{"key":"64140-fc28fc79","layer":"power","name":"BWC Stony Brook, LLC Hybrid","state":"MA","detail_file":"data/details/power-plants-49.json","plant_id":"64140","capacity_mw":2.3,"status_group":"Operating","energy_sources":"MWH; SUN","type":"Power plant","is_nuclear":false}},{"type":"Feature","geometry":{"type":"Point","coordinates":[-71.227,41.796]},"properties":{"key":"60067-1794a70c","layer":"power","name":"BWC Swan Pond River CSG","state":"MA","detail_file":"data/details/power-plants-31.json","plant_id":"60067","capacity_mw":1.6,"status_group":"Operating","energy_sources":"SUN","type":"Power plant","is_nuclear":false}},{"type":"Feature","geometry":{"type":"Point","coordinates":[-71.527,42.085]},"properties":{"key":"61069-94ea25d6","layer":"power","name":"BWC Wading River One, Two, Three CSG","state":"MA","detail_file":"data/details/power-plants-57.json","plant_id":"61069","capacity_mw":3.0,"status_group":"Operating","energy_sources":"SUN","type":"Power plant","is_nuclear":false}},{"type":"Feature","geometry":{"type":"Point","coordinates":[-70.693,41.784]},"properties":{"key":"62370-da792bfa","layer":"power","name":"BWC Wareham River","state":"MA","detail_file":"data/details/power-plants-46.json","plant_id":"62370","capacity_mw":1.0,"status_group":"Operating","energy_sources":"SUN","type":"Power plant","is_nuclear":false}},{"type":"Feature","geometry":{"type":"Point","coordinates":[-70.396,41.66]},"properties":{"key":"59081-84489f6f","layer":"power","name":"Barnstable Landfill","state":"MA","detail_file":"data/details/power-plants-46.json","plant_id":"59081","capacity_mw":4.0,"status_group":"Operating","energy_sources":"SUN","type":"Power plant","is_nuclear":false}},{"type":"Feature","geometry":{"type":"Point","coordinates":[-71.864,42.162]},"properties":{"key":"61342-498af29a","layer":"power","name":"Barrett PV","state":"MA","detail_file":"data/details/power-plants-14.json","plant_id":"61342","capacity_mw":11.9,"status_group":"Operating","energy_sources":"SUN","type":"Power plant","is_nuclear":false}},{"type":"Feature","geometry":{"type":"Point","coordinates":[-70.88,42.789]},"properties":{"key":"60866-d3eb452c","layer":"power","name":"Bashaw Solar CSG 1, LLC","state":"MA","detail_file":"data/details/power-plants-33.json","plant_id":"60866","capacity_mw":2.0,"status_group":"Operating","energy_sources":"SUN","type":"Power plant","is_nuclear":false}},{"type":"Feature","geometry":{"type":"Point","coordinates":[-71.048,42.488]},"properties":{"key":"62585-dbdce30c","layer":"power","name":"Beebe Substation Battery Storage","state":"MA","detail_file":"data/details/power-plants-14.json","plant_id":"62585","capacity_mw":3.0,"status_group":"Operating","energy_sources":"MWH","type":"Power plant","is_nuclear":false}},{"type":"Feature","geometry":{"type":"Point","coordinates":[-71.483,42.093]},"properties":{"key":"10307-d3516133","layer":"power","name":"Bellingham Cogeneration Facility","state":"MA","detail_file":"data/details/power-plants-20.json","plant_id":"10307","capacity_mw":386.1,"status_group":"Operating","energy_sources":"NG","type":"Power plant","is_nuclear":false}},{"type":"Feature","geometry":{"type":"Point","coordinates":[-71.703,42.075]},"properties":{"key":"58403-15246adc","layer":"power","name":"Bellingham PV","state":"MA","detail_file":"data/details/power-plants-50.json","plant_id":"58403","capacity_mw":3.0,"status_group":"Operating","energy_sources":"SUN","type":"Power plant","is_nuclear":false}},{"type":"Feature","geometry":{"type":"Point","coordinates":[-71.018,41.841]},"properties":{"key":"64112-d4e1fe6f","layer":"power","name":"Berkley","state":"MA","detail_file":"data/details/power-plants-54.json","plant_id":"64112","capacity_mw":3.0,"status_group":"Operating","energy_sources":"SUN","type":"Power plant","is_nuclear":false}},{"type":"Feature","geometry":{"type":"Point","coordinates":[-71.041,41.824]},"properties":{"key":"58871-73fbe2f9","layer":"power","name":"Berkley East Solar LLC","state":"MA","detail_file":"data/details/power-plants-22.json","plant_id":"58871","capacity_mw":3.0,"status_group":"Operating","energy_sources":"SUN","type":"Power plant","is_nuclear":false}},{"type":"Feature","geometry":{"type":"Point","coordinates":[-70.912,42.59]},"properties":{"key":"59242-948ba585","layer":"power","name":"Beverly","state":"MA","detail_file":"data/details/power-plants-60.json","plant_id":"59242","capacity_mw":2.0,"status_group":"Operating","energy_sources":"SUN","type":"Power plant","is_nuclear":false}},{"type":"Feature","geometry":{"type":"Point","coordinates":[-70.716,41.902]},"properties":{"key":"61429-2aba951d","layer":"power","name":"Big George PV CSG","state":"MA","detail_file":"data/details/power-plants-27.json","plant_id":"61429","capacity_mw":1.0,"status_group":"Operating","energy_sources":"SUN","type":"Power plant","is_nuclear":false}},{"type":"Feature","geometry":{"type":"Point","coordinates":[-71.267,42.11]},"properties":{"key":"60854-02ed1b19","layer":"power","name":"Bird Machine Solar Farm","state":"MA","detail_file":"data/details/power-plants-22.json","plant_id":"60854","capacity_mw":3.5,"status_group":"Operating","energy_sources":"SUN","type":"Power plant","is_nuclear":false}},{"type":"Feature","geometry":{"type":"Point","coordinates":[-70.605,41.602]},"properties":{"key":"66075-87929e90","layer":"power","name":"Blacksmith Road Solar 1","state":"MA","detail_file":"data/details/power-plants-40.json","plant_id":"66075","capacity_mw":7.0,"status_group":"Operating","energy_sources":"MWH; SUN","type":"Power plant","is_nuclear":false}},{"type":"Feature","geometry":{"type":"Point","coordinates":[-71.975,42.259]},"properties":{"key":"63557-f57a8d46","layer":"power","name":"Blair Wire Village Solar, LLC CSG","state":"MA","detail_file":"data/details/power-plants-49.json","plant_id":"63557","capacity_mw":1.0,"status_group":"Operating","energy_sources":"SUN","type":"Power plant","is_nuclear":false}},{"type":"Feature","geometry":{"type":"Point","coordinates":[-71.445,42.679]},"properties":{"key":"64627-b5006687","layer":"power","name":"Blodgett Solar CSG","state":"MA","detail_file":"data/details/power-plants-53.json","plant_id":"64627","capacity_mw":10.0,"status_group":"Operating","energy_sources":"MWH; SUN","type":"Power plant","is_nuclear":false}},{"type":"Feature","geometry":{"type":"Point","coordinates":[-71.663,42.225]},"properties":{"key":"59752-d70b09fd","layer":"power","name":"BlueWave Capital - Grafton (SREC II)","state":"MA","detail_file":"data/details/power-plants-59.json","plant_id":"59752","capacity_mw":1.3,"status_group":"Operating","energy_sources":"SUN","type":"Power plant","is_nuclear":false}},{"type":"Feature","geometry":{"type":"Point","coordinates":[-71.643,42.45]},"properties":{"key":"59014-384e4aad","layer":"power","name":"Bolton PV","state":"MA","detail_file":"data/details/power-plants-08.json","plant_id":"59014","capacity_mw":4.9,"status_group":"Operating","energy_sources":"SUN","type":"Power plant","is_nuclear":false}},{"type":"Feature","geometry":{"type":"Point","coordinates":[-71.322,42.652]},"properties":{"key":"10556-f9bf6fa5","layer":"power","name":"Boott Hydropower","state":"MA","detail_file":"data/details/power-plants-21.json","plant_id":"10556","capacity_mw":22.9,"status_group":"Operating","energy_sources":"WAT","type":"Power plant","is_nuclear":false}},{"type":"Feature","geometry":{"type":"Point","coordinates":[-71.06,41.662]},"properties":{"key":"67279-fe425599","layer":"power","name":"Borrego - Highland Ave","state":"MA","detail_file":"data/details/power-plants-38.json","plant_id":"67279","capacity_mw":10.0,"status_group":"Under construction","energy_sources":"MWH; SUN","type":"Power plant","is_nuclear":false}},{"type":"Feature","geometry":{"type":"Point","coordinates":[-71.074,42.335]},"properties":{"key":"61186-8c2c6ee0","layer":"power","name":"Boston Medical Center CHP Plant","state":"MA","detail_file":"data/details/power-plants-00.json","plant_id":"61186","capacity_mw":3.0,"status_group":"Operating","energy_sources":"MWH; NG","type":"Power plant","is_nuclear":false}},{"type":"Feature","geometry":{"type":"Point","coordinates":[-71.034,42.293]},"properties":{"key":"57992-693dd9f9","layer":"power","name":"Boston Scientific Solar","state":"MA","detail_file":"data/details/power-plants-20.json","plant_id":"57992","capacity_mw":1.1,"status_group":"Operating","energy_sources":"SUN","type":"Power plant","is_nuclear":false}},{"type":"Feature","geometry":{"type":"Point","coordinates":[-71.455,42.178]},"properties":{"key":"59750-e9d9f879","layer":"power","name":"Bourne (MA) - Holliston I","state":"MA","detail_file":"data/details/power-plants-32.json","plant_id":"59750","capacity_mw":2.3,"status_group":"Operating","energy_sources":"SUN","type":"Power plant","is_nuclear":false}},{"type":"Feature","geometry":{"type":"Point","coordinates":[-71.891,42.219]},"properties":{"key":"63556-1e0c6bc8","layer":"power","name":"Boutillier Solar, LLC CSG","state":"MA","detail_file":"data/details/power-plants-40.json","plant_id":"63556","capacity_mw":2.9,"status_group":"Operating","energy_sources":"SUN","type":"Power plant","is_nuclear":false}},{"type":"Feature","geometry":{"type":"Point","coordinates":[-71.094,42.751]},"properties":{"key":"65566-4d9f9298","layer":"power","name":"Bradford Solar","state":"MA","detail_file":"data/details/power-plants-22.json","plant_id":"65566","capacity_mw":5.0,"status_group":"Operating","energy_sources":"SUN","type":"Power plant","is_nuclear":false}},{"type":"Feature","geometry":{"type":"Point","coordinates":[-70.998,42.207]},"properties":{"key":"61538-c69b222b","layer":"power","name":"Braintree Landfill Solar","state":"MA","detail_file":"data/details/power-plants-15.json","plant_id":"61538","capacity_mw":1.0,"status_group":"Operating","energy_sources":"SUN","type":"Power plant","is_nuclear":false}},{"type":"Feature","geometry":{"type":"Point","coordinates":[-70.904,41.776]},"properties":{"key":"68215-4aa49ff4","layer":"power","name":"Braley Hill North Solar","state":"MA","detail_file":"data/details/power-plants-24.json","plant_id":"68215","capacity_mw":10.0,"status_group":"Under construction","energy_sources":"MWH; SUN","type":"Power plant","is_nuclear":false}},{"type":"Feature","geometry":{"type":"Point","coordinates":[-70.967,41.752]},"properties":{"key":"58680-d228cc96","layer":"power","name":"Braley Road 2","state":"MA","detail_file":"data/details/power-plants-33.json","plant_id":"58680","capacity_mw":2.6,"status_group":"Operating","energy_sources":"SUN","type":"Power plant","is_nuclear":false}},{"type":"Feature","geometry":{"type":"Point","coordinates":[-70.103,41.746]},"properties":{"key":"59075-7e4a420a","layer":"power","name":"Brewster Landfill","state":"MA","detail_file":"data/details/power-plants-45.json","plant_id":"59075","capacity_mw":1.0,"status_group":"Operating","energy_sources":"SUN","type":"Power plant","is_nuclear":false}},{"type":"Feature","geometry":{"type":"Point","coordinates":[-70.958,41.932]},"properties":{"key":"62757-e70cf4ee","layer":"power","name":"Bridgewater Complex Co-Generation Plant","state":"MA","detail_file":"data/details/power-plants-51.json","plant_id":"62757","capacity_mw":1.5,"status_group":"Operating","energy_sources":"NG","type":"Power plant","is_nuclear":false}},{"type":"Feature","geometry":{"type":"Point","coordinates":[-70.972,41.964]},"properties":{"key":"60730-c4114f6a","layer":"power","name":"Bridgewater Solar CSG","state":"MA","detail_file":"data/details/power-plants-07.json","plant_id":"60730","capacity_mw":2.3,"status_group":"Operating","energy_sources":"SUN","type":"Power plant","is_nuclear":false}},{"type":"Feature","geometry":{"type":"Point","coordinates":[-71.717,42.481]},"properties":{"key":"59241-6684bc0a","layer":"power","name":"Brockelman","state":"MA","detail_file":"data/details/power-plants-17.json","plant_id":"59241","capacity_mw":3.0,"status_group":"Operating","energy_sources":"SUN","type":"Power plant","is_nuclear":false}},{"type":"Feature","geometry":{"type":"Point","coordinates":[-71.711,42.484]},"properties":{"key":"65650-5afc4a39","layer":"power","name":"Brockelman Road Solar 2","state":"MA","detail_file":"data/details/power-plants-40.json","plant_id":"65650","capacity_mw":3.0,"status_group":"Operating","energy_sources":"MWH; SUN","type":"Power plant","is_nuclear":false}},{"type":"Feature","geometry":{"type":"Point","coordinates":[-70.786,41.956]},"properties":{"key":"61008-ae165e6f","layer":"power","name":"Brook Street Solar 1 CSG","state":"MA","detail_file":"data/details/power-plants-17.json","plant_id":"61008","capacity_mw":5.0,"status_group":"Operating","energy_sources":"SUN","type":"Power plant","is_nuclear":false}},{"type":"Feature","geometry":{"type":"Point","coordinates":[-71.094,41.59]},"properties":{"key":"64727-bdffe2bc","layer":"power","name":"Brookwood Drive Community Solar","state":"MA","detail_file":"data/details/power-plants-49.json","plant_id":"64727","capacity_mw":8.0,"status_group":"Operating","energy_sources":"MWH; SUN","type":"Power plant","is_nuclear":false}},{"type":"Feature","geometry":{"type":"Point","coordinates":[-70.99,41.729]},"properties":{"key":"61010-abae6ab6","layer":"power","name":"Bullock Road Solar 1","state":"MA","detail_file":"data/details/power-plants-36.json","plant_id":"61010","capacity_mw":1.9,"status_group":"Operating","energy_sources":"SUN","type":"Power plant","is_nuclear":false}},{"type":"Feature","geometry":{"type":"Point","coordinates":[-71.722,42.442]},"properties":{"key":"58387-8cf4b19b","layer":"power","name":"CES Sterling LLC","state":"MA","detail_file":"data/details/power-plants-49.json","plant_id":"58387","capacity_mw":2.0,"status_group":"Operating","energy_sources":"SUN","type":"Power plant","is_nuclear":false}},{"type":"Feature","geometry":{"type":"Point","coordinates":[-70.017,41.732]},"properties":{"key":"67296-49378a50","layer":"power","name":"CVEC Round 4 Brewster Captn Golf Course","state":"MA","detail_file":"data/details/power-plants-18.json","plant_id":"67296","capacity_mw":1.2,"status_group":"Operating","energy_sources":"MWH; SUN","type":"Power plant","is_nuclear":false}},{"type":"Feature","geometry":{"type":"Point","coordinates":[-70.64,41.925]},"properties":{"key":"58958-1b6cb6db","layer":"power","name":"Camelot Wind LLC","state":"MA","detail_file":"data/details/power-plants-00.json","plant_id":"58958","capacity_mw":1.5,"status_group":"Operating","energy_sources":"WND","type":"Power plant","is_nuclear":false}},{"type":"Feature","geometry":{"type":"Point","coordinates":[-70.51,41.769]},"properties":{"key":"1599-91ca9651","layer":"power","name":"Canal","state":"MA","detail_file":"data/details/power-plants-24.json","plant_id":"1599","capacity_mw":1495.0,"status_group":"Operating","energy_sources":"NG; RFO","type":"Power plant","is_nuclear":false}},{"type":"Feature","geometry":{"type":"Point","coordinates":[-71.131,42.145]},"properties":{"key":"64107-40dfca57","layer":"power","name":"Canton","state":"MA","detail_file":"data/details/power-plants-21.json","plant_id":"64107","capacity_mw":5.0,"status_group":"Operating","energy_sources":"SUN","type":"Power plant","is_nuclear":false}},{"type":"Feature","geometry":{"type":"Point","coordinates":[-70.539,41.752]},"properties":{"key":"58661-82ee2b42","layer":"power","name":"Cape Cod Air Force Station - 6 SWS","state":"MA","detail_file":"data/details/power-plants-07.json","plant_id":"58661","capacity_mw":3.4,"status_group":"Operating","energy_sources":"WND","type":"Power plant","is_nuclear":false}},{"type":"Feature","geometry":{"type":"Point","coordinates":[-70.802,41.915]},"properties":{"key":"64115-93432946","layer":"power","name":"Carver","state":"MA","detail_file":"data/details/power-plants-18.json","plant_id":"64115","capacity_mw":1.5,"status_group":"Operating","energy_sources":"SUN","type":"Power plant","is_nuclear":false}},{"type":"Feature","geometry":{"type":"Point","coordinates":[-70.81,41.906]},"properties":{"key":"62763-fa37090e","layer":"power","name":"Carver CSG","state":"MA","detail_file":"data/details/power-plants-30.json","plant_id":"62763","capacity_mw":2.0,"status_group":"Operating","energy_sources":"SUN","type":"Power plant","is_nuclear":false}},{"type":"Feature","geometry":{"type":"Point","coordinates":[-70.761,41.943]},"properties":{"key":"60442-97aa79a0","layer":"power","name":"Carver MA 1 Community Solar","state":"MA","detail_file":"data/details/power-plants-19.json","plant_id":"60442","capacity_mw":2.0,"status_group":"Operating","energy_sources":"SUN","type":"Power plant","is_nuclear":false}},{"type":"Feature","geometry":{"type":"Point","coordinates":[-70.55,41.803]},"properties":{"key":"60757-b1345f64","layer":"power","name":"Cedarville CSG","state":"MA","detail_file":"data/details/power-plants-36.json","plant_id":"60757","capacity_mw":2.5,"status_group":"Operating","energy_sources":"SUN","type":"Power plant","is_nuclear":false}},{"type":"Feature","geometry":{"type":"Point","coordinates":[-71.426,42.253]},"properties":{"key":"61371-e9e36007","layer":"power","name":"Centaurus Solar - MA","state":"MA","detail_file":"data/details/power-plants-24.json","plant_id":"61371","capacity_mw":2.4,"status_group":"Operating","energy_sources":"SUN","type":"Power plant","is_nuclear":false}},{"type":"Feature","geometry":{"type":"Point","coordinates":[-71.691,42.255]},"properties":{"key":"65768-0cbe6110","layer":"power","name":"Centech Gas Generator","state":"MA","detail_file":"data/details/power-plants-50.json","plant_id":"65768","capacity_mw":2.5,"status_group":"Operating","energy_sources":"NG","type":"Power plant","is_nuclear":false}},{"type":"Feature","geometry":{"type":"Point","coordinates":[-71.071,42.391]},"properties":{"key":"58065-fd838ad8","layer":"power","name":"Charlestown Wind Turbine","state":"MA","detail_file":"data/details/power-plants-52.json","plant_id":"58065","capacity_mw":1.5,"status_group":"Operating","energy_sources":"WND","type":"Power plant","is_nuclear":false}},{"type":"Feature","geometry":{"type":"Point","coordinates":[-71.996,42.127]},"properties":{"key":"59636-3c6913e9","layer":"power","name":"Charlton Solar I CSG","state":"MA","detail_file":"data/details/power-plants-05.json","plant_id":"59636","capacity_mw":4.0,"status_group":"Operating","energy_sources":"SUN","type":"Power plant","is_nuclear":false}},{"type":"Feature","geometry":{"type":"Point","coordinates":[-70.006,41.686]},"properties":{"key":"59077-de8affe3","layer":"power","name":"Chatham Landfill","state":"MA","detail_file":"data/details/power-plants-61.json","plant_id":"59077","capacity_mw":1.5,"status_group":"Operating","energy_sources":"SUN","type":"Power plant","is_nuclear":false}},{"type":"Feature","geometry":{"type":"Point","coordinates":[-71.56,42.389]},"properties":{"key":"9038-8343cafe","layer":"power","name":"Cherry Street","state":"MA","detail_file":"data/details/power-plants-33.json","plant_id":"9038","capacity_mw":12.9,"status_group":"Operating","energy_sources":"DFO; NG","type":"Power plant","is_nuclear":false}},{"type":"Feature","geometry":{"type":"Point","coordinates":[-71.892,42.23]},"properties":{"key":"63561-1ab176e8","layer":"power","name":"Cherry Valley Solar, LLC CSG","state":"MA","detail_file":"data/details/power-plants-23.json","plant_id":"63561","capacity_mw":1.0,"status_group":"Operating","energy_sources":"SUN","type":"Power plant","is_nuclear":false}},{"type":"Feature","geometry":{"type":"Point","coordinates":[-71.738,42.452]},"properties":{"key":"60959-ee6ed91e","layer":"power","name":"Chocksett Rd Energy Storage Project","state":"MA","detail_file":"data/details/power-plants-26.json","plant_id":"60959","capacity_mw":2.0,"status_group":"Operating","energy_sources":"MWH","type":"Power plant","is_nuclear":false}},{"type":"Feature","geometry":{"type":"Point","coordinates":[-71.823,42.251]},"properties":{"key":"10408-608900da","layer":"power","name":"Clark University","state":"MA","detail_file":"data/details/power-plants-58.json","plant_id":"10408","capacity_mw":2.0,"status_group":"Operating","energy_sources":"NG","type":"Power plant","is_nuclear":false}},{"type":"Feature","geometry":{"type":"Point","coordinates":[-71.106,41.865]},"properties":{"key":"1682-f04d2edd","layer":"power","name":"Cleary Flood Hybrid","state":"MA","detail_file":"data/details/power-plants-62.json","plant_id":"1682","capacity_mw":121.0,"status_group":"Operating","energy_sources":"MWH; NG","type":"Power plant","is_nuclear":false}},{"type":"Feature","geometry":{"type":"Point","coordinates":[-71.335,42.444]},"properties":{"key":"59768-4be58a07","layer":"power","name":"Concord Solar Farm","state":"MA","detail_file":"data/details/power-plants-14.json","plant_id":"59768","capacity_mw":1.5,"status_group":"Operating","energy_sources":"SUN","type":"Power plant","is_nuclear":false}},{"type":"Feature","geometry":{"type":"Point","coordinates":[-71.081,42.377]},"properties":{"key":"66151-1f1829d2","layer":"power","name":"CoreSite - Somerville","state":"MA","detail_file":"data/details/power-plants-19.json","plant_id":"66151","capacity_mw":3.6,"status_group":"Operating","energy_sources":"NG","type":"Power plant","is_nuclear":false}},{"type":"Feature","geometry":{"type":"Point","coordinates":[-71.687,42.404]},"properties":{"key":"10825-cf98c0a8","layer":"power","name":"Cosgrove Intake and Power Station","state":"MA","detail_file":"data/details/power-plants-09.json","plant_id":"10825","capacity_mw":3.2,"status_group":"Operating","energy_sources":"WAT","type":"Power plant","is_nuclear":false}},{"type":"Feature","geometry":{"type":"Point","coordinates":[-71.124,42.765]},"properties":{"key":"50661-f79e5b8c","layer":"power","name":"Covanta Haverhill","state":"MA","detail_file":"data/details/power-plants-25.json","plant_id":"50661","capacity_mw":46.0,"status_group":"Operating","energy_sources":"MSW","type":"Power plant","is_nuclear":false}},{"type":"Feature","geometry":{"type":"Point","coordinates":[-70.745,41.787]},"properties":{"key":"65174-baff1ede","layer":"power","name":"Cranberry Highway Solar LLC","state":"MA","detail_file":"data/details/power-plants-63.json","plant_id":"65174","capacity_mw":4.2,"status_group":"Operating","energy_sources":"MWH; SUN","type":"Power plant","is_nuclear":false}},{"type":"Feature","geometry":{"type":"Point","coordinates":[-70.787,41.897]},"properties":{"key":"62844-f1873b38","layer":"power","name":"Cranberry Point Energy Storage","state":"MA","detail_file":"data/details/power-plants-30.json","plant_id":"62844","capacity_mw":150.0,"status_group":"Operating","energy_sources":"MWH","type":"Power plant","is_nuclear":false}},{"type":"Feature","geometry":{"type":"Point","coordinates":[-70.908,41.872]},"properties":{"key":"63697-bf514827","layer":"power","name":"Cranberry Solar","state":"MA","detail_file":"data/details/power-plants-28.json","plant_id":"63697","capacity_mw":1.0,"status_group":"Operating","energy_sources":"SUN","type":"Power plant","is_nuclear":false}},{"type":"Feature","geometry":{"type":"Point","coordinates":[-71.986,42.175]},"properties":{"key":"60851-c8dc064b","layer":"power","name":"Curtis Hill Solar CSG","state":"MA","detail_file":"data/details/power-plants-27.json","plant_id":"60851","capacity_mw":2.0,"status_group":"Operating","energy_sources":"SUN","type":"Power plant","is_nuclear":false}},{"type":"Feature","geometry":{"type":"Point","coordinates":[-70.875,41.732]},"properties":{"key":"68216-060fc94b","layer":"power","name":"Cushman Road Solar","state":"MA","detail_file":"data/details/power-plants-16.json","plant_id":"68216","capacity_mw":6.0,"status_group":"Under construction","energy_sources":"MWH; SUN","type":"Power plant","is_nuclear":false}},{"type":"Feature","geometry":{"type":"Point","coordinates":[-71.976,42.218]},"properties":{"key":"63472-0144772f","layer":"power","name":"Cycz Solar Project CSG Hybrid","state":"MA","detail_file":"data/details/power-plants-54.json","plant_id":"63472","capacity_mw":3.3,"status_group":"Operating","energy_sources":"MWH; SUN","type":"Power plant","is_nuclear":false}},{"type":"Feature","geometry":{"type":"Point","coordinates":[-71.396,42.301]},"properties":{"key":"60754-06592a44","layer":"power","name":"DDR Shoppers World","state":"MA","detail_file":"data/details/power-plants-06.json","plant_id":"60754","capacity_mw":1.3,"status_group":"Operating","energy_sources":"SUN","type":"Power plant","is_nuclear":false}},{"type":"Feature","geometry":{"type":"Point","coordinates":[-70.495,41.68]},"properties":{"key":"61555-f38b487b","layer":"power","name":"DG Crystal Spring CSG","state":"MA","detail_file":"data/details/power-plants-14.json","plant_id":"61555","capacity_mw":4.2,"status_group":"Operating","energy_sources":"SUN","type":"Power plant","is_nuclear":false}},{"type":"Feature","geometry":{"type":"Point","coordinates":[-71.145,41.801]},"properties":{"key":"61634-785be5b5","layer":"power","name":"DG Dighton LLC CSG","state":"MA","detail_file":"data/details/power-plants-48.json","plant_id":"61634","capacity_mw":3.1,"status_group":"Operating","energy_sources":"SUN","type":"Power plant","is_nuclear":false}},{"type":"Feature","geometry":{"type":"Point","coordinates":[-71.141,42.056]},"properties":{"key":"61590-483d5827","layer":"power","name":"DG Foxborough Elm CSG","state":"MA","detail_file":"data/details/power-plants-12.json","plant_id":"61590","capacity_mw":2.0,"status_group":"Operating","energy_sources":"SUN","type":"Power plant","is_nuclear":false}},{"type":"Feature","geometry":{"type":"Point","coordinates":[-71.117,42.817]},"properties":{"key":"61550-09ed44d2","layer":"power","name":"DG Haverhill CSG","state":"MA","detail_file":"data/details/power-plants-38.json","plant_id":"61550","capacity_mw":3.0,"status_group":"Operating","energy_sources":"SUN","type":"Power plant","is_nuclear":false}},{"type":"Feature","geometry":{"type":"Point","coordinates":[-71.672,42.243]},"properties":{"key":"61635-6b5b4bd5","layer":"power","name":"DG Tufts Knoll LLC CSG","state":"MA","detail_file":"data/details/power-plants-14.json","plant_id":"61635","capacity_mw":2.0,"status_group":"Operating","energy_sources":"SUN","type":"Power plant","is_nuclear":false}},{"type":"Feature","geometry":{"type":"Point","coordinates":[-71.686,42.238]},"properties":{"key":"61633-f2b20931","layer":"power","name":"DG Tufts Science LLC CSG","state":"MA","detail_file":"data/details/power-plants-39.json","plant_id":"61633","capacity_mw":1.0,"status_group":"Operating","energy_sources":"SUN","type":"Power plant","is_nuclear":false}},{"type":"Feature","geometry":{"type":"Point","coordinates":[-71.514,42.414]},"properties":{"key":"61636-517d131c","layer":"power","name":"DG Webster LLC CSG","state":"MA","detail_file":"data/details/power-plants-16.json","plant_id":"61636","capacity_mw":1.3,"status_group":"Operating","energy_sources":"SUN","type":"Power plant","is_nuclear":false}},{"type":"Feature","geometry":{"type":"Point","coordinates":[-71.211,42.72]},"properties":{"key":"69273-0f38c6e4","layer":"power","name":"Danton XI Solar LLC","state":"MA","detail_file":"data/details/power-plants-03.json","plant_id":"69273","capacity_mw":1.8,"status_group":"Operating","energy_sources":"SUN","type":"Power plant","is_nuclear":false}},{"type":"Feature","geometry":{"type":"Point","coordinates":[-70.997,41.676]},"properties":{"key":"58682-e4010c6d","layer":"power","name":"Dartmouth","state":"MA","detail_file":"data/details/power-plants-46.json","plant_id":"58682","capacity_mw":6.3,"status_group":"Operating","energy_sources":"SUN","type":"Power plant","is_nuclear":false}},{"type":"Feature","geometry":{"type":"Point","coordinates":[-71.003,41.663]},"properties":{"key":"65636-a6af42bd","layer":"power","name":"Dartmouth Farms Solar","state":"MA","detail_file":"data/details/power-plants-17.json","plant_id":"65636","capacity_mw":4.3,"status_group":"Operating","energy_sources":"SUN","type":"Power plant","is_nuclear":false}},{"type":"Feature","geometry":{"type":"Point","coordinates":[-71.031,41.681]},"properties":{"key":"57838-5d50116d","layer":"power","name":"Dartmouth II Solar","state":"MA","detail_file":"data/details/power-plants-17.json","plant_id":"57838","capacity_mw":2.0,"status_group":"Operating","energy_sources":"SUN","type":"Power plant","is_nuclear":false}},{"type":"Feature","geometry":{"type":"Point","coordinates":[-70.998,41.581]},"properties":{"key":"59131-99c8e80e","layer":"power","name":"Dartmouth Landfill","state":"MA","detail_file":"data/details/power-plants-42.json","plant_id":"59131","capacity_mw":1.1,"status_group":"Operating","energy_sources":"SUN","type":"Power plant","is_nuclear":false}},{"type":"Feature","geometry":{"type":"Point","coordinates":[-70.999,41.673]},"properties":{"key":"52026-f1a52657","layer":"power","name":"Dartmouth Power Associates LP","state":"MA","detail_file":"data/details/power-plants-36.json","plant_id":"52026","capacity_mw":97.4,"status_group":"Operating","energy_sources":"NG","type":"Power plant","is_nuclear":false}},{"type":"Feature","geometry":{"type":"Point","coordinates":[-70.974,41.716]},"properties":{"key":"57473-72907437","layer":"power","name":"Dartmouth Solar","state":"MA","detail_file":"data/details/power-plants-16.json","plant_id":"57473","capacity_mw":1.6,"status_group":"Operating","energy_sources":"SUN","type":"Power plant","is_nuclear":false}},{"type":"Feature","geometry":{"type":"Point","coordinates":[-70.963,42.353]},"properties":{"key":"10823-6f3397d5","layer":"power","name":"Deer Island Treatment Plant","state":"MA","detail_file":"data/details/power-plants-18.json","plant_id":"10823","capacity_mw":72.8,"status_group":"Operating","energy_sources":"DFO; OBG; SUN; WAT; WND","type":"Power plant","is_nuclear":false}},{"type":"Feature","geometry":{"type":"Point","coordinates":[-70.145,41.693]},"properties":{"key":"59082-ce5725f2","layer":"power","name":"Dennis Landfill","state":"MA","detail_file":"data/details/power-plants-61.json","plant_id":"59082","capacity_mw":5.0,"status_group":"Operating","energy_sources":"SUN","type":"Power plant","is_nuclear":false}},{"type":"Feature","geometry":{"type":"Point","coordinates":[-71.988,42.153]},"properties":{"key":"60852-c7e4f67c","layer":"power","name":"Depot Hill Solar CSG","state":"MA","detail_file":"data/details/power-plants-09.json","plant_id":"60852","capacity_mw":2.0,"status_group":"Operating","energy_sources":"SUN","type":"Power plant","is_nuclear":false}},{"type":"Feature","geometry":{"type":"Point","coordinates":[-71.945,42.572]},"properties":{"key":"58992-d4eb9160","layer":"power","name":"Dept of Corrections NCCI Wind","state":"MA","detail_file":"data/details/power-plants-30.json","plant_id":"58992","capacity_mw":3.4,"status_group":"Operating","energy_sources":"WND","type":"Power plant","is_nuclear":false}},{"type":"Feature","geometry":{"type":"Point","coordinates":[-71.626,42.559]},"properties":{"key":"59358-71c1797c","layer":"power","name":"Devens","state":"MA","detail_file":"data/details/power-plants-63.json","plant_id":"59358","capacity_mw":3.0,"status_group":"Operating","energy_sources":"SUN","type":"Power plant","is_nuclear":false}},{"type":"Feature","geometry":{"type":"Point","coordinates":[-71.124,41.831]},"properties":{"key":"55026-e3495cfd","layer":"power","name":"Dighton Power Plant","state":"MA","detail_file":"data/details/power-plants-35.json","plant_id":"55026","capacity_mw":200.0,"status_group":"Operating","energy_sources":"NG","type":"Power plant","is_nuclear":false}},{"type":"Feature","geometry":{"type":"Point","coordinates":[-71.047,42.301]},"properties":{"key":"57265-515c55b1","layer":"power","name":"Dorchester Solar Site","state":"MA","detail_file":"data/details/power-plants-36.json","plant_id":"57265","capacity_mw":1.0,"status_group":"Operating","energy_sources":"SUN","type":"Power plant","is_nuclear":false}},{"type":"Feature","geometry":{"type":"Point","coordinates":[-71.73,42.06]},"properties":{"key":"57934-d53f86ed","layer":"power","name":"Douglas Solar","state":"MA","detail_file":"data/details/power-plants-53.json","plant_id":"57934","capacity_mw":2.0,"status_group":"Operating","energy_sources":"SUN","type":"Power plant","is_nuclear":false}},{"type":"Feature","geometry":{"type":"Point","coordinates":[-71.249,42.227]},"properties":{"key":"64587-ae7a263b","layer":"power","name":"Dover (MA)","state":"MA","detail_file":"data/details/power-plants-03.json","plant_id":"64587","capacity_mw":1.0,"status_group":"Operating","energy_sources":"SUN","type":"Power plant","is_nuclear":false}},{"type":"Feature","geometry":{"type":"Point","coordinates":[-71.979,42.054]},"properties":{"key":"64572-ed1bd177","layer":"power","name":"Dudley","state":"MA","detail_file":"data/details/power-plants-58.json","plant_id":"64572","capacity_mw":3.0,"status_group":"Operating","energy_sources":"SUN","type":"Power plant","is_nuclear":false}},{"type":"Feature","geometry":{"type":"Point","coordinates":[-71.884,42.074]},"properties":{"key":"69942-4b8d06d8","layer":"power","name":"Dudley","state":"MA","detail_file":"data/details/power-plants-59.json","plant_id":"69942","capacity_mw":6.0,"status_group":"Operating","energy_sources":"MWH; SUN","type":"Power plant","is_nuclear":false}},{"type":"Feature","geometry":{"type":"Point","coordinates":[-71.913,42.036]},"properties":{"key":"69129-9bb2e2b8","layer":"power","name":"Dudley Landfill Solar LLC","state":"MA","detail_file":"data/details/power-plants-06.json","plant_id":"69129","capacity_mw":2.6,"status_group":"Operating","energy_sources":"MWH; SUN","type":"Power plant","is_nuclear":false}},{"type":"Feature","geometry":{"type":"Point","coordinates":[-71.997,42.072]},"properties":{"key":"63570-9385ac8e","layer":"power","name":"Dudley River 2 Solar, LLC CSG","state":"MA","detail_file":"data/details/power-plants-39.json","plant_id":"63570","capacity_mw":1.0,"status_group":"Operating","energy_sources":"SUN","type":"Power plant","is_nuclear":false}},{"type":"Feature","geometry":{"type":"Point","coordinates":[-71.998,42.071]},"properties":{"key":"63569-a7e44773","layer":"power","name":"Dudley River 3 Solar, LLC CSG","state":"MA","detail_file":"data/details/power-plants-24.json","plant_id":"63569","capacity_mw":1.0,"status_group":"Operating","energy_sources":"SUN","type":"Power plant","is_nuclear":false}},{"type":"Feature","geometry":{"type":"Point","coordinates":[-72.0,42.071]},"properties":{"key":"63571-8e3de6d7","layer":"power","name":"Dudley River Solar, LLC CSG","state":"MA","detail_file":"data/details/power-plants-54.json","plant_id":"63571","capacity_mw":1.0,"status_group":"Operating","energy_sources":"SUN","type":"Power plant","is_nuclear":false}},{"type":"Feature","geometry":{"type":"Point","coordinates":[-71.923,42.054]},"properties":{"key":"62201-2bc69f46","layer":"power","name":"Dudley Solar CSG","state":"MA","detail_file":"data/details/power-plants-48.json","plant_id":"62201","capacity_mw":1.9,"status_group":"Operating","energy_sources":"SUN","type":"Power plant","is_nuclear":false}},{"type":"Feature","geometry":{"type":"Point","coordinates":[-71.517,42.666]},"properties":{"key":"64696-335f47b9","layer":"power","name":"Dunstable Solar 1, LLC","state":"MA","detail_file":"data/details/power-plants-59.json","plant_id":"64696","capacity_mw":9.0,"status_group":"Operating","energy_sources":"MWH; SUN","type":"Power plant","is_nuclear":false}},{"type":"Feature","geometry":{"type":"Point","coordinates":[-71.272,42.133]},"properties":{"key":"62324-26d7c215","layer":"power","name":"Dynamic - Walpole","state":"MA","detail_file":"data/details/power-plants-12.json","plant_id":"62324","capacity_mw":2.0,"status_group":"Operating","energy_sources":"SUN","type":"Power plant","is_nuclear":false}},{"type":"Feature","geometry":{"type":"Point","coordinates":[-71.625,42.571]},"properties":{"key":"59032-a901f502","layer":"power","name":"EBZ Solar","state":"MA","detail_file":"data/details/power-plants-59.json","plant_id":"59032","capacity_mw":2.5,"status_group":"Operating","energy_sources":"SUN","type":"Power plant","is_nuclear":false}},{"type":"Feature","geometry":{"type":"Point","coordinates":[-71.665,42.529]},"properties":{"key":"59140-2a30cb2e","layer":"power","name":"EDF Lancaster","state":"MA","detail_file":"data/details/power-plants-56.json","plant_id":"59140","capacity_mw":4.5,"status_group":"Operating","energy_sources":"SUN","type":"Power plant","is_nuclear":false}},{"type":"Feature","geometry":{"type":"Point","coordinates":[-70.982,42.06]},"properties":{"key":"62197-4ecc9fef","layer":"power","name":"East Bridgewater Solar","state":"MA","detail_file":"data/details/power-plants-04.json","plant_id":"62197","capacity_mw":2.3,"status_group":"Operating","energy_sources":"SUN","type":"Power plant","is_nuclear":false}},{"type":"Feature","geometry":{"type":"Point","coordinates":[-71.092,42.01]},"properties":{"key":"59134-a0d079cb","layer":"power","name":"Easton Landfill","state":"MA","detail_file":"data/details/power-plants-25.json","plant_id":"59134","capacity_mw":1.6,"status_group":"Operating","energy_sources":"SUN","type":"Power plant","is_nuclear":false}},{"type":"Feature","geometry":{"type":"Point","coordinates":[-71.753,42.586]},"properties":{"key":"66076-5009ece9","layer":"power","name":"Electric Avenue Lunenburg Solar 1","state":"MA","detail_file":"data/details/power-plants-48.json","plant_id":"66076","capacity_mw":2.0,"status_group":"Operating","energy_sources":"MWH; SUN","type":"Power plant","is_nuclear":false}},{"type":"Feature","geometry":{"type":"Point","coordinates":[-71.142,41.792]},"properties":{"key":"64419-49704e75","layer":"power","name":"Elm Street","state":"MA","detail_file":"data/details/power-plants-48.json","plant_id":"64419","capacity_mw":2.8,"status_group":"Operating","energy_sources":"SUN","type":"Power plant","is_nuclear":false}},{"type":"Feature","geometry":{"type":"Point","coordinates":[-70.715,42.099]},"properties":{"key":"66427-bc40925a","layer":"power","name":"Emerald Marshfields, LLC","state":"MA","detail_file":"data/details/power-plants-08.json","plant_id":"66427","capacity_mw":1.9,"status_group":"Operating","energy_sources":"SUN","type":"Power plant","is_nuclear":false}},{"type":"Feature","geometry":{"type":"Point","coordinates":[-71.022,42.396]},"properties":{"key":"69721-4440babb","layer":"power","name":"Energizar BESS","state":"MA","detail_file":"data/details/power-plants-55.json","plant_id":"69721","capacity_mw":250.0,"status_group":"Under construction","energy_sources":"MWH","type":"Power plant","is_nuclear":false}},{"type":"Feature","geometry":{"type":"Point","coordinates":[-71.215,42.551]},"properties":{"key":"65209-565c711a","layer":"power","name":"Equinix - Billerica","state":"MA","detail_file":"data/details/power-plants-62.json","plant_id":"65209","capacity_mw":1.9,"status_group":"Operating","energy_sources":"NG","type":"Power plant","is_nuclear":false}},{"type":"Feature","geometry":{"type":"Point","coordinates":[-70.656,42.626]},"properties":{"key":"60865-eec6a565","layer":"power","name":"Equity Industrial Turbines","state":"MA","detail_file":"data/details/power-plants-52.json","plant_id":"60865","capacity_mw":4.0,"status_group":"Operating","energy_sources":"WND","type":"Power plant","is_nuclear":false}},{"type":"Feature","geometry":{"type":"Point","coordinates":[-71.398,42.267]},"properties":{"key":"1586-f3b399c4","layer":"power","name":"Exelon Framingham LLC","state":"MA","detail_file":"data/details/power-plants-18.json","plant_id":"1586","capacity_mw":42.6,"status_group":"Operating","energy_sources":"DFO","type":"Power plant","is_nuclear":false}},{"type":"Feature","geometry":{"type":"Point","coordinates":[-71.446,42.14]},"properties":{"key":"1592-531703f8","layer":"power","name":"Exelon Medway LLC","state":"MA","detail_file":"data/details/power-plants-28.json","plant_id":"1592","capacity_mw":135.0,"status_group":"Operating","energy_sources":"DFO","type":"Power plant","is_nuclear":false}},{"type":"Feature","geometry":{"type":"Point","coordinates":[-71.445,42.137]},"properties":{"key":"59882-029eb816","layer":"power","name":"Exelon West Medway II LLC","state":"MA","detail_file":"data/details/power-plants-01.json","plant_id":"59882","capacity_mw":263.6,"status_group":"Operating","energy_sources":"NG","type":"Power plant","is_nuclear":false}},{"type":"Feature","geometry":{"type":"Point","coordinates":[-70.863,41.663]},"properties":{"key":"60423-c62d3aba","layer":"power","name":"Fairhaven C CSG","state":"MA","detail_file":"data/details/power-plants-53.json","plant_id":"60423","capacity_mw":1.6,"status_group":"Operating","energy_sources":"SUN","type":"Power plant","is_nuclear":false}},{"type":"Feature","geometry":{"type":"Point","coordinates":[-70.878,41.666]},"properties":{"key":"64705-398152f5","layer":"power","name":"Fairhaven MA 2","state":"MA","detail_file":"data/details/power-plants-32.json","plant_id":"64705","capacity_mw":2.9,"status_group":"Operating","energy_sources":"SUN","type":"Power plant","is_nuclear":false}},{"type":"Feature","geometry":{"type":"Point","coordinates":[-70.873,41.639]},"properties":{"key":"59725-df899795","layer":"power","name":"Fairhaven Wind","state":"MA","detail_file":"data/details/power-plants-40.json","plant_id":"59725","capacity_mw":3.0,"status_group":"Operating","energy_sources":"WND","type":"Power plant","is_nuclear":false}},{"type":"Feature","geometry":{"type":"Point","coordinates":[-71.115,41.751]},"properties":{"key":"60738-a78f0e10","layer":"power","name":"Fall River Solar CSG","state":"MA","detail_file":"data/details/power-plants-39.json","plant_id":"60738","capacity_mw":2.0,"status_group":"Operating","energy_sources":"SUN","type":"Power plant","is_nuclear":false}},{"type":"Feature","geometry":{"type":"Point","coordinates":[-70.597,41.611]},"properties":{"key":"67149-f910a039","layer":"power","name":"Falmouth 2 Solar","state":"MA","detail_file":"data/details/power-plants-22.json","plant_id":"67149","capacity_mw":1.5,"status_group":"Operating","energy_sources":"SUN","type":"Power plant","is_nuclear":false}},{"type":"Feature","geometry":{"type":"Point","coordinates":[-70.599,41.61]},"properties":{"key":"61562-60ebfec7","layer":"power","name":"Falmouth Landfill Solar","state":"MA","detail_file":"data/details/power-plants-08.json","plant_id":"61562","capacity_mw":3.0,"status_group":"Operating","energy_sources":"SUN","type":"Power plant","is_nuclear":false}},{"type":"Feature","geometry":{"type":"Point","coordinates":[-72.0,42.1]},"properties":{"key":"61294-b3052fa8","layer":"power","name":"Farley Road Community Solar","state":"MA","detail_file":"data/details/power-plants-35.json","plant_id":"61294","capacity_mw":1.9,"status_group":"Operating","energy_sources":"SUN","type":"Power plant","is_nuclear":false}},{"type":"Feature","geometry":{"type":"Point","coordinates":[-70.99,41.673]},"properties":{"key":"65669-361b8dac","layer":"power","name":"Faunce Corner Community Solar","state":"MA","detail_file":"data/details/power-plants-19.json","plant_id":"65669","capacity_mw":2.0,"status_group":"Operating","energy_sources":"MWH; SUN","type":"Power plant","is_nuclear":false}},{"type":"Feature","geometry":{"type":"Point","coordinates":[-70.896,41.761]},"properties":{"key":"68217-843a5b7b","layer":"power","name":"Featherbed Lane South Solar","state":"MA","detail_file":"data/details/power-plants-19.json","plant_id":"68217","capacity_mw":2.0,"status_group":"Under construction","energy_sources":"MWH; SUN","type":"Power plant","is_nuclear":false}},{"type":"Feature","geometry":{"type":"Point","coordinates":[-70.726,41.807]},"properties":{"key":"60065-26fe0357","layer":"power","name":"Federal Road Solar 1, LLC CSG","state":"MA","detail_file":"data/details/power-plants-40.json","plant_id":"60065","capacity_mw":4.4,"status_group":"Operating","energy_sources":"SUN","type":"Power plant","is_nuclear":false}},{"type":"Feature","geometry":{"type":"Point","coordinates":[-71.018,41.593]},"properties":{"key":"60075-3b2ce1da","layer":"power","name":"Fisher Road Solar","state":"MA","detail_file":"data/details/power-plants-31.json","plant_id":"60075","capacity_mw":4.6,"status_group":"Operating","energy_sources":"SUN","type":"Power plant","is_nuclear":false}},{"type":"Feature","geometry":{"type":"Point","coordinates":[-71.848,42.535]},"properties":{"key":"56527-ebf42918","layer":"power","name":"Fitchburg Gas Recovery","state":"MA","detail_file":"data/details/power-plants-45.json","plant_id":"56527","capacity_mw":4.8,"status_group":"Operating","energy_sources":"LFG","type":"Power plant","is_nuclear":false}},{"type":"Feature","geometry":{"type":"Point","coordinates":[-71.796,42.604]},"properties":{"key":"64045-956cf3d5","layer":"power","name":"Fitchburg Renewables","state":"MA","detail_file":"data/details/power-plants-54.json","plant_id":"64045","capacity_mw":4.0,"status_group":"Operating","energy_sources":"SUN","type":"Power plant","is_nuclear":false}},{"type":"Feature","geometry":{"type":"Point","coordinates":[-70.966,42.242]},"properties":{"key":"55317-b5ac9add","layer":"power","name":"Fore River Generating Station","state":"MA","detail_file":"data/details/power-plants-34.json","plant_id":"55317","capacity_mw":872.2,"status_group":"Operating","energy_sources":"NG","type":"Power plant","is_nuclear":false}},{"type":"Feature","geometry":{"type":"Point","coordinates":[-71.436,42.298]},"properties":{"key":"59717-c175a690","layer":"power","name":"Framingham State University Plant","state":"MA","detail_file":"data/details/power-plants-41.json","plant_id":"59717","capacity_mw":3.2,"status_group":"Operating","energy_sources":"DFO; SUN","type":"Power plant","is_nuclear":false}},{"type":"Feature","geometry":{"type":"Point","coordinates":[-71.394,42.041]},"properties":{"key":"59178-ca4fb933","layer":"power","name":"Franklin 1","state":"MA","detail_file":"data/details/power-plants-26.json","plant_id":"59178","capacity_mw":3.0,"status_group":"Operating","energy_sources":"SUN","type":"Power plant","is_nuclear":false}},{"type":"Feature","geometry":{"type":"Point","coordinates":[-71.392,42.054]},"properties":{"key":"59179-5b40cf78","layer":"power","name":"Franklin 2","state":"MA","detail_file":"data/details/power-plants-37.json","plant_id":"59179","capacity_mw":4.0,"status_group":"Operating","energy_sources":"SUN","type":"Power plant","is_nuclear":false}},{"type":"Feature","geometry":{"type":"Point","coordinates":[-70.968,41.761]},"properties":{"key":"67367-8a214bdc","layer":"power","name":"Freetown MA 1, LLC","state":"MA","detail_file":"data/details/power-plants-14.json","plant_id":"67367","capacity_mw":1.0,"status_group":"Operating","energy_sources":"SUN","type":"Power plant","is_nuclear":false}},{"type":"Feature","geometry":{"type":"Point","coordinates":[-70.981,41.766]},"properties":{"key":"58283-d5a83c5e","layer":"power","name":"Freetown Solar","state":"MA","detail_file":"data/details/power-plants-63.json","plant_id":"58283","capacity_mw":4.5,"status_group":"Operating","energy_sources":"SUN","type":"Power plant","is_nuclear":false}},{"type":"Feature","geometry":{"type":"Point","coordinates":[-70.616,41.774]},"properties":{"key":"59622-437db686","layer":"power","name":"Future Generation Wind","state":"MA","detail_file":"data/details/power-plants-41.json","plant_id":"59622","capacity_mw":8.0,"status_group":"Operating","energy_sources":"WND","type":"Power plant","is_nuclear":false}},{"type":"Feature","geometry":{"type":"Point","coordinates":[-71.5,42.262]},"properties":{"key":"61539-472ae8f6","layer":"power","name":"GELD Solar Farm","state":"MA","detail_file":"data/details/power-plants-25.json","plant_id":"61539","capacity_mw":2.3,"status_group":"Operating","energy_sources":"SUN","type":"Power plant","is_nuclear":false}},{"type":"Feature","geometry":{"type":"Point","coordinates":[-71.541,42.486]},"properties":{"key":"62890-f2604e5c","layer":"power","name":"GSPP Boxborough Littleton (MA)","state":"MA","detail_file":"data/details/power-plants-63.json","plant_id":"62890","capacity_mw":4.0,"status_group":"Operating","energy_sources":"SUN","type":"Power plant","is_nuclear":false}},{"type":"Feature","geometry":{"type":"Point","coordinates":[-71.586,42.544]},"properties":{"key":"62824-fd2b2a4b","layer":"power","name":"GSPP Devens, LLC","state":"MA","detail_file":"data/details/power-plants-15.json","plant_id":"62824","capacity_mw":2.2,"status_group":"Operating","energy_sources":"SUN","type":"Power plant","is_nuclear":false}},{"type":"Feature","geometry":{"type":"Point","coordinates":[-71.318,41.927]},"properties":{"key":"67469-a27f710a","layer":"power","name":"GSPP NESV, LLC","state":"MA","detail_file":"data/details/power-plants-13.json","plant_id":"67469","capacity_mw":1.1,"status_group":"Operating","energy_sources":"SUN","type":"Power plant","is_nuclear":false}},{"type":"Feature","geometry":{"type":"Point","coordinates":[-71.06,41.93]},"properties":{"key":"62826-6ad987e2","layer":"power","name":"GSPP Raynham TMLP, LLC CSG","state":"MA","detail_file":"data/details/power-plants-11.json","plant_id":"62826","capacity_mw":2.3,"status_group":"Operating","energy_sources":"SUN","type":"Power plant","is_nuclear":false}},{"type":"Feature","geometry":{"type":"Point","coordinates":[-71.8,42.289]},"properties":{"key":"70060-8abd4dc9","layer":"power","name":"GSPP Worcester Business Center, LLC","state":"MA","detail_file":"data/details/power-plants-09.json","plant_id":"70060","capacity_mw":1.5,"status_group":"Operating","energy_sources":"SUN","type":"Power plant","is_nuclear":false}},{"type":"Feature","geometry":{"type":"Point","coordinates":[-70.974,42.45]},"properties":{"key":"10029-e8a88af2","layer":"power","name":"General Electric Aircraft Engines","state":"MA","detail_file":"data/details/power-plants-04.json","plant_id":"10029","capacity_mw":1.5,"status_group":"Operating","energy_sources":"SUN","type":"Power plant","is_nuclear":false}},{"type":"Feature","geometry":{"type":"Point","coordinates":[-71.056,42.344]},"properties":{"key":"54225-c0c13d54","layer":"power","name":"Gillette SBMC","state":"MA","detail_file":"data/details/power-plants-09.json","plant_id":"54225","capacity_mw":14.2,"status_group":"Operating","energy_sources":"DFO; NG","type":"Power plant","is_nuclear":false}},{"type":"Feature","geometry":{"type":"Point","coordinates":[-72.0,42.4]},"properties":{"key":"61315-4484cc13","layer":"power","name":"Golden Hills Solar","state":"MA","detail_file":"data/details/power-plants-29.json","plant_id":"61315","capacity_mw":4.7,"status_group":"Operating","energy_sources":"SUN","type":"Power plant","is_nuclear":false}},{"type":"Feature","geometry":{"type":"Point","coordinates":[-71.663,42.226]},"properties":{"key":"61341-3070e2e1","layer":"power","name":"Grafton PV","state":"MA","detail_file":"data/details/power-plants-22.json","plant_id":"61341","capacity_mw":2.7,"status_group":"Operating","energy_sources":"SUN","type":"Power plant","is_nuclear":false}},{"type":"Feature","geometry":{"type":"Point","coordinates":[-71.679,42.199]},"properties":{"key":"59394-68baccbe","layer":"power","name":"Grafton Solar","state":"MA","detail_file":"data/details/power-plants-51.json","plant_id":"59394","capacity_mw":1.5,"status_group":"Operating","energy_sources":"SUN","type":"Power plant","is_nuclear":false}},{"type":"Feature","geometry":{"type":"Point","coordinates":[-70.978,41.725]},"properties":{"key":"61702-064a91cf","layer":"power","name":"Greater New Bedford LFG Utiliz. Facility","state":"MA","detail_file":"data/details/power-plants-54.json","plant_id":"61702","capacity_mw":3.3,"status_group":"Operating","energy_sources":"LFG","type":"Power plant","is_nuclear":false}},{"type":"Feature","geometry":{"type":"Point","coordinates":[-70.532,41.669]},"properties":{"key":"58097-64e6fa82","layer":"power","name":"Green Meadows","state":"MA","detail_file":"data/details/power-plants-12.json","plant_id":"58097","capacity_mw":3.5,"status_group":"Operating","energy_sources":"SUN","type":"Power plant","is_nuclear":false}},{"type":"Feature","geometry":{"type":"Point","coordinates":[-71.999,42.146]},"properties":{"key":"65719-c9287ebb","layer":"power","name":"Griffin Road Solar 2","state":"MA","detail_file":"data/details/power-plants-45.json","plant_id":"65719","capacity_mw":1.4,"status_group":"Operating","energy_sources":"SUN","type":"Power plant","is_nuclear":false}},{"type":"Feature","geometry":{"type":"Point","coordinates":[-71.539,42.609]},"properties":{"key":"67185-2c4c1cef","layer":"power","name":"Groton BESS 1","state":"MA","detail_file":"data/details/power-plants-56.json","plant_id":"67185","capacity_mw":2.0,"status_group":"Operating","energy_sources":"MWH","type":"Power plant","is_nuclear":false}},{"type":"Feature","geometry":{"type":"Point","coordinates":[-71.578,42.616]},"properties":{"key":"67162-b5214fce","layer":"power","name":"Groton BESS 2","state":"MA","detail_file":"data/details/power-plants-51.json","plant_id":"67162","capacity_mw":2.0,"status_group":"Operating","energy_sources":"MWH","type":"Power plant","is_nuclear":false}},{"type":"Feature","geometry":{"type":"Point","coordinates":[-71.037,42.751]},"properties":{"key":"57989-61431e4f","layer":"power","name":"Groveland Solar","state":"MA","detail_file":"data/details/power-plants-53.json","plant_id":"57989","capacity_mw":3.2,"status_group":"Operating","energy_sources":"SUN","type":"Power plant","is_nuclear":false}},{"type":"Feature","geometry":{"type":"Point","coordinates":[-70.844,41.995]},"properties":{"key":"65083-5bf7f7e2","layer":"power","name":"Halifax Solar","state":"MA","detail_file":"data/details/power-plants-55.json","plant_id":"65083","capacity_mw":2.5,"status_group":"Operating","energy_sources":"SUN","type":"Power plant","is_nuclear":false}},{"type":"Feature","geometry":{"type":"Point","coordinates":[-70.092,41.696]},"properties":{"key":"59078-9d62a90d","layer":"power","name":"Harwich Landfill","state":"MA","detail_file":"data/details/power-plants-08.json","plant_id":"59078","capacity_mw":4.0,"status_group":"Operating","energy_sources":"SUN","type":"Power plant","is_nuclear":false}},{"type":"Feature","geometry":{"type":"Point","coordinates":[-71.093,42.781]},"properties":{"key":"57269-9b727952","layer":"power","name":"Haverhill Solar Power Project","state":"MA","detail_file":"data/details/power-plants-61.json","plant_id":"57269","capacity_mw":1.0,"status_group":"Operating","energy_sources":"SUN","type":"Power plant","is_nuclear":false}},{"type":"Feature","geometry":{"type":"Point","coordinates":[-71.183,42.625]},"properties":{"key":"60099-da84d18c","layer":"power","name":"Hewlett-Packard (HP) - Andover, MA","state":"MA","detail_file":"data/details/power-plants-30.json","plant_id":"60099","capacity_mw":1.7,"status_group":"Operating","energy_sources":"SUN","type":"Power plant","is_nuclear":false}},{"type":"Feature","geometry":{"type":"Point","coordinates":[-70.87,42.699]},"properties":{"key":"1670-da838e1e","layer":"power","name":"High Street Station","state":"MA","detail_file":"data/details/power-plants-30.json","plant_id":"1670","capacity_mw":10.9,"status_group":"Operating","energy_sources":"DFO; NG","type":"Power plant","is_nuclear":false}},{"type":"Feature","geometry":{"type":"Point","coordinates":[-71.839,42.339]},"properties":{"key":"67186-d8438b27","layer":"power","name":"Holden BESS 1","state":"MA","detail_file":"data/details/power-plants-07.json","plant_id":"67186","capacity_mw":5.0,"status_group":"Operating","energy_sources":"MWH","type":"Power plant","is_nuclear":false}},{"type":"Feature","geometry":{"type":"Point","coordinates":[-71.413,42.212]},"properties":{"key":"65184-beade76f","layer":"power","name":"Holliston LLC","state":"MA","detail_file":"data/details/power-plants-21.json","plant_id":"65184","capacity_mw":1.5,"status_group":"Operating","energy_sources":"SUN","type":"Power plant","is_nuclear":false}},{"type":"Feature","geometry":{"type":"Point","coordinates":[-71.468,42.17]},"properties":{"key":"60731-14042bcd","layer":"power","name":"Holliston Solar CSG","state":"MA","detail_file":"data/details/power-plants-28.json","plant_id":"60731","capacity_mw":1.0,"status_group":"Operating","energy_sources":"SUN","type":"Power plant","is_nuclear":false}},{"type":"Feature","geometry":{"type":"Point","coordinates":[-71.532,42.203]},"properties":{"key":"62760-5aeba7f2","layer":"power","name":"Hopkinton CSG","state":"MA","detail_file":"data/details/power-plants-03.json","plant_id":"62760","capacity_mw":2.0,"status_group":"Operating","energy_sources":"SUN","type":"Power plant","is_nuclear":false}},{"type":"Feature","geometry":{"type":"Point","coordinates":[-71.541,42.404]},"properties":{"key":"64110-24504048","layer":"power","name":"Hudson","state":"MA","detail_file":"data/details/power-plants-08.json","plant_id":"64110","capacity_mw":5.0,"status_group":"Operating","energy_sources":"SUN","type":"Power plant","is_nuclear":false}},{"type":"Feature","geometry":{"type":"Point","coordinates":[-70.96,42.83]},"properties":{"key":"59927-7a4ae594","layer":"power","name":"Hunt Road Solar","state":"MA","detail_file":"data/details/power-plants-48.json","plant_id":"59927","capacity_mw":4.5,"status_group":"Operating","energy_sources":"SUN","type":"Power plant","is_nuclear":false}},{"type":"Feature","geometry":{"type":"Point","coordinates":[-71.593,42.025]},"properties":{"key":"63468-6ed77dce","layer":"power","name":"Hurteau Solar Project Hybrid","state":"MA","detail_file":"data/details/power-plants-30.json","plant_id":"63468","capacity_mw":3.3,"status_group":"Operating","energy_sources":"MWH; SUN","type":"Power plant","is_nuclear":false}},{"type":"Feature","geometry":{"type":"Point","coordinates":[-71.169,41.817]},"properties":{"key":"63562-f2fd58ef","layer":"power","name":"ISM Solar Dighton 2, LLC CSG","state":"MA","detail_file":"data/details/power-plants-61.json","plant_id":"63562","capacity_mw":2.0,"status_group":"Operating","energy_sources":"SUN","type":"Power plant","is_nuclear":false}},{"type":"Feature","geometry":{"type":"Point","coordinates":[-70.911,42.579]},"properties":{"key":"64382-3c61967f","layer":"power","name":"IXYS - Beverly","state":"MA","detail_file":"data/details/power-plants-27.json","plant_id":"64382","capacity_mw":2.7,"status_group":"Operating","energy_sources":"DFO; NG","type":"Power plant","is_nuclear":false}},{"type":"Feature","geometry":{"type":"Point","coordinates":[-71.942,42.599]},"properties":{"key":"58934-4efcd8a0","layer":"power","name":"Integrys MA Solar, LLC - Ashburnham Site","state":"MA","detail_file":"data/details/power-plants-40.json","plant_id":"58934","capacity_mw":2.9,"status_group":"Operating","energy_sources":"SUN","type":"Power plant","is_nuclear":false}},{"type":"Feature","geometry":{"type":"Point","coordinates":[-70.842,42.716]},"properties":{"key":"69603-c7364ec1","layer":"power","name":"Ipswich MA BESS 1","state":"MA","detail_file":"data/details/power-plants-39.json","plant_id":"69603","capacity_mw":5.0,"status_group":"Under construction","energy_sources":"MWH","type":"Power plant","is_nuclear":false}},{"type":"Feature","geometry":{"type":"Point","coordinates":[-70.842,42.716]},"properties":{"key":"57855-ff49da4a","layer":"power","name":"Ipswich Wind Turbine","state":"MA","detail_file":"data/details/power-plants-43.json","plant_id":"57855","capacity_mw":1.6,"status_group":"Operating","energy_sources":"WND","type":"Power plant","is_nuclear":false}},{"type":"Feature","geometry":{"type":"Point","coordinates":[-71.26,42.58]},"properties":{"key":"60799-919eb1f8","layer":"power","name":"Iron Horse Solar 4, LLC","state":"MA","detail_file":"data/details/power-plants-22.json","plant_id":"60799","capacity_mw":4.5,"status_group":"Operating","energy_sources":"SUN","type":"Power plant","is_nuclear":false}},{"type":"Feature","geometry":{"type":"Point","coordinates":[-71.246,42.583]},"properties":{"key":"60855-06d19e1f","layer":"power","name":"Iron Horse Solar I CSG","state":"MA","detail_file":"data/details/power-plants-11.json","plant_id":"60855","capacity_mw":2.9,"status_group":"Operating","energy_sources":"SUN","type":"Power plant","is_nuclear":false}},{"type":"Feature","geometry":{"type":"Point","coordinates":[-71.815,42.104]},"properties":{"key":"64573-023e0e1b","layer":"power","name":"Joe Jenny","state":"MA","detail_file":"data/details/power-plants-30.json","plant_id":"64573","capacity_mw":1.0,"status_group":"Operating","energy_sources":"SUN","type":"Power plant","is_nuclear":false}},{"type":"Feature","geometry":{"type":"Point","coordinates":[-70.517,41.361]},"properties":{"key":"59079-ed95afc3","layer":"power","name":"Katama Farm","state":"MA","detail_file":"data/details/power-plants-25.json","plant_id":"59079","capacity_mw":1.0,"status_group":"Operating","energy_sources":"SUN","type":"Power plant","is_nuclear":false}},{"type":"Feature","geometry":{"type":"Point","coordinates":[-70.881,42.565]},"properties":{"key":"65950-9db06a5d","layer":"power","name":"Kearsarge 100 Sohier Rd","state":"MA","detail_file":"data/details/power-plants-21.json","plant_id":"65950","capacity_mw":3.8,"status_group":"Operating","energy_sources":"MWH; SUN","type":"Power plant","is_nuclear":false}},{"type":"Feature","geometry":{"type":"Point","coordinates":[-70.903,41.716]},"properties":{"key":"65690-1b4f7b0d","layer":"power","name":"Kearsarge Acushnet","state":"MA","detail_file":"data/details/power-plants-42.json","plant_id":"65690","capacity_mw":1.9,"status_group":"Operating","energy_sources":"SUN","type":"Power plant","is_nuclear":false}},{"type":"Feature","geometry":{"type":"Point","coordinates":[-70.939,42.837]},"properties":{"key":"63398-0d5c147d","layer":"power","name":"Kearsarge Amesbury Hybrid","state":"MA","detail_file":"data/details/power-plants-08.json","plant_id":"63398","capacity_mw":4.9,"status_group":"Operating","energy_sources":"MWH; SUN","type":"Power plant","is_nuclear":false}},{"type":"Feature","geometry":{"type":"Point","coordinates":[-71.459,42.071]},"properties":{"key":"61373-19cc9884","layer":"power","name":"Kearsarge Bellingham PV","state":"MA","detail_file":"data/details/power-plants-43.json","plant_id":"61373","capacity_mw":2.9,"status_group":"Operating","energy_sources":"SUN","type":"Power plant","is_nuclear":false}},{"type":"Feature","geometry":{"type":"Point","coordinates":[-71.42,42.449]},"properties":{"key":"61814-eb237943","layer":"power","name":"Kearsarge Concord II","state":"MA","detail_file":"data/details/power-plants-07.json","plant_id":"61814","capacity_mw":4.5,"status_group":"Operating","energy_sources":"SUN","type":"Power plant","is_nuclear":false}},{"type":"Feature","geometry":{"type":"Point","coordinates":[-71.047,42.753]},"properties":{"key":"64618-9d9822fa","layer":"power","name":"Kearsarge Haverhill","state":"MA","detail_file":"data/details/power-plants-13.json","plant_id":"64618","capacity_mw":4.8,"status_group":"Operating","energy_sources":"MWH; SUN","type":"Power plant","is_nuclear":false}},{"type":"Feature","geometry":{"type":"Point","coordinates":[-71.136,42.554]},"properties":{"key":"68475-3a0d7ecf","layer":"power","name":"Kearsarge Riverpark I LLC","state":"MA","detail_file":"data/details/power-plants-40.json","plant_id":"68475","capacity_mw":5.0,"status_group":"Operating","energy_sources":"MWH","type":"Power plant","is_nuclear":false}},{"type":"Feature","geometry":{"type":"Point","coordinates":[-71.136,42.554]},"properties":{"key":"68476-bb170e18","layer":"power","name":"Kearsarge Riverpark II LLC","state":"MA","detail_file":"data/details/power-plants-47.json","plant_id":"68476","capacity_mw":5.0,"status_group":"Operating","energy_sources":"MWH","type":"Power plant","is_nuclear":false}},{"type":"Feature","geometry":{"type":"Point","coordinates":[-71.391,42.05]},"properties":{"key":"64619-f8d6b292","layer":"power","name":"Kearsarge Upper Union","state":"MA","detail_file":"data/details/power-plants-13.json","plant_id":"64619","capacity_mw":1.8,"status_group":"Operating","energy_sources":"MWH; SUN","type":"Power plant","is_nuclear":false}},{"type":"Feature","geometry":{"type":"Point","coordinates":[-71.598,42.103]},"properties":{"key":"62552-c983e405","layer":"power","name":"Kearsarge Uxbridge","state":"MA","detail_file":"data/details/power-plants-55.json","plant_id":"62552","capacity_mw":1.9,"status_group":"Operating","energy_sources":"SUN","type":"Power plant","is_nuclear":false}},{"type":"Feature","geometry":{"type":"Point","coordinates":[-71.492,42.082]},"properties":{"key":"64617-87a8dda6","layer":"power","name":"Kearsarge William Way","state":"MA","detail_file":"data/details/power-plants-46.json","plant_id":"64617","capacity_mw":7.0,"status_group":"Operating","energy_sources":"MWH; SUN","type":"Power plant","is_nuclear":false}},{"type":"Feature","geometry":{"type":"Point","coordinates":[-71.137,42.561]},"properties":{"key":"62559-13cbf57e","layer":"power","name":"Kearsarge Wilmington","state":"MA","detail_file":"data/details/power-plants-56.json","plant_id":"62559","capacity_mw":1.6,"status_group":"Operating","energy_sources":"SUN","type":"Power plant","is_nuclear":false}},{"type":"Feature","geometry":{"type":"Point","coordinates":[-71.079,42.363]},"properties":{"key":"1595-8bf3fe0b","layer":"power","name":"Kendall Square Station","state":"MA","detail_file":"data/details/power-plants-50.json","plant_id":"1595","capacity_mw":234.7,"status_group":"Operating","energy_sources":"DFO; NG","type":"Power plant","is_nuclear":false}},{"type":"Feature","geometry":{"type":"Point","coordinates":[-71.203,42.016]},"properties":{"key":"64137-38862c08","layer":"power","name":"Kenmare - Mansfield Branch Street","state":"MA","detail_file":"data/details/power-plants-61.json","plant_id":"64137","capacity_mw":1.5,"status_group":"Operating","energy_sources":"SUN","type":"Power plant","is_nuclear":false}},{"type":"Feature","geometry":{"type":"Point","coordinates":[-70.958,41.865]},"properties":{"key":"63672-2b136903","layer":"power","name":"Lakeville Solar","state":"MA","detail_file":"data/details/power-plants-28.json","plant_id":"63672","capacity_mw":2.7,"status_group":"Operating","energy_sources":"SUN","type":"Power plant","is_nuclear":false}},{"type":"Feature","geometry":{"type":"Point","coordinates":[-71.165,42.699]},"properties":{"key":"50545-348b6f97","layer":"power","name":"Lawrence Hydroelectric Associates","state":"MA","detail_file":"data/details/power-plants-23.json","plant_id":"50545","capacity_mw":14.8,"status_group":"Operating","energy_sources":"WAT","type":"Power plant","is_nuclear":false}},{"type":"Feature","geometry":{"type":"Point","coordinates":[-71.879,42.223]},"properties":{"key":"58282-4e767057","layer":"power","name":"Leicester One MA Solar LLC","state":"MA","detail_file":"data/details/power-plants-16.json","plant_id":"58282","capacity_mw":4.8,"status_group":"Operating","energy_sources":"SUN","type":"Power plant","is_nuclear":false}},{"type":"Feature","geometry":{"type":"Point","coordinates":[-71.755,42.562]},"properties":{"key":"60073-25741301","layer":"power","name":"Leominster","state":"MA","detail_file":"data/details/power-plants-32.json","plant_id":"60073","capacity_mw":2.0,"status_group":"Operating","energy_sources":"SUN","type":"Power plant","is_nuclear":false}},{"type":"Feature","geometry":{"type":"Point","coordinates":[-71.177,42.606]},"properties":{"key":"59745-29d0197b","layer":"power","name":"Leominster (MA)-South Street-R&D","state":"MA","detail_file":"data/details/power-plants-50.json","plant_id":"59745","capacity_mw":2.9,"status_group":"Operating","energy_sources":"SUN","type":"Power plant","is_nuclear":false}},{"type":"Feature","geometry":{"type":"Point","coordinates":[-70.558,41.857]},"properties":{"key":"59085-470a0ef4","layer":"power","name":"Lepomis PV Energy LLC","state":"MA","detail_file":"data/details/power-plants-14.json","plant_id":"59085","capacity_mw":4.5,"status_group":"Operating","energy_sources":"SUN","type":"Power plant","is_nuclear":false}},{"type":"Feature","geometry":{"type":"Point","coordinates":[-71.997,42.175]},"properties":{"key":"67210-efe1ecc3","layer":"power","name":"Lilly Lane","state":"MA","detail_file":"data/details/power-plants-33.json","plant_id":"67210","capacity_mw":1.0,"status_group":"Operating","energy_sources":"SUN","type":"Power plant","is_nuclear":false}},{"type":"Feature","geometry":{"type":"Point","coordinates":[-71.353,42.627]},"properties":{"key":"59873-ec646088","layer":"power","name":"Lowell Solar Landfill","state":"MA","detail_file":"data/details/power-plants-26.json","plant_id":"59873","capacity_mw":1.3,"status_group":"Operating","energy_sources":"SUN","type":"Power plant","is_nuclear":false}},{"type":"Feature","geometry":{"type":"Point","coordinates":[-71.031,42.339]},"properties":{"key":"10176-392b46d5","layer":"power","name":"M Street Jet","state":"MA","detail_file":"data/details/power-plants-06.json","plant_id":"10176","capacity_mw":69.0,"status_group":"Operating","energy_sources":"KER","type":"Power plant","is_nuclear":false}},{"type":"Feature","geometry":{"type":"Point","coordinates":[-70.889,41.703]},"properties":{"key":"66513-ca74ba5d","layer":"power","name":"MA Acushnet 540R Main St","state":"MA","detail_file":"data/details/power-plants-21.json","plant_id":"66513","capacity_mw":6.0,"status_group":"Under construction","energy_sources":"MWH; SUN","type":"Power plant","is_nuclear":false}},{"type":"Feature","geometry":{"type":"Point","coordinates":[-71.528,42.026]},"properties":{"key":"66474-a91f865f","layer":"power","name":"MA Blackstone","state":"MA","detail_file":"data/details/power-plants-51.json","plant_id":"66474","capacity_mw":7.2,"status_group":"Operating","energy_sources":"MWH; SUN","type":"Power plant","is_nuclear":false}},{"type":"Feature","geometry":{"type":"Point","coordinates":[-71.623,42.071]},"properties":{"key":"65362-122523c4","layer":"power","name":"MA CS Uxbridge Community Solar","state":"MA","detail_file":"data/details/power-plants-54.json","plant_id":"65362","capacity_mw":4.0,"status_group":"Operating","energy_sources":"SUN","type":"Power plant","is_nuclear":false}},{"type":"Feature","geometry":{"type":"Point","coordinates":[-70.594,41.665]},"properties":{"key":"57253-ff569b54","layer":"power","name":"MA Military Reservation Wind Project","state":"MA","detail_file":"data/details/power-plants-37.json","plant_id":"57253","capacity_mw":4.5,"status_group":"Operating","energy_sources":"WND","type":"Power plant","is_nuclear":false}},{"type":"Feature","geometry":{"type":"Point","coordinates":[-71.743,42.451]},"properties":{"key":"61730-7800191e","layer":"power","name":"MA Solar Storage 1 Hybrid","state":"MA","detail_file":"data/details/power-plants-25.json","plant_id":"61730","capacity_mw":2.1,"status_group":"Operating","energy_sources":"MWH; SUN","type":"Power plant","is_nuclear":false}},{"type":"Feature","geometry":{"type":"Point","coordinates":[-71.16,41.834]},"properties":{"key":"65646-a4f18462","layer":"power","name":"MA-Dighton-A","state":"MA","detail_file":"data/details/power-plants-13.json","plant_id":"65646","capacity_mw":3.8,"status_group":"Operating","energy_sources":"SUN","type":"Power plant","is_nuclear":false}},{"type":"Feature","geometry":{"type":"Point","coordinates":[-71.599,42.544]},"properties":{"key":"61350-b8841dab","layer":"power","name":"MDFA Devens-Saratoga","state":"MA","detail_file":"data/details/power-plants-06.json","plant_id":"61350","capacity_mw":2.5,"status_group":"Operating","energy_sources":"SUN","type":"Power plant","is_nuclear":false}},{"type":"Feature","geometry":{"type":"Point","coordinates":[-70.928,42.543]},"properties":{"key":"63559-163ea847","layer":"power","name":"MMWEC Simple Cycle Gas Turbine","state":"MA","detail_file":"data/details/power-plants-15.json","plant_id":"63559","capacity_mw":65.0,"status_group":"Operating","energy_sources":"NG","type":"Power plant","is_nuclear":false}},{"type":"Feature","geometry":{"type":"Point","coordinates":[-71.164,41.878]},"properties":{"key":"66417-d3028475","layer":"power","name":"Manheim New England","state":"MA","detail_file":"data/details/power-plants-52.json","plant_id":"66417","capacity_mw":2.5,"status_group":"Operating","energy_sources":"SUN","type":"Power plant","is_nuclear":false}},{"type":"Feature","geometry":{"type":"Point","coordinates":[-71.264,42.063]},"properties":{"key":"64731-77256cd2","layer":"power","name":"Maple(CSG)","state":"MA","detail_file":"data/details/power-plants-40.json","plant_id":"64731","capacity_mw":6.3,"status_group":"Operating","energy_sources":"MWH; SUN","type":"Power plant","is_nuclear":false}},{"type":"Feature","geometry":{"type":"Point","coordinates":[-70.709,42.112]},"properties":{"key":"58410-cec637ac","layer":"power","name":"Marshfield PV","state":"MA","detail_file":"data/details/power-plants-27.json","plant_id":"58410","capacity_mw":3.0,"status_group":"Operating","energy_sources":"SUN","type":"Power plant","is_nuclear":false}},{"type":"Feature","geometry":{"type":"Point","coordinates":[-70.399,41.663]},"properties":{"key":"68950-b7326c73","layer":"power","name":"Marston Mills Solar","state":"MA","detail_file":"data/details/power-plants-12.json","plant_id":"68950","capacity_mw":8.0,"status_group":"Operating","energy_sources":"MWH; SUN","type":"Power plant","is_nuclear":false}},{"type":"Feature","geometry":{"type":"Point","coordinates":[-70.478,41.63]},"properties":{"key":"59980-fb3edfa5","layer":"power","name":"Mashpee Landfill Solar","state":"MA","detail_file":"data/details/power-plants-38.json","plant_id":"59980","capacity_mw":1.5,"status_group":"Operating","energy_sources":"SUN","type":"Power plant","is_nuclear":false}},{"type":"Feature","geometry":{"type":"Point","coordinates":[-71.094,42.361]},"properties":{"key":"54907-7f4b6955","layer":"power","name":"Mass Inst Tech Cntrl Utilities/Cogen Plt","state":"MA","detail_file":"data/details/power-plants-11.json","plant_id":"54907","capacity_mw":43.4,"status_group":"Operating","energy_sources":"NG","type":"Power plant","is_nuclear":false}},{"type":"Feature","geometry":{"type":"Point","coordinates":[-71.878,42.22]},"properties":{"key":"58279-7c500dda","layer":"power","name":"Mass Midstate Solar 1","state":"MA","detail_file":"data/details/power-plants-39.json","plant_id":"58279","capacity_mw":5.0,"status_group":"Operating","energy_sources":"SUN","type":"Power plant","is_nuclear":false}},{"type":"Feature","geometry":{"type":"Point","coordinates":[-71.879,42.22]},"properties":{"key":"58275-5d68cad7","layer":"power","name":"Mass Midstate Solar 3","state":"MA","detail_file":"data/details/power-plants-27.json","plant_id":"58275","capacity_mw":4.0,"status_group":"Operating","energy_sources":"SUN","type":"Power plant","is_nuclear":false}},{"type":"Feature","geometry":{"type":"Point","coordinates":[-71.436,42.428]},"properties":{"key":"58412-35e076c1","layer":"power","name":"Maynard PV","state":"MA","detail_file":"data/details/power-plants-43.json","plant_id":"58412","capacity_mw":1.0,"status_group":"Operating","energy_sources":"SUN","type":"Power plant","is_nuclear":false}},{"type":"Feature","geometry":{"type":"Point","coordinates":[-71.133,42.23]},"properties":{"key":"60756-887f69ec","layer":"power","name":"Meadow Solar","state":"MA","detail_file":"data/details/power-plants-16.json","plant_id":"60756","capacity_mw":3.0,"status_group":"Operating","energy_sources":"SUN","type":"Power plant","is_nuclear":false}},{"type":"Feature","geometry":{"type":"Point","coordinates":[-71.108,42.337]},"properties":{"key":"10883-238d8c1a","layer":"power","name":"Medical Area Total Energy Plant","state":"MA","detail_file":"data/details/power-plants-31.json","plant_id":"10883","capacity_mw":94.8,"status_group":"Operating","energy_sources":"DFO; NG","type":"Power plant","is_nuclear":false}},{"type":"Feature","geometry":{"type":"Point","coordinates":[-71.447,42.145]},"properties":{"key":"69720-5ba45835","layer":"power","name":"Medway Grid","state":"MA","detail_file":"data/details/power-plants-33.json","plant_id":"69720","capacity_mw":250.0,"status_group":"Operating","energy_sources":"MWH","type":"Power plant","is_nuclear":false}},{"type":"Feature","geometry":{"type":"Point","coordinates":[-71.502,42.097]},"properties":{"key":"64575-f6e71030","layer":"power","name":"Mendon","state":"MA","detail_file":"data/details/power-plants-37.json","plant_id":"64575","capacity_mw":2.6,"status_group":"Operating","energy_sources":"SUN","type":"Power plant","is_nuclear":false}},{"type":"Feature","geometry":{"type":"Point","coordinates":[-70.992,42.833]},"properties":{"key":"58561-a30a69be","layer":"power","name":"Merrimac Solar","state":"MA","detail_file":"data/details/power-plants-53.json","plant_id":"58561","capacity_mw":1.5,"status_group":"Operating","energy_sources":"SUN","type":"Power plant","is_nuclear":false}},{"type":"Feature","geometry":{"type":"Point","coordinates":[-71.175,42.745]},"properties":{"key":"59136-c4f4a5e2","layer":"power","name":"Methuen Landfill","state":"MA","detail_file":"data/details/power-plants-26.json","plant_id":"59136","capacity_mw":1.1,"status_group":"Operating","energy_sources":"SUN","type":"Power plant","is_nuclear":false}},{"type":"Feature","geometry":{"type":"Point","coordinates":[-70.999,42.582]},"properties":{"key":"63214-27990e38","layer":"power","name":"Middleton Solar Park","state":"MA","detail_file":"data/details/power-plants-13.json","plant_id":"63214","capacity_mw":8.0,"status_group":"Operating","energy_sources":"MWH; SUN","type":"Power plant","is_nuclear":false}},{"type":"Feature","geometry":{"type":"Point","coordinates":[-71.511,42.129]},"properties":{"key":"54805-a08b4990","layer":"power","name":"Milford Power LP","state":"MA","detail_file":"data/details/power-plants-06.json","plant_id":"54805","capacity_mw":249.3,"status_group":"Operating","energy_sources":"NG","type":"Power plant","is_nuclear":false}},{"type":"Feature","geometry":{"type":"Point","coordinates":[-71.73,42.221]},"properties":{"key":"68435-afba7fb0","layer":"power","name":"Millbury MA #1092","state":"MA","detail_file":"data/details/power-plants-47.json","plant_id":"68435","capacity_mw":1.0,"status_group":"Operating","energy_sources":"SUN","type":"Power plant","is_nuclear":false}},{"type":"Feature","geometry":{"type":"Point","coordinates":[-71.795,42.165]},"properties":{"key":"58280-51b9cd00","layer":"power","name":"Millbury Solar","state":"MA","detail_file":"data/details/power-plants-16.json","plant_id":"58280","capacity_mw":3.0,"status_group":"Operating","energy_sources":"SUN","type":"Power plant","is_nuclear":false}},{"type":"Feature","geometry":{"type":"Point","coordinates":[-71.38,42.16]},"properties":{"key":"68437-0123a336","layer":"power","name":"Millis MA 1","state":"MA","detail_file":"data/details/power-plants-50.json","plant_id":"68437","capacity_mw":1.0,"status_group":"Operating","energy_sources":"SUN","type":"Power plant","is_nuclear":false}},{"type":"Feature","geometry":{"type":"Point","coordinates":[-71.098,42.568]},"properties":{"key":"62644-7f956cd5","layer":"power","name":"Minuteman Energy Storage","state":"MA","detail_file":"data/details/power-plants-50.json","plant_id":"62644","capacity_mw":5.0,"status_group":"Operating","energy_sources":"MWH","type":"Power plant","is_nuclear":false}},{"type":"Feature","geometry":{"type":"Point","coordinates":[-71.984,42.589]},"properties":{"key":"58025-548b782e","layer":"power","name":"Mt Wachusett Community College","state":"MA","detail_file":"data/details/power-plants-41.json","plant_id":"58025","capacity_mw":3.4,"status_group":"Operating","energy_sources":"WND","type":"Power plant","is_nuclear":false}},{"type":"Feature","geometry":{"type":"Point","coordinates":[-71.853,42.543]},"properties":{"key":"54620-18a32e6d","layer":"power","name":"NE Renewable Fitchburg, LLC","state":"MA","detail_file":"data/details/power-plants-48.json","plant_id":"54620","capacity_mw":18.0,"status_group":"Operating","energy_sources":"WDS","type":"Power plant","is_nuclear":false}},{"type":"Feature","geometry":{"type":"Point","coordinates":[-71.703,42.105]},"properties":{"key":"57270-c10a2f1e","layer":"power","name":"NEDC Solar Site","state":"MA","detail_file":"data/details/power-plants-35.json","plant_id":"57270","capacity_mw":1.0,"status_group":"Operating","energy_sources":"SUN","type":"Power plant","is_nuclear":false}},{"type":"Feature","geometry":{"type":"Point","coordinates":[-71.074,41.773]},"properties":{"key":"69386-bf5f0d73","layer":"power","name":"NL MA - Copicut","state":"MA","detail_file":"data/details/power-plants-38.json","plant_id":"69386","capacity_mw":5.0,"status_group":"Operating","energy_sources":"SUN","type":"Power plant","is_nuclear":false}},{"type":"Feature","geometry":{"type":"Point","coordinates":[-71.031,41.563]},"properties":{"key":"69568-da304001","layer":"power","name":"NL MA - Division","state":"MA","detail_file":"data/details/power-plants-15.json","plant_id":"69568","capacity_mw":2.0,"status_group":"Operating","energy_sources":"MWH; SUN","type":"Power plant","is_nuclear":false}},{"type":"Feature","geometry":{"type":"Point","coordinates":[-70.052,41.258]},"properties":{"key":"1615-e85c1927","layer":"power","name":"Nantucket Hybrid","state":"MA","detail_file":"data/details/power-plants-49.json","plant_id":"1615","capacity_mw":22.4,"status_group":"Operating","energy_sources":"DFO; MWH","type":"Power plant","is_nuclear":false}},{"type":"Feature","geometry":{"type":"Point","coordinates":[-71.384,42.301]},"properties":{"key":"63290-279ad9ef","layer":"power","name":"Natick Mall","state":"MA","detail_file":"data/details/power-plants-13.json","plant_id":"63290","capacity_mw":2.7,"status_group":"Operating","energy_sources":"SUN","type":"Power plant","is_nuclear":false}},{"type":"Feature","geometry":{"type":"Point","coordinates":[-71.691,42.503]},"properties":{"key":"67266-692f6140","layer":"power","name":"Nationwide","state":"MA","detail_file":"data/details/power-plants-60.json","plant_id":"67266","capacity_mw":3.9,"status_group":"Operating","energy_sources":"SUN","type":"Power plant","is_nuclear":false}},{"type":"Feature","geometry":{"type":"Point","coordinates":[-70.649,41.925]},"properties":{"key":"59780-8f32586c","layer":"power","name":"New Bedford (MA) Plymouth","state":"MA","detail_file":"data/details/power-plants-13.json","plant_id":"59780","capacity_mw":4.3,"status_group":"Operating","energy_sources":"SUN","type":"Power plant","is_nuclear":false}},{"type":"Feature","geometry":{"type":"Point","coordinates":[-71.245,42.356]},"properties":{"key":"64162-0ebe2c19","layer":"power","name":"Newton Rumford Landfill","state":"MA","detail_file":"data/details/power-plants-53.json","plant_id":"64162","capacity_mw":1.7,"status_group":"Operating","energy_sources":"SUN","type":"Power plant","is_nuclear":false}},{"type":"Feature","geometry":{"type":"Point","coordinates":[-71.51,42.551]},"properties":{"key":"62842-6546ef25","layer":"power","name":"Nextsun Energy Littleton","state":"MA","detail_file":"data/details/power-plants-31.json","plant_id":"62842","capacity_mw":3.8,"status_group":"Operating","energy_sources":"SUN","type":"Power plant","is_nuclear":false}},{"type":"Feature","geometry":{"type":"Point","coordinates":[-71.646,42.166]},"properties":{"key":"58385-44220bb3","layer":"power","name":"Northbridge Solar","state":"MA","detail_file":"data/details/power-plants-53.json","plant_id":"58385","capacity_mw":1.9,"status_group":"Operating","energy_sources":"SUN","type":"Power plant","is_nuclear":false}},{"type":"Feature","geometry":{"type":"Point","coordinates":[-71.165,41.968]},"properties":{"key":"64532-b5c15ff6","layer":"power","name":"Norton","state":"MA","detail_file":"data/details/power-plants-00.json","plant_id":"64532","capacity_mw":1.4,"status_group":"Operating","energy_sources":"SUN","type":"Power plant","is_nuclear":false}},{"type":"Feature","geometry":{"type":"Point","coordinates":[-71.215,41.983]},"properties":{"key":"65183-901bcd0a","layer":"power","name":"Norton LLC","state":"MA","detail_file":"data/details/power-plants-34.json","plant_id":"65183","capacity_mw":3.3,"status_group":"Operating","energy_sources":"SUN","type":"Power plant","is_nuclear":false}},{"type":"Feature","geometry":{"type":"Point","coordinates":[-71.151,41.96]},"properties":{"key":"61597-e633df7e","layer":"power","name":"Norton Landfill Solar","state":"MA","detail_file":"data/details/power-plants-55.json","plant_id":"61597","capacity_mw":1.5,"status_group":"Operating","energy_sources":"SUN","type":"Power plant","is_nuclear":false}},{"type":"Feature","geometry":{"type":"Point","coordinates":[-71.804,42.299]},"properties":{"key":"66018-05f0054a","layer":"power","name":"Norton Powerhouse 2","state":"MA","detail_file":"data/details/power-plants-15.json","plant_id":"66018","capacity_mw":4.6,"status_group":"Operating","energy_sources":"NG","type":"Power plant","is_nuclear":false}},{"type":"Feature","geometry":{"type":"Point","coordinates":[-70.609,41.608]},"properties":{"key":"57414-9ac744f2","layer":"power","name":"Notus Wind 1","state":"MA","detail_file":"data/details/power-plants-28.json","plant_id":"57414","capacity_mw":1.7,"status_group":"Operating","energy_sources":"WND","type":"Power plant","is_nuclear":false}},{"type":"Feature","geometry":{"type":"Point","coordinates":[-70.505,41.359]},"properties":{"key":"59080-21a2ef37","layer":"power","name":"Nunnepog","state":"MA","detail_file":"data/details/power-plants-34.json","plant_id":"59080","capacity_mw":1.0,"status_group":"Operating","energy_sources":"SUN","type":"Power plant","is_nuclear":false}},{"type":"Feature","geometry":{"type":"Point","coordinates":[-71.802,42.387]},"properties":{"key":"10824-e51cc33f","layer":"power","name":"Oakdale Power Station","state":"MA","detail_file":"data/details/power-plants-32.json","plant_id":"10824","capacity_mw":3.5,"status_group":"Operating","energy_sources":"WAT","type":"Power plant","is_nuclear":false}},{"type":"Feature","geometry":{"type":"Point","coordinates":[-70.82,41.793]},"properties":{"key":"64759-ea63ad23","layer":"power","name":"Old Middleboro Road Solar","state":"MA","detail_file":"data/details/power-plants-05.json","plant_id":"64759","capacity_mw":9.5,"status_group":"Operating","energy_sources":"MWH; SUN","type":"Power plant","is_nuclear":false}},{"type":"Feature","geometry":{"type":"Point","coordinates":[-71.265,42.093]},"properties":{"key":"63637-cac9d625","layer":"power","name":"One Patriot","state":"MA","detail_file":"data/details/power-plants-10.json","plant_id":"63637","capacity_mw":2.0,"status_group":"Operating","energy_sources":"NG","type":"Power plant","is_nuclear":false}},{"type":"Feature","geometry":{"type":"Point","coordinates":[-70.644,41.766]},"properties":{"key":"61163-190d7ef8","layer":"power","name":"Onset East Community Solar Facility","state":"MA","detail_file":"data/details/power-plants-12.json","plant_id":"61163","capacity_mw":1.0,"status_group":"Operating","energy_sources":"SUN","type":"Power plant","is_nuclear":false}},{"type":"Feature","geometry":{"type":"Point","coordinates":[-70.644,41.766]},"properties":{"key":"61164-63163c4c","layer":"power","name":"Onset West Community Solar Facility","state":"MA","detail_file":"data/details/power-plants-38.json","plant_id":"61164","capacity_mw":1.0,"status_group":"Operating","energy_sources":"SUN","type":"Power plant","is_nuclear":false}},{"type":"Feature","geometry":{"type":"Point","coordinates":[-70.983,42.066]},"properties":{"key":"61727-40fb35aa","layer":"power","name":"Onyx - Brockton Thatcher Landfill Solar","state":"MA","detail_file":"data/details/power-plants-52.json","plant_id":"61727","capacity_mw":3.7,"status_group":"Operating","energy_sources":"SUN","type":"Power plant","is_nuclear":false}},{"type":"Feature","geometry":{"type":"Point","coordinates":[-70.802,42.05]},"properties":{"key":"61726-3503e377","layer":"power","name":"Onyx - Pembroke Landfill Solar","state":"MA","detail_file":"data/details/power-plants-58.json","plant_id":"61726","capacity_mw":2.4,"status_group":"Operating","energy_sources":"SUN","type":"Power plant","is_nuclear":false}},{"type":"Feature","geometry":{"type":"Point","coordinates":[-70.194,42.06]},"properties":{"key":"62604-5323338e","layer":"power","name":"Outer Cape Community Battery","state":"MA","detail_file":"data/details/power-plants-30.json","plant_id":"62604","capacity_mw":25.0,"status_group":"Operating","energy_sources":"MWH","type":"Power plant","is_nuclear":false}},{"type":"Feature","geometry":{"type":"Point","coordinates":[-71.919,42.568]},"properties":{"key":"68620-9242266a","layer":"power","name":"Overlook","state":"MA","detail_file":"data/details/power-plants-07.json","plant_id":"68620","capacity_mw":4.9,"status_group":"Operating","energy_sources":"SUN","type":"Power plant","is_nuclear":false}},{"type":"Feature","geometry":{"type":"Point","coordinates":[-71.851,42.141]},"properties":{"key":"60022-948c0509","layer":"power","name":"Oxford","state":"MA","detail_file":"data/details/power-plants-48.json","plant_id":"60022","capacity_mw":2.8,"status_group":"Operating","energy_sources":"SUN","type":"Power plant","is_nuclear":false}},{"type":"Feature","geometry":{"type":"Point","coordinates":[-71.853,42.087]},"properties":{"key":"67150-d1fd3cfd","layer":"power","name":"Oxford Solar","state":"MA","detail_file":"data/details/power-plants-56.json","plant_id":"67150","capacity_mw":4.0,"status_group":"Operating","energy_sources":"SUN","type":"Power plant","is_nuclear":false}},{"type":"Feature","geometry":{"type":"Point","coordinates":[-71.065,41.853]},"properties":{"key":"58032-8af37856","layer":"power","name":"Padelford Solar","state":"MA","detail_file":"data/details/power-plants-42.json","plant_id":"58032","capacity_mw":2.2,"status_group":"Operating","energy_sources":"SUN","type":"Power plant","is_nuclear":false}},{"type":"Feature","geometry":{"type":"Point","coordinates":[-71.596,42.028]},"properties":{"key":"63589-173bedf2","layer":"power","name":"Palombo B Solar, LLC CSG","state":"MA","detail_file":"data/details/power-plants-20.json","plant_id":"63589","capacity_mw":1.0,"status_group":"Operating","energy_sources":"SUN","type":"Power plant","is_nuclear":false}},{"type":"Feature","geometry":{"type":"Point","coordinates":[-71.599,42.025]},"properties":{"key":"63588-c6308d8b","layer":"power","name":"Palombo Solar, LLC CSG","state":"MA","detail_file":"data/details/power-plants-22.json","plant_id":"63588","capacity_mw":2.0,"status_group":"Operating","energy_sources":"SUN","type":"Power plant","is_nuclear":false}},{"type":"Feature","geometry":{"type":"Point","coordinates":[-71.937,42.119]},"properties":{"key":"63264-8e4f0817","layer":"power","name":"Partridge Hill Solar Hybrid","state":"MA","detail_file":"data/details/power-plants-38.json","plant_id":"63264","capacity_mw":3.3,"status_group":"Operating","energy_sources":"MWH; SUN","type":"Power plant","is_nuclear":false}},{"type":"Feature","geometry":{"type":"Point","coordinates":[-71.945,42.291]},"properties":{"key":"67187-0f11023f","layer":"power","name":"Paxton BESS 1","state":"MA","detail_file":"data/details/power-plants-18.json","plant_id":"67187","capacity_mw":3.0,"status_group":"Operating","energy_sources":"MWH","type":"Power plant","is_nuclear":false}},{"type":"Feature","geometry":{"type":"Point","coordinates":[-71.576,42.669]},"properties":{"key":"10694-e6474d17","layer":"power","name":"Pepperell Hydro Power Plant","state":"MA","detail_file":"data/details/power-plants-45.json","plant_id":"10694","capacity_mw":2.2,"status_group":"Operating","energy_sources":"WAT","type":"Power plant","is_nuclear":false}},{"type":"Feature","geometry":{"type":"Point","coordinates":[-71.044,41.605]},"properties":{"key":"67156-3f533fda","layer":"power","name":"Pine Hill Westport","state":"MA","detail_file":"data/details/power-plants-32.json","plant_id":"67156","capacity_mw":3.3,"status_group":"Operating","energy_sources":"SUN","type":"Power plant","is_nuclear":false}},{"type":"Feature","geometry":{"type":"Point","coordinates":[-71.987,42.322]},"properties":{"key":"61298-97fb2e19","layer":"power","name":"Pleasantdale Road Community Solar","state":"MA","detail_file":"data/details/power-plants-54.json","plant_id":"61298","capacity_mw":1.0,"status_group":"Operating","energy_sources":"SUN","type":"Power plant","is_nuclear":false}},{"type":"Feature","geometry":{"type":"Point","coordinates":[-70.779,41.96]},"properties":{"key":"59137-53cdf41d","layer":"power","name":"Plymouth Site 1","state":"MA","detail_file":"data/details/power-plants-55.json","plant_id":"59137","capacity_mw":4.0,"status_group":"Operating","energy_sources":"SUN","type":"Power plant","is_nuclear":false}},{"type":"Feature","geometry":{"type":"Point","coordinates":[-70.688,41.947]},"properties":{"key":"62266-41a14f2f","layer":"power","name":"Plymouth Solar","state":"MA","detail_file":"data/details/power-plants-19.json","plant_id":"62266","capacity_mw":1.1,"status_group":"Operating","energy_sources":"SUN","type":"Power plant","is_nuclear":false}},{"type":"Feature","geometry":{"type":"Point","coordinates":[-70.8,41.999]},"properties":{"key":"67924-4d1ed0c9","layer":"power","name":"Plympton Lake Street Solar","state":"MA","detail_file":"data/details/power-plants-05.json","plant_id":"67924","capacity_mw":2.4,"status_group":"Operating","energy_sources":"SUN","type":"Power plant","is_nuclear":false}},{"type":"Feature","geometry":{"type":"Point","coordinates":[-70.805,41.973]},"properties":{"key":"67926-adf0ee43","layer":"power","name":"Plympton Main Street Solar, LLC","state":"MA","detail_file":"data/details/power-plants-22.json","plant_id":"67926","capacity_mw":5.0,"status_group":"Operating","energy_sources":"SUN","type":"Power plant","is_nuclear":false}},{"type":"Feature","geometry":{"type":"Point","coordinates":[-70.967,42.235]},"properties":{"key":"1660-098e992f","layer":"power","name":"Potter Station 2","state":"MA","detail_file":"data/details/power-plants-54.json","plant_id":"1660","capacity_mw":116.0,"status_group":"Operating","energy_sources":"NG","type":"Power plant","is_nuclear":false}},{"type":"Feature","geometry":{"type":"Point","coordinates":[-71.9,42.479]},"properties":{"key":"7501-f9aba514","layer":"power","name":"Princeton Wind Farm","state":"MA","detail_file":"data/details/power-plants-06.json","plant_id":"7501","capacity_mw":3.0,"status_group":"Operating","energy_sources":"WND","type":"Power plant","is_nuclear":false}},{"type":"Feature","geometry":{"type":"Point","coordinates":[-70.913,41.782]},"properties":{"key":"58362-215f328c","layer":"power","name":"Quittacas Pond Solar","state":"MA","detail_file":"data/details/power-plants-23.json","plant_id":"58362","capacity_mw":3.5,"status_group":"Operating","energy_sources":"SUN","type":"Power plant","is_nuclear":false}},{"type":"Feature","geometry":{"type":"Point","coordinates":[-71.978,42.432]},"properties":{"key":"59777-f752e074","layer":"power","name":"RGS-Rutland VNM SREC II Project (MA)","state":"MA","detail_file":"data/details/power-plants-23.json","plant_id":"59777","capacity_mw":2.0,"status_group":"Operating","energy_sources":"SUN","type":"Power plant","is_nuclear":false}},{"type":"Feature","geometry":{"type":"Point","coordinates":[-70.725,41.97]},"properties":{"key":"64526-af317fc1","layer":"power","name":"Raboth - Marion Drive","state":"MA","detail_file":"data/details/power-plants-59.json","plant_id":"64526","capacity_mw":3.5,"status_group":"Operating","energy_sources":"SUN","type":"Power plant","is_nuclear":false}},{"type":"Feature","geometry":{"type":"Point","coordinates":[-70.844,41.663]},"properties":{"key":"68218-509e5554","layer":"power","name":"Randall Lane Solar","state":"MA","detail_file":"data/details/power-plants-08.json","plant_id":"68218","capacity_mw":10.0,"status_group":"Under construction","energy_sources":"MWH; SUN","type":"Power plant","is_nuclear":false}},{"type":"Feature","geometry":{"type":"Point","coordinates":[-71.661,42.392]},"properties":{"key":"63475-84662e1a","layer":"power","name":"Randall Solar Project Hybrid","state":"MA","detail_file":"data/details/power-plants-63.json","plant_id":"63475","capacity_mw":8.3,"status_group":"Operating","energy_sources":"MWH; SUN","type":"Power plant","is_nuclear":false}},{"type":"Feature","geometry":{"type":"Point","coordinates":[-71.077,42.178]},"properties":{"key":"61732-6d2d7c7f","layer":"power","name":"Randolph","state":"MA","detail_file":"data/details/power-plants-02.json","plant_id":"61732","capacity_mw":3.8,"status_group":"Operating","energy_sources":"SUN","type":"Power plant","is_nuclear":false}},{"type":"Feature","geometry":{"type":"Point","coordinates":[-70.819,41.92]},"properties":{"key":"64109-157655d1","layer":"power","name":"Ravenbrook","state":"MA","detail_file":"data/details/power-plants-11.json","plant_id":"64109","capacity_mw":5.0,"status_group":"Operating","energy_sources":"SUN","type":"Power plant","is_nuclear":false}},{"type":"Feature","geometry":{"type":"Point","coordinates":[-70.615,41.829]},"properties":{"key":"61007-d7024599","layer":"power","name":"Redbrook Community Solar 1","state":"MA","detail_file":"data/details/power-plants-44.json","plant_id":"61007","capacity_mw":4.0,"status_group":"Operating","energy_sources":"SUN","type":"Power plant","is_nuclear":false}},{"type":"Feature","geometry":{"type":"Point","coordinates":[-71.243,41.902]},"properties":{"key":"59029-c4e7a175","layer":"power","name":"Rehoboth Solar","state":"MA","detail_file":"data/details/power-plants-58.json","plant_id":"59029","capacity_mw":2.0,"status_group":"Operating","energy_sources":"SUN","type":"Power plant","is_nuclear":false}},{"type":"Feature","geometry":{"type":"Point","coordinates":[-70.521,41.767]},"properties":{"key":"60625-4596686d","layer":"power","name":"Renew Canal 1 CSG LLC","state":"MA","detail_file":"data/details/power-plants-56.json","plant_id":"60625","capacity_mw":1.2,"status_group":"Operating","energy_sources":"SUN","type":"Power plant","is_nuclear":false}},{"type":"Feature","geometry":{"type":"Point","coordinates":[-70.781,41.975]},"properties":{"key":"67119-ad4ca73f","layer":"power","name":"Ring Road","state":"MA","detail_file":"data/details/power-plants-52.json","plant_id":"67119","capacity_mw":4.0,"status_group":"Operating","energy_sources":"MWH; SUN","type":"Power plant","is_nuclear":false}},{"type":"Feature","geometry":{"type":"Point","coordinates":[-70.84,41.724]},"properties":{"key":"68438-987e77a3","layer":"power","name":"Rochester MA 2","state":"MA","detail_file":"data/details/power-plants-21.json","plant_id":"68438","capacity_mw":1.0,"status_group":"Operating","energy_sources":"SUN","type":"Power plant","is_nuclear":false}},{"type":"Feature","geometry":{"type":"Point","coordinates":[-70.898,42.089]},"properties":{"key":"59090-401d8ab4","layer":"power","name":"Rockland Solar CSG","state":"MA","detail_file":"data/details/power-plants-42.json","plant_id":"59090","capacity_mw":2.0,"status_group":"Operating","energy_sources":"SUN","type":"Power plant","is_nuclear":false}},{"type":"Feature","geometry":{"type":"Point","coordinates":[-70.829,41.738]},"properties":{"key":"64434-acc53c71","layer":"power","name":"Rounseville Solar","state":"MA","detail_file":"data/details/power-plants-43.json","plant_id":"64434","capacity_mw":2.7,"status_group":"Operating","energy_sources":"SUN","type":"Power plant","is_nuclear":false}},{"type":"Feature","geometry":{"type":"Point","coordinates":[-71.688,42.266]},"properties":{"key":"64060-35860795","layer":"power","name":"SELCO Community Solar","state":"MA","detail_file":"data/details/power-plants-26.json","plant_id":"64060","capacity_mw":3.0,"status_group":"Operating","energy_sources":"SUN","type":"Power plant","is_nuclear":false}},{"type":"Feature","geometry":{"type":"Point","coordinates":[-70.787,41.802]},"properties":{"key":"50290-387ea889","layer":"power","name":"SEMASS Resource Recovery","state":"MA","detail_file":"data/details/power-plants-52.json","plant_id":"50290","capacity_mw":98.5,"status_group":"Operating","energy_sources":"MSW","type":"Power plant","is_nuclear":false}},{"type":"Feature","geometry":{"type":"Point","coordinates":[-70.878,42.525]},"properties":{"key":"60903-ee1244ca","layer":"power","name":"Salem Harbor Power Development LP","state":"MA","detail_file":"data/details/power-plants-14.json","plant_id":"60903","capacity_mw":798.2,"status_group":"Operating","energy_sources":"NG","type":"Power plant","is_nuclear":false}},{"type":"Feature","geometry":{"type":"Point","coordinates":[-71.149,41.737]},"properties":{"key":"69722-71a3d5f2","layer":"power","name":"Salt Cod BESS","state":"MA","detail_file":"data/details/power-plants-08.json","plant_id":"69722","capacity_mw":168.0,"status_group":"Under construction","energy_sources":"MWH","type":"Power plant","is_nuclear":false}},{"type":"Feature","geometry":{"type":"Point","coordinates":[-72.0,42.1]},"properties":{"key":"61308-9746516f","layer":"power","name":"Sampson Road Community Solar","state":"MA","detail_file":"data/details/power-plants-21.json","plant_id":"61308","capacity_mw":2.0,"status_group":"Operating","energy_sources":"SUN","type":"Power plant","is_nuclear":false}},{"type":"Feature","geometry":{"type":"Point","coordinates":[-70.48,41.718]},"properties":{"key":"67578-0dbed2a7","layer":"power","name":"Sandwich","state":"MA","detail_file":"data/details/power-plants-04.json","plant_id":"67578","capacity_mw":4.0,"status_group":"Operating","energy_sources":"MWH; SUN","type":"Power plant","is_nuclear":false}},{"type":"Feature","geometry":{"type":"Point","coordinates":[-70.741,42.178]},"properties":{"key":"59013-0fe4182d","layer":"power","name":"Scituate PV","state":"MA","detail_file":"data/details/power-plants-56.json","plant_id":"59013","capacity_mw":2.5,"status_group":"Operating","energy_sources":"SUN","type":"Power plant","is_nuclear":false}},{"type":"Feature","geometry":{"type":"Point","coordinates":[-70.728,42.175]},"properties":{"key":"59724-5e486818","layer":"power","name":"Scituate Wind","state":"MA","detail_file":"data/details/power-plants-34.json","plant_id":"59724","capacity_mw":1.5,"status_group":"Operating","energy_sources":"WND","type":"Power plant","is_nuclear":false}},{"type":"Feature","geometry":{"type":"Point","coordinates":[-71.916,42.138]},"properties":{"key":"67370-e475b0d2","layer":"power","name":"Seaboard Charlton, LLC","state":"MA","detail_file":"data/details/power-plants-60.json","plant_id":"67370","capacity_mw":2.0,"status_group":"Operating","energy_sources":"SUN","type":"Power plant","is_nuclear":false}},{"type":"Feature","geometry":{"type":"Point","coordinates":[-71.892,42.11]},"properties":{"key":"67371-859fc010","layer":"power","name":"Seaboard Oxford, LLC","state":"MA","detail_file":"data/details/power-plants-38.json","plant_id":"67371","capacity_mw":1.7,"status_group":"Operating","energy_sources":"SUN","type":"Power plant","is_nuclear":false}},{"type":"Feature","geometry":{"type":"Point","coordinates":[-71.761,42.607]},"properties":{"key":"65717-407784d2","layer":"power","name":"Settlers Solar","state":"MA","detail_file":"data/details/power-plants-22.json","plant_id":"65717","capacity_mw":5.0,"status_group":"Operating","energy_sources":"SUN","type":"Power plant","is_nuclear":false}},{"type":"Feature","geometry":{"type":"Point","coordinates":[-71.249,42.594]},"properties":{"key":"59396-79344977","layer":"power","name":"Shaffer","state":"MA","detail_file":"data/details/power-plants-57.json","plant_id":"59396","capacity_mw":5.0,"status_group":"Operating","energy_sources":"SUN","type":"Power plant","is_nuclear":false}},{"type":"Feature","geometry":{"type":"Point","coordinates":[-71.676,42.542]},"properties":{"key":"60753-3296acb1","layer":"power","name":"Shirley Landfill","state":"MA","detail_file":"data/details/power-plants-50.json","plant_id":"60753","capacity_mw":1.0,"status_group":"Operating","energy_sources":"SUN","type":"Power plant","is_nuclear":false}},{"type":"Feature","geometry":{"type":"Point","coordinates":[-71.623,42.555]},"properties":{"key":"60498-f7f336f8","layer":"power","name":"Shirley Water","state":"MA","detail_file":"data/details/power-plants-11.json","plant_id":"60498","capacity_mw":2.0,"status_group":"Operating","energy_sources":"SUN","type":"Power plant","is_nuclear":false}},{"type":"Feature","geometry":{"type":"Point","coordinates":[-71.717,42.275]},"properties":{"key":"6125-fe3cf8bf","layer":"power","name":"Shrewsbury","state":"MA","detail_file":"data/details/power-plants-08.json","plant_id":"6125","capacity_mw":14.0,"status_group":"Operating","energy_sources":"DFO","type":"Power plant","is_nuclear":false}},{"type":"Feature","geometry":{"type":"Point","coordinates":[-71.696,42.266]},"properties":{"key":"57990-1ed177c1","layer":"power","name":"Shrewsbury Solar","state":"MA","detail_file":"data/details/power-plants-27.json","plant_id":"57990","capacity_mw":2.5,"status_group":"Operating","energy_sources":"SUN","type":"Power plant","is_nuclear":false}},{"type":"Feature","geometry":{"type":"Point","coordinates":[-71.066,42.115]},"properties":{"key":"61244-5f09471b","layer":"power","name":"Shuman Solar","state":"MA","detail_file":"data/details/power-plants-44.json","plant_id":"61244","capacity_mw":2.2,"status_group":"Operating","energy_sources":"SUN","type":"Power plant","is_nuclear":false}},{"type":"Feature","geometry":{"type":"Point","coordinates":[-71.047,42.394]},"properties":{"key":"64378-0c722858","layer":"power","name":"Signature Breads Chelsea","state":"MA","detail_file":"data/details/power-plants-15.json","plant_id":"64378","capacity_mw":1.5,"status_group":"Operating","energy_sources":"DFO","type":"Power plant","is_nuclear":false}},{"type":"Feature","geometry":{"type":"Point","coordinates":[-70.882,41.768]},"properties":{"key":"68219-b076f406","layer":"power","name":"Snipatuit Road Solar","state":"MA","detail_file":"data/details/power-plants-17.json","plant_id":"68219","capacity_mw":8.0,"status_group":"Under construction","energy_sources":"MWH; SUN","type":"Power plant","is_nuclear":false}},{"type":"Feature","geometry":{"type":"Point","coordinates":[-70.753,41.824]},"properties":{"key":"63541-3828a4ed","layer":"power","name":"Solar Carver 1 Hybrid","state":"MA","detail_file":"data/details/power-plants-02.json","plant_id":"63541","capacity_mw":4.0,"status_group":"Under construction","energy_sources":"MWH; SUN","type":"Power plant","is_nuclear":false}},{"type":"Feature","geometry":{"type":"Point","coordinates":[-70.77,41.842]},"properties":{"key":"63506-5a78231f","layer":"power","name":"Solar Carver 3 Hybrid","state":"MA","detail_file":"data/details/power-plants-18.json","plant_id":"63506","capacity_mw":2.0,"status_group":"Under construction","energy_sources":"MWH; SUN","type":"Power plant","is_nuclear":false}},{"type":"Feature","geometry":{"type":"Point","coordinates":[-71.293,42.041]},"properties":{"key":"61731-c247850f","layer":"power","name":"Solten Plainville 6000, LLC","state":"MA","detail_file":"data/details/power-plants-63.json","plant_id":"61731","capacity_mw":4.9,"status_group":"Operating","energy_sources":"SUN","type":"Power plant","is_nuclear":false}},{"type":"Feature","geometry":{"type":"Point","coordinates":[-71.993,42.047]},"properties":{"key":"58423-9b338b29","layer":"power","name":"Southbridge PV","state":"MA","detail_file":"data/details/power-plants-13.json","plant_id":"58423","capacity_mw":3.0,"status_group":"Operating","energy_sources":"SUN","type":"Power plant","is_nuclear":false}},{"type":"Feature","geometry":{"type":"Point","coordinates":[-71.091,41.838]},"properties":{"key":"60615-935e29fc","layer":"power","name":"Southern Sky Renew Energy Berkley LLC","state":"MA","detail_file":"data/details/power-plants-46.json","plant_id":"60615","capacity_mw":3.0,"status_group":"Operating","energy_sources":"SUN","type":"Power plant","is_nuclear":false}},{"type":"Feature","geometry":{"type":"Point","coordinates":[-70.766,41.943]},"properties":{"key":"61009-6eaecf86","layer":"power","name":"Spring Street Solar 1 CSG","state":"MA","detail_file":"data/details/power-plants-18.json","plant_id":"61009","capacity_mw":2.0,"status_group":"Operating","energy_sources":"SUN","type":"Power plant","is_nuclear":false}},{"type":"Feature","geometry":{"type":"Point","coordinates":[-71.972,42.144]},"properties":{"key":"63555-196ad159","layer":"power","name":"St. Joseph's Solar, LLC CSG","state":"MA","detail_file":"data/details/power-plants-37.json","plant_id":"63555","capacity_mw":1.0,"status_group":"Operating","energy_sources":"SUN","type":"Power plant","is_nuclear":false}},{"type":"Feature","geometry":{"type":"Point","coordinates":[-71.871,42.224]},"properties":{"key":"61017-0d237781","layer":"power","name":"Stafford St 2 Community Solar","state":"MA","detail_file":"data/details/power-plants-31.json","plant_id":"61017","capacity_mw":1.9,"status_group":"Operating","energy_sources":"SUN","type":"Power plant","is_nuclear":false}},{"type":"Feature","geometry":{"type":"Point","coordinates":[-71.871,42.224]},"properties":{"key":"61016-49491b9f","layer":"power","name":"Stafford St Solar 1 CSG","state":"MA","detail_file":"data/details/power-plants-26.json","plant_id":"61016","capacity_mw":2.0,"status_group":"Operating","energy_sources":"SUN","type":"Power plant","is_nuclear":false}},{"type":"Feature","geometry":{"type":"Point","coordinates":[-71.871,42.224]},"properties":{"key":"61018-f5ed343a","layer":"power","name":"Stafford St Solar 3 CSG","state":"MA","detail_file":"data/details/power-plants-08.json","plant_id":"61018","capacity_mw":1.0,"status_group":"Operating","energy_sources":"SUN","type":"Power plant","is_nuclear":false}},{"type":"Feature","geometry":{"type":"Point","coordinates":[-70.976,42.188]},"properties":{"key":"62257-08d98fe2","layer":"power","name":"Station 9 Energy Storage System","state":"MA","detail_file":"data/details/power-plants-06.json","plant_id":"62257","capacity_mw":2.0,"status_group":"Operating","energy_sources":"MWH","type":"Power plant","is_nuclear":false}},{"type":"Feature","geometry":{"type":"Point","coordinates":[-71.089,42.059]},"properties":{"key":"60710-a41230ef","layer":"power","name":"Stone Hill Solar CSG","state":"MA","detail_file":"data/details/power-plants-44.json","plant_id":"60710","capacity_mw":2.0,"status_group":"Operating","energy_sources":"SUN","type":"Power plant","is_nuclear":false}},{"type":"Feature","geometry":{"type":"Point","coordinates":[-71.506,42.437]},"properties":{"key":"59015-7166edac","layer":"power","name":"Stow PV","state":"MA","detail_file":"data/details/power-plants-50.json","plant_id":"59015","capacity_mw":2.0,"status_group":"Operating","energy_sources":"SUN","type":"Power plant","is_nuclear":false}},{"type":"Feature","geometry":{"type":"Point","coordinates":[-71.385,42.364]},"properties":{"key":"58839-c42375f3","layer":"power","name":"Sudbury Landfill","state":"MA","detail_file":"data/details/power-plants-56.json","plant_id":"58839","capacity_mw":1.3,"status_group":"Operating","energy_sources":"SUN","type":"Power plant","is_nuclear":false}},{"type":"Feature","geometry":{"type":"Point","coordinates":[-70.956,41.655]},"properties":{"key":"59465-82f4db36","layer":"power","name":"Sullivan Solar","state":"MA","detail_file":"data/details/power-plants-16.json","plant_id":"59465","capacity_mw":1.5,"status_group":"Operating","energy_sources":"SUN","type":"Power plant","is_nuclear":false}},{"type":"Feature","geometry":{"type":"Point","coordinates":[-71.698,42.103]},"properties":{"key":"63336-5b48149a","layer":"power","name":"Sutton Solar 2, LLC CSG","state":"MA","detail_file":"data/details/power-plants-29.json","plant_id":"63336","capacity_mw":1.0,"status_group":"Operating","energy_sources":"SUN","type":"Power plant","is_nuclear":false}},{"type":"Feature","geometry":{"type":"Point","coordinates":[-71.698,42.102]},"properties":{"key":"60878-ccb20dfb","layer":"power","name":"Sutton Solar CSG","state":"MA","detail_file":"data/details/power-plants-22.json","plant_id":"60878","capacity_mw":1.9,"status_group":"Operating","energy_sources":"SUN","type":"Power plant","is_nuclear":false}},{"type":"Feature","geometry":{"type":"Point","coordinates":[-70.786,41.769]},"properties":{"key":"61097-a141c439","layer":"power","name":"Syncarpha Freetown","state":"MA","detail_file":"data/details/power-plants-62.json","plant_id":"61097","capacity_mw":3.9,"status_group":"Operating","energy_sources":"SUN","type":"Power plant","is_nuclear":false}},{"type":"Feature","geometry":{"type":"Point","coordinates":[-70.857,41.984]},"properties":{"key":"62973-1035559e","layer":"power","name":"Syncarpha Halifax Hybrid CSG","state":"MA","detail_file":"data/details/power-plants-14.json","plant_id":"62973","capacity_mw":3.3,"status_group":"Operating","energy_sources":"MWH; SUN","type":"Power plant","is_nuclear":false}},{"type":"Feature","geometry":{"type":"Point","coordinates":[-71.888,42.254]},"properties":{"key":"62972-8ed175f6","layer":"power","name":"Syncarpha Leicester Hybrid CSG","state":"MA","detail_file":"data/details/power-plants-51.json","plant_id":"62972","capacity_mw":4.6,"status_group":"Operating","energy_sources":"MWH; SUN","type":"Power plant","is_nuclear":false}},{"type":"Feature","geometry":{"type":"Point","coordinates":[-71.793,42.175]},"properties":{"key":"62974-b8dec3f4","layer":"power","name":"Syncarpha Millbury Hybrid (CSG)","state":"MA","detail_file":"data/details/power-plants-36.json","plant_id":"62974","capacity_mw":8.8,"status_group":"Operating","energy_sources":"MWH; SUN","type":"Power plant","is_nuclear":false}},{"type":"Feature","geometry":{"type":"Point","coordinates":[-71.648,42.112]},"properties":{"key":"62977-45cd19cb","layer":"power","name":"Syncarpha Northbridge I Hybrid(CSG)","state":"MA","detail_file":"data/details/power-plants-14.json","plant_id":"62977","capacity_mw":9.0,"status_group":"Operating","energy_sources":"MWH; SUN","type":"Power plant","is_nuclear":false}},{"type":"Feature","geometry":{"type":"Point","coordinates":[-71.644,42.116]},"properties":{"key":"62978-d7303a36","layer":"power","name":"Syncarpha Northbridge II Hybrid CSG","state":"MA","detail_file":"data/details/power-plants-62.json","plant_id":"62978","capacity_mw":8.0,"status_group":"Operating","energy_sources":"MWH; SUN","type":"Power plant","is_nuclear":false}},{"type":"Feature","geometry":{"type":"Point","coordinates":[-71.633,42.139]},"properties":{"key":"62969-1b03a09a","layer":"power","name":"Syncarpha Puddon I Hybrid CSG","state":"MA","detail_file":"data/details/power-plants-28.json","plant_id":"62969","capacity_mw":9.0,"status_group":"Operating","energy_sources":"MWH; SUN","type":"Power plant","is_nuclear":false}},{"type":"Feature","geometry":{"type":"Point","coordinates":[-71.631,42.134]},"properties":{"key":"62970-c062e754","layer":"power","name":"Syncarpha Puddon II Hybrid CSG","state":"MA","detail_file":"data/details/power-plants-08.json","plant_id":"62970","capacity_mw":9.0,"status_group":"Operating","energy_sources":"MWH; SUN","type":"Power plant","is_nuclear":false}},{"type":"Feature","geometry":{"type":"Point","coordinates":[-71.642,42.421]},"properties":{"key":"61774-a553894f","layer":"power","name":"Syncarpha Still River, LLC CSG","state":"MA","detail_file":"data/details/power-plants-21.json","plant_id":"61774","capacity_mw":2.0,"status_group":"Operating","energy_sources":"SUN","type":"Power plant","is_nuclear":false}},{"type":"Feature","geometry":{"type":"Point","coordinates":[-71.177,42.594]},"properties":{"key":"62968-f8ae2eb3","layer":"power","name":"Syncarpha Tewksbury Hybrid CSG","state":"MA","detail_file":"data/details/power-plants-38.json","plant_id":"62968","capacity_mw":4.8,"status_group":"Operating","energy_sources":"MWH; SUN","type":"Power plant","is_nuclear":false}},{"type":"Feature","geometry":{"type":"Point","coordinates":[-71.866,42.593]},"properties":{"key":"62971-9c2901a0","layer":"power","name":"Syncarpha Westminster Hybrid CSG","state":"MA","detail_file":"data/details/power-plants-17.json","plant_id":"62971","capacity_mw":7.6,"status_group":"Operating","energy_sources":"MWH; SUN","type":"Power plant","is_nuclear":false}},{"type":"Feature","geometry":{"type":"Point","coordinates":[-71.857,42.542]},"properties":{"key":"65653-a2f26cd1","layer":"power","name":"TES Rowtier","state":"MA","detail_file":"data/details/power-plants-14.json","plant_id":"65653","capacity_mw":3.0,"status_group":"Operating","energy_sources":"SUN","type":"Power plant","is_nuclear":false}},{"type":"Feature","geometry":{"type":"Point","coordinates":[-70.453,41.667]},"properties":{"key":"69569-7aa81c23","layer":"power","name":"TJA MA Wakeby Road","state":"MA","detail_file":"data/details/power-plants-52.json","plant_id":"69569","capacity_mw":5.0,"status_group":"Operating","energy_sources":"SUN","type":"Power plant","is_nuclear":false}},{"type":"Feature","geometry":{"type":"Point","coordinates":[-71.604,42.034]},"properties":{"key":"69723-0d0bde79","layer":"power","name":"Taft BESS","state":"MA","detail_file":"data/details/power-plants-24.json","plant_id":"69723","capacity_mw":200.0,"status_group":"Under construction","energy_sources":"MWH","type":"Power plant","is_nuclear":false}},{"type":"Feature","geometry":{"type":"Point","coordinates":[-71.8,42.5]},"properties":{"key":"61296-3f6a9b0b","layer":"power","name":"Theodore Drive Community Solar","state":"MA","detail_file":"data/details/power-plants-60.json","plant_id":"61296","capacity_mw":1.5,"status_group":"Operating","energy_sources":"SUN","type":"Power plant","is_nuclear":false}},{"type":"Feature","geometry":{"type":"Point","coordinates":[-70.723,41.788]},"properties":{"key":"58749-6adcb5c9","layer":"power","name":"Tihonet Solar","state":"MA","detail_file":"data/details/power-plants-16.json","plant_id":"58749","capacity_mw":1.0,"status_group":"Operating","energy_sources":"SUN","type":"Power plant","is_nuclear":false}},{"type":"Feature","geometry":{"type":"Point","coordinates":[-70.613,41.445]},"properties":{"key":"59573-965e8722","layer":"power","name":"Tisbury Landfill Solar","state":"MA","detail_file":"data/details/power-plants-18.json","plant_id":"59573","capacity_mw":1.1,"status_group":"Operating","energy_sources":"SUN","type":"Power plant","is_nuclear":false}},{"type":"Feature","geometry":{"type":"Point","coordinates":[-70.956,42.051]},"properties":{"key":"58586-5364586d","layer":"power","name":"Town of East Bridgewater CSG","state":"MA","detail_file":"data/details/power-plants-42.json","plant_id":"58586","capacity_mw":2.0,"status_group":"Operating","energy_sources":"SUN","type":"Power plant","is_nuclear":false}},{"type":"Feature","geometry":{"type":"Point","coordinates":[-71.135,42.06]},"properties":{"key":"61591-90c9f885","layer":"power","name":"Town of Foxborough - Landfill (SREC II)","state":"MA","detail_file":"data/details/power-plants-38.json","plant_id":"61591","capacity_mw":1.2,"status_group":"Operating","energy_sources":"SUN","type":"Power plant","is_nuclear":false}},{"type":"Feature","geometry":{"type":"Point","coordinates":[-71.255,42.469]},"properties":{"key":"60816-39cb96ad","layer":"power","name":"Town of Lexington Solar","state":"MA","detail_file":"data/details/power-plants-50.json","plant_id":"60816","capacity_mw":1.6,"status_group":"Operating","energy_sources":"SUN","type":"Power plant","is_nuclear":false}},{"type":"Feature","geometry":{"type":"Point","coordinates":[-71.259,42.277]},"properties":{"key":"60110-808d6f7d","layer":"power","name":"Town of Needham VNEM CSG","state":"MA","detail_file":"data/details/power-plants-03.json","plant_id":"60110","capacity_mw":3.0,"status_group":"Operating","energy_sources":"SUN","type":"Power plant","is_nuclear":false}},{"type":"Feature","geometry":{"type":"Point","coordinates":[-71.34,42.128]},"properties":{"key":"57942-d2cea4c3","layer":"power","name":"Town of Norfolk MA at Medway Branch","state":"MA","detail_file":"data/details/power-plants-63.json","plant_id":"57942","capacity_mw":1.2,"status_group":"Operating","energy_sources":"SUN","type":"Power plant","is_nuclear":false}},{"type":"Feature","geometry":{"type":"Point","coordinates":[-71.159,42.103]},"properties":{"key":"68543-257135cd","layer":"power","name":"Town of Sharon Portfolio -Mt St Landfill","state":"MA","detail_file":"data/details/power-plants-26.json","plant_id":"68543","capacity_mw":10.7,"status_group":"Under construction","energy_sources":"MWH; SUN","type":"Power plant","is_nuclear":false}},{"type":"Feature","geometry":{"type":"Point","coordinates":[-71.618,42.044]},"properties":{"key":"57941-32a9f893","layer":"power","name":"Town of Uxbridge MA at Commerce Dr","state":"MA","detail_file":"data/details/power-plants-46.json","plant_id":"57941","capacity_mw":1.8,"status_group":"Operating","energy_sources":"SUN","type":"Power plant","is_nuclear":false}},{"type":"Feature","geometry":{"type":"Point","coordinates":[-70.898,42.847]},"properties":{"key":"59390-46924cf5","layer":"power","name":"True North","state":"MA","detail_file":"data/details/power-plants-48.json","plant_id":"59390","capacity_mw":4.8,"status_group":"Operating","energy_sources":"SUN","type":"Power plant","is_nuclear":false}},{"type":"Feature","geometry":{"type":"Point","coordinates":[-71.446,42.67]},"properties":{"key":"61598-9602ec9b","layer":"power","name":"Tyngsborough Solar","state":"MA","detail_file":"data/details/power-plants-27.json","plant_id":"61598","capacity_mw":2.6,"status_group":"Operating","energy_sources":"SUN","type":"Power plant","is_nuclear":false}},{"type":"Feature","geometry":{"type":"Point","coordinates":[-71.036,42.313]},"properties":{"key":"64980-db89b479","layer":"power","name":"UMass Boston","state":"MA","detail_file":"data/details/power-plants-62.json","plant_id":"64980","capacity_mw":8.1,"status_group":"Operating","energy_sources":"DFO; MWH; SUN","type":"Power plant","is_nuclear":false}},{"type":"Feature","geometry":{"type":"Point","coordinates":[-71.76,42.279]},"properties":{"key":"50087-e86ba5b8","layer":"power","name":"Univ of Massachusetts Medical Center","state":"MA","detail_file":"data/details/power-plants-43.json","plant_id":"50087","capacity_mw":17.5,"status_group":"Operating","energy_sources":"NG","type":"Power plant","is_nuclear":false}},{"type":"Feature","geometry":{"type":"Point","coordinates":[-70.789,41.964]},"properties":{"key":"67276-07cb8938","layer":"power","name":"Upland","state":"MA","detail_file":"data/details/power-plants-04.json","plant_id":"67276","capacity_mw":7.3,"status_group":"Operating","energy_sources":"MWH; SUN","type":"Power plant","is_nuclear":false}},{"type":"Feature","geometry":{"type":"Point","coordinates":[-71.988,42.333]},"properties":{"key":"59781-47206a55","layer":"power","name":"Upper Blackstone (MA) Treasure Valley","state":"MA","detail_file":"data/details/power-plants-03.json","plant_id":"59781","capacity_mw":5.0,"status_group":"Operating","energy_sources":"SUN","type":"Power plant","is_nuclear":false}},{"type":"Feature","geometry":{"type":"Point","coordinates":[-71.7,42.1]},"properties":{"key":"61297-8654b6b2","layer":"power","name":"Upton Community Solar","state":"MA","detail_file":"data/details/power-plants-35.json","plant_id":"61297","capacity_mw":2.0,"status_group":"Operating","energy_sources":"SUN","type":"Power plant","is_nuclear":false}},{"type":"Feature","geometry":{"type":"Point","coordinates":[-70.991,41.669]},"properties":{"key":"65670-54f911fd","layer":"power","name":"Ventura","state":"MA","detail_file":"data/details/power-plants-28.json","plant_id":"65670","capacity_mw":2.0,"status_group":"Operating","energy_sources":"MWH; SUN","type":"Power plant","is_nuclear":false}},{"type":"Feature","geometry":{"type":"Point","coordinates":[-70.487,41.047]},"properties":{"key":"63093-65ff1c1e","layer":"power","name":"Vineyard Wind 1","state":"MA","detail_file":"data/details/power-plants-47.json","plant_id":"63093","capacity_mw":800.0,"status_group":"Operating","energy_sources":"WND","type":"Power plant","is_nuclear":false}},{"type":"Feature","geometry":{"type":"Point","coordinates":[-71.711,42.484]},"properties":{"key":"65586-1d376a4f","layer":"power","name":"Wachusett Solar","state":"MA","detail_file":"data/details/power-plants-50.json","plant_id":"65586","capacity_mw":2.0,"status_group":"Operating","energy_sources":"SUN","type":"Power plant","is_nuclear":false}},{"type":"Feature","geometry":{"type":"Point","coordinates":[-71.051,42.495]},"properties":{"key":"68875-49a37d5a","layer":"power","name":"Wakefield MA BESS 1","state":"MA","detail_file":"data/details/power-plants-10.json","plant_id":"68875","capacity_mw":5.0,"status_group":"Operating","energy_sources":"MWH","type":"Power plant","is_nuclear":false}},{"type":"Feature","geometry":{"type":"Point","coordinates":[-71.266,42.117]},"properties":{"key":"58936-a3dc4e22","layer":"power","name":"Walpole Solar 2","state":"MA","detail_file":"data/details/power-plants-61.json","plant_id":"58936","capacity_mw":2.4,"status_group":"Operating","energy_sources":"SUN","type":"Power plant","is_nuclear":false}},{"type":"Feature","geometry":{"type":"Point","coordinates":[-70.746,41.888]},"properties":{"key":"67947-b39cebce","layer":"power","name":"Ward Solar 1, LLC","state":"MA","detail_file":"data/details/power-plants-20.json","plant_id":"67947","capacity_mw":2.0,"status_group":"Operating","energy_sources":"SUN","type":"Power plant","is_nuclear":false}},{"type":"Feature","geometry":{"type":"Point","coordinates":[-70.705,41.802]},"properties":{"key":"60443-1253594d","layer":"power","name":"Wareham MA 1 Community Solar","state":"MA","detail_file":"data/details/power-plants-30.json","plant_id":"60443","capacity_mw":2.0,"status_group":"Operating","energy_sources":"SUN","type":"Power plant","is_nuclear":false}},{"type":"Feature","geometry":{"type":"Point","coordinates":[-70.75,41.78]},"properties":{"key":"62055-bb12b703","layer":"power","name":"Wareham Solar PV","state":"MA","detail_file":"data/details/power-plants-60.json","plant_id":"62055","capacity_mw":3.3,"status_group":"Operating","energy_sources":"SUN","type":"Power plant","is_nuclear":false}},{"type":"Feature","geometry":{"type":"Point","coordinates":[-70.965,41.777]},"properties":{"key":"62646-bc3ecc8c","layer":"power","name":"Washburn Road Solar","state":"MA","detail_file":"data/details/power-plants-24.json","plant_id":"62646","capacity_mw":1.9,"status_group":"Operating","energy_sources":"SUN","type":"Power plant","is_nuclear":false}},{"type":"Feature","geometry":{"type":"Point","coordinates":[-70.928,42.543]},"properties":{"key":"1678-a44ddd07","layer":"power","name":"Waters River","state":"MA","detail_file":"data/details/power-plants-62.json","plant_id":"1678","capacity_mw":43.6,"status_group":"Operating","energy_sources":"NG","type":"Power plant","is_nuclear":false}},{"type":"Feature","geometry":{"type":"Point","coordinates":[-71.85,42.028]},"properties":{"key":"65722-305aa4c6","layer":"power","name":"Webster Solar","state":"MA","detail_file":"data/details/power-plants-18.json","plant_id":"65722","capacity_mw":1.0,"status_group":"Operating","energy_sources":"SUN","type":"Power plant","is_nuclear":false}},{"type":"Feature","geometry":{"type":"Point","coordinates":[-71.308,42.294]},"properties":{"key":"54937-959e602c","layer":"power","name":"Wellesley College Central Utility Plant","state":"MA","detail_file":"data/details/power-plants-26.json","plant_id":"54937","capacity_mw":13.9,"status_group":"Operating","energy_sources":"DFO; NG","type":"Power plant","is_nuclear":false}},{"type":"Feature","geometry":{"type":"Point","coordinates":[-71.771,42.331]},"properties":{"key":"61415-d6a3037e","layer":"power","name":"West Boylston Community Shared Solar","state":"MA","detail_file":"data/details/power-plants-26.json","plant_id":"61415","capacity_mw":1.5,"status_group":"Operating","energy_sources":"SUN","type":"Power plant","is_nuclear":false}},{"type":"Feature","geometry":{"type":"Point","coordinates":[-71.034,42.025]},"properties":{"key":"60424-cc25f82f","layer":"power","name":"West Bridgewater AB CSG","state":"MA","detail_file":"data/details/power-plants-30.json","plant_id":"60424","capacity_mw":1.7,"status_group":"Operating","energy_sources":"SUN","type":"Power plant","is_nuclear":false}},{"type":"Feature","geometry":{"type":"Point","coordinates":[-71.634,42.613]},"properties":{"key":"60276-e03de23e","layer":"power","name":"West Groton CHP","state":"MA","detail_file":"data/details/power-plants-46.json","plant_id":"60276","capacity_mw":4.1,"status_group":"Operating","energy_sources":"NG","type":"Power plant","is_nuclear":false}},{"type":"Feature","geometry":{"type":"Point","coordinates":[-71.093,41.881]},"properties":{"key":"62625-8f806c82","layer":"power","name":"West Water Street","state":"MA","detail_file":"data/details/power-plants-34.json","plant_id":"62625","capacity_mw":10.0,"status_group":"Operating","energy_sources":"DFO","type":"Power plant","is_nuclear":false}},{"type":"Feature","geometry":{"type":"Point","coordinates":[-71.609,42.263]},"properties":{"key":"59368-18d40013","layer":"power","name":"Westborough Solar LLC","state":"MA","detail_file":"data/details/power-plants-62.json","plant_id":"59368","capacity_mw":1.8,"status_group":"Operating","energy_sources":"SUN","type":"Power plant","is_nuclear":false}},{"type":"Feature","geometry":{"type":"Point","coordinates":[-71.419,42.636]},"properties":{"key":"58534-b1969aab","layer":"power","name":"Westford Solar Park","state":"MA","detail_file":"data/details/power-plants-32.json","plant_id":"58534","capacity_mw":4.0,"status_group":"Operating","energy_sources":"SUN","type":"Power plant","is_nuclear":false}},{"type":"Feature","geometry":{"type":"Point","coordinates":[-71.896,42.584]},"properties":{"key":"62226-15cd1c6a","layer":"power","name":"Westminster Renewables, LLC CSG","state":"MA","detail_file":"data/details/power-plants-22.json","plant_id":"62226","capacity_mw":1.5,"status_group":"Operating","energy_sources":"SUN","type":"Power plant","is_nuclear":false}},{"type":"Feature","geometry":{"type":"Point","coordinates":[-71.282,42.375]},"properties":{"key":"61537-36d961b3","layer":"power","name":"Weston Landfill Solar","state":"MA","detail_file":"data/details/power-plants-43.json","plant_id":"61537","capacity_mw":1.8,"status_group":"Operating","energy_sources":"SUN","type":"Power plant","is_nuclear":false}},{"type":"Feature","geometry":{"type":"Point","coordinates":[-71.074,41.54]},"properties":{"key":"68658-f333531c","layer":"power","name":"Westport (MA)","state":"MA","detail_file":"data/details/power-plants-25.json","plant_id":"68658","capacity_mw":2.5,"status_group":"Operating","energy_sources":"SUN","type":"Power plant","is_nuclear":false}},{"type":"Feature","geometry":{"type":"Point","coordinates":[-71.09,41.705]},"properties":{"key":"64589-ddf21d51","layer":"power","name":"Westport B Community Solar Garden","state":"MA","detail_file":"data/details/power-plants-56.json","plant_id":"64589","capacity_mw":4.5,"status_group":"Operating","energy_sources":"SUN","type":"Power plant","is_nuclear":false}},{"type":"Feature","geometry":{"type":"Point","coordinates":[-71.094,41.69]},"properties":{"key":"64574-5b2968df","layer":"power","name":"Westport Community Solar Garden","state":"MA","detail_file":"data/details/power-plants-15.json","plant_id":"64574","capacity_mw":2.0,"status_group":"Operating","energy_sources":"SUN","type":"Power plant","is_nuclear":false}},{"type":"Feature","geometry":{"type":"Point","coordinates":[-71.057,41.621]},"properties":{"key":"60473-5339ed7a","layer":"power","name":"Westport MA 1 Community Solar","state":"MA","detail_file":"data/details/power-plants-12.json","plant_id":"60473","capacity_mw":1.3,"status_group":"Operating","energy_sources":"SUN","type":"Power plant","is_nuclear":false}},{"type":"Feature","geometry":{"type":"Point","coordinates":[-71.057,41.621]},"properties":{"key":"60476-fe307e65","layer":"power","name":"Westport MA 2 Community Solar","state":"MA","detail_file":"data/details/power-plants-43.json","plant_id":"60476","capacity_mw":1.2,"status_group":"Operating","energy_sources":"SUN","type":"Power plant","is_nuclear":false}},{"type":"Feature","geometry":{"type":"Point","coordinates":[-71.055,41.621]},"properties":{"key":"66447-77621f28","layer":"power","name":"Westport Stone & Sand Solar (CSG)","state":"MA","detail_file":"data/details/power-plants-19.json","plant_id":"66447","capacity_mw":5.0,"status_group":"Operating","energy_sources":"SUN","type":"Power plant","is_nuclear":false}},{"type":"Feature","geometry":{"type":"Point","coordinates":[-71.767,42.221]},"properties":{"key":"50878-7cb7c5f0","layer":"power","name":"Wheelabrator Millbury Facility","state":"MA","detail_file":"data/details/power-plants-58.json","plant_id":"50878","capacity_mw":47.6,"status_group":"Operating","energy_sources":"MSW","type":"Power plant","is_nuclear":false}},{"type":"Feature","geometry":{"type":"Point","coordinates":[-71.122,42.726]},"properties":{"key":"50877-4f260522","layer":"power","name":"Wheelabrator North Andover","state":"MA","detail_file":"data/details/power-plants-15.json","plant_id":"50877","capacity_mw":40.3,"status_group":"Operating","energy_sources":"MSW","type":"Power plant","is_nuclear":false}},{"type":"Feature","geometry":{"type":"Point","coordinates":[-70.98,42.447]},"properties":{"key":"50880-6388d7d1","layer":"power","name":"Wheelabrator Saugus","state":"MA","detail_file":"data/details/power-plants-51.json","plant_id":"50880","capacity_mw":57.8,"status_group":"Operating","energy_sources":"MSW","type":"Power plant","is_nuclear":false}},{"type":"Feature","geometry":{"type":"Point","coordinates":[-70.858,42.513]},"properties":{"key":"6586-56bf5f2a","layer":"power","name":"Wilkins Station","state":"MA","detail_file":"data/details/power-plants-62.json","plant_id":"6586","capacity_mw":5.4,"status_group":"Operating","energy_sources":"DFO","type":"Power plant","is_nuclear":false}},{"type":"Feature","geometry":{"type":"Point","coordinates":[-71.354,42.025]},"properties":{"key":"64436-9832e5e0","layer":"power","name":"Wilmarth Solar","state":"MA","detail_file":"data/details/power-plants-42.json","plant_id":"64436","capacity_mw":7.3,"status_group":"Operating","energy_sources":"MWH; SUN","type":"Power plant","is_nuclear":false}},{"type":"Feature","geometry":{"type":"Point","coordinates":[-71.175,42.546]},"properties":{"key":"60736-f018ab1a","layer":"power","name":"Wilmington Solar","state":"MA","detail_file":"data/details/power-plants-52.json","plant_id":"60736","capacity_mw":2.0,"status_group":"Operating","energy_sources":"SUN","type":"Power plant","is_nuclear":false}},{"type":"Feature","geometry":{"type":"Point","coordinates":[-71.98,42.264]},"properties":{"key":"58174-f16c19aa","layer":"power","name":"Wilson Solar (MA)","state":"MA","detail_file":"data/details/power-plants-30.json","plant_id":"58174","capacity_mw":2.0,"status_group":"Operating","energy_sources":"SUN","type":"Power plant","is_nuclear":false}},{"type":"Feature","geometry":{"type":"Point","coordinates":[-71.992,42.659]},"properties":{"key":"59466-4dd06f10","layer":"power","name":"Winchendon Solar","state":"MA","detail_file":"data/details/power-plants-22.json","plant_id":"59466","capacity_mw":1.9,"status_group":"Operating","energy_sources":"SUN","type":"Power plant","is_nuclear":false}},{"type":"Feature","geometry":{"type":"Point","coordinates":[-71.139,42.511]},"properties":{"key":"65216-16952609","layer":"power","name":"Woburn","state":"MA","detail_file":"data/details/power-plants-57.json","plant_id":"65216","capacity_mw":1.3,"status_group":"Operating","energy_sources":"SUN","type":"Power plant","is_nuclear":false}},{"type":"Feature","geometry":{"type":"Point","coordinates":[-71.975,42.258]},"properties":{"key":"63565-584185ee","layer":"power","name":"Woodchuck Solar, LLC CSG","state":"MA","detail_file":"data/details/power-plants-21.json","plant_id":"63565","capacity_mw":1.0,"status_group":"Operating","energy_sources":"SUN","type":"Power plant","is_nuclear":false}},{"type":"Feature","geometry":{"type":"Point","coordinates":[-71.318,41.888]},"properties":{"key":"65720-77b45ef2","layer":"power","name":"Woodland Avenue Solar 1","state":"MA","detail_file":"data/details/power-plants-62.json","plant_id":"65720","capacity_mw":5.0,"status_group":"Operating","energy_sources":"SUN","type":"Power plant","is_nuclear":false}},{"type":"Feature","geometry":{"type":"Point","coordinates":[-71.791,42.219]},"properties":{"key":"60621-66d498ce","layer":"power","name":"Worcester Landfill","state":"MA","detail_file":"data/details/power-plants-46.json","plant_id":"60621","capacity_mw":6.5,"status_group":"Operating","energy_sources":"SUN","type":"Power plant","is_nuclear":false}},{"type":"Feature","geometry":{"type":"Point","coordinates":[-71.673,42.516]},"properties":{"key":"64147-2e8e6eea","layer":"power","name":"ZPD-PT Solar Project 2017-038 Hybrid LLC","state":"MA","detail_file":"data/details/power-plants-35.json","plant_id":"64147","capacity_mw":8.5,"status_group":"Operating","energy_sources":"MWH; SUN","type":"Power plant","is_nuclear":false}},{"type":"Feature","geometry":{"type":"Point","coordinates":[-70.913,43.544]},"properties":{"key":"64673-7b123c3e","layer":"power","name":"Acton","state":"ME","detail_file":"data/details/power-plants-12.json","plant_id":"64673","capacity_mw":3.5,"status_group":"Operating","energy_sources":"SUN","type":"Power plant","is_nuclear":false}},{"type":"Feature","geometry":{"type":"Point","coordinates":[-70.408,43.615]},"properties":{"key":"67375-d4fd6557","layer":"power","name":"BWC Beech Ridge Brook, LLC","state":"ME","detail_file":"data/details/power-plants-25.json","plant_id":"67375","capacity_mw":5.0,"status_group":"Operating","energy_sources":"SUN","type":"Power plant","is_nuclear":false}},{"type":"Feature","geometry":{"type":"Point","coordinates":[-70.757,43.793]},"properties":{"key":"65532-e0e571f9","layer":"power","name":"Baldwin (ME)","state":"ME","detail_file":"data/details/power-plants-27.json","plant_id":"65532","capacity_mw":5.0,"status_group":"Operating","energy_sources":"SUN","type":"Power plant","is_nuclear":false}},{"type":"Feature","geometry":{"type":"Point","coordinates":[-70.911,43.328]},"properties":{"key":"69802-7a0c31fe","layer":"power","name":"Berwick Hubbard Solar 1","state":"ME","detail_file":"data/details/power-plants-55.json","plant_id":"69802","capacity_mw":3.5,"status_group":"Operating","energy_sources":"SUN","type":"Power plant","is_nuclear":false}},{"type":"Feature","geometry":{"type":"Point","coordinates":[-70.612,43.688]},"properties":{"key":"1482-235a6578","layer":"power","name":"Bonny Eagle","state":"ME","detail_file":"data/details/power-plants-21.json","plant_id":"1482","capacity_mw":15.2,"status_group":"Operating","energy_sources":"MWH; WAT","type":"Power plant","is_nuclear":false}},{"type":"Feature","geometry":{"type":"Point","coordinates":[-70.235,43.809]},"properties":{"key":"69715-7ce7d029","layer":"power","name":"Boundary Line Solar, LLC","state":"ME","detail_file":"data/details/power-plants-40.json","plant_id":"69715","capacity_mw":1.0,"status_group":"Operating","energy_sources":"SUN","type":"Power plant","is_nuclear":false}},{"type":"Feature","geometry":{"type":"Point","coordinates":[-69.968,43.92]},"properties":{"key":"1483-b522e1f8","layer":"power","name":"Brunswick Hydro","state":"ME","detail_file":"data/details/power-plants-15.json","plant_id":"1483","capacity_mw":19.6,"status_group":"Operating","energy_sources":"WAT","type":"Power plant","is_nuclear":false}},{"type":"Feature","geometry":{"type":"Point","coordinates":[-70.254,43.644]},"properties":{"key":"1484-178bb185","layer":"power","name":"Cape Gas Turbine","state":"ME","detail_file":"data/details/power-plants-18.json","plant_id":"1484","capacity_mw":35.0,"status_group":"Operating","energy_sources":"DFO","type":"Power plant","is_nuclear":false}},{"type":"Feature","geometry":{"type":"Point","coordinates":[-70.447,43.496]},"properties":{"key":"1486-ddecad6e","layer":"power","name":"Cataract Hydro","state":"ME","detail_file":"data/details/power-plants-57.json","plant_id":"1486","capacity_mw":6.6,"status_group":"Operating","energy_sources":"WAT","type":"Power plant","is_nuclear":false}},{"type":"Feature","geometry":{"type":"Point","coordinates":[-69.705,43.965]},"properties":{"key":"66878-9a1ab543","layer":"power","name":"Cenergy - Wiscasset (CSG)","state":"ME","detail_file":"data/details/power-plants-60.json","plant_id":"66878","capacity_mw":5.0,"status_group":"Operating","energy_sources":"SUN","type":"Power plant","is_nuclear":false}},{"type":"Feature","geometry":{"type":"Point","coordinates":[-70.398,43.683]},"properties":{"key":"66606-9c5d3fdc","layer":"power","name":"Cross Town Energy Storage","state":"ME","detail_file":"data/details/power-plants-54.json","plant_id":"66606","capacity_mw":175.0,"status_group":"Operating","energy_sources":"MWH","type":"Power plant","is_nuclear":false}},{"type":"Feature","geometry":{"type":"Point","coordinates":[-70.317,43.892]},"properties":{"key":"67014-a27c1690","layer":"power","name":"Dynamic - Gray Solar","state":"ME","detail_file":"data/details/power-plants-01.json","plant_id":"67014","capacity_mw":4.9,"status_group":"Operating","energy_sources":"SUN","type":"Power plant","is_nuclear":false}},{"type":"Feature","geometry":{"type":"Point","coordinates":[-70.558,43.643]},"properties":{"key":"65366-33bafd73","layer":"power","name":"Emery Meadow Solar Station","state":"ME","detail_file":"data/details/power-plants-19.json","plant_id":"65366","capacity_mw":16.4,"status_group":"Under construction","energy_sources":"SUN","type":"Power plant","is_nuclear":false}},{"type":"Feature","geometry":{"type":"Point","coordinates":[-70.897,43.348]},"properties":{"key":"68491-abb06a77","layer":"power","name":"Freedom Pine Solar","state":"ME","detail_file":"data/details/power-plants-04.json","plant_id":"68491","capacity_mw":250.0,"status_group":"Planned","energy_sources":"SUN","type":"Power plant","is_nuclear":false}},{"type":"Feature","geometry":{"type":"Point","coordinates":[-70.41,43.66]},"properties":{"key":"65342-d0ea4f83","layer":"power","name":"Gorham Solar 1 (CSG)","state":"ME","detail_file":"data/details/power-plants-20.json","plant_id":"65342","capacity_mw":5.0,"status_group":"Operating","energy_sources":"SUN","type":"Power plant","is_nuclear":false}},{"type":"Feature","geometry":{"type":"Point","coordinates":[-70.797,43.852]},"properties":{"key":"1493-65a7e09d","layer":"power","name":"Hiram","state":"ME","detail_file":"data/details/power-plants-15.json","plant_id":"1493","capacity_mw":10.5,"status_group":"Operating","energy_sources":"WAT","type":"Power plant","is_nuclear":false}},{"type":"Feature","geometry":{"type":"Point","coordinates":[-70.781,43.25]},"properties":{"key":"70140-d3faaf7d","layer":"power","name":"Knights Pond Solar, LLC","state":"ME","detail_file":"data/details/power-plants-24.json","plant_id":"70140","capacity_mw":3.9,"status_group":"Operating","energy_sources":"SUN","type":"Power plant","is_nuclear":false}},{"type":"Feature","geometry":{"type":"Point","coordinates":[-70.942,43.377]},"properties":{"key":"68406-cb0816fb","layer":"power","name":"Lebanon CSG LLC","state":"ME","detail_file":"data/details/power-plants-50.json","plant_id":"68406","capacity_mw":3.8,"status_group":"Operating","energy_sources":"SUN","type":"Power plant","is_nuclear":false}},{"type":"Feature","geometry":{"type":"Point","coordinates":[-70.943,43.379]},"properties":{"key":"69801-d30eedc8","layer":"power","name":"Lebanon West Lebanon Solar 1","state":"ME","detail_file":"data/details/power-plants-13.json","plant_id":"69801","capacity_mw":2.0,"status_group":"Operating","energy_sources":"SUN","type":"Power plant","is_nuclear":false}},{"type":"Feature","geometry":{"type":"Point","coordinates":[-69.518,43.966]},"properties":{"key":"67194-1406fb74","layer":"power","name":"ME - EDFR - Phase I - Bristol","state":"ME","detail_file":"data/details/power-plants-29.json","plant_id":"67194","capacity_mw":5.0,"status_group":"Operating","energy_sources":"SUN","type":"Power plant","is_nuclear":false}},{"type":"Feature","geometry":{"type":"Point","coordinates":[-69.784,43.938]},"properties":{"key":"67349-70054eed","layer":"power","name":"ME-EDFR-Phase I-Woolwich","state":"ME","detail_file":"data/details/power-plants-27.json","plant_id":"67349","capacity_mw":5.0,"status_group":"Operating","energy_sources":"SUN","type":"Power plant","is_nuclear":false}},{"type":"Feature","geometry":{"type":"Point","coordinates":[-70.398,43.585]},"properties":{"key":"69581-661300d8","layer":"power","name":"MEVS Waterhouse","state":"ME","detail_file":"data/details/power-plants-62.json","plant_id":"69581","capacity_mw":2.0,"status_group":"Operating","energy_sources":"SUN","type":"Power plant","is_nuclear":false}},{"type":"Feature","geometry":{"type":"Point","coordinates":[-70.727,43.432]},"properties":{"key":"69499-7eadc055","layer":"power","name":"Mousam River Solar","state":"ME","detail_file":"data/details/power-plants-50.json","plant_id":"69499","capacity_mw":20.0,"status_group":"Operating","energy_sources":"SUN","type":"Power plant","is_nuclear":false}},{"type":"Feature","geometry":{"type":"Point","coordinates":[-70.577,43.971]},"properties":{"key":"64675-22233004","layer":"power","name":"Naples","state":"ME","detail_file":"data/details/power-plants-62.json","plant_id":"64675","capacity_mw":2.0,"status_group":"Operating","energy_sources":"SUN","type":"Power plant","is_nuclear":false}},{"type":"Feature","geometry":{"type":"Point","coordinates":[-70.45,43.803]},"properties":{"key":"1501-4773a548","layer":"power","name":"North Gorham","state":"ME","detail_file":"data/details/power-plants-50.json","plant_id":"1501","capacity_mw":2.2,"status_group":"Operating","energy_sources":"WAT","type":"Power plant","is_nuclear":false}},{"type":"Feature","geometry":{"type":"Point","coordinates":[-70.024,43.957]},"properties":{"key":"50758-748ba77b","layer":"power","name":"Pejepscot Hydroelectric Project","state":"ME","detail_file":"data/details/power-plants-31.json","plant_id":"50758","capacity_mw":13.5,"status_group":"Operating","energy_sources":"WAT","type":"Power plant","is_nuclear":false}},{"type":"Feature","geometry":{"type":"Point","coordinates":[-70.733,43.338]},"properties":{"key":"67448-bd6c57a4","layer":"power","name":"Quarry","state":"ME","detail_file":"data/details/power-plants-01.json","plant_id":"67448","capacity_mw":5.0,"status_group":"Operating","energy_sources":"SUN","type":"Power plant","is_nuclear":false}},{"type":"Feature","geometry":{"type":"Point","coordinates":[-70.335,43.656]},"properties":{"key":"50225-09c8ece9","layer":"power","name":"Regional Waste Systems","state":"ME","detail_file":"data/details/power-plants-24.json","plant_id":"50225","capacity_mw":13.3,"status_group":"Operating","energy_sources":"MSW","type":"Power plant","is_nuclear":false}},{"type":"Feature","geometry":{"type":"Point","coordinates":[-70.459,43.856]},"properties":{"key":"69082-d25ec97c","layer":"power","name":"Roosevelt Trail","state":"ME","detail_file":"data/details/power-plants-39.json","plant_id":"69082","capacity_mw":1.0,"status_group":"Operating","energy_sources":"SUN","type":"Power plant","is_nuclear":false}},{"type":"Feature","geometry":{"type":"Point","coordinates":[-70.353,43.685]},"properties":{"key":"50447-e1368841","layer":"power","name":"S D Warren Westbrook","state":"ME","detail_file":"data/details/power-plants-44.json","plant_id":"50447","capacity_mw":69.7,"status_group":"Operating","energy_sources":"WAT; WDS","type":"Power plant","is_nuclear":false}},{"type":"Feature","geometry":{"type":"Point","coordinates":[-69.947,43.897]},"properties":{"key":"66381-f53460db","layer":"power","name":"SCS Harpswell 012903 Brunswick, LLC","state":"ME","detail_file":"data/details/power-plants-10.json","plant_id":"66381","capacity_mw":4.9,"status_group":"Operating","energy_sources":"SUN","type":"Power plant","is_nuclear":false}},{"type":"Feature","geometry":{"type":"Point","coordinates":[-70.811,43.227]},"properties":{"key":"50702-362494c6","layer":"power","name":"Salmon Falls","state":"ME","detail_file":"data/details/power-plants-31.json","plant_id":"50702","capacity_mw":1.2,"status_group":"Operating","energy_sources":"WAT","type":"Power plant","is_nuclear":false}},{"type":"Feature","geometry":{"type":"Point","coordinates":[-70.754,43.435]},"properties":{"key":"67452-c98740a1","layer":"power","name":"Sanford -NY","state":"ME","detail_file":"data/details/power-plants-40.json","plant_id":"67452","capacity_mw":4.9,"status_group":"Operating","energy_sources":"SUN","type":"Power plant","is_nuclear":false}},{"type":"Feature","geometry":{"type":"Point","coordinates":[-70.714,43.432]},"properties":{"key":"67451-436af7d6","layer":"power","name":"Sanford CGA","state":"ME","detail_file":"data/details/power-plants-41.json","plant_id":"67451","capacity_mw":5.0,"status_group":"Operating","energy_sources":"SUN","type":"Power plant","is_nuclear":false}},{"type":"Feature","geometry":{"type":"Point","coordinates":[-70.712,43.408]},"properties":{"key":"64615-5c4b1764","layer":"power","name":"Sanford ESS, LLC","state":"ME","detail_file":"data/details/power-plants-40.json","plant_id":"64615","capacity_mw":5.0,"status_group":"Under construction","energy_sources":"MWH","type":"Power plant","is_nuclear":false}},{"type":"Feature","geometry":{"type":"Point","coordinates":[-70.78,43.457]},"properties":{"key":"63667-319694a9","layer":"power","name":"Sanford Solar","state":"ME","detail_file":"data/details/power-plants-28.json","plant_id":"63667","capacity_mw":49.4,"status_group":"Operating","energy_sources":"SUN","type":"Power plant","is_nuclear":false}},{"type":"Feature","geometry":{"type":"Point","coordinates":[-70.343,43.895]},"properties":{"key":"67453-7b52dcbc","layer":"power","name":"Shaker","state":"ME","detail_file":"data/details/power-plants-19.json","plant_id":"67453","capacity_mw":5.0,"status_group":"Operating","energy_sources":"SUN","type":"Power plant","is_nuclear":false}},{"type":"Feature","geometry":{"type":"Point","coordinates":[-70.558,43.571]},"properties":{"key":"1505-6902ec6b","layer":"power","name":"Skelton","state":"ME","detail_file":"data/details/power-plants-03.json","plant_id":"1505","capacity_mw":16.8,"status_group":"Operating","energy_sources":"WAT","type":"Power plant","is_nuclear":false}},{"type":"Feature","geometry":{"type":"Point","coordinates":[-70.331,43.623]},"properties":{"key":"64616-2234732f","layer":"power","name":"South Portland ESS, LLC","state":"ME","detail_file":"data/details/power-plants-54.json","plant_id":"64616","capacity_mw":10.0,"status_group":"Under construction","energy_sources":"MWH","type":"Power plant","is_nuclear":false}},{"type":"Feature","geometry":{"type":"Point","coordinates":[-70.547,43.751]},"properties":{"key":"67333-ecb73734","layer":"power","name":"Standish","state":"ME","detail_file":"data/details/power-plants-17.json","plant_id":"67333","capacity_mw":5.0,"status_group":"Operating","energy_sources":"SUN","type":"Power plant","is_nuclear":false}},{"type":"Feature","geometry":{"type":"Point","coordinates":[-70.011,43.975]},"properties":{"key":"65369-926b0a17","layer":"power","name":"Topsham Meadow Solar Station","state":"ME","detail_file":"data/details/power-plants-13.json","plant_id":"65369","capacity_mw":17.2,"status_group":"Under construction","energy_sources":"SUN","type":"Power plant","is_nuclear":false}},{"type":"Feature","geometry":{"type":"Point","coordinates":[-70.231,43.824]},"properties":{"key":"69709-e49487da","layer":"power","name":"Water Line Solar, LLC","state":"ME","detail_file":"data/details/power-plants-26.json","plant_id":"69709","capacity_mw":1.0,"status_group":"Operating","energy_sources":"SUN","type":"Power plant","is_nuclear":false}},{"type":"Feature","geometry":{"type":"Point","coordinates":[-70.719,43.591]},"properties":{"key":"68394-47458e1c","layer":"power","name":"Waterboro","state":"ME","detail_file":"data/details/power-plants-27.json","plant_id":"68394","capacity_mw":4.9,"status_group":"Operating","energy_sources":"SUN","type":"Power plant","is_nuclear":false}},{"type":"Feature","geometry":{"type":"Point","coordinates":[-70.629,43.327]},"properties":{"key":"67340-aa47bad7","layer":"power","name":"Wells (ME)","state":"ME","detail_file":"data/details/power-plants-30.json","plant_id":"67340","capacity_mw":4.8,"status_group":"Operating","energy_sources":"SUN","type":"Power plant","is_nuclear":false}},{"type":"Feature","geometry":{"type":"Point","coordinates":[-70.787,43.867]},"properties":{"key":"65371-abee5e4f","layer":"power","name":"West Baldwin Solar Station","state":"ME","detail_file":"data/details/power-plants-18.json","plant_id":"65371","capacity_mw":17.1,"status_group":"Under construction","energy_sources":"SUN","type":"Power plant","is_nuclear":false}},{"type":"Feature","geometry":{"type":"Point","coordinates":[-70.602,43.667]},"properties":{"key":"1508-2840f9e0","layer":"power","name":"West Buxton","state":"ME","detail_file":"data/details/power-plants-52.json","plant_id":"1508","capacity_mw":7.7,"status_group":"Operating","energy_sources":"WAT","type":"Power plant","is_nuclear":false}},{"type":"Feature","geometry":{"type":"Point","coordinates":[-70.375,43.657]},"properties":{"key":"55294-fbcf46da","layer":"power","name":"Westbrook Energy Center Power Plant","state":"ME","detail_file":"data/details/power-plants-49.json","plant_id":"55294","capacity_mw":563.9,"status_group":"Operating","energy_sources":"NG","type":"Power plant","is_nuclear":false}},{"type":"Feature","geometry":{"type":"Point","coordinates":[-70.157,43.751]},"properties":{"key":"1507-8c6b0d89","layer":"power","name":"William F Wyman Hybrid","state":"ME","detail_file":"data/details/power-plants-02.json","plant_id":"1507","capacity_mw":862.7,"status_group":"Operating","energy_sources":"MWH; RFO","type":"Power plant","is_nuclear":false}},{"type":"Feature","geometry":{"type":"Point","coordinates":[-70.062,43.995]},"properties":{"key":"50278-6ba5a4d4","layer":"power","name":"Worumbo Hydro Station","state":"ME","detail_file":"data/details/power-plants-60.json","plant_id":"50278","capacity_mw":19.4,"status_group":"Operating","energy_sources":"WAT","type":"Power plant","is_nuclear":false}},{"type":"Feature","geometry":{"type":"Point","coordinates":[-71.472,43.002]},"properties":{"key":"2354-9eaee47f","layer":"power","name":"Amoskeag","state":"NH","detail_file":"data/details/power-plants-63.json","plant_id":"2354","capacity_mw":16.0,"status_group":"Operating","energy_sources":"WAT","type":"Power plant","is_nuclear":false}},{"type":"Feature","geometry":{"type":"Point","coordinates":[-71.718,43.598]},"properties":{"key":"2355-ffc346fe","layer":"power","name":"Ayers Island","state":"NH","detail_file":"data/details/power-plants-30.json","plant_id":"2355","capacity_mw":8.4,"status_group":"Operating","energy_sources":"WAT","type":"Power plant","is_nuclear":false}},{"type":"Feature","geometry":{"type":"Point","coordinates":[-70.881,43.247]},"properties":{"key":"69824-f15faa7f","layer":"power","name":"Blackwater Rd Solar","state":"NH","detail_file":"data/details/power-plants-45.json","plant_id":"69824","capacity_mw":2.0,"status_group":"Operating","energy_sources":"SUN","type":"Power plant","is_nuclear":false}},{"type":"Feature","geometry":{"type":"Point","coordinates":[-71.659,43.715]},"properties":{"key":"10290-34946fcf","layer":"power","name":"Bridgewater Power LP","state":"NH","detail_file":"data/details/power-plants-23.json","plant_id":"10290","capacity_mw":20.0,"status_group":"Operating","energy_sources":"WDS","type":"Power plant","is_nuclear":false}},{"type":"Feature","geometry":{"type":"Point","coordinates":[-71.46,43.129]},"properties":{"key":"50103-fdeaeafa","layer":"power","name":"China Mill Hydro","state":"NH","detail_file":"data/details/power-plants-26.json","plant_id":"50103","capacity_mw":1.7,"status_group":"Operating","energy_sources":"WAT","type":"Power plant","is_nuclear":false}},{"type":"Feature","geometry":{"type":"Point","coordinates":[-71.596,43.441]},"properties":{"key":"10276-e37e8260","layer":"power","name":"Clement Dam Hydro LLC","state":"NH","detail_file":"data/details/power-plants-46.json","plant_id":"10276","capacity_mw":2.4,"status_group":"Operating","energy_sources":"WAT","type":"Power plant","is_nuclear":false}},{"type":"Feature","geometry":{"type":"Point","coordinates":[-71.748,43.19]},"properties":{"key":"54384-18029ceb","layer":"power","name":"EHC West Hopkinton","state":"NH","detail_file":"data/details/power-plants-56.json","plant_id":"54384","capacity_mw":1.0,"status_group":"Operating","energy_sources":"WAT","type":"Power plant","is_nuclear":false}},{"type":"Feature","geometry":{"type":"Point","coordinates":[-71.658,43.447]},"properties":{"key":"2356-1039762e","layer":"power","name":"Eastman Falls","state":"NH","detail_file":"data/details/power-plants-20.json","plant_id":"2356","capacity_mw":6.4,"status_group":"Operating","energy_sources":"WAT","type":"Power plant","is_nuclear":false}},{"type":"Feature","geometry":{"type":"Point","coordinates":[-71.509,43.166]},"properties":{"key":"2357-724c0ebd","layer":"power","name":"Garvins Falls","state":"NH","detail_file":"data/details/power-plants-20.json","plant_id":"2357","capacity_mw":12.4,"status_group":"Operating","energy_sources":"WAT","type":"Power plant","is_nuclear":false}},{"type":"Feature","geometry":{"type":"Point","coordinates":[-71.426,42.904]},"properties":{"key":"55170-22ab6d79","layer":"power","name":"Granite Ridge","state":"NH","detail_file":"data/details/power-plants-26.json","plant_id":"55170","capacity_mw":790.0,"status_group":"Operating","energy_sources":"NG","type":"Power plant","is_nuclear":false}},{"type":"Feature","geometry":{"type":"Point","coordinates":[-71.568,43.017]},"properties":{"key":"50384-459d06b9","layer":"power","name":"Gregg Falls","state":"NH","detail_file":"data/details/power-plants-22.json","plant_id":"50384","capacity_mw":3.5,"status_group":"Operating","energy_sources":"WAT","type":"Power plant","is_nuclear":false}},{"type":"Feature","geometry":{"type":"Point","coordinates":[-71.819,43.768]},"properties":{"key":"58141-59afb578","layer":"power","name":"Groton Wind LLC","state":"NH","detail_file":"data/details/power-plants-09.json","plant_id":"58141","capacity_mw":48.0,"status_group":"Operating","energy_sources":"WND","type":"Power plant","is_nuclear":false}},{"type":"Feature","geometry":{"type":"Point","coordinates":[-70.841,42.938]},"properties":{"key":"10108-2d33e7aa","layer":"power","name":"Hampton Facility","state":"NH","detail_file":"data/details/power-plants-29.json","plant_id":"10108","capacity_mw":5.0,"status_group":"Operating","energy_sources":"NG","type":"Power plant","is_nuclear":false}},{"type":"Feature","geometry":{"type":"Point","coordinates":[-71.894,43.114]},"properties":{"key":"10036-429ee444","layer":"power","name":"Hillsborough Hosiery","state":"NH","detail_file":"data/details/power-plants-53.json","plant_id":"10036","capacity_mw":1.2,"status_group":"Operating","energy_sources":"WAT","type":"Power plant","is_nuclear":false}},{"type":"Feature","geometry":{"type":"Point","coordinates":[-71.466,43.102]},"properties":{"key":"2359-be107f42","layer":"power","name":"Hooksett","state":"NH","detail_file":"data/details/power-plants-29.json","plant_id":"2359","capacity_mw":1.6,"status_group":"Operating","energy_sources":"WAT","type":"Power plant","is_nuclear":false}},{"type":"Feature","geometry":{"type":"Point","coordinates":[-71.949,43.111]},"properties":{"key":"2360-b5c6f69b","layer":"power","name":"Jackman","state":"NH","detail_file":"data/details/power-plants-03.json","plant_id":"2360","capacity_mw":3.2,"status_group":"Operating","energy_sources":"WAT","type":"Power plant","is_nuclear":false}},{"type":"Feature","geometry":{"type":"Point","coordinates":[-71.534,43.473]},"properties":{"key":"54572-05219917","layer":"power","name":"Lochmere Hydroelectric Plant","state":"NH","detail_file":"data/details/power-plants-22.json","plant_id":"54572","capacity_mw":1.2,"status_group":"Operating","energy_sources":"WAT","type":"Power plant","is_nuclear":false}},{"type":"Feature","geometry":{"type":"Point","coordinates":[-71.469,43.141]},"properties":{"key":"2364-09ec7f6c","layer":"power","name":"Merrimack","state":"NH","detail_file":"data/details/power-plants-61.json","plant_id":"2364","capacity_mw":496.4,"status_group":"Operating","energy_sources":"BIT; JF","type":"Power plant","is_nuclear":false}},{"type":"Feature","geometry":{"type":"Point","coordinates":[-71.501,42.811]},"properties":{"key":"64454-6f55acc5","layer":"power","name":"Merrimack Solar Farm, LLC","state":"NH","detail_file":"data/details/power-plants-63.json","plant_id":"64454","capacity_mw":2.4,"status_group":"Operating","energy_sources":"SUN","type":"Power plant","is_nuclear":false}},{"type":"Feature","geometry":{"type":"Point","coordinates":[-70.986,43.403]},"properties":{"key":"10519-89cc5d6b","layer":"power","name":"Milton Hydro","state":"NH","detail_file":"data/details/power-plants-01.json","plant_id":"10519","capacity_mw":1.4,"status_group":"Operating","energy_sources":"WAT","type":"Power plant","is_nuclear":false}},{"type":"Feature","geometry":{"type":"Point","coordinates":[-71.505,42.75]},"properties":{"key":"10183-5ff72b35","layer":"power","name":"Mine Falls Generating Station","state":"NH","detail_file":"data/details/power-plants-63.json","plant_id":"10183","capacity_mw":3.0,"status_group":"Operating","energy_sources":"WAT","type":"Power plant","is_nuclear":false}},{"type":"Feature","geometry":{"type":"Point","coordinates":[-71.197,43.836]},"properties":{"key":"50739-38ef6a32","layer":"power","name":"NE Renewable Tamworth, LLC","state":"NH","detail_file":"data/details/power-plants-58.json","plant_id":"50739","capacity_mw":25.0,"status_group":"Operating","energy_sources":"WDS","type":"Power plant","is_nuclear":false}},{"type":"Feature","geometry":{"type":"Point","coordinates":[-71.522,42.732]},"properties":{"key":"55006-7c3cce77","layer":"power","name":"Nashua Plant","state":"NH","detail_file":"data/details/power-plants-09.json","plant_id":"55006","capacity_mw":2.4,"status_group":"Operating","energy_sources":"LFG","type":"Power plant","is_nuclear":false}},{"type":"Feature","geometry":{"type":"Point","coordinates":[-71.733,43.59]},"properties":{"key":"50324-10d469dc","layer":"power","name":"Newfound Hydroelectric","state":"NH","detail_file":"data/details/power-plants-06.json","plant_id":"50324","capacity_mw":1.4,"status_group":"Operating","energy_sources":"WAT","type":"Power plant","is_nuclear":false}},{"type":"Feature","geometry":{"type":"Point","coordinates":[-70.791,43.1]},"properties":{"key":"8002-f98cb6d1","layer":"power","name":"Newington","state":"NH","detail_file":"data/details/power-plants-06.json","plant_id":"8002","capacity_mw":414.0,"status_group":"Operating","energy_sources":"RFO","type":"Power plant","is_nuclear":false}},{"type":"Feature","geometry":{"type":"Point","coordinates":[-70.806,43.105]},"properties":{"key":"55661-8e8b4482","layer":"power","name":"Newington Energy Center","state":"NH","detail_file":"data/details/power-plants-49.json","plant_id":"55661","capacity_mw":605.5,"status_group":"Operating","energy_sources":"NG","type":"Power plant","is_nuclear":false}},{"type":"Feature","geometry":{"type":"Point","coordinates":[-71.023,43.375]},"properties":{"key":"69535-884c918c","layer":"power","name":"Nutes Solar","state":"NH","detail_file":"data/details/power-plants-53.json","plant_id":"69535","capacity_mw":20.0,"status_group":"Under construction","energy_sources":"SUN","type":"Power plant","is_nuclear":false}},{"type":"Feature","geometry":{"type":"Point","coordinates":[-71.454,43.13]},"properties":{"key":"50312-4e8bd28f","layer":"power","name":"Pembroke Hydro","state":"NH","detail_file":"data/details/power-plants-10.json","plant_id":"50312","capacity_mw":2.7,"status_group":"Operating","energy_sources":"WAT","type":"Power plant","is_nuclear":false}},{"type":"Feature","geometry":{"type":"Point","coordinates":[-71.595,43.286]},"properties":{"key":"50353-627975ea","layer":"power","name":"Penacook Lower Falls","state":"NH","detail_file":"data/details/power-plants-05.json","plant_id":"50353","capacity_mw":4.6,"status_group":"Operating","energy_sources":"WAT","type":"Power plant","is_nuclear":false}},{"type":"Feature","geometry":{"type":"Point","coordinates":[-71.601,43.283]},"properties":{"key":"50414-b05dc8af","layer":"power","name":"Penacook Upper Falls Hydro","state":"NH","detail_file":"data/details/power-plants-09.json","plant_id":"50414","capacity_mw":3.4,"status_group":"Operating","energy_sources":"WAT","type":"Power plant","is_nuclear":false}},{"type":"Feature","geometry":{"type":"Point","coordinates":[-71.688,43.764]},"properties":{"key":"54803-cdf76eea","layer":"power","name":"Plymouth State College Cogeneration","state":"NH","detail_file":"data/details/power-plants-34.json","plant_id":"54803","capacity_mw":2.8,"status_group":"Operating","energy_sources":"DFO","type":"Power plant","is_nuclear":false}},{"type":"Feature","geometry":{"type":"Point","coordinates":[-71.604,43.275]},"properties":{"key":"50351-43511819","layer":"power","name":"Rolfe Canal Hydro","state":"NH","detail_file":"data/details/power-plants-63.json","plant_id":"50351","capacity_mw":4.3,"status_group":"Operating","energy_sources":"WAT","type":"Power plant","is_nuclear":false}},{"type":"Feature","geometry":{"type":"Point","coordinates":[-70.817,43.236]},"properties":{"key":"54418-a1fd76cf","layer":"power","name":"Rollinsford","state":"NH","detail_file":"data/details/power-plants-28.json","plant_id":"54418","capacity_mw":1.4,"status_group":"Operating","energy_sources":"WAT","type":"Power plant","is_nuclear":false}},{"type":"Feature","geometry":{"type":"Point","coordinates":[-70.784,43.098]},"properties":{"key":"2367-b6ffd623","layer":"power","name":"Schiller","state":"NH","detail_file":"data/details/power-plants-44.json","plant_id":"2367","capacity_mw":21.2,"status_group":"Operating","energy_sources":"JF","type":"Power plant","is_nuclear":false}},{"type":"Feature","geometry":{"type":"Point","coordinates":[-70.849,42.899]},"properties":{"key":"6115-61cfddac","layer":"power","name":"Seabrook","state":"NH","detail_file":"data/details/power-plants-58.json","plant_id":"6115","capacity_mw":1242.0,"status_group":"Operating","energy_sources":"NUC","type":"Nuclear power plant","is_nuclear":true}},{"type":"Feature","geometry":{"type":"Point","coordinates":[-71.873,42.972]},"properties":{"key":"54515-a20f39fc","layer":"power","name":"Seven Hills New Hampshire","state":"NH","detail_file":"data/details/power-plants-53.json","plant_id":"54515","capacity_mw":2.1,"status_group":"Operating","energy_sources":"DFO","type":"Power plant","is_nuclear":false}},{"type":"Feature","geometry":{"type":"Point","coordinates":[-70.841,43.251]},"properties":{"key":"50704-89c0886b","layer":"power","name":"Somersworth Lower Great Dam","state":"NH","detail_file":"data/details/power-plants-07.json","plant_id":"50704","capacity_mw":1.3,"status_group":"Operating","energy_sources":"WAT","type":"Power plant","is_nuclear":false}},{"type":"Feature","geometry":{"type":"Point","coordinates":[-71.645,43.446]},"properties":{"key":"10109-f419633a","layer":"power","name":"Stevens Mills Dam","state":"NH","detail_file":"data/details/power-plants-15.json","plant_id":"10109","capacity_mw":1.9,"status_group":"Operating","energy_sources":"WAT","type":"Power plant","is_nuclear":false}},{"type":"Feature","geometry":{"type":"Point","coordinates":[-70.966,43.242]},"properties":{"key":"54663-229e21ed","layer":"power","name":"Turnkey Landfill Gas Recovery","state":"NH","detail_file":"data/details/power-plants-29.json","plant_id":"54663","capacity_mw":9.2,"status_group":"Operating","energy_sources":"LFG","type":"Power plant","is_nuclear":false}},{"type":"Feature","geometry":{"type":"Point","coordinates":[-70.936,43.137]},"properties":{"key":"58180-731da4a4","layer":"power","name":"UNH 7.9 MW Plant","state":"NH","detail_file":"data/details/power-plants-35.json","plant_id":"58180","capacity_mw":7.9,"status_group":"Operating","energy_sources":"LFG","type":"Power plant","is_nuclear":false}},{"type":"Feature","geometry":{"type":"Point","coordinates":[-71.577,43.287]},"properties":{"key":"50873-e00e2947","layer":"power","name":"Wheelabrator Concord Facility","state":"NH","detail_file":"data/details/power-plants-23.json","plant_id":"50873","capacity_mw":14.0,"status_group":"Operating","energy_sources":"MSW","type":"Power plant","is_nuclear":false}},{"type":"Feature","geometry":{"type":"Point","coordinates":[-71.207,43.848]},"properties":{"key":"2369-4d42bcfa","layer":"power","name":"White Lake","state":"NH","detail_file":"data/details/power-plants-52.json","plant_id":"2369","capacity_mw":18.6,"status_group":"Operating","energy_sources":"JF","type":"Power plant","is_nuclear":false}},{"type":"Feature","geometry":{"type":"Point","coordinates":[-71.964,41.04]},"properties":{"key":"62734-f97bbcf5","layer":"power","name":"Montauk Energy Storage Center","state":"NY","detail_file":"data/details/power-plants-62.json","plant_id":"62734","capacity_mw":5.0,"status_group":"Operating","energy_sources":"MWH","type":"Power plant","is_nuclear":false}},{"type":"Feature","geometry":{"type":"Point","coordinates":[-71.13,41.09]},"properties":{"key":"65561-2b5f4c8d","layer":"power","name":"South Fork Wind","state":"NY","detail_file":"data/details/power-plants-17.json","plant_id":"65561","capacity_mw":130.0,"status_group":"Operating","energy_sources":"WND","type":"Power plant","is_nuclear":false}},{"type":"Feature","geometry":{"type":"Point","coordinates":[-71.045,40.978]},"properties":{"key":"67435-83e3bc36","layer":"power","name":"Sunrise Wind","state":"NY","detail_file":"data/details/power-plants-38.json","plant_id":"67435","capacity_mw":924.0,"status_group":"Under construction","energy_sources":"WND","type":"Power plant","is_nuclear":false}},{"type":"Feature","geometry":{"type":"Point","coordinates":[-71.496,41.633]},"properties":{"key":"62781-0eef9f41","layer":"power","name":"10 Briggs Solar NG, LLC (East)","state":"RI","detail_file":"data/details/power-plants-46.json","plant_id":"62781","capacity_mw":5.0,"status_group":"Operating","energy_sources":"SUN","type":"Power plant","is_nuclear":false}},{"type":"Feature","geometry":{"type":"Point","coordinates":[-71.14,41.579]},"properties":{"key":"69123-b1712fde","layer":"power","name":"1519 Crandall Road","state":"RI","detail_file":"data/details/power-plants-28.json","plant_id":"69123","capacity_mw":3.5,"status_group":"Operating","energy_sources":"SUN","type":"Power plant","is_nuclear":false}},{"type":"Feature","geometry":{"type":"Point","coordinates":[-71.547,41.798]},"properties":{"key":"64114-2356a1ac","layer":"power","name":"A Street 1","state":"RI","detail_file":"data/details/power-plants-06.json","plant_id":"64114","capacity_mw":1.2,"status_group":"Operating","energy_sources":"SUN","type":"Power plant","is_nuclear":false}},{"type":"Feature","geometry":{"type":"Point","coordinates":[-71.546,41.798]},"properties":{"key":"64111-f43a59f6","layer":"power","name":"A Street 2","state":"RI","detail_file":"data/details/power-plants-44.json","plant_id":"64111","capacity_mw":1.6,"status_group":"Operating","energy_sources":"SUN","type":"Power plant","is_nuclear":false}},{"type":"Feature","geometry":{"type":"Point","coordinates":[-71.748,41.408]},"properties":{"key":"64723-e2fc5301","layer":"power","name":"Alton Road Solar","state":"RI","detail_file":"data/details/power-plants-42.json","plant_id":"64723","capacity_mw":13.9,"status_group":"Operating","energy_sources":"SUN","type":"Power plant","is_nuclear":false}},{"type":"Feature","geometry":{"type":"Point","coordinates":[-71.234,41.719]},"properties":{"key":"63944-1814f986","layer":"power","name":"Blackhorse Farm Solar, LLC CSG","state":"RI","detail_file":"data/details/power-plants-56.json","plant_id":"63944","capacity_mw":3.8,"status_group":"Operating","energy_sources":"SUN","type":"Power plant","is_nuclear":false}},{"type":"Feature","geometry":{"type":"Point","coordinates":[-71.544,42.014]},"properties":{"key":"50177-4a833846","layer":"power","name":"Blackstone/Tupperware","state":"RI","detail_file":"data/details/power-plants-23.json","plant_id":"50177","capacity_mw":1.6,"status_group":"Operating","energy_sources":"WAT","type":"Power plant","is_nuclear":false}},{"type":"Feature","geometry":{"type":"Point","coordinates":[-71.571,41.176]},"properties":{"key":"6567-ee782b3d","layer":"power","name":"Block Island","state":"RI","detail_file":"data/details/power-plants-26.json","plant_id":"6567","capacity_mw":7.1,"status_group":"Operating","energy_sources":"DFO","type":"Power plant","is_nuclear":false}},{"type":"Feature","geometry":{"type":"Point","coordinates":[-71.521,41.115]},"properties":{"key":"58035-ee856120","layer":"power","name":"Block Island Wind Farm","state":"RI","detail_file":"data/details/power-plants-27.json","plant_id":"58035","capacity_mw":30.0,"status_group":"Operating","energy_sources":"WND","type":"Power plant","is_nuclear":false}},{"type":"Feature","geometry":{"type":"Point","coordinates":[-71.288,41.728]},"properties":{"key":"65142-c95d50ca","layer":"power","name":"Bristol Landfill Solar","state":"RI","detail_file":"data/details/power-plants-33.json","plant_id":"65142","capacity_mw":5.0,"status_group":"Operating","energy_sources":"SUN","type":"Power plant","is_nuclear":false}},{"type":"Feature","geometry":{"type":"Point","coordinates":[-71.584,41.988]},"properties":{"key":"60451-a01caa01","layer":"power","name":"Brookside","state":"RI","detail_file":"data/details/power-plants-63.json","plant_id":"60451","capacity_mw":1.0,"status_group":"Operating","energy_sources":"SUN","type":"Power plant","is_nuclear":false}},{"type":"Feature","geometry":{"type":"Point","coordinates":[-71.787,41.795]},"properties":{"key":"61499-c1e81f35","layer":"power","name":"CED Foster","state":"RI","detail_file":"data/details/power-plants-35.json","plant_id":"61499","capacity_mw":2.0,"status_group":"Operating","energy_sources":"SUN","type":"Power plant","is_nuclear":false}},{"type":"Feature","geometry":{"type":"Point","coordinates":[-71.458,41.745]},"properties":{"key":"50621-75efb875","layer":"power","name":"Central Power Plant","state":"RI","detail_file":"data/details/power-plants-26.json","plant_id":"50621","capacity_mw":11.0,"status_group":"Operating","energy_sources":"NG","type":"Power plant","is_nuclear":false}},{"type":"Feature","geometry":{"type":"Point","coordinates":[-71.614,41.976]},"properties":{"key":"67377-01d549a4","layer":"power","name":"Douglas Pike Solar, LLC","state":"RI","detail_file":"data/details/power-plants-53.json","plant_id":"67377","capacity_mw":1.8,"status_group":"Operating","energy_sources":"SUN","type":"Power plant","is_nuclear":false}},{"type":"Feature","geometry":{"type":"Point","coordinates":[-71.507,41.557]},"properties":{"key":"62771-988cd6f6","layer":"power","name":"Dry Bridge Solar (Brown University)","state":"RI","detail_file":"data/details/power-plants-62.json","plant_id":"62771","capacity_mw":40.0,"status_group":"Operating","energy_sources":"SUN","type":"Power plant","is_nuclear":false}},{"type":"Feature","geometry":{"type":"Point","coordinates":[-71.56,41.532]},"properties":{"key":"67411-3b7c79f7","layer":"power","name":"Exeter Mail CSG","state":"RI","detail_file":"data/details/power-plants-17.json","plant_id":"67411","capacity_mw":5.0,"status_group":"Operating","energy_sources":"SUN","type":"Power plant","is_nuclear":false}},{"type":"Feature","geometry":{"type":"Point","coordinates":[-71.523,41.58]},"properties":{"key":"67417-484d5a29","layer":"power","name":"Exeter Renewables 1","state":"RI","detail_file":"data/details/power-plants-45.json","plant_id":"67417","capacity_mw":10.0,"status_group":"Operating","energy_sources":"SUN","type":"Power plant","is_nuclear":false}},{"type":"Feature","geometry":{"type":"Point","coordinates":[-71.567,41.58]},"properties":{"key":"67410-8a4345b8","layer":"power","name":"Exeter Ten (CSG)","state":"RI","detail_file":"data/details/power-plants-58.json","plant_id":"67410","capacity_mw":2.8,"status_group":"Operating","energy_sources":"SUN","type":"Power plant","is_nuclear":false}},{"type":"Feature","geometry":{"type":"Point","coordinates":[-71.339,41.773]},"properties":{"key":"58583-6f5ff84a","layer":"power","name":"Forbes Street Solar","state":"RI","detail_file":"data/details/power-plants-16.json","plant_id":"58583","capacity_mw":3.0,"status_group":"Operating","energy_sources":"SUN","type":"Power plant","is_nuclear":false}},{"type":"Feature","geometry":{"type":"Point","coordinates":[-71.715,41.842]},"properties":{"key":"65637-ad0c28d1","layer":"power","name":"Foster Solar","state":"RI","detail_file":"data/details/power-plants-56.json","plant_id":"65637","capacity_mw":1.2,"status_group":"Operating","energy_sources":"SUN","type":"Power plant","is_nuclear":false}},{"type":"Feature","geometry":{"type":"Point","coordinates":[-71.278,41.577]},"properties":{"key":"62302-7eb5af88","layer":"power","name":"Founders Homestead Farms Solar","state":"RI","detail_file":"data/details/power-plants-28.json","plant_id":"62302","capacity_mw":4.5,"status_group":"Operating","energy_sources":"SUN","type":"Power plant","is_nuclear":false}},{"type":"Feature","geometry":{"type":"Point","coordinates":[-71.596,41.862]},"properties":{"key":"64334-371f5b96","layer":"power","name":"GD Glocester White Oak I, LLC","state":"RI","detail_file":"data/details/power-plants-10.json","plant_id":"64334","capacity_mw":1.8,"status_group":"Operating","energy_sources":"SUN","type":"Power plant","is_nuclear":false}},{"type":"Feature","geometry":{"type":"Point","coordinates":[-71.781,41.438]},"properties":{"key":"63893-c1d41d4a","layer":"power","name":"GD Hopkinton Main I, LLC","state":"RI","detail_file":"data/details/power-plants-38.json","plant_id":"63893","capacity_mw":10.6,"status_group":"Operating","energy_sources":"SUN","type":"Power plant","is_nuclear":false}},{"type":"Feature","geometry":{"type":"Point","coordinates":[-71.505,41.807]},"properties":{"key":"65473-6cf6a720","layer":"power","name":"GD Johnson Scituate I, LLC","state":"RI","detail_file":"data/details/power-plants-36.json","plant_id":"65473","capacity_mw":4.3,"status_group":"Operating","energy_sources":"SUN","type":"Power plant","is_nuclear":false}},{"type":"Feature","geometry":{"type":"Point","coordinates":[-71.627,41.471]},"properties":{"key":"68976-8c0d56b4","layer":"power","name":"GD Richmond Beaver River I LLC","state":"RI","detail_file":"data/details/power-plants-13.json","plant_id":"68976","capacity_mw":5.3,"status_group":"Operating","energy_sources":"SUN","type":"Power plant","is_nuclear":false}},{"type":"Feature","geometry":{"type":"Point","coordinates":[-71.684,41.523]},"properties":{"key":"62567-dfbf9574","layer":"power","name":"GD Richmond Buttonwoods I, LLC","state":"RI","detail_file":"data/details/power-plants-63.json","plant_id":"62567","capacity_mw":1.3,"status_group":"Operating","energy_sources":"SUN","type":"Power plant","is_nuclear":false}},{"type":"Feature","geometry":{"type":"Point","coordinates":[-71.647,41.606]},"properties":{"key":"67116-04f2b952","layer":"power","name":"GD West Greenwich Nooseneck I, LLC","state":"RI","detail_file":"data/details/power-plants-41.json","plant_id":"67116","capacity_mw":20.0,"status_group":"Operating","energy_sources":"SUN","type":"Power plant","is_nuclear":false}},{"type":"Feature","geometry":{"type":"Point","coordinates":[-71.687,41.658]},"properties":{"key":"62568-5733d340","layer":"power","name":"GD West Greenwich Victory I, LLC","state":"RI","detail_file":"data/details/power-plants-29.json","plant_id":"62568","capacity_mw":1.8,"status_group":"Operating","energy_sources":"SUN","type":"Power plant","is_nuclear":false}},{"type":"Feature","geometry":{"type":"Point","coordinates":[-71.526,41.967]},"properties":{"key":"65474-79d4ce06","layer":"power","name":"GDIM 1, LLC","state":"RI","detail_file":"data/details/power-plants-52.json","plant_id":"65474","capacity_mw":9.6,"status_group":"Operating","energy_sources":"SUN","type":"Power plant","is_nuclear":false}},{"type":"Feature","geometry":{"type":"Point","coordinates":[-71.52,41.967]},"properties":{"key":"65475-fc5b4d6b","layer":"power","name":"GDIM 2, LLC","state":"RI","detail_file":"data/details/power-plants-39.json","plant_id":"65475","capacity_mw":9.6,"status_group":"Operating","energy_sources":"SUN","type":"Power plant","is_nuclear":false}},{"type":"Feature","geometry":{"type":"Point","coordinates":[-71.517,41.963]},"properties":{"key":"65476-989ef60c","layer":"power","name":"GDIM 3, LLC","state":"RI","detail_file":"data/details/power-plants-52.json","plant_id":"65476","capacity_mw":9.6,"status_group":"Operating","energy_sources":"SUN","type":"Power plant","is_nuclear":false}},{"type":"Feature","geometry":{"type":"Point","coordinates":[-71.517,41.963]},"properties":{"key":"65477-d3657464","layer":"power","name":"GDIM 4, LLC","state":"RI","detail_file":"data/details/power-plants-43.json","plant_id":"65477","capacity_mw":9.6,"status_group":"Operating","energy_sources":"SUN","type":"Power plant","is_nuclear":false}},{"type":"Feature","geometry":{"type":"Point","coordinates":[-71.528,41.735]},"properties":{"key":"64108-b619368c","layer":"power","name":"Gold Meadow Farms","state":"RI","detail_file":"data/details/power-plants-11.json","plant_id":"64108","capacity_mw":16.2,"status_group":"Operating","energy_sources":"SUN","type":"Power plant","is_nuclear":false}},{"type":"Feature","geometry":{"type":"Point","coordinates":[-71.385,41.789]},"properties":{"key":"65478-641a4db6","layer":"power","name":"Green Providence Wind I, LLC","state":"RI","detail_file":"data/details/power-plants-14.json","plant_id":"65478","capacity_mw":1.5,"status_group":"Operating","energy_sources":"WND","type":"Power plant","is_nuclear":false}},{"type":"Feature","geometry":{"type":"Point","coordinates":[-71.386,41.786]},"properties":{"key":"65479-55e4fc05","layer":"power","name":"Green Providence Wind II, LLC","state":"RI","detail_file":"data/details/power-plants-09.json","plant_id":"65479","capacity_mw":3.0,"status_group":"Operating","energy_sources":"WND","type":"Power plant","is_nuclear":false}},{"type":"Feature","geometry":{"type":"Point","coordinates":[-71.526,41.748]},"properties":{"key":"61840-c44b8c96","layer":"power","name":"Hope Farm Solar, LLC","state":"RI","detail_file":"data/details/power-plants-31.json","plant_id":"61840","capacity_mw":10.0,"status_group":"Operating","energy_sources":"SUN","type":"Power plant","is_nuclear":false}},{"type":"Feature","geometry":{"type":"Point","coordinates":[-71.638,41.729]},"properties":{"key":"65060-25b7ca00","layer":"power","name":"Hope Solar One","state":"RI","detail_file":"data/details/power-plants-50.json","plant_id":"65060","capacity_mw":3.5,"status_group":"Planned","energy_sources":"SUN","type":"Power plant","is_nuclear":false}},{"type":"Feature","geometry":{"type":"Point","coordinates":[-71.567,41.616]},"properties":{"key":"63136-c7781099","layer":"power","name":"Hopkins Hill CSG","state":"RI","detail_file":"data/details/power-plants-06.json","plant_id":"63136","capacity_mw":6.6,"status_group":"Operating","energy_sources":"SUN","type":"Power plant","is_nuclear":false}},{"type":"Feature","geometry":{"type":"Point","coordinates":[-71.791,41.443]},"properties":{"key":"63191-9fdbeaa8","layer":"power","name":"Hopkinton Phase 2","state":"RI","detail_file":"data/details/power-plants-46.json","plant_id":"63191","capacity_mw":2.5,"status_group":"Operating","energy_sources":"SUN","type":"Power plant","is_nuclear":false}},{"type":"Feature","geometry":{"type":"Point","coordinates":[-71.618,41.864]},"properties":{"key":"65386-571a07a0","layer":"power","name":"Howard Lane Solar","state":"RI","detail_file":"data/details/power-plants-12.json","plant_id":"65386","capacity_mw":3.0,"status_group":"Operating","energy_sources":"SUN","type":"Power plant","is_nuclear":false}},{"type":"Feature","geometry":{"type":"Point","coordinates":[-71.463,41.735]},"properties":{"key":"63718-928fe0bf","layer":"power","name":"ISM Solar Cranston CSG","state":"RI","detail_file":"data/details/power-plants-11.json","plant_id":"63718","capacity_mw":3.1,"status_group":"Operating","energy_sources":"SUN","type":"Power plant","is_nuclear":false}},{"type":"Feature","geometry":{"type":"Point","coordinates":[-71.523,41.803]},"properties":{"key":"59254-1313d314","layer":"power","name":"Johnston LFG Turbine Plant","state":"RI","detail_file":"data/details/power-plants-16.json","plant_id":"59254","capacity_mw":35.7,"status_group":"Operating","energy_sources":"LFG","type":"Power plant","is_nuclear":false}},{"type":"Feature","geometry":{"type":"Point","coordinates":[-71.559,41.801]},"properties":{"key":"59858-0ea010b3","layer":"power","name":"Johnston Solar","state":"RI","detail_file":"data/details/power-plants-21.json","plant_id":"59858","capacity_mw":1.4,"status_group":"Operating","energy_sources":"SUN","type":"Power plant","is_nuclear":false}},{"type":"Feature","geometry":{"type":"Point","coordinates":[-71.37,41.834]},"properties":{"key":"64783-85950565","layer":"power","name":"Kearsarge East Providence","state":"RI","detail_file":"data/details/power-plants-49.json","plant_id":"64783","capacity_mw":2.0,"status_group":"Operating","energy_sources":"SUN","type":"Power plant","is_nuclear":false}},{"type":"Feature","geometry":{"type":"Point","coordinates":[-71.188,41.556]},"properties":{"key":"64782-cff5b692","layer":"power","name":"Kearsarge Fogland","state":"RI","detail_file":"data/details/power-plants-38.json","plant_id":"64782","capacity_mw":2.4,"status_group":"Operating","energy_sources":"SUN","type":"Power plant","is_nuclear":false}},{"type":"Feature","geometry":{"type":"Point","coordinates":[-71.494,41.472]},"properties":{"key":"62551-4c8f9bb5","layer":"power","name":"Kearsarge SKSC1 LLC","state":"RI","detail_file":"data/details/power-plants-57.json","plant_id":"62551","capacity_mw":3.8,"status_group":"Operating","energy_sources":"SUN","type":"Power plant","is_nuclear":false}},{"type":"Feature","geometry":{"type":"Point","coordinates":[-71.533,41.498]},"properties":{"key":"62558-db93ce26","layer":"power","name":"Kearsarge SKSC2 LLC","state":"RI","detail_file":"data/details/power-plants-12.json","plant_id":"62558","capacity_mw":3.1,"status_group":"Operating","energy_sources":"SUN","type":"Power plant","is_nuclear":false}},{"type":"Feature","geometry":{"type":"Point","coordinates":[-71.579,41.931]},"properties":{"key":"65949-2e64ee93","layer":"power","name":"Kearsarge Smithfield LLC","state":"RI","detail_file":"data/details/power-plants-23.json","plant_id":"65949","capacity_mw":8.0,"status_group":"Operating","energy_sources":"SUN","type":"Power plant","is_nuclear":false}},{"type":"Feature","geometry":{"type":"Point","coordinates":[-71.268,41.62]},"properties":{"key":"65954-d4e60aa5","layer":"power","name":"Kearsarge West Shore Solar LLC","state":"RI","detail_file":"data/details/power-plants-03.json","plant_id":"65954","capacity_mw":5.0,"status_group":"Operating","energy_sources":"SUN","type":"Power plant","is_nuclear":false}},{"type":"Feature","geometry":{"type":"Point","coordinates":[-71.732,41.386]},"properties":{"key":"64781-ca16dc2c","layer":"power","name":"Kearsarge Westerly","state":"RI","detail_file":"data/details/power-plants-10.json","plant_id":"64781","capacity_mw":4.0,"status_group":"Operating","energy_sources":"SUN","type":"Power plant","is_nuclear":false}},{"type":"Feature","geometry":{"type":"Point","coordinates":[-71.45,41.728]},"properties":{"key":"64113-6e4a4c9c","layer":"power","name":"Kilvert","state":"RI","detail_file":"data/details/power-plants-48.json","plant_id":"64113","capacity_mw":4.7,"status_group":"Operating","energy_sources":"SUN","type":"Power plant","is_nuclear":false}},{"type":"Feature","geometry":{"type":"Point","coordinates":[-71.436,41.799]},"properties":{"key":"60495-cf446a5a","layer":"power","name":"Little Bay","state":"RI","detail_file":"data/details/power-plants-63.json","plant_id":"60495","capacity_mw":1.3,"status_group":"Operating","energy_sources":"SUN","type":"Power plant","is_nuclear":false}},{"type":"Feature","geometry":{"type":"Point","coordinates":[-71.404,41.817]},"properties":{"key":"3236-2a6d29f4","layer":"power","name":"Manchester Street","state":"RI","detail_file":"data/details/power-plants-58.json","plant_id":"3236","capacity_mw":515.0,"status_group":"Operating","energy_sources":"NG","type":"Power plant","is_nuclear":false}},{"type":"Feature","geometry":{"type":"Point","coordinates":[-71.47,41.972]},"properties":{"key":"69133-5c47d88e","layer":"power","name":"Manville Hill Road Solar","state":"RI","detail_file":"data/details/power-plants-48.json","plant_id":"69133","capacity_mw":4.5,"status_group":"Operating","energy_sources":"SUN","type":"Power plant","is_nuclear":false}},{"type":"Feature","geometry":{"type":"Point","coordinates":[-71.29,41.572]},"properties":{"key":"67142-164243c5","layer":"power","name":"McAllister Landfill","state":"RI","detail_file":"data/details/power-plants-29.json","plant_id":"67142","capacity_mw":1.0,"status_group":"Operating","energy_sources":"SUN","type":"Power plant","is_nuclear":false}},{"type":"Feature","geometry":{"type":"Point","coordinates":[-71.389,41.794]},"properties":{"key":"59692-571420cb","layer":"power","name":"NBC Field's Point Wind Farm","state":"RI","detail_file":"data/details/power-plants-43.json","plant_id":"59692","capacity_mw":4.5,"status_group":"Operating","energy_sources":"WND","type":"Power plant","is_nuclear":false}},{"type":"Feature","geometry":{"type":"Point","coordinates":[-71.662,41.942]},"properties":{"key":"62672-97a84beb","layer":"power","name":"Nautilus Goat Island Solar LLC (CSG)","state":"RI","detail_file":"data/details/power-plants-63.json","plant_id":"62672","capacity_mw":2.5,"status_group":"Operating","energy_sources":"SUN","type":"Power plant","is_nuclear":false}},{"type":"Feature","geometry":{"type":"Point","coordinates":[-71.447,41.544]},"properties":{"key":"66582-7f8cc2b5","layer":"power","name":"North Kingstown Solar LLC","state":"RI","detail_file":"data/details/power-plants-03.json","plant_id":"66582","capacity_mw":1.9,"status_group":"Operating","energy_sources":"SUN","type":"Power plant","is_nuclear":false}},{"type":"Feature","geometry":{"type":"Point","coordinates":[-71.476,41.87]},"properties":{"key":"64085-2080fd15","layer":"power","name":"North Providence","state":"RI","detail_file":"data/details/power-plants-63.json","plant_id":"64085","capacity_mw":2.0,"status_group":"Operating","energy_sources":"SUN","type":"Power plant","is_nuclear":false}},{"type":"Feature","geometry":{"type":"Point","coordinates":[-71.586,41.976]},"properties":{"key":"61461-5b976e0a","layer":"power","name":"North Smithfield Solar Power 1","state":"RI","detail_file":"data/details/power-plants-41.json","plant_id":"61461","capacity_mw":2.0,"status_group":"Operating","energy_sources":"SUN","type":"Power plant","is_nuclear":false}},{"type":"Feature","geometry":{"type":"Point","coordinates":[-71.685,41.938]},"properties":{"key":"64760-856a556a","layer":"power","name":"Ocean State BTM","state":"RI","detail_file":"data/details/power-plants-09.json","plant_id":"64760","capacity_mw":3.0,"status_group":"Operating","energy_sources":"MWH","type":"Power plant","is_nuclear":false}},{"type":"Feature","geometry":{"type":"Point","coordinates":[-71.669,42.01]},"properties":{"key":"51030-bac9d585","layer":"power","name":"Ocean State Power","state":"RI","detail_file":"data/details/power-plants-04.json","plant_id":"51030","capacity_mw":254.2,"status_group":"Operating","energy_sources":"NG","type":"Power plant","is_nuclear":false}},{"type":"Feature","geometry":{"type":"Point","coordinates":[-71.67,42.01]},"properties":{"key":"54324-dff64427","layer":"power","name":"Ocean State Power II","state":"RI","detail_file":"data/details/power-plants-30.json","plant_id":"54324","capacity_mw":306.6,"status_group":"Operating","energy_sources":"NG","type":"Power plant","is_nuclear":false}},{"type":"Feature","geometry":{"type":"Point","coordinates":[-71.514,41.805]},"properties":{"key":"60831-58b1704b","layer":"power","name":"Orbit Energy RI","state":"RI","detail_file":"data/details/power-plants-47.json","plant_id":"60831","capacity_mw":3.2,"status_group":"Operating","energy_sources":"OBG","type":"Power plant","is_nuclear":false}},{"type":"Feature","geometry":{"type":"Point","coordinates":[-71.384,41.876]},"properties":{"key":"69672-bf9f5dae","layer":"power","name":"Pawtucket Hydroelectric Project","state":"RI","detail_file":"data/details/power-plants-41.json","plant_id":"69672","capacity_mw":1.6,"status_group":"Operating","energy_sources":"WAT","type":"Power plant","is_nuclear":false}},{"type":"Feature","geometry":{"type":"Point","coordinates":[-71.562,41.821]},"properties":{"key":"63997-971bb6f0","layer":"power","name":"Pine Hill","state":"RI","detail_file":"data/details/power-plants-19.json","plant_id":"63997","capacity_mw":5.0,"status_group":"Operating","energy_sources":"SUN","type":"Power plant","is_nuclear":false}},{"type":"Feature","geometry":{"type":"Point","coordinates":[-71.553,41.793]},"properties":{"key":"64116-cc96af5d","layer":"power","name":"Plainfield Pike","state":"RI","detail_file":"data/details/power-plants-01.json","plant_id":"64116","capacity_mw":2.0,"status_group":"Operating","energy_sources":"SUN","type":"Power plant","is_nuclear":false}},{"type":"Feature","geometry":{"type":"Point","coordinates":[-71.522,41.954]},"properties":{"key":"67447-49466292","layer":"power","name":"Pomham Islander (CSG)","state":"RI","detail_file":"data/details/power-plants-40.json","plant_id":"67447","capacity_mw":2.5,"status_group":"Operating","energy_sources":"SUN","type":"Power plant","is_nuclear":false}},{"type":"Feature","geometry":{"type":"Point","coordinates":[-71.078,41.152]},"properties":{"key":"65500-58f439d3","layer":"power","name":"Revolution Wind","state":"RI","detail_file":"data/details/power-plants-28.json","plant_id":"65500","capacity_mw":715.0,"status_group":"Under construction","energy_sources":"WND","type":"Power plant","is_nuclear":false}},{"type":"Feature","geometry":{"type":"Point","coordinates":[-71.41,41.81]},"properties":{"key":"52024-729f7df6","layer":"power","name":"Rhode Island Hospital","state":"RI","detail_file":"data/details/power-plants-40.json","plant_id":"52024","capacity_mw":10.4,"status_group":"Operating","energy_sources":"NG","type":"Power plant","is_nuclear":false}},{"type":"Feature","geometry":{"type":"Point","coordinates":[-71.156,41.613]},"properties":{"key":"67117-e0240d97","layer":"power","name":"Rhode Island Solar Renewable Energy IV,","state":"RI","detail_file":"data/details/power-plants-43.json","plant_id":"67117","capacity_mw":11.8,"status_group":"Operating","energy_sources":"SUN","type":"Power plant","is_nuclear":false}},{"type":"Feature","geometry":{"type":"Point","coordinates":[-71.519,41.802]},"properties":{"key":"55107-991d25ec","layer":"power","name":"Rhode Island State Energy Center","state":"RI","detail_file":"data/details/power-plants-62.json","plant_id":"55107","capacity_mw":596.0,"status_group":"Operating","energy_sources":"NG","type":"Power plant","is_nuclear":false}},{"type":"Feature","geometry":{"type":"Point","coordinates":[-71.715,41.44]},"properties":{"key":"62301-f49a11b3","layer":"power","name":"Richmond NMCA","state":"RI","detail_file":"data/details/power-plants-57.json","plant_id":"62301","capacity_mw":4.0,"status_group":"Operating","energy_sources":"SUN","type":"Power plant","is_nuclear":false}},{"type":"Feature","geometry":{"type":"Point","coordinates":[-71.53,41.807]},"properties":{"key":"50365-75707e1b","layer":"power","name":"Ridgewood Providence Power","state":"RI","detail_file":"data/details/power-plants-07.json","plant_id":"50365","capacity_mw":6.4,"status_group":"Operating","energy_sources":"LFG","type":"Power plant","is_nuclear":false}},{"type":"Feature","geometry":{"type":"Point","coordinates":[-71.629,41.64]},"properties":{"key":"66855-4b50db9c","layer":"power","name":"Robin Hollow Solar","state":"RI","detail_file":"data/details/power-plants-05.json","plant_id":"66855","capacity_mw":40.7,"status_group":"Operating","energy_sources":"SUN","type":"Power plant","is_nuclear":false}},{"type":"Feature","geometry":{"type":"Point","coordinates":[-71.273,41.58]},"properties":{"key":"64299-c2661371","layer":"power","name":"Roger Williams - Melville at Portsmouth","state":"RI","detail_file":"data/details/power-plants-59.json","plant_id":"64299","capacity_mw":3.0,"status_group":"Operating","energy_sources":"SUN","type":"Power plant","is_nuclear":false}},{"type":"Feature","geometry":{"type":"Point","coordinates":[-71.52,41.922]},"properties":{"key":"64549-399eb998","layer":"power","name":"Smithfield Solar Farm, LLC","state":"RI","detail_file":"data/details/power-plants-30.json","plant_id":"64549","capacity_mw":2.4,"status_group":"Operating","energy_sources":"SUN","type":"Power plant","is_nuclear":false}},{"type":"Feature","geometry":{"type":"Point","coordinates":[-71.581,41.979]},"properties":{"key":"64603-16ddbbd1","layer":"power","name":"TPE King Solar Holdings1, LLC (CSG)","state":"RI","detail_file":"data/details/power-plants-12.json","plant_id":"64603","capacity_mw":12.7,"status_group":"Operating","energy_sources":"SUN","type":"Power plant","is_nuclear":false}},{"type":"Feature","geometry":{"type":"Point","coordinates":[-71.267,41.739]},"properties":{"key":"66045-db5f9d41","layer":"power","name":"TPE RI WA1 Solar","state":"RI","detail_file":"data/details/power-plants-31.json","plant_id":"66045","capacity_mw":3.5,"status_group":"Operating","energy_sources":"SUN","type":"Power plant","is_nuclear":false}},{"type":"Feature","geometry":{"type":"Point","coordinates":[-71.267,41.738]},"properties":{"key":"66044-4b3dc21e","layer":"power","name":"TPE RI WA2 Solar","state":"RI","detail_file":"data/details/power-plants-48.json","plant_id":"66044","capacity_mw":3.4,"status_group":"Operating","energy_sources":"SUN","type":"Power plant","is_nuclear":false}},{"type":"Feature","geometry":{"type":"Point","coordinates":[-71.29,41.572]},"properties":{"key":"67143-0a813d4b","layer":"power","name":"Tank Farm 4","state":"RI","detail_file":"data/details/power-plants-22.json","plant_id":"67143","capacity_mw":10.0,"status_group":"Operating","energy_sources":"SUN","type":"Power plant","is_nuclear":false}},{"type":"Feature","geometry":{"type":"Point","coordinates":[-71.517,41.999]},"properties":{"key":"54688-377021fb","layer":"power","name":"Thundermist Hydro","state":"RI","detail_file":"data/details/power-plants-38.json","plant_id":"54688","capacity_mw":1.2,"status_group":"Operating","energy_sources":"WAT","type":"Power plant","is_nuclear":false}},{"type":"Feature","geometry":{"type":"Point","coordinates":[-71.171,41.642]},"properties":{"key":"55048-4ade600c","layer":"power","name":"Tiverton Power Plant","state":"RI","detail_file":"data/details/power-plants-33.json","plant_id":"55048","capacity_mw":274.5,"status_group":"Operating","energy_sources":"NG","type":"Power plant","is_nuclear":false}},{"type":"Feature","geometry":{"type":"Point","coordinates":[-71.428,41.594]},"properties":{"key":"61857-da8d8d67","layer":"power","name":"Toray Plastic America's CHP Plant","state":"RI","detail_file":"data/details/power-plants-54.json","plant_id":"61857","capacity_mw":20.0,"status_group":"Operating","energy_sources":"NG","type":"Power plant","is_nuclear":false}},{"type":"Feature","geometry":{"type":"Point","coordinates":[-71.661,41.954]},"properties":{"key":"62898-b63846f5","layer":"power","name":"Town of Burrillville Solar CSG","state":"RI","detail_file":"data/details/power-plants-45.json","plant_id":"62898","capacity_mw":3.3,"status_group":"Operating","energy_sources":"SUN","type":"Power plant","is_nuclear":false}},{"type":"Feature","geometry":{"type":"Point","coordinates":[-71.659,41.613]},"properties":{"key":"63668-2ab00722","layer":"power","name":"University Solar, LLC","state":"RI","detail_file":"data/details/power-plants-22.json","plant_id":"63668","capacity_mw":24.0,"status_group":"Operating","energy_sources":"SUN","type":"Power plant","is_nuclear":false}},{"type":"Feature","geometry":{"type":"Point","coordinates":[-71.707,41.676]},"properties":{"key":"59301-a6d49094","layer":"power","name":"WED Coventry 1","state":"RI","detail_file":"data/details/power-plants-59.json","plant_id":"59301","capacity_mw":1.5,"status_group":"Operating","energy_sources":"WND","type":"Power plant","is_nuclear":false}},{"type":"Feature","geometry":{"type":"Point","coordinates":[-71.706,41.672]},"properties":{"key":"59302-3eb0a1d5","layer":"power","name":"WED Coventry 2","state":"RI","detail_file":"data/details/power-plants-17.json","plant_id":"59302","capacity_mw":4.5,"status_group":"Operating","energy_sources":"WND","type":"Power plant","is_nuclear":false}},{"type":"Feature","geometry":{"type":"Point","coordinates":[-71.721,41.696]},"properties":{"key":"59305-e6d51c62","layer":"power","name":"WED Coventry 3","state":"RI","detail_file":"data/details/power-plants-06.json","plant_id":"59305","capacity_mw":1.5,"status_group":"Operating","energy_sources":"WND","type":"Power plant","is_nuclear":false}},{"type":"Feature","geometry":{"type":"Point","coordinates":[-71.728,41.686]},"properties":{"key":"59306-f1b5da2d","layer":"power","name":"WED Coventry 4","state":"RI","detail_file":"data/details/power-plants-58.json","plant_id":"59306","capacity_mw":1.5,"status_group":"Operating","energy_sources":"WND","type":"Power plant","is_nuclear":false}},{"type":"Feature","geometry":{"type":"Point","coordinates":[-71.7,41.66]},"properties":{"key":"59313-1c6675d7","layer":"power","name":"WED Coventry 5","state":"RI","detail_file":"data/details/power-plants-37.json","plant_id":"59313","capacity_mw":1.5,"status_group":"Operating","energy_sources":"WND","type":"Power plant","is_nuclear":false}},{"type":"Feature","geometry":{"type":"Point","coordinates":[-71.708,41.67]},"properties":{"key":"59314-99f74cd6","layer":"power","name":"WED Coventry 6","state":"RI","detail_file":"data/details/power-plants-43.json","plant_id":"59314","capacity_mw":4.5,"status_group":"Operating","energy_sources":"WND","type":"Power plant","is_nuclear":false}},{"type":"Feature","geometry":{"type":"Point","coordinates":[-71.722,41.698]},"properties":{"key":"64333-beea182c","layer":"power","name":"WED Coventry Seven, LLC","state":"RI","detail_file":"data/details/power-plants-07.json","plant_id":"64333","capacity_mw":3.0,"status_group":"Operating","energy_sources":"SUN","type":"Power plant","is_nuclear":false}},{"type":"Feature","geometry":{"type":"Point","coordinates":[-71.488,41.937]},"properties":{"key":"62118-382a452b","layer":"power","name":"WED GW Solar, LLC","state":"RI","detail_file":"data/details/power-plants-59.json","plant_id":"62118","capacity_mw":3.0,"status_group":"Operating","energy_sources":"SUN","type":"Power plant","is_nuclear":false}},{"type":"Feature","geometry":{"type":"Point","coordinates":[-71.53,41.798]},"properties":{"key":"62106-ccf4e60e","layer":"power","name":"WED Green Hill, LLC","state":"RI","detail_file":"data/details/power-plants-15.json","plant_id":"62106","capacity_mw":3.0,"status_group":"Operating","energy_sources":"WND","type":"Power plant","is_nuclear":false}},{"type":"Feature","geometry":{"type":"Point","coordinates":[-71.619,41.492]},"properties":{"key":"61622-bd5a219e","layer":"power","name":"WED Kingstown Solar I - East Array","state":"RI","detail_file":"data/details/power-plants-18.json","plant_id":"61622","capacity_mw":3.0,"status_group":"Operating","energy_sources":"SUN","type":"Power plant","is_nuclear":false}},{"type":"Feature","geometry":{"type":"Point","coordinates":[-71.625,41.492]},"properties":{"key":"61612-ccb8a1a1","layer":"power","name":"WED Kingstown Solar I, LLC - West","state":"RI","detail_file":"data/details/power-plants-56.json","plant_id":"61612","capacity_mw":1.5,"status_group":"Operating","energy_sources":"SUN","type":"Power plant","is_nuclear":false}},{"type":"Feature","geometry":{"type":"Point","coordinates":[-71.487,41.582]},"properties":{"key":"59295-a85ffb8f","layer":"power","name":"WED NK Green","state":"RI","detail_file":"data/details/power-plants-13.json","plant_id":"59295","capacity_mw":1.5,"status_group":"Operating","energy_sources":"WND","type":"Power plant","is_nuclear":false}},{"type":"Feature","geometry":{"type":"Point","coordinates":[-71.54,41.795]},"properties":{"key":"62107-ca56ca9c","layer":"power","name":"WED Plainfield II, LLC","state":"RI","detail_file":"data/details/power-plants-45.json","plant_id":"62107","capacity_mw":3.0,"status_group":"Operating","energy_sources":"WND","type":"Power plant","is_nuclear":false}},{"type":"Feature","geometry":{"type":"Point","coordinates":[-71.531,41.794]},"properties":{"key":"62108-2587cb8e","layer":"power","name":"WED Plainfield III, LLC","state":"RI","detail_file":"data/details/power-plants-36.json","plant_id":"62108","capacity_mw":3.0,"status_group":"Operating","energy_sources":"WND","type":"Power plant","is_nuclear":false}},{"type":"Feature","geometry":{"type":"Point","coordinates":[-71.536,41.796]},"properties":{"key":"62109-094566c3","layer":"power","name":"WED Plainfield, LLC","state":"RI","detail_file":"data/details/power-plants-31.json","plant_id":"62109","capacity_mw":3.0,"status_group":"Operating","energy_sources":"WND","type":"Power plant","is_nuclear":false}},{"type":"Feature","geometry":{"type":"Point","coordinates":[-71.249,41.612]},"properties":{"key":"61002-a4ab03cb","layer":"power","name":"WED Portsmouth One, LLC","state":"RI","detail_file":"data/details/power-plants-53.json","plant_id":"61002","capacity_mw":1.5,"status_group":"Operating","energy_sources":"WND","type":"Power plant","is_nuclear":false}},{"type":"Feature","geometry":{"type":"Point","coordinates":[-71.541,41.798]},"properties":{"key":"62110-de3ed613","layer":"power","name":"WED Shun I, LLC","state":"RI","detail_file":"data/details/power-plants-29.json","plant_id":"62110","capacity_mw":3.0,"status_group":"Operating","energy_sources":"WND","type":"Power plant","is_nuclear":false}},{"type":"Feature","geometry":{"type":"Point","coordinates":[-71.536,41.8]},"properties":{"key":"62111-a2d69f5d","layer":"power","name":"WED Shun II, LLC","state":"RI","detail_file":"data/details/power-plants-45.json","plant_id":"62111","capacity_mw":3.0,"status_group":"Operating","energy_sources":"WND","type":"Power plant","is_nuclear":false}},{"type":"Feature","geometry":{"type":"Point","coordinates":[-71.549,41.799]},"properties":{"key":"62112-936c09be","layer":"power","name":"WED Shun III, LLC","state":"RI","detail_file":"data/details/power-plants-34.json","plant_id":"62112","capacity_mw":3.0,"status_group":"Operating","energy_sources":"WND","type":"Power plant","is_nuclear":false}},{"type":"Feature","geometry":{"type":"Point","coordinates":[-71.686,41.519]},"properties":{"key":"61613-27302b7e","layer":"power","name":"WED Stilson Solar","state":"RI","detail_file":"data/details/power-plants-10.json","plant_id":"61613","capacity_mw":2.0,"status_group":"Operating","energy_sources":"SUN","type":"Power plant","is_nuclear":false}},{"type":"Feature","geometry":{"type":"Point","coordinates":[-71.548,41.665]},"properties":{"key":"70184-636a5a46","layer":"power","name":"WSD Coventry","state":"RI","detail_file":"data/details/power-plants-62.json","plant_id":"70184","capacity_mw":5.0,"status_group":"Operating","energy_sources":"SUN","type":"Power plant","is_nuclear":false}},{"type":"Feature","geometry":{"type":"Point","coordinates":[-71.477,41.604]},"properties":{"key":"59043-e10e272b","layer":"power","name":"West Davisville Solar","state":"RI","detail_file":"data/details/power-plants-53.json","plant_id":"59043","capacity_mw":2.0,"status_group":"Operating","energy_sources":"SUN","type":"Power plant","is_nuclear":false}},{"type":"Feature","geometry":{"type":"Point","coordinates":[-71.71,41.649]},"properties":{"key":"58214-bb40b76f","layer":"power","name":"West Greenwich Solar","state":"RI","detail_file":"data/details/power-plants-35.json","plant_id":"58214","capacity_mw":1.9,"status_group":"Operating","energy_sources":"SUN","type":"Power plant","is_nuclear":false}},{"type":"Feature","geometry":{"type":"Point","coordinates":[-71.674,41.611]},"properties":{"key":"68977-d4967b6b","layer":"power","name":"White Brook Renewables PV","state":"RI","detail_file":"data/details/power-plants-22.json","plant_id":"68977","capacity_mw":4.0,"status_group":"Operating","energy_sources":"SUN","type":"Power plant","is_nuclear":false}},{"type":"Feature","geometry":{"type":"Point","coordinates":[-71.84,41.401]},"properties":{"key":"66584-402e4a20","layer":"power","name":"White Rock Road LLC","state":"RI","detail_file":"data/details/power-plants-11.json","plant_id":"66584","capacity_mw":6.5,"status_group":"Operating","energy_sources":"SUN","type":"Power plant","is_nuclear":false}},{"type":"Feature","geometry":{"type":"Point","coordinates":[-71.704,41.459]},"properties":{"key":"64530-0e4dcbbb","layer":"power","name":"Woodville Solar (CSG)","state":"RI","detail_file":"data/details/power-plants-54.json","plant_id":"64530","capacity_mw":4.5,"status_group":"Operating","energy_sources":"SUN","type":"Power plant","is_nuclear":false}}]}