{"type":"FeatureCollection","features":[{"type":"Feature","geometry":{"type":"Point","coordinates":[-77.031,38.977]},"properties":{"key":"63970-098ebf80","layer":"power","name":"7185 13th Pl. NW","state":"DC","detail_file":"data/details/power-plants-61.json","plant_id":"63970","capacity_mw":0.9,"status_group":"Operating","energy_sources":"SUN","type":"Power plant","is_nuclear":false}},{"type":"Feature","geometry":{"type":"Point","coordinates":[-77.007,38.883]},"properties":{"key":"63347-ba77c823","layer":"power","name":"AOC, Capitol Power Plant","state":"DC","detail_file":"data/details/power-plants-04.json","plant_id":"63347","capacity_mw":7.5,"status_group":"Operating","energy_sources":"NG","type":"Power plant","is_nuclear":false}},{"type":"Feature","geometry":{"type":"Point","coordinates":[-76.956,38.898]},"properties":{"key":"65133-712256dc","layer":"power","name":"Benning Road","state":"DC","detail_file":"data/details/power-plants-36.json","plant_id":"65133","capacity_mw":0.8,"status_group":"Operating","energy_sources":"SUN","type":"Power plant","is_nuclear":false}},{"type":"Feature","geometry":{"type":"Point","coordinates":[-77.021,38.92]},"properties":{"key":"67265-c733af95","layer":"power","name":"CHP Plant","state":"DC","detail_file":"data/details/power-plants-55.json","plant_id":"67265","capacity_mw":5.7,"status_group":"Under construction","energy_sources":"NG","type":"Power plant","is_nuclear":false}},{"type":"Feature","geometry":{"type":"Point","coordinates":[-77.003,38.935]},"properties":{"key":"67709-1a9ab3d7","layer":"power","name":"CUA West Campus - North (CSG)","state":"DC","detail_file":"data/details/power-plants-40.json","plant_id":"67709","capacity_mw":3.0,"status_group":"Operating","energy_sources":"SUN","type":"Power plant","is_nuclear":false}},{"type":"Feature","geometry":{"type":"Point","coordinates":[-77.003,38.935]},"properties":{"key":"67707-4ae88948","layer":"power","name":"CUA West Campus - South (CSG)","state":"DC","detail_file":"data/details/power-plants-24.json","plant_id":"67707","capacity_mw":2.8,"status_group":"Operating","energy_sources":"SUN","type":"Power plant","is_nuclear":false}},{"type":"Feature","geometry":{"type":"Point","coordinates":[-76.99,38.91]},"properties":{"key":"67583-d21415db","layer":"power","name":"DC Water","state":"DC","detail_file":"data/details/power-plants-00.json","plant_id":"67583","capacity_mw":1.3,"status_group":"Operating","energy_sources":"SUN","type":"Power plant","is_nuclear":false}},{"type":"Feature","geometry":{"type":"Point","coordinates":[-77.019,38.819]},"properties":{"key":"63917-b0ab9c3e","layer":"power","name":"DC Water Solar","state":"DC","detail_file":"data/details/power-plants-18.json","plant_id":"63917","capacity_mw":3.5,"status_group":"Operating","energy_sources":"SUN","type":"Power plant","is_nuclear":false}},{"type":"Feature","geometry":{"type":"Point","coordinates":[-76.994,38.907]},"properties":{"key":"65896-b59aa7ce","layer":"power","name":"Gallaudet Uni Community Solar","state":"DC","detail_file":"data/details/power-plants-45.json","plant_id":"65896","capacity_mw":2.0,"status_group":"Operating","energy_sources":"SUN","type":"Power plant","is_nuclear":false}},{"type":"Feature","geometry":{"type":"Point","coordinates":[-76.968,38.936]},"properties":{"key":"63428-17d4f5ce","layer":"power","name":"IGS CC, LLC","state":"DC","detail_file":"data/details/power-plants-31.json","plant_id":"63428","capacity_mw":1.5,"status_group":"Operating","energy_sources":"SUN","type":"Power plant","is_nuclear":false}},{"type":"Feature","geometry":{"type":"Point","coordinates":[-77.009,38.853]},"properties":{"key":"62374-6d292af2","layer":"power","name":"JBAB - Washington DC","state":"DC","detail_file":"data/details/power-plants-30.json","plant_id":"62374","capacity_mw":5.9,"status_group":"Operating","energy_sources":"SUN","type":"Power plant","is_nuclear":false}},{"type":"Feature","geometry":{"type":"Point","coordinates":[-76.94,38.891]},"properties":{"key":"68279-f29567a1","layer":"power","name":"NCS FCPA LLC","state":"DC","detail_file":"data/details/power-plants-20.json","plant_id":"68279","capacity_mw":1.1,"status_group":"Operating","energy_sources":"SUN","type":"Power plant","is_nuclear":false}},{"type":"Feature","geometry":{"type":"Point","coordinates":[-76.951,38.906]},"properties":{"key":"68280-2c1c1a05","layer":"power","name":"NCS Paradise LLC","state":"DC","detail_file":"data/details/power-plants-63.json","plant_id":"68280","capacity_mw":1.3,"status_group":"Operating","energy_sources":"SUN","type":"Power plant","is_nuclear":false}},{"type":"Feature","geometry":{"type":"Point","coordinates":[-77.007,38.874]},"properties":{"key":"62710-3761567c","layer":"power","name":"Nationals","state":"DC","detail_file":"data/details/power-plants-09.json","plant_id":"62710","capacity_mw":1.0,"status_group":"Operating","energy_sources":"SUN","type":"Power plant","is_nuclear":false}},{"type":"Feature","geometry":{"type":"Point","coordinates":[-77.004,38.822]},"properties":{"key":"66698-99121b88","layer":"power","name":"Oxon Run CREF","state":"DC","detail_file":"data/details/power-plants-32.json","plant_id":"66698","capacity_mw":2.0,"status_group":"Operating","energy_sources":"SUN","type":"Power plant","is_nuclear":false}},{"type":"Feature","geometry":{"type":"Point","coordinates":[-76.976,38.847]},"properties":{"key":"64379-bd671c6d","layer":"power","name":"Ridgecrest","state":"DC","detail_file":"data/details/power-plants-35.json","plant_id":"64379","capacity_mw":1.7,"status_group":"Operating","energy_sources":"SUN","type":"Power plant","is_nuclear":false}},{"type":"Feature","geometry":{"type":"Point","coordinates":[-77.051,38.9]},"properties":{"key":"63478-d0425394","layer":"power","name":"Ross Hall Central Utility Plant","state":"DC","detail_file":"data/details/power-plants-08.json","plant_id":"63478","capacity_mw":4.6,"status_group":"Operating","energy_sources":"NG","type":"Power plant","is_nuclear":false}},{"type":"Feature","geometry":{"type":"Point","coordinates":[-77.028,38.886]},"properties":{"key":"57788-deb94090","layer":"power","name":"US GSA Heating and Transmission","state":"DC","detail_file":"data/details/power-plants-22.json","plant_id":"57788","capacity_mw":10.8,"status_group":"Operating","energy_sources":"NG","type":"Power plant","is_nuclear":false}},{"type":"Feature","geometry":{"type":"Point","coordinates":[-76.991,38.918]},"properties":{"key":"69328-cf45c333","layer":"power","name":"V Street Solar","state":"DC","detail_file":"data/details/power-plants-33.json","plant_id":"69328","capacity_mw":4.1,"status_group":"Operating","energy_sources":"SUN","type":"Power plant","is_nuclear":false}},{"type":"Feature","geometry":{"type":"Point","coordinates":[-76.994,38.865]},"properties":{"key":"65958-9776cd2b","layer":"power","name":"WMATA - Anacostia CSG","state":"DC","detail_file":"data/details/power-plants-44.json","plant_id":"65958","capacity_mw":1.1,"status_group":"Operating","energy_sources":"SUN","type":"Power plant","is_nuclear":false}},{"type":"Feature","geometry":{"type":"Point","coordinates":[-77.002,38.826]},"properties":{"key":"65176-8fe4a648","layer":"power","name":"WW-DC Solar 1, LLC","state":"DC","detail_file":"data/details/power-plants-04.json","plant_id":"65176","capacity_mw":1.2,"status_group":"Operating","energy_sources":"SUN","type":"Power plant","is_nuclear":false}},{"type":"Feature","geometry":{"type":"Point","coordinates":[-77.018,38.821]},"properties":{"key":"59012-63a5598c","layer":"power","name":"Walt Bailey Bioenergy Facility","state":"DC","detail_file":"data/details/power-plants-50.json","plant_id":"59012","capacity_mw":14.1,"status_group":"Operating","energy_sources":"OBG","type":"Power plant","is_nuclear":false}},{"type":"Feature","geometry":{"type":"Point","coordinates":[-76.743,39.19]},"properties":{"key":"64343-8ee66e1e","layer":"power","name":"6685 Santa Barbara Ct","state":"MD","detail_file":"data/details/power-plants-56.json","plant_id":"64343","capacity_mw":1.0,"status_group":"Operating","energy_sources":"SUN","type":"Power plant","is_nuclear":false}},{"type":"Feature","geometry":{"type":"Point","coordinates":[-76.7,39.16]},"properties":{"key":"64502-d0237d64","layer":"power","name":"7448 Candlewood Road","state":"MD","detail_file":"data/details/power-plants-55.json","plant_id":"64502","capacity_mw":1.5,"status_group":"Operating","energy_sources":"SUN","type":"Power plant","is_nuclear":false}},{"type":"Feature","geometry":{"type":"Point","coordinates":[-76.299,39.398]},"properties":{"key":"61282-8cb189a4","layer":"power","name":"APG Combined Heat and Power Plant","state":"MD","detail_file":"data/details/power-plants-54.json","plant_id":"61282","capacity_mw":7.9,"status_group":"Operating","energy_sources":"NG","type":"Power plant","is_nuclear":false}},{"type":"Feature","geometry":{"type":"Point","coordinates":[-76.147,39.494]},"properties":{"key":"62629-b033ac3c","layer":"power","name":"APG New Chesapeake","state":"MD","detail_file":"data/details/power-plants-14.json","plant_id":"62629","capacity_mw":2.3,"status_group":"Operating","energy_sources":"SUN","type":"Power plant","is_nuclear":false}},{"type":"Feature","geometry":{"type":"Point","coordinates":[-76.146,39.499]},"properties":{"key":"62628-d8940026","layer":"power","name":"APG Old Bayside","state":"MD","detail_file":"data/details/power-plants-46.json","plant_id":"62628","capacity_mw":1.7,"status_group":"Operating","energy_sources":"SUN","type":"Power plant","is_nuclear":false}},{"type":"Feature","geometry":{"type":"Point","coordinates":[-76.705,39.183]},"properties":{"key":"68892-12fb971a","layer":"power","name":"Airport Commons 7-slbal210","state":"MD","detail_file":"data/details/power-plants-32.json","plant_id":"68892","capacity_mw":1.4,"status_group":"Operating","energy_sources":"SUN","type":"Power plant","is_nuclear":false}},{"type":"Feature","geometry":{"type":"Point","coordinates":[-76.902,39.305]},"properties":{"key":"58252-39801713","layer":"power","name":"Alpha Ridge LFG","state":"MD","detail_file":"data/details/power-plants-14.json","plant_id":"58252","capacity_mw":1.0,"status_group":"Operating","energy_sources":"LFG","type":"Power plant","is_nuclear":false}},{"type":"Feature","geometry":{"type":"Point","coordinates":[-76.469,39.223]},"properties":{"key":"62876-2fdc9752","layer":"power","name":"Amazon Maryland DCA1","state":"MD","detail_file":"data/details/power-plants-04.json","plant_id":"62876","capacity_mw":1.3,"status_group":"Operating","energy_sources":"SUN","type":"Power plant","is_nuclear":false}},{"type":"Feature","geometry":{"type":"Point","coordinates":[-76.574,38.992]},"properties":{"key":"60681-02f475d3","layer":"power","name":"Annapolis Solar Park, LLC","state":"MD","detail_file":"data/details/power-plants-48.json","plant_id":"60681","capacity_mw":12.0,"status_group":"Operating","energy_sources":"SUN","type":"Power plant","is_nuclear":false}},{"type":"Feature","geometry":{"type":"Point","coordinates":[-76.498,39.137]},"properties":{"key":"62407-a52f56f7","layer":"power","name":"Anne Arundel County Public Schools","state":"MD","detail_file":"data/details/power-plants-06.json","plant_id":"62407","capacity_mw":1.0,"status_group":"Operating","energy_sources":"SUN","type":"Power plant","is_nuclear":false}},{"type":"Feature","geometry":{"type":"Point","coordinates":[-76.217,39.445]},"properties":{"key":"60662-9c5535ff","layer":"power","name":"Archdiocese of Baltimore J","state":"MD","detail_file":"data/details/power-plants-21.json","plant_id":"60662","capacity_mw":2.0,"status_group":"Operating","energy_sources":"SUN","type":"Power plant","is_nuclear":false}},{"type":"Feature","geometry":{"type":"Point","coordinates":[-76.217,39.445]},"properties":{"key":"60663-c0f350cf","layer":"power","name":"Archdiocese of Baltimore L","state":"MD","detail_file":"data/details/power-plants-63.json","plant_id":"60663","capacity_mw":2.0,"status_group":"Operating","energy_sources":"SUN","type":"Power plant","is_nuclear":false}},{"type":"Feature","geometry":{"type":"Point","coordinates":[-76.398,39.418]},"properties":{"key":"63072-c487016b","layer":"power","name":"BTC2 Solar (CSG)","state":"MD","detail_file":"data/details/power-plants-00.json","plant_id":"63072","capacity_mw":2.0,"status_group":"Operating","energy_sources":"SUN","type":"Power plant","is_nuclear":false}},{"type":"Feature","geometry":{"type":"Point","coordinates":[-76.494,39.3]},"properties":{"key":"59026-b699b23d","layer":"power","name":"Back River Waste Water Treatment","state":"MD","detail_file":"data/details/power-plants-41.json","plant_id":"59026","capacity_mw":3.0,"status_group":"Operating","energy_sources":"OBG; SUN","type":"Power plant","is_nuclear":false}},{"type":"Feature","geometry":{"type":"Point","coordinates":[-77.363,39.57]},"properties":{"key":"61519-8582c04e","layer":"power","name":"Baker Point","state":"MD","detail_file":"data/details/power-plants-13.json","plant_id":"61519","capacity_mw":9.0,"status_group":"Operating","energy_sources":"SUN","type":"Power plant","is_nuclear":false}},{"type":"Feature","geometry":{"type":"Point","coordinates":[-76.22,39.436]},"properties":{"key":"60664-3bb4fe89","layer":"power","name":"Baltimore City B","state":"MD","detail_file":"data/details/power-plants-34.json","plant_id":"60664","capacity_mw":2.0,"status_group":"Operating","energy_sources":"SUN","type":"Power plant","is_nuclear":false}},{"type":"Feature","geometry":{"type":"Point","coordinates":[-76.22,39.436]},"properties":{"key":"60665-0381ca6c","layer":"power","name":"Baltimore City D","state":"MD","detail_file":"data/details/power-plants-62.json","plant_id":"60665","capacity_mw":2.0,"status_group":"Operating","energy_sources":"SUN","type":"Power plant","is_nuclear":false}},{"type":"Feature","geometry":{"type":"Point","coordinates":[-76.22,39.436]},"properties":{"key":"60666-985cdef6","layer":"power","name":"Baltimore City F","state":"MD","detail_file":"data/details/power-plants-11.json","plant_id":"60666","capacity_mw":2.0,"status_group":"Operating","energy_sources":"SUN","type":"Power plant","is_nuclear":false}},{"type":"Feature","geometry":{"type":"Point","coordinates":[-76.22,39.436]},"properties":{"key":"60667-b826f0d0","layer":"power","name":"Baltimore City G","state":"MD","detail_file":"data/details/power-plants-26.json","plant_id":"60667","capacity_mw":2.0,"status_group":"Operating","energy_sources":"SUN","type":"Power plant","is_nuclear":false}},{"type":"Feature","geometry":{"type":"Point","coordinates":[-76.054,39.036]},"properties":{"key":"62074-0f549348","layer":"power","name":"Bd of Educ of Queen Anne's Cnty, Cnty HS","state":"MD","detail_file":"data/details/power-plants-61.json","plant_id":"62074","capacity_mw":1.7,"status_group":"Operating","energy_sources":"SUN","type":"Power plant","is_nuclear":false}},{"type":"Feature","geometry":{"type":"Point","coordinates":[-78.083,39.703]},"properties":{"key":"67404-90636b71","layer":"power","name":"Bear One","state":"MD","detail_file":"data/details/power-plants-44.json","plant_id":"67404","capacity_mw":2.0,"status_group":"Operating","energy_sources":"SUN","type":"Power plant","is_nuclear":false}},{"type":"Feature","geometry":{"type":"Point","coordinates":[-76.935,38.823]},"properties":{"key":"67405-493d2859","layer":"power","name":"Beech Road (CSG)","state":"MD","detail_file":"data/details/power-plants-59.json","plant_id":"67405","capacity_mw":3.0,"status_group":"Operating","energy_sources":"SUN","type":"Power plant","is_nuclear":false}},{"type":"Feature","geometry":{"type":"Point","coordinates":[-77.91,39.63]},"properties":{"key":"66868-5a19f528","layer":"power","name":"Big Spring Solar (CSG)","state":"MD","detail_file":"data/details/power-plants-54.json","plant_id":"66868","capacity_mw":2.0,"status_group":"Operating","energy_sources":"SUN","type":"Power plant","is_nuclear":false}},{"type":"Feature","geometry":{"type":"Point","coordinates":[-77.376,39.483]},"properties":{"key":"61321-6151cde1","layer":"power","name":"Biggs Ford Solar Center","state":"MD","detail_file":"data/details/power-plants-30.json","plant_id":"61321","capacity_mw":15.0,"status_group":"Operating","energy_sources":"SUN","type":"Power plant","is_nuclear":false}},{"type":"Feature","geometry":{"type":"Point","coordinates":[-76.828,38.732]},"properties":{"key":"63323-07924de5","layer":"power","name":"Bluefin Origination 1","state":"MD","detail_file":"data/details/power-plants-33.json","plant_id":"63323","capacity_mw":2.0,"status_group":"Operating","energy_sources":"SUN","type":"Power plant","is_nuclear":false}},{"type":"Feature","geometry":{"type":"Point","coordinates":[-76.853,39.599]},"properties":{"key":"65281-b508de42","layer":"power","name":"Bomber CSG","state":"MD","detail_file":"data/details/power-plants-60.json","plant_id":"65281","capacity_mw":6.0,"status_group":"Operating","energy_sources":"SUN","type":"Power plant","is_nuclear":false}},{"type":"Feature","geometry":{"type":"Point","coordinates":[-76.759,39.019]},"properties":{"key":"61915-5dde5bf8","layer":"power","name":"Bowie State Solar","state":"MD","detail_file":"data/details/power-plants-30.json","plant_id":"61915","capacity_mw":1.3,"status_group":"Operating","energy_sources":"SUN","type":"Power plant","is_nuclear":false}},{"type":"Feature","geometry":{"type":"Point","coordinates":[-77.311,39.153]},"properties":{"key":"67458-5e23c09f","layer":"power","name":"Boyd Soccerplex","state":"MD","detail_file":"data/details/power-plants-61.json","plant_id":"67458","capacity_mw":1.0,"status_group":"Operating","energy_sources":"SUN","type":"Power plant","is_nuclear":false}},{"type":"Feature","geometry":{"type":"Point","coordinates":[-76.537,39.182]},"properties":{"key":"602-856fa6f3","layer":"power","name":"Brandon Shores","state":"MD","detail_file":"data/details/power-plants-16.json","plant_id":"602","capacity_mw":1370.2,"status_group":"Operating","energy_sources":"BIT","type":"Power plant","is_nuclear":false}},{"type":"Feature","geometry":{"type":"Point","coordinates":[-76.868,38.668]},"properties":{"key":"54832-63cce86d","layer":"power","name":"Brandywine Power Facility","state":"MD","detail_file":"data/details/power-plants-29.json","plant_id":"54832","capacity_mw":288.8,"status_group":"Operating","energy_sources":"NG","type":"Power plant","is_nuclear":false}},{"type":"Feature","geometry":{"type":"Point","coordinates":[-77.058,38.999]},"properties":{"key":"65945-ddd67ab0","layer":"power","name":"Brookville Smart Bus Depot Microgrid","state":"MD","detail_file":"data/details/power-plants-39.json","plant_id":"65945","capacity_mw":5.0,"status_group":"Operating","energy_sources":"MWH; NG; SUN","type":"Power plant","is_nuclear":false}},{"type":"Feature","geometry":{"type":"Point","coordinates":[-76.773,38.825]},"properties":{"key":"50060-4c4481c0","layer":"power","name":"Brown Station Road Plant I","state":"MD","detail_file":"data/details/power-plants-45.json","plant_id":"50060","capacity_mw":2.7,"status_group":"Operating","energy_sources":"LFG","type":"Power plant","is_nuclear":false}},{"type":"Feature","geometry":{"type":"Point","coordinates":[-76.786,38.848]},"properties":{"key":"55964-ffc2057e","layer":"power","name":"Brown Station Road Plant II","state":"MD","detail_file":"data/details/power-plants-58.json","plant_id":"55964","capacity_mw":4.0,"status_group":"Operating","energy_sources":"LFG","type":"Power plant","is_nuclear":false}},{"type":"Feature","geometry":{"type":"Point","coordinates":[-76.697,38.915]},"properties":{"key":"64647-8df6ab94","layer":"power","name":"Bulldog Solar One, LLC","state":"MD","detail_file":"data/details/power-plants-16.json","plant_id":"64647","capacity_mw":2.0,"status_group":"Operating","energy_sources":"SUN","type":"Power plant","is_nuclear":false}},{"type":"Feature","geometry":{"type":"Point","coordinates":[-76.854,39.477]},"properties":{"key":"64606-f83fcfc5","layer":"power","name":"Burns Solar One LLC","state":"MD","detail_file":"data/details/power-plants-36.json","plant_id":"64606","capacity_mw":2.0,"status_group":"Operating","energy_sources":"SUN","type":"Power plant","is_nuclear":false}},{"type":"Feature","geometry":{"type":"Point","coordinates":[-76.483,39.352]},"properties":{"key":"69109-7a4d251b","layer":"power","name":"CCBC Essex","state":"MD","detail_file":"data/details/power-plants-17.json","plant_id":"69109","capacity_mw":1.4,"status_group":"Operating","energy_sources":"SUN","type":"Power plant","is_nuclear":false}},{"type":"Feature","geometry":{"type":"Point","coordinates":[-76.735,39.252]},"properties":{"key":"60036-ea6db55c","layer":"power","name":"CCBC-Catonsville","state":"MD","detail_file":"data/details/power-plants-57.json","plant_id":"60036","capacity_mw":1.6,"status_group":"Operating","energy_sources":"SUN","type":"Power plant","is_nuclear":false}},{"type":"Feature","geometry":{"type":"Point","coordinates":[-77.727,39.681]},"properties":{"key":"60029-434a2ecd","layer":"power","name":"CES VMT Solar","state":"MD","detail_file":"data/details/power-plants-35.json","plant_id":"60029","capacity_mw":1.1,"status_group":"Operating","energy_sources":"SUN","type":"Power plant","is_nuclear":false}},{"type":"Feature","geometry":{"type":"Point","coordinates":[-76.019,38.516]},"properties":{"key":"59842-6e1f9914","layer":"power","name":"CNE at Cambridge MD","state":"MD","detail_file":"data/details/power-plants-18.json","plant_id":"59842","capacity_mw":3.2,"status_group":"Operating","energy_sources":"SUN","type":"Power plant","is_nuclear":false}},{"type":"Feature","geometry":{"type":"Point","coordinates":[-76.551,39.271]},"properties":{"key":"66536-ff3dc9b8","layer":"power","name":"CPG - Duke 5300A Holabird","state":"MD","detail_file":"data/details/power-plants-59.json","plant_id":"66536","capacity_mw":1.5,"status_group":"Operating","energy_sources":"SUN","type":"Power plant","is_nuclear":false}},{"type":"Feature","geometry":{"type":"Point","coordinates":[-76.551,39.271]},"properties":{"key":"66537-02522ac6","layer":"power","name":"CPG - Duke 5300B Holabird","state":"MD","detail_file":"data/details/power-plants-43.json","plant_id":"66537","capacity_mw":1.5,"status_group":"Operating","energy_sources":"SUN","type":"Power plant","is_nuclear":false}},{"type":"Feature","geometry":{"type":"Point","coordinates":[-76.546,39.273]},"properties":{"key":"66538-a7b677e8","layer":"power","name":"CPG - Duke 5900 Holabird","state":"MD","detail_file":"data/details/power-plants-59.json","plant_id":"66538","capacity_mw":1.5,"status_group":"Operating","energy_sources":"SUN","type":"Power plant","is_nuclear":false}},{"type":"Feature","geometry":{"type":"Point","coordinates":[-76.544,39.273]},"properties":{"key":"66539-3a47792d","layer":"power","name":"CPG - Duke 6000 Holabird","state":"MD","detail_file":"data/details/power-plants-23.json","plant_id":"66539","capacity_mw":1.5,"status_group":"Operating","energy_sources":"SUN","type":"Power plant","is_nuclear":false}},{"type":"Feature","geometry":{"type":"Point","coordinates":[-79.202,39.442]},"properties":{"key":"67022-648065a4","layer":"power","name":"CPV Backbone Solar","state":"MD","detail_file":"data/details/power-plants-33.json","plant_id":"67022","capacity_mw":175.0,"status_group":"Operating","energy_sources":"SUN","type":"Power plant","is_nuclear":false}},{"type":"Feature","geometry":{"type":"Point","coordinates":[-76.892,38.569]},"properties":{"key":"56846-83177ca9","layer":"power","name":"CPV St Charles Energy Center","state":"MD","detail_file":"data/details/power-plants-05.json","plant_id":"56846","capacity_mw":775.3,"status_group":"Operating","energy_sources":"NG","type":"Power plant","is_nuclear":false}},{"type":"Feature","geometry":{"type":"Point","coordinates":[-76.442,38.434]},"properties":{"key":"6011-c7f10615","layer":"power","name":"Calvert Cliffs Nuclear Power Plant","state":"MD","detail_file":"data/details/power-plants-00.json","plant_id":"6011","capacity_mw":1850.4,"status_group":"Operating","energy_sources":"NUC","type":"Nuclear power plant","is_nuclear":true}},{"type":"Feature","geometry":{"type":"Point","coordinates":[-77.416,39.546]},"properties":{"key":"66867-e4e3e51b","layer":"power","name":"Cannonball Solar (CSG)","state":"MD","detail_file":"data/details/power-plants-09.json","plant_id":"66867","capacity_mw":2.0,"status_group":"Operating","energy_sources":"SUN","type":"Power plant","is_nuclear":false}},{"type":"Feature","geometry":{"type":"Point","coordinates":[-76.983,39.039]},"properties":{"key":"58207-7260cf4d","layer":"power","name":"Central Utility Plant at White Oak","state":"MD","detail_file":"data/details/power-plants-26.json","plant_id":"58207","capacity_mw":54.3,"status_group":"Operating","energy_sources":"DFO; NG","type":"Power plant","is_nuclear":false}},{"type":"Feature","geometry":{"type":"Point","coordinates":[-77.006,39.317]},"properties":{"key":"68942-26f23640","layer":"power","name":"Chaberton Solar Catherine","state":"MD","detail_file":"data/details/power-plants-49.json","plant_id":"68942","capacity_mw":2.0,"status_group":"Operating","energy_sources":"SUN","type":"Power plant","is_nuclear":false}},{"type":"Feature","geometry":{"type":"Point","coordinates":[-76.932,39.149]},"properties":{"key":"68989-4c568c49","layer":"power","name":"Chaberton Solar Lime Kiln","state":"MD","detail_file":"data/details/power-plants-43.json","plant_id":"68989","capacity_mw":2.0,"status_group":"Operating","energy_sources":"SUN","type":"Power plant","is_nuclear":false}},{"type":"Feature","geometry":{"type":"Point","coordinates":[-76.858,39.35]},"properties":{"key":"68990-94eb515d","layer":"power","name":"Chaberton Solar Matterhorn","state":"MD","detail_file":"data/details/power-plants-62.json","plant_id":"68990","capacity_mw":2.0,"status_group":"Operating","energy_sources":"SUN","type":"Power plant","is_nuclear":false}},{"type":"Feature","geometry":{"type":"Point","coordinates":[-76.686,38.544]},"properties":{"key":"1571-5a696fa8","layer":"power","name":"Chalk Point Power","state":"MD","detail_file":"data/details/power-plants-16.json","plant_id":"1571","capacity_mw":1825.0,"status_group":"Operating","energy_sources":"DFO; NG","type":"Power plant","is_nuclear":false}},{"type":"Feature","geometry":{"type":"Point","coordinates":[-76.53,38.65]},"properties":{"key":"69128-8eb87dd8","layer":"power","name":"Chesapeake Beach BESS","state":"MD","detail_file":"data/details/power-plants-31.json","plant_id":"69128","capacity_mw":1.1,"status_group":"Operating","energy_sources":"MWH","type":"Power plant","is_nuclear":false}},{"type":"Feature","geometry":{"type":"Point","coordinates":[-76.083,38.953]},"properties":{"key":"60465-12af638a","layer":"power","name":"Chesapeake College","state":"MD","detail_file":"data/details/power-plants-21.json","plant_id":"60465","capacity_mw":1.5,"status_group":"Operating","energy_sources":"SUN","type":"Power plant","is_nuclear":false}},{"type":"Feature","geometry":{"type":"Point","coordinates":[-76.3,38.948]},"properties":{"key":"62720-016b4d19","layer":"power","name":"Chester Woods Point Solar, LLC CSG","state":"MD","detail_file":"data/details/power-plants-45.json","plant_id":"62720","capacity_mw":2.0,"status_group":"Operating","energy_sources":"SUN","type":"Power plant","is_nuclear":false}},{"type":"Feature","geometry":{"type":"Point","coordinates":[-76.957,39.297]},"properties":{"key":"59743-08972dd6","layer":"power","name":"Chimes West Friendship (Nixon Farms)","state":"MD","detail_file":"data/details/power-plants-50.json","plant_id":"59743","capacity_mw":1.2,"status_group":"Operating","energy_sources":"SUN","type":"Power plant","is_nuclear":false}},{"type":"Feature","geometry":{"type":"Point","coordinates":[-76.689,38.905]},"properties":{"key":"65130-254b7644","layer":"power","name":"City of Bowie","state":"MD","detail_file":"data/details/power-plants-61.json","plant_id":"65130","capacity_mw":2.0,"status_group":"Operating","energy_sources":"SUN","type":"Power plant","is_nuclear":false}},{"type":"Feature","geometry":{"type":"Point","coordinates":[-76.689,38.905]},"properties":{"key":"65130-ba32d863","layer":"power","name":"City of Bowie","state":"MD","detail_file":"data/details/power-plants-21.json","plant_id":"65130","capacity_mw":2.0,"status_group":"Under construction","energy_sources":"SUN","type":"Power plant","is_nuclear":false}},{"type":"Feature","geometry":{"type":"Point","coordinates":[-76.22,39.436]},"properties":{"key":"60668-73317f98","layer":"power","name":"City of Havre De Grace C","state":"MD","detail_file":"data/details/power-plants-24.json","plant_id":"60668","capacity_mw":2.0,"status_group":"Operating","energy_sources":"SUN","type":"Power plant","is_nuclear":false}},{"type":"Feature","geometry":{"type":"Point","coordinates":[-76.707,38.881]},"properties":{"key":"69080-0a2740fb","layer":"power","name":"Claggett Landing","state":"MD","detail_file":"data/details/power-plants-59.json","plant_id":"69080","capacity_mw":1.6,"status_group":"Operating","energy_sources":"SUN","type":"Power plant","is_nuclear":false}},{"type":"Feature","geometry":{"type":"Point","coordinates":[-76.175,39.657]},"properties":{"key":"1574-a7b6c74b","layer":"power","name":"Conowingo","state":"MD","detail_file":"data/details/power-plants-54.json","plant_id":"1574","capacity_mw":530.8,"status_group":"Operating","energy_sources":"WAT","type":"Power plant","is_nuclear":false}},{"type":"Feature","geometry":{"type":"Point","coordinates":[-79.29,39.405]},"properties":{"key":"57300-e93b1bdb","layer":"power","name":"Criterion","state":"MD","detail_file":"data/details/power-plants-23.json","plant_id":"57300","capacity_mw":70.0,"status_group":"Operating","energy_sources":"WND","type":"Power plant","is_nuclear":false}},{"type":"Feature","geometry":{"type":"Point","coordinates":[-76.632,39.172]},"properties":{"key":"69088-0d078b88","layer":"power","name":"Cromwell","state":"MD","detail_file":"data/details/power-plants-11.json","plant_id":"69088","capacity_mw":1.8,"status_group":"Operating","energy_sources":"SUN","type":"Power plant","is_nuclear":false}},{"type":"Feature","geometry":{"type":"Point","coordinates":[-78.891,39.6]},"properties":{"key":"67962-3d495a8e","layer":"power","name":"Dans Mountain","state":"MD","detail_file":"data/details/power-plants-51.json","plant_id":"67962","capacity_mw":54.9,"status_group":"Operating","energy_sources":"WND","type":"Power plant","is_nuclear":false}},{"type":"Feature","geometry":{"type":"Point","coordinates":[-79.413,39.523]},"properties":{"key":"1567-0db80bc9","layer":"power","name":"Deep Creek","state":"MD","detail_file":"data/details/power-plants-03.json","plant_id":"1567","capacity_mw":20.0,"status_group":"Operating","energy_sources":"WAT","type":"Power plant","is_nuclear":false}},{"type":"Feature","geometry":{"type":"Point","coordinates":[-77.464,39.21]},"properties":{"key":"1572-b1c8624f","layer":"power","name":"Dickerson Power","state":"MD","detail_file":"data/details/power-plants-15.json","plant_id":"1572","capacity_mw":326.0,"status_group":"Operating","energy_sources":"NG","type":"Power plant","is_nuclear":false}},{"type":"Feature","geometry":{"type":"Point","coordinates":[-76.596,39.274]},"properties":{"key":"54795-22722723","layer":"power","name":"Domino Sugar Baltimore","state":"MD","detail_file":"data/details/power-plants-54.json","plant_id":"54795","capacity_mw":17.5,"status_group":"Operating","energy_sources":"NG","type":"Power plant","is_nuclear":false}},{"type":"Feature","geometry":{"type":"Point","coordinates":[-76.392,39.39]},"properties":{"key":"56571-c6171d13","layer":"power","name":"Eastern Landfill Gas LLC","state":"MD","detail_file":"data/details/power-plants-21.json","plant_id":"56571","capacity_mw":4.0,"status_group":"Operating","energy_sources":"LFG","type":"Power plant","is_nuclear":false}},{"type":"Feature","geometry":{"type":"Point","coordinates":[-76.077,38.779]},"properties":{"key":"1580-54a71037","layer":"power","name":"Easton","state":"MD","detail_file":"data/details/power-plants-48.json","plant_id":"1580","capacity_mw":31.1,"status_group":"Operating","energy_sources":"DFO","type":"Power plant","is_nuclear":false}},{"type":"Feature","geometry":{"type":"Point","coordinates":[-76.07,38.795]},"properties":{"key":"4257-e722fe5c","layer":"power","name":"Easton 2","state":"MD","detail_file":"data/details/power-plants-47.json","plant_id":"4257","capacity_mw":38.8,"status_group":"Operating","energy_sources":"DFO","type":"Power plant","is_nuclear":false}},{"type":"Feature","geometry":{"type":"Point","coordinates":[-76.1,38.531]},"properties":{"key":"66840-bff60bf7","layer":"power","name":"Egypt Road Solar","state":"MD","detail_file":"data/details/power-plants-04.json","plant_id":"66840","capacity_mw":51.1,"status_group":"Operating","energy_sources":"SUN","type":"Power plant","is_nuclear":false}},{"type":"Feature","geometry":{"type":"Point","coordinates":[-77.314,39.694]},"properties":{"key":"60849-6d0bcc90","layer":"power","name":"Emmitsburg Solar Arrays","state":"MD","detail_file":"data/details/power-plants-33.json","plant_id":"60849","capacity_mw":1.7,"status_group":"Operating","energy_sources":"SUN","type":"Power plant","is_nuclear":false}},{"type":"Feature","geometry":{"type":"Point","coordinates":[-76.16,39.719]},"properties":{"key":"7835-17549fc9","layer":"power","name":"Essential Power Rock Springs LLC","state":"MD","detail_file":"data/details/power-plants-37.json","plant_id":"7835","capacity_mw":795.6,"status_group":"Operating","energy_sources":"NG","type":"Power plant","is_nuclear":false}},{"type":"Feature","geometry":{"type":"Point","coordinates":[-76.739,39.684]},"properties":{"key":"67297-2a71c2e5","layer":"power","name":"FFP - MD Foxhall","state":"MD","detail_file":"data/details/power-plants-52.json","plant_id":"67297","capacity_mw":2.0,"status_group":"Operating","energy_sources":"SUN","type":"Power plant","is_nuclear":false}},{"type":"Feature","geometry":{"type":"Point","coordinates":[-79.291,39.405]},"properties":{"key":"59147-b432a35b","layer":"power","name":"Fair Wind","state":"MD","detail_file":"data/details/power-plants-00.json","plant_id":"59147","capacity_mw":30.0,"status_group":"Operating","energy_sources":"WND","type":"Power plant","is_nuclear":false}},{"type":"Feature","geometry":{"type":"Point","coordinates":[-76.589,38.754]},"properties":{"key":"68335-794694e6","layer":"power","name":"Fairhaven","state":"MD","detail_file":"data/details/power-plants-48.json","plant_id":"68335","capacity_mw":2.5,"status_group":"Operating","energy_sources":"MWH","type":"Power plant","is_nuclear":false}},{"type":"Feature","geometry":{"type":"Point","coordinates":[-76.274,39.517]},"properties":{"key":"68262-492d0d42","layer":"power","name":"Fairview Farms","state":"MD","detail_file":"data/details/power-plants-32.json","plant_id":"68262","capacity_mw":30.0,"status_group":"Operating","energy_sources":"SUN","type":"Power plant","is_nuclear":false}},{"type":"Feature","geometry":{"type":"Point","coordinates":[-76.864,38.908]},"properties":{"key":"57747-d0d03b67","layer":"power","name":"FedEx Field Solar Facility","state":"MD","detail_file":"data/details/power-plants-57.json","plant_id":"57747","capacity_mw":2.0,"status_group":"Operating","energy_sources":"SUN","type":"Power plant","is_nuclear":false}},{"type":"Feature","geometry":{"type":"Point","coordinates":[-77.792,39.639]},"properties":{"key":"67801-9fe20311","layer":"power","name":"FedEx Hagerstown","state":"MD","detail_file":"data/details/power-plants-32.json","plant_id":"67801","capacity_mw":1.8,"status_group":"Operating","energy_sources":"SUN","type":"Power plant","is_nuclear":false}},{"type":"Feature","geometry":{"type":"Point","coordinates":[-76.87,38.82]},"properties":{"key":"62043-e0bf3885","layer":"power","name":"First Baptist Church of Glenarden","state":"MD","detail_file":"data/details/power-plants-61.json","plant_id":"62043","capacity_mw":1.5,"status_group":"Operating","energy_sources":"SUN","type":"Power plant","is_nuclear":false}},{"type":"Feature","geometry":{"type":"Point","coordinates":[-77.45,39.44]},"properties":{"key":"61552-980ebd4e","layer":"power","name":"Fort Detrick Solar PV","state":"MD","detail_file":"data/details/power-plants-58.json","plant_id":"61552","capacity_mw":21.7,"status_group":"Operating","energy_sources":"MWH; SUN","type":"Power plant","is_nuclear":false}},{"type":"Feature","geometry":{"type":"Point","coordinates":[-79.011,39.641]},"properties":{"key":"58904-03b924f4","layer":"power","name":"Fourmile Ridge","state":"MD","detail_file":"data/details/power-plants-50.json","plant_id":"58904","capacity_mw":40.0,"status_group":"Operating","energy_sources":"WND","type":"Power plant","is_nuclear":false}},{"type":"Feature","geometry":{"type":"Point","coordinates":[-77.409,39.386]},"properties":{"key":"63253-ae97b9ee","layer":"power","name":"Francis Scott Key Mall","state":"MD","detail_file":"data/details/power-plants-04.json","plant_id":"63253","capacity_mw":1.6,"status_group":"Operating","energy_sources":"SUN","type":"Power plant","is_nuclear":false}},{"type":"Feature","geometry":{"type":"Point","coordinates":[-77.35,39.373]},"properties":{"key":"63496-08eb514b","layer":"power","name":"Frederick County - Landfill","state":"MD","detail_file":"data/details/power-plants-32.json","plant_id":"63496","capacity_mw":2.0,"status_group":"Operating","energy_sources":"SUN","type":"Power plant","is_nuclear":false}},{"type":"Feature","geometry":{"type":"Point","coordinates":[-76.979,39.31]},"properties":{"key":"66160-5564c497","layer":"power","name":"Friendship I","state":"MD","detail_file":"data/details/power-plants-63.json","plant_id":"66160","capacity_mw":2.0,"status_group":"Operating","energy_sources":"SUN","type":"Power plant","is_nuclear":false}},{"type":"Feature","geometry":{"type":"Point","coordinates":[-76.979,39.31]},"properties":{"key":"66162-c5973a7c","layer":"power","name":"Friendship II","state":"MD","detail_file":"data/details/power-plants-14.json","plant_id":"66162","capacity_mw":2.0,"status_group":"Operating","energy_sources":"SUN","type":"Power plant","is_nuclear":false}},{"type":"Feature","geometry":{"type":"Point","coordinates":[-76.909,39.017]},"properties":{"key":"61738-6b8608e3","layer":"power","name":"GWCC PV Solar Farm","state":"MD","detail_file":"data/details/power-plants-13.json","plant_id":"61738","capacity_mw":1.6,"status_group":"Operating","energy_sources":"SUN","type":"Power plant","is_nuclear":false}},{"type":"Feature","geometry":{"type":"Point","coordinates":[-79.393,39.505]},"properties":{"key":"60847-e0530808","layer":"power","name":"Garrett County - DPU Treatment Plant","state":"MD","detail_file":"data/details/power-plants-60.json","plant_id":"60847","capacity_mw":1.2,"status_group":"Operating","energy_sources":"SUN","type":"Power plant","is_nuclear":false}},{"type":"Feature","geometry":{"type":"Point","coordinates":[-76.746,38.708]},"properties":{"key":"67486-71f9aa57","layer":"power","name":"Hall Property","state":"MD","detail_file":"data/details/power-plants-60.json","plant_id":"67486","capacity_mw":2.0,"status_group":"Operating","energy_sources":"SUN","type":"Power plant","is_nuclear":false}},{"type":"Feature","geometry":{"type":"Point","coordinates":[-76.22,39.436]},"properties":{"key":"60708-ae0e433e","layer":"power","name":"Havre de Grace II - E at Perryman","state":"MD","detail_file":"data/details/power-plants-03.json","plant_id":"60708","capacity_mw":1.4,"status_group":"Operating","energy_sources":"SUN","type":"Power plant","is_nuclear":false}},{"type":"Feature","geometry":{"type":"Point","coordinates":[-76.527,39.178]},"properties":{"key":"1554-f22e09fd","layer":"power","name":"Herbert A Wagner","state":"MD","detail_file":"data/details/power-plants-24.json","plant_id":"1554","capacity_mw":773.7,"status_group":"Operating","energy_sources":"DFO","type":"Power plant","is_nuclear":false}},{"type":"Feature","geometry":{"type":"Point","coordinates":[-76.799,38.546]},"properties":{"key":"58463-a267adbe","layer":"power","name":"Herbert Farm Solar","state":"MD","detail_file":"data/details/power-plants-49.json","plant_id":"58463","capacity_mw":5.5,"status_group":"Operating","energy_sources":"SUN","type":"Power plant","is_nuclear":false}},{"type":"Feature","geometry":{"type":"Point","coordinates":[-76.688,39.226]},"properties":{"key":"65324-3607cb5f","layer":"power","name":"Hollins Ferry CSG","state":"MD","detail_file":"data/details/power-plants-41.json","plant_id":"65324","capacity_mw":1.5,"status_group":"Operating","energy_sources":"SUN","type":"Power plant","is_nuclear":false}},{"type":"Feature","geometry":{"type":"Point","coordinates":[-76.912,38.862]},"properties":{"key":"66819-69582bc6","layer":"power","name":"Holly Spring Meadows","state":"MD","detail_file":"data/details/power-plants-38.json","plant_id":"66819","capacity_mw":1.2,"status_group":"Operating","energy_sources":"SUN","type":"Power plant","is_nuclear":false}},{"type":"Feature","geometry":{"type":"Point","coordinates":[-77.701,39.664]},"properties":{"key":"64608-1be30e60","layer":"power","name":"Hostetter Solar One, LLC","state":"MD","detail_file":"data/details/power-plants-22.json","plant_id":"64608","capacity_mw":2.0,"status_group":"Operating","energy_sources":"SUN","type":"Power plant","is_nuclear":false}},{"type":"Feature","geometry":{"type":"Point","coordinates":[-76.548,39.267]},"properties":{"key":"61465-2f4dd40d","layer":"power","name":"IGS Solar I - BWI2","state":"MD","detail_file":"data/details/power-plants-54.json","plant_id":"61465","capacity_mw":1.4,"status_group":"Operating","energy_sources":"SUN","type":"Power plant","is_nuclear":false}},{"type":"Feature","geometry":{"type":"Point","coordinates":[-76.548,39.27]},"properties":{"key":"61358-2d463c16","layer":"power","name":"IGS Solar I - BWI5","state":"MD","detail_file":"data/details/power-plants-33.json","plant_id":"61358","capacity_mw":1.1,"status_group":"Operating","energy_sources":"SUN","type":"Power plant","is_nuclear":false}},{"type":"Feature","geometry":{"type":"Point","coordinates":[-76.926,39.021]},"properties":{"key":"58015-69f4d97c","layer":"power","name":"IKEA College Park 411","state":"MD","detail_file":"data/details/power-plants-49.json","plant_id":"58015","capacity_mw":2.0,"status_group":"Operating","energy_sources":"SUN","type":"Power plant","is_nuclear":false}},{"type":"Feature","geometry":{"type":"Point","coordinates":[-76.055,39.561]},"properties":{"key":"58014-115a9d15","layer":"power","name":"IKEA Perryville 460","state":"MD","detail_file":"data/details/power-plants-58.json","plant_id":"58014","capacity_mw":2.1,"status_group":"Operating","energy_sources":"SUN","type":"Power plant","is_nuclear":false}},{"type":"Feature","geometry":{"type":"Point","coordinates":[-76.599,39.284]},"properties":{"key":"56050-8d688875","layer":"power","name":"Inner Harbor East Heating","state":"MD","detail_file":"data/details/power-plants-40.json","plant_id":"56050","capacity_mw":2.1,"status_group":"Operating","energy_sources":"NG","type":"Power plant","is_nuclear":false}},{"type":"Feature","geometry":{"type":"Point","coordinates":[-78.951,39.598]},"properties":{"key":"67214-0be886e1","layer":"power","name":"Jade Meadow LLC","state":"MD","detail_file":"data/details/power-plants-23.json","plant_id":"67214","capacity_mw":19.8,"status_group":"Operating","energy_sources":"SUN","type":"Power plant","is_nuclear":false}},{"type":"Feature","geometry":{"type":"Point","coordinates":[-76.979,39.315]},"properties":{"key":"66655-f75b3d3e","layer":"power","name":"KDC Solar CV Animal Control LLC","state":"MD","detail_file":"data/details/power-plants-49.json","plant_id":"66655","capacity_mw":2.0,"status_group":"Operating","energy_sources":"SUN","type":"Power plant","is_nuclear":false}},{"type":"Feature","geometry":{"type":"Point","coordinates":[-76.985,39.318]},"properties":{"key":"66652-317cd74e","layer":"power","name":"KDC Solar CV Ascend One LLC","state":"MD","detail_file":"data/details/power-plants-19.json","plant_id":"66652","capacity_mw":2.0,"status_group":"Operating","energy_sources":"SUN","type":"Power plant","is_nuclear":false}},{"type":"Feature","geometry":{"type":"Point","coordinates":[-76.979,39.315]},"properties":{"key":"66653-a75c78e6","layer":"power","name":"KDC Solar CV Cedar Lane Park LLC","state":"MD","detail_file":"data/details/power-plants-37.json","plant_id":"66653","capacity_mw":2.0,"status_group":"Operating","energy_sources":"SUN","type":"Power plant","is_nuclear":false}},{"type":"Feature","geometry":{"type":"Point","coordinates":[-76.978,39.311]},"properties":{"key":"66654-1acf2a1c","layer":"power","name":"KDC Solar CV Central MD Regional Transit","state":"MD","detail_file":"data/details/power-plants-63.json","plant_id":"66654","capacity_mw":2.0,"status_group":"Operating","energy_sources":"SUN","type":"Power plant","is_nuclear":false}},{"type":"Feature","geometry":{"type":"Point","coordinates":[-76.978,39.311]},"properties":{"key":"66656-48ab282f","layer":"power","name":"KDC Solar CV O'Donnell Property LLC","state":"MD","detail_file":"data/details/power-plants-14.json","plant_id":"66656","capacity_mw":2.0,"status_group":"Operating","energy_sources":"SUN","type":"Power plant","is_nuclear":false}},{"type":"Feature","geometry":{"type":"Point","coordinates":[-76.961,39.301]},"properties":{"key":"65984-7dfda816","layer":"power","name":"KDC Solar TC Blandair Park LLC","state":"MD","detail_file":"data/details/power-plants-49.json","plant_id":"65984","capacity_mw":2.0,"status_group":"Operating","energy_sources":"SUN","type":"Power plant","is_nuclear":false}},{"type":"Feature","geometry":{"type":"Point","coordinates":[-76.957,39.3]},"properties":{"key":"65983-43dc8672","layer":"power","name":"KDC Solar TC George Howard LLC","state":"MD","detail_file":"data/details/power-plants-05.json","plant_id":"65983","capacity_mw":2.0,"status_group":"Operating","energy_sources":"SUN","type":"Power plant","is_nuclear":false}},{"type":"Feature","geometry":{"type":"Point","coordinates":[-76.96,39.299]},"properties":{"key":"65982-997d7a56","layer":"power","name":"KDC Solar TC Little Patuxent WWTP LLC","state":"MD","detail_file":"data/details/power-plants-24.json","plant_id":"65982","capacity_mw":2.0,"status_group":"Operating","energy_sources":"SUN","type":"Power plant","is_nuclear":false}},{"type":"Feature","geometry":{"type":"Point","coordinates":[-76.485,39.327]},"properties":{"key":"69381-8b221908","layer":"power","name":"Kelso Community Solar I","state":"MD","detail_file":"data/details/power-plants-24.json","plant_id":"69381","capacity_mw":1.6,"status_group":"Operating","energy_sources":"SUN","type":"Power plant","is_nuclear":false}},{"type":"Feature","geometry":{"type":"Point","coordinates":[-76.489,39.327]},"properties":{"key":"69382-bf3d008b","layer":"power","name":"Kelso Community Solar II","state":"MD","detail_file":"data/details/power-plants-62.json","plant_id":"69382","capacity_mw":1.4,"status_group":"Operating","energy_sources":"SUN","type":"Power plant","is_nuclear":false}},{"type":"Feature","geometry":{"type":"Point","coordinates":[-76.091,39.281]},"properties":{"key":"58243-4f4edca3","layer":"power","name":"Kent County - Worton Complex","state":"MD","detail_file":"data/details/power-plants-19.json","plant_id":"58243","capacity_mw":1.0,"status_group":"Operating","energy_sources":"SUN","type":"Power plant","is_nuclear":false}},{"type":"Feature","geometry":{"type":"Point","coordinates":[-76.828,38.696]},"properties":{"key":"60302-6b76132f","layer":"power","name":"Key","state":"MD","detail_file":"data/details/power-plants-63.json","plant_id":"60302","capacity_mw":830.6,"status_group":"Operating","energy_sources":"NG","type":"Power plant","is_nuclear":false}},{"type":"Feature","geometry":{"type":"Point","coordinates":[-77.644,39.625]},"properties":{"key":"69570-c2f70fc9","layer":"power","name":"Kieffer Funk","state":"MD","detail_file":"data/details/power-plants-63.json","plant_id":"69570","capacity_mw":12.0,"status_group":"Operating","energy_sources":"SUN","type":"Power plant","is_nuclear":false}},{"type":"Feature","geometry":{"type":"Point","coordinates":[-76.924,38.779]},"properties":{"key":"64602-93905422","layer":"power","name":"Kirby Road Solar, LLC","state":"MD","detail_file":"data/details/power-plants-62.json","plant_id":"64602","capacity_mw":1.3,"status_group":"Operating","energy_sources":"SUN","type":"Power plant","is_nuclear":false}},{"type":"Feature","geometry":{"type":"Point","coordinates":[-77.308,39.572]},"properties":{"key":"61796-bcf4137f","layer":"power","name":"LeGore Bridge Solar Center","state":"MD","detail_file":"data/details/power-plants-62.json","plant_id":"61796","capacity_mw":20.0,"status_group":"Operating","energy_sources":"SUN","type":"Power plant","is_nuclear":false}},{"type":"Feature","geometry":{"type":"Point","coordinates":[-76.781,39.327]},"properties":{"key":"67392-31733226","layer":"power","name":"Lion One","state":"MD","detail_file":"data/details/power-plants-26.json","plant_id":"67392","capacity_mw":2.0,"status_group":"Operating","energy_sources":"SUN","type":"Power plant","is_nuclear":false}},{"type":"Feature","geometry":{"type":"Point","coordinates":[-76.978,38.697]},"properties":{"key":"67393-2ee2281c","layer":"power","name":"Livingston Crossing (CSG)","state":"MD","detail_file":"data/details/power-plants-09.json","plant_id":"67393","capacity_mw":2.0,"status_group":"Operating","energy_sources":"SUN","type":"Power plant","is_nuclear":false}},{"type":"Feature","geometry":{"type":"Point","coordinates":[-76.986,39.261]},"properties":{"key":"69069-d187a323","layer":"power","name":"MD - CPG - Ten Oaks","state":"MD","detail_file":"data/details/power-plants-13.json","plant_id":"69069","capacity_mw":2.0,"status_group":"Operating","energy_sources":"SUN","type":"Power plant","is_nuclear":false}},{"type":"Feature","geometry":{"type":"Point","coordinates":[-76.699,38.927]},"properties":{"key":"65340-9265c1e0","layer":"power","name":"MD - CS - BGE - PR24 TPE","state":"MD","detail_file":"data/details/power-plants-12.json","plant_id":"65340","capacity_mw":2.0,"status_group":"Operating","energy_sources":"SUN","type":"Power plant","is_nuclear":false}},{"type":"Feature","geometry":{"type":"Point","coordinates":[-79.328,39.608]},"properties":{"key":"65339-5839c923","layer":"power","name":"MD - CS - Potomac Edison Co - GA25 TPE (","state":"MD","detail_file":"data/details/power-plants-13.json","plant_id":"65339","capacity_mw":2.0,"status_group":"Operating","energy_sources":"SUN","type":"Power plant","is_nuclear":false}},{"type":"Feature","geometry":{"type":"Point","coordinates":[-79.388,39.595]},"properties":{"key":"64180-11bf0a42","layer":"power","name":"MD - CS - Potomac Edison Co - GA29 TPE","state":"MD","detail_file":"data/details/power-plants-10.json","plant_id":"64180","capacity_mw":2.0,"status_group":"Operating","energy_sources":"SUN","type":"Power plant","is_nuclear":false}},{"type":"Feature","geometry":{"type":"Point","coordinates":[-76.715,38.935]},"properties":{"key":"64689-62e8897e","layer":"power","name":"MD - PR97 (CSG)","state":"MD","detail_file":"data/details/power-plants-53.json","plant_id":"64689","capacity_mw":2.0,"status_group":"Operating","energy_sources":"SUN","type":"Power plant","is_nuclear":false}},{"type":"Feature","geometry":{"type":"Point","coordinates":[-76.554,39.27]},"properties":{"key":"67671-326371e3","layer":"power","name":"MD BALTIMORE 4851 HOLABIRD AVE","state":"MD","detail_file":"data/details/power-plants-38.json","plant_id":"67671","capacity_mw":1.8,"status_group":"Operating","energy_sources":"SUN","type":"Power plant","is_nuclear":false}},{"type":"Feature","geometry":{"type":"Point","coordinates":[-79.398,39.373]},"properties":{"key":"68779-1fbb6f4d","layer":"power","name":"MD CDG 001","state":"MD","detail_file":"data/details/power-plants-09.json","plant_id":"68779","capacity_mw":2.0,"status_group":"Operating","energy_sources":"SUN","type":"Power plant","is_nuclear":false}},{"type":"Feature","geometry":{"type":"Point","coordinates":[-79.404,39.375]},"properties":{"key":"68780-51c19a28","layer":"power","name":"MD CDG 002","state":"MD","detail_file":"data/details/power-plants-38.json","plant_id":"68780","capacity_mw":2.0,"status_group":"Operating","energy_sources":"SUN","type":"Power plant","is_nuclear":false}},{"type":"Feature","geometry":{"type":"Point","coordinates":[-76.787,39.157]},"properties":{"key":"67670-d7bdeb58","layer":"power","name":"MD JESSUP 7950 OCEANO AVE","state":"MD","detail_file":"data/details/power-plants-15.json","plant_id":"67670","capacity_mw":1.5,"status_group":"Operating","energy_sources":"SUN","type":"Power plant","is_nuclear":false}},{"type":"Feature","geometry":{"type":"Point","coordinates":[-76.734,38.874]},"properties":{"key":"69052-019b585b","layer":"power","name":"MDD109-NCBP BLDG 11-Manekin","state":"MD","detail_file":"data/details/power-plants-37.json","plant_id":"69052","capacity_mw":2.4,"status_group":"Under construction","energy_sources":"SUN","type":"Power plant","is_nuclear":false}},{"type":"Feature","geometry":{"type":"Point","coordinates":[-76.139,38.773]},"properties":{"key":"60496-1bc78b8e","layer":"power","name":"MEBA","state":"MD","detail_file":"data/details/power-plants-21.json","plant_id":"60496","capacity_mw":1.5,"status_group":"Operating","energy_sources":"SUN","type":"Power plant","is_nuclear":false}},{"type":"Feature","geometry":{"type":"Point","coordinates":[-77.318,39.149]},"properties":{"key":"62910-026de2b8","layer":"power","name":"MNCPPC Germantown Solar","state":"MD","detail_file":"data/details/power-plants-40.json","plant_id":"62910","capacity_mw":1.0,"status_group":"Operating","energy_sources":"SUN","type":"Power plant","is_nuclear":false}},{"type":"Feature","geometry":{"type":"Point","coordinates":[-76.803,38.832]},"properties":{"key":"64604-4a383806","layer":"power","name":"MNCPPC Randall Farm","state":"MD","detail_file":"data/details/power-plants-43.json","plant_id":"64604","capacity_mw":1.4,"status_group":"Operating","energy_sources":"SUN","type":"Power plant","is_nuclear":false}},{"type":"Feature","geometry":{"type":"Point","coordinates":[-76.96,39.119]},"properties":{"key":"65610-976dac03","layer":"power","name":"MO32 (CSG)","state":"MD","detail_file":"data/details/power-plants-12.json","plant_id":"65610","capacity_mw":2.0,"status_group":"Operating","energy_sources":"SUN","type":"Power plant","is_nuclear":false}},{"type":"Feature","geometry":{"type":"Point","coordinates":[-77.12,39.188]},"properties":{"key":"65611-ca9e0c69","layer":"power","name":"MO33 CSG","state":"MD","detail_file":"data/details/power-plants-24.json","plant_id":"65611","capacity_mw":2.0,"status_group":"Operating","energy_sources":"SUN","type":"Power plant","is_nuclear":false}},{"type":"Feature","geometry":{"type":"Point","coordinates":[-76.321,39.448]},"properties":{"key":"62323-9924ea7d","layer":"power","name":"Macy's MD Joppa Solar Project","state":"MD","detail_file":"data/details/power-plants-55.json","plant_id":"62323","capacity_mw":1.8,"status_group":"Operating","energy_sources":"SUN","type":"Power plant","is_nuclear":false}},{"type":"Feature","geometry":{"type":"Point","coordinates":[-76.78,39.158]},"properties":{"key":"64241-8327bd25","layer":"power","name":"Maryland Bioenergy Center (Jessup)","state":"MD","detail_file":"data/details/power-plants-12.json","plant_id":"64241","capacity_mw":1.1,"status_group":"Operating","energy_sources":"NG","type":"Power plant","is_nuclear":false}},{"type":"Feature","geometry":{"type":"Point","coordinates":[-77.72,39.563]},"properties":{"key":"58408-18191fcb","layer":"power","name":"Maryland Solar","state":"MD","detail_file":"data/details/power-plants-41.json","plant_id":"58408","capacity_mw":27.0,"status_group":"Operating","energy_sources":"SUN","type":"Power plant","is_nuclear":false}},{"type":"Feature","geometry":{"type":"Point","coordinates":[-76.229,39.484]},"properties":{"key":"57646-3bb29bcd","layer":"power","name":"McCormick & Co. Inc. at Belcamp","state":"MD","detail_file":"data/details/power-plants-06.json","plant_id":"57646","capacity_mw":1.4,"status_group":"Operating","energy_sources":"SUN","type":"Power plant","is_nuclear":false}},{"type":"Feature","geometry":{"type":"Point","coordinates":[-76.676,39.085]},"properties":{"key":"58246-c31820e5","layer":"power","name":"Millersville LFG","state":"MD","detail_file":"data/details/power-plants-19.json","plant_id":"58246","capacity_mw":3.2,"status_group":"Operating","energy_sources":"LFG","type":"Power plant","is_nuclear":false}},{"type":"Feature","geometry":{"type":"Point","coordinates":[-77.293,39.238]},"properties":{"key":"60820-5671e882","layer":"power","name":"Montgomery County Correctional Facility","state":"MD","detail_file":"data/details/power-plants-23.json","plant_id":"60820","capacity_mw":1.4,"status_group":"Operating","energy_sources":"SUN","type":"Power plant","is_nuclear":false}},{"type":"Feature","geometry":{"type":"Point","coordinates":[-77.456,39.201]},"properties":{"key":"50657-2cec0e04","layer":"power","name":"Montgomery County Resource Recovery","state":"MD","detail_file":"data/details/power-plants-16.json","plant_id":"50657","capacity_mw":67.8,"status_group":"Operating","energy_sources":"MSW","type":"Power plant","is_nuclear":false}},{"type":"Feature","geometry":{"type":"Point","coordinates":[-77.236,39.113]},"properties":{"key":"61608-bc43f76f","layer":"power","name":"Montgomery County Solar","state":"MD","detail_file":"data/details/power-plants-50.json","plant_id":"61608","capacity_mw":1.9,"status_group":"Operating","energy_sources":"SUN","type":"Power plant","is_nuclear":false}},{"type":"Feature","geometry":{"type":"Point","coordinates":[-76.977,38.359]},"properties":{"key":"1573-6d2bbeb0","layer":"power","name":"Morgantown Generating Plant","state":"MD","detail_file":"data/details/power-plants-54.json","plant_id":"1573","capacity_mw":260.0,"status_group":"Operating","energy_sources":"DFO","type":"Power plant","is_nuclear":false}},{"type":"Feature","geometry":{"type":"Point","coordinates":[-76.052,39.23]},"properties":{"key":"66843-78afd006","layer":"power","name":"Morgnec Solar","state":"MD","detail_file":"data/details/power-plants-37.json","plant_id":"66843","capacity_mw":55.8,"status_group":"Under construction","energy_sources":"SUN","type":"Power plant","is_nuclear":false}},{"type":"Feature","geometry":{"type":"Point","coordinates":[-77.345,39.675]},"properties":{"key":"57758-573252ea","layer":"power","name":"Mount Saint Mary's","state":"MD","detail_file":"data/details/power-plants-28.json","plant_id":"57758","capacity_mw":13.7,"status_group":"Operating","energy_sources":"SUN","type":"Power plant","is_nuclear":false}},{"type":"Feature","geometry":{"type":"Point","coordinates":[-76.11,38.567]},"properties":{"key":"67399-e9c9d5f6","layer":"power","name":"Mustang One","state":"MD","detail_file":"data/details/power-plants-04.json","plant_id":"67399","capacity_mw":1.5,"status_group":"Operating","energy_sources":"SUN","type":"Power plant","is_nuclear":false}},{"type":"Feature","geometry":{"type":"Point","coordinates":[-76.737,38.869]},"properties":{"key":"69767-18a96b0b","layer":"power","name":"NCBP Seven","state":"MD","detail_file":"data/details/power-plants-04.json","plant_id":"69767","capacity_mw":2.4,"status_group":"Under construction","energy_sources":"SUN","type":"Power plant","is_nuclear":false}},{"type":"Feature","geometry":{"type":"Point","coordinates":[-76.734,38.871]},"properties":{"key":"69064-c6598b82","layer":"power","name":"NCBP TWELVE, LLC","state":"MD","detail_file":"data/details/power-plants-26.json","plant_id":"69064","capacity_mw":1.2,"status_group":"Under construction","energy_sources":"SUN","type":"Power plant","is_nuclear":false}},{"type":"Feature","geometry":{"type":"Point","coordinates":[-77.094,39.0]},"properties":{"key":"56668-1cca7216","layer":"power","name":"NIH Cogeneration Facility","state":"MD","detail_file":"data/details/power-plants-20.json","plant_id":"56668","capacity_mw":28.0,"status_group":"Operating","energy_sources":"NG","type":"Power plant","is_nuclear":false}},{"type":"Feature","geometry":{"type":"Point","coordinates":[-77.216,39.127]},"properties":{"key":"62208-1603069f","layer":"power","name":"NIST Solar","state":"MD","detail_file":"data/details/power-plants-16.json","plant_id":"62208","capacity_mw":4.0,"status_group":"Operating","energy_sources":"SUN","type":"Power plant","is_nuclear":false}},{"type":"Feature","geometry":{"type":"Point","coordinates":[-76.686,38.544]},"properties":{"key":"61890-c99d7e39","layer":"power","name":"NRG Chalk Point CT","state":"MD","detail_file":"data/details/power-plants-24.json","plant_id":"61890","capacity_mw":94.0,"status_group":"Operating","energy_sources":"DFO","type":"Power plant","is_nuclear":false}},{"type":"Feature","geometry":{"type":"Point","coordinates":[-76.574,38.784]},"properties":{"key":"64790-50655d65","layer":"power","name":"OER Checkerspot","state":"MD","detail_file":"data/details/power-plants-11.json","plant_id":"64790","capacity_mw":1.5,"status_group":"Operating","energy_sources":"SUN","type":"Power plant","is_nuclear":false}},{"type":"Feature","geometry":{"type":"Point","coordinates":[-76.789,38.8]},"properties":{"key":"65357-dde975ac","layer":"power","name":"OER Monarch CSG","state":"MD","detail_file":"data/details/power-plants-08.json","plant_id":"65357","capacity_mw":2.0,"status_group":"Operating","energy_sources":"SUN","type":"Power plant","is_nuclear":false}},{"type":"Feature","geometry":{"type":"Point","coordinates":[-76.683,38.839]},"properties":{"key":"65358-13e27e0d","layer":"power","name":"OER Patuxent CSG","state":"MD","detail_file":"data/details/power-plants-26.json","plant_id":"65358","capacity_mw":2.0,"status_group":"Operating","energy_sources":"SUN","type":"Power plant","is_nuclear":false}},{"type":"Feature","geometry":{"type":"Point","coordinates":[-77.119,39.194]},"properties":{"key":"67180-ba98ce1a","layer":"power","name":"Oaks Landfill - ANEM","state":"MD","detail_file":"data/details/power-plants-19.json","plant_id":"67180","capacity_mw":2.0,"status_group":"Operating","energy_sources":"SUN","type":"Power plant","is_nuclear":false}},{"type":"Feature","geometry":{"type":"Point","coordinates":[-77.119,39.194]},"properties":{"key":"67508-283f5d11","layer":"power","name":"Oaks Landfill CS 1","state":"MD","detail_file":"data/details/power-plants-48.json","plant_id":"67508","capacity_mw":2.0,"status_group":"Operating","energy_sources":"SUN","type":"Power plant","is_nuclear":false}},{"type":"Feature","geometry":{"type":"Point","coordinates":[-77.119,39.194]},"properties":{"key":"67690-002aa85a","layer":"power","name":"Oaks Landfill CS 2","state":"MD","detail_file":"data/details/power-plants-35.json","plant_id":"67690","capacity_mw":2.0,"status_group":"Operating","energy_sources":"SUN","type":"Power plant","is_nuclear":false}},{"type":"Feature","geometry":{"type":"Point","coordinates":[-76.835,39.342]},"properties":{"key":"63237-591b8454","layer":"power","name":"Old Court Rd Solar","state":"MD","detail_file":"data/details/power-plants-44.json","plant_id":"63237","capacity_mw":2.0,"status_group":"Operating","energy_sources":"SUN","type":"Power plant","is_nuclear":false}},{"type":"Feature","geometry":{"type":"Point","coordinates":[-76.93,39.32]},"properties":{"key":"64642-f766656a","layer":"power","name":"P52ES 1755 Henryton Rd Phase 1 LLC CSG","state":"MD","detail_file":"data/details/power-plants-38.json","plant_id":"64642","capacity_mw":1.9,"status_group":"Operating","energy_sources":"SUN","type":"Power plant","is_nuclear":false}},{"type":"Feature","geometry":{"type":"Point","coordinates":[-76.93,39.32]},"properties":{"key":"64643-b9772207","layer":"power","name":"P52ES 1755 Henryton Rd Phase 2 LLC","state":"MD","detail_file":"data/details/power-plants-59.json","plant_id":"64643","capacity_mw":1.9,"status_group":"Operating","energy_sources":"SUN","type":"Power plant","is_nuclear":false}},{"type":"Feature","geometry":{"type":"Point","coordinates":[-76.647,39.662]},"properties":{"key":"70110-4ff52c25","layer":"power","name":"Parkton Landfill","state":"MD","detail_file":"data/details/power-plants-57.json","plant_id":"70110","capacity_mw":4.7,"status_group":"Operating","energy_sources":"SUN","type":"Power plant","is_nuclear":false}},{"type":"Feature","geometry":{"type":"Point","coordinates":[-76.222,39.443]},"properties":{"key":"1556-d00b0e17","layer":"power","name":"Perryman","state":"MD","detail_file":"data/details/power-plants-19.json","plant_id":"1556","capacity_mw":492.3,"status_group":"Operating","energy_sources":"DFO; NG","type":"Power plant","is_nuclear":false}},{"type":"Feature","geometry":{"type":"Point","coordinates":[-76.394,39.428]},"properties":{"key":"61185-0319c619","layer":"power","name":"Pfeffers","state":"MD","detail_file":"data/details/power-plants-14.json","plant_id":"61185","capacity_mw":1.0,"status_group":"Operating","energy_sources":"SUN","type":"Power plant","is_nuclear":false}},{"type":"Feature","geometry":{"type":"Point","coordinates":[-76.564,39.299]},"properties":{"key":"1557-15ab593d","layer":"power","name":"Philadelphia","state":"MD","detail_file":"data/details/power-plants-11.json","plant_id":"1557","capacity_mw":82.8,"status_group":"Operating","energy_sources":"DFO","type":"Power plant","is_nuclear":false}},{"type":"Feature","geometry":{"type":"Point","coordinates":[-77.861,39.625]},"properties":{"key":"63903-90290948","layer":"power","name":"Pinesburg Solar LLC","state":"MD","detail_file":"data/details/power-plants-48.json","plant_id":"63903","capacity_mw":4.3,"status_group":"Operating","energy_sources":"SUN","type":"Power plant","is_nuclear":false}},{"type":"Feature","geometry":{"type":"Point","coordinates":[-78.108,39.688]},"properties":{"key":"64646-74f5e97d","layer":"power","name":"Pittman Solar One LLC","state":"MD","detail_file":"data/details/power-plants-56.json","plant_id":"64646","capacity_mw":2.0,"status_group":"Operating","energy_sources":"SUN","type":"Power plant","is_nuclear":false}},{"type":"Feature","geometry":{"type":"Point","coordinates":[-76.516,39.448]},"properties":{"key":"60447-11af8224","layer":"power","name":"Presbyterian Senior Living Service","state":"MD","detail_file":"data/details/power-plants-53.json","plant_id":"60447","capacity_mw":1.0,"status_group":"Operating","energy_sources":"SUN","type":"Power plant","is_nuclear":false}},{"type":"Feature","geometry":{"type":"Point","coordinates":[-76.016,39.032]},"properties":{"key":"58631-7a93d466","layer":"power","name":"Queen Anne's County","state":"MD","detail_file":"data/details/power-plants-09.json","plant_id":"58631","capacity_mw":2.0,"status_group":"Operating","energy_sources":"SUN","type":"Power plant","is_nuclear":false}},{"type":"Feature","geometry":{"type":"Point","coordinates":[-77.097,38.535]},"properties":{"key":"66203-eb9ebfbb","layer":"power","name":"Ripley","state":"MD","detail_file":"data/details/power-plants-11.json","plant_id":"66203","capacity_mw":27.5,"status_group":"Operating","energy_sources":"SUN","type":"Power plant","is_nuclear":false}},{"type":"Feature","geometry":{"type":"Point","coordinates":[-76.232,39.144]},"properties":{"key":"58241-97d3b4fb","layer":"power","name":"Rock Hall","state":"MD","detail_file":"data/details/power-plants-36.json","plant_id":"58241","capacity_mw":1.0,"status_group":"Operating","energy_sources":"SUN","type":"Power plant","is_nuclear":false}},{"type":"Feature","geometry":{"type":"Point","coordinates":[-77.875,39.629]},"properties":{"key":"65756-31c61108","layer":"power","name":"Rockdale","state":"MD","detail_file":"data/details/power-plants-08.json","plant_id":"65756","capacity_mw":2.0,"status_group":"Operating","energy_sources":"SUN","type":"Power plant","is_nuclear":false}},{"type":"Feature","geometry":{"type":"Point","coordinates":[-76.875,38.592]},"properties":{"key":"59811-dca07cf0","layer":"power","name":"Rockfish Solar LLC","state":"MD","detail_file":"data/details/power-plants-57.json","plant_id":"59811","capacity_mw":10.3,"status_group":"Operating","energy_sources":"SUN","type":"Power plant","is_nuclear":false}},{"type":"Feature","geometry":{"type":"Point","coordinates":[-79.434,39.287]},"properties":{"key":"57240-f79efd8e","layer":"power","name":"Roth Rock North Wind Farm, LLC","state":"MD","detail_file":"data/details/power-plants-12.json","plant_id":"57240","capacity_mw":10.0,"status_group":"Operating","energy_sources":"WND","type":"Power plant","is_nuclear":false}},{"type":"Feature","geometry":{"type":"Point","coordinates":[-79.467,39.254]},"properties":{"key":"57239-e7e61bb1","layer":"power","name":"Roth Rock Wind Farm LLC","state":"MD","detail_file":"data/details/power-plants-20.json","plant_id":"57239","capacity_mw":40.0,"status_group":"Operating","energy_sources":"WND","type":"Power plant","is_nuclear":false}},{"type":"Feature","geometry":{"type":"Point","coordinates":[-77.162,39.562]},"properties":{"key":"65359-5f4d6f30","layer":"power","name":"Shepherds Mill CSG","state":"MD","detail_file":"data/details/power-plants-42.json","plant_id":"65359","capacity_mw":2.0,"status_group":"Operating","energy_sources":"SUN","type":"Power plant","is_nuclear":false}},{"type":"Feature","geometry":{"type":"Point","coordinates":[-76.895,38.911]},"properties":{"key":"63654-0e25ff0d","layer":"power","name":"Sheriff Road","state":"MD","detail_file":"data/details/power-plants-40.json","plant_id":"63654","capacity_mw":1.1,"status_group":"Operating","energy_sources":"SUN","type":"Power plant","is_nuclear":false}},{"type":"Feature","geometry":{"type":"Point","coordinates":[-76.039,37.995]},"properties":{"key":"6391-dd64841f","layer":"power","name":"Smith Island","state":"MD","detail_file":"data/details/power-plants-30.json","plant_id":"6391","capacity_mw":1.5,"status_group":"Operating","energy_sources":"DFO","type":"Power plant","is_nuclear":false}},{"type":"Feature","geometry":{"type":"Point","coordinates":[-76.837,39.175]},"properties":{"key":"65612-1bd5cd9d","layer":"power","name":"Snowden River CSG","state":"MD","detail_file":"data/details/power-plants-59.json","plant_id":"65612","capacity_mw":1.9,"status_group":"Operating","energy_sources":"SUN","type":"Power plant","is_nuclear":false}},{"type":"Feature","geometry":{"type":"Point","coordinates":[-76.22,39.436]},"properties":{"key":"60669-07490ea4","layer":"power","name":"Sod Run WTP A","state":"MD","detail_file":"data/details/power-plants-48.json","plant_id":"60669","capacity_mw":2.0,"status_group":"Operating","energy_sources":"SUN","type":"Power plant","is_nuclear":false}},{"type":"Feature","geometry":{"type":"Point","coordinates":[-76.95,38.85]},"properties":{"key":"62331-60ea2904","layer":"power","name":"Sol Phoenix","state":"MD","detail_file":"data/details/power-plants-10.json","plant_id":"62331","capacity_mw":2.5,"status_group":"Operating","energy_sources":"SUN","type":"Power plant","is_nuclear":false}},{"type":"Feature","geometry":{"type":"Point","coordinates":[-77.678,39.649]},"properties":{"key":"62912-8fac8681","layer":"power","name":"Solar Hagerstown","state":"MD","detail_file":"data/details/power-plants-08.json","plant_id":"62912","capacity_mw":10.0,"status_group":"Operating","energy_sources":"SUN","type":"Power plant","is_nuclear":false}},{"type":"Feature","geometry":{"type":"Point","coordinates":[-76.95,38.95]},"properties":{"key":"67490-96308eb7","layer":"power","name":"Spectrum Solar Hybrid","state":"MD","detail_file":"data/details/power-plants-05.json","plant_id":"67490","capacity_mw":5.6,"status_group":"Operating","energy_sources":"SUN","type":"Power plant","is_nuclear":false}},{"type":"Feature","geometry":{"type":"Point","coordinates":[-77.823,39.672]},"properties":{"key":"63525-95b8f032","layer":"power","name":"Spruce - WCMD - Creek","state":"MD","detail_file":"data/details/power-plants-14.json","plant_id":"63525","capacity_mw":2.0,"status_group":"Operating","energy_sources":"SUN","type":"Power plant","is_nuclear":false}},{"type":"Feature","geometry":{"type":"Point","coordinates":[-77.801,39.682]},"properties":{"key":"63526-0515da5b","layer":"power","name":"Spruce - WCMD - Resh I","state":"MD","detail_file":"data/details/power-plants-27.json","plant_id":"63526","capacity_mw":2.0,"status_group":"Operating","energy_sources":"SUN","type":"Power plant","is_nuclear":false}},{"type":"Feature","geometry":{"type":"Point","coordinates":[-77.823,39.618]},"properties":{"key":"63524-32ad4984","layer":"power","name":"Spruce - WCMD - Rubble I","state":"MD","detail_file":"data/details/power-plants-63.json","plant_id":"63524","capacity_mw":2.0,"status_group":"Operating","energy_sources":"SUN","type":"Power plant","is_nuclear":false}},{"type":"Feature","geometry":{"type":"Point","coordinates":[-77.825,39.621]},"properties":{"key":"63523-cbe8a4ce","layer":"power","name":"Spruce - WCMD - Rubble II","state":"MD","detail_file":"data/details/power-plants-26.json","plant_id":"63523","capacity_mw":2.0,"status_group":"Operating","energy_sources":"SUN","type":"Power plant","is_nuclear":false}},{"type":"Feature","geometry":{"type":"Point","coordinates":[-76.973,38.772]},"properties":{"key":"62327-424609d8","layer":"power","name":"Synergen Panorama, LLC CSG","state":"MD","detail_file":"data/details/power-plants-43.json","plant_id":"62327","capacity_mw":5.0,"status_group":"Operating","energy_sources":"SUN","type":"Power plant","is_nuclear":false}},{"type":"Feature","geometry":{"type":"Point","coordinates":[-76.483,39.224]},"properties":{"key":"66770-c67b1c83","layer":"power","name":"THD Baltimore DC - 5830 Project Tiger","state":"MD","detail_file":"data/details/power-plants-25.json","plant_id":"66770","capacity_mw":1.6,"status_group":"Operating","energy_sources":"SUN","type":"Power plant","is_nuclear":false}},{"type":"Feature","geometry":{"type":"Point","coordinates":[-76.483,39.222]},"properties":{"key":"67270-3152102d","layer":"power","name":"THD Baltimore DCs - 5829 Project Lion","state":"MD","detail_file":"data/details/power-plants-35.json","plant_id":"67270","capacity_mw":3.8,"status_group":"Operating","energy_sources":"SUN","type":"Power plant","is_nuclear":false}},{"type":"Feature","geometry":{"type":"Point","coordinates":[-79.368,39.379]},"properties":{"key":"69007-45b547f3","layer":"power","name":"TPE MD GA137","state":"MD","detail_file":"data/details/power-plants-04.json","plant_id":"69007","capacity_mw":2.0,"status_group":"Operating","energy_sources":"SUN","type":"Power plant","is_nuclear":false}},{"type":"Feature","geometry":{"type":"Point","coordinates":[-79.387,39.387]},"properties":{"key":"69008-5faf12ea","layer":"power","name":"TPE MD GA140","state":"MD","detail_file":"data/details/power-plants-29.json","plant_id":"69008","capacity_mw":2.0,"status_group":"Operating","energy_sources":"SUN","type":"Power plant","is_nuclear":false}},{"type":"Feature","geometry":{"type":"Point","coordinates":[-76.924,39.186]},"properties":{"key":"68992-fbe9997f","layer":"power","name":"TPE MD HO93","state":"MD","detail_file":"data/details/power-plants-41.json","plant_id":"68992","capacity_mw":2.0,"status_group":"Operating","energy_sources":"SUN","type":"Power plant","is_nuclear":false}},{"type":"Feature","geometry":{"type":"Point","coordinates":[-76.926,38.735]},"properties":{"key":"69768-4eba6b8b","layer":"power","name":"TPE MD PR232","state":"MD","detail_file":"data/details/power-plants-26.json","plant_id":"69768","capacity_mw":2.0,"status_group":"Operating","energy_sources":"SUN","type":"Power plant","is_nuclear":false}},{"type":"Feature","geometry":{"type":"Point","coordinates":[-76.737,38.766]},"properties":{"key":"69769-a3d35845","layer":"power","name":"TPE MD PR270","state":"MD","detail_file":"data/details/power-plants-56.json","plant_id":"69769","capacity_mw":2.0,"status_group":"Operating","energy_sources":"SUN","type":"Power plant","is_nuclear":false}},{"type":"Feature","geometry":{"type":"Point","coordinates":[-76.956,39.203]},"properties":{"key":"67334-aed535f4","layer":"power","name":"Ten Oaks","state":"MD","detail_file":"data/details/power-plants-35.json","plant_id":"67334","capacity_mw":2.0,"status_group":"Operating","energy_sources":"SUN","type":"Power plant","is_nuclear":false}},{"type":"Feature","geometry":{"type":"Point","coordinates":[-76.201,39.472]},"properties":{"key":"60461-18a3d183","layer":"power","name":"The Clorox Company","state":"MD","detail_file":"data/details/power-plants-05.json","plant_id":"60461","capacity_mw":1.6,"status_group":"Operating","energy_sources":"SUN","type":"Power plant","is_nuclear":false}},{"type":"Feature","geometry":{"type":"Point","coordinates":[-76.63,39.447]},"properties":{"key":"63904-79c048c0","layer":"power","name":"Timonium Fairgrounds","state":"MD","detail_file":"data/details/power-plants-22.json","plant_id":"63904","capacity_mw":1.9,"status_group":"Operating","energy_sources":"SUN","type":"Power plant","is_nuclear":false}},{"type":"Feature","geometry":{"type":"Point","coordinates":[-76.077,39.199]},"properties":{"key":"60096-4d716301","layer":"power","name":"Town of Chestertown- Chestertown WWTP","state":"MD","detail_file":"data/details/power-plants-57.json","plant_id":"60096","capacity_mw":1.0,"status_group":"Operating","energy_sources":"SUN","type":"Power plant","is_nuclear":false}},{"type":"Feature","geometry":{"type":"Point","coordinates":[-76.135,38.583]},"properties":{"key":"62405-ac63aa66","layer":"power","name":"UMCES Ground Mount","state":"MD","detail_file":"data/details/power-plants-35.json","plant_id":"62405","capacity_mw":2.0,"status_group":"Operating","energy_sources":"SUN","type":"Power plant","is_nuclear":false}},{"type":"Feature","geometry":{"type":"Point","coordinates":[-77.183,39.563]},"properties":{"key":"67145-26705e6e","layer":"power","name":"Union Bridge Solar","state":"MD","detail_file":"data/details/power-plants-50.json","plant_id":"67145","capacity_mw":8.2,"status_group":"Operating","energy_sources":"SUN","type":"Power plant","is_nuclear":false}},{"type":"Feature","geometry":{"type":"Point","coordinates":[-76.801,38.789]},"properties":{"key":"63075-86b961c2","layer":"power","name":"Upper Marlboro 1 CSG","state":"MD","detail_file":"data/details/power-plants-05.json","plant_id":"63075","capacity_mw":2.0,"status_group":"Operating","energy_sources":"SUN","type":"Power plant","is_nuclear":false}},{"type":"Feature","geometry":{"type":"Point","coordinates":[-76.917,38.916]},"properties":{"key":"65959-21a9bee2","layer":"power","name":"WMATA - Cheverly Metro (CSG)","state":"MD","detail_file":"data/details/power-plants-61.json","plant_id":"65959","capacity_mw":1.9,"status_group":"Operating","energy_sources":"SUN","type":"Power plant","is_nuclear":false}},{"type":"Feature","geometry":{"type":"Point","coordinates":[-76.957,38.85]},"properties":{"key":"65960-6c785b81","layer":"power","name":"WMATA - Naylor Rd. Metro","state":"MD","detail_file":"data/details/power-plants-26.json","plant_id":"65960","capacity_mw":1.7,"status_group":"Operating","energy_sources":"SUN","type":"Power plant","is_nuclear":false}},{"type":"Feature","geometry":{"type":"Point","coordinates":[-76.975,38.841]},"properties":{"key":"65961-49f5a3aa","layer":"power","name":"WMATA - S. Ave. Carport (East) (CSG)","state":"MD","detail_file":"data/details/power-plants-47.json","plant_id":"65961","capacity_mw":1.7,"status_group":"Operating","energy_sources":"SUN","type":"Power plant","is_nuclear":false}},{"type":"Feature","geometry":{"type":"Point","coordinates":[-76.63,39.266]},"properties":{"key":"10629-4d728f2e","layer":"power","name":"Wheelabrator Baltimore Refuse","state":"MD","detail_file":"data/details/power-plants-55.json","plant_id":"10629","capacity_mw":64.5,"status_group":"Operating","energy_sources":"MSW","type":"Power plant","is_nuclear":false}},{"type":"Feature","geometry":{"type":"Point","coordinates":[-76.48,39.206]},"properties":{"key":"63085-a99210bb","layer":"power","name":"White CSG","state":"MD","detail_file":"data/details/power-plants-28.json","plant_id":"63085","capacity_mw":2.0,"status_group":"Operating","energy_sources":"SUN","type":"Power plant","is_nuclear":false}},{"type":"Feature","geometry":{"type":"Point","coordinates":[-76.468,39.376]},"properties":{"key":"63289-0e013388","layer":"power","name":"White Marsh Mall","state":"MD","detail_file":"data/details/power-plants-49.json","plant_id":"63289","capacity_mw":1.1,"status_group":"Operating","energy_sources":"SUN","type":"Power plant","is_nuclear":false}},{"type":"Feature","geometry":{"type":"Point","coordinates":[-76.403,39.417]},"properties":{"key":"64644-a102a9c2","layer":"power","name":"White Marsh Solar","state":"MD","detail_file":"data/details/power-plants-20.json","plant_id":"64644","capacity_mw":1.5,"status_group":"Operating","energy_sources":"SUN","type":"Power plant","is_nuclear":false}},{"type":"Feature","geometry":{"type":"Point","coordinates":[-76.162,39.719]},"properties":{"key":"59220-5fbc544f","layer":"power","name":"Wildcat Point Generation Facility","state":"MD","detail_file":"data/details/power-plants-34.json","plant_id":"59220","capacity_mw":1113.6,"status_group":"Operating","energy_sources":"NG","type":"Power plant","is_nuclear":false}},{"type":"Feature","geometry":{"type":"Point","coordinates":[-76.046,38.94]},"properties":{"key":"60604-e44823ab","layer":"power","name":"Wye Mills VNEM CSG","state":"MD","detail_file":"data/details/power-plants-29.json","plant_id":"60604","capacity_mw":10.0,"status_group":"Operating","energy_sources":"SUN","type":"Power plant","is_nuclear":false}},{"type":"Feature","geometry":{"type":"Point","coordinates":[-77.606,36.497]},"properties":{"key":"57363-202e00f9","layer":"power","name":"510 REPP One","state":"NC","detail_file":"data/details/power-plants-32.json","plant_id":"57363","capacity_mw":1.3,"status_group":"Operating","energy_sources":"SUN","type":"Power plant","is_nuclear":false}},{"type":"Feature","geometry":{"type":"Point","coordinates":[-76.993,36.306]},"properties":{"key":"59795-8c6578aa","layer":"power","name":"Ahoskie","state":"NC","detail_file":"data/details/power-plants-45.json","plant_id":"59795","capacity_mw":5.0,"status_group":"Operating","energy_sources":"SUN","type":"Power plant","is_nuclear":false}},{"type":"Feature","geometry":{"type":"Point","coordinates":[-76.49,36.157]},"properties":{"key":"62054-68bb1628","layer":"power","name":"Alpha Value Solar","state":"NC","detail_file":"data/details/power-plants-49.json","plant_id":"62054","capacity_mw":5.0,"status_group":"Operating","energy_sources":"SUN","type":"Power plant","is_nuclear":false}},{"type":"Feature","geometry":{"type":"Point","coordinates":[-77.51,36.145]},"properties":{"key":"64430-dd392fc3","layer":"power","name":"American Beech Solar LLC","state":"NC","detail_file":"data/details/power-plants-43.json","plant_id":"64430","capacity_mw":140.0,"status_group":"Operating","energy_sources":"SUN","type":"Power plant","is_nuclear":false}},{"type":"Feature","geometry":{"type":"Point","coordinates":[-77.656,36.418]},"properties":{"key":"59516-49223ea4","layer":"power","name":"American Legion PV 1","state":"NC","detail_file":"data/details/power-plants-57.json","plant_id":"59516","capacity_mw":16.0,"status_group":"Operating","energy_sources":"SUN","type":"Power plant","is_nuclear":false}},{"type":"Feature","geometry":{"type":"Point","coordinates":[-77.067,36.291]},"properties":{"key":"62340-1fdd8208","layer":"power","name":"Aulander Holloman Solar, LLC","state":"NC","detail_file":"data/details/power-plants-62.json","plant_id":"62340","capacity_mw":99.0,"status_group":"Operating","energy_sources":"SUN","type":"Power plant","is_nuclear":false}},{"type":"Feature","geometry":{"type":"Point","coordinates":[-77.085,36.249]},"properties":{"key":"63332-06bf7e9c","layer":"power","name":"Aulander Hwy 42 Solar, LLC","state":"NC","detail_file":"data/details/power-plants-19.json","plant_id":"63332","capacity_mw":5.0,"status_group":"Operating","energy_sources":"SUN","type":"Power plant","is_nuclear":false}},{"type":"Feature","geometry":{"type":"Point","coordinates":[-79.952,36.424]},"properties":{"key":"54801-6749a1f1","layer":"power","name":"Avalon Hydropower","state":"NC","detail_file":"data/details/power-plants-02.json","plant_id":"54801","capacity_mw":1.2,"status_group":"Operating","energy_sources":"WAT","type":"Power plant","is_nuclear":false}},{"type":"Feature","geometry":{"type":"Point","coordinates":[-78.599,36.373]},"properties":{"key":"59706-329336f6","layer":"power","name":"BRE","state":"NC","detail_file":"data/details/power-plants-27.json","plant_id":"59706","capacity_mw":5.0,"status_group":"Operating","energy_sources":"SUN","type":"Power plant","is_nuclear":false}},{"type":"Feature","geometry":{"type":"Point","coordinates":[-78.612,36.383]},"properties":{"key":"60627-2cd15bcf","layer":"power","name":"BRE NC Solar 3","state":"NC","detail_file":"data/details/power-plants-33.json","plant_id":"60627","capacity_mw":5.0,"status_group":"Operating","energy_sources":"SUN","type":"Power plant","is_nuclear":false}},{"type":"Feature","geometry":{"type":"Point","coordinates":[-79.347,36.072]},"properties":{"key":"61527-149825fd","layer":"power","name":"Bakatsias Solar","state":"NC","detail_file":"data/details/power-plants-07.json","plant_id":"61527","capacity_mw":5.0,"status_group":"Operating","energy_sources":"SUN","type":"Power plant","is_nuclear":false}},{"type":"Feature","geometry":{"type":"Point","coordinates":[-77.06,36.27]},"properties":{"key":"59517-a202a2c0","layer":"power","name":"Baker PV 1","state":"NC","detail_file":"data/details/power-plants-00.json","plant_id":"59517","capacity_mw":5.0,"status_group":"Operating","energy_sources":"SUN","type":"Power plant","is_nuclear":false}},{"type":"Feature","geometry":{"type":"Point","coordinates":[-76.299,36.269]},"properties":{"key":"60782-b266a497","layer":"power","name":"Barnhill Road Solar, LLC","state":"NC","detail_file":"data/details/power-plants-42.json","plant_id":"60782","capacity_mw":3.1,"status_group":"Operating","energy_sources":"SUN","type":"Power plant","is_nuclear":false}},{"type":"Feature","geometry":{"type":"Point","coordinates":[-77.761,36.059]},"properties":{"key":"60369-327205df","layer":"power","name":"Battleboro Farm","state":"NC","detail_file":"data/details/power-plants-09.json","plant_id":"60369","capacity_mw":5.2,"status_group":"Operating","energy_sources":"SUN","type":"Power plant","is_nuclear":false}},{"type":"Feature","geometry":{"type":"Point","coordinates":[-78.377,36.276]},"properties":{"key":"58955-558f756c","layer":"power","name":"BearPond Solar Center LLC","state":"NC","detail_file":"data/details/power-plants-39.json","plant_id":"58955","capacity_mw":4.8,"status_group":"Operating","energy_sources":"SUN","type":"Power plant","is_nuclear":false}},{"type":"Feature","geometry":{"type":"Point","coordinates":[-77.1,36.42]},"properties":{"key":"59515-8806c418","layer":"power","name":"Benthall Bridge PV 1","state":"NC","detail_file":"data/details/power-plants-02.json","plant_id":"59515","capacity_mw":5.0,"status_group":"Operating","energy_sources":"SUN","type":"Power plant","is_nuclear":false}},{"type":"Feature","geometry":{"type":"Point","coordinates":[-79.634,36.078]},"properties":{"key":"64174-d4db6419","layer":"power","name":"Big Boy","state":"NC","detail_file":"data/details/power-plants-31.json","plant_id":"64174","capacity_mw":3.0,"status_group":"Operating","energy_sources":"SUN","type":"Power plant","is_nuclear":false}},{"type":"Feature","geometry":{"type":"Point","coordinates":[-78.132,36.422]},"properties":{"key":"58349-d8f0ba62","layer":"power","name":"Bolton Farm","state":"NC","detail_file":"data/details/power-plants-03.json","plant_id":"58349","capacity_mw":5.0,"status_group":"Operating","energy_sources":"SUN","type":"Power plant","is_nuclear":false}},{"type":"Feature","geometry":{"type":"Point","coordinates":[-77.81,36.008]},"properties":{"key":"58807-3a362986","layer":"power","name":"Boseman Solar Center LLC","state":"NC","detail_file":"data/details/power-plants-28.json","plant_id":"58807","capacity_mw":5.0,"status_group":"Operating","energy_sources":"SUN","type":"Power plant","is_nuclear":false}},{"type":"Feature","geometry":{"type":"Point","coordinates":[-77.076,36.261]},"properties":{"key":"59154-cc05441a","layer":"power","name":"Bradley PV1","state":"NC","detail_file":"data/details/power-plants-46.json","plant_id":"59154","capacity_mw":5.0,"status_group":"Operating","energy_sources":"SUN","type":"Power plant","is_nuclear":false}},{"type":"Feature","geometry":{"type":"Point","coordinates":[-78.315,36.475]},"properties":{"key":"61512-0baaba42","layer":"power","name":"Bullock Solar, LLC","state":"NC","detail_file":"data/details/power-plants-53.json","plant_id":"61512","capacity_mw":50.0,"status_group":"Operating","energy_sources":"SUN","type":"Power plant","is_nuclear":false}},{"type":"Feature","geometry":{"type":"Point","coordinates":[-76.126,36.312]},"properties":{"key":"62330-b5a69452","layer":"power","name":"Camden Dam Solar, LLC","state":"NC","detail_file":"data/details/power-plants-29.json","plant_id":"62330","capacity_mw":5.0,"status_group":"Operating","energy_sources":"SUN","type":"Power plant","is_nuclear":false}},{"type":"Feature","geometry":{"type":"Point","coordinates":[-76.144,36.308]},"properties":{"key":"64535-a0d048ad","layer":"power","name":"Camden Solar LLC","state":"NC","detail_file":"data/details/power-plants-49.json","plant_id":"64535","capacity_mw":20.0,"status_group":"Operating","energy_sources":"SUN","type":"Power plant","is_nuclear":false}},{"type":"Feature","geometry":{"type":"Point","coordinates":[-77.633,36.346]},"properties":{"key":"60882-e0595ec5","layer":"power","name":"Carl Friedrich Gauss Solar","state":"NC","detail_file":"data/details/power-plants-60.json","plant_id":"60882","capacity_mw":5.0,"status_group":"Operating","energy_sources":"SUN","type":"Power plant","is_nuclear":false}},{"type":"Feature","geometry":{"type":"Point","coordinates":[-77.923,36.028]},"properties":{"key":"60178-a2874c4e","layer":"power","name":"Cash Solar","state":"NC","detail_file":"data/details/power-plants-51.json","plant_id":"60178","capacity_mw":5.0,"status_group":"Operating","energy_sources":"SUN","type":"Power plant","is_nuclear":false}},{"type":"Feature","geometry":{"type":"Point","coordinates":[-77.783,36.094]},"properties":{"key":"58849-99a785ee","layer":"power","name":"Castalia Solar","state":"NC","detail_file":"data/details/power-plants-47.json","plant_id":"58849","capacity_mw":2.0,"status_group":"Operating","energy_sources":"SUN","type":"Power plant","is_nuclear":false}},{"type":"Feature","geometry":{"type":"Point","coordinates":[-77.712,36.18]},"properties":{"key":"61011-58238d0a","layer":"power","name":"Chestnut Solar","state":"NC","detail_file":"data/details/power-plants-63.json","plant_id":"61011","capacity_mw":74.9,"status_group":"Operating","energy_sources":"SUN","type":"Power plant","is_nuclear":false}},{"type":"Feature","geometry":{"type":"Point","coordinates":[-76.602,36.284]},"properties":{"key":"62693-ac0ea910","layer":"power","name":"Chowan Jehu Solar","state":"NC","detail_file":"data/details/power-plants-56.json","plant_id":"62693","capacity_mw":5.0,"status_group":"Operating","energy_sources":"SUN","type":"Power plant","is_nuclear":false}},{"type":"Feature","geometry":{"type":"Point","coordinates":[-77.01,36.323]},"properties":{"key":"67172-c1ae67b5","layer":"power","name":"Colice Hall Solar","state":"NC","detail_file":"data/details/power-plants-59.json","plant_id":"67172","capacity_mw":17.0,"status_group":"Operating","energy_sources":"SUN","type":"Power plant","is_nuclear":false}},{"type":"Feature","geometry":{"type":"Point","coordinates":[-77.571,36.371]},"properties":{"key":"60637-db7e4692","layer":"power","name":"Cork Oak Solar","state":"NC","detail_file":"data/details/power-plants-41.json","plant_id":"60637","capacity_mw":20.0,"status_group":"Operating","energy_sources":"SUN","type":"Power plant","is_nuclear":false}},{"type":"Feature","geometry":{"type":"Point","coordinates":[-78.626,36.367]},"properties":{"key":"59663-b1129b3f","layer":"power","name":"Cornwall Solar Center, LLC","state":"NC","detail_file":"data/details/power-plants-62.json","plant_id":"59663","capacity_mw":5.0,"status_group":"Operating","energy_sources":"SUN","type":"Power plant","is_nuclear":false}},{"type":"Feature","geometry":{"type":"Point","coordinates":[-77.614,36.508]},"properties":{"key":"63293-3f3691ba","layer":"power","name":"Cottonwood Solar, LLC","state":"NC","detail_file":"data/details/power-plants-62.json","plant_id":"63293","capacity_mw":3.0,"status_group":"Operating","energy_sources":"SUN","type":"Power plant","is_nuclear":false}},{"type":"Feature","geometry":{"type":"Point","coordinates":[-78.584,36.354]},"properties":{"key":"59914-5d07ef49","layer":"power","name":"Crestwood Solar Center LLC","state":"NC","detail_file":"data/details/power-plants-43.json","plant_id":"59914","capacity_mw":5.0,"status_group":"Operating","energy_sources":"SUN","type":"Power plant","is_nuclear":false}},{"type":"Feature","geometry":{"type":"Point","coordinates":[-77.727,36.089]},"properties":{"key":"65470-02ed7b28","layer":"power","name":"Cummins Whitakers PV Arrays","state":"NC","detail_file":"data/details/power-plants-15.json","plant_id":"65470","capacity_mw":3.3,"status_group":"Operating","energy_sources":"SUN","type":"Power plant","is_nuclear":false}},{"type":"Feature","geometry":{"type":"Point","coordinates":[-78.633,36.29]},"properties":{"key":"60403-5e4a8e7c","layer":"power","name":"Currin Solar, LLC","state":"NC","detail_file":"data/details/power-plants-43.json","plant_id":"60403","capacity_mw":5.2,"status_group":"Operating","energy_sources":"SUN","type":"Power plant","is_nuclear":false}},{"type":"Feature","geometry":{"type":"Point","coordinates":[-79.969,36.105]},"properties":{"key":"57335-69d84ca8","layer":"power","name":"DE Solar 657 Brigham Rd","state":"NC","detail_file":"data/details/power-plants-34.json","plant_id":"57335","capacity_mw":1.3,"status_group":"Operating","energy_sources":"SUN","type":"Power plant","is_nuclear":false}},{"type":"Feature","geometry":{"type":"Point","coordinates":[-79.721,36.486]},"properties":{"key":"2723-65c16841","layer":"power","name":"Dan River","state":"NC","detail_file":"data/details/power-plants-50.json","plant_id":"2723","capacity_mw":697.9,"status_group":"Operating","energy_sources":"NG","type":"Power plant","is_nuclear":false}},{"type":"Feature","geometry":{"type":"Point","coordinates":[-76.529,36.107]},"properties":{"key":"61581-ea3ef017","layer":"power","name":"Davis Lane Solar, LLC","state":"NC","detail_file":"data/details/power-plants-29.json","plant_id":"61581","capacity_mw":5.0,"status_group":"Operating","energy_sources":"SUN","type":"Power plant","is_nuclear":false}},{"type":"Feature","geometry":{"type":"Point","coordinates":[-78.348,36.27]},"properties":{"key":"58874-dd8f1718","layer":"power","name":"Dement Farm LLC","state":"NC","detail_file":"data/details/power-plants-06.json","plant_id":"58874","capacity_mw":5.0,"status_group":"Operating","energy_sources":"SUN","type":"Power plant","is_nuclear":false}},{"type":"Feature","geometry":{"type":"Point","coordinates":[-76.42,36.31]},"properties":{"key":"59968-7b003888","layer":"power","name":"Desert Wind Farm, LLC","state":"NC","detail_file":"data/details/power-plants-44.json","plant_id":"59968","capacity_mw":208.0,"status_group":"Operating","energy_sources":"WND","type":"Power plant","is_nuclear":false}},{"type":"Feature","geometry":{"type":"Point","coordinates":[-79.528,36.472]},"properties":{"key":"58346-a5d1a3d5","layer":"power","name":"Dibrell Farm","state":"NC","detail_file":"data/details/power-plants-20.json","plant_id":"58346","capacity_mw":5.0,"status_group":"Operating","energy_sources":"SUN","type":"Power plant","is_nuclear":false}},{"type":"Feature","geometry":{"type":"Point","coordinates":[-77.409,36.125]},"properties":{"key":"58844-3501985e","layer":"power","name":"Dogwood Solar, LLC","state":"NC","detail_file":"data/details/power-plants-39.json","plant_id":"58844","capacity_mw":20.0,"status_group":"Operating","energy_sources":"SUN","type":"Power plant","is_nuclear":false}},{"type":"Feature","geometry":{"type":"Point","coordinates":[-76.917,36.362]},"properties":{"key":"59429-ac150c15","layer":"power","name":"Downs Farm Solar","state":"NC","detail_file":"data/details/power-plants-24.json","plant_id":"59429","capacity_mw":5.0,"status_group":"Operating","energy_sources":"SUN","type":"Power plant","is_nuclear":false}},{"type":"Feature","geometry":{"type":"Point","coordinates":[-78.848,36.005]},"properties":{"key":"60131-58220647","layer":"power","name":"Durham Solar","state":"NC","detail_file":"data/details/power-plants-50.json","plant_id":"60131","capacity_mw":3.5,"status_group":"Operating","energy_sources":"SUN","type":"Power plant","is_nuclear":false}},{"type":"Feature","geometry":{"type":"Point","coordinates":[-78.922,36.486]},"properties":{"key":"64363-3d93d81a","layer":"power","name":"ESA Boston Solar, LLC","state":"NC","detail_file":"data/details/power-plants-01.json","plant_id":"64363","capacity_mw":5.0,"status_group":"Operating","energy_sources":"SUN","type":"Power plant","is_nuclear":false}},{"type":"Feature","geometry":{"type":"Point","coordinates":[-78.155,36.458]},"properties":{"key":"60161-723f5bc0","layer":"power","name":"Eagle Solar","state":"NC","detail_file":"data/details/power-plants-29.json","plant_id":"60161","capacity_mw":4.0,"status_group":"Operating","energy_sources":"SUN","type":"Power plant","is_nuclear":false}},{"type":"Feature","geometry":{"type":"Point","coordinates":[-76.572,36.029]},"properties":{"key":"7429-c1231686","layer":"power","name":"Edenton Generators","state":"NC","detail_file":"data/details/power-plants-36.json","plant_id":"7429","capacity_mw":2.4,"status_group":"Operating","energy_sources":"DFO","type":"Power plant","is_nuclear":false}},{"type":"Feature","geometry":{"type":"Point","coordinates":[-76.544,36.054]},"properties":{"key":"61781-acd904db","layer":"power","name":"Edenton Solar","state":"NC","detail_file":"data/details/power-plants-58.json","plant_id":"61781","capacity_mw":5.0,"status_group":"Operating","energy_sources":"SUN","type":"Power plant","is_nuclear":false}},{"type":"Feature","geometry":{"type":"Point","coordinates":[-79.709,36.517]},"properties":{"key":"66371-668d09b9","layer":"power","name":"Edison Farm","state":"NC","detail_file":"data/details/power-plants-15.json","plant_id":"66371","capacity_mw":2.0,"status_group":"Operating","energy_sources":"SUN","type":"Power plant","is_nuclear":false}},{"type":"Feature","geometry":{"type":"Point","coordinates":[-79.332,36.131]},"properties":{"key":"58725-523de12a","layer":"power","name":"Elliana Solar","state":"NC","detail_file":"data/details/power-plants-08.json","plant_id":"58725","capacity_mw":5.0,"status_group":"Operating","energy_sources":"SUN","type":"Power plant","is_nuclear":false}},{"type":"Feature","geometry":{"type":"Point","coordinates":[-79.494,36.099]},"properties":{"key":"59406-c2089de0","layer":"power","name":"Facile Solar","state":"NC","detail_file":"data/details/power-plants-15.json","plant_id":"59406","capacity_mw":2.0,"status_group":"Operating","energy_sources":"SUN","type":"Power plant","is_nuclear":false}},{"type":"Feature","geometry":{"type":"Point","coordinates":[-77.696,36.003]},"properties":{"key":"62798-5f8bb50c","layer":"power","name":"Fern Solar LLC","state":"NC","detail_file":"data/details/power-plants-61.json","plant_id":"62798","capacity_mw":100.0,"status_group":"Operating","energy_sources":"SUN","type":"Power plant","is_nuclear":false}},{"type":"Feature","geometry":{"type":"Point","coordinates":[-78.034,36.516]},"properties":{"key":"59951-207b41ff","layer":"power","name":"Five Forks Solar","state":"NC","detail_file":"data/details/power-plants-48.json","plant_id":"59951","capacity_mw":20.0,"status_group":"Operating","energy_sources":"SUN","type":"Power plant","is_nuclear":false}},{"type":"Feature","geometry":{"type":"Point","coordinates":[-77.677,36.506]},"properties":{"key":"61031-300c591a","layer":"power","name":"Floyd Road Solar Farm","state":"NC","detail_file":"data/details/power-plants-53.json","plant_id":"61031","capacity_mw":5.0,"status_group":"Operating","energy_sources":"SUN","type":"Power plant","is_nuclear":false}},{"type":"Feature","geometry":{"type":"Point","coordinates":[-78.273,36.127]},"properties":{"key":"60624-0a715f90","layer":"power","name":"Fox Creek Solar","state":"NC","detail_file":"data/details/power-plants-50.json","plant_id":"60624","capacity_mw":50.2,"status_group":"Operating","energy_sources":"SUN","type":"Power plant","is_nuclear":false}},{"type":"Feature","geometry":{"type":"Point","coordinates":[-78.153,36.127]},"properties":{"key":"59579-3153d85d","layer":"power","name":"Franklin Solar 2","state":"NC","detail_file":"data/details/power-plants-01.json","plant_id":"59579","capacity_mw":2.0,"status_group":"Operating","energy_sources":"SUN","type":"Power plant","is_nuclear":false}},{"type":"Feature","geometry":{"type":"Point","coordinates":[-78.168,36.097]},"properties":{"key":"58802-38877c8f","layer":"power","name":"Franklin Solar, LLC","state":"NC","detail_file":"data/details/power-plants-30.json","plant_id":"58802","capacity_mw":2.0,"status_group":"Operating","energy_sources":"SUN","type":"Power plant","is_nuclear":false}},{"type":"Feature","geometry":{"type":"Point","coordinates":[-78.354,36.081]},"properties":{"key":"59708-a8f200f9","layer":"power","name":"Franklinton Solar","state":"NC","detail_file":"data/details/power-plants-62.json","plant_id":"59708","capacity_mw":5.0,"status_group":"Operating","energy_sources":"SUN","type":"Power plant","is_nuclear":false}},{"type":"Feature","geometry":{"type":"Point","coordinates":[-79.547,36.117]},"properties":{"key":"69446-6e449e06","layer":"power","name":"Frieden","state":"NC","detail_file":"data/details/power-plants-40.json","plant_id":"69446","capacity_mw":3.5,"status_group":"Operating","energy_sources":"MWH","type":"Power plant","is_nuclear":false}},{"type":"Feature","geometry":{"type":"Point","coordinates":[-76.502,36.248]},"properties":{"key":"59426-971687dc","layer":"power","name":"GKS Solar","state":"NC","detail_file":"data/details/power-plants-41.json","plant_id":"59426","capacity_mw":5.0,"status_group":"Operating","energy_sources":"SUN","type":"Power plant","is_nuclear":false}},{"type":"Feature","geometry":{"type":"Point","coordinates":[-77.592,36.468]},"properties":{"key":"59641-66771955","layer":"power","name":"Garysburg Solar","state":"NC","detail_file":"data/details/power-plants-11.json","plant_id":"59641","capacity_mw":5.0,"status_group":"Operating","energy_sources":"SUN","type":"Power plant","is_nuclear":false}},{"type":"Feature","geometry":{"type":"Point","coordinates":[-77.812,36.499]},"properties":{"key":"2756-3082b48f","layer":"power","name":"Gaston","state":"NC","detail_file":"data/details/power-plants-15.json","plant_id":"2756","capacity_mw":177.6,"status_group":"Operating","energy_sources":"WAT","type":"Power plant","is_nuclear":false}},{"type":"Feature","geometry":{"type":"Point","coordinates":[-77.656,36.515]},"properties":{"key":"59642-ab40a2b8","layer":"power","name":"Gaston Solar","state":"NC","detail_file":"data/details/power-plants-51.json","plant_id":"59642","capacity_mw":5.0,"status_group":"Operating","energy_sources":"SUN","type":"Power plant","is_nuclear":false}},{"type":"Feature","geometry":{"type":"Point","coordinates":[-76.804,36.451]},"properties":{"key":"58673-e0a6f7ba","layer":"power","name":"Gates Solar LLC","state":"NC","detail_file":"data/details/power-plants-11.json","plant_id":"58673","capacity_mw":5.0,"status_group":"Operating","energy_sources":"SUN","type":"Power plant","is_nuclear":false}},{"type":"Feature","geometry":{"type":"Point","coordinates":[-76.604,36.302]},"properties":{"key":"64385-8dc04e71","layer":"power","name":"Gliden (Op Zone)","state":"NC","detail_file":"data/details/power-plants-10.json","plant_id":"64385","capacity_mw":5.0,"status_group":"Operating","energy_sources":"SUN","type":"Power plant","is_nuclear":false}},{"type":"Feature","geometry":{"type":"Point","coordinates":[-78.594,36.412]},"properties":{"key":"58487-aa177b4e","layer":"power","name":"Granville Solar PV Power Project","state":"NC","detail_file":"data/details/power-plants-00.json","plant_id":"58487","capacity_mw":2.5,"status_group":"Operating","energy_sources":"SUN","type":"Power plant","is_nuclear":false}},{"type":"Feature","geometry":{"type":"Point","coordinates":[-77.898,36.239]},"properties":{"key":"64450-49c74f90","layer":"power","name":"Grissom Solar, LLC","state":"NC","detail_file":"data/details/power-plants-32.json","plant_id":"64450","capacity_mw":15.0,"status_group":"Operating","energy_sources":"MWH; SUN","type":"Power plant","is_nuclear":false}},{"type":"Feature","geometry":{"type":"Point","coordinates":[-77.535,36.486]},"properties":{"key":"63076-81400bf0","layer":"power","name":"Gutenberg Solar","state":"NC","detail_file":"data/details/power-plants-50.json","plant_id":"63076","capacity_mw":79.9,"status_group":"Operating","energy_sources":"SUN","type":"Power plant","is_nuclear":false}},{"type":"Feature","geometry":{"type":"Point","coordinates":[-77.074,36.423]},"properties":{"key":"63566-70dd6184","layer":"power","name":"HWY 158 PV","state":"NC","detail_file":"data/details/power-plants-27.json","plant_id":"63566","capacity_mw":9.0,"status_group":"Operating","energy_sources":"SUN","type":"Power plant","is_nuclear":false}},{"type":"Feature","geometry":{"type":"Point","coordinates":[-77.632,36.349]},"properties":{"key":"60209-4d90abe8","layer":"power","name":"HXNAir Solar One","state":"NC","detail_file":"data/details/power-plants-43.json","plant_id":"60209","capacity_mw":5.0,"status_group":"Operating","energy_sources":"SUN","type":"Power plant","is_nuclear":false}},{"type":"Feature","geometry":{"type":"Point","coordinates":[-77.711,36.442]},"properties":{"key":"58943-2b2ba21f","layer":"power","name":"Halifax (NC)","state":"NC","detail_file":"data/details/power-plants-20.json","plant_id":"58943","capacity_mw":20.0,"status_group":"Operating","energy_sources":"SUN","type":"Power plant","is_nuclear":false}},{"type":"Feature","geometry":{"type":"Point","coordinates":[-77.688,36.254]},"properties":{"key":"69197-2027de81","layer":"power","name":"Halifax County Solar","state":"NC","detail_file":"data/details/power-plants-40.json","plant_id":"69197","capacity_mw":80.0,"status_group":"Under construction","energy_sources":"SUN","type":"Power plant","is_nuclear":false}},{"type":"Feature","geometry":{"type":"Point","coordinates":[-78.105,36.533]},"properties":{"key":"62951-73ee63f1","layer":"power","name":"Hawtree Solar","state":"NC","detail_file":"data/details/power-plants-22.json","plant_id":"62951","capacity_mw":65.0,"status_group":"Operating","energy_sources":"SUN","type":"Power plant","is_nuclear":false}},{"type":"Feature","geometry":{"type":"Point","coordinates":[-77.598,36.469]},"properties":{"key":"60207-232e4216","layer":"power","name":"Hemlock Solar","state":"NC","detail_file":"data/details/power-plants-39.json","plant_id":"60207","capacity_mw":5.0,"status_group":"Operating","energy_sources":"SUN","type":"Power plant","is_nuclear":false}},{"type":"Feature","geometry":{"type":"Point","coordinates":[-76.491,36.13]},"properties":{"key":"60384-f9f84b50","layer":"power","name":"Hertford Solar Farm","state":"NC","detail_file":"data/details/power-plants-34.json","plant_id":"60384","capacity_mw":5.0,"status_group":"Operating","energy_sources":"SUN","type":"Power plant","is_nuclear":false}},{"type":"Feature","geometry":{"type":"Point","coordinates":[-77.028,36.268]},"properties":{"key":"63024-3915850f","layer":"power","name":"Hertford Solar Power, LLC","state":"NC","detail_file":"data/details/power-plants-50.json","plant_id":"63024","capacity_mw":10.0,"status_group":"Operating","energy_sources":"SUN","type":"Power plant","is_nuclear":false}},{"type":"Feature","geometry":{"type":"Point","coordinates":[-78.25,36.12]},"properties":{"key":"63812-7a4133c9","layer":"power","name":"Highest Power Solar, LLC","state":"NC","detail_file":"data/details/power-plants-42.json","plant_id":"63812","capacity_mw":48.7,"status_group":"Operating","energy_sources":"SUN","type":"Power plant","is_nuclear":false}},{"type":"Feature","geometry":{"type":"Point","coordinates":[-79.567,36.285]},"properties":{"key":"59510-be959660","layer":"power","name":"Husky Solar","state":"NC","detail_file":"data/details/power-plants-28.json","plant_id":"59510","capacity_mw":5.0,"status_group":"Operating","energy_sources":"SUN","type":"Power plant","is_nuclear":false}},{"type":"Feature","geometry":{"type":"Point","coordinates":[-79.133,36.485]},"properties":{"key":"66383-71faf200","layer":"power","name":"Hyco Solar LLC","state":"NC","detail_file":"data/details/power-plants-59.json","plant_id":"66383","capacity_mw":80.0,"status_group":"Under construction","energy_sources":"SUN","type":"Power plant","is_nuclear":false}},{"type":"Feature","geometry":{"type":"Point","coordinates":[-77.979,36.095]},"properties":{"key":"61259-a7754bd5","layer":"power","name":"Innovative Solar 59","state":"NC","detail_file":"data/details/power-plants-45.json","plant_id":"61259","capacity_mw":1.9,"status_group":"Operating","energy_sources":"SUN","type":"Power plant","is_nuclear":false}},{"type":"Feature","geometry":{"type":"Point","coordinates":[-77.993,36.093]},"properties":{"key":"61260-a3f502b0","layer":"power","name":"Innovative Solar 60","state":"NC","detail_file":"data/details/power-plants-52.json","plant_id":"61260","capacity_mw":1.9,"status_group":"Operating","energy_sources":"SUN","type":"Power plant","is_nuclear":false}},{"type":"Feature","geometry":{"type":"Point","coordinates":[-79.621,36.292]},"properties":{"key":"59503-5530db24","layer":"power","name":"Jacob Solar","state":"NC","detail_file":"data/details/power-plants-05.json","plant_id":"59503","capacity_mw":5.0,"status_group":"Operating","energy_sources":"SUN","type":"Power plant","is_nuclear":false}},{"type":"Feature","geometry":{"type":"Point","coordinates":[-77.641,36.477]},"properties":{"key":"50254-6b8ca915","layer":"power","name":"KapStone Kraft Paper Corp","state":"NC","detail_file":"data/details/power-plants-06.json","plant_id":"50254","capacity_mw":28.3,"status_group":"Operating","energy_sources":"BLQ","type":"Power plant","is_nuclear":false}},{"type":"Feature","geometry":{"type":"Point","coordinates":[-77.219,36.154]},"properties":{"key":"59796-aff996bb","layer":"power","name":"Kelford (Cypress)","state":"NC","detail_file":"data/details/power-plants-52.json","plant_id":"59796","capacity_mw":5.0,"status_group":"Operating","energy_sources":"SUN","type":"Power plant","is_nuclear":false}},{"type":"Feature","geometry":{"type":"Point","coordinates":[-77.212,36.148]},"properties":{"key":"59527-dd7582b1","layer":"power","name":"Kelford (Duke)","state":"NC","detail_file":"data/details/power-plants-47.json","plant_id":"59527","capacity_mw":20.0,"status_group":"Operating","energy_sources":"SUN","type":"Power plant","is_nuclear":false}},{"type":"Feature","geometry":{"type":"Point","coordinates":[-78.449,36.391]},"properties":{"key":"61219-d867f6b4","layer":"power","name":"Kelly Solar, LLC","state":"NC","detail_file":"data/details/power-plants-58.json","plant_id":"61219","capacity_mw":5.0,"status_group":"Operating","energy_sources":"SUN","type":"Power plant","is_nuclear":false}},{"type":"Feature","geometry":{"type":"Point","coordinates":[-78.153,36.434]},"properties":{"key":"59507-aad22468","layer":"power","name":"Kenneth Solar","state":"NC","detail_file":"data/details/power-plants-28.json","plant_id":"59507","capacity_mw":3.0,"status_group":"Operating","energy_sources":"SUN","type":"Power plant","is_nuclear":false}},{"type":"Feature","geometry":{"type":"Point","coordinates":[-77.623,36.058]},"properties":{"key":"60783-636a669d","layer":"power","name":"Leggett Solar, LLC","state":"NC","detail_file":"data/details/power-plants-54.json","plant_id":"60783","capacity_mw":5.0,"status_group":"Operating","energy_sources":"SUN","type":"Power plant","is_nuclear":false}},{"type":"Feature","geometry":{"type":"Point","coordinates":[-77.211,36.141]},"properties":{"key":"59174-51a24be0","layer":"power","name":"Lewiston Solar","state":"NC","detail_file":"data/details/power-plants-29.json","plant_id":"59174","capacity_mw":5.0,"status_group":"Operating","energy_sources":"SUN","type":"Power plant","is_nuclear":false}},{"type":"Feature","geometry":{"type":"Point","coordinates":[-77.618,36.467]},"properties":{"key":"60208-b37c684d","layer":"power","name":"Long Farm 46 Solar, LLC","state":"NC","detail_file":"data/details/power-plants-39.json","plant_id":"60208","capacity_mw":5.0,"status_group":"Operating","energy_sources":"SUN","type":"Power plant","is_nuclear":false}},{"type":"Feature","geometry":{"type":"Point","coordinates":[-79.54,36.136]},"properties":{"key":"64173-9b9cbfca","layer":"power","name":"Lotus","state":"NC","detail_file":"data/details/power-plants-39.json","plant_id":"64173","capacity_mw":4.0,"status_group":"Operating","energy_sources":"SUN","type":"Power plant","is_nuclear":false}},{"type":"Feature","geometry":{"type":"Point","coordinates":[-79.521,36.119]},"properties":{"key":"59520-92cd4faa","layer":"power","name":"Manning PV 1","state":"NC","detail_file":"data/details/power-plants-05.json","plant_id":"59520","capacity_mw":5.0,"status_group":"Operating","energy_sources":"SUN","type":"Power plant","is_nuclear":false}},{"type":"Feature","geometry":{"type":"Point","coordinates":[-79.647,36.39]},"properties":{"key":"59105-a2b7ed08","layer":"power","name":"Market Farm","state":"NC","detail_file":"data/details/power-plants-29.json","plant_id":"59105","capacity_mw":4.9,"status_group":"Operating","energy_sources":"SUN","type":"Power plant","is_nuclear":false}},{"type":"Feature","geometry":{"type":"Point","coordinates":[-78.386,36.286]},"properties":{"key":"59124-231ad112","layer":"power","name":"Martin Creek Farm LLC","state":"NC","detail_file":"data/details/power-plants-45.json","plant_id":"59124","capacity_mw":3.0,"status_group":"Operating","energy_sources":"SUN","type":"Power plant","is_nuclear":false}},{"type":"Feature","geometry":{"type":"Point","coordinates":[-78.86,36.031]},"properties":{"key":"57365-bf3e5f2b","layer":"power","name":"Mas Durham Power, LLC","state":"NC","detail_file":"data/details/power-plants-35.json","plant_id":"57365","capacity_mw":2.2,"status_group":"Operating","energy_sources":"LFG","type":"Power plant","is_nuclear":false}},{"type":"Feature","geometry":{"type":"Point","coordinates":[-78.892,36.528]},"properties":{"key":"6250-811c2b4c","layer":"power","name":"Mayo","state":"NC","detail_file":"data/details/power-plants-43.json","plant_id":"6250","capacity_mw":763.2,"status_group":"Operating","energy_sources":"BIT","type":"Power plant","is_nuclear":false}},{"type":"Feature","geometry":{"type":"Point","coordinates":[-77.85,36.248]},"properties":{"key":"67037-ae978ee0","layer":"power","name":"Medoc","state":"NC","detail_file":"data/details/power-plants-25.json","plant_id":"67037","capacity_mw":2.5,"status_group":"Operating","energy_sources":"MWH","type":"Power plant","is_nuclear":false}},{"type":"Feature","geometry":{"type":"Point","coordinates":[-78.347,36.249]},"properties":{"key":"59502-24b58cb3","layer":"power","name":"Melinda Solar","state":"NC","detail_file":"data/details/power-plants-21.json","plant_id":"59502","capacity_mw":5.0,"status_group":"Operating","energy_sources":"SUN","type":"Power plant","is_nuclear":false}},{"type":"Feature","geometry":{"type":"Point","coordinates":[-78.605,36.289]},"properties":{"key":"60579-6c2439c5","layer":"power","name":"Meriwether Farm","state":"NC","detail_file":"data/details/power-plants-10.json","plant_id":"60579","capacity_mw":5.0,"status_group":"Operating","energy_sources":"SUN","type":"Power plant","is_nuclear":false}},{"type":"Feature","geometry":{"type":"Point","coordinates":[-78.95,36.231]},"properties":{"key":"58336-b8585093","layer":"power","name":"Mile Farm","state":"NC","detail_file":"data/details/power-plants-22.json","plant_id":"58336","capacity_mw":5.0,"status_group":"Operating","energy_sources":"SUN","type":"Power plant","is_nuclear":false}},{"type":"Feature","geometry":{"type":"Point","coordinates":[-79.349,36.149]},"properties":{"key":"58739-14416cb9","layer":"power","name":"Milo Solar","state":"NC","detail_file":"data/details/power-plants-16.json","plant_id":"58739","capacity_mw":3.0,"status_group":"Operating","energy_sources":"SUN","type":"Power plant","is_nuclear":false}},{"type":"Feature","geometry":{"type":"Point","coordinates":[-79.739,36.293]},"properties":{"key":"64193-d4c4b4bf","layer":"power","name":"Moore Solar","state":"NC","detail_file":"data/details/power-plants-15.json","plant_id":"64193","capacity_mw":5.0,"status_group":"Operating","energy_sources":"SUN","type":"Power plant","is_nuclear":false}},{"type":"Feature","geometry":{"type":"Point","coordinates":[-79.759,36.273]},"properties":{"key":"58337-0d5ecf6c","layer":"power","name":"Moore Solar Farm","state":"NC","detail_file":"data/details/power-plants-23.json","plant_id":"58337","capacity_mw":5.0,"status_group":"Operating","energy_sources":"SUN","type":"Power plant","is_nuclear":false}},{"type":"Feature","geometry":{"type":"Point","coordinates":[-78.152,36.096]},"properties":{"key":"60133-832f3173","layer":"power","name":"Morgan Farm, LLC","state":"NC","detail_file":"data/details/power-plants-12.json","plant_id":"60133","capacity_mw":5.0,"status_group":"Operating","energy_sources":"SUN","type":"Power plant","is_nuclear":false}},{"type":"Feature","geometry":{"type":"Point","coordinates":[-76.364,36.421]},"properties":{"key":"60422-ca681096","layer":"power","name":"Morgan's Corner","state":"NC","detail_file":"data/details/power-plants-58.json","plant_id":"60422","capacity_mw":20.0,"status_group":"Operating","energy_sources":"SUN","type":"Power plant","is_nuclear":false}},{"type":"Feature","geometry":{"type":"Point","coordinates":[-79.907,36.42]},"properties":{"key":"66487-573f51a8","layer":"power","name":"Moyer Solar","state":"NC","detail_file":"data/details/power-plants-29.json","plant_id":"66487","capacity_mw":5.0,"status_group":"Operating","energy_sources":"SUN","type":"Power plant","is_nuclear":false}},{"type":"Feature","geometry":{"type":"Point","coordinates":[-78.031,36.047]},"properties":{"key":"58854-654c4cf5","layer":"power","name":"Nash 58 Farm","state":"NC","detail_file":"data/details/power-plants-46.json","plant_id":"58854","capacity_mw":5.0,"status_group":"Operating","energy_sources":"SUN","type":"Power plant","is_nuclear":false}},{"type":"Feature","geometry":{"type":"Point","coordinates":[-78.011,36.034]},"properties":{"key":"60134-daebfdee","layer":"power","name":"Nashville Farms, LLC","state":"NC","detail_file":"data/details/power-plants-32.json","plant_id":"60134","capacity_mw":2.0,"status_group":"Operating","energy_sources":"SUN","type":"Power plant","is_nuclear":false}},{"type":"Feature","geometry":{"type":"Point","coordinates":[-77.624,36.213]},"properties":{"key":"61778-7d22c499","layer":"power","name":"North 301 Solar","state":"NC","detail_file":"data/details/power-plants-34.json","plant_id":"61778","capacity_mw":20.0,"status_group":"Operating","energy_sources":"SUN","type":"Power plant","is_nuclear":false}},{"type":"Feature","geometry":{"type":"Point","coordinates":[-78.038,36.07]},"properties":{"key":"60651-66d282a0","layer":"power","name":"North Nash Farm, LLC","state":"NC","detail_file":"data/details/power-plants-46.json","plant_id":"60651","capacity_mw":5.0,"status_group":"Operating","energy_sources":"SUN","type":"Power plant","is_nuclear":false}},{"type":"Feature","geometry":{"type":"Point","coordinates":[-77.72,36.433]},"properties":{"key":"60992-f4dad4ea","layer":"power","name":"Northern Cardinal Solar","state":"NC","detail_file":"data/details/power-plants-18.json","plant_id":"60992","capacity_mw":2.0,"status_group":"Operating","energy_sources":"SUN","type":"Power plant","is_nuclear":false}},{"type":"Feature","geometry":{"type":"Point","coordinates":[-77.774,36.526]},"properties":{"key":"67161-abee052f","layer":"power","name":"Oak Solar","state":"NC","detail_file":"data/details/power-plants-51.json","plant_id":"67161","capacity_mw":120.0,"status_group":"Operating","energy_sources":"SUN","type":"Power plant","is_nuclear":false}},{"type":"Feature","geometry":{"type":"Point","coordinates":[-76.189,36.504]},"properties":{"key":"64683-8713cce8","layer":"power","name":"Oak Trail Solar, LLC","state":"NC","detail_file":"data/details/power-plants-16.json","plant_id":"64683","capacity_mw":100.0,"status_group":"Operating","energy_sources":"SUN","type":"Power plant","is_nuclear":false}},{"type":"Feature","geometry":{"type":"Point","coordinates":[-79.233,36.091]},"properties":{"key":"66720-3fe073b2","layer":"power","name":"Oakwood Solar","state":"NC","detail_file":"data/details/power-plants-63.json","plant_id":"66720","capacity_mw":5.0,"status_group":"Operating","energy_sources":"SUN","type":"Power plant","is_nuclear":false}},{"type":"Feature","geometry":{"type":"Point","coordinates":[-79.245,36.084]},"properties":{"key":"59999-61db1a35","layer":"power","name":"Ouchchy PV1","state":"NC","detail_file":"data/details/power-plants-35.json","plant_id":"59999","capacity_mw":3.0,"status_group":"Operating","energy_sources":"SUN","type":"Power plant","is_nuclear":false}},{"type":"Feature","geometry":{"type":"Point","coordinates":[-78.968,36.312]},"properties":{"key":"58305-187cd93d","layer":"power","name":"PCIP Solar","state":"NC","detail_file":"data/details/power-plants-35.json","plant_id":"58305","capacity_mw":1.0,"status_group":"Operating","energy_sources":"SUN","type":"Power plant","is_nuclear":false}},{"type":"Feature","geometry":{"type":"Point","coordinates":[-78.986,36.288]},"properties":{"key":"58538-b4d3adc8","layer":"power","name":"PCSP3 Airport","state":"NC","detail_file":"data/details/power-plants-47.json","plant_id":"58538","capacity_mw":2.5,"status_group":"Operating","energy_sources":"SUN","type":"Power plant","is_nuclear":false}},{"type":"Feature","geometry":{"type":"Point","coordinates":[-76.306,36.265]},"properties":{"key":"59530-c6d54dcb","layer":"power","name":"Pasquotank","state":"NC","detail_file":"data/details/power-plants-28.json","plant_id":"59530","capacity_mw":20.0,"status_group":"Operating","energy_sources":"SUN","type":"Power plant","is_nuclear":false}},{"type":"Feature","geometry":{"type":"Point","coordinates":[-78.654,36.272]},"properties":{"key":"65555-97ddb88d","layer":"power","name":"Peake Road","state":"NC","detail_file":"data/details/power-plants-33.json","plant_id":"65555","capacity_mw":5.0,"status_group":"Operating","energy_sources":"SUN","type":"Power plant","is_nuclear":false}},{"type":"Feature","geometry":{"type":"Point","coordinates":[-77.481,36.481]},"properties":{"key":"60030-c0fbf7d3","layer":"power","name":"Pecan Solar","state":"NC","detail_file":"data/details/power-plants-52.json","plant_id":"60030","capacity_mw":74.9,"status_group":"Operating","energy_sources":"SUN","type":"Power plant","is_nuclear":false}},{"type":"Feature","geometry":{"type":"Point","coordinates":[-78.972,36.437]},"properties":{"key":"60629-a4153915","layer":"power","name":"Perkins Solar, LLC","state":"NC","detail_file":"data/details/power-plants-14.json","plant_id":"60629","capacity_mw":2.0,"status_group":"Operating","energy_sources":"SUN","type":"Power plant","is_nuclear":false}},{"type":"Feature","geometry":{"type":"Point","coordinates":[-77.162,36.443]},"properties":{"key":"61134-2d7aafaf","layer":"power","name":"Phelps 158 Solar Farm","state":"NC","detail_file":"data/details/power-plants-23.json","plant_id":"61134","capacity_mw":5.0,"status_group":"Operating","energy_sources":"SUN","type":"Power plant","is_nuclear":false}},{"type":"Feature","geometry":{"type":"Point","coordinates":[-77.55,36.531]},"properties":{"key":"63787-bf1f5b5f","layer":"power","name":"Pleasant Hill PV1","state":"NC","detail_file":"data/details/power-plants-59.json","plant_id":"63787","capacity_mw":20.0,"status_group":"Operating","energy_sources":"SUN","type":"Power plant","is_nuclear":false}},{"type":"Feature","geometry":{"type":"Point","coordinates":[-79.323,36.157]},"properties":{"key":"67977-7f4708e9","layer":"power","name":"Quaker Creek Farm Solar","state":"NC","detail_file":"data/details/power-plants-01.json","plant_id":"67977","capacity_mw":34.9,"status_group":"Under construction","energy_sources":"SUN","type":"Power plant","is_nuclear":false}},{"type":"Feature","geometry":{"type":"Point","coordinates":[-76.154,36.473]},"properties":{"key":"61813-050db3ca","layer":"power","name":"Ranchland Solar, LLC","state":"NC","detail_file":"data/details/power-plants-05.json","plant_id":"61813","capacity_mw":60.0,"status_group":"Operating","energy_sources":"SUN","type":"Power plant","is_nuclear":false}},{"type":"Feature","geometry":{"type":"Point","coordinates":[-78.022,36.077]},"properties":{"key":"69172-76dc9ac3","layer":"power","name":"Red Bud Solar Plant","state":"NC","detail_file":"data/details/power-plants-02.json","plant_id":"69172","capacity_mw":80.0,"status_group":"Operating","energy_sources":"SUN","type":"Power plant","is_nuclear":false}},{"type":"Feature","geometry":{"type":"Point","coordinates":[-78.141,36.404]},"properties":{"key":"59760-58d34a93","layer":"power","name":"Red Hill Solar Center, LLC","state":"NC","detail_file":"data/details/power-plants-63.json","plant_id":"59760","capacity_mw":5.0,"status_group":"Operating","energy_sources":"SUN","type":"Power plant","is_nuclear":false}},{"type":"Feature","geometry":{"type":"Point","coordinates":[-76.842,36.351]},"properties":{"key":"60487-f8339c69","layer":"power","name":"River Road Solar, LLC","state":"NC","detail_file":"data/details/power-plants-29.json","plant_id":"60487","capacity_mw":5.0,"status_group":"Operating","energy_sources":"SUN","type":"Power plant","is_nuclear":false}},{"type":"Feature","geometry":{"type":"Point","coordinates":[-77.672,36.479]},"properties":{"key":"2758-7777431c","layer":"power","name":"Roanoke Rapids","state":"NC","detail_file":"data/details/power-plants-38.json","plant_id":"2758","capacity_mw":100.0,"status_group":"Operating","energy_sources":"WAT","type":"Power plant","is_nuclear":false}},{"type":"Feature","geometry":{"type":"Point","coordinates":[-79.83,36.33]},"properties":{"key":"55116-3a10b104","layer":"power","name":"Rockingham County CT Station","state":"NC","detail_file":"data/details/power-plants-05.json","plant_id":"55116","capacity_mw":977.5,"status_group":"Operating","energy_sources":"NG","type":"Power plant","is_nuclear":false}},{"type":"Feature","geometry":{"type":"Point","coordinates":[-77.659,36.452]},"properties":{"key":"50555-eaa387c6","layer":"power","name":"Rosemary Power Station","state":"NC","detail_file":"data/details/power-plants-57.json","plant_id":"50555","capacity_mw":180.0,"status_group":"Operating","energy_sources":"DFO","type":"Power plant","is_nuclear":false}},{"type":"Feature","geometry":{"type":"Point","coordinates":[-79.073,36.483]},"properties":{"key":"2712-e6d62b49","layer":"power","name":"Roxboro","state":"NC","detail_file":"data/details/power-plants-13.json","plant_id":"2712","capacity_mw":2558.2,"status_group":"Operating","energy_sources":"BIT","type":"Power plant","is_nuclear":false}},{"type":"Feature","geometry":{"type":"Point","coordinates":[-78.917,36.48]},"properties":{"key":"58340-1477d604","layer":"power","name":"Roxboro Farm","state":"NC","detail_file":"data/details/power-plants-50.json","plant_id":"58340","capacity_mw":5.0,"status_group":"Operating","energy_sources":"SUN","type":"Power plant","is_nuclear":false}},{"type":"Feature","geometry":{"type":"Point","coordinates":[-78.622,36.327]},"properties":{"key":"61288-d48b5d23","layer":"power","name":"Roxboro Solar Farm, LLC","state":"NC","detail_file":"data/details/power-plants-44.json","plant_id":"61288","capacity_mw":5.0,"status_group":"Operating","energy_sources":"SUN","type":"Power plant","is_nuclear":false}},{"type":"Feature","geometry":{"type":"Point","coordinates":[-76.649,36.276]},"properties":{"key":"64677-1d348129","layer":"power","name":"Ryland Road Solar","state":"NC","detail_file":"data/details/power-plants-32.json","plant_id":"64677","capacity_mw":5.0,"status_group":"Operating","energy_sources":"SUN","type":"Power plant","is_nuclear":false}},{"type":"Feature","geometry":{"type":"Point","coordinates":[-76.058,36.33]},"properties":{"key":"62692-56b5beed","layer":"power","name":"Sandy Solar","state":"NC","detail_file":"data/details/power-plants-62.json","plant_id":"62692","capacity_mw":5.0,"status_group":"Operating","energy_sources":"SUN","type":"Power plant","is_nuclear":false}},{"type":"Feature","geometry":{"type":"Point","coordinates":[-78.147,36.139]},"properties":{"key":"59500-db8392cb","layer":"power","name":"Sarah Solar","state":"NC","detail_file":"data/details/power-plants-37.json","plant_id":"59500","capacity_mw":5.0,"status_group":"Operating","energy_sources":"SUN","type":"Power plant","is_nuclear":false}},{"type":"Feature","geometry":{"type":"Point","coordinates":[-77.566,36.436]},"properties":{"key":"59591-6f6929ec","layer":"power","name":"Schell Solar Farm","state":"NC","detail_file":"data/details/power-plants-46.json","plant_id":"59591","capacity_mw":5.0,"status_group":"Operating","energy_sources":"SUN","type":"Power plant","is_nuclear":false}},{"type":"Feature","geometry":{"type":"Point","coordinates":[-77.468,36.477]},"properties":{"key":"59643-71f96b4f","layer":"power","name":"Seaboard Solar LLC","state":"NC","detail_file":"data/details/power-plants-30.json","plant_id":"59643","capacity_mw":5.0,"status_group":"Operating","energy_sources":"SUN","type":"Power plant","is_nuclear":false}},{"type":"Feature","geometry":{"type":"Point","coordinates":[-76.087,36.433]},"properties":{"key":"59155-19f9e11d","layer":"power","name":"Shawboro PV1","state":"NC","detail_file":"data/details/power-plants-09.json","plant_id":"59155","capacity_mw":20.0,"status_group":"Operating","energy_sources":"SUN","type":"Power plant","is_nuclear":false}},{"type":"Feature","geometry":{"type":"Point","coordinates":[-77.885,36.455]},"properties":{"key":"66375-c7a2e197","layer":"power","name":"Shieldwall Solar","state":"NC","detail_file":"data/details/power-plants-02.json","plant_id":"66375","capacity_mw":5.0,"status_group":"Operating","energy_sources":"SUN","type":"Power plant","is_nuclear":false}},{"type":"Feature","geometry":{"type":"Point","coordinates":[-76.033,36.27]},"properties":{"key":"62691-d21d789c","layer":"power","name":"Shiloh Hwy Solar","state":"NC","detail_file":"data/details/power-plants-50.json","plant_id":"62691","capacity_mw":5.0,"status_group":"Operating","energy_sources":"SUN","type":"Power plant","is_nuclear":false}},{"type":"Feature","geometry":{"type":"Point","coordinates":[-76.997,36.306]},"properties":{"key":"59149-1086e114","layer":"power","name":"Simons Farm","state":"NC","detail_file":"data/details/power-plants-42.json","plant_id":"59149","capacity_mw":5.0,"status_group":"Operating","energy_sources":"SUN","type":"Power plant","is_nuclear":false}},{"type":"Feature","geometry":{"type":"Point","coordinates":[-77.762,36.053]},"properties":{"key":"59857-2f631428","layer":"power","name":"SoINCPower5, LLC","state":"NC","detail_file":"data/details/power-plants-48.json","plant_id":"59857","capacity_mw":5.0,"status_group":"Operating","energy_sources":"SUN","type":"Power plant","is_nuclear":false}},{"type":"Feature","geometry":{"type":"Point","coordinates":[-76.581,36.443]},"properties":{"key":"59856-2628fcfa","layer":"power","name":"SoINCPower6, LLC","state":"NC","detail_file":"data/details/power-plants-54.json","plant_id":"59856","capacity_mw":5.0,"status_group":"Operating","energy_sources":"SUN","type":"Power plant","is_nuclear":false}},{"type":"Feature","geometry":{"type":"Point","coordinates":[-77.064,36.425]},"properties":{"key":"57435-fcf127aa","layer":"power","name":"Solar Star North Carolina II LLC","state":"NC","detail_file":"data/details/power-plants-26.json","plant_id":"57435","capacity_mw":6.5,"status_group":"Operating","energy_sources":"SUN","type":"Power plant","is_nuclear":false}},{"type":"Feature","geometry":{"type":"Point","coordinates":[-78.25,36.25]},"properties":{"key":"59606-03cab7ff","layer":"power","name":"Soul City Solar","state":"NC","detail_file":"data/details/power-plants-38.json","plant_id":"59606","capacity_mw":3.5,"status_group":"Operating","energy_sources":"SUN","type":"Power plant","is_nuclear":false}},{"type":"Feature","geometry":{"type":"Point","coordinates":[-78.308,36.057]},"properties":{"key":"59825-215cb888","layer":"power","name":"South Louisburg Solar","state":"NC","detail_file":"data/details/power-plants-60.json","plant_id":"59825","capacity_mw":5.0,"status_group":"Operating","energy_sources":"SUN","type":"Power plant","is_nuclear":false}},{"type":"Feature","geometry":{"type":"Point","coordinates":[-78.368,36.266]},"properties":{"key":"60553-ebe29ec1","layer":"power","name":"Southerland Farm Solar","state":"NC","detail_file":"data/details/power-plants-51.json","plant_id":"60553","capacity_mw":5.0,"status_group":"Operating","energy_sources":"SUN","type":"Power plant","is_nuclear":false}},{"type":"Feature","geometry":{"type":"Point","coordinates":[-79.368,36.009]},"properties":{"key":"66724-699d9aeb","layer":"power","name":"Southwick Solar","state":"NC","detail_file":"data/details/power-plants-09.json","plant_id":"66724","capacity_mw":3.0,"status_group":"Operating","energy_sources":"SUN","type":"Power plant","is_nuclear":false}},{"type":"Feature","geometry":{"type":"Point","coordinates":[-78.415,36.371]},"properties":{"key":"59593-a062e93c","layer":"power","name":"Spring Valley Farm 2, LLC","state":"NC","detail_file":"data/details/power-plants-60.json","plant_id":"59593","capacity_mw":5.0,"status_group":"Operating","energy_sources":"SUN","type":"Power plant","is_nuclear":false}},{"type":"Feature","geometry":{"type":"Point","coordinates":[-78.46,36.415]},"properties":{"key":"59604-54b2aae7","layer":"power","name":"Stagecoach Solar","state":"NC","detail_file":"data/details/power-plants-01.json","plant_id":"59604","capacity_mw":5.0,"status_group":"Operating","energy_sources":"SUN","type":"Power plant","is_nuclear":false}},{"type":"Feature","geometry":{"type":"Point","coordinates":[-78.328,36.395]},"properties":{"key":"60257-9f2f0e6c","layer":"power","name":"Stainback Solar Farm","state":"NC","detail_file":"data/details/power-plants-52.json","plant_id":"60257","capacity_mw":5.0,"status_group":"Operating","energy_sources":"SUN","type":"Power plant","is_nuclear":false}},{"type":"Feature","geometry":{"type":"Point","coordinates":[-78.824,36.08]},"properties":{"key":"58746-1bbe5bc4","layer":"power","name":"Star Solar","state":"NC","detail_file":"data/details/power-plants-03.json","plant_id":"58746","capacity_mw":5.0,"status_group":"Operating","energy_sources":"SUN","type":"Power plant","is_nuclear":false}},{"type":"Feature","geometry":{"type":"Point","coordinates":[-79.2,36.079]},"properties":{"key":"59581-9427bcc2","layer":"power","name":"Stout Farm","state":"NC","detail_file":"data/details/power-plants-10.json","plant_id":"59581","capacity_mw":5.0,"status_group":"Operating","energy_sources":"SUN","type":"Power plant","is_nuclear":false}},{"type":"Feature","geometry":{"type":"Point","coordinates":[-76.598,36.438]},"properties":{"key":"60189-2851cdf8","layer":"power","name":"Sugar Run Solar","state":"NC","detail_file":"data/details/power-plants-46.json","plant_id":"60189","capacity_mw":5.0,"status_group":"Operating","energy_sources":"SUN","type":"Power plant","is_nuclear":false}},{"type":"Feature","geometry":{"type":"Point","coordinates":[-76.136,36.477]},"properties":{"key":"60611-5ef8816a","layer":"power","name":"Summit Farms Solar","state":"NC","detail_file":"data/details/power-plants-10.json","plant_id":"60611","capacity_mw":62.4,"status_group":"Operating","energy_sources":"SUN","type":"Power plant","is_nuclear":false}},{"type":"Feature","geometry":{"type":"Point","coordinates":[-77.97,36.432]},"properties":{"key":"59505-cf565fe1","layer":"power","name":"Sun Devil Solar","state":"NC","detail_file":"data/details/power-plants-05.json","plant_id":"59505","capacity_mw":5.0,"status_group":"Operating","energy_sources":"SUN","type":"Power plant","is_nuclear":false}},{"type":"Feature","geometry":{"type":"Point","coordinates":[-76.489,36.161]},"properties":{"key":"61287-648ec4db","layer":"power","name":"Sun Farm V, LLC","state":"NC","detail_file":"data/details/power-plants-40.json","plant_id":"61287","capacity_mw":5.0,"status_group":"Operating","energy_sources":"SUN","type":"Power plant","is_nuclear":false}},{"type":"Feature","geometry":{"type":"Point","coordinates":[-76.508,36.114]},"properties":{"key":"61842-635284bf","layer":"power","name":"Sun Farm VI, LLC","state":"NC","detail_file":"data/details/power-plants-41.json","plant_id":"61842","capacity_mw":5.0,"status_group":"Operating","energy_sources":"SUN","type":"Power plant","is_nuclear":false}},{"type":"Feature","geometry":{"type":"Point","coordinates":[-77.75,36.06]},"properties":{"key":"64311-e46d102a","layer":"power","name":"Sun Farm VIII, LLC","state":"NC","detail_file":"data/details/power-plants-41.json","plant_id":"64311","capacity_mw":4.0,"status_group":"Operating","energy_sources":"SUN","type":"Power plant","is_nuclear":false}},{"type":"Feature","geometry":{"type":"Point","coordinates":[-77.409,36.125]},"properties":{"key":"59898-5b26e9ab","layer":"power","name":"SunEnergy1-Scotland Neck, LLC","state":"NC","detail_file":"data/details/power-plants-62.json","plant_id":"59898","capacity_mw":3.0,"status_group":"Operating","energy_sources":"SUN","type":"Power plant","is_nuclear":false}},{"type":"Feature","geometry":{"type":"Point","coordinates":[-77.593,36.395]},"properties":{"key":"60638-1f4287d2","layer":"power","name":"Sunflower Solar","state":"NC","detail_file":"data/details/power-plants-10.json","plant_id":"60638","capacity_mw":16.0,"status_group":"Operating","energy_sources":"SUN","type":"Power plant","is_nuclear":false}},{"type":"Feature","geometry":{"type":"Point","coordinates":[-77.689,36.221]},"properties":{"key":"68271-e6dde1e1","layer":"power","name":"Sweetleaf Solar LLC","state":"NC","detail_file":"data/details/power-plants-22.json","plant_id":"68271","capacity_mw":93.0,"status_group":"Under construction","energy_sources":"SUN","type":"Power plant","is_nuclear":false}},{"type":"Feature","geometry":{"type":"Point","coordinates":[-76.301,36.272]},"properties":{"key":"69871-be638fcd","layer":"power","name":"Tanglewood BESS","state":"NC","detail_file":"data/details/power-plants-57.json","plant_id":"69871","capacity_mw":3.9,"status_group":"Under construction","energy_sources":"MWH","type":"Power plant","is_nuclear":false}},{"type":"Feature","geometry":{"type":"Point","coordinates":[-78.03,36.066]},"properties":{"key":"60160-a04426f5","layer":"power","name":"Tate Solar","state":"NC","detail_file":"data/details/power-plants-09.json","plant_id":"60160","capacity_mw":5.0,"status_group":"Operating","energy_sources":"SUN","type":"Power plant","is_nuclear":false}},{"type":"Feature","geometry":{"type":"Point","coordinates":[-78.299,36.069]},"properties":{"key":"60429-a5fed6e6","layer":"power","name":"Tides Lane Farm","state":"NC","detail_file":"data/details/power-plants-16.json","plant_id":"60429","capacity_mw":3.7,"status_group":"Operating","energy_sources":"SUN","type":"Power plant","is_nuclear":false}},{"type":"Feature","geometry":{"type":"Point","coordinates":[-76.601,36.152]},"properties":{"key":"67910-d25356da","layer":"power","name":"Timbermill Wind, LLC","state":"NC","detail_file":"data/details/power-plants-22.json","plant_id":"67910","capacity_mw":189.0,"status_group":"Operating","energy_sources":"WND","type":"Power plant","is_nuclear":false}},{"type":"Feature","geometry":{"type":"Point","coordinates":[-77.136,36.441]},"properties":{"key":"60000-3543eeca","layer":"power","name":"Turkey Creek PV1","state":"NC","detail_file":"data/details/power-plants-60.json","plant_id":"60000","capacity_mw":13.5,"status_group":"Operating","energy_sources":"SUN","type":"Power plant","is_nuclear":false}},{"type":"Feature","geometry":{"type":"Point","coordinates":[-76.46,36.22]},"properties":{"key":"60510-cf8a1257","layer":"power","name":"Two Mile Desert Project","state":"NC","detail_file":"data/details/power-plants-36.json","plant_id":"60510","capacity_mw":16.2,"status_group":"Operating","energy_sources":"SUN","type":"Power plant","is_nuclear":false}},{"type":"Feature","geometry":{"type":"Point","coordinates":[-76.462,36.223]},"properties":{"key":"59427-e5029dbf","layer":"power","name":"Two Mile Solar","state":"NC","detail_file":"data/details/power-plants-39.json","plant_id":"59427","capacity_mw":5.0,"status_group":"Operating","energy_sources":"SUN","type":"Power plant","is_nuclear":false}},{"type":"Feature","geometry":{"type":"Point","coordinates":[-77.05,36.419]},"properties":{"key":"60998-ca2bfa66","layer":"power","name":"Underwood PV2","state":"NC","detail_file":"data/details/power-plants-12.json","plant_id":"60998","capacity_mw":16.0,"status_group":"Operating","energy_sources":"SUN","type":"Power plant","is_nuclear":false}},{"type":"Feature","geometry":{"type":"Point","coordinates":[-78.412,36.258]},"properties":{"key":"59928-418a6fdc","layer":"power","name":"Vance Solar Farm, LLC","state":"NC","detail_file":"data/details/power-plants-39.json","plant_id":"59928","capacity_mw":5.0,"status_group":"Operating","energy_sources":"SUN","type":"Power plant","is_nuclear":false}},{"type":"Feature","geometry":{"type":"Point","coordinates":[-77.121,36.451]},"properties":{"key":"60001-272eba28","layer":"power","name":"Vaughn Creek PV1","state":"NC","detail_file":"data/details/power-plants-56.json","plant_id":"60001","capacity_mw":20.0,"status_group":"Operating","energy_sources":"SUN","type":"Power plant","is_nuclear":false}},{"type":"Feature","geometry":{"type":"Point","coordinates":[-78.343,36.325]},"properties":{"key":"59605-f6154735","layer":"power","name":"Vicksburg Solar","state":"NC","detail_file":"data/details/power-plants-16.json","plant_id":"59605","capacity_mw":5.0,"status_group":"Operating","energy_sources":"SUN","type":"Power plant","is_nuclear":false}},{"type":"Feature","geometry":{"type":"Point","coordinates":[-78.285,36.524]},"properties":{"key":"66358-5779ac63","layer":"power","name":"Virginia Line Solar, LLC","state":"NC","detail_file":"data/details/power-plants-28.json","plant_id":"66358","capacity_mw":35.0,"status_group":"Operating","energy_sources":"SUN","type":"Power plant","is_nuclear":false}},{"type":"Feature","geometry":{"type":"Point","coordinates":[-78.957,36.459]},"properties":{"key":"58862-1c2ef36f","layer":"power","name":"Wagstaff Farm 1","state":"NC","detail_file":"data/details/power-plants-40.json","plant_id":"58862","capacity_mw":5.0,"status_group":"Operating","energy_sources":"SUN","type":"Power plant","is_nuclear":false}},{"type":"Feature","geometry":{"type":"Point","coordinates":[-78.171,36.415]},"properties":{"key":"58312-731517d2","layer":"power","name":"Warrenton Farm","state":"NC","detail_file":"data/details/power-plants-55.json","plant_id":"58312","capacity_mw":4.0,"status_group":"Operating","energy_sources":"SUN","type":"Power plant","is_nuclear":false}},{"type":"Feature","geometry":{"type":"Point","coordinates":[-78.178,36.412]},"properties":{"key":"62100-98f31c7e","layer":"power","name":"Warrenton I Solar","state":"NC","detail_file":"data/details/power-plants-27.json","plant_id":"62100","capacity_mw":4.9,"status_group":"Operating","energy_sources":"SUN","type":"Power plant","is_nuclear":false}},{"type":"Feature","geometry":{"type":"Point","coordinates":[-79.792,36.272]},"properties":{"key":"60948-29e9811e","layer":"power","name":"Washington Solar","state":"NC","detail_file":"data/details/power-plants-35.json","plant_id":"60948","capacity_mw":5.0,"status_group":"Operating","energy_sources":"SUN","type":"Power plant","is_nuclear":false}},{"type":"Feature","geometry":{"type":"Point","coordinates":[-77.721,36.13]},"properties":{"key":"59153-f7bacef9","layer":"power","name":"Watson Seed Farm PV1","state":"NC","detail_file":"data/details/power-plants-41.json","plant_id":"59153","capacity_mw":20.0,"status_group":"Operating","energy_sources":"SUN","type":"Power plant","is_nuclear":false}},{"type":"Feature","geometry":{"type":"Point","coordinates":[-79.642,36.044]},"properties":{"key":"63806-ecb46153","layer":"power","name":"West River Solar, LLC","state":"NC","detail_file":"data/details/power-plants-43.json","plant_id":"63806","capacity_mw":40.0,"status_group":"Under construction","energy_sources":"SUN","type":"Power plant","is_nuclear":false}},{"type":"Feature","geometry":{"type":"Point","coordinates":[-77.734,36.127]},"properties":{"key":"59526-4f7d91c5","layer":"power","name":"Whitakers","state":"NC","detail_file":"data/details/power-plants-17.json","plant_id":"59526","capacity_mw":12.0,"status_group":"Operating","energy_sources":"SUN","type":"Power plant","is_nuclear":false}},{"type":"Feature","geometry":{"type":"Point","coordinates":[-77.725,36.116]},"properties":{"key":"60438-d1b2d89a","layer":"power","name":"Whitakers Farm (Fisher Rd)","state":"NC","detail_file":"data/details/power-plants-23.json","plant_id":"60438","capacity_mw":3.4,"status_group":"Operating","energy_sources":"SUN","type":"Power plant","is_nuclear":false}},{"type":"Feature","geometry":{"type":"Point","coordinates":[-77.222,36.348]},"properties":{"key":"60363-4e05d599","layer":"power","name":"White Farm Solar, LLC","state":"NC","detail_file":"data/details/power-plants-47.json","plant_id":"60363","capacity_mw":5.2,"status_group":"Operating","energy_sources":"SUN","type":"Power plant","is_nuclear":false}},{"type":"Feature","geometry":{"type":"Point","coordinates":[-79.724,36.104]},"properties":{"key":"60364-59af9c50","layer":"power","name":"White Street Renewables","state":"NC","detail_file":"data/details/power-plants-49.json","plant_id":"60364","capacity_mw":5.0,"status_group":"Operating","energy_sources":"LFG; SUN","type":"Power plant","is_nuclear":false}},{"type":"Feature","geometry":{"type":"Point","coordinates":[-76.982,36.026]},"properties":{"key":"69872-ed3ea20c","layer":"power","name":"Windsor BESS","state":"NC","detail_file":"data/details/power-plants-27.json","plant_id":"69872","capacity_mw":3.9,"status_group":"Under construction","energy_sources":"MWH","type":"Power plant","is_nuclear":false}},{"type":"Feature","geometry":{"type":"Point","coordinates":[-76.872,36.021]},"properties":{"key":"64678-72223776","layer":"power","name":"Windsor Hwy 17 Solar","state":"NC","detail_file":"data/details/power-plants-54.json","plant_id":"64678","capacity_mw":5.0,"status_group":"Operating","energy_sources":"SUN","type":"Power plant","is_nuclear":false}},{"type":"Feature","geometry":{"type":"Point","coordinates":[-76.883,36.017]},"properties":{"key":"59171-65127f59","layer":"power","name":"Windsor Solar","state":"NC","detail_file":"data/details/power-plants-61.json","plant_id":"59171","capacity_mw":5.0,"status_group":"Operating","energy_sources":"SUN","type":"Power plant","is_nuclear":false}},{"type":"Feature","geometry":{"type":"Point","coordinates":[-76.939,36.375]},"properties":{"key":"59177-f707c685","layer":"power","name":"Winton Solar","state":"NC","detail_file":"data/details/power-plants-35.json","plant_id":"59177","capacity_mw":5.0,"status_group":"Operating","energy_sources":"SUN","type":"Power plant","is_nuclear":false}},{"type":"Feature","geometry":{"type":"Point","coordinates":[-77.221,36.342]},"properties":{"key":"59175-02ffca74","layer":"power","name":"Woodland Solar","state":"NC","detail_file":"data/details/power-plants-41.json","plant_id":"59175","capacity_mw":5.0,"status_group":"Operating","energy_sources":"SUN","type":"Power plant","is_nuclear":false}},{"type":"Feature","geometry":{"type":"Point","coordinates":[-78.95,36.464]},"properties":{"key":"63272-4be9680a","layer":"power","name":"Woodsdale Farm, LLC","state":"NC","detail_file":"data/details/power-plants-12.json","plant_id":"63272","capacity_mw":2.0,"status_group":"Operating","energy_sources":"SUN","type":"Power plant","is_nuclear":false}},{"type":"Feature","geometry":{"type":"Point","coordinates":[-78.376,36.352]},"properties":{"key":"60361-cc8e1d19","layer":"power","name":"Wortham Solar Farm","state":"NC","detail_file":"data/details/power-plants-13.json","plant_id":"60361","capacity_mw":5.0,"status_group":"Operating","energy_sources":"SUN","type":"Power plant","is_nuclear":false}},{"type":"Feature","geometry":{"type":"Point","coordinates":[-79.279,36.439]},"properties":{"key":"58343-e8c5ed87","layer":"power","name":"Yanceyville Farm","state":"NC","detail_file":"data/details/power-plants-18.json","plant_id":"58343","capacity_mw":5.0,"status_group":"Operating","energy_sources":"SUN","type":"Power plant","is_nuclear":false}},{"type":"Feature","geometry":{"type":"Point","coordinates":[-79.317,36.414]},"properties":{"key":"59113-b66a3389","layer":"power","name":"Yanceyville Farm 2 LLC","state":"NC","detail_file":"data/details/power-plants-31.json","plant_id":"59113","capacity_mw":5.0,"status_group":"Operating","energy_sources":"SUN","type":"Power plant","is_nuclear":false}},{"type":"Feature","geometry":{"type":"Point","coordinates":[-79.349,36.429]},"properties":{"key":"60240-c621174b","layer":"power","name":"Yanceyville Farm 3, LLC","state":"NC","detail_file":"data/details/power-plants-26.json","plant_id":"60240","capacity_mw":4.9,"status_group":"Operating","energy_sources":"SUN","type":"Power plant","is_nuclear":false}},{"type":"Feature","geometry":{"type":"Point","coordinates":[-79.438,36.511]},"properties":{"key":"64367-a56407d9","layer":"power","name":"Zuma Solar, LLC","state":"NC","detail_file":"data/details/power-plants-03.json","plant_id":"64367","capacity_mw":3.0,"status_group":"Operating","energy_sources":"SUN","type":"Power plant","is_nuclear":false}},{"type":"Feature","geometry":{"type":"Point","coordinates":[-77.197,39.88]},"properties":{"key":"66634-8423cb94","layer":"power","name":"Adams Solar LLC PA","state":"PA","detail_file":"data/details/power-plants-44.json","plant_id":"66634","capacity_mw":80.0,"status_group":"Operating","energy_sources":"SUN","type":"Power plant","is_nuclear":false}},{"type":"Feature","geometry":{"type":"Point","coordinates":[-77.922,39.803]},"properties":{"key":"69235-4b0bf7ae","layer":"power","name":"Blairs Valley Solar Project","state":"PA","detail_file":"data/details/power-plants-22.json","plant_id":"69235","capacity_mw":20.0,"status_group":"Operating","energy_sources":"SUN","type":"Power plant","is_nuclear":false}},{"type":"Feature","geometry":{"type":"Point","coordinates":[-77.561,39.962]},"properties":{"key":"57466-d38320da","layer":"power","name":"Blue Ridge Landfill","state":"PA","detail_file":"data/details/power-plants-34.json","plant_id":"57466","capacity_mw":6.4,"status_group":"Operating","energy_sources":"LFG","type":"Power plant","is_nuclear":false}},{"type":"Feature","geometry":{"type":"Point","coordinates":[-79.138,39.85]},"properties":{"key":"56369-e47573ee","layer":"power","name":"Casselman Wind Power Project","state":"PA","detail_file":"data/details/power-plants-23.json","plant_id":"56369","capacity_mw":34.5,"status_group":"Operating","energy_sources":"WND","type":"Power plant","is_nuclear":false}},{"type":"Feature","geometry":{"type":"Point","coordinates":[-77.686,39.867]},"properties":{"key":"55654-ff1410ad","layer":"power","name":"Chambersburg","state":"PA","detail_file":"data/details/power-plants-34.json","plant_id":"55654","capacity_mw":87.6,"status_group":"Operating","energy_sources":"NG","type":"Power plant","is_nuclear":false}},{"type":"Feature","geometry":{"type":"Point","coordinates":[-76.823,39.902]},"properties":{"key":"65076-5738d05a","layer":"power","name":"Cottontail Solar 1","state":"PA","detail_file":"data/details/power-plants-10.json","plant_id":"65076","capacity_mw":20.0,"status_group":"Operating","energy_sources":"SUN","type":"Power plant","is_nuclear":false}},{"type":"Feature","geometry":{"type":"Point","coordinates":[-76.771,39.937]},"properties":{"key":"65077-cc4262eb","layer":"power","name":"Cottontail Solar 2","state":"PA","detail_file":"data/details/power-plants-37.json","plant_id":"65077","capacity_mw":20.0,"status_group":"Operating","energy_sources":"SUN","type":"Power plant","is_nuclear":false}},{"type":"Feature","geometry":{"type":"Point","coordinates":[-76.784,39.925]},"properties":{"key":"65082-327d1b53","layer":"power","name":"Cottontail Solar 8","state":"PA","detail_file":"data/details/power-plants-25.json","plant_id":"65082","capacity_mw":20.0,"status_group":"Operating","energy_sources":"SUN","type":"Power plant","is_nuclear":false}},{"type":"Feature","geometry":{"type":"Point","coordinates":[-77.929,39.849]},"properties":{"key":"63773-c374bf84","layer":"power","name":"Elk Hill Solar 1","state":"PA","detail_file":"data/details/power-plants-15.json","plant_id":"63773","capacity_mw":20.0,"status_group":"Operating","energy_sources":"SUN","type":"Power plant","is_nuclear":false}},{"type":"Feature","geometry":{"type":"Point","coordinates":[-77.812,39.8]},"properties":{"key":"63768-26b2fc53","layer":"power","name":"Elk Hill Solar 2","state":"PA","detail_file":"data/details/power-plants-51.json","plant_id":"63768","capacity_mw":15.0,"status_group":"Operating","energy_sources":"SUN","type":"Power plant","is_nuclear":false}},{"type":"Feature","geometry":{"type":"Point","coordinates":[-77.433,39.771]},"properties":{"key":"69666-fdd96a7f","layer":"power","name":"FR_Williamsport LLC","state":"PA","detail_file":"data/details/power-plants-42.json","plant_id":"69666","capacity_mw":20.0,"status_group":"Operating","energy_sources":"SUN","type":"Power plant","is_nuclear":false}},{"type":"Feature","geometry":{"type":"Point","coordinates":[-77.658,39.939]},"properties":{"key":"7397-71d58316","layer":"power","name":"Falling Spring","state":"PA","detail_file":"data/details/power-plants-14.json","plant_id":"7397","capacity_mw":7.2,"status_group":"Operating","energy_sources":"NG","type":"Power plant","is_nuclear":false}},{"type":"Feature","geometry":{"type":"Point","coordinates":[-79.918,39.859]},"properties":{"key":"55516-c5f359ff","layer":"power","name":"Fayette Energy Facility","state":"PA","detail_file":"data/details/power-plants-22.json","plant_id":"55516","capacity_mw":714.9,"status_group":"Operating","energy_sources":"NG","type":"Power plant","is_nuclear":false}},{"type":"Feature","geometry":{"type":"Point","coordinates":[-76.444,39.959]},"properties":{"key":"56510-f0a2a493","layer":"power","name":"Frey Farm Landfill","state":"PA","detail_file":"data/details/power-plants-24.json","plant_id":"56510","capacity_mw":3.2,"status_group":"Operating","energy_sources":"LFG","type":"Power plant","is_nuclear":false}},{"type":"Feature","geometry":{"type":"Point","coordinates":[-79.839,39.748]},"properties":{"key":"55377-4849076a","layer":"power","name":"Gans","state":"PA","detail_file":"data/details/power-plants-08.json","plant_id":"55377","capacity_mw":87.6,"status_group":"Operating","energy_sources":"NG","type":"Power plant","is_nuclear":false}},{"type":"Feature","geometry":{"type":"Point","coordinates":[-79.836,39.75]},"properties":{"key":"65902-511a0127","layer":"power","name":"Gans Solar","state":"PA","detail_file":"data/details/power-plants-62.json","plant_id":"65902","capacity_mw":14.0,"status_group":"Operating","energy_sources":"SUN","type":"Power plant","is_nuclear":false}},{"type":"Feature","geometry":{"type":"Point","coordinates":[-77.125,39.95]},"properties":{"key":"58565-149f14f5","layer":"power","name":"Gettysburg Energy & Nutrient Rec Facilit","state":"PA","detail_file":"data/details/power-plants-56.json","plant_id":"58565","capacity_mw":3.3,"status_group":"Operating","energy_sources":"OBS","type":"Power plant","is_nuclear":false}},{"type":"Feature","geometry":{"type":"Point","coordinates":[-79.923,39.824]},"properties":{"key":"62388-adb4e52c","layer":"power","name":"Grays Landing L&D Hydroelectric Project","state":"PA","detail_file":"data/details/power-plants-05.json","plant_id":"62388","capacity_mw":12.0,"status_group":"Planned","energy_sources":"WAT","type":"Power plant","is_nuclear":false}},{"type":"Feature","geometry":{"type":"Point","coordinates":[-78.041,39.924]},"properties":{"key":"65999-14957da0","layer":"power","name":"Great Cove Solar","state":"PA","detail_file":"data/details/power-plants-01.json","plant_id":"65999","capacity_mw":70.0,"status_group":"Operating","energy_sources":"SUN","type":"Power plant","is_nuclear":false}},{"type":"Feature","geometry":{"type":"Point","coordinates":[-77.868,39.902]},"properties":{"key":"67137-d04086a5","layer":"power","name":"Great Cove Solar II","state":"PA","detail_file":"data/details/power-plants-41.json","plant_id":"67137","capacity_mw":150.0,"status_group":"Operating","energy_sources":"SUN","type":"Power plant","is_nuclear":false}},{"type":"Feature","geometry":{"type":"Point","coordinates":[-79.071,39.851]},"properties":{"key":"55370-4de50ce3","layer":"power","name":"Green Mountain Storage, LLC","state":"PA","detail_file":"data/details/power-plants-49.json","plant_id":"55370","capacity_mw":10.4,"status_group":"Operating","energy_sources":"MWH","type":"Power plant","is_nuclear":false}},{"type":"Feature","geometry":{"type":"Point","coordinates":[-76.988,39.909]},"properties":{"key":"3109-0479ff9e","layer":"power","name":"Hamilton (PA)","state":"PA","detail_file":"data/details/power-plants-33.json","plant_id":"3109","capacity_mw":19.6,"status_group":"Operating","energy_sources":"DFO","type":"Power plant","is_nuclear":false}},{"type":"Feature","geometry":{"type":"Point","coordinates":[-79.938,39.894]},"properties":{"key":"62565-cd452155","layer":"power","name":"Hill Top Energy Center, LLC","state":"PA","detail_file":"data/details/power-plants-29.json","plant_id":"62565","capacity_mw":664.7,"status_group":"Operating","energy_sources":"NG","type":"Power plant","is_nuclear":false}},{"type":"Feature","geometry":{"type":"Point","coordinates":[-76.332,39.827]},"properties":{"key":"3145-c7bfccfe","layer":"power","name":"Holtwood","state":"PA","detail_file":"data/details/power-plants-36.json","plant_id":"3145","capacity_mw":247.3,"status_group":"Operating","energy_sources":"WAT","type":"Power plant","is_nuclear":false}},{"type":"Feature","geometry":{"type":"Point","coordinates":[-77.165,39.866]},"properties":{"key":"3110-00545e35","layer":"power","name":"Hunterstown","state":"PA","detail_file":"data/details/power-plants-31.json","plant_id":"3110","capacity_mw":60.0,"status_group":"Operating","energy_sources":"NG","type":"Power plant","is_nuclear":false}},{"type":"Feature","geometry":{"type":"Point","coordinates":[-77.167,39.873]},"properties":{"key":"55976-ecaaf860","layer":"power","name":"Hunterstown Power Plant","state":"PA","detail_file":"data/details/power-plants-32.json","plant_id":"55976","capacity_mw":898.0,"status_group":"Operating","energy_sources":"NG","type":"Power plant","is_nuclear":false}},{"type":"Feature","geometry":{"type":"Point","coordinates":[-76.221,39.861]},"properties":{"key":"58091-d6be394a","layer":"power","name":"Keystone Solar","state":"PA","detail_file":"data/details/power-plants-56.json","plant_id":"58091","capacity_mw":5.0,"status_group":"Operating","energy_sources":"SUN","type":"Power plant","is_nuclear":false}},{"type":"Feature","geometry":{"type":"Point","coordinates":[-79.856,39.72]},"properties":{"key":"6636-c92c58d9","layer":"power","name":"Lake Lynn Hydro Station","state":"PA","detail_file":"data/details/power-plants-63.json","plant_id":"6636","capacity_mw":51.2,"status_group":"Operating","energy_sources":"WAT","type":"Power plant","is_nuclear":false}},{"type":"Feature","geometry":{"type":"Point","coordinates":[-79.303,39.765]},"properties":{"key":"65929-d66dc2ad","layer":"power","name":"Listonburg Solar","state":"PA","detail_file":"data/details/power-plants-53.json","plant_id":"65929","capacity_mw":15.0,"status_group":"Operating","energy_sources":"SUN","type":"Power plant","is_nuclear":false}},{"type":"Feature","geometry":{"type":"Point","coordinates":[-78.918,39.879]},"properties":{"key":"56700-e1791119","layer":"power","name":"Lookout Windpower LLC","state":"PA","detail_file":"data/details/power-plants-19.json","plant_id":"56700","capacity_mw":37.8,"status_group":"Operating","energy_sources":"WND","type":"Power plant","is_nuclear":false}},{"type":"Feature","geometry":{"type":"Point","coordinates":[-77.578,39.902]},"properties":{"key":"69970-38da0df1","layer":"power","name":"Maple Ridge A","state":"PA","detail_file":"data/details/power-plants-05.json","plant_id":"69970","capacity_mw":3.0,"status_group":"Under construction","energy_sources":"SUN","type":"Power plant","is_nuclear":false}},{"type":"Feature","geometry":{"type":"Point","coordinates":[-77.578,39.902]},"properties":{"key":"69971-8131e440","layer":"power","name":"Maple Ridge B","state":"PA","detail_file":"data/details/power-plants-40.json","plant_id":"69971","capacity_mw":3.0,"status_group":"Under construction","energy_sources":"SUN","type":"Power plant","is_nuclear":false}},{"type":"Feature","geometry":{"type":"Point","coordinates":[-79.02,39.828]},"properties":{"key":"62444-3f21b147","layer":"power","name":"Meyersdale Battery","state":"PA","detail_file":"data/details/power-plants-57.json","plant_id":"62444","capacity_mw":18.0,"status_group":"Operating","energy_sources":"MWH","type":"Power plant","is_nuclear":false}},{"type":"Feature","geometry":{"type":"Point","coordinates":[-79.002,39.791]},"properties":{"key":"56052-2ac5da42","layer":"power","name":"Meyersdale Windpower, LLC","state":"PA","detail_file":"data/details/power-plants-63.json","plant_id":"56052","capacity_mw":30.0,"status_group":"Operating","energy_sources":"WND","type":"Power plant","is_nuclear":false}},{"type":"Feature","geometry":{"type":"Point","coordinates":[-79.394,39.913]},"properties":{"key":"55805-8b81c0b5","layer":"power","name":"Mill Run Windpower LLC","state":"PA","detail_file":"data/details/power-plants-37.json","plant_id":"55805","capacity_mw":15.0,"status_group":"Operating","energy_sources":"WND","type":"Power plant","is_nuclear":false}},{"type":"Feature","geometry":{"type":"Point","coordinates":[-77.788,39.801]},"properties":{"key":"56687-d0c97b08","layer":"power","name":"Mountain View","state":"PA","detail_file":"data/details/power-plants-19.json","plant_id":"56687","capacity_mw":14.4,"status_group":"Operating","energy_sources":"LFG","type":"Power plant","is_nuclear":false}},{"type":"Feature","geometry":{"type":"Point","coordinates":[-76.299,39.808]},"properties":{"key":"3164-a72d0369","layer":"power","name":"Muddy Run","state":"PA","detail_file":"data/details/power-plants-61.json","plant_id":"3164","capacity_mw":1072.0,"status_group":"Operating","energy_sources":"WAT","type":"Power plant","is_nuclear":false}},{"type":"Feature","geometry":{"type":"Point","coordinates":[-76.696,36.745]},"properties":{"key":"69377-909bfcd0","layer":"power","name":"New Freedom Solar Partners","state":"PA","detail_file":"data/details/power-plants-03.json","plant_id":"69377","capacity_mw":2.5,"status_group":"Under construction","energy_sources":"SUN","type":"Power plant","is_nuclear":false}},{"type":"Feature","geometry":{"type":"Point","coordinates":[-77.667,39.911]},"properties":{"key":"55997-98c27f61","layer":"power","name":"Orchard Park","state":"PA","detail_file":"data/details/power-plants-60.json","plant_id":"55997","capacity_mw":24.0,"status_group":"Operating","energy_sources":"NG","type":"Power plant","is_nuclear":false}},{"type":"Feature","geometry":{"type":"Point","coordinates":[-77.351,39.844]},"properties":{"key":"3112-e69541a6","layer":"power","name":"Orrtanna","state":"PA","detail_file":"data/details/power-plants-34.json","plant_id":"3112","capacity_mw":27.0,"status_group":"Operating","energy_sources":"DFO","type":"Power plant","is_nuclear":false}},{"type":"Feature","geometry":{"type":"Point","coordinates":[-76.456,39.959]},"properties":{"key":"57182-c2a99a2b","layer":"power","name":"PPL Frey Farm Landfill Wind","state":"PA","detail_file":"data/details/power-plants-59.json","plant_id":"57182","capacity_mw":3.2,"status_group":"Operating","energy_sources":"WND","type":"Power plant","is_nuclear":false}},{"type":"Feature","geometry":{"type":"Point","coordinates":[-76.269,39.759]},"properties":{"key":"3166-1372f102","layer":"power","name":"Peach Bottom","state":"PA","detail_file":"data/details/power-plants-50.json","plant_id":"3166","capacity_mw":2876.4,"status_group":"Operating","energy_sources":"NUC","type":"Nuclear power plant","is_nuclear":true}},{"type":"Feature","geometry":{"type":"Point","coordinates":[-79.644,39.961]},"properties":{"key":"65903-189890e9","layer":"power","name":"Pechin Solar","state":"PA","detail_file":"data/details/power-plants-44.json","plant_id":"65903","capacity_mw":14.0,"status_group":"Operating","energy_sources":"SUN","type":"Power plant","is_nuclear":false}},{"type":"Feature","geometry":{"type":"Point","coordinates":[-76.868,39.871]},"properties":{"key":"50397-e3bc2c8c","layer":"power","name":"Pixelle Specialty Solutions LLC - Spring","state":"PA","detail_file":"data/details/power-plants-37.json","plant_id":"50397","capacity_mw":103.6,"status_group":"Operating","energy_sources":"BIT; BLQ; NG","type":"Power plant","is_nuclear":false}},{"type":"Feature","geometry":{"type":"Point","coordinates":[-79.91,39.727]},"properties":{"key":"62384-be5e5eff","layer":"power","name":"Point Marion L&D Hydroelectric Project","state":"PA","detail_file":"data/details/power-plants-36.json","plant_id":"62384","capacity_mw":5.0,"status_group":"Planned","energy_sources":"WAT","type":"Power plant","is_nuclear":false}},{"type":"Feature","geometry":{"type":"Point","coordinates":[-79.188,39.745]},"properties":{"key":"60329-dcd8afbb","layer":"power","name":"Ringer Hill Wind Farm, LLC","state":"PA","detail_file":"data/details/power-plants-38.json","plant_id":"60329","capacity_mw":39.9,"status_group":"Operating","energy_sources":"WND","type":"Power plant","is_nuclear":false}},{"type":"Feature","geometry":{"type":"Point","coordinates":[-76.39,39.924]},"properties":{"key":"3175-5ba6469f","layer":"power","name":"Safe Harbor","state":"PA","detail_file":"data/details/power-plants-59.json","plant_id":"3175","capacity_mw":417.5,"status_group":"Operating","energy_sources":"WAT","type":"Power plant","is_nuclear":false}},{"type":"Feature","geometry":{"type":"Point","coordinates":[-79.013,39.979]},"properties":{"key":"55803-f0c08e96","layer":"power","name":"Somerset Windpower LLC","state":"PA","detail_file":"data/details/power-plants-50.json","plant_id":"55803","capacity_mw":9.0,"status_group":"Operating","energy_sources":"WND","type":"Power plant","is_nuclear":false}},{"type":"Feature","geometry":{"type":"Point","coordinates":[-79.727,39.751]},"properties":{"key":"56796-8f5eca7b","layer":"power","name":"South Chestnut LLC","state":"PA","detail_file":"data/details/power-plants-23.json","plant_id":"56796","capacity_mw":50.4,"status_group":"Operating","energy_sources":"WND","type":"Power plant","is_nuclear":false}},{"type":"Feature","geometry":{"type":"Point","coordinates":[-76.635,39.761]},"properties":{"key":"3116-4fce791c","layer":"power","name":"Tolna","state":"PA","detail_file":"data/details/power-plants-12.json","plant_id":"3116","capacity_mw":54.0,"status_group":"Operating","energy_sources":"DFO","type":"Power plant","is_nuclear":false}},{"type":"Feature","geometry":{"type":"Point","coordinates":[-78.875,39.761]},"properties":{"key":"57998-039b4741","layer":"power","name":"Twin Ridges Wind Farm","state":"PA","detail_file":"data/details/power-plants-50.json","plant_id":"57998","capacity_mw":139.4,"status_group":"Operating","energy_sources":"WND","type":"Power plant","is_nuclear":false}},{"type":"Feature","geometry":{"type":"Point","coordinates":[-77.814,39.904]},"properties":{"key":"62990-d2364950","layer":"power","name":"Whitetail Solar 2","state":"PA","detail_file":"data/details/power-plants-06.json","plant_id":"62990","capacity_mw":20.0,"status_group":"Operating","energy_sources":"SUN","type":"Power plant","is_nuclear":false}},{"type":"Feature","geometry":{"type":"Point","coordinates":[-77.769,39.878]},"properties":{"key":"62991-0e13d58e","layer":"power","name":"Whitetail Solar 3","state":"PA","detail_file":"data/details/power-plants-49.json","plant_id":"62991","capacity_mw":20.0,"status_group":"Operating","energy_sources":"SUN","type":"Power plant","is_nuclear":false}},{"type":"Feature","geometry":{"type":"Point","coordinates":[-76.307,39.737]},"properties":{"key":"55524-8382da40","layer":"power","name":"York Energy Center","state":"PA","detail_file":"data/details/power-plants-38.json","plant_id":"55524","capacity_mw":1449.4,"status_group":"Operating","energy_sources":"NG","type":"Power plant","is_nuclear":false}},{"type":"Feature","geometry":{"type":"Point","coordinates":[-79.368,39.802]},"properties":{"key":"52036-90c226ea","layer":"power","name":"Yough Hydro Power","state":"PA","detail_file":"data/details/power-plants-34.json","plant_id":"52036","capacity_mw":12.2,"status_group":"Operating","energy_sources":"WAT","type":"Power plant","is_nuclear":false}},{"type":"Feature","geometry":{"type":"Point","coordinates":[-77.911,36.842]},"properties":{"key":"68070-79b8c4e8","layer":"power","name":"Alberta Solar","state":"VA","detail_file":"data/details/power-plants-12.json","plant_id":"68070","capacity_mw":3.0,"status_group":"Under construction","energy_sources":"SUN","type":"Power plant","is_nuclear":false}},{"type":"Feature","geometry":{"type":"Point","coordinates":[-79.274,37.119]},"properties":{"key":"10773-0955d90f","layer":"power","name":"Altavista Power Station","state":"VA","detail_file":"data/details/power-plants-55.json","plant_id":"10773","capacity_mw":71.1,"status_group":"Operating","energy_sources":"WDS","type":"Power plant","is_nuclear":false}},{"type":"Feature","geometry":{"type":"Point","coordinates":[-79.347,37.148]},"properties":{"key":"64019-d0acde95","layer":"power","name":"Altavista Solar","state":"VA","detail_file":"data/details/power-plants-50.json","plant_id":"64019","capacity_mw":80.0,"status_group":"Operating","energy_sources":"SUN","type":"Power plant","is_nuclear":false}},{"type":"Feature","geometry":{"type":"Point","coordinates":[-79.033,36.569]},"properties":{"key":"66837-263e5a82","layer":"power","name":"Alton Post Office Solar","state":"VA","detail_file":"data/details/power-plants-40.json","plant_id":"66837","capacity_mw":75.0,"status_group":"Operating","energy_sources":"SUN","type":"Power plant","is_nuclear":false}},{"type":"Feature","geometry":{"type":"Point","coordinates":[-78.059,37.31]},"properties":{"key":"56681-0f11dcfc","layer":"power","name":"Amelia","state":"VA","detail_file":"data/details/power-plants-16.json","plant_id":"56681","capacity_mw":14.4,"status_group":"Operating","energy_sources":"LFG","type":"Power plant","is_nuclear":false}},{"type":"Feature","geometry":{"type":"Point","coordinates":[-77.413,38.384]},"properties":{"key":"56894-8d49a324","layer":"power","name":"Ameresco Stafford","state":"VA","detail_file":"data/details/power-plants-42.json","plant_id":"56894","capacity_mw":2.2,"status_group":"Operating","energy_sources":"LFG","type":"Power plant","is_nuclear":false}},{"type":"Feature","geometry":{"type":"Point","coordinates":[-79.017,37.554]},"properties":{"key":"67225-f7185d63","layer":"power","name":"Amherst Solar Facility (VA)","state":"VA","detail_file":"data/details/power-plants-51.json","plant_id":"67225","capacity_mw":4.9,"status_group":"Operating","energy_sources":"SUN","type":"Power plant","is_nuclear":false}},{"type":"Feature","geometry":{"type":"Point","coordinates":[-77.862,37.919]},"properties":{"key":"65224-25ec6e2d","layer":"power","name":"Apple Grove Solar, LLC","state":"VA","detail_file":"data/details/power-plants-48.json","plant_id":"65224","capacity_mw":18.6,"status_group":"Operating","energy_sources":"SUN","type":"Power plant","is_nuclear":false}},{"type":"Feature","geometry":{"type":"Point","coordinates":[-78.965,38.1]},"properties":{"key":"67529-81c754fe","layer":"power","name":"Augusta CSG, LLC","state":"VA","detail_file":"data/details/power-plants-40.json","plant_id":"67529","capacity_mw":2.9,"status_group":"Operating","energy_sources":"SUN","type":"Power plant","is_nuclear":false}},{"type":"Feature","geometry":{"type":"Point","coordinates":[-79.686,36.672]},"properties":{"key":"65462-1368d94c","layer":"power","name":"Axton Solar","state":"VA","detail_file":"data/details/power-plants-51.json","plant_id":"65462","capacity_mw":201.1,"status_group":"Under construction","energy_sources":"SUN","type":"Power plant","is_nuclear":false}},{"type":"Feature","geometry":{"type":"Point","coordinates":[-78.24,39.089]},"properties":{"key":"66133-972dba56","layer":"power","name":"Bartonsville Energy Facility, LLC","state":"VA","detail_file":"data/details/power-plants-20.json","plant_id":"66133","capacity_mw":130.0,"status_group":"Operating","energy_sources":"SUN","type":"Power plant","is_nuclear":false}},{"type":"Feature","geometry":{"type":"Point","coordinates":[-79.8,38.209]},"properties":{"key":"6167-0e6dbaf5","layer":"power","name":"Bath County","state":"VA","detail_file":"data/details/power-plants-03.json","plant_id":"6167","capacity_mw":2862.0,"status_group":"Operating","energy_sources":"WAT","type":"Power plant","is_nuclear":false}},{"type":"Feature","geometry":{"type":"Point","coordinates":[-77.778,38.556]},"properties":{"key":"70203-abdf199b","layer":"power","name":"Bealeton Solar","state":"VA","detail_file":"data/details/power-plants-48.json","plant_id":"70203","capacity_mw":14.2,"status_group":"Under construction","energy_sources":"SUN","type":"Power plant","is_nuclear":false}},{"type":"Feature","geometry":{"type":"Point","coordinates":[-78.285,37.696]},"properties":{"key":"56807-444abe39","layer":"power","name":"Bear Garden","state":"VA","detail_file":"data/details/power-plants-06.json","plant_id":"56807","capacity_mw":559.0,"status_group":"Operating","energy_sources":"NG","type":"Power plant","is_nuclear":false}},{"type":"Feature","geometry":{"type":"Point","coordinates":[-76.165,36.7]},"properties":{"key":"65323-f444dfa6","layer":"power","name":"Bedford Solar (Dominion)","state":"VA","detail_file":"data/details/power-plants-04.json","plant_id":"65323","capacity_mw":70.0,"status_group":"Operating","energy_sources":"SUN","type":"Power plant","is_nuclear":false}},{"type":"Feature","geometry":{"type":"Point","coordinates":[-79.481,37.335]},"properties":{"key":"61126-999965eb","layer":"power","name":"Bedford Solar (Oppidum)","state":"VA","detail_file":"data/details/power-plants-06.json","plant_id":"61126","capacity_mw":3.0,"status_group":"Operating","energy_sources":"SUN","type":"Power plant","is_nuclear":false}},{"type":"Feature","geometry":{"type":"Point","coordinates":[-78.0,37.0]},"properties":{"key":"68071-369a0540","layer":"power","name":"Bellflower Solar (VA)","state":"VA","detail_file":"data/details/power-plants-56.json","plant_id":"68071","capacity_mw":600.0,"status_group":"Planned","energy_sources":"SUN","type":"Power plant","is_nuclear":false}},{"type":"Feature","geometry":{"type":"Point","coordinates":[-77.543,38.782]},"properties":{"key":"70231-e4a84c53","layer":"power","name":"Bethlehem Energy Center, LLC - (VA)","state":"VA","detail_file":"data/details/power-plants-00.json","plant_id":"70231","capacity_mw":20.0,"status_group":"Under construction","energy_sources":"MWH","type":"Power plant","is_nuclear":false}},{"type":"Feature","geometry":{"type":"Point","coordinates":[-79.429,36.79]},"properties":{"key":"68073-2f2fdf5a","layer":"power","name":"Blue Ridge Solar","state":"VA","detail_file":"data/details/power-plants-56.json","plant_id":"68073","capacity_mw":95.0,"status_group":"Under construction","energy_sources":"SUN","type":"Power plant","is_nuclear":false}},{"type":"Feature","geometry":{"type":"Point","coordinates":[-78.484,36.812]},"properties":{"key":"62950-5ab1f012","layer":"power","name":"Bluestone Solar","state":"VA","detail_file":"data/details/power-plants-42.json","plant_id":"62950","capacity_mw":49.9,"status_group":"Operating","energy_sources":"SUN","type":"Power plant","is_nuclear":false}},{"type":"Feature","geometry":{"type":"Point","coordinates":[-76.56,37.86]},"properties":{"key":"66314-17b7d8be","layer":"power","name":"Bookers Mill Solar","state":"VA","detail_file":"data/details/power-plants-40.json","plant_id":"66314","capacity_mw":127.0,"status_group":"Operating","energy_sources":"SUN","type":"Power plant","is_nuclear":false}},{"type":"Feature","geometry":{"type":"Point","coordinates":[-77.525,37.221]},"properties":{"key":"10155-d78a8789","layer":"power","name":"Brasfield","state":"VA","detail_file":"data/details/power-plants-05.json","plant_id":"10155","capacity_mw":2.9,"status_group":"Operating","energy_sources":"WAT","type":"Power plant","is_nuclear":false}},{"type":"Feature","geometry":{"type":"Point","coordinates":[-77.27,37.46]},"properties":{"key":"68072-bfa245af","layer":"power","name":"Bridleton Solar","state":"VA","detail_file":"data/details/power-plants-51.json","plant_id":"68072","capacity_mw":20.0,"status_group":"Under construction","energy_sources":"SUN","type":"Power plant","is_nuclear":false}},{"type":"Feature","geometry":{"type":"Point","coordinates":[-77.264,37.524]},"properties":{"key":"65022-61778bb7","layer":"power","name":"Briel Solar Farm","state":"VA","detail_file":"data/details/power-plants-02.json","plant_id":"65022","capacity_mw":20.0,"status_group":"Operating","energy_sources":"SUN","type":"Power plant","is_nuclear":false}},{"type":"Feature","geometry":{"type":"Point","coordinates":[-77.714,36.765]},"properties":{"key":"58260-8ba732f7","layer":"power","name":"Brunswick County Power Station","state":"VA","detail_file":"data/details/power-plants-38.json","plant_id":"58260","capacity_mw":1472.2,"status_group":"Operating","energy_sources":"NG","type":"Power plant","is_nuclear":false}},{"type":"Feature","geometry":{"type":"Point","coordinates":[-77.811,36.764]},"properties":{"key":"56682-eb847f19","layer":"power","name":"Brunswick Landfill Gas","state":"VA","detail_file":"data/details/power-plants-03.json","plant_id":"56682","capacity_mw":10.5,"status_group":"Operating","energy_sources":"LFG","type":"Power plant","is_nuclear":false}},{"type":"Feature","geometry":{"type":"Point","coordinates":[-78.379,37.503]},"properties":{"key":"60917-dd1577e9","layer":"power","name":"Buckingham Solar LLC","state":"VA","detail_file":"data/details/power-plants-20.json","plant_id":"60917","capacity_mw":19.8,"status_group":"Operating","energy_sources":"SUN","type":"Power plant","is_nuclear":false}},{"type":"Feature","geometry":{"type":"Point","coordinates":[-78.682,37.19]},"properties":{"key":"67352-06407ef7","layer":"power","name":"CPV County Line Solar, LLC","state":"VA","detail_file":"data/details/power-plants-18.json","plant_id":"67352","capacity_mw":150.0,"status_group":"Planned","energy_sources":"SUN","type":"Power plant","is_nuclear":false}},{"type":"Feature","geometry":{"type":"Point","coordinates":[-79.755,36.668]},"properties":{"key":"66635-60d1c494","layer":"power","name":"Caden Energix Axton LLC","state":"VA","detail_file":"data/details/power-plants-24.json","plant_id":"66635","capacity_mw":66.0,"status_group":"Operating","energy_sources":"SUN","type":"Power plant","is_nuclear":false}},{"type":"Feature","geometry":{"type":"Point","coordinates":[-78.677,38.614]},"properties":{"key":"65219-b868f371","layer":"power","name":"Caden Energix Endless Caverns, LLC","state":"VA","detail_file":"data/details/power-plants-34.json","plant_id":"65219","capacity_mw":31.4,"status_group":"Operating","energy_sources":"SUN","type":"Power plant","is_nuclear":false}},{"type":"Feature","geometry":{"type":"Point","coordinates":[-76.194,36.624]},"properties":{"key":"63084-09e720d7","layer":"power","name":"Caden Energix Hickory LLC","state":"VA","detail_file":"data/details/power-plants-01.json","plant_id":"63084","capacity_mw":32.0,"status_group":"Operating","energy_sources":"SUN","type":"Power plant","is_nuclear":false}},{"type":"Feature","geometry":{"type":"Point","coordinates":[-77.062,37.49]},"properties":{"key":"64036-71413b55","layer":"power","name":"Caden Energix New Kent, LLC","state":"VA","detail_file":"data/details/power-plants-61.json","plant_id":"64036","capacity_mw":20.0,"status_group":"Under construction","energy_sources":"SUN","type":"Power plant","is_nuclear":false}},{"type":"Feature","geometry":{"type":"Point","coordinates":[-78.766,37.329]},"properties":{"key":"63083-6771b24d","layer":"power","name":"Caden Energix Pamplin LLC","state":"VA","detail_file":"data/details/power-plants-37.json","plant_id":"63083","capacity_mw":15.7,"status_group":"Operating","energy_sources":"SUN","type":"Power plant","is_nuclear":false}},{"type":"Feature","geometry":{"type":"Point","coordinates":[-79.023,37.697]},"properties":{"key":"65286-4061eebf","layer":"power","name":"Caden Energix Piney River LLC","state":"VA","detail_file":"data/details/power-plants-27.json","plant_id":"65286","capacity_mw":50.0,"status_group":"Under construction","energy_sources":"SUN","type":"Power plant","is_nuclear":false}},{"type":"Feature","geometry":{"type":"Point","coordinates":[-77.338,37.178]},"properties":{"key":"63087-125eff0f","layer":"power","name":"Caden Energix Rives Road LLC","state":"VA","detail_file":"data/details/power-plants-59.json","plant_id":"63087","capacity_mw":19.7,"status_group":"Operating","energy_sources":"SUN","type":"Power plant","is_nuclear":false}},{"type":"Feature","geometry":{"type":"Point","coordinates":[-76.605,37.562]},"properties":{"key":"67342-d0b59976","layer":"power","name":"Carvers Creek Solar","state":"VA","detail_file":"data/details/power-plants-47.json","plant_id":"67342","capacity_mw":153.9,"status_group":"Operating","energy_sources":"SUN","type":"Power plant","is_nuclear":false}},{"type":"Feature","geometry":{"type":"Point","coordinates":[-76.736,37.018]},"properties":{"key":"67420-3dc30b13","layer":"power","name":"Cavalier Solar","state":"VA","detail_file":"data/details/power-plants-24.json","plant_id":"67420","capacity_mw":155.6,"status_group":"Operating","energy_sources":"SUN","type":"Power plant","is_nuclear":false}},{"type":"Feature","geometry":{"type":"Point","coordinates":[-76.736,37.018]},"properties":{"key":"67421-3880a38f","layer":"power","name":"Cavalier Solar A2","state":"VA","detail_file":"data/details/power-plants-12.json","plant_id":"67421","capacity_mw":84.4,"status_group":"Operating","energy_sources":"SUN","type":"Power plant","is_nuclear":false}},{"type":"Feature","geometry":{"type":"Point","coordinates":[-76.59,37.867]},"properties":{"key":"68074-25dca9aa","layer":"power","name":"Cerulean Solar","state":"VA","detail_file":"data/details/power-plants-16.json","plant_id":"68074","capacity_mw":62.0,"status_group":"Under construction","energy_sources":"SUN","type":"Power plant","is_nuclear":false}},{"type":"Feature","geometry":{"type":"Point","coordinates":[-77.129,37.439]},"properties":{"key":"56683-0ffa74f6","layer":"power","name":"Charles City","state":"VA","detail_file":"data/details/power-plants-25.json","plant_id":"56683","capacity_mw":14.4,"status_group":"Operating","energy_sources":"LFG","type":"Power plant","is_nuclear":false}},{"type":"Feature","geometry":{"type":"Point","coordinates":[-76.302,36.771]},"properties":{"key":"3803-924e15a7","layer":"power","name":"Chesapeake","state":"VA","detail_file":"data/details/power-plants-63.json","plant_id":"3803","capacity_mw":51.1,"status_group":"Operating","energy_sources":"DFO","type":"Power plant","is_nuclear":false}},{"type":"Feature","geometry":{"type":"Point","coordinates":[-76.297,36.685]},"properties":{"key":"66541-cf70ca2c","layer":"power","name":"Chesapeake Solar Project","state":"VA","detail_file":"data/details/power-plants-03.json","plant_id":"66541","capacity_mw":132.0,"status_group":"Operating","energy_sources":"SUN","type":"Power plant","is_nuclear":false}},{"type":"Feature","geometry":{"type":"Point","coordinates":[-77.466,37.317]},"properties":{"key":"69582-9ba514b3","layer":"power","name":"Chester Solar Technology Park, LLC","state":"VA","detail_file":"data/details/power-plants-01.json","plant_id":"69582","capacity_mw":160.0,"status_group":"Under construction","energy_sources":"SUN","type":"Power plant","is_nuclear":false}},{"type":"Feature","geometry":{"type":"Point","coordinates":[-77.383,37.382]},"properties":{"key":"3797-b3d745a9","layer":"power","name":"Chesterfield","state":"VA","detail_file":"data/details/power-plants-51.json","plant_id":"3797","capacity_mw":446.6,"status_group":"Operating","energy_sources":"NG","type":"Power plant","is_nuclear":false}},{"type":"Feature","geometry":{"type":"Point","coordinates":[-77.383,37.382]},"properties":{"key":"3797-d38f5fc6","layer":"power","name":"Chesterfield","state":"VA","detail_file":"data/details/power-plants-43.json","plant_id":"3797","capacity_mw":1000.0,"status_group":"Under construction","energy_sources":"NG","type":"Power plant","is_nuclear":false}},{"type":"Feature","geometry":{"type":"Point","coordinates":[-77.384,37.382]},"properties":{"key":"dominion-chesterfield-energy-reliability-center-va-c5a4a669","layer":"power","name":"Chesterfield Energy Reliability Center (CERC)","state":"VA","detail_file":"data/details/power-plants-30.json","plant_id":"dominion-chesterfield-energy-reliability-center-va","capacity_mw":1000.0,"status_group":"Permitted","energy_sources":"natural_gas","type":"Power plant","is_nuclear":false}},{"type":"Feature","geometry":{"type":"Point","coordinates":[-77.497,37.352]},"properties":{"key":"56684-00f18a49","layer":"power","name":"Chesterfield Landfill Gas","state":"VA","detail_file":"data/details/power-plants-47.json","plant_id":"56684","capacity_mw":14.4,"status_group":"Operating","energy_sources":"DFO","type":"Power plant","is_nuclear":false}},{"type":"Feature","geometry":{"type":"Point","coordinates":[-77.463,38.752]},"properties":{"key":"7438-152717c0","layer":"power","name":"Church Street Plant","state":"VA","detail_file":"data/details/power-plants-18.json","plant_id":"7438","capacity_mw":4.3,"status_group":"Operating","energy_sources":"DFO","type":"Power plant","is_nuclear":false}},{"type":"Feature","geometry":{"type":"Point","coordinates":[-78.704,36.869]},"properties":{"key":"7213-65e69929","layer":"power","name":"Clover","state":"VA","detail_file":"data/details/power-plants-43.json","plant_id":"7213","capacity_mw":848.0,"status_group":"Operating","energy_sources":"BIT","type":"Power plant","is_nuclear":false}},{"type":"Feature","geometry":{"type":"Point","coordinates":[-78.693,36.817]},"properties":{"key":"66315-55ddebb5","layer":"power","name":"Clover Creek Solar","state":"VA","detail_file":"data/details/power-plants-30.json","plant_id":"66315","capacity_mw":77.2,"status_group":"Under construction","energy_sources":"SUN","type":"Power plant","is_nuclear":false}},{"type":"Feature","geometry":{"type":"Point","coordinates":[-79.301,37.504]},"properties":{"key":"56313-2fe4327d","layer":"power","name":"Coleman Falls","state":"VA","detail_file":"data/details/power-plants-62.json","plant_id":"56313","capacity_mw":1.5,"status_group":"Operating","energy_sources":"WAT","type":"Power plant","is_nuclear":false}},{"type":"Feature","geometry":{"type":"Point","coordinates":[-76.902,37.139]},"properties":{"key":"61985-e5bd313c","layer":"power","name":"Colonial Trail West","state":"VA","detail_file":"data/details/power-plants-25.json","plant_id":"61985","capacity_mw":142.4,"status_group":"Operating","energy_sources":"SUN","type":"Power plant","is_nuclear":false}},{"type":"Feature","geometry":{"type":"Point","coordinates":[-76.845,37.471]},"properties":{"key":"60915-283a9aa2","layer":"power","name":"Correctional Solar LLC","state":"VA","detail_file":"data/details/power-plants-56.json","plant_id":"60915","capacity_mw":20.0,"status_group":"Operating","energy_sources":"SUN","type":"Power plant","is_nuclear":false}},{"type":"Feature","geometry":{"type":"Point","coordinates":[-78.58,37.04]},"properties":{"key":"66312-b6deda57","layer":"power","name":"Courthouse Solar","state":"VA","detail_file":"data/details/power-plants-33.json","plant_id":"66312","capacity_mw":167.0,"status_group":"Under construction","energy_sources":"SUN","type":"Power plant","is_nuclear":false}},{"type":"Feature","geometry":{"type":"Point","coordinates":[-77.129,38.801]},"properties":{"key":"50663-539c36cd","layer":"power","name":"Covanta Alexandria/Arlington Energy","state":"VA","detail_file":"data/details/power-plants-37.json","plant_id":"50663","capacity_mw":29.0,"status_group":"Operating","energy_sources":"MSW","type":"Power plant","is_nuclear":false}},{"type":"Feature","geometry":{"type":"Point","coordinates":[-77.241,38.695]},"properties":{"key":"50658-1632acd8","layer":"power","name":"Covanta Fairfax Energy","state":"VA","detail_file":"data/details/power-plants-41.json","plant_id":"50658","capacity_mw":124.0,"status_group":"Operating","energy_sources":"MSW","type":"Power plant","is_nuclear":false}},{"type":"Feature","geometry":{"type":"Point","coordinates":[-79.995,37.8]},"properties":{"key":"50900-de2aa90d","layer":"power","name":"Covington Facility","state":"VA","detail_file":"data/details/power-plants-12.json","plant_id":"50900","capacity_mw":160.9,"status_group":"Operating","energy_sources":"BIT; BLQ; WDS","type":"Power plant","is_nuclear":false}},{"type":"Feature","geometry":{"type":"Point","coordinates":[-78.938,36.84]},"properties":{"key":"66839-2f651ef6","layer":"power","name":"Crystal Hill Solar","state":"VA","detail_file":"data/details/power-plants-10.json","plant_id":"66839","capacity_mw":64.7,"status_group":"Operating","energy_sources":"SUN","type":"Power plant","is_nuclear":false}},{"type":"Feature","geometry":{"type":"Point","coordinates":[-78.323,37.889]},"properties":{"key":"67235-8a6aabfe","layer":"power","name":"Cunningham Solar LLC","state":"VA","detail_file":"data/details/power-plants-31.json","plant_id":"67235","capacity_mw":5.0,"status_group":"Operating","energy_sources":"SUN","type":"Power plant","is_nuclear":false}},{"type":"Feature","geometry":{"type":"Point","coordinates":[-79.381,37.593]},"properties":{"key":"3798-fc72487d","layer":"power","name":"Cushaw","state":"VA","detail_file":"data/details/power-plants-23.json","plant_id":"3798","capacity_mw":7.5,"status_group":"Operating","energy_sources":"WAT","type":"Power plant","is_nuclear":false}},{"type":"Feature","geometry":{"type":"Point","coordinates":[-78.18,38.929]},"properties":{"key":"61055-4c9ca7b6","layer":"power","name":"DG AMP Solar Front Royal","state":"VA","detail_file":"data/details/power-plants-04.json","plant_id":"61055","capacity_mw":2.5,"status_group":"Operating","energy_sources":"SUN","type":"Power plant","is_nuclear":false}},{"type":"Feature","geometry":{"type":"Point","coordinates":[-79.299,36.661]},"properties":{"key":"61849-b076bbf0","layer":"power","name":"Danville","state":"VA","detail_file":"data/details/power-plants-51.json","plant_id":"61849","capacity_mw":6.0,"status_group":"Operating","energy_sources":"SUN","type":"Power plant","is_nuclear":false}},{"type":"Feature","geometry":{"type":"Point","coordinates":[-79.384,36.579]},"properties":{"key":"65499-ff829a08","layer":"power","name":"Danville BESS 1","state":"VA","detail_file":"data/details/power-plants-57.json","plant_id":"65499","capacity_mw":10.5,"status_group":"Operating","energy_sources":"MWH","type":"Power plant","is_nuclear":false}},{"type":"Feature","geometry":{"type":"Point","coordinates":[-79.302,36.591]},"properties":{"key":"63965-dc787f4d","layer":"power","name":"Danville Farm, LLC","state":"VA","detail_file":"data/details/power-plants-04.json","plant_id":"63965","capacity_mw":12.0,"status_group":"Operating","energy_sources":"SUN","type":"Power plant","is_nuclear":false}},{"type":"Feature","geometry":{"type":"Point","coordinates":[-79.299,36.661]},"properties":{"key":"56364-08ec6eae","layer":"power","name":"Danville Kentuck Road Plant","state":"VA","detail_file":"data/details/power-plants-38.json","plant_id":"56364","capacity_mw":1.8,"status_group":"Operating","energy_sources":"DFO","type":"Power plant","is_nuclear":false}},{"type":"Feature","geometry":{"type":"Point","coordinates":[-79.436,36.605]},"properties":{"key":"69552-3a484a5b","layer":"power","name":"Danville VA BESS 2","state":"VA","detail_file":"data/details/power-plants-56.json","plant_id":"69552","capacity_mw":11.0,"status_group":"Under construction","energy_sources":"MWH","type":"Power plant","is_nuclear":false}},{"type":"Feature","geometry":{"type":"Point","coordinates":[-77.369,37.498]},"properties":{"key":"7212-061146f3","layer":"power","name":"Darbytown","state":"VA","detail_file":"data/details/power-plants-52.json","plant_id":"7212","capacity_mw":368.4,"status_group":"Operating","energy_sources":"NG","type":"Power plant","is_nuclear":false}},{"type":"Feature","geometry":{"type":"Point","coordinates":[-79.117,37.276]},"properties":{"key":"61691-341ff537","layer":"power","name":"Depot Solar Center, LLC","state":"VA","detail_file":"data/details/power-plants-02.json","plant_id":"61691","capacity_mw":15.0,"status_group":"Operating","energy_sources":"SUN","type":"Power plant","is_nuclear":false}},{"type":"Feature","geometry":{"type":"Point","coordinates":[-78.043,38.016]},"properties":{"key":"62730-9aeaee68","layer":"power","name":"Desper Solar","state":"VA","detail_file":"data/details/power-plants-08.json","plant_id":"62730","capacity_mw":88.2,"status_group":"Operating","energy_sources":"SUN","type":"Power plant","is_nuclear":false}},{"type":"Feature","geometry":{"type":"Point","coordinates":[-77.497,38.744]},"properties":{"key":"7797-00ff5f46","layer":"power","name":"Dominion/Lo Mar","state":"VA","detail_file":"data/details/power-plants-36.json","plant_id":"7797","capacity_mw":19.2,"status_group":"Operating","energy_sources":"DFO","type":"Power plant","is_nuclear":false}},{"type":"Feature","geometry":{"type":"Point","coordinates":[-77.446,37.821]},"properties":{"key":"52019-f7ff530c","layer":"power","name":"Doswell Energy Center","state":"VA","detail_file":"data/details/power-plants-63.json","plant_id":"52019","capacity_mw":1313.0,"status_group":"Operating","energy_sources":"NG","type":"Power plant","is_nuclear":false}},{"type":"Feature","geometry":{"type":"Point","coordinates":[-76.922,36.68]},"properties":{"key":"55954-9600c167","layer":"power","name":"Downtown","state":"VA","detail_file":"data/details/power-plants-16.json","plant_id":"55954","capacity_mw":3.2,"status_group":"Operating","energy_sources":"DFO","type":"Power plant","is_nuclear":false}},{"type":"Feature","geometry":{"type":"Point","coordinates":[-77.7,37.5]},"properties":{"key":"65044-dd8e0cec","layer":"power","name":"Dry Bridge Storage","state":"VA","detail_file":"data/details/power-plants-43.json","plant_id":"65044","capacity_mw":20.0,"status_group":"Operating","energy_sources":"MWH","type":"Power plant","is_nuclear":false}},{"type":"Feature","geometry":{"type":"Point","coordinates":[-77.5,38.95]},"properties":{"key":"65043-3064f71d","layer":"power","name":"Dulles Solar and Storage","state":"VA","detail_file":"data/details/power-plants-50.json","plant_id":"65043","capacity_mw":150.0,"status_group":"Under construction","energy_sources":"MWH; SUN","type":"Power plant","is_nuclear":false}},{"type":"Feature","geometry":{"type":"Point","coordinates":[-78.618,37.276]},"properties":{"key":"68885-c8ef9cf8","layer":"power","name":"Elam Road Solar, LLC","state":"VA","detail_file":"data/details/power-plants-53.json","plant_id":"68885","capacity_mw":3.0,"status_group":"Operating","energy_sources":"SUN","type":"Power plant","is_nuclear":false}},{"type":"Feature","geometry":{"type":"Point","coordinates":[-77.59,38.28]},"properties":{"key":"56367-cb53e16a","layer":"power","name":"Electric Avenue Facility","state":"VA","detail_file":"data/details/power-plants-28.json","plant_id":"56367","capacity_mw":6.9,"status_group":"Operating","energy_sources":"DFO","type":"Power plant","is_nuclear":false}},{"type":"Feature","geometry":{"type":"Point","coordinates":[-76.308,36.775]},"properties":{"key":"52087-5baf76a7","layer":"power","name":"Elizabeth River Power Station","state":"VA","detail_file":"data/details/power-plants-06.json","plant_id":"52087","capacity_mw":388.8,"status_group":"Operating","energy_sources":"NG","type":"Power plant","is_nuclear":false}},{"type":"Feature","geometry":{"type":"Point","coordinates":[-78.653,38.384]},"properties":{"key":"52148-93de615d","layer":"power","name":"Elkton","state":"VA","detail_file":"data/details/power-plants-03.json","plant_id":"52148","capacity_mw":14.0,"status_group":"Operating","energy_sources":"NG","type":"Power plant","is_nuclear":false}},{"type":"Feature","geometry":{"type":"Point","coordinates":[-78.96,38.094]},"properties":{"key":"65313-8e130bba","layer":"power","name":"Elm Spring Solar 1","state":"VA","detail_file":"data/details/power-plants-32.json","plant_id":"65313","capacity_mw":3.0,"status_group":"Planned","energy_sources":"SUN","type":"Power plant","is_nuclear":false}},{"type":"Feature","geometry":{"type":"Point","coordinates":[-77.56,36.696]},"properties":{"key":"50175-449fc456","layer":"power","name":"Emporia","state":"VA","detail_file":"data/details/power-plants-39.json","plant_id":"50175","capacity_mw":2.5,"status_group":"Operating","energy_sources":"WAT","type":"Power plant","is_nuclear":false}},{"type":"Feature","geometry":{"type":"Point","coordinates":[-77.953,38.018]},"properties":{"key":"65151-9d4c7312","layer":"power","name":"Energix Aditya, LLC","state":"VA","detail_file":"data/details/power-plants-36.json","plant_id":"65151","capacity_mw":11.5,"status_group":"Operating","energy_sources":"SUN","type":"Power plant","is_nuclear":false}},{"type":"Feature","geometry":{"type":"Point","coordinates":[-78.381,37.506]},"properties":{"key":"64015-a8c528fc","layer":"power","name":"Energix Buckingham, LLC","state":"VA","detail_file":"data/details/power-plants-49.json","plant_id":"64015","capacity_mw":20.0,"status_group":"Operating","energy_sources":"SUN","type":"Power plant","is_nuclear":false}},{"type":"Feature","geometry":{"type":"Point","coordinates":[-77.17,37.671]},"properties":{"key":"64010-ca19e850","layer":"power","name":"Energix Hollyfield, LLC","state":"VA","detail_file":"data/details/power-plants-14.json","plant_id":"64010","capacity_mw":13.0,"status_group":"Operating","energy_sources":"SUN","type":"Power plant","is_nuclear":false}},{"type":"Feature","geometry":{"type":"Point","coordinates":[-79.709,36.687]},"properties":{"key":"64817-0219e093","layer":"power","name":"Energix Leatherwood, LLC","state":"VA","detail_file":"data/details/power-plants-24.json","plant_id":"64817","capacity_mw":20.0,"status_group":"Operating","energy_sources":"SUN","type":"Power plant","is_nuclear":false}},{"type":"Feature","geometry":{"type":"Point","coordinates":[-77.593,38.672]},"properties":{"key":"64012-7bf3f203","layer":"power","name":"Energix Nokesville, LLC","state":"VA","detail_file":"data/details/power-plants-39.json","plant_id":"64012","capacity_mw":20.0,"status_group":"Operating","energy_sources":"SUN","type":"Power plant","is_nuclear":false}},{"type":"Feature","geometry":{"type":"Point","coordinates":[-76.8,37.834]},"properties":{"key":"61406-968ebeef","layer":"power","name":"Essex Solar Center","state":"VA","detail_file":"data/details/power-plants-38.json","plant_id":"61406","capacity_mw":20.0,"status_group":"Operating","energy_sources":"SUN","type":"Power plant","is_nuclear":false}},{"type":"Feature","geometry":{"type":"Point","coordinates":[-77.582,39.045]},"properties":{"key":"70232-61aab844","layer":"power","name":"Evergreen Energy Center, LLC","state":"VA","detail_file":"data/details/power-plants-50.json","plant_id":"70232","capacity_mw":20.0,"status_group":"Under construction","energy_sources":"MWH","type":"Power plant","is_nuclear":false}},{"type":"Feature","geometry":{"type":"Point","coordinates":[-77.24,38.69]},"properties":{"key":"69542-f0dea876","layer":"power","name":"Fairfax Landfill","state":"VA","detail_file":"data/details/power-plants-11.json","plant_id":"69542","capacity_mw":5.0,"status_group":"Operating","energy_sources":"SUN","type":"Power plant","is_nuclear":false}},{"type":"Feature","geometry":{"type":"Point","coordinates":[-79.397,37.878]},"properties":{"key":"67532-8295b788","layer":"power","name":"Fairfield Lee Solar, LLC Community Solar","state":"VA","detail_file":"data/details/power-plants-32.json","plant_id":"67532","capacity_mw":5.0,"status_group":"Operating","energy_sources":"SUN","type":"Power plant","is_nuclear":false}},{"type":"Feature","geometry":{"type":"Point","coordinates":[-77.08,37.26]},"properties":{"key":"65322-4f584f95","layer":"power","name":"Fort Powhatan Solar","state":"VA","detail_file":"data/details/power-plants-37.json","plant_id":"65322","capacity_mw":150.0,"status_group":"Operating","energy_sources":"SUN","type":"Power plant","is_nuclear":false}},{"type":"Feature","geometry":{"type":"Point","coordinates":[-77.67,36.59]},"properties":{"key":"68774-65e515ec","layer":"power","name":"Fountain Creek Solar","state":"VA","detail_file":"data/details/power-plants-18.json","plant_id":"68774","capacity_mw":80.0,"status_group":"Operating","energy_sources":"SUN","type":"Power plant","is_nuclear":false}},{"type":"Feature","geometry":{"type":"Point","coordinates":[-78.28,39.074]},"properties":{"key":"66841-4f7c7333","layer":"power","name":"Foxglove Solar","state":"VA","detail_file":"data/details/power-plants-39.json","plant_id":"66841","capacity_mw":75.0,"status_group":"Operating","energy_sources":"SUN","type":"Power plant","is_nuclear":false}},{"type":"Feature","geometry":{"type":"Point","coordinates":[-78.742,36.876]},"properties":{"key":"67171-c69efd63","layer":"power","name":"Foxhound","state":"VA","detail_file":"data/details/power-plants-50.json","plant_id":"67171","capacity_mw":83.0,"status_group":"Operating","energy_sources":"SUN","type":"Power plant","is_nuclear":false}},{"type":"Feature","geometry":{"type":"Point","coordinates":[-78.097,39.141]},"properties":{"key":"57754-8d92aaf9","layer":"power","name":"Frederick County LFGTE Facility","state":"VA","detail_file":"data/details/power-plants-34.json","plant_id":"57754","capacity_mw":2.0,"status_group":"Operating","energy_sources":"LFG","type":"Power plant","is_nuclear":false}},{"type":"Feature","geometry":{"type":"Point","coordinates":[-76.607,38.007]},"properties":{"key":"65016-462c81d0","layer":"power","name":"Gardy's Mill Solar","state":"VA","detail_file":"data/details/power-plants-48.json","plant_id":"65016","capacity_mw":14.0,"status_group":"Operating","energy_sources":"SUN","type":"Power plant","is_nuclear":false}},{"type":"Feature","geometry":{"type":"Point","coordinates":[-77.51,38.725]},"properties":{"key":"7798-4835bdee","layer":"power","name":"Gateway Gen","state":"VA","detail_file":"data/details/power-plants-13.json","plant_id":"7798","capacity_mw":3.6,"status_group":"Operating","energy_sources":"DFO","type":"Power plant","is_nuclear":false}},{"type":"Feature","geometry":{"type":"Point","coordinates":[-79.357,37.534]},"properties":{"key":"50479-c3e893fd","layer":"power","name":"Georgia-Pacific Big Island","state":"VA","detail_file":"data/details/power-plants-04.json","plant_id":"50479","capacity_mw":7.9,"status_group":"Operating","energy_sources":"NG; WAT","type":"Power plant","is_nuclear":false}},{"type":"Feature","geometry":{"type":"Point","coordinates":[-79.142,37.144]},"properties":{"key":"67871-6ab6cfbe","layer":"power","name":"Gladys Solar LLC","state":"VA","detail_file":"data/details/power-plants-49.json","plant_id":"67871","capacity_mw":60.4,"status_group":"Planned","energy_sources":"SUN","type":"Power plant","is_nuclear":false}},{"type":"Feature","geometry":{"type":"Point","coordinates":[-76.45,37.45]},"properties":{"key":"63031-638a8033","layer":"power","name":"Gloucester Solar","state":"VA","detail_file":"data/details/power-plants-03.json","plant_id":"63031","capacity_mw":19.9,"status_group":"Operating","energy_sources":"SUN","type":"Power plant","is_nuclear":false}},{"type":"Feature","geometry":{"type":"Point","coordinates":[-77.508,38.741]},"properties":{"key":"7439-7a1ebe2c","layer":"power","name":"Godwin Drive Plant","state":"VA","detail_file":"data/details/power-plants-61.json","plant_id":"7439","capacity_mw":6.3,"status_group":"Operating","energy_sources":"DFO","type":"Power plant","is_nuclear":false}},{"type":"Feature","geometry":{"type":"Point","coordinates":[-78.204,38.125]},"properties":{"key":"54844-3d283007","layer":"power","name":"Gordonsville Energy LP","state":"VA","detail_file":"data/details/power-plants-57.json","plant_id":"54844","capacity_mw":300.4,"status_group":"Operating","energy_sources":"NG","type":"Power plant","is_nuclear":false}},{"type":"Feature","geometry":{"type":"Point","coordinates":[-76.35,36.65]},"properties":{"key":"64135-a10ea18d","layer":"power","name":"Grassfield Solar","state":"VA","detail_file":"data/details/power-plants-04.json","plant_id":"64135","capacity_mw":20.0,"status_group":"Operating","energy_sources":"SUN","type":"Power plant","is_nuclear":false}},{"type":"Feature","geometry":{"type":"Point","coordinates":[-78.45,36.85]},"properties":{"key":"62813-b5e61c88","layer":"power","name":"Grasshopper Solar","state":"VA","detail_file":"data/details/power-plants-57.json","plant_id":"62813","capacity_mw":80.0,"status_group":"Operating","energy_sources":"SUN","type":"Power plant","is_nuclear":false}},{"type":"Feature","geometry":{"type":"Point","coordinates":[-76.691,37.157]},"properties":{"key":"7032-119b2552","layer":"power","name":"Gravel Neck","state":"VA","detail_file":"data/details/power-plants-61.json","plant_id":"7032","capacity_mw":407.7,"status_group":"Operating","energy_sources":"DFO; NG","type":"Power plant","is_nuclear":false}},{"type":"Feature","geometry":{"type":"Point","coordinates":[-79.948,36.782]},"properties":{"key":"69078-75b17f59","layer":"power","name":"Green Acres (VA)","state":"VA","detail_file":"data/details/power-plants-29.json","plant_id":"69078","capacity_mw":5.0,"status_group":"Operating","energy_sources":"SUN","type":"Power plant","is_nuclear":false}},{"type":"Feature","geometry":{"type":"Point","coordinates":[-77.65,36.718]},"properties":{"key":"59913-fbf565e6","layer":"power","name":"Greensville County Power Station","state":"VA","detail_file":"data/details/power-plants-48.json","plant_id":"59913","capacity_mw":1773.3,"status_group":"Operating","energy_sources":"NG","type":"Power plant","is_nuclear":false}},{"type":"Feature","geometry":{"type":"Point","coordinates":[-77.57,36.64]},"properties":{"key":"63745-753513a2","layer":"power","name":"Greensville County Solar Project, LLC","state":"VA","detail_file":"data/details/power-plants-58.json","plant_id":"63745","capacity_mw":80.0,"status_group":"Operating","energy_sources":"SUN","type":"Power plant","is_nuclear":false}},{"type":"Feature","geometry":{"type":"Point","coordinates":[-77.908,38.427]},"properties":{"key":"68205-c438b9f6","layer":"power","name":"Greenwood Solar I","state":"VA","detail_file":"data/details/power-plants-29.json","plant_id":"68205","capacity_mw":100.0,"status_group":"Under construction","energy_sources":"SUN","type":"Power plant","is_nuclear":false}},{"type":"Feature","geometry":{"type":"Point","coordinates":[-77.957,37.454]},"properties":{"key":"66115-1c698cad","layer":"power","name":"HCE Amelia Solar I, LLC","state":"VA","detail_file":"data/details/power-plants-50.json","plant_id":"66115","capacity_mw":5.0,"status_group":"Operating","energy_sources":"SUN","type":"Power plant","is_nuclear":false}},{"type":"Feature","geometry":{"type":"Point","coordinates":[-77.968,37.481]},"properties":{"key":"66116-9dbd4dea","layer":"power","name":"HCE Amelia Solar II, LLC","state":"VA","detail_file":"data/details/power-plants-49.json","plant_id":"66116","capacity_mw":5.0,"status_group":"Operating","energy_sources":"SUN","type":"Power plant","is_nuclear":false}},{"type":"Feature","geometry":{"type":"Point","coordinates":[-79.569,38.0]},"properties":{"key":"66117-1701523a","layer":"power","name":"HCE Millboro Springs Solar, LLC","state":"VA","detail_file":"data/details/power-plants-35.json","plant_id":"66117","capacity_mw":5.0,"status_group":"Operating","energy_sources":"SUN","type":"Power plant","is_nuclear":false}},{"type":"Feature","geometry":{"type":"Point","coordinates":[-78.271,37.23]},"properties":{"key":"66118-443c93da","layer":"power","name":"HCE Moran Solar, LLC","state":"VA","detail_file":"data/details/power-plants-53.json","plant_id":"66118","capacity_mw":3.0,"status_group":"Operating","energy_sources":"SUN","type":"Power plant","is_nuclear":false}},{"type":"Feature","geometry":{"type":"Point","coordinates":[-77.96,37.529]},"properties":{"key":"66119-fa3f1040","layer":"power","name":"HCE Powhatan Solar, LLC","state":"VA","detail_file":"data/details/power-plants-46.json","plant_id":"66119","capacity_mw":5.0,"status_group":"Operating","energy_sources":"SUN","type":"Power plant","is_nuclear":false}},{"type":"Feature","geometry":{"type":"Point","coordinates":[-77.483,37.09]},"properties":{"key":"66120-5bc23f23","layer":"power","name":"HCE Reams Solar, LLC","state":"VA","detail_file":"data/details/power-plants-23.json","plant_id":"66120","capacity_mw":5.0,"status_group":"Operating","energy_sources":"SUN","type":"Power plant","is_nuclear":false}},{"type":"Feature","geometry":{"type":"Point","coordinates":[-78.814,37.184]},"properties":{"key":"66121-1474e548","layer":"power","name":"HCE Red House Solar, LLC","state":"VA","detail_file":"data/details/power-plants-52.json","plant_id":"66121","capacity_mw":5.0,"status_group":"Operating","energy_sources":"SUN","type":"Power plant","is_nuclear":false}},{"type":"Feature","geometry":{"type":"Point","coordinates":[-79.305,37.056]},"properties":{"key":"66122-ef2f0a0a","layer":"power","name":"HCE Roark Mill Solar, LLC","state":"VA","detail_file":"data/details/power-plants-09.json","plant_id":"66122","capacity_mw":3.2,"status_group":"Operating","energy_sources":"SUN","type":"Power plant","is_nuclear":false}},{"type":"Feature","geometry":{"type":"Point","coordinates":[-78.187,39.133]},"properties":{"key":"59860-24c31751","layer":"power","name":"HP Hood CT","state":"VA","detail_file":"data/details/power-plants-36.json","plant_id":"59860","capacity_mw":15.0,"status_group":"Operating","energy_sources":"NG","type":"Power plant","is_nuclear":false}},{"type":"Feature","geometry":{"type":"Point","coordinates":[-78.924,36.782]},"properties":{"key":"50178-d3fd8415","layer":"power","name":"Halifax (VA)","state":"VA","detail_file":"data/details/power-plants-29.json","plant_id":"50178","capacity_mw":1.6,"status_group":"Operating","energy_sources":"WAT","type":"Power plant","is_nuclear":false}},{"type":"Feature","geometry":{"type":"Point","coordinates":[-78.939,36.679]},"properties":{"key":"67933-05b4f060","layer":"power","name":"Halifax CSG LLC","state":"VA","detail_file":"data/details/power-plants-41.json","plant_id":"67933","capacity_mw":3.1,"status_group":"Operating","energy_sources":"SUN","type":"Power plant","is_nuclear":false}},{"type":"Feature","geometry":{"type":"Point","coordinates":[-78.873,36.701]},"properties":{"key":"58560-41c6e673","layer":"power","name":"Halifax County Biomass","state":"VA","detail_file":"data/details/power-plants-12.json","plant_id":"58560","capacity_mw":49.9,"status_group":"Operating","energy_sources":"WDS","type":"Power plant","is_nuclear":false}},{"type":"Feature","geometry":{"type":"Point","coordinates":[-78.138,39.065]},"properties":{"key":"61374-f874bfd5","layer":"power","name":"Hecate Energy Clarke County LLC","state":"VA","detail_file":"data/details/power-plants-58.json","plant_id":"61374","capacity_mw":10.0,"status_group":"Operating","energy_sources":"SUN","type":"Power plant","is_nuclear":false}},{"type":"Feature","geometry":{"type":"Point","coordinates":[-76.819,37.958]},"properties":{"key":"66996-3e345fe5","layer":"power","name":"Hemings Solar","state":"VA","detail_file":"data/details/power-plants-31.json","plant_id":"66996","capacity_mw":5.0,"status_group":"Operating","energy_sources":"SUN","type":"Power plant","is_nuclear":false}},{"type":"Feature","geometry":{"type":"Point","coordinates":[-77.568,37.679]},"properties":{"key":"57356-1a309813","layer":"power","name":"Henrico","state":"VA","detail_file":"data/details/power-plants-31.json","plant_id":"57356","capacity_mw":3.6,"status_group":"Operating","energy_sources":"LFG","type":"Power plant","is_nuclear":false}},{"type":"Feature","geometry":{"type":"Point","coordinates":[-77.786,38.247]},"properties":{"key":"62014-e99e34ac","layer":"power","name":"Highlander Solar Energy Station 1","state":"VA","detail_file":"data/details/power-plants-36.json","plant_id":"62014","capacity_mw":165.0,"status_group":"Operating","energy_sources":"SUN","type":"Power plant","is_nuclear":false}},{"type":"Feature","geometry":{"type":"Point","coordinates":[-76.882,36.673]},"properties":{"key":"68970-f5873160","layer":"power","name":"Ho-Fel Solar","state":"VA","detail_file":"data/details/power-plants-20.json","plant_id":"68970","capacity_mw":50.2,"status_group":"Under construction","energy_sources":"SUN","type":"Power plant","is_nuclear":false}},{"type":"Feature","geometry":{"type":"Point","coordinates":[-79.301,37.504]},"properties":{"key":"56314-3ffde95a","layer":"power","name":"Holcomb Rock","state":"VA","detail_file":"data/details/power-plants-49.json","plant_id":"56314","capacity_mw":1.8,"status_group":"Operating","energy_sources":"WAT","type":"Power plant","is_nuclear":false}},{"type":"Feature","geometry":{"type":"Point","coordinates":[-77.17,37.672]},"properties":{"key":"61023-33c76d1d","layer":"power","name":"Hollyfield","state":"VA","detail_file":"data/details/power-plants-25.json","plant_id":"61023","capacity_mw":17.0,"status_group":"Operating","energy_sources":"SUN","type":"Power plant","is_nuclear":false}},{"type":"Feature","geometry":{"type":"Point","coordinates":[-77.281,37.292]},"properties":{"key":"10633-f9d72025","layer":"power","name":"Hopewell Cogeneration","state":"VA","detail_file":"data/details/power-plants-02.json","plant_id":"10633","capacity_mw":399.0,"status_group":"Operating","energy_sources":"NG","type":"Power plant","is_nuclear":false}},{"type":"Feature","geometry":{"type":"Point","coordinates":[-77.282,37.291]},"properties":{"key":"50813-bf788573","layer":"power","name":"Hopewell Mill","state":"VA","detail_file":"data/details/power-plants-01.json","plant_id":"50813","capacity_mw":47.6,"status_group":"Operating","energy_sources":"BLQ","type":"Power plant","is_nuclear":false}},{"type":"Feature","geometry":{"type":"Point","coordinates":[-77.283,37.298]},"properties":{"key":"10771-114046f2","layer":"power","name":"Hopewell Power Station","state":"VA","detail_file":"data/details/power-plants-52.json","plant_id":"10771","capacity_mw":71.1,"status_group":"Operating","energy_sources":"WDS","type":"Power plant","is_nuclear":false}},{"type":"Feature","geometry":{"type":"Point","coordinates":[-77.792,37.961]},"properties":{"key":"66695-cc7cb35a","layer":"power","name":"Horsepen Branch Solar","state":"VA","detail_file":"data/details/power-plants-25.json","plant_id":"66695","capacity_mw":25.0,"status_group":"Planned","energy_sources":"SUN","type":"Power plant","is_nuclear":false}},{"type":"Feature","geometry":{"type":"Point","coordinates":[-77.237,38.689]},"properties":{"key":"54723-2ef58a4a","layer":"power","name":"I 95 Landfill Phase II","state":"VA","detail_file":"data/details/power-plants-30.json","plant_id":"54723","capacity_mw":3.2,"status_group":"Operating","energy_sources":"LFG","type":"Power plant","is_nuclear":false}},{"type":"Feature","geometry":{"type":"Point","coordinates":[-76.201,36.876]},"properties":{"key":"62355-3c6bc2b9","layer":"power","name":"IKEA Norfolk Rooftop PV System","state":"VA","detail_file":"data/details/power-plants-17.json","plant_id":"62355","capacity_mw":0.9,"status_group":"Operating","energy_sources":"SUN","type":"Power plant","is_nuclear":false}},{"type":"Feature","geometry":{"type":"Point","coordinates":[-76.913,36.68]},"properties":{"key":"52152-f8edc810","layer":"power","name":"International Paper Franklin Mill","state":"VA","detail_file":"data/details/power-plants-39.json","plant_id":"52152","capacity_mw":36.1,"status_group":"Operating","energy_sources":"BLQ","type":"Power plant","is_nuclear":false}},{"type":"Feature","geometry":{"type":"Point","coordinates":[-78.3,36.599]},"properties":{"key":"3833-8c9989f0","layer":"power","name":"John H Kerr","state":"VA","detail_file":"data/details/power-plants-58.json","plant_id":"3833","capacity_mw":296.8,"status_group":"Operating","energy_sources":"WAT","type":"Power plant","is_nuclear":false}},{"type":"Feature","geometry":{"type":"Point","coordinates":[-77.159,37.437]},"properties":{"key":"68418-eb6535cc","layer":"power","name":"Keydet Solar Center","state":"VA","detail_file":"data/details/power-plants-39.json","plant_id":"68418","capacity_mw":120.0,"status_group":"Operating","energy_sources":"SUN","type":"Power plant","is_nuclear":false}},{"type":"Feature","geometry":{"type":"Point","coordinates":[-76.76,37.671]},"properties":{"key":"56686-f1d01020","layer":"power","name":"King & Queen","state":"VA","detail_file":"data/details/power-plants-56.json","plant_id":"56686","capacity_mw":10.8,"status_group":"Operating","energy_sources":"LFG","type":"Power plant","is_nuclear":false}},{"type":"Feature","geometry":{"type":"Point","coordinates":[-77.476,38.351]},"properties":{"key":"67647-4eb6bd23","layer":"power","name":"Kinglet","state":"VA","detail_file":"data/details/power-plants-45.json","plant_id":"67647","capacity_mw":5.0,"status_group":"Under construction","energy_sources":"SUN","type":"Power plant","is_nuclear":false}},{"type":"Feature","geometry":{"type":"Point","coordinates":[-77.513,38.072]},"properties":{"key":"7839-a63c5bd2","layer":"power","name":"Ladysmith","state":"VA","detail_file":"data/details/power-plants-29.json","plant_id":"7839","capacity_mw":892.5,"status_group":"Operating","energy_sources":"NG","type":"Power plant","is_nuclear":false}},{"type":"Feature","geometry":{"type":"Point","coordinates":[-79.403,37.093]},"properties":{"key":"3777-c0c665ab","layer":"power","name":"Leesville","state":"VA","detail_file":"data/details/power-plants-36.json","plant_id":"3777","capacity_mw":40.0,"status_group":"Operating","energy_sources":"WAT","type":"Power plant","is_nuclear":false}},{"type":"Feature","geometry":{"type":"Point","coordinates":[-78.214,38.118]},"properties":{"key":"7837-8516c991","layer":"power","name":"Louisa Generation Facility","state":"VA","detail_file":"data/details/power-plants-01.json","plant_id":"7837","capacity_mw":545.7,"status_group":"Operating","energy_sources":"NG","type":"Power plant","is_nuclear":false}},{"type":"Feature","geometry":{"type":"Point","coordinates":[-79.892,37.777]},"properties":{"key":"3799-6f5aae6d","layer":"power","name":"Low Moor","state":"VA","detail_file":"data/details/power-plants-57.json","plant_id":"3799","capacity_mw":82.8,"status_group":"Operating","energy_sources":"DFO","type":"Power plant","is_nuclear":false}},{"type":"Feature","geometry":{"type":"Point","coordinates":[-78.499,38.677]},"properties":{"key":"3789-ce4b62d6","layer":"power","name":"Luray Hydro Station","state":"VA","detail_file":"data/details/power-plants-07.json","plant_id":"3789","capacity_mw":1.6,"status_group":"Operating","energy_sources":"WAT","type":"Power plant","is_nuclear":false}},{"type":"Feature","geometry":{"type":"Point","coordinates":[-77.84,38.288]},"properties":{"key":"66316-6efd7569","layer":"power","name":"Madison Solar (VA)","state":"VA","detail_file":"data/details/power-plants-15.json","plant_id":"66316","capacity_mw":62.5,"status_group":"Operating","energy_sources":"SUN","type":"Power plant","is_nuclear":false}},{"type":"Feature","geometry":{"type":"Point","coordinates":[-79.32,36.89]},"properties":{"key":"65319-d77d7950","layer":"power","name":"Maplewood Solar","state":"VA","detail_file":"data/details/power-plants-49.json","plant_id":"65319","capacity_mw":120.0,"status_group":"Operating","energy_sources":"SUN","type":"Power plant","is_nuclear":false}},{"type":"Feature","geometry":{"type":"Point","coordinates":[-77.768,38.528]},"properties":{"key":"7836-53b472bb","layer":"power","name":"Marsh Run Generation Facility","state":"VA","detail_file":"data/details/power-plants-62.json","plant_id":"7836","capacity_mw":596.7,"status_group":"Operating","energy_sources":"NG","type":"Power plant","is_nuclear":false}},{"type":"Feature","geometry":{"type":"Point","coordinates":[-78.049,37.881]},"properties":{"key":"61458-72f3ef19","layer":"power","name":"Martin Solar Center","state":"VA","detail_file":"data/details/power-plants-01.json","plant_id":"61458","capacity_mw":5.0,"status_group":"Operating","energy_sources":"SUN","type":"Power plant","is_nuclear":false}},{"type":"Feature","geometry":{"type":"Point","coordinates":[-79.884,36.664]},"properties":{"key":"3826-a0c693d1","layer":"power","name":"Martinsville","state":"VA","detail_file":"data/details/power-plants-19.json","plant_id":"3826","capacity_mw":1.3,"status_group":"Operating","energy_sources":"WAT","type":"Power plant","is_nuclear":false}},{"type":"Feature","geometry":{"type":"Point","coordinates":[-79.872,36.685]},"properties":{"key":"69727-31267c11","layer":"power","name":"Martinsville BESS","state":"VA","detail_file":"data/details/power-plants-28.json","plant_id":"69727","capacity_mw":10.1,"status_group":"Operating","energy_sources":"MWH","type":"Power plant","is_nuclear":false}},{"type":"Feature","geometry":{"type":"Point","coordinates":[-79.845,36.717]},"properties":{"key":"57893-638aa20e","layer":"power","name":"Martinsville LFG Generator","state":"VA","detail_file":"data/details/power-plants-30.json","plant_id":"57893","capacity_mw":1.1,"status_group":"Operating","energy_sources":"NG","type":"Power plant","is_nuclear":false}},{"type":"Feature","geometry":{"type":"Point","coordinates":[-77.208,37.666]},"properties":{"key":"64158-a41ad338","layer":"power","name":"Mechanicsville Solar","state":"VA","detail_file":"data/details/power-plants-59.json","plant_id":"64158","capacity_mw":25.0,"status_group":"Operating","energy_sources":"SUN","type":"Power plant","is_nuclear":false}},{"type":"Feature","geometry":{"type":"Point","coordinates":[-77.65,36.59]},"properties":{"key":"62758-1e680bf2","layer":"power","name":"Meherrin Solar","state":"VA","detail_file":"data/details/power-plants-53.json","plant_id":"62758","capacity_mw":59.6,"status_group":"Operating","energy_sources":"SUN","type":"Power plant","is_nuclear":false}},{"type":"Feature","geometry":{"type":"Point","coordinates":[-78.644,38.383]},"properties":{"key":"59905-2702f4b3","layer":"power","name":"Merck","state":"VA","detail_file":"data/details/power-plants-23.json","plant_id":"59905","capacity_mw":2.1,"status_group":"Operating","energy_sources":"SUN","type":"Power plant","is_nuclear":false}},{"type":"Feature","geometry":{"type":"Point","coordinates":[-78.677,38.357]},"properties":{"key":"58057-082979dd","layer":"power","name":"Molson Coors Shenandoah Brewery","state":"VA","detail_file":"data/details/power-plants-17.json","plant_id":"58057","capacity_mw":1.4,"status_group":"Operating","energy_sources":"OBG","type":"Power plant","is_nuclear":false}},{"type":"Feature","geometry":{"type":"Point","coordinates":[-79.47,36.853]},"properties":{"key":"66997-525a3554","layer":"power","name":"Monroe Solar","state":"VA","detail_file":"data/details/power-plants-46.json","plant_id":"66997","capacity_mw":2.2,"status_group":"Operating","energy_sources":"SUN","type":"Power plant","is_nuclear":false}},{"type":"Feature","geometry":{"type":"Point","coordinates":[-79.591,38.421]},"properties":{"key":"59614-16ad5e93","layer":"power","name":"Monterey Diesel Generation Facility","state":"VA","detail_file":"data/details/power-plants-37.json","plant_id":"59614","capacity_mw":6.0,"status_group":"Operating","energy_sources":"DFO","type":"Power plant","is_nuclear":false}},{"type":"Feature","geometry":{"type":"Point","coordinates":[-76.786,38.077]},"properties":{"key":"64093-0412d1f4","layer":"power","name":"Montross Solar","state":"VA","detail_file":"data/details/power-plants-24.json","plant_id":"64093","capacity_mw":20.0,"status_group":"Operating","energy_sources":"SUN","type":"Power plant","is_nuclear":false}},{"type":"Feature","geometry":{"type":"Point","coordinates":[-76.54,37.89]},"properties":{"key":"66313-24700fd3","layer":"power","name":"Moon Corner Solar","state":"VA","detail_file":"data/details/power-plants-08.json","plant_id":"66313","capacity_mw":60.0,"status_group":"Under construction","energy_sources":"SUN","type":"Power plant","is_nuclear":false}},{"type":"Feature","geometry":{"type":"Point","coordinates":[-77.734,37.468]},"properties":{"key":"68971-1672ce27","layer":"power","name":"Moseley Hermon Solar","state":"VA","detail_file":"data/details/power-plants-26.json","plant_id":"68971","capacity_mw":5.0,"status_group":"Operating","energy_sources":"SUN","type":"Power plant","is_nuclear":false}},{"type":"Feature","geometry":{"type":"Point","coordinates":[-78.865,38.468]},"properties":{"key":"56004-1547ac4b","layer":"power","name":"Mount Clinton","state":"VA","detail_file":"data/details/power-plants-09.json","plant_id":"56004","capacity_mw":24.0,"status_group":"Operating","energy_sources":"DFO","type":"Power plant","is_nuclear":false}},{"type":"Feature","geometry":{"type":"Point","coordinates":[-78.66,38.74]},"properties":{"key":"61318-6c832733","layer":"power","name":"Mt. Jackson Solar","state":"VA","detail_file":"data/details/power-plants-55.json","plant_id":"61318","capacity_mw":15.7,"status_group":"Operating","energy_sources":"SUN","type":"Power plant","is_nuclear":false}},{"type":"Feature","geometry":{"type":"Point","coordinates":[-79.39,36.767]},"properties":{"key":"69567-b78f63ee","layer":"power","name":"NL VA - Dry Fork","state":"VA","detail_file":"data/details/power-plants-47.json","plant_id":"69567","capacity_mw":3.0,"status_group":"Operating","energy_sources":"SUN","type":"Power plant","is_nuclear":false}},{"type":"Feature","geometry":{"type":"Point","coordinates":[-78.594,38.571]},"properties":{"key":"3790-4318982a","layer":"power","name":"Newport Hydro Station","state":"VA","detail_file":"data/details/power-plants-59.json","plant_id":"3790","capacity_mw":1.4,"status_group":"Operating","energy_sources":"WAT","type":"Power plant","is_nuclear":false}},{"type":"Feature","geometry":{"type":"Point","coordinates":[-79.876,37.254]},"properties":{"key":"3778-7e9d82f4","layer":"power","name":"Niagara","state":"VA","detail_file":"data/details/power-plants-17.json","plant_id":"3778","capacity_mw":3.6,"status_group":"Operating","energy_sources":"WAT","type":"Power plant","is_nuclear":false}},{"type":"Feature","geometry":{"type":"Point","coordinates":[-76.775,37.366]},"properties":{"key":"64086-9091eabb","layer":"power","name":"Norge Solar Farm","state":"VA","detail_file":"data/details/power-plants-56.json","plant_id":"64086","capacity_mw":20.0,"status_group":"Operating","energy_sources":"SUN","type":"Power plant","is_nuclear":false}},{"type":"Feature","geometry":{"type":"Point","coordinates":[-77.79,38.06]},"properties":{"key":"6168-583eb6fe","layer":"power","name":"North Anna","state":"VA","detail_file":"data/details/power-plants-06.json","plant_id":"6168","capacity_mw":1960.4,"status_group":"Operating","energy_sources":"NUC; WAT","type":"Nuclear power plant","is_nuclear":true}},{"type":"Feature","geometry":{"type":"Point","coordinates":[-77.824,37.535]},"properties":{"key":"68077-6c851642","layer":"power","name":"North Ridge Solar","state":"VA","detail_file":"data/details/power-plants-17.json","plant_id":"68077","capacity_mw":20.0,"status_group":"Operating","energy_sources":"SUN","type":"Power plant","is_nuclear":false}},{"type":"Feature","geometry":{"type":"Point","coordinates":[-77.455,38.468]},"properties":{"key":"68393-868e7ed4","layer":"power","name":"North Stafford HS","state":"VA","detail_file":"data/details/power-plants-11.json","plant_id":"68393","capacity_mw":1.3,"status_group":"Operating","energy_sources":"SUN","type":"Power plant","is_nuclear":false}},{"type":"Feature","geometry":{"type":"Point","coordinates":[-76.711,37.95]},"properties":{"key":"3800-4aa2c99c","layer":"power","name":"Northern Neck","state":"VA","detail_file":"data/details/power-plants-04.json","plant_id":"3800","capacity_mw":82.8,"status_group":"Operating","energy_sources":"DFO","type":"Power plant","is_nuclear":false}},{"type":"Feature","geometry":{"type":"Point","coordinates":[-77.105,36.697]},"properties":{"key":"7941-206a76da","layer":"power","name":"Nottoway Diesel Generating Facility","state":"VA","detail_file":"data/details/power-plants-38.json","plant_id":"7941","capacity_mw":4.0,"status_group":"Operating","energy_sources":"DFO","type":"Power plant","is_nuclear":false}},{"type":"Feature","geometry":{"type":"Point","coordinates":[-76.691,36.884]},"properties":{"key":"69031-72b82409","layer":"power","name":"Nuby Run Solar, LLC","state":"VA","detail_file":"data/details/power-plants-32.json","plant_id":"69031","capacity_mw":2.0,"status_group":"Operating","energy_sources":"SUN","type":"Power plant","is_nuclear":false}},{"type":"Feature","geometry":{"type":"Point","coordinates":[-76.051,36.79]},"properties":{"key":"60584-accf312c","layer":"power","name":"Oceana Solar","state":"VA","detail_file":"data/details/power-plants-08.json","plant_id":"60584","capacity_mw":17.6,"status_group":"Operating","energy_sources":"SUN","type":"Power plant","is_nuclear":false}},{"type":"Feature","geometry":{"type":"Point","coordinates":[-79.511,37.332]},"properties":{"key":"63173-8f8e6deb","layer":"power","name":"Orange Street G1","state":"VA","detail_file":"data/details/power-plants-33.json","plant_id":"63173","capacity_mw":4.8,"status_group":"Operating","energy_sources":"DFO","type":"Power plant","is_nuclear":false}},{"type":"Feature","geometry":{"type":"Point","coordinates":[-78.51,36.807]},"properties":{"key":"63909-aa0cd5f7","layer":"power","name":"Otter Creek Solar","state":"VA","detail_file":"data/details/power-plants-25.json","plant_id":"63909","capacity_mw":60.0,"status_group":"Operating","energy_sources":"SUN","type":"Power plant","is_nuclear":false}},{"type":"Feature","geometry":{"type":"Point","coordinates":[-78.231,37.967]},"properties":{"key":"61457-1064d1cc","layer":"power","name":"Palmer Solar Center","state":"VA","detail_file":"data/details/power-plants-49.json","plant_id":"61457","capacity_mw":5.0,"status_group":"Operating","energy_sources":"SUN","type":"Power plant","is_nuclear":false}},{"type":"Feature","geometry":{"type":"Point","coordinates":[-77.281,37.339]},"properties":{"key":"50275-b8cff9b1","layer":"power","name":"Park 500 Philip Morris USA","state":"VA","detail_file":"data/details/power-plants-60.json","plant_id":"50275","capacity_mw":13.0,"status_group":"Operating","energy_sources":"NG","type":"Power plant","is_nuclear":false}},{"type":"Feature","geometry":{"type":"Point","coordinates":[-77.436,37.243]},"properties":{"key":"70123-ec5b32a9","layer":"power","name":"Petersburg - VA 0224 (Murphy)","state":"VA","detail_file":"data/details/power-plants-59.json","plant_id":"70123","capacity_mw":2.6,"status_group":"Under construction","energy_sources":"SUN","type":"Power plant","is_nuclear":false}},{"type":"Feature","geometry":{"type":"Point","coordinates":[-77.287,37.342]},"properties":{"key":"59911-0fee4a82","layer":"power","name":"Philip Morris","state":"VA","detail_file":"data/details/power-plants-34.json","plant_id":"59911","capacity_mw":2.0,"status_group":"Operating","energy_sources":"SUN","type":"Power plant","is_nuclear":false}},{"type":"Feature","geometry":{"type":"Point","coordinates":[-79.056,37.158]},"properties":{"key":"64767-036c701c","layer":"power","name":"Pigeon Run Solar Project","state":"VA","detail_file":"data/details/power-plants-28.json","plant_id":"64767","capacity_mw":60.0,"status_group":"Planned","energy_sources":"SUN","type":"Power plant","is_nuclear":false}},{"type":"Feature","geometry":{"type":"Point","coordinates":[-78.5,37.5]},"properties":{"key":"68075-8aea9fcf","layer":"power","name":"Pineside Solar","state":"VA","detail_file":"data/details/power-plants-54.json","plant_id":"68075","capacity_mw":74.9,"status_group":"Planned","energy_sources":"SUN","type":"Power plant","is_nuclear":false}},{"type":"Feature","geometry":{"type":"Point","coordinates":[-78.772,36.819]},"properties":{"key":"62768-5ffabda5","layer":"power","name":"Piney Creek Solar","state":"VA","detail_file":"data/details/power-plants-12.json","plant_id":"62768","capacity_mw":80.0,"status_group":"Operating","energy_sources":"SUN","type":"Power plant","is_nuclear":false}},{"type":"Feature","geometry":{"type":"Point","coordinates":[-79.398,36.858]},"properties":{"key":"69500-38adea20","layer":"power","name":"Pittsylvania CSG LLC","state":"VA","detail_file":"data/details/power-plants-17.json","plant_id":"69500","capacity_mw":3.8,"status_group":"Operating","energy_sources":"SUN","type":"Power plant","is_nuclear":false}},{"type":"Feature","geometry":{"type":"Point","coordinates":[-76.579,36.692]},"properties":{"key":"65220-2e08ba72","layer":"power","name":"Pleasant Hill Solar","state":"VA","detail_file":"data/details/power-plants-33.json","plant_id":"65220","capacity_mw":20.0,"status_group":"Operating","energy_sources":"SUN","type":"Power plant","is_nuclear":false}},{"type":"Feature","geometry":{"type":"Point","coordinates":[-78.898,38.401]},"properties":{"key":"56005-87a6e46e","layer":"power","name":"Pleasant Valley (VA)","state":"VA","detail_file":"data/details/power-plants-31.json","plant_id":"56005","capacity_mw":20.5,"status_group":"Operating","energy_sources":"DFO","type":"Power plant","is_nuclear":false}},{"type":"Feature","geometry":{"type":"Point","coordinates":[-77.786,38.247]},"properties":{"key":"62012-4b089279","layer":"power","name":"Pleinmont Solar 1","state":"VA","detail_file":"data/details/power-plants-53.json","plant_id":"62012","capacity_mw":75.0,"status_group":"Operating","energy_sources":"SUN","type":"Power plant","is_nuclear":false}},{"type":"Feature","geometry":{"type":"Point","coordinates":[-77.786,38.247]},"properties":{"key":"62013-5cc40f64","layer":"power","name":"Pleinmont Solar 2","state":"VA","detail_file":"data/details/power-plants-21.json","plant_id":"62013","capacity_mw":240.0,"status_group":"Operating","energy_sources":"SUN","type":"Power plant","is_nuclear":false}},{"type":"Feature","geometry":{"type":"Point","coordinates":[-77.986,37.295]},"properties":{"key":"7940-ec6edaf3","layer":"power","name":"Ponton Diesel Generating Facility","state":"VA","detail_file":"data/details/power-plants-23.json","plant_id":"7940","capacity_mw":4.0,"status_group":"Operating","energy_sources":"DFO","type":"Power plant","is_nuclear":false}},{"type":"Feature","geometry":{"type":"Point","coordinates":[-77.281,38.537]},"properties":{"key":"3804-772cbbf7","layer":"power","name":"Possum Point","state":"VA","detail_file":"data/details/power-plants-36.json","plant_id":"3804","capacity_mw":709.0,"status_group":"Operating","energy_sources":"DFO; NG","type":"Power plant","is_nuclear":false}},{"type":"Feature","geometry":{"type":"Point","coordinates":[-77.545,39.058]},"properties":{"key":"59004-4d73612f","layer":"power","name":"Potomac Energy Center, LLC","state":"VA","detail_file":"data/details/power-plants-31.json","plant_id":"59004","capacity_mw":812.0,"status_group":"Operating","energy_sources":"NG","type":"Power plant","is_nuclear":false}},{"type":"Feature","geometry":{"type":"Point","coordinates":[-79.029,36.555]},"properties":{"key":"65305-b7a827d5","layer":"power","name":"Powells Creek Solar - Hybrid","state":"VA","detail_file":"data/details/power-plants-26.json","plant_id":"65305","capacity_mw":70.0,"status_group":"Operating","energy_sources":"SUN","type":"Power plant","is_nuclear":false}},{"type":"Feature","geometry":{"type":"Point","coordinates":[-79.029,36.555]},"properties":{"key":"65305-d167f1ca","layer":"power","name":"Powells Creek Solar - Hybrid","state":"VA","detail_file":"data/details/power-plants-10.json","plant_id":"65305","capacity_mw":17.5,"status_group":"Planned","energy_sources":"MWH","type":"Power plant","is_nuclear":false}},{"type":"Feature","geometry":{"type":"Point","coordinates":[-76.609,36.88]},"properties":{"key":"67219-f42014a0","layer":"power","name":"Prairie Solar (VA)","state":"VA","detail_file":"data/details/power-plants-01.json","plant_id":"67219","capacity_mw":20.0,"status_group":"Operating","energy_sources":"SUN","type":"Power plant","is_nuclear":false}},{"type":"Feature","geometry":{"type":"Point","coordinates":[-76.927,36.659]},"properties":{"key":"55953-da92fdb7","layer":"power","name":"Pretlow","state":"VA","detail_file":"data/details/power-plants-56.json","plant_id":"55953","capacity_mw":3.2,"status_group":"Operating","energy_sources":"DFO","type":"Power plant","is_nuclear":false}},{"type":"Feature","geometry":{"type":"Point","coordinates":[-78.688,37.226]},"properties":{"key":"67139-f2267d6b","layer":"power","name":"Prince Edward CSG LLC","state":"VA","detail_file":"data/details/power-plants-30.json","plant_id":"67139","capacity_mw":4.0,"status_group":"Operating","energy_sources":"SUN","type":"Power plant","is_nuclear":false}},{"type":"Feature","geometry":{"type":"Point","coordinates":[-78.686,38.616]},"properties":{"key":"68055-16b44d3d","layer":"power","name":"Prospect Power BESS","state":"VA","detail_file":"data/details/power-plants-45.json","plant_id":"68055","capacity_mw":150.0,"status_group":"Operating","energy_sources":"MWH","type":"Power plant","is_nuclear":false}},{"type":"Feature","geometry":{"type":"Point","coordinates":[-76.467,37.572]},"properties":{"key":"62140-4bb5def0","layer":"power","name":"Puller Solar","state":"VA","detail_file":"data/details/power-plants-09.json","plant_id":"62140","capacity_mw":15.0,"status_group":"Operating","energy_sources":"SUN","type":"Power plant","is_nuclear":false}},{"type":"Feature","geometry":{"type":"Point","coordinates":[-77.927,37.567]},"properties":{"key":"65318-52d0a98d","layer":"power","name":"Quillwort Solar","state":"VA","detail_file":"data/details/power-plants-38.json","plant_id":"65318","capacity_mw":18.0,"status_group":"Operating","energy_sources":"SUN","type":"Power plant","is_nuclear":false}},{"type":"Feature","geometry":{"type":"Point","coordinates":[-77.542,38.782]},"properties":{"key":"70233-997a8897","layer":"power","name":"Railroad Energy Center, LLC","state":"VA","detail_file":"data/details/power-plants-34.json","plant_id":"70233","capacity_mw":20.0,"status_group":"Under construction","energy_sources":"MWH","type":"Power plant","is_nuclear":false}},{"type":"Feature","geometry":{"type":"Point","coordinates":[-78.675,38.745]},"properties":{"key":"67028-9fab1772","layer":"power","name":"Randolf Solar","state":"VA","detail_file":"data/details/power-plants-46.json","plant_id":"67028","capacity_mw":3.2,"status_group":"Operating","energy_sources":"SUN","type":"Power plant","is_nuclear":false}},{"type":"Feature","geometry":{"type":"Point","coordinates":[-76.383,37.657]},"properties":{"key":"62780-dfaf9be4","layer":"power","name":"Rappahannock Solar, LLC","state":"VA","detail_file":"data/details/power-plants-44.json","plant_id":"62780","capacity_mw":1.5,"status_group":"Operating","energy_sources":"SUN","type":"Power plant","is_nuclear":false}},{"type":"Feature","geometry":{"type":"Point","coordinates":[-78.084,39.212]},"properties":{"key":"65930-75037a13","layer":"power","name":"Redbud Run Solar","state":"VA","detail_file":"data/details/power-plants-49.json","plant_id":"65930","capacity_mw":30.0,"status_group":"Planned","energy_sources":"SUN","type":"Power plant","is_nuclear":false}},{"type":"Feature","geometry":{"type":"Point","coordinates":[-77.592,38.73]},"properties":{"key":"70234-b26a474f","layer":"power","name":"Reid Energy Center, LLC","state":"VA","detail_file":"data/details/power-plants-21.json","plant_id":"70234","capacity_mw":20.0,"status_group":"Under construction","energy_sources":"MWH","type":"Power plant","is_nuclear":false}},{"type":"Feature","geometry":{"type":"Point","coordinates":[-77.771,38.544]},"properties":{"key":"7838-50795464","layer":"power","name":"Remington","state":"VA","detail_file":"data/details/power-plants-20.json","plant_id":"7838","capacity_mw":705.5,"status_group":"Operating","energy_sources":"NG","type":"Power plant","is_nuclear":false}},{"type":"Feature","geometry":{"type":"Point","coordinates":[-77.776,38.548]},"properties":{"key":"59685-840c5727","layer":"power","name":"Remington Solar Facility","state":"VA","detail_file":"data/details/power-plants-55.json","plant_id":"59685","capacity_mw":20.0,"status_group":"Operating","energy_sources":"SUN","type":"Power plant","is_nuclear":false}},{"type":"Feature","geometry":{"type":"Point","coordinates":[-77.358,38.96]},"properties":{"key":"69135-7b726713","layer":"power","name":"Reston Town Center Solar 1","state":"VA","detail_file":"data/details/power-plants-51.json","plant_id":"69135","capacity_mw":1.0,"status_group":"Operating","energy_sources":"SUN","type":"Power plant","is_nuclear":false}},{"type":"Feature","geometry":{"type":"Point","coordinates":[-79.186,37.464]},"properties":{"key":"3779-2a044d01","layer":"power","name":"Reusens","state":"VA","detail_file":"data/details/power-plants-26.json","plant_id":"3779","capacity_mw":12.5,"status_group":"Operating","energy_sources":"WAT","type":"Power plant","is_nuclear":false}},{"type":"Feature","geometry":{"type":"Point","coordinates":[-77.374,37.506]},"properties":{"key":"57897-3c19dc5b","layer":"power","name":"Richmond Energy","state":"VA","detail_file":"data/details/power-plants-13.json","plant_id":"57897","capacity_mw":6.4,"status_group":"Operating","energy_sources":"LFG","type":"Power plant","is_nuclear":false}},{"type":"Feature","geometry":{"type":"Point","coordinates":[-76.821,37.4]},"properties":{"key":"70007-cdb0de28","layer":"power","name":"Richmond Road Solar LLC","state":"VA","detail_file":"data/details/power-plants-50.json","plant_id":"70007","capacity_mw":5.0,"status_group":"Under construction","energy_sources":"SUN","type":"Power plant","is_nuclear":false}},{"type":"Feature","geometry":{"type":"Point","coordinates":[-77.786,38.247]},"properties":{"key":"62011-3b7228cf","layer":"power","name":"Richmond Spider Solar","state":"VA","detail_file":"data/details/power-plants-07.json","plant_id":"62011","capacity_mw":20.0,"status_group":"Operating","energy_sources":"SUN","type":"Power plant","is_nuclear":false}},{"type":"Feature","geometry":{"type":"Point","coordinates":[-78.4,37.966]},"properties":{"key":"67846-d7eb1faa","layer":"power","name":"Rivanna Solar","state":"VA","detail_file":"data/details/power-plants-13.json","plant_id":"67846","capacity_mw":13.3,"status_group":"Operating","energy_sources":"SUN","type":"Power plant","is_nuclear":false}},{"type":"Feature","geometry":{"type":"Point","coordinates":[-78.452,37.728]},"properties":{"key":"68194-de49043d","layer":"power","name":"Riverstone Solar","state":"VA","detail_file":"data/details/power-plants-05.json","plant_id":"68194","capacity_mw":149.5,"status_group":"Under construction","energy_sources":"SUN","type":"Power plant","is_nuclear":false}},{"type":"Feature","geometry":{"type":"Point","coordinates":[-76.76,37.35]},"properties":{"key":"65321-e14fc387","layer":"power","name":"Rochambeau Solar","state":"VA","detail_file":"data/details/power-plants-38.json","plant_id":"65321","capacity_mw":19.9,"status_group":"Operating","energy_sources":"SUN","type":"Power plant","is_nuclear":false}},{"type":"Feature","geometry":{"type":"Point","coordinates":[-79.72,37.711]},"properties":{"key":"68197-5d498ea3","layer":"power","name":"Rocky Forge Wind","state":"VA","detail_file":"data/details/power-plants-31.json","plant_id":"68197","capacity_mw":78.0,"status_group":"Under construction","energy_sources":"WND","type":"Power plant","is_nuclear":false}},{"type":"Feature","geometry":{"type":"Point","coordinates":[-78.0,37.0]},"properties":{"key":"68076-ebab7e3a","layer":"power","name":"Rocky Run Solar","state":"VA","detail_file":"data/details/power-plants-15.json","plant_id":"68076","capacity_mw":300.0,"status_group":"Planned","energy_sources":"SUN","type":"Power plant","is_nuclear":false}},{"type":"Feature","geometry":{"type":"Point","coordinates":[-77.558,36.687]},"properties":{"key":"62814-8d2684fe","layer":"power","name":"Sadler Solar","state":"VA","detail_file":"data/details/power-plants-50.json","plant_id":"62814","capacity_mw":100.0,"status_group":"Operating","energy_sources":"SUN","type":"Power plant","is_nuclear":false}},{"type":"Feature","geometry":{"type":"Point","coordinates":[-76.411,37.675]},"properties":{"key":"68886-e78bf0a4","layer":"power","name":"Sandale Solar, LLC","state":"VA","detail_file":"data/details/power-plants-52.json","plant_id":"68886","capacity_mw":3.0,"status_group":"Operating","energy_sources":"SUN","type":"Power plant","is_nuclear":false}},{"type":"Feature","geometry":{"type":"Point","coordinates":[-79.433,36.577]},"properties":{"key":"54655-34145ad0","layer":"power","name":"Schoolfield Dam","state":"VA","detail_file":"data/details/power-plants-40.json","plant_id":"54655","capacity_mw":4.5,"status_group":"Operating","energy_sources":"WAT","type":"Power plant","is_nuclear":false}},{"type":"Feature","geometry":{"type":"Point","coordinates":[-77.934,37.523]},"properties":{"key":"60316-dc47a595","layer":"power","name":"Scott Solar Farm","state":"VA","detail_file":"data/details/power-plants-57.json","plant_id":"60316","capacity_mw":57.0,"status_group":"Operating","energy_sources":"MWH; SUN","type":"Power plant","is_nuclear":false}},{"type":"Feature","geometry":{"type":"Point","coordinates":[-77.945,37.526]},"properties":{"key":"60968-3c6cdd80","layer":"power","name":"Scott-II Solar LLC","state":"VA","detail_file":"data/details/power-plants-63.json","plant_id":"60968","capacity_mw":20.0,"status_group":"Operating","energy_sources":"SUN","type":"Power plant","is_nuclear":false}},{"type":"Feature","geometry":{"type":"Point","coordinates":[-77.25,37.25]},"properties":{"key":"65320-13b51f3c","layer":"power","name":"Sebera Solar","state":"VA","detail_file":"data/details/power-plants-07.json","plant_id":"65320","capacity_mw":18.0,"status_group":"Operating","energy_sources":"SUN","type":"Power plant","is_nuclear":false}},{"type":"Feature","geometry":{"type":"Point","coordinates":[-79.034,38.025]},"properties":{"key":"65312-f97ad78d","layer":"power","name":"Shenvalee Solar","state":"VA","detail_file":"data/details/power-plants-63.json","plant_id":"65312","capacity_mw":3.0,"status_group":"Planned","energy_sources":"SUN","type":"Power plant","is_nuclear":false}},{"type":"Feature","geometry":{"type":"Point","coordinates":[-79.849,36.616]},"properties":{"key":"67216-40274acc","layer":"power","name":"Shifting Sands Solar, LLC","state":"VA","detail_file":"data/details/power-plants-09.json","plant_id":"67216","capacity_mw":18.8,"status_group":"Operating","energy_sources":"SUN","type":"Power plant","is_nuclear":false}},{"type":"Feature","geometry":{"type":"Point","coordinates":[-77.159,37.437]},"properties":{"key":"62675-7db3d97c","layer":"power","name":"Skipjack Solar Center","state":"VA","detail_file":"data/details/power-plants-57.json","plant_id":"62675","capacity_mw":175.0,"status_group":"Operating","energy_sources":"SUN","type":"Power plant","is_nuclear":false}},{"type":"Feature","geometry":{"type":"Point","coordinates":[-79.404,37.906]},"properties":{"key":"67072-a262814e","layer":"power","name":"Small Mouth Bass Solar","state":"VA","detail_file":"data/details/power-plants-17.json","plant_id":"67072","capacity_mw":2.5,"status_group":"Operating","energy_sources":"SUN","type":"Power plant","is_nuclear":false}},{"type":"Feature","geometry":{"type":"Point","coordinates":[-79.536,37.041]},"properties":{"key":"3780-6064ead8","layer":"power","name":"Smith Mountain","state":"VA","detail_file":"data/details/power-plants-38.json","plant_id":"3780","capacity_mw":547.5,"status_group":"Operating","energy_sources":"WAT","type":"Power plant","is_nuclear":false}},{"type":"Feature","geometry":{"type":"Point","coordinates":[-79.371,37.574]},"properties":{"key":"3821-b5237009","layer":"power","name":"Snowden","state":"VA","detail_file":"data/details/power-plants-01.json","plant_id":"3821","capacity_mw":5.0,"status_group":"Operating","energy_sources":"WAT","type":"Power plant","is_nuclear":false}},{"type":"Feature","geometry":{"type":"Point","coordinates":[-76.71,36.89]},"properties":{"key":"66999-bf797a7b","layer":"power","name":"Solidago Solar","state":"VA","detail_file":"data/details/power-plants-63.json","plant_id":"66999","capacity_mw":20.0,"status_group":"Operating","energy_sources":"SUN","type":"Power plant","is_nuclear":false}},{"type":"Feature","geometry":{"type":"Point","coordinates":[-76.995,36.653]},"properties":{"key":"10774-c2fd1c8f","layer":"power","name":"Southampton Power Station","state":"VA","detail_file":"data/details/power-plants-22.json","plant_id":"10774","capacity_mw":71.1,"status_group":"Operating","energy_sources":"WDS","type":"Power plant","is_nuclear":false}},{"type":"Feature","geometry":{"type":"Point","coordinates":[-77.166,36.614]},"properties":{"key":"61422-82a75b0a","layer":"power","name":"Southampton Solar, LLC","state":"VA","detail_file":"data/details/power-plants-32.json","plant_id":"61422","capacity_mw":100.0,"status_group":"Operating","energy_sources":"SUN","type":"Power plant","is_nuclear":false}},{"type":"Feature","geometry":{"type":"Point","coordinates":[-76.919,37.174]},"properties":{"key":"61986-e7f262a1","layer":"power","name":"Spring Grove I","state":"VA","detail_file":"data/details/power-plants-60.json","plant_id":"61986","capacity_mw":97.9,"status_group":"Operating","energy_sources":"SUN","type":"Power plant","is_nuclear":false}},{"type":"Feature","geometry":{"type":"Point","coordinates":[-76.924,37.167]},"properties":{"key":"66844-aff146ab","layer":"power","name":"Spring Grove Solar 2","state":"VA","detail_file":"data/details/power-plants-23.json","plant_id":"66844","capacity_mw":150.0,"status_group":"Operating","energy_sources":"SUN","type":"Power plant","is_nuclear":false}},{"type":"Feature","geometry":{"type":"Point","coordinates":[-76.799,38.093]},"properties":{"key":"65317-b3d70120","layer":"power","name":"Springfield Solar","state":"VA","detail_file":"data/details/power-plants-38.json","plant_id":"65317","capacity_mw":2.0,"status_group":"Operating","energy_sources":"SUN","type":"Power plant","is_nuclear":false}},{"type":"Feature","geometry":{"type":"Point","coordinates":[-77.431,37.456]},"properties":{"key":"54081-f380c82c","layer":"power","name":"Spruance Operating Services LLC","state":"VA","detail_file":"data/details/power-plants-24.json","plant_id":"54081","capacity_mw":114.8,"status_group":"Operating","energy_sources":"NG","type":"Power plant","is_nuclear":false}},{"type":"Feature","geometry":{"type":"Point","coordinates":[-76.561,36.66]},"properties":{"key":"61908-5a28279e","layer":"power","name":"Stratford Solar Center, LLC","state":"VA","detail_file":"data/details/power-plants-58.json","plant_id":"61908","capacity_mw":15.0,"status_group":"Operating","energy_sources":"SUN","type":"Power plant","is_nuclear":false}},{"type":"Feature","geometry":{"type":"Point","coordinates":[-76.792,36.703]},"properties":{"key":"70130-db801b95","layer":"power","name":"Suffolk - VA 0141 (Johnson South)","state":"VA","detail_file":"data/details/power-plants-03.json","plant_id":"70130","capacity_mw":5.0,"status_group":"Under construction","energy_sources":"SUN","type":"Power plant","is_nuclear":false}},{"type":"Feature","geometry":{"type":"Point","coordinates":[-76.763,36.686]},"properties":{"key":"67531-b5da2828","layer":"power","name":"Suffolk CSG, LLC","state":"VA","detail_file":"data/details/power-plants-40.json","plant_id":"67531","capacity_mw":3.8,"status_group":"Operating","energy_sources":"SUN","type":"Power plant","is_nuclear":false}},{"type":"Feature","geometry":{"type":"Point","coordinates":[-78.745,38.315]},"properties":{"key":"67215-0e705a9f","layer":"power","name":"Sun Ridge Solar","state":"VA","detail_file":"data/details/power-plants-47.json","plant_id":"67215","capacity_mw":50.0,"status_group":"Under construction","energy_sources":"SUN","type":"Power plant","is_nuclear":false}},{"type":"Feature","geometry":{"type":"Point","coordinates":[-79.88,36.609]},"properties":{"key":"67217-f5c1e231","layer":"power","name":"Sunny Rock Solar, LLC","state":"VA","detail_file":"data/details/power-plants-00.json","plant_id":"67217","capacity_mw":20.0,"status_group":"Operating","energy_sources":"SUN","type":"Power plant","is_nuclear":false}},{"type":"Feature","geometry":{"type":"Point","coordinates":[-78.84,36.799]},"properties":{"key":"65307-519733a4","layer":"power","name":"Sunnybrook Solar Project - Hybrid","state":"VA","detail_file":"data/details/power-plants-18.json","plant_id":"65307","capacity_mw":51.0,"status_group":"Operating","energy_sources":"SUN","type":"Power plant","is_nuclear":false}},{"type":"Feature","geometry":{"type":"Point","coordinates":[-78.84,36.799]},"properties":{"key":"65307-a437c0ff","layer":"power","name":"Sunnybrook Solar Project - Hybrid","state":"VA","detail_file":"data/details/power-plants-40.json","plant_id":"65307","capacity_mw":12.5,"status_group":"Planned","energy_sources":"MWH","type":"Power plant","is_nuclear":false}},{"type":"Feature","geometry":{"type":"Point","coordinates":[-76.699,37.166]},"properties":{"key":"3806-4e8f6eef","layer":"power","name":"Surry","state":"VA","detail_file":"data/details/power-plants-22.json","plant_id":"3806","capacity_mw":1695.0,"status_group":"Operating","energy_sources":"NUC","type":"Nuclear power plant","is_nuclear":true}},{"type":"Feature","geometry":{"type":"Point","coordinates":[-77.418,36.941]},"properties":{"key":"60916-089bb3ac","layer":"power","name":"Sussex Drive, LLC","state":"VA","detail_file":"data/details/power-plants-10.json","plant_id":"60916","capacity_mw":20.0,"status_group":"Operating","energy_sources":"SUN","type":"Power plant","is_nuclear":false}},{"type":"Feature","geometry":{"type":"Point","coordinates":[-77.191,37.762]},"properties":{"key":"69474-cf64e4c1","layer":"power","name":"Sweet Sue Solar","state":"VA","detail_file":"data/details/power-plants-35.json","plant_id":"69474","capacity_mw":74.8,"status_group":"Under construction","energy_sources":"SUN","type":"Power plant","is_nuclear":false}},{"type":"Feature","geometry":{"type":"Point","coordinates":[-76.586,36.676]},"properties":{"key":"66124-4f2a428a","layer":"power","name":"Switchgrass Solar, LLC","state":"VA","detail_file":"data/details/power-plants-27.json","plant_id":"66124","capacity_mw":70.0,"status_group":"Planned","energy_sources":"SUN","type":"Power plant","is_nuclear":false}},{"type":"Feature","geometry":{"type":"Point","coordinates":[-76.744,37.017]},"properties":{"key":"68040-93b8f70d","layer":"power","name":"Sycamore Cross Solar","state":"VA","detail_file":"data/details/power-plants-10.json","plant_id":"68040","capacity_mw":208.2,"status_group":"Planned","energy_sources":"SUN","type":"Power plant","is_nuclear":false}},{"type":"Feature","geometry":{"type":"Point","coordinates":[-79.193,36.943]},"properties":{"key":"64136-d1c1d59b","layer":"power","name":"Sycamore Solar","state":"VA","detail_file":"data/details/power-plants-60.json","plant_id":"64136","capacity_mw":42.0,"status_group":"Operating","energy_sources":"SUN","type":"Power plant","is_nuclear":false}},{"type":"Feature","geometry":{"type":"Point","coordinates":[-79.506,36.727]},"properties":{"key":"67373-1283c348","layer":"power","name":"TPE Irish Road Solar, LLC","state":"VA","detail_file":"data/details/power-plants-49.json","plant_id":"67373","capacity_mw":5.0,"status_group":"Operating","energy_sources":"SUN","type":"Power plant","is_nuclear":false}},{"type":"Feature","geometry":{"type":"Point","coordinates":[-79.506,36.727]},"properties":{"key":"67374-79d28235","layer":"power","name":"TPE Whitmell Solar, LLC","state":"VA","detail_file":"data/details/power-plants-41.json","plant_id":"67374","capacity_mw":5.0,"status_group":"Operating","energy_sources":"SUN","type":"Power plant","is_nuclear":false}},{"type":"Feature","geometry":{"type":"Point","coordinates":[-76.67,36.79]},"properties":{"key":"63746-7c6c92cd","layer":"power","name":"TWE Myrtle Solar Farm, LLC","state":"VA","detail_file":"data/details/power-plants-33.json","plant_id":"63746","capacity_mw":15.0,"status_group":"Operating","energy_sources":"SUN","type":"Power plant","is_nuclear":false}},{"type":"Feature","geometry":{"type":"Point","coordinates":[-78.381,37.867]},"properties":{"key":"55439-fad2cc92","layer":"power","name":"Tenaska Virginia Generating Station","state":"VA","detail_file":"data/details/power-plants-36.json","plant_id":"55439","capacity_mw":1011.4,"status_group":"Operating","energy_sources":"NG","type":"Power plant","is_nuclear":false}},{"type":"Feature","geometry":{"type":"Point","coordinates":[-78.214,39.202]},"properties":{"key":"67272-d07a5539","layer":"power","name":"The Village at Orchard Ridge (TVOR)","state":"VA","detail_file":"data/details/power-plants-17.json","plant_id":"67272","capacity_mw":1.4,"status_group":"Operating","energy_sources":"SUN","type":"Power plant","is_nuclear":false}},{"type":"Feature","geometry":{"type":"Point","coordinates":[-78.581,37.018]},"properties":{"key":"63077-a9b8eac4","layer":"power","name":"Twittys Creek Solar, LLC","state":"VA","detail_file":"data/details/power-plants-04.json","plant_id":"63077","capacity_mw":13.8,"status_group":"Operating","energy_sources":"SUN","type":"Power plant","is_nuclear":false}},{"type":"Feature","geometry":{"type":"Point","coordinates":[-77.931,38.013]},"properties":{"key":"67884-e36c2378","layer":"power","name":"Two Oaks Solar and Storage LLC","state":"VA","detail_file":"data/details/power-plants-22.json","plant_id":"67884","capacity_mw":168.0,"status_group":"Planned","energy_sources":"MWH; SUN","type":"Power plant","is_nuclear":false}},{"type":"Feature","geometry":{"type":"Point","coordinates":[-77.555,38.786]},"properties":{"key":"68063-d6fa5319","layer":"power","name":"VA- US Foods- Manassas","state":"VA","detail_file":"data/details/power-plants-04.json","plant_id":"68063","capacity_mw":2.0,"status_group":"Operating","energy_sources":"SUN","type":"Power plant","is_nuclear":false}},{"type":"Feature","geometry":{"type":"Point","coordinates":[-77.508,38.741]},"properties":{"key":"7440-fa59ee31","layer":"power","name":"VMEA 1 Credit Gen","state":"VA","detail_file":"data/details/power-plants-13.json","plant_id":"7440","capacity_mw":13.2,"status_group":"Operating","energy_sources":"DFO","type":"Power plant","is_nuclear":false}},{"type":"Feature","geometry":{"type":"Point","coordinates":[-77.508,38.741]},"properties":{"key":"7441-b1899667","layer":"power","name":"VMEA Peaking Gen","state":"VA","detail_file":"data/details/power-plants-59.json","plant_id":"7441","capacity_mw":6.4,"status_group":"Operating","energy_sources":"DFO","type":"Power plant","is_nuclear":false}},{"type":"Feature","geometry":{"type":"Point","coordinates":[-78.177,38.972]},"properties":{"key":"55939-a93dba4b","layer":"power","name":"Warren County","state":"VA","detail_file":"data/details/power-plants-17.json","plant_id":"55939","capacity_mw":1472.2,"status_group":"Operating","energy_sources":"NG","type":"Power plant","is_nuclear":false}},{"type":"Feature","geometry":{"type":"Point","coordinates":[-76.444,37.076]},"properties":{"key":"56531-08db81de","layer":"power","name":"Waste Management Bethel LFGTE","state":"VA","detail_file":"data/details/power-plants-42.json","plant_id":"56531","capacity_mw":4.8,"status_group":"Operating","energy_sources":"LFG","type":"Power plant","is_nuclear":false}},{"type":"Feature","geometry":{"type":"Point","coordinates":[-77.308,38.275]},"properties":{"key":"57022-7211e966","layer":"power","name":"Waste Management King George LFGTE","state":"VA","detail_file":"data/details/power-plants-19.json","plant_id":"57022","capacity_mw":13.2,"status_group":"Operating","energy_sources":"LFG","type":"Power plant","is_nuclear":false}},{"type":"Feature","geometry":{"type":"Point","coordinates":[-76.625,37.52]},"properties":{"key":"57018-c3e75a0a","layer":"power","name":"Waste Management Middle Peninsula LFGTE","state":"VA","detail_file":"data/details/power-plants-22.json","plant_id":"57018","capacity_mw":6.4,"status_group":"Operating","energy_sources":"LFG","type":"Power plant","is_nuclear":false}},{"type":"Feature","geometry":{"type":"Point","coordinates":[-79.027,37.016]},"properties":{"key":"63549-893e63bf","layer":"power","name":"Water Strider Solar","state":"VA","detail_file":"data/details/power-plants-41.json","plant_id":"63549","capacity_mw":80.0,"status_group":"Operating","energy_sources":"SUN","type":"Power plant","is_nuclear":false}},{"type":"Feature","geometry":{"type":"Point","coordinates":[-77.621,38.761]},"properties":{"key":"56368-3320b388","layer":"power","name":"Water Treatment Plant Generators","state":"VA","detail_file":"data/details/power-plants-14.json","plant_id":"56368","capacity_mw":1.8,"status_group":"Operating","energy_sources":"DFO","type":"Power plant","is_nuclear":false}},{"type":"Feature","geometry":{"type":"Point","coordinates":[-78.886,36.682]},"properties":{"key":"65221-f8789b5b","layer":"power","name":"Watlington Solar","state":"VA","detail_file":"data/details/power-plants-36.json","plant_id":"65221","capacity_mw":20.0,"status_group":"Operating","energy_sources":"SUN","type":"Power plant","is_nuclear":false}},{"type":"Feature","geometry":{"type":"Point","coordinates":[-77.123,37.021]},"properties":{"key":"65225-3c403766","layer":"power","name":"Waverly Solar, LLC","state":"VA","detail_file":"data/details/power-plants-38.json","plant_id":"65225","capacity_mw":118.0,"status_group":"Operating","energy_sources":"SUN","type":"Power plant","is_nuclear":false}},{"type":"Feature","geometry":{"type":"Point","coordinates":[-78.875,38.147]},"properties":{"key":"70132-b4c289a9","layer":"power","name":"Waynesboro - VA 0426 (Patterson B)","state":"VA","detail_file":"data/details/power-plants-36.json","plant_id":"70132","capacity_mw":5.0,"status_group":"Under construction","energy_sources":"SUN","type":"Power plant","is_nuclear":false}},{"type":"Feature","geometry":{"type":"Point","coordinates":[-78.923,38.102]},"properties":{"key":"67530-000f7081","layer":"power","name":"Waynesboro Bridge Solar, LLC Community S","state":"VA","detail_file":"data/details/power-plants-49.json","plant_id":"67530","capacity_mw":5.0,"status_group":"Operating","energy_sources":"SUN","type":"Power plant","is_nuclear":false}},{"type":"Feature","geometry":{"type":"Point","coordinates":[-76.805,37.539]},"properties":{"key":"10017-9f58b031","layer":"power","name":"WestRock-West Point Mill","state":"VA","detail_file":"data/details/power-plants-14.json","plant_id":"10017","capacity_mw":101.0,"status_group":"Operating","energy_sources":"BLQ","type":"Power plant","is_nuclear":false}},{"type":"Feature","geometry":{"type":"Point","coordinates":[-76.407,36.848]},"properties":{"key":"59904-2742394e","layer":"power","name":"Western Branch High School","state":"VA","detail_file":"data/details/power-plants-56.json","plant_id":"59904","capacity_mw":1.0,"status_group":"Operating","energy_sources":"SUN","type":"Power plant","is_nuclear":false}},{"type":"Feature","geometry":{"type":"Point","coordinates":[-76.744,38.007]},"properties":{"key":"63696-e847435a","layer":"power","name":"Westmoreland County Solar Project","state":"VA","detail_file":"data/details/power-plants-14.json","plant_id":"63696","capacity_mw":19.9,"status_group":"Operating","energy_sources":"SUN","type":"Power plant","is_nuclear":false}},{"type":"Feature","geometry":{"type":"Point","coordinates":[-76.389,37.653]},"properties":{"key":"67138-2af4cc4a","layer":"power","name":"White Stone Ocran Solar LLC Community So","state":"VA","detail_file":"data/details/power-plants-02.json","plant_id":"67138","capacity_mw":5.0,"status_group":"Operating","energy_sources":"SUN","type":"Power plant","is_nuclear":false}},{"type":"Feature","geometry":{"type":"Point","coordinates":[-79.359,36.931]},"properties":{"key":"62959-e7f50d6a","layer":"power","name":"Whitehorn Solar","state":"VA","detail_file":"data/details/power-plants-24.json","plant_id":"62959","capacity_mw":50.0,"status_group":"Operating","energy_sources":"SUN","type":"Power plant","is_nuclear":false}},{"type":"Feature","geometry":{"type":"Point","coordinates":[-77.972,38.023]},"properties":{"key":"60319-c215e20b","layer":"power","name":"Whitehouse Solar Farm","state":"VA","detail_file":"data/details/power-plants-04.json","plant_id":"60319","capacity_mw":20.0,"status_group":"Operating","energy_sources":"SUN","type":"Power plant","is_nuclear":false}},{"type":"Feature","geometry":{"type":"Point","coordinates":[-76.53,37.36]},"properties":{"key":"68775-08faf1f0","layer":"power","name":"Winterberry Solar","state":"VA","detail_file":"data/details/power-plants-42.json","plant_id":"68775","capacity_mw":20.0,"status_group":"Operating","energy_sources":"SUN","type":"Power plant","is_nuclear":false}},{"type":"Feature","geometry":{"type":"Point","coordinates":[-76.611,36.89]},"properties":{"key":"60318-2f69a7ad","layer":"power","name":"Woodland Solar Farm","state":"VA","detail_file":"data/details/power-plants-23.json","plant_id":"60318","capacity_mw":19.0,"status_group":"Operating","energy_sources":"SUN","type":"Power plant","is_nuclear":false}},{"type":"Feature","geometry":{"type":"Point","coordinates":[-79.233,36.818]},"properties":{"key":"64768-c1b22f26","layer":"power","name":"Zenith Solar","state":"VA","detail_file":"data/details/power-plants-44.json","plant_id":"64768","capacity_mw":60.0,"status_group":"Planned","energy_sources":"SUN","type":"Power plant","is_nuclear":false}},{"type":"Feature","geometry":{"type":"Point","coordinates":[-77.887,39.532]},"properties":{"key":"64848-64347816","layer":"power","name":"Bedington Energy Facility, LLC","state":"WV","detail_file":"data/details/power-plants-07.json","plant_id":"64848","capacity_mw":100.0,"status_group":"Under construction","energy_sources":"SUN","type":"Power plant","is_nuclear":false}},{"type":"Feature","geometry":{"type":"Point","coordinates":[-79.108,39.367]},"properties":{"key":"64433-ec7513d5","layer":"power","name":"Black Rock Wind","state":"WV","detail_file":"data/details/power-plants-46.json","plant_id":"64433","capacity_mw":115.0,"status_group":"Operating","energy_sources":"WND","type":"Power plant","is_nuclear":false}},{"type":"Feature","geometry":{"type":"Point","coordinates":[-77.833,39.264]},"properties":{"key":"66276-9675065a","layer":"power","name":"Blake Solar Plant","state":"WV","detail_file":"data/details/power-plants-48.json","plant_id":"66276","capacity_mw":96.0,"status_group":"Operating","energy_sources":"SUN","type":"Power plant","is_nuclear":false}},{"type":"Feature","geometry":{"type":"Point","coordinates":[-78.642,39.287]},"properties":{"key":"67694-8696943c","layer":"power","name":"Capon Bridge Solar LLC","state":"WV","detail_file":"data/details/power-plants-03.json","plant_id":"67694","capacity_mw":20.0,"status_group":"Operating","energy_sources":"SUN","type":"Power plant","is_nuclear":false}},{"type":"Feature","geometry":{"type":"Point","coordinates":[-77.827,39.493]},"properties":{"key":"6543-38447dc4","layer":"power","name":"Dam No. 4 Hydro Station","state":"WV","detail_file":"data/details/power-plants-04.json","plant_id":"6543","capacity_mw":1.9,"status_group":"Operating","energy_sources":"WAT","type":"Power plant","is_nuclear":false}},{"type":"Feature","geometry":{"type":"Point","coordinates":[-77.923,39.605]},"properties":{"key":"6544-578524a9","layer":"power","name":"Dam No. 5 Hydro Station","state":"WV","detail_file":"data/details/power-plants-09.json","plant_id":"6544","capacity_mw":1.0,"status_group":"Operating","energy_sources":"WAT","type":"Power plant","is_nuclear":false}},{"type":"Feature","geometry":{"type":"Point","coordinates":[-79.443,39.155]},"properties":{"key":"66870-da71a5f2","layer":"power","name":"Davis Solar (WV)","state":"WV","detail_file":"data/details/power-plants-24.json","plant_id":"66870","capacity_mw":11.5,"status_group":"Under construction","energy_sources":"SUN","type":"Power plant","is_nuclear":false}},{"type":"Feature","geometry":{"type":"Point","coordinates":[-79.927,39.711]},"properties":{"key":"3943-0a3c7dd0","layer":"power","name":"FirstEnergy Fort Martin Power Station","state":"WV","detail_file":"data/details/power-plants-16.json","plant_id":"3943","capacity_mw":1152.0,"status_group":"Operating","energy_sources":"BIT","type":"Power plant","is_nuclear":false}},{"type":"Feature","geometry":{"type":"Point","coordinates":[-79.949,39.708]},"properties":{"key":"66898-41224e37","layer":"power","name":"Fort Martin Solar","state":"WV","detail_file":"data/details/power-plants-50.json","plant_id":"66898","capacity_mw":18.9,"status_group":"Operating","energy_sources":"SUN","type":"Power plant","is_nuclear":false}},{"type":"Feature","geometry":{"type":"Point","coordinates":[-79.887,39.007]},"properties":{"key":"57447-9c5ccda8","layer":"power","name":"Laurel Mountain Hybrid","state":"WV","detail_file":"data/details/power-plants-47.json","plant_id":"57447","capacity_mw":97.6,"status_group":"Operating","energy_sources":"WND","type":"Power plant","is_nuclear":false}},{"type":"Feature","geometry":{"type":"Point","coordinates":[-79.959,39.708]},"properties":{"key":"56671-ba8d0cad","layer":"power","name":"Longview Power Plant","state":"WV","detail_file":"data/details/power-plants-20.json","plant_id":"56671","capacity_mw":807.5,"status_group":"Operating","energy_sources":"BIT","type":"Power plant","is_nuclear":false}},{"type":"Feature","geometry":{"type":"Point","coordinates":[-77.836,39.589]},"properties":{"key":"66899-92ed1de8","layer":"power","name":"Marlowe Solar","state":"WV","detail_file":"data/details/power-plants-39.json","plant_id":"66899","capacity_mw":5.8,"status_group":"Operating","energy_sources":"SUN","type":"Power plant","is_nuclear":false}},{"type":"Feature","geometry":{"type":"Point","coordinates":[-77.784,39.273]},"properties":{"key":"6546-ad4f7979","layer":"power","name":"Millville Hydro Station","state":"WV","detail_file":"data/details/power-plants-56.json","plant_id":"6546","capacity_mw":2.8,"status_group":"Operating","energy_sources":"WAT","type":"Power plant","is_nuclear":false}},{"type":"Feature","geometry":{"type":"Point","coordinates":[-79.961,39.64]},"properties":{"key":"10743-976e7f6c","layer":"power","name":"Morgantown Energy Facility","state":"WV","detail_file":"data/details/power-plants-10.json","plant_id":"10743","capacity_mw":68.9,"status_group":"Operating","energy_sources":"WC","type":"Power plant","is_nuclear":false}},{"type":"Feature","geometry":{"type":"Point","coordinates":[-79.968,39.62]},"properties":{"key":"62387-387f1c28","layer":"power","name":"Morgantown L&D Hydroelectric Project","state":"WV","detail_file":"data/details/power-plants-17.json","plant_id":"62387","capacity_mw":5.0,"status_group":"Planned","energy_sources":"WAT","type":"Power plant","is_nuclear":false}},{"type":"Feature","geometry":{"type":"Point","coordinates":[-79.537,39.183]},"properties":{"key":"55986-1cd2f835","layer":"power","name":"Mountaineer Wind Energy Center","state":"WV","detail_file":"data/details/power-plants-05.json","plant_id":"55986","capacity_mw":66.0,"status_group":"Operating","energy_sources":"WND","type":"Power plant","is_nuclear":false}},{"type":"Feature","geometry":{"type":"Point","coordinates":[-79.264,39.201]},"properties":{"key":"3954-d67b3532","layer":"power","name":"Mt Storm","state":"WV","detail_file":"data/details/power-plants-56.json","plant_id":"3954","capacity_mw":1680.9,"status_group":"Operating","energy_sources":"BIT; JF","type":"Power plant","is_nuclear":false}},{"type":"Feature","geometry":{"type":"Point","coordinates":[-79.209,39.218]},"properties":{"key":"56495-45d63672","layer":"power","name":"NedPower Mount Storm","state":"WV","detail_file":"data/details/power-plants-08.json","plant_id":"56495","capacity_mw":264.0,"status_group":"Operating","energy_sources":"WND","type":"Power plant","is_nuclear":false}},{"type":"Feature","geometry":{"type":"Point","coordinates":[-79.141,39.201]},"properties":{"key":"60132-91b549c4","layer":"power","name":"New Creek Wind","state":"WV","detail_file":"data/details/power-plants-53.json","plant_id":"60132","capacity_mw":103.0,"status_group":"Operating","energy_sources":"WND","type":"Power plant","is_nuclear":false}},{"type":"Feature","geometry":{"type":"Point","coordinates":[-78.475,39.289]},"properties":{"key":"67874-b9eb92e0","layer":"power","name":"Parks Valley Energy LLC","state":"WV","detail_file":"data/details/power-plants-42.json","plant_id":"67874","capacity_mw":150.0,"status_group":"Planned","energy_sources":"MWH","type":"Power plant","is_nuclear":false}},{"type":"Feature","geometry":{"type":"Point","coordinates":[-79.03,39.445]},"properties":{"key":"57595-7557cf9c","layer":"power","name":"Pinnacle Wind Force LLC","state":"WV","detail_file":"data/details/power-plants-16.json","plant_id":"57595","capacity_mw":53.7,"status_group":"Operating","energy_sources":"WND","type":"Power plant","is_nuclear":false}}]}