{"type":"FeatureCollection","features":[{"type":"Feature","geometry":{"type":"Point","coordinates":[-72.835,41.448]},"properties":{"key":"6635-4c261776","layer":"power","name":"A L Pierce","state":"CT","detail_file":"data/details/power-plants-10.json","plant_id":"6635","capacity_mw":84.0,"status_group":"Operating","energy_sources":"NG","type":"Power plant","is_nuclear":false}},{"type":"Feature","geometry":{"type":"Point","coordinates":[-72.574,41.866]},"properties":{"key":"62615-5b4ef7c2","layer":"power","name":"ALDI DC 2","state":"CT","detail_file":"data/details/power-plants-17.json","plant_id":"62615","capacity_mw":1.2,"status_group":"Operating","energy_sources":"SUN","type":"Power plant","is_nuclear":false}},{"type":"Feature","geometry":{"type":"Point","coordinates":[-72.161,41.655]},"properties":{"key":"62026-e419650d","layer":"power","name":"Adams Solar","state":"CT","detail_file":"data/details/power-plants-61.json","plant_id":"62026","capacity_mw":1.0,"status_group":"Operating","energy_sources":"SUN","type":"Power plant","is_nuclear":false}},{"type":"Feature","geometry":{"type":"Point","coordinates":[-72.512,42.015]},"properties":{"key":"59788-bdfde18e","layer":"power","name":"Advance Stores Company, Inc","state":"CT","detail_file":"data/details/power-plants-31.json","plant_id":"59788","capacity_mw":1.0,"status_group":"Operating","energy_sources":"SUN","type":"Power plant","is_nuclear":false}},{"type":"Feature","geometry":{"type":"Point","coordinates":[-72.626,41.923]},"properties":{"key":"10567-b58a15e0","layer":"power","name":"Algonquin Windsor Locks","state":"CT","detail_file":"data/details/power-plants-35.json","plant_id":"10567","capacity_mw":71.0,"status_group":"Operating","energy_sources":"NG","type":"Power plant","is_nuclear":false}},{"type":"Feature","geometry":{"type":"Point","coordinates":[-72.85,41.45]},"properties":{"key":"63537-9fa9ce91","layer":"power","name":"Amazon BDL3 Solar Project","state":"CT","detail_file":"data/details/power-plants-19.json","plant_id":"63537","capacity_mw":1.0,"status_group":"Operating","energy_sources":"SUN","type":"Power plant","is_nuclear":false}},{"type":"Feature","geometry":{"type":"Point","coordinates":[-72.658,41.904]},"properties":{"key":"68013-e0533b30","layer":"power","name":"Amazon BDL4","state":"CT","detail_file":"data/details/power-plants-51.json","plant_id":"68013","capacity_mw":3.9,"status_group":"Operating","energy_sources":"SUN","type":"Power plant","is_nuclear":false}},{"type":"Feature","geometry":{"type":"Point","coordinates":[-72.234,41.417]},"properties":{"key":"59495-6fa23f9a","layer":"power","name":"Antares-GRE 314 East Lyme LLC","state":"CT","detail_file":"data/details/power-plants-06.json","plant_id":"59495","capacity_mw":4.0,"status_group":"Operating","energy_sources":"SUN","type":"Power plant","is_nuclear":false}},{"type":"Feature","geometry":{"type":"Point","coordinates":[-72.094,41.543]},"properties":{"key":"59415-e100143b","layer":"power","name":"Backus Microgrid Project","state":"CT","detail_file":"data/details/power-plants-36.json","plant_id":"59415","capacity_mw":10.4,"status_group":"Operating","energy_sources":"DFO","type":"Power plant","is_nuclear":false}},{"type":"Feature","geometry":{"type":"Point","coordinates":[-72.505,42.033]},"properties":{"key":"65287-24837420","layer":"power","name":"Barrow Solar","state":"CT","detail_file":"data/details/power-plants-44.json","plant_id":"65287","capacity_mw":2.0,"status_group":"Operating","energy_sources":"SUN","type":"Power plant","is_nuclear":false}},{"type":"Feature","geometry":{"type":"Point","coordinates":[-73.335,42.01]},"properties":{"key":"63262-d8ce29a1","layer":"power","name":"Becton Dickinson Ground & Roof Top","state":"CT","detail_file":"data/details/power-plants-27.json","plant_id":"63262","capacity_mw":2.5,"status_group":"Operating","energy_sources":"SUN","type":"Power plant","is_nuclear":false}},{"type":"Feature","geometry":{"type":"Point","coordinates":[-73.061,41.343]},"properties":{"key":"68116-b5f55201","layer":"power","name":"Benz Solar 1","state":"CT","detail_file":"data/details/power-plants-60.json","plant_id":"68116","capacity_mw":1.0,"status_group":"Operating","energy_sources":"SUN","type":"Power plant","is_nuclear":false}},{"type":"Feature","geometry":{"type":"Point","coordinates":[-73.061,41.344]},"properties":{"key":"68117-700d352c","layer":"power","name":"Benz Solar 2","state":"CT","detail_file":"data/details/power-plants-57.json","plant_id":"68117","capacity_mw":1.0,"status_group":"Operating","energy_sources":"SUN","type":"Power plant","is_nuclear":false}},{"type":"Feature","geometry":{"type":"Point","coordinates":[-72.505,42.034]},"properties":{"key":"69447-05496152","layer":"power","name":"Bilton Solar","state":"CT","detail_file":"data/details/power-plants-09.json","plant_id":"69447","capacity_mw":2.0,"status_group":"Operating","energy_sources":"SUN","type":"Power plant","is_nuclear":false}},{"type":"Feature","geometry":{"type":"Point","coordinates":[-72.503,42.03]},"properties":{"key":"64217-ac8235e3","layer":"power","name":"Blair Solar","state":"CT","detail_file":"data/details/power-plants-57.json","plant_id":"64217","capacity_mw":1.0,"status_group":"Operating","energy_sources":"SUN","type":"Power plant","is_nuclear":false}},{"type":"Feature","geometry":{"type":"Point","coordinates":[-72.683,41.927]},"properties":{"key":"58327-0a04a7ba","layer":"power","name":"Bradley Energy Center","state":"CT","detail_file":"data/details/power-plants-55.json","plant_id":"58327","capacity_mw":5.8,"status_group":"Operating","energy_sources":"NG","type":"Power plant","is_nuclear":false}},{"type":"Feature","geometry":{"type":"Point","coordinates":[-72.794,41.292]},"properties":{"key":"540-d2ddcd8e","layer":"power","name":"Branford","state":"CT","detail_file":"data/details/power-plants-17.json","plant_id":"540","capacity_mw":21.8,"status_group":"Operating","energy_sources":"KER","type":"Power plant","is_nuclear":false}},{"type":"Feature","geometry":{"type":"Point","coordinates":[-73.025,41.549]},"properties":{"key":"63288-6f2694c5","layer":"power","name":"Brass Mill Center","state":"CT","detail_file":"data/details/power-plants-46.json","plant_id":"63288","capacity_mw":3.4,"status_group":"Operating","energy_sources":"SUN","type":"Power plant","is_nuclear":false}},{"type":"Feature","geometry":{"type":"Point","coordinates":[-72.082,41.363]},"properties":{"key":"57598-c7bfdeeb","layer":"power","name":"Bridge Street 1 & 2","state":"CT","detail_file":"data/details/power-plants-13.json","plant_id":"57598","capacity_mw":5.2,"status_group":"Operating","energy_sources":"DFO","type":"Power plant","is_nuclear":false}},{"type":"Feature","geometry":{"type":"Point","coordinates":[-73.184,41.169]},"properties":{"key":"55042-5b481c73","layer":"power","name":"Bridgeport Energy Project","state":"CT","detail_file":"data/details/power-plants-40.json","plant_id":"55042","capacity_mw":520.0,"status_group":"Operating","energy_sources":"NG","type":"Power plant","is_nuclear":false}},{"type":"Feature","geometry":{"type":"Point","coordinates":[-73.211,41.168]},"properties":{"key":"58551-4af6398b","layer":"power","name":"Bridgeport Fuel Cell, LLC","state":"CT","detail_file":"data/details/power-plants-03.json","plant_id":"58551","capacity_mw":16.6,"status_group":"Operating","energy_sources":"NG","type":"Power plant","is_nuclear":false}},{"type":"Feature","geometry":{"type":"Point","coordinates":[-73.184,41.171]},"properties":{"key":"568-dcddc498","layer":"power","name":"Bridgeport Station","state":"CT","detail_file":"data/details/power-plants-11.json","plant_id":"568","capacity_mw":576.3,"status_group":"Operating","energy_sources":"NG","type":"Power plant","is_nuclear":false}},{"type":"Feature","geometry":{"type":"Point","coordinates":[-72.979,41.691]},"properties":{"key":"64978-7f5a8040","layer":"power","name":"Bristol Solar One, LLC","state":"CT","detail_file":"data/details/power-plants-56.json","plant_id":"64978","capacity_mw":3.0,"status_group":"Operating","energy_sources":"SUN","type":"Power plant","is_nuclear":false}},{"type":"Feature","geometry":{"type":"Point","coordinates":[-72.782,41.924]},"properties":{"key":"68490-2bb307ac","layer":"power","name":"Broadleaf Solar","state":"CT","detail_file":"data/details/power-plants-50.json","plant_id":"68490","capacity_mw":200.0,"status_group":"Under construction","energy_sources":"SUN","type":"Power plant","is_nuclear":false}},{"type":"Feature","geometry":{"type":"Point","coordinates":[-73.492,41.659]},"properties":{"key":"541-43cf7d65","layer":"power","name":"Bulls Bridge","state":"CT","detail_file":"data/details/power-plants-15.json","plant_id":"541","capacity_mw":7.2,"status_group":"Operating","energy_sources":"WAT","type":"Power plant","is_nuclear":false}},{"type":"Feature","geometry":{"type":"Point","coordinates":[-73.317,42.022]},"properties":{"key":"67506-d08f2edd","layer":"power","name":"Bunce","state":"CT","detail_file":"data/details/power-plants-48.json","plant_id":"67506","capacity_mw":2.0,"status_group":"Operating","energy_sources":"SUN","type":"Power plant","is_nuclear":false}},{"type":"Feature","geometry":{"type":"Point","coordinates":[-72.933,41.728]},"properties":{"key":"65784-9c1da0a9","layer":"power","name":"Burlington Solar 1","state":"CT","detail_file":"data/details/power-plants-17.json","plant_id":"65784","capacity_mw":3.5,"status_group":"Operating","energy_sources":"SUN","type":"Power plant","is_nuclear":false}},{"type":"Feature","geometry":{"type":"Point","coordinates":[-72.769,41.691]},"properties":{"key":"58224-839b1399","layer":"power","name":"CCSU Co-Gen-STBY Gen","state":"CT","detail_file":"data/details/power-plants-11.json","plant_id":"58224","capacity_mw":3.6,"status_group":"Operating","energy_sources":"DFO; NG","type":"Power plant","is_nuclear":false}},{"type":"Feature","geometry":{"type":"Point","coordinates":[-72.761,41.692]},"properties":{"key":"58237-28698954","layer":"power","name":"CCSU Fuel Cell Project","state":"CT","detail_file":"data/details/power-plants-63.json","plant_id":"58237","capacity_mw":1.4,"status_group":"Operating","energy_sources":"NG","type":"Power plant","is_nuclear":false}},{"type":"Feature","geometry":{"type":"Point","coordinates":[-72.159,41.571]},"properties":{"key":"60225-20806be0","layer":"power","name":"CMEEC - Bozrah","state":"CT","detail_file":"data/details/power-plants-00.json","plant_id":"60225","capacity_mw":2.5,"status_group":"Operating","energy_sources":"SUN","type":"Power plant","is_nuclear":false}},{"type":"Feature","geometry":{"type":"Point","coordinates":[-72.079,41.395]},"properties":{"key":"60608-8b9197ba","layer":"power","name":"CMEEC - Navy NE Trident","state":"CT","detail_file":"data/details/power-plants-07.json","plant_id":"60608","capacity_mw":1.0,"status_group":"Operating","energy_sources":"SUN","type":"Power plant","is_nuclear":false}},{"type":"Feature","geometry":{"type":"Point","coordinates":[-72.105,41.577]},"properties":{"key":"60609-fca8e4d4","layer":"power","name":"CMEEC - Norwich Stott St Solar Hybrid","state":"CT","detail_file":"data/details/power-plants-23.json","plant_id":"60609","capacity_mw":4.3,"status_group":"Operating","energy_sources":"MWH; SUN","type":"Power plant","is_nuclear":false}},{"type":"Feature","geometry":{"type":"Point","coordinates":[-72.077,41.381]},"properties":{"key":"60607-ec7e9388","layer":"power","name":"CMEEC - Polaris Park Solar Hybrid","state":"CT","detail_file":"data/details/power-plants-18.json","plant_id":"60607","capacity_mw":4.3,"status_group":"Operating","energy_sources":"MWH; SUN","type":"Power plant","is_nuclear":false}},{"type":"Feature","geometry":{"type":"Point","coordinates":[-72.123,41.538]},"properties":{"key":"60605-3d9c70bc","layer":"power","name":"CMEEC - Rogers Rd Solar","state":"CT","detail_file":"data/details/power-plants-11.json","plant_id":"60605","capacity_mw":1.3,"status_group":"Operating","energy_sources":"SUN","type":"Power plant","is_nuclear":false}},{"type":"Feature","geometry":{"type":"Point","coordinates":[-72.42,41.4]},"properties":{"key":"68327-42bbfffd","layer":"power","name":"CP East Hampton I & II Solar","state":"CT","detail_file":"data/details/power-plants-19.json","plant_id":"68327","capacity_mw":2.0,"status_group":"Operating","energy_sources":"SUN","type":"Power plant","is_nuclear":false}},{"type":"Feature","geometry":{"type":"Point","coordinates":[-72.707,41.549]},"properties":{"key":"63374-1f2d9db3","layer":"power","name":"CP Middletown Solar I LLC","state":"CT","detail_file":"data/details/power-plants-19.json","plant_id":"63374","capacity_mw":1.0,"status_group":"Operating","energy_sources":"SUN","type":"Power plant","is_nuclear":false}},{"type":"Feature","geometry":{"type":"Point","coordinates":[-72.707,41.549]},"properties":{"key":"63375-1e061242","layer":"power","name":"CP Middletown Solar II LLC","state":"CT","detail_file":"data/details/power-plants-17.json","plant_id":"63375","capacity_mw":1.0,"status_group":"Operating","energy_sources":"SUN","type":"Power plant","is_nuclear":false}},{"type":"Feature","geometry":{"type":"Point","coordinates":[-73.123,41.481]},"properties":{"key":"56047-b9ec556b","layer":"power","name":"CPV Towantic Energy Center","state":"CT","detail_file":"data/details/power-plants-18.json","plant_id":"56047","capacity_mw":841.5,"status_group":"Operating","energy_sources":"NG","type":"Power plant","is_nuclear":false}},{"type":"Feature","geometry":{"type":"Point","coordinates":[-72.671,41.934]},"properties":{"key":"65146-c702cb9b","layer":"power","name":"CT Airport Authority Solar One","state":"CT","detail_file":"data/details/power-plants-17.json","plant_id":"65146","capacity_mw":4.0,"status_group":"Planned","energy_sources":"SUN","type":"Power plant","is_nuclear":false}},{"type":"Feature","geometry":{"type":"Point","coordinates":[-72.898,41.518]},"properties":{"key":"69013-e5804f14","layer":"power","name":"CTGB Maloney and Webster","state":"CT","detail_file":"data/details/power-plants-16.json","plant_id":"69013","capacity_mw":2.0,"status_group":"Operating","energy_sources":"SUN","type":"Power plant","is_nuclear":false}},{"type":"Feature","geometry":{"type":"Point","coordinates":[-72.898,41.518]},"properties":{"key":"69011-9ca492e3","layer":"power","name":"CTGB Manson Youth","state":"CT","detail_file":"data/details/power-plants-17.json","plant_id":"69011","capacity_mw":2.0,"status_group":"Operating","energy_sources":"SUN","type":"Power plant","is_nuclear":false}},{"type":"Feature","geometry":{"type":"Point","coordinates":[-72.499,42.033]},"properties":{"key":"69012-3452f4d3","layer":"power","name":"CTGB Osborn","state":"CT","detail_file":"data/details/power-plants-45.json","plant_id":"69012","capacity_mw":1.8,"status_group":"Operating","energy_sources":"SUN","type":"Power plant","is_nuclear":false}},{"type":"Feature","geometry":{"type":"Point","coordinates":[-72.65,42.009]},"properties":{"key":"61398-cc660369","layer":"power","name":"Canis Major Solar Farm","state":"CT","detail_file":"data/details/power-plants-42.json","plant_id":"61398","capacity_mw":2.0,"status_group":"Operating","energy_sources":"SUN","type":"Power plant","is_nuclear":false}},{"type":"Feature","geometry":{"type":"Point","coordinates":[-72.986,41.893]},"properties":{"key":"61408-57bc08ab","layer":"power","name":"Canis Minor Solar Farm","state":"CT","detail_file":"data/details/power-plants-34.json","plant_id":"61408","capacity_mw":1.0,"status_group":"Operating","energy_sources":"SUN","type":"Power plant","is_nuclear":false}},{"type":"Feature","geometry":{"type":"Point","coordinates":[-72.607,41.776]},"properties":{"key":"58116-5a75afab","layer":"power","name":"Cellu Tissue","state":"CT","detail_file":"data/details/power-plants-37.json","plant_id":"58116","capacity_mw":3.0,"status_group":"Operating","energy_sources":"NG","type":"Power plant","is_nuclear":false}},{"type":"Feature","geometry":{"type":"Point","coordinates":[-72.123,41.538]},"properties":{"key":"60228-44a17794","layer":"power","name":"Conn Mun Electric Energy Coop","state":"CT","detail_file":"data/details/power-plants-17.json","plant_id":"60228","capacity_mw":1.0,"status_group":"Operating","energy_sources":"SUN","type":"Power plant","is_nuclear":false}},{"type":"Feature","geometry":{"type":"Point","coordinates":[-72.103,41.382]},"properties":{"key":"66152-1a402ed1","layer":"power","name":"Connecticut College","state":"CT","detail_file":"data/details/power-plants-34.json","plant_id":"66152","capacity_mw":1.2,"status_group":"Operating","energy_sources":"NG","type":"Power plant","is_nuclear":false}},{"type":"Feature","geometry":{"type":"Point","coordinates":[-72.741,41.642]},"properties":{"key":"63358-47122389","layer":"power","name":"Corbin Russwin Phase 3 Berlin","state":"CT","detail_file":"data/details/power-plants-21.json","plant_id":"63358","capacity_mw":1.0,"status_group":"Operating","energy_sources":"SUN","type":"Power plant","is_nuclear":false}},{"type":"Feature","geometry":{"type":"Point","coordinates":[-73.599,41.029]},"properties":{"key":"542-5e1d97b7","layer":"power","name":"Cos Cob","state":"CT","detail_file":"data/details/power-plants-24.json","plant_id":"542","capacity_mw":115.0,"status_group":"Operating","energy_sources":"KER","type":"Power plant","is_nuclear":false}},{"type":"Feature","geometry":{"type":"Point","coordinates":[-72.915,41.649]},"properties":{"key":"50648-edde3348","layer":"power","name":"Covanta Bristol Energy","state":"CT","detail_file":"data/details/power-plants-19.json","plant_id":"50648","capacity_mw":16.3,"status_group":"Operating","energy_sources":"MSW","type":"Power plant","is_nuclear":false}},{"type":"Feature","geometry":{"type":"Point","coordinates":[-72.069,41.475]},"properties":{"key":"10646-20fad730","layer":"power","name":"Covanta Southeastern Connecticut Company","state":"CT","detail_file":"data/details/power-plants-44.json","plant_id":"10646","capacity_mw":18.3,"status_group":"Operating","energy_sources":"MSW","type":"Power plant","is_nuclear":false}},{"type":"Feature","geometry":{"type":"Point","coordinates":[-72.475,41.542]},"properties":{"key":"62657-83edbdb9","layer":"power","name":"DWW Solar ll","state":"CT","detail_file":"data/details/power-plants-57.json","plant_id":"62657","capacity_mw":36.9,"status_group":"Operating","energy_sources":"SUN","type":"Power plant","is_nuclear":false}},{"type":"Feature","geometry":{"type":"Point","coordinates":[-73.448,41.405]},"properties":{"key":"58152-69d5efc9","layer":"power","name":"Danbury Hospital Cogen Plant","state":"CT","detail_file":"data/details/power-plants-60.json","plant_id":"58152","capacity_mw":4.3,"status_group":"Operating","energy_sources":"NG","type":"Power plant","is_nuclear":false}},{"type":"Feature","geometry":{"type":"Point","coordinates":[-73.099,41.325]},"properties":{"key":"62588-8e19704c","layer":"power","name":"Derby Fuel Cell","state":"CT","detail_file":"data/details/power-plants-52.json","plant_id":"62588","capacity_mw":14.0,"status_group":"Operating","energy_sources":"NG","type":"Power plant","is_nuclear":false}},{"type":"Feature","geometry":{"type":"Point","coordinates":[-73.102,41.324]},"properties":{"key":"10063-d5d27178","layer":"power","name":"Derby Hydro","state":"CT","detail_file":"data/details/power-plants-12.json","plant_id":"10063","capacity_mw":8.6,"status_group":"Operating","energy_sources":"WAT","type":"Power plant","is_nuclear":false}},{"type":"Feature","geometry":{"type":"Point","coordinates":[-73.109,41.21]},"properties":{"key":"544-b4a20dd9","layer":"power","name":"Devon Station","state":"CT","detail_file":"data/details/power-plants-39.json","plant_id":"544","capacity_mw":222.6,"status_group":"Operating","energy_sources":"KER","type":"Power plant","is_nuclear":false}},{"type":"Feature","geometry":{"type":"Point","coordinates":[-72.079,41.77]},"properties":{"key":"63245-5f969669","layer":"power","name":"Dickinson Solar (CT)","state":"CT","detail_file":"data/details/power-plants-58.json","plant_id":"63245","capacity_mw":2.0,"status_group":"Operating","energy_sources":"SUN","type":"Power plant","is_nuclear":false}},{"type":"Feature","geometry":{"type":"Point","coordinates":[-73.024,41.229]},"properties":{"key":"67744-6f1d1e3d","layer":"power","name":"Dynamic Energy CT STAG","state":"CT","detail_file":"data/details/power-plants-23.json","plant_id":"67744","capacity_mw":1.5,"status_group":"Operating","energy_sources":"SUN","type":"Power plant","is_nuclear":false}},{"type":"Feature","geometry":{"type":"Point","coordinates":[-72.55,41.85]},"properties":{"key":"68674-df3264b9","layer":"power","name":"East Windsor","state":"CT","detail_file":"data/details/power-plants-59.json","plant_id":"68674","capacity_mw":4.0,"status_group":"Operating","energy_sources":"SUN","type":"Power plant","is_nuclear":false}},{"type":"Feature","geometry":{"type":"Point","coordinates":[-72.518,41.89]},"properties":{"key":"65667-abe4f25d","layer":"power","name":"East Windsor Solar One","state":"CT","detail_file":"data/details/power-plants-00.json","plant_id":"65667","capacity_mw":5.0,"status_group":"Operating","energy_sources":"SUN","type":"Power plant","is_nuclear":false}},{"type":"Feature","geometry":{"type":"Point","coordinates":[-72.532,41.894]},"properties":{"key":"65149-9efd1699","layer":"power","name":"East Windsor Solar Two","state":"CT","detail_file":"data/details/power-plants-31.json","plant_id":"65149","capacity_mw":4.0,"status_group":"Operating","energy_sources":"SUN","type":"Power plant","is_nuclear":false}},{"type":"Feature","geometry":{"type":"Point","coordinates":[-72.578,41.554]},"properties":{"key":"66786-db2b7591","layer":"power","name":"Elevate Middletown","state":"CT","detail_file":"data/details/power-plants-08.json","plant_id":"66786","capacity_mw":275.0,"status_group":"Planned","energy_sources":"MWH","type":"Power plant","is_nuclear":false}},{"type":"Feature","geometry":{"type":"Point","coordinates":[-72.503,41.937]},"properties":{"key":"67865-636ba199","layer":"power","name":"Ellington - 277 Sadds Mill","state":"CT","detail_file":"data/details/power-plants-20.json","plant_id":"67865","capacity_mw":2.0,"status_group":"Operating","energy_sources":"SUN","type":"Power plant","is_nuclear":false}},{"type":"Feature","geometry":{"type":"Point","coordinates":[-73.122,41.272]},"properties":{"key":"66429-56f2b289","layer":"power","name":"Emerald Gardens PKI, LLC","state":"CT","detail_file":"data/details/power-plants-43.json","plant_id":"66429","capacity_mw":1.6,"status_group":"Operating","energy_sources":"SUN","type":"Power plant","is_nuclear":false}},{"type":"Feature","geometry":{"type":"Point","coordinates":[-72.525,41.995]},"properties":{"key":"65047-35b5d583","layer":"power","name":"Enfield Solar One","state":"CT","detail_file":"data/details/power-plants-10.json","plant_id":"65047","capacity_mw":4.0,"status_group":"Operating","energy_sources":"SUN","type":"Power plant","is_nuclear":false}},{"type":"Feature","geometry":{"type":"Point","coordinates":[-72.713,41.595]},"properties":{"key":"64753-0c169391","layer":"power","name":"FDX010.0 FedEx Fuel Cell","state":"CT","detail_file":"data/details/power-plants-22.json","plant_id":"64753","capacity_mw":1.0,"status_group":"Operating","energy_sources":"NG","type":"Power plant","is_nuclear":false}},{"type":"Feature","geometry":{"type":"Point","coordinates":[-73.257,41.159]},"properties":{"key":"56928-808d4e54","layer":"power","name":"Fairfield University CHP Plant","state":"CT","detail_file":"data/details/power-plants-02.json","plant_id":"56928","capacity_mw":4.5,"status_group":"Operating","energy_sources":"NG","type":"Power plant","is_nuclear":false}},{"type":"Feature","geometry":{"type":"Point","coordinates":[-73.369,41.957]},"properties":{"key":"560-a2d9ebc3","layer":"power","name":"Falls Village","state":"CT","detail_file":"data/details/power-plants-28.json","plant_id":"560","capacity_mw":9.0,"status_group":"Operating","energy_sources":"WAT","type":"Power plant","is_nuclear":false}},{"type":"Feature","geometry":{"type":"Point","coordinates":[-72.719,41.597]},"properties":{"key":"65046-f2a5533e","layer":"power","name":"FedEx Middletown","state":"CT","detail_file":"data/details/power-plants-21.json","plant_id":"65046","capacity_mw":1.5,"status_group":"Operating","energy_sources":"SUN","type":"Power plant","is_nuclear":false}},{"type":"Feature","geometry":{"type":"Point","coordinates":[-72.504,42.031]},"properties":{"key":"64219-970f681c","layer":"power","name":"Few Solar","state":"CT","detail_file":"data/details/power-plants-11.json","plant_id":"64219","capacity_mw":1.0,"status_group":"Operating","energy_sources":"SUN","type":"Power plant","is_nuclear":false}},{"type":"Feature","geometry":{"type":"Point","coordinates":[-72.102,41.471]},"properties":{"key":"57599-0a0bfa6b","layer":"power","name":"Fort Hill 1, 2, 3 & 4","state":"CT","detail_file":"data/details/power-plants-44.json","plant_id":"57599","capacity_mw":10.4,"status_group":"Operating","energy_sources":"DFO","type":"Power plant","is_nuclear":false}},{"type":"Feature","geometry":{"type":"Point","coordinates":[-73.116,41.799]},"properties":{"key":"561-70afbc17","layer":"power","name":"Franklin Drive","state":"CT","detail_file":"data/details/power-plants-47.json","plant_id":"561","capacity_mw":21.8,"status_group":"Operating","energy_sources":"KER","type":"Power plant","is_nuclear":false}},{"type":"Feature","geometry":{"type":"Point","coordinates":[-72.159,41.656]},"properties":{"key":"62021-703987c4","layer":"power","name":"Franklin Solar (CT)","state":"CT","detail_file":"data/details/power-plants-21.json","plant_id":"62021","capacity_mw":1.0,"status_group":"Operating","energy_sources":"SUN","type":"Power plant","is_nuclear":false}},{"type":"Feature","geometry":{"type":"Point","coordinates":[-72.043,41.624]},"properties":{"key":"58876-e0c38961","layer":"power","name":"Fusion Solar Center LLC","state":"CT","detail_file":"data/details/power-plants-21.json","plant_id":"58876","capacity_mw":20.0,"status_group":"Operating","energy_sources":"SUN","type":"Power plant","is_nuclear":false}},{"type":"Feature","geometry":{"type":"Point","coordinates":[-72.02,41.337]},"properties":{"key":"57601-e2e7bcca","layer":"power","name":"Gary Court 1 & 2","state":"CT","detail_file":"data/details/power-plants-59.json","plant_id":"57601","capacity_mw":5.2,"status_group":"Operating","energy_sources":"DFO","type":"Power plant","is_nuclear":false}},{"type":"Feature","geometry":{"type":"Point","coordinates":[-73.108,41.211]},"properties":{"key":"57070-04d2b899","layer":"power","name":"GenConn Devon LLC","state":"CT","detail_file":"data/details/power-plants-09.json","plant_id":"57070","capacity_mw":242.0,"status_group":"Operating","energy_sources":"KER","type":"Power plant","is_nuclear":false}},{"type":"Feature","geometry":{"type":"Point","coordinates":[-72.577,41.554]},"properties":{"key":"57068-7564c23e","layer":"power","name":"GenConn Middletown LLC","state":"CT","detail_file":"data/details/power-plants-45.json","plant_id":"57068","capacity_mw":242.0,"status_group":"Operating","energy_sources":"KER","type":"Power plant","is_nuclear":false}},{"type":"Feature","geometry":{"type":"Point","coordinates":[-72.331,41.594]},"properties":{"key":"66053-3b8880cb","layer":"power","name":"Generate Colchester Fuel Cells, LLC","state":"CT","detail_file":"data/details/power-plants-01.json","plant_id":"66053","capacity_mw":10.0,"status_group":"Operating","energy_sources":"NG","type":"Power plant","is_nuclear":false}},{"type":"Feature","geometry":{"type":"Point","coordinates":[-72.55,41.75]},"properties":{"key":"68682-ce78a14f","layer":"power","name":"Glastonbury Solar One","state":"CT","detail_file":"data/details/power-plants-03.json","plant_id":"68682","capacity_mw":3.0,"status_group":"Operating","energy_sources":"SUN","type":"Power plant","is_nuclear":false}},{"type":"Feature","geometry":{"type":"Point","coordinates":[-73.019,41.989]},"properties":{"key":"54302-eefaca1e","layer":"power","name":"Goodwin Hydroelectric","state":"CT","detail_file":"data/details/power-plants-22.json","plant_id":"54302","capacity_mw":3.2,"status_group":"Operating","energy_sources":"WAT","type":"Power plant","is_nuclear":false}},{"type":"Feature","geometry":{"type":"Point","coordinates":[-72.549,41.889]},"properties":{"key":"66268-254b9317","layer":"power","name":"Gravel Pit Solar, LLC","state":"CT","detail_file":"data/details/power-plants-25.json","plant_id":"66268","capacity_mw":120.0,"status_group":"Operating","energy_sources":"SUN","type":"Power plant","is_nuclear":false}},{"type":"Feature","geometry":{"type":"Point","coordinates":[-72.669,41.761]},"properties":{"key":"57179-0609aad6","layer":"power","name":"HSCo CHP","state":"CT","detail_file":"data/details/power-plants-39.json","plant_id":"57179","capacity_mw":4.0,"status_group":"Operating","energy_sources":"NG","type":"Power plant","is_nuclear":false}},{"type":"Feature","geometry":{"type":"Point","coordinates":[-72.161,41.657]},"properties":{"key":"62025-7ceb3657","layer":"power","name":"Hamilton Solar","state":"CT","detail_file":"data/details/power-plants-58.json","plant_id":"62025","capacity_mw":1.0,"status_group":"Operating","energy_sources":"SUN","type":"Power plant","is_nuclear":false}},{"type":"Feature","geometry":{"type":"Point","coordinates":[-72.673,41.763]},"properties":{"key":"52061-092c12e8","layer":"power","name":"Hartford Hospital Cogeneration","state":"CT","detail_file":"data/details/power-plants-03.json","plant_id":"52061","capacity_mw":11.8,"status_group":"Operating","energy_sources":"NG","type":"Power plant","is_nuclear":false}},{"type":"Feature","geometry":{"type":"Point","coordinates":[-72.651,41.791]},"properties":{"key":"60909-0ab2c50e","layer":"power","name":"Hartford Landfill Solar EGF","state":"CT","detail_file":"data/details/power-plants-46.json","plant_id":"60909","capacity_mw":1.0,"status_group":"Operating","energy_sources":"SUN","type":"Power plant","is_nuclear":false}},{"type":"Feature","geometry":{"type":"Point","coordinates":[-72.92,41.296]},"properties":{"key":"61820-d18266f6","layer":"power","name":"IKEA New Haven Rooftop PV & Fuel Cell","state":"CT","detail_file":"data/details/power-plants-13.json","plant_id":"61820","capacity_mw":1.1,"status_group":"Operating","energy_sources":"NG; SUN","type":"Power plant","is_nuclear":false}},{"type":"Feature","geometry":{"type":"Point","coordinates":[-72.162,41.656]},"properties":{"key":"62024-a4772327","layer":"power","name":"Jefferson Solar (CT)","state":"CT","detail_file":"data/details/power-plants-36.json","plant_id":"62024","capacity_mw":1.0,"status_group":"Operating","energy_sources":"SUN","type":"Power plant","is_nuclear":false}},{"type":"Feature","geometry":{"type":"Point","coordinates":[-73.414,41.558]},"properties":{"key":"58084-497ef88f","layer":"power","name":"Kimberly Clark-Unit 1,2,3","state":"CT","detail_file":"data/details/power-plants-27.json","plant_id":"58084","capacity_mw":36.3,"status_group":"Operating","energy_sources":"NG","type":"Power plant","is_nuclear":false}},{"type":"Feature","geometry":{"type":"Point","coordinates":[-73.086,41.369]},"properties":{"key":"54385-b1c6a21c","layer":"power","name":"Kinneytown New Old","state":"CT","detail_file":"data/details/power-plants-35.json","plant_id":"54385","capacity_mw":2.3,"status_group":"Operating","energy_sources":"WAT","type":"Power plant","is_nuclear":false}},{"type":"Feature","geometry":{"type":"Point","coordinates":[-72.597,41.553]},"properties":{"key":"56798-b50856b7","layer":"power","name":"Kleen Energy Systems","state":"CT","detail_file":"data/details/power-plants-20.json","plant_id":"56798","capacity_mw":693.0,"status_group":"Operating","energy_sources":"NG","type":"Power plant","is_nuclear":false}},{"type":"Feature","geometry":{"type":"Point","coordinates":[-72.118,41.569]},"properties":{"key":"57603-68836fa4","layer":"power","name":"LNG 1 & 2","state":"CT","detail_file":"data/details/power-plants-50.json","plant_id":"57603","capacity_mw":5.2,"status_group":"Operating","energy_sources":"DFO","type":"Power plant","is_nuclear":false}},{"type":"Feature","geometry":{"type":"Point","coordinates":[-72.232,41.568]},"properties":{"key":"57604-71aeec84","layer":"power","name":"Lebanon Pines 1 & 2","state":"CT","detail_file":"data/details/power-plants-07.json","plant_id":"57604","capacity_mw":5.2,"status_group":"Operating","energy_sources":"DFO","type":"Power plant","is_nuclear":false}},{"type":"Feature","geometry":{"type":"Point","coordinates":[-72.504,42.031]},"properties":{"key":"64218-b6c62ce5","layer":"power","name":"Madison Solar (CT)","state":"CT","detail_file":"data/details/power-plants-01.json","plant_id":"64218","capacity_mw":1.0,"status_group":"Operating","energy_sources":"SUN","type":"Power plant","is_nuclear":false}},{"type":"Feature","geometry":{"type":"Point","coordinates":[-72.557,41.763]},"properties":{"key":"62639-19ae0403","layer":"power","name":"Manchester Community College East","state":"CT","detail_file":"data/details/power-plants-37.json","plant_id":"62639","capacity_mw":1.0,"status_group":"Operating","energy_sources":"SUN","type":"Power plant","is_nuclear":false}},{"type":"Feature","geometry":{"type":"Point","coordinates":[-72.563,41.764]},"properties":{"key":"62640-989392b4","layer":"power","name":"Manchester Community College North","state":"CT","detail_file":"data/details/power-plants-52.json","plant_id":"62640","capacity_mw":1.0,"status_group":"Operating","energy_sources":"SUN","type":"Power plant","is_nuclear":false}},{"type":"Feature","geometry":{"type":"Point","coordinates":[-72.19,41.78]},"properties":{"key":"69515-ab4ebff0","layer":"power","name":"Mansfield Landfill","state":"CT","detail_file":"data/details/power-plants-36.json","plant_id":"69515","capacity_mw":1.8,"status_group":"Operating","energy_sources":"SUN","type":"Power plant","is_nuclear":false}},{"type":"Feature","geometry":{"type":"Point","coordinates":[-72.08,41.77]},"properties":{"key":"65353-08d1a639","layer":"power","name":"McHenry Solar","state":"CT","detail_file":"data/details/power-plants-21.json","plant_id":"65353","capacity_mw":1.0,"status_group":"Operating","energy_sources":"SUN","type":"Power plant","is_nuclear":false}},{"type":"Feature","geometry":{"type":"Point","coordinates":[-72.87,41.338]},"properties":{"key":"65198-561804bf","layer":"power","name":"Medtronic - New Haven","state":"CT","detail_file":"data/details/power-plants-41.json","plant_id":"65198","capacity_mw":2.3,"status_group":"Operating","energy_sources":"NG","type":"Power plant","is_nuclear":false}},{"type":"Feature","geometry":{"type":"Point","coordinates":[-72.865,41.34]},"properties":{"key":"65197-2181db37","layer":"power","name":"Medtronic - New Haven 2","state":"CT","detail_file":"data/details/power-plants-25.json","plant_id":"65197","capacity_mw":2.2,"status_group":"Operating","energy_sources":"NG","type":"Power plant","is_nuclear":false}},{"type":"Feature","geometry":{"type":"Point","coordinates":[-72.579,41.555]},"properties":{"key":"562-d5f12b52","layer":"power","name":"Middletown","state":"CT","detail_file":"data/details/power-plants-40.json","plant_id":"562","capacity_mw":786.4,"status_group":"Operating","energy_sources":"DFO; NG; RFO","type":"Power plant","is_nuclear":false}},{"type":"Feature","geometry":{"type":"Point","coordinates":[-73.1,41.224]},"properties":{"key":"55126-2e0291e3","layer":"power","name":"Milford Power Project","state":"CT","detail_file":"data/details/power-plants-52.json","plant_id":"55126","capacity_mw":578.0,"status_group":"Operating","energy_sources":"NG","type":"Power plant","is_nuclear":false}},{"type":"Feature","geometry":{"type":"Point","coordinates":[-72.168,41.311]},"properties":{"key":"566-bea4f437","layer":"power","name":"Millstone","state":"CT","detail_file":"data/details/power-plants-61.json","plant_id":"566","capacity_mw":2259.9,"status_group":"Operating","energy_sources":"NUC","type":"Nuclear power plant","is_nuclear":true}},{"type":"Feature","geometry":{"type":"Point","coordinates":[-72.102,41.428]},"properties":{"key":"546-fd012742","layer":"power","name":"Montville Station","state":"CT","detail_file":"data/details/power-plants-60.json","plant_id":"546","capacity_mw":495.3,"status_group":"Operating","energy_sources":"DFO; NG; RFO","type":"Power plant","is_nuclear":false}},{"type":"Feature","geometry":{"type":"Point","coordinates":[-72.085,41.4]},"properties":{"key":"61743-da861e1a","layer":"power","name":"Naval Sub Base New London Fuel Cell","state":"CT","detail_file":"data/details/power-plants-19.json","plant_id":"61743","capacity_mw":7.4,"status_group":"Operating","energy_sources":"NG","type":"Power plant","is_nuclear":false}},{"type":"Feature","geometry":{"type":"Point","coordinates":[-72.745,41.638]},"properties":{"key":"69736-7c30c1a5","layer":"power","name":"New Britain - 142 Deming Rd","state":"CT","detail_file":"data/details/power-plants-26.json","plant_id":"69736","capacity_mw":1.2,"status_group":"Operating","energy_sources":"SUN","type":"Power plant","is_nuclear":false}},{"type":"Feature","geometry":{"type":"Point","coordinates":[-72.904,41.284]},"properties":{"key":"6156-d4719c40","layer":"power","name":"New Haven Steam","state":"CT","detail_file":"data/details/power-plants-39.json","plant_id":"6156","capacity_mw":641.5,"status_group":"Operating","energy_sources":"KER; RFO","type":"Power plant","is_nuclear":false}},{"type":"Feature","geometry":{"type":"Point","coordinates":[-73.425,41.548]},"properties":{"key":"50564-76a7f972","layer":"power","name":"New Milford Gas Recovery","state":"CT","detail_file":"data/details/power-plants-09.json","plant_id":"50564","capacity_mw":1.6,"status_group":"Operating","energy_sources":"LFG","type":"Power plant","is_nuclear":false}},{"type":"Feature","geometry":{"type":"Point","coordinates":[-72.723,41.86]},"properties":{"key":"66201-bd3432a8","layer":"power","name":"Niagara Bottling - Bloomfield","state":"CT","detail_file":"data/details/power-plants-26.json","plant_id":"66201","capacity_mw":2.8,"status_group":"Operating","energy_sources":"SUN","type":"Power plant","is_nuclear":false}},{"type":"Feature","geometry":{"type":"Point","coordinates":[-72.544,41.882]},"properties":{"key":"67327-35a219a3","layer":"power","name":"Norcap North","state":"CT","detail_file":"data/details/power-plants-01.json","plant_id":"67327","capacity_mw":2.0,"status_group":"Operating","energy_sources":"SUN","type":"Power plant","is_nuclear":false}},{"type":"Feature","geometry":{"type":"Point","coordinates":[-72.545,41.882]},"properties":{"key":"67326-f56147b5","layer":"power","name":"Norcap South","state":"CT","detail_file":"data/details/power-plants-30.json","plant_id":"67326","capacity_mw":2.0,"status_group":"Operating","energy_sources":"SUN","type":"Power plant","is_nuclear":false}},{"type":"Feature","geometry":{"type":"Point","coordinates":[-73.152,41.981]},"properties":{"key":"67483-3d6d10fc","layer":"power","name":"Norfolk Landfill Solar Project","state":"CT","detail_file":"data/details/power-plants-57.json","plant_id":"67483","capacity_mw":4.0,"status_group":"Operating","energy_sources":"SUN","type":"Power plant","is_nuclear":false}},{"type":"Feature","geometry":{"type":"Point","coordinates":[-72.15,41.65]},"properties":{"key":"69014-3ec71046","layer":"power","name":"North Franklin Solar","state":"CT","detail_file":"data/details/power-plants-21.json","plant_id":"69014","capacity_mw":5.0,"status_group":"Operating","energy_sources":"SUN","type":"Power plant","is_nuclear":false}},{"type":"Feature","geometry":{"type":"Point","coordinates":[-72.836,41.377]},"properties":{"key":"65109-0782617e","layer":"power","name":"North Haven Solar One","state":"CT","detail_file":"data/details/power-plants-12.json","plant_id":"65109","capacity_mw":1.6,"status_group":"Operating","energy_sources":"SUN","type":"Power plant","is_nuclear":false}},{"type":"Feature","geometry":{"type":"Point","coordinates":[-72.083,41.526]},"properties":{"key":"57624-bac895ea","layer":"power","name":"Norwich WWTP","state":"CT","detail_file":"data/details/power-plants-33.json","plant_id":"57624","capacity_mw":2.0,"status_group":"Operating","energy_sources":"DFO","type":"Power plant","is_nuclear":false}},{"type":"Feature","geometry":{"type":"Point","coordinates":[-72.511,41.975]},"properties":{"key":"63592-a389ddea","layer":"power","name":"Nutmeg Solar","state":"CT","detail_file":"data/details/power-plants-16.json","plant_id":"63592","capacity_mw":19.6,"status_group":"Operating","energy_sources":"SUN","type":"Power plant","is_nuclear":false}},{"type":"Feature","geometry":{"type":"Point","coordinates":[-72.987,41.337]},"properties":{"key":"67351-4a968279","layer":"power","name":"Park Solar","state":"CT","detail_file":"data/details/power-plants-42.json","plant_id":"67351","capacity_mw":1.0,"status_group":"Operating","energy_sources":"SUN","type":"Power plant","is_nuclear":false}},{"type":"Feature","geometry":{"type":"Point","coordinates":[-72.718,41.869]},"properties":{"key":"59967-c69bd8e0","layer":"power","name":"Pepperidge Farm Bloomfield","state":"CT","detail_file":"data/details/power-plants-37.json","plant_id":"59967","capacity_mw":2.6,"status_group":"Operating","energy_sources":"NG","type":"Power plant","is_nuclear":false}},{"type":"Feature","geometry":{"type":"Point","coordinates":[-72.071,41.334]},"properties":{"key":"60392-5d3e6160","layer":"power","name":"Pfizer Groton Fuel Cell","state":"CT","detail_file":"data/details/power-plants-51.json","plant_id":"60392","capacity_mw":5.6,"status_group":"Operating","energy_sources":"NG","type":"Power plant","is_nuclear":false}},{"type":"Feature","geometry":{"type":"Point","coordinates":[-72.079,41.331]},"properties":{"key":"54236-aa243fb1","layer":"power","name":"Pfizer Groton Plant","state":"CT","detail_file":"data/details/power-plants-02.json","plant_id":"54236","capacity_mw":37.5,"status_group":"Operating","energy_sources":"NG","type":"Power plant","is_nuclear":false}},{"type":"Feature","geometry":{"type":"Point","coordinates":[-73.107,41.9]},"properties":{"key":"67423-679c9390","layer":"power","name":"Platt Hill","state":"CT","detail_file":"data/details/power-plants-52.json","plant_id":"67423","capacity_mw":2.0,"status_group":"Operating","energy_sources":"SUN","type":"Power plant","is_nuclear":false}},{"type":"Feature","geometry":{"type":"Point","coordinates":[-72.534,41.976]},"properties":{"key":"67422-92a2481e","layer":"power","name":"Powder Hill","state":"CT","detail_file":"data/details/power-plants-20.json","plant_id":"67422","capacity_mw":2.0,"status_group":"Operating","energy_sources":"SUN","type":"Power plant","is_nuclear":false}},{"type":"Feature","geometry":{"type":"Point","coordinates":[-72.637,41.748]},"properties":{"key":"54605-3cca2504","layer":"power","name":"Pratt & Whitney","state":"CT","detail_file":"data/details/power-plants-11.json","plant_id":"54605","capacity_mw":25.8,"status_group":"Operating","energy_sources":"NG","type":"Power plant","is_nuclear":false}},{"type":"Feature","geometry":{"type":"Point","coordinates":[-72.561,41.964]},"properties":{"key":"67484-1c9467db","layer":"power","name":"Raffia Road Solar Project","state":"CT","detail_file":"data/details/power-plants-52.json","plant_id":"67484","capacity_mw":4.0,"status_group":"Operating","energy_sources":"SUN","type":"Power plant","is_nuclear":false}},{"type":"Feature","geometry":{"type":"Point","coordinates":[-72.694,41.915]},"properties":{"key":"559-645187c8","layer":"power","name":"Rainbow (CT)","state":"CT","detail_file":"data/details/power-plants-18.json","plant_id":"559","capacity_mw":8.0,"status_group":"Operating","energy_sources":"WAT","type":"Power plant","is_nuclear":false}},{"type":"Feature","geometry":{"type":"Point","coordinates":[-72.136,41.453]},"properties":{"key":"58184-92f821ed","layer":"power","name":"Rand Whitney CHP Plant","state":"CT","detail_file":"data/details/power-plants-59.json","plant_id":"58184","capacity_mw":16.5,"status_group":"Operating","energy_sources":"NG","type":"Power plant","is_nuclear":false}},{"type":"Feature","geometry":{"type":"Point","coordinates":[-73.435,41.583]},"properties":{"key":"539-704d603c","layer":"power","name":"Rocky River (CT)","state":"CT","detail_file":"data/details/power-plants-58.json","plant_id":"539","capacity_mw":31.0,"status_group":"Operating","energy_sources":"WAT","type":"Power plant","is_nuclear":false}},{"type":"Feature","geometry":{"type":"Point","coordinates":[-73.167,41.794]},"properties":{"key":"64161-12d74ded","layer":"power","name":"SR Litchfield","state":"CT","detail_file":"data/details/power-plants-29.json","plant_id":"64161","capacity_mw":19.8,"status_group":"Operating","energy_sources":"SUN","type":"Power plant","is_nuclear":false}},{"type":"Feature","geometry":{"type":"Point","coordinates":[-73.334,42.032]},"properties":{"key":"67478-bf7f7d60","layer":"power","name":"Sand Road","state":"CT","detail_file":"data/details/power-plants-43.json","plant_id":"67478","capacity_mw":2.0,"status_group":"Operating","energy_sources":"SUN","type":"Power plant","is_nuclear":false}},{"type":"Feature","geometry":{"type":"Point","coordinates":[-72.122,41.665]},"properties":{"key":"551-bbaeee22","layer":"power","name":"Scotland Dam","state":"CT","detail_file":"data/details/power-plants-10.json","plant_id":"551","capacity_mw":2.0,"status_group":"Operating","energy_sources":"WAT","type":"Power plant","is_nuclear":false}},{"type":"Feature","geometry":{"type":"Point","coordinates":[-73.295,41.448]},"properties":{"key":"552-6c32ff8f","layer":"power","name":"Shepaug","state":"CT","detail_file":"data/details/power-plants-18.json","plant_id":"552","capacity_mw":37.2,"status_group":"Operating","energy_sources":"WAT","type":"Power plant","is_nuclear":false}},{"type":"Feature","geometry":{"type":"Point","coordinates":[-73.099,41.25]},"properties":{"key":"61703-1796ee94","layer":"power","name":"Sikorsky Aircraft CHP","state":"CT","detail_file":"data/details/power-plants-07.json","plant_id":"61703","capacity_mw":9.9,"status_group":"Operating","energy_sources":"NG; SUN","type":"Power plant","is_nuclear":false}},{"type":"Feature","geometry":{"type":"Point","coordinates":[-72.446,41.955]},"properties":{"key":"58554-071d1d6b","layer":"power","name":"Somers Solar Center, LLC","state":"CT","detail_file":"data/details/power-plants-11.json","plant_id":"58554","capacity_mw":5.0,"status_group":"Operating","energy_sources":"SUN","type":"Power plant","is_nuclear":false}},{"type":"Feature","geometry":{"type":"Point","coordinates":[-72.614,41.815]},"properties":{"key":"63302-6c97d60d","layer":"power","name":"South Windsor Fuel Cell","state":"CT","detail_file":"data/details/power-plants-14.json","plant_id":"63302","capacity_mw":5.0,"status_group":"Operating","energy_sources":"NG","type":"Power plant","is_nuclear":false}},{"type":"Feature","geometry":{"type":"Point","coordinates":[-72.518,41.89]},"properties":{"key":"65668-b087c030","layer":"power","name":"Southington Solar One","state":"CT","detail_file":"data/details/power-plants-10.json","plant_id":"65668","capacity_mw":4.7,"status_group":"Operating","energy_sources":"SUN","type":"Power plant","is_nuclear":false}},{"type":"Feature","geometry":{"type":"Point","coordinates":[-72.309,41.964]},"properties":{"key":"60880-af21a902","layer":"power","name":"Stafford MS Ground Mount Community Solar","state":"CT","detail_file":"data/details/power-plants-04.json","plant_id":"60880","capacity_mw":2.0,"status_group":"Operating","energy_sources":"SUN","type":"Power plant","is_nuclear":false}},{"type":"Feature","geometry":{"type":"Point","coordinates":[-72.25,41.95]},"properties":{"key":"69282-ff5efbf9","layer":"power","name":"Stafford Solar One","state":"CT","detail_file":"data/details/power-plants-18.json","plant_id":"69282","capacity_mw":4.0,"status_group":"Operating","energy_sources":"SUN","type":"Power plant","is_nuclear":false}},{"type":"Feature","geometry":{"type":"Point","coordinates":[-73.552,41.056]},"properties":{"key":"64515-7b94003d","layer":"power","name":"Stamford Health","state":"CT","detail_file":"data/details/power-plants-07.json","plant_id":"64515","capacity_mw":10.4,"status_group":"Operating","energy_sources":"DFO; NG","type":"Power plant","is_nuclear":false}},{"type":"Feature","geometry":{"type":"Point","coordinates":[-73.534,41.064]},"properties":{"key":"68586-937714ba","layer":"power","name":"Stamford Health Tully Health Center","state":"CT","detail_file":"data/details/power-plants-60.json","plant_id":"68586","capacity_mw":1.5,"status_group":"Operating","energy_sources":"DFO; NG","type":"Power plant","is_nuclear":false}},{"type":"Feature","geometry":{"type":"Point","coordinates":[-73.171,41.383]},"properties":{"key":"553-6beb936f","layer":"power","name":"Stevenson","state":"CT","detail_file":"data/details/power-plants-02.json","plant_id":"553","capacity_mw":30.5,"status_group":"Operating","energy_sources":"WAT","type":"Power plant","is_nuclear":false}},{"type":"Feature","geometry":{"type":"Point","coordinates":[-72.086,41.4]},"properties":{"key":"59701-87caf77f","layer":"power","name":"Subase Microgrid Project","state":"CT","detail_file":"data/details/power-plants-13.json","plant_id":"59701","capacity_mw":7.4,"status_group":"Operating","energy_sources":"NG","type":"Power plant","is_nuclear":false}},{"type":"Feature","geometry":{"type":"Point","coordinates":[-72.078,41.768]},"properties":{"key":"63244-5a73a568","layer":"power","name":"Sydney Solar","state":"CT","detail_file":"data/details/power-plants-52.json","plant_id":"63244","capacity_mw":2.0,"status_group":"Operating","energy_sources":"SUN","type":"Power plant","is_nuclear":false}},{"type":"Feature","geometry":{"type":"Point","coordinates":[-73.435,41.391]},"properties":{"key":"60683-cceed816","layer":"power","name":"TRS Fuel Cell","state":"CT","detail_file":"data/details/power-plants-16.json","plant_id":"60683","capacity_mw":3.7,"status_group":"Operating","energy_sources":"NG","type":"Power plant","is_nuclear":false}},{"type":"Feature","geometry":{"type":"Point","coordinates":[-72.046,41.572]},"properties":{"key":"554-b9d6c968","layer":"power","name":"Taftville","state":"CT","detail_file":"data/details/power-plants-12.json","plant_id":"554","capacity_mw":1.6,"status_group":"Operating","energy_sources":"WAT","type":"Power plant","is_nuclear":false}},{"type":"Feature","geometry":{"type":"Point","coordinates":[-72.051,41.539]},"properties":{"key":"583-b2e2a962","layer":"power","name":"Tenth Street","state":"CT","detail_file":"data/details/power-plants-26.json","plant_id":"583","capacity_mw":1.4,"status_group":"Operating","energy_sources":"WAT","type":"Power plant","is_nuclear":false}},{"type":"Feature","geometry":{"type":"Point","coordinates":[-72.507,41.822]},"properties":{"key":"63354-2e50f8f4","layer":"power","name":"Ticket Network South Windsor","state":"CT","detail_file":"data/details/power-plants-53.json","plant_id":"63354","capacity_mw":1.0,"status_group":"Operating","energy_sources":"SUN","type":"Power plant","is_nuclear":false}},{"type":"Feature","geometry":{"type":"Point","coordinates":[-73.121,41.776]},"properties":{"key":"565-5e08d2ba","layer":"power","name":"Torrington","state":"CT","detail_file":"data/details/power-plants-50.json","plant_id":"565","capacity_mw":21.8,"status_group":"Operating","energy_sources":"KER","type":"Power plant","is_nuclear":false}},{"type":"Feature","geometry":{"type":"Point","coordinates":[-73.078,41.83]},"properties":{"key":"64977-1c618240","layer":"power","name":"Torrington Solar One, LLC","state":"CT","detail_file":"data/details/power-plants-30.json","plant_id":"64977","capacity_mw":2.0,"status_group":"Operating","energy_sources":"SUN","type":"Power plant","is_nuclear":false}},{"type":"Feature","geometry":{"type":"Point","coordinates":[-72.81,41.281]},"properties":{"key":"62076-b88c3f86","layer":"power","name":"Town of Branford","state":"CT","detail_file":"data/details/power-plants-41.json","plant_id":"62076","capacity_mw":1.1,"status_group":"Operating","energy_sources":"SUN","type":"Power plant","is_nuclear":false}},{"type":"Feature","geometry":{"type":"Point","coordinates":[-72.633,41.643]},"properties":{"key":"61541-0682fe0b","layer":"power","name":"Town of Rocky Hill PV CSG","state":"CT","detail_file":"data/details/power-plants-15.json","plant_id":"61541","capacity_mw":3.0,"status_group":"Operating","energy_sources":"SUN","type":"Power plant","is_nuclear":false}},{"type":"Feature","geometry":{"type":"Point","coordinates":[-72.689,41.746]},"properties":{"key":"61786-85633ad8","layer":"power","name":"Trinity College Fuel Cell","state":"CT","detail_file":"data/details/power-plants-12.json","plant_id":"61786","capacity_mw":1.4,"status_group":"Operating","energy_sources":"NG","type":"Power plant","is_nuclear":false}},{"type":"Feature","geometry":{"type":"Point","coordinates":[-72.042,41.555]},"properties":{"key":"557-6ba48938","layer":"power","name":"Tunnel","state":"CT","detail_file":"data/details/power-plants-26.json","plant_id":"557","capacity_mw":20.5,"status_group":"Operating","energy_sources":"JF; WAT","type":"Power plant","is_nuclear":false}},{"type":"Feature","geometry":{"type":"Point","coordinates":[-73.196,41.165]},"properties":{"key":"63438-e100a835","layer":"power","name":"UB Fuel Cell","state":"CT","detail_file":"data/details/power-plants-53.json","plant_id":"63438","capacity_mw":1.4,"status_group":"Operating","energy_sources":"NG","type":"Power plant","is_nuclear":false}},{"type":"Feature","geometry":{"type":"Point","coordinates":[-72.254,41.809]},"properties":{"key":"58159-9f390aac","layer":"power","name":"UCONN Cogen Facility","state":"CT","detail_file":"data/details/power-plants-53.json","plant_id":"58159","capacity_mw":25.7,"status_group":"Operating","energy_sources":"NG","type":"Power plant","is_nuclear":false}},{"type":"Feature","geometry":{"type":"Point","coordinates":[-72.536,41.717]},"properties":{"key":"60109-d5626fc7","layer":"power","name":"UDR Glastonbury Fuel Cell","state":"CT","detail_file":"data/details/power-plants-55.json","plant_id":"60109","capacity_mw":3.4,"status_group":"Operating","energy_sources":"NG","type":"Power plant","is_nuclear":false}},{"type":"Feature","geometry":{"type":"Point","coordinates":[-73.208,41.158]},"properties":{"key":"60054-129b5592","layer":"power","name":"UI RCP Bridgeport Seaside","state":"CT","detail_file":"data/details/power-plants-25.json","plant_id":"60054","capacity_mw":5.0,"status_group":"Operating","energy_sources":"NG; SUN","type":"Power plant","is_nuclear":false}},{"type":"Feature","geometry":{"type":"Point","coordinates":[-72.899,41.289]},"properties":{"key":"60040-e9c7ab57","layer":"power","name":"UI RCP New Haven Fuel Cell","state":"CT","detail_file":"data/details/power-plants-37.json","plant_id":"60040","capacity_mw":2.8,"status_group":"Operating","energy_sources":"NG","type":"Power plant","is_nuclear":false}},{"type":"Feature","geometry":{"type":"Point","coordinates":[-73.008,41.358]},"properties":{"key":"60593-ccea9cd9","layer":"power","name":"UI RCP Woodbridge FC","state":"CT","detail_file":"data/details/power-plants-61.json","plant_id":"60593","capacity_mw":2.8,"status_group":"Operating","energy_sources":"NG","type":"Power plant","is_nuclear":false}},{"type":"Feature","geometry":{"type":"Point","coordinates":[-72.835,41.449]},"properties":{"key":"55517-d6cea574","layer":"power","name":"Wallingford Energy","state":"CT","detail_file":"data/details/power-plants-56.json","plant_id":"55517","capacity_mw":350.0,"status_group":"Operating","energy_sources":"NG","type":"Power plant","is_nuclear":false}},{"type":"Feature","geometry":{"type":"Point","coordinates":[-72.837,41.442]},"properties":{"key":"64559-0e9c8a37","layer":"power","name":"Wallingford Solar","state":"CT","detail_file":"data/details/power-plants-04.json","plant_id":"64559","capacity_mw":16.1,"status_group":"Operating","energy_sources":"SUN","type":"Power plant","is_nuclear":false}},{"type":"Feature","geometry":{"type":"Point","coordinates":[-72.041,41.347]},"properties":{"key":"57605-9cf7c1d0","layer":"power","name":"Water Treatment 1 & 2","state":"CT","detail_file":"data/details/power-plants-33.json","plant_id":"57605","capacity_mw":5.2,"status_group":"Operating","energy_sources":"DFO","type":"Power plant","is_nuclear":false}},{"type":"Feature","geometry":{"type":"Point","coordinates":[-73.042,41.544]},"properties":{"key":"56629-c10fbc67","layer":"power","name":"Waterbury Generation","state":"CT","detail_file":"data/details/power-plants-05.json","plant_id":"56629","capacity_mw":96.0,"status_group":"Operating","energy_sources":"NG","type":"Power plant","is_nuclear":false}},{"type":"Feature","geometry":{"type":"Point","coordinates":[-73.556,41.037]},"properties":{"key":"56189-08654dc2","layer":"power","name":"Waterside Power, LLC","state":"CT","detail_file":"data/details/power-plants-05.json","plant_id":"56189","capacity_mw":69.6,"status_group":"Operating","energy_sources":"DFO","type":"Power plant","is_nuclear":false}},{"type":"Feature","geometry":{"type":"Point","coordinates":[-73.148,41.62]},"properties":{"key":"64979-8a4a7587","layer":"power","name":"Watertown Solar One, LLC","state":"CT","detail_file":"data/details/power-plants-07.json","plant_id":"64979","capacity_mw":2.0,"status_group":"Operating","energy_sources":"SUN","type":"Power plant","is_nuclear":false}},{"type":"Feature","geometry":{"type":"Point","coordinates":[-72.654,41.556]},"properties":{"key":"58158-f23b53de","layer":"power","name":"Wesleyan University Cogen 1","state":"CT","detail_file":"data/details/power-plants-02.json","plant_id":"58158","capacity_mw":2.4,"status_group":"Operating","energy_sources":"NG","type":"Power plant","is_nuclear":false}},{"type":"Feature","geometry":{"type":"Point","coordinates":[-73.208,41.163]},"properties":{"key":"50883-d26b6c37","layer":"power","name":"Wheelabrator Bridgeport","state":"CT","detail_file":"data/details/power-plants-31.json","plant_id":"50883","capacity_mw":67.0,"status_group":"Operating","energy_sources":"MSW","type":"Power plant","is_nuclear":false}},{"type":"Feature","geometry":{"type":"Point","coordinates":[-72.042,41.584]},"properties":{"key":"54758-5e91f7b6","layer":"power","name":"Wheelabrator Lisbon","state":"CT","detail_file":"data/details/power-plants-30.json","plant_id":"54758","capacity_mw":14.6,"status_group":"Operating","energy_sources":"MSW","type":"Power plant","is_nuclear":false}},{"type":"Feature","geometry":{"type":"Point","coordinates":[-72.16,41.656]},"properties":{"key":"62023-19c21706","layer":"power","name":"Wilson Solar (CT)","state":"CT","detail_file":"data/details/power-plants-02.json","plant_id":"62023","capacity_mw":1.0,"status_group":"Operating","energy_sources":"SUN","type":"Power plant","is_nuclear":false}},{"type":"Feature","geometry":{"type":"Point","coordinates":[-73.141,41.961]},"properties":{"key":"60700-602cc778","layer":"power","name":"Wind Colebrook South","state":"CT","detail_file":"data/details/power-plants-17.json","plant_id":"60700","capacity_mw":5.0,"status_group":"Operating","energy_sources":"WND","type":"Power plant","is_nuclear":false}},{"type":"Feature","geometry":{"type":"Point","coordinates":[-72.687,41.928]},"properties":{"key":"69807-e044c3d4","layer":"power","name":"Windsor Locks","state":"CT","detail_file":"data/details/power-plants-36.json","plant_id":"69807","capacity_mw":1.8,"status_group":"Under construction","energy_sources":"SUN","type":"Power plant","is_nuclear":false}},{"type":"Feature","geometry":{"type":"Point","coordinates":[-72.65,41.85]},"properties":{"key":"68966-49c805bc","layer":"power","name":"Windsor Solar One","state":"CT","detail_file":"data/details/power-plants-26.json","plant_id":"68966","capacity_mw":3.0,"status_group":"Operating","energy_sources":"SUN","type":"Power plant","is_nuclear":false}},{"type":"Feature","geometry":{"type":"Point","coordinates":[-72.106,41.336]},"properties":{"key":"66455-1732708c","layer":"power","name":"Yale New Haven - New London","state":"CT","detail_file":"data/details/power-plants-17.json","plant_id":"66455","capacity_mw":1.8,"status_group":"Operating","energy_sources":"NG","type":"Power plant","is_nuclear":false}},{"type":"Feature","geometry":{"type":"Point","coordinates":[-72.171,42.109]},"properties":{"key":"59822-73f757d4","layer":"power","name":"201 Sturbridge B","state":"MA","detail_file":"data/details/power-plants-15.json","plant_id":"59822","capacity_mw":2.0,"status_group":"Operating","energy_sources":"SUN","type":"Power plant","is_nuclear":false}},{"type":"Feature","geometry":{"type":"Point","coordinates":[-72.171,42.109]},"properties":{"key":"59821-0f863b91","layer":"power","name":"205 Sturbridge A","state":"MA","detail_file":"data/details/power-plants-10.json","plant_id":"59821","capacity_mw":3.0,"status_group":"Operating","energy_sources":"SUN","type":"Power plant","is_nuclear":false}},{"type":"Feature","geometry":{"type":"Point","coordinates":[-72.522,42.055]},"properties":{"key":"61518-7f1d3388","layer":"power","name":"301 Chestnut Solar NG","state":"MA","detail_file":"data/details/power-plants-55.json","plant_id":"61518","capacity_mw":2.0,"status_group":"Operating","energy_sources":"SUN","type":"Power plant","is_nuclear":false}},{"type":"Feature","geometry":{"type":"Point","coordinates":[-73.184,42.464]},"properties":{"key":"67241-08a29cec","layer":"power","name":"401 South","state":"MA","detail_file":"data/details/power-plants-01.json","plant_id":"67241","capacity_mw":1.5,"status_group":"Operating","energy_sources":"MWH; SUN","type":"Power plant","is_nuclear":false}},{"type":"Feature","geometry":{"type":"Point","coordinates":[-72.076,42.681]},"properties":{"key":"65085-0422d5fa","layer":"power","name":"580 River Solar","state":"MA","detail_file":"data/details/power-plants-16.json","plant_id":"65085","capacity_mw":3.1,"status_group":"Operating","energy_sources":"SUN","type":"Power plant","is_nuclear":false}},{"type":"Feature","geometry":{"type":"Point","coordinates":[-72.2,42.6]},"properties":{"key":"59775-4b3447cb","layer":"power","name":"Adams Farm Solar","state":"MA","detail_file":"data/details/power-plants-41.json","plant_id":"59775","capacity_mw":3.0,"status_group":"Operating","energy_sources":"SUN","type":"Power plant","is_nuclear":false}},{"type":"Feature","geometry":{"type":"Point","coordinates":[-73.136,42.608]},"properties":{"key":"68743-45fdbebf","layer":"power","name":"Adams Grove Solar","state":"MA","detail_file":"data/details/power-plants-29.json","plant_id":"68743","capacity_mw":8.3,"status_group":"Operating","energy_sources":"MWH; SUN","type":"Power plant","is_nuclear":false}},{"type":"Feature","geometry":{"type":"Point","coordinates":[-72.614,42.082]},"properties":{"key":"59028-9a5fe132","layer":"power","name":"Agawam Solar","state":"MA","detail_file":"data/details/power-plants-45.json","plant_id":"59028","capacity_mw":1.5,"status_group":"Operating","energy_sources":"SUN","type":"Power plant","is_nuclear":false}},{"type":"Feature","geometry":{"type":"Point","coordinates":[-72.006,42.069]},"properties":{"key":"63469-2391323b","layer":"power","name":"Alicea Solar Project Hybrid CSG","state":"MA","detail_file":"data/details/power-plants-58.json","plant_id":"63469","capacity_mw":3.5,"status_group":"Operating","energy_sources":"MWH; SUN","type":"Power plant","is_nuclear":false}},{"type":"Feature","geometry":{"type":"Point","coordinates":[-72.537,42.163]},"properties":{"key":"56426-8d13f3da","layer":"power","name":"Ameresco Chicopee Energy","state":"MA","detail_file":"data/details/power-plants-25.json","plant_id":"56426","capacity_mw":7.8,"status_group":"Operating","energy_sources":"LFG","type":"Power plant","is_nuclear":false}},{"type":"Feature","geometry":{"type":"Point","coordinates":[-72.512,42.372]},"properties":{"key":"58185-84092895","layer":"power","name":"Amherst College Co Gen","state":"MA","detail_file":"data/details/power-plants-44.json","plant_id":"58185","capacity_mw":1.2,"status_group":"Operating","energy_sources":"NG","type":"Power plant","is_nuclear":false}},{"type":"Feature","geometry":{"type":"Point","coordinates":[-72.005,42.075]},"properties":{"key":"63474-91168cac","layer":"power","name":"Annese Solar Project Hybrid CSG","state":"MA","detail_file":"data/details/power-plants-34.json","plant_id":"63474","capacity_mw":7.8,"status_group":"Operating","energy_sources":"MWH; SUN","type":"Power plant","is_nuclear":false}},{"type":"Feature","geometry":{"type":"Point","coordinates":[-72.315,42.266]},"properties":{"key":"69448-6f0c50a1","layer":"power","name":"Ava Solar","state":"MA","detail_file":"data/details/power-plants-05.json","plant_id":"69448","capacity_mw":4.0,"status_group":"Operating","energy_sources":"SUN","type":"Power plant","is_nuclear":false}},{"type":"Feature","geometry":{"type":"Point","coordinates":[-72.61,42.576]},"properties":{"key":"58702-1a4dd339","layer":"power","name":"Axio Green LLC","state":"MA","detail_file":"data/details/power-plants-06.json","plant_id":"58702","capacity_mw":1.8,"status_group":"Operating","energy_sources":"SUN","type":"Power plant","is_nuclear":false}},{"type":"Feature","geometry":{"type":"Point","coordinates":[-72.055,42.24]},"properties":{"key":"64182-743e5bfa","layer":"power","name":"BWC Lake Lashaway, LLC Hybrid","state":"MA","detail_file":"data/details/power-plants-28.json","plant_id":"64182","capacity_mw":7.9,"status_group":"Operating","energy_sources":"MWH; SUN","type":"Power plant","is_nuclear":false}},{"type":"Feature","geometry":{"type":"Point","coordinates":[-72.06,42.123]},"properties":{"key":"69126-918d30e4","layer":"power","name":"BWC Origination 8 LLC Sturbridge 1","state":"MA","detail_file":"data/details/power-plants-49.json","plant_id":"69126","capacity_mw":1.0,"status_group":"Operating","energy_sources":"SUN","type":"Power plant","is_nuclear":false}},{"type":"Feature","geometry":{"type":"Point","coordinates":[-72.07,42.119]},"properties":{"key":"69127-eadb2188","layer":"power","name":"BWC Origination 8 LLC Sturbridge 2","state":"MA","detail_file":"data/details/power-plants-41.json","plant_id":"69127","capacity_mw":1.0,"status_group":"Operating","energy_sources":"SUN","type":"Power plant","is_nuclear":false}},{"type":"Feature","geometry":{"type":"Point","coordinates":[-72.109,42.362]},"properties":{"key":"59766-58b81e28","layer":"power","name":"Barre II Solar Project","state":"MA","detail_file":"data/details/power-plants-55.json","plant_id":"59766","capacity_mw":1.5,"status_group":"Operating","energy_sources":"SUN","type":"Power plant","is_nuclear":false}},{"type":"Feature","geometry":{"type":"Point","coordinates":[-72.114,42.419]},"properties":{"key":"62363-d236e189","layer":"power","name":"Barre Solar III LLC","state":"MA","detail_file":"data/details/power-plants-49.json","plant_id":"62363","capacity_mw":1.0,"status_group":"Operating","energy_sources":"SUN","type":"Power plant","is_nuclear":false}},{"type":"Feature","geometry":{"type":"Point","coordinates":[-72.164,42.572]},"properties":{"key":"63558-82df2bff","layer":"power","name":"Barton Acres Solar, LLC CSG","state":"MA","detail_file":"data/details/power-plants-12.json","plant_id":"63558","capacity_mw":1.0,"status_group":"Operating","energy_sources":"SUN","type":"Power plant","is_nuclear":false}},{"type":"Feature","geometry":{"type":"Point","coordinates":[-72.677,42.284]},"properties":{"key":"66181-49f554b1","layer":"power","name":"Beacon Solar, LLC","state":"MA","detail_file":"data/details/power-plants-00.json","plant_id":"66181","capacity_mw":10.0,"status_group":"Operating","energy_sources":"MWH; SUN","type":"Power plant","is_nuclear":false}},{"type":"Feature","geometry":{"type":"Point","coordinates":[-72.96,42.684]},"properties":{"key":"8005-1e24544e","layer":"power","name":"Bear Swamp","state":"MA","detail_file":"data/details/power-plants-39.json","plant_id":"8005","capacity_mw":666.0,"status_group":"Operating","energy_sources":"WAT","type":"Power plant","is_nuclear":false}},{"type":"Feature","geometry":{"type":"Point","coordinates":[-72.4,42.26]},"properties":{"key":"60653-4674764f","layer":"power","name":"Belchertown","state":"MA","detail_file":"data/details/power-plants-53.json","plant_id":"60653","capacity_mw":1.0,"status_group":"Operating","energy_sources":"SUN","type":"Power plant","is_nuclear":false}},{"type":"Feature","geometry":{"type":"Point","coordinates":[-72.3,42.3]},"properties":{"key":"61295-70169dc4","layer":"power","name":"Belchertown Renewables Community Solar","state":"MA","detail_file":"data/details/power-plants-60.json","plant_id":"61295","capacity_mw":4.0,"status_group":"Operating","energy_sources":"SUN","type":"Power plant","is_nuclear":false}},{"type":"Feature","geometry":{"type":"Point","coordinates":[-73.405,42.114]},"properties":{"key":"58624-ab60d25e","layer":"power","name":"Berkshire 1","state":"MA","detail_file":"data/details/power-plants-59.json","plant_id":"58624","capacity_mw":1.8,"status_group":"Operating","energy_sources":"SUN","type":"Power plant","is_nuclear":false}},{"type":"Feature","geometry":{"type":"Point","coordinates":[-72.648,42.048]},"properties":{"key":"55041-b3040ba1","layer":"power","name":"Berkshire Power","state":"MA","detail_file":"data/details/power-plants-27.json","plant_id":"55041","capacity_mw":289.0,"status_group":"Operating","energy_sources":"NG","type":"Power plant","is_nuclear":false}},{"type":"Feature","geometry":{"type":"Point","coordinates":[-73.275,42.587]},"properties":{"key":"57721-878d16e2","layer":"power","name":"Berkshire Wind Power Project","state":"MA","detail_file":"data/details/power-plants-05.json","plant_id":"57721","capacity_mw":19.6,"status_group":"Operating","energy_sources":"WND","type":"Power plant","is_nuclear":false}},{"type":"Feature","geometry":{"type":"Point","coordinates":[-72.601,42.209]},"properties":{"key":"1603-5ca6401e","layer":"power","name":"Boatlock","state":"MA","detail_file":"data/details/power-plants-40.json","plant_id":"1603","capacity_mw":3.1,"status_group":"Operating","energy_sources":"WAT","type":"Power plant","is_nuclear":false}},{"type":"Feature","geometry":{"type":"Point","coordinates":[-72.338,42.109]},"properties":{"key":"63659-696dc512","layer":"power","name":"Bowden Solar LLC","state":"MA","detail_file":"data/details/power-plants-32.json","plant_id":"63659","capacity_mw":2.0,"status_group":"Operating","energy_sources":"SUN","type":"Power plant","is_nuclear":false}},{"type":"Feature","geometry":{"type":"Point","coordinates":[-72.316,42.174]},"properties":{"key":"64432-d76175c7","layer":"power","name":"Breckenridge Solar","state":"MA","detail_file":"data/details/power-plants-55.json","plant_id":"64432","capacity_mw":7.2,"status_group":"Operating","energy_sources":"MWH; SUN","type":"Power plant","is_nuclear":false}},{"type":"Feature","geometry":{"type":"Point","coordinates":[-72.223,42.117]},"properties":{"key":"66317-2a5a1812","layer":"power","name":"Brimfield","state":"MA","detail_file":"data/details/power-plants-51.json","plant_id":"66317","capacity_mw":1.9,"status_group":"Operating","energy_sources":"SUN","type":"Power plant","is_nuclear":false}},{"type":"Feature","geometry":{"type":"Point","coordinates":[-72.068,42.256]},"properties":{"key":"60613-273bfb84","layer":"power","name":"Brookfield Solar 2013 LLC","state":"MA","detail_file":"data/details/power-plants-37.json","plant_id":"60613","capacity_mw":2.0,"status_group":"Operating","energy_sources":"SUN","type":"Power plant","is_nuclear":false}},{"type":"Feature","geometry":{"type":"Point","coordinates":[-72.122,42.217]},"properties":{"key":"63232-62d91cc4","layer":"power","name":"Brookfield Wire Company","state":"MA","detail_file":"data/details/power-plants-61.json","plant_id":"63232","capacity_mw":1.4,"status_group":"Operating","energy_sources":"SUN","type":"Power plant","is_nuclear":false}},{"type":"Feature","geometry":{"type":"Point","coordinates":[-72.322,42.201]},"properties":{"key":"59361-c64eff02","layer":"power","name":"Browne Solar LLC","state":"MA","detail_file":"data/details/power-plants-22.json","plant_id":"59361","capacity_mw":1.0,"status_group":"Operating","energy_sources":"SUN","type":"Power plant","is_nuclear":false}},{"type":"Feature","geometry":{"type":"Point","coordinates":[-72.551,42.204]},"properties":{"key":"61602-2527c049","layer":"power","name":"CED Chicopee Solar","state":"MA","detail_file":"data/details/power-plants-35.json","plant_id":"61602","capacity_mw":3.0,"status_group":"Operating","energy_sources":"SUN","type":"Power plant","is_nuclear":false}},{"type":"Feature","geometry":{"type":"Point","coordinates":[-72.711,42.306]},"properties":{"key":"62695-8c41d99a","layer":"power","name":"CED Northampton Solar LLC Hybrid","state":"MA","detail_file":"data/details/power-plants-27.json","plant_id":"62695","capacity_mw":6.6,"status_group":"Operating","energy_sources":"MWH; SUN","type":"Power plant","is_nuclear":false}},{"type":"Feature","geometry":{"type":"Point","coordinates":[-72.755,42.176]},"properties":{"key":"60274-07c74907","layer":"power","name":"CED Westfield Solar, LLC","state":"MA","detail_file":"data/details/power-plants-41.json","plant_id":"60274","capacity_mw":2.0,"status_group":"Operating","energy_sources":"SUN","type":"Power plant","is_nuclear":false}},{"type":"Feature","geometry":{"type":"Point","coordinates":[-72.691,42.059]},"properties":{"key":"63763-1c864150","layer":"power","name":"CES Agawam Tuckahoe Solar Hybrid","state":"MA","detail_file":"data/details/power-plants-61.json","plant_id":"63763","capacity_mw":6.2,"status_group":"Operating","energy_sources":"MWH; SUN","type":"Power plant","is_nuclear":false}},{"type":"Feature","geometry":{"type":"Point","coordinates":[-72.579,42.587]},"properties":{"key":"1629-fe25af85","layer":"power","name":"Cabot","state":"MA","detail_file":"data/details/power-plants-51.json","plant_id":"1629","capacity_mw":61.8,"status_group":"Operating","energy_sources":"WAT","type":"Power plant","is_nuclear":false}},{"type":"Feature","geometry":{"type":"Point","coordinates":[-72.61,42.2]},"properties":{"key":"9864-9bdc875f","layer":"power","name":"Cabot Holyoke","state":"MA","detail_file":"data/details/power-plants-14.json","plant_id":"9864","capacity_mw":2.6,"status_group":"Operating","energy_sources":"WAT","type":"Power plant","is_nuclear":false}},{"type":"Feature","geometry":{"type":"Point","coordinates":[-72.537,42.39]},"properties":{"key":"68493-67ad949c","layer":"power","name":"Central Heating Plant","state":"MA","detail_file":"data/details/power-plants-57.json","plant_id":"68493","capacity_mw":20.4,"status_group":"Operating","energy_sources":"MWH; NG","type":"Power plant","is_nuclear":false}},{"type":"Feature","geometry":{"type":"Point","coordinates":[-72.896,42.642]},"properties":{"key":"65242-2844e936","layer":"power","name":"Charlemont A","state":"MA","detail_file":"data/details/power-plants-16.json","plant_id":"65242","capacity_mw":5.0,"status_group":"Operating","energy_sources":"MWH; SUN","type":"Power plant","is_nuclear":false}},{"type":"Feature","geometry":{"type":"Point","coordinates":[-72.61,42.192]},"properties":{"key":"1604-5424fbed","layer":"power","name":"Chemical","state":"MA","detail_file":"data/details/power-plants-10.json","plant_id":"1604","capacity_mw":1.6,"status_group":"Operating","energy_sources":"WAT","type":"Power plant","is_nuclear":false}},{"type":"Feature","geometry":{"type":"Point","coordinates":[-72.949,42.312]},"properties":{"key":"59767-2373ac0f","layer":"power","name":"Chester Solar Farm","state":"MA","detail_file":"data/details/power-plants-15.json","plant_id":"59767","capacity_mw":4.8,"status_group":"Operating","energy_sources":"SUN","type":"Power plant","is_nuclear":false}},{"type":"Feature","geometry":{"type":"Point","coordinates":[-72.511,42.181]},"properties":{"key":"64120-f9887a2a","layer":"power","name":"Chicopee","state":"MA","detail_file":"data/details/power-plants-34.json","plant_id":"64120","capacity_mw":2.0,"status_group":"Operating","energy_sources":"SUN","type":"Power plant","is_nuclear":false}},{"type":"Feature","geometry":{"type":"Point","coordinates":[-72.596,42.158]},"properties":{"key":"59626-3d949903","layer":"power","name":"Chicopee Granby Road Solar","state":"MA","detail_file":"data/details/power-plants-34.json","plant_id":"59626","capacity_mw":1.6,"status_group":"Operating","energy_sources":"SUN","type":"Power plant","is_nuclear":false}},{"type":"Feature","geometry":{"type":"Point","coordinates":[-72.583,42.16]},"properties":{"key":"50832-09328124","layer":"power","name":"Chicopee Hydroelectric Station","state":"MA","detail_file":"data/details/power-plants-50.json","plant_id":"50832","capacity_mw":2.4,"status_group":"Operating","energy_sources":"WAT","type":"Power plant","is_nuclear":false}},{"type":"Feature","geometry":{"type":"Point","coordinates":[-72.552,42.15]},"properties":{"key":"59625-eba76c1d","layer":"power","name":"Chicopee River Solar","state":"MA","detail_file":"data/details/power-plants-16.json","plant_id":"59625","capacity_mw":2.0,"status_group":"Operating","energy_sources":"SUN","type":"Power plant","is_nuclear":false}},{"type":"Feature","geometry":{"type":"Point","coordinates":[-72.582,42.186]},"properties":{"key":"59030-c132459b","layer":"power","name":"Chicopee Solar","state":"MA","detail_file":"data/details/power-plants-08.json","plant_id":"59030","capacity_mw":3.0,"status_group":"Operating","energy_sources":"SUN","type":"Power plant","is_nuclear":false}},{"type":"Feature","geometry":{"type":"Point","coordinates":[-72.597,42.093]},"properties":{"key":"61596-85f51a8a","layer":"power","name":"Citizens Agawam Landfill Solar","state":"MA","detail_file":"data/details/power-plants-45.json","plant_id":"61596","capacity_mw":1.8,"status_group":"Operating","energy_sources":"SUN","type":"Power plant","is_nuclear":false}},{"type":"Feature","geometry":{"type":"Point","coordinates":[-72.02,42.596]},"properties":{"key":"64664-f8d7515e","layer":"power","name":"Clark Road Solar 1, LLC","state":"MA","detail_file":"data/details/power-plants-22.json","plant_id":"64664","capacity_mw":8.3,"status_group":"Operating","energy_sources":"MWH; SUN","type":"Power plant","is_nuclear":false}},{"type":"Feature","geometry":{"type":"Point","coordinates":[-72.865,42.117]},"properties":{"key":"1630-c4f0d2fe","layer":"power","name":"Cobble Mountain","state":"MA","detail_file":"data/details/power-plants-11.json","plant_id":"1630","capacity_mw":33.0,"status_group":"Operating","energy_sources":"WAT","type":"Power plant","is_nuclear":false}},{"type":"Feature","geometry":{"type":"Point","coordinates":[-72.045,42.056]},"properties":{"key":"63573-26e51e22","layer":"power","name":"Cohasse Solar, LLC CSG","state":"MA","detail_file":"data/details/power-plants-00.json","plant_id":"63573","capacity_mw":1.0,"status_group":"Operating","energy_sources":"SUN","type":"Power plant","is_nuclear":false}},{"type":"Feature","geometry":{"type":"Point","coordinates":[-72.423,42.157]},"properties":{"key":"52166-4c300411","layer":"power","name":"Collins Facility","state":"MA","detail_file":"data/details/power-plants-15.json","plant_id":"52166","capacity_mw":1.2,"status_group":"Operating","energy_sources":"WAT","type":"Power plant","is_nuclear":false}},{"type":"Feature","geometry":{"type":"Point","coordinates":[-72.538,42.145]},"properties":{"key":"58568-06cf6807","layer":"power","name":"Cottage Street Solar Facility","state":"MA","detail_file":"data/details/power-plants-36.json","plant_id":"58568","capacity_mw":3.2,"status_group":"Operating","energy_sources":"SUN","type":"Power plant","is_nuclear":false}},{"type":"Feature","geometry":{"type":"Point","coordinates":[-72.154,42.176]},"properties":{"key":"63011-edc61b14","layer":"power","name":"Cronin Road Solar 1, LLC CSG Hybrid","state":"MA","detail_file":"data/details/power-plants-38.json","plant_id":"63011","capacity_mw":3.0,"status_group":"Operating","energy_sources":"MWH; SUN","type":"Power plant","is_nuclear":false}},{"type":"Feature","geometry":{"type":"Point","coordinates":[-72.707,42.573]},"properties":{"key":"6047-9079f288","layer":"power","name":"Deerfield 2","state":"MA","detail_file":"data/details/power-plants-34.json","plant_id":"6047","capacity_mw":4.8,"status_group":"Operating","energy_sources":"WAT","type":"Power plant","is_nuclear":false}},{"type":"Feature","geometry":{"type":"Point","coordinates":[-72.734,42.599]},"properties":{"key":"6083-f34b3a50","layer":"power","name":"Deerfield 3","state":"MA","detail_file":"data/details/power-plants-58.json","plant_id":"6083","capacity_mw":4.8,"status_group":"Operating","energy_sources":"WAT","type":"Power plant","is_nuclear":false}},{"type":"Feature","geometry":{"type":"Point","coordinates":[-72.738,42.62]},"properties":{"key":"6119-346478c3","layer":"power","name":"Deerfield 4","state":"MA","detail_file":"data/details/power-plants-55.json","plant_id":"6119","capacity_mw":4.8,"status_group":"Operating","energy_sources":"WAT","type":"Power plant","is_nuclear":false}},{"type":"Feature","geometry":{"type":"Point","coordinates":[-72.956,42.691]},"properties":{"key":"1620-a8ed9ec8","layer":"power","name":"Deerfield 5","state":"MA","detail_file":"data/details/power-plants-09.json","plant_id":"1620","capacity_mw":17.5,"status_group":"Operating","energy_sources":"WAT","type":"Power plant","is_nuclear":false}},{"type":"Feature","geometry":{"type":"Point","coordinates":[-72.589,42.563]},"properties":{"key":"60775-4c729674","layer":"power","name":"Deerfield CSG Solar","state":"MA","detail_file":"data/details/power-plants-05.json","plant_id":"60775","capacity_mw":4.5,"status_group":"Operating","energy_sources":"SUN","type":"Power plant","is_nuclear":false}},{"type":"Feature","geometry":{"type":"Point","coordinates":[-73.196,42.458]},"properties":{"key":"68434-06c3d1e6","layer":"power","name":"Downing Parkway Solar","state":"MA","detail_file":"data/details/power-plants-49.json","plant_id":"68434","capacity_mw":2.3,"status_group":"Operating","energy_sources":"SUN","type":"Power plant","is_nuclear":false}},{"type":"Feature","geometry":{"type":"Point","coordinates":[-72.007,42.082]},"properties":{"key":"64437-3252b3f1","layer":"power","name":"Dresser Hill CSG","state":"MA","detail_file":"data/details/power-plants-18.json","plant_id":"64437","capacity_mw":3.7,"status_group":"Operating","energy_sources":"SUN","type":"Power plant","is_nuclear":false}},{"type":"Feature","geometry":{"type":"Point","coordinates":[-72.611,42.149]},"properties":{"key":"6378-a2706f3d","layer":"power","name":"Dwight","state":"MA","detail_file":"data/details/power-plants-55.json","plant_id":"6378","capacity_mw":1.2,"status_group":"Operating","energy_sources":"WAT","type":"Power plant","is_nuclear":false}},{"type":"Feature","geometry":{"type":"Point","coordinates":[-72.653,42.042]},"properties":{"key":"65175-cf45daef","layer":"power","name":"ENGIE 2019 ProjectCo-MA1, LLC","state":"MA","detail_file":"data/details/power-plants-32.json","plant_id":"65175","capacity_mw":4.5,"status_group":"Operating","energy_sources":"SUN","type":"Power plant","is_nuclear":false}},{"type":"Feature","geometry":{"type":"Point","coordinates":[-73.242,42.487]},"properties":{"key":"61755-2329f3a0","layer":"power","name":"East Acres Solar NG, LLC","state":"MA","detail_file":"data/details/power-plants-49.json","plant_id":"61755","capacity_mw":5.8,"status_group":"Operating","energy_sources":"SUN","type":"Power plant","is_nuclear":false}},{"type":"Feature","geometry":{"type":"Point","coordinates":[-72.031,42.196]},"properties":{"key":"64129-0cdbaa4c","layer":"power","name":"East Brookfield Adams Road Solar LLC CSG","state":"MA","detail_file":"data/details/power-plants-29.json","plant_id":"64129","capacity_mw":8.1,"status_group":"Operating","energy_sources":"MWH; SUN","type":"Power plant","is_nuclear":false}},{"type":"Feature","geometry":{"type":"Point","coordinates":[-72.029,42.232]},"properties":{"key":"63887-406d9872","layer":"power","name":"East Brookfield Main Street Solar LLC CS","state":"MA","detail_file":"data/details/power-plants-38.json","plant_id":"63887","capacity_mw":1.0,"status_group":"Operating","energy_sources":"SUN","type":"Power plant","is_nuclear":false}},{"type":"Feature","geometry":{"type":"Point","coordinates":[-72.459,42.047]},"properties":{"key":"62059-a6e8f6ff","layer":"power","name":"East Longmeadow Solar PV","state":"MA","detail_file":"data/details/power-plants-61.json","plant_id":"62059","capacity_mw":5.0,"status_group":"Operating","energy_sources":"SUN","type":"Power plant","is_nuclear":false}},{"type":"Feature","geometry":{"type":"Point","coordinates":[-72.55,42.14]},"properties":{"key":"62093-94fd5ca8","layer":"power","name":"East Springfield Solar PV","state":"MA","detail_file":"data/details/power-plants-49.json","plant_id":"62093","capacity_mw":1.4,"status_group":"Operating","energy_sources":"SUN","type":"Power plant","is_nuclear":false}},{"type":"Feature","geometry":{"type":"Point","coordinates":[-72.68,42.248]},"properties":{"key":"63953-09587a97","layer":"power","name":"Easthampton CSG","state":"MA","detail_file":"data/details/power-plants-63.json","plant_id":"63953","capacity_mw":2.5,"status_group":"Operating","energy_sources":"SUN","type":"Power plant","is_nuclear":false}},{"type":"Feature","geometry":{"type":"Point","coordinates":[-72.701,42.287]},"properties":{"key":"58272-5f6578fe","layer":"power","name":"Easthampton Landfill-City of Easthampton","state":"MA","detail_file":"data/details/power-plants-05.json","plant_id":"58272","capacity_mw":1.9,"status_group":"Operating","energy_sources":"SUN","type":"Power plant","is_nuclear":false}},{"type":"Feature","geometry":{"type":"Point","coordinates":[-72.471,42.604]},"properties":{"key":"63950-31d6b0e7","layer":"power","name":"Erving CSG","state":"MA","detail_file":"data/details/power-plants-23.json","plant_id":"63950","capacity_mw":1.0,"status_group":"Operating","energy_sources":"SUN","type":"Power plant","is_nuclear":false}},{"type":"Feature","geometry":{"type":"Point","coordinates":[-72.388,42.598]},"properties":{"key":"54228-74d3f4b0","layer":"power","name":"Erving Paper Mills","state":"MA","detail_file":"data/details/power-plants-57.json","plant_id":"54228","capacity_mw":6.2,"status_group":"Operating","energy_sources":"NG","type":"Power plant","is_nuclear":false}},{"type":"Feature","geometry":{"type":"Point","coordinates":[-72.896,42.642]},"properties":{"key":"65279-d57ca193","layer":"power","name":"Fairhaven E","state":"MA","detail_file":"data/details/power-plants-26.json","plant_id":"65279","capacity_mw":2.0,"status_group":"Operating","energy_sources":"SUN","type":"Power plant","is_nuclear":false}},{"type":"Feature","geometry":{"type":"Point","coordinates":[-72.61,42.46]},"properties":{"key":"58974-5e2a4d77","layer":"power","name":"Fairview Farms Solar","state":"MA","detail_file":"data/details/power-plants-43.json","plant_id":"58974","capacity_mw":2.0,"status_group":"Operating","energy_sources":"SUN","type":"Power plant","is_nuclear":false}},{"type":"Feature","geometry":{"type":"Point","coordinates":[-72.978,42.686]},"properties":{"key":"8004-034c6d70","layer":"power","name":"Fife Brook","state":"MA","detail_file":"data/details/power-plants-31.json","plant_id":"8004","capacity_mw":11.2,"status_group":"Operating","energy_sources":"WAT","type":"Power plant","is_nuclear":false}},{"type":"Feature","geometry":{"type":"Point","coordinates":[-72.49,42.594]},"properties":{"key":"66585-4b240140","layer":"power","name":"French King Solar LLC","state":"MA","detail_file":"data/details/power-plants-50.json","plant_id":"66585","capacity_mw":5.0,"status_group":"Operating","energy_sources":"SUN","type":"Power plant","is_nuclear":false}},{"type":"Feature","geometry":{"type":"Point","coordinates":[-72.591,42.148]},"properties":{"key":"7396-086dd1cf","layer":"power","name":"Front Street","state":"MA","detail_file":"data/details/power-plants-31.json","plant_id":"7396","capacity_mw":8.1,"status_group":"Operating","energy_sources":"DFO","type":"Power plant","is_nuclear":false}},{"type":"Feature","geometry":{"type":"Point","coordinates":[-72.727,42.178]},"properties":{"key":"62825-c0e1596c","layer":"power","name":"GSPP Terrawatt Westfield LLC CSG","state":"MA","detail_file":"data/details/power-plants-56.json","plant_id":"62825","capacity_mw":3.6,"status_group":"Operating","energy_sources":"SUN","type":"Power plant","is_nuclear":false}},{"type":"Feature","geometry":{"type":"Point","coordinates":[-72.039,42.603]},"properties":{"key":"62870-3a24eab3","layer":"power","name":"Gardner - Otter River Road","state":"MA","detail_file":"data/details/power-plants-60.json","plant_id":"62870","capacity_mw":2.5,"status_group":"Operating","energy_sources":"SUN","type":"Power plant","is_nuclear":false}},{"type":"Feature","geometry":{"type":"Point","coordinates":[-72.031,42.586]},"properties":{"key":"58937-077dbdcc","layer":"power","name":"Gardner Solar 1","state":"MA","detail_file":"data/details/power-plants-10.json","plant_id":"58937","capacity_mw":2.0,"status_group":"Operating","energy_sources":"SUN","type":"Power plant","is_nuclear":false}},{"type":"Feature","geometry":{"type":"Point","coordinates":[-72.731,42.591]},"properties":{"key":"1634-c692e4c7","layer":"power","name":"Gardners Falls","state":"MA","detail_file":"data/details/power-plants-36.json","plant_id":"1634","capacity_mw":3.5,"status_group":"Operating","energy_sources":"WAT","type":"Power plant","is_nuclear":false}},{"type":"Feature","geometry":{"type":"Point","coordinates":[-73.349,42.28]},"properties":{"key":"69671-4cf840e0","layer":"power","name":"Glendale Hydroelectric Project","state":"MA","detail_file":"data/details/power-plants-04.json","plant_id":"69671","capacity_mw":1.1,"status_group":"Operating","energy_sources":"WAT","type":"Power plant","is_nuclear":false}},{"type":"Feature","geometry":{"type":"Point","coordinates":[-72.781,42.008]},"properties":{"key":"62992-d7553542","layer":"power","name":"Goose Pond Solar","state":"MA","detail_file":"data/details/power-plants-05.json","plant_id":"62992","capacity_mw":4.0,"status_group":"Operating","energy_sources":"SUN","type":"Power plant","is_nuclear":false}},{"type":"Feature","geometry":{"type":"Point","coordinates":[-72.547,42.227]},"properties":{"key":"59815-0845ec26","layer":"power","name":"Granby LFG","state":"MA","detail_file":"data/details/power-plants-00.json","plant_id":"59815","capacity_mw":3.2,"status_group":"Operating","energy_sources":"LFG","type":"Power plant","is_nuclear":false}},{"type":"Feature","geometry":{"type":"Point","coordinates":[-72.522,42.227]},"properties":{"key":"63338-78c950ce","layer":"power","name":"Granby Solar, LLC CSG","state":"MA","detail_file":"data/details/power-plants-18.json","plant_id":"63338","capacity_mw":5.0,"status_group":"Operating","energy_sources":"MWH; SUN","type":"Power plant","is_nuclear":false}},{"type":"Feature","geometry":{"type":"Point","coordinates":[-72.58,42.64]},"properties":{"key":"62063-5a0f7133","layer":"power","name":"Greenfield Solar PV","state":"MA","detail_file":"data/details/power-plants-39.json","plant_id":"62063","capacity_mw":2.0,"status_group":"Operating","energy_sources":"SUN","type":"Power plant","is_nuclear":false}},{"type":"Feature","geometry":{"type":"Point","coordinates":[-72.004,42.147]},"properties":{"key":"62198-278631dc","layer":"power","name":"Griffin Road Solar, LLC CSG","state":"MA","detail_file":"data/details/power-plants-19.json","plant_id":"62198","capacity_mw":2.0,"status_group":"Operating","energy_sources":"SUN","type":"Power plant","is_nuclear":false}},{"type":"Feature","geometry":{"type":"Point","coordinates":[-72.557,42.351]},"properties":{"key":"62196-ff2b795d","layer":"power","name":"Hadley 2 Solar, LLC CSG","state":"MA","detail_file":"data/details/power-plants-45.json","plant_id":"62196","capacity_mw":1.9,"status_group":"Operating","energy_sources":"SUN","type":"Power plant","is_nuclear":false}},{"type":"Feature","geometry":{"type":"Point","coordinates":[-72.543,42.359]},"properties":{"key":"64231-8ba866c2","layer":"power","name":"Hadley 3 Solar (North)","state":"MA","detail_file":"data/details/power-plants-56.json","plant_id":"64231","capacity_mw":4.9,"status_group":"Operating","energy_sources":"MWH; SUN","type":"Power plant","is_nuclear":false}},{"type":"Feature","geometry":{"type":"Point","coordinates":[-72.543,42.356]},"properties":{"key":"64232-bc5ca9ba","layer":"power","name":"Hadley 3 Solar (South)","state":"MA","detail_file":"data/details/power-plants-18.json","plant_id":"64232","capacity_mw":3.0,"status_group":"Operating","energy_sources":"MWH; SUN","type":"Power plant","is_nuclear":false}},{"type":"Feature","geometry":{"type":"Point","coordinates":[-72.604,42.212]},"properties":{"key":"1605-407af15a","layer":"power","name":"Hadley Falls","state":"MA","detail_file":"data/details/power-plants-15.json","plant_id":"1605","capacity_mw":33.4,"status_group":"Operating","energy_sources":"WAT","type":"Power plant","is_nuclear":false}},{"type":"Feature","geometry":{"type":"Point","coordinates":[-72.539,42.352]},"properties":{"key":"59484-fa1a4ac3","layer":"power","name":"Hadley Solar NG, LLC","state":"MA","detail_file":"data/details/power-plants-49.json","plant_id":"59484","capacity_mw":2.7,"status_group":"Operating","energy_sources":"SUN","type":"Power plant","is_nuclear":false}},{"type":"Feature","geometry":{"type":"Point","coordinates":[-72.439,42.045]},"properties":{"key":"60494-79b9cdaa","layer":"power","name":"Hampden","state":"MA","detail_file":"data/details/power-plants-20.json","plant_id":"60494","capacity_mw":3.2,"status_group":"Operating","energy_sources":"SUN","type":"Power plant","is_nuclear":false}},{"type":"Feature","geometry":{"type":"Point","coordinates":[-72.398,42.064]},"properties":{"key":"69131-da958d05","layer":"power","name":"Hampden Landfill Solar LLC","state":"MA","detail_file":"data/details/power-plants-62.json","plant_id":"69131","capacity_mw":4.9,"status_group":"Operating","energy_sources":"MWH; SUN","type":"Power plant","is_nuclear":false}},{"type":"Feature","geometry":{"type":"Point","coordinates":[-72.459,42.046]},"properties":{"key":"62073-34319005","layer":"power","name":"Hampden Solar PV","state":"MA","detail_file":"data/details/power-plants-31.json","plant_id":"62073","capacity_mw":3.5,"status_group":"Operating","energy_sources":"SUN","type":"Power plant","is_nuclear":false}},{"type":"Feature","geometry":{"type":"Point","coordinates":[-72.469,42.377]},"properties":{"key":"60815-5a31fffa","layer":"power","name":"Hampshire College Hybrid","state":"MA","detail_file":"data/details/power-plants-54.json","plant_id":"60815","capacity_mw":4.4,"status_group":"Operating","energy_sources":"MWH; SUN","type":"Power plant","is_nuclear":false}},{"type":"Feature","geometry":{"type":"Point","coordinates":[-72.045,42.607]},"properties":{"key":"62652-e65296ba","layer":"power","name":"Happy Hollow CSG Hybrid","state":"MA","detail_file":"data/details/power-plants-50.json","plant_id":"62652","capacity_mw":8.3,"status_group":"Operating","energy_sources":"MWH; SUN","type":"Power plant","is_nuclear":false}},{"type":"Feature","geometry":{"type":"Point","coordinates":[-73.13,42.59]},"properties":{"key":"66077-7c58282a","layer":"power","name":"Harbor Road Solar 1","state":"MA","detail_file":"data/details/power-plants-50.json","plant_id":"66077","capacity_mw":2.0,"status_group":"Operating","energy_sources":"SUN","type":"Power plant","is_nuclear":false}},{"type":"Feature","geometry":{"type":"Point","coordinates":[-72.19,42.308]},"properties":{"key":"60458-75a029d3","layer":"power","name":"Hardwick-Athol & Eagle Hill","state":"MA","detail_file":"data/details/power-plants-15.json","plant_id":"60458","capacity_mw":2.8,"status_group":"Operating","energy_sources":"SUN","type":"Power plant","is_nuclear":false}},{"type":"Feature","geometry":{"type":"Point","coordinates":[-72.7,42.3]},"properties":{"key":"61299-a9963eab","layer":"power","name":"Hatfield Renewables Community Solar","state":"MA","detail_file":"data/details/power-plants-31.json","plant_id":"61299","capacity_mw":1.9,"status_group":"Operating","energy_sources":"SUN","type":"Power plant","is_nuclear":false}},{"type":"Feature","geometry":{"type":"Point","coordinates":[-72.57,42.41]},"properties":{"key":"62091-f81ea365","layer":"power","name":"Hatfield Solar PV","state":"MA","detail_file":"data/details/power-plants-14.json","plant_id":"62091","capacity_mw":3.6,"status_group":"Operating","energy_sources":"SUN","type":"Power plant","is_nuclear":false}},{"type":"Feature","geometry":{"type":"Point","coordinates":[-73.11,42.44]},"properties":{"key":"62064-0c585fee","layer":"power","name":"Hinsdale Solar PV","state":"MA","detail_file":"data/details/power-plants-09.json","plant_id":"62064","capacity_mw":2.0,"status_group":"Operating","energy_sources":"SUN","type":"Power plant","is_nuclear":false}},{"type":"Feature","geometry":{"type":"Point","coordinates":[-72.871,42.213]},"properties":{"key":"62897-caa8d3fc","layer":"power","name":"Holiday Hill Community Wind","state":"MA","detail_file":"data/details/power-plants-14.json","plant_id":"62897","capacity_mw":5.0,"status_group":"Operating","energy_sources":"WND","type":"Power plant","is_nuclear":false}},{"type":"Feature","geometry":{"type":"Point","coordinates":[-72.649,42.168]},"properties":{"key":"69551-3a00c36c","layer":"power","name":"Holyoke MA BESS 1","state":"MA","detail_file":"data/details/power-plants-20.json","plant_id":"69551","capacity_mw":5.0,"status_group":"Under construction","energy_sources":"MWH","type":"Power plant","is_nuclear":false}},{"type":"Feature","geometry":{"type":"Point","coordinates":[-72.682,42.191]},"properties":{"key":"57931-1de3daa6","layer":"power","name":"Holyoke Solar Cooperative at Mueller","state":"MA","detail_file":"data/details/power-plants-16.json","plant_id":"57931","capacity_mw":2.7,"status_group":"Operating","energy_sources":"SUN","type":"Power plant","is_nuclear":false}},{"type":"Feature","geometry":{"type":"Point","coordinates":[-72.3,42.554]},"properties":{"key":"59820-34b284dc","layer":"power","name":"Hunt Farm Solar","state":"MA","detail_file":"data/details/power-plants-29.json","plant_id":"59820","capacity_mw":3.0,"status_group":"Operating","energy_sources":"SUN","type":"Power plant","is_nuclear":false}},{"type":"Feature","geometry":{"type":"Point","coordinates":[-72.48,42.198]},"properties":{"key":"66180-7af98e8b","layer":"power","name":"Huxley Solar","state":"MA","detail_file":"data/details/power-plants-25.json","plant_id":"66180","capacity_mw":10.0,"status_group":"Operating","energy_sources":"MWH; SUN","type":"Power plant","is_nuclear":false}},{"type":"Feature","geometry":{"type":"Point","coordinates":[-72.017,42.108]},"properties":{"key":"63563-bbc1293d","layer":"power","name":"Incom Solar, LLC CSG","state":"MA","detail_file":"data/details/power-plants-12.json","plant_id":"63563","capacity_mw":2.0,"status_group":"Operating","energy_sources":"SUN","type":"Power plant","is_nuclear":false}},{"type":"Feature","geometry":{"type":"Point","coordinates":[-72.322,42.201]},"properties":{"key":"59362-5b3ed411","layer":"power","name":"Indian Hill Solar LLC","state":"MA","detail_file":"data/details/power-plants-46.json","plant_id":"59362","capacity_mw":1.0,"status_group":"Operating","energy_sources":"SUN","type":"Power plant","is_nuclear":false}},{"type":"Feature","geometry":{"type":"Point","coordinates":[-72.508,42.161]},"properties":{"key":"6379-268493f9","layer":"power","name":"Indian Orchard","state":"MA","detail_file":"data/details/power-plants-57.json","plant_id":"6379","capacity_mw":3.7,"status_group":"Operating","energy_sources":"WAT","type":"Power plant","is_nuclear":false}},{"type":"Feature","geometry":{"type":"Point","coordinates":[-72.499,42.151]},"properties":{"key":"57674-f79603bc","layer":"power","name":"Indian Orchard PV Facility","state":"MA","detail_file":"data/details/power-plants-04.json","plant_id":"57674","capacity_mw":1.9,"status_group":"Operating","energy_sources":"SUN","type":"Power plant","is_nuclear":false}},{"type":"Feature","geometry":{"type":"Point","coordinates":[-72.524,42.157]},"properties":{"key":"10417-cd823ed7","layer":"power","name":"Indian Orchard Plant 1","state":"MA","detail_file":"data/details/power-plants-38.json","plant_id":"10417","capacity_mw":5.7,"status_group":"Operating","energy_sources":"NG","type":"Power plant","is_nuclear":false}},{"type":"Feature","geometry":{"type":"Point","coordinates":[-72.85,42.187]},"properties":{"key":"65294-d3aa1a55","layer":"power","name":"Indian River Hydro","state":"MA","detail_file":"data/details/power-plants-30.json","plant_id":"65294","capacity_mw":1.4,"status_group":"Operating","energy_sources":"WAT","type":"Power plant","is_nuclear":false}},{"type":"Feature","geometry":{"type":"Point","coordinates":[-72.828,42.163]},"properties":{"key":"50166-955173b4","layer":"power","name":"International Paper Woronoco Mill","state":"MA","detail_file":"data/details/power-plants-30.json","plant_id":"50166","capacity_mw":2.8,"status_group":"Operating","energy_sources":"WAT","type":"Power plant","is_nuclear":false}},{"type":"Feature","geometry":{"type":"Point","coordinates":[-72.1,42.243]},"properties":{"key":"63564-8c012a20","layer":"power","name":"JH Solar, LLC CSG","state":"MA","detail_file":"data/details/power-plants-53.json","plant_id":"63564","capacity_mw":1.0,"status_group":"Operating","energy_sources":"SUN","type":"Power plant","is_nuclear":false}},{"type":"Feature","geometry":{"type":"Point","coordinates":[-73.293,42.544]},"properties":{"key":"62570-931c441d","layer":"power","name":"Jiminy Peak Wind QF","state":"MA","detail_file":"data/details/power-plants-28.json","plant_id":"62570","capacity_mw":1.5,"status_group":"Operating","energy_sources":"WND","type":"Power plant","is_nuclear":false}},{"type":"Feature","geometry":{"type":"Point","coordinates":[-72.045,42.471]},"properties":{"key":"59468-894c0ec4","layer":"power","name":"KS Solar Six LLC","state":"MA","detail_file":"data/details/power-plants-33.json","plant_id":"59468","capacity_mw":2.0,"status_group":"Operating","energy_sources":"SUN","type":"Power plant","is_nuclear":false}},{"type":"Feature","geometry":{"type":"Point","coordinates":[-73.408,42.192]},"properties":{"key":"62550-a2c4df7b","layer":"power","name":"Kearsarge GB","state":"MA","detail_file":"data/details/power-plants-54.json","plant_id":"62550","capacity_mw":1.9,"status_group":"Operating","energy_sources":"SUN","type":"Power plant","is_nuclear":false}},{"type":"Feature","geometry":{"type":"Point","coordinates":[-72.477,42.671]},"properties":{"key":"62911-e27cd39c","layer":"power","name":"Kearsarge Gill","state":"MA","detail_file":"data/details/power-plants-28.json","plant_id":"62911","capacity_mw":2.0,"status_group":"Operating","energy_sources":"SUN","type":"Power plant","is_nuclear":false}},{"type":"Feature","geometry":{"type":"Point","coordinates":[-72.508,42.223]},"properties":{"key":"61815-c8041ad9","layer":"power","name":"Kearsarge Granby","state":"MA","detail_file":"data/details/power-plants-38.json","plant_id":"61815","capacity_mw":2.5,"status_group":"Operating","energy_sources":"SUN","type":"Power plant","is_nuclear":false}},{"type":"Feature","geometry":{"type":"Point","coordinates":[-72.494,42.201]},"properties":{"key":"65688-9774ae30","layer":"power","name":"Kearsarge Ludlow LLC","state":"MA","detail_file":"data/details/power-plants-22.json","plant_id":"65688","capacity_mw":3.7,"status_group":"Operating","energy_sources":"SUN","type":"Power plant","is_nuclear":false}},{"type":"Feature","geometry":{"type":"Point","coordinates":[-72.563,42.586]},"properties":{"key":"62557-682c612e","layer":"power","name":"Kearsarge Montague","state":"MA","detail_file":"data/details/power-plants-05.json","plant_id":"62557","capacity_mw":4.0,"status_group":"Operating","energy_sources":"SUN","type":"Power plant","is_nuclear":false}},{"type":"Feature","geometry":{"type":"Point","coordinates":[-72.558,42.586]},"properties":{"key":"64620-eebe31f0","layer":"power","name":"Kearsarge Montague BD(CSG)","state":"MA","detail_file":"data/details/power-plants-16.json","plant_id":"64620","capacity_mw":3.8,"status_group":"Operating","energy_sources":"MWH; SUN","type":"Power plant","is_nuclear":false}},{"type":"Feature","geometry":{"type":"Point","coordinates":[-72.775,42.016]},"properties":{"key":"60867-b776727a","layer":"power","name":"Kearsarge Southwick LLC","state":"MA","detail_file":"data/details/power-plants-36.json","plant_id":"60867","capacity_mw":3.3,"status_group":"Operating","energy_sources":"SUN","type":"Power plant","is_nuclear":false}},{"type":"Feature","geometry":{"type":"Point","coordinates":[-72.073,42.265]},"properties":{"key":"63041-a5a5e887","layer":"power","name":"Lane Ave Solar LLC","state":"MA","detail_file":"data/details/power-plants-07.json","plant_id":"63041","capacity_mw":1.5,"status_group":"Operating","energy_sources":"SUN","type":"Power plant","is_nuclear":false}},{"type":"Feature","geometry":{"type":"Point","coordinates":[-72.104,42.241]},"properties":{"key":"63572-b710ca95","layer":"power","name":"Ledeaux Solar, LLC CSG","state":"MA","detail_file":"data/details/power-plants-09.json","plant_id":"63572","capacity_mw":1.0,"status_group":"Operating","energy_sources":"SUN","type":"Power plant","is_nuclear":false}},{"type":"Feature","geometry":{"type":"Point","coordinates":[-73.228,42.297]},"properties":{"key":"62265-d920169a","layer":"power","name":"Lee Site 31 Solar","state":"MA","detail_file":"data/details/power-plants-52.json","plant_id":"62265","capacity_mw":1.9,"status_group":"Operating","energy_sources":"SUN","type":"Power plant","is_nuclear":false}},{"type":"Feature","geometry":{"type":"Point","coordinates":[-72.597,42.446]},"properties":{"key":"65716-ee4566e4","layer":"power","name":"Long Plain Solar","state":"MA","detail_file":"data/details/power-plants-60.json","plant_id":"65716","capacity_mw":2.0,"status_group":"Operating","energy_sources":"SUN","type":"Power plant","is_nuclear":false}},{"type":"Feature","geometry":{"type":"Point","coordinates":[-72.507,42.182]},"properties":{"key":"59135-83628fd4","layer":"power","name":"Ludlow Landfill","state":"MA","detail_file":"data/details/power-plants-58.json","plant_id":"59135","capacity_mw":2.3,"status_group":"Operating","energy_sources":"SUN","type":"Power plant","is_nuclear":false}},{"type":"Feature","geometry":{"type":"Point","coordinates":[-72.446,42.165]},"properties":{"key":"62097-863e77ec","layer":"power","name":"Ludlow Site 72 - Conti","state":"MA","detail_file":"data/details/power-plants-20.json","plant_id":"62097","capacity_mw":1.9,"status_group":"Operating","energy_sources":"SUN","type":"Power plant","is_nuclear":false}},{"type":"Feature","geometry":{"type":"Point","coordinates":[-72.2,42.17]},"properties":{"key":"58276-33fcace6","layer":"power","name":"Mass Midstate Solar 2","state":"MA","detail_file":"data/details/power-plants-34.json","plant_id":"58276","capacity_mw":5.0,"status_group":"Operating","energy_sources":"SUN","type":"Power plant","is_nuclear":false}},{"type":"Feature","geometry":{"type":"Point","coordinates":[-72.522,42.157]},"properties":{"key":"10726-46167c73","layer":"power","name":"Masspower","state":"MA","detail_file":"data/details/power-plants-13.json","plant_id":"10726","capacity_mw":260.9,"status_group":"Operating","energy_sources":"NG","type":"Power plant","is_nuclear":false}},{"type":"Feature","geometry":{"type":"Point","coordinates":[-72.001,42.165]},"properties":{"key":"63470-b870f76e","layer":"power","name":"McDougle-Mitchell Solar Project Hybrid C","state":"MA","detail_file":"data/details/power-plants-47.json","plant_id":"63470","capacity_mw":7.4,"status_group":"Operating","energy_sources":"MWH; SUN","type":"Power plant","is_nuclear":false}},{"type":"Feature","geometry":{"type":"Point","coordinates":[-72.015,42.112]},"properties":{"key":"55079-aaf72532","layer":"power","name":"Millennium Power","state":"MA","detail_file":"data/details/power-plants-08.json","plant_id":"55079","capacity_mw":427.5,"status_group":"Operating","energy_sources":"NG","type":"Power plant","is_nuclear":false}},{"type":"Feature","geometry":{"type":"Point","coordinates":[-72.332,42.124]},"properties":{"key":"59464-f30e4938","layer":"power","name":"Monson Solar","state":"MA","detail_file":"data/details/power-plants-44.json","plant_id":"59464","capacity_mw":3.0,"status_group":"Operating","energy_sources":"SUN","type":"Power plant","is_nuclear":false}},{"type":"Feature","geometry":{"type":"Point","coordinates":[-72.29,42.098]},"properties":{"key":"62203-778210d6","layer":"power","name":"Monson Solar, LLC","state":"MA","detail_file":"data/details/power-plants-63.json","plant_id":"62203","capacity_mw":2.0,"status_group":"Operating","energy_sources":"SUN","type":"Power plant","is_nuclear":false}},{"type":"Feature","geometry":{"type":"Point","coordinates":[-72.537,42.422]},"properties":{"key":"64042-77ac86e3","layer":"power","name":"Montague Road Solar","state":"MA","detail_file":"data/details/power-plants-57.json","plant_id":"64042","capacity_mw":5.6,"status_group":"Operating","energy_sources":"MWH; SUN","type":"Power plant","is_nuclear":false}},{"type":"Feature","geometry":{"type":"Point","coordinates":[-72.5,42.5]},"properties":{"key":"62092-763fa057","layer":"power","name":"Montague Site 36-Grosolar","state":"MA","detail_file":"data/details/power-plants-35.json","plant_id":"62092","capacity_mw":4.1,"status_group":"Operating","energy_sources":"SUN","type":"Power plant","is_nuclear":false}},{"type":"Feature","geometry":{"type":"Point","coordinates":[-73.332,42.253]},"properties":{"key":"67577-ccb12d0e","layer":"power","name":"Monument Valley","state":"MA","detail_file":"data/details/power-plants-20.json","plant_id":"67577","capacity_mw":3.0,"status_group":"Operating","energy_sources":"MWH; SUN","type":"Power plant","is_nuclear":false}},{"type":"Feature","geometry":{"type":"Point","coordinates":[-72.193,42.167]},"properties":{"key":"60612-98776331","layer":"power","name":"Morin Solar 2013 LLC","state":"MA","detail_file":"data/details/power-plants-28.json","plant_id":"60612","capacity_mw":4.0,"status_group":"Operating","energy_sources":"SUN","type":"Power plant","is_nuclear":false}},{"type":"Feature","geometry":{"type":"Point","coordinates":[-72.603,42.269]},"properties":{"key":"60906-4b81f75d","layer":"power","name":"Mt. Tom Solar Project Hybrid","state":"MA","detail_file":"data/details/power-plants-48.json","plant_id":"60906","capacity_mw":7.6,"status_group":"Operating","energy_sources":"MWH; SUN","type":"Power plant","is_nuclear":false}},{"type":"Feature","geometry":{"type":"Point","coordinates":[-72.474,42.611]},"properties":{"key":"58210-c4cc2567","layer":"power","name":"NFM Solar Power LLC","state":"MA","detail_file":"data/details/power-plants-32.json","plant_id":"58210","capacity_mw":1.9,"status_group":"Operating","energy_sources":"SUN","type":"Power plant","is_nuclear":false}},{"type":"Feature","geometry":{"type":"Point","coordinates":[-73.024,42.73]},"properties":{"key":"57380-7fb5c1b2","layer":"power","name":"New England Wind LLC","state":"MA","detail_file":"data/details/power-plants-53.json","plant_id":"57380","capacity_mw":28.5,"status_group":"Operating","energy_sources":"WND","type":"Power plant","is_nuclear":false}},{"type":"Feature","geometry":{"type":"Point","coordinates":[-73.278,42.152]},"properties":{"key":"68651-ff899649","layer":"power","name":"New Marlborough","state":"MA","detail_file":"data/details/power-plants-18.json","plant_id":"68651","capacity_mw":5.0,"status_group":"Operating","energy_sources":"SUN","type":"Power plant","is_nuclear":false}},{"type":"Feature","geometry":{"type":"Point","coordinates":[-73.287,42.562]},"properties":{"key":"60879-ee049da4","layer":"power","name":"Nexamp Peak CSG","state":"MA","detail_file":"data/details/power-plants-11.json","plant_id":"60879","capacity_mw":2.0,"status_group":"Operating","energy_sources":"SUN","type":"Power plant","is_nuclear":false}},{"type":"Feature","geometry":{"type":"Point","coordinates":[-73.362,42.239]},"properties":{"key":"65559-77309486","layer":"power","name":"Nolan","state":"MA","detail_file":"data/details/power-plants-50.json","plant_id":"65559","capacity_mw":1.0,"status_group":"Operating","energy_sources":"SUN","type":"Power plant","is_nuclear":false}},{"type":"Feature","geometry":{"type":"Point","coordinates":[-73.092,42.669]},"properties":{"key":"60074-0b15f829","layer":"power","name":"North Adams Landfill","state":"MA","detail_file":"data/details/power-plants-03.json","plant_id":"60074","capacity_mw":2.2,"status_group":"Operating","energy_sources":"SUN","type":"Power plant","is_nuclear":false}},{"type":"Feature","geometry":{"type":"Point","coordinates":[-72.053,42.278]},"properties":{"key":"58650-f3edff1a","layer":"power","name":"North Brookfield","state":"MA","detail_file":"data/details/power-plants-35.json","plant_id":"58650","capacity_mw":3.0,"status_group":"Operating","energy_sources":"SUN","type":"Power plant","is_nuclear":false}},{"type":"Feature","geometry":{"type":"Point","coordinates":[-72.714,42.294]},"properties":{"key":"60908-524f3be5","layer":"power","name":"Northampton Landfill Solar PV","state":"MA","detail_file":"data/details/power-plants-07.json","plant_id":"60908","capacity_mw":2.4,"status_group":"Operating","energy_sources":"SUN","type":"Power plant","is_nuclear":false}},{"type":"Feature","geometry":{"type":"Point","coordinates":[-72.472,42.611]},"properties":{"key":"547-4e55f080","layer":"power","name":"Northfield Mountain","state":"MA","detail_file":"data/details/power-plants-09.json","plant_id":"547","capacity_mw":1168.0,"status_group":"Operating","energy_sources":"WAT","type":"Power plant","is_nuclear":false}},{"type":"Feature","geometry":{"type":"Point","coordinates":[-72.235,42.617]},"properties":{"key":"67369-3a5af637","layer":"power","name":"OSG Solar 1 LLC","state":"MA","detail_file":"data/details/power-plants-34.json","plant_id":"67369","capacity_mw":2.5,"status_group":"Operating","energy_sources":"SUN","type":"Power plant","is_nuclear":false}},{"type":"Feature","geometry":{"type":"Point","coordinates":[-73.293,42.422]},"properties":{"key":"67901-50788f5a","layer":"power","name":"Oak Leaf Solar XVI Community Solar","state":"MA","detail_file":"data/details/power-plants-37.json","plant_id":"67901","capacity_mw":1.0,"status_group":"Operating","energy_sources":"SUN","type":"Power plant","is_nuclear":false}},{"type":"Feature","geometry":{"type":"Point","coordinates":[-73.293,42.422]},"properties":{"key":"67900-58ad4304","layer":"power","name":"Oak Leaf Solar XVII Community Solar","state":"MA","detail_file":"data/details/power-plants-58.json","plant_id":"67900","capacity_mw":3.2,"status_group":"Operating","energy_sources":"SUN","type":"Power plant","is_nuclear":false}},{"type":"Feature","geometry":{"type":"Point","coordinates":[-72.497,42.149]},"properties":{"key":"63690-a3956b9a","layer":"power","name":"Oak Street Solar","state":"MA","detail_file":"data/details/power-plants-42.json","plant_id":"63690","capacity_mw":3.5,"status_group":"Operating","energy_sources":"SUN","type":"Power plant","is_nuclear":false}},{"type":"Feature","geometry":{"type":"Point","coordinates":[-72.623,42.494]},"properties":{"key":"68069-0180707c","layer":"power","name":"Old Frontier Solar III","state":"MA","detail_file":"data/details/power-plants-35.json","plant_id":"68069","capacity_mw":4.0,"status_group":"Operating","energy_sources":"MWH; SUN","type":"Power plant","is_nuclear":false}},{"type":"Feature","geometry":{"type":"Point","coordinates":[-72.037,42.238]},"properties":{"key":"61243-e933e3be","layer":"power","name":"Old Wardour Solar","state":"MA","detail_file":"data/details/power-plants-35.json","plant_id":"61243","capacity_mw":5.5,"status_group":"Operating","energy_sources":"SUN","type":"Power plant","is_nuclear":false}},{"type":"Feature","geometry":{"type":"Point","coordinates":[-72.294,42.585]},"properties":{"key":"58411-2904e64d","layer":"power","name":"Orange PV","state":"MA","detail_file":"data/details/power-plants-49.json","plant_id":"58411","capacity_mw":2.0,"status_group":"Operating","energy_sources":"SUN","type":"Power plant","is_nuclear":false}},{"type":"Feature","geometry":{"type":"Point","coordinates":[-72.325,42.204]},"properties":{"key":"62135-e30176d7","layer":"power","name":"Palmer","state":"MA","detail_file":"data/details/power-plants-15.json","plant_id":"62135","capacity_mw":3.5,"status_group":"Operating","energy_sources":"SUN","type":"Power plant","is_nuclear":false}},{"type":"Feature","geometry":{"type":"Point","coordinates":[-72.316,42.217]},"properties":{"key":"60076-31eb6310","layer":"power","name":"Palmer Landfill","state":"MA","detail_file":"data/details/power-plants-43.json","plant_id":"60076","capacity_mw":4.0,"status_group":"Operating","energy_sources":"SUN","type":"Power plant","is_nuclear":false}},{"type":"Feature","geometry":{"type":"Point","coordinates":[-72.366,42.187]},"properties":{"key":"59866-59913f84","layer":"power","name":"Palmer Solar LLC","state":"MA","detail_file":"data/details/power-plants-46.json","plant_id":"59866","capacity_mw":2.5,"status_group":"Operating","energy_sources":"SUN","type":"Power plant","is_nuclear":false}},{"type":"Feature","geometry":{"type":"Point","coordinates":[-73.214,42.49]},"properties":{"key":"68679-83b8db9d","layer":"power","name":"Partridge Solar","state":"MA","detail_file":"data/details/power-plants-27.json","plant_id":"68679","capacity_mw":7.5,"status_group":"Operating","energy_sources":"MWH; SUN","type":"Power plant","is_nuclear":false}},{"type":"Feature","geometry":{"type":"Point","coordinates":[-72.257,42.571]},"properties":{"key":"63804-1a515bdc","layer":"power","name":"Partridgeville Hybrid CSG","state":"MA","detail_file":"data/details/power-plants-62.json","plant_id":"63804","capacity_mw":5.3,"status_group":"Operating","energy_sources":"MWH; SUN","type":"Power plant","is_nuclear":false}},{"type":"Feature","geometry":{"type":"Point","coordinates":[-73.056,42.445]},"properties":{"key":"68652-b33e15ce","layer":"power","name":"Peru (MA)","state":"MA","detail_file":"data/details/power-plants-35.json","plant_id":"68652","capacity_mw":3.3,"status_group":"Operating","energy_sources":"SUN","type":"Power plant","is_nuclear":false}},{"type":"Feature","geometry":{"type":"Point","coordinates":[-72.3,42.1]},"properties":{"key":"61307-06f4bb4b","layer":"power","name":"Peterson Road Solar","state":"MA","detail_file":"data/details/power-plants-29.json","plant_id":"61307","capacity_mw":2.5,"status_group":"Operating","energy_sources":"SUN","type":"Power plant","is_nuclear":false}},{"type":"Feature","geometry":{"type":"Point","coordinates":[-73.216,42.487]},"properties":{"key":"62264-42bed87c","layer":"power","name":"Pittsfield 44 - M&W PV","state":"MA","detail_file":"data/details/power-plants-00.json","plant_id":"62264","capacity_mw":1.2,"status_group":"Operating","energy_sources":"SUN","type":"Power plant","is_nuclear":false}},{"type":"Feature","geometry":{"type":"Point","coordinates":[-73.218,42.456]},"properties":{"key":"50002-1efa553d","layer":"power","name":"Pittsfield Generating LP","state":"MA","detail_file":"data/details/power-plants-63.json","plant_id":"50002","capacity_mw":175.5,"status_group":"Operating","energy_sources":"NG","type":"Power plant","is_nuclear":false}},{"type":"Feature","geometry":{"type":"Point","coordinates":[-72.919,42.52]},"properties":{"key":"62579-d304e450","layer":"power","name":"Plainfield Community Solar LLC","state":"MA","detail_file":"data/details/power-plants-06.json","plant_id":"62579","capacity_mw":3.0,"status_group":"Operating","energy_sources":"MWH; SUN","type":"Power plant","is_nuclear":false}},{"type":"Feature","geometry":{"type":"Point","coordinates":[-72.531,42.411]},"properties":{"key":"67477-f10f8e8b","layer":"power","name":"Pulpit Hill","state":"MA","detail_file":"data/details/power-plants-36.json","plant_id":"67477","capacity_mw":5.0,"status_group":"Operating","energy_sources":"SUN","type":"Power plant","is_nuclear":false}},{"type":"Feature","geometry":{"type":"Point","coordinates":[-72.486,42.158]},"properties":{"key":"1637-79375e22","layer":"power","name":"Putts Bridge","state":"MA","detail_file":"data/details/power-plants-41.json","plant_id":"1637","capacity_mw":3.2,"status_group":"Operating","energy_sources":"WAT","type":"Power plant","is_nuclear":false}},{"type":"Feature","geometry":{"type":"Point","coordinates":[-73.364,42.243]},"properties":{"key":"60492-4c511f2d","layer":"power","name":"Rail Trail","state":"MA","detail_file":"data/details/power-plants-58.json","plant_id":"60492","capacity_mw":2.0,"status_group":"Operating","energy_sources":"SUN","type":"Power plant","is_nuclear":false}},{"type":"Feature","geometry":{"type":"Point","coordinates":[-72.41,42.176]},"properties":{"key":"1638-5182912c","layer":"power","name":"Redbridge","state":"MA","detail_file":"data/details/power-plants-28.json","plant_id":"1638","capacity_mw":3.6,"status_group":"Operating","energy_sources":"WAT","type":"Power plant","is_nuclear":false}},{"type":"Feature","geometry":{"type":"Point","coordinates":[-73.344,42.229]},"properties":{"key":"60493-2dcd9255","layer":"power","name":"Rising Paper","state":"MA","detail_file":"data/details/power-plants-21.json","plant_id":"60493","capacity_mw":2.5,"status_group":"Operating","energy_sources":"SUN","type":"Power plant","is_nuclear":false}},{"type":"Feature","geometry":{"type":"Point","coordinates":[-72.594,42.201]},"properties":{"key":"1607-36326809","layer":"power","name":"Riverside Holyoke","state":"MA","detail_file":"data/details/power-plants-62.json","plant_id":"1607","capacity_mw":6.9,"status_group":"Operating","energy_sources":"WAT","type":"Power plant","is_nuclear":false}},{"type":"Feature","geometry":{"type":"Point","coordinates":[-72.269,42.269]},"properties":{"key":"69794-28983639","layer":"power","name":"Rose Solar","state":"MA","detail_file":"data/details/power-plants-32.json","plant_id":"69794","capacity_mw":4.0,"status_group":"Operating","energy_sources":"SUN","type":"Power plant","is_nuclear":false}},{"type":"Feature","geometry":{"type":"Point","coordinates":[-72.664,42.059]},"properties":{"key":"59031-632a6714","layer":"power","name":"Route 57 Solar","state":"MA","detail_file":"data/details/power-plants-43.json","plant_id":"59031","capacity_mw":1.5,"status_group":"Operating","energy_sources":"SUN","type":"Power plant","is_nuclear":false}},{"type":"Feature","geometry":{"type":"Point","coordinates":[-72.186,42.668]},"properties":{"key":"65136-0634cf16","layer":"power","name":"Royalston Solar One","state":"MA","detail_file":"data/details/power-plants-31.json","plant_id":"65136","capacity_mw":2.5,"status_group":"Planned","energy_sources":"MWH","type":"Power plant","is_nuclear":false}},{"type":"Feature","geometry":{"type":"Point","coordinates":[-72.853,42.165]},"properties":{"key":"68655-983f490c","layer":"power","name":"Russell (MA)","state":"MA","detail_file":"data/details/power-plants-03.json","plant_id":"68655","capacity_mw":3.0,"status_group":"Operating","energy_sources":"SUN","type":"Power plant","is_nuclear":false}},{"type":"Feature","geometry":{"type":"Point","coordinates":[-72.064,42.264]},"properties":{"key":"63044-e6f32888","layer":"power","name":"Ryan Road Solar LLC Hybrid(CSG)","state":"MA","detail_file":"data/details/power-plants-48.json","plant_id":"63044","capacity_mw":8.6,"status_group":"Operating","energy_sources":"MWH; SUN","type":"Power plant","is_nuclear":false}},{"type":"Feature","geometry":{"type":"Point","coordinates":[-72.008,42.283]},"properties":{"key":"60391-903a4e95","layer":"power","name":"SJA Solar LLC-Solterra Monastery CSG","state":"MA","detail_file":"data/details/power-plants-30.json","plant_id":"60391","capacity_mw":14.7,"status_group":"Operating","energy_sources":"SUN","type":"Power plant","is_nuclear":false}},{"type":"Feature","geometry":{"type":"Point","coordinates":[-73.229,42.536]},"properties":{"key":"68680-76451cd0","layer":"power","name":"Saddleback Solar","state":"MA","detail_file":"data/details/power-plants-31.json","plant_id":"68680","capacity_mw":6.1,"status_group":"Operating","energy_sources":"MWH; SUN","type":"Power plant","is_nuclear":false}},{"type":"Feature","geometry":{"type":"Point","coordinates":[-73.05,42.56]},"properties":{"key":"62065-0f0281a8","layer":"power","name":"Savoy Solar PV","state":"MA","detail_file":"data/details/power-plants-14.json","plant_id":"62065","capacity_mw":2.0,"status_group":"Operating","energy_sources":"SUN","type":"Power plant","is_nuclear":false}},{"type":"Feature","geometry":{"type":"Point","coordinates":[-73.325,42.137]},"properties":{"key":"67372-18e978ac","layer":"power","name":"Seaboard Sheffield, LLC","state":"MA","detail_file":"data/details/power-plants-00.json","plant_id":"67372","capacity_mw":2.0,"status_group":"Operating","energy_sources":"SUN","type":"Power plant","is_nuclear":false}},{"type":"Feature","geometry":{"type":"Point","coordinates":[-73.318,42.066]},"properties":{"key":"69943-95578079","layer":"power","name":"Sheffield Hewins","state":"MA","detail_file":"data/details/power-plants-59.json","plant_id":"69943","capacity_mw":2.1,"status_group":"Operating","energy_sources":"SUN","type":"Power plant","is_nuclear":false}},{"type":"Feature","geometry":{"type":"Point","coordinates":[-72.93,42.73]},"properties":{"key":"6012-ddefc1f9","layer":"power","name":"Sherman","state":"MA","detail_file":"data/details/power-plants-13.json","plant_id":"6012","capacity_mw":7.2,"status_group":"Operating","energy_sources":"WAT","type":"Power plant","is_nuclear":false}},{"type":"Feature","geometry":{"type":"Point","coordinates":[-73.24,42.453]},"properties":{"key":"57676-571a7268","layer":"power","name":"Silver Lake Solar Photovoltaic Facility","state":"MA","detail_file":"data/details/power-plants-27.json","plant_id":"57676","capacity_mw":1.5,"status_group":"Operating","energy_sources":"SUN","type":"Power plant","is_nuclear":false}},{"type":"Feature","geometry":{"type":"Point","coordinates":[-73.228,42.503]},"properties":{"key":"68742-6ed21ccd","layer":"power","name":"Skyline Solar","state":"MA","detail_file":"data/details/power-plants-54.json","plant_id":"68742","capacity_mw":7.5,"status_group":"Operating","energy_sources":"MWH; SUN","type":"Power plant","is_nuclear":false}},{"type":"Feature","geometry":{"type":"Point","coordinates":[-72.551,42.138]},"properties":{"key":"61367-48366155","layer":"power","name":"Smith & Wesson at Springfield MA PV","state":"MA","detail_file":"data/details/power-plants-21.json","plant_id":"61367","capacity_mw":1.9,"status_group":"Operating","energy_sources":"SUN","type":"Power plant","is_nuclear":false}},{"type":"Feature","geometry":{"type":"Point","coordinates":[-72.639,42.312]},"properties":{"key":"58166-1d98ceb1","layer":"power","name":"Smith College Central Heating Plant","state":"MA","detail_file":"data/details/power-plants-35.json","plant_id":"58166","capacity_mw":5.3,"status_group":"Operating","energy_sources":"NG","type":"Power plant","is_nuclear":false}},{"type":"Feature","geometry":{"type":"Point","coordinates":[-72.71,42.2]},"properties":{"key":"62066-49cf3c6b","layer":"power","name":"Southampton Solar PV","state":"MA","detail_file":"data/details/power-plants-35.json","plant_id":"62066","capacity_mw":2.0,"status_group":"Operating","energy_sources":"SUN","type":"Power plant","is_nuclear":false}},{"type":"Feature","geometry":{"type":"Point","coordinates":[-72.032,42.104]},"properties":{"key":"59011-c0dad4bf","layer":"power","name":"Southbridge Landfill Gas-to-Energy","state":"MA","detail_file":"data/details/power-plants-22.json","plant_id":"59011","capacity_mw":1.6,"status_group":"Operating","energy_sources":"LFG","type":"Power plant","is_nuclear":false}},{"type":"Feature","geometry":{"type":"Point","coordinates":[-72.012,42.091]},"properties":{"key":"60278-8a985717","layer":"power","name":"Southbridge Solar","state":"MA","detail_file":"data/details/power-plants-40.json","plant_id":"60278","capacity_mw":1.9,"status_group":"Operating","energy_sources":"SUN","type":"Power plant","is_nuclear":false}},{"type":"Feature","geometry":{"type":"Point","coordinates":[-72.75,42.05]},"properties":{"key":"62082-43d31746","layer":"power","name":"Southwick Solar PV","state":"MA","detail_file":"data/details/power-plants-27.json","plant_id":"62082","capacity_mw":5.0,"status_group":"Operating","energy_sources":"SUN","type":"Power plant","is_nuclear":false}},{"type":"Feature","geometry":{"type":"Point","coordinates":[-72.746,42.067]},"properties":{"key":"67904-42cfd3c6","layer":"power","name":"Southwick Solar, LLC Community Solar","state":"MA","detail_file":"data/details/power-plants-59.json","plant_id":"67904","capacity_mw":4.7,"status_group":"Operating","energy_sources":"SUN","type":"Power plant","is_nuclear":false}},{"type":"Feature","geometry":{"type":"Point","coordinates":[-72.016,42.261]},"properties":{"key":"63676-47f36e03","layer":"power","name":"Spencer Solar CSG","state":"MA","detail_file":"data/details/power-plants-20.json","plant_id":"63676","capacity_mw":2.3,"status_group":"Operating","energy_sources":"SUN","type":"Power plant","is_nuclear":false}},{"type":"Feature","geometry":{"type":"Point","coordinates":[-72.017,42.225]},"properties":{"key":"67151-d3097c06","layer":"power","name":"Spencer Solar MA","state":"MA","detail_file":"data/details/power-plants-32.json","plant_id":"67151","capacity_mw":2.5,"status_group":"Operating","energy_sources":"SUN","type":"Power plant","is_nuclear":false}},{"type":"Feature","geometry":{"type":"Point","coordinates":[-72.181,42.419]},"properties":{"key":"59839-45ecb9e6","layer":"power","name":"Spring Hill Road","state":"MA","detail_file":"data/details/power-plants-04.json","plant_id":"59839","capacity_mw":1.9,"status_group":"Operating","energy_sources":"SUN","type":"Power plant","is_nuclear":false}},{"type":"Feature","geometry":{"type":"Point","coordinates":[-72.55,42.134]},"properties":{"key":"62072-68b8f154","layer":"power","name":"Springfield Solar PV","state":"MA","detail_file":"data/details/power-plants-36.json","plant_id":"62072","capacity_mw":4.0,"status_group":"Operating","energy_sources":"SUN","type":"Power plant","is_nuclear":false}},{"type":"Feature","geometry":{"type":"Point","coordinates":[-72.521,42.055]},"properties":{"key":"69729-150a6a85","layer":"power","name":"Stanley Black & Decker","state":"MA","detail_file":"data/details/power-plants-61.json","plant_id":"69729","capacity_mw":3.0,"status_group":"Operating","energy_sources":"SUN","type":"Power plant","is_nuclear":false}},{"type":"Feature","geometry":{"type":"Point","coordinates":[-72.322,42.201]},"properties":{"key":"59363-6fe3e1b6","layer":"power","name":"State Street Solar LLC","state":"MA","detail_file":"data/details/power-plants-53.json","plant_id":"59363","capacity_mw":1.0,"status_group":"Operating","energy_sources":"SUN","type":"Power plant","is_nuclear":false}},{"type":"Feature","geometry":{"type":"Point","coordinates":[-72.103,42.403]},"properties":{"key":"59765-c5068902","layer":"power","name":"Stetson Road Solar - Barre I","state":"MA","detail_file":"data/details/power-plants-63.json","plant_id":"59765","capacity_mw":2.0,"status_group":"Operating","energy_sources":"SUN","type":"Power plant","is_nuclear":false}},{"type":"Feature","geometry":{"type":"Point","coordinates":[-72.511,42.198]},"properties":{"key":"6081-37554f78","layer":"power","name":"Stony Brook","state":"MA","detail_file":"data/details/power-plants-45.json","plant_id":"6081","capacity_mw":541.5,"status_group":"Operating","energy_sources":"DFO; NG; SUN","type":"Power plant","is_nuclear":false}},{"type":"Feature","geometry":{"type":"Point","coordinates":[-72.005,42.177]},"properties":{"key":"67505-c903ed1a","layer":"power","name":"Sturbridge Barn","state":"MA","detail_file":"data/details/power-plants-31.json","plant_id":"67505","capacity_mw":1.0,"status_group":"Operating","energy_sources":"SUN","type":"Power plant","is_nuclear":false}},{"type":"Feature","geometry":{"type":"Point","coordinates":[-72.018,42.175]},"properties":{"key":"63677-2934d230","layer":"power","name":"Sturbridge Road Solar","state":"MA","detail_file":"data/details/power-plants-10.json","plant_id":"63677","capacity_mw":5.0,"status_group":"Under construction","energy_sources":"SUN","type":"Power plant","is_nuclear":false}},{"type":"Feature","geometry":{"type":"Point","coordinates":[-72.54,42.429]},"properties":{"key":"62090-db0945ae","layer":"power","name":"Sunderland Solar PV","state":"MA","detail_file":"data/details/power-plants-48.json","plant_id":"62090","capacity_mw":1.1,"status_group":"Operating","energy_sources":"SUN","type":"Power plant","is_nuclear":false}},{"type":"Feature","geometry":{"type":"Point","coordinates":[-73.025,42.173]},"properties":{"key":"63942-0be15182","layer":"power","name":"Sunpin Blandford","state":"MA","detail_file":"data/details/power-plants-39.json","plant_id":"63942","capacity_mw":4.7,"status_group":"Operating","energy_sources":"SUN","type":"Power plant","is_nuclear":false}},{"type":"Feature","geometry":{"type":"Point","coordinates":[-72.939,42.213]},"properties":{"key":"62975-2553fe37","layer":"power","name":"Syncarpha Blandford Hybrid CSG","state":"MA","detail_file":"data/details/power-plants-16.json","plant_id":"62975","capacity_mw":8.8,"status_group":"Operating","energy_sources":"MWH; SUN","type":"Power plant","is_nuclear":false}},{"type":"Feature","geometry":{"type":"Point","coordinates":[-73.336,42.433]},"properties":{"key":"61769-ef56619f","layer":"power","name":"Syncarpha Hancock I CSG","state":"MA","detail_file":"data/details/power-plants-46.json","plant_id":"61769","capacity_mw":2.0,"status_group":"Operating","energy_sources":"SUN","type":"Power plant","is_nuclear":false}},{"type":"Feature","geometry":{"type":"Point","coordinates":[-73.347,42.427]},"properties":{"key":"61770-b1115e0e","layer":"power","name":"Syncarpha Hancock II CSG","state":"MA","detail_file":"data/details/power-plants-34.json","plant_id":"61770","capacity_mw":2.0,"status_group":"Operating","energy_sources":"SUN","type":"Power plant","is_nuclear":false}},{"type":"Feature","geometry":{"type":"Point","coordinates":[-73.333,42.428]},"properties":{"key":"61771-af85449e","layer":"power","name":"Syncarpha Hancock III CSG","state":"MA","detail_file":"data/details/power-plants-38.json","plant_id":"61771","capacity_mw":1.0,"status_group":"Operating","energy_sources":"SUN","type":"Power plant","is_nuclear":false}},{"type":"Feature","geometry":{"type":"Point","coordinates":[-72.709,42.291]},"properties":{"key":"62976-6997913b","layer":"power","name":"Syncarpha Northampton Hybrid CSG","state":"MA","detail_file":"data/details/power-plants-27.json","plant_id":"62976","capacity_mw":5.6,"status_group":"Operating","energy_sources":"MWH; SUN","type":"Power plant","is_nuclear":false}},{"type":"Feature","geometry":{"type":"Point","coordinates":[-72.31,42.223]},"properties":{"key":"60056-0fdf9600","layer":"power","name":"Syncarpha Palmer, LLC","state":"MA","detail_file":"data/details/power-plants-46.json","plant_id":"60056","capacity_mw":4.8,"status_group":"Operating","energy_sources":"SUN","type":"Power plant","is_nuclear":false}},{"type":"Feature","geometry":{"type":"Point","coordinates":[-73.11,42.252]},"properties":{"key":"62583-54e3511c","layer":"power","name":"Tanglewood Circle Solar 1 LLC","state":"MA","detail_file":"data/details/power-plants-37.json","plant_id":"62583","capacity_mw":5.0,"status_group":"Operating","energy_sources":"SUN","type":"Power plant","is_nuclear":false}},{"type":"Feature","geometry":{"type":"Point","coordinates":[-72.067,42.521]},"properties":{"key":"59731-66a7f5d2","layer":"power","name":"Templeton","state":"MA","detail_file":"data/details/power-plants-30.json","plant_id":"59731","capacity_mw":3.0,"status_group":"Operating","energy_sources":"SUN","type":"Power plant","is_nuclear":false}},{"type":"Feature","geometry":{"type":"Point","coordinates":[-72.86,42.221]},"properties":{"key":"61640-f469bd25","layer":"power","name":"Texon Hydroelectric Project","state":"MA","detail_file":"data/details/power-plants-34.json","plant_id":"61640","capacity_mw":1.5,"status_group":"Operating","energy_sources":"WAT","type":"Power plant","is_nuclear":false}},{"type":"Feature","geometry":{"type":"Point","coordinates":[-72.394,42.169]},"properties":{"key":"64844-4ce3be91","layer":"power","name":"Three Rivers Solar LLC","state":"MA","detail_file":"data/details/power-plants-11.json","plant_id":"64844","capacity_mw":5.4,"status_group":"Operating","energy_sources":"MWH; SUN","type":"Power plant","is_nuclear":false}},{"type":"Feature","geometry":{"type":"Point","coordinates":[-73.012,42.087]},"properties":{"key":"68656-21fca353","layer":"power","name":"Tolland","state":"MA","detail_file":"data/details/power-plants-54.json","plant_id":"68656","capacity_mw":5.0,"status_group":"Operating","energy_sources":"SUN","type":"Power plant","is_nuclear":false}},{"type":"Feature","geometry":{"type":"Point","coordinates":[-73.061,42.089]},"properties":{"key":"62581-efea4bed","layer":"power","name":"Tolland Solar NG LLC","state":"MA","detail_file":"data/details/power-plants-21.json","plant_id":"62581","capacity_mw":3.5,"status_group":"Operating","energy_sources":"SUN","type":"Power plant","is_nuclear":false}},{"type":"Feature","geometry":{"type":"Point","coordinates":[-72.479,42.356]},"properties":{"key":"66182-f367de6c","layer":"power","name":"Town of Amherst Solar","state":"MA","detail_file":"data/details/power-plants-10.json","plant_id":"66182","capacity_mw":5.0,"status_group":"Operating","energy_sources":"MWH; SUN","type":"Power plant","is_nuclear":false}},{"type":"Feature","geometry":{"type":"Point","coordinates":[-73.026,42.226]},"properties":{"key":"61775-53dc87e7","layer":"power","name":"Town of Otis Wind Energy Project","state":"MA","detail_file":"data/details/power-plants-32.json","plant_id":"61775","capacity_mw":1.5,"status_group":"Operating","energy_sources":"WND","type":"Power plant","is_nuclear":false}},{"type":"Feature","geometry":{"type":"Point","coordinates":[-72.296,42.263]},"properties":{"key":"64435-20899402","layer":"power","name":"Town of Ware - Canadian Tree(CSG)","state":"MA","detail_file":"data/details/power-plants-28.json","plant_id":"64435","capacity_mw":1.4,"status_group":"Operating","energy_sources":"SUN","type":"Power plant","is_nuclear":false}},{"type":"Feature","geometry":{"type":"Point","coordinates":[-73.397,42.341]},"properties":{"key":"65560-42742cbf","layer":"power","name":"Truck Stop","state":"MA","detail_file":"data/details/power-plants-12.json","plant_id":"65560","capacity_mw":2.0,"status_group":"Operating","energy_sources":"SUN","type":"Power plant","is_nuclear":false}},{"type":"Feature","geometry":{"type":"Point","coordinates":[-72.561,42.608]},"properties":{"key":"6388-54943bc4","layer":"power","name":"Turners Falls","state":"MA","detail_file":"data/details/power-plants-10.json","plant_id":"6388","capacity_mw":5.7,"status_group":"Operating","energy_sources":"WAT","type":"Power plant","is_nuclear":false}},{"type":"Feature","geometry":{"type":"Point","coordinates":[-72.748,42.148]},"properties":{"key":"59624-19f88909","layer":"power","name":"Twiss Street Solar","state":"MA","detail_file":"data/details/power-plants-55.json","plant_id":"59624","capacity_mw":1.5,"status_group":"Operating","energy_sources":"SUN","type":"Power plant","is_nuclear":false}},{"type":"Feature","geometry":{"type":"Point","coordinates":[-72.532,42.391]},"properties":{"key":"61603-64888ed4","layer":"power","name":"UMASS","state":"MA","detail_file":"data/details/power-plants-59.json","plant_id":"61603","capacity_mw":4.0,"status_group":"Operating","energy_sources":"SUN","type":"Power plant","is_nuclear":false}},{"type":"Feature","geometry":{"type":"Point","coordinates":[-72.52,42.393]},"properties":{"key":"65154-5014c823","layer":"power","name":"UMass PV Lot 22","state":"MA","detail_file":"data/details/power-plants-43.json","plant_id":"65154","capacity_mw":4.1,"status_group":"Operating","energy_sources":"MWH; SUN","type":"Power plant","is_nuclear":false}},{"type":"Feature","geometry":{"type":"Point","coordinates":[-72.52,42.393]},"properties":{"key":"65153-5d4bccfe","layer":"power","name":"UMass PV Lot 49","state":"MA","detail_file":"data/details/power-plants-56.json","plant_id":"65153","capacity_mw":0.8,"status_group":"Operating","energy_sources":"SUN","type":"Power plant","is_nuclear":false}},{"type":"Feature","geometry":{"type":"Point","coordinates":[-72.037,42.238]},"properties":{"key":"61245-44e0776c","layer":"power","name":"Vuelta Solar","state":"MA","detail_file":"data/details/power-plants-26.json","plant_id":"61245","capacity_mw":5.5,"status_group":"Operating","energy_sources":"SUN","type":"Power plant","is_nuclear":false}},{"type":"Feature","geometry":{"type":"Point","coordinates":[-72.342,42.603]},"properties":{"key":"63047-af76b833","layer":"power","name":"W. Orange Rd Solar LLC","state":"MA","detail_file":"data/details/power-plants-02.json","plant_id":"63047","capacity_mw":5.0,"status_group":"Operating","energy_sources":"SUN","type":"Power plant","is_nuclear":false}},{"type":"Feature","geometry":{"type":"Point","coordinates":[-72.109,42.192]},"properties":{"key":"66318-dd1f20bd","layer":"power","name":"WEB Brookfield","state":"MA","detail_file":"data/details/power-plants-41.json","plant_id":"66318","capacity_mw":3.4,"status_group":"Operating","energy_sources":"SUN","type":"Power plant","is_nuclear":false}},{"type":"Feature","geometry":{"type":"Point","coordinates":[-72.27,42.151]},"properties":{"key":"60614-5cd21cae","layer":"power","name":"WYM 1250 Palmer LLC","state":"MA","detail_file":"data/details/power-plants-43.json","plant_id":"60614","capacity_mw":1.0,"status_group":"Operating","energy_sources":"SUN","type":"Power plant","is_nuclear":false}},{"type":"Feature","geometry":{"type":"Point","coordinates":[-72.275,42.247]},"properties":{"key":"64128-08fe20a7","layer":"power","name":"Ware Palmer Road Solar LLC CSG","state":"MA","detail_file":"data/details/power-plants-37.json","plant_id":"64128","capacity_mw":5.0,"status_group":"Operating","energy_sources":"MWH; SUN","type":"Power plant","is_nuclear":false}},{"type":"Feature","geometry":{"type":"Point","coordinates":[-73.24,42.41]},"properties":{"key":"59060-fa1faf90","layer":"power","name":"Waste Water Treatment Plant","state":"MA","detail_file":"data/details/power-plants-52.json","plant_id":"59060","capacity_mw":1.5,"status_group":"Operating","energy_sources":"SUN","type":"Power plant","is_nuclear":false}},{"type":"Feature","geometry":{"type":"Point","coordinates":[-72.399,42.56]},"properties":{"key":"68441-5886554a","layer":"power","name":"Wendell MA 1","state":"MA","detail_file":"data/details/power-plants-06.json","plant_id":"68441","capacity_mw":1.0,"status_group":"Operating","energy_sources":"SUN","type":"Power plant","is_nuclear":false}},{"type":"Feature","geometry":{"type":"Point","coordinates":[-72.004,42.075]},"properties":{"key":"63473-0c65d0e7","layer":"power","name":"West A&B Solar Project Hybrid CSG","state":"MA","detail_file":"data/details/power-plants-38.json","plant_id":"63473","capacity_mw":4.3,"status_group":"Operating","energy_sources":"MWH; SUN","type":"Power plant","is_nuclear":false}},{"type":"Feature","geometry":{"type":"Point","coordinates":[-72.21,42.273]},"properties":{"key":"61629-6277e05e","layer":"power","name":"West Brookfield Solar - Gilbertsville Rd","state":"MA","detail_file":"data/details/power-plants-61.json","plant_id":"61629","capacity_mw":4.0,"status_group":"Operating","energy_sources":"SUN","type":"Power plant","is_nuclear":false}},{"type":"Feature","geometry":{"type":"Point","coordinates":[-72.13,42.223]},"properties":{"key":"60644-dcc36755","layer":"power","name":"West Brookfield Solar, LLC","state":"MA","detail_file":"data/details/power-plants-05.json","plant_id":"60644","capacity_mw":1.4,"status_group":"Operating","energy_sources":"SUN","type":"Power plant","is_nuclear":false}},{"type":"Feature","geometry":{"type":"Point","coordinates":[-72.711,42.383]},"properties":{"key":"64726-7ebf7d1d","layer":"power","name":"West Haydenville PJ Community Solar","state":"MA","detail_file":"data/details/power-plants-35.json","plant_id":"64726","capacity_mw":8.6,"status_group":"Operating","energy_sources":"MWH; SUN","type":"Power plant","is_nuclear":false}},{"type":"Feature","geometry":{"type":"Point","coordinates":[-72.045,42.595]},"properties":{"key":"63131-d9b96465","layer":"power","name":"West Street Solar 1 LLC","state":"MA","detail_file":"data/details/power-plants-55.json","plant_id":"63131","capacity_mw":5.0,"status_group":"Operating","energy_sources":"SUN","type":"Power plant","is_nuclear":false}},{"type":"Feature","geometry":{"type":"Point","coordinates":[-72.739,42.335]},"properties":{"key":"68657-5b801d1e","layer":"power","name":"Westhampton","state":"MA","detail_file":"data/details/power-plants-63.json","plant_id":"68657","capacity_mw":5.0,"status_group":"Operating","energy_sources":"SUN","type":"Power plant","is_nuclear":false}},{"type":"Feature","geometry":{"type":"Point","coordinates":[-72.624,42.446]},"properties":{"key":"59033-1aceb4ed","layer":"power","name":"Whately Solar","state":"MA","detail_file":"data/details/power-plants-44.json","plant_id":"59033","capacity_mw":1.5,"status_group":"Operating","energy_sources":"SUN","type":"Power plant","is_nuclear":false}},{"type":"Feature","geometry":{"type":"Point","coordinates":[-72.61,42.445]},"properties":{"key":"65585-58e7065f","layer":"power","name":"Whatley Renewables","state":"MA","detail_file":"data/details/power-plants-53.json","plant_id":"65585","capacity_mw":1.0,"status_group":"Operating","energy_sources":"SUN","type":"Power plant","is_nuclear":false}},{"type":"Feature","geometry":{"type":"Point","coordinates":[-72.381,42.104]},"properties":{"key":"64417-a6450e0b","layer":"power","name":"Wilbraham","state":"MA","detail_file":"data/details/power-plants-63.json","plant_id":"64417","capacity_mw":4.0,"status_group":"Operating","energy_sources":"SUN","type":"Power plant","is_nuclear":false}},{"type":"Feature","geometry":{"type":"Point","coordinates":[-72.345,42.611]},"properties":{"key":"63048-e8d715d8","layer":"power","name":"Wilbur Woods Solar LLC","state":"MA","detail_file":"data/details/power-plants-22.json","plant_id":"63048","capacity_mw":5.0,"status_group":"Operating","energy_sources":"SUN","type":"Power plant","is_nuclear":false}},{"type":"Feature","geometry":{"type":"Point","coordinates":[-73.202,42.71]},"properties":{"key":"58160-e228f891","layer":"power","name":"Williams College - Campus CHP","state":"MA","detail_file":"data/details/power-plants-18.json","plant_id":"58160","capacity_mw":7.0,"status_group":"Operating","energy_sources":"DFO; NG","type":"Power plant","is_nuclear":false}},{"type":"Feature","geometry":{"type":"Point","coordinates":[-72.769,42.426]},"properties":{"key":"62202-91f8a083","layer":"power","name":"Williamsburg","state":"MA","detail_file":"data/details/power-plants-50.json","plant_id":"62202","capacity_mw":4.0,"status_group":"Operating","energy_sources":"SUN","type":"Power plant","is_nuclear":false}},{"type":"Feature","geometry":{"type":"Point","coordinates":[-72.713,42.387]},"properties":{"key":"60111-e8addc7a","layer":"power","name":"Williamsburg Solar LLC VNEM CSG","state":"MA","detail_file":"data/details/power-plants-23.json","plant_id":"60111","capacity_mw":2.2,"status_group":"Operating","energy_sources":"SUN","type":"Power plant","is_nuclear":false}},{"type":"Feature","geometry":{"type":"Point","coordinates":[-72.07,42.47]},"properties":{"key":"63805-bce430dc","layer":"power","name":"Williamsville Hybrid CSG","state":"MA","detail_file":"data/details/power-plants-34.json","plant_id":"63805","capacity_mw":8.3,"status_group":"Operating","energy_sources":"MWH; SUN","type":"Power plant","is_nuclear":false}},{"type":"Feature","geometry":{"type":"Point","coordinates":[-72.086,42.69]},"properties":{"key":"62503-7263af73","layer":"power","name":"Winchendon Landfill Solar","state":"MA","detail_file":"data/details/power-plants-01.json","plant_id":"62503","capacity_mw":2.0,"status_group":"Operating","energy_sources":"SUN","type":"Power plant","is_nuclear":false}},{"type":"Feature","geometry":{"type":"Point","coordinates":[-72.21,42.23]},"properties":{"key":"64395-b1048868","layer":"power","name":"ZPD-PT Solar Project 2017-006 LLC Hybrid","state":"MA","detail_file":"data/details/power-plants-34.json","plant_id":"64395","capacity_mw":6.5,"status_group":"Operating","energy_sources":"MWH; SUN","type":"Power plant","is_nuclear":false}},{"type":"Feature","geometry":{"type":"Point","coordinates":[-72.47,42.1]},"properties":{"key":"64187-f72fd414","layer":"power","name":"ZPD-PT Solar Project 2017-021 LLC Hybrid","state":"MA","detail_file":"data/details/power-plants-54.json","plant_id":"64187","capacity_mw":1.7,"status_group":"Operating","energy_sources":"MWH; SUN","type":"Power plant","is_nuclear":false}},{"type":"Feature","geometry":{"type":"Point","coordinates":[-72.01,42.07]},"properties":{"key":"64185-149d9bdf","layer":"power","name":"ZPD-PT Solar Project 2017-023 LLC Hybrid","state":"MA","detail_file":"data/details/power-plants-53.json","plant_id":"64185","capacity_mw":4.7,"status_group":"Operating","energy_sources":"MWH; SUN","type":"Power plant","is_nuclear":false}},{"type":"Feature","geometry":{"type":"Point","coordinates":[-72.007,42.278]},"properties":{"key":"64184-2e97baf1","layer":"power","name":"ZPD-PT Solar Project 2017-044 LLC CSG","state":"MA","detail_file":"data/details/power-plants-15.json","plant_id":"64184","capacity_mw":1.0,"status_group":"Operating","energy_sources":"SUN","type":"Power plant","is_nuclear":false}},{"type":"Feature","geometry":{"type":"Point","coordinates":[-72.006,43.064]},"properties":{"key":"59953-529be627","layer":"power","name":"Antrim Wind","state":"NH","detail_file":"data/details/power-plants-05.json","plant_id":"59953","capacity_mw":28.8,"status_group":"Operating","energy_sources":"WND","type":"Power plant","is_nuclear":false}},{"type":"Feature","geometry":{"type":"Point","coordinates":[-72.287,43.702]},"properties":{"key":"54409-63dac93f","layer":"power","name":"Dartmouth College Heating Plant","state":"NH","detail_file":"data/details/power-plants-55.json","plant_id":"54409","capacity_mw":7.0,"status_group":"Operating","energy_sources":"RFO","type":"Power plant","is_nuclear":false}},{"type":"Feature","geometry":{"type":"Point","coordinates":[-72.378,43.345]},"properties":{"key":"70051-e4cac140","layer":"power","name":"Kearsarge Grissom","state":"NH","detail_file":"data/details/power-plants-41.json","plant_id":"70051","capacity_mw":4.0,"status_group":"Under construction","energy_sources":"SUN","type":"Power plant","is_nuclear":false}},{"type":"Feature","geometry":{"type":"Point","coordinates":[-72.145,43.233]},"properties":{"key":"56399-f0406535","layer":"power","name":"Lempster Wind LLC","state":"NH","detail_file":"data/details/power-plants-05.json","plant_id":"56399","capacity_mw":24.0,"status_group":"Operating","energy_sources":"WND","type":"Power plant","is_nuclear":false}},{"type":"Feature","geometry":{"type":"Point","coordinates":[-72.348,43.374]},"properties":{"key":"50285-4c805892","layer":"power","name":"Lower Village Water Power Project","state":"NH","detail_file":"data/details/power-plants-55.json","plant_id":"50285","capacity_mw":1.2,"status_group":"Operating","energy_sources":"WAT","type":"Power plant","is_nuclear":false}},{"type":"Feature","geometry":{"type":"Point","coordinates":[-72.317,43.634]},"properties":{"key":"54471-ff75effc","layer":"power","name":"Mascoma Hydro","state":"NH","detail_file":"data/details/power-plants-00.json","plant_id":"54471","capacity_mw":1.5,"status_group":"Operating","energy_sources":"WAT","type":"Power plant","is_nuclear":false}},{"type":"Feature","geometry":{"type":"Point","coordinates":[-72.056,43.443]},"properties":{"key":"10838-f974609f","layer":"power","name":"NE Renewable Springfield, LLC","state":"NH","detail_file":"data/details/power-plants-08.json","plant_id":"10838","capacity_mw":20.0,"status_group":"Operating","energy_sources":"WDS","type":"Power plant","is_nuclear":false}},{"type":"Feature","geometry":{"type":"Point","coordinates":[-74.576,40.558]},"properties":{"key":"64023-25f5507a","layer":"power","name":"10 Finderne Avenue Solar, LLC","state":"NJ","detail_file":"data/details/power-plants-20.json","plant_id":"64023","capacity_mw":2.3,"status_group":"Operating","energy_sources":"SUN","type":"Power plant","is_nuclear":false}},{"type":"Feature","geometry":{"type":"Point","coordinates":[-74.645,40.323]},"properties":{"key":"64025-1fdc6896","layer":"power","name":"101 Carnegie Center Solar, LLC","state":"NJ","detail_file":"data/details/power-plants-60.json","plant_id":"64025","capacity_mw":1.2,"status_group":"Operating","energy_sources":"SUN","type":"Power plant","is_nuclear":false}},{"type":"Feature","geometry":{"type":"Point","coordinates":[-74.576,40.2]},"properties":{"key":"59371-615defae","layer":"power","name":"12 Applegate Solar LLC","state":"NJ","detail_file":"data/details/power-plants-15.json","plant_id":"59371","capacity_mw":1.5,"status_group":"Operating","energy_sources":"SUN","type":"Power plant","is_nuclear":false}},{"type":"Feature","geometry":{"type":"Point","coordinates":[-74.391,40.536]},"properties":{"key":"57458-3dbd6fbb","layer":"power","name":"145 Talmadge Solar","state":"NJ","detail_file":"data/details/power-plants-28.json","plant_id":"57458","capacity_mw":3.8,"status_group":"Operating","energy_sources":"SUN","type":"Power plant","is_nuclear":false}},{"type":"Feature","geometry":{"type":"Point","coordinates":[-74.34,40.516]},"properties":{"key":"58187-19a4e79b","layer":"power","name":"180 Raritan Solar","state":"NJ","detail_file":"data/details/power-plants-61.json","plant_id":"58187","capacity_mw":1.9,"status_group":"Operating","energy_sources":"SUN","type":"Power plant","is_nuclear":false}},{"type":"Feature","geometry":{"type":"Point","coordinates":[-74.58,40.206]},"properties":{"key":"59365-96393c77","layer":"power","name":"24 Applegate Solar LLC","state":"NJ","detail_file":"data/details/power-plants-45.json","plant_id":"59365","capacity_mw":2.6,"status_group":"Operating","energy_sources":"SUN","type":"Power plant","is_nuclear":false}},{"type":"Feature","geometry":{"type":"Point","coordinates":[-74.73,40.894]},"properties":{"key":"61224-aa7523b2","layer":"power","name":"350 Clark Solar, NG, LLC","state":"NJ","detail_file":"data/details/power-plants-51.json","plant_id":"61224","capacity_mw":1.8,"status_group":"Operating","energy_sources":"SUN","type":"Power plant","is_nuclear":false}},{"type":"Feature","geometry":{"type":"Point","coordinates":[-74.584,40.196]},"properties":{"key":"59370-57bf3966","layer":"power","name":"4 Applegate Solar LLC","state":"NJ","detail_file":"data/details/power-plants-06.json","plant_id":"59370","capacity_mw":1.4,"status_group":"Operating","energy_sources":"SUN","type":"Power plant","is_nuclear":false}},{"type":"Feature","geometry":{"type":"Point","coordinates":[-74.131,40.752]},"properties":{"key":"63366-6e42efe2","layer":"power","name":"435A Bergen Avenue","state":"NJ","detail_file":"data/details/power-plants-35.json","plant_id":"63366","capacity_mw":1.4,"status_group":"Operating","energy_sources":"SUN","type":"Power plant","is_nuclear":false}},{"type":"Feature","geometry":{"type":"Point","coordinates":[-74.072,40.79]},"properties":{"key":"62325-1d9d82c8","layer":"power","name":"46 Meadowlands Parkway","state":"NJ","detail_file":"data/details/power-plants-32.json","plant_id":"62325","capacity_mw":1.5,"status_group":"Operating","energy_sources":"SUN","type":"Power plant","is_nuclear":false}},{"type":"Feature","geometry":{"type":"Point","coordinates":[-74.698,40.6]},"properties":{"key":"69753-7a36b8fc","layer":"power","name":"50 Meister Ave","state":"NJ","detail_file":"data/details/power-plants-47.json","plant_id":"69753","capacity_mw":1.5,"status_group":"Under construction","energy_sources":"SUN","type":"Power plant","is_nuclear":false}},{"type":"Feature","geometry":{"type":"Point","coordinates":[-74.656,40.315]},"properties":{"key":"64194-f9e05fbb","layer":"power","name":"510 Carnegie Center","state":"NJ","detail_file":"data/details/power-plants-27.json","plant_id":"64194","capacity_mw":1.4,"status_group":"Operating","energy_sources":"SUN","type":"Power plant","is_nuclear":false}},{"type":"Feature","geometry":{"type":"Point","coordinates":[-74.042,40.78]},"properties":{"key":"65289-6d65f934","layer":"power","name":"5601 Westside CDG","state":"NJ","detail_file":"data/details/power-plants-26.json","plant_id":"65289","capacity_mw":1.5,"status_group":"Operating","energy_sources":"SUN","type":"Power plant","is_nuclear":false}},{"type":"Feature","geometry":{"type":"Point","coordinates":[-74.12,40.732]},"properties":{"key":"65280-41ba4b18","layer":"power","name":"601 Doremus CDG","state":"NJ","detail_file":"data/details/power-plants-38.json","plant_id":"65280","capacity_mw":1.5,"status_group":"Operating","energy_sources":"SUN","type":"Power plant","is_nuclear":false}},{"type":"Feature","geometry":{"type":"Point","coordinates":[-74.65,40.324]},"properties":{"key":"64195-d271690c","layer":"power","name":"701 Carnegie Center","state":"NJ","detail_file":"data/details/power-plants-22.json","plant_id":"64195","capacity_mw":1.1,"status_group":"Operating","energy_sources":"SUN","type":"Power plant","is_nuclear":false}},{"type":"Feature","geometry":{"type":"Point","coordinates":[-74.072,40.771]},"properties":{"key":"62326-26845b88","layer":"power","name":"77 Metro Way","state":"NJ","detail_file":"data/details/power-plants-05.json","plant_id":"62326","capacity_mw":1.0,"status_group":"Operating","energy_sources":"SUN","type":"Power plant","is_nuclear":false}},{"type":"Feature","geometry":{"type":"Point","coordinates":[-74.935,40.05]},"properties":{"key":"63260-1bf8ba6f","layer":"power","name":"AC Power","state":"NJ","detail_file":"data/details/power-plants-53.json","plant_id":"63260","capacity_mw":1.3,"status_group":"Operating","energy_sources":"SUN","type":"Power plant","is_nuclear":false}},{"type":"Feature","geometry":{"type":"Point","coordinates":[-74.675,40.926]},"properties":{"key":"63198-c1d407cd","layer":"power","name":"ACCP NJ 1","state":"NJ","detail_file":"data/details/power-plants-21.json","plant_id":"63198","capacity_mw":1.2,"status_group":"Operating","energy_sources":"SUN","type":"Power plant","is_nuclear":false}},{"type":"Feature","geometry":{"type":"Point","coordinates":[-74.413,40.858]},"properties":{"key":"66796-ab12c99f","layer":"power","name":"ADP Parsippany NJ","state":"NJ","detail_file":"data/details/power-plants-54.json","plant_id":"66796","capacity_mw":1.5,"status_group":"Operating","energy_sources":"SUN","type":"Power plant","is_nuclear":false}},{"type":"Feature","geometry":{"type":"Point","coordinates":[-74.31,40.816]},"properties":{"key":"68615-e0064ee1","layer":"power","name":"ADP Roseland, NJ","state":"NJ","detail_file":"data/details/power-plants-55.json","plant_id":"68615","capacity_mw":2.4,"status_group":"Operating","energy_sources":"SUN","type":"Power plant","is_nuclear":false}},{"type":"Feature","geometry":{"type":"Point","coordinates":[-74.135,40.398]},"properties":{"key":"65194-a33cf940","layer":"power","name":"AT&T Middletown","state":"NJ","detail_file":"data/details/power-plants-50.json","plant_id":"65194","capacity_mw":2.0,"status_group":"Operating","energy_sources":"NG","type":"Power plant","is_nuclear":false}},{"type":"Feature","geometry":{"type":"Point","coordinates":[-74.735,40.001]},"properties":{"key":"58519-29508c28","layer":"power","name":"Alethea I","state":"NJ","detail_file":"data/details/power-plants-07.json","plant_id":"58519","capacity_mw":2.8,"status_group":"Operating","energy_sources":"SUN","type":"Power plant","is_nuclear":false}},{"type":"Feature","geometry":{"type":"Point","coordinates":[-74.175,40.666]},"properties":{"key":"63353-94eaebc8","layer":"power","name":"Allied Beverages Elizabeth","state":"NJ","detail_file":"data/details/power-plants-25.json","plant_id":"63353","capacity_mw":3.2,"status_group":"Operating","energy_sources":"SUN","type":"Power plant","is_nuclear":false}},{"type":"Feature","geometry":{"type":"Point","coordinates":[-74.428,40.845]},"properties":{"key":"65213-5fca8b8a","layer":"power","name":"Altice - Parsippany","state":"NJ","detail_file":"data/details/power-plants-42.json","plant_id":"65213","capacity_mw":2.0,"status_group":"Operating","energy_sources":"NG","type":"Power plant","is_nuclear":false}},{"type":"Feature","geometry":{"type":"Point","coordinates":[-74.221,40.566]},"properties":{"key":"58357-d21a417b","layer":"power","name":"Amazon","state":"NJ","detail_file":"data/details/power-plants-59.json","plant_id":"58357","capacity_mw":4.2,"status_group":"Operating","energy_sources":"SUN","type":"Power plant","is_nuclear":false}},{"type":"Feature","geometry":{"type":"Point","coordinates":[-74.841,40.086]},"properties":{"key":"64360-16d933d3","layer":"power","name":"American Goldfinch SCS ACY2 NJ, LLC","state":"NJ","detail_file":"data/details/power-plants-10.json","plant_id":"64360","capacity_mw":3.9,"status_group":"Operating","energy_sources":"SUN","type":"Power plant","is_nuclear":false}},{"type":"Feature","geometry":{"type":"Point","coordinates":[-74.761,40.981]},"properties":{"key":"65952-fd8e80f2","layer":"power","name":"Andover Energy Storage Project","state":"NJ","detail_file":"data/details/power-plants-34.json","plant_id":"65952","capacity_mw":20.0,"status_group":"Operating","energy_sources":"MWH","type":"Power plant","is_nuclear":false}},{"type":"Feature","geometry":{"type":"Point","coordinates":[-74.731,41.1]},"properties":{"key":"62906-5b41b2d6","layer":"power","name":"Augusta Solar Farm","state":"NJ","detail_file":"data/details/power-plants-10.json","plant_id":"62906","capacity_mw":2.9,"status_group":"Operating","energy_sources":"SUN","type":"Power plant","is_nuclear":false}},{"type":"Feature","geometry":{"type":"Point","coordinates":[-74.305,40.697]},"properties":{"key":"58093-9fd1ba8a","layer":"power","name":"BBB Corporate Headquarters","state":"NJ","detail_file":"data/details/power-plants-49.json","plant_id":"58093","capacity_mw":1.0,"status_group":"Operating","energy_sources":"SUN","type":"Power plant","is_nuclear":false}},{"type":"Feature","geometry":{"type":"Point","coordinates":[-74.826,40.098]},"properties":{"key":"60227-c4703c13","layer":"power","name":"BJ's Wholesale Club Inc Dist Center","state":"NJ","detail_file":"data/details/power-plants-57.json","plant_id":"60227","capacity_mw":1.4,"status_group":"Operating","energy_sources":"SUN","type":"Power plant","is_nuclear":false}},{"type":"Feature","geometry":{"type":"Point","coordinates":[-74.545,40.531]},"properties":{"key":"69554-baf4f466","layer":"power","name":"BPL NJ - Belmont","state":"NJ","detail_file":"data/details/power-plants-47.json","plant_id":"69554","capacity_mw":1.8,"status_group":"Under construction","energy_sources":"SUN","type":"Power plant","is_nuclear":false}},{"type":"Feature","geometry":{"type":"Point","coordinates":[-74.242,40.683]},"properties":{"key":"69791-167ac121","layer":"power","name":"BPL NJ - Union Distribution Center","state":"NJ","detail_file":"data/details/power-plants-04.json","plant_id":"69791","capacity_mw":1.5,"status_group":"Under construction","energy_sources":"SUN","type":"Power plant","is_nuclear":false}},{"type":"Feature","geometry":{"type":"Point","coordinates":[-74.165,40.68]},"properties":{"key":"67121-4e667ce8","layer":"power","name":"Bay Avenue CDG","state":"NJ","detail_file":"data/details/power-plants-11.json","plant_id":"67121","capacity_mw":3.0,"status_group":"Operating","energy_sources":"SUN","type":"Power plant","is_nuclear":false}},{"type":"Feature","geometry":{"type":"Point","coordinates":[-74.416,40.819]},"properties":{"key":"66798-1c701581","layer":"power","name":"Bayer - Whippany, NJ","state":"NJ","detail_file":"data/details/power-plants-13.json","plant_id":"66798","capacity_mw":1.7,"status_group":"Operating","energy_sources":"SUN","type":"Power plant","is_nuclear":false}},{"type":"Feature","geometry":{"type":"Point","coordinates":[-74.092,40.653]},"properties":{"key":"56964-b341c346","layer":"power","name":"Bayonne Energy Center","state":"NJ","detail_file":"data/details/power-plants-27.json","plant_id":"56964","capacity_mw":644.0,"status_group":"Operating","energy_sources":"NG","type":"Power plant","is_nuclear":false}},{"type":"Feature","geometry":{"type":"Point","coordinates":[-74.118,40.653]},"properties":{"key":"59797-7ec98c7f","layer":"power","name":"Bayonne MUA- Leitner-Poma Wind Turbine","state":"NJ","detail_file":"data/details/power-plants-26.json","plant_id":"59797","capacity_mw":1.5,"status_group":"Operating","energy_sources":"WND","type":"Power plant","is_nuclear":false}},{"type":"Feature","geometry":{"type":"Point","coordinates":[-74.106,40.666]},"properties":{"key":"69833-6625c5c3","layer":"power","name":"Bayonne Solar 2 LLC","state":"NJ","detail_file":"data/details/power-plants-37.json","plant_id":"69833","capacity_mw":2.1,"status_group":"Under construction","energy_sources":"SUN","type":"Power plant","is_nuclear":false}},{"type":"Feature","geometry":{"type":"Point","coordinates":[-74.221,40.638]},"properties":{"key":"56294-f3ba70ab","layer":"power","name":"Bayway Refinery","state":"NJ","detail_file":"data/details/power-plants-09.json","plant_id":"56294","capacity_mw":11.2,"status_group":"Operating","energy_sources":"WH","type":"Power plant","is_nuclear":false}},{"type":"Feature","geometry":{"type":"Point","coordinates":[-74.638,41.153]},"properties":{"key":"60805-0d9a72bb","layer":"power","name":"Beaver Run","state":"NJ","detail_file":"data/details/power-plants-24.json","plant_id":"60805","capacity_mw":7.4,"status_group":"Operating","energy_sources":"SUN","type":"Power plant","is_nuclear":false}},{"type":"Feature","geometry":{"type":"Point","coordinates":[-74.243,40.568]},"properties":{"key":"58096-c983a066","layer":"power","name":"Bed Bath & Beyond DC Port Reading NJ","state":"NJ","detail_file":"data/details/power-plants-25.json","plant_id":"58096","capacity_mw":1.8,"status_group":"Operating","energy_sources":"SUN","type":"Power plant","is_nuclear":false}},{"type":"Feature","geometry":{"type":"Point","coordinates":[-74.1,40.28]},"properties":{"key":"63786-2bb3e0fe","layer":"power","name":"Ben Moreell Solar Farm","state":"NJ","detail_file":"data/details/power-plants-41.json","plant_id":"63786","capacity_mw":20.0,"status_group":"Operating","energy_sources":"SUN","type":"Power plant","is_nuclear":false}},{"type":"Feature","geometry":{"type":"Point","coordinates":[-74.715,40.826]},"properties":{"key":"57733-a27beeb2","layer":"power","name":"Benjamin Moore & Co. Solar","state":"NJ","detail_file":"data/details/power-plants-32.json","plant_id":"57733","capacity_mw":1.4,"status_group":"Operating","energy_sources":"SUN","type":"Power plant","is_nuclear":false}},{"type":"Feature","geometry":{"type":"Point","coordinates":[-74.024,40.837]},"properties":{"key":"2398-fe556629","layer":"power","name":"Bergen Generating Station","state":"NJ","detail_file":"data/details/power-plants-52.json","plant_id":"2398","capacity_mw":1400.8,"status_group":"Operating","energy_sources":"NG","type":"Power plant","is_nuclear":false}},{"type":"Feature","geometry":{"type":"Point","coordinates":[-74.15,41.079]},"properties":{"key":"63200-cf4f5924","layer":"power","name":"Bergenmand Solar Partners, LLC Mahwah","state":"NJ","detail_file":"data/details/power-plants-01.json","plant_id":"63200","capacity_mw":1.0,"status_group":"Operating","energy_sources":"SUN","type":"Power plant","is_nuclear":false}},{"type":"Feature","geometry":{"type":"Point","coordinates":[-74.582,40.703]},"properties":{"key":"60437-762aa000","layer":"power","name":"Bernards Solar","state":"NJ","detail_file":"data/details/power-plants-42.json","plant_id":"60437","capacity_mw":2.9,"status_group":"Operating","energy_sources":"SUN","type":"Power plant","is_nuclear":false}},{"type":"Feature","geometry":{"type":"Point","coordinates":[-75.152,40.698]},"properties":{"key":"59097-af1ee206","layer":"power","name":"Berry Plastics Solar","state":"NJ","detail_file":"data/details/power-plants-00.json","plant_id":"59097","capacity_mw":9.8,"status_group":"Operating","energy_sources":"SUN","type":"Power plant","is_nuclear":false}},{"type":"Feature","geometry":{"type":"Point","coordinates":[-74.48,40.362]},"properties":{"key":"57727-36e55712","layer":"power","name":"BlackRock-Matrix","state":"NJ","detail_file":"data/details/power-plants-38.json","plant_id":"57727","capacity_mw":2.5,"status_group":"Operating","energy_sources":"SUN","type":"Power plant","is_nuclear":false}},{"type":"Feature","geometry":{"type":"Point","coordinates":[-74.777,40.039]},"properties":{"key":"60734-467fb5f3","layer":"power","name":"Bordentown Solar","state":"NJ","detail_file":"data/details/power-plants-25.json","plant_id":"60734","capacity_mw":6.8,"status_group":"Operating","energy_sources":"SUN","type":"Power plant","is_nuclear":false}},{"type":"Feature","geometry":{"type":"Point","coordinates":[-74.154,40.189]},"properties":{"key":"60733-f90ff13b","layer":"power","name":"Brickyard Solar","state":"NJ","detail_file":"data/details/power-plants-51.json","plant_id":"60733","capacity_mw":1.5,"status_group":"Operating","energy_sources":"SUN","type":"Power plant","is_nuclear":false}},{"type":"Feature","geometry":{"type":"Point","coordinates":[-74.708,40.325]},"properties":{"key":"58947-6732a209","layer":"power","name":"Bristol Myers Squibb Lawrenceville","state":"NJ","detail_file":"data/details/power-plants-31.json","plant_id":"58947","capacity_mw":11.1,"status_group":"Operating","energy_sources":"DFO; NG","type":"Power plant","is_nuclear":false}},{"type":"Feature","geometry":{"type":"Point","coordinates":[-74.446,40.476]},"properties":{"key":"54829-11a1ca11","layer":"power","name":"Bristol Myers Squibb New Brunswick","state":"NJ","detail_file":"data/details/power-plants-59.json","plant_id":"54829","capacity_mw":10.5,"status_group":"Operating","energy_sources":"NG","type":"Power plant","is_nuclear":false}},{"type":"Feature","geometry":{"type":"Point","coordinates":[-74.131,40.326]},"properties":{"key":"66776-9a6181fa","layer":"power","name":"Brookdale CC BTM at Lincroft","state":"NJ","detail_file":"data/details/power-plants-41.json","plant_id":"66776","capacity_mw":3.7,"status_group":"Operating","energy_sources":"SUN","type":"Power plant","is_nuclear":false}},{"type":"Feature","geometry":{"type":"Point","coordinates":[-74.808,40.093]},"properties":{"key":"62712-8ce42105","layer":"power","name":"Burlington Coat Factory Solar","state":"NJ","detail_file":"data/details/power-plants-07.json","plant_id":"62712","capacity_mw":2.6,"status_group":"Operating","energy_sources":"SUN","type":"Power plant","is_nuclear":false}},{"type":"Feature","geometry":{"type":"Point","coordinates":[-74.879,40.077]},"properties":{"key":"2399-42108590","layer":"power","name":"Burlington Generating Station","state":"NJ","detail_file":"data/details/power-plants-22.json","plant_id":"2399","capacity_mw":242.0,"status_group":"Operating","energy_sources":"NG","type":"Power plant","is_nuclear":false}},{"type":"Feature","geometry":{"type":"Point","coordinates":[-74.303,40.859]},"properties":{"key":"62616-119a0973","layer":"power","name":"CCG Marketing","state":"NJ","detail_file":"data/details/power-plants-46.json","plant_id":"62616","capacity_mw":1.5,"status_group":"Operating","energy_sources":"SUN","type":"Power plant","is_nuclear":false}},{"type":"Feature","geometry":{"type":"Point","coordinates":[-74.634,40.624]},"properties":{"key":"10122-8ebcb54a","layer":"power","name":"CIP II/AR Bridgewater Holdings - NJCOE","state":"NJ","detail_file":"data/details/power-plants-23.json","plant_id":"10122","capacity_mw":5.0,"status_group":"Operating","energy_sources":"NG","type":"Power plant","is_nuclear":false}},{"type":"Feature","geometry":{"type":"Point","coordinates":[-74.312,40.839]},"properties":{"key":"62027-029fea66","layer":"power","name":"Caldwell Wastewater Treatment Plant Hybr","state":"NJ","detail_file":"data/details/power-plants-34.json","plant_id":"62027","capacity_mw":1.7,"status_group":"Operating","energy_sources":"MWH; SUN","type":"Power plant","is_nuclear":false}},{"type":"Feature","geometry":{"type":"Point","coordinates":[-74.881,40.056]},"properties":{"key":"63334-a78a22b6","layer":"power","name":"Campus Drive Solar","state":"NJ","detail_file":"data/details/power-plants-06.json","plant_id":"63334","capacity_mw":3.7,"status_group":"Operating","energy_sources":"SUN","type":"Power plant","is_nuclear":false}},{"type":"Feature","geometry":{"type":"Point","coordinates":[-74.563,40.535]},"properties":{"key":"66089-13e7e0b3","layer":"power","name":"Canal Road Solar","state":"NJ","detail_file":"data/details/power-plants-38.json","plant_id":"66089","capacity_mw":4.0,"status_group":"Operating","energy_sources":"SUN","type":"Power plant","is_nuclear":false}},{"type":"Feature","geometry":{"type":"Point","coordinates":[-74.344,40.745]},"properties":{"key":"65705-0ad78aee","layer":"power","name":"Canoe Brook Solar","state":"NJ","detail_file":"data/details/power-plants-07.json","plant_id":"65705","capacity_mw":6.3,"status_group":"Operating","energy_sources":"SUN","type":"Power plant","is_nuclear":false}},{"type":"Feature","geometry":{"type":"Point","coordinates":[-74.685,40.47]},"properties":{"key":"59297-d398b79b","layer":"power","name":"Carrier Clinic","state":"NJ","detail_file":"data/details/power-plants-30.json","plant_id":"59297","capacity_mw":1.5,"status_group":"Operating","energy_sources":"SUN","type":"Power plant","is_nuclear":false}},{"type":"Feature","geometry":{"type":"Point","coordinates":[-74.456,40.559]},"properties":{"key":"64380-38a387cd","layer":"power","name":"Cascades","state":"NJ","detail_file":"data/details/power-plants-28.json","plant_id":"64380","capacity_mw":2.0,"status_group":"Operating","energy_sources":"SUN","type":"Power plant","is_nuclear":false}},{"type":"Feature","geometry":{"type":"Point","coordinates":[-74.321,40.236]},"properties":{"key":"59630-c0a46057","layer":"power","name":"CentraState Medical Center PV Facility","state":"NJ","detail_file":"data/details/power-plants-26.json","plant_id":"59630","capacity_mw":5.2,"status_group":"Operating","energy_sources":"SUN","type":"Power plant","is_nuclear":false}},{"type":"Feature","geometry":{"type":"Point","coordinates":[-74.483,40.55]},"properties":{"key":"63355-8b36558b","layer":"power","name":"Chanel Piscataway Rooftop","state":"NJ","detail_file":"data/details/power-plants-41.json","plant_id":"63355","capacity_mw":1.4,"status_group":"Operating","energy_sources":"SUN","type":"Power plant","is_nuclear":false}},{"type":"Feature","geometry":{"type":"Point","coordinates":[-74.951,40.736]},"properties":{"key":"69259-2397652a","layer":"power","name":"Changewater 1","state":"NJ","detail_file":"data/details/power-plants-04.json","plant_id":"69259","capacity_mw":11.0,"status_group":"Operating","energy_sources":"SUN","type":"Power plant","is_nuclear":false}},{"type":"Feature","geometry":{"type":"Point","coordinates":[-74.813,40.104]},"properties":{"key":"58094-49d1db5c","layer":"power","name":"Christmas Tree Shops DC Burlington NJ","state":"NJ","detail_file":"data/details/power-plants-50.json","plant_id":"58094","capacity_mw":2.1,"status_group":"Operating","energy_sources":"SUN","type":"Power plant","is_nuclear":false}},{"type":"Feature","geometry":{"type":"Point","coordinates":[-74.984,40.016]},"properties":{"key":"65465-d7921a9f","layer":"power","name":"Cinnaminson Landfill Solar","state":"NJ","detail_file":"data/details/power-plants-40.json","plant_id":"65465","capacity_mw":10.0,"status_group":"Operating","energy_sources":"SUN","type":"Power plant","is_nuclear":false}},{"type":"Feature","geometry":{"type":"Point","coordinates":[-74.394,40.465]},"properties":{"key":"58208-27f4b8e4","layer":"power","name":"Cinnamon Bay Edgeboro Landfill","state":"NJ","detail_file":"data/details/power-plants-25.json","plant_id":"58208","capacity_mw":9.6,"status_group":"Operating","energy_sources":"LFG","type":"Power plant","is_nuclear":false}},{"type":"Feature","geometry":{"type":"Point","coordinates":[-74.307,40.981]},"properties":{"key":"69555-de61b86c","layer":"power","name":"Citrine NJ - West Pkwy","state":"NJ","detail_file":"data/details/power-plants-58.json","plant_id":"69555","capacity_mw":2.3,"status_group":"Under construction","energy_sources":"SUN","type":"Power plant","is_nuclear":false}},{"type":"Feature","geometry":{"type":"Point","coordinates":[-74.773,40.269]},"properties":{"key":"58165-0de6937b","layer":"power","name":"College of New Jersey","state":"NJ","detail_file":"data/details/power-plants-09.json","plant_id":"58165","capacity_mw":6.2,"status_group":"Operating","energy_sources":"NG","type":"Power plant","is_nuclear":false}},{"type":"Feature","geometry":{"type":"Point","coordinates":[-74.658,40.152]},"properties":{"key":"63356-5d24612a","layer":"power","name":"Colonial Pipeline Allentown Chesterfield","state":"NJ","detail_file":"data/details/power-plants-59.json","plant_id":"63356","capacity_mw":1.9,"status_group":"Operating","energy_sources":"SUN","type":"Power plant","is_nuclear":false}},{"type":"Feature","geometry":{"type":"Point","coordinates":[-74.212,40.697]},"properties":{"key":"60776-f0ced931","layer":"power","name":"Community Foodbank of NJ","state":"NJ","detail_file":"data/details/power-plants-23.json","plant_id":"60776","capacity_mw":1.0,"status_group":"Operating","energy_sources":"SUN","type":"Power plant","is_nuclear":false}},{"type":"Feature","geometry":{"type":"Point","coordinates":[-74.408,40.667]},"properties":{"key":"62598-d079ff0a","layer":"power","name":"Connell East LLC","state":"NJ","detail_file":"data/details/power-plants-31.json","plant_id":"62598","capacity_mw":1.4,"status_group":"Operating","energy_sources":"SUN","type":"Power plant","is_nuclear":false}},{"type":"Feature","geometry":{"type":"Point","coordinates":[-74.188,40.352]},"properties":{"key":"58536-66e5791a","layer":"power","name":"Cornerstone Power Holmdel LLC","state":"NJ","detail_file":"data/details/power-plants-06.json","plant_id":"58536","capacity_mw":3.0,"status_group":"Operating","energy_sources":"SUN","type":"Power plant","is_nuclear":false}},{"type":"Feature","geometry":{"type":"Point","coordinates":[-74.581,40.857]},"properties":{"key":"58881-a56d088f","layer":"power","name":"County College of Morris","state":"NJ","detail_file":"data/details/power-plants-45.json","plant_id":"58881","capacity_mw":2.9,"status_group":"Operating","energy_sources":"SUN","type":"Power plant","is_nuclear":false}},{"type":"Feature","geometry":{"type":"Point","coordinates":[-74.126,40.738]},"properties":{"key":"10643-9f63bc3d","layer":"power","name":"Covanta Essex Company","state":"NJ","detail_file":"data/details/power-plants-57.json","plant_id":"10643","capacity_mw":69.8,"status_group":"Operating","energy_sources":"MSW","type":"Power plant","is_nuclear":false}},{"type":"Feature","geometry":{"type":"Point","coordinates":[-74.499,40.315]},"properties":{"key":"59446-8ee6a0af","layer":"power","name":"Cranbury","state":"NJ","detail_file":"data/details/power-plants-06.json","plant_id":"59446","capacity_mw":5.0,"status_group":"Operating","energy_sources":"SUN","type":"Power plant","is_nuclear":false}},{"type":"Feature","geometry":{"type":"Point","coordinates":[-74.496,40.302]},"properties":{"key":"67062-f68e1c80","layer":"power","name":"Cranbury 0210 Solar","state":"NJ","detail_file":"data/details/power-plants-14.json","plant_id":"67062","capacity_mw":1.0,"status_group":"Operating","energy_sources":"SUN","type":"Power plant","is_nuclear":false}},{"type":"Feature","geometry":{"type":"Point","coordinates":[-74.826,40.108]},"properties":{"key":"63492-83c4d5e2","layer":"power","name":"DCO Burlington","state":"NJ","detail_file":"data/details/power-plants-26.json","plant_id":"63492","capacity_mw":3.5,"status_group":"Operating","energy_sources":"NG","type":"Power plant","is_nuclear":false}},{"type":"Feature","geometry":{"type":"Point","coordinates":[-74.427,40.778]},"properties":{"key":"62586-28df433e","layer":"power","name":"DG Florham Park Solar LLC","state":"NJ","detail_file":"data/details/power-plants-05.json","plant_id":"62586","capacity_mw":2.0,"status_group":"Operating","energy_sources":"SUN","type":"Power plant","is_nuclear":false}},{"type":"Feature","geometry":{"type":"Point","coordinates":[-74.235,40.64]},"properties":{"key":"62958-f9b9cca2","layer":"power","name":"DG Infineum","state":"NJ","detail_file":"data/details/power-plants-06.json","plant_id":"62958","capacity_mw":2.0,"status_group":"Operating","energy_sources":"SUN","type":"Power plant","is_nuclear":false}},{"type":"Feature","geometry":{"type":"Point","coordinates":[-74.347,40.521]},"properties":{"key":"62957-7eaf5873","layer":"power","name":"DG Iron Mountain","state":"NJ","detail_file":"data/details/power-plants-05.json","plant_id":"62957","capacity_mw":5.4,"status_group":"Operating","energy_sources":"SUN","type":"Power plant","is_nuclear":false}},{"type":"Feature","geometry":{"type":"Point","coordinates":[-75.065,40.837]},"properties":{"key":"62713-ab13c383","layer":"power","name":"DSM Nutritional Products Solar","state":"NJ","detail_file":"data/details/power-plants-50.json","plant_id":"62713","capacity_mw":10.0,"status_group":"Operating","energy_sources":"SUN","type":"Power plant","is_nuclear":false}},{"type":"Feature","geometry":{"type":"Point","coordinates":[-75.065,40.844]},"properties":{"key":"60739-231d4846","layer":"power","name":"DSM Solar","state":"NJ","detail_file":"data/details/power-plants-32.json","plant_id":"60739","capacity_mw":4.5,"status_group":"Operating","energy_sources":"SUN","type":"Power plant","is_nuclear":false}},{"type":"Feature","geometry":{"type":"Point","coordinates":[-74.556,40.053]},"properties":{"key":"62905-41c52203","layer":"power","name":"Day Four Solar LLC","state":"NJ","detail_file":"data/details/power-plants-53.json","plant_id":"62905","capacity_mw":4.5,"status_group":"Operating","energy_sources":"SUN","type":"Power plant","is_nuclear":false}},{"type":"Feature","geometry":{"type":"Point","coordinates":[-74.935,40.049]},"properties":{"key":"64411-47a19d4e","layer":"power","name":"Delanco","state":"NJ","detail_file":"data/details/power-plants-05.json","plant_id":"64411","capacity_mw":2.4,"status_group":"Operating","energy_sources":"SUN","type":"Power plant","is_nuclear":false}},{"type":"Feature","geometry":{"type":"Point","coordinates":[-74.587,40.37]},"properties":{"key":"57397-908f0730","layer":"power","name":"Dow Jones South Brunswick Solar","state":"NJ","detail_file":"data/details/power-plants-29.json","plant_id":"57397","capacity_mw":3.6,"status_group":"Operating","energy_sources":"SUN","type":"Power plant","is_nuclear":false}},{"type":"Feature","geometry":{"type":"Point","coordinates":[-74.545,40.55]},"properties":{"key":"66815-3d192ca9","layer":"power","name":"Dynamic Energy NJ - Ferrero","state":"NJ","detail_file":"data/details/power-plants-30.json","plant_id":"66815","capacity_mw":1.5,"status_group":"Operating","energy_sources":"SUN","type":"Power plant","is_nuclear":false}},{"type":"Feature","geometry":{"type":"Point","coordinates":[-74.07,40.775]},"properties":{"key":"63702-51b42413","layer":"power","name":"EQX002 Secaucus Rd Fuel Cell","state":"NJ","detail_file":"data/details/power-plants-23.json","plant_id":"63702","capacity_mw":1.5,"status_group":"Operating","energy_sources":"NG","type":"Power plant","is_nuclear":false}},{"type":"Feature","geometry":{"type":"Point","coordinates":[-74.072,40.779]},"properties":{"key":"63703-9cbf2722","layer":"power","name":"EQX003 Secaucus Rd Fuel Cell","state":"NJ","detail_file":"data/details/power-plants-18.json","plant_id":"63703","capacity_mw":2.0,"status_group":"Operating","energy_sources":"NG","type":"Power plant","is_nuclear":false}},{"type":"Feature","geometry":{"type":"Point","coordinates":[-74.076,40.778]},"properties":{"key":"63706-3c863e89","layer":"power","name":"EQX012 Harz Fuel Cell","state":"NJ","detail_file":"data/details/power-plants-09.json","plant_id":"63706","capacity_mw":2.5,"status_group":"Operating","energy_sources":"NG","type":"Power plant","is_nuclear":false}},{"type":"Feature","geometry":{"type":"Point","coordinates":[-74.794,40.282]},"properties":{"key":"57574-68661493","layer":"power","name":"ETS Ewing Solar Facility","state":"NJ","detail_file":"data/details/power-plants-55.json","plant_id":"57574","capacity_mw":1.3,"status_group":"Operating","energy_sources":"SUN","type":"Power plant","is_nuclear":false}},{"type":"Feature","geometry":{"type":"Point","coordinates":[-74.876,40.443]},"properties":{"key":"60327-1b778ddd","layer":"power","name":"East Amwell","state":"NJ","detail_file":"data/details/power-plants-09.json","plant_id":"60327","capacity_mw":1.8,"status_group":"Operating","energy_sources":"SUN","type":"Power plant","is_nuclear":false}},{"type":"Feature","geometry":{"type":"Point","coordinates":[-74.336,40.748]},"properties":{"key":"60727-9bc237f3","layer":"power","name":"East Orange Solar","state":"NJ","detail_file":"data/details/power-plants-32.json","plant_id":"60727","capacity_mw":4.5,"status_group":"Operating","energy_sources":"SUN","type":"Power plant","is_nuclear":false}},{"type":"Feature","geometry":{"type":"Point","coordinates":[-74.502,40.274]},"properties":{"key":"70029-8c159aa3","layer":"power","name":"East Windsor Solar 1 LLC","state":"NJ","detail_file":"data/details/power-plants-12.json","plant_id":"70029","capacity_mw":1.4,"status_group":"Under construction","energy_sources":"SUN","type":"Power plant","is_nuclear":false}},{"type":"Feature","geometry":{"type":"Point","coordinates":[-74.418,40.523]},"properties":{"key":"69221-b35bb5a3","layer":"power","name":"Edison 0203 Community Solar - SLNNJ203","state":"NJ","detail_file":"data/details/power-plants-19.json","plant_id":"69221","capacity_mw":1.2,"status_group":"Operating","energy_sources":"SUN","type":"Power plant","is_nuclear":false}},{"type":"Feature","geometry":{"type":"Point","coordinates":[-74.387,40.53]},"properties":{"key":"67067-6a1332b4","layer":"power","name":"Edison 0308 Solar","state":"NJ","detail_file":"data/details/power-plants-28.json","plant_id":"67067","capacity_mw":2.5,"status_group":"Operating","energy_sources":"SUN","type":"Power plant","is_nuclear":false}},{"type":"Feature","geometry":{"type":"Point","coordinates":[-74.402,40.53]},"properties":{"key":"67066-8dbb9636","layer":"power","name":"Edison 7205 Solar","state":"NJ","detail_file":"data/details/power-plants-31.json","plant_id":"67066","capacity_mw":1.4,"status_group":"Operating","energy_sources":"SUN","type":"Power plant","is_nuclear":false}},{"type":"Feature","geometry":{"type":"Point","coordinates":[-74.206,40.684]},"properties":{"key":"69790-efae6607","layer":"power","name":"Elizabeth Metropolitan Logistics Center","state":"NJ","detail_file":"data/details/power-plants-07.json","plant_id":"69790","capacity_mw":1.2,"status_group":"Under construction","energy_sources":"SUN","type":"Power plant","is_nuclear":false}},{"type":"Feature","geometry":{"type":"Point","coordinates":[-74.167,40.668]},"properties":{"key":"67050-8b54d78c","layer":"power","name":"Elizabeth Seaport Bldg A Solar","state":"NJ","detail_file":"data/details/power-plants-25.json","plant_id":"67050","capacity_mw":1.5,"status_group":"Operating","energy_sources":"SUN","type":"Power plant","is_nuclear":false}},{"type":"Feature","geometry":{"type":"Point","coordinates":[-74.499,40.768]},"properties":{"key":"66428-f9928508","layer":"power","name":"Emerald Kemble, LLC","state":"NJ","detail_file":"data/details/power-plants-06.json","plant_id":"66428","capacity_mw":2.4,"status_group":"Operating","energy_sources":"SUN","type":"Power plant","is_nuclear":false}},{"type":"Feature","geometry":{"type":"Point","coordinates":[-74.463,40.33]},"properties":{"key":"59367-5d46bd96","layer":"power","name":"Engelhard Solar LLC","state":"NJ","detail_file":"data/details/power-plants-42.json","plant_id":"59367","capacity_mw":0.8,"status_group":"Operating","energy_sources":"SUN","type":"Power plant","is_nuclear":false}},{"type":"Feature","geometry":{"type":"Point","coordinates":[-74.126,40.721]},"properties":{"key":"63540-99afaecd","layer":"power","name":"Essex County Correctional Facility Cogen","state":"NJ","detail_file":"data/details/power-plants-45.json","plant_id":"63540","capacity_mw":6.2,"status_group":"Operating","energy_sources":"NG","type":"Power plant","is_nuclear":false}},{"type":"Feature","geometry":{"type":"Point","coordinates":[-74.324,40.506]},"properties":{"key":"57776-16d3d2e2","layer":"power","name":"FedEx Woodbridge","state":"NJ","detail_file":"data/details/power-plants-51.json","plant_id":"57776","capacity_mw":2.0,"status_group":"Operating","energy_sources":"SUN","type":"Power plant","is_nuclear":false}},{"type":"Feature","geometry":{"type":"Point","coordinates":[-74.857,40.484]},"properties":{"key":"57485-b228db9c","layer":"power","name":"Flemington Solar","state":"NJ","detail_file":"data/details/power-plants-52.json","plant_id":"57485","capacity_mw":8.0,"status_group":"Operating","energy_sources":"SUN","type":"Power plant","is_nuclear":false}},{"type":"Feature","geometry":{"type":"Point","coordinates":[-74.788,40.096]},"properties":{"key":"60990-4dd16e96","layer":"power","name":"Florence Solar W3-080, LLC","state":"NJ","detail_file":"data/details/power-plants-30.json","plant_id":"60990","capacity_mw":7.9,"status_group":"Operating","energy_sources":"SUN","type":"Power plant","is_nuclear":false}},{"type":"Feature","geometry":{"type":"Point","coordinates":[-75.09,40.8]},"properties":{"key":"67252-1e4d22a1","layer":"power","name":"Foul Rift Solar Farm","state":"NJ","detail_file":"data/details/power-plants-14.json","plant_id":"67252","capacity_mw":15.4,"status_group":"Operating","energy_sources":"SUN","type":"Power plant","is_nuclear":false}},{"type":"Feature","geometry":{"type":"Point","coordinates":[-74.702,41.167]},"properties":{"key":"60732-2a733020","layer":"power","name":"Frankford Solar","state":"NJ","detail_file":"data/details/power-plants-33.json","plant_id":"60732","capacity_mw":8.2,"status_group":"Operating","energy_sources":"SUN","type":"Power plant","is_nuclear":false}},{"type":"Feature","geometry":{"type":"Point","coordinates":[-75.06,40.72]},"properties":{"key":"63149-9798c43b","layer":"power","name":"Franklin Solar (NJ)","state":"NJ","detail_file":"data/details/power-plants-43.json","plant_id":"63149","capacity_mw":8.8,"status_group":"Operating","energy_sources":"SUN","type":"Power plant","is_nuclear":false}},{"type":"Feature","geometry":{"type":"Point","coordinates":[-74.559,40.526]},"properties":{"key":"66963-bd93a72d","layer":"power","name":"Franklin Solar 1 LLC Community Solar","state":"NJ","detail_file":"data/details/power-plants-62.json","plant_id":"66963","capacity_mw":3.0,"status_group":"Operating","energy_sources":"SUN","type":"Power plant","is_nuclear":false}},{"type":"Feature","geometry":{"type":"Point","coordinates":[-74.495,40.481]},"properties":{"key":"66964-43155199","layer":"power","name":"Franklin Solar 2 LLC Community Solar","state":"NJ","detail_file":"data/details/power-plants-16.json","plant_id":"66964","capacity_mw":3.8,"status_group":"Operating","energy_sources":"SUN","type":"Power plant","is_nuclear":false}},{"type":"Feature","geometry":{"type":"Point","coordinates":[-74.499,40.48]},"properties":{"key":"69716-083b6fb8","layer":"power","name":"Franklin Solar 3 LLC","state":"NJ","detail_file":"data/details/power-plants-61.json","plant_id":"69716","capacity_mw":4.0,"status_group":"Operating","energy_sources":"SUN","type":"Power plant","is_nuclear":false}},{"type":"Feature","geometry":{"type":"Point","coordinates":[-74.528,40.376]},"properties":{"key":"60759-07491175","layer":"power","name":"Freeze Solar","state":"NJ","detail_file":"data/details/power-plants-47.json","plant_id":"60759","capacity_mw":1.5,"status_group":"Operating","energy_sources":"SUN","type":"Power plant","is_nuclear":false}},{"type":"Feature","geometry":{"type":"Point","coordinates":[-74.13,40.11]},"properties":{"key":"60994-db644647","layer":"power","name":"French's Landfill PV","state":"NJ","detail_file":"data/details/power-plants-02.json","plant_id":"60994","capacity_mw":5.1,"status_group":"Operating","energy_sources":"SUN","type":"Power plant","is_nuclear":false}},{"type":"Feature","geometry":{"type":"Point","coordinates":[-75.012,40.522]},"properties":{"key":"57486-8b76e94d","layer":"power","name":"Frenchtown I Solar","state":"NJ","detail_file":"data/details/power-plants-39.json","plant_id":"57486","capacity_mw":3.0,"status_group":"Operating","energy_sources":"SUN","type":"Power plant","is_nuclear":false}},{"type":"Feature","geometry":{"type":"Point","coordinates":[-74.977,40.514]},"properties":{"key":"57487-66a2fe90","layer":"power","name":"Frenchtown II Solar","state":"NJ","detail_file":"data/details/power-plants-37.json","plant_id":"57487","capacity_mw":3.0,"status_group":"Operating","energy_sources":"SUN","type":"Power plant","is_nuclear":false}},{"type":"Feature","geometry":{"type":"Point","coordinates":[-75.018,40.483]},"properties":{"key":"58564-23ac526f","layer":"power","name":"Frenchtown III Solar","state":"NJ","detail_file":"data/details/power-plants-35.json","plant_id":"58564","capacity_mw":7.9,"status_group":"Operating","energy_sources":"SUN","type":"Power plant","is_nuclear":false}},{"type":"Feature","geometry":{"type":"Point","coordinates":[-74.592,41.189]},"properties":{"key":"59366-abcfcced","layer":"power","name":"G&S Wantage Solar LLC","state":"NJ","detail_file":"data/details/power-plants-34.json","plant_id":"59366","capacity_mw":8.5,"status_group":"Operating","energy_sources":"SUN","type":"Power plant","is_nuclear":false}},{"type":"Feature","geometry":{"type":"Point","coordinates":[-74.482,40.481]},"properties":{"key":"64422-b3ae8d4f","layer":"power","name":"GSPP Onyx New Brunswick LLC","state":"NJ","detail_file":"data/details/power-plants-60.json","plant_id":"64422","capacity_mw":1.1,"status_group":"Operating","energy_sources":"SUN","type":"Power plant","is_nuclear":false}},{"type":"Feature","geometry":{"type":"Point","coordinates":[-74.023,40.172]},"properties":{"key":"63698-4afe2278","layer":"power","name":"Galloway Landfill","state":"NJ","detail_file":"data/details/power-plants-42.json","plant_id":"63698","capacity_mw":2.3,"status_group":"Operating","energy_sources":"SUN","type":"Power plant","is_nuclear":false}},{"type":"Feature","geometry":{"type":"Point","coordinates":[-74.122,40.889]},"properties":{"key":"62680-fee8740f","layer":"power","name":"Garfield Solar","state":"NJ","detail_file":"data/details/power-plants-04.json","plant_id":"62680","capacity_mw":4.2,"status_group":"Operating","energy_sources":"SUN","type":"Power plant","is_nuclear":false}},{"type":"Feature","geometry":{"type":"Point","coordinates":[-75.164,40.566]},"properties":{"key":"2393-e58a66f6","layer":"power","name":"Gilbert","state":"NJ","detail_file":"data/details/power-plants-37.json","plant_id":"2393","capacity_mw":512.0,"status_group":"Operating","energy_sources":"NG","type":"Power plant","is_nuclear":false}},{"type":"Feature","geometry":{"type":"Point","coordinates":[-74.393,40.575]},"properties":{"key":"61248-82203512","layer":"power","name":"Glopak Solar PV Power Plant","state":"NJ","detail_file":"data/details/power-plants-00.json","plant_id":"61248","capacity_mw":1.0,"status_group":"Operating","energy_sources":"SUN","type":"Power plant","is_nuclear":false}},{"type":"Feature","geometry":{"type":"Point","coordinates":[-74.366,40.526]},"properties":{"key":"69434-d5f79579","layer":"power","name":"Gourmet Lane - SLNNJ480","state":"NJ","detail_file":"data/details/power-plants-50.json","plant_id":"69434","capacity_mw":2.0,"status_group":"Operating","energy_sources":"SUN","type":"Power plant","is_nuclear":false}},{"type":"Feature","geometry":{"type":"Point","coordinates":[-74.065,40.76]},"properties":{"key":"60839-ea5e4dc6","layer":"power","name":"Goya Foods, Inc- Jersey City Solar","state":"NJ","detail_file":"data/details/power-plants-19.json","plant_id":"60839","capacity_mw":2.5,"status_group":"Operating","energy_sources":"SUN","type":"Power plant","is_nuclear":false}},{"type":"Feature","geometry":{"type":"Point","coordinates":[-74.077,40.773]},"properties":{"key":"60840-e5d4e7b3","layer":"power","name":"Goya Foods, Inc- Secaucus Solar","state":"NJ","detail_file":"data/details/power-plants-05.json","plant_id":"60840","capacity_mw":1.6,"status_group":"Operating","energy_sources":"SUN","type":"Power plant","is_nuclear":false}},{"type":"Feature","geometry":{"type":"Point","coordinates":[-74.181,40.915]},"properties":{"key":"52068-84c08ce3","layer":"power","name":"Great Falls Hydro Project","state":"NJ","detail_file":"data/details/power-plants-30.json","plant_id":"52068","capacity_mw":12.3,"status_group":"Operating","energy_sources":"WAT","type":"Power plant","is_nuclear":false}},{"type":"Feature","geometry":{"type":"Point","coordinates":[-74.394,40.574]},"properties":{"key":"56877-b963b54f","layer":"power","name":"Hall's Warehouse Solar Project","state":"NJ","detail_file":"data/details/power-plants-09.json","plant_id":"56877","capacity_mw":1.6,"status_group":"Operating","energy_sources":"SUN","type":"Power plant","is_nuclear":false}},{"type":"Feature","geometry":{"type":"Point","coordinates":[-74.633,40.198]},"properties":{"key":"67461-137c781b","layer":"power","name":"Hamilton","state":"NJ","detail_file":"data/details/power-plants-16.json","plant_id":"67461","capacity_mw":1.0,"status_group":"Operating","energy_sources":"SUN","type":"Power plant","is_nuclear":false}},{"type":"Feature","geometry":{"type":"Point","coordinates":[-74.63,40.169]},"properties":{"key":"60489-e486f39b","layer":"power","name":"Hamilton Solar-Crosswicks","state":"NJ","detail_file":"data/details/power-plants-40.json","plant_id":"60489","capacity_mw":7.5,"status_group":"Operating","energy_sources":"SUN","type":"Power plant","is_nuclear":false}},{"type":"Feature","geometry":{"type":"Point","coordinates":[-74.671,41.102]},"properties":{"key":"69516-bb6bd735","layer":"power","name":"Hamms Landfill","state":"NJ","detail_file":"data/details/power-plants-22.json","plant_id":"69516","capacity_mw":6.0,"status_group":"Under construction","energy_sources":"SUN","type":"Power plant","is_nuclear":false}},{"type":"Feature","geometry":{"type":"Point","coordinates":[-74.591,40.065]},"properties":{"key":"59628-44cdc681","layer":"power","name":"Hanover","state":"NJ","detail_file":"data/details/power-plants-19.json","plant_id":"59628","capacity_mw":5.0,"status_group":"Operating","energy_sources":"SUN","type":"Power plant","is_nuclear":false}},{"type":"Feature","geometry":{"type":"Point","coordinates":[-74.248,40.904]},"properties":{"key":"58095-bdc0b8f1","layer":"power","name":"Harmon DC Totowa NJ","state":"NJ","detail_file":"data/details/power-plants-52.json","plant_id":"58095","capacity_mw":1.5,"status_group":"Operating","energy_sources":"SUN","type":"Power plant","is_nuclear":false}},{"type":"Feature","geometry":{"type":"Point","coordinates":[-75.171,40.755]},"properties":{"key":"59627-4ec90f65","layer":"power","name":"Harmony","state":"NJ","detail_file":"data/details/power-plants-53.json","plant_id":"59627","capacity_mw":3.0,"status_group":"Operating","energy_sources":"SUN","type":"Power plant","is_nuclear":false}},{"type":"Feature","geometry":{"type":"Point","coordinates":[-74.073,40.783]},"properties":{"key":"60501-6ebefd58","layer":"power","name":"Hartz Way","state":"NJ","detail_file":"data/details/power-plants-25.json","plant_id":"60501","capacity_mw":1.0,"status_group":"Operating","energy_sources":"SUN","type":"Power plant","is_nuclear":false}},{"type":"Feature","geometry":{"type":"Point","coordinates":[-74.015,40.959]},"properties":{"key":"56701-1a2f90e5","layer":"power","name":"Haworth Water Treatment Plant","state":"NJ","detail_file":"data/details/power-plants-45.json","plant_id":"56701","capacity_mw":16.0,"status_group":"Operating","energy_sources":"DFO; NG","type":"Power plant","is_nuclear":false}},{"type":"Feature","geometry":{"type":"Point","coordinates":[-74.388,40.499]},"properties":{"key":"62438-7a608c25","layer":"power","name":"Heller 400M","state":"NJ","detail_file":"data/details/power-plants-52.json","plant_id":"62438","capacity_mw":1.2,"status_group":"Operating","energy_sources":"SUN","type":"Power plant","is_nuclear":false}},{"type":"Feature","geometry":{"type":"Point","coordinates":[-74.489,40.374]},"properties":{"key":"57869-b2ea531e","layer":"power","name":"Heller Industrial Parks","state":"NJ","detail_file":"data/details/power-plants-49.json","plant_id":"57869","capacity_mw":4.6,"status_group":"Operating","energy_sources":"SUN","type":"Power plant","is_nuclear":false}},{"type":"Feature","geometry":{"type":"Point","coordinates":[-74.417,40.497]},"properties":{"key":"65468-85df20da","layer":"power","name":"Highland Park Borough Solar","state":"NJ","detail_file":"data/details/power-plants-46.json","plant_id":"65468","capacity_mw":1.1,"status_group":"Operating","energy_sources":"MWH; SUN","type":"Power plant","is_nuclear":false}},{"type":"Feature","geometry":{"type":"Point","coordinates":[-74.155,40.836]},"properties":{"key":"10123-369da047","layer":"power","name":"Hoffmann LaRoche","state":"NJ","detail_file":"data/details/power-plants-26.json","plant_id":"10123","capacity_mw":10.6,"status_group":"Operating","energy_sources":"NG","type":"Power plant","is_nuclear":false}},{"type":"Feature","geometry":{"type":"Point","coordinates":[-75.109,40.6]},"properties":{"key":"60763-1bae8d3b","layer":"power","name":"Holland Solar","state":"NJ","detail_file":"data/details/power-plants-08.json","plant_id":"60763","capacity_mw":3.0,"status_group":"Operating","energy_sources":"SUN","type":"Power plant","is_nuclear":false}},{"type":"Feature","geometry":{"type":"Point","coordinates":[-75.155,40.619]},"properties":{"key":"65387-4ea75b2e","layer":"power","name":"Holland Solar Farm","state":"NJ","detail_file":"data/details/power-plants-20.json","plant_id":"65387","capacity_mw":6.7,"status_group":"Operating","energy_sources":"SUN","type":"Power plant","is_nuclear":false}},{"type":"Feature","geometry":{"type":"Point","coordinates":[-74.772,40.348]},"properties":{"key":"60933-c8e35ce3","layer":"power","name":"Hopewell Cogeneration NJ","state":"NJ","detail_file":"data/details/power-plants-00.json","plant_id":"60933","capacity_mw":4.0,"status_group":"Operating","energy_sources":"NG","type":"Power plant","is_nuclear":false}},{"type":"Feature","geometry":{"type":"Point","coordinates":[-74.805,40.328]},"properties":{"key":"61473-2dadf2a3","layer":"power","name":"Hopewell Valley High School Hybrid","state":"NJ","detail_file":"data/details/power-plants-55.json","plant_id":"61473","capacity_mw":1.9,"status_group":"Operating","energy_sources":"MWH; SUN","type":"Power plant","is_nuclear":false}},{"type":"Feature","geometry":{"type":"Point","coordinates":[-74.218,40.13]},"properties":{"key":"67460-aa05be19","layer":"power","name":"Howell (Lowes)","state":"NJ","detail_file":"data/details/power-plants-22.json","plant_id":"67460","capacity_mw":1.0,"status_group":"Operating","energy_sources":"SUN","type":"Power plant","is_nuclear":false}},{"type":"Feature","geometry":{"type":"Point","coordinates":[-74.171,40.134]},"properties":{"key":"65953-73c12934","layer":"power","name":"Howell Energy Storage Project","state":"NJ","detail_file":"data/details/power-plants-24.json","plant_id":"65953","capacity_mw":7.0,"status_group":"Operating","energy_sources":"MWH","type":"Power plant","is_nuclear":false}},{"type":"Feature","geometry":{"type":"Point","coordinates":[-74.168,40.147]},"properties":{"key":"60728-1a15ffbe","layer":"power","name":"Howell Solar","state":"NJ","detail_file":"data/details/power-plants-04.json","plant_id":"60728","capacity_mw":7.0,"status_group":"Operating","energy_sources":"SUN","type":"Power plant","is_nuclear":false}},{"type":"Feature","geometry":{"type":"Point","coordinates":[-74.108,40.728]},"properties":{"key":"65167-d869d831","layer":"power","name":"Hudson County Solar","state":"NJ","detail_file":"data/details/power-plants-27.json","plant_id":"65167","capacity_mw":1.2,"status_group":"Operating","energy_sources":"SUN","type":"Power plant","is_nuclear":false}},{"type":"Feature","geometry":{"type":"Point","coordinates":[-74.908,40.652]},"properties":{"key":"62225-1a335bd9","layer":"power","name":"Hunterdon Health System Solar Project","state":"NJ","detail_file":"data/details/power-plants-47.json","plant_id":"62225","capacity_mw":1.5,"status_group":"Operating","energy_sources":"SUN","type":"Power plant","is_nuclear":false}},{"type":"Feature","geometry":{"type":"Point","coordinates":[-74.16,40.438]},"properties":{"key":"60709-3cb77953","layer":"power","name":"IFF Hazlet","state":"NJ","detail_file":"data/details/power-plants-04.json","plant_id":"60709","capacity_mw":3.0,"status_group":"Operating","energy_sources":"SUN","type":"Power plant","is_nuclear":false}},{"type":"Feature","geometry":{"type":"Point","coordinates":[-74.155,40.447]},"properties":{"key":"62306-e5888cd8","layer":"power","name":"IFF Union Beach Project","state":"NJ","detail_file":"data/details/power-plants-08.json","plant_id":"62306","capacity_mw":5.5,"status_group":"Operating","energy_sources":"SUN","type":"Power plant","is_nuclear":false}},{"type":"Feature","geometry":{"type":"Point","coordinates":[-74.657,40.189]},"properties":{"key":"63626-fdce2ec9","layer":"power","name":"IGS FE Trenton, LLC","state":"NJ","detail_file":"data/details/power-plants-09.json","plant_id":"63626","capacity_mw":1.5,"status_group":"Operating","energy_sources":"SUN","type":"Power plant","is_nuclear":false}},{"type":"Feature","geometry":{"type":"Point","coordinates":[-74.255,40.582]},"properties":{"key":"61359-00f37a47","layer":"power","name":"IGS Solar I - EWR5","state":"NJ","detail_file":"data/details/power-plants-31.json","plant_id":"61359","capacity_mw":1.9,"status_group":"Operating","energy_sources":"SUN","type":"Power plant","is_nuclear":false}},{"type":"Feature","geometry":{"type":"Point","coordinates":[-74.257,40.583]},"properties":{"key":"61360-7517a47b","layer":"power","name":"IGS Solar I - EWR6","state":"NJ","detail_file":"data/details/power-plants-52.json","plant_id":"61360","capacity_mw":1.9,"status_group":"Operating","energy_sources":"SUN","type":"Power plant","is_nuclear":false}},{"type":"Feature","geometry":{"type":"Point","coordinates":[-74.503,40.633]},"properties":{"key":"63713-21fe0485","layer":"power","name":"IIV000 Mt Bethel Fuel Cell","state":"NJ","detail_file":"data/details/power-plants-43.json","plant_id":"63713","capacity_mw":2.6,"status_group":"Operating","energy_sources":"NG","type":"Power plant","is_nuclear":false}},{"type":"Feature","geometry":{"type":"Point","coordinates":[-74.384,40.471]},"properties":{"key":"60375-cc022a6a","layer":"power","name":"ILR Landfill","state":"NJ","detail_file":"data/details/power-plants-30.json","plant_id":"60375","capacity_mw":6.6,"status_group":"Operating","energy_sources":"SUN","type":"Power plant","is_nuclear":false}},{"type":"Feature","geometry":{"type":"Point","coordinates":[-74.225,40.595]},"properties":{"key":"61466-60352327","layer":"power","name":"IOS - ERW9","state":"NJ","detail_file":"data/details/power-plants-17.json","plant_id":"61466","capacity_mw":5.3,"status_group":"Operating","energy_sources":"SUN","type":"Power plant","is_nuclear":false}},{"type":"Feature","geometry":{"type":"Point","coordinates":[-74.279,40.267]},"properties":{"key":"57799-223cba0b","layer":"power","name":"ISH Solar Central, LLC","state":"NJ","detail_file":"data/details/power-plants-14.json","plant_id":"57799","capacity_mw":1.4,"status_group":"Operating","energy_sources":"SUN","type":"Power plant","is_nuclear":false}},{"type":"Feature","geometry":{"type":"Point","coordinates":[-74.709,40.555]},"properties":{"key":"59631-370ad9d0","layer":"power","name":"Imclone Solar Electric Facility","state":"NJ","detail_file":"data/details/power-plants-27.json","plant_id":"59631","capacity_mw":8.0,"status_group":"Operating","energy_sources":"SUN","type":"Power plant","is_nuclear":false}},{"type":"Feature","geometry":{"type":"Point","coordinates":[-74.45,40.397]},"properties":{"key":"67070-f941792f","layer":"power","name":"Interstate 3 Solar","state":"NJ","detail_file":"data/details/power-plants-54.json","plant_id":"67070","capacity_mw":1.5,"status_group":"Operating","energy_sources":"SUN","type":"Power plant","is_nuclear":false}},{"type":"Feature","geometry":{"type":"Point","coordinates":[-74.262,40.093]},"properties":{"key":"60113-f7eb2c57","layer":"power","name":"Jackson Board of Education-Liberty HS","state":"NJ","detail_file":"data/details/power-plants-16.json","plant_id":"60113","capacity_mw":1.2,"status_group":"Operating","energy_sources":"SUN","type":"Power plant","is_nuclear":false}},{"type":"Feature","geometry":{"type":"Point","coordinates":[-74.35,40.065]},"properties":{"key":"65094-566d360d","layer":"power","name":"Jackson Legler Solar 1 LLC","state":"NJ","detail_file":"data/details/power-plants-02.json","plant_id":"65094","capacity_mw":2.9,"status_group":"Operating","energy_sources":"SUN","type":"Power plant","is_nuclear":false}},{"type":"Feature","geometry":{"type":"Point","coordinates":[-74.582,40.064]},"properties":{"key":"59185-a0f6b0e6","layer":"power","name":"Jacobstown","state":"NJ","detail_file":"data/details/power-plants-06.json","plant_id":"59185","capacity_mw":5.0,"status_group":"Operating","energy_sources":"SUN","type":"Power plant","is_nuclear":false}},{"type":"Feature","geometry":{"type":"Point","coordinates":[-74.087,40.69]},"properties":{"key":"63530-3ba89b37","layer":"power","name":"Jersey City DWP","state":"NJ","detail_file":"data/details/power-plants-16.json","plant_id":"63530","capacity_mw":1.0,"status_group":"Operating","energy_sources":"SUN","type":"Power plant","is_nuclear":false}},{"type":"Feature","geometry":{"type":"Point","coordinates":[-74.173,40.661]},"properties":{"key":"58653-9ce8c816","layer":"power","name":"Jersey Gardens Phase 1","state":"NJ","detail_file":"data/details/power-plants-52.json","plant_id":"58653","capacity_mw":1.7,"status_group":"Operating","energy_sources":"SUN","type":"Power plant","is_nuclear":false}},{"type":"Feature","geometry":{"type":"Point","coordinates":[-74.173,40.661]},"properties":{"key":"58654-272b700c","layer":"power","name":"Jersey Gardens Phase 2","state":"NJ","detail_file":"data/details/power-plants-35.json","plant_id":"58654","capacity_mw":2.3,"status_group":"Operating","energy_sources":"SUN","type":"Power plant","is_nuclear":false}},{"type":"Feature","geometry":{"type":"Point","coordinates":[-74.408,40.556]},"properties":{"key":"58049-b631ef5e","layer":"power","name":"Jordache Enterprises Solar","state":"NJ","detail_file":"data/details/power-plants-46.json","plant_id":"58049","capacity_mw":1.3,"status_group":"Operating","energy_sources":"SUN","type":"Power plant","is_nuclear":false}},{"type":"Feature","geometry":{"type":"Point","coordinates":[-74.843,40.524]},"properties":{"key":"60265-1622bdc3","layer":"power","name":"Junction Road","state":"NJ","detail_file":"data/details/power-plants-59.json","plant_id":"60265","capacity_mw":4.4,"status_group":"Operating","energy_sources":"SUN","type":"Power plant","is_nuclear":false}},{"type":"Feature","geometry":{"type":"Point","coordinates":[-74.844,40.526]},"properties":{"key":"66758-ab639e5b","layer":"power","name":"Justin Court Energy Storage","state":"NJ","detail_file":"data/details/power-plants-61.json","plant_id":"66758","capacity_mw":20.0,"status_group":"Operating","energy_sources":"MWH","type":"Power plant","is_nuclear":false}},{"type":"Feature","geometry":{"type":"Point","coordinates":[-74.314,40.238]},"properties":{"key":"62746-a93acf48","layer":"power","name":"KDC Solar CSCP LLC","state":"NJ","detail_file":"data/details/power-plants-55.json","plant_id":"62746","capacity_mw":3.4,"status_group":"Operating","energy_sources":"SUN","type":"Power plant","is_nuclear":false}},{"type":"Feature","geometry":{"type":"Point","coordinates":[-74.44,40.137]},"properties":{"key":"59910-b068c0d7","layer":"power","name":"KDC Solar PR1, LLC","state":"NJ","detail_file":"data/details/power-plants-29.json","plant_id":"59910","capacity_mw":17.0,"status_group":"Operating","energy_sources":"SUN","type":"Power plant","is_nuclear":false}},{"type":"Feature","geometry":{"type":"Point","coordinates":[-74.096,40.737]},"properties":{"key":"2404-e29795c1","layer":"power","name":"Kearny Generating Station","state":"NJ","detail_file":"data/details/power-plants-05.json","plant_id":"2404","capacity_mw":605.0,"status_group":"Operating","energy_sources":"NG","type":"Power plant","is_nuclear":false}},{"type":"Feature","geometry":{"type":"Point","coordinates":[-74.274,40.678]},"properties":{"key":"10805-c275f256","layer":"power","name":"Kenilworth Energy Facility","state":"NJ","detail_file":"data/details/power-plants-55.json","plant_id":"10805","capacity_mw":28.8,"status_group":"Operating","energy_sources":"NG","type":"Power plant","is_nuclear":false}},{"type":"Feature","geometry":{"type":"Point","coordinates":[-74.521,40.488]},"properties":{"key":"60765-2a53ab4f","layer":"power","name":"L'Oreal Franklin","state":"NJ","detail_file":"data/details/power-plants-08.json","plant_id":"60765","capacity_mw":1.0,"status_group":"Operating","energy_sources":"SUN","type":"Power plant","is_nuclear":false}},{"type":"Feature","geometry":{"type":"Point","coordinates":[-74.505,40.4]},"properties":{"key":"60766-f2810f99","layer":"power","name":"L'Oreal Monmouth","state":"NJ","detail_file":"data/details/power-plants-44.json","plant_id":"60766","capacity_mw":2.0,"status_group":"Operating","energy_sources":"SUN","type":"Power plant","is_nuclear":false}},{"type":"Feature","geometry":{"type":"Point","coordinates":[-74.468,40.554]},"properties":{"key":"57868-35af54dd","layer":"power","name":"L'Oreal Piscataway","state":"NJ","detail_file":"data/details/power-plants-58.json","plant_id":"57868","capacity_mw":1.8,"status_group":"Operating","energy_sources":"SUN","type":"Power plant","is_nuclear":false}},{"type":"Feature","geometry":{"type":"Point","coordinates":[-74.64,40.57]},"properties":{"key":"64142-c3943cfd","layer":"power","name":"LabCorp Engine","state":"NJ","detail_file":"data/details/power-plants-53.json","plant_id":"64142","capacity_mw":3.2,"status_group":"Operating","energy_sources":"NG","type":"Power plant","is_nuclear":false}},{"type":"Feature","geometry":{"type":"Point","coordinates":[-74.312,40.024]},"properties":{"key":"63503-a92e25b5","layer":"power","name":"Lakehurst Solar","state":"NJ","detail_file":"data/details/power-plants-07.json","plant_id":"63503","capacity_mw":9.6,"status_group":"Operating","energy_sources":"SUN","type":"Power plant","is_nuclear":false}},{"type":"Feature","geometry":{"type":"Point","coordinates":[-74.181,40.071]},"properties":{"key":"62454-9b368177","layer":"power","name":"Lakewood Cheddar School","state":"NJ","detail_file":"data/details/power-plants-52.json","plant_id":"62454","capacity_mw":1.0,"status_group":"Operating","energy_sources":"SUN","type":"Power plant","is_nuclear":false}},{"type":"Feature","geometry":{"type":"Point","coordinates":[-74.912,40.676]},"properties":{"key":"57488-08d05aa1","layer":"power","name":"Lebanon Solar","state":"NJ","detail_file":"data/details/power-plants-15.json","plant_id":"57488","capacity_mw":2.0,"status_group":"Operating","energy_sources":"SUN","type":"Power plant","is_nuclear":false}},{"type":"Feature","geometry":{"type":"Point","coordinates":[-74.216,40.632]},"properties":{"key":"50006-0c03f32a","layer":"power","name":"Linden Cogen Plant","state":"NJ","detail_file":"data/details/power-plants-34.json","plant_id":"50006","capacity_mw":974.1,"status_group":"Operating","energy_sources":"NG","type":"Power plant","is_nuclear":false}},{"type":"Feature","geometry":{"type":"Point","coordinates":[-74.207,40.622]},"properties":{"key":"2406-ee7598e0","layer":"power","name":"Linden Generating Station","state":"NJ","detail_file":"data/details/power-plants-46.json","plant_id":"2406","capacity_mw":1740.0,"status_group":"Operating","energy_sources":"NG","type":"Power plant","is_nuclear":false}},{"type":"Feature","geometry":{"type":"Point","coordinates":[-74.245,40.604]},"properties":{"key":"65368-07facda3","layer":"power","name":"Linden Hawk Rise Solar CSG","state":"NJ","detail_file":"data/details/power-plants-07.json","plant_id":"65368","capacity_mw":4.0,"status_group":"Operating","energy_sources":"SUN","type":"Power plant","is_nuclear":false}},{"type":"Feature","geometry":{"type":"Point","coordinates":[-74.214,40.62]},"properties":{"key":"57381-c37f7594","layer":"power","name":"Linden Solar Farm","state":"NJ","detail_file":"data/details/power-plants-14.json","plant_id":"57381","capacity_mw":2.7,"status_group":"Operating","energy_sources":"SUN","type":"Power plant","is_nuclear":false}},{"type":"Feature","geometry":{"type":"Point","coordinates":[-74.138,40.739]},"properties":{"key":"67065-8e4b8cdb","layer":"power","name":"Lister Avenue Solar","state":"NJ","detail_file":"data/details/power-plants-00.json","plant_id":"67065","capacity_mw":2.0,"status_group":"Operating","energy_sources":"SUN","type":"Power plant","is_nuclear":false}},{"type":"Feature","geometry":{"type":"Point","coordinates":[-74.438,40.528]},"properties":{"key":"58505-7966828e","layer":"power","name":"Livingston Solar Canopies","state":"NJ","detail_file":"data/details/power-plants-52.json","plant_id":"58505","capacity_mw":6.6,"status_group":"Operating","energy_sources":"SUN","type":"Power plant","is_nuclear":false}},{"type":"Feature","geometry":{"type":"Point","coordinates":[-74.43,40.524]},"properties":{"key":"58504-a546205c","layer":"power","name":"Livingston Solar Farm","state":"NJ","detail_file":"data/details/power-plants-58.json","plant_id":"58504","capacity_mw":1.2,"status_group":"Operating","energy_sources":"SUN","type":"Power plant","is_nuclear":false}},{"type":"Feature","geometry":{"type":"Point","coordinates":[-74.35,40.257]},"properties":{"key":"57661-9ed75cf7","layer":"power","name":"Manalapan Village Solar","state":"NJ","detail_file":"data/details/power-plants-14.json","plant_id":"57661","capacity_mw":3.5,"status_group":"Operating","energy_sources":"SUN","type":"Power plant","is_nuclear":false}},{"type":"Feature","geometry":{"type":"Point","coordinates":[-74.706,40.114]},"properties":{"key":"63229-97b063c5","layer":"power","name":"Manheim New Jersey","state":"NJ","detail_file":"data/details/power-plants-37.json","plant_id":"63229","capacity_mw":2.2,"status_group":"Operating","energy_sources":"SUN","type":"Power plant","is_nuclear":false}},{"type":"Feature","geometry":{"type":"Point","coordinates":[-74.825,40.862]},"properties":{"key":"10061-508c8e55","layer":"power","name":"Mars Wrigley Confectionery US, LLC","state":"NJ","detail_file":"data/details/power-plants-23.json","plant_id":"10061","capacity_mw":12.3,"status_group":"Operating","energy_sources":"NG","type":"Power plant","is_nuclear":false}},{"type":"Feature","geometry":{"type":"Point","coordinates":[-74.27,40.534]},"properties":{"key":"57384-950fbf84","layer":"power","name":"Matrix Buildings A&B (Perth Amboy) Solar","state":"NJ","detail_file":"data/details/power-plants-11.json","plant_id":"57384","capacity_mw":2.5,"status_group":"Operating","energy_sources":"SUN","type":"Power plant","is_nuclear":false}},{"type":"Feature","geometry":{"type":"Point","coordinates":[-74.48,40.362]},"properties":{"key":"57588-b830e9c1","layer":"power","name":"Matrix Stults Road Solar Facility","state":"NJ","detail_file":"data/details/power-plants-35.json","plant_id":"57588","capacity_mw":2.6,"status_group":"Operating","energy_sources":"SUN","type":"Power plant","is_nuclear":false}},{"type":"Feature","geometry":{"type":"Point","coordinates":[-74.094,40.902]},"properties":{"key":"66965-06fb6a0e","layer":"power","name":"Mayhill Solar LLC Community Solar","state":"NJ","detail_file":"data/details/power-plants-35.json","plant_id":"66965","capacity_mw":1.2,"status_group":"Operating","energy_sources":"SUN","type":"Power plant","is_nuclear":false}},{"type":"Feature","geometry":{"type":"Point","coordinates":[-74.958,40.758]},"properties":{"key":"62638-dc345d8f","layer":"power","name":"McCullough Road Solar Farm","state":"NJ","detail_file":"data/details/power-plants-25.json","plant_id":"62638","capacity_mw":8.8,"status_group":"Operating","energy_sources":"SUN","type":"Power plant","is_nuclear":false}},{"type":"Feature","geometry":{"type":"Point","coordinates":[-74.556,40.28]},"properties":{"key":"57662-6942d209","layer":"power","name":"McGraw Hill Solar","state":"NJ","detail_file":"data/details/power-plants-01.json","plant_id":"57662","capacity_mw":12.0,"status_group":"Operating","energy_sources":"SUN","type":"Power plant","is_nuclear":false}},{"type":"Feature","geometry":{"type":"Point","coordinates":[-74.645,40.256]},"properties":{"key":"58882-e6cd5e9b","layer":"power","name":"Mercer County Community College","state":"NJ","detail_file":"data/details/power-plants-36.json","plant_id":"58882","capacity_mw":7.5,"status_group":"Operating","energy_sources":"SUN","type":"Power plant","is_nuclear":false}},{"type":"Feature","geometry":{"type":"Point","coordinates":[-74.682,40.291]},"properties":{"key":"58070-0e8e66bd","layer":"power","name":"Mercer Mall","state":"NJ","detail_file":"data/details/power-plants-12.json","plant_id":"58070","capacity_mw":1.1,"status_group":"Operating","energy_sources":"SUN","type":"Power plant","is_nuclear":false}},{"type":"Feature","geometry":{"type":"Point","coordinates":[-74.265,40.616]},"properties":{"key":"10224-9aa4cb73","layer":"power","name":"Merck Rahway Power Plant","state":"NJ","detail_file":"data/details/power-plants-42.json","plant_id":"10224","capacity_mw":20.8,"status_group":"Operating","energy_sources":"NG; SUN","type":"Power plant","is_nuclear":false}},{"type":"Feature","geometry":{"type":"Point","coordinates":[-74.492,40.426]},"properties":{"key":"58090-45465d70","layer":"power","name":"Middlesex Apple Orchard Solar","state":"NJ","detail_file":"data/details/power-plants-14.json","plant_id":"58090","capacity_mw":4.7,"status_group":"Operating","energy_sources":"SUN","type":"Power plant","is_nuclear":false}},{"type":"Feature","geometry":{"type":"Point","coordinates":[-74.316,40.49]},"properties":{"key":"56119-88e6ac4b","layer":"power","name":"Middlesex County Utilities Authority","state":"NJ","detail_file":"data/details/power-plants-28.json","plant_id":"56119","capacity_mw":22.5,"status_group":"Operating","energy_sources":"LFG","type":"Power plant","is_nuclear":false}},{"type":"Feature","geometry":{"type":"Point","coordinates":[-74.435,40.528]},"properties":{"key":"67368-32f811c9","layer":"power","name":"Middlesex Vo Tech Solar 1 LLC","state":"NJ","detail_file":"data/details/power-plants-49.json","plant_id":"67368","capacity_mw":1.5,"status_group":"Operating","energy_sources":"SUN","type":"Power plant","is_nuclear":false}},{"type":"Feature","geometry":{"type":"Point","coordinates":[-74.717,40.122]},"properties":{"key":"69897-ff0386fa","layer":"power","name":"Midline Commerce Center - SLCNJ006","state":"NJ","detail_file":"data/details/power-plants-23.json","plant_id":"69897","capacity_mw":1.2,"status_group":"Operating","energy_sources":"SUN","type":"Power plant","is_nuclear":false}},{"type":"Feature","geometry":{"type":"Point","coordinates":[-75.156,40.615]},"properties":{"key":"62637-b3c654c1","layer":"power","name":"Milford Solar Farm (NJ) LLC","state":"NJ","detail_file":"data/details/power-plants-54.json","plant_id":"62637","capacity_mw":7.5,"status_group":"Operating","energy_sources":"SUN","type":"Power plant","is_nuclear":false}},{"type":"Feature","geometry":{"type":"Point","coordinates":[-74.381,40.255]},"properties":{"key":"62904-3ff6c686","layer":"power","name":"Milhurst Solar","state":"NJ","detail_file":"data/details/power-plants-14.json","plant_id":"62904","capacity_mw":1.3,"status_group":"Operating","energy_sources":"SUN","type":"Power plant","is_nuclear":false}},{"type":"Feature","geometry":{"type":"Point","coordinates":[-74.825,40.031]},"properties":{"key":"57728-b56aecb5","layer":"power","name":"Mill Creek Solar","state":"NJ","detail_file":"data/details/power-plants-37.json","plant_id":"57728","capacity_mw":3.5,"status_group":"Operating","energy_sources":"SUN","type":"Power plant","is_nuclear":false}},{"type":"Feature","geometry":{"type":"Point","coordinates":[-74.425,40.312]},"properties":{"key":"63451-febc3a6b","layer":"power","name":"Monroe Solar Farm, LLC","state":"NJ","detail_file":"data/details/power-plants-40.json","plant_id":"63451","capacity_mw":13.1,"status_group":"Operating","energy_sources":"SUN","type":"Power plant","is_nuclear":false}},{"type":"Feature","geometry":{"type":"Point","coordinates":[-74.798,41.279]},"properties":{"key":"67851-ff72c16e","layer":"power","name":"Montague Energy Storage","state":"NJ","detail_file":"data/details/power-plants-59.json","plant_id":"67851","capacity_mw":20.0,"status_group":"Operating","energy_sources":"MWH","type":"Power plant","is_nuclear":false}},{"type":"Feature","geometry":{"type":"Point","coordinates":[-74.197,40.865]},"properties":{"key":"63501-4aff91de","layer":"power","name":"Montclair State University Cogen","state":"NJ","detail_file":"data/details/power-plants-35.json","plant_id":"63501","capacity_mw":11.8,"status_group":"Operating","energy_sources":"NG","type":"Power plant","is_nuclear":false}},{"type":"Feature","geometry":{"type":"Point","coordinates":[-74.466,40.79]},"properties":{"key":"69547-cbbe9899","layer":"power","name":"Morristown Medical Center","state":"NJ","detail_file":"data/details/power-plants-23.json","plant_id":"69547","capacity_mw":4.6,"status_group":"Operating","energy_sources":"NG","type":"Power plant","is_nuclear":false}},{"type":"Feature","geometry":{"type":"Point","coordinates":[-74.722,40.898]},"properties":{"key":"69696-e77005c8","layer":"power","name":"Mount Olive Solar 3 LLC","state":"NJ","detail_file":"data/details/power-plants-63.json","plant_id":"69696","capacity_mw":2.2,"status_group":"Operating","energy_sources":"SUN","type":"Power plant","is_nuclear":false}},{"type":"Feature","geometry":{"type":"Point","coordinates":[-74.699,40.881]},"properties":{"key":"65348-9ac5d986","layer":"power","name":"Mount Olive Solar Farm","state":"NJ","detail_file":"data/details/power-plants-59.json","plant_id":"65348","capacity_mw":19.8,"status_group":"Operating","energy_sources":"SUN","type":"Power plant","is_nuclear":false}},{"type":"Feature","geometry":{"type":"Point","coordinates":[-74.624,40.932]},"properties":{"key":"65095-0c2e210b","layer":"power","name":"Mt Arlington Solar 1 LLC","state":"NJ","detail_file":"data/details/power-plants-39.json","plant_id":"65095","capacity_mw":1.6,"status_group":"Operating","energy_sources":"SUN","type":"Power plant","is_nuclear":false}},{"type":"Feature","geometry":{"type":"Point","coordinates":[-74.593,40.35]},"properties":{"key":"59844-1f2109d3","layer":"power","name":"Munich Re Plaza","state":"NJ","detail_file":"data/details/power-plants-35.json","plant_id":"59844","capacity_mw":2.4,"status_group":"Operating","energy_sources":"SUN","type":"Power plant","is_nuclear":false}},{"type":"Feature","geometry":{"type":"Point","coordinates":[-74.404,40.684]},"properties":{"key":"57471-7d19a275","layer":"power","name":"Murray Hill Solar","state":"NJ","detail_file":"data/details/power-plants-12.json","plant_id":"57471","capacity_mw":1.0,"status_group":"Operating","energy_sources":"SUN","type":"Power plant","is_nuclear":false}},{"type":"Feature","geometry":{"type":"Point","coordinates":[-74.169,40.061]},"properties":{"key":"54640-7e6b22a0","layer":"power","name":"NAEA Lakewood LLC","state":"NJ","detail_file":"data/details/power-plants-29.json","plant_id":"54640","capacity_mw":288.2,"status_group":"Operating","energy_sources":"NG","type":"Power plant","is_nuclear":false}},{"type":"Feature","geometry":{"type":"Point","coordinates":[-74.167,40.063]},"properties":{"key":"55938-25b1d6b4","layer":"power","name":"NAEA Ocean Peaking Power LLC","state":"NJ","detail_file":"data/details/power-plants-03.json","plant_id":"55938","capacity_mw":397.8,"status_group":"Operating","energy_sources":"NG","type":"Power plant","is_nuclear":false}},{"type":"Feature","geometry":{"type":"Point","coordinates":[-74.161,40.071]},"properties":{"key":"60857-d0412006","layer":"power","name":"NES Rutgers Solar","state":"NJ","detail_file":"data/details/power-plants-20.json","plant_id":"60857","capacity_mw":1.0,"status_group":"Operating","energy_sources":"SUN","type":"Power plant","is_nuclear":false}},{"type":"Feature","geometry":{"type":"Point","coordinates":[-74.935,40.76]},"properties":{"key":"60378-45c7465f","layer":"power","name":"NHA at Mansfield NJ","state":"NJ","detail_file":"data/details/power-plants-56.json","plant_id":"60378","capacity_mw":5.0,"status_group":"Operating","energy_sources":"SUN","type":"Power plant","is_nuclear":false}},{"type":"Feature","geometry":{"type":"Point","coordinates":[-74.191,40.684]},"properties":{"key":"67808-9588498a","layer":"power","name":"NJ Airport Solar Project A","state":"NJ","detail_file":"data/details/power-plants-43.json","plant_id":"67808","capacity_mw":1.0,"status_group":"Operating","energy_sources":"SUN","type":"Power plant","is_nuclear":false}},{"type":"Feature","geometry":{"type":"Point","coordinates":[-74.191,40.684]},"properties":{"key":"67809-314ab5ff","layer":"power","name":"NJ Airport Solar Project B","state":"NJ","detail_file":"data/details/power-plants-20.json","plant_id":"67809","capacity_mw":1.0,"status_group":"Operating","energy_sources":"SUN","type":"Power plant","is_nuclear":false}},{"type":"Feature","geometry":{"type":"Point","coordinates":[-74.191,40.684]},"properties":{"key":"67810-ed5e4bd6","layer":"power","name":"NJ Airport Solar Project C","state":"NJ","detail_file":"data/details/power-plants-17.json","plant_id":"67810","capacity_mw":1.0,"status_group":"Operating","energy_sources":"SUN","type":"Power plant","is_nuclear":false}},{"type":"Feature","geometry":{"type":"Point","coordinates":[-74.191,40.684]},"properties":{"key":"67811-c9677b10","layer":"power","name":"NJ Airport Solar Project D","state":"NJ","detail_file":"data/details/power-plants-39.json","plant_id":"67811","capacity_mw":1.0,"status_group":"Operating","energy_sources":"SUN","type":"Power plant","is_nuclear":false}},{"type":"Feature","geometry":{"type":"Point","coordinates":[-74.11,40.751]},"properties":{"key":"57724-efc62f17","layer":"power","name":"NJMC Landfill","state":"NJ","detail_file":"data/details/power-plants-51.json","plant_id":"57724","capacity_mw":2.5,"status_group":"Operating","energy_sources":"SUN","type":"Power plant","is_nuclear":false}},{"type":"Feature","geometry":{"type":"Point","coordinates":[-74.568,40.403]},"properties":{"key":"61599-f383e151","layer":"power","name":"New Road Solar, LLC","state":"NJ","detail_file":"data/details/power-plants-63.json","plant_id":"61599","capacity_mw":10.0,"status_group":"Operating","energy_sources":"SUN","type":"Power plant","is_nuclear":false}},{"type":"Feature","geometry":{"type":"Point","coordinates":[-74.126,40.707]},"properties":{"key":"58079-81dfb8e1","layer":"power","name":"Newark Energy Center","state":"NJ","detail_file":"data/details/power-plants-57.json","plant_id":"58079","capacity_mw":735.0,"status_group":"Operating","energy_sources":"NG","type":"Power plant","is_nuclear":false}},{"type":"Feature","geometry":{"type":"Point","coordinates":[-74.147,40.73]},"properties":{"key":"68408-bdf531b1","layer":"power","name":"Newark Solar 1 LLC","state":"NJ","detail_file":"data/details/power-plants-58.json","plant_id":"68408","capacity_mw":2.2,"status_group":"Operating","energy_sources":"SUN","type":"Power plant","is_nuclear":false}},{"type":"Feature","geometry":{"type":"Point","coordinates":[-74.017,40.818]},"properties":{"key":"60806-a6513ae9","layer":"power","name":"North Bergen Solar","state":"NJ","detail_file":"data/details/power-plants-11.json","plant_id":"60806","capacity_mw":1.6,"status_group":"Operating","energy_sources":"SUN","type":"Power plant","is_nuclear":false}},{"type":"Feature","geometry":{"type":"Point","coordinates":[-74.495,40.924]},"properties":{"key":"58358-f574a9e1","layer":"power","name":"North Jersey Media Group Solar Facility","state":"NJ","detail_file":"data/details/power-plants-56.json","plant_id":"58358","capacity_mw":4.1,"status_group":"Operating","energy_sources":"SUN","type":"Power plant","is_nuclear":false}},{"type":"Feature","geometry":{"type":"Point","coordinates":[-74.585,40.07]},"properties":{"key":"59318-412a7f3f","layer":"power","name":"North Run","state":"NJ","detail_file":"data/details/power-plants-44.json","plant_id":"59318","capacity_mw":5.0,"status_group":"Operating","energy_sources":"SUN","type":"Power plant","is_nuclear":false}},{"type":"Feature","geometry":{"type":"Point","coordinates":[-74.442,40.258]},"properties":{"key":"62903-22c104ad","layer":"power","name":"NorthPark Solar","state":"NJ","detail_file":"data/details/power-plants-20.json","plant_id":"62903","capacity_mw":10.6,"status_group":"Operating","energy_sources":"SUN","type":"Power plant","is_nuclear":false}},{"type":"Feature","geometry":{"type":"Point","coordinates":[-74.284,40.446]},"properties":{"key":"66845-3f3ae6fc","layer":"power","name":"Old Bridge Global Landfill CSG","state":"NJ","detail_file":"data/details/power-plants-61.json","plant_id":"66845","capacity_mw":2.0,"status_group":"Operating","energy_sources":"SUN","type":"Power plant","is_nuclear":false}},{"type":"Feature","geometry":{"type":"Point","coordinates":[-74.243,40.444]},"properties":{"key":"61600-ff87446e","layer":"power","name":"Old Bridge Solar Farm","state":"NJ","detail_file":"data/details/power-plants-53.json","plant_id":"61600","capacity_mw":8.8,"status_group":"Operating","energy_sources":"SUN","type":"Power plant","is_nuclear":false}},{"type":"Feature","geometry":{"type":"Point","coordinates":[-74.354,40.712]},"properties":{"key":"62622-3c91310d","layer":"power","name":"Overlook Medical Center","state":"NJ","detail_file":"data/details/power-plants-17.json","plant_id":"62622","capacity_mw":4.6,"status_group":"Operating","energy_sources":"DFO; NG","type":"Power plant","is_nuclear":false}},{"type":"Feature","geometry":{"type":"Point","coordinates":[-74.378,40.727]},"properties":{"key":"56889-5b1d2275","layer":"power","name":"PPL Renewable Energy Merck Solar","state":"NJ","detail_file":"data/details/power-plants-63.json","plant_id":"56889","capacity_mw":1.7,"status_group":"Operating","energy_sources":"SUN","type":"Power plant","is_nuclear":false}},{"type":"Feature","geometry":{"type":"Point","coordinates":[-74.735,40.768]},"properties":{"key":"68681-ee2e3485","layer":"power","name":"Parker Road Solar","state":"NJ","detail_file":"data/details/power-plants-16.json","plant_id":"68681","capacity_mw":15.4,"status_group":"Operating","energy_sources":"SUN","type":"Power plant","is_nuclear":false}},{"type":"Feature","geometry":{"type":"Point","coordinates":[-74.711,40.127]},"properties":{"key":"59001-aac4c599","layer":"power","name":"Parkland Landfill Solar","state":"NJ","detail_file":"data/details/power-plants-45.json","plant_id":"59001","capacity_mw":7.8,"status_group":"Operating","energy_sources":"SUN","type":"Power plant","is_nuclear":false}},{"type":"Feature","geometry":{"type":"Point","coordinates":[-74.329,40.457]},"properties":{"key":"59544-c04a4dd3","layer":"power","name":"Parlin Solar LLC","state":"NJ","detail_file":"data/details/power-plants-08.json","plant_id":"59544","capacity_mw":1.3,"status_group":"Operating","energy_sources":"SUN","type":"Power plant","is_nuclear":false}},{"type":"Feature","geometry":{"type":"Point","coordinates":[-74.23,40.883]},"properties":{"key":"50311-dee0ad78","layer":"power","name":"Passaic Valley Water Commission","state":"NJ","detail_file":"data/details/power-plants-41.json","plant_id":"50311","capacity_mw":2.4,"status_group":"Operating","energy_sources":"WAT","type":"Power plant","is_nuclear":false}},{"type":"Feature","geometry":{"type":"Point","coordinates":[-74.551,40.561]},"properties":{"key":"58896-271f10ca","layer":"power","name":"Patriots Stadium","state":"NJ","detail_file":"data/details/power-plants-02.json","plant_id":"58896","capacity_mw":1.0,"status_group":"Operating","energy_sources":"SUN","type":"Power plant","is_nuclear":false}},{"type":"Feature","geometry":{"type":"Point","coordinates":[-74.663,40.712]},"properties":{"key":"60762-23c6a72e","layer":"power","name":"Pfizer Peapack Solar","state":"NJ","detail_file":"data/details/power-plants-40.json","plant_id":"60762","capacity_mw":6.2,"status_group":"Operating","energy_sources":"SUN","type":"Power plant","is_nuclear":false}},{"type":"Feature","geometry":{"type":"Point","coordinates":[-74.439,40.605]},"properties":{"key":"59364-dfe52ac7","layer":"power","name":"Plainfield One Solar LLC","state":"NJ","detail_file":"data/details/power-plants-37.json","plant_id":"59364","capacity_mw":1.3,"status_group":"Operating","energy_sources":"SUN","type":"Power plant","is_nuclear":false}},{"type":"Feature","geometry":{"type":"Point","coordinates":[-74.498,40.109]},"properties":{"key":"61892-f9071ed6","layer":"power","name":"Plumsted 537 LLC","state":"NJ","detail_file":"data/details/power-plants-20.json","plant_id":"61892","capacity_mw":19.8,"status_group":"Operating","energy_sources":"MWH","type":"Power plant","is_nuclear":false}},{"type":"Feature","geometry":{"type":"Point","coordinates":[-75.16,40.67]},"properties":{"key":"63150-327edf66","layer":"power","name":"Pohatcong Solar Farm","state":"NJ","detail_file":"data/details/power-plants-18.json","plant_id":"63150","capacity_mw":8.0,"status_group":"Operating","energy_sources":"SUN","type":"Power plant","is_nuclear":false}},{"type":"Feature","geometry":{"type":"Point","coordinates":[-74.218,40.565]},"properties":{"key":"67068-2ac28dcd","layer":"power","name":"Port Reading 8 Solar","state":"NJ","detail_file":"data/details/power-plants-13.json","plant_id":"67068","capacity_mw":1.4,"status_group":"Operating","energy_sources":"SUN","type":"Power plant","is_nuclear":false}},{"type":"Feature","geometry":{"type":"Point","coordinates":[-74.087,40.734]},"properties":{"key":"67064-85a4efe9","layer":"power","name":"Ports Jersey City Solar","state":"NJ","detail_file":"data/details/power-plants-51.json","plant_id":"67064","capacity_mw":3.0,"status_group":"Operating","energy_sources":"SUN","type":"Power plant","is_nuclear":false}},{"type":"Feature","geometry":{"type":"Point","coordinates":[-74.196,40.692]},"properties":{"key":"67063-c8a2b966","layer":"power","name":"Ports Newark 8201 Solar","state":"NJ","detail_file":"data/details/power-plants-42.json","plant_id":"67063","capacity_mw":1.4,"status_group":"Operating","energy_sources":"SUN","type":"Power plant","is_nuclear":false}},{"type":"Feature","geometry":{"type":"Point","coordinates":[-74.624,40.34]},"properties":{"key":"61822-c28933b8","layer":"power","name":"Princeton Energy Center, LLC","state":"NJ","detail_file":"data/details/power-plants-40.json","plant_id":"61822","capacity_mw":10.8,"status_group":"Operating","energy_sources":"DFO; NG; SUN","type":"Power plant","is_nuclear":false}},{"type":"Feature","geometry":{"type":"Point","coordinates":[-74.626,40.38]},"properties":{"key":"61354-450c10a4","layer":"power","name":"Princeton Solar Project","state":"NJ","detail_file":"data/details/power-plants-34.json","plant_id":"61354","capacity_mw":2.2,"status_group":"Operating","energy_sources":"SUN","type":"Power plant","is_nuclear":false}},{"type":"Feature","geometry":{"type":"Point","coordinates":[-74.657,40.341]},"properties":{"key":"58584-eed14f5b","layer":"power","name":"Princeton University Cogeneration","state":"NJ","detail_file":"data/details/power-plants-43.json","plant_id":"58584","capacity_mw":32.1,"status_group":"Operating","energy_sources":"NG; SUN","type":"Power plant","is_nuclear":false}},{"type":"Feature","geometry":{"type":"Point","coordinates":[-74.417,40.518]},"properties":{"key":"69438-eae07a18","layer":"power","name":"Prologis Edison 0405 - SLCNJ405 - Community Solar","state":"NJ","detail_file":"data/details/power-plants-03.json","plant_id":"69438","capacity_mw":1.2,"status_group":"Operating","energy_sources":"SUN","type":"Power plant","is_nuclear":false}},{"type":"Feature","geometry":{"type":"Point","coordinates":[-74.398,40.53]},"properties":{"key":"69619-45aaa715","layer":"power","name":"Prologis Edison 0503 - SLCNJ005 - Community Solar","state":"NJ","detail_file":"data/details/power-plants-09.json","plant_id":"69619","capacity_mw":1.4,"status_group":"Operating","energy_sources":"SUN","type":"Power plant","is_nuclear":false}},{"type":"Feature","geometry":{"type":"Point","coordinates":[-74.063,40.838]},"properties":{"key":"69247-cd3f7735","layer":"power","name":"Prologis Meadowlands 9305 - SLNNJ305","state":"NJ","detail_file":"data/details/power-plants-17.json","plant_id":"69247","capacity_mw":1.3,"status_group":"Operating","energy_sources":"SUN","type":"Power plant","is_nuclear":false}},{"type":"Feature","geometry":{"type":"Point","coordinates":[-74.297,40.815]},"properties":{"key":"60841-155781db","layer":"power","name":"Prudential 55 Livingston Roseland Solar","state":"NJ","detail_file":"data/details/power-plants-10.json","plant_id":"60841","capacity_mw":1.2,"status_group":"Operating","energy_sources":"SUN","type":"Power plant","is_nuclear":false}},{"type":"Feature","geometry":{"type":"Point","coordinates":[-74.305,40.815]},"properties":{"key":"60842-25864aaa","layer":"power","name":"Prudential 80 Livingston Roseland Solar","state":"NJ","detail_file":"data/details/power-plants-09.json","plant_id":"60842","capacity_mw":1.7,"status_group":"Operating","energy_sources":"SUN","type":"Power plant","is_nuclear":false}},{"type":"Feature","geometry":{"type":"Point","coordinates":[-74.938,40.523]},"properties":{"key":"69498-53271536","layer":"power","name":"Quakertown Solar Farm II","state":"NJ","detail_file":"data/details/power-plants-27.json","plant_id":"69498","capacity_mw":8.8,"status_group":"Operating","energy_sources":"SUN","type":"Power plant","is_nuclear":false}},{"type":"Feature","geometry":{"type":"Point","coordinates":[-74.944,40.523]},"properties":{"key":"61965-b8bc84a9","layer":"power","name":"Quakertown Solar Farm, LLC","state":"NJ","detail_file":"data/details/power-plants-00.json","plant_id":"61965","capacity_mw":8.8,"status_group":"Operating","energy_sources":"SUN","type":"Power plant","is_nuclear":false}},{"type":"Feature","geometry":{"type":"Point","coordinates":[-74.174,41.081]},"properties":{"key":"66486-89cf3ac4","layer":"power","name":"Ramapo","state":"NJ","detail_file":"data/details/power-plants-38.json","plant_id":"66486","capacity_mw":4.2,"status_group":"Operating","energy_sources":"SUN","type":"Power plant","is_nuclear":false}},{"type":"Feature","geometry":{"type":"Point","coordinates":[-74.654,40.574]},"properties":{"key":"59059-4740933d","layer":"power","name":"Raritan ITS","state":"NJ","detail_file":"data/details/power-plants-35.json","plant_id":"59059","capacity_mw":2.0,"status_group":"Operating","energy_sources":"SUN","type":"Power plant","is_nuclear":false}},{"type":"Feature","geometry":{"type":"Point","coordinates":[-74.858,40.464]},"properties":{"key":"60729-9179caf8","layer":"power","name":"Raritan Solar","state":"NJ","detail_file":"data/details/power-plants-04.json","plant_id":"60729","capacity_mw":7.5,"status_group":"Operating","energy_sources":"SUN","type":"Power plant","is_nuclear":false}},{"type":"Feature","geometry":{"type":"Point","coordinates":[-74.863,40.454]},"properties":{"key":"61601-2dff03df","layer":"power","name":"Raritan Solar - 53 Highway","state":"NJ","detail_file":"data/details/power-plants-00.json","plant_id":"61601","capacity_mw":8.4,"status_group":"Operating","energy_sources":"SUN","type":"Power plant","is_nuclear":false}},{"type":"Feature","geometry":{"type":"Point","coordinates":[-74.648,40.574]},"properties":{"key":"59055-e51599a2","layer":"power","name":"Rariton OMP","state":"NJ","detail_file":"data/details/power-plants-54.json","plant_id":"59055","capacity_mw":1.7,"status_group":"Operating","energy_sources":"SUN","type":"Power plant","is_nuclear":false}},{"type":"Feature","geometry":{"type":"Point","coordinates":[-74.349,40.449]},"properties":{"key":"55239-2e139cf6","layer":"power","name":"Red Oak Power LLC","state":"NJ","detail_file":"data/details/power-plants-57.json","plant_id":"55239","capacity_mw":821.1,"status_group":"Operating","energy_sources":"NG","type":"Power plant","is_nuclear":false}},{"type":"Feature","geometry":{"type":"Point","coordinates":[-74.114,40.728]},"properties":{"key":"60843-5f269e2f","layer":"power","name":"River Terminal Development Solar","state":"NJ","detail_file":"data/details/power-plants-23.json","plant_id":"60843","capacity_mw":2.9,"status_group":"Operating","energy_sources":"SUN","type":"Power plant","is_nuclear":false}},{"type":"Feature","geometry":{"type":"Point","coordinates":[-74.566,40.192]},"properties":{"key":"65563-90472c72","layer":"power","name":"Robin NJ","state":"NJ","detail_file":"data/details/power-plants-44.json","plant_id":"65563","capacity_mw":2.2,"status_group":"Operating","energy_sources":"SUN","type":"Power plant","is_nuclear":false}},{"type":"Feature","geometry":{"type":"Point","coordinates":[-74.226,40.23]},"properties":{"key":"59319-ab75ba0f","layer":"power","name":"Rock Solid","state":"NJ","detail_file":"data/details/power-plants-29.json","plant_id":"59319","capacity_mw":8.0,"status_group":"Operating","energy_sources":"SUN","type":"Power plant","is_nuclear":false}},{"type":"Feature","geometry":{"type":"Point","coordinates":[-74.532,40.539]},"properties":{"key":"61751-5343e7fd","layer":"power","name":"Rotor Clip","state":"NJ","detail_file":"data/details/power-plants-36.json","plant_id":"61751","capacity_mw":2.8,"status_group":"Operating","energy_sources":"SUN","type":"Power plant","is_nuclear":false}},{"type":"Feature","geometry":{"type":"Point","coordinates":[-74.188,40.739]},"properties":{"key":"50411-30eca059","layer":"power","name":"Rutgers Biomedical and Health Cogen","state":"NJ","detail_file":"data/details/power-plants-05.json","plant_id":"50411","capacity_mw":10.5,"status_group":"Operating","energy_sources":"NG","type":"Power plant","is_nuclear":false}},{"type":"Feature","geometry":{"type":"Point","coordinates":[-74.467,40.525]},"properties":{"key":"67401-45a036c4","layer":"power","name":"Rutgers Busch Liv (Lot 55, 58, 58A, 58B)","state":"NJ","detail_file":"data/details/power-plants-29.json","plant_id":"67401","capacity_mw":1.3,"status_group":"Operating","energy_sources":"SUN","type":"Power plant","is_nuclear":false}},{"type":"Feature","geometry":{"type":"Point","coordinates":[-74.473,40.522]},"properties":{"key":"67292-57e66d50","layer":"power","name":"Rutgers Busch Livingston Lot B & C","state":"NJ","detail_file":"data/details/power-plants-56.json","plant_id":"67292","capacity_mw":1.5,"status_group":"Operating","energy_sources":"SUN","type":"Power plant","is_nuclear":false}},{"type":"Feature","geometry":{"type":"Point","coordinates":[-74.437,40.479]},"properties":{"key":"67294-c1202419","layer":"power","name":"Rutgers Cook Douglass Lot 97 & 98a","state":"NJ","detail_file":"data/details/power-plants-57.json","plant_id":"67294","capacity_mw":1.2,"status_group":"Operating","energy_sources":"SUN","type":"Power plant","is_nuclear":false}},{"type":"Feature","geometry":{"type":"Point","coordinates":[-74.559,40.54]},"properties":{"key":"65418-ca0ba040","layer":"power","name":"SCS Randolph 012175 Somerset, LLC","state":"NJ","detail_file":"data/details/power-plants-46.json","plant_id":"65418","capacity_mw":2.3,"status_group":"Operating","energy_sources":"SUN","type":"Power plant","is_nuclear":false}},{"type":"Feature","geometry":{"type":"Point","coordinates":[-74.321,40.475]},"properties":{"key":"60810-71fadf77","layer":"power","name":"Sabert Solar","state":"NJ","detail_file":"data/details/power-plants-20.json","plant_id":"60810","capacity_mw":1.6,"status_group":"Operating","energy_sources":"SUN","type":"Power plant","is_nuclear":false}},{"type":"Feature","geometry":{"type":"Point","coordinates":[-74.352,40.477]},"properties":{"key":"2390-2617f13c","layer":"power","name":"Sayreville","state":"NJ","detail_file":"data/details/power-plants-47.json","plant_id":"2390","capacity_mw":212.0,"status_group":"Operating","energy_sources":"NG","type":"Power plant","is_nuclear":false}},{"type":"Feature","geometry":{"type":"Point","coordinates":[-74.344,40.439]},"properties":{"key":"10308-4bd02513","layer":"power","name":"Sayreville Cogeneration Facility","state":"NJ","detail_file":"data/details/power-plants-39.json","plant_id":"10308","capacity_mw":430.2,"status_group":"Operating","energy_sources":"NG","type":"Power plant","is_nuclear":false}},{"type":"Feature","geometry":{"type":"Point","coordinates":[-74.336,40.438]},"properties":{"key":"63185-95ef292a","layer":"power","name":"Sayreville Solar Project","state":"NJ","detail_file":"data/details/power-plants-30.json","plant_id":"63185","capacity_mw":3.1,"status_group":"Operating","energy_sources":"SUN","type":"Power plant","is_nuclear":false}},{"type":"Feature","geometry":{"type":"Point","coordinates":[-74.087,40.234]},"properties":{"key":"60747-693bc1be","layer":"power","name":"Seabrook Village","state":"NJ","detail_file":"data/details/power-plants-33.json","plant_id":"60747","capacity_mw":3.1,"status_group":"Operating","energy_sources":"SUN","type":"Power plant","is_nuclear":false}},{"type":"Feature","geometry":{"type":"Point","coordinates":[-74.744,41.152]},"properties":{"key":"63459-63f32578","layer":"power","name":"Selective Insurance","state":"NJ","detail_file":"data/details/power-plants-06.json","plant_id":"63459","capacity_mw":2.8,"status_group":"Operating","energy_sources":"SUN","type":"Power plant","is_nuclear":false}},{"type":"Feature","geometry":{"type":"Point","coordinates":[-74.247,40.556]},"properties":{"key":"2411-34dc5284","layer":"power","name":"Sewaren","state":"NJ","detail_file":"data/details/power-plants-63.json","plant_id":"2411","capacity_mw":609.5,"status_group":"Operating","energy_sources":"NG","type":"Power plant","is_nuclear":false}},{"type":"Feature","geometry":{"type":"Point","coordinates":[-74.539,40.183]},"properties":{"key":"60267-dccb4b91","layer":"power","name":"Sharon Station","state":"NJ","detail_file":"data/details/power-plants-05.json","plant_id":"60267","capacity_mw":2.7,"status_group":"Operating","energy_sources":"SUN","type":"Power plant","is_nuclear":false}},{"type":"Feature","geometry":{"type":"Point","coordinates":[-74.243,40.245]},"properties":{"key":"57951-0a6ff604","layer":"power","name":"Shore Point Solar","state":"NJ","detail_file":"data/details/power-plants-28.json","plant_id":"57951","capacity_mw":1.0,"status_group":"Operating","energy_sources":"SUN","type":"Power plant","is_nuclear":false}},{"type":"Feature","geometry":{"type":"Point","coordinates":[-74.364,40.74]},"properties":{"key":"63257-42037ae4","layer":"power","name":"Short Hills Mall","state":"NJ","detail_file":"data/details/power-plants-18.json","plant_id":"63257","capacity_mw":2.7,"status_group":"Operating","energy_sources":"SUN","type":"Power plant","is_nuclear":false}},{"type":"Feature","geometry":{"type":"Point","coordinates":[-74.4,40.495]},"properties":{"key":"57341-31131c35","layer":"power","name":"Silver Lake Solar Farm","state":"NJ","detail_file":"data/details/power-plants-35.json","plant_id":"57341","capacity_mw":1.7,"status_group":"Operating","energy_sources":"SUN","type":"Power plant","is_nuclear":false}},{"type":"Feature","geometry":{"type":"Point","coordinates":[-74.717,40.451]},"properties":{"key":"60746-9ec467ee","layer":"power","name":"Silvi Gibraltar Rock","state":"NJ","detail_file":"data/details/power-plants-60.json","plant_id":"60746","capacity_mw":2.5,"status_group":"Operating","energy_sources":"SUN","type":"Power plant","is_nuclear":false}},{"type":"Feature","geometry":{"type":"Point","coordinates":[-74.648,40.574]},"properties":{"key":"59057-45b48235","layer":"power","name":"Skillman","state":"NJ","detail_file":"data/details/power-plants-12.json","plant_id":"59057","capacity_mw":1.1,"status_group":"Operating","energy_sources":"SUN","type":"Power plant","is_nuclear":false}},{"type":"Feature","geometry":{"type":"Point","coordinates":[-74.67,40.402]},"properties":{"key":"58402-79c68be4","layer":"power","name":"Solar Star New Jersey NJ LLC","state":"NJ","detail_file":"data/details/power-plants-31.json","plant_id":"58402","capacity_mw":1.5,"status_group":"Operating","energy_sources":"SUN","type":"Power plant","is_nuclear":false}},{"type":"Feature","geometry":{"type":"Point","coordinates":[-74.474,40.546]},"properties":{"key":"66889-9160778c","layer":"power","name":"Solops 371 Hoes LLC","state":"NJ","detail_file":"data/details/power-plants-43.json","plant_id":"66889","capacity_mw":1.3,"status_group":"Operating","energy_sources":"SUN","type":"Power plant","is_nuclear":false}},{"type":"Feature","geometry":{"type":"Point","coordinates":[-74.378,40.443]},"properties":{"key":"70239-a5175e0f","layer":"power","name":"South River BESS Phase 1","state":"NJ","detail_file":"data/details/power-plants-63.json","plant_id":"70239","capacity_mw":9.9,"status_group":"Operating","energy_sources":"MWH","type":"Power plant","is_nuclear":false}},{"type":"Feature","geometry":{"type":"Point","coordinates":[-74.05,40.15]},"properties":{"key":"67086-bfa85d1c","layer":"power","name":"Spano Solar - Belmar Wall","state":"NJ","detail_file":"data/details/power-plants-36.json","plant_id":"67086","capacity_mw":1.8,"status_group":"Operating","energy_sources":"SUN","type":"Power plant","is_nuclear":false}},{"type":"Feature","geometry":{"type":"Point","coordinates":[-74.249,40.025]},"properties":{"key":"67269-8964d98f","layer":"power","name":"Spano Solar - Ocean County Landfill - CS","state":"NJ","detail_file":"data/details/power-plants-42.json","plant_id":"67269","capacity_mw":4.2,"status_group":"Operating","energy_sources":"SUN","type":"Power plant","is_nuclear":false}},{"type":"Feature","geometry":{"type":"Point","coordinates":[-74.616,40.048]},"properties":{"key":"60755-29943bf6","layer":"power","name":"Spartan","state":"NJ","detail_file":"data/details/power-plants-33.json","plant_id":"60755","capacity_mw":8.3,"status_group":"Operating","energy_sources":"SUN","type":"Power plant","is_nuclear":false}},{"type":"Feature","geometry":{"type":"Point","coordinates":[-74.647,40.032]},"properties":{"key":"61907-81c6f79a","layer":"power","name":"Springfield Solar Project","state":"NJ","detail_file":"data/details/power-plants-54.json","plant_id":"61907","capacity_mw":7.5,"status_group":"Operating","energy_sources":"SUN","type":"Power plant","is_nuclear":false}},{"type":"Feature","geometry":{"type":"Point","coordinates":[-74.166,40.903]},"properties":{"key":"63645-a2425203","layer":"power","name":"St. Joseph's Regional Medical Center (NJ)","state":"NJ","detail_file":"data/details/power-plants-27.json","plant_id":"63645","capacity_mw":6.1,"status_group":"Operating","energy_sources":"DFO","type":"Power plant","is_nuclear":false}},{"type":"Feature","geometry":{"type":"Point","coordinates":[-74.074,40.835]},"properties":{"key":"69835-239fbfc5","layer":"power","name":"Starke Solar LLC","state":"NJ","detail_file":"data/details/power-plants-01.json","plant_id":"69835","capacity_mw":2.5,"status_group":"Under construction","energy_sources":"SUN","type":"Power plant","is_nuclear":false}},{"type":"Feature","geometry":{"type":"Point","coordinates":[-75.144,40.665]},"properties":{"key":"61891-060b663c","layer":"power","name":"Stryker 22, L.L.C.","state":"NJ","detail_file":"data/details/power-plants-20.json","plant_id":"61891","capacity_mw":19.8,"status_group":"Operating","energy_sources":"MWH","type":"Power plant","is_nuclear":false}},{"type":"Feature","geometry":{"type":"Point","coordinates":[-74.354,40.5]},"properties":{"key":"57726-42e5e9a4","layer":"power","name":"Summit Associates","state":"NJ","detail_file":"data/details/power-plants-57.json","plant_id":"57726","capacity_mw":1.9,"status_group":"Operating","energy_sources":"SUN","type":"Power plant","is_nuclear":false}},{"type":"Feature","geometry":{"type":"Point","coordinates":[-74.25,40.55]},"properties":{"key":"67087-c17eee62","layer":"power","name":"THD Quicksilver - MDC Perth Amboy","state":"NJ","detail_file":"data/details/power-plants-49.json","plant_id":"67087","capacity_mw":2.5,"status_group":"Operating","energy_sources":"SUN","type":"Power plant","is_nuclear":false}},{"type":"Feature","geometry":{"type":"Point","coordinates":[-74.722,40.301]},"properties":{"key":"58356-9ca8f7c2","layer":"power","name":"The Lawrenceville School Solar Facility","state":"NJ","detail_file":"data/details/power-plants-26.json","plant_id":"58356","capacity_mw":5.2,"status_group":"Operating","energy_sources":"SUN","type":"Power plant","is_nuclear":false}},{"type":"Feature","geometry":{"type":"Point","coordinates":[-74.629,40.574]},"properties":{"key":"63404-acca2d00","layer":"power","name":"Thermo Fisher","state":"NJ","detail_file":"data/details/power-plants-39.json","plant_id":"63404","capacity_mw":1.5,"status_group":"Operating","energy_sources":"SUN","type":"Power plant","is_nuclear":false}},{"type":"Feature","geometry":{"type":"Point","coordinates":[-74.084,40.264]},"properties":{"key":"58483-d9fd523e","layer":"power","name":"Tinton Falls Solar Farm","state":"NJ","detail_file":"data/details/power-plants-42.json","plant_id":"58483","capacity_mw":16.0,"status_group":"Operating","energy_sources":"SUN","type":"Power plant","is_nuclear":false}},{"type":"Feature","geometry":{"type":"Point","coordinates":[-74.492,41.2]},"properties":{"key":"58364-7c9e166e","layer":"power","name":"Tissington Solar","state":"NJ","detail_file":"data/details/power-plants-62.json","plant_id":"58364","capacity_mw":3.0,"status_group":"Operating","energy_sources":"SUN","type":"Power plant","is_nuclear":false}},{"type":"Feature","geometry":{"type":"Point","coordinates":[-74.847,40.293]},"properties":{"key":"57815-4f9abad5","layer":"power","name":"Titusville Solar","state":"NJ","detail_file":"data/details/power-plants-61.json","plant_id":"57815","capacity_mw":3.5,"status_group":"Operating","energy_sources":"SUN","type":"Power plant","is_nuclear":false}},{"type":"Feature","geometry":{"type":"Point","coordinates":[-74.719,40.819]},"properties":{"key":"57647-097eb93f","layer":"power","name":"Toys R Us- DE, Inc. at Mt. Olive, NJ","state":"NJ","detail_file":"data/details/power-plants-29.json","plant_id":"57647","capacity_mw":4.1,"status_group":"Operating","energy_sources":"SUN","type":"Power plant","is_nuclear":false}},{"type":"Feature","geometry":{"type":"Point","coordinates":[-74.754,40.231]},"properties":{"key":"57352-1dd62ee4","layer":"power","name":"Trenton Solar Farm","state":"NJ","detail_file":"data/details/power-plants-59.json","plant_id":"57352","capacity_mw":1.0,"status_group":"Operating","energy_sources":"SUN","type":"Power plant","is_nuclear":false}},{"type":"Feature","geometry":{"type":"Point","coordinates":[-74.275,40.534]},"properties":{"key":"60808-f62dcda5","layer":"power","name":"US Foods Solar","state":"NJ","detail_file":"data/details/power-plants-22.json","plant_id":"60808","capacity_mw":6.0,"status_group":"Operating","energy_sources":"SUN","type":"Power plant","is_nuclear":false}},{"type":"Feature","geometry":{"type":"Point","coordinates":[-74.485,40.314]},"properties":{"key":"62612-330a4c28","layer":"power","name":"USAA Black Bear Energy","state":"NJ","detail_file":"data/details/power-plants-39.json","plant_id":"62612","capacity_mw":1.9,"status_group":"Operating","energy_sources":"SUN","type":"Power plant","is_nuclear":false}},{"type":"Feature","geometry":{"type":"Point","coordinates":[-74.266,40.601]},"properties":{"key":"50960-b8ff9152","layer":"power","name":"Union County Resource Recovery","state":"NJ","detail_file":"data/details/power-plants-02.json","plant_id":"50960","capacity_mw":45.0,"status_group":"Operating","energy_sources":"MSW","type":"Power plant","is_nuclear":false}},{"type":"Feature","geometry":{"type":"Point","coordinates":[-74.249,40.708]},"properties":{"key":"69443-9d5a5b53","layer":"power","name":"Union Solar LLC","state":"NJ","detail_file":"data/details/power-plants-25.json","plant_id":"69443","capacity_mw":2.3,"status_group":"Operating","energy_sources":"SUN","type":"Power plant","is_nuclear":false}},{"type":"Feature","geometry":{"type":"Point","coordinates":[-75.163,40.695]},"properties":{"key":"69140-c08a9392","layer":"power","name":"Uniqlo NJ CS Ph 2 CSG","state":"NJ","detail_file":"data/details/power-plants-02.json","plant_id":"69140","capacity_mw":1.3,"status_group":"Operating","energy_sources":"SUN","type":"Power plant","is_nuclear":false}},{"type":"Feature","geometry":{"type":"Point","coordinates":[-75.2,40.7]},"properties":{"key":"69113-fe09ecae","layer":"power","name":"Uniqlo Phase 1 Solar Farm","state":"NJ","detail_file":"data/details/power-plants-29.json","plant_id":"69113","capacity_mw":2.7,"status_group":"Operating","energy_sources":"SUN","type":"Power plant","is_nuclear":false}},{"type":"Feature","geometry":{"type":"Point","coordinates":[-74.502,40.321]},"properties":{"key":"58040-bd1e36bb","layer":"power","name":"United Stationers Supply Solar Electric","state":"NJ","detail_file":"data/details/power-plants-53.json","plant_id":"58040","capacity_mw":2.8,"status_group":"Operating","energy_sources":"SUN","type":"Power plant","is_nuclear":false}},{"type":"Feature","geometry":{"type":"Point","coordinates":[-74.767,40.217]},"properties":{"key":"50094-88bc3a84","layer":"power","name":"Vicinity Energy Trenton, L.P.","state":"NJ","detail_file":"data/details/power-plants-18.json","plant_id":"50094","capacity_mw":6.0,"status_group":"Operating","energy_sources":"NG","type":"Power plant","is_nuclear":false}},{"type":"Feature","geometry":{"type":"Point","coordinates":[-75.016,40.831]},"properties":{"key":"57848-f88b8b05","layer":"power","name":"WC Landfill Energy LLC","state":"NJ","detail_file":"data/details/power-plants-00.json","plant_id":"57848","capacity_mw":1.0,"status_group":"Operating","energy_sources":"SUN","type":"Power plant","is_nuclear":false}},{"type":"Feature","geometry":{"type":"Point","coordinates":[-74.092,40.677]},"properties":{"key":"57383-a168c45d","layer":"power","name":"WEA Texas Bayonne","state":"NJ","detail_file":"data/details/power-plants-54.json","plant_id":"57383","capacity_mw":1.5,"status_group":"Operating","energy_sources":"SUN","type":"Power plant","is_nuclear":false}},{"type":"Feature","geometry":{"type":"Point","coordinates":[-74.328,40.51]},"properties":{"key":"58123-a4ed27e8","layer":"power","name":"Wakefern Food Corp","state":"NJ","detail_file":"data/details/power-plants-21.json","plant_id":"58123","capacity_mw":2.0,"status_group":"Operating","energy_sources":"SUN","type":"Power plant","is_nuclear":false}},{"type":"Feature","geometry":{"type":"Point","coordinates":[-75.107,40.789]},"properties":{"key":"56888-099e2b23","layer":"power","name":"Warren County Solar","state":"NJ","detail_file":"data/details/power-plants-02.json","plant_id":"56888","capacity_mw":2.0,"status_group":"Operating","energy_sources":"SUN","type":"Power plant","is_nuclear":false}},{"type":"Feature","geometry":{"type":"Point","coordinates":[-74.73,40.007]},"properties":{"key":"59186-831b0e80","layer":"power","name":"West Pemberton","state":"NJ","detail_file":"data/details/power-plants-07.json","plant_id":"59186","capacity_mw":7.0,"status_group":"Operating","energy_sources":"SUN","type":"Power plant","is_nuclear":false}},{"type":"Feature","geometry":{"type":"Point","coordinates":[-74.021,40.814]},"properties":{"key":"60500-38f9b9af","layer":"power","name":"Westside Avenue","state":"NJ","detail_file":"data/details/power-plants-58.json","plant_id":"60500","capacity_mw":1.0,"status_group":"Operating","energy_sources":"SUN","type":"Power plant","is_nuclear":false}},{"type":"Feature","geometry":{"type":"Point","coordinates":[-74.476,40.815]},"properties":{"key":"61630-3846a22e","layer":"power","name":"William G Mennen Sports Solar","state":"NJ","detail_file":"data/details/power-plants-41.json","plant_id":"61630","capacity_mw":1.3,"status_group":"Operating","energy_sources":"SUN","type":"Power plant","is_nuclear":false}},{"type":"Feature","geometry":{"type":"Point","coordinates":[-74.195,40.952]},"properties":{"key":"57805-0a4cc929","layer":"power","name":"William Paterson University","state":"NJ","detail_file":"data/details/power-plants-52.json","plant_id":"57805","capacity_mw":2.3,"status_group":"Operating","energy_sources":"SUN","type":"Power plant","is_nuclear":false}},{"type":"Feature","geometry":{"type":"Point","coordinates":[-74.455,40.388]},"properties":{"key":"58361-c5bfae38","layer":"power","name":"Williams-Sonoma Solar Facility","state":"NJ","detail_file":"data/details/power-plants-00.json","plant_id":"58361","capacity_mw":3.0,"status_group":"Operating","energy_sources":"SUN","type":"Power plant","is_nuclear":false}},{"type":"Feature","geometry":{"type":"Point","coordinates":[-74.094,40.825]},"properties":{"key":"59751-f327ac2f","layer":"power","name":"Wilzig Associates, LLC","state":"NJ","detail_file":"data/details/power-plants-09.json","plant_id":"59751","capacity_mw":1.2,"status_group":"Operating","energy_sources":"SUN","type":"Power plant","is_nuclear":false}},{"type":"Feature","geometry":{"type":"Point","coordinates":[-74.319,40.515]},"properties":{"key":"57839-c1a0ff14","layer":"power","name":"Woodbridge Energy Center","state":"NJ","detail_file":"data/details/power-plants-20.json","plant_id":"57839","capacity_mw":772.9,"status_group":"Operating","energy_sources":"NG","type":"Power plant","is_nuclear":false}},{"type":"Feature","geometry":{"type":"Point","coordinates":[-75.031,41.001]},"properties":{"key":"6522-6944d6cc","layer":"power","name":"Yards Creek Energy","state":"NJ","detail_file":"data/details/power-plants-41.json","plant_id":"6522","capacity_mw":453.0,"status_group":"Operating","energy_sources":"WAT","type":"Power plant","is_nuclear":false}},{"type":"Feature","geometry":{"type":"Point","coordinates":[-74.657,40.169]},"properties":{"key":"57382-e4c1e4f3","layer":"power","name":"Yardville Solar Farm","state":"NJ","detail_file":"data/details/power-plants-03.json","plant_id":"57382","capacity_mw":3.6,"status_group":"Operating","energy_sources":"SUN","type":"Power plant","is_nuclear":false}},{"type":"Feature","geometry":{"type":"Point","coordinates":[-73.91,42.877]},"properties":{"key":"66729-d22ae6f0","layer":"power","name":"(3K) 59 Hetcheltown Rd","state":"NY","detail_file":"data/details/power-plants-43.json","plant_id":"66729","capacity_mw":1.4,"status_group":"Operating","energy_sources":"SUN","type":"Power plant","is_nuclear":false}},{"type":"Feature","geometry":{"type":"Point","coordinates":[-73.983,41.093]},"properties":{"key":"63292-fb18d9b9","layer":"power","name":"100 Brook Hill Drive Solar","state":"NY","detail_file":"data/details/power-plants-21.json","plant_id":"63292","capacity_mw":2.0,"status_group":"Operating","energy_sources":"SUN","type":"Power plant","is_nuclear":false}},{"type":"Feature","geometry":{"type":"Point","coordinates":[-74.539,41.294]},"properties":{"key":"65620-d595d772","layer":"power","name":"100 Lower","state":"NY","detail_file":"data/details/power-plants-06.json","plant_id":"65620","capacity_mw":2.0,"status_group":"Operating","energy_sources":"SUN","type":"Power plant","is_nuclear":false}},{"type":"Feature","geometry":{"type":"Point","coordinates":[-74.249,43.043]},"properties":{"key":"65785-93277c6b","layer":"power","name":"1639 RT 29 Solar 1","state":"NY","detail_file":"data/details/power-plants-18.json","plant_id":"65785","capacity_mw":4.0,"status_group":"Operating","energy_sources":"SUN","type":"Power plant","is_nuclear":false}},{"type":"Feature","geometry":{"type":"Point","coordinates":[-74.249,43.043]},"properties":{"key":"65786-ed7ad9cf","layer":"power","name":"1639 RT 29 Solar 2","state":"NY","detail_file":"data/details/power-plants-18.json","plant_id":"65786","capacity_mw":2.5,"status_group":"Operating","energy_sources":"SUN","type":"Power plant","is_nuclear":false}},{"type":"Feature","geometry":{"type":"Point","coordinates":[-73.879,42.883]},"properties":{"key":"62998-5f995548","layer":"power","name":"25 Ashdown Road Solar, LLC","state":"NY","detail_file":"data/details/power-plants-45.json","plant_id":"62998","capacity_mw":4.0,"status_group":"Operating","energy_sources":"SUN","type":"Power plant","is_nuclear":false}},{"type":"Feature","geometry":{"type":"Point","coordinates":[-75.283,43.039]},"properties":{"key":"67033-39339353","layer":"power","name":"3715 Oxford RD","state":"NY","detail_file":"data/details/power-plants-16.json","plant_id":"67033","capacity_mw":3.8,"status_group":"Operating","energy_sources":"SUN","type":"Power plant","is_nuclear":false}},{"type":"Feature","geometry":{"type":"Point","coordinates":[-74.522,41.311]},"properties":{"key":"65621-762b75e4","layer":"power","name":"456 Lower","state":"NY","detail_file":"data/details/power-plants-24.json","plant_id":"65621","capacity_mw":1.4,"status_group":"Operating","energy_sources":"SUN","type":"Power plant","is_nuclear":false}},{"type":"Feature","geometry":{"type":"Point","coordinates":[-73.907,40.726]},"properties":{"key":"69803-b2820509","layer":"power","name":"55 Drive BESS","state":"NY","detail_file":"data/details/power-plants-45.json","plant_id":"69803","capacity_mw":4.6,"status_group":"Operating","energy_sources":"MWH","type":"Power plant","is_nuclear":false}},{"type":"Feature","geometry":{"type":"Point","coordinates":[-73.991,40.771]},"properties":{"key":"2503-759a6fc9","layer":"power","name":"59th Street","state":"NY","detail_file":"data/details/power-plants-55.json","plant_id":"2503","capacity_mw":17.1,"status_group":"Operating","energy_sources":"NG","type":"Power plant","is_nuclear":false}},{"type":"Feature","geometry":{"type":"Point","coordinates":[-74.289,41.788]},"properties":{"key":"64046-5fe41311","layer":"power","name":"6140 Route 209 - North","state":"NY","detail_file":"data/details/power-plants-05.json","plant_id":"64046","capacity_mw":4.0,"status_group":"Operating","energy_sources":"SUN","type":"Power plant","is_nuclear":false}},{"type":"Feature","geometry":{"type":"Point","coordinates":[-74.09,41.849]},"properties":{"key":"67456-4c807a2d","layer":"power","name":"700 Binnewater","state":"NY","detail_file":"data/details/power-plants-17.json","plant_id":"67456","capacity_mw":1.1,"status_group":"Operating","energy_sources":"SUN","type":"Power plant","is_nuclear":false}},{"type":"Feature","geometry":{"type":"Point","coordinates":[-73.951,40.768]},"properties":{"key":"2504-5c00996f","layer":"power","name":"74th Street","state":"NY","detail_file":"data/details/power-plants-51.json","plant_id":"2504","capacity_mw":37.0,"status_group":"Operating","energy_sources":"KER","type":"Power plant","is_nuclear":false}},{"type":"Feature","geometry":{"type":"Point","coordinates":[-73.84,40.679]},"properties":{"key":"62839-abbc4103","layer":"power","name":"98th Street Battery Storage Station","state":"NY","detail_file":"data/details/power-plants-42.json","plant_id":"62839","capacity_mw":2.0,"status_group":"Operating","energy_sources":"MWH","type":"Power plant","is_nuclear":false}},{"type":"Feature","geometry":{"type":"Point","coordinates":[-73.951,40.74]},"properties":{"key":"65239-7508e775","layer":"power","name":"AE-ESS NWS 1, LLC","state":"NY","detail_file":"data/details/power-plants-56.json","plant_id":"65239","capacity_mw":5.0,"status_group":"Operating","energy_sources":"MWH","type":"Power plant","is_nuclear":false}},{"type":"Feature","geometry":{"type":"Point","coordinates":[-73.352,40.83]},"properties":{"key":"62572-f5bc2f1d","layer":"power","name":"ATT Jericho","state":"NY","detail_file":"data/details/power-plants-10.json","plant_id":"62572","capacity_mw":1.0,"status_group":"Operating","energy_sources":"NG","type":"Power plant","is_nuclear":false}},{"type":"Feature","geometry":{"type":"Point","coordinates":[-75.534,42.242]},"properties":{"key":"66521-57b47d9e","layer":"power","name":"Afton Solar","state":"NY","detail_file":"data/details/power-plants-38.json","plant_id":"66521","capacity_mw":5.0,"status_group":"Operating","energy_sources":"SUN","type":"Power plant","is_nuclear":false}},{"type":"Feature","geometry":{"type":"Point","coordinates":[-74.397,41.428]},"properties":{"key":"65385-8b44f104","layer":"power","name":"Airport Road Solar (CSG)","state":"NY","detail_file":"data/details/power-plants-52.json","plant_id":"65385","capacity_mw":3.4,"status_group":"Operating","energy_sources":"SUN","type":"Power plant","is_nuclear":false}},{"type":"Feature","geometry":{"type":"Point","coordinates":[-73.778,42.655]},"properties":{"key":"59453-4c84d11e","layer":"power","name":"Albany Medical Ctr Cogen Plant","state":"NY","detail_file":"data/details/power-plants-06.json","plant_id":"59453","capacity_mw":4.1,"status_group":"Operating","energy_sources":"NG","type":"Power plant","is_nuclear":false}},{"type":"Feature","geometry":{"type":"Point","coordinates":[-73.848,40.851]},"properties":{"key":"62398-3953f37b","layer":"power","name":"Albert Einstein College of Medicine","state":"NY","detail_file":"data/details/power-plants-52.json","plant_id":"62398","capacity_mw":8.2,"status_group":"Operating","energy_sources":"DFO; NG","type":"Power plant","is_nuclear":false}},{"type":"Feature","geometry":{"type":"Point","coordinates":[-73.947,42.679]},"properties":{"key":"67403-120a6d9f","layer":"power","name":"Altamont (NY) (CSG)","state":"NY","detail_file":"data/details/power-plants-50.json","plant_id":"67403","capacity_mw":2.3,"status_group":"Operating","energy_sources":"SUN","type":"Power plant","is_nuclear":false}},{"type":"Feature","geometry":{"type":"Point","coordinates":[-73.961,42.654]},"properties":{"key":"69744-999ab90c","layer":"power","name":"Altamont Road Solar, LLC","state":"NY","detail_file":"data/details/power-plants-38.json","plant_id":"69744","capacity_mw":5.0,"status_group":"Operating","energy_sources":"SUN","type":"Power plant","is_nuclear":false}},{"type":"Feature","geometry":{"type":"Point","coordinates":[-73.504,40.76]},"properties":{"key":"65212-73dbeb81","layer":"power","name":"Altice - Hicksville","state":"NY","detail_file":"data/details/power-plants-33.json","plant_id":"65212","capacity_mw":2.0,"status_group":"Operating","energy_sources":"NG","type":"Power plant","is_nuclear":false}},{"type":"Feature","geometry":{"type":"Point","coordinates":[-74.188,40.619]},"properties":{"key":"64351-6f911627","layer":"power","name":"Amazon JFK8 Solar Project","state":"NY","detail_file":"data/details/power-plants-50.json","plant_id":"64351","capacity_mw":4.9,"status_group":"Operating","energy_sources":"SUN","type":"Power plant","is_nuclear":false}},{"type":"Feature","geometry":{"type":"Point","coordinates":[-74.12,42.954]},"properties":{"key":"61904-c224048a","layer":"power","name":"Amsterdam North","state":"NY","detail_file":"data/details/power-plants-09.json","plant_id":"61904","capacity_mw":2.0,"status_group":"Operating","energy_sources":"SUN","type":"Power plant","is_nuclear":false}},{"type":"Feature","geometry":{"type":"Point","coordinates":[-74.126,42.949]},"properties":{"key":"61905-300b418e","layer":"power","name":"Amsterdam South","state":"NY","detail_file":"data/details/power-plants-59.json","plant_id":"61905","capacity_mw":2.0,"status_group":"Operating","energy_sources":"SUN","type":"Power plant","is_nuclear":false}},{"type":"Feature","geometry":{"type":"Point","coordinates":[-74.233,40.552]},"properties":{"key":"66457-44c071bf","layer":"power","name":"Apple Staten Island - Industrial Loop","state":"NY","detail_file":"data/details/power-plants-02.json","plant_id":"66457","capacity_mw":5.0,"status_group":"Operating","energy_sources":"NG","type":"Power plant","is_nuclear":false}},{"type":"Feature","geometry":{"type":"Point","coordinates":[-74.241,40.537]},"properties":{"key":"66460-09e4ad5e","layer":"power","name":"Apple Staten Island - Winant Place","state":"NY","detail_file":"data/details/power-plants-27.json","plant_id":"66460","capacity_mw":5.0,"status_group":"Operating","energy_sources":"NG","type":"Power plant","is_nuclear":false}},{"type":"Feature","geometry":{"type":"Point","coordinates":[-74.212,40.556]},"properties":{"key":"67880-6460fe4e","layer":"power","name":"Arthur Kill Energy, LLC","state":"NY","detail_file":"data/details/power-plants-53.json","plant_id":"67880","capacity_mw":5.0,"status_group":"Operating","energy_sources":"MWH","type":"Power plant","is_nuclear":false}},{"type":"Feature","geometry":{"type":"Point","coordinates":[-74.2,40.592]},"properties":{"key":"2490-0c6ce0e0","layer":"power","name":"Arthur Kill Generating Station","state":"NY","detail_file":"data/details/power-plants-30.json","plant_id":"2490","capacity_mw":877.5,"status_group":"Operating","energy_sources":"NG","type":"Power plant","is_nuclear":false}},{"type":"Feature","geometry":{"type":"Point","coordinates":[-74.206,41.949]},"properties":{"key":"88-5fa2ceca","layer":"power","name":"Ashokan","state":"NY","detail_file":"data/details/power-plants-16.json","plant_id":"88","capacity_mw":4.6,"status_group":"Operating","energy_sources":"WAT","type":"Power plant","is_nuclear":false}},{"type":"Feature","geometry":{"type":"Point","coordinates":[-73.896,40.782]},"properties":{"key":"55375-b6ad40e7","layer":"power","name":"Astoria Energy","state":"NY","detail_file":"data/details/power-plants-45.json","plant_id":"55375","capacity_mw":595.0,"status_group":"Operating","energy_sources":"NG","type":"Power plant","is_nuclear":false}},{"type":"Feature","geometry":{"type":"Point","coordinates":[-73.897,40.781]},"properties":{"key":"57664-eccf23b0","layer":"power","name":"Astoria Energy II","state":"NY","detail_file":"data/details/power-plants-10.json","plant_id":"57664","capacity_mw":650.0,"status_group":"Operating","energy_sources":"NG","type":"Power plant","is_nuclear":false}},{"type":"Feature","geometry":{"type":"Point","coordinates":[-73.913,40.788]},"properties":{"key":"8906-420db952","layer":"power","name":"Astoria Generating Station","state":"NY","detail_file":"data/details/power-plants-05.json","plant_id":"8906","capacity_mw":1345.0,"status_group":"Operating","energy_sources":"NG","type":"Power plant","is_nuclear":false}},{"type":"Feature","geometry":{"type":"Point","coordinates":[-73.849,42.273]},"properties":{"key":"55405-801716f8","layer":"power","name":"Athens Generating Plant","state":"NY","detail_file":"data/details/power-plants-27.json","plant_id":"55405","capacity_mw":1221.6,"status_group":"Operating","energy_sources":"NG","type":"Power plant","is_nuclear":false}},{"type":"Feature","geometry":{"type":"Point","coordinates":[-74.797,41.715]},"properties":{"key":"66812-ed9f695b","layer":"power","name":"BQ - Psychedelic Site CSG","state":"NY","detail_file":"data/details/power-plants-26.json","plant_id":"66812","capacity_mw":2.7,"status_group":"Operating","energy_sources":"SUN","type":"Power plant","is_nuclear":false}},{"type":"Feature","geometry":{"type":"Point","coordinates":[-75.068,41.797]},"properties":{"key":"62034-9aacb59c","layer":"power","name":"Baer Road CSG","state":"NY","detail_file":"data/details/power-plants-15.json","plant_id":"62034","capacity_mw":2.0,"status_group":"Operating","energy_sources":"SUN","type":"Power plant","is_nuclear":false}},{"type":"Feature","geometry":{"type":"Point","coordinates":[-74.731,43.07]},"properties":{"key":"66209-82ded99f","layer":"power","name":"Bantam Solar","state":"NY","detail_file":"data/details/power-plants-38.json","plant_id":"66209","capacity_mw":5.0,"status_group":"Operating","energy_sources":"SUN","type":"Power plant","is_nuclear":false}},{"type":"Feature","geometry":{"type":"Point","coordinates":[-75.177,43.251]},"properties":{"key":"63279-e01bc8de","layer":"power","name":"Barneveld Solar","state":"NY","detail_file":"data/details/power-plants-32.json","plant_id":"63279","capacity_mw":1.0,"status_group":"Operating","energy_sources":"SUN","type":"Power plant","is_nuclear":false}},{"type":"Feature","geometry":{"type":"Point","coordinates":[-74.457,41.596]},"properties":{"key":"67613-0d67e3e1","layer":"power","name":"Barone","state":"NY","detail_file":"data/details/power-plants-32.json","plant_id":"67613","capacity_mw":3.0,"status_group":"Operating","energy_sources":"SUN","type":"Power plant","is_nuclear":false}},{"type":"Feature","geometry":{"type":"Point","coordinates":[-74.924,42.694]},"properties":{"key":"54863-9c0040b3","layer":"power","name":"Bassett Medical Center","state":"NY","detail_file":"data/details/power-plants-58.json","plant_id":"54863","capacity_mw":5.6,"status_group":"Operating","energy_sources":"DFO","type":"Power plant","is_nuclear":false}},{"type":"Feature","geometry":{"type":"Point","coordinates":[-73.762,40.611]},"properties":{"key":"55699-3075645b","layer":"power","name":"Bayswater Peaking Facility LLC","state":"NY","detail_file":"data/details/power-plants-14.json","plant_id":"55699","capacity_mw":60.5,"status_group":"Operating","energy_sources":"NG","type":"Power plant","is_nuclear":false}},{"type":"Feature","geometry":{"type":"Point","coordinates":[-74.741,43.019]},"properties":{"key":"2543-9e710f78","layer":"power","name":"Beardslee","state":"NY","detail_file":"data/details/power-plants-37.json","plant_id":"2543","capacity_mw":20.0,"status_group":"Operating","energy_sources":"WAT","type":"Power plant","is_nuclear":false}},{"type":"Feature","geometry":{"type":"Point","coordinates":[-75.907,43.977]},"properties":{"key":"10531-00d03758","layer":"power","name":"Beebee Island Hydro Plant","state":"NY","detail_file":"data/details/power-plants-62.json","plant_id":"10531","capacity_mw":9.0,"status_group":"Operating","energy_sources":"WAT","type":"Power plant","is_nuclear":false}},{"type":"Feature","geometry":{"type":"Point","coordinates":[-73.646,42.754]},"properties":{"key":"68645-5369194a","layer":"power","name":"Belair","state":"NY","detail_file":"data/details/power-plants-25.json","plant_id":"68645","capacity_mw":4.0,"status_group":"Operating","energy_sources":"SUN","type":"Power plant","is_nuclear":false}},{"type":"Feature","geometry":{"type":"Point","coordinates":[-75.333,43.928]},"properties":{"key":"2544-f0e5a355","layer":"power","name":"Belfort","state":"NY","detail_file":"data/details/power-plants-30.json","plant_id":"2544","capacity_mw":2.0,"status_group":"Operating","energy_sources":"WAT","type":"Power plant","is_nuclear":false}},{"type":"Feature","geometry":{"type":"Point","coordinates":[-75.953,43.532]},"properties":{"key":"2545-35b4adc5","layer":"power","name":"Bennetts Bridge","state":"NY","detail_file":"data/details/power-plants-12.json","plant_id":"2545","capacity_mw":36.0,"status_group":"Operating","energy_sources":"WAT","type":"Power plant","is_nuclear":false}},{"type":"Feature","geometry":{"type":"Point","coordinates":[-73.934,40.637]},"properties":{"key":"66497-78094317","layer":"power","name":"Bensonhurst Energy Storage 1 LLC","state":"NY","detail_file":"data/details/power-plants-21.json","plant_id":"66497","capacity_mw":5.0,"status_group":"Under construction","energy_sources":"MWH","type":"Power plant","is_nuclear":false}},{"type":"Feature","geometry":{"type":"Point","coordinates":[-73.79,42.58]},"properties":{"key":"69621-99a5c879","layer":"power","name":"Bethlehem","state":"NY","detail_file":"data/details/power-plants-38.json","plant_id":"69621","capacity_mw":5.0,"status_group":"Operating","energy_sources":"SUN","type":"Power plant","is_nuclear":false}},{"type":"Feature","geometry":{"type":"Point","coordinates":[-73.824,42.539]},"properties":{"key":"60477-d0223c76","layer":"power","name":"Bethlehem - East","state":"NY","detail_file":"data/details/power-plants-44.json","plant_id":"60477","capacity_mw":1.7,"status_group":"Operating","energy_sources":"SUN","type":"Power plant","is_nuclear":false}},{"type":"Feature","geometry":{"type":"Point","coordinates":[-73.824,42.539]},"properties":{"key":"60478-c5eb1b8e","layer":"power","name":"Bethlehem - West","state":"NY","detail_file":"data/details/power-plants-25.json","plant_id":"60478","capacity_mw":1.0,"status_group":"Operating","energy_sources":"SUN","type":"Power plant","is_nuclear":false}},{"type":"Feature","geometry":{"type":"Point","coordinates":[-73.764,42.594]},"properties":{"key":"2539-85b7ff30","layer":"power","name":"Bethlehem Energy Center","state":"NY","detail_file":"data/details/power-plants-21.json","plant_id":"2539","capacity_mw":893.1,"status_group":"Operating","energy_sources":"NG","type":"Power plant","is_nuclear":false}},{"type":"Feature","geometry":{"type":"Point","coordinates":[-73.887,42.601]},"properties":{"key":"63079-37345dee","layer":"power","name":"Bethlehem Solar","state":"NY","detail_file":"data/details/power-plants-50.json","plant_id":"63079","capacity_mw":1.7,"status_group":"Operating","energy_sources":"SUN","type":"Power plant","is_nuclear":false}},{"type":"Feature","geometry":{"type":"Point","coordinates":[-73.499,40.747]},"properties":{"key":"50292-77e9f568","layer":"power","name":"Bethpage Power Plant","state":"NY","detail_file":"data/details/power-plants-02.json","plant_id":"50292","capacity_mw":239.6,"status_group":"Operating","energy_sources":"NG","type":"Power plant","is_nuclear":false}},{"type":"Feature","geometry":{"type":"Point","coordinates":[-75.344,43.591]},"properties":{"key":"10687-5405022d","layer":"power","name":"Black River Hydro Associates","state":"NY","detail_file":"data/details/power-plants-58.json","plant_id":"10687","capacity_mw":5.7,"status_group":"Operating","energy_sources":"WAT","type":"Power plant","is_nuclear":false}},{"type":"Feature","geometry":{"type":"Point","coordinates":[-74.448,42.442]},"properties":{"key":"2691-330f660d","layer":"power","name":"Blenheim Gilboa","state":"NY","detail_file":"data/details/power-plants-01.json","plant_id":"2691","capacity_mw":1000.0,"status_group":"Operating","energy_sources":"WAT","type":"Power plant","is_nuclear":false}},{"type":"Feature","geometry":{"type":"Point","coordinates":[-73.494,40.761]},"properties":{"key":"64143-a095a3ba","layer":"power","name":"Bloom-Altice Fuel Cell","state":"NY","detail_file":"data/details/power-plants-22.json","plant_id":"64143","capacity_mw":2.0,"status_group":"Operating","energy_sources":"NG","type":"Power plant","is_nuclear":false}},{"type":"Feature","geometry":{"type":"Point","coordinates":[-73.881,42.99]},"properties":{"key":"68863-cbb269f1","layer":"power","name":"Bloomfield Solar","state":"NY","detail_file":"data/details/power-plants-29.json","plant_id":"68863","capacity_mw":5.0,"status_group":"Planned","energy_sources":"SUN","type":"Power plant","is_nuclear":false}},{"type":"Feature","geometry":{"type":"Point","coordinates":[-73.886,42.891]},"properties":{"key":"69395-a7dec5ab","layer":"power","name":"Blue Barns","state":"NY","detail_file":"data/details/power-plants-31.json","plant_id":"69395","capacity_mw":2.3,"status_group":"Operating","energy_sources":"SUN","type":"Power plant","is_nuclear":false}},{"type":"Feature","geometry":{"type":"Point","coordinates":[-74.03,41.987]},"properties":{"key":"63750-d2880d13","layer":"power","name":"Bluestone","state":"NY","detail_file":"data/details/power-plants-01.json","plant_id":"63750","capacity_mw":2.0,"status_group":"Operating","energy_sources":"SUN","type":"Power plant","is_nuclear":false}},{"type":"Feature","geometry":{"type":"Point","coordinates":[-75.458,42.112]},"properties":{"key":"65496-8ae94243","layer":"power","name":"Bluestone Wind, LLC","state":"NY","detail_file":"data/details/power-plants-01.json","plant_id":"65496","capacity_mw":111.8,"status_group":"Operating","energy_sources":"WND","type":"Power plant","is_nuclear":false}},{"type":"Feature","geometry":{"type":"Point","coordinates":[-73.182,40.815]},"properties":{"key":"61900-6b2b1dd2","layer":"power","name":"Blydenburgh Solar Project","state":"NY","detail_file":"data/details/power-plants-47.json","plant_id":"61900","capacity_mw":1.5,"status_group":"Operating","energy_sources":"SUN","type":"Power plant","is_nuclear":false}},{"type":"Feature","geometry":{"type":"Point","coordinates":[-73.995,42.21]},"properties":{"key":"66210-078e2ef2","layer":"power","name":"Bogart Solar","state":"NY","detail_file":"data/details/power-plants-31.json","plant_id":"66210","capacity_mw":2.0,"status_group":"Operating","energy_sources":"SUN","type":"Power plant","is_nuclear":false}},{"type":"Feature","geometry":{"type":"Point","coordinates":[-73.969,41.204]},"properties":{"key":"2625-99b32179","layer":"power","name":"Bowline Point","state":"NY","detail_file":"data/details/power-plants-12.json","plant_id":"2625","capacity_mw":1242.0,"status_group":"Operating","energy_sources":"NG","type":"Power plant","is_nuclear":false}},{"type":"Feature","geometry":{"type":"Point","coordinates":[-73.293,40.787]},"properties":{"key":"7912-cfd21350","layer":"power","name":"Brentwood","state":"NY","detail_file":"data/details/power-plants-03.json","plant_id":"7912","capacity_mw":47.0,"status_group":"Operating","energy_sources":"NG","type":"Power plant","is_nuclear":false}},{"type":"Feature","geometry":{"type":"Point","coordinates":[-73.58,42.756]},"properties":{"key":"64017-6afb9b11","layer":"power","name":"Brick Church Solar","state":"NY","detail_file":"data/details/power-plants-03.json","plant_id":"64017","capacity_mw":4.0,"status_group":"Operating","energy_sources":"SUN","type":"Power plant","is_nuclear":false}},{"type":"Feature","geometry":{"type":"Point","coordinates":[-73.675,42.832]},"properties":{"key":"68865-05c32403","layer":"power","name":"Bridgewater 1","state":"NY","detail_file":"data/details/power-plants-26.json","plant_id":"68865","capacity_mw":5.0,"status_group":"Planned","energy_sources":"SUN","type":"Power plant","is_nuclear":false}},{"type":"Feature","geometry":{"type":"Point","coordinates":[-73.675,42.832]},"properties":{"key":"68864-52241f6b","layer":"power","name":"Bridgewater 2","state":"NY","detail_file":"data/details/power-plants-59.json","plant_id":"68864","capacity_mw":5.0,"status_group":"Planned","energy_sources":"SUN","type":"Power plant","is_nuclear":false}},{"type":"Feature","geometry":{"type":"Point","coordinates":[-74.155,43.061]},"properties":{"key":"61847-5116e68a","layer":"power","name":"Broadalbin","state":"NY","detail_file":"data/details/power-plants-26.json","plant_id":"61847","capacity_mw":2.0,"status_group":"Operating","energy_sources":"SUN","type":"Power plant","is_nuclear":false}},{"type":"Feature","geometry":{"type":"Point","coordinates":[-74.192,43.018]},"properties":{"key":"61958-aa7d88fd","layer":"power","name":"Broadalbin-Perth Solar","state":"NY","detail_file":"data/details/power-plants-60.json","plant_id":"61958","capacity_mw":1.5,"status_group":"Operating","energy_sources":"SUN","type":"Power plant","is_nuclear":false}},{"type":"Feature","geometry":{"type":"Point","coordinates":[-74.287,41.382]},"properties":{"key":"69391-39e974e9","layer":"power","name":"Broadlea","state":"NY","detail_file":"data/details/power-plants-48.json","plant_id":"69391","capacity_mw":4.9,"status_group":"Operating","energy_sources":"SUN","type":"Power plant","is_nuclear":false}},{"type":"Feature","geometry":{"type":"Point","coordinates":[-74.114,41.658]},"properties":{"key":"69746-30cacaf4","layer":"power","name":"Brodhead Solar, LLC","state":"NY","detail_file":"data/details/power-plants-60.json","plant_id":"69746","capacity_mw":2.0,"status_group":"Operating","energy_sources":"SUN","type":"Power plant","is_nuclear":false}},{"type":"Feature","geometry":{"type":"Point","coordinates":[-73.877,40.844]},"properties":{"key":"50427-1a17d849","layer":"power","name":"Bronx Zoo","state":"NY","detail_file":"data/details/power-plants-30.json","plant_id":"50427","capacity_mw":3.6,"status_group":"Operating","energy_sources":"NG","type":"Power plant","is_nuclear":false}},{"type":"Feature","geometry":{"type":"Point","coordinates":[-73.637,43.309]},"properties":{"key":"56936-e2d92a2b","layer":"power","name":"Brookfield Power Glen Falls Hydro","state":"NY","detail_file":"data/details/power-plants-12.json","plant_id":"56936","capacity_mw":11.8,"status_group":"Operating","energy_sources":"WAT","type":"Power plant","is_nuclear":false}},{"type":"Feature","geometry":{"type":"Point","coordinates":[-72.924,40.8]},"properties":{"key":"67979-99a2db1d","layer":"power","name":"Brookhaven Landfill Solar Farm 1","state":"NY","detail_file":"data/details/power-plants-39.json","plant_id":"67979","capacity_mw":5.0,"status_group":"Operating","energy_sources":"SUN","type":"Power plant","is_nuclear":false}},{"type":"Feature","geometry":{"type":"Point","coordinates":[-73.978,40.691]},"properties":{"key":"62002-f7238108","layer":"power","name":"Brooklyn Hospital Center","state":"NY","detail_file":"data/details/power-plants-47.json","plant_id":"62002","capacity_mw":1.5,"status_group":"Operating","energy_sources":"DFO","type":"Power plant","is_nuclear":false}},{"type":"Feature","geometry":{"type":"Point","coordinates":[-73.976,40.699]},"properties":{"key":"54914-5aa20f6e","layer":"power","name":"Brooklyn Navy Yard Cogeneration","state":"NY","detail_file":"data/details/power-plants-05.json","plant_id":"54914","capacity_mw":322.0,"status_group":"Operating","energy_sources":"NG","type":"Power plant","is_nuclear":false}},{"type":"Feature","geometry":{"type":"Point","coordinates":[-75.931,42.105]},"properties":{"key":"60507-d81a62e0","layer":"power","name":"Broome County","state":"NY","detail_file":"data/details/power-plants-33.json","plant_id":"60507","capacity_mw":4.0,"status_group":"Operating","energy_sources":"SUN","type":"Power plant","is_nuclear":false}},{"type":"Feature","geometry":{"type":"Point","coordinates":[-73.899,40.67]},"properties":{"key":"68346-c308c3bc","layer":"power","name":"Brownsville Energy Storage System","state":"NY","detail_file":"data/details/power-plants-47.json","plant_id":"68346","capacity_mw":5.6,"status_group":"Operating","energy_sources":"MWH","type":"Power plant","is_nuclear":false}},{"type":"Feature","geometry":{"type":"Point","coordinates":[-75.263,43.196]},"properties":{"key":"66490-e005d85c","layer":"power","name":"Bullitt Farm Solar","state":"NY","detail_file":"data/details/power-plants-08.json","plant_id":"66490","capacity_mw":5.0,"status_group":"Operating","energy_sources":"SUN","type":"Power plant","is_nuclear":false}},{"type":"Feature","geometry":{"type":"Point","coordinates":[-73.947,41.266]},"properties":{"key":"62613-4e149f83","layer":"power","name":"CBP Solar","state":"NY","detail_file":"data/details/power-plants-52.json","plant_id":"62613","capacity_mw":1.8,"status_group":"Operating","energy_sources":"SUN","type":"Power plant","is_nuclear":false}},{"type":"Feature","geometry":{"type":"Point","coordinates":[-74.103,41.886]},"properties":{"key":"63729-63a4047c","layer":"power","name":"CES Marbletown Solar","state":"NY","detail_file":"data/details/power-plants-17.json","plant_id":"63729","capacity_mw":3.0,"status_group":"Operating","energy_sources":"SUN","type":"Power plant","is_nuclear":false}},{"type":"Feature","geometry":{"type":"Point","coordinates":[-75.434,43.886]},"properties":{"key":"10617-3543edf9","layer":"power","name":"CH Resources Beaver Falls","state":"NY","detail_file":"data/details/power-plants-59.json","plant_id":"10617","capacity_mw":107.8,"status_group":"Operating","energy_sources":"NG","type":"Power plant","is_nuclear":false}},{"type":"Feature","geometry":{"type":"Point","coordinates":[-74.346,41.562]},"properties":{"key":"62486-dc8a268e","layer":"power","name":"CMR Solar LLC","state":"NY","detail_file":"data/details/power-plants-53.json","plant_id":"62486","capacity_mw":2.0,"status_group":"Operating","energy_sources":"SUN","type":"Power plant","is_nuclear":false}},{"type":"Feature","geometry":{"type":"Point","coordinates":[-74.438,41.412]},"properties":{"key":"56940-2013231d","layer":"power","name":"CPV Valley Energy Center","state":"NY","detail_file":"data/details/power-plants-47.json","plant_id":"56940","capacity_mw":770.5,"status_group":"Operating","energy_sources":"NG","type":"Power plant","is_nuclear":false}},{"type":"Feature","geometry":{"type":"Point","coordinates":[-72.94,40.814]},"properties":{"key":"56234-760efa03","layer":"power","name":"Caithness Long Island Energy Center","state":"NY","detail_file":"data/details/power-plants-11.json","plant_id":"56234","capacity_mw":348.9,"status_group":"Operating","energy_sources":"NG","type":"Power plant","is_nuclear":false}},{"type":"Feature","geometry":{"type":"Point","coordinates":[-72.875,40.822]},"properties":{"key":"63497-ecd429ac","layer":"power","name":"Calabro Airport North Solar Project","state":"NY","detail_file":"data/details/power-plants-54.json","plant_id":"63497","capacity_mw":1.3,"status_group":"Operating","energy_sources":"SUN","type":"Power plant","is_nuclear":false}},{"type":"Feature","geometry":{"type":"Point","coordinates":[-72.857,40.812]},"properties":{"key":"63498-11b1cacc","layer":"power","name":"Calabro Airport South Solar Project","state":"NY","detail_file":"data/details/power-plants-34.json","plant_id":"63498","capacity_mw":1.2,"status_group":"Operating","energy_sources":"SUN","type":"Power plant","is_nuclear":false}},{"type":"Feature","geometry":{"type":"Point","coordinates":[-72.744,40.921]},"properties":{"key":"60452-5f084a14","layer":"power","name":"Calverton","state":"NY","detail_file":"data/details/power-plants-11.json","plant_id":"60452","capacity_mw":3.0,"status_group":"Operating","energy_sources":"SUN","type":"Power plant","is_nuclear":false}},{"type":"Feature","geometry":{"type":"Point","coordinates":[-72.75,40.914]},"properties":{"key":"65679-7a659452","layer":"power","name":"Calverton Solar Energy Center","state":"NY","detail_file":"data/details/power-plants-48.json","plant_id":"65679","capacity_mw":22.9,"status_group":"Operating","energy_sources":"SUN","type":"Power plant","is_nuclear":false}},{"type":"Feature","geometry":{"type":"Point","coordinates":[-73.375,43.079]},"properties":{"key":"69571-89aa1b6d","layer":"power","name":"Cambridge Solar","state":"NY","detail_file":"data/details/power-plants-57.json","plant_id":"69571","capacity_mw":5.0,"status_group":"Operating","energy_sources":"SUN","type":"Power plant","is_nuclear":false}},{"type":"Feature","geometry":{"type":"Point","coordinates":[-75.695,43.312]},"properties":{"key":"61604-1c5f0723","layer":"power","name":"Camden CSD Solar Array","state":"NY","detail_file":"data/details/power-plants-31.json","plant_id":"61604","capacity_mw":1.8,"status_group":"Operating","energy_sources":"SUN","type":"Power plant","is_nuclear":false}},{"type":"Feature","geometry":{"type":"Point","coordinates":[-73.825,42.685]},"properties":{"key":"64931-33f0f674","layer":"power","name":"Capital Hill Solar LLC","state":"NY","detail_file":"data/details/power-plants-48.json","plant_id":"64931","capacity_mw":1.5,"status_group":"Operating","energy_sources":"SUN","type":"Power plant","is_nuclear":false}},{"type":"Feature","geometry":{"type":"Point","coordinates":[-75.663,43.998]},"properties":{"key":"66822-0c9bce19","layer":"power","name":"Carthage A","state":"NY","detail_file":"data/details/power-plants-27.json","plant_id":"66822","capacity_mw":5.0,"status_group":"Operating","energy_sources":"SUN","type":"Power plant","is_nuclear":false}},{"type":"Feature","geometry":{"type":"Point","coordinates":[-75.661,43.99]},"properties":{"key":"66823-fcc7fda2","layer":"power","name":"Carthage B","state":"NY","detail_file":"data/details/power-plants-44.json","plant_id":"66823","capacity_mw":3.3,"status_group":"Operating","energy_sources":"SUN","type":"Power plant","is_nuclear":false}},{"type":"Feature","geometry":{"type":"Point","coordinates":[-75.623,43.984]},"properties":{"key":"10620-de72fd2a","layer":"power","name":"Carthage Energy LLC","state":"NY","detail_file":"data/details/power-plants-12.json","plant_id":"10620","capacity_mw":62.9,"status_group":"Operating","energy_sources":"NG","type":"Power plant","is_nuclear":false}},{"type":"Feature","geometry":{"type":"Point","coordinates":[-73.307,43.626]},"properties":{"key":"6456-258fc422","layer":"power","name":"Carver Falls","state":"NY","detail_file":"data/details/power-plants-05.json","plant_id":"6456","capacity_mw":1.9,"status_group":"Operating","energy_sources":"WAT","type":"Power plant","is_nuclear":false}},{"type":"Feature","geometry":{"type":"Point","coordinates":[-73.703,42.523]},"properties":{"key":"65643-75c7fa1d","layer":"power","name":"Castleton","state":"NY","detail_file":"data/details/power-plants-04.json","plant_id":"65643","capacity_mw":5.0,"status_group":"Operating","energy_sources":"SUN","type":"Power plant","is_nuclear":false}},{"type":"Feature","geometry":{"type":"Point","coordinates":[-73.743,42.538]},"properties":{"key":"10190-5d903295","layer":"power","name":"Castleton Energy Center","state":"NY","detail_file":"data/details/power-plants-34.json","plant_id":"10190","capacity_mw":72.0,"status_group":"Operating","energy_sources":"NG","type":"Power plant","is_nuclear":false}},{"type":"Feature","geometry":{"type":"Point","coordinates":[-75.903,42.338]},"properties":{"key":"68807-a6e90203","layer":"power","name":"Catskill","state":"NY","detail_file":"data/details/power-plants-60.json","plant_id":"68807","capacity_mw":3.8,"status_group":"Operating","energy_sources":"SUN","type":"Power plant","is_nuclear":false}},{"type":"Feature","geometry":{"type":"Point","coordinates":[-73.748,42.27]},"properties":{"key":"67911-90121694","layer":"power","name":"Catskill Solar","state":"NY","detail_file":"data/details/power-plants-55.json","plant_id":"67911","capacity_mw":5.0,"status_group":"Operating","energy_sources":"SUN","type":"Power plant","is_nuclear":false}},{"type":"Feature","geometry":{"type":"Point","coordinates":[-73.507,40.649]},"properties":{"key":"61376-fddd2fbb","layer":"power","name":"Cedar Creek PV","state":"NY","detail_file":"data/details/power-plants-57.json","plant_id":"61376","capacity_mw":1.8,"status_group":"Operating","energy_sources":"SUN","type":"Power plant","is_nuclear":false}},{"type":"Feature","geometry":{"type":"Point","coordinates":[-73.46,43.097]},"properties":{"key":"10853-e5b0339c","layer":"power","name":"Center Falls","state":"NY","detail_file":"data/details/power-plants-04.json","plant_id":"10853","capacity_mw":1.1,"status_group":"Operating","energy_sources":"WAT","type":"Power plant","is_nuclear":false}},{"type":"Feature","geometry":{"type":"Point","coordinates":[-74.177,40.54]},"properties":{"key":"65201-e27915f8","layer":"power","name":"Certain Solar - Staten Island","state":"NY","detail_file":"data/details/power-plants-61.json","plant_id":"65201","capacity_mw":7.5,"status_group":"Operating","energy_sources":"NG","type":"Power plant","is_nuclear":false}},{"type":"Feature","geometry":{"type":"Point","coordinates":[-75.5,43.78]},"properties":{"key":"65232-50fdc795","layer":"power","name":"Chambers 3 - Lewis County","state":"NY","detail_file":"data/details/power-plants-01.json","plant_id":"65232","capacity_mw":2.0,"status_group":"Operating","energy_sources":"SUN","type":"Power plant","is_nuclear":false}},{"type":"Feature","geometry":{"type":"Point","coordinates":[-73.641,40.658]},"properties":{"key":"2695-55bb029e","layer":"power","name":"Charles P Keller","state":"NY","detail_file":"data/details/power-plants-02.json","plant_id":"2695","capacity_mw":29.4,"status_group":"Operating","energy_sources":"NG","type":"Power plant","is_nuclear":false}},{"type":"Feature","geometry":{"type":"Point","coordinates":[-75.927,42.198]},"properties":{"key":"63450-35b5bb10","layer":"power","name":"Chenango Solar","state":"NY","detail_file":"data/details/power-plants-23.json","plant_id":"63450","capacity_mw":4.9,"status_group":"Operating","energy_sources":"SUN","type":"Power plant","is_nuclear":false}},{"type":"Feature","geometry":{"type":"Point","coordinates":[-74.278,41.375]},"properties":{"key":"69179-b06950aa","layer":"power","name":"Chester","state":"NY","detail_file":"data/details/power-plants-05.json","plant_id":"69179","capacity_mw":5.0,"status_group":"Operating","energy_sources":"SUN","type":"Power plant","is_nuclear":false}},{"type":"Feature","geometry":{"type":"Point","coordinates":[-74.288,41.339]},"properties":{"key":"62761-270eb2f1","layer":"power","name":"Chester CSG","state":"NY","detail_file":"data/details/power-plants-43.json","plant_id":"62761","capacity_mw":2.0,"status_group":"Operating","energy_sources":"SUN","type":"Power plant","is_nuclear":false}},{"type":"Feature","geometry":{"type":"Point","coordinates":[-73.952,41.1]},"properties":{"key":"60004-a2816ef4","layer":"power","name":"Clarkstown Landfill Solar Facility","state":"NY","detail_file":"data/details/power-plants-59.json","plant_id":"60004","capacity_mw":2.0,"status_group":"Operating","energy_sources":"SUN","type":"Power plant","is_nuclear":false}},{"type":"Feature","geometry":{"type":"Point","coordinates":[-73.75,42.271]},"properties":{"key":"67912-8161680b","layer":"power","name":"Claverack Creek Solar","state":"NY","detail_file":"data/details/power-plants-06.json","plant_id":"67912","capacity_mw":5.0,"status_group":"Operating","energy_sources":"SUN","type":"Power plant","is_nuclear":false}},{"type":"Feature","geometry":{"type":"Point","coordinates":[-73.835,42.839]},"properties":{"key":"64680-c8b73765","layer":"power","name":"Clifton Park Solar 1, LLC","state":"NY","detail_file":"data/details/power-plants-52.json","plant_id":"64680","capacity_mw":5.0,"status_group":"Operating","energy_sources":"SUN","type":"Power plant","is_nuclear":false}},{"type":"Feature","geometry":{"type":"Point","coordinates":[-73.835,42.84]},"properties":{"key":"64681-1820cad8","layer":"power","name":"Clifton Park Solar 2, LLC","state":"NY","detail_file":"data/details/power-plants-40.json","plant_id":"64681","capacity_mw":2.0,"status_group":"Operating","energy_sources":"SUN","type":"Power plant","is_nuclear":false}},{"type":"Feature","geometry":{"type":"Point","coordinates":[-75.756,42.967]},"properties":{"key":"61592-b1eb1549","layer":"power","name":"Cody Road Wind Farm","state":"NY","detail_file":"data/details/power-plants-27.json","plant_id":"61592","capacity_mw":12.0,"status_group":"Under construction","energy_sources":"WND","type":"Power plant","is_nuclear":false}},{"type":"Feature","geometry":{"type":"Point","coordinates":[-73.194,40.762]},"properties":{"key":"58790-fbcdff87","layer":"power","name":"Cohalan","state":"NY","detail_file":"data/details/power-plants-57.json","plant_id":"58790","capacity_mw":4.0,"status_group":"Operating","energy_sources":"SUN","type":"Power plant","is_nuclear":false}},{"type":"Feature","geometry":{"type":"Point","coordinates":[-75.19,43.27]},"properties":{"key":"67582-725ce5d2","layer":"power","name":"Collins (NY) (CSG)","state":"NY","detail_file":"data/details/power-plants-25.json","plant_id":"67582","capacity_mw":5.0,"status_group":"Operating","energy_sources":"SUN","type":"Power plant","is_nuclear":false}},{"type":"Feature","geometry":{"type":"Point","coordinates":[-73.727,42.803]},"properties":{"key":"56324-006d6442","layer":"power","name":"Colonie LFGTE Facility","state":"NY","detail_file":"data/details/power-plants-41.json","plant_id":"56324","capacity_mw":6.4,"status_group":"Operating","energy_sources":"LFG","type":"Power plant","is_nuclear":false}},{"type":"Feature","geometry":{"type":"Point","coordinates":[-74.264,41.379]},"properties":{"key":"61576-7d6380ad","layer":"power","name":"Columbia University - Johnson Farms","state":"NY","detail_file":"data/details/power-plants-11.json","plant_id":"61576","capacity_mw":2.0,"status_group":"Operating","energy_sources":"SUN","type":"Power plant","is_nuclear":false}},{"type":"Feature","geometry":{"type":"Point","coordinates":[-74.554,41.294]},"properties":{"key":"61578-53b6f1de","layer":"power","name":"Columbia University - Minisink","state":"NY","detail_file":"data/details/power-plants-23.json","plant_id":"61578","capacity_mw":2.0,"status_group":"Operating","energy_sources":"SUN","type":"Power plant","is_nuclear":false}},{"type":"Feature","geometry":{"type":"Point","coordinates":[-75.66,43.9]},"properties":{"key":"10545-e74a14c9","layer":"power","name":"Copenhagen Plant","state":"NY","detail_file":"data/details/power-plants-41.json","plant_id":"10545","capacity_mw":3.3,"status_group":"Operating","energy_sources":"WAT","type":"Power plant","is_nuclear":false}},{"type":"Feature","geometry":{"type":"Point","coordinates":[-75.719,43.863]},"properties":{"key":"66817-239d5449","layer":"power","name":"Copenhagen Solar","state":"NY","detail_file":"data/details/power-plants-56.json","plant_id":"66817","capacity_mw":2.9,"status_group":"Operating","energy_sources":"SUN","type":"Power plant","is_nuclear":false}},{"type":"Feature","geometry":{"type":"Point","coordinates":[-75.699,43.913]},"properties":{"key":"58979-894fd1ff","layer":"power","name":"Copenhagen Wind Farm","state":"NY","detail_file":"data/details/power-plants-14.json","plant_id":"58979","capacity_mw":79.9,"status_group":"Operating","energy_sources":"WND","type":"Power plant","is_nuclear":false}},{"type":"Feature","geometry":{"type":"Point","coordinates":[-75.993,42.544]},"properties":{"key":"70027-0ac8e7cd","layer":"power","name":"Cortland CSG 2 LLC","state":"NY","detail_file":"data/details/power-plants-60.json","plant_id":"70027","capacity_mw":5.0,"status_group":"Under construction","energy_sources":"SUN","type":"Power plant","is_nuclear":false}},{"type":"Feature","geometry":{"type":"Point","coordinates":[-74.069,42.461]},"properties":{"key":"66213-8cdf74e0","layer":"power","name":"Costanza Solar","state":"NY","detail_file":"data/details/power-plants-02.json","plant_id":"66213","capacity_mw":2.0,"status_group":"Operating","energy_sources":"SUN","type":"Power plant","is_nuclear":false}},{"type":"Feature","geometry":{"type":"Point","coordinates":[-74.313,42.992]},"properties":{"key":"67415-8b7dd186","layer":"power","name":"County Highway Solar 1 CSG","state":"NY","detail_file":"data/details/power-plants-37.json","plant_id":"67415","capacity_mw":5.0,"status_group":"Operating","energy_sources":"SUN","type":"Power plant","is_nuclear":false}},{"type":"Feature","geometry":{"type":"Point","coordinates":[-74.311,42.993]},"properties":{"key":"67416-6e20dc85","layer":"power","name":"County Highway Solar 2 (CSG)","state":"NY","detail_file":"data/details/power-plants-49.json","plant_id":"67416","capacity_mw":5.0,"status_group":"Operating","energy_sources":"SUN","type":"Power plant","is_nuclear":false}},{"type":"Feature","geometry":{"type":"Point","coordinates":[-75.541,42.278]},"properties":{"key":"65222-7a23840b","layer":"power","name":"County Road 17 (CSG)","state":"NY","detail_file":"data/details/power-plants-18.json","plant_id":"65222","capacity_mw":3.3,"status_group":"Operating","energy_sources":"SUN","type":"Power plant","is_nuclear":false}},{"type":"Feature","geometry":{"type":"Point","coordinates":[-73.877,41.631]},"properties":{"key":"64445-189e2569","layer":"power","name":"County of Dutchess, NY (Airport)","state":"NY","detail_file":"data/details/power-plants-44.json","plant_id":"64445","capacity_mw":1.8,"status_group":"Operating","energy_sources":"SUN","type":"Power plant","is_nuclear":false}},{"type":"Feature","geometry":{"type":"Point","coordinates":[-73.591,40.739]},"properties":{"key":"10642-a14e9ad8","layer":"power","name":"Covanta Hempstead","state":"NY","detail_file":"data/details/power-plants-50.json","plant_id":"10642","capacity_mw":78.6,"status_group":"Operating","energy_sources":"MSW","type":"Power plant","is_nuclear":false}},{"type":"Feature","geometry":{"type":"Point","coordinates":[-75.671,42.315]},"properties":{"key":"68162-28db9852","layer":"power","name":"Coventry Solar Site 2","state":"NY","detail_file":"data/details/power-plants-28.json","plant_id":"68162","capacity_mw":5.0,"status_group":"Operating","energy_sources":"SUN","type":"Power plant","is_nuclear":false}},{"type":"Feature","geometry":{"type":"Point","coordinates":[-75.402,42.18]},"properties":{"key":"68163-40770010","layer":"power","name":"Coventry Solar Site 3","state":"NY","detail_file":"data/details/power-plants-05.json","plant_id":"68163","capacity_mw":5.0,"status_group":"Operating","energy_sources":"SUN","type":"Power plant","is_nuclear":false}},{"type":"Feature","geometry":{"type":"Point","coordinates":[-73.816,42.351]},"properties":{"key":"2487-b875bc49","layer":"power","name":"Coxsackie","state":"NY","detail_file":"data/details/power-plants-21.json","plant_id":"2487","capacity_mw":21.3,"status_group":"Operating","energy_sources":"NG","type":"Power plant","is_nuclear":false}},{"type":"Feature","geometry":{"type":"Point","coordinates":[-73.847,42.333]},"properties":{"key":"64542-1bf9c1fc","layer":"power","name":"Coxsackie Solar","state":"NY","detail_file":"data/details/power-plants-05.json","plant_id":"64542","capacity_mw":5.0,"status_group":"Operating","energy_sources":"SUN","type":"Power plant","is_nuclear":false}},{"type":"Feature","geometry":{"type":"Point","coordinates":[-73.875,41.756]},"properties":{"key":"65775-3fd1339e","layer":"power","name":"Cream Street Solar","state":"NY","detail_file":"data/details/power-plants-08.json","plant_id":"65775","capacity_mw":2.0,"status_group":"Operating","energy_sources":"SUN","type":"Power plant","is_nuclear":false}},{"type":"Feature","geometry":{"type":"Point","coordinates":[-73.723,42.806]},"properties":{"key":"2685-b36db907","layer":"power","name":"Crescent","state":"NY","detail_file":"data/details/power-plants-07.json","plant_id":"2685","capacity_mw":11.6,"status_group":"Operating","energy_sources":"WAT","type":"Power plant","is_nuclear":false}},{"type":"Feature","geometry":{"type":"Point","coordinates":[-73.581,41.676]},"properties":{"key":"57185-e7078782","layer":"power","name":"Cricket Valley Energy","state":"NY","detail_file":"data/details/power-plants-39.json","plant_id":"57185","capacity_mw":1312.5,"status_group":"Operating","energy_sources":"NG","type":"Power plant","is_nuclear":false}},{"type":"Feature","geometry":{"type":"Point","coordinates":[-73.868,41.28]},"properties":{"key":"65647-76e202a3","layer":"power","name":"Croton Solar","state":"NY","detail_file":"data/details/power-plants-30.json","plant_id":"65647","capacity_mw":3.0,"status_group":"Operating","energy_sources":"SUN","type":"Power plant","is_nuclear":false}},{"type":"Feature","geometry":{"type":"Point","coordinates":[-73.828,43.247]},"properties":{"key":"54580-a5bcba5f","layer":"power","name":"Curtis Palmer Hydroelectric","state":"NY","detail_file":"data/details/power-plants-57.json","plant_id":"54580","capacity_mw":59.0,"status_group":"Operating","energy_sources":"WAT","type":"Power plant","is_nuclear":false}},{"type":"Feature","geometry":{"type":"Point","coordinates":[-74.601,41.783]},"properties":{"key":"70210-75aa3008","layer":"power","name":"Cypert - Fallsburg I","state":"NY","detail_file":"data/details/power-plants-05.json","plant_id":"70210","capacity_mw":5.0,"status_group":"Planned","energy_sources":"SUN","type":"Power plant","is_nuclear":false}},{"type":"Feature","geometry":{"type":"Point","coordinates":[-73.596,42.914]},"properties":{"key":"63057-e7cf6c2d","layer":"power","name":"Czub CSG","state":"NY","detail_file":"data/details/power-plants-31.json","plant_id":"63057","capacity_mw":2.0,"status_group":"Operating","energy_sources":"SUN","type":"Power plant","is_nuclear":false}},{"type":"Feature","geometry":{"type":"Point","coordinates":[-75.918,43.82]},"properties":{"key":"56958-4097ac3a","layer":"power","name":"DANC LFGTE Facility","state":"NY","detail_file":"data/details/power-plants-52.json","plant_id":"56958","capacity_mw":6.4,"status_group":"Operating","energy_sources":"LFG","type":"Power plant","is_nuclear":false}},{"type":"Feature","geometry":{"type":"Point","coordinates":[-74.369,41.739]},"properties":{"key":"65298-330188d9","layer":"power","name":"DOCCS Eastern","state":"NY","detail_file":"data/details/power-plants-32.json","plant_id":"65298","capacity_mw":5.0,"status_group":"Operating","energy_sources":"SUN","type":"Power plant","is_nuclear":false}},{"type":"Feature","geometry":{"type":"Point","coordinates":[-73.85,42.35]},"properties":{"key":"66586-fa9d7e1e","layer":"power","name":"DOCCS Greene","state":"NY","detail_file":"data/details/power-plants-41.json","plant_id":"66586","capacity_mw":5.0,"status_group":"Operating","energy_sources":"SUN","type":"Power plant","is_nuclear":false}},{"type":"Feature","geometry":{"type":"Point","coordinates":[-73.721,41.578]},"properties":{"key":"65300-7b4b3844","layer":"power","name":"DOCCS Greenhaven","state":"NY","detail_file":"data/details/power-plants-28.json","plant_id":"65300","capacity_mw":3.7,"status_group":"Operating","energy_sources":"SUN","type":"Power plant","is_nuclear":false}},{"type":"Feature","geometry":{"type":"Point","coordinates":[-75.304,43.164]},"properties":{"key":"65297-aef280c9","layer":"power","name":"DOCCS Midstate","state":"NY","detail_file":"data/details/power-plants-06.json","plant_id":"65297","capacity_mw":3.8,"status_group":"Operating","energy_sources":"SUN","type":"Power plant","is_nuclear":false}},{"type":"Feature","geometry":{"type":"Point","coordinates":[-73.537,43.103]},"properties":{"key":"50280-85fb0ea7","layer":"power","name":"Dahowa Hydro","state":"NY","detail_file":"data/details/power-plants-37.json","plant_id":"50280","capacity_mw":10.5,"status_group":"Operating","energy_sources":"WAT","type":"Power plant","is_nuclear":false}},{"type":"Feature","geometry":{"type":"Point","coordinates":[-73.965,41.573]},"properties":{"key":"2480-896234bd","layer":"power","name":"Danskammer Generating Station","state":"NY","detail_file":"data/details/power-plants-23.json","plant_id":"2480","capacity_mw":537.4,"status_group":"Operating","energy_sources":"DFO; NG","type":"Power plant","is_nuclear":false}},{"type":"Feature","geometry":{"type":"Point","coordinates":[-74.05,41.822]},"properties":{"key":"2481-b6c80364","layer":"power","name":"Dashville","state":"NY","detail_file":"data/details/power-plants-50.json","plant_id":"2481","capacity_mw":4.8,"status_group":"Operating","energy_sources":"WAT","type":"Power plant","is_nuclear":false}},{"type":"Feature","geometry":{"type":"Point","coordinates":[-74.36,41.425]},"properties":{"key":"66488-a98acbeb","layer":"power","name":"Davis Solar","state":"NY","detail_file":"data/details/power-plants-52.json","plant_id":"66488","capacity_mw":4.0,"status_group":"Operating","energy_sources":"MWH; SUN","type":"Power plant","is_nuclear":false}},{"type":"Feature","geometry":{"type":"Point","coordinates":[-73.194,40.761]},"properties":{"key":"58786-8f2732ed","layer":"power","name":"Deer Park","state":"NY","detail_file":"data/details/power-plants-14.json","plant_id":"58786","capacity_mw":2.5,"status_group":"Operating","energy_sources":"SUN","type":"Power plant","is_nuclear":false}},{"type":"Feature","geometry":{"type":"Point","coordinates":[-73.324,40.763]},"properties":{"key":"58787-cebc9876","layer":"power","name":"Dennison","state":"NY","detail_file":"data/details/power-plants-25.json","plant_id":"58787","capacity_mw":2.0,"status_group":"Operating","energy_sources":"SUN","type":"Power plant","is_nuclear":false}},{"type":"Feature","geometry":{"type":"Point","coordinates":[-75.886,43.979]},"properties":{"key":"10540-c8e2c543","layer":"power","name":"Diamond Island Plant","state":"NY","detail_file":"data/details/power-plants-28.json","plant_id":"10540","capacity_mw":1.2,"status_group":"Operating","energy_sources":"WAT","type":"Power plant","is_nuclear":false}},{"type":"Feature","geometry":{"type":"Point","coordinates":[-74.767,43.091]},"properties":{"key":"10238-f2686dda","layer":"power","name":"Dolgeville Hydro","state":"NY","detail_file":"data/details/power-plants-50.json","plant_id":"10238","capacity_mw":5.0,"status_group":"Operating","energy_sources":"WAT","type":"Power plant","is_nuclear":false}},{"type":"Feature","geometry":{"type":"Point","coordinates":[-73.577,41.681]},"properties":{"key":"63106-63b6c979","layer":"power","name":"Dover CSG","state":"NY","detail_file":"data/details/power-plants-60.json","plant_id":"63106","capacity_mw":2.0,"status_group":"Operating","energy_sources":"SUN","type":"Power plant","is_nuclear":false}},{"type":"Feature","geometry":{"type":"Point","coordinates":[-74.683,43.015]},"properties":{"key":"66177-5e54ffdc","layer":"power","name":"Drinkwater Solar","state":"NY","detail_file":"data/details/power-plants-54.json","plant_id":"66177","capacity_mw":2.0,"status_group":"Operating","energy_sources":"SUN","type":"Power plant","is_nuclear":false}},{"type":"Feature","geometry":{"type":"Point","coordinates":[-74.202,42.762]},"properties":{"key":"61863-3af1da0d","layer":"power","name":"Duanesburg","state":"NY","detail_file":"data/details/power-plants-04.json","plant_id":"61863","capacity_mw":2.0,"status_group":"Operating","energy_sources":"SUN","type":"Power plant","is_nuclear":false}},{"type":"Feature","geometry":{"type":"Point","coordinates":[-74.286,41.599]},"properties":{"key":"66218-40b58bb4","layer":"power","name":"Dubois Solar (Hybrid)","state":"NY","detail_file":"data/details/power-plants-16.json","plant_id":"66218","capacity_mw":4.0,"status_group":"Operating","energy_sources":"MWH; SUN","type":"Power plant","is_nuclear":false}},{"type":"Feature","geometry":{"type":"Point","coordinates":[-73.625,42.768]},"properties":{"key":"64715-08eaa345","layer":"power","name":"Dusenberry","state":"NY","detail_file":"data/details/power-plants-61.json","plant_id":"64715","capacity_mw":5.0,"status_group":"Operating","energy_sources":"SUN","type":"Power plant","is_nuclear":false}},{"type":"Feature","geometry":{"type":"Point","coordinates":[-73.943,41.647]},"properties":{"key":"10305-8632b7d0","layer":"power","name":"Dutchess Cnty Resource Recovery Facility","state":"NY","detail_file":"data/details/power-plants-19.json","plant_id":"10305","capacity_mw":9.2,"status_group":"Operating","energy_sources":"MSW","type":"Power plant","is_nuclear":false}},{"type":"Feature","geometry":{"type":"Point","coordinates":[-73.648,40.617]},"properties":{"key":"2511-0636c439","layer":"power","name":"E F Barrett","state":"NY","detail_file":"data/details/power-plants-37.json","plant_id":"2511","capacity_mw":669.2,"status_group":"Operating","energy_sources":"NG","type":"Power plant","is_nuclear":false}},{"type":"Feature","geometry":{"type":"Point","coordinates":[-73.921,43.319]},"properties":{"key":"6527-7a40d968","layer":"power","name":"E J West","state":"NY","detail_file":"data/details/power-plants-37.json","plant_id":"6527","capacity_mw":22.0,"status_group":"Operating","energy_sources":"WAT","type":"Power plant","is_nuclear":false}},{"type":"Feature","geometry":{"type":"Point","coordinates":[-73.823,41.066]},"properties":{"key":"67293-88f263d7","layer":"power","name":"EDF - Liberty NY - Real Term CSG","state":"NY","detail_file":"data/details/power-plants-27.json","plant_id":"67293","capacity_mw":2.1,"status_group":"Operating","energy_sources":"SUN","type":"Power plant","is_nuclear":false}},{"type":"Feature","geometry":{"type":"Point","coordinates":[-73.783,42.202]},"properties":{"key":"66645-a7546440","layer":"power","name":"ELP - Kipp","state":"NY","detail_file":"data/details/power-plants-21.json","plant_id":"66645","capacity_mw":3.5,"status_group":"Operating","energy_sources":"SUN","type":"Power plant","is_nuclear":false}},{"type":"Feature","geometry":{"type":"Point","coordinates":[-73.738,42.248]},"properties":{"key":"66425-8feaee31","layer":"power","name":"ELP Claverack Solar","state":"NY","detail_file":"data/details/power-plants-13.json","plant_id":"66425","capacity_mw":5.0,"status_group":"Operating","energy_sources":"SUN","type":"Power plant","is_nuclear":false}},{"type":"Feature","geometry":{"type":"Point","coordinates":[-73.782,42.237]},"properties":{"key":"65753-b53df9f8","layer":"power","name":"ELP Greenport CSG","state":"NY","detail_file":"data/details/power-plants-56.json","plant_id":"65753","capacity_mw":5.0,"status_group":"Operating","energy_sources":"SUN","type":"Power plant","is_nuclear":false}},{"type":"Feature","geometry":{"type":"Point","coordinates":[-73.691,42.464]},"properties":{"key":"65754-a036b6a1","layer":"power","name":"ELP Kinderhook CSG","state":"NY","detail_file":"data/details/power-plants-14.json","plant_id":"65754","capacity_mw":5.0,"status_group":"Operating","energy_sources":"SUN","type":"Power plant","is_nuclear":false}},{"type":"Feature","geometry":{"type":"Point","coordinates":[-73.767,42.169]},"properties":{"key":"66424-59fb4075","layer":"power","name":"ELP Livingston Solar","state":"NY","detail_file":"data/details/power-plants-15.json","plant_id":"66424","capacity_mw":5.0,"status_group":"Operating","energy_sources":"SUN","type":"Power plant","is_nuclear":false}},{"type":"Feature","geometry":{"type":"Point","coordinates":[-73.978,42.041]},"properties":{"key":"65755-21d22320","layer":"power","name":"ELP Myer CSG","state":"NY","detail_file":"data/details/power-plants-21.json","plant_id":"65755","capacity_mw":1.9,"status_group":"Operating","energy_sources":"SUN","type":"Power plant","is_nuclear":false}},{"type":"Feature","geometry":{"type":"Point","coordinates":[-74.074,42.04]},"properties":{"key":"65757-79d17a06","layer":"power","name":"ELP Saugerties CSG","state":"NY","detail_file":"data/details/power-plants-48.json","plant_id":"65757","capacity_mw":1.9,"status_group":"Operating","energy_sources":"SUN","type":"Power plant","is_nuclear":false}},{"type":"Feature","geometry":{"type":"Point","coordinates":[-73.806,41.216]},"properties":{"key":"69130-0c6a2455","layer":"power","name":"ESNY-Yorktown","state":"NY","detail_file":"data/details/power-plants-37.json","plant_id":"69130","capacity_mw":4.0,"status_group":"Operating","energy_sources":"SUN","type":"Power plant","is_nuclear":false}},{"type":"Feature","geometry":{"type":"Point","coordinates":[-75.201,43.91]},"properties":{"key":"2555-5dd7799c","layer":"power","name":"Eagle","state":"NY","detail_file":"data/details/power-plants-25.json","plant_id":"2555","capacity_mw":6.0,"status_group":"Operating","energy_sources":"WAT","type":"Power plant","is_nuclear":false}},{"type":"Feature","geometry":{"type":"Point","coordinates":[-73.829,41.571]},"properties":{"key":"65752-d86f52a1","layer":"power","name":"East Fishkill CSG","state":"NY","detail_file":"data/details/power-plants-15.json","plant_id":"65752","capacity_mw":2.0,"status_group":"Operating","energy_sources":"SUN","type":"Power plant","is_nuclear":false}},{"type":"Feature","geometry":{"type":"Point","coordinates":[-72.21,40.962]},"properties":{"key":"2512-59ef7d89","layer":"power","name":"East Hampton","state":"NY","detail_file":"data/details/power-plants-62.json","plant_id":"2512","capacity_mw":27.3,"status_group":"Operating","energy_sources":"DFO","type":"Power plant","is_nuclear":false}},{"type":"Feature","geometry":{"type":"Point","coordinates":[-72.21,40.962]},"properties":{"key":"62733-58a91f57","layer":"power","name":"East Hampton Energy Storage Center","state":"NY","detail_file":"data/details/power-plants-26.json","plant_id":"62733","capacity_mw":5.0,"status_group":"Operating","energy_sources":"MWH","type":"Power plant","is_nuclear":false}},{"type":"Feature","geometry":{"type":"Point","coordinates":[-74.335,42.461]},"properties":{"key":"65805-f7d0cc2b","layer":"power","name":"East Point Energy Center","state":"NY","detail_file":"data/details/power-plants-12.json","plant_id":"65805","capacity_mw":50.0,"status_group":"Operating","energy_sources":"SUN","type":"Power plant","is_nuclear":false}},{"type":"Feature","geometry":{"type":"Point","coordinates":[-73.974,40.728]},"properties":{"key":"2493-56ccd115","layer":"power","name":"East River","state":"NY","detail_file":"data/details/power-plants-24.json","plant_id":"2493","capacity_mw":716.2,"status_group":"Operating","energy_sources":"NG","type":"Power plant","is_nuclear":false}},{"type":"Feature","geometry":{"type":"Point","coordinates":[-73.524,43.271]},"properties":{"key":"68628-0dfe13bd","layer":"power","name":"Eden Dowmont Road","state":"NY","detail_file":"data/details/power-plants-56.json","plant_id":"68628","capacity_mw":5.0,"status_group":"Operating","energy_sources":"SUN","type":"Power plant","is_nuclear":false}},{"type":"Feature","geometry":{"type":"Point","coordinates":[-73.523,43.282]},"properties":{"key":"68629-80094a07","layer":"power","name":"Eden Hidden Meadows","state":"NY","detail_file":"data/details/power-plants-21.json","plant_id":"68629","capacity_mw":5.0,"status_group":"Operating","energy_sources":"SUN","type":"Power plant","is_nuclear":false}},{"type":"Feature","geometry":{"type":"Point","coordinates":[-73.293,40.786]},"properties":{"key":"55786-deb3153e","layer":"power","name":"Edgewood Energy LLC","state":"NY","detail_file":"data/details/power-plants-12.json","plant_id":"55786","capacity_mw":100.0,"status_group":"Operating","energy_sources":"NG","type":"Power plant","is_nuclear":false}},{"type":"Feature","geometry":{"type":"Point","coordinates":[-75.278,43.923]},"properties":{"key":"2557-bf47d8b8","layer":"power","name":"Effley","state":"NY","detail_file":"data/details/power-plants-08.json","plant_id":"2557","capacity_mw":3.0,"status_group":"Operating","energy_sources":"WAT","type":"Power plant","is_nuclear":false}},{"type":"Feature","geometry":{"type":"Point","coordinates":[-74.198,40.59]},"properties":{"key":"66785-38a1f238","layer":"power","name":"Elevate Arthur Kill","state":"NY","detail_file":"data/details/power-plants-20.json","plant_id":"66785","capacity_mw":15.1,"status_group":"Under construction","energy_sources":"MWH","type":"Power plant","is_nuclear":false}},{"type":"Feature","geometry":{"type":"Point","coordinates":[-73.71,42.899]},"properties":{"key":"63112-3f8fe707","layer":"power","name":"Ellsworth I CSG","state":"NY","detail_file":"data/details/power-plants-05.json","plant_id":"63112","capacity_mw":2.0,"status_group":"Operating","energy_sources":"SUN","type":"Power plant","is_nuclear":false}},{"type":"Feature","geometry":{"type":"Point","coordinates":[-75.288,43.928]},"properties":{"key":"2559-99d7ed8e","layer":"power","name":"Elmer","state":"NY","detail_file":"data/details/power-plants-09.json","plant_id":"2559","capacity_mw":2.0,"status_group":"Operating","energy_sources":"WAT","type":"Power plant","is_nuclear":false}},{"type":"Feature","geometry":{"type":"Point","coordinates":[-73.735,42.275]},"properties":{"key":"68862-7ff7308c","layer":"power","name":"Emerson NY","state":"NY","detail_file":"data/details/power-plants-37.json","plant_id":"68862","capacity_mw":5.0,"status_group":"Planned","energy_sources":"SUN","type":"Power plant","is_nuclear":false}},{"type":"Feature","geometry":{"type":"Point","coordinates":[-74.215,40.555]},"properties":{"key":"67882-e662046d","layer":"power","name":"Empire Clean Energy, LLC","state":"NY","detail_file":"data/details/power-plants-25.json","plant_id":"67882","capacity_mw":10.0,"status_group":"Operating","energy_sources":"MWH","type":"Power plant","is_nuclear":false}},{"type":"Feature","geometry":{"type":"Point","coordinates":[-73.75,42.625]},"properties":{"key":"56259-9f3b855c","layer":"power","name":"Empire Generating Co LLC","state":"NY","detail_file":"data/details/power-plants-06.json","plant_id":"56259","capacity_mw":653.7,"status_group":"Operating","energy_sources":"NG","type":"Power plant","is_nuclear":false}},{"type":"Feature","geometry":{"type":"Point","coordinates":[-73.42,40.32]},"properties":{"key":"68443-02c43121","layer":"power","name":"Empire Wind 1","state":"NY","detail_file":"data/details/power-plants-53.json","plant_id":"68443","capacity_mw":810.0,"status_group":"Under construction","energy_sources":"WND","type":"Power plant","is_nuclear":false}},{"type":"Feature","geometry":{"type":"Point","coordinates":[-74.537,43.009]},"properties":{"key":"2560-1b0d384f","layer":"power","name":"Ephratah","state":"NY","detail_file":"data/details/power-plants-60.json","plant_id":"2560","capacity_mw":4.0,"status_group":"Operating","energy_sources":"WAT","type":"Power plant","is_nuclear":false}},{"type":"Feature","geometry":{"type":"Point","coordinates":[-73.819,41.071]},"properties":{"key":"66150-ae5dcf41","layer":"power","name":"Equinix - Elmsford","state":"NY","detail_file":"data/details/power-plants-43.json","plant_id":"66150","capacity_mw":1.7,"status_group":"Operating","energy_sources":"NG","type":"Power plant","is_nuclear":false}},{"type":"Feature","geometry":{"type":"Point","coordinates":[-73.568,40.644]},"properties":{"key":"56032-19ce002f","layer":"power","name":"Equus Freeport Power","state":"NY","detail_file":"data/details/power-plants-58.json","plant_id":"56032","capacity_mw":120.0,"status_group":"Operating","energy_sources":"NG","type":"Power plant","is_nuclear":false}},{"type":"Feature","geometry":{"type":"Point","coordinates":[-75.416,43.129]},"properties":{"key":"66042-9557f78d","layer":"power","name":"Eureka North Solar","state":"NY","detail_file":"data/details/power-plants-17.json","plant_id":"66042","capacity_mw":3.5,"status_group":"Operating","energy_sources":"SUN","type":"Power plant","is_nuclear":false}},{"type":"Feature","geometry":{"type":"Point","coordinates":[-75.416,43.131]},"properties":{"key":"66041-9f560572","layer":"power","name":"Eureka South Solar","state":"NY","detail_file":"data/details/power-plants-53.json","plant_id":"66041","capacity_mw":5.0,"status_group":"Operating","energy_sources":"SUN","type":"Power plant","is_nuclear":false}},{"type":"Feature","geometry":{"type":"Point","coordinates":[-73.468,43.323]},"properties":{"key":"66827-eac28e48","layer":"power","name":"FFP - NY Burch CSG","state":"NY","detail_file":"data/details/power-plants-44.json","plant_id":"66827","capacity_mw":2.5,"status_group":"Operating","energy_sources":"SUN","type":"Power plant","is_nuclear":false}},{"type":"Feature","geometry":{"type":"Point","coordinates":[-74.14,41.564]},"properties":{"key":"67280-2db90112","layer":"power","name":"FFP - NY Ruggirello CSG","state":"NY","detail_file":"data/details/power-plants-63.json","plant_id":"67280","capacity_mw":2.0,"status_group":"Operating","energy_sources":"SUN","type":"Power plant","is_nuclear":false}},{"type":"Feature","geometry":{"type":"Point","coordinates":[-74.403,41.331]},"properties":{"key":"67281-0460fb7d","layer":"power","name":"FFP - NY Urbanski","state":"NY","detail_file":"data/details/power-plants-02.json","plant_id":"67281","capacity_mw":8.4,"status_group":"Operating","energy_sources":"MWH; SUN","type":"Power plant","is_nuclear":false}},{"type":"Feature","geometry":{"type":"Point","coordinates":[-74.393,41.375]},"properties":{"key":"67282-9e1c200f","layer":"power","name":"FFP - NY Varano","state":"NY","detail_file":"data/details/power-plants-03.json","plant_id":"67282","capacity_mw":10.0,"status_group":"Operating","energy_sources":"MWH; SUN","type":"Power plant","is_nuclear":false}},{"type":"Feature","geometry":{"type":"Point","coordinates":[-73.666,43.29]},"properties":{"key":"10530-e9bb0c10","layer":"power","name":"Feeder Dam Hydro Plant","state":"NY","detail_file":"data/details/power-plants-54.json","plant_id":"10530","capacity_mw":5.0,"status_group":"Operating","energy_sources":"WAT","type":"Power plant","is_nuclear":false}},{"type":"Feature","geometry":{"type":"Point","coordinates":[-75.763,42.989]},"properties":{"key":"55790-a4cc692d","layer":"power","name":"Fenner Wind","state":"NY","detail_file":"data/details/power-plants-04.json","plant_id":"55790","capacity_mw":30.0,"status_group":"Operating","energy_sources":"WND","type":"Power plant","is_nuclear":false}},{"type":"Feature","geometry":{"type":"Point","coordinates":[-73.638,43.308]},"properties":{"key":"10511-aa54fb97","layer":"power","name":"Finch Paper","state":"NY","detail_file":"data/details/power-plants-13.json","plant_id":"10511","capacity_mw":29.0,"status_group":"Operating","energy_sources":"WDL","type":"Power plant","is_nuclear":false}},{"type":"Feature","geometry":{"type":"Point","coordinates":[-74.546,41.456]},"properties":{"key":"62999-af95407c","layer":"power","name":"Finchville Solar, LLC Hybrid CSG","state":"NY","detail_file":"data/details/power-plants-26.json","plant_id":"62999","capacity_mw":8.0,"status_group":"Operating","energy_sources":"MWH; SUN","type":"Power plant","is_nuclear":false}},{"type":"Feature","geometry":{"type":"Point","coordinates":[-74.275,42.98]},"properties":{"key":"66220-97bedbd2","layer":"power","name":"Finney Solar","state":"NY","detail_file":"data/details/power-plants-31.json","plant_id":"66220","capacity_mw":5.0,"status_group":"Operating","energy_sources":"SUN","type":"Power plant","is_nuclear":false}},{"type":"Feature","geometry":{"type":"Point","coordinates":[-72.01,41.269]},"properties":{"key":"57600-48a29882","layer":"power","name":"Fishers Island 1","state":"NY","detail_file":"data/details/power-plants-35.json","plant_id":"57600","capacity_mw":2.6,"status_group":"Operating","energy_sources":"DFO","type":"Power plant","is_nuclear":false}},{"type":"Feature","geometry":{"type":"Point","coordinates":[-73.846,42.314]},"properties":{"key":"67090-37721d82","layer":"power","name":"Flint Mine Solar","state":"NY","detail_file":"data/details/power-plants-20.json","plant_id":"67090","capacity_mw":100.0,"status_group":"Under construction","energy_sources":"SUN","type":"Power plant","is_nuclear":false}},{"type":"Feature","geometry":{"type":"Point","coordinates":[-74.35,41.509]},"properties":{"key":"63747-069682b6","layer":"power","name":"Fogarty CSG","state":"NY","detail_file":"data/details/power-plants-39.json","plant_id":"63747","capacity_mw":2.0,"status_group":"Operating","energy_sources":"SUN","type":"Power plant","is_nuclear":false}},{"type":"Feature","geometry":{"type":"Point","coordinates":[-74.245,43.114]},"properties":{"key":"67221-e7cc7d1f","layer":"power","name":"Foothills Solar (NY)","state":"NY","detail_file":"data/details/power-plants-35.json","plant_id":"67221","capacity_mw":40.0,"status_group":"Planned","energy_sources":"SUN","type":"Power plant","is_nuclear":false}},{"type":"Feature","geometry":{"type":"Point","coordinates":[-73.887,40.861]},"properties":{"key":"63544-90722d99","layer":"power","name":"Fordham University","state":"NY","detail_file":"data/details/power-plants-42.json","plant_id":"63544","capacity_mw":2.9,"status_group":"Operating","energy_sources":"DFO","type":"Power plant","is_nuclear":false}},{"type":"Feature","geometry":{"type":"Point","coordinates":[-75.216,43.442]},"properties":{"key":"50768-33f611e4","layer":"power","name":"Forestport","state":"NY","detail_file":"data/details/power-plants-07.json","plant_id":"50768","capacity_mw":3.4,"status_group":"Operating","energy_sources":"WAT","type":"Power plant","is_nuclear":false}},{"type":"Feature","geometry":{"type":"Point","coordinates":[-73.75,41.95]},"properties":{"key":"66909-b0ee2242","layer":"power","name":"Fork in the Road Solar","state":"NY","detail_file":"data/details/power-plants-42.json","plant_id":"66909","capacity_mw":1.4,"status_group":"Operating","energy_sources":"SUN","type":"Power plant","is_nuclear":false}},{"type":"Feature","geometry":{"type":"Point","coordinates":[-73.584,43.161]},"properties":{"key":"50514-340a1e9a","layer":"power","name":"Fort Miller Hydroelectric Facility","state":"NY","detail_file":"data/details/power-plants-13.json","plant_id":"50514","capacity_mw":5.0,"status_group":"Operating","energy_sources":"WAT","type":"Power plant","is_nuclear":false}},{"type":"Feature","geometry":{"type":"Point","coordinates":[-73.692,42.788]},"properties":{"key":"10467-441dd0e5","layer":"power","name":"Fourth Branch Hydroelectric Facility","state":"NY","detail_file":"data/details/power-plants-45.json","plant_id":"10467","capacity_mw":3.3,"status_group":"Operating","energy_sources":"WAT","type":"Power plant","is_nuclear":false}},{"type":"Feature","geometry":{"type":"Point","coordinates":[-74.077,40.611]},"properties":{"key":"65035-a285ef05","layer":"power","name":"Fox Hills Battery Station","state":"NY","detail_file":"data/details/power-plants-21.json","plant_id":"65035","capacity_mw":7.5,"status_group":"Operating","energy_sources":"MWH","type":"Power plant","is_nuclear":false}},{"type":"Feature","geometry":{"type":"Point","coordinates":[-74.038,42.37]},"properties":{"key":"64788-c677e220","layer":"power","name":"Freehold(CSG)","state":"NY","detail_file":"data/details/power-plants-29.json","plant_id":"64788","capacity_mw":2.0,"status_group":"Operating","energy_sources":"SUN","type":"Power plant","is_nuclear":false}},{"type":"Feature","geometry":{"type":"Point","coordinates":[-74.497,41.739]},"properties":{"key":"63086-7cb2aa3e","layer":"power","name":"Frog Hollow CSG","state":"NY","detail_file":"data/details/power-plants-34.json","plant_id":"63086","capacity_mw":2.0,"status_group":"Operating","energy_sources":"SUN","type":"Power plant","is_nuclear":false}},{"type":"Feature","geometry":{"type":"Point","coordinates":[-74.177,40.54]},"properties":{"key":"64748-84fd38bb","layer":"power","name":"Fuel Cell 18A Sneden Avenue","state":"NY","detail_file":"data/details/power-plants-53.json","plant_id":"64748","capacity_mw":3.6,"status_group":"Operating","energy_sources":"NG","type":"Power plant","is_nuclear":false}},{"type":"Feature","geometry":{"type":"Point","coordinates":[-74.177,40.54]},"properties":{"key":"64749-cd5ec40b","layer":"power","name":"Fuel Cell 18B Sneden Avenue","state":"NY","detail_file":"data/details/power-plants-23.json","plant_id":"64749","capacity_mw":4.2,"status_group":"Operating","energy_sources":"NG","type":"Power plant","is_nuclear":false}},{"type":"Feature","geometry":{"type":"Point","coordinates":[-73.855,40.873]},"properties":{"key":"64747-2d87e756","layer":"power","name":"Fuel Cell 3245 Yates Avenue","state":"NY","detail_file":"data/details/power-plants-57.json","plant_id":"64747","capacity_mw":5.0,"status_group":"Operating","energy_sources":"NG","type":"Power plant","is_nuclear":false}},{"type":"Feature","geometry":{"type":"Point","coordinates":[-74.474,43.014]},"properties":{"key":"57003-3b31ef86","layer":"power","name":"Fulton LFGTE Facility","state":"NY","detail_file":"data/details/power-plants-00.json","plant_id":"57003","capacity_mw":3.2,"status_group":"Operating","energy_sources":"LFG","type":"Power plant","is_nuclear":false}},{"type":"Feature","geometry":{"type":"Point","coordinates":[-74.313,42.986]},"properties":{"key":"64102-95f46d19","layer":"power","name":"GE 19th Hole","state":"NY","detail_file":"data/details/power-plants-47.json","plant_id":"64102","capacity_mw":7.7,"status_group":"Operating","energy_sources":"SUN","type":"Power plant","is_nuclear":false}},{"type":"Feature","geometry":{"type":"Point","coordinates":[-75.794,43.368]},"properties":{"key":"70063-e8d6782d","layer":"power","name":"GSPP 1450 Curtiss Rd, LLC","state":"NY","detail_file":"data/details/power-plants-23.json","plant_id":"70063","capacity_mw":3.5,"status_group":"Operating","energy_sources":"SUN","type":"Power plant","is_nuclear":false}},{"type":"Feature","geometry":{"type":"Point","coordinates":[-75.258,43.201]},"properties":{"key":"67468-c6696253","layer":"power","name":"GSPP 7024 Fox Rd, LLC","state":"NY","detail_file":"data/details/power-plants-36.json","plant_id":"67468","capacity_mw":5.0,"status_group":"Operating","energy_sources":"SUN","type":"Power plant","is_nuclear":false}},{"type":"Feature","geometry":{"type":"Point","coordinates":[-75.542,43.88]},"properties":{"key":"70057-e44baa2c","layer":"power","name":"GSPP 9557 E Rd S, LLC","state":"NY","detail_file":"data/details/power-plants-50.json","plant_id":"70057","capacity_mw":2.3,"status_group":"Operating","energy_sources":"SUN","type":"Power plant","is_nuclear":false}},{"type":"Feature","geometry":{"type":"Point","coordinates":[-75.539,43.877]},"properties":{"key":"70058-c1598228","layer":"power","name":"GSPP 9605 E Rd N, LLC","state":"NY","detail_file":"data/details/power-plants-12.json","plant_id":"70058","capacity_mw":2.3,"status_group":"Operating","energy_sources":"SUN","type":"Power plant","is_nuclear":false}},{"type":"Feature","geometry":{"type":"Point","coordinates":[-74.151,40.553]},"properties":{"key":"67883-49d6bd08","layer":"power","name":"Gabby Giffords Clean Energy, LLC","state":"NY","detail_file":"data/details/power-plants-60.json","plant_id":"67883","capacity_mw":8.0,"status_group":"Operating","energy_sources":"MWH","type":"Power plant","is_nuclear":false}},{"type":"Feature","geometry":{"type":"Point","coordinates":[-74.062,43.724]},"properties":{"key":"62843-e3ece631","layer":"power","name":"Garnet Solar (NY)","state":"NY","detail_file":"data/details/power-plants-29.json","plant_id":"62843","capacity_mw":1.9,"status_group":"Operating","energy_sources":"SUN","type":"Power plant","is_nuclear":false}},{"type":"Feature","geometry":{"type":"Point","coordinates":[-73.566,43.356]},"properties":{"key":"67418-ab47294c","layer":"power","name":"Geer Road Solar 1 CSG","state":"NY","detail_file":"data/details/power-plants-40.json","plant_id":"67418","capacity_mw":5.0,"status_group":"Operating","energy_sources":"SUN","type":"Power plant","is_nuclear":false}},{"type":"Feature","geometry":{"type":"Point","coordinates":[-73.563,43.36]},"properties":{"key":"67412-6c9fb3ab","layer":"power","name":"Geer Road Solar 2 CSG","state":"NY","detail_file":"data/details/power-plants-11.json","plant_id":"67412","capacity_mw":5.0,"status_group":"Operating","energy_sources":"SUN","type":"Power plant","is_nuclear":false}},{"type":"Feature","geometry":{"type":"Point","coordinates":[-73.571,43.354]},"properties":{"key":"67413-c15253ca","layer":"power","name":"Geer Road Solar 3","state":"NY","detail_file":"data/details/power-plants-10.json","plant_id":"67413","capacity_mw":5.0,"status_group":"Operating","energy_sources":"SUN","type":"Power plant","is_nuclear":false}},{"type":"Feature","geometry":{"type":"Point","coordinates":[-73.709,42.277]},"properties":{"key":"66482-ecf48e79","layer":"power","name":"Ghent (NY)","state":"NY","detail_file":"data/details/power-plants-15.json","plant_id":"66482","capacity_mw":3.3,"status_group":"Operating","energy_sources":"SUN","type":"Power plant","is_nuclear":false}},{"type":"Feature","geometry":{"type":"Point","coordinates":[-74.071,42.824]},"properties":{"key":"63056-37a3d8ba","layer":"power","name":"Gifford CSG","state":"NY","detail_file":"data/details/power-plants-05.json","plant_id":"63056","capacity_mw":2.0,"status_group":"Operating","energy_sources":"SUN","type":"Power plant","is_nuclear":false}},{"type":"Feature","geometry":{"type":"Point","coordinates":[-74.366,41.37]},"properties":{"key":"64719-67c51bc9","layer":"power","name":"Glenmere Lake","state":"NY","detail_file":"data/details/power-plants-41.json","plant_id":"64719","capacity_mw":4.0,"status_group":"Operating","energy_sources":"MWH; SUN","type":"Power plant","is_nuclear":false}},{"type":"Feature","geometry":{"type":"Point","coordinates":[-73.933,42.839]},"properties":{"key":"66816-6fe5c43d","layer":"power","name":"Glenville Solar (CSG)","state":"NY","detail_file":"data/details/power-plants-54.json","plant_id":"66816","capacity_mw":4.3,"status_group":"Operating","energy_sources":"SUN","type":"Power plant","is_nuclear":false}},{"type":"Feature","geometry":{"type":"Point","coordinates":[-73.647,40.827]},"properties":{"key":"2514-efd820e2","layer":"power","name":"Glenwood","state":"NY","detail_file":"data/details/power-plants-06.json","plant_id":"2514","capacity_mw":110.0,"status_group":"Operating","energy_sources":"DFO","type":"Power plant","is_nuclear":false}},{"type":"Feature","geometry":{"type":"Point","coordinates":[-73.648,40.828]},"properties":{"key":"7869-06b034a4","layer":"power","name":"Glenwood Landing","state":"NY","detail_file":"data/details/power-plants-14.json","plant_id":"7869","capacity_mw":122.0,"status_group":"Operating","energy_sources":"DFO; NG","type":"Power plant","is_nuclear":false}},{"type":"Feature","geometry":{"type":"Point","coordinates":[-74.308,43.053]},"properties":{"key":"62357-6ae0bb0a","layer":"power","name":"Gloversville Landfill Solar","state":"NY","detail_file":"data/details/power-plants-59.json","plant_id":"62357","capacity_mw":5.0,"status_group":"Operating","energy_sources":"SUN","type":"Power plant","is_nuclear":false}},{"type":"Feature","geometry":{"type":"Point","coordinates":[-73.751,42.766]},"properties":{"key":"64746-114143de","layer":"power","name":"Goldman Sachs Carports Solar","state":"NY","detail_file":"data/details/power-plants-30.json","plant_id":"64746","capacity_mw":1.0,"status_group":"Operating","energy_sources":"SUN","type":"Power plant","is_nuclear":false}},{"type":"Feature","geometry":{"type":"Point","coordinates":[-74.135,41.111]},"properties":{"key":"61551-819eefeb","layer":"power","name":"Good Samaritan Hospital","state":"NY","detail_file":"data/details/power-plants-11.json","plant_id":"61551","capacity_mw":1.9,"status_group":"Operating","energy_sources":"DFO; NG","type":"Power plant","is_nuclear":false}},{"type":"Feature","geometry":{"type":"Point","coordinates":[-74.984,42.502]},"properties":{"key":"50079-4dc3712b","layer":"power","name":"Goodyear Lake Plant","state":"NY","detail_file":"data/details/power-plants-62.json","plant_id":"50079","capacity_mw":1.4,"status_group":"Operating","energy_sources":"WAT","type":"Power plant","is_nuclear":false}},{"type":"Feature","geometry":{"type":"Point","coordinates":[-73.323,43.543]},"properties":{"key":"61764-45e6bc24","layer":"power","name":"Gore Mountain Solar II","state":"NY","detail_file":"data/details/power-plants-43.json","plant_id":"61764","capacity_mw":2.0,"status_group":"Operating","energy_sources":"SUN","type":"Power plant","is_nuclear":false}},{"type":"Feature","geometry":{"type":"Point","coordinates":[-75.339,43.613]},"properties":{"key":"56704-4976cb60","layer":"power","name":"Gouldtown","state":"NY","detail_file":"data/details/power-plants-36.json","plant_id":"56704","capacity_mw":2.0,"status_group":"Operating","energy_sources":"WAT","type":"Power plant","is_nuclear":false}},{"type":"Feature","geometry":{"type":"Point","coordinates":[-74.005,40.663]},"properties":{"key":"2494-cb570c74","layer":"power","name":"Gowanus Gas Turbines Generating","state":"NY","detail_file":"data/details/power-plants-57.json","plant_id":"2494","capacity_mw":640.0,"status_group":"Operating","energy_sources":"DFO; NG","type":"Power plant","is_nuclear":false}},{"type":"Feature","geometry":{"type":"Point","coordinates":[-74.18,41.579]},"properties":{"key":"63752-5f509f17","layer":"power","name":"Grabinski","state":"NY","detail_file":"data/details/power-plants-46.json","plant_id":"63752","capacity_mw":2.0,"status_group":"Operating","energy_sources":"SUN","type":"Power plant","is_nuclear":false}},{"type":"Feature","geometry":{"type":"Point","coordinates":[-74.511,41.859]},"properties":{"key":"2627-d2b82566","layer":"power","name":"Grahamsville","state":"NY","detail_file":"data/details/power-plants-39.json","plant_id":"2627","capacity_mw":18.0,"status_group":"Operating","energy_sources":"WAT","type":"Power plant","is_nuclear":false}},{"type":"Feature","geometry":{"type":"Point","coordinates":[-73.723,41.211]},"properties":{"key":"63291-8ddd50d1","layer":"power","name":"Grand Prix Solar","state":"NY","detail_file":"data/details/power-plants-44.json","plant_id":"63291","capacity_mw":1.6,"status_group":"Operating","energy_sources":"SUN","type":"Power plant","is_nuclear":false}},{"type":"Feature","geometry":{"type":"Point","coordinates":[-73.711,41.58]},"properties":{"key":"69398-70237b6d","layer":"power","name":"Green Haven","state":"NY","detail_file":"data/details/power-plants-23.json","plant_id":"69398","capacity_mw":3.2,"status_group":"Operating","energy_sources":"SUN","type":"Power plant","is_nuclear":false}},{"type":"Feature","geometry":{"type":"Point","coordinates":[-73.69,42.748]},"properties":{"key":"61207-2dfe2196","layer":"power","name":"Green Island Hydroelectric Station","state":"NY","detail_file":"data/details/power-plants-12.json","plant_id":"61207","capacity_mw":6.0,"status_group":"Operating","energy_sources":"WAT","type":"Power plant","is_nuclear":false}},{"type":"Feature","geometry":{"type":"Point","coordinates":[-75.95,43.05]},"properties":{"key":"65627-eebdc4a0","layer":"power","name":"Green Lakes Solar","state":"NY","detail_file":"data/details/power-plants-50.json","plant_id":"65627","capacity_mw":5.0,"status_group":"Operating","energy_sources":"SUN","type":"Power plant","is_nuclear":false}},{"type":"Feature","geometry":{"type":"Point","coordinates":[-75.826,42.252]},"properties":{"key":"66524-76693e3d","layer":"power","name":"Greene Community Solar","state":"NY","detail_file":"data/details/power-plants-20.json","plant_id":"66524","capacity_mw":5.0,"status_group":"Operating","energy_sources":"SUN","type":"Power plant","is_nuclear":false}},{"type":"Feature","geometry":{"type":"Point","coordinates":[-74.001,42.295]},"properties":{"key":"60463-292b20db","layer":"power","name":"Greene County Meter #1","state":"NY","detail_file":"data/details/power-plants-53.json","plant_id":"60463","capacity_mw":1.6,"status_group":"Operating","energy_sources":"SUN","type":"Power plant","is_nuclear":false}},{"type":"Feature","geometry":{"type":"Point","coordinates":[-72.376,41.105]},"properties":{"key":"2681-b16ad561","layer":"power","name":"Greenport","state":"NY","detail_file":"data/details/power-plants-42.json","plant_id":"2681","capacity_mw":10.1,"status_group":"Operating","energy_sources":"DFO","type":"Power plant","is_nuclear":false}},{"type":"Feature","geometry":{"type":"Point","coordinates":[-74.622,41.356]},"properties":{"key":"62759-b73b984e","layer":"power","name":"Greenville CSG","state":"NY","detail_file":"data/details/power-plants-63.json","plant_id":"62759","capacity_mw":2.0,"status_group":"Operating","energy_sources":"SUN","type":"Power plant","is_nuclear":false}},{"type":"Feature","geometry":{"type":"Point","coordinates":[-73.533,43.078]},"properties":{"key":"63411-2a899dce","layer":"power","name":"Greenwich Solar 1, LLC CSG","state":"NY","detail_file":"data/details/power-plants-55.json","plant_id":"63411","capacity_mw":5.0,"status_group":"Operating","energy_sources":"SUN","type":"Power plant","is_nuclear":false}},{"type":"Feature","geometry":{"type":"Point","coordinates":[-74.023,42.717]},"properties":{"key":"68154-7a61e00d","layer":"power","name":"Guilderland Solar","state":"NY","detail_file":"data/details/power-plants-09.json","plant_id":"68154","capacity_mw":5.0,"status_group":"Operating","energy_sources":"SUN","type":"Power plant","is_nuclear":false}},{"type":"Feature","geometry":{"type":"Point","coordinates":[-74.001,42.727]},"properties":{"key":"63052-5f4c1906","layer":"power","name":"Guildlerland CSG","state":"NY","detail_file":"data/details/power-plants-25.json","plant_id":"63052","capacity_mw":2.0,"status_group":"Operating","energy_sources":"SUN","type":"Power plant","is_nuclear":false}},{"type":"Feature","geometry":{"type":"Point","coordinates":[-73.836,40.865]},"properties":{"key":"67886-c189cda6","layer":"power","name":"Gunther","state":"NY","detail_file":"data/details/power-plants-58.json","plant_id":"67886","capacity_mw":3.0,"status_group":"Operating","energy_sources":"MWH","type":"Power plant","is_nuclear":false}},{"type":"Feature","geometry":{"type":"Point","coordinates":[-73.891,42.894]},"properties":{"key":"69399-1f771ba5","layer":"power","name":"Guyer","state":"NY","detail_file":"data/details/power-plants-59.json","plant_id":"69399","capacity_mw":3.5,"status_group":"Operating","energy_sources":"SUN","type":"Power plant","is_nuclear":false}},{"type":"Feature","geometry":{"type":"Point","coordinates":[-73.325,43.544]},"properties":{"key":"61765-29ce7be9","layer":"power","name":"HGS Solar I","state":"NY","detail_file":"data/details/power-plants-43.json","plant_id":"61765","capacity_mw":2.0,"status_group":"Operating","energy_sources":"SUN","type":"Power plant","is_nuclear":false}},{"type":"Feature","geometry":{"type":"Point","coordinates":[-73.68,42.697]},"properties":{"key":"58186-81d98111","layer":"power","name":"HVCC Cogen Plant","state":"NY","detail_file":"data/details/power-plants-61.json","plant_id":"58186","capacity_mw":8.1,"status_group":"Operating","energy_sources":"DFO; NG","type":"Power plant","is_nuclear":false}},{"type":"Feature","geometry":{"type":"Point","coordinates":[-74.329,43.018]},"properties":{"key":"63339-a1a5e66b","layer":"power","name":"Hales Mills Solar, LLC","state":"NY","detail_file":"data/details/power-plants-13.json","plant_id":"63339","capacity_mw":8.0,"status_group":"Operating","energy_sources":"MWH; SUN","type":"Power plant","is_nuclear":false}},{"type":"Feature","geometry":{"type":"Point","coordinates":[-74.879,43.112]},"properties":{"key":"57287-357a0c89","layer":"power","name":"Hardscrabble Wind Power LLC","state":"NY","detail_file":"data/details/power-plants-53.json","plant_id":"57287","capacity_mw":74.0,"status_group":"Operating","energy_sources":"WND","type":"Power plant","is_nuclear":false}},{"type":"Feature","geometry":{"type":"Point","coordinates":[-73.94,40.815]},"properties":{"key":"63671-bc009087","layer":"power","name":"Harlem Hospital Center","state":"NY","detail_file":"data/details/power-plants-26.json","plant_id":"63671","capacity_mw":4.7,"status_group":"Operating","energy_sources":"DFO","type":"Power plant","is_nuclear":false}},{"type":"Feature","geometry":{"type":"Point","coordinates":[-73.916,40.799]},"properties":{"key":"7914-30a0b22e","layer":"power","name":"Harlem River Yard","state":"NY","detail_file":"data/details/power-plants-30.json","plant_id":"7914","capacity_mw":94.0,"status_group":"Operating","energy_sources":"NG","type":"Power plant","is_nuclear":false}},{"type":"Feature","geometry":{"type":"Point","coordinates":[-74.736,41.772]},"properties":{"key":"69093-fcb64227","layer":"power","name":"Harris (NY)","state":"NY","detail_file":"data/details/power-plants-47.json","plant_id":"69093","capacity_mw":2.0,"status_group":"Operating","energy_sources":"SUN","type":"Power plant","is_nuclear":false}},{"type":"Feature","geometry":{"type":"Point","coordinates":[-74.186,43.972]},"properties":{"key":"2528-731688fa","layer":"power","name":"Harris Lake","state":"NY","detail_file":"data/details/power-plants-04.json","plant_id":"2528","capacity_mw":4.2,"status_group":"Operating","energy_sources":"DFO","type":"Power plant","is_nuclear":false}},{"type":"Feature","geometry":{"type":"Point","coordinates":[-72.376,41.106]},"properties":{"key":"55969-c9dd1565","layer":"power","name":"Hawkeye Energy Greenport LLC","state":"NY","detail_file":"data/details/power-plants-11.json","plant_id":"55969","capacity_mw":54.0,"status_group":"Operating","energy_sources":"KER","type":"Power plant","is_nuclear":false}},{"type":"Feature","geometry":{"type":"Point","coordinates":[-73.837,42.508]},"properties":{"key":"66126-12829d2d","layer":"power","name":"Hecate Energy Albany 2 LLC","state":"NY","detail_file":"data/details/power-plants-02.json","plant_id":"66126","capacity_mw":21.1,"status_group":"Operating","energy_sources":"SUN","type":"Power plant","is_nuclear":false}},{"type":"Feature","geometry":{"type":"Point","coordinates":[-73.833,42.515]},"properties":{"key":"64077-2c33eae8","layer":"power","name":"Hecate Energy Albany County 1","state":"NY","detail_file":"data/details/power-plants-13.json","plant_id":"64077","capacity_mw":20.0,"status_group":"Operating","energy_sources":"SUN","type":"Power plant","is_nuclear":false}},{"type":"Feature","geometry":{"type":"Point","coordinates":[-73.909,40.799]},"properties":{"key":"7913-b0974af4","layer":"power","name":"Hell Gate","state":"NY","detail_file":"data/details/power-plants-60.json","plant_id":"7913","capacity_mw":94.0,"status_group":"Operating","energy_sources":"NG","type":"Power plant","is_nuclear":false}},{"type":"Feature","geometry":{"type":"Point","coordinates":[-74.983,43.034]},"properties":{"key":"52057-c98a1002","layer":"power","name":"Herkimer","state":"NY","detail_file":"data/details/power-plants-17.json","plant_id":"52057","capacity_mw":1.6,"status_group":"Operating","energy_sources":"WAT","type":"Power plant","is_nuclear":false}},{"type":"Feature","geometry":{"type":"Point","coordinates":[-73.622,42.873]},"properties":{"key":"66749-e915027d","layer":"power","name":"Herrington Solar","state":"NY","detail_file":"data/details/power-plants-04.json","plant_id":"66749","capacity_mw":5.0,"status_group":"Operating","energy_sources":"SUN","type":"Power plant","is_nuclear":false}},{"type":"Feature","geometry":{"type":"Point","coordinates":[-75.481,42.438]},"properties":{"key":"62894-9aba14ce","layer":"power","name":"High Bridge Wind Project","state":"NY","detail_file":"data/details/power-plants-37.json","plant_id":"62894","capacity_mw":103.2,"status_group":"Planned","energy_sources":"WND","type":"Power plant","is_nuclear":false}},{"type":"Feature","geometry":{"type":"Point","coordinates":[-74.132,41.829]},"properties":{"key":"579-0c416851","layer":"power","name":"High Falls","state":"NY","detail_file":"data/details/power-plants-17.json","plant_id":"579","capacity_mw":3.2,"status_group":"Operating","energy_sources":"WAT","type":"Power plant","is_nuclear":false}},{"type":"Feature","geometry":{"type":"Point","coordinates":[-75.373,43.925]},"properties":{"key":"2575-bf3d5be0","layer":"power","name":"High Falls - Croghan NY","state":"NY","detail_file":"data/details/power-plants-48.json","plant_id":"2575","capacity_mw":6.0,"status_group":"Operating","energy_sources":"WAT","type":"Power plant","is_nuclear":false}},{"type":"Feature","geometry":{"type":"Point","coordinates":[-74.133,42.902]},"properties":{"key":"65765-3fa5acca","layer":"power","name":"High River Energy Center, LLC","state":"NY","detail_file":"data/details/power-plants-37.json","plant_id":"65765","capacity_mw":90.0,"status_group":"Operating","energy_sources":"SUN","type":"Power plant","is_nuclear":false}},{"type":"Feature","geometry":{"type":"Point","coordinates":[-74.165,41.127]},"properties":{"key":"2628-7a3f59a3","layer":"power","name":"Hillburn","state":"NY","detail_file":"data/details/power-plants-23.json","plant_id":"2628","capacity_mw":46.5,"status_group":"Operating","energy_sources":"NG","type":"Power plant","is_nuclear":false}},{"type":"Feature","geometry":{"type":"Point","coordinates":[-73.56,43.299]},"properties":{"key":"69181-f138942c","layer":"power","name":"Hillview","state":"NY","detail_file":"data/details/power-plants-26.json","plant_id":"69181","capacity_mw":5.0,"status_group":"Under construction","energy_sources":"SUN","type":"Power plant","is_nuclear":false}},{"type":"Feature","geometry":{"type":"Point","coordinates":[-75.754,42.965]},"properties":{"key":"67346-e8082611","layer":"power","name":"Hoffman Falls Wind 2","state":"NY","detail_file":"data/details/power-plants-22.json","plant_id":"67346","capacity_mw":103.5,"status_group":"Planned","energy_sources":"WND","type":"Power plant","is_nuclear":false}},{"type":"Feature","geometry":{"type":"Point","coordinates":[-73.066,40.817]},"properties":{"key":"8007-da4ae615","layer":"power","name":"Holtsville","state":"NY","detail_file":"data/details/power-plants-07.json","plant_id":"8007","capacity_mw":567.0,"status_group":"Operating","energy_sources":"KER","type":"Power plant","is_nuclear":false}},{"type":"Feature","geometry":{"type":"Point","coordinates":[-73.034,40.797]},"properties":{"key":"69822-5e8327d1","layer":"power","name":"Holtsville Coast Solar Project","state":"NY","detail_file":"data/details/power-plants-06.json","plant_id":"69822","capacity_mw":1.0,"status_group":"Operating","energy_sources":"SUN","type":"Power plant","is_nuclear":false}},{"type":"Feature","geometry":{"type":"Point","coordinates":[-73.034,40.798]},"properties":{"key":"61902-9f8f4ea2","layer":"power","name":"Holtsville Solar Project","state":"NY","detail_file":"data/details/power-plants-25.json","plant_id":"61902","capacity_mw":1.2,"status_group":"Operating","energy_sources":"SUN","type":"Power plant","is_nuclear":false}},{"type":"Feature","geometry":{"type":"Point","coordinates":[-73.602,42.726]},"properties":{"key":"63371-7e58c8d0","layer":"power","name":"Hope Solar Farm LLC","state":"NY","detail_file":"data/details/power-plants-11.json","plant_id":"63371","capacity_mw":2.0,"status_group":"Operating","energy_sources":"SUN","type":"Power plant","is_nuclear":false}},{"type":"Feature","geometry":{"type":"Point","coordinates":[-75.036,41.775]},"properties":{"key":"62155-c3354147","layer":"power","name":"Hospital Rd Community Solar Farm CSG","state":"NY","detail_file":"data/details/power-plants-09.json","plant_id":"62155","capacity_mw":1.4,"status_group":"Operating","energy_sources":"SUN","type":"Power plant","is_nuclear":false}},{"type":"Feature","geometry":{"type":"Point","coordinates":[-74.313,41.265]},"properties":{"key":"63107-5ad6652d","layer":"power","name":"Howell CSG","state":"NY","detail_file":"data/details/power-plants-21.json","plant_id":"63107","capacity_mw":2.0,"status_group":"Operating","energy_sources":"SUN","type":"Power plant","is_nuclear":false}},{"type":"Feature","geometry":{"type":"Point","coordinates":[-73.596,43.296]},"properties":{"key":"54953-956efbc8","layer":"power","name":"Hudson Falls Hydroelectric Project","state":"NY","detail_file":"data/details/power-plants-52.json","plant_id":"54953","capacity_mw":44.0,"status_group":"Operating","energy_sources":"WAT","type":"Power plant","is_nuclear":false}},{"type":"Feature","geometry":{"type":"Point","coordinates":[-73.291,40.881]},"properties":{"key":"50656-81f4bff1","layer":"power","name":"Huntington Resource Recovery Facility","state":"NY","detail_file":"data/details/power-plants-29.json","plant_id":"50656","capacity_mw":28.0,"status_group":"Operating","energy_sources":"MSW","type":"Power plant","is_nuclear":false}},{"type":"Feature","geometry":{"type":"Point","coordinates":[-73.812,43.25]},"properties":{"key":"50458-ac39b732","layer":"power","name":"Indeck Corinth Energy Center","state":"NY","detail_file":"data/details/power-plants-47.json","plant_id":"50458","capacity_mw":147.0,"status_group":"Operating","energy_sources":"NG","type":"Power plant","is_nuclear":false}},{"type":"Feature","geometry":{"type":"Point","coordinates":[-74.764,43.061]},"properties":{"key":"2579-1a0db350","layer":"power","name":"Inghams","state":"NY","detail_file":"data/details/power-plants-21.json","plant_id":"2579","capacity_mw":6.0,"status_group":"Operating","energy_sources":"WAT","type":"Power plant","is_nuclear":false}},{"type":"Feature","geometry":{"type":"Point","coordinates":[-73.937,40.679]},"properties":{"key":"64004-37d2f173","layer":"power","name":"Interfaith Medical Center","state":"NY","detail_file":"data/details/power-plants-29.json","plant_id":"64004","capacity_mw":1.2,"status_group":"Operating","energy_sources":"DFO","type":"Power plant","is_nuclear":false}},{"type":"Feature","geometry":{"type":"Point","coordinates":[-73.805,41.69]},"properties":{"key":"65613-ebe04884","layer":"power","name":"JB-Tobin 2","state":"NY","detail_file":"data/details/power-plants-60.json","plant_id":"65613","capacity_mw":1.6,"status_group":"Operating","energy_sources":"SUN","type":"Power plant","is_nuclear":false}},{"type":"Feature","geometry":{"type":"Point","coordinates":[-73.863,41.109]},"properties":{"key":"62446-ec4a5e57","layer":"power","name":"JLL-One Rockwood Road","state":"NY","detail_file":"data/details/power-plants-56.json","plant_id":"62446","capacity_mw":3.0,"status_group":"Operating","energy_sources":"DFO","type":"Power plant","is_nuclear":false}},{"type":"Feature","geometry":{"type":"Point","coordinates":[-73.847,40.857]},"properties":{"key":"63646-75f263de","layer":"power","name":"Jacobi Medical Center","state":"NY","detail_file":"data/details/power-plants-27.json","plant_id":"63646","capacity_mw":9.1,"status_group":"Operating","energy_sources":"DFO","type":"Power plant","is_nuclear":false}},{"type":"Feature","geometry":{"type":"Point","coordinates":[-73.762,40.61]},"properties":{"key":"56141-21f1989c","layer":"power","name":"Jamaica Bay Peaking","state":"NY","detail_file":"data/details/power-plants-22.json","plant_id":"56141","capacity_mw":60.5,"status_group":"Operating","energy_sources":"KER","type":"Power plant","is_nuclear":false}},{"type":"Feature","geometry":{"type":"Point","coordinates":[-74.588,41.41]},"properties":{"key":"67619-0fbea206","layer":"power","name":"Janiak","state":"NY","detail_file":"data/details/power-plants-43.json","plant_id":"67619","capacity_mw":2.0,"status_group":"Operating","energy_sources":"SUN","type":"Power plant","is_nuclear":false}},{"type":"Feature","geometry":{"type":"Point","coordinates":[-75.109,43.312]},"properties":{"key":"808-ceb35521","layer":"power","name":"Jarvis (Hinckley)","state":"NY","detail_file":"data/details/power-plants-58.json","plant_id":"808","capacity_mw":9.0,"status_group":"Operating","energy_sources":"WAT","type":"Power plant","is_nuclear":false}},{"type":"Feature","geometry":{"type":"Point","coordinates":[-75.97,43.971]},"properties":{"key":"60819-5a311611","layer":"power","name":"Jefferson-Lewis BOCES Solar","state":"NY","detail_file":"data/details/power-plants-17.json","plant_id":"60819","capacity_mw":2.0,"status_group":"Operating","energy_sources":"SUN","type":"Power plant","is_nuclear":false}},{"type":"Feature","geometry":{"type":"Point","coordinates":[-74.502,41.4]},"properties":{"key":"66846-45d1f2c6","layer":"power","name":"Jogee Road Solar","state":"NY","detail_file":"data/details/power-plants-16.json","plant_id":"66846","capacity_mw":2.0,"status_group":"Operating","energy_sources":"SUN","type":"Power plant","is_nuclear":false}},{"type":"Feature","geometry":{"type":"Point","coordinates":[-75.979,42.201]},"properties":{"key":"68010-d1de97bd","layer":"power","name":"Johnson City Solar","state":"NY","detail_file":"data/details/power-plants-32.json","plant_id":"68010","capacity_mw":5.0,"status_group":"Operating","energy_sources":"SUN","type":"Power plant","is_nuclear":false}},{"type":"Feature","geometry":{"type":"Point","coordinates":[-73.509,42.92]},"properties":{"key":"2580-c7f857a3","layer":"power","name":"Johnsonville Dam","state":"NY","detail_file":"data/details/power-plants-05.json","plant_id":"2580","capacity_mw":4.0,"status_group":"Operating","energy_sources":"WAT","type":"Power plant","is_nuclear":false}},{"type":"Feature","geometry":{"type":"Point","coordinates":[-74.315,42.999]},"properties":{"key":"61888-7ecfe722","layer":"power","name":"Johnstown","state":"NY","detail_file":"data/details/power-plants-49.json","plant_id":"61888","capacity_mw":2.0,"status_group":"Operating","energy_sources":"SUN","type":"Power plant","is_nuclear":false}},{"type":"Feature","geometry":{"type":"Point","coordinates":[-74.323,43.072]},"properties":{"key":"63013-86860333","layer":"power","name":"Johnstown Solar 1, LLC","state":"NY","detail_file":"data/details/power-plants-44.json","plant_id":"63013","capacity_mw":4.0,"status_group":"Operating","energy_sources":"SUN","type":"Power plant","is_nuclear":false}},{"type":"Feature","geometry":{"type":"Point","coordinates":[-74.0,40.663]},"properties":{"key":"7910-11c828be","layer":"power","name":"Joseph J Seymour Power Project","state":"NY","detail_file":"data/details/power-plants-02.json","plant_id":"7910","capacity_mw":94.0,"status_group":"Operating","energy_sources":"NG","type":"Power plant","is_nuclear":false}},{"type":"Feature","geometry":{"type":"Point","coordinates":[-75.35,43.15]},"properties":{"key":"65628-ffc1117f","layer":"power","name":"Judd Road Solar","state":"NY","detail_file":"data/details/power-plants-07.json","plant_id":"65628","capacity_mw":5.0,"status_group":"Operating","energy_sources":"SUN","type":"Power plant","is_nuclear":false}},{"type":"Feature","geometry":{"type":"Point","coordinates":[-73.747,42.962]},"properties":{"key":"62147-a73f432f","layer":"power","name":"KCE NY 1","state":"NY","detail_file":"data/details/power-plants-38.json","plant_id":"62147","capacity_mw":20.0,"status_group":"Operating","energy_sources":"MWH","type":"Power plant","is_nuclear":false}},{"type":"Feature","geometry":{"type":"Point","coordinates":[-73.217,40.813]},"properties":{"key":"66862-60caffc7","layer":"power","name":"KCE NY 29, LLC","state":"NY","detail_file":"data/details/power-plants-57.json","plant_id":"66862","capacity_mw":79.0,"status_group":"Planned","energy_sources":"MWH","type":"Power plant","is_nuclear":false}},{"type":"Feature","geometry":{"type":"Point","coordinates":[-73.352,40.695]},"properties":{"key":"67838-00bf479b","layer":"power","name":"KCE NY 30, LLC","state":"NY","detail_file":"data/details/power-plants-54.json","plant_id":"67838","capacity_mw":50.0,"status_group":"Planned","energy_sources":"MWH","type":"Power plant","is_nuclear":false}},{"type":"Feature","geometry":{"type":"Point","coordinates":[-72.867,40.958]},"properties":{"key":"67839-6ad5f342","layer":"power","name":"KCE NY 31, LLC","state":"NY","detail_file":"data/details/power-plants-27.json","plant_id":"67839","capacity_mw":50.0,"status_group":"Planned","energy_sources":"MWH","type":"Power plant","is_nuclear":false}},{"type":"Feature","geometry":{"type":"Point","coordinates":[-74.36,43.066]},"properties":{"key":"62549-21c5f679","layer":"power","name":"Kearsarge Johnstown 1 CSG","state":"NY","detail_file":"data/details/power-plants-26.json","plant_id":"62549","capacity_mw":1.5,"status_group":"Operating","energy_sources":"SUN","type":"Power plant","is_nuclear":false}},{"type":"Feature","geometry":{"type":"Point","coordinates":[-74.36,43.064]},"properties":{"key":"62556-82a85154","layer":"power","name":"Kearsarge Johnstown 2 CSG","state":"NY","detail_file":"data/details/power-plants-45.json","plant_id":"62556","capacity_mw":2.0,"status_group":"Operating","energy_sources":"SUN","type":"Power plant","is_nuclear":false}},{"type":"Feature","geometry":{"type":"Point","coordinates":[-74.736,43.06]},"properties":{"key":"61917-5bb868b0","layer":"power","name":"Kearsarge Oppenheim CSG","state":"NY","detail_file":"data/details/power-plants-17.json","plant_id":"61917","capacity_mw":1.4,"status_group":"Operating","energy_sources":"SUN","type":"Power plant","is_nuclear":false}},{"type":"Feature","geometry":{"type":"Point","coordinates":[-72.398,40.93]},"properties":{"key":"69954-b563b4b2","layer":"power","name":"Kearsarge Southampton","state":"NY","detail_file":"data/details/power-plants-45.json","plant_id":"69954","capacity_mw":4.5,"status_group":"Operating","energy_sources":"SUN","type":"Power plant","is_nuclear":false}},{"type":"Feature","geometry":{"type":"Point","coordinates":[-74.696,42.999]},"properties":{"key":"69955-4e29d948","layer":"power","name":"Kearsarge St Johnsville","state":"NY","detail_file":"data/details/power-plants-02.json","plant_id":"69955","capacity_mw":5.0,"status_group":"Operating","energy_sources":"SUN","type":"Power plant","is_nuclear":false}},{"type":"Feature","geometry":{"type":"Point","coordinates":[-74.776,41.775]},"properties":{"key":"62154-76791806","layer":"power","name":"Kelly Bridge Road Community Solar Farm","state":"NY","detail_file":"data/details/power-plants-13.json","plant_id":"62154","capacity_mw":2.0,"status_group":"Operating","energy_sources":"SUN","type":"Power plant","is_nuclear":false}},{"type":"Feature","geometry":{"type":"Point","coordinates":[-74.667,41.773]},"properties":{"key":"64030-f5dc02bc","layer":"power","name":"Kenmare - Sullivan Community College","state":"NY","detail_file":"data/details/power-plants-61.json","plant_id":"64030","capacity_mw":2.0,"status_group":"Operating","energy_sources":"SUN","type":"Power plant","is_nuclear":false}},{"type":"Feature","geometry":{"type":"Point","coordinates":[-73.778,40.642]},"properties":{"key":"54114-8865d1a6","layer":"power","name":"Kennedy International Airport Cogen","state":"NY","detail_file":"data/details/power-plants-21.json","plant_id":"54114","capacity_mw":121.2,"status_group":"Operating","energy_sources":"NG","type":"Power plant","is_nuclear":false}},{"type":"Feature","geometry":{"type":"Point","coordinates":[-74.237,40.543]},"properties":{"key":"62614-5a3999af","layer":"power","name":"Kinder Morgan Fordham","state":"NY","detail_file":"data/details/power-plants-52.json","plant_id":"62614","capacity_mw":1.7,"status_group":"Operating","energy_sources":"SUN","type":"Power plant","is_nuclear":false}},{"type":"Feature","geometry":{"type":"Point","coordinates":[-75.634,43.917]},"properties":{"key":"10872-63efb0c9","layer":"power","name":"Kings Falls Hydroelectric","state":"NY","detail_file":"data/details/power-plants-11.json","plant_id":"10872","capacity_mw":1.6,"status_group":"Operating","energy_sources":"WAT","type":"Power plant","is_nuclear":false}},{"type":"Feature","geometry":{"type":"Point","coordinates":[-73.249,40.868]},"properties":{"key":"59880-3eff56e8","layer":"power","name":"Kings Park Solar I","state":"NY","detail_file":"data/details/power-plants-05.json","plant_id":"59880","capacity_mw":2.0,"status_group":"Operating","energy_sources":"SUN","type":"Power plant","is_nuclear":false}},{"type":"Feature","geometry":{"type":"Point","coordinates":[-73.249,40.868]},"properties":{"key":"59881-2ffe6fbf","layer":"power","name":"Kings Park Solar II","state":"NY","detail_file":"data/details/power-plants-18.json","plant_id":"59881","capacity_mw":2.0,"status_group":"Operating","energy_sources":"SUN","type":"Power plant","is_nuclear":false}},{"type":"Feature","geometry":{"type":"Point","coordinates":[-73.92,40.61]},"properties":{"key":"63236-3c647aab","layer":"power","name":"Kings Plaza Total Energy Plant (TEP)","state":"NY","detail_file":"data/details/power-plants-05.json","plant_id":"63236","capacity_mw":12.8,"status_group":"Operating","energy_sources":"NG","type":"Power plant","is_nuclear":false}},{"type":"Feature","geometry":{"type":"Point","coordinates":[-73.934,40.659]},"properties":{"key":"62050-b2c75356","layer":"power","name":"Kingsbrook Jewish Medical Center","state":"NY","detail_file":"data/details/power-plants-58.json","plant_id":"62050","capacity_mw":2.6,"status_group":"Operating","energy_sources":"DFO","type":"Power plant","is_nuclear":false}},{"type":"Feature","geometry":{"type":"Point","coordinates":[-73.374,43.059]},"properties":{"key":"69091-c879dda3","layer":"power","name":"Kirkland","state":"NY","detail_file":"data/details/power-plants-54.json","plant_id":"69091","capacity_mw":4.2,"status_group":"Operating","energy_sources":"SUN","type":"Power plant","is_nuclear":false}},{"type":"Feature","geometry":{"type":"Point","coordinates":[-73.969,42.73]},"properties":{"key":"63230-7aeabd8e","layer":"power","name":"Knaggs Brothers Farm","state":"NY","detail_file":"data/details/power-plants-27.json","plant_id":"63230","capacity_mw":4.5,"status_group":"Operating","energy_sources":"SUN","type":"Power plant","is_nuclear":false}},{"type":"Feature","geometry":{"type":"Point","coordinates":[-74.076,42.676]},"properties":{"key":"69372-3899b1eb","layer":"power","name":"Knox II PV","state":"NY","detail_file":"data/details/power-plants-14.json","plant_id":"69372","capacity_mw":5.0,"status_group":"Under construction","energy_sources":"SUN","type":"Power plant","is_nuclear":false}},{"type":"Feature","geometry":{"type":"Point","coordinates":[-75.333,43.614]},"properties":{"key":"56705-457bb9fe","layer":"power","name":"Kosterville","state":"NY","detail_file":"data/details/power-plants-50.json","plant_id":"56705","capacity_mw":1.0,"status_group":"Operating","energy_sources":"WAT","type":"Power plant","is_nuclear":false}},{"type":"Feature","geometry":{"type":"Point","coordinates":[-73.856,42.666]},"properties":{"key":"67615-a3abf852","layer":"power","name":"Krumkill Road Solar North, LLC","state":"NY","detail_file":"data/details/power-plants-51.json","plant_id":"67615","capacity_mw":5.0,"status_group":"Operating","energy_sources":"SUN","type":"Power plant","is_nuclear":false}},{"type":"Feature","geometry":{"type":"Point","coordinates":[-73.856,42.666]},"properties":{"key":"67616-8837a873","layer":"power","name":"Krumkill Road Solar South, LLC","state":"NY","detail_file":"data/details/power-plants-39.json","plant_id":"67616","capacity_mw":3.8,"status_group":"Operating","energy_sources":"SUN","type":"Power plant","is_nuclear":false}},{"type":"Feature","geometry":{"type":"Point","coordinates":[-75.045,42.158]},"properties":{"key":"66473-cb9c76aa","layer":"power","name":"LSE Pavo Solar","state":"NY","detail_file":"data/details/power-plants-06.json","plant_id":"66473","capacity_mw":2.3,"status_group":"Operating","energy_sources":"SUN","type":"Power plant","is_nuclear":false}},{"type":"Feature","geometry":{"type":"Point","coordinates":[-73.421,43.849]},"properties":{"key":"10752-2f0d64a7","layer":"power","name":"Lachute Hydro Lower","state":"NY","detail_file":"data/details/power-plants-40.json","plant_id":"10752","capacity_mw":3.8,"status_group":"Operating","energy_sources":"WAT","type":"Power plant","is_nuclear":false}},{"type":"Feature","geometry":{"type":"Point","coordinates":[-73.431,43.844]},"properties":{"key":"10753-841d993f","layer":"power","name":"Lachute Hydro Upper","state":"NY","detail_file":"data/details/power-plants-43.json","plant_id":"10753","capacity_mw":5.2,"status_group":"Operating","energy_sources":"WAT","type":"Power plant","is_nuclear":false}},{"type":"Feature","geometry":{"type":"Point","coordinates":[-74.024,41.9]},"properties":{"key":"66222-1105b4db","layer":"power","name":"Landau II Solar (Hybrid)","state":"NY","detail_file":"data/details/power-plants-28.json","plant_id":"66222","capacity_mw":8.0,"status_group":"Operating","energy_sources":"MWH; SUN","type":"Power plant","is_nuclear":false}},{"type":"Feature","geometry":{"type":"Point","coordinates":[-74.028,41.901]},"properties":{"key":"66176-8c01ab33","layer":"power","name":"Landau Solar","state":"NY","detail_file":"data/details/power-plants-04.json","plant_id":"66176","capacity_mw":2.0,"status_group":"Operating","energy_sources":"SUN","type":"Power plant","is_nuclear":false}},{"type":"Feature","geometry":{"type":"Point","coordinates":[-72.763,40.925]},"properties":{"key":"59276-546127c3","layer":"power","name":"Leavenworth Greenworks LLC","state":"NY","detail_file":"data/details/power-plants-45.json","plant_id":"59276","capacity_mw":9.5,"status_group":"Operating","energy_sources":"SUN","type":"Power plant","is_nuclear":false}},{"type":"Feature","geometry":{"type":"Point","coordinates":[-74.018,41.077]},"properties":{"key":"10521-9934f995","layer":"power","name":"Lederle Laboratories","state":"NY","detail_file":"data/details/power-plants-47.json","plant_id":"10521","capacity_mw":23.4,"status_group":"Operating","energy_sources":"NG","type":"Power plant","is_nuclear":false}},{"type":"Feature","geometry":{"type":"Point","coordinates":[-75.776,43.111]},"properties":{"key":"66081-f843cf0a","layer":"power","name":"Lenox Renewables","state":"NY","detail_file":"data/details/power-plants-19.json","plant_id":"66081","capacity_mw":3.3,"status_group":"Operating","energy_sources":"SUN","type":"Power plant","is_nuclear":false}},{"type":"Feature","geometry":{"type":"Point","coordinates":[-75.97,43.524]},"properties":{"key":"2582-c19fa7d2","layer":"power","name":"Lighthouse Hill","state":"NY","detail_file":"data/details/power-plants-63.json","plant_id":"2582","capacity_mw":8.0,"status_group":"Operating","energy_sources":"WAT","type":"Power plant","is_nuclear":false}},{"type":"Feature","geometry":{"type":"Point","coordinates":[-73.876,41.775]},"properties":{"key":"66731-d99d3a0f","layer":"power","name":"Lightstar Renewables - Project 1001","state":"NY","detail_file":"data/details/power-plants-23.json","plant_id":"66731","capacity_mw":3.9,"status_group":"Operating","energy_sources":"SUN","type":"Power plant","is_nuclear":false}},{"type":"Feature","geometry":{"type":"Point","coordinates":[-73.904,41.808]},"properties":{"key":"66732-ea96649b","layer":"power","name":"Lightstar Renewables - Project 1002","state":"NY","detail_file":"data/details/power-plants-32.json","plant_id":"66732","capacity_mw":2.1,"status_group":"Operating","energy_sources":"SUN","type":"Power plant","is_nuclear":false}},{"type":"Feature","geometry":{"type":"Point","coordinates":[-73.955,42.099]},"properties":{"key":"66835-845ad3ed","layer":"power","name":"Lightstar Renewables - Project 1004","state":"NY","detail_file":"data/details/power-plants-27.json","plant_id":"66835","capacity_mw":3.5,"status_group":"Operating","energy_sources":"SUN","type":"Power plant","is_nuclear":false}},{"type":"Feature","geometry":{"type":"Point","coordinates":[-73.083,40.781]},"properties":{"key":"61899-cae1597e","layer":"power","name":"Lincoln Ave Solar Project","state":"NY","detail_file":"data/details/power-plants-25.json","plant_id":"61899","capacity_mw":2.0,"status_group":"Operating","energy_sources":"SUN","type":"Power plant","is_nuclear":false}},{"type":"Feature","geometry":{"type":"Point","coordinates":[-73.924,40.817]},"properties":{"key":"64291-53d1a765","layer":"power","name":"Lincoln Medical and Mental Health Center","state":"NY","detail_file":"data/details/power-plants-47.json","plant_id":"64291","capacity_mw":5.4,"status_group":"Operating","energy_sources":"DFO","type":"Power plant","is_nuclear":false}},{"type":"Feature","geometry":{"type":"Point","coordinates":[-73.924,40.817]},"properties":{"key":"64291-5c41ac3d","layer":"power","name":"Lincoln Medical and Mental Health Center","state":"NY","detail_file":"data/details/power-plants-41.json","plant_id":"64291","capacity_mw":1.0,"status_group":"Under construction","energy_sources":"DFO","type":"Power plant","is_nuclear":false}},{"type":"Feature","geometry":{"type":"Point","coordinates":[-74.851,43.04]},"properties":{"key":"51034-58997773","layer":"power","name":"Little Falls Hydro","state":"NY","detail_file":"data/details/power-plants-60.json","plant_id":"51034","capacity_mw":13.0,"status_group":"Operating","energy_sources":"WAT","type":"Power plant","is_nuclear":false}},{"type":"Feature","geometry":{"type":"Point","coordinates":[-74.863,42.988]},"properties":{"key":"69373-f5bd223d","layer":"power","name":"Little Falls PV","state":"NY","detail_file":"data/details/power-plants-19.json","plant_id":"69373","capacity_mw":2.5,"status_group":"Under construction","energy_sources":"SUN","type":"Power plant","is_nuclear":false}},{"type":"Feature","geometry":{"type":"Point","coordinates":[-74.886,43.059]},"properties":{"key":"65776-8fd9135c","layer":"power","name":"Little Falls Solar","state":"NY","detail_file":"data/details/power-plants-32.json","plant_id":"65776","capacity_mw":2.0,"status_group":"Operating","energy_sources":"SUN","type":"Power plant","is_nuclear":false}},{"type":"Feature","geometry":{"type":"Point","coordinates":[-74.855,43.054]},"properties":{"key":"65777-5a184d5b","layer":"power","name":"Little Falls Solar 1","state":"NY","detail_file":"data/details/power-plants-40.json","plant_id":"65777","capacity_mw":2.0,"status_group":"Operating","energy_sources":"SUN","type":"Power plant","is_nuclear":false}},{"type":"Feature","geometry":{"type":"Point","coordinates":[-74.555,41.337]},"properties":{"key":"66223-df792e73","layer":"power","name":"Lockenhurst Pond Solar","state":"NY","detail_file":"data/details/power-plants-46.json","plant_id":"66223","capacity_mw":2.0,"status_group":"Operating","energy_sources":"SUN","type":"Power plant","is_nuclear":false}},{"type":"Feature","geometry":{"type":"Point","coordinates":[-72.848,40.861]},"properties":{"key":"57589-f94fbf8f","layer":"power","name":"Long Island Solar Farm LLC","state":"NY","detail_file":"data/details/power-plants-52.json","plant_id":"57589","capacity_mw":31.5,"status_group":"Operating","energy_sources":"SUN","type":"Power plant","is_nuclear":false}},{"type":"Feature","geometry":{"type":"Point","coordinates":[-75.625,43.981]},"properties":{"key":"54548-e2ca2390","layer":"power","name":"Longfalls Facility","state":"NY","detail_file":"data/details/power-plants-05.json","plant_id":"54548","capacity_mw":3.3,"status_group":"Operating","energy_sources":"WAT","type":"Power plant","is_nuclear":false}},{"type":"Feature","geometry":{"type":"Point","coordinates":[-75.431,43.884]},"properties":{"key":"54691-73b6b313","layer":"power","name":"Lower Beaver Falls Project","state":"NY","detail_file":"data/details/power-plants-25.json","plant_id":"54691","capacity_mw":1.0,"status_group":"Operating","energy_sources":"WAT","type":"Power plant","is_nuclear":false}},{"type":"Feature","geometry":{"type":"Point","coordinates":[-75.359,43.619]},"properties":{"key":"56703-6c4b7178","layer":"power","name":"Lyons Falls Hydroelectric","state":"NY","detail_file":"data/details/power-plants-17.json","plant_id":"56703","capacity_mw":5.6,"status_group":"Operating","energy_sources":"WAT","type":"Power plant","is_nuclear":false}},{"type":"Feature","geometry":{"type":"Point","coordinates":[-75.305,43.619]},"properties":{"key":"50652-a972f602","layer":"power","name":"Lyonsdale Associates","state":"NY","detail_file":"data/details/power-plants-34.json","plant_id":"50652","capacity_mw":3.0,"status_group":"Operating","energy_sources":"WAT","type":"Power plant","is_nuclear":false}},{"type":"Feature","geometry":{"type":"Point","coordinates":[-73.871,40.734]},"properties":{"key":"62576-24415175","layer":"power","name":"MER Queens","state":"NY","detail_file":"data/details/power-plants-23.json","plant_id":"62576","capacity_mw":1.2,"status_group":"Operating","energy_sources":"NG","type":"Power plant","is_nuclear":false}},{"type":"Feature","geometry":{"type":"Point","coordinates":[-73.851,42.704]},"properties":{"key":"55155-c766c3db","layer":"power","name":"MM Albany Energy","state":"NY","detail_file":"data/details/power-plants-09.json","plant_id":"55155","capacity_mw":5.9,"status_group":"Operating","energy_sources":"LFG","type":"Power plant","is_nuclear":false}},{"type":"Feature","geometry":{"type":"Point","coordinates":[-73.672,42.698]},"properties":{"key":"63675-2e085cc3","layer":"power","name":"MSAP 13","state":"NY","detail_file":"data/details/power-plants-13.json","plant_id":"63675","capacity_mw":2.0,"status_group":"Operating","energy_sources":"SUN","type":"Power plant","is_nuclear":false}},{"type":"Feature","geometry":{"type":"Point","coordinates":[-73.106,40.787]},"properties":{"key":"51038-eb0dbbbb","layer":"power","name":"MacArthur Waste to Energy Facility","state":"NY","detail_file":"data/details/power-plants-58.json","plant_id":"51038","capacity_mw":12.5,"status_group":"Operating","energy_sources":"MSW","type":"Power plant","is_nuclear":false}},{"type":"Feature","geometry":{"type":"Point","coordinates":[-75.701,43.028]},"properties":{"key":"61725-fe8f59f7","layer":"power","name":"Madison County","state":"NY","detail_file":"data/details/power-plants-39.json","plant_id":"61725","capacity_mw":1.8,"status_group":"Operating","energy_sources":"SUN","type":"Power plant","is_nuclear":false}},{"type":"Feature","geometry":{"type":"Point","coordinates":[-75.452,42.895]},"properties":{"key":"55769-93b2e6fa","layer":"power","name":"Madison Windpower LLC","state":"NY","detail_file":"data/details/power-plants-47.json","plant_id":"55769","capacity_mw":11.5,"status_group":"Operating","energy_sources":"WND","type":"Power plant","is_nuclear":false}},{"type":"Feature","geometry":{"type":"Point","coordinates":[-74.138,41.603]},"properties":{"key":"66495-5c0d5be5","layer":"power","name":"Magruder Solar Community Solar","state":"NY","detail_file":"data/details/power-plants-39.json","plant_id":"66495","capacity_mw":5.0,"status_group":"Operating","energy_sources":"SUN","type":"Power plant","is_nuclear":false}},{"type":"Feature","geometry":{"type":"Point","coordinates":[-73.999,40.64]},"properties":{"key":"62174-b402b513","layer":"power","name":"Maimonides Medical Center","state":"NY","detail_file":"data/details/power-plants-39.json","plant_id":"62174","capacity_mw":4.4,"status_group":"Operating","energy_sources":"DFO","type":"Power plant","is_nuclear":false}},{"type":"Feature","geometry":{"type":"Point","coordinates":[-75.969,43.015]},"properties":{"key":"68647-e1f7e912","layer":"power","name":"Manlius East","state":"NY","detail_file":"data/details/power-plants-07.json","plant_id":"68647","capacity_mw":5.0,"status_group":"Operating","energy_sources":"SUN","type":"Power plant","is_nuclear":false}},{"type":"Feature","geometry":{"type":"Point","coordinates":[-75.965,43.011]},"properties":{"key":"68648-cf922034","layer":"power","name":"Manlius North","state":"NY","detail_file":"data/details/power-plants-29.json","plant_id":"68648","capacity_mw":1.4,"status_group":"Operating","energy_sources":"SUN","type":"Power plant","is_nuclear":false}},{"type":"Feature","geometry":{"type":"Point","coordinates":[-75.969,43.011]},"properties":{"key":"68649-aab8d0b6","layer":"power","name":"Manlius West","state":"NY","detail_file":"data/details/power-plants-35.json","plant_id":"68649","capacity_mw":5.0,"status_group":"Operating","energy_sources":"SUN","type":"Power plant","is_nuclear":false}},{"type":"Feature","geometry":{"type":"Point","coordinates":[-74.144,42.964]},"properties":{"key":"66947-2d0dc7b2","layer":"power","name":"Mannys Corners Solar 1 (CSG)","state":"NY","detail_file":"data/details/power-plants-01.json","plant_id":"66947","capacity_mw":4.9,"status_group":"Operating","energy_sources":"SUN","type":"Power plant","is_nuclear":false}},{"type":"Feature","geometry":{"type":"Point","coordinates":[-72.782,40.834]},"properties":{"key":"64758-8ad1b36b","layer":"power","name":"Manorville II","state":"NY","detail_file":"data/details/power-plants-00.json","plant_id":"64758","capacity_mw":1.4,"status_group":"Under construction","energy_sources":"MWH; SUN","type":"Power plant","is_nuclear":false}},{"type":"Feature","geometry":{"type":"Point","coordinates":[-74.183,42.986]},"properties":{"key":"68675-bddad57d","layer":"power","name":"Maple North 1","state":"NY","detail_file":"data/details/power-plants-50.json","plant_id":"68675","capacity_mw":4.1,"status_group":"Operating","energy_sources":"SUN","type":"Power plant","is_nuclear":false}},{"type":"Feature","geometry":{"type":"Point","coordinates":[-74.183,42.986]},"properties":{"key":"68676-c9c4702a","layer":"power","name":"Maple North 2","state":"NY","detail_file":"data/details/power-plants-22.json","plant_id":"68676","capacity_mw":3.6,"status_group":"Operating","energy_sources":"SUN","type":"Power plant","is_nuclear":false}},{"type":"Feature","geometry":{"type":"Point","coordinates":[-75.575,43.785]},"properties":{"key":"56290-1fd7b127","layer":"power","name":"Maple Ridge Wind Farm","state":"NY","detail_file":"data/details/power-plants-32.json","plant_id":"56290","capacity_mw":321.2,"status_group":"Operating","energy_sources":"WND","type":"Power plant","is_nuclear":false}},{"type":"Feature","geometry":{"type":"Point","coordinates":[-74.201,42.984]},"properties":{"key":"68677-c5564342","layer":"power","name":"Maple West","state":"NY","detail_file":"data/details/power-plants-04.json","plant_id":"68677","capacity_mw":5.0,"status_group":"Operating","energy_sources":"SUN","type":"Power plant","is_nuclear":false}},{"type":"Feature","geometry":{"type":"Point","coordinates":[-75.735,43.083]},"properties":{"key":"66771-13270bf5","layer":"power","name":"Marathon Solar Farm II LLC North","state":"NY","detail_file":"data/details/power-plants-53.json","plant_id":"66771","capacity_mw":2.9,"status_group":"Operating","energy_sources":"SUN","type":"Power plant","is_nuclear":false}},{"type":"Feature","geometry":{"type":"Point","coordinates":[-75.735,43.083]},"properties":{"key":"66734-77a5ab39","layer":"power","name":"Marathon Solar Farm LLC South","state":"NY","detail_file":"data/details/power-plants-34.json","plant_id":"66734","capacity_mw":4.4,"status_group":"Operating","energy_sources":"SUN","type":"Power plant","is_nuclear":false}},{"type":"Feature","geometry":{"type":"Point","coordinates":[-73.97,41.664]},"properties":{"key":"66074-ff3eaca0","layer":"power","name":"Marlborough Solar","state":"NY","detail_file":"data/details/power-plants-26.json","plant_id":"66074","capacity_mw":2.0,"status_group":"Operating","energy_sources":"SUN","type":"Power plant","is_nuclear":false}},{"type":"Feature","geometry":{"type":"Point","coordinates":[-75.47,43.728]},"properties":{"key":"68407-7a37ae90","layer":"power","name":"Martinsburg CSG LLC","state":"NY","detail_file":"data/details/power-plants-11.json","plant_id":"68407","capacity_mw":2.2,"status_group":"Operating","energy_sources":"SUN","type":"Power plant","is_nuclear":false}},{"type":"Feature","geometry":{"type":"Point","coordinates":[-74.216,42.894]},"properties":{"key":"62303-34c85f69","layer":"power","name":"Mattas Farms","state":"NY","detail_file":"data/details/power-plants-33.json","plant_id":"62303","capacity_mw":2.0,"status_group":"Operating","energy_sources":"SUN","type":"Power plant","is_nuclear":false}},{"type":"Feature","geometry":{"type":"Point","coordinates":[-74.248,41.463]},"properties":{"key":"65337-8ad9acdf","layer":"power","name":"Maybrook Solar, LLC (CSG)","state":"NY","detail_file":"data/details/power-plants-40.json","plant_id":"65337","capacity_mw":5.0,"status_group":"Operating","energy_sources":"SUN","type":"Power plant","is_nuclear":false}},{"type":"Feature","geometry":{"type":"Point","coordinates":[-74.179,41.401]},"properties":{"key":"66187-334ec535","layer":"power","name":"McCarthy Solar","state":"NY","detail_file":"data/details/power-plants-06.json","plant_id":"66187","capacity_mw":2.0,"status_group":"Operating","energy_sources":"SUN","type":"Power plant","is_nuclear":false}},{"type":"Feature","geometry":{"type":"Point","coordinates":[-73.68,42.877]},"properties":{"key":"62322-5be73e06","layer":"power","name":"Mechanicville Hydroelectric Station","state":"NY","detail_file":"data/details/power-plants-13.json","plant_id":"62322","capacity_mw":4.0,"status_group":"Operating","energy_sources":"WAT","type":"Power plant","is_nuclear":false}},{"type":"Feature","geometry":{"type":"Point","coordinates":[-74.1,42.466]},"properties":{"key":"63854-536c758c","layer":"power","name":"Medusa NY 1","state":"NY","detail_file":"data/details/power-plants-30.json","plant_id":"63854","capacity_mw":2.0,"status_group":"Operating","energy_sources":"SUN","type":"Power plant","is_nuclear":false}},{"type":"Feature","geometry":{"type":"Point","coordinates":[-75.947,43.068]},"properties":{"key":"67640-11f5da64","layer":"power","name":"Meltwater","state":"NY","detail_file":"data/details/power-plants-01.json","plant_id":"67640","capacity_mw":5.0,"status_group":"Operating","energy_sources":"SUN","type":"Power plant","is_nuclear":false}},{"type":"Feature","geometry":{"type":"Point","coordinates":[-73.631,40.688]},"properties":{"key":"58163-78c27900","layer":"power","name":"Mercy Medical Center","state":"NY","detail_file":"data/details/power-plants-41.json","plant_id":"58163","capacity_mw":3.6,"status_group":"Operating","energy_sources":"DFO","type":"Power plant","is_nuclear":false}},{"type":"Feature","geometry":{"type":"Point","coordinates":[-75.987,43.964]},"properties":{"key":"63058-575b3c10","layer":"power","name":"Mereand CSG","state":"NY","detail_file":"data/details/power-plants-55.json","plant_id":"63058","capacity_mw":2.0,"status_group":"Operating","energy_sources":"SUN","type":"Power plant","is_nuclear":false}},{"type":"Feature","geometry":{"type":"Point","coordinates":[-73.525,43.099]},"properties":{"key":"10219-883595d3","layer":"power","name":"Middle Falls Hydro","state":"NY","detail_file":"data/details/power-plants-12.json","plant_id":"10219","capacity_mw":2.2,"status_group":"Operating","energy_sources":"WAT","type":"Power plant","is_nuclear":false}},{"type":"Feature","geometry":{"type":"Point","coordinates":[-74.51,41.409]},"properties":{"key":"63857-864e9914","layer":"power","name":"Middletown NY 1","state":"NY","detail_file":"data/details/power-plants-49.json","plant_id":"63857","capacity_mw":2.0,"status_group":"Operating","energy_sources":"SUN","type":"Power plant","is_nuclear":false}},{"type":"Feature","geometry":{"type":"Point","coordinates":[-74.52,41.39]},"properties":{"key":"63415-f34f736f","layer":"power","name":"Middletown Solar 1, LLC Hybrid CSG","state":"NY","detail_file":"data/details/power-plants-20.json","plant_id":"63415","capacity_mw":3.2,"status_group":"Operating","energy_sources":"MWH; SUN","type":"Power plant","is_nuclear":false}},{"type":"Feature","geometry":{"type":"Point","coordinates":[-74.341,42.919]},"properties":{"key":"64912-e1602510","layer":"power","name":"Mill Point Solar","state":"NY","detail_file":"data/details/power-plants-44.json","plant_id":"64912","capacity_mw":250.0,"status_group":"Planned","energy_sources":"SUN","type":"Power plant","is_nuclear":false}},{"type":"Feature","geometry":{"type":"Point","coordinates":[-73.898,42.253]},"properties":{"key":"65399-3df58a53","layer":"power","name":"Mill Pond Hydro","state":"NY","detail_file":"data/details/power-plants-36.json","plant_id":"65399","capacity_mw":1.0,"status_group":"Operating","energy_sources":"WAT","type":"Power plant","is_nuclear":false}},{"type":"Feature","geometry":{"type":"Point","coordinates":[-73.898,42.253]},"properties":{"key":"65399-0c0425f7","layer":"power","name":"Mill Pond Hydro","state":"NY","detail_file":"data/details/power-plants-61.json","plant_id":"65399","capacity_mw":0.5,"status_group":"Planned","energy_sources":"WAT","type":"Power plant","is_nuclear":false}},{"type":"Feature","geometry":{"type":"Point","coordinates":[-73.619,41.846]},"properties":{"key":"59789-20f45988","layer":"power","name":"Millbrook School","state":"NY","detail_file":"data/details/power-plants-27.json","plant_id":"59789","capacity_mw":1.4,"status_group":"Operating","energy_sources":"SUN","type":"Power plant","is_nuclear":false}},{"type":"Feature","geometry":{"type":"Point","coordinates":[-74.515,41.353]},"properties":{"key":"64577-3ab55021","layer":"power","name":"Minisink CSG","state":"NY","detail_file":"data/details/power-plants-53.json","plant_id":"64577","capacity_mw":1.0,"status_group":"Operating","energy_sources":"SUN","type":"Power plant","is_nuclear":false}},{"type":"Feature","geometry":{"type":"Point","coordinates":[-74.515,41.319]},"properties":{"key":"62146-5898cbac","layer":"power","name":"Minisink Community Solar 2 LLC","state":"NY","detail_file":"data/details/power-plants-63.json","plant_id":"62146","capacity_mw":2.0,"status_group":"Operating","energy_sources":"SUN","type":"Power plant","is_nuclear":false}},{"type":"Feature","geometry":{"type":"Point","coordinates":[-74.514,41.321]},"properties":{"key":"62145-5e7b3661","layer":"power","name":"Minisink Solar 1 LLC","state":"NY","detail_file":"data/details/power-plants-44.json","plant_id":"62145","capacity_mw":1.8,"status_group":"Operating","energy_sources":"SUN","type":"Power plant","is_nuclear":false}},{"type":"Feature","geometry":{"type":"Point","coordinates":[-74.638,42.887]},"properties":{"key":"64253-7adf0923","layer":"power","name":"Mohawk Solar","state":"NY","detail_file":"data/details/power-plants-28.json","plant_id":"64253","capacity_mw":90.5,"status_group":"Under construction","energy_sources":"SUN","type":"Power plant","is_nuclear":false}},{"type":"Feature","geometry":{"type":"Point","coordinates":[-74.372,42.941]},"properties":{"key":"66206-8c792569","layer":"power","name":"Mohawk View Solar","state":"NY","detail_file":"data/details/power-plants-61.json","plant_id":"66206","capacity_mw":5.0,"status_group":"Operating","energy_sources":"SUN","type":"Power plant","is_nuclear":false}},{"type":"Feature","geometry":{"type":"Point","coordinates":[-73.957,42.767]},"properties":{"key":"63511-91ffe369","layer":"power","name":"Mohonasen Central School District","state":"NY","detail_file":"data/details/power-plants-24.json","plant_id":"63511","capacity_mw":1.1,"status_group":"Operating","energy_sources":"SUN","type":"Power plant","is_nuclear":false}},{"type":"Feature","geometry":{"type":"Point","coordinates":[-74.771,41.538]},"properties":{"key":"2630-432483f3","layer":"power","name":"Mongaup Falls","state":"NY","detail_file":"data/details/power-plants-32.json","plant_id":"2630","capacity_mw":7.3,"status_group":"Operating","energy_sources":"WAT","type":"Power plant","is_nuclear":false}},{"type":"Feature","geometry":{"type":"Point","coordinates":[-73.88,40.881]},"properties":{"key":"58507-9f7a37b5","layer":"power","name":"Montefieor Medical Center Moses Division","state":"NY","detail_file":"data/details/power-plants-07.json","plant_id":"58507","capacity_mw":18.7,"status_group":"Operating","energy_sources":"DFO; NG","type":"Power plant","is_nuclear":false}},{"type":"Feature","geometry":{"type":"Point","coordinates":[-73.848,40.841]},"properties":{"key":"61025-3d9d63a0","layer":"power","name":"Montefiore - Westchester Square","state":"NY","detail_file":"data/details/power-plants-22.json","plant_id":"61025","capacity_mw":1.0,"status_group":"Operating","energy_sources":"DFO","type":"Power plant","is_nuclear":false}},{"type":"Feature","geometry":{"type":"Point","coordinates":[-73.869,40.903]},"properties":{"key":"62589-6b4cbc76","layer":"power","name":"Montefiore Mount Vernon Hospital","state":"NY","detail_file":"data/details/power-plants-17.json","plant_id":"62589","capacity_mw":1.1,"status_group":"Operating","energy_sources":"DFO","type":"Power plant","is_nuclear":false}},{"type":"Feature","geometry":{"type":"Point","coordinates":[-73.918,41.091]},"properties":{"key":"63662-b601305f","layer":"power","name":"Montefiore Nyack Hospital","state":"NY","detail_file":"data/details/power-plants-55.json","plant_id":"63662","capacity_mw":1.6,"status_group":"Operating","energy_sources":"DFO","type":"Power plant","is_nuclear":false}},{"type":"Feature","geometry":{"type":"Point","coordinates":[-73.879,40.88]},"properties":{"key":"63539-f8d8df8d","layer":"power","name":"Montefiore Weiler (Einstein) Hospital","state":"NY","detail_file":"data/details/power-plants-16.json","plant_id":"63539","capacity_mw":1.5,"status_group":"Operating","energy_sources":"DFO","type":"Power plant","is_nuclear":false}},{"type":"Feature","geometry":{"type":"Point","coordinates":[-73.788,40.913]},"properties":{"key":"63602-df83b914","layer":"power","name":"Montefiore-New Rochelle","state":"NY","detail_file":"data/details/power-plants-08.json","plant_id":"63602","capacity_mw":1.2,"status_group":"Operating","energy_sources":"DFO","type":"Power plant","is_nuclear":false}},{"type":"Feature","geometry":{"type":"Point","coordinates":[-73.654,42.612]},"properties":{"key":"69625-04979c1b","layer":"power","name":"Moore Rd","state":"NY","detail_file":"data/details/power-plants-01.json","plant_id":"69625","capacity_mw":4.8,"status_group":"Operating","energy_sources":"SUN","type":"Power plant","is_nuclear":false}},{"type":"Feature","geometry":{"type":"Point","coordinates":[-74.091,41.479]},"properties":{"key":"69754-92dea7db","layer":"power","name":"Moores Hill","state":"NY","detail_file":"data/details/power-plants-48.json","plant_id":"69754","capacity_mw":2.5,"status_group":"Operating","energy_sources":"SUN","type":"Power plant","is_nuclear":false}},{"type":"Feature","geometry":{"type":"Point","coordinates":[-75.341,43.611]},"properties":{"key":"10196-84495caa","layer":"power","name":"Moose River","state":"NY","detail_file":"data/details/power-plants-08.json","plant_id":"10196","capacity_mw":12.6,"status_group":"Operating","energy_sources":"WAT","type":"Power plant","is_nuclear":false}},{"type":"Feature","geometry":{"type":"Point","coordinates":[-75.136,43.872]},"properties":{"key":"2588-8d26914f","layer":"power","name":"Moshier","state":"NY","detail_file":"data/details/power-plants-34.json","plant_id":"2588","capacity_mw":8.0,"status_group":"Operating","energy_sources":"WAT","type":"Power plant","is_nuclear":false}},{"type":"Feature","geometry":{"type":"Point","coordinates":[-74.51,41.468]},"properties":{"key":"63749-36349c4b","layer":"power","name":"Mount Hope East","state":"NY","detail_file":"data/details/power-plants-11.json","plant_id":"63749","capacity_mw":1.9,"status_group":"Operating","energy_sources":"SUN","type":"Power plant","is_nuclear":false}},{"type":"Feature","geometry":{"type":"Point","coordinates":[-74.509,41.467]},"properties":{"key":"63748-6c88b63c","layer":"power","name":"Mount Hope West","state":"NY","detail_file":"data/details/power-plants-51.json","plant_id":"63748","capacity_mw":1.9,"status_group":"Operating","energy_sources":"SUN","type":"Power plant","is_nuclear":false}},{"type":"Feature","geometry":{"type":"Point","coordinates":[-73.736,41.195]},"properties":{"key":"63774-6656fdf8","layer":"power","name":"Mount Kisco Landfill Solar & Storage CSG","state":"NY","detail_file":"data/details/power-plants-41.json","plant_id":"63774","capacity_mw":1.7,"status_group":"Operating","energy_sources":"MWH; SUN","type":"Power plant","is_nuclear":false}},{"type":"Feature","geometry":{"type":"Point","coordinates":[-73.943,40.619]},"properties":{"key":"63581-0fb8a4a9","layer":"power","name":"Mount Sinai - Brooklyn","state":"NY","detail_file":"data/details/power-plants-26.json","plant_id":"63581","capacity_mw":1.5,"status_group":"Operating","energy_sources":"DFO","type":"Power plant","is_nuclear":false}},{"type":"Feature","geometry":{"type":"Point","coordinates":[-73.982,40.733]},"properties":{"key":"61569-21cbf22e","layer":"power","name":"Mount Sinai Beth Israel","state":"NY","detail_file":"data/details/power-plants-06.json","plant_id":"61569","capacity_mw":4.0,"status_group":"Operating","energy_sources":"DFO","type":"Power plant","is_nuclear":false}},{"type":"Feature","geometry":{"type":"Point","coordinates":[-73.63,40.652]},"properties":{"key":"62447-202ab432","layer":"power","name":"Mount Sinai South Nassau Hospital","state":"NY","detail_file":"data/details/power-plants-25.json","plant_id":"62447","capacity_mw":10.8,"status_group":"Operating","energy_sources":"DFO","type":"Power plant","is_nuclear":false}},{"type":"Feature","geometry":{"type":"Point","coordinates":[-73.681,42.721]},"properties":{"key":"50031-847c68c4","layer":"power","name":"Mt Ida Hydroelectric","state":"NY","detail_file":"data/details/power-plants-59.json","plant_id":"50031","capacity_mw":3.0,"status_group":"Operating","energy_sources":"WAT","type":"Power plant","is_nuclear":false}},{"type":"Feature","geometry":{"type":"Point","coordinates":[-73.772,41.1]},"properties":{"key":"64442-dd63d757","layer":"power","name":"Mt Pleasant Community Center","state":"NY","detail_file":"data/details/power-plants-46.json","plant_id":"64442","capacity_mw":1.2,"status_group":"Operating","energy_sources":"MWH; SUN","type":"Power plant","is_nuclear":false}},{"type":"Feature","geometry":{"type":"Point","coordinates":[-73.898,40.929]},"properties":{"key":"62453-efbd860f","layer":"power","name":"Mt. Sinai- Morningside","state":"NY","detail_file":"data/details/power-plants-07.json","plant_id":"62453","capacity_mw":6.9,"status_group":"Operating","energy_sources":"DFO","type":"Power plant","is_nuclear":false}},{"type":"Feature","geometry":{"type":"Point","coordinates":[-75.57,42.909]},"properties":{"key":"56594-5600b42c","layer":"power","name":"Munnsville Wind Farm LLC","state":"NY","detail_file":"data/details/power-plants-33.json","plant_id":"56594","capacity_mw":34.5,"status_group":"Operating","energy_sources":"WND","type":"Power plant","is_nuclear":false}},{"type":"Feature","geometry":{"type":"Point","coordinates":[-73.943,40.657]},"properties":{"key":"63648-e3510751","layer":"power","name":"NHH003 Clarkson Fuel Cell","state":"NY","detail_file":"data/details/power-plants-24.json","plant_id":"63648","capacity_mw":1.1,"status_group":"Operating","energy_sources":"NG","type":"Power plant","is_nuclear":false}},{"type":"Feature","geometry":{"type":"Point","coordinates":[-73.947,40.657]},"properties":{"key":"63649-392ef13a","layer":"power","name":"NHH004 Winthrop Fuel Cell","state":"NY","detail_file":"data/details/power-plants-24.json","plant_id":"63649","capacity_mw":1.0,"status_group":"Operating","energy_sources":"NG","type":"Power plant","is_nuclear":false}},{"type":"Feature","geometry":{"type":"Point","coordinates":[-73.97,40.706]},"properties":{"key":"61331-13b16be1","layer":"power","name":"NISA Electric Generation Project","state":"NY","detail_file":"data/details/power-plants-49.json","plant_id":"61331","capacity_mw":300.0,"status_group":"Under construction","energy_sources":"MWH","type":"Power plant","is_nuclear":false}},{"type":"Feature","geometry":{"type":"Point","coordinates":[-74.404,41.334]},"properties":{"key":"69592-10d518b8","layer":"power","name":"NL NY- Pulaski","state":"NY","detail_file":"data/details/power-plants-08.json","plant_id":"69592","capacity_mw":5.0,"status_group":"Under construction","energy_sources":"MWH; SUN","type":"Power plant","is_nuclear":false}},{"type":"Feature","geometry":{"type":"Point","coordinates":[-75.314,42.68]},"properties":{"key":"69153-5523d3d6","layer":"power","name":"NSF Edmeston Site 1","state":"NY","detail_file":"data/details/power-plants-29.json","plant_id":"69153","capacity_mw":5.0,"status_group":"Operating","energy_sources":"SUN","type":"Power plant","is_nuclear":false}},{"type":"Feature","geometry":{"type":"Point","coordinates":[-75.313,42.68]},"properties":{"key":"69154-e4e72727","layer":"power","name":"NSF Edmeston Site 2","state":"NY","detail_file":"data/details/power-plants-61.json","plant_id":"69154","capacity_mw":4.7,"status_group":"Operating","energy_sources":"SUN","type":"Power plant","is_nuclear":false}},{"type":"Feature","geometry":{"type":"Point","coordinates":[-75.426,42.938]},"properties":{"key":"69406-099adced","layer":"power","name":"NSF Marshall Site 1","state":"NY","detail_file":"data/details/power-plants-27.json","plant_id":"69406","capacity_mw":5.0,"status_group":"Operating","energy_sources":"SUN","type":"Power plant","is_nuclear":false}},{"type":"Feature","geometry":{"type":"Point","coordinates":[-75.419,42.936]},"properties":{"key":"69405-4398c8b0","layer":"power","name":"NSF Marshall Site 2","state":"NY","detail_file":"data/details/power-plants-18.json","plant_id":"69405","capacity_mw":5.0,"status_group":"Operating","energy_sources":"SUN","type":"Power plant","is_nuclear":false}},{"type":"Feature","geometry":{"type":"Point","coordinates":[-75.419,42.937]},"properties":{"key":"69425-82587054","layer":"power","name":"NSF Marshall Site 3","state":"NY","detail_file":"data/details/power-plants-59.json","plant_id":"69425","capacity_mw":3.0,"status_group":"Operating","energy_sources":"SUN","type":"Power plant","is_nuclear":false}},{"type":"Feature","geometry":{"type":"Point","coordinates":[-73.707,42.9]},"properties":{"key":"63800-58e5d26b","layer":"power","name":"NY - CSG - Ellsworth II","state":"NY","detail_file":"data/details/power-plants-15.json","plant_id":"63800","capacity_mw":2.0,"status_group":"Operating","energy_sources":"SUN","type":"Power plant","is_nuclear":false}},{"type":"Feature","geometry":{"type":"Point","coordinates":[-73.866,41.278]},"properties":{"key":"65815-68b82b08","layer":"power","name":"NY - Mines Press","state":"NY","detail_file":"data/details/power-plants-17.json","plant_id":"65815","capacity_mw":2.0,"status_group":"Operating","energy_sources":"MWH; SUN","type":"Power plant","is_nuclear":false}},{"type":"Feature","geometry":{"type":"Point","coordinates":[-73.875,40.773]},"properties":{"key":"65450-4b25e883","layer":"power","name":"NY - PANYNJ - LaGuardia - Rooftop","state":"NY","detail_file":"data/details/power-plants-44.json","plant_id":"65450","capacity_mw":1.0,"status_group":"Operating","energy_sources":"SUN","type":"Power plant","is_nuclear":false}},{"type":"Feature","geometry":{"type":"Point","coordinates":[-73.692,43.141]},"properties":{"key":"69281-6993fa11","layer":"power","name":"NY 24 Sherman LLC","state":"NY","detail_file":"data/details/power-plants-12.json","plant_id":"69281","capacity_mw":5.0,"status_group":"Operating","energy_sources":"SUN","type":"Power plant","is_nuclear":false}},{"type":"Feature","geometry":{"type":"Point","coordinates":[-75.618,43.955]},"properties":{"key":"63224-e5c6817f","layer":"power","name":"NY 26 Carthage CSG","state":"NY","detail_file":"data/details/power-plants-38.json","plant_id":"63224","capacity_mw":5.0,"status_group":"Operating","energy_sources":"SUN","type":"Power plant","is_nuclear":false}},{"type":"Feature","geometry":{"type":"Point","coordinates":[-74.129,41.725]},"properties":{"key":"69284-db2d6d16","layer":"power","name":"NY 262 Libertyville LLC","state":"NY","detail_file":"data/details/power-plants-48.json","plant_id":"69284","capacity_mw":2.9,"status_group":"Operating","energy_sources":"SUN","type":"Power plant","is_nuclear":false}},{"type":"Feature","geometry":{"type":"Point","coordinates":[-73.688,43.14]},"properties":{"key":"69280-ec47d9f9","layer":"power","name":"NY 5 King LLC","state":"NY","detail_file":"data/details/power-plants-49.json","plant_id":"69280","capacity_mw":5.0,"status_group":"Operating","energy_sources":"SUN","type":"Power plant","is_nuclear":false}},{"type":"Feature","geometry":{"type":"Point","coordinates":[-72.958,40.809]},"properties":{"key":"68783-6e89b62b","layer":"power","name":"NY CDG 009","state":"NY","detail_file":"data/details/power-plants-38.json","plant_id":"68783","capacity_mw":1.0,"status_group":"Under construction","energy_sources":"SUN","type":"Power plant","is_nuclear":false}},{"type":"Feature","geometry":{"type":"Point","coordinates":[-73.901,40.78]},"properties":{"key":"68784-f083a697","layer":"power","name":"NY CDG 010","state":"NY","detail_file":"data/details/power-plants-48.json","plant_id":"68784","capacity_mw":1.2,"status_group":"Operating","energy_sources":"SUN","type":"Power plant","is_nuclear":false}},{"type":"Feature","geometry":{"type":"Point","coordinates":[-74.024,42.353]},"properties":{"key":"69285-d98e7b1b","layer":"power","name":"NY Country Road 67 and Majorana","state":"NY","detail_file":"data/details/power-plants-16.json","plant_id":"69285","capacity_mw":2.8,"status_group":"Operating","energy_sources":"SUN","type":"Power plant","is_nuclear":false}},{"type":"Feature","geometry":{"type":"Point","coordinates":[-74.379,42.965]},"properties":{"key":"67679-13db70be","layer":"power","name":"NY FONDA 182 BOSHART RD - Montgomery 1","state":"NY","detail_file":"data/details/power-plants-50.json","plant_id":"67679","capacity_mw":5.0,"status_group":"Operating","energy_sources":"SUN","type":"Power plant","is_nuclear":false}},{"type":"Feature","geometry":{"type":"Point","coordinates":[-74.555,41.449]},"properties":{"key":"67480-9fd1ada3","layer":"power","name":"NY Finchville Tpke CSG","state":"NY","detail_file":"data/details/power-plants-16.json","plant_id":"67480","capacity_mw":1.8,"status_group":"Operating","energy_sources":"SUN","type":"Power plant","is_nuclear":false}},{"type":"Feature","geometry":{"type":"Point","coordinates":[-74.481,41.338]},"properties":{"key":"67481-f2e53381","layer":"power","name":"NY Lower Road II CSG","state":"NY","detail_file":"data/details/power-plants-25.json","plant_id":"67481","capacity_mw":2.0,"status_group":"Operating","energy_sources":"SUN","type":"Power plant","is_nuclear":false}},{"type":"Feature","geometry":{"type":"Point","coordinates":[-74.485,41.333]},"properties":{"key":"67482-0590299a","layer":"power","name":"NY Lower Road III CSG","state":"NY","detail_file":"data/details/power-plants-55.json","plant_id":"67482","capacity_mw":2.0,"status_group":"Operating","energy_sources":"SUN","type":"Power plant","is_nuclear":false}},{"type":"Feature","geometry":{"type":"Point","coordinates":[-73.836,42.548]},"properties":{"key":"68037-d56eba20","layer":"power","name":"NY Selkirk S Albany RD - Hemlock Hills S","state":"NY","detail_file":"data/details/power-plants-42.json","plant_id":"68037","capacity_mw":5.0,"status_group":"Operating","energy_sources":"SUN","type":"Power plant","is_nuclear":false}},{"type":"Feature","geometry":{"type":"Point","coordinates":[-73.831,40.775]},"properties":{"key":"61414-c97e718f","layer":"power","name":"NY Times Daily Production Facility","state":"NY","detail_file":"data/details/power-plants-01.json","plant_id":"61414","capacity_mw":12.0,"status_group":"Operating","energy_sources":"DFO","type":"Power plant","is_nuclear":false}},{"type":"Feature","geometry":{"type":"Point","coordinates":[-75.428,43.193]},"properties":{"key":"66388-d794ffee","layer":"power","name":"NY USLE Rome-Oriskany","state":"NY","detail_file":"data/details/power-plants-52.json","plant_id":"66388","capacity_mw":3.5,"status_group":"Operating","energy_sources":"SUN","type":"Power plant","is_nuclear":false}},{"type":"Feature","geometry":{"type":"Point","coordinates":[-74.379,43.042]},"properties":{"key":"63780-66de87b7","layer":"power","name":"NY- CSG- Johnstown 2","state":"NY","detail_file":"data/details/power-plants-52.json","plant_id":"63780","capacity_mw":2.0,"status_group":"Operating","energy_sources":"SUN","type":"Power plant","is_nuclear":false}},{"type":"Feature","geometry":{"type":"Point","coordinates":[-74.142,41.527]},"properties":{"key":"63584-bfc6d4d4","layer":"power","name":"NY2 Battery","state":"NY","detail_file":"data/details/power-plants-28.json","plant_id":"63584","capacity_mw":151.5,"status_group":"Under construction","energy_sources":"MWH","type":"Power plant","is_nuclear":false}},{"type":"Feature","geometry":{"type":"Point","coordinates":[-74.075,41.185]},"properties":{"key":"63585-a981638b","layer":"power","name":"NY3 Battery","state":"NY","detail_file":"data/details/power-plants-21.json","plant_id":"63585","capacity_mw":3.0,"status_group":"Operating","energy_sources":"MWH","type":"Power plant","is_nuclear":false}},{"type":"Feature","geometry":{"type":"Point","coordinates":[-73.587,42.963]},"properties":{"key":"65122-28ba876e","layer":"power","name":"NY8 - Branscomb Solar","state":"NY","detail_file":"data/details/power-plants-59.json","plant_id":"65122","capacity_mw":20.0,"status_group":"Operating","energy_sources":"SUN","type":"Power plant","is_nuclear":false}},{"type":"Feature","geometry":{"type":"Point","coordinates":[-73.573,42.97]},"properties":{"key":"65839-adac6368","layer":"power","name":"NY8 - Darby Solar","state":"NY","detail_file":"data/details/power-plants-38.json","plant_id":"65839","capacity_mw":20.0,"status_group":"Operating","energy_sources":"SUN","type":"Power plant","is_nuclear":false}},{"type":"Feature","geometry":{"type":"Point","coordinates":[-73.711,42.926]},"properties":{"key":"65841-c5e36c3d","layer":"power","name":"NY8 - ELP Stillwater Solar","state":"NY","detail_file":"data/details/power-plants-09.json","plant_id":"65841","capacity_mw":20.0,"status_group":"Operating","energy_sources":"SUN","type":"Power plant","is_nuclear":false}},{"type":"Feature","geometry":{"type":"Point","coordinates":[-74.321,42.973]},"properties":{"key":"65121-9fc2c97c","layer":"power","name":"NY8 - Grissom Solar","state":"NY","detail_file":"data/details/power-plants-20.json","plant_id":"65121","capacity_mw":20.0,"status_group":"Operating","energy_sources":"SUN","type":"Power plant","is_nuclear":false}},{"type":"Feature","geometry":{"type":"Point","coordinates":[-75.931,42.454]},"properties":{"key":"65123-97667fe6","layer":"power","name":"NY8 - Janis Solar","state":"NY","detail_file":"data/details/power-plants-22.json","plant_id":"65123","capacity_mw":20.0,"status_group":"Operating","energy_sources":"SUN","type":"Power plant","is_nuclear":false}},{"type":"Feature","geometry":{"type":"Point","coordinates":[-75.834,42.253]},"properties":{"key":"65125-33f5c5ea","layer":"power","name":"NY8 - Puckett Solar","state":"NY","detail_file":"data/details/power-plants-41.json","plant_id":"65125","capacity_mw":20.0,"status_group":"Operating","energy_sources":"SUN","type":"Power plant","is_nuclear":false}},{"type":"Feature","geometry":{"type":"Point","coordinates":[-74.313,42.955]},"properties":{"key":"65124-8bed75aa","layer":"power","name":"NY8 - Regan Solar","state":"NY","detail_file":"data/details/power-plants-01.json","plant_id":"65124","capacity_mw":20.0,"status_group":"Operating","energy_sources":"SUN","type":"Power plant","is_nuclear":false}},{"type":"Feature","geometry":{"type":"Point","coordinates":[-74.095,42.881]},"properties":{"key":"65840-45e03073","layer":"power","name":"NY8 - Teichos Pattersonville","state":"NY","detail_file":"data/details/power-plants-24.json","plant_id":"65840","capacity_mw":20.0,"status_group":"Operating","energy_sources":"SUN","type":"Power plant","is_nuclear":false}},{"type":"Feature","geometry":{"type":"Point","coordinates":[-73.966,40.585]},"properties":{"key":"61413-5aa2bfd6","layer":"power","name":"NYC-HH - CONEY ISLAND HOSPITAL","state":"NY","detail_file":"data/details/power-plants-52.json","plant_id":"61413","capacity_mw":7.8,"status_group":"Operating","energy_sources":"DFO","type":"Power plant","is_nuclear":false}},{"type":"Feature","geometry":{"type":"Point","coordinates":[-73.976,40.74]},"properties":{"key":"62250-b341b166","layer":"power","name":"NYC-HH-New Bellevue Hospital","state":"NY","detail_file":"data/details/power-plants-09.json","plant_id":"62250","capacity_mw":7.4,"status_group":"Operating","energy_sources":"DFO","type":"Power plant","is_nuclear":false}},{"type":"Feature","geometry":{"type":"Point","coordinates":[-73.889,41.287]},"properties":{"key":"62421-0cd4f90d","layer":"power","name":"NYP-Hudson Valley Hospital Center","state":"NY","detail_file":"data/details/power-plants-22.json","plant_id":"62421","capacity_mw":2.6,"status_group":"Operating","energy_sources":"DFO","type":"Power plant","is_nuclear":false}},{"type":"Feature","geometry":{"type":"Point","coordinates":[-74.005,40.71]},"properties":{"key":"62366-288abaf2","layer":"power","name":"NYP-Lower Manhattan Hospital","state":"NY","detail_file":"data/details/power-plants-07.json","plant_id":"62366","capacity_mw":1.5,"status_group":"Operating","energy_sources":"DFO","type":"Power plant","is_nuclear":false}},{"type":"Feature","geometry":{"type":"Point","coordinates":[-73.837,40.942]},"properties":{"key":"63580-376349b6","layer":"power","name":"NYP-Westchester","state":"NY","detail_file":"data/details/power-plants-19.json","plant_id":"63580","capacity_mw":1.8,"status_group":"Operating","energy_sources":"DFO","type":"Power plant","is_nuclear":false}},{"type":"Feature","geometry":{"type":"Point","coordinates":[-73.826,40.75]},"properties":{"key":"62271-e7e9c77e","layer":"power","name":"NYPH-Queens","state":"NY","detail_file":"data/details/power-plants-48.json","plant_id":"62271","capacity_mw":4.5,"status_group":"Operating","energy_sources":"DFO","type":"Power plant","is_nuclear":false}},{"type":"Feature","geometry":{"type":"Point","coordinates":[-73.972,40.747]},"properties":{"key":"61488-7d870f04","layer":"power","name":"NYU LANGONE HEALTH","state":"NY","detail_file":"data/details/power-plants-03.json","plant_id":"61488","capacity_mw":34.0,"status_group":"Operating","energy_sources":"DFO; NG","type":"Power plant","is_nuclear":false}},{"type":"Feature","geometry":{"type":"Point","coordinates":[-73.983,40.734]},"properties":{"key":"63625-d560d002","layer":"power","name":"NYU Langone - Orthopedic","state":"NY","detail_file":"data/details/power-plants-53.json","plant_id":"63625","capacity_mw":1.6,"status_group":"Operating","energy_sources":"DFO","type":"Power plant","is_nuclear":false}},{"type":"Feature","geometry":{"type":"Point","coordinates":[-74.021,40.647]},"properties":{"key":"54769-62f2363e","layer":"power","name":"NYU Langone Hospital- Brooklyn","state":"NY","detail_file":"data/details/power-plants-60.json","plant_id":"54769","capacity_mw":4.6,"status_group":"Operating","energy_sources":"DFO; NG","type":"Power plant","is_nuclear":false}},{"type":"Feature","geometry":{"type":"Point","coordinates":[-75.983,42.244]},"properties":{"key":"59816-22ea4876","layer":"power","name":"Nanticoke LFG","state":"NY","detail_file":"data/details/power-plants-39.json","plant_id":"59816","capacity_mw":4.0,"status_group":"Operating","energy_sources":"LFG","type":"Power plant","is_nuclear":false}},{"type":"Feature","geometry":{"type":"Point","coordinates":[-74.021,40.649]},"properties":{"key":"2499-ecc3517d","layer":"power","name":"Narrows Gas Turbines Generating","state":"NY","detail_file":"data/details/power-plants-34.json","plant_id":"2499","capacity_mw":352.0,"status_group":"Operating","energy_sources":"NG","type":"Power plant","is_nuclear":false}},{"type":"Feature","geometry":{"type":"Point","coordinates":[-74.146,40.543]},"properties":{"key":"67885-eeb8d2e2","layer":"power","name":"Nelson Clean Energy, LLC","state":"NY","detail_file":"data/details/power-plants-02.json","plant_id":"67885","capacity_mw":8.0,"status_group":"Operating","energy_sources":"MWH","type":"Power plant","is_nuclear":false}},{"type":"Feature","geometry":{"type":"Point","coordinates":[-74.636,41.819]},"properties":{"key":"2483-d6cc41f7","layer":"power","name":"Neversink","state":"NY","detail_file":"data/details/power-plants-11.json","plant_id":"2483","capacity_mw":25.0,"status_group":"Operating","energy_sources":"WAT","type":"Power plant","is_nuclear":false}},{"type":"Feature","geometry":{"type":"Point","coordinates":[-74.094,41.892]},"properties":{"key":"66224-4a57dd08","layer":"power","name":"New Beginnings Solar","state":"NY","detail_file":"data/details/power-plants-26.json","plant_id":"66224","capacity_mw":2.0,"status_group":"Operating","energy_sources":"SUN","type":"Power plant","is_nuclear":false}},{"type":"Feature","geometry":{"type":"Point","coordinates":[-75.32,43.06]},"properties":{"key":"69622-d514bd5f","layer":"power","name":"New Hartford","state":"NY","detail_file":"data/details/power-plants-25.json","plant_id":"69622","capacity_mw":5.0,"status_group":"Operating","energy_sources":"SUN","type":"Power plant","is_nuclear":false}},{"type":"Feature","geometry":{"type":"Point","coordinates":[-73.954,40.764]},"properties":{"key":"61238-c3099951","layer":"power","name":"New York Presbyterian Hospital- 68th Street","state":"NY","detail_file":"data/details/power-plants-07.json","plant_id":"61238","capacity_mw":22.9,"status_group":"Operating","energy_sources":"DFO; NG","type":"Power plant","is_nuclear":false}},{"type":"Feature","geometry":{"type":"Point","coordinates":[-73.941,40.841]},"properties":{"key":"61026-9c7dfa38","layer":"power","name":"New York Presbyterian Hospital-168th St","state":"NY","detail_file":"data/details/power-plants-34.json","plant_id":"61026","capacity_mw":11.9,"status_group":"Operating","energy_sources":"DFO","type":"Power plant","is_nuclear":false}},{"type":"Feature","geometry":{"type":"Point","coordinates":[-73.696,42.782]},"properties":{"key":"10221-66868f45","layer":"power","name":"New York State Dam Hydro","state":"NY","detail_file":"data/details/power-plants-43.json","plant_id":"10221","capacity_mw":11.4,"status_group":"Operating","energy_sources":"WAT","type":"Power plant","is_nuclear":false}},{"type":"Feature","geometry":{"type":"Point","coordinates":[-73.923,40.79]},"properties":{"key":"54808-dc2e4cc5","layer":"power","name":"New York University Central Plant","state":"NY","detail_file":"data/details/power-plants-14.json","plant_id":"54808","capacity_mw":13.5,"status_group":"Operating","energy_sources":"DFO; NG","type":"Power plant","is_nuclear":false}},{"type":"Feature","geometry":{"type":"Point","coordinates":[-73.923,40.79]},"properties":{"key":"54808-c7d5d12d","layer":"power","name":"New York University Central Plant","state":"NY","detail_file":"data/details/power-plants-41.json","plant_id":"54808","capacity_mw":5.5,"status_group":"Under construction","energy_sources":"NG","type":"Power plant","is_nuclear":false}},{"type":"Feature","geometry":{"type":"Point","coordinates":[-73.979,40.668]},"properties":{"key":"52091-25f0d87c","layer":"power","name":"NewYork-Presbyterian Brooklyn Methodist","state":"NY","detail_file":"data/details/power-plants-38.json","plant_id":"52091","capacity_mw":5.9,"status_group":"Operating","energy_sources":"DFO","type":"Power plant","is_nuclear":false}},{"type":"Feature","geometry":{"type":"Point","coordinates":[-75.017,43.185]},"properties":{"key":"50354-6e366409","layer":"power","name":"Newport Hydro","state":"NY","detail_file":"data/details/power-plants-04.json","plant_id":"50354","capacity_mw":1.7,"status_group":"Operating","energy_sources":"WAT","type":"Power plant","is_nuclear":false}},{"type":"Feature","geometry":{"type":"Point","coordinates":[-73.957,42.712]},"properties":{"key":"50123-2d58837a","layer":"power","name":"Normanskill Hydro Project","state":"NY","detail_file":"data/details/power-plants-22.json","plant_id":"50123","capacity_mw":1.2,"status_group":"Operating","energy_sources":"WAT","type":"Power plant","is_nuclear":false}},{"type":"Feature","geometry":{"type":"Point","coordinates":[-73.966,40.717]},"properties":{"key":"7915-a12c42f0","layer":"power","name":"North 1st","state":"NY","detail_file":"data/details/power-plants-55.json","plant_id":"7915","capacity_mw":47.0,"status_group":"Operating","energy_sources":"NG","type":"Power plant","is_nuclear":false}},{"type":"Feature","geometry":{"type":"Point","coordinates":[-73.881,40.88]},"properties":{"key":"63643-eeef5481","layer":"power","name":"North Central Bronx Hospital","state":"NY","detail_file":"data/details/power-plants-24.json","plant_id":"63643","capacity_mw":1.6,"status_group":"Operating","energy_sources":"DFO","type":"Power plant","is_nuclear":false}},{"type":"Feature","geometry":{"type":"Point","coordinates":[-73.324,40.763]},"properties":{"key":"58788-5eb897f5","layer":"power","name":"North County","state":"NY","detail_file":"data/details/power-plants-44.json","plant_id":"58788","capacity_mw":1.0,"status_group":"Operating","energy_sources":"SUN","type":"Power plant","is_nuclear":false}},{"type":"Feature","geometry":{"type":"Point","coordinates":[-75.95,43.05]},"properties":{"key":"65626-cf46d941","layer":"power","name":"North Eagle Village Solar","state":"NY","detail_file":"data/details/power-plants-48.json","plant_id":"65626","capacity_mw":5.0,"status_group":"Operating","energy_sources":"SUN","type":"Power plant","is_nuclear":false}},{"type":"Feature","geometry":{"type":"Point","coordinates":[-73.653,42.775]},"properties":{"key":"68746-154693e1","layer":"power","name":"North Troy","state":"NY","detail_file":"data/details/power-plants-29.json","plant_id":"68746","capacity_mw":4.0,"status_group":"Operating","energy_sources":"SUN","type":"Power plant","is_nuclear":false}},{"type":"Feature","geometry":{"type":"Point","coordinates":[-73.726,41.197]},"properties":{"key":"61378-c1a76d50","layer":"power","name":"Northern Westchester Hospital","state":"NY","detail_file":"data/details/power-plants-47.json","plant_id":"61378","capacity_mw":4.0,"status_group":"Operating","energy_sources":"DFO; NG","type":"Power plant","is_nuclear":false}},{"type":"Feature","geometry":{"type":"Point","coordinates":[-73.615,42.869]},"properties":{"key":"66449-60b7689b","layer":"power","name":"Northline Solar CSG","state":"NY","detail_file":"data/details/power-plants-46.json","plant_id":"66449","capacity_mw":4.0,"status_group":"Operating","energy_sources":"SUN","type":"Power plant","is_nuclear":false}},{"type":"Feature","geometry":{"type":"Point","coordinates":[-73.342,40.924]},"properties":{"key":"2516-9284de33","layer":"power","name":"Northport","state":"NY","detail_file":"data/details/power-plants-28.json","plant_id":"2516","capacity_mw":1564.0,"status_group":"Operating","energy_sources":"DFO; NG","type":"Power plant","is_nuclear":false}},{"type":"Feature","geometry":{"type":"Point","coordinates":[-75.53,42.553]},"properties":{"key":"64374-1897e029","layer":"power","name":"Norwich Solar and Energy Storage CSG","state":"NY","detail_file":"data/details/power-plants-10.json","plant_id":"64374","capacity_mw":10.0,"status_group":"Operating","energy_sources":"MWH; SUN","type":"Power plant","is_nuclear":false}},{"type":"Feature","geometry":{"type":"Point","coordinates":[-75.57,43.84]},"properties":{"key":"65522-29482cac","layer":"power","name":"Number Three Wind Project","state":"NY","detail_file":"data/details/power-plants-38.json","plant_id":"65522","capacity_mw":106.0,"status_group":"Operating","energy_sources":"WND","type":"Power plant","is_nuclear":false}},{"type":"Feature","geometry":{"type":"Point","coordinates":[-75.177,43.088]},"properties":{"key":"67585-ad2f5f5d","layer":"power","name":"Ny Frankfort Bleecker St - Frankfort -NG","state":"NY","detail_file":"data/details/power-plants-28.json","plant_id":"67585","capacity_mw":4.0,"status_group":"Operating","energy_sources":"SUN","type":"Power plant","is_nuclear":false}},{"type":"Feature","geometry":{"type":"Point","coordinates":[-73.983,40.755]},"properties":{"key":"57798-91f51282","layer":"power","name":"OBP Cogen","state":"NY","detail_file":"data/details/power-plants-52.json","plant_id":"57798","capacity_mw":4.6,"status_group":"Operating","energy_sources":"NG","type":"Power plant","is_nuclear":false}},{"type":"Feature","geometry":{"type":"Point","coordinates":[-74.006,40.713]},"properties":{"key":"69402-1eff9f32","layer":"power","name":"Oak Orchard","state":"NY","detail_file":"data/details/power-plants-35.json","plant_id":"69402","capacity_mw":5.0,"status_group":"Operating","energy_sources":"SUN","type":"Power plant","is_nuclear":false}},{"type":"Feature","geometry":{"type":"Point","coordinates":[-74.229,41.786]},"properties":{"key":"64044-ca258223","layer":"power","name":"Off Airport Road - West","state":"NY","detail_file":"data/details/power-plants-09.json","plant_id":"64044","capacity_mw":4.0,"status_group":"Operating","energy_sources":"SUN","type":"Power plant","is_nuclear":false}},{"type":"Feature","geometry":{"type":"Point","coordinates":[-74.734,41.738]},"properties":{"key":"68552-54bf08ff","layer":"power","name":"Old Route 17","state":"NY","detail_file":"data/details/power-plants-14.json","plant_id":"68552","capacity_mw":4.0,"status_group":"Operating","energy_sources":"SUN","type":"Power plant","is_nuclear":false}},{"type":"Feature","geometry":{"type":"Point","coordinates":[-75.387,43.166]},"properties":{"key":"60455-67a5da48","layer":"power","name":"Oneida - South","state":"NY","detail_file":"data/details/power-plants-57.json","plant_id":"60455","capacity_mw":1.9,"status_group":"Operating","energy_sources":"SUN","type":"Power plant","is_nuclear":false}},{"type":"Feature","geometry":{"type":"Point","coordinates":[-75.405,43.17]},"properties":{"key":"60456-2ae71235","layer":"power","name":"Oneida - West","state":"NY","detail_file":"data/details/power-plants-31.json","plant_id":"60456","capacity_mw":1.9,"status_group":"Operating","energy_sources":"SUN","type":"Power plant","is_nuclear":false}},{"type":"Feature","geometry":{"type":"Point","coordinates":[-75.435,43.197]},"properties":{"key":"68259-cd3ead82","layer":"power","name":"Oneida 2 CDG","state":"NY","detail_file":"data/details/power-plants-24.json","plant_id":"68259","capacity_mw":3.3,"status_group":"Operating","energy_sources":"SUN","type":"Power plant","is_nuclear":false}},{"type":"Feature","geometry":{"type":"Point","coordinates":[-75.371,43.151]},"properties":{"key":"60114-2d097dd7","layer":"power","name":"Oneida County- DPW","state":"NY","detail_file":"data/details/power-plants-25.json","plant_id":"60114","capacity_mw":1.5,"status_group":"Operating","energy_sources":"SUN","type":"Power plant","is_nuclear":false}},{"type":"Feature","geometry":{"type":"Point","coordinates":[-75.21,43.19]},"properties":{"key":"67584-34ef5807","layer":"power","name":"Oneida East","state":"NY","detail_file":"data/details/power-plants-48.json","plant_id":"67584","capacity_mw":4.8,"status_group":"Operating","energy_sources":"SUN","type":"Power plant","is_nuclear":false}},{"type":"Feature","geometry":{"type":"Point","coordinates":[-75.418,43.462]},"properties":{"key":"57404-12c5a3a9","layer":"power","name":"Oneida Herkimer","state":"NY","detail_file":"data/details/power-plants-14.json","plant_id":"57404","capacity_mw":3.2,"status_group":"Operating","energy_sources":"LFG","type":"Power plant","is_nuclear":false}},{"type":"Feature","geometry":{"type":"Point","coordinates":[-75.477,43.184]},"properties":{"key":"60967-6a0c2d35","layer":"power","name":"Onyx - Lamphear Road CSG","state":"NY","detail_file":"data/details/power-plants-35.json","plant_id":"60967","capacity_mw":2.0,"status_group":"Operating","energy_sources":"SUN","type":"Power plant","is_nuclear":false}},{"type":"Feature","geometry":{"type":"Point","coordinates":[-73.745,43.097]},"properties":{"key":"61724-8c4df81f","layer":"power","name":"Onyx - Saratoga Springs Landfill Solar C","state":"NY","detail_file":"data/details/power-plants-38.json","plant_id":"61724","capacity_mw":2.0,"status_group":"Operating","energy_sources":"SUN","type":"Power plant","is_nuclear":false}},{"type":"Feature","geometry":{"type":"Point","coordinates":[-74.359,41.405]},"properties":{"key":"60229-5dab3e63","layer":"power","name":"Orange County Solar Farm (NY)","state":"NY","detail_file":"data/details/power-plants-25.json","plant_id":"60229","capacity_mw":1.5,"status_group":"Operating","energy_sources":"SUN","type":"Power plant","is_nuclear":false}},{"type":"Feature","geometry":{"type":"Point","coordinates":[-72.966,40.819]},"properties":{"key":"64350-099baf90","layer":"power","name":"Orbit Bloom Fuel Cell","state":"NY","detail_file":"data/details/power-plants-35.json","plant_id":"64350","capacity_mw":6.0,"status_group":"Operating","energy_sources":"NG","type":"Power plant","is_nuclear":false}},{"type":"Feature","geometry":{"type":"Point","coordinates":[-73.817,42.426]},"properties":{"key":"65163-363bd419","layer":"power","name":"Orioles Community Solar","state":"NY","detail_file":"data/details/power-plants-60.json","plant_id":"65163","capacity_mw":5.6,"status_group":"Operating","energy_sources":"SUN","type":"Power plant","is_nuclear":false}},{"type":"Feature","geometry":{"type":"Point","coordinates":[-74.366,41.417]},"properties":{"key":"69596-4c3d4bd4","layer":"power","name":"Owens 1","state":"NY","detail_file":"data/details/power-plants-33.json","plant_id":"69596","capacity_mw":4.0,"status_group":"Operating","energy_sources":"SUN","type":"Power plant","is_nuclear":false}},{"type":"Feature","geometry":{"type":"Point","coordinates":[-74.369,41.421]},"properties":{"key":"69597-10b07207","layer":"power","name":"Owens 2","state":"NY","detail_file":"data/details/power-plants-39.json","plant_id":"69597","capacity_mw":5.0,"status_group":"Operating","energy_sources":"SUN","type":"Power plant","is_nuclear":false}},{"type":"Feature","geometry":{"type":"Point","coordinates":[-73.865,42.587]},"properties":{"key":"58550-4a2332d6","layer":"power","name":"Owens Corning at Bethlehem","state":"NY","detail_file":"data/details/power-plants-23.json","plant_id":"58550","capacity_mw":2.0,"status_group":"Operating","energy_sources":"SUN","type":"Power plant","is_nuclear":false}},{"type":"Feature","geometry":{"type":"Point","coordinates":[-75.772,43.079]},"properties":{"key":"63340-48822ed7","layer":"power","name":"Owlville Creek Solar 2, LLC","state":"NY","detail_file":"data/details/power-plants-37.json","plant_id":"63340","capacity_mw":8.0,"status_group":"Operating","energy_sources":"MWH; SUN","type":"Power plant","is_nuclear":false}},{"type":"Feature","geometry":{"type":"Point","coordinates":[-75.78,43.087]},"properties":{"key":"63341-8dbd6858","layer":"power","name":"Owlville Creek Solar, LLC","state":"NY","detail_file":"data/details/power-plants-63.json","plant_id":"63341","capacity_mw":8.0,"status_group":"Operating","energy_sources":"MWH; SUN","type":"Power plant","is_nuclear":false}},{"type":"Feature","geometry":{"type":"Point","coordinates":[-75.736,42.971]},"properties":{"key":"67661-f5f901ca","layer":"power","name":"Oxbow Hill","state":"NY","detail_file":"data/details/power-plants-18.json","plant_id":"67661","capacity_mw":140.0,"status_group":"Under construction","energy_sources":"SUN","type":"Power plant","is_nuclear":false}},{"type":"Feature","geometry":{"type":"Point","coordinates":[-73.016,40.783]},"properties":{"key":"64761-a9cf2e3a","layer":"power","name":"Patchogue ESS","state":"NY","detail_file":"data/details/power-plants-06.json","plant_id":"64761","capacity_mw":2.0,"status_group":"Operating","energy_sources":"MWH","type":"Power plant","is_nuclear":false}},{"type":"Feature","geometry":{"type":"Point","coordinates":[-73.992,40.751]},"properties":{"key":"57789-72b57215","layer":"power","name":"Peak Power 1 Cogen","state":"NY","detail_file":"data/details/power-plants-09.json","plant_id":"57789","capacity_mw":6.3,"status_group":"Operating","energy_sources":"NG","type":"Power plant","is_nuclear":false}},{"type":"Feature","geometry":{"type":"Point","coordinates":[-75.545,43.071]},"properties":{"key":"67440-3d9189b3","layer":"power","name":"Peterboro (CSG)","state":"NY","detail_file":"data/details/power-plants-19.json","plant_id":"67440","capacity_mw":4.0,"status_group":"Operating","energy_sources":"SUN","type":"Power plant","is_nuclear":false}},{"type":"Feature","geometry":{"type":"Point","coordinates":[-73.75,41.65]},"properties":{"key":"66583-147ce0ea","layer":"power","name":"Phillips Route 82 Solar LLC","state":"NY","detail_file":"data/details/power-plants-30.json","plant_id":"66583","capacity_mw":5.0,"status_group":"Operating","energy_sources":"SUN","type":"Power plant","is_nuclear":false}},{"type":"Feature","geometry":{"type":"Point","coordinates":[-73.388,40.737]},"properties":{"key":"56188-48c50e5e","layer":"power","name":"Pinelawn Power LLC","state":"NY","detail_file":"data/details/power-plants-58.json","plant_id":"56188","capacity_mw":82.0,"status_group":"Operating","energy_sources":"NG","type":"Power plant","is_nuclear":false}},{"type":"Feature","geometry":{"type":"Point","coordinates":[-73.446,43.862]},"properties":{"key":"68946-bf20a74b","layer":"power","name":"Pivot Solar NY 1","state":"NY","detail_file":"data/details/power-plants-37.json","plant_id":"68946","capacity_mw":5.0,"status_group":"Operating","energy_sources":"SUN","type":"Power plant","is_nuclear":false}},{"type":"Feature","geometry":{"type":"Point","coordinates":[-75.557,43.141]},"properties":{"key":"68962-2c0347c5","layer":"power","name":"Pivot Solar NY 4","state":"NY","detail_file":"data/details/power-plants-37.json","plant_id":"68962","capacity_mw":2.4,"status_group":"Operating","energy_sources":"SUN","type":"Power plant","is_nuclear":false}},{"type":"Feature","geometry":{"type":"Point","coordinates":[-73.421,43.898]},"properties":{"key":"68965-f3396a6c","layer":"power","name":"Pivot Solar NY 5","state":"NY","detail_file":"data/details/power-plants-58.json","plant_id":"68965","capacity_mw":2.5,"status_group":"Operating","energy_sources":"SUN","type":"Power plant","is_nuclear":false}},{"type":"Feature","geometry":{"type":"Point","coordinates":[-73.449,43.857]},"properties":{"key":"68948-5b03edb9","layer":"power","name":"Pivot Solar NY 6","state":"NY","detail_file":"data/details/power-plants-50.json","plant_id":"68948","capacity_mw":5.0,"status_group":"Operating","energy_sources":"SUN","type":"Power plant","is_nuclear":false}},{"type":"Feature","geometry":{"type":"Point","coordinates":[-73.449,43.878]},"properties":{"key":"68949-535a9607","layer":"power","name":"Pivot Solar NY 9","state":"NY","detail_file":"data/details/power-plants-46.json","plant_id":"68949","capacity_mw":5.0,"status_group":"Operating","energy_sources":"SUN","type":"Power plant","is_nuclear":false}},{"type":"Feature","geometry":{"type":"Point","coordinates":[-73.592,40.656]},"properties":{"key":"2678-0b4563a8","layer":"power","name":"Plant No 1 Freeport","state":"NY","detail_file":"data/details/power-plants-47.json","plant_id":"2678","capacity_mw":6.0,"status_group":"Operating","energy_sources":"DFO","type":"Power plant","is_nuclear":false}},{"type":"Feature","geometry":{"type":"Point","coordinates":[-73.592,40.656]},"properties":{"key":"2678-e29c2817","layer":"power","name":"Plant No 1 Freeport","state":"NY","detail_file":"data/details/power-plants-36.json","plant_id":"2678","capacity_mw":3.0,"status_group":"Under construction","energy_sources":"LFG","type":"Power plant","is_nuclear":false}},{"type":"Feature","geometry":{"type":"Point","coordinates":[-73.568,40.645]},"properties":{"key":"2679-103673c0","layer":"power","name":"Plant No 2 Freeport","state":"NY","detail_file":"data/details/power-plants-63.json","plant_id":"2679","capacity_mw":78.6,"status_group":"Operating","energy_sources":"KER; NG","type":"Power plant","is_nuclear":false}},{"type":"Feature","geometry":{"type":"Point","coordinates":[-75.083,42.542]},"properties":{"key":"62156-d3dcfbd8","layer":"power","name":"Pool Brook Rd Community Solar Farm","state":"NY","detail_file":"data/details/power-plants-14.json","plant_id":"62156","capacity_mw":2.0,"status_group":"Operating","energy_sources":"SUN","type":"Power plant","is_nuclear":false}},{"type":"Feature","geometry":{"type":"Point","coordinates":[-73.079,40.95]},"properties":{"key":"2517-d8f8aad2","layer":"power","name":"Port Jefferson","state":"NY","detail_file":"data/details/power-plants-42.json","plant_id":"2517","capacity_mw":498.0,"status_group":"Operating","energy_sources":"DFO; NG","type":"Power plant","is_nuclear":false}},{"type":"Feature","geometry":{"type":"Point","coordinates":[-75.339,43.584]},"properties":{"key":"10817-f20c5e1f","layer":"power","name":"Port Leyden Hydroelectric Project","state":"NY","detail_file":"data/details/power-plants-13.json","plant_id":"10817","capacity_mw":1.0,"status_group":"Operating","energy_sources":"WAT","type":"Power plant","is_nuclear":false}},{"type":"Feature","geometry":{"type":"Point","coordinates":[-74.126,40.638]},"properties":{"key":"58647-f6c2414e","layer":"power","name":"Port Richmond WWT Solar","state":"NY","detail_file":"data/details/power-plants-24.json","plant_id":"58647","capacity_mw":1.0,"status_group":"Operating","energy_sources":"SUN","type":"Power plant","is_nuclear":false}},{"type":"Feature","geometry":{"type":"Point","coordinates":[-73.901,42.296]},"properties":{"key":"64541-148dceeb","layer":"power","name":"Potic Solar","state":"NY","detail_file":"data/details/power-plants-39.json","plant_id":"64541","capacity_mw":4.9,"status_group":"Under construction","energy_sources":"SUN","type":"Power plant","is_nuclear":false}},{"type":"Feature","geometry":{"type":"Point","coordinates":[-74.068,40.618]},"properties":{"key":"8053-ddf05550","layer":"power","name":"Pouch","state":"NY","detail_file":"data/details/power-plants-34.json","plant_id":"8053","capacity_mw":47.0,"status_group":"Operating","energy_sources":"NG","type":"Power plant","is_nuclear":false}},{"type":"Feature","geometry":{"type":"Point","coordinates":[-74.07,42.78]},"properties":{"key":"67414-8d12c856","layer":"power","name":"Princetown Solar 1","state":"NY","detail_file":"data/details/power-plants-38.json","plant_id":"67414","capacity_mw":5.0,"status_group":"Operating","energy_sources":"SUN","type":"Power plant","is_nuclear":false}},{"type":"Feature","geometry":{"type":"Point","coordinates":[-75.148,43.292]},"properties":{"key":"2599-294f9917","layer":"power","name":"Prospect","state":"NY","detail_file":"data/details/power-plants-38.json","plant_id":"2599","capacity_mw":19.0,"status_group":"Operating","energy_sources":"WAT","type":"Power plant","is_nuclear":false}},{"type":"Feature","geometry":{"type":"Point","coordinates":[-73.612,43.323]},"properties":{"key":"68653-20defc68","layer":"power","name":"Quaker","state":"NY","detail_file":"data/details/power-plants-04.json","plant_id":"68653","capacity_mw":5.0,"status_group":"Operating","energy_sources":"SUN","type":"Power plant","is_nuclear":false}},{"type":"Feature","geometry":{"type":"Point","coordinates":[-74.216,41.584]},"properties":{"key":"63000-fa700d37","layer":"power","name":"RT 52 Walden Solar 1, LLC Hybrid","state":"NY","detail_file":"data/details/power-plants-30.json","plant_id":"63000","capacity_mw":9.0,"status_group":"Operating","energy_sources":"MWH; SUN","type":"Power plant","is_nuclear":false}},{"type":"Feature","geometry":{"type":"Point","coordinates":[-74.016,42.446]},"properties":{"key":"65587-4d3fe19e","layer":"power","name":"RT32 Westerlo Solar 1","state":"NY","detail_file":"data/details/power-plants-18.json","plant_id":"65587","capacity_mw":5.0,"status_group":"Operating","energy_sources":"SUN","type":"Power plant","is_nuclear":false}},{"type":"Feature","geometry":{"type":"Point","coordinates":[-74.016,42.445]},"properties":{"key":"65721-84c089cf","layer":"power","name":"RT405 Westerlo Solar 2","state":"NY","detail_file":"data/details/power-plants-49.json","plant_id":"65721","capacity_mw":5.0,"status_group":"Operating","energy_sources":"SUN","type":"Power plant","is_nuclear":false}},{"type":"Feature","geometry":{"type":"Point","coordinates":[-73.927,42.976]},"properties":{"key":"68641-44d31f10","layer":"power","name":"Randall Road Solar I","state":"NY","detail_file":"data/details/power-plants-21.json","plant_id":"68641","capacity_mw":3.4,"status_group":"Operating","energy_sources":"SUN","type":"Power plant","is_nuclear":false}},{"type":"Feature","geometry":{"type":"Point","coordinates":[-73.927,42.976]},"properties":{"key":"68642-ca075eca","layer":"power","name":"Randall Road Solar II","state":"NY","detail_file":"data/details/power-plants-32.json","plant_id":"68642","capacity_mw":2.3,"status_group":"Operating","energy_sources":"SUN","type":"Power plant","is_nuclear":false}},{"type":"Feature","geometry":{"type":"Point","coordinates":[-75.921,42.175]},"properties":{"key":"69212-dfdb0988","layer":"power","name":"Ransom","state":"NY","detail_file":"data/details/power-plants-22.json","plant_id":"69212","capacity_mw":5.0,"status_group":"Operating","energy_sources":"SUN","type":"Power plant","is_nuclear":false}},{"type":"Feature","geometry":{"type":"Point","coordinates":[-73.946,40.759]},"properties":{"key":"2500-26ec79f7","layer":"power","name":"Ravenswood","state":"NY","detail_file":"data/details/power-plants-53.json","plant_id":"2500","capacity_mw":2095.5,"status_group":"Operating","energy_sources":"NG","type":"Power plant","is_nuclear":false}},{"type":"Feature","geometry":{"type":"Point","coordinates":[-73.822,41.079]},"properties":{"key":"62423-f807c2c5","layer":"power","name":"Regeneron Pharmaceuticals Inc.","state":"NY","detail_file":"data/details/power-plants-00.json","plant_id":"62423","capacity_mw":31.6,"status_group":"Operating","energy_sources":"DFO; NG; SUN","type":"Power plant","is_nuclear":false}},{"type":"Feature","geometry":{"type":"Point","coordinates":[-73.821,41.078]},"properties":{"key":"62456-b36d1f97","layer":"power","name":"Regeneron Tarrytown","state":"NY","detail_file":"data/details/power-plants-10.json","plant_id":"62456","capacity_mw":1.5,"status_group":"Operating","energy_sources":"NG","type":"Power plant","is_nuclear":false}},{"type":"Feature","geometry":{"type":"Point","coordinates":[-75.383,43.206]},"properties":{"key":"66226-8ac314e7","layer":"power","name":"Reid Solar","state":"NY","detail_file":"data/details/power-plants-42.json","plant_id":"66226","capacity_mw":4.8,"status_group":"Operating","energy_sources":"SUN","type":"Power plant","is_nuclear":false}},{"type":"Feature","geometry":{"type":"Point","coordinates":[-74.515,41.744]},"properties":{"key":"66227-3058ba2f","layer":"power","name":"Reisender Solar","state":"NY","detail_file":"data/details/power-plants-09.json","plant_id":"66227","capacity_mw":2.0,"status_group":"Operating","energy_sources":"SUN","type":"Power plant","is_nuclear":false}},{"type":"Feature","geometry":{"type":"Point","coordinates":[-73.75,42.625]},"properties":{"key":"54034-64dd942d","layer":"power","name":"Rensselaer Cogen","state":"NY","detail_file":"data/details/power-plants-29.json","plant_id":"54034","capacity_mw":88.2,"status_group":"Operating","energy_sources":"NG","type":"Power plant","is_nuclear":false}},{"type":"Feature","geometry":{"type":"Point","coordinates":[-73.387,40.735]},"properties":{"key":"50649-99fbfd7f","layer":"power","name":"Reworld Babylon Inc","state":"NY","detail_file":"data/details/power-plants-29.json","plant_id":"50649","capacity_mw":17.0,"status_group":"Operating","energy_sources":"MSW","type":"Power plant","is_nuclear":false}},{"type":"Feature","geometry":{"type":"Point","coordinates":[-73.064,40.816]},"properties":{"key":"7314-eba9f2b6","layer":"power","name":"Richard M Flynn","state":"NY","detail_file":"data/details/power-plants-52.json","plant_id":"7314","capacity_mw":170.0,"status_group":"Operating","energy_sources":"NG","type":"Power plant","is_nuclear":false}},{"type":"Feature","geometry":{"type":"Point","coordinates":[-74.106,40.636]},"properties":{"key":"63553-3802c345","layer":"power","name":"Richmond University Medical Center","state":"NY","detail_file":"data/details/power-plants-28.json","plant_id":"63553","capacity_mw":2.8,"status_group":"Operating","energy_sources":"DFO","type":"Power plant","is_nuclear":false}},{"type":"Feature","geometry":{"type":"Point","coordinates":[-74.078,41.469]},"properties":{"key":"63369-468bfeba","layer":"power","name":"Riley Road LLC","state":"NY","detail_file":"data/details/power-plants-11.json","plant_id":"63369","capacity_mw":4.0,"status_group":"Operating","energy_sources":"SUN","type":"Power plant","is_nuclear":false}},{"type":"Feature","geometry":{"type":"Point","coordinates":[-74.758,41.462]},"properties":{"key":"2631-e53e9f0b","layer":"power","name":"Rio","state":"NY","detail_file":"data/details/power-plants-22.json","plant_id":"2631","capacity_mw":10.8,"status_group":"Operating","energy_sources":"WAT","type":"Power plant","is_nuclear":false}},{"type":"Feature","geometry":{"type":"Point","coordinates":[-73.824,40.87]},"properties":{"key":"52168-719c563a","layer":"power","name":"Riverbay","state":"NY","detail_file":"data/details/power-plants-27.json","plant_id":"52168","capacity_mw":43.5,"status_group":"Operating","energy_sources":"DFO; NG","type":"Power plant","is_nuclear":false}},{"type":"Feature","geometry":{"type":"Point","coordinates":[-73.232,40.826]},"properties":{"key":"58789-e9051d62","layer":"power","name":"Riverhead","state":"NY","detail_file":"data/details/power-plants-34.json","plant_id":"58789","capacity_mw":1.5,"status_group":"Operating","energy_sources":"SUN","type":"Power plant","is_nuclear":false}},{"type":"Feature","geometry":{"type":"Point","coordinates":[-72.718,40.942]},"properties":{"key":"70242-75ed3b29","layer":"power","name":"Riverhead - CVE","state":"NY","detail_file":"data/details/power-plants-07.json","plant_id":"70242","capacity_mw":8.9,"status_group":"Under construction","energy_sources":"MWH; SUN","type":"Power plant","is_nuclear":false}},{"type":"Feature","geometry":{"type":"Point","coordinates":[-72.764,40.923]},"properties":{"key":"62017-c0724f2d","layer":"power","name":"Riverhead Solar Farm","state":"NY","detail_file":"data/details/power-plants-16.json","plant_id":"62017","capacity_mw":20.0,"status_group":"Operating","energy_sources":"SUN","type":"Power plant","is_nuclear":false}},{"type":"Feature","geometry":{"type":"Point","coordinates":[-75.616,43.71]},"properties":{"key":"61041-522e11ce","layer":"power","name":"Roaring Brook, LLC","state":"NY","detail_file":"data/details/power-plants-58.json","plant_id":"61041","capacity_mw":79.7,"status_group":"Operating","energy_sources":"WND","type":"Power plant","is_nuclear":false}},{"type":"Feature","geometry":{"type":"Point","coordinates":[-74.065,41.191]},"properties":{"key":"62619-d13195d2","layer":"power","name":"Rockland Bakery Inc.","state":"NY","detail_file":"data/details/power-plants-27.json","plant_id":"62619","capacity_mw":1.6,"status_group":"Operating","energy_sources":"DFO; NG","type":"Power plant","is_nuclear":false}},{"type":"Feature","geometry":{"type":"Point","coordinates":[-75.277,42.525]},"properties":{"key":"62262-4cecb8bd","layer":"power","name":"Rolling Upland Wind Farm LLC","state":"NY","detail_file":"data/details/power-plants-10.json","plant_id":"62262","capacity_mw":71.4,"status_group":"Planned","energy_sources":"WND","type":"Power plant","is_nuclear":false}},{"type":"Feature","geometry":{"type":"Point","coordinates":[-74.542,41.711]},"properties":{"key":"64451-2ed07c93","layer":"power","name":"Rosemond Solar Community Solar","state":"NY","detail_file":"data/details/power-plants-19.json","plant_id":"64451","capacity_mw":2.0,"status_group":"Operating","energy_sources":"SUN","type":"Power plant","is_nuclear":false}},{"type":"Feature","geometry":{"type":"Point","coordinates":[-73.966,41.574]},"properties":{"key":"8006-b45aa0d9","layer":"power","name":"Roseton Generating Facility","state":"NY","detail_file":"data/details/power-plants-46.json","plant_id":"8006","capacity_mw":1242.0,"status_group":"Operating","energy_sources":"NG","type":"Power plant","is_nuclear":false}},{"type":"Feature","geometry":{"type":"Point","coordinates":[-74.05,42.85]},"properties":{"key":"66764-00dcee85","layer":"power","name":"SCH - (2A) 156 Barhydt Rd Glenville","state":"NY","detail_file":"data/details/power-plants-14.json","plant_id":"66764","capacity_mw":7.5,"status_group":"Operating","energy_sources":"MWH; SUN","type":"Power plant","is_nuclear":false}},{"type":"Feature","geometry":{"type":"Point","coordinates":[-73.898,42.834]},"properties":{"key":"66762-861bf02f","layer":"power","name":"SCH County - (1B) 10 Alice Wagner Way Ni","state":"NY","detail_file":"data/details/power-plants-19.json","plant_id":"66762","capacity_mw":3.5,"status_group":"Operating","energy_sources":"SUN","type":"Power plant","is_nuclear":false}},{"type":"Feature","geometry":{"type":"Point","coordinates":[-73.916,42.841]},"properties":{"key":"66763-f89708bd","layer":"power","name":"SCH County - (1E) 398 Anthony St Schenec","state":"NY","detail_file":"data/details/power-plants-17.json","plant_id":"66763","capacity_mw":1.0,"status_group":"Operating","energy_sources":"SUN","type":"Power plant","is_nuclear":false}},{"type":"Feature","geometry":{"type":"Point","coordinates":[-74.081,42.884]},"properties":{"key":"66765-c5539fbd","layer":"power","name":"SCH County - (2B) 4982 Rynex Corners Rd","state":"NY","detail_file":"data/details/power-plants-09.json","plant_id":"66765","capacity_mw":5.0,"status_group":"Operating","energy_sources":"MWH; SUN","type":"Power plant","is_nuclear":false}},{"type":"Feature","geometry":{"type":"Point","coordinates":[-73.957,42.792]},"properties":{"key":"66766-406ce5a1","layer":"power","name":"SCH County - (2D) 98 Cheltingham Ave Sch","state":"NY","detail_file":"data/details/power-plants-14.json","plant_id":"66766","capacity_mw":2.8,"status_group":"Operating","energy_sources":"SUN","type":"Power plant","is_nuclear":false}},{"type":"Feature","geometry":{"type":"Point","coordinates":[-73.944,40.655]},"properties":{"key":"63647-bf645b9d","layer":"power","name":"SDM000 Clarkson Fuel Cell","state":"NY","detail_file":"data/details/power-plants-63.json","plant_id":"63647","capacity_mw":1.8,"status_group":"Operating","energy_sources":"NG","type":"Power plant","is_nuclear":false}},{"type":"Feature","geometry":{"type":"Point","coordinates":[-73.376,40.731]},"properties":{"key":"61487-f91e81b8","layer":"power","name":"SL Babylon","state":"NY","detail_file":"data/details/power-plants-47.json","plant_id":"61487","capacity_mw":9.0,"status_group":"Operating","energy_sources":"SUN","type":"Power plant","is_nuclear":false}},{"type":"Feature","geometry":{"type":"Point","coordinates":[-72.93,40.79]},"properties":{"key":"63661-3dbaf8f5","layer":"power","name":"SWM Fuel Cell","state":"NY","detail_file":"data/details/power-plants-58.json","plant_id":"63661","capacity_mw":8.4,"status_group":"Operating","energy_sources":"NG","type":"Power plant","is_nuclear":false}},{"type":"Feature","geometry":{"type":"Point","coordinates":[-74.435,41.383]},"properties":{"key":"62158-86a9b14f","layer":"power","name":"Sacket Lake Rd #1 Community Solar Farm","state":"NY","detail_file":"data/details/power-plants-49.json","plant_id":"62158","capacity_mw":2.0,"status_group":"Operating","energy_sources":"SUN","type":"Power plant","is_nuclear":false}},{"type":"Feature","geometry":{"type":"Point","coordinates":[-74.435,41.383]},"properties":{"key":"62159-444d178a","layer":"power","name":"Sacket Lake Rd #2 Community Solar Farm","state":"NY","detail_file":"data/details/power-plants-07.json","plant_id":"62159","capacity_mw":1.7,"status_group":"Operating","energy_sources":"SUN","type":"Power plant","is_nuclear":false}},{"type":"Feature","geometry":{"type":"Point","coordinates":[-73.271,40.9]},"properties":{"key":"62003-df1bfc72","layer":"power","name":"Saint Catherine of Siena Medical Center","state":"NY","detail_file":"data/details/power-plants-28.json","plant_id":"62003","capacity_mw":2.2,"status_group":"Operating","energy_sources":"DFO","type":"Power plant","is_nuclear":false}},{"type":"Feature","geometry":{"type":"Point","coordinates":[-73.882,41.741]},"properties":{"key":"66228-df90ac31","layer":"power","name":"Salt Point Solar (Hybrid)","state":"NY","detail_file":"data/details/power-plants-62.json","plant_id":"66228","capacity_mw":4.0,"status_group":"Operating","energy_sources":"MWH; SUN","type":"Power plant","is_nuclear":false}},{"type":"Feature","geometry":{"type":"Point","coordinates":[-75.42,42.924]},"properties":{"key":"64372-ed5938a1","layer":"power","name":"Sangerfield Solar CSG","state":"NY","detail_file":"data/details/power-plants-46.json","plant_id":"64372","capacity_mw":5.0,"status_group":"Operating","energy_sources":"SUN","type":"Power plant","is_nuclear":false}},{"type":"Feature","geometry":{"type":"Point","coordinates":[-73.898,43.071]},"properties":{"key":"67475-e9295190","layer":"power","name":"Saratoga Solar III, LLC","state":"NY","detail_file":"data/details/power-plants-03.json","plant_id":"67475","capacity_mw":3.5,"status_group":"Operating","energy_sources":"SUN","type":"Power plant","is_nuclear":false}},{"type":"Feature","geometry":{"type":"Point","coordinates":[-73.92,43.068]},"properties":{"key":"67476-bf14f6d3","layer":"power","name":"Saratoga Solar IV, LLC","state":"NY","detail_file":"data/details/power-plants-00.json","plant_id":"67476","capacity_mw":3.5,"status_group":"Operating","energy_sources":"SUN","type":"Power plant","is_nuclear":false}},{"type":"Feature","geometry":{"type":"Point","coordinates":[-73.904,43.074]},"properties":{"key":"63373-17295451","layer":"power","name":"Saratoga Solar LLC","state":"NY","detail_file":"data/details/power-plants-08.json","plant_id":"63373","capacity_mw":5.0,"status_group":"Operating","energy_sources":"SUN","type":"Power plant","is_nuclear":false}},{"type":"Feature","geometry":{"type":"Point","coordinates":[-73.599,42.899]},"properties":{"key":"2606-4837363a","layer":"power","name":"Schaghticoke","state":"NY","detail_file":"data/details/power-plants-16.json","plant_id":"2606","capacity_mw":16.0,"status_group":"Operating","energy_sources":"WAT","type":"Power plant","is_nuclear":false}},{"type":"Feature","geometry":{"type":"Point","coordinates":[-73.708,42.785]},"properties":{"key":"2605-eeadca00","layer":"power","name":"School Street","state":"NY","detail_file":"data/details/power-plants-23.json","plant_id":"2605","capacity_mw":38.8,"status_group":"Operating","energy_sources":"WAT","type":"Power plant","is_nuclear":false}},{"type":"Feature","geometry":{"type":"Point","coordinates":[-73.582,43.097]},"properties":{"key":"2607-03cbe4bf","layer":"power","name":"Schuylerville","state":"NY","detail_file":"data/details/power-plants-49.json","plant_id":"2607","capacity_mw":2.0,"status_group":"Operating","energy_sources":"WAT","type":"Power plant","is_nuclear":false}},{"type":"Feature","geometry":{"type":"Point","coordinates":[-73.859,42.574]},"properties":{"key":"10725-140ae9f4","layer":"power","name":"Selkirk Cogen","state":"NY","detail_file":"data/details/power-plants-39.json","plant_id":"10725","capacity_mw":446.0,"status_group":"Operating","energy_sources":"NG","type":"Power plant","is_nuclear":false}},{"type":"Feature","geometry":{"type":"Point","coordinates":[-75.894,43.977]},"properties":{"key":"2608-7a175f30","layer":"power","name":"Sewalls","state":"NY","detail_file":"data/details/power-plants-13.json","plant_id":"2608","capacity_mw":2.0,"status_group":"Operating","energy_sources":"WAT","type":"Power plant","is_nuclear":false}},{"type":"Feature","geometry":{"type":"Point","coordinates":[-74.567,42.775]},"properties":{"key":"61903-fc327b71","layer":"power","name":"Sharon Springs","state":"NY","detail_file":"data/details/power-plants-40.json","plant_id":"61903","capacity_mw":2.0,"status_group":"Operating","energy_sources":"SUN","type":"Power plant","is_nuclear":false}},{"type":"Feature","geometry":{"type":"Point","coordinates":[-73.575,42.161]},"properties":{"key":"64188-46c6340b","layer":"power","name":"Shepherd's Run Solar","state":"NY","detail_file":"data/details/power-plants-39.json","plant_id":"64188","capacity_mw":42.0,"status_group":"Planned","energy_sources":"SUN","type":"Power plant","is_nuclear":false}},{"type":"Feature","geometry":{"type":"Point","coordinates":[-73.709,43.28]},"properties":{"key":"2609-9643ff45","layer":"power","name":"Sherman Island","state":"NY","detail_file":"data/details/power-plants-18.json","plant_id":"2609","capacity_mw":36.3,"status_group":"Operating","energy_sources":"WAT","type":"Power plant","is_nuclear":false}},{"type":"Feature","geometry":{"type":"Point","coordinates":[-74.509,41.476]},"properties":{"key":"69214-fb26a56a","layer":"power","name":"Shoddy Hollow","state":"NY","detail_file":"data/details/power-plants-10.json","plant_id":"69214","capacity_mw":5.0,"status_group":"Operating","energy_sources":"SUN","type":"Power plant","is_nuclear":false}},{"type":"Feature","geometry":{"type":"Point","coordinates":[-74.419,41.428]},"properties":{"key":"2632-bc19dd4d","layer":"power","name":"Shoemaker","state":"NY","detail_file":"data/details/power-plants-31.json","plant_id":"2632","capacity_mw":41.9,"status_group":"Operating","energy_sources":"NG","type":"Power plant","is_nuclear":false}},{"type":"Feature","geometry":{"type":"Point","coordinates":[-72.865,40.962]},"properties":{"key":"2518-7b59bf8f","layer":"power","name":"Shoreham","state":"NY","detail_file":"data/details/power-plants-56.json","plant_id":"2518","capacity_mw":71.5,"status_group":"Operating","energy_sources":"DFO","type":"Power plant","is_nuclear":false}},{"type":"Feature","geometry":{"type":"Point","coordinates":[-72.866,40.957]},"properties":{"key":"55787-041e0459","layer":"power","name":"Shoreham Energy LLC","state":"NY","detail_file":"data/details/power-plants-47.json","plant_id":"55787","capacity_mw":100.0,"status_group":"Operating","energy_sources":"KER","type":"Power plant","is_nuclear":false}},{"type":"Feature","geometry":{"type":"Point","coordinates":[-72.889,40.934]},"properties":{"key":"60045-4d20f1a4","layer":"power","name":"Shoreham Solar Commons","state":"NY","detail_file":"data/details/power-plants-60.json","plant_id":"60045","capacity_mw":24.9,"status_group":"Operating","energy_sources":"SUN","type":"Power plant","is_nuclear":false}},{"type":"Feature","geometry":{"type":"Point","coordinates":[-73.811,43.094]},"properties":{"key":"60425-23297265","layer":"power","name":"Skidmore College","state":"NY","detail_file":"data/details/power-plants-62.json","plant_id":"60425","capacity_mw":1.8,"status_group":"Operating","energy_sources":"SUN","type":"Power plant","is_nuclear":false}},{"type":"Feature","geometry":{"type":"Point","coordinates":[-74.503,41.363]},"properties":{"key":"64578-4037827a","layer":"power","name":"Slate Hill(CSG)","state":"NY","detail_file":"data/details/power-plants-22.json","plant_id":"64578","capacity_mw":2.0,"status_group":"Operating","energy_sources":"SUN","type":"Power plant","is_nuclear":false}},{"type":"Feature","geometry":{"type":"Point","coordinates":[-75.243,43.921]},"properties":{"key":"2610-34dae027","layer":"power","name":"Soft Maple","state":"NY","detail_file":"data/details/power-plants-13.json","plant_id":"2610","capacity_mw":16.0,"status_group":"Operating","energy_sources":"WAT","type":"Power plant","is_nuclear":false}},{"type":"Feature","geometry":{"type":"Point","coordinates":[-75.185,43.192]},"properties":{"key":"66258-3043ec6b","layer":"power","name":"Source Power NY II - Whaling","state":"NY","detail_file":"data/details/power-plants-45.json","plant_id":"66258","capacity_mw":3.2,"status_group":"Operating","energy_sources":"SUN","type":"Power plant","is_nuclear":false}},{"type":"Feature","geometry":{"type":"Point","coordinates":[-75.178,43.334]},"properties":{"key":"67268-3b52571a","layer":"power","name":"Source Power NY III - Remsen","state":"NY","detail_file":"data/details/power-plants-03.json","plant_id":"67268","capacity_mw":3.5,"status_group":"Operating","energy_sources":"SUN","type":"Power plant","is_nuclear":false}},{"type":"Feature","geometry":{"type":"Point","coordinates":[-73.64,43.304]},"properties":{"key":"54772-308fc2de","layer":"power","name":"South Glens Falls Hydroelectric","state":"NY","detail_file":"data/details/power-plants-49.json","plant_id":"54772","capacity_mw":13.8,"status_group":"Operating","energy_sources":"WAT","type":"Power plant","is_nuclear":false}},{"type":"Feature","geometry":{"type":"Point","coordinates":[-74.348,41.393]},"properties":{"key":"65217-863747ee","layer":"power","name":"South Goshen Community Solar","state":"NY","detail_file":"data/details/power-plants-32.json","plant_id":"65217","capacity_mw":9.5,"status_group":"Operating","energy_sources":"MWH; SUN","type":"Power plant","is_nuclear":false}},{"type":"Feature","geometry":{"type":"Point","coordinates":[-72.382,40.9]},"properties":{"key":"2519-d5455e97","layer":"power","name":"South Hampton","state":"NY","detail_file":"data/details/power-plants-17.json","plant_id":"2519","capacity_mw":11.5,"status_group":"Operating","energy_sources":"DFO","type":"Power plant","is_nuclear":false}},{"type":"Feature","geometry":{"type":"Point","coordinates":[-73.426,40.685]},"properties":{"key":"50136-8eb2cd97","layer":"power","name":"South Oaks Hospital","state":"NY","detail_file":"data/details/power-plants-59.json","plant_id":"50136","capacity_mw":1.0,"status_group":"Operating","energy_sources":"NG","type":"Power plant","is_nuclear":false}},{"type":"Feature","geometry":{"type":"Point","coordinates":[-72.376,41.106]},"properties":{"key":"2520-7492b02a","layer":"power","name":"Southold","state":"NY","detail_file":"data/details/power-plants-44.json","plant_id":"2520","capacity_mw":14.0,"status_group":"Operating","energy_sources":"DFO","type":"Power plant","is_nuclear":false}},{"type":"Feature","geometry":{"type":"Point","coordinates":[-73.756,43.234]},"properties":{"key":"2612-19b43600","layer":"power","name":"Spier Falls","state":"NY","detail_file":"data/details/power-plants-08.json","plant_id":"2612","capacity_mw":56.0,"status_group":"Operating","energy_sources":"WAT","type":"Power plant","is_nuclear":false}},{"type":"Feature","geometry":{"type":"Point","coordinates":[-73.887,40.969]},"properties":{"key":"62051-f3ff20f4","layer":"power","name":"St Johns Riverside Hospital","state":"NY","detail_file":"data/details/power-plants-14.json","plant_id":"62051","capacity_mw":1.5,"status_group":"Operating","energy_sources":"DFO","type":"Power plant","is_nuclear":false}},{"type":"Feature","geometry":{"type":"Point","coordinates":[-73.753,40.599]},"properties":{"key":"62450-cdb351a3","layer":"power","name":"St. Johns Episcopal Hospital","state":"NY","detail_file":"data/details/power-plants-42.json","plant_id":"62450","capacity_mw":1.2,"status_group":"Operating","energy_sources":"DFO","type":"Power plant","is_nuclear":false}},{"type":"Feature","geometry":{"type":"Point","coordinates":[-73.898,40.929]},"properties":{"key":"62452-e81ac761","layer":"power","name":"St. Joseph Hospital","state":"NY","detail_file":"data/details/power-plants-29.json","plant_id":"62452","capacity_mw":1.3,"status_group":"Operating","energy_sources":"DFO","type":"Power plant","is_nuclear":false}},{"type":"Feature","geometry":{"type":"Point","coordinates":[-75.872,43.932]},"properties":{"key":"61579-8efe8549","layer":"power","name":"St. Lawrence University - Sutton","state":"NY","detail_file":"data/details/power-plants-21.json","plant_id":"61579","capacity_mw":2.0,"status_group":"Operating","energy_sources":"SUN","type":"Power plant","is_nuclear":false}},{"type":"Feature","geometry":{"type":"Point","coordinates":[-74.015,41.504]},"properties":{"key":"63546-3d24e712","layer":"power","name":"St. Luke's Cornwall Hospital","state":"NY","detail_file":"data/details/power-plants-23.json","plant_id":"63546","capacity_mw":3.2,"status_group":"Operating","energy_sources":"DFO","type":"Power plant","is_nuclear":false}},{"type":"Feature","geometry":{"type":"Point","coordinates":[-73.77,40.777]},"properties":{"key":"63669-bfe7bcc0","layer":"power","name":"St. Mary's Hospital For Children","state":"NY","detail_file":"data/details/power-plants-22.json","plant_id":"63669","capacity_mw":2.0,"status_group":"Operating","energy_sources":"DFO","type":"Power plant","is_nuclear":false}},{"type":"Feature","geometry":{"type":"Point","coordinates":[-73.703,41.865]},"properties":{"key":"66483-696a5dfe","layer":"power","name":"Stanford","state":"NY","detail_file":"data/details/power-plants-42.json","plant_id":"66483","capacity_mw":5.0,"status_group":"Operating","energy_sources":"SUN","type":"Power plant","is_nuclear":false}},{"type":"Feature","geometry":{"type":"Point","coordinates":[-74.877,41.682]},"properties":{"key":"66231-04c3d9a7","layer":"power","name":"State Highway 17B Solar","state":"NY","detail_file":"data/details/power-plants-62.json","plant_id":"66231","capacity_mw":4.4,"status_group":"Operating","energy_sources":"SUN","type":"Power plant","is_nuclear":false}},{"type":"Feature","geometry":{"type":"Point","coordinates":[-74.75,41.549]},"properties":{"key":"69216-337d08c1","layer":"power","name":"State Route 42","state":"NY","detail_file":"data/details/power-plants-20.json","plant_id":"69216","capacity_mw":5.0,"status_group":"Operating","energy_sources":"SUN","type":"Power plant","is_nuclear":false}},{"type":"Feature","geometry":{"type":"Point","coordinates":[-75.494,43.071]},"properties":{"key":"67550-4fd586e3","layer":"power","name":"State Route 5","state":"NY","detail_file":"data/details/power-plants-13.json","plant_id":"67550","capacity_mw":4.4,"status_group":"Operating","energy_sources":"SUN","type":"Power plant","is_nuclear":false}},{"type":"Feature","geometry":{"type":"Point","coordinates":[-73.377,42.557]},"properties":{"key":"57710-457517ca","layer":"power","name":"Stephentown Spindle","state":"NY","detail_file":"data/details/power-plants-11.json","plant_id":"57710","capacity_mw":20.0,"status_group":"Operating","energy_sources":"MWH","type":"Power plant","is_nuclear":false}},{"type":"Feature","geometry":{"type":"Point","coordinates":[-75.601,43.08]},"properties":{"key":"50744-e4f0fabe","layer":"power","name":"Sterling Power Plant","state":"NY","detail_file":"data/details/power-plants-28.json","plant_id":"50744","capacity_mw":65.3,"status_group":"Operating","energy_sources":"DFO; NG","type":"Power plant","is_nuclear":false}},{"type":"Feature","geometry":{"type":"Point","coordinates":[-72.44,41.068]},"properties":{"key":"59275-4bab02eb","layer":"power","name":"Sterlington Greenworks LLC","state":"NY","detail_file":"data/details/power-plants-18.json","plant_id":"59275","capacity_mw":1.3,"status_group":"Operating","energy_sources":"SUN","type":"Power plant","is_nuclear":false}},{"type":"Feature","geometry":{"type":"Point","coordinates":[-73.885,43.298]},"properties":{"key":"2614-8b3742b5","layer":"power","name":"Stewarts Bridge","state":"NY","detail_file":"data/details/power-plants-07.json","plant_id":"2614","capacity_mw":38.5,"status_group":"Operating","energy_sources":"WAT","type":"Power plant","is_nuclear":false}},{"type":"Feature","geometry":{"type":"Point","coordinates":[-73.654,42.937]},"properties":{"key":"54395-d43a3b1d","layer":"power","name":"Stillwater Hydro Electric Project","state":"NY","detail_file":"data/details/power-plants-07.json","plant_id":"54395","capacity_mw":3.4,"status_group":"Operating","energy_sources":"WAT","type":"Power plant","is_nuclear":false}},{"type":"Feature","geometry":{"type":"Point","coordinates":[-75.04,43.897]},"properties":{"key":"50513-6b628414","layer":"power","name":"Stillwater Reservoir Hydro","state":"NY","detail_file":"data/details/power-plants-53.json","plant_id":"50513","capacity_mw":1.8,"status_group":"Operating","energy_sources":"WAT","type":"Power plant","is_nuclear":false}},{"type":"Feature","geometry":{"type":"Point","coordinates":[-75.607,43.011]},"properties":{"key":"67254-5733fbfd","layer":"power","name":"Stockbridge","state":"NY","detail_file":"data/details/power-plants-19.json","plant_id":"67254","capacity_mw":2.0,"status_group":"Operating","energy_sources":"SUN","type":"Power plant","is_nuclear":false}},{"type":"Feature","geometry":{"type":"Point","coordinates":[-73.129,40.917]},"properties":{"key":"54149-ef3ea227","layer":"power","name":"Stony Brook Cogen Plant","state":"NY","detail_file":"data/details/power-plants-22.json","plant_id":"54149","capacity_mw":47.0,"status_group":"Operating","energy_sources":"NG","type":"Power plant","is_nuclear":false}},{"type":"Feature","geometry":{"type":"Point","coordinates":[-74.047,41.848]},"properties":{"key":"2486-d10c5748","layer":"power","name":"Sturgeon","state":"NY","detail_file":"data/details/power-plants-08.json","plant_id":"2486","capacity_mw":14.4,"status_group":"Operating","energy_sources":"WAT","type":"Power plant","is_nuclear":false}},{"type":"Feature","geometry":{"type":"Point","coordinates":[-73.734,42.351]},"properties":{"key":"58873-8f2e271e","layer":"power","name":"Stuyvesant Falls","state":"NY","detail_file":"data/details/power-plants-30.json","plant_id":"58873","capacity_mw":6.0,"status_group":"Operating","energy_sources":"WAT","type":"Power plant","is_nuclear":false}},{"type":"Feature","geometry":{"type":"Point","coordinates":[-73.843,42.833]},"properties":{"key":"66034-b119561d","layer":"power","name":"Sugar Hill Solar 1","state":"NY","detail_file":"data/details/power-plants-27.json","plant_id":"66034","capacity_mw":5.0,"status_group":"Operating","energy_sources":"SUN","type":"Power plant","is_nuclear":false}},{"type":"Feature","geometry":{"type":"Point","coordinates":[-73.849,42.823]},"properties":{"key":"62788-f0b8b740","layer":"power","name":"Sugarhill Road - Solitude Solar CSG","state":"NY","detail_file":"data/details/power-plants-26.json","plant_id":"62788","capacity_mw":4.7,"status_group":"Operating","energy_sources":"SUN","type":"Power plant","is_nuclear":false}},{"type":"Feature","geometry":{"type":"Point","coordinates":[-74.708,41.797]},"properties":{"key":"60817-d84ef545","layer":"power","name":"Sullivan County - Adult Care Solar","state":"NY","detail_file":"data/details/power-plants-36.json","plant_id":"60817","capacity_mw":2.0,"status_group":"Operating","energy_sources":"SUN","type":"Power plant","is_nuclear":false}},{"type":"Feature","geometry":{"type":"Point","coordinates":[-74.796,43.044]},"properties":{"key":"63901-9f68a96c","layer":"power","name":"SunEast Flat Hill Solar Project","state":"NY","detail_file":"data/details/power-plants-50.json","plant_id":"63901","capacity_mw":20.0,"status_group":"Under construction","energy_sources":"SUN","type":"Power plant","is_nuclear":false}},{"type":"Feature","geometry":{"type":"Point","coordinates":[-74.844,43.065]},"properties":{"key":"63863-e190ba64","layer":"power","name":"SunEast Grassy Knoll Solar Project","state":"NY","detail_file":"data/details/power-plants-58.json","plant_id":"63863","capacity_mw":20.0,"status_group":"Under construction","energy_sources":"SUN","type":"Power plant","is_nuclear":false}},{"type":"Feature","geometry":{"type":"Point","coordinates":[-74.849,43.068]},"properties":{"key":"62895-2f064655","layer":"power","name":"SunEast Hills Solar Project","state":"NY","detail_file":"data/details/power-plants-40.json","plant_id":"62895","capacity_mw":20.0,"status_group":"Under construction","energy_sources":"SUN","type":"Power plant","is_nuclear":false}},{"type":"Feature","geometry":{"type":"Point","coordinates":[-75.452,43.063]},"properties":{"key":"62816-6ad8f956","layer":"power","name":"SunEast Skyline Solar Project","state":"NY","detail_file":"data/details/power-plants-48.json","plant_id":"62816","capacity_mw":20.0,"status_group":"Planned","energy_sources":"SUN","type":"Power plant","is_nuclear":false}},{"type":"Feature","geometry":{"type":"Point","coordinates":[-75.056,43.061]},"properties":{"key":"62896-23233638","layer":"power","name":"SunEast Watkins Road Solar Project","state":"NY","detail_file":"data/details/power-plants-31.json","plant_id":"62896","capacity_mw":20.0,"status_group":"Under construction","energy_sources":"SUN","type":"Power plant","is_nuclear":false}},{"type":"Feature","geometry":{"type":"Point","coordinates":[-73.982,41.495]},"properties":{"key":"61922-e7739e85","layer":"power","name":"Sunlight Beacon","state":"NY","detail_file":"data/details/power-plants-03.json","plant_id":"61922","capacity_mw":2.0,"status_group":"Operating","energy_sources":"SUN","type":"Power plant","is_nuclear":false}},{"type":"Feature","geometry":{"type":"Point","coordinates":[-73.944,42.836]},"properties":{"key":"66504-e295ce6b","layer":"power","name":"Sunnyside 1 Solar","state":"NY","detail_file":"data/details/power-plants-49.json","plant_id":"66504","capacity_mw":5.0,"status_group":"Operating","energy_sources":"SUN","type":"Power plant","is_nuclear":false}},{"type":"Feature","geometry":{"type":"Point","coordinates":[-73.944,42.836]},"properties":{"key":"67574-0c39fb72","layer":"power","name":"Sunnyside 2 Solar","state":"NY","detail_file":"data/details/power-plants-18.json","plant_id":"67574","capacity_mw":5.0,"status_group":"Operating","energy_sources":"SUN","type":"Power plant","is_nuclear":false}},{"type":"Feature","geometry":{"type":"Point","coordinates":[-72.771,40.928]},"properties":{"key":"59274-b4b592e9","layer":"power","name":"Sutter Greenworks LLC","state":"NY","detail_file":"data/details/power-plants-16.json","plant_id":"59274","capacity_mw":5.0,"status_group":"Operating","energy_sources":"SUN","type":"Power plant","is_nuclear":false}},{"type":"Feature","geometry":{"type":"Point","coordinates":[-74.323,41.535]},"properties":{"key":"66232-a23b1ad5","layer":"power","name":"Svenski Solar (Hybrid)","state":"NY","detail_file":"data/details/power-plants-00.json","plant_id":"66232","capacity_mw":4.0,"status_group":"Operating","energy_sources":"MWH; SUN","type":"Power plant","is_nuclear":false}},{"type":"Feature","geometry":{"type":"Point","coordinates":[-73.958,42.896]},"properties":{"key":"68643-ff5b1b8c","layer":"power","name":"Swaggertown Solar I","state":"NY","detail_file":"data/details/power-plants-62.json","plant_id":"68643","capacity_mw":2.8,"status_group":"Operating","energy_sources":"SUN","type":"Power plant","is_nuclear":false}},{"type":"Feature","geometry":{"type":"Point","coordinates":[-73.958,42.896]},"properties":{"key":"68664-a8564227","layer":"power","name":"Swaggertown Solar II","state":"NY","detail_file":"data/details/power-plants-13.json","plant_id":"68664","capacity_mw":5.0,"status_group":"Operating","energy_sources":"SUN","type":"Power plant","is_nuclear":false}},{"type":"Feature","geometry":{"type":"Point","coordinates":[-74.783,41.572]},"properties":{"key":"2634-1e8eeb73","layer":"power","name":"Swinging Bridge 2","state":"NY","detail_file":"data/details/power-plants-03.json","plant_id":"2634","capacity_mw":8.0,"status_group":"Operating","energy_sources":"WAT","type":"Power plant","is_nuclear":false}},{"type":"Feature","geometry":{"type":"Point","coordinates":[-74.226,41.489]},"properties":{"key":"57472-b9c8e55c","layer":"power","name":"TBE-Montgomery LLC","state":"NY","detail_file":"data/details/power-plants-08.json","plant_id":"57472","capacity_mw":21.0,"status_group":"Under construction","energy_sources":"OBG","type":"Power plant","is_nuclear":false}},{"type":"Feature","geometry":{"type":"Point","coordinates":[-74.051,43.017]},"properties":{"key":"69854-f574ebbe","layer":"power","name":"TJA-NY-1806 Perth Rd Galway, LLC","state":"NY","detail_file":"data/details/power-plants-40.json","plant_id":"69854","capacity_mw":3.3,"status_group":"Under construction","energy_sources":"SUN","type":"Power plant","is_nuclear":false}},{"type":"Feature","geometry":{"type":"Point","coordinates":[-75.827,42.83]},"properties":{"key":"68404-f4e9e78f","layer":"power","name":"TJA-NY-Barrett Rd New Woodstock, LLC","state":"NY","detail_file":"data/details/power-plants-42.json","plant_id":"68404","capacity_mw":4.7,"status_group":"Operating","energy_sources":"SUN","type":"Power plant","is_nuclear":false}},{"type":"Feature","geometry":{"type":"Point","coordinates":[-75.613,43.98]},"properties":{"key":"50416-425449f0","layer":"power","name":"Tannery Island Power","state":"NY","detail_file":"data/details/power-plants-49.json","plant_id":"50416","capacity_mw":1.5,"status_group":"Operating","energy_sources":"WAT","type":"Power plant","is_nuclear":false}},{"type":"Feature","geometry":{"type":"Point","coordinates":[-75.535,43.239]},"properties":{"key":"60677-1d291fc9","layer":"power","name":"Tannery Road Landfill","state":"NY","detail_file":"data/details/power-plants-54.json","plant_id":"60677","capacity_mw":2.0,"status_group":"Operating","energy_sources":"SUN","type":"Power plant","is_nuclear":false}},{"type":"Feature","geometry":{"type":"Point","coordinates":[-75.322,43.927]},"properties":{"key":"2617-ea675d70","layer":"power","name":"Taylorville","state":"NY","detail_file":"data/details/power-plants-50.json","plant_id":"2617","capacity_mw":4.0,"status_group":"Operating","energy_sources":"WAT","type":"Power plant","is_nuclear":false}},{"type":"Feature","geometry":{"type":"Point","coordinates":[-73.913,40.873]},"properties":{"key":"61568-7d4cd05a","layer":"power","name":"The Allen Hospital","state":"NY","detail_file":"data/details/power-plants-29.json","plant_id":"61568","capacity_mw":1.0,"status_group":"Operating","energy_sources":"DFO","type":"Power plant","is_nuclear":false}},{"type":"Feature","geometry":{"type":"Point","coordinates":[-73.934,40.659]},"properties":{"key":"62001-f95211c8","layer":"power","name":"The Bank of New York","state":"NY","detail_file":"data/details/power-plants-22.json","plant_id":"62001","capacity_mw":7.2,"status_group":"Operating","energy_sources":"DFO","type":"Power plant","is_nuclear":false}},{"type":"Feature","geometry":{"type":"Point","coordinates":[-73.954,40.79]},"properties":{"key":"61416-690e4513","layer":"power","name":"The Mount Sinai Hospital","state":"NY","detail_file":"data/details/power-plants-18.json","plant_id":"61416","capacity_mw":17.6,"status_group":"Operating","energy_sources":"DFO","type":"Power plant","is_nuclear":false}},{"type":"Feature","geometry":{"type":"Point","coordinates":[-73.759,41.028]},"properties":{"key":"67271-d9b8da48","layer":"power","name":"The Source at White Plains (UBS)","state":"NY","detail_file":"data/details/power-plants-00.json","plant_id":"67271","capacity_mw":1.0,"status_group":"Operating","energy_sources":"SUN","type":"Power plant","is_nuclear":false}},{"type":"Feature","geometry":{"type":"Point","coordinates":[-73.44,43.868]},"properties":{"key":"68115-a752024f","layer":"power","name":"Ticon Solar","state":"NY","detail_file":"data/details/power-plants-26.json","plant_id":"68115","capacity_mw":5.0,"status_group":"Operating","energy_sources":"SUN","type":"Power plant","is_nuclear":false}},{"type":"Feature","geometry":{"type":"Point","coordinates":[-73.397,43.891]},"properties":{"key":"54099-f664db76","layer":"power","name":"Ticonderoga Mill","state":"NY","detail_file":"data/details/power-plants-29.json","plant_id":"54099","capacity_mw":42.1,"status_group":"Operating","energy_sources":"NG","type":"Power plant","is_nuclear":false}},{"type":"Feature","geometry":{"type":"Point","coordinates":[-75.47,42.583]},"properties":{"key":"67335-cec3f9a1","layer":"power","name":"Tiffany","state":"NY","detail_file":"data/details/power-plants-35.json","plant_id":"67335","capacity_mw":5.0,"status_group":"Operating","energy_sources":"SUN","type":"Power plant","is_nuclear":false}},{"type":"Feature","geometry":{"type":"Point","coordinates":[-75.43,43.184]},"properties":{"key":"61577-34ffcb48","layer":"power","name":"Time Warner Cable Enterprises - Martino","state":"NY","detail_file":"data/details/power-plants-02.json","plant_id":"61577","capacity_mw":2.0,"status_group":"Operating","energy_sources":"SUN","type":"Power plant","is_nuclear":false}},{"type":"Feature","geometry":{"type":"Point","coordinates":[-73.676,42.835]},"properties":{"key":"60115-aa1da52f","layer":"power","name":"Town of Halfmoon","state":"NY","detail_file":"data/details/power-plants-49.json","plant_id":"60115","capacity_mw":1.0,"status_group":"Operating","energy_sources":"SUN","type":"Power plant","is_nuclear":false}},{"type":"Feature","geometry":{"type":"Point","coordinates":[-75.157,43.276]},"properties":{"key":"2619-860cd8a7","layer":"power","name":"Trenton Falls","state":"NY","detail_file":"data/details/power-plants-50.json","plant_id":"2619","capacity_mw":21.9,"status_group":"Operating","energy_sources":"WAT","type":"Power plant","is_nuclear":false}},{"type":"Feature","geometry":{"type":"Point","coordinates":[-75.692,43.083]},"properties":{"key":"70139-5bda5edb","layer":"power","name":"Twin Lantern Solar Project","state":"NY","detail_file":"data/details/power-plants-43.json","plant_id":"70139","capacity_mw":1.4,"status_group":"Operating","energy_sources":"SUN","type":"Power plant","is_nuclear":false}},{"type":"Feature","geometry":{"type":"Point","coordinates":[-73.981,41.962]},"properties":{"key":"62777-df9eafd7","layer":"power","name":"Ulster County Solar","state":"NY","detail_file":"data/details/power-plants-53.json","plant_id":"62777","capacity_mw":1.4,"status_group":"Operating","energy_sources":"SUN","type":"Power plant","is_nuclear":false}},{"type":"Feature","geometry":{"type":"Point","coordinates":[-73.884,41.716]},"properties":{"key":"63751-56c9f8b6","layer":"power","name":"Underhill","state":"NY","detail_file":"data/details/power-plants-23.json","plant_id":"63751","capacity_mw":2.0,"status_group":"Operating","energy_sources":"SUN","type":"Power plant","is_nuclear":false}},{"type":"Feature","geometry":{"type":"Point","coordinates":[-73.742,41.661]},"properties":{"key":"66481-815302aa","layer":"power","name":"Union Vale","state":"NY","detail_file":"data/details/power-plants-18.json","plant_id":"66481","capacity_mw":1.7,"status_group":"Operating","energy_sources":"SUN","type":"Power plant","is_nuclear":false}},{"type":"Feature","geometry":{"type":"Point","coordinates":[-75.428,43.884]},"properties":{"key":"10490-da35fcef","layer":"power","name":"Upper Beaver Falls Project","state":"NY","detail_file":"data/details/power-plants-14.json","plant_id":"10490","capacity_mw":1.5,"status_group":"Operating","energy_sources":"WAT","type":"Power plant","is_nuclear":false}},{"type":"Feature","geometry":{"type":"Point","coordinates":[-73.68,42.913]},"properties":{"key":"625-8bd01a19","layer":"power","name":"Upper Mechanicville","state":"NY","detail_file":"data/details/power-plants-28.json","plant_id":"625","capacity_mw":16.4,"status_group":"Operating","energy_sources":"WAT","type":"Power plant","is_nuclear":false}},{"type":"Feature","geometry":{"type":"Point","coordinates":[-73.562,42.904]},"properties":{"key":"50034-ad87f7dd","layer":"power","name":"Valley Falls Hydroelectric Facility","state":"NY","detail_file":"data/details/power-plants-10.json","plant_id":"50034","capacity_mw":2.5,"status_group":"Operating","energy_sources":"WAT","type":"Power plant","is_nuclear":false}},{"type":"Feature","geometry":{"type":"Point","coordinates":[-74.378,42.934]},"properties":{"key":"66207-5f5fba6c","layer":"power","name":"Van Epps Solar","state":"NY","detail_file":"data/details/power-plants-00.json","plant_id":"66207","capacity_mw":5.0,"status_group":"Operating","energy_sources":"SUN","type":"Power plant","is_nuclear":false}},{"type":"Feature","geometry":{"type":"Point","coordinates":[-73.935,41.694]},"properties":{"key":"63550-4572c4fa","layer":"power","name":"Vassar Brothers Medical Center","state":"NY","detail_file":"data/details/power-plants-44.json","plant_id":"63550","capacity_mw":9.5,"status_group":"Operating","energy_sources":"DFO","type":"Power plant","is_nuclear":false}},{"type":"Feature","geometry":{"type":"Point","coordinates":[-73.951,40.754]},"properties":{"key":"7909-3faa33c6","layer":"power","name":"Vernon Boulevard","state":"NY","detail_file":"data/details/power-plants-49.json","plant_id":"7909","capacity_mw":94.0,"status_group":"Operating","energy_sources":"NG","type":"Power plant","is_nuclear":false}},{"type":"Feature","geometry":{"type":"Point","coordinates":[-75.69,43.238]},"properties":{"key":"69218-330ac1a1","layer":"power","name":"Vienna","state":"NY","detail_file":"data/details/power-plants-45.json","plant_id":"69218","capacity_mw":5.0,"status_group":"Under construction","energy_sources":"SUN","type":"Power plant","is_nuclear":false}},{"type":"Feature","geometry":{"type":"Point","coordinates":[-74.961,41.757]},"properties":{"key":"62525-dc9bc13a","layer":"power","name":"Villa Roma Rd #1","state":"NY","detail_file":"data/details/power-plants-31.json","plant_id":"62525","capacity_mw":2.0,"status_group":"Operating","energy_sources":"SUN","type":"Power plant","is_nuclear":false}},{"type":"Feature","geometry":{"type":"Point","coordinates":[-74.961,41.756]},"properties":{"key":"62526-cb417cb3","layer":"power","name":"Villa Roma Rd #2","state":"NY","detail_file":"data/details/power-plants-57.json","plant_id":"62526","capacity_mw":2.0,"status_group":"Operating","energy_sources":"SUN","type":"Power plant","is_nuclear":false}},{"type":"Feature","geometry":{"type":"Point","coordinates":[-74.962,41.754]},"properties":{"key":"62527-92f9d8ee","layer":"power","name":"Villa Roma Rd #3 CSG","state":"NY","detail_file":"data/details/power-plants-29.json","plant_id":"62527","capacity_mw":2.0,"status_group":"Operating","energy_sources":"SUN","type":"Power plant","is_nuclear":false}},{"type":"Feature","geometry":{"type":"Point","coordinates":[-74.959,41.754]},"properties":{"key":"62528-34df1f71","layer":"power","name":"Villa Roma Rd #4 CSG","state":"NY","detail_file":"data/details/power-plants-34.json","plant_id":"62528","capacity_mw":2.0,"status_group":"Operating","energy_sources":"SUN","type":"Power plant","is_nuclear":false}},{"type":"Feature","geometry":{"type":"Point","coordinates":[-73.843,42.807]},"properties":{"key":"2686-eaaef1ed","layer":"power","name":"Vischer Ferry","state":"NY","detail_file":"data/details/power-plants-05.json","plant_id":"2686","capacity_mw":11.6,"status_group":"Operating","energy_sources":"WAT","type":"Power plant","is_nuclear":false}},{"type":"Feature","geometry":{"type":"Point","coordinates":[-72.877,40.957]},"properties":{"key":"7146-8e51ba72","layer":"power","name":"Wading River","state":"NY","detail_file":"data/details/power-plants-22.json","plant_id":"7146","capacity_mw":238.5,"status_group":"Operating","energy_sources":"DFO","type":"Power plant","is_nuclear":false}},{"type":"Feature","geometry":{"type":"Point","coordinates":[-74.195,41.56]},"properties":{"key":"10848-acb4f9d5","layer":"power","name":"Walden","state":"NY","detail_file":"data/details/power-plants-01.json","plant_id":"10848","capacity_mw":2.4,"status_group":"Operating","energy_sources":"WAT","type":"Power plant","is_nuclear":false}},{"type":"Feature","geometry":{"type":"Point","coordinates":[-74.145,41.553]},"properties":{"key":"63855-038b1409","layer":"power","name":"Walden NY 1","state":"NY","detail_file":"data/details/power-plants-29.json","plant_id":"63855","capacity_mw":2.0,"status_group":"Operating","energy_sources":"SUN","type":"Power plant","is_nuclear":false}},{"type":"Feature","geometry":{"type":"Point","coordinates":[-73.938,41.565]},"properties":{"key":"64041-ad90c32f","layer":"power","name":"Wappinger 9D Solar","state":"NY","detail_file":"data/details/power-plants-48.json","plant_id":"64041","capacity_mw":2.0,"status_group":"Operating","energy_sources":"SUN","type":"Power plant","is_nuclear":false}},{"type":"Feature","geometry":{"type":"Point","coordinates":[-73.922,41.598]},"properties":{"key":"54573-6f1a220f","layer":"power","name":"Wappinger Falls Hydroelectric","state":"NY","detail_file":"data/details/power-plants-29.json","plant_id":"54573","capacity_mw":2.0,"status_group":"Operating","energy_sources":"WAT","type":"Power plant","is_nuclear":false}},{"type":"Feature","geometry":{"type":"Point","coordinates":[-73.799,43.483]},"properties":{"key":"10218-549c5b14","layer":"power","name":"Warrensburg Hydroelectric","state":"NY","detail_file":"data/details/power-plants-38.json","plant_id":"10218","capacity_mw":2.9,"status_group":"Operating","energy_sources":"WAT","type":"Power plant","is_nuclear":false}},{"type":"Feature","geometry":{"type":"Point","coordinates":[-75.127,43.073]},"properties":{"key":"68387-b28d60fe","layer":"power","name":"Warrior Solar Partners","state":"NY","detail_file":"data/details/power-plants-08.json","plant_id":"68387","capacity_mw":5.0,"status_group":"Operating","energy_sources":"SUN","type":"Power plant","is_nuclear":false}},{"type":"Feature","geometry":{"type":"Point","coordinates":[-73.95,42.822]},"properties":{"key":"65487-17bcb57f","layer":"power","name":"Washington Avenue Solar, LLC","state":"NY","detail_file":"data/details/power-plants-52.json","plant_id":"65487","capacity_mw":4.6,"status_group":"Operating","energy_sources":"SUN","type":"Power plant","is_nuclear":false}},{"type":"Feature","geometry":{"type":"Point","coordinates":[-74.167,41.424]},"properties":{"key":"64562-e9566dd9","layer":"power","name":"Washingtonville(CSG)","state":"NY","detail_file":"data/details/power-plants-58.json","plant_id":"64562","capacity_mw":2.0,"status_group":"Operating","energy_sources":"SUN","type":"Power plant","is_nuclear":false}},{"type":"Feature","geometry":{"type":"Point","coordinates":[-73.575,41.498]},"properties":{"key":"55619-1bf1ceaf","layer":"power","name":"Watchtower Educational Center","state":"NY","detail_file":"data/details/power-plants-61.json","plant_id":"55619","capacity_mw":2.1,"status_group":"Operating","energy_sources":"DFO; NG","type":"Power plant","is_nuclear":false}},{"type":"Feature","geometry":{"type":"Point","coordinates":[-75.875,43.976]},"properties":{"key":"2700-52a8c918","layer":"power","name":"Watertown","state":"NY","detail_file":"data/details/power-plants-35.json","plant_id":"2700","capacity_mw":8.1,"status_group":"Operating","energy_sources":"WAT","type":"Power plant","is_nuclear":false}},{"type":"Feature","geometry":{"type":"Point","coordinates":[-75.992,42.125]},"properties":{"key":"68869-646aba79","layer":"power","name":"Watson 1","state":"NY","detail_file":"data/details/power-plants-00.json","plant_id":"68869","capacity_mw":4.8,"status_group":"Under construction","energy_sources":"SUN","type":"Power plant","is_nuclear":false}},{"type":"Feature","geometry":{"type":"Point","coordinates":[-75.992,42.125]},"properties":{"key":"68870-e178a040","layer":"power","name":"Watson 2","state":"NY","detail_file":"data/details/power-plants-40.json","plant_id":"68870","capacity_mw":4.9,"status_group":"Under construction","energy_sources":"SUN","type":"Power plant","is_nuclear":false}},{"type":"Feature","geometry":{"type":"Point","coordinates":[-73.349,40.695]},"properties":{"key":"2521-2afd3ccc","layer":"power","name":"West Babylon","state":"NY","detail_file":"data/details/power-plants-13.json","plant_id":"2521","capacity_mw":52.4,"status_group":"Operating","energy_sources":"DFO","type":"Power plant","is_nuclear":false}},{"type":"Feature","geometry":{"type":"Point","coordinates":[-74.51,41.86]},"properties":{"key":"51033-5a44cb4f","layer":"power","name":"West Delaware Tunnel Plant","state":"NY","detail_file":"data/details/power-plants-27.json","plant_id":"51033","capacity_mw":7.5,"status_group":"Operating","energy_sources":"WAT","type":"Power plant","is_nuclear":false}},{"type":"Feature","geometry":{"type":"Point","coordinates":[-75.621,43.983]},"properties":{"key":"50759-764bb385","layer":"power","name":"West End Dam Hydroelectric Project","state":"NY","detail_file":"data/details/power-plants-61.json","plant_id":"50759","capacity_mw":4.4,"status_group":"Operating","energy_sources":"WAT","type":"Power plant","is_nuclear":false}},{"type":"Feature","geometry":{"type":"Point","coordinates":[-73.965,41.803]},"properties":{"key":"66761-b9575aca","layer":"power","name":"West Shore Solar LLC","state":"NY","detail_file":"data/details/power-plants-59.json","plant_id":"66761","capacity_mw":2.4,"status_group":"Operating","energy_sources":"SUN","type":"Power plant","is_nuclear":false}},{"type":"Feature","geometry":{"type":"Point","coordinates":[-73.804,41.089]},"properties":{"key":"62270-59d57600","layer":"power","name":"Westchester County Medical Center","state":"NY","detail_file":"data/details/power-plants-33.json","plant_id":"62270","capacity_mw":6.1,"status_group":"Operating","energy_sources":"DFO","type":"Power plant","is_nuclear":false}},{"type":"Feature","geometry":{"type":"Point","coordinates":[-74.016,42.438]},"properties":{"key":"63858-0531e488","layer":"power","name":"Westerlo NY 1","state":"NY","detail_file":"data/details/power-plants-29.json","plant_id":"63858","capacity_mw":2.0,"status_group":"Operating","energy_sources":"SUN","type":"Power plant","is_nuclear":false}},{"type":"Feature","geometry":{"type":"Point","coordinates":[-72.69,40.836]},"properties":{"key":"70134-26911b98","layer":"power","name":"Westhampton - NY 0243 (Giaquinto 1)","state":"NY","detail_file":"data/details/power-plants-35.json","plant_id":"70134","capacity_mw":5.0,"status_group":"Under construction","energy_sources":"SUN","type":"Power plant","is_nuclear":false}},{"type":"Feature","geometry":{"type":"Point","coordinates":[-74.561,41.345]},"properties":{"key":"62764-b35bb39e","layer":"power","name":"Westtown CSG","state":"NY","detail_file":"data/details/power-plants-32.json","plant_id":"62764","capacity_mw":2.0,"status_group":"Operating","energy_sources":"SUN","type":"Power plant","is_nuclear":false}},{"type":"Feature","geometry":{"type":"Point","coordinates":[-74.524,41.345]},"properties":{"key":"63856-368f5ff5","layer":"power","name":"Westtown NY 2","state":"NY","detail_file":"data/details/power-plants-06.json","plant_id":"63856","capacity_mw":2.0,"status_group":"Operating","energy_sources":"SUN","type":"Power plant","is_nuclear":false}},{"type":"Feature","geometry":{"type":"Point","coordinates":[-73.591,43.306]},"properties":{"key":"10503-7920aea9","layer":"power","name":"Wheelabrator Hudson Falls","state":"NY","detail_file":"data/details/power-plants-24.json","plant_id":"10503","capacity_mw":14.4,"status_group":"Operating","energy_sources":"MSW","type":"Power plant","is_nuclear":false}},{"type":"Feature","geometry":{"type":"Point","coordinates":[-73.942,41.277]},"properties":{"key":"50882-e246724b","layer":"power","name":"Wheelabrator Westchester","state":"NY","detail_file":"data/details/power-plants-58.json","plant_id":"50882","capacity_mw":59.5,"status_group":"Operating","energy_sources":"MSW","type":"Power plant","is_nuclear":false}},{"type":"Feature","geometry":{"type":"Point","coordinates":[-73.753,41.032]},"properties":{"key":"64440-5c37682b","layer":"power","name":"White Plains Hospital Medical Center","state":"NY","detail_file":"data/details/power-plants-28.json","plant_id":"64440","capacity_mw":5.7,"status_group":"Operating","energy_sources":"DFO","type":"Power plant","is_nuclear":false}},{"type":"Feature","geometry":{"type":"Point","coordinates":[-73.759,41.022]},"properties":{"key":"67745-52765c23","layer":"power","name":"White Plains RFP Shapham Place","state":"NY","detail_file":"data/details/power-plants-44.json","plant_id":"67745","capacity_mw":6.2,"status_group":"Operating","energy_sources":"MWH; SUN","type":"Power plant","is_nuclear":false}},{"type":"Feature","geometry":{"type":"Point","coordinates":[-73.758,41.009]},"properties":{"key":"67275-c616bc48","layer":"power","name":"White Plains_RFP-Gedney Way Landfill","state":"NY","detail_file":"data/details/power-plants-16.json","plant_id":"67275","capacity_mw":3.3,"status_group":"Operating","energy_sources":"MWH; SUN","type":"Power plant","is_nuclear":false}},{"type":"Feature","geometry":{"type":"Point","coordinates":[-72.851,40.777]},"properties":{"key":"58167-cffd7977","layer":"power","name":"William Floyd School District","state":"NY","detail_file":"data/details/power-plants-57.json","plant_id":"58167","capacity_mw":3.9,"status_group":"Operating","energy_sources":"DFO; NG","type":"Power plant","is_nuclear":false}},{"type":"Feature","geometry":{"type":"Point","coordinates":[-75.592,43.087]},"properties":{"key":"69618-12f6b87b","layer":"power","name":"Winema Solar Partners","state":"NY","detail_file":"data/details/power-plants-62.json","plant_id":"69618","capacity_mw":5.0,"status_group":"Operating","energy_sources":"SUN","type":"Power plant","is_nuclear":false}},{"type":"Feature","geometry":{"type":"Point","coordinates":[-75.729,43.35]},"properties":{"key":"67426-714eef9d","layer":"power","name":"Wolcott Hill (Camden) (CSG)","state":"NY","detail_file":"data/details/power-plants-25.json","plant_id":"67426","capacity_mw":5.0,"status_group":"Operating","energy_sources":"SUN","type":"Power plant","is_nuclear":false}},{"type":"Feature","geometry":{"type":"Point","coordinates":[-73.942,40.705]},"properties":{"key":"61567-c6fcdc0e","layer":"power","name":"Woodhull Hospital","state":"NY","detail_file":"data/details/power-plants-08.json","plant_id":"61567","capacity_mw":8.0,"status_group":"Operating","energy_sources":"DFO","type":"Power plant","is_nuclear":false}},{"type":"Feature","geometry":{"type":"Point","coordinates":[-75.027,41.594]},"properties":{"key":"62479-ebe78d36","layer":"power","name":"Woodoak Drive Community Solar Farm CSG","state":"NY","detail_file":"data/details/power-plants-02.json","plant_id":"62479","capacity_mw":2.0,"status_group":"Operating","energy_sources":"SUN","type":"Power plant","is_nuclear":false}},{"type":"Feature","geometry":{"type":"Point","coordinates":[-73.918,40.704]},"properties":{"key":"63644-e0b9b736","layer":"power","name":"Wyckoff Heights Medical Center","state":"NY","detail_file":"data/details/power-plants-62.json","plant_id":"63644","capacity_mw":2.1,"status_group":"Operating","energy_sources":"DFO","type":"Power plant","is_nuclear":false}},{"type":"Feature","geometry":{"type":"Point","coordinates":[-73.907,40.789]},"properties":{"key":"56196-4c00727b","layer":"power","name":"Zeltmann","state":"NY","detail_file":"data/details/power-plants-24.json","plant_id":"56196","capacity_mw":528.0,"status_group":"Operating","energy_sources":"NG","type":"Power plant","is_nuclear":false}},{"type":"Feature","geometry":{"type":"Point","coordinates":[-75.192,40.139]},"properties":{"key":"57640-c788a188","layer":"power","name":"500 Virginia Solar","state":"PA","detail_file":"data/details/power-plants-14.json","plant_id":"57640","capacity_mw":1.0,"status_group":"Operating","energy_sources":"SUN","type":"Power plant","is_nuclear":false}},{"type":"Feature","geometry":{"type":"Point","coordinates":[-75.6,40.567]},"properties":{"key":"69087-0b47faae","layer":"power","name":"Allentown - Ruppsville","state":"PA","detail_file":"data/details/power-plants-33.json","plant_id":"69087","capacity_mw":2.8,"status_group":"Operating","energy_sources":"SUN","type":"Power plant","is_nuclear":false}},{"type":"Feature","geometry":{"type":"Point","coordinates":[-75.541,41.485]},"properties":{"key":"50279-26272eae","layer":"power","name":"Archbald Power Station","state":"PA","detail_file":"data/details/power-plants-16.json","plant_id":"50279","capacity_mw":92.9,"status_group":"Operating","energy_sources":"LFG; NG","type":"Power plant","is_nuclear":false}},{"type":"Feature","geometry":{"type":"Point","coordinates":[-75.315,40.617]},"properties":{"key":"55690-34953688","layer":"power","name":"Bethlehem Power Plant","state":"PA","detail_file":"data/details/power-plants-52.json","plant_id":"55690","capacity_mw":1153.0,"status_group":"Operating","energy_sources":"NG","type":"Power plant","is_nuclear":false}},{"type":"Feature","geometry":{"type":"Point","coordinates":[-75.8,40.269]},"properties":{"key":"61035-752fc03d","layer":"power","name":"Birdsboro Power","state":"PA","detail_file":"data/details/power-plants-08.json","plant_id":"61035","capacity_mw":525.0,"status_group":"Operating","energy_sources":"NG","type":"Power plant","is_nuclear":false}},{"type":"Feature","geometry":{"type":"Point","coordinates":[-75.601,41.476]},"properties":{"key":"66445-073a76a8","layer":"power","name":"Blakely (PA) RTO BTM","state":"PA","detail_file":"data/details/power-plants-13.json","plant_id":"66445","capacity_mw":5.4,"status_group":"Operating","energy_sources":"DFO","type":"Power plant","is_nuclear":false}},{"type":"Feature","geometry":{"type":"Point","coordinates":[-75.238,40.761]},"properties":{"key":"57216-d257ec12","layer":"power","name":"Crayola Solar Project","state":"PA","detail_file":"data/details/power-plants-05.json","plant_id":"57216","capacity_mw":2.8,"status_group":"Operating","energy_sources":"SUN","type":"Power plant","is_nuclear":false}},{"type":"Feature","geometry":{"type":"Point","coordinates":[-74.892,40.08]},"properties":{"key":"8012-f77cbc48","layer":"power","name":"Croydon CT Generating Station","state":"PA","detail_file":"data/details/power-plants-56.json","plant_id":"8012","capacity_mw":546.4,"status_group":"Operating","energy_sources":"DFO","type":"Power plant","is_nuclear":false}},{"type":"Feature","geometry":{"type":"Point","coordinates":[-75.357,40.582]},"properties":{"key":"67708-2938b8bc","layer":"power","name":"EDF Saucon Valley","state":"PA","detail_file":"data/details/power-plants-63.json","plant_id":"67708","capacity_mw":2.6,"status_group":"Operating","energy_sources":"SUN","type":"Power plant","is_nuclear":false}},{"type":"Feature","geometry":{"type":"Point","coordinates":[-74.741,40.148]},"properties":{"key":"55298-b54cbc60","layer":"power","name":"Fairless Energy Center","state":"PA","detail_file":"data/details/power-plants-06.json","plant_id":"55298","capacity_mw":1338.0,"status_group":"Operating","energy_sources":"NG","type":"Power plant","is_nuclear":false}},{"type":"Feature","geometry":{"type":"Point","coordinates":[-74.79,40.176]},"properties":{"key":"3162-99167f2e","layer":"power","name":"Falls","state":"PA","detail_file":"data/details/power-plants-31.json","plant_id":"3162","capacity_mw":63.6,"status_group":"Operating","energy_sources":"DFO","type":"Power plant","is_nuclear":false}},{"type":"Feature","geometry":{"type":"Point","coordinates":[-75.263,40.859]},"properties":{"key":"55765-e187f5de","layer":"power","name":"Green Knight Energy Center","state":"PA","detail_file":"data/details/power-plants-07.json","plant_id":"55765","capacity_mw":9.9,"status_group":"Operating","energy_sources":"LFG","type":"Power plant","is_nuclear":false}},{"type":"Feature","geometry":{"type":"Point","coordinates":[-75.289,40.275]},"properties":{"key":"66454-be367d3b","layer":"power","name":"Hatfield PA BTM","state":"PA","detail_file":"data/details/power-plants-36.json","plant_id":"66454","capacity_mw":2.7,"status_group":"Operating","energy_sources":"DFO","type":"Power plant","is_nuclear":false}},{"type":"Feature","geometry":{"type":"Point","coordinates":[-75.306,40.095]},"properties":{"key":"61819-066362d8","layer":"power","name":"IKEA Conshohocken Rooftop PV System","state":"PA","detail_file":"data/details/power-plants-32.json","plant_id":"61819","capacity_mw":1.0,"status_group":"Operating","energy_sources":"SUN","type":"Power plant","is_nuclear":false}},{"type":"Feature","geometry":{"type":"Point","coordinates":[-74.983,40.071]},"properties":{"key":"63023-fe13da6a","layer":"power","name":"Jefferson Torresdale Hospital","state":"PA","detail_file":"data/details/power-plants-63.json","plant_id":"63023","capacity_mw":1.1,"status_group":"Operating","energy_sources":"NG","type":"Power plant","is_nuclear":false}},{"type":"Feature","geometry":{"type":"Point","coordinates":[-75.672,41.399]},"properties":{"key":"69118-13f77e2d","layer":"power","name":"LL Scranton PA","state":"PA","detail_file":"data/details/power-plants-17.json","plant_id":"69118","capacity_mw":1.1,"status_group":"Operating","energy_sources":"SUN","type":"Power plant","is_nuclear":false}},{"type":"Feature","geometry":{"type":"Point","coordinates":[-75.544,41.471]},"properties":{"key":"60357-76b13d9a","layer":"power","name":"Lackawanna Energy Center","state":"PA","detail_file":"data/details/power-plants-59.json","plant_id":"60357","capacity_mw":1498.5,"status_group":"Operating","energy_sources":"NG","type":"Power plant","is_nuclear":false}},{"type":"Feature","geometry":{"type":"Point","coordinates":[-75.955,40.111]},"properties":{"key":"56850-1c885edb","layer":"power","name":"Lanchester Generating Station","state":"PA","detail_file":"data/details/power-plants-35.json","plant_id":"56850","capacity_mw":3.2,"status_group":"Operating","energy_sources":"LFG","type":"Power plant","is_nuclear":false}},{"type":"Feature","geometry":{"type":"Point","coordinates":[-75.587,40.224]},"properties":{"key":"6105-e12c3a9d","layer":"power","name":"Limerick","state":"PA","detail_file":"data/details/power-plants-58.json","plant_id":"6105","capacity_mw":2277.0,"status_group":"Operating","energy_sources":"NUC","type":"Nuclear power plant","is_nuclear":true}},{"type":"Feature","geometry":{"type":"Point","coordinates":[-75.108,40.802]},"properties":{"key":"55667-ec891971","layer":"power","name":"Lower Mount Bethel Energy","state":"PA","detail_file":"data/details/power-plants-31.json","plant_id":"55667","capacity_mw":651.6,"status_group":"Operating","energy_sources":"NG","type":"Power plant","is_nuclear":false}},{"type":"Feature","geometry":{"type":"Point","coordinates":[-75.785,40.472]},"properties":{"key":"66019-f572bbd8","layer":"power","name":"Lyons Solar","state":"PA","detail_file":"data/details/power-plants-06.json","plant_id":"66019","capacity_mw":20.0,"status_group":"Operating","energy_sources":"SUN","type":"Power plant","is_nuclear":false}},{"type":"Feature","geometry":{"type":"Point","coordinates":[-74.777,40.148]},"properties":{"key":"56993-7ae564e8","layer":"power","name":"MF Mesa Lane LLC","state":"PA","detail_file":"data/details/power-plants-12.json","plant_id":"56993","capacity_mw":3.0,"status_group":"Operating","energy_sources":"SUN","type":"Power plant","is_nuclear":false}},{"type":"Feature","geometry":{"type":"Point","coordinates":[-75.283,40.215]},"properties":{"key":"61198-a9cb8b50","layer":"power","name":"Merck - Upper Gwynedd Solar Array","state":"PA","detail_file":"data/details/power-plants-55.json","plant_id":"61198","capacity_mw":1.5,"status_group":"Operating","energy_sources":"SUN","type":"Power plant","is_nuclear":false}},{"type":"Feature","geometry":{"type":"Point","coordinates":[-75.278,40.74]},"properties":{"key":"64101-050f2f5f","layer":"power","name":"Mid-River PA, LLC (ABE4)","state":"PA","detail_file":"data/details/power-plants-09.json","plant_id":"64101","capacity_mw":3.0,"status_group":"Operating","energy_sources":"SUN","type":"Power plant","is_nuclear":false}},{"type":"Feature","geometry":{"type":"Point","coordinates":[-75.634,41.063]},"properties":{"key":"68810-78831a9b","layer":"power","name":"Mora Solar","state":"PA","detail_file":"data/details/power-plants-36.json","plant_id":"68810","capacity_mw":60.0,"status_group":"Planned","energy_sources":"SUN","type":"Power plant","is_nuclear":false}},{"type":"Feature","geometry":{"type":"Point","coordinates":[-75.914,40.175]},"properties":{"key":"60388-df4522e3","layer":"power","name":"Morgantown","state":"PA","detail_file":"data/details/power-plants-10.json","plant_id":"60388","capacity_mw":1.6,"status_group":"Operating","energy_sources":"LFG","type":"Power plant","is_nuclear":false}},{"type":"Feature","geometry":{"type":"Point","coordinates":[-75.866,40.152]},"properties":{"key":"57362-3cdf402f","layer":"power","name":"Morgantown Solar Park","state":"PA","detail_file":"data/details/power-plants-15.json","plant_id":"57362","capacity_mw":2.0,"status_group":"Operating","energy_sources":"SUN","type":"Power plant","is_nuclear":false}},{"type":"Feature","geometry":{"type":"Point","coordinates":[-75.619,40.235]},"properties":{"key":"3163-e688454c","layer":"power","name":"Moser Generating Station","state":"PA","detail_file":"data/details/power-plants-23.json","plant_id":"3163","capacity_mw":63.6,"status_group":"Operating","energy_sources":"DFO","type":"Power plant","is_nuclear":false}},{"type":"Feature","geometry":{"type":"Point","coordinates":[-75.053,40.014]},"properties":{"key":"54250-125357c3","layer":"power","name":"Newman (PA)","state":"PA","detail_file":"data/details/power-plants-25.json","plant_id":"54250","capacity_mw":1.8,"status_group":"Operating","energy_sources":"NG","type":"Power plant","is_nuclear":false}},{"type":"Feature","geometry":{"type":"Point","coordinates":[-75.479,40.692]},"properties":{"key":"50888-a86ced22","layer":"power","name":"Northampton Generating Company LP","state":"PA","detail_file":"data/details/power-plants-56.json","plant_id":"50888","capacity_mw":134.1,"status_group":"Operating","energy_sources":"WC","type":"Power plant","is_nuclear":false}},{"type":"Feature","geometry":{"type":"Point","coordinates":[-75.936,40.422]},"properties":{"key":"55193-5ee23c1b","layer":"power","name":"Ontelaunee Energy Center","state":"PA","detail_file":"data/details/power-plants-10.json","plant_id":"55193","capacity_mw":728.0,"status_group":"Operating","energy_sources":"NG","type":"Power plant","is_nuclear":false}},{"type":"Feature","geometry":{"type":"Point","coordinates":[-75.6,40.651]},"properties":{"key":"69085-642d3d22","layer":"power","name":"Orefield","state":"PA","detail_file":"data/details/power-plants-34.json","plant_id":"69085","capacity_mw":2.2,"status_group":"Operating","energy_sources":"SUN","type":"Power plant","is_nuclear":false}},{"type":"Feature","geometry":{"type":"Point","coordinates":[-75.871,41.609]},"properties":{"key":"58714-39b2811b","layer":"power","name":"Oxbow Creek","state":"PA","detail_file":"data/details/power-plants-40.json","plant_id":"58714","capacity_mw":22.0,"status_group":"Operating","energy_sources":"NG","type":"Power plant","is_nuclear":false}},{"type":"Feature","geometry":{"type":"Point","coordinates":[-75.852,40.86]},"properties":{"key":"57256-787c741f","layer":"power","name":"PA Solar Park","state":"PA","detail_file":"data/details/power-plants-34.json","plant_id":"57256","capacity_mw":10.1,"status_group":"Operating","energy_sources":"SUN","type":"Power plant","is_nuclear":false}},{"type":"Feature","geometry":{"type":"Point","coordinates":[-75.847,40.862]},"properties":{"key":"63520-ed9d338a","layer":"power","name":"PA Solar Park II","state":"PA","detail_file":"data/details/power-plants-28.json","plant_id":"63520","capacity_mw":10.0,"status_group":"Operating","energy_sources":"SUN","type":"Power plant","is_nuclear":false}},{"type":"Feature","geometry":{"type":"Point","coordinates":[-75.878,40.856]},"properties":{"key":"50776-12c1ddf9","layer":"power","name":"Panther Creek Energy Facility","state":"PA","detail_file":"data/details/power-plants-30.json","plant_id":"50776","capacity_mw":94.0,"status_group":"Operating","energy_sources":"WC","type":"Power plant","is_nuclear":false}},{"type":"Feature","geometry":{"type":"Point","coordinates":[-74.769,40.153]},"properties":{"key":"7690-52215a33","layer":"power","name":"Pennsbury","state":"PA","detail_file":"data/details/power-plants-08.json","plant_id":"7690","capacity_mw":6.0,"status_group":"Operating","energy_sources":"LFG","type":"Power plant","is_nuclear":false}},{"type":"Feature","geometry":{"type":"Point","coordinates":[-75.304,40.379]},"properties":{"key":"66438-eb394422","layer":"power","name":"Perkasie PA BTM","state":"PA","detail_file":"data/details/power-plants-39.json","plant_id":"66438","capacity_mw":4.4,"status_group":"Operating","energy_sources":"DFO","type":"Power plant","is_nuclear":false}},{"type":"Feature","geometry":{"type":"Point","coordinates":[-75.488,40.121]},"properties":{"key":"58535-b82484de","layer":"power","name":"Pickering Solar","state":"PA","detail_file":"data/details/power-plants-15.json","plant_id":"58535","capacity_mw":1.5,"status_group":"Operating","energy_sources":"SUN","type":"Power plant","is_nuclear":false}},{"type":"Feature","geometry":{"type":"Point","coordinates":[-75.817,40.275]},"properties":{"key":"56957-419607b8","layer":"power","name":"Pioneer Crossing Energy, LLC","state":"PA","detail_file":"data/details/power-plants-30.json","plant_id":"56957","capacity_mw":8.0,"status_group":"Operating","energy_sources":"LFG","type":"Power plant","is_nuclear":false}},{"type":"Feature","geometry":{"type":"Point","coordinates":[-75.515,41.061]},"properties":{"key":"57367-7692ced0","layer":"power","name":"Pocono Solar Project","state":"PA","detail_file":"data/details/power-plants-61.json","plant_id":"57367","capacity_mw":2.7,"status_group":"Operating","energy_sources":"SUN","type":"Power plant","is_nuclear":false}},{"type":"Feature","geometry":{"type":"Point","coordinates":[-75.079,40.91]},"properties":{"key":"3113-6e3d2a54","layer":"power","name":"Portland (PA)","state":"PA","detail_file":"data/details/power-plants-45.json","plant_id":"3113","capacity_mw":194.0,"status_group":"Operating","energy_sources":"DFO","type":"Power plant","is_nuclear":false}},{"type":"Feature","geometry":{"type":"Point","coordinates":[-75.34,40.447]},"properties":{"key":"66450-c8cb9498","layer":"power","name":"Quakertown PA BTM","state":"PA","detail_file":"data/details/power-plants-09.json","plant_id":"66450","capacity_mw":10.8,"status_group":"Operating","energy_sources":"DFO","type":"Power plant","is_nuclear":false}},{"type":"Feature","geometry":{"type":"Point","coordinates":[-75.31,40.097]},"properties":{"key":"54625-1e0abd05","layer":"power","name":"Reworld Plymouth LLC","state":"PA","detail_file":"data/details/power-plants-42.json","plant_id":"54625","capacity_mw":32.1,"status_group":"Operating","energy_sources":"MSW","type":"Power plant","is_nuclear":false}},{"type":"Feature","geometry":{"type":"Point","coordinates":[-75.058,41.061]},"properties":{"key":"3114-ea19166d","layer":"power","name":"Shawnee (PA)","state":"PA","detail_file":"data/details/power-plants-54.json","plant_id":"3114","capacity_mw":20.0,"status_group":"Operating","energy_sources":"DFO","type":"Power plant","is_nuclear":false}},{"type":"Feature","geometry":{"type":"Point","coordinates":[-75.234,40.184]},"properties":{"key":"59056-48c836f0","layer":"power","name":"Spring House","state":"PA","detail_file":"data/details/power-plants-08.json","plant_id":"59056","capacity_mw":3.8,"status_group":"Operating","energy_sources":"NG","type":"Power plant","is_nuclear":false}},{"type":"Feature","geometry":{"type":"Point","coordinates":[-75.014,40.09]},"properties":{"key":"70215-9769ab75","layer":"power","name":"TJX Engine","state":"PA","detail_file":"data/details/power-plants-46.json","plant_id":"70215","capacity_mw":3.0,"status_group":"Operating","energy_sources":"NG","type":"Power plant","is_nuclear":false}},{"type":"Feature","geometry":{"type":"Point","coordinates":[-75.105,40.798]},"properties":{"key":"3148-e6c11bb8","layer":"power","name":"TalenEnergy Martins Creek","state":"PA","detail_file":"data/details/power-plants-00.json","plant_id":"3148","capacity_mw":1701.0,"status_group":"Operating","energy_sources":"NG","type":"Power plant","is_nuclear":false}},{"type":"Feature","geometry":{"type":"Point","coordinates":[-75.925,40.423]},"properties":{"key":"60848-e4c2e1a9","layer":"power","name":"Temple Solar Arrays","state":"PA","detail_file":"data/details/power-plants-21.json","plant_id":"60848","capacity_mw":2.2,"status_group":"Operating","energy_sources":"SUN","type":"Power plant","is_nuclear":false}},{"type":"Feature","geometry":{"type":"Point","coordinates":[-75.908,40.306]},"properties":{"key":"3115-b58ef736","layer":"power","name":"Titus","state":"PA","detail_file":"data/details/power-plants-14.json","plant_id":"3115","capacity_mw":36.0,"status_group":"Operating","energy_sources":"DFO","type":"Power plant","is_nuclear":false}},{"type":"Feature","geometry":{"type":"Point","coordinates":[-74.781,40.151]},"properties":{"key":"58250-c2512fe7","layer":"power","name":"Tullytown","state":"PA","detail_file":"data/details/power-plants-22.json","plant_id":"58250","capacity_mw":1.6,"status_group":"Operating","energy_sources":"LFG","type":"Power plant","is_nuclear":false}},{"type":"Feature","geometry":{"type":"Point","coordinates":[-75.613,40.592]},"properties":{"key":"69719-f8c05f6c","layer":"power","name":"Upper Macungie CSG 1 LLC","state":"PA","detail_file":"data/details/power-plants-19.json","plant_id":"69719","capacity_mw":2.8,"status_group":"Operating","energy_sources":"SUN","type":"Power plant","is_nuclear":false}},{"type":"Feature","geometry":{"type":"Point","coordinates":[-75.131,41.468]},"properties":{"key":"3153-1198b4ad","layer":"power","name":"Wallenpaupack","state":"PA","detail_file":"data/details/power-plants-19.json","plant_id":"3153","capacity_mw":40.0,"status_group":"Operating","energy_sources":"WAT","type":"Power plant","is_nuclear":false}},{"type":"Feature","geometry":{"type":"Point","coordinates":[-75.454,41.553]},"properties":{"key":"56001-4f876e56","layer":"power","name":"Waymart Wind","state":"PA","detail_file":"data/details/power-plants-05.json","plant_id":"56001","capacity_mw":64.5,"status_group":"Operating","energy_sources":"WND","type":"Power plant","is_nuclear":false}},{"type":"Feature","geometry":{"type":"Point","coordinates":[-75.827,40.947]},"properties":{"key":"66443-dcd569ef","layer":"power","name":"Weatherly(PA) RTO BTM","state":"PA","detail_file":"data/details/power-plants-23.json","plant_id":"66443","capacity_mw":5.4,"status_group":"Operating","energy_sources":"DFO","type":"Power plant","is_nuclear":false}},{"type":"Feature","geometry":{"type":"Point","coordinates":[-75.299,40.218]},"properties":{"key":"52149-80bd1add","layer":"power","name":"West Point (PA)","state":"PA","detail_file":"data/details/power-plants-30.json","plant_id":"52149","capacity_mw":90.6,"status_group":"Operating","energy_sources":"DFO; NG","type":"Power plant","is_nuclear":false}},{"type":"Feature","geometry":{"type":"Point","coordinates":[-75.299,40.218]},"properties":{"key":"52149-aa83f39c","layer":"power","name":"West Point (PA)","state":"PA","detail_file":"data/details/power-plants-37.json","plant_id":"52149","capacity_mw":2.5,"status_group":"Under construction","energy_sources":"NG","type":"Power plant","is_nuclear":false}},{"type":"Feature","geometry":{"type":"Point","coordinates":[-75.991,40.306]},"properties":{"key":"68608-e4fb32d2","layer":"power","name":"Western Berks","state":"PA","detail_file":"data/details/power-plants-36.json","plant_id":"68608","capacity_mw":3.2,"status_group":"Operating","energy_sources":"LFG","type":"Power plant","is_nuclear":false}},{"type":"Feature","geometry":{"type":"Point","coordinates":[-74.768,40.163]},"properties":{"key":"54746-d4cbf9c2","layer":"power","name":"Wheelabrator Falls","state":"PA","detail_file":"data/details/power-plants-03.json","plant_id":"54746","capacity_mw":53.3,"status_group":"Operating","energy_sources":"MSW","type":"Power plant","is_nuclear":false}},{"type":"Feature","geometry":{"type":"Point","coordinates":[-75.753,41.235]},"properties":{"key":"56299-e1ff86a2","layer":"power","name":"Wind Park Bear Creek","state":"PA","detail_file":"data/details/power-plants-38.json","plant_id":"56299","capacity_mw":24.0,"status_group":"Operating","energy_sources":"WND","type":"Power plant","is_nuclear":false}},{"type":"Feature","geometry":{"type":"Point","coordinates":[-73.204,42.908]},"properties":{"key":"61037-f84f57fd","layer":"power","name":"Apple Hill Solar","state":"VT","detail_file":"data/details/power-plants-62.json","plant_id":"61037","capacity_mw":2.0,"status_group":"Under construction","energy_sources":"SUN","type":"Power plant","is_nuclear":false}},{"type":"Feature","geometry":{"type":"Point","coordinates":[-72.42,43.401]},"properties":{"key":"3708-d82b75ac","layer":"power","name":"Ascutney","state":"VT","detail_file":"data/details/power-plants-01.json","plant_id":"3708","capacity_mw":13.2,"status_group":"Operating","energy_sources":"DFO","type":"Power plant","is_nuclear":false}},{"type":"Feature","geometry":{"type":"Point","coordinates":[-72.776,43.127]},"properties":{"key":"59040-6964d6ae","layer":"power","name":"Ball Mountain Hydro","state":"VT","detail_file":"data/details/power-plants-56.json","plant_id":"59040","capacity_mw":2.4,"status_group":"Operating","energy_sources":"WAT","type":"Power plant","is_nuclear":false}},{"type":"Feature","geometry":{"type":"Point","coordinates":[-73.214,42.913]},"properties":{"key":"63212-f2439c3e","layer":"power","name":"Battle Creek Solar","state":"VT","detail_file":"data/details/power-plants-42.json","plant_id":"63212","capacity_mw":2.2,"status_group":"Operating","energy_sources":"SUN","type":"Power plant","is_nuclear":false}},{"type":"Feature","geometry":{"type":"Point","coordinates":[-72.446,43.138]},"properties":{"key":"3745-acb6abb0","layer":"power","name":"Bellows Falls","state":"VT","detail_file":"data/details/power-plants-01.json","plant_id":"3745","capacity_mw":40.8,"status_group":"Operating","energy_sources":"WAT","type":"Power plant","is_nuclear":false}},{"type":"Feature","geometry":{"type":"Point","coordinates":[-72.541,42.893]},"properties":{"key":"69002-0e8444db","layer":"power","name":"Brattleboro (Windham Landfill)","state":"VT","detail_file":"data/details/power-plants-07.json","plant_id":"69002","capacity_mw":5.0,"status_group":"Operating","energy_sources":"SUN","type":"Power plant","is_nuclear":false}},{"type":"Feature","geometry":{"type":"Point","coordinates":[-72.598,43.381]},"properties":{"key":"3710-0a6584ac","layer":"power","name":"Cavendish","state":"VT","detail_file":"data/details/power-plants-42.json","plant_id":"3710","capacity_mw":1.7,"status_group":"Operating","energy_sources":"WAT","type":"Power plant","is_nuclear":false}},{"type":"Feature","geometry":{"type":"Point","coordinates":[-72.598,43.281]},"properties":{"key":"59755-55de2fc7","layer":"power","name":"Chester Power Partners","state":"VT","detail_file":"data/details/power-plants-12.json","plant_id":"59755","capacity_mw":2.2,"status_group":"Operating","energy_sources":"SUN","type":"Power plant","is_nuclear":false}},{"type":"Feature","geometry":{"type":"Point","coordinates":[-72.956,43.54]},"properties":{"key":"59476-c01264ad","layer":"power","name":"Clarendon Solar Farm","state":"VT","detail_file":"data/details/power-plants-27.json","plant_id":"59476","capacity_mw":2.0,"status_group":"Operating","energy_sources":"SUN","type":"Power plant","is_nuclear":false}},{"type":"Feature","geometry":{"type":"Point","coordinates":[-72.952,43.586]},"properties":{"key":"60912-dc3fd501","layer":"power","name":"Cold River Road Solar","state":"VT","detail_file":"data/details/power-plants-46.json","plant_id":"60912","capacity_mw":2.3,"status_group":"Operating","energy_sources":"SUN","type":"Power plant","is_nuclear":false}},{"type":"Feature","geometry":{"type":"Point","coordinates":[-72.665,43.425]},"properties":{"key":"61959-47888a77","layer":"power","name":"Coolidge Solar 1, LLC","state":"VT","detail_file":"data/details/power-plants-08.json","plant_id":"61959","capacity_mw":19.6,"status_group":"Operating","energy_sources":"SUN","type":"Power plant","is_nuclear":false}},{"type":"Feature","geometry":{"type":"Point","coordinates":[-72.994,42.877]},"properties":{"key":"61039-28d5db86","layer":"power","name":"Deerfield Wind LLC","state":"VT","detail_file":"data/details/power-plants-02.json","plant_id":"61039","capacity_mw":30.0,"status_group":"Operating","energy_sources":"WND","type":"Power plant","is_nuclear":false}},{"type":"Feature","geometry":{"type":"Point","coordinates":[-72.406,43.641]},"properties":{"key":"10137-59ff8b5e","layer":"power","name":"Deweys Mill","state":"VT","detail_file":"data/details/power-plants-33.json","plant_id":"10137","capacity_mw":3.0,"status_group":"Operating","energy_sources":"WAT","type":"Power plant","is_nuclear":false}},{"type":"Feature","geometry":{"type":"Point","coordinates":[-73.19,43.607]},"properties":{"key":"65619-22fd6456","layer":"power","name":"ER Sand Hill","state":"VT","detail_file":"data/details/power-plants-00.json","plant_id":"65619","capacity_mw":2.2,"status_group":"Operating","energy_sources":"SUN","type":"Power plant","is_nuclear":false}},{"type":"Feature","geometry":{"type":"Point","coordinates":[-72.331,43.824]},"properties":{"key":"61124-aea8f9f9","layer":"power","name":"Elizabeth Mines Solar 1","state":"VT","detail_file":"data/details/power-plants-01.json","plant_id":"61124","capacity_mw":5.0,"status_group":"Operating","energy_sources":"SUN","type":"Power plant","is_nuclear":false}},{"type":"Feature","geometry":{"type":"Point","coordinates":[-73.279,43.636]},"properties":{"key":"69667-9cbbd176","layer":"power","name":"Fair Haven Solar","state":"VT","detail_file":"data/details/power-plants-51.json","plant_id":"69667","capacity_mw":20.0,"status_group":"Under construction","energy_sources":"SUN","type":"Power plant","is_nuclear":false}},{"type":"Feature","geometry":{"type":"Point","coordinates":[-72.419,43.632]},"properties":{"key":"60874-86800929","layer":"power","name":"GMP Solar - Hartford","state":"VT","detail_file":"data/details/power-plants-62.json","plant_id":"60874","capacity_mw":5.0,"status_group":"Operating","energy_sources":"SUN","type":"Power plant","is_nuclear":false}},{"type":"Feature","geometry":{"type":"Point","coordinates":[-72.976,43.637]},"properties":{"key":"3714-4c0da263","layer":"power","name":"Glen","state":"VT","detail_file":"data/details/power-plants-41.json","plant_id":"3714","capacity_mw":2.0,"status_group":"Operating","energy_sources":"WAT","type":"Power plant","is_nuclear":false}},{"type":"Feature","geometry":{"type":"Point","coordinates":[-72.953,43.58]},"properties":{"key":"66873-1edb5e1d","layer":"power","name":"Gray Solar","state":"VT","detail_file":"data/details/power-plants-04.json","plant_id":"66873","capacity_mw":2.2,"status_group":"Operating","energy_sources":"SUN","type":"Power plant","is_nuclear":false}},{"type":"Feature","geometry":{"type":"Point","coordinates":[-72.914,42.794]},"properties":{"key":"3746-cc2df3be","layer":"power","name":"Harriman","state":"VT","detail_file":"data/details/power-plants-59.json","plant_id":"3746","capacity_mw":33.6,"status_group":"Operating","energy_sources":"WAT","type":"Power plant","is_nuclear":false}},{"type":"Feature","geometry":{"type":"Point","coordinates":[-72.983,43.477]},"properties":{"key":"62728-a6091df7","layer":"power","name":"MHG Wallingford","state":"VT","detail_file":"data/details/power-plants-62.json","plant_id":"62728","capacity_mw":2.2,"status_group":"Operating","energy_sources":"SUN","type":"Power plant","is_nuclear":false}},{"type":"Feature","geometry":{"type":"Point","coordinates":[-72.957,43.579]},"properties":{"key":"65352-05c7c873","layer":"power","name":"MacKinnon Solar","state":"VT","detail_file":"data/details/power-plants-09.json","plant_id":"65352","capacity_mw":2.2,"status_group":"Operating","energy_sources":"SUN","type":"Power plant","is_nuclear":false}},{"type":"Feature","geometry":{"type":"Point","coordinates":[-72.976,43.626]},"properties":{"key":"59682-ba3a6a3c","layer":"power","name":"Main Street Solar Project","state":"VT","detail_file":"data/details/power-plants-25.json","plant_id":"59682","capacity_mw":1.5,"status_group":"Operating","energy_sources":"SUN","type":"Power plant","is_nuclear":false}},{"type":"Feature","geometry":{"type":"Point","coordinates":[-72.351,43.593]},"properties":{"key":"50126-8468f8d7","layer":"power","name":"Ottauquechee Hydro","state":"VT","detail_file":"data/details/power-plants-28.json","plant_id":"50126","capacity_mw":1.8,"status_group":"Operating","energy_sources":"WAT","type":"Power plant","is_nuclear":false}},{"type":"Feature","geometry":{"type":"Point","coordinates":[-72.97,43.597]},"properties":{"key":"64975-5128208b","layer":"power","name":"Park St","state":"VT","detail_file":"data/details/power-plants-10.json","plant_id":"64975","capacity_mw":1.8,"status_group":"Operating","energy_sources":"SUN","type":"Power plant","is_nuclear":false}},{"type":"Feature","geometry":{"type":"Point","coordinates":[-72.955,43.694]},"properties":{"key":"3722-b5b4e7b6","layer":"power","name":"Pittsford","state":"VT","detail_file":"data/details/power-plants-40.json","plant_id":"3722","capacity_mw":3.6,"status_group":"Operating","energy_sources":"WAT","type":"Power plant","is_nuclear":false}},{"type":"Feature","geometry":{"type":"Point","coordinates":[-73.034,43.663]},"properties":{"key":"6450-0aa23faa","layer":"power","name":"Proctor","state":"VT","detail_file":"data/details/power-plants-24.json","plant_id":"6450","capacity_mw":6.9,"status_group":"Operating","energy_sources":"WAT","type":"Power plant","is_nuclear":false}},{"type":"Feature","geometry":{"type":"Point","coordinates":[-73.226,42.754]},"properties":{"key":"58144-6bf24c6b","layer":"power","name":"SVEP Solar Project Company","state":"VT","detail_file":"data/details/power-plants-18.json","plant_id":"58144","capacity_mw":2.0,"status_group":"Operating","energy_sources":"SUN","type":"Power plant","is_nuclear":false}},{"type":"Feature","geometry":{"type":"Point","coordinates":[-73.101,43.895]},"properties":{"key":"3724-089d7628","layer":"power","name":"Salisbury","state":"VT","detail_file":"data/details/power-plants-40.json","plant_id":"3724","capacity_mw":1.3,"status_group":"Operating","energy_sources":"WAT","type":"Power plant","is_nuclear":false}},{"type":"Feature","geometry":{"type":"Point","coordinates":[-72.927,42.871]},"properties":{"key":"6529-a0f9e26a","layer":"power","name":"Searsburg","state":"VT","detail_file":"data/details/power-plants-44.json","plant_id":"6529","capacity_mw":4.0,"status_group":"Operating","energy_sources":"WAT","type":"Power plant","is_nuclear":false}},{"type":"Feature","geometry":{"type":"Point","coordinates":[-72.963,42.862]},"properties":{"key":"7381-fea8567f","layer":"power","name":"Searsburg Wind Turbine","state":"VT","detail_file":"data/details/power-plants-09.json","plant_id":"7381","capacity_mw":6.0,"status_group":"Operating","energy_sources":"WND","type":"Power plant","is_nuclear":false}},{"type":"Feature","geometry":{"type":"Point","coordinates":[-73.168,42.965]},"properties":{"key":"64064-ac48fc10","layer":"power","name":"Shaftsbury Solar","state":"VT","detail_file":"data/details/power-plants-14.json","plant_id":"64064","capacity_mw":20.0,"status_group":"Under construction","energy_sources":"SUN","type":"Power plant","is_nuclear":false}},{"type":"Feature","geometry":{"type":"Point","coordinates":[-73.053,43.899]},"properties":{"key":"3725-4fc06ea0","layer":"power","name":"Silver Lake (VT)","state":"VT","detail_file":"data/details/power-plants-04.json","plant_id":"3725","capacity_mw":2.2,"status_group":"Operating","energy_sources":"WAT","type":"Power plant","is_nuclear":false}},{"type":"Feature","geometry":{"type":"Point","coordinates":[-72.128,43.992]},"properties":{"key":"3709-bac81ba6","layer":"power","name":"Smith (VT)","state":"VT","detail_file":"data/details/power-plants-41.json","plant_id":"3709","capacity_mw":1.5,"status_group":"Operating","energy_sources":"WAT","type":"Power plant","is_nuclear":false}},{"type":"Feature","geometry":{"type":"Point","coordinates":[-73.175,43.986]},"properties":{"key":"66166-e57f27d6","layer":"power","name":"South Street - Middlebury","state":"VT","detail_file":"data/details/power-plants-13.json","plant_id":"66166","capacity_mw":5.0,"status_group":"Operating","energy_sources":"SUN","type":"Power plant","is_nuclear":false}},{"type":"Feature","geometry":{"type":"Point","coordinates":[-72.524,43.329]},"properties":{"key":"66728-362627e7","layer":"power","name":"Springfield BESS","state":"VT","detail_file":"data/details/power-plants-21.json","plant_id":"66728","capacity_mw":5.0,"status_group":"Operating","energy_sources":"MWH","type":"Power plant","is_nuclear":false}},{"type":"Feature","geometry":{"type":"Point","coordinates":[-72.95,43.619]},"properties":{"key":"60518-0a859813","layer":"power","name":"Stafford Hill Solar Hybrid","state":"VT","detail_file":"data/details/power-plants-13.json","plant_id":"60518","capacity_mw":4.0,"status_group":"Operating","energy_sources":"MWH; SUN","type":"Power plant","is_nuclear":false}},{"type":"Feature","geometry":{"type":"Point","coordinates":[-73.192,43.833]},"properties":{"key":"60344-531e5bdf","layer":"power","name":"Sudbury Solar","state":"VT","detail_file":"data/details/power-plants-59.json","plant_id":"60344","capacity_mw":2.0,"status_group":"Operating","energy_sources":"SUN","type":"Power plant","is_nuclear":false}},{"type":"Feature","geometry":{"type":"Point","coordinates":[-72.498,43.791]},"properties":{"key":"58541-6ba80809","layer":"power","name":"SunGen Sharon 1 LLC","state":"VT","detail_file":"data/details/power-plants-23.json","plant_id":"58541","capacity_mw":1.8,"status_group":"Operating","energy_sources":"SUN","type":"Power plant","is_nuclear":false}},{"type":"Feature","geometry":{"type":"Point","coordinates":[-72.566,42.876]},"properties":{"key":"58964-16bc569a","layer":"power","name":"Technology Drive Solar","state":"VT","detail_file":"data/details/power-plants-62.json","plant_id":"58964","capacity_mw":2.0,"status_group":"Operating","energy_sources":"SUN","type":"Power plant","is_nuclear":false}},{"type":"Feature","geometry":{"type":"Point","coordinates":[-72.515,42.772]},"properties":{"key":"2352-689049e2","layer":"power","name":"Vernon Dam","state":"VT","detail_file":"data/details/power-plants-20.json","plant_id":"2352","capacity_mw":35.9,"status_group":"Operating","energy_sources":"WAT","type":"Power plant","is_nuclear":false}},{"type":"Feature","geometry":{"type":"Point","coordinates":[-72.455,43.086]},"properties":{"key":"62443-05caa9de","layer":"power","name":"Westminster","state":"VT","detail_file":"data/details/power-plants-34.json","plant_id":"62443","capacity_mw":1.8,"status_group":"Operating","energy_sources":"SUN","type":"Power plant","is_nuclear":false}},{"type":"Feature","geometry":{"type":"Point","coordinates":[-72.304,43.668]},"properties":{"key":"2353-976f6376","layer":"power","name":"Wilder","state":"VT","detail_file":"data/details/power-plants-42.json","plant_id":"2353","capacity_mw":35.6,"status_group":"Operating","energy_sources":"WAT","type":"Power plant","is_nuclear":false}}]}