{"type":"FeatureCollection","features":[{"type":"Feature","geometry":{"type":"Point","coordinates":[-148.5,69.84]},"properties":{"key":"stak-energy-north-slope-ak","layer":"data-center","name":"Stak Energy North Slope Data Center","state":"AK","detail_file":"data/details/data-centers-02.json","id":"stak-energy-north-slope-ak","status":"Proposed","status_group":"Proposed","capacity_mw":3000.0,"capacity_label":"3,000 MW planned","landscape_weight":715.0,"search":"stak energy north slope data center stak energy proposed proposed confirmed north slope, ak north slope ak on-site natural gas generation (off-grid, new pipeline from north slope reserves) on_site_gas tdx north slope generating co air columbia generating station tnsg south plant columbia river - portland","nearest_nuclear_latitude":46.4711,"nearest_nuclear_longitude":-119.3339,"nearest_power_latitude":70.2,"nearest_power_longitude":-148.4667,"nearest_water_latitude":45.56,"nearest_water_longitude":-122.68}},{"type":"Feature","geometry":{"type":"Point","coordinates":[-85.755,34.8842]},"properties":{"key":"google-jackson-county-stevenson-al","layer":"data-center","name":"Google Jackson County Campus","state":"AL","detail_file":"data/details/data-centers-02.json","id":"google-jackson-county-stevenson-al","status":"Operating","status_group":"Operating","landscape_weight":360.0,"search":"google jackson county campus google operating operating likely stevenson, jackson county, al stevenson jackson county al tennessee valley authority (tva) grid north alabama electric co-op unknown sequoyah crawfish creek energy storage tennessee river - chattanooga","nearest_nuclear_latitude":35.2267,"nearest_nuclear_longitude":-85.0917,"nearest_power_latitude":34.8306,"nearest_power_longitude":-85.6685,"nearest_water_latitude":35.045,"nearest_water_longitude":-85.309}},{"type":"Feature","geometry":{"type":"Point","coordinates":[-86.647,34.726]},"properties":{"key":"meta-huntsville-al","layer":"data-center","name":"Meta Huntsville Data Center Campus","state":"AL","detail_file":"data/details/data-centers-05.json","id":"meta-huntsville-al","status":"Operating","status_group":"Operating","landscape_weight":8.0,"search":"meta huntsville data center campus meta operating operating confirmed huntsville, madison county, al huntsville madison county al mixed tva browns ferry tai huntsville solar hybrid tennessee river - florence","nearest_nuclear_latitude":34.7042,"nearest_nuclear_longitude":-87.1189,"nearest_power_latitude":34.8296,"nearest_power_longitude":-86.6304,"nearest_water_latitude":34.799,"nearest_water_longitude":-87.677}},{"type":"Feature","geometry":{"type":"Point","coordinates":[-86.273,32.185]},"properties":{"key":"meta-montgomery-al","layer":"data-center","name":"Meta Montgomery Data Center","state":"AL","detail_file":"data/details/data-centers-04.json","id":"meta-montgomery-al","status":"Under construction","status_group":"Under construction","landscape_weight":8.0,"search":"meta montgomery data center meta under construction under construction confirmed montgomery, montgomery county, al montgomery montgomery county al solar joseph m farley black bear solar 1 chattahoochee river - atlanta","nearest_nuclear_latitude":31.2231,"nearest_nuclear_longitude":-85.1116,"nearest_power_latitude":32.197,"nearest_power_longitude":-86.3273,"nearest_water_latitude":33.809,"nearest_water_longitude":-84.444}},{"type":"Feature","geometry":{"type":"Point","coordinates":[-86.8131,33.4556]},"properties":{"key":"nebius-bhm01-birmingham-al","layer":"data-center","name":"Nebius Birmingham AI Factory (BHM01)","state":"AL","detail_file":"data/details/data-centers-02.json","id":"nebius-bhm01-birmingham-al","status":"Under construction","status_group":"Under construction","capacity_mw":300.0,"capacity_label":"300 MW planned","landscape_weight":80.0,"search":"nebius birmingham ai factory (bhm01) nebius group under construction under construction confirmed birmingham, jefferson county, al birmingham jefferson county al alabama power (apco) grid alabama power closed_loop browns ferry abc coke tennessee river - florence","nearest_nuclear_latitude":34.7042,"nearest_nuclear_longitude":-87.1189,"nearest_power_latitude":33.5828,"nearest_power_longitude":-86.7799,"nearest_water_latitude":34.799,"nearest_water_longitude":-87.677}},{"type":"Feature","geometry":{"type":"Point","coordinates":[-86.97,33.44]},"properties":{"key":"qts-marvel-bessemer-al","layer":"data-center","name":"QTS Bessemer (Project Marvel)","state":"AL","detail_file":"data/details/data-centers-01.json","id":"qts-marvel-bessemer-al","status":"Proposed","status_group":"Proposed","capacity_mw":1200.0,"capacity_label":"1,200 MW planned","landscape_weight":1607.0,"search":"qts bessemer (project marvel) qts data centers (blackstone) proposed proposed likely bessemer, jefferson county, al bessemer jefferson county al alabama power grid alabama power closed_loop browns ferry james h miller jr tennessee river - florence","nearest_nuclear_latitude":34.7042,"nearest_nuclear_longitude":-87.1189,"nearest_power_latitude":33.6319,"nearest_power_longitude":-87.0597,"nearest_water_latitude":34.799,"nearest_water_longitude":-87.677}},{"type":"Feature","geometry":{"type":"Point","coordinates":[-92.296,34.68]},"properties":{"key":"avaio-digital-leo-little-rock-ar","layer":"data-center","name":"AVAIO Digital Leo Campus","state":"AR","detail_file":"data/details/data-centers-01.json","id":"avaio-digital-leo-little-rock-ar","status":"Proposed","status_group":"Proposed","capacity_mw":1000.0,"capacity_label":"1,000 MW planned","landscape_weight":760.0,"search":"avaio digital leo campus avaio digital partners proposed proposed confirmed pulaski county, ar pulaski county ar mixed entergy arkansas unknown arkansas nuclear one city of little rock solar array arkansas river - little rock","nearest_nuclear_latitude":35.311,"nearest_nuclear_longitude":-93.2351,"nearest_power_latitude":34.6976,"nearest_power_longitude":-92.2144,"nearest_water_latitude":34.746,"nearest_water_longitude":-92.289}},{"type":"Feature","geometry":{"type":"Point","coordinates":[-90.175,35.156]},"properties":{"key":"google-west-memphis-ar","layer":"data-center","name":"Google West Memphis Data Center Campus","state":"AR","detail_file":"data/details/data-centers-02.json","id":"google-west-memphis-ar","status":"Under construction","status_group":"Under construction","landscape_weight":1178.0,"search":"google west memphis data center campus google under construction under construction confirmed west memphis, crittenden county, ar west memphis crittenden county ar grid closed_loop arkansas nuclear one allen mississippi river - memphis","nearest_nuclear_latitude":35.311,"nearest_nuclear_longitude":-93.2351,"nearest_power_latitude":35.0741,"nearest_power_longitude":-90.1487,"nearest_water_latitude":35.149,"nearest_water_longitude":-90.049}},{"type":"Feature","geometry":{"type":"Point","coordinates":[-92.29,34.746]},"properties":{"key":"google-port-of-little-rock-data-center-ar","layer":"data-center","name":"Port of Little Rock Data Center","state":"AR","detail_file":"data/details/data-centers-02.json","id":"google-port-of-little-rock-data-center-ar","status":"Under construction","status_group":"Under construction","landscape_weight":380.0,"search":"port of little rock data center google (via willowbend capital llc) under construction under construction data center little rock, pulaski, ar little rock pulaski ar arkansas nuclear one murray arkansas river - little rock","nearest_nuclear_latitude":35.311,"nearest_nuclear_longitude":-93.2351,"nearest_power_latitude":34.7956,"nearest_power_longitude":-92.3569,"nearest_water_latitude":34.746,"nearest_water_longitude":-92.289}},{"type":"Feature","geometry":{"type":"Point","coordinates":[-92.4447,34.7562]},"properties":{"key":"tierpoint-little-rock-ar","layer":"data-center","name":"TierPoint Little Rock","state":"AR","detail_file":"data/details/data-centers-05.json","id":"tierpoint-little-rock-ar","status":"Operating","status_group":"Operating","landscape_weight":8.0,"search":"tierpoint little rock tierpoint operating operating data center little rock, pulaski county, ar little rock pulaski county ar entergy arkansas arkansas nuclear one murray arkansas river - little rock","nearest_nuclear_latitude":35.311,"nearest_nuclear_longitude":-93.2351,"nearest_power_latitude":34.7956,"nearest_power_longitude":-92.3569,"nearest_water_latitude":34.746,"nearest_water_longitude":-92.289}},{"type":"Feature","geometry":{"type":"Point","coordinates":[-112.1669,33.3727]},"properties":{"key":"aws-laveen-az","layer":"data-center","name":"AWS Laveen Data Center Campus","state":"AZ","detail_file":"data/details/data-centers-02.json","id":"aws-laveen-az","status":"Proposed","status_group":"Proposed","landscape_weight":220.0,"search":"aws laveen data center campus amazon web services proposed proposed mixed_use laveen, maricopa, az laveen maricopa az palo verde tjx phoenix colorado river - lake havasu","nearest_nuclear_latitude":33.3881,"nearest_nuclear_longitude":-112.8617,"nearest_power_latitude":33.4185,"nearest_power_longitude":-112.1781,"nearest_water_latitude":34.483,"nearest_water_longitude":-114.322}},{"type":"Feature","geometry":{"type":"Point","coordinates":[-112.1112,33.6591]},"properties":{"key":"aligned-phx-01-02-03-az","layer":"data-center","name":"Aligned PHX-01/02/03","state":"AZ","detail_file":"data/details/data-centers-06.json","id":"aligned-phx-01-02-03-az","status":"Operating","status_group":"Operating","landscape_weight":55.0,"search":"aligned phx-01/02/03 aligned operating operating likely phoenix, maricopa county, az phoenix maricopa county az aps grid + 63mw on-site microgrid (natural gas generation) on_site_gas arizona public service (aps) palo verde scatter wash 2 colorado river - lake havasu","nearest_nuclear_latitude":33.3881,"nearest_nuclear_longitude":-112.8617,"nearest_power_latitude":33.7122,"nearest_power_longitude":-112.082,"nearest_water_latitude":34.483,"nearest_water_longitude":-114.322}},{"type":"Feature","geometry":{"type":"Point","coordinates":[-112.186,33.5387]},"properties":{"key":"aligned-phx13-glendale-az","layer":"data-center","name":"Aligned PHX-13","state":"AZ","detail_file":"data/details/data-centers-02.json","id":"aligned-phx13-glendale-az","status":"Under construction","status_group":"Under construction","capacity_mw":72.0,"capacity_label":"72 MW planned","landscape_weight":100.0,"search":"aligned phx-13 aligned data centers under construction under construction confirmed glendale, maricopa, az glendale maricopa az grid arizona public service (aps) closed_loop palo verde agua fria colorado river - lake havasu","nearest_nuclear_latitude":33.3881,"nearest_nuclear_longitude":-112.8617,"nearest_power_latitude":33.5561,"nearest_power_longitude":-112.2153,"nearest_water_latitude":34.483,"nearest_water_longitude":-114.322}},{"type":"Feature","geometry":{"type":"Point","coordinates":[-111.6012,33.3615]},"properties":{"key":"apple-mesa-az","layer":"data-center","name":"Apple Mesa Data Center (Global Command Center)","state":"AZ","detail_file":"data/details/data-centers-01.json","id":"apple-mesa-az","status":"Operating","status_group":"Operating","landscape_weight":8.0,"search":"apple mesa data center (global command center) apple operating operating likely mesa, maricopa county, az mesa maricopa county az bonnybrooke solar farm (florence, az), 50mw, delivered via srp under a 25-year wholesale ppa solar salt river project (srp) palo verde pediment bess i colorado river - lake havasu","nearest_nuclear_latitude":33.3881,"nearest_nuclear_longitude":-112.8617,"nearest_power_latitude":33.3557,"nearest_power_longitude":-111.6021,"nearest_water_latitude":34.483,"nearest_water_longitude":-114.322}},{"type":"Feature","geometry":{"type":"Point","coordinates":[-112.35,33.44]},"properties":{"key":"prime-avondale-az","layer":"data-center","name":"Avondale Campus","state":"AZ","detail_file":"data/details/data-centers-02.json","id":"prime-avondale-az","status":"Under construction","status_group":"Under construction","capacity_mw":240.0,"capacity_label":"240 MW planned","landscape_weight":66.5,"search":"avondale campus prime data centers under construction under construction data center avondale, maricopa, az avondale maricopa az palo verde estrella mountain pv colorado river - lake havasu","nearest_nuclear_latitude":33.3881,"nearest_nuclear_longitude":-112.8617,"nearest_power_latitude":33.4098,"nearest_power_longitude":-112.3403,"nearest_water_latitude":34.483,"nearest_water_longitude":-114.322}},{"type":"Feature","geometry":{"type":"Point","coordinates":[-112.7203,33.4136]},"properties":{"key":"tract-buckeye-tech-corridor-az","layer":"data-center","name":"Buckeye Tech Corridor","state":"AZ","detail_file":"data/details/data-centers-07.json","id":"tract-buckeye-tech-corridor-az","status":"Permitted","status_group":"Permitted","landscape_weight":2069.0,"search":"buckeye tech corridor tract permitted permitted likely buckeye, maricopa, az buckeye maricopa az grid arizona public service (aps) palo verde sun streams 4 colorado river - lake havasu","nearest_nuclear_latitude":33.3881,"nearest_nuclear_longitude":-112.8617,"nearest_power_latitude":33.3613,"nearest_power_longitude":-112.7801,"nearest_water_latitude":34.483,"nearest_water_longitude":-114.322}},{"type":"Feature","geometry":{"type":"Point","coordinates":[-111.859,33.4213]},"properties":{"key":"centersquare-phx3-az","layer":"data-center","name":"Centersquare PHX3","state":"AZ","detail_file":"data/details/data-centers-07.json","id":"centersquare-phx3-az","status":"Operating","status_group":"Operating","capacity_mw":17.3,"capacity_label":"17 MW operating","landscape_weight":17.3,"search":"centersquare phx3 centersquare (cyxtera/evoque) operating operating data center mesa, maricopa, az mesa maricopa az palo verde ocotillo colorado river - lake havasu","nearest_nuclear_latitude":33.3881,"nearest_nuclear_longitude":-112.8617,"nearest_power_latitude":33.4225,"nearest_power_longitude":-111.9122,"nearest_water_latitude":34.483,"nearest_water_longitude":-114.322}},{"type":"Feature","geometry":{"type":"Point","coordinates":[-111.8992,33.3446]},"properties":{"key":"digital-realty-phx-tempe-az","layer":"data-center","name":"Digital Realty PHX (Tempe)","state":"AZ","detail_file":"data/details/data-centers-03.json","id":"digital-realty-phx-tempe-az","status":"Operating","status_group":"Operating","capacity_mw":33.8,"capacity_label":"34 MW operating","landscape_weight":33.8,"search":"digital realty phx (tempe) digital realty operating operating data center tempe, maricopa county, az tempe maricopa county az palo verde kyrene colorado river - lake havasu","nearest_nuclear_latitude":33.3881,"nearest_nuclear_longitude":-112.8617,"nearest_power_latitude":33.3556,"nearest_power_longitude":-111.9353,"nearest_water_latitude":34.483,"nearest_water_longitude":-114.322}},{"type":"Feature","geometry":{"type":"Point","coordinates":[-111.8866,33.2749]},"properties":{"key":"digital-realty-phx15-az","layer":"data-center","name":"Digital Realty PHX15","state":"AZ","detail_file":"data/details/data-centers-00.json","id":"digital-realty-phx15-az","status":"Operating","status_group":"Operating","landscape_weight":8.0,"search":"digital realty phx15 digital realty operating operating likely chandler, maricopa, az chandler maricopa az palo verde intel - ocotillo campus solar colorado river - lake havasu","nearest_nuclear_latitude":33.3881,"nearest_nuclear_longitude":-112.8617,"nearest_power_latitude":33.2433,"nearest_power_longitude":-111.8924,"nearest_water_latitude":34.483,"nearest_water_longitude":-114.322}},{"type":"Feature","geometry":{"type":"Point","coordinates":[-111.6475,33.352]},"properties":{"key":"edgeconnex-mesa-campus-phx11-3302-s-hawes-rd-az","layer":"data-center","name":"EdgeConneX Mesa Campus (PHX11 / 3302 S Hawes Rd)","state":"AZ","detail_file":"data/details/data-centers-01.json","id":"edgeconnex-mesa-campus-phx11-3302-s-hawes-rd-az","status":"Under construction","status_group":"Under construction","landscape_weight":8.0,"search":"edgeconnex mesa campus (phx11 / 3302 s hawes rd) edgeconnex under construction under construction data center mesa, maricopa county, az mesa maricopa county az palo verde pediment bess i colorado river - lake havasu","nearest_nuclear_latitude":33.3881,"nearest_nuclear_longitude":-112.8617,"nearest_power_latitude":33.3557,"nearest_power_longitude":-111.6021,"nearest_water_latitude":34.483,"nearest_water_longitude":-114.322}},{"type":"Feature","geometry":{"type":"Point","coordinates":[-111.6497,33.375]},"properties":{"key":"edgecore-mesa-az","layer":"data-center","name":"EdgeCore Mesa Data Center Campus","state":"AZ","detail_file":"data/details/data-centers-00.json","id":"edgecore-mesa-az","status":"Under construction","status_group":"Under construction","capacity_mw":200.0,"capacity_label":"200 MW operating / 450 MW planned","landscape_weight":84.0,"search":"edgecore mesa data center campus edgecore digital infrastructure under construction under construction confirmed mesa, maricopa, az mesa maricopa az grid salt river project (srp) air palo verde pediment bess i colorado river - lake havasu","nearest_nuclear_latitude":33.3881,"nearest_nuclear_longitude":-112.8617,"nearest_power_latitude":33.3557,"nearest_power_longitude":-111.6021,"nearest_water_latitude":34.483,"nearest_water_longitude":-114.322}},{"type":"Feature","geometry":{"type":"Point","coordinates":[-112.0983,33.6847]},"properties":{"key":"flexential-phoenix-deer-valley-az","layer":"data-center","name":"Flexential Phoenix - Deer Valley","state":"AZ","detail_file":"data/details/data-centers-00.json","id":"flexential-phoenix-deer-valley-az","status":"Operating","status_group":"Operating","capacity_mw":5.02,"capacity_label":"5 MW operating","landscape_weight":5.02,"search":"flexential phoenix - deer valley flexential operating operating data center phoenix, maricopa county, az phoenix maricopa county az palo verde scatter wash 2 colorado river - lake havasu","nearest_nuclear_latitude":33.3881,"nearest_nuclear_longitude":-112.8617,"nearest_power_latitude":33.7122,"nearest_power_longitude":-112.082,"nearest_water_latitude":34.483,"nearest_water_longitude":-114.322}},{"type":"Feature","geometry":{"type":"Point","coordinates":[-111.6199,33.3764]},"properties":{"key":"google-redhawk-mesa-az","layer":"data-center","name":"Google Redhawk Mesa Data Center Campus","state":"AZ","detail_file":"data/details/data-centers-00.json","id":"google-redhawk-mesa-az","status":"Under construction","status_group":"Under construction","capacity_mw":400.0,"capacity_label":"400 MW planned","landscape_weight":187.0,"search":"google redhawk mesa data center campus google under construction under construction confirmed mesa, maricopa, az mesa maricopa az 400mw solar and wind (salt river project) solar salt river project (srp) air palo verde pediment bess i colorado river - lake havasu","nearest_nuclear_latitude":33.3881,"nearest_nuclear_longitude":-112.8617,"nearest_power_latitude":33.3557,"nearest_power_longitude":-111.6021,"nearest_water_latitude":34.483,"nearest_water_longitude":-114.322}},{"type":"Feature","geometry":{"type":"Point","coordinates":[-112.7694,33.5116]},"properties":{"key":"arizona-land-consulting-hassayampa-ranch-tonopah-az","layer":"data-center","name":"Hassayampa Ranch Data Center","state":"AZ","detail_file":"data/details/data-centers-05.json","id":"arizona-land-consulting-hassayampa-ranch-tonopah-az","status":"Proposed","status_group":"Proposed","landscape_weight":2000.0,"search":"hassayampa ranch data center arizona land consulting proposed proposed likely tonopah, maricopa, az tonopah maricopa az palo verde badger 1 colorado river - lake havasu","nearest_nuclear_latitude":33.3881,"nearest_nuclear_longitude":-112.8617,"nearest_power_latitude":33.498,"nearest_power_longitude":-112.8135,"nearest_water_latitude":34.483,"nearest_water_longitude":-114.322}},{"type":"Feature","geometry":{"type":"Point","coordinates":[-111.9762,33.4547]},"properties":{"key":"iron-mountain-azp-1-az","layer":"data-center","name":"Iron Mountain AZP-1","state":"AZ","detail_file":"data/details/data-centers-02.json","id":"iron-mountain-azp-1-az","status":"Operating","status_group":"Operating","landscape_weight":39.0,"search":"iron mountain azp-1 iron mountain operating operating data center phoenix, maricopa, az phoenix maricopa az palo verde aes es gilbert colorado river - lake havasu","nearest_nuclear_latitude":33.3881,"nearest_nuclear_longitude":-112.8617,"nearest_power_latitude":33.4468,"nearest_power_longitude":-111.9563,"nearest_water_latitude":34.483,"nearest_water_longitude":-114.322}},{"type":"Feature","geometry":{"type":"Point","coordinates":[-111.9773,33.4522]},"properties":{"key":"iron-mountain-azp-2-az","layer":"data-center","name":"Iron Mountain AZP-2","state":"AZ","detail_file":"data/details/data-centers-00.json","id":"iron-mountain-azp-2-az","status":"Operating","status_group":"Operating","landscape_weight":39.0,"search":"iron mountain azp-2 iron mountain operating operating data center phoenix, maricopa, az phoenix maricopa az palo verde aes es gilbert colorado river - lake havasu","nearest_nuclear_latitude":33.3881,"nearest_nuclear_longitude":-112.8617,"nearest_power_latitude":33.4468,"nearest_power_longitude":-111.9563,"nearest_water_latitude":34.483,"nearest_water_longitude":-114.322}},{"type":"Feature","geometry":{"type":"Point","coordinates":[-111.8961,33.6447]},"properties":{"key":"iron-mountain-azs-1-az","layer":"data-center","name":"Iron Mountain AZS-1","state":"AZ","detail_file":"data/details/data-centers-06.json","id":"iron-mountain-azs-1-az","status":"Operating","status_group":"Operating","capacity_mw":5.8,"capacity_label":"6 MW operating","landscape_weight":5.8,"search":"iron mountain azs-1 iron mountain operating operating data center scottsdale, maricopa, az scottsdale maricopa az palo verde jewish community center pv colorado river - lake havasu","nearest_nuclear_latitude":33.3881,"nearest_nuclear_longitude":-112.8617,"nearest_power_latitude":33.6031,"nearest_power_longitude":-111.9247,"nearest_water_latitude":34.483,"nearest_water_longitude":-114.322}},{"type":"Feature","geometry":{"type":"Point","coordinates":[-111.55,32.75]},"properties":{"key":"vermaland-la-osa-eloy-az","layer":"data-center","name":"La Osa Data Center Park","state":"AZ","detail_file":"data/details/data-centers-03.json","id":"vermaland-la-osa-eloy-az","status":"Proposed","status_group":"Proposed","landscape_weight":3300.0,"search":"la osa data center park vermaland llc proposed proposed likely eloy, pinal county, az eloy pinal county az wapa grid interconnect; on-site natural gas (phase 1); solar (planned) mixed western area power administration (wapa) \u2014 proposed grid transmission line upgrades for interconnect. aps and srp not confirmed as utility providers. closed_loop palo verde west line solar, llc colorado river - lake havasu","nearest_nuclear_latitude":33.3881,"nearest_nuclear_longitude":-112.8617,"nearest_power_latitude":32.7559,"nearest_power_longitude":-111.5548,"nearest_water_latitude":34.483,"nearest_water_longitude":-114.322}},{"type":"Feature","geometry":{"type":"Point","coordinates":[-111.198,32.495]},"properties":{"key":"fremont-peak-luckett-road-marana-az","layer":"data-center","name":"Luckett Road Data Centers (Fremont Peak Properties)","state":"AZ","detail_file":"data/details/data-centers-05.json","id":"fremont-peak-luckett-road-marana-az","status":"Proposed","status_group":"Proposed","landscape_weight":661.0,"search":"luckett road data centers (fremont peak properties) fremont peak properties llc (beale infrastructure) proposed proposed likely marana, pima, az marana pima az grid trico electric cooperative (north parcel); tucson electric power (south parcel) air palo verde serrano colorado river - lake havasu","nearest_nuclear_latitude":33.3881,"nearest_nuclear_longitude":-112.8617,"nearest_power_latitude":32.5024,"nearest_power_longitude":-111.3037,"nearest_water_latitude":34.483,"nearest_water_longitude":-114.322}},{"type":"Feature","geometry":{"type":"Point","coordinates":[-112.0708,33.4943]},"properties":{"key":"lumen-phoenix-1-az","layer":"data-center","name":"Lumen Phoenix 1","state":"AZ","detail_file":"data/details/data-centers-05.json","id":"lumen-phoenix-1-az","status":"Operating","status_group":"Operating","landscape_weight":8.0,"search":"lumen phoenix 1 lumen technologies operating operating data center phoenix, maricopa county, az phoenix maricopa county az palo verde phoenix airport rental car center colorado river - lake havasu","nearest_nuclear_latitude":33.3881,"nearest_nuclear_longitude":-112.8617,"nearest_power_latitude":33.4304,"nearest_power_longitude":-112.0448,"nearest_water_latitude":34.483,"nearest_water_longitude":-114.322}},{"type":"Feature","geometry":{"type":"Point","coordinates":[-111.6355,33.3375]},"properties":{"key":"meta-mesa-az","layer":"data-center","name":"Meta Mesa Data Center","state":"AZ","detail_file":"data/details/data-centers-00.json","id":"meta-mesa-az","status":"Operating","status_group":"Operating","landscape_weight":396.0,"search":"meta mesa data center meta operating operating confirmed mesa, maricopa county, az mesa maricopa county az eleven mile solar center (300 mw + 300 mw/4hr battery, pinal county) + west line solar (50 mw allocation, eloy) + brittlebush solar (coolidge) via srp solar salt river project (srp) palo verde mesa carport pv colorado river - lake havasu","nearest_nuclear_latitude":33.3881,"nearest_nuclear_longitude":-112.8617,"nearest_power_latitude":33.347,"nearest_power_longitude":-111.602,"nearest_water_latitude":34.483,"nearest_water_longitude":-114.322}},{"type":"Feature","geometry":{"type":"Point","coordinates":[-112.3204,33.5695]},"properties":{"key":"microsoft-el-mirage-az","layer":"data-center","name":"Microsoft El Mirage Data Center Campus","state":"AZ","detail_file":"data/details/data-centers-05.json","id":"microsoft-el-mirage-az","status":"Under construction","status_group":"Under construction","landscape_weight":433.0,"search":"microsoft el mirage data center campus microsoft under construction under construction likely el mirage, maricopa, az el mirage maricopa az grid arizona public service (aps) hybrid palo verde el sol bess colorado river - lake havasu","nearest_nuclear_latitude":33.3881,"nearest_nuclear_longitude":-112.8617,"nearest_power_latitude":33.568,"nearest_power_longitude":-112.3059,"nearest_water_latitude":34.483,"nearest_water_longitude":-114.322}},{"type":"Feature","geometry":{"type":"Point","coordinates":[-112.39,33.4353]},"properties":{"key":"microsoft-goodyear-az","layer":"data-center","name":"Microsoft Goodyear Data Center Campus","state":"AZ","detail_file":"data/details/data-centers-03.json","id":"microsoft-goodyear-az","status":"Under construction","status_group":"Under construction","landscape_weight":550.0,"search":"microsoft goodyear data center campus microsoft under construction under construction likely goodyear, maricopa, az goodyear maricopa az grid arizona public service (aps) hybrid palo verde pluto energy storage colorado river - lake havasu","nearest_nuclear_latitude":33.3881,"nearest_nuclear_longitude":-112.8617,"nearest_power_latitude":33.4096,"nearest_power_longitude":-112.4116,"nearest_water_latitude":34.483,"nearest_water_longitude":-114.322}},{"type":"Feature","geometry":{"type":"Point","coordinates":[-111.62,33.3025]},"properties":{"key":"ntt-global-mesa-az","layer":"data-center","name":"NTT Global Data Centers Mesa \u2014 Pacific Proving Technology Park","state":"AZ","detail_file":"data/details/data-centers-00.json","id":"ntt-global-mesa-az","status":"Proposed","status_group":"Proposed","capacity_mw":360.0,"capacity_label":"360 MW planned","landscape_weight":173.0,"search":"ntt global data centers mesa \u2014 pacific proving technology park ntt global data centers proposed proposed likely mesa, maricopa, az mesa maricopa az grid salt river project (srp) closed_loop palo verde queen creek solar farm colorado river - lake havasu","nearest_nuclear_latitude":33.3881,"nearest_nuclear_longitude":-112.8617,"nearest_power_latitude":33.2675,"nearest_power_longitude":-111.6122,"nearest_water_latitude":34.483,"nearest_water_longitude":-114.322}},{"type":"Feature","geometry":{"type":"Point","coordinates":[-111.6124,33.3537]},"properties":{"key":"ntt-phoenix-ph1-data-center-az","layer":"data-center","name":"NTT Phoenix PH1 Data Center","state":"AZ","detail_file":"data/details/data-centers-05.json","id":"ntt-phoenix-ph1-data-center-az","status":"Operating","status_group":"Operating","capacity_mw":36.0,"capacity_label":"36 MW operating","landscape_weight":36.0,"search":"ntt phoenix ph1 data center ntt operating operating data center mesa, maricopa county, az mesa maricopa county az palo verde pediment bess i colorado river - lake havasu","nearest_nuclear_latitude":33.3881,"nearest_nuclear_longitude":-112.8617,"nearest_power_latitude":33.3557,"nearest_power_longitude":-111.6021,"nearest_water_latitude":34.483,"nearest_water_longitude":-114.322}},{"type":"Feature","geometry":{"type":"Point","coordinates":[-111.6747,33.3717]},"properties":{"key":"novva-mesa-az","layer":"data-center","name":"Novva Mesa Data Center Campus","state":"AZ","detail_file":"data/details/data-centers-04.json","id":"novva-mesa-az","status":"Under construction","status_group":"Under construction","capacity_mw":300.0,"capacity_label":"300 MW planned","landscape_weight":160.0,"search":"novva mesa data center campus novva data centers under construction under construction likely mesa, maricopa, az mesa maricopa az solar salt river project (srp) air palo verde pediment bess i colorado river - lake havasu","nearest_nuclear_latitude":33.3881,"nearest_nuclear_longitude":-112.8617,"nearest_power_latitude":33.3557,"nearest_power_longitude":-111.6021,"nearest_water_latitude":34.483,"nearest_water_longitude":-114.322}},{"type":"Feature","geometry":{"type":"Point","coordinates":[-112.42,33.68]},"properties":{"key":"takanock-project-baccara-maricopa-county-az","layer":"data-center","name":"Project Baccara","state":"AZ","detail_file":"data/details/data-centers-02.json","id":"takanock-project-baccara-maricopa-county-az","status":"Permitted","status_group":"Permitted","capacity_mw":700.0,"capacity_label":"700 MW planned","landscape_weight":700.0,"search":"project baccara takanock, llc permitted permitted likely maricopa, az maricopa az on_site_gas palo verde northwest regional colorado river - lake havasu","nearest_nuclear_latitude":33.3881,"nearest_nuclear_longitude":-112.8617,"nearest_power_latitude":33.6819,"nearest_power_longitude":-112.4767,"nearest_water_latitude":34.483,"nearest_water_longitude":-114.322}},{"type":"Feature","geometry":{"type":"Point","coordinates":[-110.75,32.1]},"properties":{"key":"beale-project-blue-pima-county-az","layer":"data-center","name":"Project Blue","state":"AZ","detail_file":"data/details/data-centers-04.json","id":"beale-project-blue-pima-county-az","status":"Under construction","status_group":"Under construction","landscape_weight":8.0,"search":"project blue beale infrastructure (aws confirmed end-customer) under construction under construction likely pima, az pima az tucson electric power (tep) palo verde uastp i rio grande - el paso","nearest_nuclear_latitude":33.3881,"nearest_nuclear_longitude":-112.8617,"nearest_power_latitude":32.097,"nearest_power_longitude":-110.8106,"nearest_water_latitude":31.761,"nearest_water_longitude":-106.485}},{"type":"Feature","geometry":{"type":"Point","coordinates":[-112.36,33.4195]},"properties":{"key":"stream-data-centers-phxa-phoenix-i-vii-goodyear-campus-az","layer":"data-center","name":"Stream Data Centers PHXA (Phoenix I-VII, Goodyear Campus)","state":"AZ","detail_file":"data/details/data-centers-05.json","id":"stream-data-centers-phxa-phoenix-i-vii-goodyear-campus-az","status":"Operating","status_group":"Operating","capacity_mw":280.0,"capacity_label":"280 MW planned","landscape_weight":157.0,"search":"stream data centers phxa (phoenix i-vii, goodyear campus) stream data centers operating operating likely goodyear, maricopa county, az goodyear maricopa county az grid aps (arizona public service) palo verde estrella mountain pv colorado river - lake havasu","nearest_nuclear_latitude":33.3881,"nearest_nuclear_longitude":-112.8617,"nearest_power_latitude":33.4098,"nearest_power_longitude":-112.3403,"nearest_water_latitude":34.483,"nearest_water_longitude":-114.322}},{"type":"Feature","geometry":{"type":"Point","coordinates":[-112.3739,33.4463]},"properties":{"key":"vantage-phoenix-campus-goodyear-az-az","layer":"data-center","name":"Vantage Phoenix Campus (Goodyear, AZ)","state":"AZ","detail_file":"data/details/data-centers-04.json","id":"vantage-phoenix-campus-goodyear-az-az","status":"Operating","status_group":"Operating","capacity_mw":176.0,"capacity_label":"176 MW planned","landscape_weight":176.0,"search":"vantage phoenix campus (goodyear, az) vantage operating operating data center goodyear, maricopa county, az goodyear maricopa county az palo verde estrella mountain pv colorado river - lake havasu","nearest_nuclear_latitude":33.3881,"nearest_nuclear_longitude":-112.8617,"nearest_power_latitude":33.4098,"nearest_power_longitude":-112.3403,"nearest_water_latitude":34.483,"nearest_water_longitude":-114.322}},{"type":"Feature","geometry":{"type":"Point","coordinates":[-121.541,36.997]},"properties":{"key":"amazon-gilroy-ca","layer":"data-center","name":"Amazon AWS Gilroy Data Center","state":"CA","detail_file":"data/details/data-centers-05.json","id":"amazon-gilroy-ca","status":"Under construction","status_group":"Under construction","capacity_mw":98.0,"capacity_label":"98 MW planned","landscape_weight":56.0,"search":"amazon aws gilroy data center amazon web services under construction under construction mixed_use gilroy, santa clara, ca gilroy santa clara ca grid pacific gas & electric (pg&e) hybrid diablo canyon gilroy peaking energy center lake mead","nearest_nuclear_latitude":35.2115,"nearest_nuclear_longitude":-120.8555,"nearest_power_latitude":36.999,"nearest_power_longitude":-121.5363,"nearest_water_latitude":36.245,"nearest_water_longitude":-114.396}},{"type":"Feature","geometry":{"type":"Point","coordinates":[-115.56,32.79]},"properties":{"key":"calethos-lithium-valley-imperial-county-ca","layer":"data-center","name":"CalEthos Lithium Valley Data Center Campus","state":"CA","detail_file":"data/details/data-centers-07.json","id":"calethos-lithium-valley-imperial-county-ca","status":"Proposed","status_group":"Proposed","landscape_weight":315.0,"search":"calethos lithium valley data center campus calethos, inc. proposed proposed likely el centro, imperial, ca el centro imperial ca mixed imperial irrigation district (iid) palo verde sol orchard el centro pv colorado river - lake havasu","nearest_nuclear_latitude":33.3881,"nearest_nuclear_longitude":-112.8617,"nearest_power_latitude":32.8033,"nearest_power_longitude":-115.5464,"nearest_water_latitude":34.483,"nearest_water_longitude":-114.322}},{"type":"Feature","geometry":{"type":"Point","coordinates":[-121.9617,37.3654]},"properties":{"key":"cologix-sv1-ca","layer":"data-center","name":"Cologix SV1","state":"CA","detail_file":"data/details/data-centers-02.json","id":"cologix-sv1-ca","status":"Operating","status_group":"Operating","capacity_mw":9.0,"capacity_label":"9 MW operating","landscape_weight":9.0,"search":"cologix sv1 cologix operating operating data center santa clara, santa clara county, ca santa clara santa clara county ca silicon valley power diablo canyon coresite real estate sv9, l.p. lake mead","nearest_nuclear_latitude":35.2115,"nearest_nuclear_longitude":-120.8555,"nearest_power_latitude":37.3749,"nearest_power_longitude":-121.9692,"nearest_water_latitude":36.245,"nearest_water_longitude":-114.396}},{"type":"Feature","geometry":{"type":"Point","coordinates":[-121.974,37.389]},"properties":{"key":"coresite-bowers-santa-clara-ca","layer":"data-center","name":"CoreSite Bowers Data Center","state":"CA","detail_file":"data/details/data-centers-05.json","id":"coresite-bowers-santa-clara-ca","status":"Permitted","status_group":"Permitted","capacity_mw":72.0,"capacity_label":"72 MW planned","landscape_weight":5.0,"search":"coresite bowers data center coresite permitted permitted likely santa clara, santa clara, ca santa clara santa clara ca silicon valley power (svp) grid; new on-site substation planned grid silicon valley power (svp) diablo canyon intel santa clara lake mead","nearest_nuclear_latitude":35.2115,"nearest_nuclear_longitude":-120.8555,"nearest_power_latitude":37.3847,"nearest_power_longitude":-121.9638,"nearest_water_latitude":36.245,"nearest_water_longitude":-114.396}},{"type":"Feature","geometry":{"type":"Point","coordinates":[-118.2359,34.0585]},"properties":{"key":"coresite-la2-los-angeles-ca-ca","layer":"data-center","name":"CoreSite LA2 - Los Angeles, CA","state":"CA","detail_file":"data/details/data-centers-06.json","id":"coresite-la2-los-angeles-ca-ca","status":"Operating","status_group":"Operating","landscape_weight":8.0,"search":"coresite la2 - los angeles, ca coresite operating operating likely los angeles, los angeles county, ca los angeles los angeles county ca grid \u2014 los angeles department of water & power grid los angeles department of water & power diablo canyon metro support services center solar colorado river - lake havasu","nearest_nuclear_latitude":35.2115,"nearest_nuclear_longitude":-120.8555,"nearest_power_latitude":34.0578,"nearest_power_longitude":-118.2297,"nearest_water_latitude":34.483,"nearest_water_longitude":-114.322}},{"type":"Feature","geometry":{"type":"Point","coordinates":[-121.8916,37.3341]},"properties":{"key":"coresite-sv1-san-jose-ca-ca","layer":"data-center","name":"CoreSite SV1 - San Jose, CA","state":"CA","detail_file":"data/details/data-centers-02.json","id":"coresite-sv1-san-jose-ca-ca","status":"Operating","status_group":"Operating","landscape_weight":8.0,"search":"coresite sv1 - san jose, ca coresite operating operating data center san jose, santa clara county, ca san jose santa clara county ca pacific gas & electric (pg&e) diablo canyon coresite real estate 55 s. market street lake mead","nearest_nuclear_latitude":35.2115,"nearest_nuclear_longitude":-120.8555,"nearest_power_latitude":37.3342,"nearest_power_longitude":-121.8916,"nearest_water_latitude":36.245,"nearest_water_longitude":-114.396}},{"type":"Feature","geometry":{"type":"Point","coordinates":[-121.9697,37.3715]},"properties":{"key":"csquare-sfo1-ca","layer":"data-center","name":"Csquare SFO1","state":"CA","detail_file":"data/details/data-centers-01.json","id":"csquare-sfo1-ca","status":"Operating","status_group":"Operating","landscape_weight":8.0,"search":"csquare sfo1 csquare operating operating data center santa clara, santa clara county, ca santa clara santa clara county ca silicon valley power diablo canyon coresite real estate sv9, l.p. lake mead","nearest_nuclear_latitude":35.2115,"nearest_nuclear_longitude":-120.8555,"nearest_power_latitude":37.3749,"nearest_power_longitude":-121.9692,"nearest_water_latitude":36.245,"nearest_water_longitude":-114.396}},{"type":"Feature","geometry":{"type":"Point","coordinates":[-121.981,37.3976]},"properties":{"key":"csquare-sfo2-ca","layer":"data-center","name":"Csquare SFO2","state":"CA","detail_file":"data/details/data-centers-00.json","id":"csquare-sfo2-ca","status":"Operating","status_group":"Operating","landscape_weight":8.0,"search":"csquare sfo2 csquare operating operating data center santa clara, santa clara county, ca santa clara santa clara county ca silicon valley power diablo canyon gianera lake mead","nearest_nuclear_latitude":35.2115,"nearest_nuclear_longitude":-120.8555,"nearest_power_latitude":37.401,"nearest_power_longitude":-121.9687,"nearest_water_latitude":36.245,"nearest_water_longitude":-114.396}},{"type":"Feature","geometry":{"type":"Point","coordinates":[-121.986,37.3721]},"properties":{"key":"csquare-sfo3-ca","layer":"data-center","name":"Csquare SFO3","state":"CA","detail_file":"data/details/data-centers-05.json","id":"csquare-sfo3-ca","status":"Operating","status_group":"Operating","landscape_weight":8.0,"search":"csquare sfo3 csquare operating operating data center sunnyvale, santa clara county, ca sunnyvale santa clara county ca pacific gas & electric (pg&e) diablo canyon coresite real estate 3032 coronado, l.p. lake mead","nearest_nuclear_latitude":35.2115,"nearest_nuclear_longitude":-120.8555,"nearest_power_latitude":37.3762,"nearest_power_longitude":-121.9731,"nearest_water_latitude":36.245,"nearest_water_longitude":-114.396}},{"type":"Feature","geometry":{"type":"Point","coordinates":[-121.9552,37.3758]},"properties":{"key":"csquare-sfo4-ca","layer":"data-center","name":"Csquare SFO4","state":"CA","detail_file":"data/details/data-centers-05.json","id":"csquare-sfo4-ca","status":"Operating","status_group":"Operating","landscape_weight":8.0,"search":"csquare sfo4 csquare operating operating data center santa clara, santa clara county, ca santa clara santa clara county ca silicon valley power diablo canyon eqx011 duane fuel cell lake mead","nearest_nuclear_latitude":35.2115,"nearest_nuclear_longitude":-120.8555,"nearest_power_latitude":37.3782,"nearest_power_longitude":-121.955,"nearest_water_latitude":36.245,"nearest_water_longitude":-114.396}},{"type":"Feature","geometry":{"type":"Point","coordinates":[-119.953,36.303]},"properties":{"key":"cyrusone-nas-lemoore-ca","layer":"data-center","name":"CyrusOne AI Data Center at NAS Lemoore","state":"CA","detail_file":"data/details/data-centers-04.json","id":"cyrusone-nas-lemoore-ca","status":"Proposed","status_group":"Proposed","capacity_mw":100.0,"capacity_label":"100 MW planned","landscape_weight":100.0,"search":"cyrusone ai data center at nas lemoore cyrusone proposed proposed confirmed kings, ca kings ca off-grid microgrid (engine generators built by ameresco; potential 425mw solar farm on adjacent 920 acres) on_site_gas pacific gas & electric (pg&e) unknown diablo canyon van der kooi dairy solar array lake mead","nearest_nuclear_latitude":35.2115,"nearest_nuclear_longitude":-120.8555,"nearest_power_latitude":36.2917,"nearest_power_longitude":-120.0224,"nearest_water_latitude":36.245,"nearest_water_longitude":-114.396}},{"type":"Feature","geometry":{"type":"Point","coordinates":[-118.3846,33.9157]},"properties":{"key":"digital-realty-lax12-ca","layer":"data-center","name":"Digital Realty LAX12","state":"CA","detail_file":"data/details/data-centers-04.json","id":"digital-realty-lax12-ca","status":"Operating","status_group":"Operating","capacity_mw":18.0,"capacity_label":"18 MW operating","landscape_weight":18.0,"search":"digital realty lax12 digital realty operating operating data center el segundo, los angeles, ca el segundo los angeles ca southern california edison (sce) diablo canyon equinix douglas st. fuel cell colorado river - lake havasu","nearest_nuclear_latitude":35.2115,"nearest_nuclear_longitude":-120.8555,"nearest_power_latitude":33.9212,"nearest_power_longitude":-118.3845,"nearest_water_latitude":34.483,"nearest_water_longitude":-114.322}},{"type":"Feature","geometry":{"type":"Point","coordinates":[-121.944,37.3616]},"properties":{"key":"digital-realty-sc1-ca","layer":"data-center","name":"Digital Realty SC1","state":"CA","detail_file":"data/details/data-centers-02.json","id":"digital-realty-sc1-ca","status":"Operating","status_group":"Operating","landscape_weight":8.0,"search":"digital realty sc1 digital realty operating operating data center santa clara, santa clara, ca santa clara santa clara ca silicon valley power diablo canyon sc 1 data center, phase 2 lake mead","nearest_nuclear_latitude":35.2115,"nearest_nuclear_longitude":-120.8555,"nearest_power_latitude":37.3617,"nearest_power_longitude":-121.9436,"nearest_water_latitude":36.245,"nearest_water_longitude":-114.396}},{"type":"Feature","geometry":{"type":"Point","coordinates":[-122.398,37.7236]},"properties":{"key":"digital-realty-sfo10-ca","layer":"data-center","name":"Digital Realty SFO10","state":"CA","detail_file":"data/details/data-centers-06.json","id":"digital-realty-sfo10-ca","status":"Operating","status_group":"Operating","landscape_weight":8.0,"search":"digital realty sfo10 digital realty operating operating data center san francisco, san francisco county, ca san francisco san francisco county ca diablo canyon sf southeast cogen plant lake mead","nearest_nuclear_latitude":35.2115,"nearest_nuclear_longitude":-120.8555,"nearest_power_latitude":37.7397,"nearest_power_longitude":-122.3925,"nearest_water_latitude":36.245,"nearest_water_longitude":-114.396}},{"type":"Feature","geometry":{"type":"Point","coordinates":[-122.3905,37.7887]},"properties":{"key":"digital-realty-sfo12-365-main-street-ca","layer":"data-center","name":"Digital Realty SFO12 (365 Main Street)","state":"CA","detail_file":"data/details/data-centers-07.json","id":"digital-realty-sfo12-365-main-street-ca","status":"Operating","status_group":"Operating","landscape_weight":8.0,"search":"digital realty sfo12 (365 main street) digital realty operating operating data center san francisco, san francisco, ca san francisco san francisco ca diablo canyon one market plaza lake mead","nearest_nuclear_latitude":35.2115,"nearest_nuclear_longitude":-120.8555,"nearest_power_latitude":37.7933,"nearest_power_longitude":-122.3942,"nearest_water_latitude":36.245,"nearest_water_longitude":-114.396}},{"type":"Feature","geometry":{"type":"Point","coordinates":[-121.9736,37.3724]},"properties":{"key":"digital-realty-sjc34-ca","layer":"data-center","name":"Digital Realty SJC34","state":"CA","detail_file":"data/details/data-centers-00.json","id":"digital-realty-sjc34-ca","status":"Operating","status_group":"Operating","landscape_weight":8.0,"search":"digital realty sjc34 digital realty operating operating data center santa clara, santa clara county, ca santa clara santa clara county ca silicon valley power diablo canyon coresite real estate 2901 coronado, l.p. lake mead","nearest_nuclear_latitude":35.2115,"nearest_nuclear_longitude":-120.8555,"nearest_power_latitude":37.3751,"nearest_power_longitude":-121.9717,"nearest_water_latitude":36.245,"nearest_water_longitude":-114.396}},{"type":"Feature","geometry":{"type":"Point","coordinates":[-121.9533,37.3758]},"properties":{"key":"digital-realty-silicon-valley-sjc10-ca","layer":"data-center","name":"Digital Realty Silicon Valley SJC10","state":"CA","detail_file":"data/details/data-centers-04.json","id":"digital-realty-silicon-valley-sjc10-ca","status":"Operating","status_group":"Operating","landscape_weight":8.0,"search":"digital realty silicon valley sjc10 digital realty operating operating data center santa clara, santa clara county, ca santa clara santa clara county ca silicon valley power diablo canyon kifer bess 1 lake mead","nearest_nuclear_latitude":35.2115,"nearest_nuclear_longitude":-120.8555,"nearest_power_latitude":37.3762,"nearest_power_longitude":-121.952,"nearest_water_latitude":36.245,"nearest_water_longitude":-114.396}},{"type":"Feature","geometry":{"type":"Point","coordinates":[-121.9486,37.3764]},"properties":{"key":"digital-realty-silicon-valley-sjc11-ca","layer":"data-center","name":"Digital Realty Silicon Valley SJC11","state":"CA","detail_file":"data/details/data-centers-01.json","id":"digital-realty-silicon-valley-sjc11-ca","status":"Operating","status_group":"Operating","landscape_weight":8.0,"search":"digital realty silicon valley sjc11 digital realty operating operating data center santa clara, santa clara county, ca santa clara santa clara county ca silicon valley power diablo canyon donald von raesfeld power plant lake mead","nearest_nuclear_latitude":35.2115,"nearest_nuclear_longitude":-120.8555,"nearest_power_latitude":37.3767,"nearest_power_longitude":-121.9508,"nearest_water_latitude":36.245,"nearest_water_longitude":-114.396}},{"type":"Feature","geometry":{"type":"Point","coordinates":[-121.956,37.3749]},"properties":{"key":"digital-realty-silicon-valley-sjc16-ca","layer":"data-center","name":"Digital Realty Silicon Valley SJC16","state":"CA","detail_file":"data/details/data-centers-04.json","id":"digital-realty-silicon-valley-sjc16-ca","status":"Operating","status_group":"Operating","landscape_weight":8.0,"search":"digital realty silicon valley sjc16 digital realty operating operating data center santa clara, santa clara county, ca santa clara santa clara county ca silicon valley power diablo canyon eqx011 duane fuel cell lake mead","nearest_nuclear_latitude":35.2115,"nearest_nuclear_longitude":-120.8555,"nearest_power_latitude":37.3782,"nearest_power_longitude":-121.955,"nearest_water_latitude":36.245,"nearest_water_longitude":-114.396}},{"type":"Feature","geometry":{"type":"Point","coordinates":[-121.9581,37.3783]},"properties":{"key":"digital-realty-silicon-valley-sjc30-ca","layer":"data-center","name":"Digital Realty Silicon Valley SJC30","state":"CA","detail_file":"data/details/data-centers-07.json","id":"digital-realty-silicon-valley-sjc30-ca","status":"Operating","status_group":"Operating","landscape_weight":8.0,"search":"digital realty silicon valley sjc30 digital realty operating operating data center santa clara, santa clara county, ca santa clara santa clara county ca silicon valley power diablo canyon eqx011 duane fuel cell lake mead","nearest_nuclear_latitude":35.2115,"nearest_nuclear_longitude":-120.8555,"nearest_power_latitude":37.3782,"nearest_power_longitude":-121.955,"nearest_water_latitude":36.245,"nearest_water_longitude":-114.396}},{"type":"Feature","geometry":{"type":"Point","coordinates":[-121.9483,37.3722]},"properties":{"key":"digital-realty-silicon-valley-sjc31-ca","layer":"data-center","name":"Digital Realty Silicon Valley SJC31","state":"CA","detail_file":"data/details/data-centers-01.json","id":"digital-realty-silicon-valley-sjc31-ca","status":"Operating","status_group":"Operating","landscape_weight":8.0,"search":"digital realty silicon valley sjc31 digital realty operating operating data center santa clara, santa clara county, ca santa clara santa clara county ca silicon valley power diablo canyon donald von raesfeld power plant lake mead","nearest_nuclear_latitude":35.2115,"nearest_nuclear_longitude":-120.8555,"nearest_power_latitude":37.3767,"nearest_power_longitude":-121.9508,"nearest_water_latitude":36.245,"nearest_water_longitude":-114.396}},{"type":"Feature","geometry":{"type":"Point","coordinates":[-121.955,37.354]},"properties":{"key":"ecl-csc1-santa-clara-ca","layer":"data-center","name":"ECL CSC-1 FlexGrid AI Data Center","state":"CA","detail_file":"data/details/data-centers-01.json","id":"ecl-csc1-santa-clara-ca","status":"Proposed","status_group":"Proposed","capacity_mw":35.0,"capacity_label":"35 MW planned","landscape_weight":35.0,"search":"ecl csc-1 flexgrid ai data center ecl proposed proposed confirmed santa clara, santa clara, ca santa clara santa clara ca flexgrid hybrid: svp on-grid electricity + natural gas + hydrogen fuel cells mixed silicon valley power (svp) closed_loop diablo canyon sc 1 data center, phase 2 lake mead","nearest_nuclear_latitude":35.2115,"nearest_nuclear_longitude":-120.8555,"nearest_power_latitude":37.3617,"nearest_power_longitude":-121.9436,"nearest_water_latitude":36.245,"nearest_water_longitude":-114.396}},{"type":"Feature","geometry":{"type":"Point","coordinates":[-121.2774,38.5923]},"properties":{"key":"edgeconnex-sac01-ca","layer":"data-center","name":"EdgeConneX SAC01","state":"CA","detail_file":"data/details/data-centers-02.json","id":"edgeconnex-sac01-ca","status":"Operating","status_group":"Operating","landscape_weight":8.0,"search":"edgeconnex sac01 edgeconnex operating operating data center rancho cordova, sacramento county, ca rancho cordova sacramento county ca smud diablo canyon rancho cordova medical offices lake mead","nearest_nuclear_latitude":35.2115,"nearest_nuclear_longitude":-120.8555,"nearest_power_latitude":38.5766,"nearest_power_longitude":-121.291,"nearest_water_latitude":36.245,"nearest_water_longitude":-114.396}},{"type":"Feature","geometry":{"type":"Point","coordinates":[-117.1694,32.8424]},"properties":{"key":"edgeconnex-sdg01-ca","layer":"data-center","name":"EdgeConneX SDG01","state":"CA","detail_file":"data/details/data-centers-02.json","id":"edgeconnex-sdg01-ca","status":"Operating","status_group":"Operating","landscape_weight":8.0,"search":"edgeconnex sdg01 edgeconnex operating operating data center san diego, san diego county, ca san diego san diego county ca san diego gas & electric (sdg&e) palo verde mm san diego-miramar colorado river - lake havasu","nearest_nuclear_latitude":33.3881,"nearest_nuclear_longitude":-112.8617,"nearest_power_latitude":32.8448,"nearest_power_longitude":-117.1627,"nearest_water_latitude":34.483,"nearest_water_longitude":-114.322}},{"type":"Feature","geometry":{"type":"Point","coordinates":[-121.7833,37.2416]},"properties":{"key":"equinix-sv1-ca","layer":"data-center","name":"Equinix SV1","state":"CA","detail_file":"data/details/data-centers-05.json","id":"equinix-sv1-ca","status":"Operating","status_group":"Operating","landscape_weight":8.0,"search":"equinix sv1 equinix operating operating data center san jose, santa clara county, ca san jose santa clara county ca pacific gas & electric (pg&e) diablo canyon eqx010 great oaks fuel cell lake mead","nearest_nuclear_latitude":35.2115,"nearest_nuclear_longitude":-120.8555,"nearest_power_latitude":37.2421,"nearest_power_longitude":-121.7831,"nearest_water_latitude":36.245,"nearest_water_longitude":-114.396}},{"type":"Feature","geometry":{"type":"Point","coordinates":[-121.9884,37.3755]},"properties":{"key":"equinix-sv15-ca","layer":"data-center","name":"Equinix SV15","state":"CA","detail_file":"data/details/data-centers-02.json","id":"equinix-sv15-ca","status":"Operating","status_group":"Operating","landscape_weight":8.0,"search":"equinix sv15 equinix operating operating data center santa clara, santa clara county, ca santa clara santa clara county ca silicon valley power diablo canyon coresite real estate 3032 coronado, l.p. lake mead","nearest_nuclear_latitude":35.2115,"nearest_nuclear_longitude":-120.8555,"nearest_power_latitude":37.3762,"nearest_power_longitude":-121.9731,"nearest_water_latitude":36.245,"nearest_water_longitude":-114.396}},{"type":"Feature","geometry":{"type":"Point","coordinates":[-121.955,37.3785]},"properties":{"key":"equinix-sv2-ca","layer":"data-center","name":"Equinix SV2","state":"CA","detail_file":"data/details/data-centers-03.json","id":"equinix-sv2-ca","status":"Operating","status_group":"Operating","landscape_weight":8.0,"search":"equinix sv2 equinix operating operating data center santa clara, santa clara county, ca santa clara santa clara county ca silicon valley power diablo canyon eqx011 duane fuel cell lake mead","nearest_nuclear_latitude":35.2115,"nearest_nuclear_longitude":-120.8555,"nearest_power_latitude":37.3782,"nearest_power_longitude":-121.955,"nearest_water_latitude":36.245,"nearest_water_longitude":-114.396}},{"type":"Feature","geometry":{"type":"Point","coordinates":[-122.0146,37.4145]},"properties":{"key":"equinix-sv4-ca","layer":"data-center","name":"Equinix SV4","state":"CA","detail_file":"data/details/data-centers-04.json","id":"equinix-sv4-ca","status":"Operating","status_group":"Operating","landscape_weight":8.0,"search":"equinix sv4 equinix operating operating data center sunnyvale, santa clara county, ca sunnyvale santa clara county ca pacific gas & electric (pg&e) diablo canyon sunnyvale city of wpcp lake mead","nearest_nuclear_latitude":35.2115,"nearest_nuclear_longitude":-120.8555,"nearest_power_latitude":37.4194,"nearest_power_longitude":-122.0153,"nearest_water_latitude":36.245,"nearest_water_longitude":-114.396}},{"type":"Feature","geometry":{"type":"Point","coordinates":[-122.1608,37.4459]},"properties":{"key":"equinix-sv8-ca","layer":"data-center","name":"Equinix SV8","state":"CA","detail_file":"data/details/data-centers-07.json","id":"equinix-sv8-ca","status":"Operating","status_group":"Operating","landscape_weight":8.0,"search":"equinix sv8 equinix operating operating data center palo alto, santa clara county, ca palo alto santa clara county ca city of palo alto utilities diablo canyon stanford campus solar lake mead","nearest_nuclear_latitude":35.2115,"nearest_nuclear_longitude":-120.8555,"nearest_power_latitude":37.4343,"nearest_power_longitude":-122.1608,"nearest_water_latitude":36.245,"nearest_water_longitude":-114.396}},{"type":"Feature","geometry":{"type":"Point","coordinates":[-119.55,35.36]},"properties":{"key":"beacon-golden-valley-ca","layer":"data-center","name":"Golden Valley Technology Hub","state":"CA","detail_file":"data/details/data-centers-07.json","id":"beacon-golden-valley-ca","status":"Proposed","status_group":"Proposed","capacity_mw":275.0,"capacity_label":"275 MW planned","landscape_weight":100.0,"search":"golden valley technology hub beacon data centers (w/ california resources corp) proposed proposed data center elk hills, kern, ca elk hills kern ca pacific gas & electric (pg&e) diablo canyon berry nmw cogens lake mead","nearest_nuclear_latitude":35.2115,"nearest_nuclear_longitude":-120.8555,"nearest_power_latitude":35.3076,"nearest_power_longitude":-119.6116,"nearest_water_latitude":36.245,"nearest_water_longitude":-114.396}},{"type":"Feature","geometry":{"type":"Point","coordinates":[-115.569,32.847]},"properties":{"key":"ivcm-imperial-county-ca","layer":"data-center","name":"Imperial Valley Computer Manufacturing AI Data Center","state":"CA","detail_file":"data/details/data-centers-01.json","id":"ivcm-imperial-county-ca","status":"Proposed","status_group":"Proposed","capacity_mw":330.0,"capacity_label":"330 MW planned","landscape_weight":75.0,"search":"imperial valley computer manufacturing ai data center imperial valley computer manufacturing (ivcm) proposed proposed confirmed imperial, imperial, ca imperial imperial ca grid imperial irrigation district (iid) evaporative palo verde valencia 3 colorado river - lake havasu","nearest_nuclear_latitude":33.3881,"nearest_nuclear_longitude":-112.8617,"nearest_power_latitude":32.8857,"nearest_power_longitude":-115.5377,"nearest_water_latitude":34.483,"nearest_water_longitude":-114.322}},{"type":"Feature","geometry":{"type":"Point","coordinates":[-121.9521,37.377]},"properties":{"key":"lumen-santa-clara-1-ca","layer":"data-center","name":"Lumen Santa Clara 1","state":"CA","detail_file":"data/details/data-centers-05.json","id":"lumen-santa-clara-1-ca","status":"Operating","status_group":"Operating","landscape_weight":8.0,"search":"lumen santa clara 1 lumen technologies operating operating data center santa clara, santa clara county, ca santa clara santa clara county ca silicon valley power diablo canyon kifer bess 1 lake mead","nearest_nuclear_latitude":35.2115,"nearest_nuclear_longitude":-120.8555,"nearest_power_latitude":37.3762,"nearest_power_longitude":-121.952,"nearest_water_latitude":36.245,"nearest_water_longitude":-114.396}},{"type":"Feature","geometry":{"type":"Point","coordinates":[-121.9878,37.3735]},"properties":{"key":"lumen-sunnyvale-1-ca","layer":"data-center","name":"Lumen Sunnyvale 1","state":"CA","detail_file":"data/details/data-centers-07.json","id":"lumen-sunnyvale-1-ca","status":"Operating","status_group":"Operating","capacity_mw":6.0,"capacity_label":"6 MW operating","landscape_weight":6.0,"search":"lumen sunnyvale 1 lumen technologies operating operating data center sunnyvale, santa clara county, ca sunnyvale santa clara county ca pacific gas & electric (pg&e) diablo canyon coresite real estate 3032 coronado, l.p. lake mead","nearest_nuclear_latitude":35.2115,"nearest_nuclear_longitude":-120.8555,"nearest_power_latitude":37.3762,"nearest_power_longitude":-121.9731,"nearest_water_latitude":36.245,"nearest_water_longitude":-114.396}},{"type":"Feature","geometry":{"type":"Point","coordinates":[-121.977,37.428]},"properties":{"key":"microsoft-alviso-san-jose-ca","layer":"data-center","name":"Microsoft Alviso Data Center Campus","state":"CA","detail_file":"data/details/data-centers-01.json","id":"microsoft-alviso-san-jose-ca","status":"Under construction","status_group":"Under construction","capacity_mw":48.0,"capacity_label":"48 MW planned","landscape_weight":65.0,"search":"microsoft alviso data center campus microsoft under construction under construction data center san jose (alviso), santa clara, ca san jose (alviso) santa clara ca diablo canyon zero waste energy development co llc lake mead","nearest_nuclear_latitude":35.2115,"nearest_nuclear_longitude":-120.8555,"nearest_power_latitude":37.4325,"nearest_power_longitude":-121.9529,"nearest_water_latitude":36.245,"nearest_water_longitude":-114.396}},{"type":"Feature","geometry":{"type":"Point","coordinates":[-121.4892,38.6504]},"properties":{"key":"ntt-sacramento-ca1-data-center-ca","layer":"data-center","name":"NTT Sacramento CA1 Data Center","state":"CA","detail_file":"data/details/data-centers-05.json","id":"ntt-sacramento-ca1-data-center-ca","status":"Operating","status_group":"Operating","capacity_mw":12.6,"capacity_label":"13 MW operating","landscape_weight":12.6,"search":"ntt sacramento ca1 data center ntt (ragingwire) operating operating data center sacramento, sacramento county, ca sacramento sacramento county ca smud diablo canyon strata roof 1 lake mead","nearest_nuclear_latitude":35.2115,"nearest_nuclear_longitude":-120.8555,"nearest_power_latitude":38.6435,"nearest_power_longitude":-121.5055,"nearest_water_latitude":36.245,"nearest_water_longitude":-114.396}},{"type":"Feature","geometry":{"type":"Point","coordinates":[-121.4919,38.6504]},"properties":{"key":"ntt-sacramento-ca2-data-center-ca","layer":"data-center","name":"NTT Sacramento CA2 Data Center","state":"CA","detail_file":"data/details/data-centers-02.json","id":"ntt-sacramento-ca2-data-center-ca","status":"Operating","status_group":"Operating","landscape_weight":8.0,"search":"ntt sacramento ca2 data center ntt (ragingwire) operating operating data center sacramento, sacramento county, ca sacramento sacramento county ca smud diablo canyon strata roof 1 lake mead","nearest_nuclear_latitude":35.2115,"nearest_nuclear_longitude":-120.8555,"nearest_power_latitude":38.6435,"nearest_power_longitude":-121.5055,"nearest_water_latitude":36.245,"nearest_water_longitude":-114.396}},{"type":"Feature","geometry":{"type":"Point","coordinates":[-121.4988,38.6442]},"properties":{"key":"ntt-sacramento-ca3-data-center-ca","layer":"data-center","name":"NTT Sacramento CA3 Data Center","state":"CA","detail_file":"data/details/data-centers-00.json","id":"ntt-sacramento-ca3-data-center-ca","status":"Operating","status_group":"Operating","landscape_weight":8.0,"search":"ntt sacramento ca3 data center ntt (ragingwire) operating operating data center sacramento, sacramento county, ca sacramento sacramento county ca smud diablo canyon strata roof 1 lake mead","nearest_nuclear_latitude":35.2115,"nearest_nuclear_longitude":-120.8555,"nearest_power_latitude":38.6435,"nearest_power_longitude":-121.5055,"nearest_water_latitude":36.245,"nearest_water_longitude":-114.396}},{"type":"Feature","geometry":{"type":"Point","coordinates":[-121.9553,37.3691]},"properties":{"key":"ntt-silicon-valley-sv1-data-center-ca","layer":"data-center","name":"NTT Silicon Valley SV1 Data Center","state":"CA","detail_file":"data/details/data-centers-01.json","id":"ntt-silicon-valley-sv1-data-center-ca","status":"Operating","status_group":"Operating","capacity_mw":16.0,"capacity_label":"16 MW operating","landscape_weight":16.0,"search":"ntt silicon valley sv1 data center ntt operating operating data center santa clara, santa clara county, ca santa clara santa clara county ca silicon valley power diablo canyon kifer bess 1 lake mead","nearest_nuclear_latitude":35.2115,"nearest_nuclear_longitude":-120.8555,"nearest_power_latitude":37.3762,"nearest_power_longitude":-121.952,"nearest_water_latitude":36.245,"nearest_water_longitude":-114.396}},{"type":"Feature","geometry":{"type":"Point","coordinates":[-121.399,38.671]},"properties":{"key":"prime-smf02-sacramento-ca","layer":"data-center","name":"Prime Data Centers SMF02","state":"CA","detail_file":"data/details/data-centers-04.json","id":"prime-smf02-sacramento-ca","status":"Under construction","status_group":"Under construction","capacity_mw":18.0,"capacity_label":"18 MW planned","landscape_weight":8.6,"search":"prime data centers smf02 prime data centers under construction under construction likely sacramento, sacramento, ca sacramento sacramento ca sacramento municipal utility district (smud) grid grid sacramento municipal utility district (smud) closed_loop diablo canyon mcclellan (ca) lake mead","nearest_nuclear_latitude":35.2115,"nearest_nuclear_longitude":-120.8555,"nearest_power_latitude":38.6527,"nearest_power_longitude":-121.3933,"nearest_water_latitude":36.245,"nearest_water_longitude":-114.396}},{"type":"Feature","geometry":{"type":"Point","coordinates":[-121.9629,37.3667]},"properties":{"key":"prime-santa-clara-silicon-valley-campus-ca","layer":"data-center","name":"Prime Santa Clara (Silicon Valley campus)","state":"CA","detail_file":"data/details/data-centers-02.json","id":"prime-santa-clara-silicon-valley-campus-ca","status":"Operating","status_group":"Operating","landscape_weight":8.0,"search":"prime santa clara (silicon valley campus) prime data centers operating operating data center santa clara, santa clara county, ca santa clara santa clara county ca diablo canyon coresite real estate sv9, l.p. lake mead","nearest_nuclear_latitude":35.2115,"nearest_nuclear_longitude":-120.8555,"nearest_power_latitude":37.3749,"nearest_power_longitude":-121.9692,"nearest_water_latitude":36.245,"nearest_water_longitude":-114.396}},{"type":"Feature","geometry":{"type":"Point","coordinates":[-121.7781,37.248]},"properties":{"key":"prologis-rue-ferrari-san-jose-ca","layer":"data-center","name":"Prologis 5853 Rue Ferrari","state":"CA","detail_file":"data/details/data-centers-04.json","id":"prologis-rue-ferrari-san-jose-ca","status":"Permitted","status_group":"Permitted","capacity_mw":49.0,"capacity_label":"49 MW planned","landscape_weight":17.4,"search":"prologis 5853 rue ferrari prologis permitted permitted data center san jose, santa clara, ca san jose santa clara ca pacific gas & electric (pg&e) diablo canyon eqx015 great oaks fuel cell lake mead","nearest_nuclear_latitude":35.2115,"nearest_nuclear_longitude":-120.8555,"nearest_power_latitude":37.2419,"nearest_power_longitude":-121.7816,"nearest_water_latitude":36.245,"nearest_water_longitude":-114.396}},{"type":"Feature","geometry":{"type":"Point","coordinates":[-121.943,37.423]},"properties":{"key":"prologis-stem-park-zanker-road-san-jose-ca","layer":"data-center","name":"Prologis STEM Park","state":"CA","detail_file":"data/details/data-centers-00.json","id":"prologis-stem-park-zanker-road-san-jose-ca","status":"Proposed","status_group":"Proposed","capacity_mw":396.0,"capacity_label":"396 MW planned","landscape_weight":159.0,"search":"prologis stem park prologis proposed proposed likely san jose, santa clara, ca san jose santa clara ca grid \u2014 pacific gas & electric (pg&e) grid pacific gas & electric (pg&e) diablo canyon at&t holger lake mead","nearest_nuclear_latitude":35.2115,"nearest_nuclear_longitude":-120.8555,"nearest_power_latitude":37.4176,"nearest_power_longitude":-121.9445,"nearest_water_latitude":36.245,"nearest_water_longitude":-114.396}},{"type":"Feature","geometry":{"type":"Point","coordinates":[-121.79,37.25]},"properties":{"key":"prologis-silver-creek-valley-san-jose-ca","layer":"data-center","name":"Prologis Silver Creek Valley Road Data Center","state":"CA","detail_file":"data/details/data-centers-03.json","id":"prologis-silver-creek-valley-san-jose-ca","status":"Proposed","status_group":"Proposed","capacity_mw":99.0,"capacity_label":"99 MW planned","landscape_weight":15.0,"search":"prologis silver creek valley road data center prologis proposed proposed likely san jose, santa clara, ca san jose santa clara ca grid \u2014 pacific gas & electric (pg&e) grid pacific gas & electric (pg&e) diablo canyon eqx010 great oaks fuel cell lake mead","nearest_nuclear_latitude":35.2115,"nearest_nuclear_longitude":-120.8555,"nearest_power_latitude":37.2421,"nearest_power_longitude":-121.7831,"nearest_water_latitude":36.245,"nearest_water_longitude":-114.396}},{"type":"Feature","geometry":{"type":"Point","coordinates":[-121.4863,38.6464]},"properties":{"key":"qts-sacramento-ca","layer":"data-center","name":"QTS Sacramento","state":"CA","detail_file":"data/details/data-centers-01.json","id":"qts-sacramento-ca","status":"Operating","status_group":"Operating","capacity_mw":4.0,"capacity_label":"4 MW operating","landscape_weight":7.0,"search":"qts sacramento qts operating operating data center sacramento, sacramento county, ca sacramento sacramento county ca smud diablo canyon strata roof 1 lake mead","nearest_nuclear_latitude":35.2115,"nearest_nuclear_longitude":-120.8555,"nearest_power_latitude":38.6435,"nearest_power_longitude":-121.5055,"nearest_water_latitude":36.245,"nearest_water_longitude":-114.396}},{"type":"Feature","geometry":{"type":"Point","coordinates":[-121.9783,37.394]},"properties":{"key":"qts-santa-clara-1-ca","layer":"data-center","name":"QTS Santa Clara 1","state":"CA","detail_file":"data/details/data-centers-03.json","id":"qts-santa-clara-1-ca","status":"Operating","status_group":"Operating","landscape_weight":4.0,"search":"qts santa clara 1 qts operating operating data center santa clara, santa clara county, ca santa clara santa clara county ca silicon valley power diablo canyon gianera lake mead","nearest_nuclear_latitude":35.2115,"nearest_nuclear_longitude":-120.8555,"nearest_power_latitude":37.401,"nearest_power_longitude":-121.9687,"nearest_water_latitude":36.245,"nearest_water_longitude":-114.396}},{"type":"Feature","geometry":{"type":"Point","coordinates":[-121.8911,37.4027]},"properties":{"key":"stack-svy01-ca","layer":"data-center","name":"STACK SVY01","state":"CA","detail_file":"data/details/data-centers-05.json","id":"stack-svy01-ca","status":"Operating","status_group":"Operating","capacity_mw":100.0,"capacity_label":"100 MW planned","landscape_weight":100.0,"search":"stack svy01 stack infrastructure operating operating data center san jose, santa clara county, ca san jose santa clara county ca pacific gas & electric (pg&e) diablo canyon equinix lundy ave. fuel cell lake mead","nearest_nuclear_latitude":35.2115,"nearest_nuclear_longitude":-120.8555,"nearest_power_latitude":37.3885,"nearest_power_longitude":-121.889,"nearest_water_latitude":36.245,"nearest_water_longitude":-114.396}},{"type":"Feature","geometry":{"type":"Point","coordinates":[-121.9537,37.3619]},"properties":{"key":"stack-svy02-ca","layer":"data-center","name":"STACK SVY02","state":"CA","detail_file":"data/details/data-centers-00.json","id":"stack-svy02-ca","status":"Operating","status_group":"Operating","capacity_mw":48.0,"capacity_label":"48 MW operating","landscape_weight":48.0,"search":"stack svy02 stack infrastructure operating operating data center santa clara, santa clara county, ca santa clara santa clara county ca silicon valley power diablo canyon sc 1 data center, phase 2 lake mead","nearest_nuclear_latitude":35.2115,"nearest_nuclear_longitude":-120.8555,"nearest_power_latitude":37.3617,"nearest_power_longitude":-121.9436,"nearest_water_latitude":36.245,"nearest_water_longitude":-114.396}},{"type":"Feature","geometry":{"type":"Point","coordinates":[-121.9837,37.5671]},"properties":{"key":"valley-oak-shinn-street-fremont-ca","layer":"data-center","name":"Valley Oak Partners Shinn Street Data Center","state":"CA","detail_file":"data/details/data-centers-05.json","id":"valley-oak-shinn-street-fremont-ca","status":"Proposed","status_group":"Proposed","capacity_mw":90.0,"capacity_label":"90 MW planned","landscape_weight":12.5,"search":"valley oak partners shinn street data center valley oak partners proposed proposed data center fremont, alameda, ca fremont alameda ca pacific gas & electric (pg&e) diablo canyon 7999 gateway solar lake mead","nearest_nuclear_latitude":35.2115,"nearest_nuclear_longitude":-120.8555,"nearest_power_latitude":37.5215,"nearest_power_longitude":-122.0397,"nearest_water_latitude":36.245,"nearest_water_longitude":-114.396}},{"type":"Feature","geometry":{"type":"Point","coordinates":[-121.9469,37.364]},"properties":{"key":"vantage-santa-clara-ii-ca2-ca","layer":"data-center","name":"Vantage Santa Clara II (CA2)","state":"CA","detail_file":"data/details/data-centers-02.json","id":"vantage-santa-clara-ii-ca2-ca","status":"Operating","status_group":"Operating","landscape_weight":8.0,"search":"vantage santa clara ii (ca2) vantage operating operating data center santa clara, santa clara county, ca santa clara santa clara county ca silicon valley power diablo canyon sc 1 data center, phase 2 lake mead","nearest_nuclear_latitude":35.2115,"nearest_nuclear_longitude":-120.8555,"nearest_power_latitude":37.3617,"nearest_power_longitude":-121.9436,"nearest_water_latitude":36.245,"nearest_water_longitude":-114.396}},{"type":"Feature","geometry":{"type":"Point","coordinates":[-118.2187,34.0054]},"properties":{"key":"databank-vernon-la-ca","layer":"data-center","name":"Vernon LA Campus (with Goodman Group)","state":"CA","detail_file":"data/details/data-centers-07.json","id":"databank-vernon-la-ca","status":"Proposed","status_group":"Proposed","capacity_mw":32.0,"capacity_label":"32 MW planned","landscape_weight":32.0,"search":"vernon la campus (with goodman group) databank proposed proposed data center vernon, los angeles, ca vernon los angeles ca diablo canyon h. gonzales colorado river - lake havasu","nearest_nuclear_latitude":35.2115,"nearest_nuclear_longitude":-120.8555,"nearest_power_latitude":33.9986,"nearest_power_longitude":-118.2219,"nearest_water_latitude":34.483,"nearest_water_longitude":-114.322}},{"type":"Feature","geometry":{"type":"Point","coordinates":[-104.9903,39.7392]},"properties":{"key":"coresite-de3-denver-co","layer":"data-center","name":"CoreSite DE3","state":"CO","detail_file":"data/details/data-centers-02.json","id":"coresite-de3-denver-co","status":"Under construction","status_group":"Under construction","capacity_mw":60.0,"capacity_label":"60 MW planned","landscape_weight":60.0,"search":"coresite de3 coresite (american tower) under construction under construction mixed_use denver, denver, co denver denver co grid xcel energy kemmerer unit 1 arapahoe combustion turbine project lake powell","nearest_nuclear_latitude":41.706,"nearest_nuclear_longitude":-110.5603,"nearest_power_latitude":39.6692,"nearest_power_longitude":-105.0018,"nearest_water_latitude":36.938,"nearest_water_longitude":-111.484}},{"type":"Feature","geometry":{"type":"Point","coordinates":[-104.8488,39.661]},"properties":{"key":"flexential-denver-aurora-den03-co","layer":"data-center","name":"Flexential Denver - Aurora (DEN03)","state":"CO","detail_file":"data/details/data-centers-02.json","id":"flexential-denver-aurora-den03-co","status":"Operating","status_group":"Operating","landscape_weight":8.0,"search":"flexential denver - aurora (den03) flexential operating operating data center aurora, arapahoe county, co aurora arapahoe county co xcel energy kemmerer unit 1 hillcrest pump station lake powell","nearest_nuclear_latitude":41.706,"nearest_nuclear_longitude":-110.5603,"nearest_power_latitude":39.6419,"nearest_power_longitude":-104.9138,"nearest_water_latitude":36.938,"nearest_water_longitude":-111.484}},{"type":"Feature","geometry":{"type":"Point","coordinates":[-104.8432,39.5939]},"properties":{"key":"flexential-denver-centennial-den05-co","layer":"data-center","name":"Flexential Denver - Centennial (DEN05)","state":"CO","detail_file":"data/details/data-centers-02.json","id":"flexential-denver-centennial-den05-co","status":"Operating","status_group":"Operating","landscape_weight":8.0,"search":"flexential denver - centennial (den05) flexential operating operating data center centennial, arapahoe county, co centennial arapahoe county co kemmerer unit 1 hillcrest pump station lake powell","nearest_nuclear_latitude":41.706,"nearest_nuclear_longitude":-110.5603,"nearest_power_latitude":39.6419,"nearest_power_longitude":-104.9138,"nearest_water_latitude":36.938,"nearest_water_longitude":-111.484}},{"type":"Feature","geometry":{"type":"Point","coordinates":[-104.9942,39.746]},"properties":{"key":"flexential-denver-downtown-champa-co","layer":"data-center","name":"Flexential Denver - Downtown (Champa)","state":"CO","detail_file":"data/details/data-centers-05.json","id":"flexential-denver-downtown-champa-co","status":"Operating","status_group":"Operating","landscape_weight":8.0,"search":"flexential denver - downtown (champa) flexential operating operating data center denver, denver county, co denver denver county co xcel energy kemmerer unit 1 cherokee lake powell","nearest_nuclear_latitude":41.706,"nearest_nuclear_longitude":-110.5603,"nearest_power_latitude":39.8073,"nearest_power_longitude":-104.9645,"nearest_water_latitude":36.938,"nearest_water_longitude":-111.484}},{"type":"Feature","geometry":{"type":"Point","coordinates":[-104.8376,39.559]},"properties":{"key":"flexential-denver-englewood-co","layer":"data-center","name":"Flexential Denver - Englewood","state":"CO","detail_file":"data/details/data-centers-02.json","id":"flexential-denver-englewood-co","status":"Operating","status_group":"Operating","capacity_mw":18.0,"capacity_label":"18 MW operating","landscape_weight":18.0,"search":"flexential denver - englewood flexential operating operating data center englewood, arapahoe county, co englewood arapahoe county co core electric cooperative kemmerer unit 1 hillcrest pump station lake powell","nearest_nuclear_latitude":41.706,"nearest_nuclear_longitude":-110.5603,"nearest_power_latitude":39.6419,"nearest_power_longitude":-104.9138,"nearest_water_latitude":36.938,"nearest_water_longitude":-111.484}},{"type":"Feature","geometry":{"type":"Point","coordinates":[-104.7241,39.7113]},"properties":{"key":"qts-aurora-co","layer":"data-center","name":"QTS Aurora-Denver Data Center Campus (DEN1)","state":"CO","detail_file":"data/details/data-centers-05.json","id":"qts-aurora-co","status":"Under construction","status_group":"Under construction","capacity_mw":177.0,"capacity_label":"177 MW planned","landscape_weight":67.0,"search":"qts aurora-denver data center campus (den1) qts (blackstone) under construction under construction likely aurora, arapahoe, co aurora arapahoe co grid xcel energy (public service company of colorado) unknown kemmerer unit 1 pivot solar 9 lake powell","nearest_nuclear_latitude":41.706,"nearest_nuclear_longitude":-110.5603,"nearest_power_latitude":39.7274,"nearest_power_longitude":-104.7695,"nearest_water_latitude":36.938,"nearest_water_longitude":-111.484}},{"type":"Feature","geometry":{"type":"Point","coordinates":[-104.8214,38.8339]},"properties":{"key":"raeden-taurus-colorado-springs-co","layer":"data-center","name":"Raeden Project Taurus","state":"CO","detail_file":"data/details/data-centers-01.json","id":"raeden-taurus-colorado-springs-co","status":"Permitted","status_group":"Permitted","capacity_mw":50.0,"capacity_label":"50 MW planned","landscape_weight":50.0,"search":"raeden project taurus raeden permitted permitted likely colorado springs, el paso, co colorado springs el paso co grid colorado springs utilities project matador nuclear south plant (co) lake powell","nearest_nuclear_latitude":35.2838,"nearest_nuclear_longitude":-101.569,"nearest_power_latitude":38.8244,"nearest_power_longitude":-104.8333,"nearest_water_latitude":36.938,"nearest_water_longitude":-111.484}},{"type":"Feature","geometry":{"type":"Point","coordinates":[-73.3886,41.1131]},"properties":{"key":"cyrusone-nym5-norwalk-ct","layer":"data-center","name":"CyrusOne NYM5 (Norwalk)","state":"CT","detail_file":"data/details/data-centers-04.json","id":"cyrusone-nym5-norwalk-ct","status":"Operating","status_group":"Operating","landscape_weight":8.0,"search":"cyrusone nym5 (norwalk) cyrusone operating operating data center norwalk, fairfield county, ct norwalk fairfield county ct millstone fairfield university chp plant hudson river - new york","nearest_nuclear_latitude":41.3107,"nearest_nuclear_longitude":-72.1677,"nearest_power_latitude":41.1589,"nearest_power_longitude":-73.2572,"nearest_water_latitude":40.79,"nearest_water_longitude":-73.98}},{"type":"Feature","geometry":{"type":"Point","coordinates":[-72.1582,41.3218]},"properties":{"key":"ne-edge-millstone-ct","layer":"data-center","name":"NE Edge Millstone Nuclear Data Center","state":"CT","detail_file":"data/details/data-centers-03.json","id":"ne-edge-millstone-ct","status":"Cancelled","status_group":"Cancelled","capacity_mw":300.0,"capacity_label":"300 MW planned","landscape_weight":300.0,"search":"ne edge millstone nuclear data center ne edge cancelled cancelled likely waterford, new london, ct waterford new london ct nuclear (millstone units 2 and 3, dominion energy) nuclear dominion energy (millstone nuclear power station) millstone millstone hudson river - new york","nearest_nuclear_latitude":41.3107,"nearest_nuclear_longitude":-72.1677,"nearest_power_latitude":41.3107,"nearest_power_longitude":-72.1677,"nearest_water_latitude":40.79,"nearest_water_longitude":-73.98}},{"type":"Feature","geometry":{"type":"Point","coordinates":[-77.0291,38.9029]},"properties":{"key":"coresite-dc1-washington-d-c-dc","layer":"data-center","name":"CoreSite DC1 - Washington, D.C.","state":"DC","detail_file":"data/details/data-centers-01.json","id":"coresite-dc1-washington-d-c-dc","status":"Operating","status_group":"Operating","landscape_weight":8.0,"search":"coresite dc1 - washington, d.c. coresite operating operating data center washington, district of columbia, dc washington district of columbia dc pepco calvert cliffs nuclear power plant ross hall central utility plant potomac river - northern virginia","nearest_nuclear_latitude":38.4344,"nearest_nuclear_longitude":-76.4417,"nearest_power_latitude":38.9002,"nearest_power_longitude":-77.0508,"nearest_water_latitude":38.969,"nearest_water_longitude":-77.386}},{"type":"Feature","geometry":{"type":"Point","coordinates":[-75.593,39.578]},"properties":{"key":"starwood-digital-project-washington-de","layer":"data-center","name":"Project Washington (Starwood Digital Ventures)","state":"DE","detail_file":"data/details/data-centers-00.json","id":"starwood-digital-project-washington-de","status":"Proposed","status_group":"Proposed","capacity_mw":1200.0,"capacity_label":"1,200 MW planned","landscape_weight":580.0,"search":"project washington (starwood digital ventures) starwood digital ventures proposed proposed mixed_use delaware city, new castle, de delaware city new castle de grid delmarva power & light closed_loop pseg hope creek generating station delaware city plant delaware river - philadelphia","nearest_nuclear_latitude":39.4666,"nearest_nuclear_longitude":-75.5377,"nearest_power_latitude":39.5871,"nearest_power_longitude":-75.6343,"nearest_water_latitude":39.952,"nearest_water_longitude":-75.135}},{"type":"Feature","geometry":{"type":"Point","coordinates":[-80.33,27.44]},"properties":{"key":"atlas-compute-ai-data-center-campus-fort-pierce-fl","layer":"data-center","name":"Atlas Compute AI Data Center Campus","state":"FL","detail_file":"data/details/data-centers-06.json","id":"atlas-compute-ai-data-center-campus-fort-pierce-fl","status":"Proposed","status_group":"Proposed","capacity_mw":240.0,"capacity_label":"240 MW planned","landscape_weight":240.0,"search":"atlas compute ai data center campus atlas compute (infrastructure by penguin solutions) proposed proposed data center fort pierce, st. lucie, fl fort pierce st. lucie fl st lucie treasure coast energy center savannah river - augusta","nearest_nuclear_latitude":27.3486,"nearest_nuclear_longitude":-80.2464,"nearest_power_latitude":27.3839,"nearest_power_longitude":-80.3775,"nearest_water_latitude":33.473,"nearest_water_longitude":-81.967}},{"type":"Feature","geometry":{"type":"Point","coordinates":[-81.6624,30.3314]},"properties":{"key":"cologix-jax1-fl","layer":"data-center","name":"Cologix JAX1","state":"FL","detail_file":"data/details/data-centers-03.json","id":"cologix-jax1-fl","status":"Operating","status_group":"Operating","landscape_weight":8.0,"search":"cologix jax1 cologix operating operating data center jacksonville, duval county, fl jacksonville duval county fl edwin i hatch baptist medical center savannah river - augusta","nearest_nuclear_latitude":31.9342,"nearest_nuclear_longitude":-82.3447,"nearest_power_latitude":30.3145,"nearest_power_longitude":-81.6627,"nearest_water_latitude":33.473,"nearest_water_longitude":-81.967}},{"type":"Feature","geometry":{"type":"Point","coordinates":[-81.4208,28.4292]},"properties":{"key":"coresite-or1-orlando-fl","layer":"data-center","name":"CoreSite OR1 \u2014 Orlando","state":"FL","detail_file":"data/details/data-centers-03.json","id":"coresite-or1-orlando-fl","status":"Operating","status_group":"Operating","landscape_weight":16.0,"search":"coresite or1 \u2014 orlando coresite operating operating data center orlando, orange, fl orlando orange fl st lucie orlando cogen lp savannah river - augusta","nearest_nuclear_latitude":27.3486,"nearest_nuclear_longitude":-80.2464,"nearest_power_latitude":28.4426,"nearest_power_longitude":-81.4123,"nearest_water_latitude":33.473,"nearest_water_longitude":-81.967}},{"type":"Feature","geometry":{"type":"Point","coordinates":[-80.1933,26.1901]},"properties":{"key":"flexential-fort-lauderdale-fll01-02-fl","layer":"data-center","name":"Flexential Fort Lauderdale (FLL01/02)","state":"FL","detail_file":"data/details/data-centers-04.json","id":"flexential-fort-lauderdale-fll01-02-fl","status":"Operating","status_group":"Operating","landscape_weight":8.0,"search":"flexential fort lauderdale (fll01/02) flexential operating operating data center fort lauderdale, broward county, fl fort lauderdale broward county fl florida power & light (fpl) turkey point csl gas recovery savannah river - augusta","nearest_nuclear_latitude":25.4356,"nearest_nuclear_longitude":-80.3308,"nearest_power_latitude":26.288,"nearest_power_longitude":-80.1665,"nearest_water_latitude":33.473,"nearest_water_longitude":-81.967}},{"type":"Feature","geometry":{"type":"Point","coordinates":[-81.5817,30.2457]},"properties":{"key":"flexential-jacksonville-fl","layer":"data-center","name":"Flexential Jacksonville","state":"FL","detail_file":"data/details/data-centers-00.json","id":"flexential-jacksonville-fl","status":"Operating","status_group":"Operating","landscape_weight":8.0,"search":"flexential jacksonville flexential operating operating data center jacksonville, duval county, fl jacksonville duval county fl edwin i hatch ikea jacksonville rooftop pv system savannah river - augusta","nearest_nuclear_latitude":31.9342,"nearest_nuclear_longitude":-82.3447,"nearest_power_latitude":30.23,"nearest_power_longitude":-81.51,"nearest_water_latitude":33.473,"nearest_water_longitude":-81.967}},{"type":"Feature","geometry":{"type":"Point","coordinates":[-82.3684,28.0739]},"properties":{"key":"flexential-tampa-north-tpa03-fl","layer":"data-center","name":"Flexential Tampa - North (TPA03)","state":"FL","detail_file":"data/details/data-centers-04.json","id":"flexential-tampa-north-tpa03-fl","status":"Operating","status_group":"Operating","landscape_weight":8.0,"search":"flexential tampa - north (tpa03) flexential operating operating data center tampa, hillsborough county, fl tampa hillsborough county fl st lucie hillsborough county resource recovery savannah river - augusta","nearest_nuclear_latitude":27.3486,"nearest_nuclear_longitude":-80.2464,"nearest_power_latitude":27.9549,"nearest_power_longitude":-82.3405,"nearest_water_latitude":33.473,"nearest_water_longitude":-81.967}},{"type":"Feature","geometry":{"type":"Point","coordinates":[-82.54,28.0373]},"properties":{"key":"flexential-tampa-west-fl","layer":"data-center","name":"Flexential Tampa - West","state":"FL","detail_file":"data/details/data-centers-01.json","id":"flexential-tampa-west-fl","status":"Operating","status_group":"Operating","landscape_weight":8.0,"search":"flexential tampa - west flexential operating operating data center tampa, hillsborough county, fl tampa hillsborough county fl st lucie tia solar savannah river - augusta","nearest_nuclear_latitude":27.3486,"nearest_nuclear_longitude":-80.2464,"nearest_power_latitude":27.9658,"nearest_power_longitude":-82.5328,"nearest_water_latitude":33.473,"nearest_water_longitude":-81.967}},{"type":"Feature","geometry":{"type":"Point","coordinates":[-81.8024,27.7525]},"properties":{"key":"stonebridge-fort-meade-fl","layer":"data-center","name":"Florida Ecopark AI Data Center Campus","state":"FL","detail_file":"data/details/data-centers-04.json","id":"stonebridge-fort-meade-fl","status":"Proposed","status_group":"Proposed","capacity_mw":1200.0,"capacity_label":"1,200 MW planned","landscape_weight":200.0,"search":"florida ecopark ai data center campus stonebridge (via florida ecopark llc; end tenant undisclosed) proposed proposed confirmed fort meade, polk county, fl fort meade polk county fl grid duke energy florida closed_loop st lucie tiger bay savannah river - augusta","nearest_nuclear_latitude":27.3486,"nearest_nuclear_longitude":-80.2464,"nearest_power_latitude":27.7464,"nearest_power_longitude":-81.8495,"nearest_water_latitude":33.473,"nearest_water_longitude":-81.967}},{"type":"Feature","geometry":{"type":"Point","coordinates":[-80.2476,25.8842]},"properties":{"key":"iron-mountain-mia-1-miami-fl","layer":"data-center","name":"Iron Mountain MIA-1","state":"FL","detail_file":"data/details/data-centers-05.json","id":"iron-mountain-mia-1-miami-fl","status":"Under construction","status_group":"Under construction","capacity_mw":16.0,"capacity_label":"16 MW planned","landscape_weight":16.0,"search":"iron mountain mia-1 iron mountain under construction under construction data center westview, miami-dade, fl westview miami-dade fl florida power & light (fpl) turkey point wynwood energy storage savannah river - augusta","nearest_nuclear_latitude":25.4356,"nearest_nuclear_longitude":-80.3308,"nearest_power_latitude":25.799,"nearest_power_longitude":-80.1971,"nearest_water_latitude":33.473,"nearest_water_longitude":-81.967}},{"type":"Feature","geometry":{"type":"Point","coordinates":[-81.68,30.55]},"properties":{"key":"nextnrg-nassau-county-data-center-energy-campus-fl","layer":"data-center","name":"NextNRG Nassau County Data Center & Energy Campus","state":"FL","detail_file":"data/details/data-centers-02.json","id":"nextnrg-nassau-county-data-center-energy-campus-fl","status":"Proposed","status_group":"Proposed","capacity_mw":200.0,"capacity_label":"200 MW planned","landscape_weight":200.0,"search":"nextnrg nassau county data center & energy campus nextnrg proposed proposed data center nassau, fl nassau fl edwin i hatch aep jacksonville solar project savannah river - augusta","nearest_nuclear_latitude":31.9342,"nearest_nuclear_longitude":-82.3447,"nearest_power_latitude":30.5236,"nearest_power_longitude":-81.6864,"nearest_water_latitude":33.473,"nearest_water_longitude":-81.967}},{"type":"Feature","geometry":{"type":"Point","coordinates":[-82.0054,28.0305]},"properties":{"key":"ryan-companies-project-swan-lakeland-fl","layer":"data-center","name":"Project Swan","state":"FL","detail_file":"data/details/data-centers-07.json","id":"ryan-companies-project-swan-lakeland-fl","status":"Proposed","status_group":"Proposed","landscape_weight":60.5,"search":"project swan ryan companies (end operator tbd) proposed proposed data center lakeland, polk, fl lakeland polk fl st lucie winston savannah river - augusta","nearest_nuclear_latitude":27.3486,"nearest_nuclear_longitude":-80.2464,"nearest_power_latitude":28.0274,"nearest_power_longitude":-82.0164,"nearest_water_latitude":33.473,"nearest_water_longitude":-81.967}},{"type":"Feature","geometry":{"type":"Point","coordinates":[-80.39,26.6284]},"properties":{"key":"project-tango-loxahatchee-fl","layer":"data-center","name":"Project Tango AI Data Center Campus","state":"FL","detail_file":"data/details/data-centers-06.json","id":"project-tango-loxahatchee-fl","status":"Cancelled","status_group":"Cancelled","landscape_weight":202.0,"search":"project tango ai data center campus pba holdings (end tenant undisclosed) cancelled cancelled confirmed loxahatchee, palm beach county, fl loxahatchee palm beach county fl florida power and light (adjacent to west county energy center, 3,750 mw) grid florida power and light st lucie west county energy center savannah river - augusta","nearest_nuclear_latitude":27.3486,"nearest_nuclear_longitude":-80.2464,"nearest_power_latitude":26.6986,"nearest_power_longitude":-80.3747,"nearest_water_latitude":33.473,"nearest_water_longitude":-81.967}},{"type":"Feature","geometry":{"type":"Point","coordinates":[-84.3912,33.756]},"properties":{"key":"coresite-at1-atlanta-ga-ga","layer":"data-center","name":"CoreSite AT1 - Atlanta, GA","state":"GA","detail_file":"data/details/data-centers-05.json","id":"coresite-at1-atlanta-ga-ga","status":"Operating","status_group":"Operating","landscape_weight":8.0,"search":"coresite at1 - atlanta, ga coresite operating operating data center atlanta, fulton county, ga atlanta fulton county ga georgia power sequoyah inforum chattahoochee river - atlanta","nearest_nuclear_latitude":35.2267,"nearest_nuclear_longitude":-85.0917,"nearest_power_latitude":33.7533,"nearest_power_longitude":-84.3889,"nearest_water_latitude":33.809,"nearest_water_longitude":-84.444}},{"type":"Feature","geometry":{"type":"Point","coordinates":[-84.4816,33.9255]},"properties":{"key":"coresite-at2-marietta-data-center-ga","layer":"data-center","name":"CoreSite AT2 - Marietta Data Center","state":"GA","detail_file":"data/details/data-centers-03.json","id":"coresite-at2-marietta-data-center-ga","status":"Operating","status_group":"Operating","landscape_weight":8.0,"search":"coresite at2 - marietta data center coresite operating operating data center marietta, cobb county, ga marietta cobb county ga sequoyah riverwood 100 building chattahoochee river - atlanta","nearest_nuclear_latitude":35.2267,"nearest_nuclear_longitude":-85.0917,"nearest_power_latitude":33.8775,"nearest_power_longitude":-84.4603,"nearest_water_latitude":33.809,"nearest_water_longitude":-84.444}},{"type":"Feature","geometry":{"type":"Point","coordinates":[-84.9418,34.6927]},"properties":{"key":"coreweave-dalton-ii-old-tilton-road-whitfield-ga","layer":"data-center","name":"CoreWeave Dalton II / Core Scientific Old Tilton Road Data Center","state":"GA","detail_file":"data/details/data-centers-06.json","id":"coreweave-dalton-ii-old-tilton-road-whitfield-ga","status":"Under construction","status_group":"Under construction","landscape_weight":173.3,"search":"coreweave dalton ii / core scientific old tilton road data center core scientific (site owner); coreweave dalton ii, llc (sublessee/operator) under construction under construction data center dalton, whitfield, ga dalton whitfield ga sequoyah thomas a smith energy facility tennessee river - chattanooga","nearest_nuclear_latitude":35.2267,"nearest_nuclear_longitude":-85.0917,"nearest_power_latitude":34.7094,"nearest_power_longitude":-84.9175,"nearest_water_latitude":35.045,"nearest_water_longitude":-85.309}},{"type":"Feature","geometry":{"type":"Point","coordinates":[-84.02,33.66]},"properties":{"key":"dcblox-atlanta-east-conyers-ga","layer":"data-center","name":"DC BLOX Atlanta East Hyperscale Data Center Campus","state":"GA","detail_file":"data/details/data-centers-05.json","id":"dcblox-atlanta-east-conyers-ga","status":"Under construction","status_group":"Under construction","capacity_mw":216.0,"capacity_label":"216 MW planned","landscape_weight":72.0,"search":"dc blox atlanta east hyperscale data center campus dc blox under construction under construction likely conyers, rockdale county, ga conyers rockdale county ga georgia power grid georgia power air oconee emory hillandale hospital chattahoochee river - atlanta","nearest_nuclear_latitude":34.7939,"nearest_nuclear_longitude":-82.8986,"nearest_power_latitude":33.7036,"nearest_power_longitude":-84.1494,"nearest_water_latitude":33.809,"nearest_water_longitude":-84.444}},{"type":"Feature","geometry":{"type":"Point","coordinates":[-84.6608,33.7882]},"properties":{"key":"dc-blox-atlanta-west-ga","layer":"data-center","name":"DC BLOX Atlanta West (ATL1)","state":"GA","detail_file":"data/details/data-centers-00.json","id":"dc-blox-atlanta-west-ga","status":"Under construction","status_group":"Under construction","capacity_mw":120.0,"capacity_label":"120 MW planned","landscape_weight":100.0,"search":"dc blox atlanta west (atl1) dc blox under construction under construction confirmed lithia springs, douglas county, ga lithia springs douglas county ga greystone power cooperative grid greystone power cooperative air sequoyah turnipseed solar, llc chattahoochee river - atlanta","nearest_nuclear_latitude":35.2267,"nearest_nuclear_longitude":-85.0917,"nearest_power_latitude":33.6992,"nearest_power_longitude":-84.6789,"nearest_water_latitude":33.809,"nearest_water_longitude":-84.444}},{"type":"Feature","geometry":{"type":"Point","coordinates":[-84.7996,34.1651]},"properties":{"key":"databank-indo-cartersville-ga","layer":"data-center","name":"DataBank Project Indo","state":"GA","detail_file":"data/details/data-centers-01.json","id":"databank-indo-cartersville-ga","status":"Proposed","status_group":"Proposed","capacity_mw":200.0,"capacity_label":"200 MW planned","landscape_weight":69.0,"search":"databank project indo databank proposed proposed likely cartersville, bartow, ga cartersville bartow ga grid sequoyah allatoona chattahoochee river - atlanta","nearest_nuclear_latitude":35.2267,"nearest_nuclear_longitude":-85.0917,"nearest_power_latitude":34.1637,"nearest_power_longitude":-84.7282,"nearest_water_latitude":33.809,"nearest_water_longitude":-84.444}},{"type":"Feature","geometry":{"type":"Point","coordinates":[-84.5797,33.7466]},"properties":{"key":"digital-realty-atl11-ga","layer":"data-center","name":"Digital Realty ATL11","state":"GA","detail_file":"data/details/data-centers-00.json","id":"digital-realty-atl11-ga","status":"Operating","status_group":"Operating","landscape_weight":8.0,"search":"digital realty atl11 digital realty operating operating data center austell, cobb county, ga austell cobb county ga sequoyah turnipseed solar, llc chattahoochee river - atlanta","nearest_nuclear_latitude":35.2267,"nearest_nuclear_longitude":-85.0917,"nearest_power_latitude":33.6992,"nearest_power_longitude":-84.6789,"nearest_water_latitude":33.809,"nearest_water_longitude":-84.444}},{"type":"Feature","geometry":{"type":"Point","coordinates":[-84.3915,33.7555]},"properties":{"key":"digital-realty-atlanta-atl13-ga","layer":"data-center","name":"Digital Realty Atlanta ATL13","state":"GA","detail_file":"data/details/data-centers-00.json","id":"digital-realty-atlanta-atl13-ga","status":"Operating","status_group":"Operating","landscape_weight":8.0,"search":"digital realty atlanta atl13 digital realty operating operating data center atlanta, fulton county, ga atlanta fulton county ga georgia power sequoyah inforum chattahoochee river - atlanta","nearest_nuclear_latitude":35.2267,"nearest_nuclear_longitude":-85.0917,"nearest_power_latitude":33.7533,"nearest_power_longitude":-84.3889,"nearest_water_latitude":33.809,"nearest_water_longitude":-84.444}},{"type":"Feature","geometry":{"type":"Point","coordinates":[-84.2518,34.087]},"properties":{"key":"flexential-atlanta-alpharetta-data-center-ga","layer":"data-center","name":"Flexential Atlanta - Alpharetta Data Center","state":"GA","detail_file":"data/details/data-centers-01.json","id":"flexential-atlanta-alpharetta-data-center-ga","status":"Operating","status_group":"Operating","landscape_weight":8.0,"search":"flexential atlanta - alpharetta data center flexential operating operating data center alpharetta, fulton county, ga alpharetta fulton county ga georgia power oconee state farm support center east lake lanier","nearest_nuclear_latitude":34.7939,"nearest_nuclear_longitude":-82.8986,"nearest_power_latitude":34.086,"nearest_power_longitude":-84.245,"nearest_water_latitude":34.204,"nearest_water_longitude":-83.969}},{"type":"Feature","geometry":{"type":"Point","coordinates":[-84.6161,33.7311]},"properties":{"key":"flexential-atlanta-douglasville-1-ga","layer":"data-center","name":"Flexential Atlanta - Douglasville 1","state":"GA","detail_file":"data/details/data-centers-07.json","id":"flexential-atlanta-douglasville-1-ga","status":"Operating","status_group":"Operating","capacity_mw":22.5,"capacity_label":"22 MW operating","landscape_weight":22.5,"search":"flexential atlanta - douglasville 1 flexential operating operating confirmed douglasville, douglas county, ga douglasville douglas county ga grid georgia power sequoyah turnipseed solar, llc chattahoochee river - atlanta","nearest_nuclear_latitude":35.2267,"nearest_nuclear_longitude":-85.0917,"nearest_power_latitude":33.6992,"nearest_power_longitude":-84.6789,"nearest_water_latitude":33.809,"nearest_water_longitude":-84.444}},{"type":"Feature","geometry":{"type":"Point","coordinates":[-84.6112,33.7307]},"properties":{"key":"flexential-atlanta-douglasville-2-ga","layer":"data-center","name":"Flexential Atlanta - Douglasville 2","state":"GA","detail_file":"data/details/data-centers-01.json","id":"flexential-atlanta-douglasville-2-ga","status":"Operating","status_group":"Operating","landscape_weight":8.0,"search":"flexential atlanta - douglasville 2 flexential operating operating data center douglasville, douglas county, ga douglasville douglas county ga sequoyah turnipseed solar, llc chattahoochee river - atlanta","nearest_nuclear_latitude":35.2267,"nearest_nuclear_longitude":-85.0917,"nearest_power_latitude":33.6992,"nearest_power_longitude":-84.6789,"nearest_water_latitude":33.809,"nearest_water_longitude":-84.444}},{"type":"Feature","geometry":{"type":"Point","coordinates":[-84.1985,33.9547]},"properties":{"key":"flexential-atlanta-norcross-atl01-02-ga","layer":"data-center","name":"Flexential Atlanta - Norcross (ATL01/02)","state":"GA","detail_file":"data/details/data-centers-07.json","id":"flexential-atlanta-norcross-atl01-02-ga","status":"Operating","status_group":"Operating","landscape_weight":8.0,"search":"flexential atlanta - norcross (atl01/02) flexential operating operating data center norcross, gwinnett county, ga norcross gwinnett county ga georgia power oconee state farm support center east chattahoochee river - atlanta","nearest_nuclear_latitude":34.7939,"nearest_nuclear_longitude":-82.8986,"nearest_power_latitude":34.086,"nearest_power_longitude":-84.245,"nearest_water_latitude":33.809,"nearest_water_longitude":-84.444}},{"type":"Feature","geometry":{"type":"Point","coordinates":[-85.16,34.27]},"properties":{"key":"microsoft-firecracker-rome-ga","layer":"data-center","name":"Microsoft Data Center Campus \u2013 Rome, GA","state":"GA","detail_file":"data/details/data-centers-02.json","id":"microsoft-firecracker-rome-ga","status":"Permitted","status_group":"Permitted","landscape_weight":347.0,"search":"microsoft data center campus \u2013 rome, ga microsoft permitted permitted likely rome, floyd county, ga rome floyd county ga grid georgia power unknown sequoyah inland paperboard packaging rome chattahoochee river - atlanta","nearest_nuclear_latitude":35.2267,"nearest_nuclear_longitude":-85.0917,"nearest_power_latitude":34.2528,"nearest_power_longitude":-85.3275,"nearest_water_latitude":33.809,"nearest_water_longitude":-84.444}},{"type":"Feature","geometry":{"type":"Point","coordinates":[-84.7427,33.7547]},"properties":{"key":"microsoft-douglasville-ga","layer":"data-center","name":"Microsoft Douglasville Data Center Campus","state":"GA","detail_file":"data/details/data-centers-03.json","id":"microsoft-douglasville-ga","status":"Under construction","status_group":"Under construction","landscape_weight":160.0,"search":"microsoft douglasville data center campus microsoft under construction under construction confirmed douglasville, douglas county, ga douglasville douglas county ga georgia power grid (douglas county service area) grid georgia power sequoyah turnipseed solar, llc chattahoochee river - atlanta","nearest_nuclear_latitude":35.2267,"nearest_nuclear_longitude":-85.0917,"nearest_power_latitude":33.6992,"nearest_power_longitude":-84.6789,"nearest_water_latitude":33.809,"nearest_water_longitude":-84.444}},{"type":"Feature","geometry":{"type":"Point","coordinates":[-84.4549,33.4487]},"properties":{"key":"microsoft-fairwater-fayetteville-ga","layer":"data-center","name":"Microsoft Fairwater Atlanta (Azure AI Superfactory)","state":"GA","detail_file":"data/details/data-centers-01.json","id":"microsoft-fairwater-fayetteville-ga","status":"Operating","status_group":"Operating","capacity_mw":1500.0,"capacity_label":"1,500 MW planned","landscape_weight":615.0,"search":"microsoft fairwater atlanta (azure ai superfactory) microsoft operating operating confirmed fayetteville, fayette, ga fayetteville fayette ga georgia power grid georgia power closed_loop sequoyah mas asb cogen plant chattahoochee river - atlanta","nearest_nuclear_latitude":35.2267,"nearest_nuclear_longitude":-85.0917,"nearest_power_latitude":33.655,"nearest_power_longitude":-84.3944,"nearest_water_latitude":33.809,"nearest_water_longitude":-84.444}},{"type":"Feature","geometry":{"type":"Point","coordinates":[-84.588,33.494]},"properties":{"key":"microsoft-tyrone-ga","layer":"data-center","name":"Microsoft Tyrone Campus (Project Rita)","state":"GA","detail_file":"data/details/data-centers-05.json","id":"microsoft-tyrone-ga","status":"Permitted","status_group":"Permitted","capacity_mw":96.0,"capacity_label":"96 MW planned","landscape_weight":161.0,"search":"microsoft tyrone campus (project rita) microsoft permitted permitted likely tyrone, fayette county, ga tyrone fayette county ga grid unknown sequoyah turnipseed solar, llc chattahoochee river - atlanta","nearest_nuclear_latitude":35.2267,"nearest_nuclear_longitude":-85.0917,"nearest_power_latitude":33.6992,"nearest_power_longitude":-84.6789,"nearest_water_latitude":33.809,"nearest_water_longitude":-84.444}},{"type":"Feature","geometry":{"type":"Point","coordinates":[-84.91,34.087]},"properties":{"key":"taurus-digital-realty-project-bunkhouse-stilesboro-ga","layer":"data-center","name":"Project Bunkhouse (Taurus/Digital Realty Data Center Campus)","state":"GA","detail_file":"data/details/data-centers-01.json","id":"taurus-digital-realty-project-bunkhouse-stilesboro-ga","status":"Permitted","status_group":"Permitted","capacity_mw":1830.0,"capacity_label":"1,830 MW planned","landscape_weight":876.57,"search":"project bunkhouse (taurus/digital realty data center campus) taurus investment holdings (taurus dc spe llc); to be managed by digital realty permitted permitted data center stilesboro, bartow, ga stilesboro bartow ga georgia power sequoyah bowen chattahoochee river - atlanta","nearest_nuclear_latitude":35.2267,"nearest_nuclear_longitude":-85.0917,"nearest_power_latitude":34.1256,"nearest_power_longitude":-84.9222,"nearest_water_latitude":33.809,"nearest_water_longitude":-84.444}},{"type":"Feature","geometry":{"type":"Point","coordinates":[-84.7974,33.3807]},"properties":{"key":"prologis-project-sail-coweta-ga","layer":"data-center","name":"Project Sail \u2013 Prologis Data Center Campus","state":"GA","detail_file":"data/details/data-centers-05.json","id":"prologis-project-sail-coweta-ga","status":"Permitted","status_group":"Permitted","capacity_mw":900.0,"capacity_label":"900 MW planned","landscape_weight":800.0,"search":"project sail \u2013 prologis data center campus prologis permitted permitted likely newnan, coweta county, ga newnan coweta county ga grid georgia power evaporative sequoyah yates chattahoochee river - atlanta","nearest_nuclear_latitude":35.2267,"nearest_nuclear_longitude":-85.0917,"nearest_power_latitude":33.4622,"nearest_power_longitude":-84.8986,"nearest_water_latitude":33.809,"nearest_water_longitude":-84.444}},{"type":"Feature","geometry":{"type":"Point","coordinates":[-84.4212,33.7777]},"properties":{"key":"qts-atlanta-1-atlanta-metro-dc1-ga","layer":"data-center","name":"QTS Atlanta 1 (Atlanta-Metro DC1)","state":"GA","detail_file":"data/details/data-centers-05.json","id":"qts-atlanta-1-atlanta-metro-dc1-ga","status":"Operating","status_group":"Operating","landscape_weight":8.0,"search":"qts atlanta 1 (atlanta-metro dc1) qts operating operating data center atlanta, fulton county, ga atlanta fulton county ga georgia power sequoyah tech square microgrid chattahoochee river - atlanta","nearest_nuclear_latitude":35.2267,"nearest_nuclear_longitude":-85.0917,"nearest_power_latitude":33.7756,"nearest_power_longitude":-84.3899,"nearest_water_latitude":33.809,"nearest_water_longitude":-84.444}},{"type":"Feature","geometry":{"type":"Point","coordinates":[-84.9346,31.3763]},"properties":{"key":"qts-blue-hole-blakely-ga","layer":"data-center","name":"QTS Project Blue Hole","state":"GA","detail_file":"data/details/data-centers-04.json","id":"qts-blue-hole-blakely-ga","status":"Permitted","status_group":"Permitted","capacity_mw":1000.0,"capacity_label":"1,000 MW planned","landscape_weight":1000.0,"search":"qts project blue hole qts data centers (blackstone) permitted permitted likely blakely, early, ga blakely early ga grid joseph m farley sr arlington i chattahoochee river - atlanta","nearest_nuclear_latitude":31.2231,"nearest_nuclear_longitude":-85.1116,"nearest_power_latitude":31.4029,"nearest_power_longitude":-84.8368,"nearest_water_latitude":33.809,"nearest_water_longitude":-84.444}},{"type":"Feature","geometry":{"type":"Point","coordinates":[-82.0105,33.4735]},"properties":{"key":"qts-eisenhower-augusta-ga","layer":"data-center","name":"QTS Project Eisenhower","state":"GA","detail_file":"data/details/data-centers-06.json","id":"qts-eisenhower-augusta-ga","status":"Under construction","status_group":"Under construction","landscape_weight":170.0,"search":"qts project eisenhower qts data centers (blackstone) under construction under construction likely augusta, richmond, ga augusta richmond ga grid georgia power closed_loop vogtle king mill savannah river - augusta","nearest_nuclear_latitude":33.1427,"nearest_nuclear_longitude":-81.7625,"nearest_power_latitude":33.4852,"nearest_power_longitude":-81.9912,"nearest_water_latitude":33.473,"nearest_water_longitude":-81.967}},{"type":"Feature","geometry":{"type":"Point","coordinates":[-83.7182,33.6562]},"properties":{"key":"tpa-social-circle-technology-park-ga","layer":"data-center","name":"Social Circle Technology Park","state":"GA","detail_file":"data/details/data-centers-04.json","id":"tpa-social-circle-technology-park-ga","status":"Proposed","status_group":"Proposed","landscape_weight":317.0,"search":"social circle technology park tpa group (developer; end tenant undisclosed) proposed proposed likely social circle, newton county, ga social circle newton county ga grid georgia power unknown oconee simon solar farm llc lake lanier","nearest_nuclear_latitude":34.7939,"nearest_nuclear_longitude":-82.8986,"nearest_power_latitude":33.6781,"nearest_power_longitude":-83.6758,"nearest_water_latitude":34.204,"nearest_water_longitude":-83.969}},{"type":"Feature","geometry":{"type":"Point","coordinates":[-84.5873,33.755]},"properties":{"key":"switch-atlanta-the-keep-ga","layer":"data-center","name":"Switch Atlanta: The KEEP","state":"GA","detail_file":"data/details/data-centers-04.json","id":"switch-atlanta-the-keep-ga","status":"Operating","status_group":"Operating","landscape_weight":8.0,"search":"switch atlanta: the keep switch operating operating likely lithia springs, douglas county, ga lithia springs douglas county ga southern company / georgia power grid; company-wide '100% renewable' pledge with no site-specific ppa found grid georgia power sequoyah turnipseed solar, llc chattahoochee river - atlanta","nearest_nuclear_latitude":35.2267,"nearest_nuclear_longitude":-85.0917,"nearest_power_latitude":33.6992,"nearest_power_longitude":-84.6789,"nearest_water_latitude":33.809,"nearest_water_longitude":-84.444}},{"type":"Feature","geometry":{"type":"Point","coordinates":[-84.724,33.548]},"properties":{"key":"t5-atlanta-iv-palmetto-ga","layer":"data-center","name":"T5 @ Atlanta IV","state":"GA","detail_file":"data/details/data-centers-07.json","id":"t5-atlanta-iv-palmetto-ga","status":"Proposed","status_group":"Proposed","capacity_mw":300.0,"capacity_label":"300 MW planned","landscape_weight":91.0,"search":"t5 @ atlanta iv t5 data centers proposed proposed likely palmetto, fulton, ga palmetto fulton ga grid hybrid sequoyah turnipseed solar, llc chattahoochee river - atlanta","nearest_nuclear_latitude":35.2267,"nearest_nuclear_longitude":-85.0917,"nearest_power_latitude":33.6992,"nearest_power_longitude":-84.6789,"nearest_water_latitude":33.809,"nearest_water_longitude":-84.444}},{"type":"Feature","geometry":{"type":"Point","coordinates":[-84.2643,34.0758]},"properties":{"key":"t5-atlanta-i-ga","layer":"data-center","name":"T5@Atlanta I","state":"GA","detail_file":"data/details/data-centers-00.json","id":"t5-atlanta-i-ga","status":"Operating","status_group":"Operating","capacity_mw":14.0,"capacity_label":"14 MW operating","landscape_weight":14.0,"search":"t5@atlanta i t5 data centers operating operating data center alpharetta, fulton county, ga alpharetta fulton county ga georgia power oconee hewlett packard enterprise lake lanier","nearest_nuclear_latitude":34.7939,"nearest_nuclear_longitude":-82.8986,"nearest_power_latitude":34.0864,"nearest_power_longitude":-84.2677,"nearest_water_latitude":34.204,"nearest_water_longitude":-83.969}},{"type":"Feature","geometry":{"type":"Point","coordinates":[-82.28,33.6]},"properties":{"key":"white-oak-technology-park-columbia-county-ga","layer":"data-center","name":"White Oak Technology Park","state":"GA","detail_file":"data/details/data-centers-02.json","id":"white-oak-technology-park-columbia-county-ga","status":"Permitted","status_group":"Permitted","landscape_weight":1945.0,"search":"white oak technology park trammell crow company (cbre subsidiary) permitted permitted mixed_use appling, columbia, ga appling columbia ga grid \u2014 georgia power grid georgia power vogtle columbia substation savannah river - augusta","nearest_nuclear_latitude":33.1427,"nearest_nuclear_longitude":-81.7625,"nearest_power_latitude":33.5677,"nearest_power_longitude":-82.2991,"nearest_water_latitude":33.473,"nearest_water_longitude":-81.967}},{"type":"Feature","geometry":{"type":"Point","coordinates":[-158.017,21.448]},"properties":{"key":"servpac-mtp2-mililani-hi","layer":"data-center","name":"Servpac MTP Building 2","state":"HI","detail_file":"data/details/data-centers-05.json","id":"servpac-mtp2-mililani-hi","status":"Proposed","status_group":"Proposed","landscape_weight":8.0,"search":"servpac mtp building 2 servpac proposed proposed mixed_use mililani, honolulu, hi mililani honolulu hi mixed hawaiian electric company (heco) closed_loop diablo canyon lanikuhana solar llc columbia river - portland","nearest_nuclear_latitude":35.2115,"nearest_nuclear_longitude":-120.8555,"nearest_power_latitude":21.4287,"nearest_power_longitude":-158.0236,"nearest_water_latitude":45.56,"nearest_water_longitude":-122.68}},{"type":"Feature","geometry":{"type":"Point","coordinates":[-93.9258,41.6194]},"properties":{"key":"apple-waukee-ia","layer":"data-center","name":"Apple Waukee Data Center","state":"IA","detail_file":"data/details/data-centers-00.json","id":"apple-waukee-ia","status":"Operating","status_group":"Operating","landscape_weight":2000.0,"search":"apple waukee data center apple operating operating likely waukee, dallas county, ia waukee dallas county ia midamerican energy grid (general renewable commitment, no site-specific named wind ppa located) grid midamerican energy cooper nuclear station sycamore (ia) missouri river - omaha","nearest_nuclear_latitude":40.3628,"nearest_nuclear_longitude":-95.6408,"nearest_power_latitude":41.6722,"nearest_power_longitude":-93.6769,"nearest_water_latitude":41.258,"nearest_water_longitude":-95.938}},{"type":"Feature","geometry":{"type":"Point","coordinates":[-91.723,41.936]},"properties":{"key":"google-cedar-rapids-ia","layer":"data-center","name":"Google Cedar Rapids Data Center Campus","state":"IA","detail_file":"data/details/data-centers-02.json","id":"google-cedar-rapids-ia","status":"Under construction","status_group":"Under construction","landscape_weight":1391.0,"search":"google cedar rapids data center campus google under construction under construction likely cedar rapids, linn county, ia cedar rapids linn county ia grid alliant energy evaporative quad cities generating station deer run battery lake michigan - milwaukee","nearest_nuclear_latitude":41.7261,"nearest_nuclear_longitude":-90.3103,"nearest_power_latitude":41.9513,"nearest_power_longitude":-91.6941,"nearest_water_latitude":43.039,"nearest_water_longitude":-87.906}},{"type":"Feature","geometry":{"type":"Point","coordinates":[-95.793,41.1674]},"properties":{"key":"google-council-bluffs-ia","layer":"data-center","name":"Google Council Bluffs Data Center","state":"IA","detail_file":"data/details/data-centers-06.json","id":"google-council-bluffs-ia","status":"Operating","status_group":"Operating","landscape_weight":8.0,"search":"google council bluffs data center google operating operating likely council bluffs, pottawattamie county, ia council bluffs pottawattamie county ia midamerican energy wind viii program (up to 407 mw wind, rec-tracked) wind midamerican energy cooper nuclear station walter scott jr energy center missouri river - omaha","nearest_nuclear_latitude":40.3628,"nearest_nuclear_longitude":-95.6408,"nearest_power_latitude":41.18,"nearest_power_longitude":-95.8408,"nearest_water_latitude":41.258,"nearest_water_longitude":-95.938}},{"type":"Feature","geometry":{"type":"Point","coordinates":[-93.4696,41.6459]},"properties":{"key":"meta-altoona-ia","layer":"data-center","name":"Meta Altoona Data Center Campus","state":"IA","detail_file":"data/details/data-centers-01.json","id":"meta-altoona-ia","status":"Operating","status_group":"Operating","capacity_mw":350.0,"capacity_label":"350 MW operating","landscape_weight":350.0,"search":"meta altoona data center campus meta operating operating confirmed altoona, polk, ia altoona polk ia midamerican energy wind midamerican energy evaporative cooper nuclear station archer daniels midland des moines missouri river - omaha","nearest_nuclear_latitude":40.3628,"nearest_nuclear_longitude":-95.6408,"nearest_power_latitude":41.6244,"nearest_power_longitude":-93.5845,"nearest_water_latitude":41.258,"nearest_water_longitude":-95.938}},{"type":"Feature","geometry":{"type":"Point","coordinates":[-93.782,41.551]},"properties":{"key":"microsoft-ginger-west-ia","layer":"data-center","name":"Microsoft Project Ginger West Data Center","state":"IA","detail_file":"data/details/data-centers-07.json","id":"microsoft-ginger-west-ia","status":"Under construction","status_group":"Under construction","landscape_weight":188.0,"search":"microsoft project ginger west data center microsoft under construction under construction likely west des moines, polk county, ia west des moines polk county ia grid midamerican energy hybrid cooper nuclear station river hills missouri river - omaha","nearest_nuclear_latitude":40.3628,"nearest_nuclear_longitude":-95.6408,"nearest_power_latitude":41.5902,"nearest_power_longitude":-93.6195,"nearest_water_latitude":41.258,"nearest_water_longitude":-95.938}},{"type":"Feature","geometry":{"type":"Point","coordinates":[-91.718,41.932]},"properties":{"key":"qts-cedar-rapids-ia","layer":"data-center","name":"QTS Cedar Rapids Data Center Campus","state":"IA","detail_file":"data/details/data-centers-01.json","id":"qts-cedar-rapids-ia","status":"Under construction","status_group":"Under construction","capacity_mw":1050.0,"capacity_label":"1,050 MW planned","landscape_weight":612.0,"search":"qts cedar rapids data center campus qts data centers (blackstone) under construction under construction likely cedar rapids, linn county, ia cedar rapids linn county ia grid alliant energy air quad cities generating station archer daniels midland cedar rapids lake michigan - milwaukee","nearest_nuclear_latitude":41.7261,"nearest_nuclear_longitude":-90.3103,"nearest_power_latitude":41.9221,"nearest_power_longitude":-91.6875,"nearest_water_latitude":43.039,"nearest_water_longitude":-87.906}},{"type":"Feature","geometry":{"type":"Point","coordinates":[-90.24,41.88]},"properties":{"key":"qts-clinton-clinton-county-ia","layer":"data-center","name":"QTS Clinton Data Center Campus","state":"IA","detail_file":"data/details/data-centers-02.json","id":"qts-clinton-clinton-county-ia","status":"Proposed","status_group":"Proposed","landscape_weight":1200.0,"search":"qts clinton data center campus qts data centers proposed proposed likely clinton, clinton, ia clinton clinton ia quad cities generating station clinton schools lake michigan - chicago","nearest_nuclear_latitude":41.7261,"nearest_nuclear_longitude":-90.3103,"nearest_power_latitude":41.8272,"nearest_power_longitude":-90.2233,"nearest_water_latitude":41.878,"nearest_water_longitude":-87.6}},{"type":"Feature","geometry":{"type":"Point","coordinates":[-116.418,43.491]},"properties":{"key":"meta-kuna-id","layer":"data-center","name":"Meta Kuna Data Center","state":"ID","detail_file":"data/details/data-centers-02.json","id":"meta-kuna-id","status":"Under construction","status_group":"Under construction","landscape_weight":485.0,"search":"meta kuna data center meta under construction under construction confirmed kuna, ada, id kuna ada id 100% renewable energy mixed idaho power cascade advanced energy facility kuna bess snake river - boise region","nearest_nuclear_latitude":46.4706,"nearest_nuclear_longitude":-119.3339,"nearest_power_latitude":43.49,"nearest_power_longitude":-116.42,"nearest_water_latitude":43.188,"nearest_water_longitude":-112.719}},{"type":"Feature","geometry":{"type":"Point","coordinates":[-87.9175,41.914]},"properties":{"key":"aligned-ord-01-il","layer":"data-center","name":"Aligned ORD-01","state":"IL","detail_file":"data/details/data-centers-06.json","id":"aligned-ord-01-il","status":"Operating","status_group":"Operating","landscape_weight":8.0,"search":"aligned ord-01 aligned operating operating likely northlake, cook county, il northlake cook county il grid \u2014 comed grid comed dresden generating station northlake 2-slchi302 lake michigan - chicago","nearest_nuclear_latitude":41.39,"nearest_nuclear_longitude":-88.27,"nearest_power_latitude":41.9118,"nearest_power_longitude":-87.9081,"nearest_water_latitude":41.878,"nearest_water_longitude":-87.6}},{"type":"Feature","geometry":{"type":"Point","coordinates":[-88.2438,41.7966]},"properties":{"key":"cyrusone-chi1-chi3-aurora-il","layer":"data-center","name":"CyrusOne CHI1-CHI3 (Aurora)","state":"IL","detail_file":"data/details/data-centers-04.json","id":"cyrusone-chi1-chi3-aurora-il","status":"Operating","status_group":"Operating","landscape_weight":8.0,"search":"cyrusone chi1-chi3 (aurora) cyrusone operating operating likely aurora, kane county, il aurora kane county il grid comed dresden generating station aurora 7-slchi307 lake michigan - chicago","nearest_nuclear_latitude":41.39,"nearest_nuclear_longitude":-88.27,"nearest_power_latitude":41.797,"nearest_power_longitude":-88.2681,"nearest_water_latitude":41.878,"nearest_water_longitude":-87.6}},{"type":"Feature","geometry":{"type":"Point","coordinates":[-87.9578,41.9945]},"properties":{"key":"digital-realty-ch2-il","layer":"data-center","name":"Digital Realty CH2","state":"IL","detail_file":"data/details/data-centers-00.json","id":"digital-realty-ch2-il","status":"Operating","status_group":"Operating","landscape_weight":8.0,"search":"digital realty ch2 digital realty operating operating data center elk grove village, cook county, il elk grove village cook county il comed dresden generating station elk grove 51-slchi151 lake michigan - chicago","nearest_nuclear_latitude":41.39,"nearest_nuclear_longitude":-88.27,"nearest_power_latitude":42.001,"nearest_power_longitude":-87.9578,"nearest_water_latitude":41.878,"nearest_water_longitude":-87.6}},{"type":"Feature","geometry":{"type":"Point","coordinates":[-87.9619,41.9942]},"properties":{"key":"digital-realty-chicago-ch1-il","layer":"data-center","name":"Digital Realty Chicago CH1","state":"IL","detail_file":"data/details/data-centers-02.json","id":"digital-realty-chicago-ch1-il","status":"Operating","status_group":"Operating","landscape_weight":8.0,"search":"digital realty chicago ch1 digital realty operating operating data center elk grove village, cook county, il elk grove village cook county il comed dresden generating station elk grove 51-slchi151 lake michigan - chicago","nearest_nuclear_latitude":41.39,"nearest_nuclear_longitude":-88.27,"nearest_power_latitude":42.001,"nearest_power_longitude":-87.9578,"nearest_water_latitude":41.878,"nearest_water_longitude":-87.6}},{"type":"Feature","geometry":{"type":"Point","coordinates":[-87.6183,41.8534]},"properties":{"key":"digital-realty-ord10-il","layer":"data-center","name":"Digital Realty ORD10","state":"IL","detail_file":"data/details/data-centers-00.json","id":"digital-realty-ord10-il","status":"Operating","status_group":"Operating","landscape_weight":8.0,"search":"digital realty ord10 digital realty operating operating data center chicago, cook county, il chicago cook county il dresden generating station mpea energy center lake michigan - chicago","nearest_nuclear_latitude":41.39,"nearest_nuclear_longitude":-88.27,"nearest_power_latitude":41.8527,"nearest_power_longitude":-87.6185,"nearest_water_latitude":41.878,"nearest_water_longitude":-87.6}},{"type":"Feature","geometry":{"type":"Point","coordinates":[-87.6299,41.8743]},"properties":{"key":"digital-realty-ord11-il","layer":"data-center","name":"Digital Realty ORD11","state":"IL","detail_file":"data/details/data-centers-00.json","id":"digital-realty-ord11-il","status":"Operating","status_group":"Operating","landscape_weight":8.0,"search":"digital realty ord11 digital realty operating operating data center chicago, cook county, il chicago cook county il comed dresden generating station university of illinois cogen facility lake michigan - chicago","nearest_nuclear_latitude":41.39,"nearest_nuclear_longitude":-88.27,"nearest_power_latitude":41.8675,"nearest_power_longitude":-87.6524,"nearest_water_latitude":41.878,"nearest_water_longitude":-87.6}},{"type":"Feature","geometry":{"type":"Point","coordinates":[-87.9526,42.0015]},"properties":{"key":"edgeconnex-chi02-il","layer":"data-center","name":"EdgeConneX CHI02","state":"IL","detail_file":"data/details/data-centers-01.json","id":"edgeconnex-chi02-il","status":"Operating","status_group":"Operating","capacity_mw":7.0,"capacity_label":"7 MW operating","landscape_weight":7.0,"search":"edgeconnex chi02 edgeconnex operating operating likely elk grove village, cook county, il elk grove village cook county il grid comed dresden generating station elk grove 51-slchi151 lake michigan - chicago","nearest_nuclear_latitude":41.39,"nearest_nuclear_longitude":-88.27,"nearest_power_latitude":42.001,"nearest_power_longitude":-87.9578,"nearest_water_latitude":41.878,"nearest_water_longitude":-87.6}},{"type":"Feature","geometry":{"type":"Point","coordinates":[-88.284,41.79]},"properties":{"key":"edged-aurora-il","layer":"data-center","name":"Edged Chicago Campus \u2014 Aurora (ORD01)","state":"IL","detail_file":"data/details/data-centers-07.json","id":"edged-aurora-il","status":"Under construction","status_group":"Under construction","capacity_mw":72.0,"capacity_label":"72 MW planned","landscape_weight":72.0,"search":"edged chicago campus \u2014 aurora (ord01) edged us under construction under construction confirmed aurora, dupage county, il aurora dupage county il grid comed closed_loop dresden generating station aurora 7-slchi307 lake michigan - chicago","nearest_nuclear_latitude":41.39,"nearest_nuclear_longitude":-88.27,"nearest_power_latitude":41.797,"nearest_power_longitude":-88.2681,"nearest_water_latitude":41.878,"nearest_water_longitude":-87.6}},{"type":"Feature","geometry":{"type":"Point","coordinates":[-87.9647,41.9757]},"properties":{"key":"element-critical-chicago-one-il","layer":"data-center","name":"Element Critical Chicago One","state":"IL","detail_file":"data/details/data-centers-02.json","id":"element-critical-chicago-one-il","status":"Operating","status_group":"Operating","landscape_weight":8.0,"search":"element critical chicago one element critical operating operating data center wood dale, dupage county, il wood dale dupage county il comed dresden generating station bensenville 2-slchi526 lake michigan - chicago","nearest_nuclear_latitude":41.39,"nearest_nuclear_longitude":-88.27,"nearest_power_latitude":41.9713,"nearest_power_longitude":-87.9546,"nearest_water_latitude":41.878,"nearest_water_longitude":-87.6}},{"type":"Feature","geometry":{"type":"Point","coordinates":[-87.9672,41.9742]},"properties":{"key":"element-critical-chicago-two-il","layer":"data-center","name":"Element Critical Chicago Two","state":"IL","detail_file":"data/details/data-centers-07.json","id":"element-critical-chicago-two-il","status":"Operating","status_group":"Operating","capacity_mw":5.0,"capacity_label":"5 MW operating","landscape_weight":5.0,"search":"element critical chicago two element critical operating operating data center wood dale, dupage county, il wood dale dupage county il comed dresden generating station bensenville 2-slchi526 lake michigan - chicago","nearest_nuclear_latitude":41.39,"nearest_nuclear_longitude":-88.27,"nearest_power_latitude":41.9713,"nearest_power_longitude":-87.9546,"nearest_water_latitude":41.878,"nearest_water_longitude":-87.6}},{"type":"Feature","geometry":{"type":"Point","coordinates":[-87.618,41.8536]},"properties":{"key":"equinix-ch1-il","layer":"data-center","name":"Equinix CH1","state":"IL","detail_file":"data/details/data-centers-02.json","id":"equinix-ch1-il","status":"Operating","status_group":"Operating","landscape_weight":8.0,"search":"equinix ch1 equinix operating operating data center chicago, cook county, il chicago cook county il dresden generating station mpea energy center lake michigan - chicago","nearest_nuclear_latitude":41.39,"nearest_nuclear_longitude":-88.27,"nearest_power_latitude":41.8527,"nearest_power_longitude":-87.6185,"nearest_water_latitude":41.878,"nearest_water_longitude":-87.6}},{"type":"Feature","geometry":{"type":"Point","coordinates":[-87.9729,41.8126]},"properties":{"key":"equinix-ch7-il","layer":"data-center","name":"Equinix CH7","state":"IL","detail_file":"data/details/data-centers-02.json","id":"equinix-ch7-il","status":"Operating","status_group":"Operating","landscape_weight":8.0,"search":"equinix ch7 equinix operating operating data center westmont, dupage county, il westmont dupage county il comed dresden generating station argonne national laboratory chp lake michigan - chicago","nearest_nuclear_latitude":41.39,"nearest_nuclear_longitude":-88.27,"nearest_power_latitude":41.7165,"nearest_power_longitude":-87.9706,"nearest_water_latitude":41.878,"nearest_water_longitude":-87.6}},{"type":"Feature","geometry":{"type":"Point","coordinates":[-88.262,41.4506]},"properties":{"key":"equinix-ch8-minooka-il","layer":"data-center","name":"Equinix CH8 Minooka","state":"IL","detail_file":"data/details/data-centers-04.json","id":"equinix-ch8-minooka-il","status":"Proposed","status_group":"Proposed","landscape_weight":300.0,"search":"equinix ch8 minooka equinix proposed proposed likely minooka, grundy, il minooka grundy il grid comed dresden generating station kendall county generation facility lake michigan - chicago","nearest_nuclear_latitude":41.39,"nearest_nuclear_longitude":-88.27,"nearest_power_latitude":41.4797,"nearest_power_longitude":-88.2581,"nearest_water_latitude":41.878,"nearest_water_longitude":-87.6}},{"type":"Feature","geometry":{"type":"Point","coordinates":[-88.128,41.432]},"properties":{"key":"joliet-technology-center-il","layer":"data-center","name":"Joliet Technology Center","state":"IL","detail_file":"data/details/data-centers-01.json","id":"joliet-technology-center-il","status":"Permitted","status_group":"Permitted","capacity_mw":1800.0,"capacity_label":"1,800 MW planned","landscape_weight":795.0,"search":"joliet technology center hw technology park (hillwood investment properties / powerhouse data centers) permitted permitted likely joliet, will county, il joliet will county il grid comed dresden generating station mph elwood lake michigan - chicago","nearest_nuclear_latitude":41.39,"nearest_nuclear_longitude":-88.27,"nearest_power_latitude":41.437,"nearest_power_longitude":-88.1223,"nearest_water_latitude":41.878,"nearest_water_longitude":-87.6}},{"type":"Feature","geometry":{"type":"Point","coordinates":[-87.6298,41.8781]},"properties":{"key":"lambda-chicago-edgeconnex-il","layer":"data-center","name":"Lambda Chicago EdgeConneX AI Factory","state":"IL","detail_file":"data/details/data-centers-07.json","id":"lambda-chicago-edgeconnex-il","status":"Under construction","status_group":"Under construction","capacity_mw":23.0,"capacity_label":"23 MW planned","landscape_weight":23.0,"search":"lambda chicago edgeconnex ai factory lambda under construction under construction confirmed chicago, cook, il chicago cook il grid \u2014 comed grid comed hybrid dresden generating station university of illinois cogen facility lake michigan - chicago","nearest_nuclear_latitude":41.39,"nearest_nuclear_longitude":-88.27,"nearest_power_latitude":41.8675,"nearest_power_longitude":-87.6524,"nearest_water_latitude":41.878,"nearest_water_longitude":-87.6}},{"type":"Feature","geometry":{"type":"Point","coordinates":[-89.3679,39.4898]},"properties":{"key":"eagle-rock-meridian-technology-park-taylorville-il","layer":"data-center","name":"Meridian Technology Park","state":"IL","detail_file":"data/details/data-centers-03.json","id":"eagle-rock-meridian-technology-park-taylorville-il","status":"Proposed","status_group":"Proposed","capacity_mw":1000.0,"capacity_label":"1,000 MW planned","landscape_weight":475.0,"search":"meridian technology park eagle rock partners proposed proposed likely clarksdale, christian, il clarksdale christian il clinton power station sae taylorville il s1 mississippi river - st. louis","nearest_nuclear_latitude":40.1719,"nearest_nuclear_longitude":-88.8339,"nearest_power_latitude":39.5281,"nearest_power_longitude":-89.32,"nearest_water_latitude":38.627,"nearest_water_longitude":-90.18}},{"type":"Feature","geometry":{"type":"Point","coordinates":[-88.43,41.36]},"properties":{"key":"tract-morris-technology-park-il","layer":"data-center","name":"Morris Technology Park","state":"IL","detail_file":"data/details/data-centers-04.json","id":"tract-morris-technology-park-il","status":"Proposed","status_group":"Proposed","capacity_mw":1000.0,"capacity_label":"1,000 MW planned","landscape_weight":343.0,"search":"morris technology park tract proposed proposed data center morris, grundy, il morris grundy il comed dresden generating station uss middle solar lake michigan - chicago","nearest_nuclear_latitude":41.39,"nearest_nuclear_longitude":-88.27,"nearest_power_latitude":41.4139,"nearest_power_longitude":-88.4445,"nearest_water_latitude":41.878,"nearest_water_longitude":-87.6}},{"type":"Feature","geometry":{"type":"Point","coordinates":[-88.0072,41.988]},"properties":{"key":"ntt-chicago-ch1-data-center-il","layer":"data-center","name":"NTT Chicago CH1 Data Center","state":"IL","detail_file":"data/details/data-centers-01.json","id":"ntt-chicago-ch1-data-center-il","status":"Operating","status_group":"Operating","capacity_mw":36.0,"capacity_label":"36 MW operating","landscape_weight":36.0,"search":"ntt chicago ch1 data center ntt operating operating data center itasca, dupage county, il itasca dupage county il comed dresden generating station elk grove 51-slchi151 lake michigan - chicago","nearest_nuclear_latitude":41.39,"nearest_nuclear_longitude":-88.27,"nearest_power_latitude":42.001,"nearest_power_longitude":-87.9578,"nearest_water_latitude":41.878,"nearest_water_longitude":-87.6}},{"type":"Feature","geometry":{"type":"Point","coordinates":[-88.0072,41.989]},"properties":{"key":"ntt-chicago-ch2-data-center-il","layer":"data-center","name":"NTT Chicago CH2 Data Center","state":"IL","detail_file":"data/details/data-centers-00.json","id":"ntt-chicago-ch2-data-center-il","status":"Operating","status_group":"Operating","capacity_mw":36.0,"capacity_label":"36 MW operating","landscape_weight":36.0,"search":"ntt chicago ch2 data center ntt global data centers americas operating operating mixed_use itasca, dupage county, il itasca dupage county il grid \u2014 comed grid comed dresden generating station elk grove 51-slchi151 lake michigan - chicago","nearest_nuclear_latitude":41.39,"nearest_nuclear_longitude":-88.27,"nearest_power_latitude":42.001,"nearest_power_longitude":-87.9578,"nearest_water_latitude":41.878,"nearest_water_longitude":-87.6}},{"type":"Feature","geometry":{"type":"Point","coordinates":[-87.6334,41.8729]},"properties":{"key":"netrality-717-south-wells-il","layer":"data-center","name":"Netrality 717 South Wells","state":"IL","detail_file":"data/details/data-centers-04.json","id":"netrality-717-south-wells-il","status":"Operating","status_group":"Operating","landscape_weight":8.0,"search":"netrality 717 south wells netrality data centers operating operating data center chicago, cook, il chicago cook il dresden generating station university of illinois cogen facility lake michigan - chicago","nearest_nuclear_latitude":41.39,"nearest_nuclear_longitude":-88.27,"nearest_power_latitude":41.8675,"nearest_power_longitude":-87.6524,"nearest_water_latitude":41.878,"nearest_water_longitude":-87.6}},{"type":"Feature","geometry":{"type":"Point","coordinates":[-88.461,41.7]},"properties":{"key":"project-cardinal-yorkville-il","layer":"data-center","name":"Project Cardinal Data Center Campus","state":"IL","detail_file":"data/details/data-centers-07.json","id":"project-cardinal-yorkville-il","status":"Permitted","status_group":"Permitted","capacity_mw":1800.0,"capacity_label":"1,800 MW planned","landscape_weight":1037.0,"search":"project cardinal data center campus pioneer development llc permitted permitted likely yorkville, kendall county, il yorkville kendall county il grid comed closed_loop dresden generating station ke109 lake michigan - chicago","nearest_nuclear_latitude":41.39,"nearest_nuclear_longitude":-88.27,"nearest_power_latitude":41.648,"nearest_power_longitude":-88.5834,"nearest_water_latitude":41.878,"nearest_water_longitude":-87.6}},{"type":"Feature","geometry":{"type":"Point","coordinates":[-87.9652,42.0069]},"properties":{"key":"stack-chi01-il","layer":"data-center","name":"STACK CHI01","state":"IL","detail_file":"data/details/data-centers-06.json","id":"stack-chi01-il","status":"Operating","status_group":"Operating","capacity_mw":40.0,"capacity_label":"40 MW operating","landscape_weight":40.0,"search":"stack chi01 stack infrastructure operating operating data center elk grove village, cook county, il elk grove village cook county il comed dresden generating station elk grove 1-slchi701 lake michigan - chicago","nearest_nuclear_latitude":41.39,"nearest_nuclear_longitude":-88.27,"nearest_power_latitude":42.0104,"nearest_power_longitude":-87.958,"nearest_water_latitude":41.878,"nearest_water_longitude":-87.6}},{"type":"Feature","geometry":{"type":"Point","coordinates":[-87.9735,41.9937]},"properties":{"key":"skybox-chicago-i-il","layer":"data-center","name":"Skybox Chicago I","state":"IL","detail_file":"data/details/data-centers-03.json","id":"skybox-chicago-i-il","status":"Operating","status_group":"Operating","capacity_mw":30.0,"capacity_label":"30 MW operating","landscape_weight":30.0,"search":"skybox chicago i skybox datacenters operating operating data center elk grove village, cook county, il elk grove village cook county il comed dresden generating station elk grove 51-slchi151 lake michigan - chicago","nearest_nuclear_latitude":41.39,"nearest_nuclear_longitude":-88.27,"nearest_power_latitude":42.001,"nearest_power_longitude":-87.9578,"nearest_water_latitude":41.878,"nearest_water_longitude":-87.6}},{"type":"Feature","geometry":{"type":"Point","coordinates":[-87.9756,42.023]},"properties":{"key":"t5-chicago-ii-il","layer":"data-center","name":"T5 Chicago II","state":"IL","detail_file":"data/details/data-centers-05.json","id":"t5-chicago-ii-il","status":"Operating","status_group":"Operating","capacity_mw":17.5,"capacity_label":"18 MW operating","landscape_weight":17.5,"search":"t5 chicago ii t5 data centers operating operating data center elk grove village, cook county, il elk grove village cook county il comed dresden generating station elk grove 1-slchi701 lake michigan - chicago","nearest_nuclear_latitude":41.39,"nearest_nuclear_longitude":-88.27,"nearest_power_latitude":42.0104,"nearest_power_longitude":-87.958,"nearest_water_latitude":41.878,"nearest_water_longitude":-87.6}},{"type":"Feature","geometry":{"type":"Point","coordinates":[-88.0417,42.3442]},"properties":{"key":"t5-chicago-iv-grayslake-il","layer":"data-center","name":"T5 Chicago IV (CHI IV)","state":"IL","detail_file":"data/details/data-centers-00.json","id":"t5-chicago-iv-grayslake-il","status":"Under construction","status_group":"Under construction","capacity_mw":1200.0,"capacity_label":"1,200 MW planned","landscape_weight":1200.0,"search":"t5 chicago iv (chi iv) t5 data centers under construction under construction confirmed grayslake, lake, il grayslake lake il comed grid comed byron generating station north chicago energy center lake michigan - chicago","nearest_nuclear_latitude":42.0742,"nearest_nuclear_longitude":-89.2819,"nearest_power_latitude":42.3064,"nearest_power_longitude":-87.8519,"nearest_water_latitude":41.878,"nearest_water_longitude":-87.6}},{"type":"Feature","geometry":{"type":"Point","coordinates":[-87.263,41.517]},"properties":{"key":"aws-hobart-in","layer":"data-center","name":"AWS Hobart Campus","state":"IN","detail_file":"data/details/data-centers-05.json","id":"aws-hobart-in","status":"Under construction","status_group":"Under construction","landscape_weight":725.0,"search":"aws hobart campus amazon web services under construction under construction confirmed hobart, lake, in hobart lake in nipsco (genco subsidiary) grid nipsco hybrid donald c cook hobart solar, llc lake michigan - chicago","nearest_nuclear_latitude":41.9756,"nearest_nuclear_longitude":-86.5652,"nearest_power_latitude":41.5294,"nearest_power_longitude":-87.3083,"nearest_water_latitude":41.878,"nearest_water_longitude":-87.6}},{"type":"Feature","geometry":{"type":"Point","coordinates":[-87.0586,41.1955]},"properties":{"key":"aws-wheatfield-in","layer":"data-center","name":"AWS Wheatfield Campus (Project Rise)","state":"IN","detail_file":"data/details/data-centers-07.json","id":"aws-wheatfield-in","status":"Permitted","status_group":"Permitted","landscape_weight":304.0,"search":"aws wheatfield campus (project rise) amazon web services permitted permitted likely wheatfield, jasper, in wheatfield jasper in nipsco (northern indiana public service company) grid nipsco hybrid donald c cook r m schahfer lake michigan - chicago","nearest_nuclear_latitude":41.9756,"nearest_nuclear_longitude":-86.5652,"nearest_power_latitude":41.2164,"nearest_power_longitude":-87.0261,"nearest_water_latitude":41.878,"nearest_water_longitude":-87.6}},{"type":"Feature","geometry":{"type":"Point","coordinates":[-86.5117,41.6978]},"properties":{"key":"amazon-project-rainier-new-carlisle-in","layer":"data-center","name":"Amazon Project Rainier","state":"IN","detail_file":"data/details/data-centers-00.json","id":"amazon-project-rainier-new-carlisle-in","status":"Operating","status_group":"Operating","capacity_mw":2200.0,"capacity_label":"2,200 MW planned","landscape_weight":2200.0,"search":"amazon project rainier amazon web services operating operating confirmed new carlisle, st. joseph, in new carlisle st. joseph in grid (indiana michigan power) + natural gas grid indiana michigan power (aep) air donald c cook olivepv lake michigan - chicago","nearest_nuclear_latitude":41.9756,"nearest_nuclear_longitude":-86.5652,"nearest_power_latitude":41.7,"nearest_power_longitude":-86.49,"nearest_water_latitude":41.878,"nearest_water_longitude":-87.6}},{"type":"Feature","geometry":{"type":"Point","coordinates":[-87.5,41.5836]},"properties":{"key":"coreweave-digital-crossroads-hammond-in","layer":"data-center","name":"CoreWeave Digital Crossroads","state":"IN","detail_file":"data/details/data-centers-07.json","id":"coreweave-digital-crossroads-hammond-in","status":"Cancelled","status_group":"Cancelled","capacity_mw":180.0,"capacity_label":"180 MW planned","landscape_weight":180.0,"search":"coreweave digital crossroads coreweave cancelled cancelled confirmed hammond, lake, in hammond lake in nipsco grid nipsco dresden generating station east chicago lake michigan - chicago","nearest_nuclear_latitude":41.39,"nearest_nuclear_longitude":-88.27,"nearest_power_latitude":41.6322,"nearest_power_longitude":-87.4692,"nearest_water_latitude":41.878,"nearest_water_longitude":-87.6}},{"type":"Feature","geometry":{"type":"Point","coordinates":[-86.05,39.78]},"properties":{"key":"dc-blox-warren-township-marion-county-in","layer":"data-center","name":"DC BLOX Warren Township Data Center","state":"IN","detail_file":"data/details/data-centers-07.json","id":"dc-blox-warren-township-marion-county-in","status":"Permitted","status_group":"Permitted","capacity_mw":78.0,"capacity_label":"78 MW planned","landscape_weight":150.0,"search":"dc blox warren township data center dc blox permitted permitted likely warren township, marion, in warren township marion in grid \u2014 aes indiana grid aes indiana clinton power station lenape ii ohio river - cincinnati","nearest_nuclear_latitude":40.1719,"nearest_nuclear_longitude":-88.8339,"nearest_power_latitude":39.7767,"nearest_power_longitude":-86.0428,"nearest_water_latitude":39.103,"nearest_water_longitude":-84.512}},{"type":"Feature","geometry":{"type":"Point","coordinates":[-85.056,40.99]},"properties":{"key":"google-fort-wayne-in","layer":"data-center","name":"Google Fort Wayne Data Center (Project Zodiac)","state":"IN","detail_file":"data/details/data-centers-02.json","id":"google-fort-wayne-in","status":"Operating","status_group":"Operating","landscape_weight":700.0,"search":"google fort wayne data center (project zodiac) google operating operating confirmed fort wayne, allen, in fort wayne allen in grid (indiana michigan power); 188 mw solar ppa (honeysuckle solar) mixed indiana michigan power (i&m) donald c cook paulding wind farm ii ohio river - cincinnati","nearest_nuclear_latitude":41.9756,"nearest_nuclear_longitude":-86.5652,"nearest_power_latitude":41.0253,"nearest_power_longitude":-84.7792,"nearest_water_latitude":39.103,"nearest_water_longitude":-84.512}},{"type":"Feature","geometry":{"type":"Point","coordinates":[-86.35,39.57]},"properties":{"key":"google-project-louie-monrovia-in","layer":"data-center","name":"Google Project Louie (Morgan County)","state":"IN","detail_file":"data/details/data-centers-00.json","id":"google-project-louie-monrovia-in","status":"Under construction","status_group":"Under construction","capacity_mw":390.0,"capacity_label":"390 MW planned","landscape_weight":550.0,"search":"google project louie (morgan county) google under construction under construction confirmed monrovia, morgan county, in monrovia morgan county in aes indiana grid aes indiana unknown clinton power station eagle valley (in) ohio river - louisville","nearest_nuclear_latitude":40.1719,"nearest_nuclear_longitude":-88.8339,"nearest_power_latitude":39.4852,"nearest_power_longitude":-86.4183,"nearest_water_latitude":38.254,"nearest_water_longitude":-85.759}},{"type":"Feature","geometry":{"type":"Point","coordinates":[-85.715,38.33]},"properties":{"key":"meta-jeffersonville-in","layer":"data-center","name":"Meta Jeffersonville Data Center","state":"IN","detail_file":"data/details/data-centers-07.json","id":"meta-jeffersonville-in","status":"Under construction","status_group":"Under construction","landscape_weight":619.0,"search":"meta jeffersonville data center meta under construction under construction confirmed jeffersonville, clark, in jeffersonville clark in heirloom solar project (60 mwac, pike county in, arevon energy) + solarpack solar projects (~210 mw combined) solar duke energy indiana closed_loop oklo aurora powerhouse ohio falls ohio river - louisville","nearest_nuclear_latitude":39.018,"nearest_nuclear_longitude":-82.996,"nearest_power_latitude":38.2832,"nearest_power_longitude":-85.7792,"nearest_water_latitude":38.254,"nearest_water_longitude":-85.759}},{"type":"Feature","geometry":{"type":"Point","coordinates":[-86.45,40.07]},"properties":{"key":"meta-lebanon-in","layer":"data-center","name":"Meta Lebanon (Project Domino)","state":"IN","detail_file":"data/details/data-centers-07.json","id":"meta-lebanon-in","status":"Under construction","status_group":"Under construction","capacity_mw":1000.0,"capacity_label":"1,000 MW planned","landscape_weight":1500.0,"search":"meta lebanon (project domino) meta under construction under construction confirmed lebanon, boone, in lebanon boone in grid (100% renewable matching; 400+ mw new indiana clean energy projects backed by meta) grid closed_loop braidwood generation station sheridan school corporation solar ohio river - cincinnati","nearest_nuclear_latitude":41.2435,"nearest_nuclear_longitude":-88.2286,"nearest_power_latitude":40.1403,"nearest_power_longitude":-86.2153,"nearest_water_latitude":39.103,"nearest_water_longitude":-84.512}},{"type":"Feature","geometry":{"type":"Point","coordinates":[-86.1197,39.7975]},"properties":{"key":"metrobloks-martindale-brightwood-indianapolis-in","layer":"data-center","name":"Metrobloks Martindale-Brightwood Data Center","state":"IN","detail_file":"data/details/data-centers-01.json","id":"metrobloks-martindale-brightwood-indianapolis-in","status":"Permitted","status_group":"Permitted","capacity_mw":75.0,"capacity_label":"75 MW planned","landscape_weight":14.0,"search":"metrobloks martindale-brightwood data center metrobloks permitted permitted data center indianapolis, marion, in indianapolis marion in aes indiana clinton power station cc perry k ohio river - cincinnati","nearest_nuclear_latitude":40.1719,"nearest_nuclear_longitude":-88.8339,"nearest_power_latitude":39.7631,"nearest_power_longitude":-86.1667,"nearest_water_latitude":39.103,"nearest_water_longitude":-84.512}},{"type":"Feature","geometry":{"type":"Point","coordinates":[-86.13,41.73]},"properties":{"key":"microsoft-granger-in","layer":"data-center","name":"Microsoft Granger Data Center","state":"IN","detail_file":"data/details/data-centers-01.json","id":"microsoft-granger-in","status":"Under construction","status_group":"Under construction","capacity_mw":1000.0,"capacity_label":"1,000 MW planned","landscape_weight":939.0,"search":"microsoft granger data center microsoft under construction under construction mixed_use granger, st. joseph, in granger st. joseph in grid (mishawaka city water; no groundwater withdrawal) grid indiana michigan power (i&m / aep) closed_loop donald c cook st. joseph solar lake michigan - chicago","nearest_nuclear_latitude":41.9756,"nearest_nuclear_longitude":-86.5652,"nearest_power_latitude":41.7311,"nearest_power_longitude":-86.1083,"nearest_water_latitude":41.878,"nearest_water_longitude":-87.6}},{"type":"Feature","geometry":{"type":"Point","coordinates":[-86.735,41.595]},"properties":{"key":"microsoft-laporte-in","layer":"data-center","name":"Microsoft La Porte Data Center","state":"IN","detail_file":"data/details/data-centers-07.json","id":"microsoft-laporte-in","status":"Under construction","status_group":"Under construction","landscape_weight":489.0,"search":"microsoft la porte data center microsoft under construction under construction mixed_use la porte, la porte, in la porte la porte in grid \u2014 nipsco grid nipsco donald c cook deercroft i & ii lfgte lake michigan - chicago","nearest_nuclear_latitude":41.9756,"nearest_nuclear_longitude":-86.5652,"nearest_power_latitude":41.6514,"nearest_power_longitude":-86.9036,"nearest_water_latitude":41.878,"nearest_water_longitude":-87.6}},{"type":"Feature","geometry":{"type":"Point","coordinates":[-87.3,41.31]},"properties":{"key":"project-shirley-eagle-creek-township-lake-county-in","layer":"data-center","name":"Project Shirley","state":"IN","detail_file":"data/details/data-centers-00.json","id":"project-shirley-eagle-creek-township-lake-county-in","status":"Proposed","status_group":"Proposed","capacity_mw":500.0,"capacity_label":"500 MW planned","landscape_weight":160.0,"search":"project shirley sentinel data centers proposed proposed likely eagle creek township, lake, in eagle creek township lake in grid nipsco (via genco subsidiary) braidwood generation station merrillville solar lake michigan - chicago","nearest_nuclear_latitude":41.2435,"nearest_nuclear_longitude":-88.2286,"nearest_power_latitude":41.4628,"nearest_power_longitude":-87.2729,"nearest_water_latitude":41.878,"nearest_water_longitude":-87.6}},{"type":"Feature","geometry":{"type":"Point","coordinates":[-86.28,39.7]},"properties":{"key":"sabey-decatur-technology-park-marion-county-in","layer":"data-center","name":"Sabey Decatur Technology Park","state":"IN","detail_file":"data/details/data-centers-02.json","id":"sabey-decatur-technology-park-marion-county-in","status":"Permitted","status_group":"Permitted","capacity_mw":250.0,"capacity_label":"250 MW planned","landscape_weight":250.0,"search":"sabey decatur technology park sabey data centers permitted permitted likely decatur township, marion, in decatur township marion in grid \u2014 aes indiana grid aes indiana clinton power station ind community solar farm 1st phase ohio river - cincinnati","nearest_nuclear_latitude":40.1719,"nearest_nuclear_longitude":-88.8339,"nearest_power_latitude":39.6952,"nearest_power_longitude":-86.3155,"nearest_water_latitude":39.103,"nearest_water_longitude":-84.512}},{"type":"Feature","geometry":{"type":"Point","coordinates":[-94.93,38.81]},"properties":{"key":"beale-gardner-johnson-county-ks","layer":"data-center","name":"Beale Infrastructure Gardner Campus","state":"KS","detail_file":"data/details/data-centers-07.json","id":"beale-gardner-johnson-county-ks","status":"Proposed","status_group":"Proposed","landscape_weight":300.0,"search":"beale infrastructure gardner campus beale infrastructure proposed proposed likely gardner, johnson, ks gardner johnson ks grid evergy wolf creek generating station gardner energy center missouri river - kansas city","nearest_nuclear_latitude":38.2393,"nearest_nuclear_longitude":-95.6898,"nearest_power_latitude":38.8308,"nearest_power_longitude":-94.8903,"nearest_water_latitude":39.099,"nearest_water_longitude":-94.578}},{"type":"Feature","geometry":{"type":"Point","coordinates":[-94.967,38.966]},"properties":{"key":"beale-project-pilot-de-soto-ks","layer":"data-center","name":"Beale Project Pilot (De Soto)","state":"KS","detail_file":"data/details/data-centers-01.json","id":"beale-project-pilot-de-soto-ks","status":"Under construction","status_group":"Under construction","landscape_weight":290.0,"search":"beale project pilot (de soto) beale infrastructure under construction under construction likely de soto, johnson county, ks de soto johnson county ks evergy grid evergy wolf creek generating station gardner energy center missouri river - kansas city","nearest_nuclear_latitude":38.2393,"nearest_nuclear_longitude":-95.6898,"nearest_power_latitude":38.8308,"nearest_power_longitude":-94.8903,"nearest_water_latitude":39.099,"nearest_water_longitude":-94.578}},{"type":"Feature","geometry":{"type":"Point","coordinates":[-94.8804,39.1324]},"properties":{"key":"red-wolf-dcd-properties-project-red-wolf-ks","layer":"data-center","name":"Project Red Wolf","state":"KS","detail_file":"data/details/data-centers-07.json","id":"red-wolf-dcd-properties-project-red-wolf-ks","status":"Proposed","status_group":"Proposed","capacity_mw":600.0,"capacity_label":"600 MW planned","landscape_weight":400.0,"search":"project red wolf red wolf dcd properties llc proposed proposed data center kansas city, wyandotte, ks kansas city wyandotte ks wolf creek generating station nearman creek missouri river - kansas city","nearest_nuclear_latitude":38.2393,"nearest_nuclear_longitude":-95.6898,"nearest_power_latitude":39.1681,"nearest_power_longitude":-94.6975,"nearest_water_latitude":39.099,"nearest_water_longitude":-94.578}},{"type":"Feature","geometry":{"type":"Point","coordinates":[-94.635,39.147]},"properties":{"key":"powertransitions-project-yardbird-ks","layer":"data-center","name":"Project Yardbird","state":"KS","detail_file":"data/details/data-centers-06.json","id":"powertransitions-project-yardbird-ks","status":"Proposed","status_group":"Proposed","capacity_mw":200.0,"capacity_label":"200 MW planned","landscape_weight":200.0,"search":"project yardbird powertransitions proposed proposed data center kansas city, wyandotte, ks kansas city wyandotte ks wolf creek generating station quindaro missouri river - kansas city","nearest_nuclear_latitude":38.2393,"nearest_nuclear_longitude":-95.6898,"nearest_power_latitude":39.1492,"nearest_power_longitude":-94.6381,"nearest_water_latitude":39.099,"nearest_water_longitude":-94.578}},{"type":"Feature","geometry":{"type":"Point","coordinates":[-94.7552,38.9406]},"properties":{"key":"tierpoint-kansas-city-lenexa-ks","layer":"data-center","name":"TierPoint Kansas City - Lenexa","state":"KS","detail_file":"data/details/data-centers-05.json","id":"tierpoint-kansas-city-lenexa-ks","status":"Operating","status_group":"Operating","landscape_weight":8.0,"search":"tierpoint kansas city - lenexa tierpoint operating operating data center lenexa, johnson county, ks lenexa johnson county ks wolf creek generating station gardner energy center missouri river - kansas city","nearest_nuclear_latitude":38.2393,"nearest_nuclear_longitude":-95.6898,"nearest_power_latitude":38.8308,"nearest_power_longitude":-94.8903,"nearest_water_latitude":39.099,"nearest_water_longitude":-94.578}},{"type":"Feature","geometry":{"type":"Point","coordinates":[-85.7333,38.2425]},"properties":{"key":"flexential-louisville-downtown-ky","layer":"data-center","name":"Flexential Louisville - Downtown","state":"KY","detail_file":"data/details/data-centers-01.json","id":"flexential-louisville-downtown-ky","status":"Operating","status_group":"Operating","landscape_weight":8.0,"search":"flexential louisville - downtown flexential operating operating data center louisville, jefferson county, ky louisville jefferson county ky lg&e oklo aurora powerhouse ohio falls ohio river - louisville","nearest_nuclear_latitude":39.018,"nearest_nuclear_longitude":-82.996,"nearest_power_latitude":38.2832,"nearest_power_longitude":-85.7792,"nearest_water_latitude":38.254,"nearest_water_longitude":-85.759}},{"type":"Feature","geometry":{"type":"Point","coordinates":[-85.5072,38.2772]},"properties":{"key":"flexential-louisville-east-nas-equivalent-lou-east-ky","layer":"data-center","name":"Flexential Louisville - East (NAS-equivalent LOU-East)","state":"KY","detail_file":"data/details/data-centers-04.json","id":"flexential-louisville-east-nas-equivalent-lou-east-ky","status":"Operating","status_group":"Operating","landscape_weight":8.0,"search":"flexential louisville - east (nas-equivalent lou-east) flexential operating operating data center louisville, jefferson county, ky louisville jefferson county ky lg&e oklo aurora powerhouse lge-ku solar share facility simpsonville ohio river - louisville","nearest_nuclear_latitude":39.018,"nearest_nuclear_longitude":-82.996,"nearest_power_latitude":38.2165,"nearest_power_longitude":-85.3914,"nearest_water_latitude":38.254,"nearest_water_longitude":-85.759}},{"type":"Feature","geometry":{"type":"Point","coordinates":[-86.7569,37.8999]},"properties":{"key":"terawulf-hawesville-ky","layer":"data-center","name":"Justified Data Campus","state":"KY","detail_file":"data/details/data-centers-00.json","id":"terawulf-hawesville-ky","status":"Under construction","status_group":"Under construction","capacity_mw":401.0,"capacity_label":"401 MW planned","landscape_weight":750.0,"search":"justified data campus terawulf under construction under construction confirmed hawesville, hancock county, ky hawesville hancock county ky big rivers electric corporation grid big rivers electric corporation closed_loop kairos power hermes 2 cannelton hydroelectric plant ohio river - louisville","nearest_nuclear_latitude":35.92,"nearest_nuclear_longitude":-84.39,"nearest_power_latitude":37.8997,"nearest_power_longitude":-86.7058,"nearest_water_latitude":38.254,"nearest_water_longitude":-85.759}},{"type":"Feature","geometry":{"type":"Point","coordinates":[-85.8485,38.1953]},"properties":{"key":"powerhouse-louisville-ky","layer":"data-center","name":"PowerHouse Data Centers \u2013 Louisville (Camp Ground Road)","state":"KY","detail_file":"data/details/data-centers-04.json","id":"powerhouse-louisville-ky","status":"Under construction","status_group":"Under construction","capacity_mw":402.0,"capacity_label":"402 MW planned","landscape_weight":153.0,"search":"powerhouse data centers \u2013 louisville (camp ground road) powerhouse data centers under construction under construction likely louisville, jefferson county, ky louisville jefferson county ky grid lg&e oklo aurora powerhouse paddys run ohio river - louisville","nearest_nuclear_latitude":39.018,"nearest_nuclear_longitude":-82.996,"nearest_power_latitude":38.2236,"nearest_power_longitude":-85.8417,"nearest_water_latitude":38.254,"nearest_water_longitude":-85.759}},{"type":"Feature","geometry":{"type":"Point","coordinates":[-86.591,36.703]},"properties":{"key":"tenkey-franklin-ky","layer":"data-center","name":"TenKey LandCo Project Lionsgate \u2013 Franklin Data Center","state":"KY","detail_file":"data/details/data-centers-03.json","id":"tenkey-franklin-ky","status":"Proposed","status_group":"Proposed","landscape_weight":200.0,"search":"tenkey landco project lionsgate \u2013 franklin data center tenkey landco i llc proposed proposed likely franklin, simpson county, ky franklin simpson county ky grid \u2014 warren rural electric co-op corp grid warren rural electric co-op corp watts bar nuclear plant sr warren, llc ohio river - louisville","nearest_nuclear_latitude":35.6021,"nearest_nuclear_longitude":-84.7895,"nearest_power_latitude":36.7117,"nearest_power_longitude":-86.5486,"nearest_water_latitude":38.254,"nearest_water_longitude":-85.759}},{"type":"Feature","geometry":{"type":"Point","coordinates":[-82.79,38.4042]},"properties":{"key":"terawulf-muskie-eastpark-ky","layer":"data-center","name":"TeraWulf Muskie Data Campus (EastPark)","state":"KY","detail_file":"data/details/data-centers-00.json","id":"terawulf-muskie-eastpark-ky","status":"Proposed","status_group":"Proposed","capacity_mw":1000.0,"capacity_label":"1,000 MW planned","landscape_weight":285.0,"search":"terawulf muskie data campus (eastpark) terawulf proposed proposed confirmed ashland, greenup, ky ashland greenup ky kentucky power (aep) grid kentucky power (aep) unknown oklo aurora powerhouse green valley lfgte ohio river - cincinnati","nearest_nuclear_latitude":39.018,"nearest_nuclear_longitude":-82.996,"nearest_power_latitude":38.3967,"nearest_power_longitude":-82.8088,"nearest_water_latitude":39.103,"nearest_water_longitude":-84.512}},{"type":"Feature","geometry":{"type":"Point","coordinates":[-93.75,32.51]},"properties":{"key":"amazon-northwest-louisiana","layer":"data-center","name":"Amazon Data Center Campuses (Caddo and Bossier Parishes)","state":"LA","detail_file":"data/details/data-centers-06.json","id":"amazon-northwest-louisiana","status":"Under construction","status_group":"Under construction","landscape_weight":8.0,"search":"amazon data center campuses (caddo and bossier parishes) amazon web services under construction under construction mixed_use shreveport, caddo, la shreveport caddo la grid (swepco / aep), with amazon funding 100% of new transmission infrastructure grid swepco (southwestern electric power company) grand gulf arsenal hill red river - shreveport","nearest_nuclear_latitude":32.0081,"nearest_nuclear_longitude":-91.0478,"nearest_power_latitude":32.5181,"nearest_power_longitude":-93.7611,"nearest_water_latitude":32.525,"nearest_water_longitude":-93.75}},{"type":"Feature","geometry":{"type":"Point","coordinates":[-92.65,31.4]},"properties":{"key":"applied-digital-delta-forge-1-la","layer":"data-center","name":"Applied Digital Delta Forge 1 AI Factory Campus","state":"LA","detail_file":"data/details/data-centers-04.json","id":"applied-digital-delta-forge-1-la","status":"Under construction","status_group":"Under construction","capacity_mw":300.0,"capacity_label":"300 MW planned","landscape_weight":300.0,"search":"applied digital delta forge 1 ai factory campus applied digital corporation under construction under construction confirmed boyce, rapides, la boyce rapides la grid (cleco) grid cleco closed_loop river bend brame energy center red river - shreveport","nearest_nuclear_latitude":30.757,"nearest_nuclear_longitude":-91.3327,"nearest_power_latitude":31.395,"nearest_power_longitude":-92.7167,"nearest_water_latitude":32.525,"nearest_water_longitude":-93.75}},{"type":"Feature","geometry":{"type":"Point","coordinates":[-93.74,32.69]},"properties":{"key":"stack-bossier-parish-la","layer":"data-center","name":"Bossier Parish Campus (with Amazon)","state":"LA","detail_file":"data/details/data-centers-04.json","id":"stack-bossier-parish-la","status":"Under construction","status_group":"Under construction","landscape_weight":8.0,"search":"bossier parish campus (with amazon) stack infrastructure under construction under construction data center benton, bossier, la benton bossier la grand gulf j lamar stall unit red river - shreveport","nearest_nuclear_latitude":32.0081,"nearest_nuclear_longitude":-91.0478,"nearest_power_latitude":32.5195,"nearest_power_longitude":-93.7601,"nearest_water_latitude":32.525,"nearest_water_longitude":-93.75}},{"type":"Feature","geometry":{"type":"Point","coordinates":[-93.9,32.58]},"properties":{"key":"stack-caddo-parish-la","layer":"data-center","name":"Caddo Parish Campus (with Amazon)","state":"LA","detail_file":"data/details/data-centers-00.json","id":"stack-caddo-parish-la","status":"Under construction","status_group":"Under construction","landscape_weight":8.0,"search":"caddo parish campus (with amazon) stack infrastructure under construction under construction data center blanchard, caddo, la blanchard caddo la grand gulf arsenal hill red river - shreveport","nearest_nuclear_latitude":32.0081,"nearest_nuclear_longitude":-91.0478,"nearest_power_latitude":32.5181,"nearest_power_longitude":-93.7611,"nearest_water_latitude":32.525,"nearest_water_longitude":-93.75}},{"type":"Feature","geometry":{"type":"Point","coordinates":[-91.38,30.79]},"properties":{"key":"hut8-river-bend-west-feliciana-la","layer":"data-center","name":"Hut 8 River Bend AI Data Center Campus","state":"LA","detail_file":"data/details/data-centers-01.json","id":"hut8-river-bend-west-feliciana-la","status":"Under construction","status_group":"Under construction","capacity_mw":330.0,"capacity_label":"330 MW planned","landscape_weight":611.0,"search":"hut 8 river bend ai data center campus hut 8 under construction under construction confirmed st. francisville, west feliciana, la st. francisville west feliciana la grid (entergy louisiana); campus adjacent to river bend nuclear generating station grid entergy louisiana river bend pointe coupee power station mississippi river - baton rouge","nearest_nuclear_latitude":30.757,"nearest_nuclear_longitude":-91.3327,"nearest_power_latitude":30.739,"nearest_power_longitude":-91.377,"nearest_water_latitude":30.451,"nearest_water_longitude":-91.187}},{"type":"Feature","geometry":{"type":"Point","coordinates":[-91.4906,32.4442]},"properties":{"key":"meta-hyperion-richland-parish-la","layer":"data-center","name":"Meta Hyperion","state":"LA","detail_file":"data/details/data-centers-07.json","id":"meta-hyperion-richland-parish-la","status":"Under construction","status_group":"Under construction","capacity_mw":2000.0,"capacity_label":"2,000 MW planned","landscape_weight":2250.0,"search":"meta hyperion meta under construction under construction confirmed delhi vicinity, richland, la delhi vicinity richland la grid (entergy louisiana) + planned renewables mixed entergy louisiana grand gulf franklin farms power station red river - shreveport","nearest_nuclear_latitude":32.0081,"nearest_nuclear_longitude":-91.0478,"nearest_power_latitude":32.4771,"nearest_power_longitude":-91.6323,"nearest_water_latitude":32.525,"nearest_water_longitude":-93.75}},{"type":"Feature","geometry":{"type":"Point","coordinates":[-71.0798,42.3767]},"properties":{"key":"coresite-bo1-boston-ma-ma","layer":"data-center","name":"CoreSite BO1 - Boston, MA","state":"MA","detail_file":"data/details/data-centers-00.json","id":"coresite-bo1-boston-ma-ma","status":"Operating","status_group":"Operating","landscape_weight":8.0,"search":"coresite bo1 - boston, ma coresite operating operating likely somerville, middlesex county, ma somerville middlesex county ma seabrook coresite - somerville hudson river - new york","nearest_nuclear_latitude":42.8992,"nearest_nuclear_longitude":-70.8489,"nearest_power_latitude":42.3766,"nearest_power_longitude":-71.0805,"nearest_water_latitude":40.79,"nearest_water_longitude":-73.98}},{"type":"Feature","geometry":{"type":"Point","coordinates":[-71.0595,42.3545]},"properties":{"key":"markley-boston-summer-street-ma","layer":"data-center","name":"Markley Group Boston (One Summer Street / BOSIX)","state":"MA","detail_file":"data/details/data-centers-06.json","id":"markley-boston-summer-street-ma","status":"Operating","status_group":"Operating","capacity_mw":30.0,"capacity_label":"30 MW operating","landscape_weight":30.0,"search":"markley group boston (one summer street / bosix) markley group operating operating data center boston, suffolk, ma boston suffolk ma seabrook gillette sbmc hudson river - new york","nearest_nuclear_latitude":42.8992,"nearest_nuclear_longitude":-70.8489,"nearest_power_latitude":42.3436,"nearest_power_longitude":-71.0559,"nearest_water_latitude":40.79,"nearest_water_longitude":-73.98}},{"type":"Feature","geometry":{"type":"Point","coordinates":[-71.3162,42.6334]},"properties":{"key":"markley-lowell-ma","layer":"data-center","name":"Markley Group One Lowell Data Center","state":"MA","detail_file":"data/details/data-centers-02.json","id":"markley-lowell-ma","status":"Operating","status_group":"Operating","landscape_weight":8.0,"search":"markley group one lowell data center markley group operating operating mixed_use lowell, middlesex, ma lowell middlesex ma grid; 27 on-site diesel backup generators grid evaporative seabrook boott hydropower hudson river - new york","nearest_nuclear_latitude":42.8992,"nearest_nuclear_longitude":-70.8489,"nearest_power_latitude":42.6525,"nearest_power_longitude":-71.3224,"nearest_water_latitude":40.79,"nearest_water_longitude":-73.98}},{"type":"Feature","geometry":{"type":"Point","coordinates":[-72.6069,42.2028]},"properties":{"key":"mghpcc-holyoke-ma","layer":"data-center","name":"Massachusetts Green High Performance Computing Center","state":"MA","detail_file":"data/details/data-centers-00.json","id":"mghpcc-holyoke-ma","status":"Operating","status_group":"Operating","capacity_mw":15.0,"capacity_label":"15 MW operating","landscape_weight":15.0,"search":"massachusetts green high performance computing center mghpcc consortium (bu/harvard/mit/northeastern/umass/yale) operating operating data center holyoke, hampden, ma holyoke hampden ma city of holyoke millstone cabot holyoke hudson river - new york","nearest_nuclear_latitude":41.3107,"nearest_nuclear_longitude":-72.1677,"nearest_power_latitude":42.2,"nearest_power_longitude":-72.61,"nearest_water_latitude":40.79,"nearest_water_longitude":-73.98}},{"type":"Feature","geometry":{"type":"Point","coordinates":[-72.7416,42.1571]},"properties":{"key":"servistar-westfield-ma","layer":"data-center","name":"Servistar Realties Westfield Data Center Campus","state":"MA","detail_file":"data/details/data-centers-03.json","id":"servistar-westfield-ma","status":"Proposed","status_group":"Proposed","capacity_mw":42.0,"capacity_label":"42 MW planned","landscape_weight":42.0,"search":"servistar realties westfield data center campus servistar realties proposed proposed data center westfield, hampden, ma westfield hampden ma city of westfield millstone twiss street solar hudson river - new york","nearest_nuclear_latitude":41.3107,"nearest_nuclear_longitude":-72.1677,"nearest_power_latitude":42.1483,"nearest_power_longitude":-72.7481,"nearest_water_latitude":40.79,"nearest_water_longitude":-73.98}},{"type":"Feature","geometry":{"type":"Point","coordinates":[-71.2086,42.6857]},"properties":{"key":"tierpoint-boston-andover-ma","layer":"data-center","name":"TierPoint Boston - Andover","state":"MA","detail_file":"data/details/data-centers-04.json","id":"tierpoint-boston-andover-ma","status":"Operating","status_group":"Operating","landscape_weight":8.0,"search":"tierpoint boston - andover tierpoint operating operating data center andover, essex county, ma andover essex county ma national grid seabrook danton xi solar llc hudson river - new york","nearest_nuclear_latitude":42.8992,"nearest_nuclear_longitude":-70.8489,"nearest_power_latitude":42.7202,"nearest_power_longitude":-71.211,"nearest_water_latitude":40.79,"nearest_water_longitude":-73.98}},{"type":"Feature","geometry":{"type":"Point","coordinates":[-76.443,38.437]},"properties":{"key":"aws-calvert-cliffs-md","layer":"data-center","name":"AWS Calvert County Data Center Campus","state":"MD","detail_file":"data/details/data-centers-02.json","id":"aws-calvert-cliffs-md","status":"Proposed","status_group":"Proposed","landscape_weight":8.0,"search":"aws calvert county data center campus amazon web services proposed proposed mixed_use lusby, calvert, md lusby calvert md nuclear constellation energy calvert cliffs nuclear power plant calvert cliffs nuclear power plant potomac river - northern virginia","nearest_nuclear_latitude":38.4344,"nearest_nuclear_longitude":-76.4417,"nearest_power_latitude":38.4344,"nearest_power_longitude":-76.4417,"nearest_water_latitude":38.969,"nearest_water_longitude":-77.386}},{"type":"Feature","geometry":{"type":"Point","coordinates":[-77.387,39.263]},"properties":{"key":"aligned-quantum-frederick-md","layer":"data-center","name":"Aligned Data Centers IAD-04 Frederick","state":"MD","detail_file":"data/details/data-centers-03.json","id":"aligned-quantum-frederick-md","status":"Under construction","status_group":"Under construction","capacity_mw":72.0,"capacity_label":"72 MW planned","landscape_weight":75.0,"search":"aligned data centers iad-04 frederick aligned data centers under construction under construction mixed_use frederick, md frederick md grid potomac edison / firstenergy hybrid peach bottom montgomery county correctional facility potomac river - northern virginia","nearest_nuclear_latitude":39.7589,"nearest_nuclear_longitude":-76.2687,"nearest_power_latitude":39.2379,"nearest_power_longitude":-77.2932,"nearest_water_latitude":38.969,"nearest_water_longitude":-77.386}},{"type":"Feature","geometry":{"type":"Point","coordinates":[-76.868,38.931]},"properties":{"key":"lerner-brightseat-tech-park-md","layer":"data-center","name":"Brightseat Tech Park","state":"MD","detail_file":"data/details/data-centers-05.json","id":"lerner-brightseat-tech-park-md","status":"Permitted","status_group":"Permitted","capacity_mw":820.0,"capacity_label":"820 MW planned","landscape_weight":87.0,"search":"brightseat tech park lerner enterprises / the tower companies (brightseat associates llc) permitted permitted mixed_use landover, prince george's, md landover prince george's md grid pepco (exelon) calvert cliffs nuclear power plant fedex field solar facility potomac river - northern virginia","nearest_nuclear_latitude":38.4344,"nearest_nuclear_longitude":-76.4417,"nearest_power_latitude":38.9078,"nearest_power_longitude":-76.8644,"nearest_water_latitude":38.969,"nearest_water_longitude":-77.386}},{"type":"Feature","geometry":{"type":"Point","coordinates":[-76.8116,39.4273]},"properties":{"key":"expedient-bwi1-owings-mills-md","layer":"data-center","name":"Expedient BWI1 (Owings Mills)","state":"MD","detail_file":"data/details/data-centers-06.json","id":"expedient-bwi1-owings-mills-md","status":"Operating","status_group":"Operating","landscape_weight":8.0,"search":"expedient bwi1 (owings mills) expedient operating operating data center owings mills, baltimore county, md owings mills baltimore county md bge peach bottom burns solar one llc potomac river - northern virginia","nearest_nuclear_latitude":39.7589,"nearest_nuclear_longitude":-76.2687,"nearest_power_latitude":39.4765,"nearest_power_longitude":-76.8545,"nearest_water_latitude":38.969,"nearest_water_longitude":-77.386}},{"type":"Feature","geometry":{"type":"Point","coordinates":[-76.5917,39.2747]},"properties":{"key":"expedient-baltimore-tide-point-md","layer":"data-center","name":"Expedient Baltimore - Tide Point","state":"MD","detail_file":"data/details/data-centers-00.json","id":"expedient-baltimore-tide-point-md","status":"Operating","status_group":"Operating","capacity_mw":2.0,"capacity_label":"2 MW operating","landscape_weight":2.0,"search":"expedient baltimore - tide point expedient operating operating data center baltimore, baltimore city, md baltimore baltimore city md peach bottom domino sugar baltimore potomac river - northern virginia","nearest_nuclear_latitude":39.7589,"nearest_nuclear_longitude":-76.2687,"nearest_power_latitude":39.2744,"nearest_power_longitude":-76.5956,"nearest_water_latitude":38.969,"nearest_water_longitude":-77.386}},{"type":"Feature","geometry":{"type":"Point","coordinates":[-76.6204,39.2918]},"properties":{"key":"lumen-baltimore-1-md","layer":"data-center","name":"Lumen Baltimore 1","state":"MD","detail_file":"data/details/data-centers-03.json","id":"lumen-baltimore-1-md","status":"Operating","status_group":"Operating","landscape_weight":8.0,"search":"lumen baltimore 1 lumen technologies operating operating data center baltimore, baltimore city, md baltimore baltimore city md bge peach bottom inner harbor east heating potomac river - northern virginia","nearest_nuclear_latitude":39.7589,"nearest_nuclear_longitude":-76.2687,"nearest_power_latitude":39.2837,"nearest_power_longitude":-76.5994,"nearest_water_latitude":38.969,"nearest_water_longitude":-77.386}},{"type":"Feature","geometry":{"type":"Point","coordinates":[-77.394,39.265]},"properties":{"key":"rowan-digital-frederick-md","layer":"data-center","name":"Rowan Digital Infrastructure Frederick Campus (Bauxite I)","state":"MD","detail_file":"data/details/data-centers-07.json","id":"rowan-digital-frederick-md","status":"Under construction","status_group":"Under construction","capacity_mw":300.0,"capacity_label":"300 MW planned","landscape_weight":151.0,"search":"rowan digital infrastructure frederick campus (bauxite i) rowan digital infrastructure under construction under construction mixed_use frederick, md frederick md grid potomac edison (firstenergy) evaporative peach bottom dickerson power potomac river - northern virginia","nearest_nuclear_latitude":39.7589,"nearest_nuclear_longitude":-76.2687,"nearest_power_latitude":39.2097,"nearest_power_longitude":-77.4644,"nearest_water_latitude":38.969,"nearest_water_longitude":-77.386}},{"type":"Feature","geometry":{"type":"Point","coordinates":[-77.129,38.362]},"properties":{"key":"terawulf-morgantown-charles-county-md","layer":"data-center","name":"TeraWulf Morgantown Generating Station AI Campus","state":"MD","detail_file":"data/details/data-centers-03.json","id":"terawulf-morgantown-charles-county-md","status":"Proposed","status_group":"Proposed","capacity_mw":1000.0,"capacity_label":"1,000 MW planned","landscape_weight":250.0,"search":"terawulf morgantown generating station ai campus terawulf proposed proposed likely charles, md charles md mixed dominion energy virginia calvert cliffs nuclear power plant morgantown generating plant potomac river - northern virginia","nearest_nuclear_latitude":38.4344,"nearest_nuclear_longitude":-76.4417,"nearest_power_latitude":38.3592,"nearest_power_longitude":-76.9767,"nearest_water_latitude":38.969,"nearest_water_longitude":-77.386}},{"type":"Feature","geometry":{"type":"Point","coordinates":[-76.6828,39.2135]},"properties":{"key":"tierpoint-baltimore-bwi-md","layer":"data-center","name":"TierPoint Baltimore - BWI","state":"MD","detail_file":"data/details/data-centers-07.json","id":"tierpoint-baltimore-bwi-md","status":"Operating","status_group":"Operating","landscape_weight":8.0,"search":"tierpoint baltimore - bwi tierpoint operating operating data center linthicum heights, anne arundel county, md linthicum heights anne arundel county md bge peach bottom hollins ferry csg potomac river - northern virginia","nearest_nuclear_latitude":39.7589,"nearest_nuclear_longitude":-76.2687,"nearest_power_latitude":39.2258,"nearest_power_longitude":-76.6881,"nearest_water_latitude":38.969,"nearest_water_longitude":-77.386}},{"type":"Feature","geometry":{"type":"Point","coordinates":[-67.8849,46.9502]},"properties":{"key":"liquidcool-loring-afb-me","layer":"data-center","name":"Loring LiquidCool Data Center (Green 4 Maine Campus)","state":"ME","detail_file":"data/details/data-centers-05.json","id":"liquidcool-loring-afb-me","status":"Proposed","status_group":"Proposed","capacity_mw":50.0,"capacity_label":"50 MW planned","landscape_weight":50.0,"search":"loring liquidcool data center (green 4 maine campus) liquidcool solutions / green 4 maine proposed proposed confirmed limestone, aroostook, me limestone aroostook me canadian hydropower (new brunswick); immersion cooling (no water consumed) hydro versant power closed_loop seabrook limestone - (me) hudson river - new york","nearest_nuclear_latitude":42.8992,"nearest_nuclear_longitude":-70.8489,"nearest_power_latitude":46.9433,"nearest_power_longitude":-67.8961,"nearest_water_latitude":40.79,"nearest_water_longitude":-73.98}},{"type":"Feature","geometry":{"type":"Point","coordinates":[-70.2175,44.5024]},"properties":{"key":"sentinel-jay-me","layer":"data-center","name":"Sentinel Data Centers Androscoggin Mill Campus, Jay","state":"ME","detail_file":"data/details/data-centers-00.json","id":"sentinel-jay-me","status":"Cancelled","status_group":"Cancelled","capacity_mw":82.0,"capacity_label":"82 MW planned","landscape_weight":82.0,"search":"sentinel data centers androscoggin mill campus, jay sentinel data centers / jgt2 redevelopment cancelled cancelled likely jay, franklin, me jay franklin me on-site solar (up to 150mw), central maine power (up to 25mw backup), on-site hydro approved solar central maine power closed_loop seabrook international paper jay hydro hudson river - new york","nearest_nuclear_latitude":42.8992,"nearest_nuclear_longitude":-70.8489,"nearest_power_latitude":44.5037,"nearest_power_longitude":-70.221,"nearest_water_latitude":40.79,"nearest_water_longitude":-73.98}},{"type":"Feature","geometry":{"type":"Point","coordinates":[-69.6553,44.0015]},"properties":{"key":"wiscasset-proposed-me","layer":"data-center","name":"Wiscasset Data Center (Old Ferry Road Site)","state":"ME","detail_file":"data/details/data-centers-04.json","id":"wiscasset-proposed-me","status":"Proposed","status_group":"Proposed","landscape_weight":200.0,"search":"wiscasset data center (old ferry road site) unnamed developer (nda with town) proposed proposed likely wiscasset, lincoln, me wiscasset lincoln me not disclosed other central maine power seabrook cenergy - wiscasset (csg) hudson river - new york","nearest_nuclear_latitude":42.8992,"nearest_nuclear_longitude":-70.8489,"nearest_power_latitude":43.9645,"nearest_power_longitude":-69.7048,"nearest_water_latitude":40.79,"nearest_water_longitude":-73.98}},{"type":"Feature","geometry":{"type":"Point","coordinates":[-83.2626,42.4477]},"properties":{"key":"edgeconnex-det01-mi","layer":"data-center","name":"EdgeConneX DET01","state":"MI","detail_file":"data/details/data-centers-05.json","id":"edgeconnex-det01-mi","status":"Operating","status_group":"Operating","landscape_weight":8.0,"search":"edgeconnex det01 edgeconnex operating operating data center detroit (oakland county), oakland county, mi detroit (oakland county) oakland county mi dte energy fermi o'shea solar farm lake huron - saginaw bay","nearest_nuclear_latitude":41.9631,"nearest_nuclear_longitude":-83.2581,"nearest_power_latitude":42.378,"nearest_power_longitude":-83.2001,"nearest_water_latitude":43.8,"nearest_water_longitude":-83.85}},{"type":"Feature","geometry":{"type":"Point","coordinates":[-83.44,42.23]},"properties":{"key":"project-cannoli-van-buren-township-wayne-county-mi","layer":"data-center","name":"Project Cannoli","state":"MI","detail_file":"data/details/data-centers-07.json","id":"project-cannoli-van-buren-township-wayne-county-mi","status":"Proposed","status_group":"Proposed","landscape_weight":8.0,"search":"project cannoli google (via panattoni development co.) proposed proposed likely van buren township, wayne, mi van buren township wayne mi mixed dte energy unknown fermi french landing dam lake erie - cleveland","nearest_nuclear_latitude":41.9631,"nearest_nuclear_longitude":-83.2581,"nearest_power_latitude":42.2143,"nearest_power_longitude":-83.4407,"nearest_water_latitude":41.499,"nearest_water_longitude":-81.694}},{"type":"Feature","geometry":{"type":"Point","coordinates":[-83.53,42.47]},"properties":{"key":"verrus-project-flex-lyon-township-oakland-county-mi","layer":"data-center","name":"Project Flex","state":"MI","detail_file":"data/details/data-centers-02.json","id":"verrus-project-flex-lyon-township-oakland-county-mi","status":"Proposed","status_group":"Proposed","landscape_weight":180.0,"search":"project flex verrus (sidewalk infrastructure partners) proposed proposed likely lyon township, oakland, mi lyon township oakland mi grid dte energy fermi grs arbor hills lake huron - saginaw bay","nearest_nuclear_latitude":41.9631,"nearest_nuclear_longitude":-83.2581,"nearest_power_latitude":42.3953,"nearest_power_longitude":-83.558,"nearest_water_latitude":43.8,"nearest_water_longitude":-83.85}},{"type":"Feature","geometry":{"type":"Point","coordinates":[-83.8063,42.174]},"properties":{"key":"stargate-saline-township-mi","layer":"data-center","name":"Stargate The Barn Campus","state":"MI","detail_file":"data/details/data-centers-04.json","id":"stargate-saline-township-mi","status":"Under construction","status_group":"Under construction","capacity_mw":1400.0,"capacity_label":"1,400 MW planned","landscape_weight":250.0,"search":"stargate the barn campus openai / oracle / related digital under construction under construction confirmed saline township, washtenaw, mi saline township washtenaw mi grid (100% utility costs paid by oracle) grid dte energy closed_loop fermi voyager energy storage lake huron - saginaw bay","nearest_nuclear_latitude":41.9631,"nearest_nuclear_longitude":-83.2581,"nearest_power_latitude":42.1532,"nearest_power_longitude":-83.8333,"nearest_water_latitude":43.8,"nearest_water_longitude":-83.85}},{"type":"Feature","geometry":{"type":"Point","coordinates":[-85.64,42.823]},"properties":{"key":"switch-pyramid-campus-grand-rapids-mi","layer":"data-center","name":"Switch Pyramid Campus","state":"MI","detail_file":"data/details/data-centers-03.json","id":"switch-pyramid-campus-grand-rapids-mi","status":"Under construction","status_group":"Under construction","capacity_mw":225.0,"capacity_label":"225 MW operating / 320 MW planned","landscape_weight":138.0,"search":"switch pyramid campus switch under construction under construction mixed_use gaines township, kent, mi gaines township kent mi grid wind consumers energy palisades bryon center lake huron - saginaw bay","nearest_nuclear_latitude":42.323,"nearest_nuclear_longitude":-86.3146,"nearest_power_latitude":42.7814,"nearest_power_longitude":-85.6728,"nearest_water_latitude":43.8,"nearest_water_longitude":-83.85}},{"type":"Feature","geometry":{"type":"Point","coordinates":[-83.72,42.163]},"properties":{"key":"thor-equities-augusta-township-mi","layer":"data-center","name":"Thor Equities Augusta Township Data Center (Form8tion)","state":"MI","detail_file":"data/details/data-centers-04.json","id":"thor-equities-augusta-township-mi","status":"Proposed","status_group":"Proposed","landscape_weight":810.0,"search":"thor equities augusta township data center (form8tion) thor equities proposed proposed likely augusta township, washtenaw, mi augusta township washtenaw mi grid \u2014 dte energy grid dte energy fermi white tail solar lake huron - saginaw bay","nearest_nuclear_latitude":41.9631,"nearest_nuclear_longitude":-83.2581,"nearest_power_latitude":42.1256,"nearest_power_longitude":-83.6536,"nearest_water_latitude":43.8,"nearest_water_longitude":-83.85}},{"type":"Feature","geometry":{"type":"Point","coordinates":[-93.876,45.397]},"properties":{"key":"amazon-becker-mn","layer":"data-center","name":"Amazon Becker Data Center (Suspended)","state":"MN","detail_file":"data/details/data-centers-01.json","id":"amazon-becker-mn","status":"Cancelled","status_group":"Cancelled","landscape_weight":348.0,"search":"amazon becker data center (suspended) amazon web services cancelled cancelled likely becker, sherburne county, mn becker sherburne county mn xcel energy monticello nuclear facility sherburne county lake superior - duluth","nearest_nuclear_latitude":45.3338,"nearest_nuclear_longitude":-93.8493,"nearest_power_latitude":45.3808,"nearest_power_longitude":-93.8931,"nearest_water_latitude":46.786,"nearest_water_longitude":-92.1}},{"type":"Feature","geometry":{"type":"Point","coordinates":[-93.5989,44.8516]},"properties":{"key":"flexential-minneapolis-chaska-msp01-mn","layer":"data-center","name":"Flexential Minneapolis - Chaska (MSP01)","state":"MN","detail_file":"data/details/data-centers-01.json","id":"flexential-minneapolis-chaska-msp01-mn","status":"Operating","status_group":"Operating","capacity_mw":9.0,"capacity_label":"9 MW operating","landscape_weight":9.0,"search":"flexential minneapolis - chaska (msp01) flexential operating operating data center chaska, carver county, mn chaska carver county mn city of chaska monticello nuclear facility minnesota river lake superior - duluth","nearest_nuclear_latitude":45.3338,"nearest_nuclear_longitude":-93.8493,"nearest_power_latitude":44.7952,"nearest_power_longitude":-93.581,"nearest_water_latitude":46.786,"nearest_water_longitude":-92.1}},{"type":"Feature","geometry":{"type":"Point","coordinates":[-92.6496,44.2019]},"properties":{"key":"google-skyway-pine-island-mn","layer":"data-center","name":"Google Project Skyway (Pine Island)","state":"MN","detail_file":"data/details/data-centers-07.json","id":"google-skyway-pine-island-mn","status":"Proposed","status_group":"Proposed","landscape_weight":8.0,"search":"google project skyway (pine island) google proposed proposed confirmed pine island, goodhue, mn pine island goodhue mn xcel energy grid xcel energy prairie island pine island solar lake superior - duluth","nearest_nuclear_latitude":44.622,"nearest_nuclear_longitude":-92.6333,"nearest_power_latitude":44.2066,"nearest_power_longitude":-92.6637,"nearest_water_latitude":46.786,"nearest_water_longitude":-92.1}},{"type":"Feature","geometry":{"type":"Point","coordinates":[-93.2766,44.9888]},"properties":{"key":"lumen-minneapolis-3-mn","layer":"data-center","name":"Lumen Minneapolis 3","state":"MN","detail_file":"data/details/data-centers-00.json","id":"lumen-minneapolis-3-mn","status":"Operating","status_group":"Operating","landscape_weight":8.0,"search":"lumen minneapolis 3 lumen technologies operating operating data center minneapolis, hennepin county, mn minneapolis hennepin county mn xcel energy monticello nuclear facility covanta hennepin energy lake superior - duluth","nearest_nuclear_latitude":45.3338,"nearest_nuclear_longitude":-93.8493,"nearest_power_latitude":44.9833,"nearest_power_longitude":-93.2804,"nearest_water_latitude":46.786,"nearest_water_longitude":-92.1}},{"type":"Feature","geometry":{"type":"Point","coordinates":[-93.115,44.74]},"properties":{"key":"meta-rosemount-mn","layer":"data-center","name":"Meta Rosemount Data Center","state":"MN","detail_file":"data/details/data-centers-04.json","id":"meta-rosemount-mn","status":"Under construction","status_group":"Under construction","capacity_mw":75.0,"capacity_label":"75 MW planned","landscape_weight":280.0,"search":"meta rosemount data center meta under construction under construction confirmed rosemount, dakota county, mn rosemount dakota county mn xcel energy (100% renewable) grid xcel energy prairie island eolos wind energy research field station lake superior - duluth","nearest_nuclear_latitude":44.622,"nearest_nuclear_longitude":-92.6333,"nearest_power_latitude":44.7283,"nearest_power_longitude":-93.0481,"nearest_water_latitude":46.786,"nearest_water_longitude":-92.1}},{"type":"Feature","geometry":{"type":"Point","coordinates":[-95.6,43.62]},"properties":{"key":"geronimo-nobles-county-powered-data-park-mn","layer":"data-center","name":"Nobles County Powered Data Park","state":"MN","detail_file":"data/details/data-centers-00.json","id":"geronimo-nobles-county-powered-data-park-mn","status":"Proposed","status_group":"Proposed","capacity_mw":400.0,"capacity_label":"400 MW planned","landscape_weight":400.0,"search":"nobles county powered data park geronimo power (brookfield asset management subsidiary) proposed proposed likely worthington, nobles, mn worthington nobles mn plum creek wind, lime creek wind farm, summit lake solar and storage (geronimo/national grid renewables projects) wind city of worthington monticello nuclear facility worthington missouri river - omaha","nearest_nuclear_latitude":45.3338,"nearest_nuclear_longitude":-93.8493,"nearest_power_latitude":43.6335,"nearest_power_longitude":-95.6092,"nearest_water_latitude":41.258,"nearest_water_longitude":-95.938}},{"type":"Feature","geometry":{"type":"Point","coordinates":[-91.52,38.852]},"properties":{"key":"aws-green-new-florence-mo","layer":"data-center","name":"AWS Project Green Campus","state":"MO","detail_file":"data/details/data-centers-01.json","id":"aws-green-new-florence-mo","status":"Under construction","status_group":"Under construction","landscape_weight":1000.0,"search":"aws project green campus amazon web services under construction under construction likely new florence, montgomery county, mo new florence montgomery county mo ameren missouri grid ameren missouri unknown callaway montgomery county community solar center mississippi river - st. louis","nearest_nuclear_latitude":38.7589,"nearest_nuclear_longitude":-91.7788,"nearest_power_latitude":38.8907,"nearest_power_longitude":-91.4232,"nearest_water_latitude":38.627,"nearest_water_longitude":-90.18}},{"type":"Feature","geometry":{"type":"Point","coordinates":[-90.9832,38.9784]},"properties":{"key":"cloverleaf-troy-mo","layer":"data-center","name":"Cloverleaf Troy Campus","state":"MO","detail_file":"data/details/data-centers-07.json","id":"cloverleaf-troy-mo","status":"Proposed","status_group":"Proposed","capacity_mw":500.0,"capacity_label":"500 MW planned","landscape_weight":500.0,"search":"cloverleaf troy campus cloverleaf infrastructure proposed proposed likely troy, lincoln, mo troy lincoln mo grid callaway winfield solar mississippi river - st. louis","nearest_nuclear_latitude":38.7589,"nearest_nuclear_longitude":-91.7788,"nearest_power_latitude":39.0195,"nearest_power_longitude":-90.8552,"nearest_water_latitude":38.627,"nearest_water_longitude":-90.18}},{"type":"Feature","geometry":{"type":"Point","coordinates":[-91.1432,38.8125]},"properties":{"key":"crusoe-warrenton-mo","layer":"data-center","name":"Crusoe Warrenton Campus","state":"MO","detail_file":"data/details/data-centers-04.json","id":"crusoe-warrenton-mo","status":"Permitted","status_group":"Permitted","landscape_weight":337.0,"search":"crusoe warrenton campus crusoe permitted permitted confirmed warrenton, warren county, mo warrenton warren county mo ameren missouri (grid) grid ameren missouri closed_loop callaway blue bird solar, llc mississippi river - st. louis","nearest_nuclear_latitude":38.7589,"nearest_nuclear_longitude":-91.7788,"nearest_power_latitude":38.8954,"nearest_power_longitude":-91.1366,"nearest_water_latitude":38.627,"nearest_water_longitude":-90.18}},{"type":"Feature","geometry":{"type":"Point","coordinates":[-94.651,39.274]},"properties":{"key":"google-project-mica-kc-northland-mo","layer":"data-center","name":"Google Project Mica","state":"MO","detail_file":"data/details/data-centers-06.json","id":"google-project-mica-kc-northland-mo","status":"Under construction","status_group":"Under construction","capacity_mw":500.0,"capacity_label":"500 MW planned","landscape_weight":493.0,"search":"google project mica google under construction under construction likely kansas city, clay county, mo kansas city clay county mo evergy (large load power tariff) grid evergy wolf creek generating station nearman creek missouri river - kansas city","nearest_nuclear_latitude":38.2393,"nearest_nuclear_longitude":-95.6898,"nearest_power_latitude":39.1681,"nearest_power_longitude":-94.6975,"nearest_water_latitude":39.099,"nearest_water_longitude":-94.578}},{"type":"Feature","geometry":{"type":"Point","coordinates":[-91.508,38.791]},"properties":{"key":"google-spade-new-florence-mo","layer":"data-center","name":"Google Project Spade Campus","state":"MO","detail_file":"data/details/data-centers-03.json","id":"google-spade-new-florence-mo","status":"Under construction","status_group":"Under construction","capacity_mw":1200.0,"capacity_label":"1,200 MW planned","landscape_weight":934.0,"search":"google project spade campus google under construction under construction confirmed new florence, montgomery county, mo new florence montgomery county mo ameren missouri grid ameren missouri closed_loop callaway montgomery county community solar center mississippi river - st. louis","nearest_nuclear_latitude":38.7589,"nearest_nuclear_longitude":-91.7788,"nearest_power_latitude":38.8907,"nearest_power_longitude":-91.4232,"nearest_water_latitude":38.627,"nearest_water_longitude":-90.18}},{"type":"Feature","geometry":{"type":"Point","coordinates":[-94.72,39.33]},"properties":{"key":"lambda-kansas-city-mo","layer":"data-center","name":"Lambda Kansas City AI Supercomputer","state":"MO","detail_file":"data/details/data-centers-07.json","id":"lambda-kansas-city-mo","status":"Under construction","status_group":"Under construction","capacity_mw":100.0,"capacity_label":"100 MW planned","landscape_weight":16.9,"search":"lambda kansas city ai supercomputer lambda under construction under construction confirmed kansas city, platte, mo kansas city platte mo evergy grid evergy cooper nuclear station nearman creek missouri river - kansas city","nearest_nuclear_latitude":40.3628,"nearest_nuclear_longitude":-95.6408,"nearest_power_latitude":39.1681,"nearest_power_longitude":-94.6975,"nearest_water_latitude":39.099,"nearest_water_longitude":-94.578}},{"type":"Feature","geometry":{"type":"Point","coordinates":[-94.705,39.247]},"properties":{"key":"meta-kansas-city-northland-mo","layer":"data-center","name":"Meta Kansas City Northland","state":"MO","detail_file":"data/details/data-centers-04.json","id":"meta-kansas-city-northland-mo","status":"Operating","status_group":"Operating","landscape_weight":8.0,"search":"meta kansas city northland meta operating operating mixed_use kansas city, clay county, mo kansas city clay county mo evergy (100% renewable matched) mixed evergy wolf creek generating station nearman creek missouri river - kansas city","nearest_nuclear_latitude":38.2393,"nearest_nuclear_longitude":-95.6898,"nearest_power_latitude":39.1681,"nearest_power_longitude":-94.6975,"nearest_water_latitude":39.099,"nearest_water_longitude":-94.578}},{"type":"Feature","geometry":{"type":"Point","coordinates":[-94.4191,39.2459]},"properties":{"key":"metrobloks-liberty-mo","layer":"data-center","name":"Metrobloks Liberty Campus","state":"MO","detail_file":"data/details/data-centers-06.json","id":"metrobloks-liberty-mo","status":"Proposed","status_group":"Proposed","capacity_mw":150.0,"capacity_label":"150 MW planned","landscape_weight":150.0,"search":"metrobloks liberty campus metrobloks (lincoln property company) proposed proposed likely liberty, clay, mo liberty clay mo grid wolf creek generating station hawthorn solar i missouri river - kansas city","nearest_nuclear_latitude":38.2393,"nearest_nuclear_longitude":-95.6898,"nearest_power_latitude":39.1338,"nearest_power_longitude":-94.4863,"nearest_water_latitude":39.099,"nearest_water_longitude":-94.578}},{"type":"Feature","geometry":{"type":"Point","coordinates":[-94.342,39.089]},"properties":{"key":"nebius-independence-mo","layer":"data-center","name":"Nebius AI Factory (Independence)","state":"MO","detail_file":"data/details/data-centers-03.json","id":"nebius-independence-mo","status":"Under construction","status_group":"Under construction","capacity_mw":1200.0,"capacity_label":"1,200 MW planned","landscape_weight":400.0,"search":"nebius ai factory (independence) nebius group under construction under construction confirmed independence, jackson county, mo independence jackson county mo independence power & light (ipl); blue valley power plant on-site gas (from oct 2027) mixed independence power & light (ipl) closed_loop wolf creek generating station station h missouri river - kansas city","nearest_nuclear_latitude":38.2393,"nearest_nuclear_longitude":-95.6898,"nearest_power_latitude":39.1067,"nearest_power_longitude":-94.3804,"nearest_water_latitude":39.099,"nearest_water_longitude":-94.578}},{"type":"Feature","geometry":{"type":"Point","coordinates":[-90.1972,38.6293]},"properties":{"key":"netrality-210-north-tucker-st-louis-mo","layer":"data-center","name":"Netrality 210 North Tucker (St. Louis)","state":"MO","detail_file":"data/details/data-centers-07.json","id":"netrality-210-north-tucker-st-louis-mo","status":"Operating","status_group":"Operating","landscape_weight":8.0,"search":"netrality 210 north tucker (st. louis) netrality data centers operating operating data center st. louis, st. louis city, mo st. louis st. louis city mo callaway southwestern bell telephone mississippi river - st. louis","nearest_nuclear_latitude":38.7589,"nearest_nuclear_longitude":-91.7788,"nearest_power_latitude":38.6276,"nearest_power_longitude":-90.1934,"nearest_water_latitude":38.627,"nearest_water_longitude":-90.18}},{"type":"Feature","geometry":{"type":"Point","coordinates":[-94.5786,39.0997]},"properties":{"key":"patmos-kansas-city-mo","layer":"data-center","name":"Patmos KC Star Building Campus","state":"MO","detail_file":"data/details/data-centers-06.json","id":"patmos-kansas-city-mo","status":"Under construction","status_group":"Under construction","capacity_mw":35.0,"capacity_label":"35 MW planned","landscape_weight":35.0,"search":"patmos kc star building campus patmos hosting under construction under construction likely kansas city, jackson, mo kansas city jackson mo grid wolf creek generating station grand ave plant missouri river - kansas city","nearest_nuclear_latitude":38.2393,"nearest_nuclear_longitude":-95.6898,"nearest_power_latitude":39.1119,"nearest_power_longitude":-94.5811,"nearest_water_latitude":39.099,"nearest_water_longitude":-94.578}},{"type":"Feature","geometry":{"type":"Point","coordinates":[-90.1964,38.6298]},"properties":{"key":"tierpoint-st-louis-olive-mo","layer":"data-center","name":"TierPoint St. Louis - Olive","state":"MO","detail_file":"data/details/data-centers-00.json","id":"tierpoint-st-louis-olive-mo","status":"Operating","status_group":"Operating","landscape_weight":8.0,"search":"tierpoint st. louis - olive tierpoint operating operating data center saint louis, st. louis city, mo saint louis st. louis city mo callaway southwestern bell telephone mississippi river - st. louis","nearest_nuclear_latitude":38.7589,"nearest_nuclear_longitude":-91.7788,"nearest_power_latitude":38.6276,"nearest_power_longitude":-90.1934,"nearest_water_latitude":38.627,"nearest_water_longitude":-90.18}},{"type":"Feature","geometry":{"type":"Point","coordinates":[-89.99,32.27]},"properties":{"key":"avaio-taurus-brandon-ms","layer":"data-center","name":"AVAIO Digital Taurus","state":"MS","detail_file":"data/details/data-centers-02.json","id":"avaio-taurus-brandon-ms","status":"Under construction","status_group":"Under construction","capacity_mw":116.0,"capacity_label":"116 MW planned","landscape_weight":329.0,"search":"avaio digital taurus avaio digital partners under construction under construction confirmed brandon, rankin county, ms brandon rankin county ms entergy mississippi mixed entergy mississippi hybrid grand gulf lineage ms mississippi river - baton rouge","nearest_nuclear_latitude":32.0081,"nearest_nuclear_longitude":-91.0478,"nearest_power_latitude":32.2544,"nearest_power_longitude":-90.1554,"nearest_water_latitude":30.451,"nearest_water_longitude":-91.187}},{"type":"Feature","geometry":{"type":"Point","coordinates":[-90.039,32.6121]},"properties":{"key":"aws-project-atlas-madison-county-ms","layer":"data-center","name":"AWS Project Atlas \u2013 Madison County Campus","state":"MS","detail_file":"data/details/data-centers-03.json","id":"aws-project-atlas-madison-county-ms","status":"Under construction","status_group":"Under construction","capacity_mw":1000.0,"capacity_label":"1,000 MW planned","landscape_weight":1700.0,"search":"aws project atlas \u2013 madison county campus amazon web services under construction under construction mixed_use canton, madison county, ms canton madison county ms solar entergy mississippi closed_loop grand gulf ragsdale solar llc mississippi river - baton rouge","nearest_nuclear_latitude":32.0081,"nearest_nuclear_longitude":-91.0478,"nearest_power_latitude":32.551,"nearest_power_longitude":-90.0097,"nearest_water_latitude":30.451,"nearest_water_longitude":-91.187}},{"type":"Feature","geometry":{"type":"Point","coordinates":[-88.7037,32.3644]},"properties":{"key":"compass-lauderdale-meridian-ms","layer":"data-center","name":"Compass Datacenters Lauderdale County Hyperscale Campus","state":"MS","detail_file":"data/details/data-centers-06.json","id":"compass-lauderdale-meridian-ms","status":"Under construction","status_group":"Under construction","capacity_mw":500.0,"capacity_label":"500 MW planned","landscape_weight":500.0,"search":"compass datacenters lauderdale county hyperscale campus compass datacenters under construction under construction likely meridian, lauderdale county, ms meridian lauderdale county ms mississippi power company grid mississippi power unknown grand gulf sweatt tennessee river - florence","nearest_nuclear_latitude":32.0081,"nearest_nuclear_longitude":-91.0478,"nearest_power_latitude":32.2925,"nearest_power_longitude":-88.7461,"nearest_water_latitude":34.799,"nearest_water_longitude":-87.677}},{"type":"Feature","geometry":{"type":"Point","coordinates":[-89.974,34.993]},"properties":{"key":"xai-southaven-ms","layer":"data-center","name":"xAI Southaven","state":"MS","detail_file":"data/details/data-centers-05.json","id":"xai-southaven-ms","status":"Operating","status_group":"Operating","landscape_weight":8.0,"search":"xai southaven xai operating operating confirmed southaven, desoto county, ms southaven desoto county ms xai (self-generated, behind-the-meter) on_site_gas browns ferry tva southaven combined cycle mississippi river - memphis","nearest_nuclear_latitude":34.7042,"nearest_nuclear_longitude":-87.1189,"nearest_power_latitude":34.9939,"nearest_power_longitude":-90.0378,"nearest_water_latitude":35.149,"nearest_water_longitude":-90.049}},{"type":"Feature","geometry":{"type":"Point","coordinates":[-108.7,45.823]},"properties":{"key":"quantica-bsdi-billings-mt","layer":"data-center","name":"Big Sky Digital Infrastructure Campus","state":"MT","detail_file":"data/details/data-centers-05.json","id":"quantica-bsdi-billings-mt","status":"Proposed","status_group":"Proposed","capacity_mw":1000.0,"capacity_label":"1,000 MW planned","landscape_weight":5000.0,"search":"big sky digital infrastructure campus quantica infrastructure proposed proposed confirmed billings, yellowstone, mt billings yellowstone mt northwestern energy grid + on-site solar, wind, and battery storage mixed northwestern energy kemmerer unit 1 beartooth energy storage llc snake river - boise region","nearest_nuclear_latitude":41.706,"nearest_nuclear_longitude":-110.5603,"nearest_power_latitude":45.7843,"nearest_power_longitude":-108.7178,"nearest_water_latitude":43.188,"nearest_water_longitude":-112.719}},{"type":"Feature","geometry":{"type":"Point","coordinates":[-79.775,34.9445]},"properties":{"key":"aws-richmond-county-nc","layer":"data-center","name":"Amazon Web Services Richmond County Data Center Campus","state":"NC","detail_file":"data/details/data-centers-04.json","id":"aws-richmond-county-nc","status":"Under construction","status_group":"Under construction","landscape_weight":800.0,"search":"amazon web services richmond county data center campus amazon web services under construction under construction confirmed rockingham, richmond county, nc rockingham richmond county nc grid duke energy h b robinson mckinney bess lake norman","nearest_nuclear_latitude":34.4017,"nearest_nuclear_longitude":-80.1589,"nearest_power_latitude":34.9058,"nearest_power_longitude":-79.757,"nearest_water_latitude":35.489,"nearest_water_longitude":-80.939}},{"type":"Feature","geometry":{"type":"Point","coordinates":[-81.2567,35.5886]},"properties":{"key":"apple-maiden-nc","layer":"data-center","name":"Apple Maiden Data Center (iCloud)","state":"NC","detail_file":"data/details/data-centers-01.json","id":"apple-maiden-nc","status":"Operating","status_group":"Operating","landscape_weight":183.0,"search":"apple maiden data center (icloud) apple operating operating likely maiden, catawba county, nc maiden catawba county nc duke energy grid + two dedicated 20mw apple-owned solar farms (maiden/conover/claremont) and a 10mw bloom energy biogas fuel cell installation mixed duke energy mcguire apple data center pv lake norman","nearest_nuclear_latitude":35.4331,"nearest_nuclear_longitude":-80.9486,"nearest_power_latitude":35.5881,"nearest_power_longitude":-81.252,"nearest_water_latitude":35.489,"nearest_water_longitude":-80.939}},{"type":"Feature","geometry":{"type":"Point","coordinates":[-80.8873,35.7826]},"properties":{"key":"compass-statesville-nc","layer":"data-center","name":"Compass Statesville Campus","state":"NC","detail_file":"data/details/data-centers-01.json","id":"compass-statesville-nc","status":"Proposed","status_group":"Proposed","capacity_mw":500.0,"capacity_label":"500 MW planned","landscape_weight":333.0,"search":"compass statesville campus compass datacenters proposed proposed likely statesville, iredell, nc statesville iredell nc duke energy grid duke energy mcguire statesville delivery no 3 lake norman","nearest_nuclear_latitude":35.4331,"nearest_nuclear_longitude":-80.9486,"nearest_power_latitude":35.7972,"nearest_power_longitude":-80.8542,"nearest_water_latitude":35.489,"nearest_water_longitude":-80.939}},{"type":"Feature","geometry":{"type":"Point","coordinates":[-80.9562,35.2422]},"properties":{"key":"digital-realty-charlotte-nc","layer":"data-center","name":"Digital Realty Moores Chapel Data Center Campus","state":"NC","detail_file":"data/details/data-centers-07.json","id":"digital-realty-charlotte-nc","status":"Permitted","status_group":"Permitted","capacity_mw":400.0,"capacity_label":"400 MW planned","landscape_weight":156.0,"search":"digital realty moores chapel data center campus digital realty permitted permitted likely charlotte, mecklenburg county, nc charlotte mecklenburg county nc grid duke energy carolinas mcguire de solar 10240 old dowd rd lake norman","nearest_nuclear_latitude":35.4331,"nearest_nuclear_longitude":-80.9486,"nearest_power_latitude":35.2458,"nearest_power_longitude":-80.9967,"nearest_water_latitude":35.489,"nearest_water_longitude":-80.939}},{"type":"Feature","geometry":{"type":"Point","coordinates":[-78.878,35.053]},"properties":{"key":"energy-storage-solutions-fayetteville-cumberland-county-nc","layer":"data-center","name":"Energy Storage Solutions Fayetteville AI Data Center Campus","state":"NC","detail_file":"data/details/data-centers-01.json","id":"energy-storage-solutions-fayetteville-cumberland-county-nc","status":"Proposed","status_group":"Proposed","landscape_weight":8.0,"search":"energy storage solutions fayetteville ai data center campus energy storage solutions proposed proposed data center fayetteville, cumberland, nc fayetteville cumberland nc harris (nc) panda solar nc 5, llc kerr reservoir","nearest_nuclear_latitude":35.6334,"nearest_nuclear_longitude":-78.9556,"nearest_power_latitude":35.0472,"nearest_power_longitude":-78.8105,"nearest_water_latitude":36.599,"nearest_water_longitude":-78.297}},{"type":"Feature","geometry":{"type":"Point","coordinates":[-80.7658,35.3298]},"properties":{"key":"flexential-charlotte-north-clt04-05-nc","layer":"data-center","name":"Flexential Charlotte - North (CLT04/05)","state":"NC","detail_file":"data/details/data-centers-04.json","id":"flexential-charlotte-north-clt04-05-nc","status":"Operating","status_group":"Operating","landscape_weight":8.0,"search":"flexential charlotte - north (clt04/05) flexential operating operating data center charlotte, mecklenburg county, nc charlotte mecklenburg county nc duke energy carolinas mcguire huntersville delivery no 2 lake norman","nearest_nuclear_latitude":35.4331,"nearest_nuclear_longitude":-80.9486,"nearest_power_latitude":35.3832,"nearest_power_longitude":-80.8329,"nearest_water_latitude":35.489,"nearest_water_longitude":-80.939}},{"type":"Feature","geometry":{"type":"Point","coordinates":[-80.9368,35.1354]},"properties":{"key":"flexential-charlotte-south-clt01-02-03-nc","layer":"data-center","name":"Flexential Charlotte - South (CLT01/02/03)","state":"NC","detail_file":"data/details/data-centers-05.json","id":"flexential-charlotte-south-clt01-02-03-nc","status":"Operating","status_group":"Operating","capacity_mw":2.36,"capacity_label":"2 MW operating","landscape_weight":2.36,"search":"flexential charlotte - south (clt01/02/03) flexential operating operating data center charlotte, mecklenburg county, nc charlotte mecklenburg county nc duke energy carolinas catawba pineville delivery 2 lake norman","nearest_nuclear_latitude":35.0514,"nearest_nuclear_longitude":-81.0694,"nearest_power_latitude":35.0767,"nearest_power_longitude":-80.8816,"nearest_water_latitude":35.489,"nearest_water_longitude":-80.939}},{"type":"Feature","geometry":{"type":"Point","coordinates":[-78.8291,35.8505]},"properties":{"key":"flexential-raleigh-ral02-ral03-nc","layer":"data-center","name":"Flexential Raleigh (RAL02/RAL03)","state":"NC","detail_file":"data/details/data-centers-04.json","id":"flexential-raleigh-ral02-ral03-nc","status":"Operating","status_group":"Operating","landscape_weight":8.0,"search":"flexential raleigh (ral02/ral03) flexential operating operating data center morrisville, wake county, nc morrisville wake county nc harris (nc) xpf solar field kerr reservoir","nearest_nuclear_latitude":35.6334,"nearest_nuclear_longitude":-78.9556,"nearest_power_latitude":35.9117,"nearest_power_longitude":-78.8733,"nearest_water_latitude":36.599,"nearest_water_longitude":-78.297}},{"type":"Feature","geometry":{"type":"Point","coordinates":[-81.5469,35.9002]},"properties":{"key":"google-lenoir-nc","layer":"data-center","name":"Google Lenoir Data Center","state":"NC","detail_file":"data/details/data-centers-03.json","id":"google-lenoir-nc","status":"Operating","status_group":"Operating","landscape_weight":8.0,"search":"google lenoir data center google operating operating likely lenoir, caldwell county, nc lenoir caldwell county nc duke energy green source rider ppa \u2014 61 mw rutherford county solar farm (rutherford farms, llc), built specifically to meet lenoir data center demand solar duke energy carolinas mcguire bernhardt furniture solar farm lake norman","nearest_nuclear_latitude":35.4331,"nearest_nuclear_longitude":-80.9486,"nearest_power_latitude":35.8499,"nearest_power_longitude":-81.5409,"nearest_water_latitude":35.489,"nearest_water_longitude":-80.939}},{"type":"Feature","geometry":{"type":"Point","coordinates":[-79.792,36.0726]},"properties":{"key":"impactdata-greensboro-nc","layer":"data-center","name":"ImpactData Greensboro","state":"NC","detail_file":"data/details/data-centers-03.json","id":"impactdata-greensboro-nc","status":"Under construction","status_group":"Under construction","capacity_mw":20.0,"capacity_label":"20 MW planned","landscape_weight":20.0,"search":"impactdata greensboro impactdata under construction under construction likely greensboro, guilford, nc greensboro guilford nc grid harris (nc) white street renewables lake norman","nearest_nuclear_latitude":35.6334,"nearest_nuclear_longitude":-78.9556,"nearest_power_latitude":36.1045,"nearest_power_longitude":-79.7236,"nearest_water_latitude":35.489,"nearest_water_longitude":-80.939}},{"type":"Feature","geometry":{"type":"Point","coordinates":[-77.734,35.941]},"properties":{"key":"energy-storage-solutions-kingsboro-edgecombe-county-nc","layer":"data-center","name":"Kingsboro AI Data Center Campus","state":"NC","detail_file":"data/details/data-centers-06.json","id":"energy-storage-solutions-kingsboro-edgecombe-county-nc","status":"Permitted","status_group":"Permitted","capacity_mw":900.0,"capacity_label":"900 MW planned","landscape_weight":155.0,"search":"kingsboro ai data center campus energy storage solutions permitted permitted data center rocky mount, edgecombe, nc rocky mount edgecombe nc harris (nc) rmq 1 and 2 kerr reservoir","nearest_nuclear_latitude":35.6334,"nearest_nuclear_longitude":-78.9556,"nearest_power_latitude":35.9222,"nearest_power_longitude":-77.6731,"nearest_water_latitude":36.599,"nearest_water_longitude":-78.297}},{"type":"Feature","geometry":{"type":"Point","coordinates":[-81.826,35.317]},"properties":{"key":"meta-forest-city-nc","layer":"data-center","name":"Meta Forest City Data Center","state":"NC","detail_file":"data/details/data-centers-00.json","id":"meta-forest-city-nc","status":"Operating","status_group":"Operating","landscape_weight":150.0,"search":"meta forest city data center meta operating operating likely forest city, rutherford county, nc forest city rutherford county nc portfolio of ~5 nc solar ppas via duke energy (individual project names not confirmed via primary source) solar duke energy catawba clear solar i, llc lake norman","nearest_nuclear_latitude":35.0514,"nearest_nuclear_longitude":-81.0694,"nearest_power_latitude":35.3083,"nearest_power_longitude":-81.8418,"nearest_water_latitude":35.489,"nearest_water_longitude":-80.939}},{"type":"Feature","geometry":{"type":"Point","coordinates":[-78.9828,36.396]},"properties":{"key":"microsoft-person-county-roxboro-nc","layer":"data-center","name":"Microsoft Person County Mega Park","state":"NC","detail_file":"data/details/data-centers-07.json","id":"microsoft-person-county-roxboro-nc","status":"Permitted","status_group":"Permitted","landscape_weight":1385.0,"search":"microsoft person county mega park microsoft permitted permitted likely roxboro, person, nc roxboro person nc duke energy grid duke energy harris (nc) perkins solar, llc kerr reservoir","nearest_nuclear_latitude":35.6334,"nearest_nuclear_longitude":-78.9556,"nearest_power_latitude":36.4374,"nearest_power_longitude":-78.972,"nearest_water_latitude":36.599,"nearest_water_longitude":-78.297}},{"type":"Feature","geometry":{"type":"Point","coordinates":[-80.81,35.58]},"properties":{"key":"tract-mooresville-nc","layer":"data-center","name":"Mooresville Campus","state":"NC","detail_file":"data/details/data-centers-01.json","id":"tract-mooresville-nc","status":"Cancelled","status_group":"Cancelled","landscape_weight":400.0,"search":"mooresville campus tract cancelled cancelled data center mooresville, iredell, nc mooresville iredell nc mcguire cornelius delivery no 1 lake norman","nearest_nuclear_latitude":35.4331,"nearest_nuclear_longitude":-80.9486,"nearest_power_latitude":35.4833,"nearest_power_longitude":-80.8569,"nearest_water_latitude":35.489,"nearest_water_longitude":-80.939}},{"type":"Feature","geometry":{"type":"Point","coordinates":[-79.0033,35.6526]},"properties":{"key":"natelli-new-hill-nc","layer":"data-center","name":"Natelli New Hill Digital Campus","state":"NC","detail_file":"data/details/data-centers-05.json","id":"natelli-new-hill-nc","status":"Cancelled","status_group":"Cancelled","capacity_mw":300.0,"capacity_label":"300 MW planned","landscape_weight":300.0,"search":"natelli new hill digital campus natelli holdings cancelled cancelled likely new hill, wake, nc new hill wake nc grid harris (nc) harris (nc) kerr reservoir","nearest_nuclear_latitude":35.6334,"nearest_nuclear_longitude":-78.9556,"nearest_power_latitude":35.6334,"nearest_power_longitude":-78.9556,"nearest_water_latitude":36.599,"nearest_water_longitude":-78.297}},{"type":"Feature","geometry":{"type":"Point","coordinates":[-78.4709,36.3085]},"properties":{"key":"natelli-vance-county-henderson-nc","layer":"data-center","name":"Natelli Vance County Campus (proposed)","state":"NC","detail_file":"data/details/data-centers-06.json","id":"natelli-vance-county-henderson-nc","status":"Proposed","status_group":"Proposed","landscape_weight":113.0,"search":"natelli vance county campus (proposed) natelli investments proposed proposed data center henderson, vance, nc henderson vance nc harris (nc) vance solar farm, llc kerr reservoir","nearest_nuclear_latitude":35.6334,"nearest_nuclear_longitude":-78.9556,"nearest_power_latitude":36.2585,"nearest_power_longitude":-78.412,"nearest_water_latitude":36.599,"nearest_water_longitude":-78.297}},{"type":"Feature","geometry":{"type":"Point","coordinates":[-80.8431,35.2271]},"properties":{"key":"powerhouse-charlotte-nc","layer":"data-center","name":"PowerHouse Charlotte Campus","state":"NC","detail_file":"data/details/data-centers-01.json","id":"powerhouse-charlotte-nc","status":"Under construction","status_group":"Under construction","capacity_mw":300.0,"capacity_label":"300 MW planned","landscape_weight":120.0,"search":"powerhouse charlotte campus powerhouse data centers (arep) under construction under construction likely charlotte, mecklenburg, nc charlotte mecklenburg nc grid duke energy carolinas mcguire orbit energy charlotte lake norman","nearest_nuclear_latitude":35.4331,"nearest_nuclear_longitude":-80.9486,"nearest_power_latitude":35.2625,"nearest_power_longitude":-80.8117,"nearest_water_latitude":35.489,"nearest_water_longitude":-80.939}},{"type":"Feature","geometry":{"type":"Point","coordinates":[-80.1494,36.282]},"properties":{"key":"project-delta-walnut-cove-nc","layer":"data-center","name":"Project Delta Data Center \u2013 Stokes County","state":"NC","detail_file":"data/details/data-centers-00.json","id":"project-delta-walnut-cove-nc","status":"Proposed","status_group":"Proposed","landscape_weight":1800.0,"search":"project delta data center \u2013 stokes county undisclosed (rezoning applicant: engineered land solutions) proposed proposed likely walnut cove, stokes county, nc walnut cove stokes county nc on_site_gas duke energy (belews creek proximity; no confirmed interconnection) closed_loop mcguire lick creek solar, llc lake norman","nearest_nuclear_latitude":35.4331,"nearest_nuclear_longitude":-80.9486,"nearest_power_latitude":36.2831,"nearest_power_longitude":-80.1283,"nearest_water_latitude":35.489,"nearest_water_longitude":-80.939}},{"type":"Feature","geometry":{"type":"Point","coordinates":[-80.267,36.267]},"properties":{"key":"drox-group-rural-hall-forsyth-county-nc","layer":"data-center","name":"Rural Hall Data Center (The Drox Group)","state":"NC","detail_file":"data/details/data-centers-00.json","id":"drox-group-rural-hall-forsyth-county-nc","status":"Proposed","status_group":"Proposed","landscape_weight":129.0,"search":"rural hall data center (the drox group) the drox group proposed proposed likely rural hall, forsyth, nc rural hall forsyth nc mcguire germantown solar, llc lake norman","nearest_nuclear_latitude":35.4331,"nearest_nuclear_longitude":-80.9486,"nearest_power_latitude":36.2463,"nearest_power_longitude":-80.2546,"nearest_water_latitude":35.489,"nearest_water_longitude":-80.939}},{"type":"Feature","geometry":{"type":"Point","coordinates":[-81.395,35.2504]},"properties":{"key":"t5-charlotte-nc","layer":"data-center","name":"T5@Charlotte","state":"NC","detail_file":"data/details/data-centers-01.json","id":"t5-charlotte-nc","status":"Operating","status_group":"Operating","landscape_weight":300.0,"search":"t5@charlotte t5 data centers operating operating data center kings mountain, cleveland county, nc kings mountain cleveland county nc catawba innovative solar 23 lake norman","nearest_nuclear_latitude":35.0514,"nearest_nuclear_longitude":-81.0694,"nearest_power_latitude":35.2598,"nearest_power_longitude":-81.419,"nearest_water_latitude":35.489,"nearest_water_longitude":-80.939}},{"type":"Feature","geometry":{"type":"Point","coordinates":[-80.9281,35.1732]},"properties":{"key":"tierpoint-charlotte-center-park-nc","layer":"data-center","name":"TierPoint Charlotte - Center Park","state":"NC","detail_file":"data/details/data-centers-03.json","id":"tierpoint-charlotte-center-park-nc","status":"Operating","status_group":"Operating","landscape_weight":8.0,"search":"tierpoint charlotte - center park tierpoint operating operating data center charlotte, mecklenburg county, nc charlotte mecklenburg county nc duke energy carolinas catawba allen 2 bess lake norman","nearest_nuclear_latitude":35.0514,"nearest_nuclear_longitude":-81.0694,"nearest_power_latitude":35.1921,"nearest_power_longitude":-81.0101,"nearest_water_latitude":35.489,"nearest_water_longitude":-80.939}},{"type":"Feature","geometry":{"type":"Point","coordinates":[-79.9692,36.3801]},"properties":{"key":"whitefiber-nc1-madison-nc","layer":"data-center","name":"WhiteFiber NC-1 AI Data Center Campus","state":"NC","detail_file":"data/details/data-centers-01.json","id":"whitefiber-nc1-madison-nc","status":"Under construction","status_group":"Under construction","capacity_mw":200.0,"capacity_label":"200 MW planned","landscape_weight":200.0,"search":"whitefiber nc-1 ai data center campus whitefiber (bit digital) under construction under construction confirmed madison, rockingham, nc madison rockingham nc duke energy grid duke energy harris (nc) avalon hydropower lake norman","nearest_nuclear_latitude":35.6334,"nearest_nuclear_longitude":-78.9556,"nearest_power_latitude":36.4237,"nearest_power_longitude":-79.9525,"nearest_water_latitude":35.489,"nearest_water_longitude":-80.939}},{"type":"Feature","geometry":{"type":"Point","coordinates":[-98.509,46.003]},"properties":{"key":"applied-digital-polaris-forge-1-ellendale-nd","layer":"data-center","name":"Applied Digital Polaris Forge 1","state":"ND","detail_file":"data/details/data-centers-06.json","id":"applied-digital-polaris-forge-1-ellendale-nd","status":"Under construction","status_group":"Under construction","capacity_mw":100.0,"capacity_label":"100 MW operating / 400 MW planned","landscape_weight":320.0,"search":"applied digital polaris forge 1 applied digital corporation under construction under construction confirmed ellendale, dickey county, nd ellendale dickey county nd montana-dakota utilities (mdu) grid montana-dakota utilities closed_loop monticello nuclear facility foxtail wind, llc lake superior - duluth","nearest_nuclear_latitude":45.3338,"nearest_nuclear_longitude":-93.8493,"nearest_power_latitude":46.0982,"nearest_power_longitude":-98.8801,"nearest_water_latitude":46.786,"nearest_water_longitude":-92.1}},{"type":"Feature","geometry":{"type":"Point","coordinates":[-97.025,47.02]},"properties":{"key":"applied-digital-polaris-forge-2-harwood-nd","layer":"data-center","name":"Applied Digital Polaris Forge 2","state":"ND","detail_file":"data/details/data-centers-02.json","id":"applied-digital-polaris-forge-2-harwood-nd","status":"Under construction","status_group":"Under construction","capacity_mw":280.0,"capacity_label":"280 MW planned","landscape_weight":900.0,"search":"applied digital polaris forge 2 applied digital corporation under construction under construction confirmed harwood, cass county, nd harwood cass county nd cass county electric cooperative / minnkota power cooperative grid cass county electric cooperative / minnkota power cooperative monticello nuclear facility marvin composites lake superior - duluth","nearest_nuclear_latitude":45.3338,"nearest_nuclear_longitude":-93.8493,"nearest_power_latitude":46.8993,"nearest_power_longitude":-96.8595,"nearest_water_latitude":46.786,"nearest_water_longitude":-92.1}},{"type":"Feature","geometry":{"type":"Point","coordinates":[-101.426,47.111]},"properties":{"key":"applied-digital-polaris-forge-3-oliver-nd","layer":"data-center","name":"Applied Digital Polaris Forge 3","state":"ND","detail_file":"data/details/data-centers-01.json","id":"applied-digital-polaris-forge-3-oliver-nd","status":"Proposed","status_group":"Proposed","capacity_mw":430.0,"capacity_label":"430 MW planned","landscape_weight":430.0,"search":"applied digital polaris forge 3 applied digital corporation proposed proposed data center hanover, oliver, nd hanover oliver nd monticello nuclear facility red butte wind lake superior - duluth","nearest_nuclear_latitude":45.3338,"nearest_nuclear_longitude":-93.8493,"nearest_power_latitude":47.0639,"nearest_power_longitude":-101.4753,"nearest_water_latitude":46.786,"nearest_water_longitude":-92.1}},{"type":"Feature","geometry":{"type":"Point","coordinates":[-96.371,40.474]},"properties":{"key":"google-nebraska-ai-campus-proposed","layer":"data-center","name":"Google Nebraska AI Campus (proposed)","state":"NE","detail_file":"data/details/data-centers-03.json","id":"google-nebraska-ai-campus-proposed","status":"Proposed","status_group":"Proposed","capacity_mw":1000.0,"capacity_label":"1,000 MW planned","landscape_weight":1000.0,"search":"google nebraska ai campus (proposed) google proposed proposed likely otoe / gage county, ne otoe / gage county ne on_site_gas cooper nuclear station tecumseh missouri river - omaha","nearest_nuclear_latitude":40.3628,"nearest_nuclear_longitude":-95.6408,"nearest_power_latitude":40.3664,"nearest_power_longitude":-96.19,"nearest_water_latitude":41.258,"nearest_water_longitude":-95.938}},{"type":"Feature","geometry":{"type":"Point","coordinates":[-96.1437,41.1326]},"properties":{"key":"google-papillion-ne","layer":"data-center","name":"Google Papillion Data Center","state":"NE","detail_file":"data/details/data-centers-03.json","id":"google-papillion-ne","status":"Operating","status_group":"Operating","landscape_weight":275.0,"search":"google papillion data center google operating operating likely papillion, sarpy county, ne papillion sarpy county ne oppd pierce county energy center (420 mw solar + 680 mwh battery storage, online 2027), via google-oppd carbon-free-energy procurement framework solar omaha public power district (oppd) cooper nuclear station turtle creek missouri river - omaha","nearest_nuclear_latitude":40.3628,"nearest_nuclear_longitude":-95.6408,"nearest_power_latitude":41.0922,"nearest_power_longitude":-96.1683,"nearest_water_latitude":41.258,"nearest_water_longitude":-95.938}},{"type":"Feature","geometry":{"type":"Point","coordinates":[-96.148,41.052]},"properties":{"key":"meta-sarpy-springfield-ne","layer":"data-center","name":"Meta Sarpy Campus (Springfield expansion)","state":"NE","detail_file":"data/details/data-centers-01.json","id":"meta-sarpy-springfield-ne","status":"Under construction","status_group":"Under construction","landscape_weight":500.0,"search":"meta sarpy campus (springfield expansion) meta under construction under construction mixed_use springfield, sarpy county, ne springfield sarpy county ne mixed omaha public power district (oppd) evaporative cooper nuclear station turtle creek missouri river - omaha","nearest_nuclear_latitude":40.3628,"nearest_nuclear_longitude":-95.6408,"nearest_power_latitude":41.0922,"nearest_power_longitude":-96.1683,"nearest_water_latitude":41.258,"nearest_water_longitude":-95.938}},{"type":"Feature","geometry":{"type":"Point","coordinates":[-70.808,43.0761]},"properties":{"key":"firstlight-portsmouth-nh-data-center-nh","layer":"data-center","name":"FirstLight Portsmouth, NH Data Center","state":"NH","detail_file":"data/details/data-centers-03.json","id":"firstlight-portsmouth-nh-data-center-nh","status":"Operating","status_group":"Operating","landscape_weight":8.0,"search":"firstlight portsmouth, nh data center firstlight operating operating data center portsmouth, rockingham, nh portsmouth rockingham nh seabrook newington hudson river - new york","nearest_nuclear_latitude":42.8992,"nearest_nuclear_longitude":-70.8489,"nearest_power_latitude":43.1,"nearest_power_longitude":-70.7908,"nearest_water_latitude":40.79,"nearest_water_longitude":-73.98}},{"type":"Feature","geometry":{"type":"Point","coordinates":[-75.043,39.402]},"properties":{"key":"a1-data-center-millville-nj","layer":"data-center","name":"A1 Data Center Campus","state":"NJ","detail_file":"data/details/data-centers-05.json","id":"a1-data-center-millville-nj","status":"Cancelled","status_group":"Cancelled","landscape_weight":66.0,"search":"a1 data center campus a1 data center cancelled cancelled likely millville, cumberland, nj millville cumberland nj grid \u2014 atlantic city electric grid atlantic city electric pseg salem generating station millville city sewer auth wtp delaware river - philadelphia","nearest_nuclear_latitude":39.4625,"nearest_nuclear_longitude":-75.5358,"nearest_power_latitude":39.3764,"nearest_power_longitude":-75.0331,"nearest_water_latitude":39.952,"nearest_water_longitude":-75.135}},{"type":"Feature","geometry":{"type":"Point","coordinates":[-74.7381,41.0419]},"properties":{"key":"andover-hpc-development-nj","layer":"data-center","name":"Andover HPC Data Center (former Newton Airport Site)","state":"NJ","detail_file":"data/details/data-centers-04.json","id":"andover-hpc-development-nj","status":"Proposed","status_group":"Proposed","landscape_weight":97.0,"search":"andover hpc data center (former newton airport site) andover hpc development proposed proposed confirmed andover, sussex, nj andover sussex nj grid (undisclosed utility) grid jcp&l (firstenergy) limerick augusta solar farm hudson river - new york","nearest_nuclear_latitude":40.2243,"nearest_nuclear_longitude":-75.5874,"nearest_power_latitude":41.1,"nearest_power_longitude":-74.731,"nearest_water_latitude":40.79,"nearest_water_longitude":-73.98}},{"type":"Feature","geometry":{"type":"Point","coordinates":[-74.0652,40.7843]},"properties":{"key":"coresite-ny2-secaucus-nj-nj","layer":"data-center","name":"CoreSite NY2 - Secaucus, NJ","state":"NJ","detail_file":"data/details/data-centers-03.json","id":"coresite-ny2-secaucus-nj-nj","status":"Operating","status_group":"Operating","landscape_weight":8.0,"search":"coresite ny2 - secaucus, nj coresite operating operating data center secaucus, hudson county, nj secaucus hudson county nj pse&g limerick hartz way hudson river - new york","nearest_nuclear_latitude":40.2243,"nearest_nuclear_longitude":-75.5874,"nearest_power_latitude":40.7828,"nearest_power_longitude":-74.0728,"nearest_water_latitude":40.79,"nearest_water_longitude":-73.98}},{"type":"Feature","geometry":{"type":"Point","coordinates":[-74.2913,40.6762]},"properties":{"key":"coreweave-kenilworth-nj","layer":"data-center","name":"CoreWeave NEST Campus","state":"NJ","detail_file":"data/details/data-centers-05.json","id":"coreweave-kenilworth-nj","status":"Under construction","status_group":"Under construction","capacity_mw":250.0,"capacity_label":"250 MW planned","landscape_weight":27.0,"search":"coreweave nest campus coreweave under construction under construction confirmed kenilworth, union, nj kenilworth union nj on-site power (former merck campus infrastructure) + pse&g grid grid pse&g closed_loop limerick kenilworth energy facility hudson river - new york","nearest_nuclear_latitude":40.2243,"nearest_nuclear_longitude":-75.5874,"nearest_power_latitude":40.6781,"nearest_power_longitude":-74.2744,"nearest_water_latitude":40.79,"nearest_water_longitude":-73.98}},{"type":"Feature","geometry":{"type":"Point","coordinates":[-74.5457,40.538]},"properties":{"key":"cyrusone-nym1-somerset-nj","layer":"data-center","name":"CyrusOne NYM1 (Somerset)","state":"NJ","detail_file":"data/details/data-centers-05.json","id":"cyrusone-nym1-somerset-nj","status":"Operating","status_group":"Operating","landscape_weight":8.0,"search":"cyrusone nym1 (somerset) cyrusone operating operating likely somerset, somerset county, nj somerset somerset county nj grid pse&g limerick bpl nj - belmont hudson river - new york","nearest_nuclear_latitude":40.2243,"nearest_nuclear_longitude":-75.5874,"nearest_power_latitude":40.5305,"nearest_power_longitude":-74.5449,"nearest_water_latitude":40.79,"nearest_water_longitude":-73.98}},{"type":"Feature","geometry":{"type":"Point","coordinates":[-74.025,40.7618]},"properties":{"key":"digital-realty-new-york-ewr10-nj","layer":"data-center","name":"Digital Realty New York EWR10","state":"NJ","detail_file":"data/details/data-centers-06.json","id":"digital-realty-new-york-ewr10-nj","status":"Operating","status_group":"Operating","landscape_weight":8.0,"search":"digital realty new york ewr10 digital realty operating operating data center weehawken, hudson county, nj weehawken hudson county nj pse&g limerick 5601 westside cdg hudson river - new york","nearest_nuclear_latitude":40.2243,"nearest_nuclear_longitude":-75.5874,"nearest_power_latitude":40.7796,"nearest_power_longitude":-74.0418,"nearest_water_latitude":40.79,"nearest_water_longitude":-73.98}},{"type":"Feature","geometry":{"type":"Point","coordinates":[-74.4571,40.5538]},"properties":{"key":"digital-realty-new-york-ewr11-nj","layer":"data-center","name":"Digital Realty New York EWR11","state":"NJ","detail_file":"data/details/data-centers-06.json","id":"digital-realty-new-york-ewr11-nj","status":"Operating","status_group":"Operating","landscape_weight":8.0,"search":"digital realty new york ewr11 digital realty operating operating data center piscataway township, middlesex county, nj piscataway township middlesex county nj pse&g limerick cascades hudson river - new york","nearest_nuclear_latitude":40.2243,"nearest_nuclear_longitude":-75.5874,"nearest_power_latitude":40.5588,"nearest_power_longitude":-74.4565,"nearest_water_latitude":40.79,"nearest_water_longitude":-73.98}},{"type":"Feature","geometry":{"type":"Point","coordinates":[-74.4592,40.5529]},"properties":{"key":"digital-realty-new-york-ewr12-nj","layer":"data-center","name":"Digital Realty New York EWR12","state":"NJ","detail_file":"data/details/data-centers-06.json","id":"digital-realty-new-york-ewr12-nj","status":"Operating","status_group":"Operating","landscape_weight":8.0,"search":"digital realty new york ewr12 digital realty operating operating data center piscataway township, middlesex county, nj piscataway township middlesex county nj pse&g limerick cascades hudson river - new york","nearest_nuclear_latitude":40.2243,"nearest_nuclear_longitude":-75.5874,"nearest_power_latitude":40.5588,"nearest_power_longitude":-74.4565,"nearest_water_latitude":40.79,"nearest_water_longitude":-73.98}},{"type":"Feature","geometry":{"type":"Point","coordinates":[-74.5555,40.5375]},"properties":{"key":"digital-realty-somerset-650-randolph-road-nj","layer":"data-center","name":"Digital Realty Somerset (650 Randolph Road)","state":"NJ","detail_file":"data/details/data-centers-00.json","id":"digital-realty-somerset-650-randolph-road-nj","status":"Operating","status_group":"Operating","landscape_weight":8.0,"search":"digital realty somerset (650 randolph road) digital realty operating operating data center franklin township (somerset), somerset, nj franklin township (somerset) somerset nj pse&g limerick scs randolph 012175 somerset, llc hudson river - new york","nearest_nuclear_latitude":40.2243,"nearest_nuclear_longitude":-75.5874,"nearest_power_latitude":40.5401,"nearest_power_longitude":-74.5588,"nearest_water_latitude":40.79,"nearest_water_longitude":-73.98}},{"type":"Feature","geometry":{"type":"Point","coordinates":[-74.0723,40.7786]},"properties":{"key":"equinix-ny5-nj","layer":"data-center","name":"Equinix NY5","state":"NJ","detail_file":"data/details/data-centers-01.json","id":"equinix-ny5-nj","status":"Operating","status_group":"Operating","landscape_weight":8.0,"search":"equinix ny5 equinix operating operating likely secaucus, hudson county, nj secaucus hudson county nj grid \u2014 pse&g grid pse&g limerick eqx003 secaucus rd fuel cell hudson river - new york","nearest_nuclear_latitude":40.2243,"nearest_nuclear_longitude":-75.5874,"nearest_power_latitude":40.7785,"nearest_power_longitude":-74.0722,"nearest_water_latitude":40.79,"nearest_water_longitude":-73.98}},{"type":"Feature","geometry":{"type":"Point","coordinates":[-74.0311,40.7969]},"properties":{"key":"equinix-ny7-nj","layer":"data-center","name":"Equinix NY7","state":"NJ","detail_file":"data/details/data-centers-07.json","id":"equinix-ny7-nj","status":"Operating","status_group":"Operating","landscape_weight":8.0,"search":"equinix ny7 equinix operating operating data center north bergen, hudson county, nj north bergen hudson county nj pse&g limerick westside avenue hudson river - new york","nearest_nuclear_latitude":40.2243,"nearest_nuclear_longitude":-75.5874,"nearest_power_latitude":40.8141,"nearest_power_longitude":-74.0213,"nearest_water_latitude":40.79,"nearest_water_longitude":-73.98}},{"type":"Feature","geometry":{"type":"Point","coordinates":[-74.992,39.4862]},"properties":{"key":"nebius-vineland-nj","layer":"data-center","name":"Nebius Vineland Data Center","state":"NJ","detail_file":"data/details/data-centers-03.json","id":"nebius-vineland-nj","status":"Operating","status_group":"Operating","capacity_mw":100.0,"capacity_label":"100 MW operating / 300 MW planned","landscape_weight":100.0,"search":"nebius vineland data center nebius group operating operating confirmed vineland, cumberland county, nj vineland cumberland county nj on-site natural gas (primary, ~85%); vineland mua (supplemental, ~15%) on_site_gas vineland municipal utilities authority (supplemental, ~15%) air pseg salem generating station maple solar delaware river - philadelphia","nearest_nuclear_latitude":39.4625,"nearest_nuclear_longitude":-75.5358,"nearest_power_latitude":39.4875,"nearest_power_longitude":-74.9808,"nearest_water_latitude":39.952,"nearest_water_longitude":-75.135}},{"type":"Feature","geometry":{"type":"Point","coordinates":[-74.4839,40.5569]},"properties":{"key":"qts-piscataway-1-nj","layer":"data-center","name":"QTS Piscataway 1","state":"NJ","detail_file":"data/details/data-centers-05.json","id":"qts-piscataway-1-nj","status":"Operating","status_group":"Operating","capacity_mw":65.0,"capacity_label":"65 MW operating","landscape_weight":38.0,"search":"qts piscataway 1 qts operating operating data center piscataway, middlesex county, nj piscataway middlesex county nj pse&g limerick chanel piscataway rooftop hudson river - new york","nearest_nuclear_latitude":40.2243,"nearest_nuclear_longitude":-75.5874,"nearest_power_latitude":40.5503,"nearest_power_longitude":-74.483,"nearest_water_latitude":40.79,"nearest_water_longitude":-73.98}},{"type":"Feature","geometry":{"type":"Point","coordinates":[-103.3,32.7]},"properties":{"key":"new-era-energy-digital-lea-county-data-center-nm","layer":"data-center","name":"Lea County Data Center","state":"NM","detail_file":"data/details/data-centers-01.json","id":"new-era-energy-digital-lea-county-data-center-nm","status":"Proposed","status_group":"Proposed","capacity_mw":7000.0,"capacity_label":"7,000 MW planned","landscape_weight":3500.0,"search":"lea county data center new era energy & digital, inc. proposed proposed data center lovington, lea, nm lovington lea nm project matador nuclear maddox rio grande - el paso","nearest_nuclear_latitude":35.2838,"nearest_nuclear_longitude":-101.569,"nearest_power_latitude":32.7142,"nearest_power_longitude":-103.3015,"nearest_water_latitude":31.761,"nearest_water_longitude":-106.485}},{"type":"Feature","geometry":{"type":"Point","coordinates":[-106.7296,34.8083]},"properties":{"key":"meta-los-lunas-ai-nm","layer":"data-center","name":"Meta Los Lunas AI Expansion","state":"NM","detail_file":"data/details/data-centers-07.json","id":"meta-los-lunas-ai-nm","status":"Under construction","status_group":"Under construction","landscape_weight":750.0,"search":"meta los lunas ai expansion meta (greater kudu llc) under construction under construction confirmed los lunas, valencia, nm los lunas valencia nm solar public service company of new mexico (pnm) unknown project matador nuclear facebook 1 solar energy center rio grande - el paso","nearest_nuclear_latitude":35.2838,"nearest_nuclear_longitude":-101.569,"nearest_power_latitude":34.831,"nearest_power_longitude":-106.762,"nearest_water_latitude":31.761,"nearest_water_longitude":-106.485}},{"type":"Feature","geometry":{"type":"Point","coordinates":[-106.6895,31.8636]},"properties":{"key":"stargate-project-jupiter-dona-ana-nm","layer":"data-center","name":"Stargate Project Jupiter","state":"NM","detail_file":"data/details/data-centers-07.json","id":"stargate-project-jupiter-dona-ana-nm","status":"Under construction","status_group":"Under construction","capacity_mw":1000.0,"capacity_label":"1,000 MW planned","landscape_weight":1400.0,"search":"stargate project jupiter openai / oracle / stack infrastructure under construction under construction confirmed santa teresa, dona ana, nm santa teresa dona ana nm on-site natural gas microgrid on_site_gas el paso electric closed_loop palo verde santa teresa solar rio grande - el paso","nearest_nuclear_latitude":33.3881,"nearest_nuclear_longitude":-112.8617,"nearest_power_latitude":31.8055,"nearest_power_longitude":-106.6989,"nearest_water_latitude":31.761,"nearest_water_longitude":-106.485}},{"type":"Feature","geometry":{"type":"Point","coordinates":[-104.52,33.14]},"properties":{"key":"zenith-volts-roswell-chaves-county-data-center-nm","layer":"data-center","name":"Zenith Volts Roswell / Chaves County Data Center","state":"NM","detail_file":"data/details/data-centers-06.json","id":"zenith-volts-roswell-chaves-county-data-center-nm","status":"Permitted","status_group":"Permitted","capacity_mw":1240.0,"capacity_label":"1,240 MW planned","landscape_weight":300.0,"search":"zenith volts roswell / chaves county data center zenith volts corp. permitted permitted data center roswell, chaves, nm roswell chaves nm project matador nuclear xcel-1 community solar rio grande - el paso","nearest_nuclear_latitude":35.2838,"nearest_nuclear_longitude":-101.569,"nearest_power_latitude":33.3266,"nearest_power_longitude":-104.536,"nearest_water_latitude":31.761,"nearest_water_longitude":-106.485}},{"type":"Feature","geometry":{"type":"Point","coordinates":[-119.5548,39.5631]},"properties":{"key":"apple-reno-nv","layer":"data-center","name":"Apple Reno Data Center (Reno Technology Park)","state":"NV","detail_file":"data/details/data-centers-02.json","id":"apple-reno-nv","status":"Operating","status_group":"Operating","landscape_weight":1700.0,"search":"apple reno data center (reno technology park) apple operating operating likely sparks, washoe county, nv sparks washoe county nv turquoise solar (61 mwdc / ~50mw ac, inside reno technology park adjacent to the sparks campus) + fort churchill solar (~20mw, near yerington), delivered via nv solar nv energy diablo canyon tracy lake mead","nearest_nuclear_latitude":35.2115,"nearest_nuclear_longitude":-120.8555,"nearest_power_latitude":39.5625,"nearest_power_longitude":-119.525,"nearest_water_latitude":36.245,"nearest_water_longitude":-114.396}},{"type":"Feature","geometry":{"type":"Point","coordinates":[-115.1431,36.1686]},"properties":{"key":"flexential-las-vegas-downtown-nv","layer":"data-center","name":"Flexential Las Vegas - Downtown","state":"NV","detail_file":"data/details/data-centers-05.json","id":"flexential-las-vegas-downtown-nv","status":"Operating","status_group":"Operating","landscape_weight":8.0,"search":"flexential las vegas - downtown flexential operating operating data center las vegas, clark county, nv las vegas clark county nv palo verde speedway north bldg 1-sllas701 lake mead","nearest_nuclear_latitude":33.3881,"nearest_nuclear_longitude":-112.8617,"nearest_power_latitude":36.2019,"nearest_power_longitude":-115.1202,"nearest_water_latitude":36.245,"nearest_water_longitude":-114.396}},{"type":"Feature","geometry":{"type":"Point","coordinates":[-115.1013,36.2482]},"properties":{"key":"flexential-las-vegas-north-las04-nv","layer":"data-center","name":"Flexential Las Vegas - North (LAS04)","state":"NV","detail_file":"data/details/data-centers-03.json","id":"flexential-las-vegas-north-las04-nv","status":"Operating","status_group":"Operating","capacity_mw":9.0,"capacity_label":"9 MW operating","landscape_weight":9.0,"search":"flexential las vegas - north (las04) flexential operating operating data center north las vegas, clark county, nv north las vegas clark county nv palo verde tjx las vegas lake mead","nearest_nuclear_latitude":33.3881,"nearest_nuclear_longitude":-112.8617,"nearest_power_latitude":36.251,"nearest_power_longitude":-115.0816,"nearest_water_latitude":36.245,"nearest_water_longitude":-114.396}},{"type":"Feature","geometry":{"type":"Point","coordinates":[-115.0425,36.0562]},"properties":{"key":"google-henderson-nv","layer":"data-center","name":"Google Henderson Data Center","state":"NV","detail_file":"data/details/data-centers-04.json","id":"google-henderson-nv","status":"Operating","status_group":"Operating","landscape_weight":64.0,"search":"google henderson data center google operating operating likely henderson, clark county, nv henderson clark county nv nv energy solar + storage deal (~350 mw solar pv, 250-280 mw battery storage) tied to google's henderson campus; supplementary fervo energy geothermal solar nv energy palo verde saguaro power lake mead","nearest_nuclear_latitude":33.3881,"nearest_nuclear_longitude":-112.8617,"nearest_power_latitude":36.0417,"nearest_power_longitude":-115.0117,"nearest_water_latitude":36.245,"nearest_water_longitude":-114.396}},{"type":"Feature","geometry":{"type":"Point","coordinates":[-119.2169,39.6082]},"properties":{"key":"microsoft-fernley-nv","layer":"data-center","name":"Microsoft Victory Logistics District Campus","state":"NV","detail_file":"data/details/data-centers-03.json","id":"microsoft-fernley-nv","status":"Proposed","status_group":"Proposed","landscape_weight":300.7,"search":"microsoft victory logistics district campus microsoft proposed proposed likely fernley, lyon, nv fernley lyon nv grid nv energy diablo canyon patua acquisition project, llc lake mead","nearest_nuclear_latitude":35.2115,"nearest_nuclear_longitude":-120.8555,"nearest_power_latitude":39.5858,"nearest_power_longitude":-119.0731,"nearest_water_latitude":36.245,"nearest_water_longitude":-114.396}},{"type":"Feature","geometry":{"type":"Point","coordinates":[-119.44,39.53]},"properties":{"key":"novva-tahoe-reno-storey-county-nv","layer":"data-center","name":"Novva Tahoe Reno Data Center","state":"NV","detail_file":"data/details/data-centers-07.json","id":"novva-tahoe-reno-storey-county-nv","status":"Operating","status_group":"Operating","capacity_mw":60.0,"capacity_label":"60 MW planned","landscape_weight":20.0,"search":"novva tahoe reno data center novva data centers operating operating likely mccarran, storey county, nv mccarran storey county nv nv energy grid nv energy closed_loop diablo canyon tesla reno gigafactory lake mead","nearest_nuclear_latitude":35.2115,"nearest_nuclear_longitude":-120.8555,"nearest_power_latitude":39.5395,"nearest_power_longitude":-119.4392,"nearest_water_latitude":36.245,"nearest_water_longitude":-114.396}},{"type":"Feature","geometry":{"type":"Point","coordinates":[-119.3732,39.6183]},"properties":{"key":"switch-citadel-storey-county-nv","layer":"data-center","name":"Switch CITADEL Campus","state":"NV","detail_file":"data/details/data-centers-01.json","id":"switch-citadel-storey-county-nv","status":"Operating","status_group":"Operating","capacity_mw":250.0,"capacity_label":"250 MW operating / 650 MW planned","landscape_weight":2000.0,"search":"switch citadel campus switch operating operating mixed_use mccarran, storey, nv mccarran storey nv 100% renewable (wind + solar) solar nv energy (grid interconnect) closed_loop diablo canyon chukar battery energy storage system lake mead","nearest_nuclear_latitude":35.2115,"nearest_nuclear_longitude":-120.8555,"nearest_power_latitude":39.5564,"nearest_power_longitude":-119.4367,"nearest_water_latitude":36.245,"nearest_water_longitude":-114.396}},{"type":"Feature","geometry":{"type":"Point","coordinates":[-115.2137,36.0591]},"properties":{"key":"switch-edge-1-nv","layer":"data-center","name":"Switch Edge 1","state":"NV","detail_file":"data/details/data-centers-03.json","id":"switch-edge-1-nv","status":"Operating","status_group":"Operating","landscape_weight":8.0,"search":"switch edge 1 switch operating operating likely las vegas, clark county, nv las vegas clark county nv switch station 1 & 2 solar (179mw, apex/dry lake sez) via nv energy special renewable tariff solar nv energy palo verde solar las vegas mb-1 lake mead","nearest_nuclear_latitude":33.3881,"nearest_nuclear_longitude":-112.8617,"nearest_power_latitude":36.0886,"nearest_power_longitude":-115.1778,"nearest_water_latitude":36.245,"nearest_water_longitude":-114.396}},{"type":"Feature","geometry":{"type":"Point","coordinates":[-115.2231,36.0556]},"properties":{"key":"switch-las-vegas-10-nv","layer":"data-center","name":"Switch Las Vegas 10","state":"NV","detail_file":"data/details/data-centers-04.json","id":"switch-las-vegas-10-nv","status":"Operating","status_group":"Operating","landscape_weight":8.0,"search":"switch las vegas 10 switch operating operating likely las vegas, clark county, nv las vegas clark county nv switch station 1 & 2 solar (179mw, apex/dry lake sez) via nv energy special renewable tariff solar nv energy palo verde dignity - san martin lake mead","nearest_nuclear_latitude":33.3881,"nearest_nuclear_longitude":-112.8617,"nearest_power_latitude":36.0572,"nearest_power_longitude":-115.2721,"nearest_water_latitude":36.245,"nearest_water_longitude":-114.396}},{"type":"Feature","geometry":{"type":"Point","coordinates":[-115.2141,36.0559]},"properties":{"key":"switch-las-vegas-11-nv","layer":"data-center","name":"Switch Las Vegas 11","state":"NV","detail_file":"data/details/data-centers-01.json","id":"switch-las-vegas-11-nv","status":"Operating","status_group":"Operating","landscape_weight":8.0,"search":"switch las vegas 11 switch operating operating likely las vegas, clark county, nv las vegas clark county nv switch station 1 & 2 solar (179mw, apex/dry lake sez) via nv energy special renewable tariff solar nv energy palo verde solar las vegas mb-1 lake mead","nearest_nuclear_latitude":33.3881,"nearest_nuclear_longitude":-112.8617,"nearest_power_latitude":36.0886,"nearest_power_longitude":-115.1778,"nearest_water_latitude":36.245,"nearest_water_longitude":-114.396}},{"type":"Feature","geometry":{"type":"Point","coordinates":[-115.2133,36.0617]},"properties":{"key":"switch-las-vegas-12-nv","layer":"data-center","name":"Switch Las Vegas 12","state":"NV","detail_file":"data/details/data-centers-07.json","id":"switch-las-vegas-12-nv","status":"Operating","status_group":"Operating","landscape_weight":8.0,"search":"switch las vegas 12 switch operating operating likely las vegas, clark county, nv las vegas clark county nv switch station 1 & 2 solar (179mw, apex/dry lake sez) via nv energy special renewable tariff solar nv energy palo verde solar las vegas mb-1 lake mead","nearest_nuclear_latitude":33.3881,"nearest_nuclear_longitude":-112.8617,"nearest_power_latitude":36.0886,"nearest_power_longitude":-115.1778,"nearest_water_latitude":36.245,"nearest_water_longitude":-114.396}},{"type":"Feature","geometry":{"type":"Point","coordinates":[-115.0767,36.1428]},"properties":{"key":"switch-las-vegas-5-nv","layer":"data-center","name":"Switch Las Vegas 5","state":"NV","detail_file":"data/details/data-centers-04.json","id":"switch-las-vegas-5-nv","status":"Operating","status_group":"Operating","landscape_weight":8.0,"search":"switch las vegas 5 switch operating operating likely las vegas, clark county, nv las vegas clark county nv switch station 1 & 2 solar (179mw, apex/dry lake sez) via nv energy special renewable tariff solar nv energy palo verde las vegas wpcf solar plant lake mead","nearest_nuclear_latitude":33.3881,"nearest_nuclear_longitude":-112.8617,"nearest_power_latitude":36.1344,"nearest_power_longitude":-115.0353,"nearest_water_latitude":36.245,"nearest_water_longitude":-114.396}},{"type":"Feature","geometry":{"type":"Point","coordinates":[-115.2102,36.0599]},"properties":{"key":"switch-las-vegas-7-nv","layer":"data-center","name":"Switch Las Vegas 7","state":"NV","detail_file":"data/details/data-centers-05.json","id":"switch-las-vegas-7-nv","status":"Operating","status_group":"Operating","landscape_weight":8.0,"search":"switch las vegas 7 switch operating operating likely enterprise, clark county, nv enterprise clark county nv switch station 1 & 2 solar (179mw, apex/dry lake sez) via nv energy special renewable tariff solar nv energy palo verde solar las vegas mb-1 lake mead","nearest_nuclear_latitude":33.3881,"nearest_nuclear_longitude":-112.8617,"nearest_power_latitude":36.0886,"nearest_power_longitude":-115.1778,"nearest_water_latitude":36.245,"nearest_water_longitude":-114.396}},{"type":"Feature","geometry":{"type":"Point","coordinates":[-115.2196,36.0557]},"properties":{"key":"switch-las-vegas-9-nv","layer":"data-center","name":"Switch Las Vegas 9","state":"NV","detail_file":"data/details/data-centers-05.json","id":"switch-las-vegas-9-nv","status":"Operating","status_group":"Operating","landscape_weight":8.0,"search":"switch las vegas 9 switch operating operating likely las vegas, clark county, nv las vegas clark county nv switch station 1 & 2 solar (179mw, apex/dry lake sez) via nv energy special renewable tariff solar nv energy palo verde dignity - san martin lake mead","nearest_nuclear_latitude":33.3881,"nearest_nuclear_longitude":-112.8617,"nearest_power_latitude":36.0572,"nearest_power_longitude":-115.2721,"nearest_water_latitude":36.245,"nearest_water_longitude":-114.396}},{"type":"Feature","geometry":{"type":"Point","coordinates":[-119.4755,39.5141]},"properties":{"key":"switch-tahoe-reno-1-the-citadel-campus-nv","layer":"data-center","name":"Switch Tahoe Reno 1 (The Citadel Campus)","state":"NV","detail_file":"data/details/data-centers-03.json","id":"switch-tahoe-reno-1-the-citadel-campus-nv","status":"Operating","status_group":"Operating","landscape_weight":8.0,"search":"switch tahoe reno 1 (the citadel campus) switch operating operating likely mccarran, storey county, nv mccarran storey county nv gigawatt nevada solar+storage (citadel behind-the-meter, storey county) + switch station 1 & 2 solar via nv energy renewable tariff solar nv energy diablo canyon tesla reno gigafactory lake mead","nearest_nuclear_latitude":35.2115,"nearest_nuclear_longitude":-120.8555,"nearest_power_latitude":39.5395,"nearest_power_longitude":-119.4392,"nearest_water_latitude":36.245,"nearest_water_longitude":-114.396}},{"type":"Feature","geometry":{"type":"Point","coordinates":[-119.4849,39.5139]},"properties":{"key":"switch-tahoe-reno-2-the-citadel-campus-nv","layer":"data-center","name":"Switch Tahoe Reno 2 (The Citadel Campus)","state":"NV","detail_file":"data/details/data-centers-07.json","id":"switch-tahoe-reno-2-the-citadel-campus-nv","status":"Operating","status_group":"Operating","landscape_weight":8.0,"search":"switch tahoe reno 2 (the citadel campus) switch operating operating likely mccarran, storey county, nv mccarran storey county nv gigawatt nevada solar+storage (citadel behind-the-meter, storey county) + switch station 1 & 2 solar via nv energy renewable tariff solar nv energy diablo canyon tesla reno gigafactory lake mead","nearest_nuclear_latitude":35.2115,"nearest_nuclear_longitude":-120.8555,"nearest_power_latitude":39.5395,"nearest_power_longitude":-119.4392,"nearest_water_latitude":36.245,"nearest_water_longitude":-114.396}},{"type":"Feature","geometry":{"type":"Point","coordinates":[-119.4833,39.5115]},"properties":{"key":"switch-tahoe-reno-3-the-citadel-campus-nv","layer":"data-center","name":"Switch Tahoe Reno 3 (The Citadel Campus)","state":"NV","detail_file":"data/details/data-centers-06.json","id":"switch-tahoe-reno-3-the-citadel-campus-nv","status":"Operating","status_group":"Operating","landscape_weight":8.0,"search":"switch tahoe reno 3 (the citadel campus) switch operating operating likely mccarran, storey county, nv mccarran storey county nv gigawatt nevada solar+storage (citadel behind-the-meter, storey county) + switch station 1 & 2 solar via nv energy renewable tariff solar nv energy diablo canyon tesla reno gigafactory lake mead","nearest_nuclear_latitude":35.2115,"nearest_nuclear_longitude":-120.8555,"nearest_power_latitude":39.5395,"nearest_power_longitude":-119.4392,"nearest_water_latitude":36.245,"nearest_water_longitude":-114.396}},{"type":"Feature","geometry":{"type":"Point","coordinates":[-119.5904,39.5311]},"properties":{"key":"vantage-nv1-storey-county-nv","layer":"data-center","name":"Vantage Data Centers NV1","state":"NV","detail_file":"data/details/data-centers-05.json","id":"vantage-nv1-storey-county-nv","status":"Under construction","status_group":"Under construction","capacity_mw":224.0,"capacity_label":"224 MW planned","landscape_weight":137.0,"search":"vantage data centers nv1 vantage data centers under construction under construction confirmed mccarran, storey, nv mccarran storey nv grid nv energy closed_loop diablo canyon waste management lockwood lfgte lake mead","nearest_nuclear_latitude":35.2115,"nearest_nuclear_longitude":-120.8555,"nearest_power_latitude":39.4933,"nearest_power_longitude":-119.6203,"nearest_water_latitude":36.245,"nearest_water_longitude":-114.396}},{"type":"Feature","geometry":{"type":"Point","coordinates":[-74.0046,40.72]},"properties":{"key":"32-avenue-of-the-americas-ny","layer":"data-center","name":"32 Avenue of the Americas","state":"NY","detail_file":"data/details/data-centers-01.json","id":"32-avenue-of-the-americas-ny","status":"Operating","status_group":"Operating","landscape_weight":8.0,"search":"32 avenue of the americas multi-tenant carrier hotel (digital realty, coresite, and other carrier/telecom tenants) operating operating data center new york, new york, ny new york new york ny con edison grid con edison limerick oak orchard hudson river - new york","nearest_nuclear_latitude":40.2243,"nearest_nuclear_longitude":-75.5874,"nearest_power_latitude":40.7127,"nearest_power_longitude":-74.006,"nearest_water_latitude":40.79,"nearest_water_longitude":-73.98}},{"type":"Feature","geometry":{"type":"Point","coordinates":[-74.0083,40.7177]},"properties":{"key":"60-hudson-street-ny","layer":"data-center","name":"60 Hudson Street","state":"NY","detail_file":"data/details/data-centers-04.json","id":"60-hudson-street-ny","status":"Operating","status_group":"Operating","landscape_weight":8.0,"search":"60 hudson street multi-tenant carrier hotel (hudson interxchange, digital realty, databank, equinix, and 100+ telecom tenants) operating operating data center new york, new york, ny new york new york ny con edison grid con edison limerick oak orchard hudson river - new york","nearest_nuclear_latitude":40.2243,"nearest_nuclear_longitude":-75.5874,"nearest_power_latitude":40.7127,"nearest_power_longitude":-74.006,"nearest_water_latitude":40.79,"nearest_water_longitude":-73.98}},{"type":"Feature","geometry":{"type":"Point","coordinates":[-79.0175,43.0628]},"properties":{"key":"9ldg-niagara-falls-ny","layer":"data-center","name":"9LDG Niagara AI Data Center","state":"NY","detail_file":"data/details/data-centers-06.json","id":"9ldg-niagara-falls-ny","status":"Proposed","status_group":"Proposed","landscape_weight":22.0,"search":"9ldg niagara ai data center 9 lives digital group (9ldg) proposed proposed confirmed niagara falls, niagara, ny niagara falls niagara ny hydroelectric (nypa); 100mw on-site substation hydro r e ginna nuclear power plant reworld niagara i niagara river - niagara falls","nearest_nuclear_latitude":43.2777,"nearest_nuclear_longitude":-77.3099,"nearest_power_latitude":43.0839,"nearest_power_longitude":-79.0056,"nearest_water_latitude":43.081,"nearest_water_longitude":-79.064}},{"type":"Feature","geometry":{"type":"Point","coordinates":[-73.9868,41.0367]},"properties":{"key":"bloomberg-orangeburg-ny","layer":"data-center","name":"Bloomberg LP Data Center","state":"NY","detail_file":"data/details/data-centers-05.json","id":"bloomberg-orangeburg-ny","status":"Operating","status_group":"Operating","capacity_mw":4.0,"capacity_label":"4 MW operating","landscape_weight":4.0,"search":"bloomberg lp data center bloomberg lp operating operating data center orangeburg, rockland, ny orangeburg rockland ny grid-connected millstone lederle laboratories hudson river - new york","nearest_nuclear_latitude":41.3107,"nearest_nuclear_longitude":-72.1677,"nearest_power_latitude":41.0772,"nearest_power_longitude":-74.0181,"nearest_water_latitude":40.79,"nearest_water_longitude":-73.98}},{"type":"Feature","geometry":{"type":"Point","coordinates":[-74.0032,40.7414]},"properties":{"key":"digital-realty-jfk10-manhattan-ny","layer":"data-center","name":"Digital Realty JFK10 (111 Eighth Avenue)","state":"NY","detail_file":"data/details/data-centers-02.json","id":"digital-realty-jfk10-manhattan-ny","status":"Operating","status_group":"Operating","landscape_weight":8.0,"search":"digital realty jfk10 (111 eighth avenue) digital realty operating operating confirmed new york, new york, ny new york new york ny grid \u2014 con edison grid con edison limerick peak power 1 cogen hudson river - new york","nearest_nuclear_latitude":40.2243,"nearest_nuclear_longitude":-75.5874,"nearest_power_latitude":40.7511,"nearest_power_longitude":-73.9917,"nearest_water_latitude":40.79,"nearest_water_longitude":-73.98}},{"type":"Feature","geometry":{"type":"Point","coordinates":[-78.7516,43.1688]},"properties":{"key":"h5-buffalo-i-lockport-ny","layer":"data-center","name":"H5 Data Centers Buffalo I (formerly Yahoo Lockport)","state":"NY","detail_file":"data/details/data-centers-02.json","id":"h5-buffalo-i-lockport-ny","status":"Operating","status_group":"Operating","landscape_weight":43.0,"search":"h5 data centers buffalo i (formerly yahoo lockport) h5 data centers operating operating data center lockport, niagara, ny lockport niagara ny grid-connected; chillerless outside-air cooling design minimizes power draw national grid hybrid r e ginna nuclear power plant lockport energy associates lp niagara river - niagara falls","nearest_nuclear_latitude":43.2777,"nearest_nuclear_longitude":-77.3099,"nearest_power_latitude":43.1619,"nearest_power_longitude":-78.745,"nearest_water_latitude":43.081,"nearest_water_longitude":-79.064}},{"type":"Feature","geometry":{"type":"Point","coordinates":[-78.7481,43.1697]},"properties":{"key":"h5-buffalo-ii-lockport-ny","layer":"data-center","name":"H5 Data Centers Buffalo II","state":"NY","detail_file":"data/details/data-centers-06.json","id":"h5-buffalo-ii-lockport-ny","status":"Operating","status_group":"Operating","landscape_weight":8.0,"search":"h5 data centers buffalo ii h5 data centers operating operating data center lockport, niagara, ny lockport niagara ny grid-connected national grid r e ginna nuclear power plant lockport energy associates lp niagara river - niagara falls","nearest_nuclear_latitude":43.2777,"nearest_nuclear_longitude":-77.3099,"nearest_power_latitude":43.1619,"nearest_power_longitude":-78.745,"nearest_water_latitude":43.081,"nearest_water_longitude":-79.064}},{"type":"Feature","geometry":{"type":"Point","coordinates":[-73.8187,42.7356]},"properties":{"key":"lumen-albany-4-ny","layer":"data-center","name":"Lumen Albany 4","state":"NY","detail_file":"data/details/data-centers-06.json","id":"lumen-albany-4-ny","status":"Operating","status_group":"Operating","landscape_weight":8.0,"search":"lumen albany 4 lumen technologies operating operating data center albany, albany county, ny albany albany county ny national grid millstone mm albany energy hudson river - new york","nearest_nuclear_latitude":41.3107,"nearest_nuclear_longitude":-72.1677,"nearest_power_latitude":42.7044,"nearest_power_longitude":-73.8509,"nearest_water_latitude":40.79,"nearest_water_longitude":-73.98}},{"type":"Feature","geometry":{"type":"Point","coordinates":[-79.0603,43.0885]},"properties":{"key":"niagara-digital-campus-niagara-falls-ny","layer":"data-center","name":"Niagara Digital Campus","state":"NY","detail_file":"data/details/data-centers-02.json","id":"niagara-digital-campus-niagara-falls-ny","status":"Proposed","status_group":"Proposed","capacity_mw":135.0,"capacity_label":"135 MW planned","landscape_weight":142.0,"search":"niagara digital campus urbacon data centre solutions proposed proposed likely niagara falls, niagara, ny niagara falls niagara ny hydroelectric (nypa robert moses niagara power plant) hydro new york power authority (nypa) r e ginna nuclear power plant reworld niagara i niagara river - niagara falls","nearest_nuclear_latitude":43.2777,"nearest_nuclear_longitude":-77.3099,"nearest_power_latitude":43.0839,"nearest_power_longitude":-79.0056,"nearest_water_latitude":43.081,"nearest_water_longitude":-79.064}},{"type":"Feature","geometry":{"type":"Point","coordinates":[-76.39,43.17]},"properties":{"key":"ranalli-lysander-ny","layer":"data-center","name":"Ranalli Lysander Data Center","state":"NY","detail_file":"data/details/data-centers-01.json","id":"ranalli-lysander-ny","status":"Proposed","status_group":"Proposed","capacity_mw":300.0,"capacity_label":"300 MW planned","landscape_weight":120.0,"search":"ranalli lysander data center ranalli proposed proposed likely lysander, onondaga, ny lysander onondaga ny grid national grid nine mile point nuclear station oya church road lake ontario - rochester","nearest_nuclear_latitude":43.5211,"nearest_nuclear_longitude":-76.41,"nearest_power_latitude":43.1913,"nearest_power_longitude":-76.3895,"nearest_water_latitude":43.156,"nearest_water_longitude":-77.608}},{"type":"Feature","geometry":{"type":"Point","coordinates":[-78.887,43.037]},"properties":{"key":"riverview-innovation-tech-campus-tonawanda-ny","layer":"data-center","name":"Riverview Innovation & Technology Campus","state":"NY","detail_file":"data/details/data-centers-05.json","id":"riverview-innovation-tech-campus-tonawanda-ny","status":"Proposed","status_group":"Proposed","capacity_mw":300.0,"capacity_label":"300 MW planned","landscape_weight":140.0,"search":"riverview innovation & technology campus riverview innovation & technology campus proposed proposed likely tonawanda, erie, ny tonawanda erie ny grid (national grid); niagara power project + nine mile point nuclear station upstream mix grid national grid unknown r e ginna nuclear power plant ny grand island 871 whitehaven rd solar niagara river - niagara falls","nearest_nuclear_latitude":43.2777,"nearest_nuclear_longitude":-77.3099,"nearest_power_latitude":43.0275,"nearest_power_longitude":-78.9207,"nearest_water_latitude":43.081,"nearest_water_longitude":-79.064}},{"type":"Feature","geometry":{"type":"Point","coordinates":[-76.4968,42.5453]},"properties":{"key":"terawulf-lansing-ny","layer":"data-center","name":"TeraWulf AI Data Center Campus, Lansing","state":"NY","detail_file":"data/details/data-centers-07.json","id":"terawulf-lansing-ny","status":"Proposed","status_group":"Proposed","capacity_mw":400.0,"capacity_label":"400 MW planned","landscape_weight":400.0,"search":"terawulf ai data center campus, lansing terawulf / cayuga operating company proposed proposed confirmed lansing, tompkins, ny lansing tompkins ny grid (nyseg); former coal plant infrastructure grid new york state electric & gas (nyseg) closed_loop r e ginna nuclear power plant yellow barn solar lake ontario - rochester","nearest_nuclear_latitude":43.2777,"nearest_nuclear_longitude":-77.3099,"nearest_power_latitude":42.565,"nearest_power_longitude":-76.4391,"nearest_water_latitude":43.156,"nearest_water_longitude":-77.608}},{"type":"Feature","geometry":{"type":"Point","coordinates":[-73.8152,41.0885]},"properties":{"key":"tierpoint-hawthorne-westchester-ny","layer":"data-center","name":"TierPoint Hawthorne (11 & 17 Skyline Drive)","state":"NY","detail_file":"data/details/data-centers-02.json","id":"tierpoint-hawthorne-westchester-ny","status":"Operating","status_group":"Operating","landscape_weight":8.0,"search":"tierpoint hawthorne (11 & 17 skyline drive) tierpoint, llc operating operating data center hawthorne, westchester, ny hawthorne westchester ny con edison millstone westchester county medical center hudson river - new york","nearest_nuclear_latitude":41.3107,"nearest_nuclear_longitude":-72.1677,"nearest_power_latitude":41.0892,"nearest_power_longitude":-73.8044,"nearest_water_latitude":40.79,"nearest_water_longitude":-73.98}},{"type":"Feature","geometry":{"type":"Point","coordinates":[-83.1761,40.0495]},"properties":{"key":"aws-cosgray-hilliard-oh","layer":"data-center","name":"AWS Cosgray Road Campus","state":"OH","detail_file":"data/details/data-centers-04.json","id":"aws-cosgray-hilliard-oh","status":"Operating","status_group":"Operating","landscape_weight":8.0,"search":"aws cosgray road campus amazon web services operating operating data center hilliard, franklin, oh hilliard franklin oh oklo aurora powerhouse pleasant prairie solar energy llc ohio river - cincinnati","nearest_nuclear_latitude":39.018,"nearest_nuclear_longitude":-82.996,"nearest_power_latitude":39.9448,"nearest_power_longitude":-83.204,"nearest_water_latitude":39.103,"nearest_water_longitude":-84.512}},{"type":"Feature","geometry":{"type":"Point","coordinates":[-83.1986,40.1019]},"properties":{"key":"aws-crosby-court-franklin-county-oh","layer":"data-center","name":"AWS Crosby Court Campus","state":"OH","detail_file":"data/details/data-centers-00.json","id":"aws-crosby-court-franklin-county-oh","status":"Operating","status_group":"Operating","landscape_weight":66.82,"search":"aws crosby court campus amazon web services operating operating likely plain city, franklin, oh plain city franklin oh grid aep ohio oklo aurora powerhouse pleasant prairie solar energy llc ohio river - cincinnati","nearest_nuclear_latitude":39.018,"nearest_nuclear_longitude":-82.996,"nearest_power_latitude":39.9448,"nearest_power_longitude":-83.204,"nearest_water_latitude":39.103,"nearest_water_longitude":-84.512}},{"type":"Feature","geometry":{"type":"Point","coordinates":[-83.1343,40.0599]},"properties":{"key":"aws-hayden-run-hilliard-oh","layer":"data-center","name":"AWS Hayden Run Campus","state":"OH","detail_file":"data/details/data-centers-03.json","id":"aws-hayden-run-hilliard-oh","status":"Operating","status_group":"Operating","landscape_weight":55.22,"search":"aws hayden run campus amazon web services operating operating likely hilliard, franklin, oh hilliard franklin oh grid oklo aurora powerhouse ps st-8 engine no 1 ohio river - cincinnati","nearest_nuclear_latitude":39.018,"nearest_nuclear_longitude":-82.996,"nearest_power_latitude":39.9614,"nearest_power_longitude":-83.0491,"nearest_water_latitude":39.103,"nearest_water_longitude":-84.512}},{"type":"Feature","geometry":{"type":"Point","coordinates":[-83.2124,40.1346]},"properties":{"key":"aws-industrial-parkway-jerome-township-oh","layer":"data-center","name":"AWS Industrial Parkway Campus (Jerome Township)","state":"OH","detail_file":"data/details/data-centers-06.json","id":"aws-industrial-parkway-jerome-township-oh","status":"Operating","status_group":"Operating","landscape_weight":86.18,"search":"aws industrial parkway campus (jerome township) amazon web services operating operating likely plain city, union, oh plain city union oh grid consolidated electric coop oklo aurora powerhouse vertiv solar ohio river - cincinnati","nearest_nuclear_latitude":39.018,"nearest_nuclear_longitude":-82.996,"nearest_power_latitude":40.282,"nearest_power_longitude":-83.1021,"nearest_water_latitude":39.103,"nearest_water_longitude":-84.512}},{"type":"Feature","geometry":{"type":"Point","coordinates":[-82.7501,40.0944]},"properties":{"key":"aws-2550-beech-road-new-albany-oh","layer":"data-center","name":"AWS New Albany (2550 Beech Road)","state":"OH","detail_file":"data/details/data-centers-01.json","id":"aws-2550-beech-road-new-albany-oh","status":"Operating","status_group":"Operating","landscape_weight":65.3,"search":"aws new albany (2550 beech road) amazon web services operating operating data center new albany, licking county, oh new albany licking county oh oklo aurora powerhouse flint lake erie - cleveland","nearest_nuclear_latitude":39.018,"nearest_nuclear_longitude":-82.996,"nearest_power_latitude":40.0964,"nearest_power_longitude":-82.7336,"nearest_water_latitude":41.499,"nearest_water_longitude":-81.694}},{"type":"Feature","geometry":{"type":"Point","coordinates":[-82.7509,40.1041]},"properties":{"key":"aws-3180-beech-road-new-albany-oh","layer":"data-center","name":"AWS New Albany (3180 Beech Road)","state":"OH","detail_file":"data/details/data-centers-00.json","id":"aws-3180-beech-road-new-albany-oh","status":"Operating","status_group":"Operating","landscape_weight":106.41,"search":"aws new albany (3180 beech road) amazon web services operating operating likely new albany, licking county, oh new albany licking county oh grid oklo aurora powerhouse flint lake erie - cleveland","nearest_nuclear_latitude":39.018,"nearest_nuclear_longitude":-82.996,"nearest_power_latitude":40.0964,"nearest_power_longitude":-82.7336,"nearest_water_latitude":41.499,"nearest_water_longitude":-81.694}},{"type":"Feature","geometry":{"type":"Point","coordinates":[-82.7573,40.1159]},"properties":{"key":"aws-beech-road-new-albany-oh","layer":"data-center","name":"AWS New Albany (Beech/Miller Road Campus)","state":"OH","detail_file":"data/details/data-centers-06.json","id":"aws-beech-road-new-albany-oh","status":"Under construction","status_group":"Under construction","landscape_weight":458.0,"search":"aws new albany (beech/miller road campus) amazon web services under construction under construction data center new albany, licking county, oh new albany licking county oh oklo aurora powerhouse flint lake erie - cleveland","nearest_nuclear_latitude":39.018,"nearest_nuclear_longitude":-82.996,"nearest_power_latitude":40.0964,"nearest_power_longitude":-82.7336,"nearest_water_latitude":41.499,"nearest_water_longitude":-81.694}},{"type":"Feature","geometry":{"type":"Point","coordinates":[-82.7299,40.0937]},"properties":{"key":"aws-newton-court-new-albany-oh","layer":"data-center","name":"AWS New Albany (Newton Court)","state":"OH","detail_file":"data/details/data-centers-07.json","id":"aws-newton-court-new-albany-oh","status":"Operating","status_group":"Operating","landscape_weight":92.69,"search":"aws new albany (newton court) amazon web services operating operating likely new albany, licking county, oh new albany licking county oh grid oklo aurora powerhouse flint lake erie - cleveland","nearest_nuclear_latitude":39.018,"nearest_nuclear_longitude":-82.996,"nearest_power_latitude":40.0964,"nearest_power_longitude":-82.7336,"nearest_water_latitude":41.499,"nearest_water_longitude":-81.694}},{"type":"Feature","geometry":{"type":"Point","coordinates":[-83.35,40.237]},"properties":{"key":"aws-project-cosmos-marysville-oh","layer":"data-center","name":"AWS Project Cosmos","state":"OH","detail_file":"data/details/data-centers-07.json","id":"aws-project-cosmos-marysville-oh","status":"Under construction","status_group":"Under construction","landscape_weight":55.0,"search":"aws project cosmos amazon web services under construction under construction mixed_use marysville, union, oh marysville union oh grid (city water supply; non-contact cooling with on-site storage) grid oklo aurora powerhouse richwood solar and storage ohio river - cincinnati","nearest_nuclear_latitude":39.018,"nearest_nuclear_longitude":-82.996,"nearest_power_latitude":40.3532,"nearest_power_longitude":-83.3312,"nearest_water_latitude":39.103,"nearest_water_longitude":-84.512}},{"type":"Feature","geometry":{"type":"Point","coordinates":[-84.16,40.29]},"properties":{"key":"aws-galaxy-sidney-oh","layer":"data-center","name":"AWS Project Galaxy \u2014 Sidney, OH","state":"OH","detail_file":"data/details/data-centers-00.json","id":"aws-galaxy-sidney-oh","status":"Under construction","status_group":"Under construction","capacity_mw":1500.0,"capacity_label":"1,500 MW planned","landscape_weight":1500.0,"search":"aws project galaxy \u2014 sidney, oh amazon web services under construction under construction likely sidney, shelby county, oh sidney shelby county oh aes ohio (dayton power and light) grid aes ohio (dayton power and light) evaporative davis besse sidney (oh) ohio river - cincinnati","nearest_nuclear_latitude":41.5967,"nearest_nuclear_longitude":-83.0861,"nearest_power_latitude":40.2792,"nearest_power_longitude":-84.191,"nearest_water_latitude":39.103,"nearest_water_longitude":-84.512}},{"type":"Feature","geometry":{"type":"Point","coordinates":[-83.1244,40.0189]},"properties":{"key":"aws-scioto-darby-hilliard-oh","layer":"data-center","name":"AWS Scioto Darby Campus","state":"OH","detail_file":"data/details/data-centers-02.json","id":"aws-scioto-darby-hilliard-oh","status":"Operating","status_group":"Operating","landscape_weight":152.0,"search":"aws scioto darby campus amazon web services operating operating data center hilliard, franklin, oh hilliard franklin oh oklo aurora powerhouse ps st-8 engine no 1 ohio river - cincinnati","nearest_nuclear_latitude":39.018,"nearest_nuclear_longitude":-82.996,"nearest_power_latitude":39.9614,"nearest_power_longitude":-83.0491,"nearest_water_latitude":39.103,"nearest_water_longitude":-84.512}},{"type":"Feature","geometry":{"type":"Point","coordinates":[-83.2,40.1186]},"properties":{"key":"aws-warner-road-jerome-township-oh","layer":"data-center","name":"AWS Warner Road Campus (Jerome Township)","state":"OH","detail_file":"data/details/data-centers-05.json","id":"aws-warner-road-jerome-township-oh","status":"Operating","status_group":"Operating","landscape_weight":92.78,"search":"aws warner road campus (jerome township) amazon web services operating operating likely plain city, union, oh plain city union oh amazon's ohio wind/solar portfolio is company-wide clean-energy matching (23 wind/solar projects, incl. the paulding county wind farm), not a site-specific ppa  grid union rural electric coop, inc oklo aurora powerhouse pleasant prairie solar energy llc ohio river - cincinnati","nearest_nuclear_latitude":39.018,"nearest_nuclear_longitude":-82.996,"nearest_power_latitude":39.9448,"nearest_power_longitude":-83.204,"nearest_water_latitude":39.103,"nearest_water_longitude":-84.512}},{"type":"Feature","geometry":{"type":"Point","coordinates":[-81.83,40.27]},"properties":{"key":"aligned-conesville-oh","layer":"data-center","name":"Aligned Data Centers \u2013 Conesville Industrial Park","state":"OH","detail_file":"data/details/data-centers-06.json","id":"aligned-conesville-oh","status":"Under construction","status_group":"Under construction","landscape_weight":197.0,"search":"aligned data centers \u2013 conesville industrial park aligned data centers under construction under construction confirmed conesville, coshocton county, oh conesville coshocton county oh aep ohio (pjm grid) grid aep ohio (pjm interconnect) unknown beaver valley dresden energy facility lake erie - cleveland","nearest_nuclear_latitude":40.6219,"nearest_nuclear_longitude":-80.4336,"nearest_power_latitude":40.0928,"nearest_power_longitude":-82.0276,"nearest_water_latitude":41.499,"nearest_water_longitude":-81.694}},{"type":"Feature","geometry":{"type":"Point","coordinates":[-82.719,41.4322]},"properties":{"key":"aligned-neo-01-oh","layer":"data-center","name":"Aligned NEO-01","state":"OH","detail_file":"data/details/data-centers-02.json","id":"aligned-neo-01-oh","status":"Under construction","status_group":"Under construction","capacity_mw":96.0,"capacity_label":"96 MW planned","landscape_weight":96.0,"search":"aligned neo-01 aligned under construction under construction likely sandusky (perkins township), erie county, oh sandusky (perkins township) erie county oh grid \u2014 ohio edison (firstenergy) grid ohio edison (firstenergy) davis besse wheatsborough solar lake erie - cleveland","nearest_nuclear_latitude":41.5967,"nearest_nuclear_longitude":-83.0861,"nearest_power_latitude":41.3382,"nearest_power_longitude":-82.8265,"nearest_water_latitude":41.499,"nearest_water_longitude":-81.694}},{"type":"Feature","geometry":{"type":"Point","coordinates":[-81.5214,41.0572]},"properties":{"key":"ark-data-centers-akron-i-summit-county-oh","layer":"data-center","name":"Ark Data Centers Akron I (fka Involta)","state":"OH","detail_file":"data/details/data-centers-01.json","id":"ark-data-centers-akron-i-summit-county-oh","status":"Operating","status_group":"Operating","capacity_mw":1.0,"capacity_label":"1 MW operating","landscape_weight":1.0,"search":"ark data centers akron i (fka involta) ark data centers (formerly involta) operating operating data center akron, summit, oh akron summit oh ohio edison (firstenergy) perry igs akc1 lake erie - cleveland","nearest_nuclear_latitude":41.8006,"nearest_nuclear_longitude":-81.1439,"nearest_power_latitude":41.0496,"nearest_power_longitude":-81.5816,"nearest_water_latitude":41.499,"nearest_water_longitude":-81.694}},{"type":"Feature","geometry":{"type":"Point","coordinates":[-81.5213,41.0573]},"properties":{"key":"ark-data-centers-akron-ii-summit-county-oh","layer":"data-center","name":"Ark Data Centers Akron II (fka Involta)","state":"OH","detail_file":"data/details/data-centers-07.json","id":"ark-data-centers-akron-ii-summit-county-oh","status":"Operating","status_group":"Operating","capacity_mw":1.0,"capacity_label":"1 MW operating","landscape_weight":1.0,"search":"ark data centers akron ii (fka involta) ark data centers (formerly involta) operating operating data center akron, summit, oh akron summit oh ohio edison (firstenergy) perry igs akc1 lake erie - cleveland","nearest_nuclear_latitude":41.8006,"nearest_nuclear_longitude":-81.1439,"nearest_power_latitude":41.0496,"nearest_power_longitude":-81.5816,"nearest_water_latitude":41.499,"nearest_water_longitude":-81.694}},{"type":"Feature","geometry":{"type":"Point","coordinates":[-81.6325,41.3606]},"properties":{"key":"ark-data-centers-independence-cuyahoga-county-oh","layer":"data-center","name":"Ark Data Centers Independence (fka Involta)","state":"OH","detail_file":"data/details/data-centers-07.json","id":"ark-data-centers-independence-cuyahoga-county-oh","status":"Operating","status_group":"Operating","landscape_weight":8.0,"search":"ark data centers independence (fka involta) ark data centers (formerly involta) operating operating data center independence, cuyahoga, oh independence cuyahoga oh perry cleveland works lake erie - cleveland","nearest_nuclear_latitude":41.8006,"nearest_nuclear_longitude":-81.1439,"nearest_power_latitude":41.4739,"nearest_power_longitude":-81.6728,"nearest_water_latitude":41.499,"nearest_water_longitude":-81.694}},{"type":"Feature","geometry":{"type":"Point","coordinates":[-83.03,39.72]},"properties":{"key":"edgeconnex-ashville-oh","layer":"data-center","name":"Ashville Campus","state":"OH","detail_file":"data/details/data-centers-03.json","id":"edgeconnex-ashville-oh","status":"Proposed","status_group":"Proposed","landscape_weight":680.0,"search":"ashville campus edgeconnex proposed proposed data center ashville, pickaway, oh ashville pickaway oh south central power company oklo aurora powerhouse darby power, llc ohio river - cincinnati","nearest_nuclear_latitude":39.018,"nearest_nuclear_longitude":-82.996,"nearest_power_latitude":39.7139,"nearest_power_longitude":-83.1778,"nearest_water_latitude":39.103,"nearest_water_longitude":-84.512}},{"type":"Feature","geometry":{"type":"Point","coordinates":[-80.8731,39.7748]},"properties":{"key":"bitdeer-clarington-oh","layer":"data-center","name":"Bitdeer Clarington HPC/AI Campus","state":"OH","detail_file":"data/details/data-centers-04.json","id":"bitdeer-clarington-oh","status":"Under construction","status_group":"Under construction","capacity_mw":570.0,"capacity_label":"570 MW planned","landscape_weight":570.0,"search":"bitdeer clarington hpc/ai campus bitdeer under construction under construction likely clarington, monroe, oh clarington monroe oh aep ohio grid aep ohio beaver valley axiall natrium plant ohio river - pittsburgh","nearest_nuclear_latitude":40.6219,"nearest_nuclear_longitude":-80.4336,"nearest_power_latitude":39.7475,"nearest_power_longitude":-80.8547,"nearest_water_latitude":40.441,"nearest_water_longitude":-80.01}},{"type":"Feature","geometry":{"type":"Point","coordinates":[-81.245,41.199]},"properties":{"key":"bitdeer-shalersville-portage-county-oh","layer":"data-center","name":"Bitdeer Shalersville Data Center Campus","state":"OH","detail_file":"data/details/data-centers-04.json","id":"bitdeer-shalersville-portage-county-oh","status":"Proposed","status_group":"Proposed","capacity_mw":750.0,"capacity_label":"750 MW planned","landscape_weight":257.0,"search":"bitdeer shalersville data center campus bitdeer (development partner: geis development) proposed proposed likely shalersville township, portage, oh shalersville township portage oh grid ohio edison (firstenergy) perry ksu solar array lake erie - cleveland","nearest_nuclear_latitude":41.8006,"nearest_nuclear_longitude":-81.1439,"nearest_power_latitude":41.1333,"nearest_power_longitude":-81.3222,"nearest_water_latitude":41.499,"nearest_water_longitude":-81.694}},{"type":"Feature","geometry":{"type":"Point","coordinates":[-80.87,41.18]},"properties":{"key":"bristolville-25-lordstown-oh","layer":"data-center","name":"Bristolville 25","state":"OH","detail_file":"data/details/data-centers-00.json","id":"bristolville-25-lordstown-oh","status":"Proposed","status_group":"Proposed","landscape_weight":133.0,"search":"bristolville 25 bristolville 25 developer llc / bhgh properties proposed proposed data center lordstown, trumbull, oh lordstown trumbull oh ohio edison (firstenergy) beaver valley middletown- ohio lake erie - cleveland","nearest_nuclear_latitude":40.6219,"nearest_nuclear_longitude":-80.4336,"nearest_power_latitude":41.1489,"nearest_power_longitude":-80.8516,"nearest_water_latitude":41.499,"nearest_water_longitude":-81.694}},{"type":"Feature","geometry":{"type":"Point","coordinates":[-83.0111,40.1909]},"properties":{"key":"cologix-col5-orange-township-delaware-county-oh","layer":"data-center","name":"Cologix COL5","state":"OH","detail_file":"data/details/data-centers-03.json","id":"cologix-col5-orange-township-delaware-county-oh","status":"Under construction","status_group":"Under construction","capacity_mw":75.0,"capacity_label":"75 MW planned","landscape_weight":25.0,"search":"cologix col5 cologix under construction under construction data center lewis center, delaware, oh lewis center delaware oh aep ohio oklo aurora powerhouse vertiv solar ohio river - cincinnati","nearest_nuclear_latitude":39.018,"nearest_nuclear_longitude":-82.996,"nearest_power_latitude":40.282,"nearest_power_longitude":-83.1021,"nearest_water_latitude":39.103,"nearest_water_longitude":-84.512}},{"type":"Feature","geometry":{"type":"Point","coordinates":[-82.68,40.15]},"properties":{"key":"cologix-johnstown-oh","layer":"data-center","name":"Cologix Johnstown AI-Ready Campus","state":"OH","detail_file":"data/details/data-centers-02.json","id":"cologix-johnstown-oh","status":"Under construction","status_group":"Under construction","capacity_mw":800.0,"capacity_label":"800 MW planned","landscape_weight":154.0,"search":"cologix johnstown ai-ready campus cologix under construction under construction likely johnstown, licking, oh johnstown licking oh grid aep ohio closed_loop oklo aurora powerhouse flint lake erie - cleveland","nearest_nuclear_latitude":39.018,"nearest_nuclear_longitude":-82.996,"nearest_power_latitude":40.0964,"nearest_power_longitude":-82.7336,"nearest_water_latitude":41.499,"nearest_water_longitude":-81.694}},{"type":"Feature","geometry":{"type":"Point","coordinates":[-84.3116,39.3039]},"properties":{"key":"cyrusone-cin3-cincinnati-mason-oh","layer":"data-center","name":"CyrusOne CIN3 (Cincinnati-Mason)","state":"OH","detail_file":"data/details/data-centers-04.json","id":"cyrusone-cin3-cincinnati-mason-oh","status":"Operating","status_group":"Operating","landscape_weight":8.0,"search":"cyrusone cin3 (cincinnati-mason) cyrusone operating operating data center mason, warren county, oh mason warren county oh duke energy ohio oklo aurora powerhouse cz solar warren, llc ohio river - cincinnati","nearest_nuclear_latitude":39.018,"nearest_nuclear_longitude":-82.996,"nearest_power_latitude":39.411,"nearest_power_longitude":-84.32,"nearest_water_latitude":39.103,"nearest_water_longitude":-84.512}},{"type":"Feature","geometry":{"type":"Point","coordinates":[-82.7181,40.0929]},"properties":{"key":"cyrusone-new-albany-col1-licking-county-oh","layer":"data-center","name":"CyrusOne New Albany COL-1","state":"OH","detail_file":"data/details/data-centers-01.json","id":"cyrusone-new-albany-col1-licking-county-oh","status":"Under construction","status_group":"Under construction","landscape_weight":93.8,"search":"cyrusone new albany col-1 cyrusone under construction under construction data center johnstown, licking, oh johnstown licking oh oklo aurora powerhouse flint lake erie - cleveland","nearest_nuclear_latitude":39.018,"nearest_nuclear_longitude":-82.996,"nearest_power_latitude":40.0964,"nearest_power_longitude":-82.7336,"nearest_water_latitude":41.499,"nearest_water_longitude":-81.694}},{"type":"Feature","geometry":{"type":"Point","coordinates":[-82.7227,40.0888]},"properties":{"key":"edgeconnex-mcn-new-albany-licking-county-oh","layer":"data-center","name":"EdgeConneX MCN New Albany (South Campus)","state":"OH","detail_file":"data/details/data-centers-00.json","id":"edgeconnex-mcn-new-albany-licking-county-oh","status":"Under construction","status_group":"Under construction","capacity_mw":224.0,"capacity_label":"224 MW planned","landscape_weight":267.0,"search":"edgeconnex mcn new albany (south campus) edgeconnex under construction under construction data center new albany, licking county, oh new albany licking county oh oklo aurora powerhouse flint lake erie - cleveland","nearest_nuclear_latitude":39.018,"nearest_nuclear_longitude":-82.996,"nearest_power_latitude":40.0964,"nearest_power_longitude":-82.7336,"nearest_water_latitude":41.499,"nearest_water_longitude":-81.694}},{"type":"Feature","geometry":{"type":"Point","coordinates":[-82.8158,40.1061]},"properties":{"key":"edged-columbus-new-albany-oh","layer":"data-center","name":"Edged Columbus","state":"OH","detail_file":"data/details/data-centers-05.json","id":"edged-columbus-new-albany-oh","status":"Operating","status_group":"Operating","capacity_mw":24.0,"capacity_label":"24 MW operating","landscape_weight":14.0,"search":"edged columbus edged (an endeavour company) operating operating confirmed new albany, franklin county, oh new albany franklin county oh oklo aurora powerhouse flint lake erie - cleveland","nearest_nuclear_latitude":39.018,"nearest_nuclear_longitude":-82.996,"nearest_power_latitude":40.0964,"nearest_power_longitude":-82.7336,"nearest_water_latitude":41.499,"nearest_water_longitude":-81.694}},{"type":"Feature","geometry":{"type":"Point","coordinates":[-84.4495,39.3159]},"properties":{"key":"flexential-cincinnati-cin01-02-oh","layer":"data-center","name":"Flexential Cincinnati (CIN01/02)","state":"OH","detail_file":"data/details/data-centers-00.json","id":"flexential-cincinnati-cin01-02-oh","status":"Operating","status_group":"Operating","landscape_weight":8.0,"search":"flexential cincinnati (cin01/02) flexential operating operating data center west chester township, butler county, oh west chester township butler county oh duke energy ohio oklo aurora powerhouse hamilton peaking ohio river - cincinnati","nearest_nuclear_latitude":39.018,"nearest_nuclear_longitude":-82.996,"nearest_power_latitude":39.3528,"nearest_power_longitude":-84.5183,"nearest_water_latitude":39.103,"nearest_water_longitude":-84.512}},{"type":"Feature","geometry":{"type":"Point","coordinates":[-82.6884,39.7206]},"properties":{"key":"google-lancaster-oh","layer":"data-center","name":"Google Lancaster Data Center","state":"OH","detail_file":"data/details/data-centers-04.json","id":"google-lancaster-oh","status":"Operating","status_group":"Operating","landscape_weight":120.0,"search":"google lancaster data center google operating operating data center lancaster, fairfield, oh lancaster fairfield oh south central power company oklo aurora powerhouse eastern cottontail solar ohio river - cincinnati","nearest_nuclear_latitude":39.018,"nearest_nuclear_longitude":-82.996,"nearest_power_latitude":39.8442,"nearest_power_longitude":-82.4945,"nearest_water_latitude":39.103,"nearest_water_longitude":-84.512}},{"type":"Feature","geometry":{"type":"Point","coordinates":[-82.7711,40.0583]},"properties":{"key":"google-new-albany-oh","layer":"data-center","name":"Google New Albany Data Center","state":"OH","detail_file":"data/details/data-centers-02.json","id":"google-new-albany-oh","status":"Operating","status_group":"Operating","landscape_weight":447.0,"search":"google new albany data center google (montauk innovations llc) operating operating data center new albany, franklin, oh new albany franklin oh oklo aurora powerhouse flint ohio river - cincinnati","nearest_nuclear_latitude":39.018,"nearest_nuclear_longitude":-82.996,"nearest_power_latitude":40.0964,"nearest_power_longitude":-82.7336,"nearest_water_latitude":39.103,"nearest_water_longitude":-84.512}},{"type":"Feature","geometry":{"type":"Point","coordinates":[-84.1052,40.744]},"properties":{"key":"google-bosc-lima-oh","layer":"data-center","name":"Google Project BOSC (Lima)","state":"OH","detail_file":"data/details/data-centers-06.json","id":"google-bosc-lima-oh","status":"Permitted","status_group":"Permitted","landscape_weight":170.0,"search":"google project bosc (lima) google permitted permitted likely lima, allen, oh lima allen oh grid grid aep ohio evaporative davis besse ohio northern university solar site ohio river - cincinnati","nearest_nuclear_latitude":41.5967,"nearest_nuclear_longitude":-83.0861,"nearest_power_latitude":40.7596,"nearest_power_longitude":-83.8391,"nearest_water_latitude":39.103,"nearest_water_longitude":-84.512}},{"type":"Feature","geometry":{"type":"Point","coordinates":[-82.7818,38.5676]},"properties":{"key":"strata-hanging-rock-haverhill-data-center-oh","layer":"data-center","name":"Hanging Rock / Haverhill Data Center","state":"OH","detail_file":"data/details/data-centers-03.json","id":"strata-hanging-rock-haverhill-data-center-oh","status":"Under construction","status_group":"Under construction","landscape_weight":8.0,"search":"hanging rock / haverhill data center strata expense (backed by supermicro + ravel) under construction under construction data center hanging rock, lawrence, oh hanging rock lawrence oh oklo aurora powerhouse hanging rock energy facility ohio river - cincinnati","nearest_nuclear_latitude":39.018,"nearest_nuclear_longitude":-82.996,"nearest_power_latitude":38.5731,"nearest_power_longitude":-82.7833,"nearest_water_latitude":39.103,"nearest_water_longitude":-84.512}},{"type":"Feature","geometry":{"type":"Point","coordinates":[-81.6578,41.5051]},"properties":{"key":"lumen-cleveland-1-oh","layer":"data-center","name":"Lumen Cleveland 1","state":"OH","detail_file":"data/details/data-centers-06.json","id":"lumen-cleveland-1-oh","status":"Operating","status_group":"Operating","landscape_weight":8.0,"search":"lumen cleveland 1 lumen operating operating data center cleveland, cuyahoga, oh cleveland cuyahoga oh perry cleveland thermal lake erie - cleveland","nearest_nuclear_latitude":41.8006,"nearest_nuclear_longitude":-81.1439,"nearest_power_latitude":41.5094,"nearest_power_longitude":-81.6823,"nearest_water_latitude":41.499,"nearest_water_longitude":-81.694}},{"type":"Feature","geometry":{"type":"Point","coordinates":[-83.701,41.432]},"properties":{"key":"meta-middleton-township-oh","layer":"data-center","name":"Meta Bowling Green (Project Accordion)","state":"OH","detail_file":"data/details/data-centers-00.json","id":"meta-middleton-township-oh","status":"Under construction","status_group":"Under construction","landscape_weight":280.0,"search":"meta bowling green (project accordion) meta under construction under construction confirmed bowling green, wood, oh bowling green wood oh grid (100% renewable energy matching; toledo edison/firstenergy utility) plus 350 mw on-site gas generation (will-power apollo facility, opsb approved feb 3, 20 mixed toledo edison davis besse bowling green generating station lake erie - cleveland","nearest_nuclear_latitude":41.5967,"nearest_nuclear_longitude":-83.0861,"nearest_power_latitude":41.3974,"nearest_power_longitude":-83.6412,"nearest_water_latitude":41.499,"nearest_water_longitude":-81.694}},{"type":"Feature","geometry":{"type":"Point","coordinates":[-82.836,40.092]},"properties":{"key":"meta-prometheus-new-albany-oh","layer":"data-center","name":"Meta Prometheus","state":"OH","detail_file":"data/details/data-centers-01.json","id":"meta-prometheus-new-albany-oh","status":"Under construction","status_group":"Under construction","capacity_mw":1000.0,"capacity_label":"1,000 MW planned","landscape_weight":1000.0,"search":"meta prometheus meta under construction under construction confirmed new albany, licking, oh new albany licking oh nuclear ppas reportedly with vistra (ohio plants) and oklo (pike county campus); terrapower ppa reported but not independently confirmed; on-site gas generation mixed oklo aurora powerhouse flint ohio river - cincinnati","nearest_nuclear_latitude":39.018,"nearest_nuclear_longitude":-82.996,"nearest_power_latitude":40.0964,"nearest_power_longitude":-82.7336,"nearest_water_latitude":39.103,"nearest_water_longitude":-84.512}},{"type":"Feature","geometry":{"type":"Point","coordinates":[-82.46,40.015]},"properties":{"key":"microsoft-heath-oh","layer":"data-center","name":"Microsoft Heath Data Center","state":"OH","detail_file":"data/details/data-centers-01.json","id":"microsoft-heath-oh","status":"Under construction","status_group":"Under construction","landscape_weight":227.0,"search":"microsoft heath data center microsoft under construction under construction mixed_use heath, licking, oh heath licking oh grid grid aep ohio evaporative oklo aurora powerhouse kroger lake erie - cleveland","nearest_nuclear_latitude":39.018,"nearest_nuclear_longitude":-82.996,"nearest_power_latitude":40.0402,"nearest_power_longitude":-82.4601,"nearest_water_latitude":41.499,"nearest_water_longitude":-81.694}},{"type":"Feature","geometry":{"type":"Point","coordinates":[-82.5,40.01]},"properties":{"key":"microsoft-hebron-oh","layer":"data-center","name":"Microsoft Hebron Data Center","state":"OH","detail_file":"data/details/data-centers-04.json","id":"microsoft-hebron-oh","status":"Under construction","status_group":"Under construction","landscape_weight":223.0,"search":"microsoft hebron data center microsoft under construction under construction mixed_use hebron, licking, oh hebron licking oh grid grid aep ohio evaporative oklo aurora powerhouse kroger lake erie - cleveland","nearest_nuclear_latitude":39.018,"nearest_nuclear_longitude":-82.996,"nearest_power_latitude":40.0402,"nearest_power_longitude":-82.4601,"nearest_water_latitude":41.499,"nearest_water_longitude":-81.694}},{"type":"Feature","geometry":{"type":"Point","coordinates":[-83.02,39.06]},"properties":{"key":"new-day-ports-technology-campus-piketon-oh","layer":"data-center","name":"PORTS Technology Campus","state":"OH","detail_file":"data/details/data-centers-05.json","id":"new-day-ports-technology-campus-piketon-oh","status":"Under construction","status_group":"Under construction","capacity_mw":10000.0,"capacity_label":"10,000 MW planned","landscape_weight":3700.0,"search":"ports technology campus new day data centers llc (w/ doe, softbank/sb energy) under construction under construction data center piketon, pike, oh piketon pike oh oklo aurora powerhouse oklo aurora powerhouse ohio river - cincinnati","nearest_nuclear_latitude":39.018,"nearest_nuclear_longitude":-82.996,"nearest_power_latitude":39.018,"nearest_power_longitude":-82.996,"nearest_water_latitude":39.103,"nearest_water_longitude":-84.512}},{"type":"Feature","geometry":{"type":"Point","coordinates":[-82.72,38.68]},"properties":{"key":"google-project-dazzler-franklin-furnace-oh","layer":"data-center","name":"Project Dazzler","state":"OH","detail_file":"data/details/data-centers-05.json","id":"google-project-dazzler-franklin-furnace-oh","status":"Permitted","status_group":"Permitted","landscape_weight":792.0,"search":"project dazzler google permitted permitted data center franklin furnace, scioto, oh franklin furnace scioto oh aep ohio oklo aurora powerhouse greenup hydro ohio river - cincinnati","nearest_nuclear_latitude":39.018,"nearest_nuclear_longitude":-82.996,"nearest_power_latitude":38.6472,"nearest_power_longitude":-82.8594,"nearest_water_latitude":39.103,"nearest_water_longitude":-84.512}},{"type":"Feature","geometry":{"type":"Point","coordinates":[-84.2591,40.104]},"properties":{"key":"meta-project-klondike-piqua-oh","layer":"data-center","name":"Project Klondike","state":"OH","detail_file":"data/details/data-centers-01.json","id":"meta-project-klondike-piqua-oh","status":"Permitted","status_group":"Permitted","landscape_weight":607.0,"search":"project klondike meta (via shell j5 llc) permitted permitted data center piqua, miami, oh piqua miami oh aes ohio oklo aurora powerhouse dg amp solar piqua manier ohio river - cincinnati","nearest_nuclear_latitude":39.018,"nearest_nuclear_longitude":-82.996,"nearest_power_latitude":40.1304,"nearest_power_longitude":-84.2554,"nearest_water_latitude":39.103,"nearest_water_longitude":-84.512}},{"type":"Feature","geometry":{"type":"Point","coordinates":[-84.4638,39.48]},"properties":{"key":"prologis-mila-trenton-oh","layer":"data-center","name":"Prologis Project Mila","state":"OH","detail_file":"data/details/data-centers-02.json","id":"prologis-mila-trenton-oh","status":"Permitted","status_group":"Permitted","landscape_weight":141.0,"search":"prologis project mila prologis permitted permitted likely trenton, butler, oh trenton butler oh grid duke energy ohio oklo aurora powerhouse trenton solar - (oh) ohio river - cincinnati","nearest_nuclear_latitude":39.018,"nearest_nuclear_longitude":-82.996,"nearest_power_latitude":39.4553,"nearest_power_longitude":-84.4679,"nearest_water_latitude":39.103,"nearest_water_longitude":-84.512}},{"type":"Feature","geometry":{"type":"Point","coordinates":[-82.7579,40.0638]},"properties":{"key":"qts-new-albany-1-franklin-county-oh","layer":"data-center","name":"QTS New Albany 1","state":"OH","detail_file":"data/details/data-centers-03.json","id":"qts-new-albany-1-franklin-county-oh","status":"Under construction","status_group":"Under construction","capacity_mw":144.0,"capacity_label":"144 MW planned","landscape_weight":56.0,"search":"qts new albany 1 qts data centers (blackstone) under construction under construction data center new albany, licking, oh new albany licking oh oklo aurora powerhouse flint lake erie - cleveland","nearest_nuclear_latitude":39.018,"nearest_nuclear_longitude":-82.996,"nearest_power_latitude":40.0964,"nearest_power_longitude":-82.7336,"nearest_water_latitude":41.499,"nearest_water_longitude":-81.694}},{"type":"Feature","geometry":{"type":"Point","coordinates":[-82.7569,40.0549]},"properties":{"key":"qts-new-albany-2-franklin-county-oh","layer":"data-center","name":"QTS New Albany 2","state":"OH","detail_file":"data/details/data-centers-05.json","id":"qts-new-albany-2-franklin-county-oh","status":"Under construction","status_group":"Under construction","capacity_mw":78.0,"capacity_label":"78 MW planned","landscape_weight":37.0,"search":"qts new albany 2 qts data centers (blackstone) under construction under construction data center new albany, licking, oh new albany licking oh oklo aurora powerhouse flint lake erie - cleveland","nearest_nuclear_latitude":39.018,"nearest_nuclear_longitude":-82.996,"nearest_power_latitude":40.0964,"nearest_power_longitude":-82.7336,"nearest_water_latitude":41.499,"nearest_water_longitude":-81.694}},{"type":"Feature","geometry":{"type":"Point","coordinates":[-82.7716,40.0697]},"properties":{"key":"qts-new-albany-3-franklin-county-oh","layer":"data-center","name":"QTS New Albany III","state":"OH","detail_file":"data/details/data-centers-02.json","id":"qts-new-albany-3-franklin-county-oh","status":"Under construction","status_group":"Under construction","landscape_weight":78.0,"search":"qts new albany iii qts data centers (blackstone) under construction under construction data center new albany, franklin county, oh new albany franklin county oh oklo aurora powerhouse flint lake erie - cleveland","nearest_nuclear_latitude":39.018,"nearest_nuclear_longitude":-82.996,"nearest_power_latitude":40.0964,"nearest_power_longitude":-82.7336,"nearest_water_latitude":41.499,"nearest_water_longitude":-81.694}},{"type":"Feature","geometry":{"type":"Point","coordinates":[-82.743,40.1106]},"properties":{"key":"qts-new-albany-4-licking-county-oh","layer":"data-center","name":"QTS New Albany IV","state":"OH","detail_file":"data/details/data-centers-05.json","id":"qts-new-albany-4-licking-county-oh","status":"Permitted","status_group":"Permitted","landscape_weight":161.0,"search":"qts new albany iv qts data centers (blackstone) permitted permitted data center new albany, licking county, oh new albany licking county oh oklo aurora powerhouse flint lake erie - cleveland","nearest_nuclear_latitude":39.018,"nearest_nuclear_longitude":-82.996,"nearest_power_latitude":40.0964,"nearest_power_longitude":-82.7336,"nearest_water_latitude":41.499,"nearest_water_longitude":-81.694}},{"type":"Feature","geometry":{"type":"Point","coordinates":[-80.8534,41.1745]},"properties":{"key":"stargate-lordstown-oh","layer":"data-center","name":"Stargate Lordstown Campus","state":"OH","detail_file":"data/details/data-centers-03.json","id":"stargate-lordstown-oh","status":"Under construction","status_group":"Under construction","capacity_mw":1500.0,"capacity_label":"1,500 MW planned","landscape_weight":1500.0,"search":"stargate lordstown campus openai / softbank / oracle under construction under construction confirmed lordstown, trumbull, oh lordstown trumbull oh on-site natural gas generators grid firstenergy (ohio edison) closed_loop beaver valley middletown- ohio lake erie - cleveland","nearest_nuclear_latitude":40.6219,"nearest_nuclear_longitude":-80.4336,"nearest_power_latitude":41.1489,"nearest_power_longitude":-80.8516,"nearest_water_latitude":41.499,"nearest_water_longitude":-81.694}},{"type":"Feature","geometry":{"type":"Point","coordinates":[-81.8034,41.4431]},"properties":{"key":"t5-cleveland-oh","layer":"data-center","name":"T5@Cleveland","state":"OH","detail_file":"data/details/data-centers-05.json","id":"t5-cleveland-oh","status":"Operating","status_group":"Operating","landscape_weight":8.0,"search":"t5@cleveland t5 data centers operating operating data center cleveland, cuyahoga county, oh cleveland cuyahoga county oh perry cuyahoga county landfill lake erie - cleveland","nearest_nuclear_latitude":41.8006,"nearest_nuclear_longitude":-81.1439,"nearest_power_latitude":41.4431,"nearest_power_longitude":-81.7515,"nearest_water_latitude":41.499,"nearest_water_longitude":-81.694}},{"type":"Feature","geometry":{"type":"Point","coordinates":[-82.7464,40.101]},"properties":{"key":"vantage-oh1-new-albany-licking-county-oh","layer":"data-center","name":"Vantage Data Centers OH1","state":"OH","detail_file":"data/details/data-centers-00.json","id":"vantage-oh1-new-albany-licking-county-oh","status":"Under construction","status_group":"Under construction","capacity_mw":192.0,"capacity_label":"192 MW planned","landscape_weight":70.0,"search":"vantage data centers oh1 vantage data centers under construction under construction likely johnstown, licking, oh johnstown licking oh grid american electric power (aep ohio) oklo aurora powerhouse flint lake erie - cleveland","nearest_nuclear_latitude":39.018,"nearest_nuclear_longitude":-82.996,"nearest_power_latitude":40.0964,"nearest_power_longitude":-82.7336,"nearest_water_latitude":41.499,"nearest_water_longitude":-81.694}},{"type":"Feature","geometry":{"type":"Point","coordinates":[-80.77,41.19]},"properties":{"key":"bitdeer-whitetail-creek-trumbull-county-oh","layer":"data-center","name":"Whitetail Creek Data Center","state":"OH","detail_file":"data/details/data-centers-01.json","id":"bitdeer-whitetail-creek-trumbull-county-oh","status":"Proposed","status_group":"Proposed","landscape_weight":8.0,"search":"whitetail creek data center bitdeer (via subsidiary whitetail creek llc) proposed proposed likely niles / weathersfield township, trumbull, oh niles / weathersfield township trumbull oh grid ohio edison (firstenergy) beaver valley niles rto btm lake erie - cleveland","nearest_nuclear_latitude":40.6219,"nearest_nuclear_longitude":-80.4336,"nearest_power_latitude":41.168,"nearest_power_longitude":-80.7529,"nearest_water_latitude":41.499,"nearest_water_longitude":-81.694}},{"type":"Feature","geometry":{"type":"Point","coordinates":[-97.795,35.49]},"properties":{"key":"beltline-oklahoma-city-frisco-road-ok","layer":"data-center","name":"Beltline Energy Oklahoma City Campus","state":"OK","detail_file":"data/details/data-centers-00.json","id":"beltline-oklahoma-city-frisco-road-ok","status":"Proposed","status_group":"Proposed","landscape_weight":295.5,"search":"beltline energy oklahoma city campus beltline energy proposed proposed data center oklahoma city, oklahoma, ok oklahoma city oklahoma ok project matador nuclear mustang arkansas river - tulsa","nearest_nuclear_latitude":35.2838,"nearest_nuclear_longitude":-101.569,"nearest_power_latitude":35.4699,"nearest_power_longitude":-97.675,"nearest_water_latitude":36.154,"nearest_water_longitude":-95.993}},{"type":"Feature","geometry":{"type":"Point","coordinates":[-97.8118,35.7439]},"properties":{"key":"beltline-piedmont-kingfisher-county-ok","layer":"data-center","name":"Beltline Energy Piedmont Site","state":"OK","detail_file":"data/details/data-centers-02.json","id":"beltline-piedmont-kingfisher-county-ok","status":"Proposed","status_group":"Proposed","landscape_weight":321.0,"search":"beltline energy piedmont site beltline energy proposed proposed data center piedmont, kingfisher, ok piedmont kingfisher ok wolf creek generating station kingfisher wind llc arkansas river - tulsa","nearest_nuclear_latitude":38.2393,"nearest_nuclear_longitude":-95.6898,"nearest_power_latitude":35.7703,"nearest_power_longitude":-97.7997,"nearest_water_latitude":36.154,"nearest_water_longitude":-95.993}},{"type":"Feature","geometry":{"type":"Point","coordinates":[-97.5164,35.4676]},"properties":{"key":"cerebras-oklahoma-city-ok","layer":"data-center","name":"Cerebras Oklahoma City Data Center","state":"OK","detail_file":"data/details/data-centers-02.json","id":"cerebras-oklahoma-city-ok","status":"Operating","status_group":"Operating","capacity_mw":10.0,"capacity_label":"10 MW operating","landscape_weight":10.0,"search":"cerebras oklahoma city data center cerebras systems operating operating confirmed oklahoma city, oklahoma county, ok oklahoma city oklahoma county ok og&e grid og&e closed_loop wolf creek generating station frontier arkansas river - tulsa","nearest_nuclear_latitude":38.2393,"nearest_nuclear_longitude":-95.6898,"nearest_power_latitude":35.4422,"nearest_power_longitude":-97.6477,"nearest_water_latitude":36.154,"nearest_water_longitude":-95.993}},{"type":"Feature","geometry":{"type":"Point","coordinates":[-97.8,35.7]},"properties":{"key":"cloverleaf-project-open-sky-piedmont-ok","layer":"data-center","name":"Cloverleaf Project Open Sky","state":"OK","detail_file":"data/details/data-centers-07.json","id":"cloverleaf-project-open-sky-piedmont-ok","status":"Proposed","status_group":"Proposed","capacity_mw":1500.0,"capacity_label":"1,500 MW planned","landscape_weight":630.0,"search":"cloverleaf project open sky cloverleaf infrastructure proposed proposed data center piedmont, canadian, ok piedmont canadian ok wolf creek generating station kingfisher wind llc arkansas river - tulsa","nearest_nuclear_latitude":38.2393,"nearest_nuclear_longitude":-95.6898,"nearest_power_latitude":35.7703,"nearest_power_longitude":-97.7997,"nearest_water_latitude":36.154,"nearest_water_longitude":-95.993}},{"type":"Feature","geometry":{"type":"Point","coordinates":[-95.42,35.72]},"properties":{"key":"core-scientific-muskogee-ok","layer":"data-center","name":"Core Scientific Muskogee Campus","state":"OK","detail_file":"data/details/data-centers-03.json","id":"core-scientific-muskogee-ok","status":"Under construction","status_group":"Under construction","capacity_mw":70.0,"capacity_label":"70 MW operating / 1,000 MW planned","landscape_weight":70.0,"search":"core scientific muskogee campus core scientific (coreweave is anchor customer) under construction under construction confirmed muskogee, muskogee, ok muskogee muskogee ok grid og&e (oklahoma gas & electric) arkansas nuclear one georgia-pacific muskogee arkansas river - tulsa","nearest_nuclear_latitude":35.311,"nearest_nuclear_longitude":-93.2351,"nearest_power_latitude":35.7322,"nearest_power_longitude":-95.2939,"nearest_water_latitude":36.154,"nearest_water_longitude":-95.993}},{"type":"Feature","geometry":{"type":"Point","coordinates":[-95.65,35.57]},"properties":{"key":"google-muskogee-county-ok","layer":"data-center","name":"Google Muskogee County Data Center Campuses","state":"OK","detail_file":"data/details/data-centers-00.json","id":"google-muskogee-county-ok","status":"Proposed","status_group":"Proposed","landscape_weight":8.0,"search":"google muskogee county data center campuses google proposed proposed confirmed council hill, muskogee, ok council hill muskogee ok grid (og&e) grid og&e unknown arkansas nuclear one high spring solar energy arkansas river - tulsa","nearest_nuclear_latitude":35.311,"nearest_nuclear_longitude":-93.2351,"nearest_power_latitude":35.5767,"nearest_power_longitude":-95.6582,"nearest_water_latitude":36.154,"nearest_water_longitude":-95.993}},{"type":"Feature","geometry":{"type":"Point","coordinates":[-95.31,36.32]},"properties":{"key":"google-pryor-ok","layer":"data-center","name":"Google Pryor Data Center Campus (Mayes County Expansion)","state":"OK","detail_file":"data/details/data-centers-07.json","id":"google-pryor-ok","status":"Operating","status_group":"Operating","landscape_weight":8.0,"search":"google pryor data center campus (mayes county expansion) google operating operating mixed_use pryor, mayes, ok pryor mayes ok grid (southwest power pool) with renewable ppas grid evaporative wolf creek generating station saltbranch 2 arkansas river - tulsa","nearest_nuclear_latitude":38.2393,"nearest_nuclear_longitude":-95.6898,"nearest_power_latitude":36.3316,"nearest_power_longitude":-95.2293,"nearest_water_latitude":36.154,"nearest_water_longitude":-95.993}},{"type":"Feature","geometry":{"type":"Point","coordinates":[-97.06,36.14]},"properties":{"key":"google-stillwater-ok","layer":"data-center","name":"Google Stillwater Data Center Campus","state":"OK","detail_file":"data/details/data-centers-06.json","id":"google-stillwater-ok","status":"Under construction","status_group":"Under construction","landscape_weight":400.0,"search":"google stillwater data center campus google under construction under construction confirmed stillwater, payne, ok stillwater payne ok grid (og&e) with clean energy ppas grid og&e wolf creek generating station stillwater energy center arkansas river - tulsa","nearest_nuclear_latitude":38.2393,"nearest_nuclear_longitude":-95.6898,"nearest_power_latitude":36.1619,"nearest_power_longitude":-97.0369,"nearest_water_latitude":36.154,"nearest_water_longitude":-95.993}},{"type":"Feature","geometry":{"type":"Point","coordinates":[-98.667,36.8031]},"properties":{"key":"iren-woods-county-ok","layer":"data-center","name":"IREN Woods County Campus","state":"OK","detail_file":"data/details/data-centers-04.json","id":"iren-woods-county-ok","status":"Proposed","status_group":"Proposed","capacity_mw":1600.0,"capacity_label":"1,600 MW planned","landscape_weight":2000.0,"search":"iren woods county campus iren (iris energy) proposed proposed likely alva, woods, ok alva woods ok southwest power pool (spp) grid grid og&e wolf creek generating station waynoka gas processing plant arkansas river - tulsa","nearest_nuclear_latitude":38.2393,"nearest_nuclear_longitude":-95.6898,"nearest_power_latitude":36.651,"nearest_power_longitude":-98.7656,"nearest_water_latitude":36.154,"nearest_water_longitude":-95.993}},{"type":"Feature","geometry":{"type":"Point","coordinates":[-95.88,36.14]},"properties":{"key":"meta-anthem-tulsa-ok","layer":"data-center","name":"Meta Project Anthem \u2014 Tulsa","state":"OK","detail_file":"data/details/data-centers-04.json","id":"meta-anthem-tulsa-ok","status":"Under construction","status_group":"Under construction","landscape_weight":340.0,"search":"meta project anthem \u2014 tulsa meta under construction under construction confirmed tulsa, tulsa county, ok tulsa tulsa county ok public service company of oklahoma (pso) mixed public service company of oklahoma (pso) closed_loop wolf creek generating station tulsa arkansas river - tulsa","nearest_nuclear_latitude":38.2393,"nearest_nuclear_longitude":-95.6898,"nearest_power_latitude":36.1165,"nearest_power_longitude":-95.991,"nearest_water_latitude":36.154,"nearest_water_longitude":-95.993}},{"type":"Feature","geometry":{"type":"Point","coordinates":[-95.83,36.28]},"properties":{"key":"beale-project-clydesdale-tulsa-county-ok","layer":"data-center","name":"Project Clydesdale","state":"OK","detail_file":"data/details/data-centers-01.json","id":"beale-project-clydesdale-tulsa-county-ok","status":"Under construction","status_group":"Under construction","landscape_weight":506.0,"search":"project clydesdale beale infrastructure (end-user unnamed) under construction under construction likely owasso, tulsa, ok owasso tulsa ok public service company of oklahoma (pso) wolf creek generating station northeastern arkansas river - tulsa","nearest_nuclear_latitude":38.2393,"nearest_nuclear_longitude":-95.6898,"nearest_power_latitude":36.4317,"nearest_power_longitude":-95.7008,"nearest_water_latitude":36.154,"nearest_water_longitude":-95.993}},{"type":"Feature","geometry":{"type":"Point","coordinates":[-95.62,36.31]},"properties":{"key":"beale-project-mustang-claremore-ok","layer":"data-center","name":"Project Mustang","state":"OK","detail_file":"data/details/data-centers-03.json","id":"beale-project-mustang-claremore-ok","status":"Proposed","status_group":"Proposed","landscape_weight":8.0,"search":"project mustang beale infrastructure proposed proposed data center claremore, rogers, ok claremore rogers ok wolf creek generating station northeastern arkansas river - tulsa","nearest_nuclear_latitude":38.2393,"nearest_nuclear_longitude":-95.6898,"nearest_power_latitude":36.4317,"nearest_power_longitude":-95.7008,"nearest_water_latitude":36.154,"nearest_water_longitude":-95.993}},{"type":"Feature","geometry":{"type":"Point","coordinates":[-96.11,36.256]},"properties":{"key":"google-spring-sand-springs-ok","layer":"data-center","name":"Project Spring (Sand Springs)","state":"OK","detail_file":"data/details/data-centers-05.json","id":"google-spring-sand-springs-ok","status":"Proposed","status_group":"Proposed","landscape_weight":827.0,"search":"project spring (sand springs) google proposed proposed likely sand springs, osage, ok sand springs osage ok public service company of oklahoma (pso) grid public service company of oklahoma (pso) air wolf creek generating station tulsa lfg llc arkansas river - tulsa","nearest_nuclear_latitude":38.2393,"nearest_nuclear_longitude":-95.6898,"nearest_power_latitude":36.162,"nearest_power_longitude":-96.1865,"nearest_water_latitude":36.154,"nearest_water_longitude":-95.993}},{"type":"Feature","geometry":{"type":"Point","coordinates":[-95.9886,36.1586]},"properties":{"key":"tierpoint-tulsa-archer-ok","layer":"data-center","name":"TierPoint Tulsa - Archer","state":"OK","detail_file":"data/details/data-centers-01.json","id":"tierpoint-tulsa-archer-ok","status":"Operating","status_group":"Operating","landscape_weight":8.0,"search":"tierpoint tulsa - archer tierpoint operating operating data center tulsa, tulsa county, ok tulsa tulsa county ok wolf creek generating station reworld tulsa arkansas river - tulsa","nearest_nuclear_latitude":38.2393,"nearest_nuclear_longitude":-95.6898,"nearest_power_latitude":36.1319,"nearest_power_longitude":-96.0181,"nearest_water_latitude":36.154,"nearest_water_longitude":-95.993}},{"type":"Feature","geometry":{"type":"Point","coordinates":[-122.9493,45.5541]},"properties":{"key":"aligned-pdx-01-or","layer":"data-center","name":"Aligned PDX-01","state":"OR","detail_file":"data/details/data-centers-00.json","id":"aligned-pdx-01-or","status":"Operating","status_group":"Operating","landscape_weight":27.0,"search":"aligned pdx-01 aligned operating operating likely hillsboro, washington county, or hillsboro washington county or grid \u2014 portland general electric (pge), w/ on-site 31mw/62mwh grid-flexibility battery grid portland general electric (pge) cascade advanced energy facility constable bess columbia river - portland","nearest_nuclear_latitude":46.4706,"nearest_nuclear_longitude":-119.3339,"nearest_power_latitude":45.559,"nearest_power_longitude":-122.9437,"nearest_water_latitude":45.56,"nearest_water_longitude":-122.68}},{"type":"Feature","geometry":{"type":"Point","coordinates":[-119.702,45.84]},"properties":{"key":"aws-boardman-morrow-county-or","layer":"data-center","name":"Amazon Boardman Exascale Data Center Campus","state":"OR","detail_file":"data/details/data-centers-06.json","id":"aws-boardman-morrow-county-or","status":"Proposed","status_group":"Proposed","capacity_mw":1000.0,"capacity_label":"1,000 MW planned","landscape_weight":1300.0,"search":"amazon boardman exascale data center campus amazon web services proposed proposed likely boardman, morrow, or boardman morrow or oregon grid (majority hydro); local retail utility pacificorp (pacific power) hydro pacificorp (pacific power) hybrid cascade advanced energy facility coyote springs ii columbia river - richland","nearest_nuclear_latitude":46.4706,"nearest_nuclear_longitude":-119.3339,"nearest_power_latitude":45.848,"nearest_power_longitude":-119.674,"nearest_water_latitude":46.276,"nearest_water_longitude":-119.273}},{"type":"Feature","geometry":{"type":"Point","coordinates":[-123.1087,45.5207]},"properties":{"key":"crane-pdx01-forest-grove-or","layer":"data-center","name":"Crane PDX01","state":"OR","detail_file":"data/details/data-centers-00.json","id":"crane-pdx01-forest-grove-or","status":"Under construction","status_group":"Under construction","capacity_mw":76.0,"capacity_label":"76 MW planned","landscape_weight":76.0,"search":"crane pdx01 crane data centers under construction under construction likely forest grove, washington, or forest grove washington or grid forest grove light & power air cascade advanced energy facility o'neill creek solar columbia river - portland","nearest_nuclear_latitude":46.4706,"nearest_nuclear_longitude":-119.3339,"nearest_power_latitude":45.472,"nearest_power_longitude":-123.129,"nearest_water_latitude":45.56,"nearest_water_longitude":-122.68}},{"type":"Feature","geometry":{"type":"Point","coordinates":[-122.9168,45.568]},"properties":{"key":"digital-realty-pdx11-or","layer":"data-center","name":"Digital Realty PDX11","state":"OR","detail_file":"data/details/data-centers-03.json","id":"digital-realty-pdx11-or","status":"Operating","status_group":"Operating","landscape_weight":8.0,"search":"digital realty pdx11 digital realty operating operating data center hillsboro, washington, or hillsboro washington or portland general electric (pge) cascade advanced energy facility constable bess columbia river - portland","nearest_nuclear_latitude":46.4706,"nearest_nuclear_longitude":-119.3339,"nearest_power_latitude":45.559,"nearest_power_longitude":-122.9437,"nearest_water_latitude":45.56,"nearest_water_longitude":-122.68}},{"type":"Feature","geometry":{"type":"Point","coordinates":[-122.9122,45.5564]},"properties":{"key":"edgeconnex-por01-por02-hillsboro-campus-or","layer":"data-center","name":"EdgeConneX POR01/POR02 (Hillsboro campus)","state":"OR","detail_file":"data/details/data-centers-00.json","id":"edgeconnex-por01-por02-hillsboro-campus-or","status":"Operating","status_group":"Operating","landscape_weight":8.0,"search":"edgeconnex por01/por02 (hillsboro campus) edgeconnex operating operating data center hillsboro, washington county, or hillsboro washington county or portland general electric (pge) cascade advanced energy facility constable bess columbia river - portland","nearest_nuclear_latitude":46.4706,"nearest_nuclear_longitude":-119.3339,"nearest_power_latitude":45.559,"nearest_power_longitude":-122.9437,"nearest_water_latitude":45.56,"nearest_water_longitude":-122.68}},{"type":"Feature","geometry":{"type":"Point","coordinates":[-122.8908,45.5498]},"properties":{"key":"flexential-portland-hillsboro-1-pdx01-or","layer":"data-center","name":"Flexential Portland - Hillsboro 1 (PDX01)","state":"OR","detail_file":"data/details/data-centers-02.json","id":"flexential-portland-hillsboro-1-pdx01-or","status":"Operating","status_group":"Operating","capacity_mw":5.3,"capacity_label":"5 MW operating","landscape_weight":5.3,"search":"flexential portland - hillsboro 1 (pdx01) flexential operating operating data center hillsboro, washington county, or hillsboro washington county or portland general electric (pge) cascade advanced energy facility constable bess columbia river - portland","nearest_nuclear_latitude":46.4706,"nearest_nuclear_longitude":-119.3339,"nearest_power_latitude":45.559,"nearest_power_longitude":-122.9437,"nearest_water_latitude":45.56,"nearest_water_longitude":-122.68}},{"type":"Feature","geometry":{"type":"Point","coordinates":[-122.9172,45.5583]},"properties":{"key":"flexential-portland-hillsboro-2-or","layer":"data-center","name":"Flexential Portland - Hillsboro 2","state":"OR","detail_file":"data/details/data-centers-07.json","id":"flexential-portland-hillsboro-2-or","status":"Operating","status_group":"Operating","capacity_mw":18.0,"capacity_label":"18 MW operating","landscape_weight":18.0,"search":"flexential portland - hillsboro 2 flexential operating operating data center hillsboro, washington county, or hillsboro washington county or portland general electric (pge) cascade advanced energy facility constable bess columbia river - portland","nearest_nuclear_latitude":46.4706,"nearest_nuclear_longitude":-119.3339,"nearest_power_latitude":45.559,"nearest_power_longitude":-122.9437,"nearest_water_latitude":45.56,"nearest_water_longitude":-122.68}},{"type":"Feature","geometry":{"type":"Point","coordinates":[-122.9382,45.5595]},"properties":{"key":"flexential-portland-hillsboro-3-or","layer":"data-center","name":"Flexential Portland - Hillsboro 3","state":"OR","detail_file":"data/details/data-centers-07.json","id":"flexential-portland-hillsboro-3-or","status":"Operating","status_group":"Operating","capacity_mw":36.0,"capacity_label":"36 MW operating","landscape_weight":36.0,"search":"flexential portland - hillsboro 3 flexential operating operating data center hillsboro, washington county, or hillsboro washington county or portland general electric (pge) cascade advanced energy facility constable bess columbia river - portland","nearest_nuclear_latitude":46.4706,"nearest_nuclear_longitude":-119.3339,"nearest_power_latitude":45.559,"nearest_power_longitude":-122.9437,"nearest_water_latitude":45.56,"nearest_water_longitude":-122.68}},{"type":"Feature","geometry":{"type":"Point","coordinates":[-122.9401,45.5553]},"properties":{"key":"flexential-portland-hillsboro-4-pdx04-or","layer":"data-center","name":"Flexential Portland - Hillsboro 4 (PDX04)","state":"OR","detail_file":"data/details/data-centers-06.json","id":"flexential-portland-hillsboro-4-pdx04-or","status":"Operating","status_group":"Operating","capacity_mw":18.0,"capacity_label":"18 MW operating","landscape_weight":18.0,"search":"flexential portland - hillsboro 4 (pdx04) flexential operating operating likely hillsboro, washington county, or hillsboro washington county or grid portland general electric (pge) cascade advanced energy facility constable bess columbia river - portland","nearest_nuclear_latitude":46.4706,"nearest_nuclear_longitude":-119.3339,"nearest_power_latitude":45.559,"nearest_power_longitude":-122.9437,"nearest_water_latitude":45.56,"nearest_water_longitude":-122.68}},{"type":"Feature","geometry":{"type":"Point","coordinates":[-121.1776,45.5975]},"properties":{"key":"google-the-dalles-or","layer":"data-center","name":"Google The Dalles Data Center Campus","state":"OR","detail_file":"data/details/data-centers-02.json","id":"google-the-dalles-or","status":"Operating","status_group":"Operating","capacity_mw":300.0,"capacity_label":"300 MW operating","landscape_weight":300.0,"search":"google the dalles data center campus google operating operating mixed_use the dalles, wasco, or the dalles wasco or grid (pacificorp) + columbia river hydropower hydro northern wasco county pud evaporative cascade advanced energy facility dalles dam north fishway project columbia river - portland","nearest_nuclear_latitude":46.4706,"nearest_nuclear_longitude":-119.3339,"nearest_power_latitude":45.6144,"nearest_power_longitude":-121.1369,"nearest_water_latitude":45.56,"nearest_water_longitude":-122.68}},{"type":"Feature","geometry":{"type":"Point","coordinates":[-120.8515,44.3042]},"properties":{"key":"meta-prineville-or","layer":"data-center","name":"Meta Prineville Data Center Campus","state":"OR","detail_file":"data/details/data-centers-03.json","id":"meta-prineville-or","status":"Operating","status_group":"Operating","capacity_mw":400.0,"capacity_label":"400 MW operating","landscape_weight":240.0,"search":"meta prineville data center campus meta operating operating mixed_use prineville, crook, or prineville crook or grid (pacificorp) + wind ppa grid pacific power (pacificorp) hybrid cascade advanced energy facility powell solar columbia river - portland","nearest_nuclear_latitude":46.4706,"nearest_nuclear_longitude":-119.3339,"nearest_power_latitude":44.2584,"nearest_power_longitude":-120.8895,"nearest_water_latitude":45.56,"nearest_water_longitude":-122.68}},{"type":"Feature","geometry":{"type":"Point","coordinates":[-122.9374,45.5497]},"properties":{"key":"ntt-hillsboro-hi1-data-center-or","layer":"data-center","name":"NTT Hillsboro HI1 Data Center","state":"OR","detail_file":"data/details/data-centers-02.json","id":"ntt-hillsboro-hi1-data-center-or","status":"Operating","status_group":"Operating","capacity_mw":36.0,"capacity_label":"36 MW operating","landscape_weight":36.0,"search":"ntt hillsboro hi1 data center ntt (ragingwire) operating operating data center hillsboro, washington county, or hillsboro washington county or portland general electric (pge) cascade advanced energy facility constable bess columbia river - portland","nearest_nuclear_latitude":46.4706,"nearest_nuclear_longitude":-119.3339,"nearest_power_latitude":45.559,"nearest_power_longitude":-122.9437,"nearest_water_latitude":45.56,"nearest_water_longitude":-122.68}},{"type":"Feature","geometry":{"type":"Point","coordinates":[-119.8262,45.7113]},"properties":{"key":"percheron-data-center-or","layer":"data-center","name":"Percheron Data Center","state":"OR","detail_file":"data/details/data-centers-00.json","id":"percheron-data-center-or","status":"Under construction","status_group":"Under construction","capacity_mw":300.0,"capacity_label":"300 MW planned","landscape_weight":275.0,"search":"percheron data center rowan green data (dba rowan digital infrastructure) under construction under construction data center boardman area (tower road), morrow county, or boardman area (tower road) morrow county or pacificorp cascade advanced energy facility carty generating station columbia river - richland","nearest_nuclear_latitude":46.4706,"nearest_nuclear_longitude":-119.3339,"nearest_power_latitude":45.6986,"nearest_power_longitude":-119.8131,"nearest_water_latitude":46.276,"nearest_water_longitude":-119.273}},{"type":"Feature","geometry":{"type":"Point","coordinates":[-122.9278,45.5588]},"properties":{"key":"qts-hillsboro-1-or","layer":"data-center","name":"QTS Hillsboro 1","state":"OR","detail_file":"data/details/data-centers-04.json","id":"qts-hillsboro-1-or","status":"Operating","status_group":"Operating","landscape_weight":25.0,"search":"qts hillsboro 1 qts operating operating data center hillsboro, washington county, or hillsboro washington county or portland general electric (pge) cascade advanced energy facility constable bess columbia river - portland","nearest_nuclear_latitude":46.4706,"nearest_nuclear_longitude":-119.3339,"nearest_power_latitude":45.559,"nearest_power_longitude":-122.9437,"nearest_water_latitude":45.56,"nearest_water_longitude":-122.68}},{"type":"Feature","geometry":{"type":"Point","coordinates":[-122.9184,45.5719]},"properties":{"key":"qts-hillsboro-3-or","layer":"data-center","name":"QTS Hillsboro 3","state":"OR","detail_file":"data/details/data-centers-07.json","id":"qts-hillsboro-3-or","status":"Under construction","status_group":"Under construction","landscape_weight":8.0,"search":"qts hillsboro 3 qts under construction under construction data center hillsboro, washington county, or hillsboro washington county or portland general electric (pge) cascade advanced energy facility constable bess columbia river - portland","nearest_nuclear_latitude":46.4706,"nearest_nuclear_longitude":-119.3339,"nearest_power_latitude":45.559,"nearest_power_longitude":-122.9437,"nearest_water_latitude":45.56,"nearest_water_longitude":-122.68}},{"type":"Feature","geometry":{"type":"Point","coordinates":[-119.339,45.919]},"properties":{"key":"sabey-umatilla-or","layer":"data-center","name":"SDC Umatilla Campus","state":"OR","detail_file":"data/details/data-centers-06.json","id":"sabey-umatilla-or","status":"Under construction","status_group":"Under construction","capacity_mw":100.0,"capacity_label":"100 MW planned","landscape_weight":60.0,"search":"sdc umatilla campus sabey data centers under construction under construction likely umatilla, umatilla, or umatilla umatilla or oregon grid (40% renewable); net-zero by 2029 mixed pacificorp hybrid cascade advanced energy facility norwest energy 9 llc columbia river - richland","nearest_nuclear_latitude":46.4706,"nearest_nuclear_longitude":-119.3339,"nearest_power_latitude":45.917,"nearest_power_longitude":-119.343,"nearest_water_latitude":46.276,"nearest_water_longitude":-119.273}},{"type":"Feature","geometry":{"type":"Point","coordinates":[-122.9898,45.5229]},"properties":{"key":"stack-hillsboro-or","layer":"data-center","name":"STACK Hillsboro Campus","state":"OR","detail_file":"data/details/data-centers-07.json","id":"stack-hillsboro-or","status":"Proposed","status_group":"Proposed","capacity_mw":75.0,"capacity_label":"75 MW planned","landscape_weight":75.0,"search":"stack hillsboro campus stack infrastructure proposed proposed likely hillsboro, washington, or hillsboro washington or grid portland general electric (pge) cascade advanced energy facility constable bess columbia river - portland","nearest_nuclear_latitude":46.4706,"nearest_nuclear_longitude":-119.3339,"nearest_power_latitude":45.559,"nearest_power_longitude":-122.9437,"nearest_water_latitude":45.56,"nearest_water_longitude":-122.68}},{"type":"Feature","geometry":{"type":"Point","coordinates":[-122.9278,45.5493]},"properties":{"key":"stack-por01-or","layer":"data-center","name":"STACK POR01","state":"OR","detail_file":"data/details/data-centers-03.json","id":"stack-por01-or","status":"Operating","status_group":"Operating","capacity_mw":36.0,"capacity_label":"36 MW operating","landscape_weight":36.0,"search":"stack por01 stack infrastructure operating operating data center hillsboro, washington county, or hillsboro washington county or portland general electric (pge) cascade advanced energy facility constable bess columbia river - portland","nearest_nuclear_latitude":46.4706,"nearest_nuclear_longitude":-119.3339,"nearest_power_latitude":45.559,"nearest_power_longitude":-122.9437,"nearest_water_latitude":45.56,"nearest_water_longitude":-122.68}},{"type":"Feature","geometry":{"type":"Point","coordinates":[-122.8974,45.5474]},"properties":{"key":"stack-por02-or","layer":"data-center","name":"STACK POR02","state":"OR","detail_file":"data/details/data-centers-05.json","id":"stack-por02-or","status":"Operating","status_group":"Operating","landscape_weight":8.0,"search":"stack por02 stack infrastructure operating operating data center hillsboro, washington county, or hillsboro washington county or portland general electric (pge) cascade advanced energy facility constable bess columbia river - portland","nearest_nuclear_latitude":46.4706,"nearest_nuclear_longitude":-119.3339,"nearest_power_latitude":45.559,"nearest_power_longitude":-122.9437,"nearest_water_latitude":45.56,"nearest_water_longitude":-122.68}},{"type":"Feature","geometry":{"type":"Point","coordinates":[-122.9379,45.5541]},"properties":{"key":"stack-por03-or","layer":"data-center","name":"STACK POR03","state":"OR","detail_file":"data/details/data-centers-03.json","id":"stack-por03-or","status":"Operating","status_group":"Operating","landscape_weight":8.0,"search":"stack por03 stack infrastructure operating operating data center hillsboro, washington county, or hillsboro washington county or portland general electric (pge) cascade advanced energy facility constable bess columbia river - portland","nearest_nuclear_latitude":46.4706,"nearest_nuclear_longitude":-119.3339,"nearest_power_latitude":45.559,"nearest_power_longitude":-122.9437,"nearest_water_latitude":45.56,"nearest_water_longitude":-122.68}},{"type":"Feature","geometry":{"type":"Point","coordinates":[-76.1452,41.0949]},"properties":{"key":"aws-cumulus-salem-township-pa","layer":"data-center","name":"AWS Cumulus Data Center Campus, Salem Township","state":"PA","detail_file":"data/details/data-centers-06.json","id":"aws-cumulus-salem-township-pa","status":"Under construction","status_group":"Under construction","capacity_mw":48.0,"capacity_label":"48 MW operating / 960 MW planned","landscape_weight":1200.0,"search":"aws cumulus data center campus, salem township amazon web services under construction under construction confirmed salem township, luzerne, pa salem township luzerne pa nuclear (susquehanna steam electric station, talen energy ppa) nuclear talen energy evaporative talenenergy susquehanna talenenergy susquehanna susquehanna river - harrisburg","nearest_nuclear_latitude":41.0919,"nearest_nuclear_longitude":-76.1462,"nearest_power_latitude":41.0919,"nearest_power_longitude":-76.1462,"nearest_water_latitude":40.273,"nearest_water_longitude":-76.887}},{"type":"Feature","geometry":{"type":"Point","coordinates":[-74.7882,40.1545]},"properties":{"key":"aws-falls-township-pa","layer":"data-center","name":"Amazon Web Services Innovation Campus, Falls Township","state":"PA","detail_file":"data/details/data-centers-05.json","id":"aws-falls-township-pa","status":"Under construction","status_group":"Under construction","landscape_weight":8.0,"search":"amazon web services innovation campus, falls township amazon web services under construction under construction confirmed falls township, bucks, pa falls township bucks pa grid (pjm interconnection); supplemental solar planned grid peco limerick tullytown delaware river - philadelphia","nearest_nuclear_latitude":40.2243,"nearest_nuclear_longitude":-75.5874,"nearest_power_latitude":40.1514,"nearest_power_longitude":-74.7806,"nearest_water_latitude":39.952,"nearest_water_longitude":-75.135}},{"type":"Feature","geometry":{"type":"Point","coordinates":[-80.33,40.75]},"properties":{"key":"switch-big-beaver-pa","layer":"data-center","name":"Big Beaver Campus","state":"PA","detail_file":"data/details/data-centers-00.json","id":"switch-big-beaver-pa","status":"Proposed","status_group":"Proposed","landscape_weight":382.0,"search":"big beaver campus switch proposed proposed data center big beaver, beaver, pa big beaver beaver pa beaver valley beaver valley patterson dam ohio river - pittsburgh","nearest_nuclear_latitude":40.6219,"nearest_nuclear_longitude":-80.4336,"nearest_power_latitude":40.7441,"nearest_power_longitude":-80.3178,"nearest_water_latitude":40.441,"nearest_water_longitude":-80.01}},{"type":"Feature","geometry":{"type":"Point","coordinates":[-75.5965,40.5511]},"properties":{"key":"air-products-cetronia-road-upper-macungie-pa","layer":"data-center","name":"Cetronia Road Data Center (former Air Products site)","state":"PA","detail_file":"data/details/data-centers-01.json","id":"air-products-cetronia-road-upper-macungie-pa","status":"Proposed","status_group":"Proposed","landscape_weight":194.0,"search":"cetronia road data center (former air products site) air products proposed proposed data center trexlertown, lehigh, pa trexlertown lehigh pa ppl electric limerick allentown - ruppsville delaware river - philadelphia","nearest_nuclear_latitude":40.2243,"nearest_nuclear_longitude":-75.5874,"nearest_power_latitude":40.5672,"nearest_power_longitude":-75.6004,"nearest_water_latitude":39.952,"nearest_water_longitude":-75.135}},{"type":"Feature","geometry":{"type":"Point","coordinates":[-76.3055,40.0379]},"properties":{"key":"coreweave-lancaster-pa","layer":"data-center","name":"CoreWeave Lancaster Data Center","state":"PA","detail_file":"data/details/data-centers-02.json","id":"coreweave-lancaster-pa","status":"Proposed","status_group":"Proposed","capacity_mw":300.0,"capacity_label":"300 MW planned","landscape_weight":144.0,"search":"coreweave lancaster data center coreweave proposed proposed confirmed lancaster, lancaster, pa lancaster lancaster pa grid grid ppl electric closed_loop peach bottom dart container corp susquehanna river - harrisburg","nearest_nuclear_latitude":39.7589,"nearest_nuclear_longitude":-76.2687,"nearest_power_latitude":40.0865,"nearest_power_longitude":-76.176,"nearest_water_latitude":40.273,"nearest_water_longitude":-76.887}},{"type":"Feature","geometry":{"type":"Point","coordinates":[-80.0425,40.4274]},"properties":{"key":"expedient-pit1-green-tree-pittsburgh-south-pa","layer":"data-center","name":"Expedient PIT1 (Green Tree / Pittsburgh South)","state":"PA","detail_file":"data/details/data-centers-02.json","id":"expedient-pit1-green-tree-pittsburgh-south-pa","status":"Operating","status_group":"Operating","capacity_mw":1.8,"capacity_label":"2 MW operating","landscape_weight":1.8,"search":"expedient pit1 (green tree / pittsburgh south) expedient operating operating data center pittsburgh, allegheny county, pa pittsburgh allegheny county pa beaver valley brunot island ohio river - pittsburgh","nearest_nuclear_latitude":40.6219,"nearest_nuclear_longitude":-80.4336,"nearest_power_latitude":40.4649,"nearest_power_longitude":-80.0438,"nearest_water_latitude":40.441,"nearest_water_longitude":-80.01}},{"type":"Feature","geometry":{"type":"Point","coordinates":[-75.4576,40.6357]},"properties":{"key":"flexential-allentown-data-center-abe01-pa","layer":"data-center","name":"Flexential Allentown Data Center (ABE01)","state":"PA","detail_file":"data/details/data-centers-02.json","id":"flexential-allentown-data-center-abe01-pa","status":"Operating","status_group":"Operating","landscape_weight":8.0,"search":"flexential allentown data center (abe01) flexential operating operating data center allentown, lehigh county, pa allentown lehigh county pa ppl electric limerick northampton generating company lp delaware river - philadelphia","nearest_nuclear_latitude":40.2243,"nearest_nuclear_longitude":-75.5874,"nearest_power_latitude":40.6917,"nearest_power_longitude":-75.4792,"nearest_water_latitude":39.952,"nearest_water_longitude":-75.135}},{"type":"Feature","geometry":{"type":"Point","coordinates":[-75.4776,40.1522]},"properties":{"key":"flexential-philadelphia-collegeville-phl01-pa","layer":"data-center","name":"Flexential Philadelphia - Collegeville (PHL01)","state":"PA","detail_file":"data/details/data-centers-05.json","id":"flexential-philadelphia-collegeville-phl01-pa","status":"Operating","status_group":"Operating","landscape_weight":8.0,"search":"flexential philadelphia - collegeville (phl01) flexential operating operating confirmed collegeville, montgomery county, pa collegeville montgomery county pa grid peco limerick pickering solar delaware river - philadelphia","nearest_nuclear_latitude":40.2243,"nearest_nuclear_longitude":-75.5874,"nearest_power_latitude":40.1206,"nearest_power_longitude":-75.4881,"nearest_water_latitude":39.952,"nearest_water_longitude":-75.135}},{"type":"Feature","geometry":{"type":"Point","coordinates":[-79.1542,40.5383]},"properties":{"key":"homer-city-energy-campus-pa","layer":"data-center","name":"Homer City Energy Campus","state":"PA","detail_file":"data/details/data-centers-05.json","id":"homer-city-energy-campus-pa","status":"Under construction","status_group":"Under construction","landscape_weight":8.0,"search":"homer city energy campus homer city redevelopment / kiewit under construction under construction confirmed homer city, indiana, pa homer city indiana pa on-site natural gas (ge vernova turbines; 4.5 gw on-site generation; data center it load not separately disclosed) on_site_gas pjm (via firstenergy pennsylvania electric) beaver valley homer city generating station ohio river - pittsburgh","nearest_nuclear_latitude":40.6219,"nearest_nuclear_longitude":-80.4336,"nearest_power_latitude":40.5128,"nearest_power_longitude":-79.1961,"nearest_water_latitude":40.441,"nearest_water_longitude":-80.01}},{"type":"Feature","geometry":{"type":"Point","coordinates":[-75.4087,40.1271]},"properties":{"key":"lumen-norristown-pa","layer":"data-center","name":"Lumen Norristown","state":"PA","detail_file":"data/details/data-centers-02.json","id":"lumen-norristown-pa","status":"Operating","status_group":"Operating","landscape_weight":8.0,"search":"lumen norristown lumen technologies operating operating data center norristown, montgomery county, pa norristown montgomery county pa peco limerick pickering solar delaware river - philadelphia","nearest_nuclear_latitude":40.2243,"nearest_nuclear_longitude":-75.5874,"nearest_power_latitude":40.1206,"nearest_power_longitude":-75.4881,"nearest_water_latitude":39.952,"nearest_water_longitude":-75.135}},{"type":"Feature","geometry":{"type":"Point","coordinates":[-76.804,41.23]},"properties":{"key":"muncy-data-center-lycoming-county-pa","layer":"data-center","name":"Muncy Data Center","state":"PA","detail_file":"data/details/data-centers-04.json","id":"muncy-data-center-lycoming-county-pa","status":"Proposed","status_group":"Proposed","landscape_weight":8.0,"search":"muncy data center danko holdings ii proposed proposed data center muncy, lycoming, pa muncy lycoming pa ppl electric susquehanna steam electric station lime bluff 1 susquehanna river - harrisburg","nearest_nuclear_latitude":41.0889,"nearest_nuclear_longitude":-76.1489,"nearest_power_latitude":41.2321,"nearest_power_longitude":-76.7551,"nearest_water_latitude":40.273,"nearest_water_longitude":-76.887}},{"type":"Feature","geometry":{"type":"Point","coordinates":[-77.1889,40.2015]},"properties":{"key":"powerhouse-pax-carlisle-pa","layer":"data-center","name":"PAX \u2014 Pennsylvania Digital I","state":"PA","detail_file":"data/details/data-centers-00.json","id":"powerhouse-pax-carlisle-pa","status":"Under construction","status_group":"Under construction","capacity_mw":1350.0,"capacity_label":"1,350 MW planned","landscape_weight":700.0,"search":"pax \u2014 pennsylvania digital i powerhouse data centers / pennsylvania data center partners under construction under construction confirmed carlisle, cumberland, pa carlisle cumberland pa grid ppl electric utilities evaporative crane clean energy center (three mile island unit 1) casd solar susquehanna river - harrisburg","nearest_nuclear_latitude":40.1542,"nearest_nuclear_longitude":-76.725,"nearest_power_latitude":40.2142,"nearest_power_longitude":-77.2061,"nearest_water_latitude":40.273,"nearest_water_longitude":-76.887}},{"type":"Feature","geometry":{"type":"Point","coordinates":[-75.5602,40.1937]},"properties":{"key":"pennhurst-data-center-east-vincent-chester-county-pa","layer":"data-center","name":"Pennhurst Data Center Campus","state":"PA","detail_file":"data/details/data-centers-03.json","id":"pennhurst-data-center-east-vincent-chester-county-pa","status":"Proposed","status_group":"Proposed","landscape_weight":125.0,"search":"pennhurst data center campus penn hurst holdings proposed proposed data center spring city, chester, pa spring city chester pa on_site_gas peco limerick limerick delaware river - philadelphia","nearest_nuclear_latitude":40.2243,"nearest_nuclear_longitude":-75.5874,"nearest_power_latitude":40.2243,"nearest_power_longitude":-75.5874,"nearest_water_latitude":39.952,"nearest_water_longitude":-75.135}},{"type":"Feature","geometry":{"type":"Point","coordinates":[-80.4272,40.9915]},"properties":{"key":"stonebridge-powder-mills-lawrence-county-pa","layer":"data-center","name":"Powder Mills Data Center Campus","state":"PA","detail_file":"data/details/data-centers-00.json","id":"stonebridge-powder-mills-lawrence-county-pa","status":"Proposed","status_group":"Proposed","landscape_weight":569.0,"search":"powder mills data center campus stonebridge associates proposed proposed data center lawrence, pa lawrence pa penn power (firstenergy) beaver valley hickory run energy station ohio river - pittsburgh","nearest_nuclear_latitude":40.6219,"nearest_nuclear_longitude":-80.4336,"nearest_power_latitude":40.9944,"nearest_power_longitude":-80.43,"nearest_water_latitude":40.441,"nearest_water_longitude":-80.01}},{"type":"Feature","geometry":{"type":"Point","coordinates":[-75.55,41.5]},"properties":{"key":"project-gravity-archbald-lackawanna-county-pa","layer":"data-center","name":"Project Gravity","state":"PA","detail_file":"data/details/data-centers-05.json","id":"project-gravity-archbald-lackawanna-county-pa","status":"Proposed","status_group":"Proposed","landscape_weight":186.0,"search":"project gravity archbald 25 developer llc proposed proposed likely archbald, lackawanna, pa archbald lackawanna pa ppl electric talenenergy susquehanna archbald power station hudson river - new york","nearest_nuclear_latitude":41.0919,"nearest_nuclear_longitude":-76.1462,"nearest_power_latitude":41.485,"nearest_power_longitude":-75.5406,"nearest_water_latitude":40.79,"nearest_water_longitude":-73.98}},{"type":"Feature","geometry":{"type":"Point","coordinates":[-75.955,40.985]},"properties":{"key":"project-hazelnut-hazle-township-pa","layer":"data-center","name":"Project Hazelnut","state":"PA","detail_file":"data/details/data-centers-05.json","id":"project-hazelnut-hazle-township-pa","status":"Proposed","status_group":"Proposed","landscape_weight":1283.0,"search":"project hazelnut northpoint development (np hazleton holdings 1 llc) proposed proposed mixed_use hazle township, luzerne, pa hazle township luzerne pa ppl electric susquehanna steam electric station hazle spindle susquehanna river - harrisburg","nearest_nuclear_latitude":41.0889,"nearest_nuclear_longitude":-76.1489,"nearest_power_latitude":40.9495,"nearest_power_longitude":-76.0474,"nearest_water_latitude":40.273,"nearest_water_longitude":-76.887}},{"type":"Feature","geometry":{"type":"Point","coordinates":[-75.545,40.041]},"properties":{"key":"sentinel-east-whiteland-chester-county-pa","layer":"data-center","name":"Sentinel East Whiteland Data Center","state":"PA","detail_file":"data/details/data-centers-04.json","id":"sentinel-east-whiteland-chester-county-pa","status":"Permitted","status_group":"Permitted","capacity_mw":300.0,"capacity_label":"300 MW planned","landscape_weight":100.0,"search":"sentinel east whiteland data center sentinel data centers permitted permitted likely east whiteland township, chester, pa east whiteland township chester pa grid \u2014 peco grid peco limerick pickering solar delaware river - philadelphia","nearest_nuclear_latitude":40.2243,"nearest_nuclear_longitude":-75.5874,"nearest_power_latitude":40.1206,"nearest_power_longitude":-75.4881,"nearest_water_latitude":39.952,"nearest_water_longitude":-75.135}},{"type":"Feature","geometry":{"type":"Point","coordinates":[-80.44,40.63]},"properties":{"key":"aligned-shippingport-pa","layer":"data-center","name":"Shippingport Industrial Park","state":"PA","detail_file":"data/details/data-centers-05.json","id":"aligned-shippingport-pa","status":"Proposed","status_group":"Proposed","landscape_weight":660.0,"search":"shippingport industrial park aligned data centers proposed proposed data center shippingport, beaver, pa shippingport beaver pa beaver valley beaver valley ohio river - pittsburgh","nearest_nuclear_latitude":40.6219,"nearest_nuclear_longitude":-80.4336,"nearest_power_latitude":40.6219,"nearest_power_longitude":-80.4336,"nearest_water_latitude":40.441,"nearest_water_longitude":-80.01}},{"type":"Feature","geometry":{"type":"Point","coordinates":[-75.4209,40.1219]},"properties":{"key":"tierpoint-valley-forge-pa","layer":"data-center","name":"TierPoint Valley Forge","state":"PA","detail_file":"data/details/data-centers-01.json","id":"tierpoint-valley-forge-pa","status":"Operating","status_group":"Operating","landscape_weight":8.0,"search":"tierpoint valley forge tierpoint operating operating data center norristown, montgomery county, pa norristown montgomery county pa peco limerick pickering solar delaware river - philadelphia","nearest_nuclear_latitude":40.2243,"nearest_nuclear_longitude":-75.5874,"nearest_power_latitude":40.1206,"nearest_power_longitude":-75.4881,"nearest_water_latitude":39.952,"nearest_water_longitude":-75.135}},{"type":"Feature","geometry":{"type":"Point","coordinates":[-75.58,41.45]},"properties":{"key":"triboro-industrial-park-jessup-olyphant-lackawanna-county-pa","layer":"data-center","name":"Triboro Industrial Park / Triboro Commerce Park","state":"PA","detail_file":"data/details/data-centers-04.json","id":"triboro-industrial-park-jessup-olyphant-lackawanna-county-pa","status":"Permitted","status_group":"Permitted","landscape_weight":548.0,"search":"triboro industrial park / triboro commerce park ercor triboro llc (sansone group) permitted permitted likely jessup / olyphant, lackawanna, pa jessup / olyphant lackawanna pa ppl electric talenenergy susquehanna blakely (pa) rto btm hudson river - new york","nearest_nuclear_latitude":41.0919,"nearest_nuclear_longitude":-76.1462,"nearest_power_latitude":41.476,"nearest_power_longitude":-75.6006,"nearest_water_latitude":40.79,"nearest_water_longitude":-73.98}},{"type":"Feature","geometry":{"type":"Point","coordinates":[-75.54,41.51]},"properties":{"key":"wildcat-ridge-archbald-lackawanna-county-pa","layer":"data-center","name":"Wildcat Ridge AI Data Center Campus","state":"PA","detail_file":"data/details/data-centers-04.json","id":"wildcat-ridge-archbald-lackawanna-county-pa","status":"Proposed","status_group":"Proposed","capacity_mw":1600.0,"capacity_label":"1,600 MW planned","landscape_weight":1600.0,"search":"wildcat ridge ai data center campus cornell realty management proposed proposed confirmed archbald, lackawanna, pa archbald lackawanna pa ppl electric talenenergy susquehanna archbald power station hudson river - new york","nearest_nuclear_latitude":41.0919,"nearest_nuclear_longitude":-76.1462,"nearest_power_latitude":41.485,"nearest_power_longitude":-75.5406,"nearest_water_latitude":40.79,"nearest_water_longitude":-73.98}},{"type":"Feature","geometry":{"type":"Point","coordinates":[-71.527,41.867]},"properties":{"key":"hanton-city-smithfield-ri","layer":"data-center","name":"Hanton City Business Park (data center anchor)","state":"RI","detail_file":"data/details/data-centers-03.json","id":"hanton-city-smithfield-ri","status":"Proposed","status_group":"Proposed","landscape_weight":8.0,"search":"hanton city business park (data center anchor) hanton city investments llc proposed proposed mixed_use smithfield, providence, ri smithfield providence ri grid \u2014 rhode island energy (narragansett) grid rhode island energy (narragansett) millstone north providence hudson river - new york","nearest_nuclear_latitude":41.3107,"nearest_nuclear_longitude":-72.1677,"nearest_power_latitude":41.8698,"nearest_power_longitude":-71.4765,"nearest_water_latitude":40.79,"nearest_water_longitude":-73.98}},{"type":"Feature","geometry":{"type":"Point","coordinates":[-80.0391,33.0721]},"properties":{"key":"google-moncks-corner-sc","layer":"data-center","name":"Google Berkeley County Data Center (Moncks Corner)","state":"SC","detail_file":"data/details/data-centers-04.json","id":"google-moncks-corner-sc","status":"Operating","status_group":"Operating","landscape_weight":8.0,"search":"google berkeley county data center (moncks corner) google operating operating likely moncks corner, berkeley county, sc moncks corner berkeley county sc sol systems/pine gate renewables 225 mw solar + 18 mw battery storage ppa for nc/sc, announced to support google's regional operations solar santee cooper (local grid); berkeley electric cooperative also serves the area h b robinson berkeley county landfill savannah river - augusta","nearest_nuclear_latitude":34.4017,"nearest_nuclear_longitude":-80.1589,"nearest_power_latitude":33.1211,"nearest_power_longitude":-80.0294,"nearest_water_latitude":33.473,"nearest_water_longitude":-81.967}},{"type":"Feature","geometry":{"type":"Point","coordinates":[-80.3239,33.096]},"properties":{"key":"google-ridgeville-sc","layer":"data-center","name":"Google Ridgeville Data Center (Project Dawson)","state":"SC","detail_file":"data/details/data-centers-06.json","id":"google-ridgeville-sc","status":"Under construction","status_group":"Under construction","landscape_weight":231.0,"search":"google ridgeville data center (project dawson) google under construction under construction confirmed ridgeville, dorchester county, sc ridgeville dorchester county sc solar closed_loop vogtle omtanke solar savannah river - augusta","nearest_nuclear_latitude":33.1427,"nearest_nuclear_longitude":-81.7625,"nearest_power_latitude":33.1337,"nearest_power_longitude":-80.2537,"nearest_water_latitude":33.473,"nearest_water_longitude":-81.967}},{"type":"Feature","geometry":{"type":"Point","coordinates":[-80.5793,33.1843]},"properties":{"key":"google-winding-woods-st-george-sc","layer":"data-center","name":"Google Winding Woods Campus","state":"SC","detail_file":"data/details/data-centers-02.json","id":"google-winding-woods-st-george-sc","status":"Under construction","status_group":"Under construction","landscape_weight":206.0,"search":"google winding woods campus google under construction under construction confirmed st. george, dorchester, sc st. george dorchester sc grid vogtle dorchester biomass savannah river - augusta","nearest_nuclear_latitude":33.1427,"nearest_nuclear_longitude":-81.7625,"nearest_power_latitude":33.2386,"nearest_power_longitude":-80.4503,"nearest_water_latitude":33.473,"nearest_water_longitude":-81.967}},{"type":"Feature","geometry":{"type":"Point","coordinates":[-81.8287,33.5629]},"properties":{"key":"meta-aiken-county-sc","layer":"data-center","name":"Meta Aiken Data Center","state":"SC","detail_file":"data/details/data-centers-00.json","id":"meta-aiken-county-sc","status":"Under construction","status_group":"Under construction","capacity_mw":200.0,"capacity_label":"200 MW planned","landscape_weight":300.0,"search":"meta aiken data center meta under construction under construction confirmed graniteville, aiken county, sc graniteville aiken county sc mixed aiken electric cooperative vogtle shaw creek solar, llc savannah river - augusta","nearest_nuclear_latitude":33.1427,"nearest_nuclear_longitude":-81.7625,"nearest_power_latitude":33.6747,"nearest_power_longitude":-81.7544,"nearest_water_latitude":33.473,"nearest_water_longitude":-81.967}},{"type":"Feature","geometry":{"type":"Point","coordinates":[-80.62,32.7]},"properties":{"key":"project-boulder-colleton-county-sc","layer":"data-center","name":"Project Boulder","state":"SC","detail_file":"data/details/data-centers-00.json","id":"project-boulder-colleton-county-sc","status":"Proposed","status_group":"Proposed","landscape_weight":860.0,"search":"project boulder eagle rock partners proposed proposed likely colleton, sc colleton sc grid dominion energy south carolina vogtle seabrook solar savannah river - augusta","nearest_nuclear_latitude":33.1427,"nearest_nuclear_longitude":-81.7625,"nearest_power_latitude":32.5645,"nearest_power_longitude":-80.7421,"nearest_water_latitude":33.473,"nearest_water_longitude":-81.967}},{"type":"Feature","geometry":{"type":"Point","coordinates":[-96.62,44.567]},"properties":{"key":"applied-digital-deuel-county-sd","layer":"data-center","name":"Applied Digital Deuel County AI Campus","state":"SD","detail_file":"data/details/data-centers-06.json","id":"applied-digital-deuel-county-sd","status":"Cancelled","status_group":"Cancelled","capacity_mw":430.0,"capacity_label":"430 MW planned","landscape_weight":200.0,"search":"applied digital deuel county ai campus applied digital corporation cancelled cancelled confirmed toronto, deuel, sd toronto deuel sd grid otter tail power monticello nuclear facility toronto power plant missouri river - omaha","nearest_nuclear_latitude":45.3338,"nearest_nuclear_longitude":-93.8493,"nearest_power_latitude":44.5948,"nearest_power_longitude":-96.6222,"nearest_water_latitude":41.258,"nearest_water_longitude":-95.938}},{"type":"Feature","geometry":{"type":"Point","coordinates":[-96.685,43.583]},"properties":{"key":"gemini-data-center-sioux-falls-sd","layer":"data-center","name":"Sioux Falls Technology Park (Gemini Data Center)","state":"SD","detail_file":"data/details/data-centers-04.json","id":"gemini-data-center-sioux-falls-sd","status":"Permitted","status_group":"Permitted","capacity_mw":500.0,"capacity_label":"500 MW planned","landscape_weight":164.0,"search":"sioux falls technology park (gemini data center) gemini data center sd llc permitted permitted likely sioux falls, minnehaha, sd sioux falls minnehaha sd grid (xcel energy; adjacent to xcel's split rock substation) grid xcel energy monticello nuclear facility angus anson missouri river - omaha","nearest_nuclear_latitude":45.3338,"nearest_nuclear_longitude":-93.8493,"nearest_power_latitude":43.6035,"nearest_power_longitude":-96.6356,"nearest_water_latitude":41.258,"nearest_water_longitude":-95.938}},{"type":"Feature","geometry":{"type":"Point","coordinates":[-96.8092,43.607]},"properties":{"key":"tierpoint-sioux-falls-west-sd","layer":"data-center","name":"TierPoint Sioux Falls - West","state":"SD","detail_file":"data/details/data-centers-07.json","id":"tierpoint-sioux-falls-west-sd","status":"Operating","status_group":"Operating","landscape_weight":8.0,"search":"tierpoint sioux falls - west tierpoint operating operating data center sioux falls, minnehaha county, sd sioux falls minnehaha county sd monticello nuclear facility angus anson missouri river - omaha","nearest_nuclear_latitude":45.3338,"nearest_nuclear_longitude":-93.8493,"nearest_power_latitude":43.6035,"nearest_power_longitude":-96.6356,"nearest_water_latitude":41.258,"nearest_water_longitude":-95.938}},{"type":"Feature","geometry":{"type":"Point","coordinates":[-83.8361,35.9413]},"properties":{"key":"bitdeer-knoxville-tn","layer":"data-center","name":"Bitdeer Knoxville AI Datacenter (5101 S. National Drive)","state":"TN","detail_file":"data/details/data-centers-02.json","id":"bitdeer-knoxville-tn","status":"Under construction","status_group":"Under construction","capacity_mw":86.0,"capacity_label":"86 MW planned","landscape_weight":9.88,"search":"bitdeer knoxville ai datacenter (5101 s. national drive) bitdeer technologies group under construction under construction data center knoxville, knox, tn knoxville knox tn knoxville utilities board kairos power hermes 2 university of tennessee steam plant tennessee river - chattanooga","nearest_nuclear_latitude":35.92,"nearest_nuclear_longitude":-84.39,"nearest_power_latitude":35.9492,"nearest_power_longitude":-83.9261,"nearest_water_latitude":35.045,"nearest_water_longitude":-85.309}},{"type":"Feature","geometry":{"type":"Point","coordinates":[-87.36,36.53]},"properties":{"key":"cielo-clarksville-tn","layer":"data-center","name":"Cielo Montgomery County AI Campus","state":"TN","detail_file":"data/details/data-centers-02.json","id":"cielo-clarksville-tn","status":"Proposed","status_group":"Proposed","capacity_mw":350.0,"capacity_label":"350 MW planned","landscape_weight":107.0,"search":"cielo montgomery county ai campus cielo digital infrastructure proposed proposed likely clarksville, montgomery, tn clarksville montgomery tn grid \u2014 clarksville (cde lightband) grid clarksville (cde lightband) browns ferry sr clarksville, llc tennessee river - florence","nearest_nuclear_latitude":34.7042,"nearest_nuclear_longitude":-87.1189,"nearest_power_latitude":36.5233,"nearest_power_longitude":-87.3166,"nearest_water_latitude":34.799,"nearest_water_longitude":-87.677}},{"type":"Feature","geometry":{"type":"Point","coordinates":[-90.0148,35.0565]},"properties":{"key":"xai-colossus-memphis-tn","layer":"data-center","name":"Colossus","state":"TN","detail_file":"data/details/data-centers-02.json","id":"xai-colossus-memphis-tn","status":"Operating","status_group":"Operating","capacity_mw":150.0,"capacity_label":"150 MW operating","landscape_weight":150.0,"search":"colossus xai operating operating confirmed memphis, shelby, tn memphis shelby tn grid (memphis light gas & water) mixed memphis light gas & water (mlgw) / tva evaporative browns ferry tva southaven combined cycle mississippi river - memphis","nearest_nuclear_latitude":34.7042,"nearest_nuclear_longitude":-87.1189,"nearest_power_latitude":34.9939,"nearest_power_longitude":-90.0378,"nearest_water_latitude":35.149,"nearest_water_longitude":-90.049}},{"type":"Feature","geometry":{"type":"Point","coordinates":[-86.8085,35.9727]},"properties":{"key":"flexential-nashville-brentwood-nas01-04-tn","layer":"data-center","name":"Flexential Nashville - Brentwood (NAS01/04)","state":"TN","detail_file":"data/details/data-centers-06.json","id":"flexential-nashville-brentwood-nas01-04-tn","status":"Operating","status_group":"Operating","landscape_weight":8.0,"search":"flexential nashville - brentwood (nas01/04) flexential operating operating data center brentwood, williamson county, tn brentwood williamson county tn browns ferry vanderbilt university power plant tennessee river - florence","nearest_nuclear_latitude":34.7042,"nearest_nuclear_longitude":-87.1189,"nearest_power_latitude":36.1459,"nearest_power_longitude":-86.8038,"nearest_water_latitude":34.799,"nearest_water_longitude":-87.677}},{"type":"Feature","geometry":{"type":"Point","coordinates":[-86.8334,35.951]},"properties":{"key":"flexential-nashville-cool-springs-tn","layer":"data-center","name":"Flexential Nashville - Cool Springs","state":"TN","detail_file":"data/details/data-centers-03.json","id":"flexential-nashville-cool-springs-tn","status":"Operating","status_group":"Operating","capacity_mw":3.15,"capacity_label":"3 MW operating","landscape_weight":3.15,"search":"flexential nashville - cool springs flexential operating operating data center franklin, williamson county, tn franklin williamson county tn middle tennessee electric browns ferry vanderbilt university power plant tennessee river - florence","nearest_nuclear_latitude":34.7042,"nearest_nuclear_longitude":-87.1189,"nearest_power_latitude":36.1459,"nearest_power_longitude":-86.8038,"nearest_water_latitude":34.799,"nearest_water_longitude":-87.677}},{"type":"Feature","geometry":{"type":"Point","coordinates":[-86.8155,35.9204]},"properties":{"key":"flexential-nashville-franklin-tn","layer":"data-center","name":"Flexential Nashville - Franklin","state":"TN","detail_file":"data/details/data-centers-03.json","id":"flexential-nashville-franklin-tn","status":"Operating","status_group":"Operating","capacity_mw":6.0,"capacity_label":"6 MW operating","landscape_weight":6.0,"search":"flexential nashville - franklin flexential operating operating data center franklin, williamson county, tn franklin williamson county tn middle tennessee electric browns ferry vanderbilt university power plant tennessee river - florence","nearest_nuclear_latitude":34.7042,"nearest_nuclear_longitude":-87.1189,"nearest_power_latitude":36.1459,"nearest_power_longitude":-86.8038,"nearest_water_latitude":34.799,"nearest_water_longitude":-87.677}},{"type":"Feature","geometry":{"type":"Point","coordinates":[-87.3636,36.5288]},"properties":{"key":"google-montgomery-county-tn","layer":"data-center","name":"Google Montgomery County Data Center","state":"TN","detail_file":"data/details/data-centers-04.json","id":"google-montgomery-county-tn","status":"Operating","status_group":"Operating","landscape_weight":8.0,"search":"google montgomery county data center google operating operating mixed_use clarksville, montgomery county, tn clarksville montgomery county tn grid tva browns ferry sr clarksville, llc tennessee river - florence","nearest_nuclear_latitude":34.7042,"nearest_nuclear_longitude":-87.1189,"nearest_power_latitude":36.5233,"nearest_power_longitude":-87.3166,"nearest_water_latitude":34.799,"nearest_water_longitude":-87.677}},{"type":"Feature","geometry":{"type":"Point","coordinates":[-86.4369,36.3884]},"properties":{"key":"meta-gallatin-tn","layer":"data-center","name":"Meta Gallatin Data Center Campus","state":"TN","detail_file":"data/details/data-centers-02.json","id":"meta-gallatin-tn","status":"Operating","status_group":"Operating","capacity_mw":300.0,"capacity_label":"300 MW operating","landscape_weight":900.0,"search":"meta gallatin data center campus meta operating operating confirmed gallatin, sumner county, tn gallatin sumner county tn mixed tva air watts bar nuclear plant gallatin (tn) tennessee river - chattanooga","nearest_nuclear_latitude":35.6021,"nearest_nuclear_longitude":-84.7895,"nearest_power_latitude":36.3156,"nearest_power_longitude":-86.4006,"nearest_water_latitude":35.045,"nearest_water_longitude":-85.309}},{"type":"Feature","geometry":{"type":"Point","coordinates":[-86.8557,35.9245]},"properties":{"key":"tierpoint-nashville-tn","layer":"data-center","name":"TierPoint Nashville","state":"TN","detail_file":"data/details/data-centers-03.json","id":"tierpoint-nashville-tn","status":"Operating","status_group":"Operating","landscape_weight":8.0,"search":"tierpoint nashville tierpoint operating operating data center franklin, williamson county, tn franklin williamson county tn middle tennessee electric browns ferry vanderbilt university power plant tennessee river - florence","nearest_nuclear_latitude":34.7042,"nearest_nuclear_longitude":-87.1189,"nearest_power_latitude":36.1459,"nearest_power_longitude":-86.8038,"nearest_water_latitude":34.799,"nearest_water_longitude":-87.677}},{"type":"Feature","geometry":{"type":"Point","coordinates":[-97.5651,30.1394]},"properties":{"key":"edgeconnex-cedar-creek-tx","layer":"data-center","name":"AUS02 / Cedar Creek Campus","state":"TX","detail_file":"data/details/data-centers-00.json","id":"edgeconnex-cedar-creek-tx","status":"Under construction","status_group":"Under construction","landscape_weight":140.0,"search":"aus02 / cedar creek campus edgeconnex under construction under construction data center cedar creek, bastrop, tx cedar creek bastrop tx south texas project bastrop energy center colorado river - austin","nearest_nuclear_latitude":28.795,"nearest_nuclear_longitude":-96.0481,"nearest_power_latitude":30.1458,"nearest_power_longitude":-97.55,"nearest_water_latitude":30.267,"nearest_water_longitude":-97.743}},{"type":"Feature","geometry":{"type":"Point","coordinates":[-96.6766,33.0093]},"properties":{"key":"aligned-dfw-01-tx","layer":"data-center","name":"Aligned DFW-01","state":"TX","detail_file":"data/details/data-centers-02.json","id":"aligned-dfw-01-tx","status":"Operating","status_group":"Operating","landscape_weight":8.0,"search":"aligned dfw-01 aligned operating operating likely plano, collin county, tx plano collin county tx grid \u2014 oncor electric delivery grid oncor electric delivery comanche peak heb00796 lake texoma","nearest_nuclear_latitude":32.2984,"nearest_nuclear_longitude":-97.7855,"nearest_power_latitude":33.1166,"nearest_power_longitude":-96.6531,"nearest_water_latitude":33.824,"nearest_water_longitude":-96.571}},{"type":"Feature","geometry":{"type":"Point","coordinates":[-97.0749,32.5498]},"properties":{"key":"aligned-dfw-03-tx","layer":"data-center","name":"Aligned DFW-03","state":"TX","detail_file":"data/details/data-centers-07.json","id":"aligned-dfw-03-tx","status":"Operating","status_group":"Operating","landscape_weight":27.0,"search":"aligned dfw-03 aligned operating operating likely mansfield, tarrant county, tx mansfield tarrant county tx grid \u2014 oncor electric delivery grid oncor electric delivery comanche peak heb00750 lake texoma","nearest_nuclear_latitude":32.2984,"nearest_nuclear_longitude":-97.7855,"nearest_power_latitude":32.5672,"nearest_power_longitude":-97.1148,"nearest_water_latitude":33.824,"nearest_water_longitude":-96.571}},{"type":"Feature","geometry":{"type":"Point","coordinates":[-101.84,33.84]},"properties":{"key":"aligned-project-caprock-hale-county-tx","layer":"data-center","name":"Aligned Data Centers Project Caprock","state":"TX","detail_file":"data/details/data-centers-00.json","id":"aligned-project-caprock-hale-county-tx","status":"Under construction","status_group":"Under construction","capacity_mw":540.0,"capacity_label":"540 MW planned","landscape_weight":313.0,"search":"aligned data centers project caprock aligned data centers under construction under construction likely abernathy, hale, tx abernathy hale tx grid (xcel energy); dedicated electrical infrastructure funded by aligned grid xcel energy closed_loop project matador nuclear antelope station lake texoma","nearest_nuclear_latitude":35.2838,"nearest_nuclear_longitude":-101.569,"nearest_power_latitude":33.865,"nearest_power_longitude":-101.8433,"nearest_water_latitude":33.824,"nearest_water_longitude":-96.571}},{"type":"Feature","geometry":{"type":"Point","coordinates":[-100.8687,32.3954]},"properties":{"key":"cipher-barber-lake-colorado-city-tx","layer":"data-center","name":"Cipher Barber Lake Campus","state":"TX","detail_file":"data/details/data-centers-06.json","id":"cipher-barber-lake-colorado-city-tx","status":"Under construction","status_group":"Under construction","capacity_mw":300.0,"capacity_label":"300 MW planned","landscape_weight":587.0,"search":"cipher barber lake campus cipher mining under construction under construction confirmed colorado city, mitchell, tx colorado city mitchell tx grid comanche peak hackberry creek solar colorado river - austin","nearest_nuclear_latitude":32.2984,"nearest_nuclear_longitude":-97.7855,"nearest_power_latitude":32.3931,"nearest_power_longitude":-100.8702,"nearest_water_latitude":30.267,"nearest_water_longitude":-97.743}},{"type":"Feature","geometry":{"type":"Point","coordinates":[-103.1607,31.751]},"properties":{"key":"cipher-black-pearl-wink-tx","layer":"data-center","name":"Cipher Black Pearl Campus","state":"TX","detail_file":"data/details/data-centers-00.json","id":"cipher-black-pearl-wink-tx","status":"Under construction","status_group":"Under construction","capacity_mw":300.0,"capacity_label":"300 MW planned","landscape_weight":300.0,"search":"cipher black pearl campus cipher mining under construction under construction confirmed wink, winkler, tx wink winkler tx grid oncor project matador nuclear lonestar rio grande - el paso","nearest_nuclear_latitude":35.2838,"nearest_nuclear_longitude":-101.569,"nearest_power_latitude":31.5949,"nearest_power_longitude":-103.2498,"nearest_water_latitude":31.761,"nearest_water_longitude":-106.485}},{"type":"Feature","geometry":{"type":"Point","coordinates":[-100.3212,31.5291]},"properties":{"key":"cipher-colchis-tom-green-tx","layer":"data-center","name":"Cipher Colchis Campus","state":"TX","detail_file":"data/details/data-centers-00.json","id":"cipher-colchis-tom-green-tx","status":"Proposed","status_group":"Proposed","capacity_mw":1000.0,"capacity_label":"1,000 MW planned","landscape_weight":620.0,"search":"cipher colchis campus cipher mining proposed proposed data center san angelo, tom green, tx san angelo tom green tx grid comanche peak norton solar farm colorado river - austin","nearest_nuclear_latitude":32.2984,"nearest_nuclear_longitude":-97.7855,"nearest_power_latitude":31.5348,"nearest_power_longitude":-100.1138,"nearest_water_latitude":30.267,"nearest_water_longitude":-97.743}},{"type":"Feature","geometry":{"type":"Point","coordinates":[-96.9626,31.4741]},"properties":{"key":"cipher-mclennan-county-tx","layer":"data-center","name":"Cipher McLennan HPC Data Center","state":"TX","detail_file":"data/details/data-centers-07.json","id":"cipher-mclennan-county-tx","status":"Proposed","status_group":"Proposed","landscape_weight":300.0,"search":"cipher mclennan hpc data center cipher digital (formerly cipher mining) proposed proposed data center waco, mclennan, tx waco mclennan tx comanche peak sandy creek energy station colorado river - austin","nearest_nuclear_latitude":32.2984,"nearest_nuclear_longitude":-97.7855,"nearest_power_latitude":31.4744,"nearest_power_longitude":-96.9571,"nearest_water_latitude":30.267,"nearest_water_longitude":-97.743}},{"type":"Feature","geometry":{"type":"Point","coordinates":[-99.3349,31.1317]},"properties":{"key":"cipher-mikeska-mcculloch-county-tx","layer":"data-center","name":"Cipher Mikeska HPC Data Center","state":"TX","detail_file":"data/details/data-centers-00.json","id":"cipher-mikeska-mcculloch-county-tx","status":"Proposed","status_group":"Proposed","landscape_weight":8.0,"search":"cipher mikeska hpc data center cipher digital (formerly cipher mining) proposed proposed data center brady, mcculloch, tx brady mcculloch tx comanche peak heart of texas wind project colorado river - austin","nearest_nuclear_latitude":32.2984,"nearest_nuclear_longitude":-97.7855,"nearest_power_latitude":31.2422,"nearest_power_longitude":-99.4213,"nearest_water_latitude":30.267,"nearest_water_longitude":-97.743}},{"type":"Feature","geometry":{"type":"Point","coordinates":[-95.5508,30.7235]},"properties":{"key":"cipher-milsing-huntsville-walker-tx","layer":"data-center","name":"Cipher Milsing HPC Data Center","state":"TX","detail_file":"data/details/data-centers-04.json","id":"cipher-milsing-huntsville-walker-tx","status":"Proposed","status_group":"Proposed","landscape_weight":187.0,"search":"cipher milsing hpc data center cipher digital (formerly cipher mining) proposed proposed data center huntsville, walker, tx huntsville walker tx south texas project piney woods solar colorado river - austin","nearest_nuclear_latitude":28.795,"nearest_nuclear_longitude":-96.0481,"nearest_power_latitude":30.7187,"nearest_power_longitude":-95.6697,"nearest_water_latitude":30.267,"nearest_water_longitude":-97.743}},{"type":"Feature","geometry":{"type":"Point","coordinates":[-99.2351,28.4359]},"properties":{"key":"cipher-reveille-cotulla-la-salle-tx","layer":"data-center","name":"Cipher Reveille HPC Data Center","state":"TX","detail_file":"data/details/data-centers-01.json","id":"cipher-reveille-cotulla-la-salle-tx","status":"Proposed","status_group":"Proposed","capacity_mw":70.0,"capacity_label":"70 MW planned","landscape_weight":70.0,"search":"cipher reveille hpc data center cipher digital (formerly cipher mining) proposed proposed data center cotulla, la salle, tx cotulla la salle tx south texas project cotulla bess 1 colorado river - austin","nearest_nuclear_latitude":28.795,"nearest_nuclear_longitude":-96.0481,"nearest_power_latitude":28.4423,"nearest_power_longitude":-99.2525,"nearest_water_latitude":30.267,"nearest_water_longitude":-97.743}},{"type":"Feature","geometry":{"type":"Point","coordinates":[-102.5457,32.3187]},"properties":{"key":"cipher-stingray-andrews-county-tx","layer":"data-center","name":"Cipher Stingray HPC Data Center","state":"TX","detail_file":"data/details/data-centers-03.json","id":"cipher-stingray-andrews-county-tx","status":"Under construction","status_group":"Under construction","capacity_mw":100.0,"capacity_label":"100 MW planned","landscape_weight":250.0,"search":"cipher stingray hpc data center cipher digital (formerly cipher mining) under construction under construction data center andrews, andrews, tx andrews andrews tx project matador nuclear bakke rio grande - el paso","nearest_nuclear_latitude":35.2838,"nearest_nuclear_longitude":-101.569,"nearest_power_latitude":32.2959,"nearest_power_longitude":-102.54,"nearest_water_latitude":31.761,"nearest_water_longitude":-106.485}},{"type":"Feature","geometry":{"type":"Point","coordinates":[-97.94,29.88]},"properties":{"key":"cloudburst-san-marcos-tx","layer":"data-center","name":"CloudBurst San Marcos GigaCenter","state":"TX","detail_file":"data/details/data-centers-01.json","id":"cloudburst-san-marcos-tx","status":"Under construction","status_group":"Under construction","capacity_mw":1200.0,"capacity_label":"1,200 MW planned","landscape_weight":706.0,"search":"cloudburst san marcos gigacenter cloudburst data centers under construction under construction confirmed san marcos, hays, tx san marcos hays tx on-site natural gas (energy transfer oasis pipeline, up to 1.2 gw behind-the-meter) on_site_gas south texas project hays energy project colorado river - austin","nearest_nuclear_latitude":28.795,"nearest_nuclear_longitude":-96.0481,"nearest_power_latitude":29.7806,"nearest_power_longitude":-97.9894,"nearest_water_latitude":30.267,"nearest_water_longitude":-97.743}},{"type":"Feature","geometry":{"type":"Point","coordinates":[-97.83,32.35]},"properties":{"key":"comanche-circle-sailfish-hood-county-tx","layer":"data-center","name":"Comanche Circle","state":"TX","detail_file":"data/details/data-centers-04.json","id":"comanche-circle-sailfish-hood-county-tx","status":"Proposed","status_group":"Proposed","landscape_weight":2600.0,"search":"comanche circle sailfish digital ventures (sdv) proposed proposed likely tolar, hood, tx tolar hood tx grid comanche peak comanche peak lake texoma","nearest_nuclear_latitude":32.2984,"nearest_nuclear_longitude":-97.7855,"nearest_power_latitude":32.2984,"nearest_power_longitude":-97.7855,"nearest_water_latitude":33.824,"nearest_water_longitude":-96.571}},{"type":"Feature","geometry":{"type":"Point","coordinates":[-103.58,31.44]},"properties":{"key":"core-scientific-pecos-tx","layer":"data-center","name":"Core Scientific Pecos AI Campus","state":"TX","detail_file":"data/details/data-centers-04.json","id":"core-scientific-pecos-tx","status":"Under construction","status_group":"Under construction","capacity_mw":1500.0,"capacity_label":"1,500 MW planned","landscape_weight":1500.0,"search":"core scientific pecos ai campus core scientific under construction under construction confirmed pecos, reeves, tx pecos reeves tx grid project matador nuclear coyote springs (tx) rio grande - el paso","nearest_nuclear_latitude":35.2838,"nearest_nuclear_longitude":-101.569,"nearest_power_latitude":31.3947,"nearest_power_longitude":-103.6303,"nearest_water_latitude":31.761,"nearest_water_longitude":-106.485}},{"type":"Feature","geometry":{"type":"Point","coordinates":[-97.0036,28.8053]},"properties":{"key":"crusoe-blue-energy-victoria-tx","layer":"data-center","name":"Crusoe Victoria AI Factory","state":"TX","detail_file":"data/details/data-centers-00.json","id":"crusoe-blue-energy-victoria-tx","status":"Proposed","status_group":"Proposed","capacity_mw":1500.0,"capacity_label":"1,500 MW planned","landscape_weight":1500.0,"search":"crusoe victoria ai factory crusoe (with blue energy) proposed proposed confirmed victoria, victoria, tx victoria victoria tx on-site generation (blue energy: gas bridge \u2192 nuclear) on_site_gas south texas project cg ps victoria wwtp, llc colorado river - austin","nearest_nuclear_latitude":28.795,"nearest_nuclear_longitude":-96.0481,"nearest_power_latitude":28.7935,"nearest_power_longitude":-97.0122,"nearest_water_latitude":30.267,"nearest_water_longitude":-97.743}},{"type":"Feature","geometry":{"type":"Point","coordinates":[-96.66,33.1385]},"properties":{"key":"cyrusone-dfw3-dfw5-allen-tx","layer":"data-center","name":"CyrusOne DFW3-DFW5 (Allen)","state":"TX","detail_file":"data/details/data-centers-04.json","id":"cyrusone-dfw3-dfw5-allen-tx","status":"Operating","status_group":"Operating","capacity_mw":50.0,"capacity_label":"50 MW planned","landscape_weight":90.0,"search":"cyrusone dfw3-dfw5 (allen) cyrusone operating operating likely allen, collin county, tx allen collin county tx gexa energy (wind + solar ppa) mixed oncor comanche peak heb00796 lake texoma","nearest_nuclear_latitude":32.2984,"nearest_nuclear_longitude":-97.7855,"nearest_power_latitude":33.1166,"nearest_power_longitude":-96.6531,"nearest_water_latitude":33.824,"nearest_water_longitude":-96.571}},{"type":"Feature","geometry":{"type":"Point","coordinates":[-98.6881,29.4666]},"properties":{"key":"cyrusone-sat1-san-antonio-tx","layer":"data-center","name":"CyrusOne SAT1 (San Antonio)","state":"TX","detail_file":"data/details/data-centers-07.json","id":"cyrusone-sat1-san-antonio-tx","status":"Operating","status_group":"Operating","landscape_weight":8.0,"search":"cyrusone sat1 (san antonio) cyrusone operating operating data center san antonio, bexar county, tx san antonio bexar county tx south texas project heb_cps00085 colorado river - austin","nearest_nuclear_latitude":28.795,"nearest_nuclear_longitude":-96.0481,"nearest_power_latitude":29.4337,"nearest_power_longitude":-98.7035,"nearest_water_latitude":30.267,"nearest_water_longitude":-97.743}},{"type":"Feature","geometry":{"type":"Point","coordinates":[-98.673,29.4709]},"properties":{"key":"cyrusone-sat2-sat4-san-antonio-tx","layer":"data-center","name":"CyrusOne SAT2-SAT4 (San Antonio)","state":"TX","detail_file":"data/details/data-centers-02.json","id":"cyrusone-sat2-sat4-san-antonio-tx","status":"Operating","status_group":"Operating","landscape_weight":8.0,"search":"cyrusone sat2-sat4 (san antonio) cyrusone operating operating likely san antonio, bexar county, tx san antonio bexar county tx grid cps energy south texas project heb_cps00085 colorado river - austin","nearest_nuclear_latitude":28.795,"nearest_nuclear_longitude":-96.0481,"nearest_power_latitude":29.4337,"nearest_power_longitude":-98.7035,"nearest_water_latitude":30.267,"nearest_water_longitude":-97.743}},{"type":"Feature","geometry":{"type":"Point","coordinates":[-99.4803,27.5306]},"properties":{"key":"data-city-energy-abundance-laredo-tx","layer":"data-center","name":"Data City, Texas","state":"TX","detail_file":"data/details/data-centers-02.json","id":"data-city-energy-abundance-laredo-tx","status":"Proposed","status_group":"Proposed","capacity_mw":5000.0,"capacity_label":"5,000 MW planned","landscape_weight":50000.0,"search":"data city, texas energy abundance development corporation proposed proposed likely laredo, webb, tx laredo webb tx mixed south texas project laredo colorado river - austin","nearest_nuclear_latitude":28.795,"nearest_nuclear_longitude":-96.0481,"nearest_power_latitude":27.5667,"nearest_power_longitude":-99.5089,"nearest_water_latitude":30.267,"nearest_water_longitude":-97.743}},{"type":"Feature","geometry":{"type":"Point","coordinates":[-97.6958,30.2122]},"properties":{"key":"digital-realty-aus11-tx","layer":"data-center","name":"Digital Realty AUS11","state":"TX","detail_file":"data/details/data-centers-03.json","id":"digital-realty-aus11-tx","status":"Operating","status_group":"Operating","landscape_weight":8.0,"search":"digital realty aus11 digital realty operating operating data center austin, travis county, tx austin travis county tx south texas project system control center colorado river - austin","nearest_nuclear_latitude":28.795,"nearest_nuclear_longitude":-96.0481,"nearest_power_latitude":30.2199,"nearest_power_longitude":-97.7088,"nearest_water_latitude":30.267,"nearest_water_longitude":-97.743}},{"type":"Feature","geometry":{"type":"Point","coordinates":[-97.6962,30.3428]},"properties":{"key":"element-critical-austin-one-tx","layer":"data-center","name":"Element Critical Austin One","state":"TX","detail_file":"data/details/data-centers-02.json","id":"element-critical-austin-one-tx","status":"Operating","status_group":"Operating","capacity_mw":5.0,"capacity_label":"5 MW operating","landscape_weight":5.0,"search":"element critical austin one element critical operating operating data center austin, travis county, tx austin travis county tx comanche peak robert mueller energy center colorado river - austin","nearest_nuclear_latitude":32.2984,"nearest_nuclear_longitude":-97.7855,"nearest_power_latitude":30.305,"nearest_power_longitude":-97.7077,"nearest_water_latitude":30.267,"nearest_water_longitude":-97.743}},{"type":"Feature","geometry":{"type":"Point","coordinates":[-96.8194,32.8004]},"properties":{"key":"flexential-dallas-downtown-dallas-tx","layer":"data-center","name":"Flexential Dallas - Downtown Dallas","state":"TX","detail_file":"data/details/data-centers-00.json","id":"flexential-dallas-downtown-dallas-tx","status":"Operating","status_group":"Operating","landscape_weight":8.0,"search":"flexential dallas - downtown dallas flexential operating operating data center dallas, dallas county, tx dallas dallas county tx comanche peak otherbenekdallas lake texoma","nearest_nuclear_latitude":32.2984,"nearest_nuclear_longitude":-97.7855,"nearest_power_latitude":32.8185,"nearest_power_longitude":-96.8532,"nearest_water_latitude":33.824,"nearest_water_longitude":-96.571}},{"type":"Feature","geometry":{"type":"Point","coordinates":[-96.6664,33.007]},"properties":{"key":"flexential-dallas-plano-tx","layer":"data-center","name":"Flexential Dallas - Plano","state":"TX","detail_file":"data/details/data-centers-04.json","id":"flexential-dallas-plano-tx","status":"Operating","status_group":"Operating","capacity_mw":13.0,"capacity_label":"13 MW operating","landscape_weight":13.0,"search":"flexential dallas - plano flexential operating operating confirmed plano, collin county, tx plano collin county tx grid oncor comanche peak heb00796 lake texoma","nearest_nuclear_latitude":32.2984,"nearest_nuclear_longitude":-97.7855,"nearest_power_latitude":33.1166,"nearest_power_longitude":-96.6531,"nearest_water_latitude":33.824,"nearest_water_longitude":-96.571}},{"type":"Feature","geometry":{"type":"Point","coordinates":[-96.7525,32.9948]},"properties":{"key":"flexential-dallas-richardson-tx","layer":"data-center","name":"Flexential Dallas - Richardson","state":"TX","detail_file":"data/details/data-centers-03.json","id":"flexential-dallas-richardson-tx","status":"Operating","status_group":"Operating","landscape_weight":8.0,"search":"flexential dallas - richardson flexential operating operating data center richardson, dallas county, tx richardson dallas county tx comanche peak wal3406 lake texoma","nearest_nuclear_latitude":32.2984,"nearest_nuclear_longitude":-97.7855,"nearest_power_latitude":32.959,"nearest_power_longitude":-96.8166,"nearest_water_latitude":33.824,"nearest_water_longitude":-96.571}},{"type":"Feature","geometry":{"type":"Point","coordinates":[-101.84,33.84]},"properties":{"key":"fluidstack-abernathy-tx","layer":"data-center","name":"Fluidstack Abernathy AI Campus","state":"TX","detail_file":"data/details/data-centers-04.json","id":"fluidstack-abernathy-tx","status":"Under construction","status_group":"Under construction","capacity_mw":168.0,"capacity_label":"168 MW planned","landscape_weight":120.0,"search":"fluidstack abernathy ai campus fluidstack under construction under construction confirmed abernathy, hale, tx abernathy hale tx grid xcel energy (sps) project matador nuclear antelope station lake texoma","nearest_nuclear_latitude":35.2838,"nearest_nuclear_longitude":-101.569,"nearest_power_latitude":33.865,"nearest_power_longitude":-101.8433,"nearest_water_latitude":33.824,"nearest_water_longitude":-96.571}},{"type":"Feature","geometry":{"type":"Point","coordinates":[-97.78,32.42]},"properties":{"key":"fort-spunky-pacifico-energy-hood-county-tx","layer":"data-center","name":"Fort Spunky","state":"TX","detail_file":"data/details/data-centers-02.json","id":"fort-spunky-pacifico-energy-hood-county-tx","status":"Proposed","status_group":"Proposed","capacity_mw":100.0,"capacity_label":"100 MW planned","landscape_weight":862.0,"search":"fort spunky pacifico energy proposed proposed likely hood, tx hood tx grid comanche peak apache hill energy center lake texoma","nearest_nuclear_latitude":32.2984,"nearest_nuclear_longitude":-97.7855,"nearest_power_latitude":32.38,"nearest_power_longitude":-97.7278,"nearest_water_latitude":33.824,"nearest_water_longitude":-96.571}},{"type":"Feature","geometry":{"type":"Point","coordinates":[-102.88,31.05]},"properties":{"key":"gw-ranch-pacifico-energy-pecos-county-tx","layer":"data-center","name":"GW Ranch","state":"TX","detail_file":"data/details/data-centers-05.json","id":"gw-ranch-pacifico-energy-pecos-county-tx","status":"Proposed","status_group":"Proposed","landscape_weight":8000.0,"search":"gw ranch pacifico energy (data center tenant unidentified) proposed proposed likely pecos, tx pecos tx on_site_gas project matador nuclear gomez rio grande - el paso","nearest_nuclear_latitude":35.2838,"nearest_nuclear_longitude":-101.569,"nearest_power_latitude":31.0365,"nearest_power_longitude":-103.0242,"nearest_water_latitude":31.761,"nearest_water_longitude":-106.485}},{"type":"Feature","geometry":{"type":"Point","coordinates":[-100.84,33.72]},"properties":{"key":"galaxy-helios-dickens-county-tx","layer":"data-center","name":"Galaxy Helios Data Center Campus","state":"TX","detail_file":"data/details/data-centers-04.json","id":"galaxy-helios-dickens-county-tx","status":"Under construction","status_group":"Under construction","capacity_mw":1630.0,"capacity_label":"1,630 MW planned","landscape_weight":2200.0,"search":"galaxy helios data center campus galaxy digital under construction under construction confirmed afton, dickens, tx afton dickens tx ercot grid grid unknown project matador nuclear burksol energy storage lake texoma","nearest_nuclear_latitude":35.2838,"nearest_nuclear_longitude":-101.569,"nearest_power_latitude":33.7815,"nearest_power_longitude":-100.8775,"nearest_water_latitude":33.824,"nearest_water_longitude":-96.571}},{"type":"Feature","geometry":{"type":"Point","coordinates":[-101.367,34.973]},"properties":{"key":"google-armstrong-county-tx","layer":"data-center","name":"Goodnight Campus","state":"TX","detail_file":"data/details/data-centers-06.json","id":"google-armstrong-county-tx","status":"Under construction","status_group":"Under construction","landscape_weight":350.0,"search":"goodnight campus google / crusoe under construction under construction confirmed claude, armstrong county, tx claude armstrong county tx mixed mixed unknown project matador nuclear goodnight wind ii lake texoma","nearest_nuclear_latitude":35.2838,"nearest_nuclear_longitude":-101.569,"nearest_power_latitude":34.9372,"nearest_power_longitude":-101.4339,"nearest_water_latitude":33.824,"nearest_water_longitude":-96.571}},{"type":"Feature","geometry":{"type":"Point","coordinates":[-99.7337,33.1576]},"properties":{"key":"google-haskell-county-tx","layer":"data-center","name":"Google Haskell County Data Center Campus","state":"TX","detail_file":"data/details/data-centers-07.json","id":"google-haskell-county-tx","status":"Under construction","status_group":"Under construction","landscape_weight":8.0,"search":"google haskell county data center campus google under construction under construction confirmed haskell, haskell county, tx haskell haskell county tx solar solar comanche peak inertia wind project lake texoma","nearest_nuclear_latitude":32.2984,"nearest_nuclear_longitude":-97.7855,"nearest_power_latitude":33.1869,"nearest_power_longitude":-99.5953,"nearest_water_latitude":33.824,"nearest_water_longitude":-96.571}},{"type":"Feature","geometry":{"type":"Point","coordinates":[-100.9609,35.5365]},"properties":{"key":"google-meitner-pampa-tx","layer":"data-center","name":"Google Meitner Energy Center","state":"TX","detail_file":"data/details/data-centers-03.json","id":"google-meitner-pampa-tx","status":"Under construction","status_group":"Under construction","landscape_weight":8.0,"search":"google meitner energy center google (with intersect power) under construction under construction confirmed pampa, gray, tx pampa gray tx co-located on-site generation (intersect power) mixed air project matador nuclear ip meitner wind lake texoma","nearest_nuclear_latitude":35.2838,"nearest_nuclear_longitude":-101.569,"nearest_power_latitude":35.697,"nearest_power_longitude":-100.8213,"nearest_water_latitude":33.824,"nearest_water_longitude":-96.571}},{"type":"Feature","geometry":{"type":"Point","coordinates":[-96.8011,32.5163]},"properties":{"key":"google-red-oak-tx","layer":"data-center","name":"Google Red Oak Campus","state":"TX","detail_file":"data/details/data-centers-01.json","id":"google-red-oak-tx","status":"Operating","status_group":"Operating","landscape_weight":166.0,"search":"google red oak campus google operating operating confirmed red oak, ellis, tx red oak ellis tx grid closed_loop comanche peak dolomite storage lake texoma","nearest_nuclear_latitude":32.2984,"nearest_nuclear_longitude":-97.7855,"nearest_power_latitude":32.4561,"nearest_power_longitude":-96.7377,"nearest_water_latitude":33.824,"nearest_water_longitude":-96.571}},{"type":"Feature","geometry":{"type":"Point","coordinates":[-99.294,34.1551]},"properties":{"key":"google-wilbarger-vernon-tx","layer":"data-center","name":"Google Wilbarger County Campus","state":"TX","detail_file":"data/details/data-centers-00.json","id":"google-wilbarger-vernon-tx","status":"Under construction","status_group":"Under construction","landscape_weight":8.0,"search":"google wilbarger county campus google (with aes) under construction under construction confirmed vernon, wilbarger, tx vernon wilbarger tx grid air project matador nuclear vernon solar and storage lake texoma","nearest_nuclear_latitude":35.2838,"nearest_nuclear_longitude":-101.569,"nearest_power_latitude":34.1096,"nearest_power_longitude":-99.2969,"nearest_water_latitude":33.824,"nearest_water_longitude":-96.571}},{"type":"Feature","geometry":{"type":"Point","coordinates":[-100.8791,33.7814]},"properties":{"key":"galaxy-helios-dickens-tx","layer":"data-center","name":"Helios (Galaxy Digital / CoreWeave)","state":"TX","detail_file":"data/details/data-centers-05.json","id":"galaxy-helios-dickens-tx","status":"Operating","status_group":"Operating","capacity_mw":200.0,"capacity_label":"200 MW operating / 800 MW planned","landscape_weight":200.0,"search":"helios (galaxy digital / coreweave) galaxy digital holdings operating operating mixed_use afton, dickens, tx afton dickens tx ercot grid (800 mw approved) grid project matador nuclear burksol energy storage lake texoma","nearest_nuclear_latitude":35.2838,"nearest_nuclear_longitude":-101.569,"nearest_power_latitude":33.7815,"nearest_power_longitude":-100.8775,"nearest_water_latitude":33.824,"nearest_water_longitude":-96.571}},{"type":"Feature","geometry":{"type":"Point","coordinates":[-97.6689,27.7897]},"properties":{"key":"hut8-beacon-point-robstown-tx","layer":"data-center","name":"Hut 8 Beacon Point AI Campus","state":"TX","detail_file":"data/details/data-centers-06.json","id":"hut8-beacon-point-robstown-tx","status":"Under construction","status_group":"Under construction","capacity_mw":352.0,"capacity_label":"352 MW planned","landscape_weight":352.0,"search":"hut 8 beacon point ai campus hut 8 under construction under construction confirmed robstown, nueces, tx robstown nueces tx grid aep texas closed_loop south texas project corpus christi colorado river - austin","nearest_nuclear_latitude":28.795,"nearest_nuclear_longitude":-96.0481,"nearest_power_latitude":27.8111,"nearest_power_longitude":-97.5958,"nearest_water_latitude":30.267,"nearest_water_longitude":-97.743}},{"type":"Feature","geometry":{"type":"Point","coordinates":[-100.2046,34.4276]},"properties":{"key":"iren-horizon-childress-tx","layer":"data-center","name":"IREN Horizon \u2014 Childress, TX","state":"TX","detail_file":"data/details/data-centers-02.json","id":"iren-horizon-childress-tx","status":"Under construction","status_group":"Under construction","capacity_mw":750.0,"capacity_label":"750 MW planned","landscape_weight":576.0,"search":"iren horizon \u2014 childress, tx iren (iris energy) under construction under construction confirmed childress, childress county, tx childress childress county tx ercot grid ercot closed_loop project matador nuclear misae solar lake texoma","nearest_nuclear_latitude":35.2838,"nearest_nuclear_longitude":-101.569,"nearest_power_latitude":34.3805,"nearest_power_longitude":-100.0996,"nearest_water_latitude":33.824,"nearest_water_longitude":-96.571}},{"type":"Feature","geometry":{"type":"Point","coordinates":[-100.4059,32.4707]},"properties":{"key":"iren-sweetwater-tx","layer":"data-center","name":"IREN Sweetwater Campus","state":"TX","detail_file":"data/details/data-centers-02.json","id":"iren-sweetwater-tx","status":"Under construction","status_group":"Under construction","capacity_mw":2000.0,"capacity_label":"2,000 MW planned","landscape_weight":2200.0,"search":"iren sweetwater campus iren (iris energy) under construction under construction confirmed sweetwater, nolan county, tx sweetwater nolan county tx ercot grid grid ercot closed_loop comanche peak sweetwater bess colorado river - austin","nearest_nuclear_latitude":32.2984,"nearest_nuclear_longitude":-97.7855,"nearest_power_latitude":32.4575,"nearest_power_longitude":-100.4437,"nearest_water_latitude":30.267,"nearest_water_longitude":-97.743}},{"type":"Feature","geometry":{"type":"Point","coordinates":[-96.6989,33.0198]},"properties":{"key":"lambda-aligned-plano-tx","layer":"data-center","name":"Lambda Plano AI Data Center (Aligned DFW-04)","state":"TX","detail_file":"data/details/data-centers-03.json","id":"lambda-aligned-plano-tx","status":"Under construction","status_group":"Under construction","capacity_mw":100.0,"capacity_label":"100 MW planned","landscape_weight":100.0,"search":"lambda plano ai data center (aligned dfw-04) lambda under construction under construction confirmed plano, collin, tx plano collin tx grid comanche peak heb00790 lake texoma","nearest_nuclear_latitude":32.2984,"nearest_nuclear_longitude":-97.7855,"nearest_power_latitude":33.0554,"nearest_power_longitude":-96.7967,"nearest_water_latitude":33.824,"nearest_water_longitude":-96.571}},{"type":"Feature","geometry":{"type":"Point","coordinates":[-99.7887,32.5022]},"properties":{"key":"lancium-crusoe-abilene-tx","layer":"data-center","name":"Lancium Clean Campus (Crusoe / Stargate Site 1)","state":"TX","detail_file":"data/details/data-centers-01.json","id":"lancium-crusoe-abilene-tx","status":"Operating","status_group":"Operating","capacity_mw":200.0,"capacity_label":"200 MW operating / 1,200 MW planned","landscape_weight":1000.0,"search":"lancium clean campus (crusoe / stargate site 1) crusoe energy (lancium clean campus) operating operating mixed_use abilene, taylor, tx abilene taylor tx ercot grid; crusoe has separately contracted 4.5 gw of natural gas supply for its broader multi-site ai buildout grid comanche peak summerhill bess colorado river - austin","nearest_nuclear_latitude":32.2984,"nearest_nuclear_longitude":-97.7855,"nearest_power_latitude":32.5129,"nearest_power_longitude":-99.7956,"nearest_water_latitude":30.267,"nearest_water_longitude":-97.743}},{"type":"Feature","geometry":{"type":"Point","coordinates":[-97.7124,30.1965]},"properties":{"key":"lumen-austin-1-tx","layer":"data-center","name":"Lumen Austin 1","state":"TX","detail_file":"data/details/data-centers-06.json","id":"lumen-austin-1-tx","status":"Operating","status_group":"Operating","landscape_weight":8.0,"search":"lumen austin 1 lumen operating operating data center austin, travis, tx austin travis tx south texas project system control center colorado river - austin","nearest_nuclear_latitude":28.795,"nearest_nuclear_longitude":-96.0481,"nearest_power_latitude":30.2199,"nearest_power_longitude":-97.7088,"nearest_water_latitude":30.267,"nearest_water_longitude":-97.743}},{"type":"Feature","geometry":{"type":"Point","coordinates":[-97.7236,30.2614]},"properties":{"key":"lumen-austin-3-tx","layer":"data-center","name":"Lumen Austin 3","state":"TX","detail_file":"data/details/data-centers-00.json","id":"lumen-austin-3-tx","status":"Operating","status_group":"Operating","landscape_weight":8.0,"search":"lumen austin 3 lumen technologies operating operating data center austin, travis county, tx austin travis county tx comanche peak hal c weaver power plant colorado river - austin","nearest_nuclear_latitude":32.2984,"nearest_nuclear_longitude":-97.7855,"nearest_power_latitude":30.2867,"nearest_power_longitude":-97.7356,"nearest_water_latitude":30.267,"nearest_water_longitude":-97.743}},{"type":"Feature","geometry":{"type":"Point","coordinates":[-96.8686,32.807]},"properties":{"key":"lumen-dallas-1-tx","layer":"data-center","name":"Lumen Dallas 1","state":"TX","detail_file":"data/details/data-centers-03.json","id":"lumen-dallas-1-tx","status":"Operating","status_group":"Operating","capacity_mw":12.0,"capacity_label":"12 MW operating","landscape_weight":12.0,"search":"lumen dallas 1 lumen technologies operating operating data center dallas, dallas county, tx dallas dallas county tx comanche peak otherbenekdallas lake texoma","nearest_nuclear_latitude":32.2984,"nearest_nuclear_longitude":-97.7855,"nearest_power_latitude":32.8185,"nearest_power_longitude":-96.8532,"nearest_water_latitude":33.824,"nearest_water_longitude":-96.571}},{"type":"Feature","geometry":{"type":"Point","coordinates":[-96.8844,32.828]},"properties":{"key":"lumen-dallas-6-tx","layer":"data-center","name":"Lumen Dallas 6","state":"TX","detail_file":"data/details/data-centers-00.json","id":"lumen-dallas-6-tx","status":"Operating","status_group":"Operating","landscape_weight":8.0,"search":"lumen dallas 6 lumen technologies operating operating data center dallas, dallas county, tx dallas dallas county tx comanche peak smt dallas iii bess lake texoma","nearest_nuclear_latitude":32.2984,"nearest_nuclear_longitude":-97.7855,"nearest_power_latitude":32.825,"nearest_power_longitude":-96.8629,"nearest_water_latitude":33.824,"nearest_water_longitude":-96.571}},{"type":"Feature","geometry":{"type":"Point","coordinates":[-98.5065,29.4383]},"properties":{"key":"lumen-san-antonio-2-tx","layer":"data-center","name":"Lumen San Antonio 2","state":"TX","detail_file":"data/details/data-centers-05.json","id":"lumen-san-antonio-2-tx","status":"Operating","status_group":"Operating","landscape_weight":8.0,"search":"lumen san antonio 2 lumen technologies operating operating data center san antonio, bexar county, tx san antonio bexar county tx south texas project commerce ess colorado river - austin","nearest_nuclear_latitude":28.795,"nearest_nuclear_longitude":-96.0481,"nearest_power_latitude":29.4344,"nearest_power_longitude":-98.6176,"nearest_water_latitude":30.267,"nearest_water_longitude":-97.743}},{"type":"Feature","geometry":{"type":"Point","coordinates":[-106.55,31.81]},"properties":{"key":"meta-el-paso-tx","layer":"data-center","name":"Meta El Paso AI Data Center Campus","state":"TX","detail_file":"data/details/data-centers-00.json","id":"meta-el-paso-tx","status":"Under construction","status_group":"Under construction","capacity_mw":1000.0,"capacity_label":"1,000 MW planned","landscape_weight":1000.0,"search":"meta el paso ai data center campus meta under construction under construction confirmed el paso, el paso, tx el paso el paso tx grid (el paso electric, renewable-matched); 366 mw mccloud gas plant proposed mixed el paso electric closed_loop project matador nuclear rio grande rio grande - el paso","nearest_nuclear_latitude":35.2838,"nearest_nuclear_longitude":-101.569,"nearest_power_latitude":31.8047,"nearest_power_longitude":-106.5472,"nearest_water_latitude":31.761,"nearest_water_longitude":-106.485}},{"type":"Feature","geometry":{"type":"Point","coordinates":[-97.2618,32.9844]},"properties":{"key":"meta-fort-worth-tx","layer":"data-center","name":"Meta Fort Worth Data Center","state":"TX","detail_file":"data/details/data-centers-03.json","id":"meta-fort-worth-tx","status":"Operating","status_group":"Operating","landscape_weight":200.0,"search":"meta fort worth data center meta operating operating likely fort worth, tarrant county, tx fort worth tarrant county tx shannon wind farm (204 mw, clay county tx) via oncor interconnection wind oncor comanche peak heb00801 lake texoma","nearest_nuclear_latitude":32.2984,"nearest_nuclear_longitude":-97.7855,"nearest_power_latitude":32.9145,"nearest_power_longitude":-97.3089,"nearest_water_latitude":33.824,"nearest_water_longitude":-96.571}},{"type":"Feature","geometry":{"type":"Point","coordinates":[-103.49,31.42]},"properties":{"key":"microsoft-pecos-tx","layer":"data-center","name":"Microsoft Pecos Data Center Campus","state":"TX","detail_file":"data/details/data-centers-06.json","id":"microsoft-pecos-tx","status":"Proposed","status_group":"Proposed","capacity_mw":2000.0,"capacity_label":"2,000 MW planned","landscape_weight":7000.0,"search":"microsoft pecos data center campus microsoft proposed proposed confirmed pecos, reeves, tx pecos reeves tx behind-the-meter natural gas plant (chevron/energy forge one, up to 2.67 gw; ge vernova turbines) on_site_gas chevron/energy forge one llc closed_loop project matador nuclear elm street bess rio grande - el paso","nearest_nuclear_latitude":35.2838,"nearest_nuclear_longitude":-101.569,"nearest_power_latitude":31.4275,"nearest_power_longitude":-103.4994,"nearest_water_latitude":31.761,"nearest_water_longitude":-106.485}},{"type":"Feature","geometry":{"type":"Point","coordinates":[-98.88,29.35]},"properties":{"key":"microsoft-san-antonio-expansion-tx","layer":"data-center","name":"Microsoft San Antonio SAT89/SAT90 Data Centers","state":"TX","detail_file":"data/details/data-centers-02.json","id":"microsoft-san-antonio-expansion-tx","status":"Under construction","status_group":"Under construction","landscape_weight":8.0,"search":"microsoft san antonio sat89/sat90 data centers microsoft under construction under construction likely castroville, medina, tx castroville medina tx grid (cps energy / renewable-matched) grid air south texas project heb_cps00085 colorado river - austin","nearest_nuclear_latitude":28.795,"nearest_nuclear_longitude":-96.0481,"nearest_power_latitude":29.4337,"nearest_power_longitude":-98.7035,"nearest_water_latitude":30.267,"nearest_water_longitude":-97.743}},{"type":"Feature","geometry":{"type":"Point","coordinates":[-96.6564,32.981]},"properties":{"key":"ntt-global-data-centers-dallas-tx1-tx","layer":"data-center","name":"NTT Global Data Centers Dallas TX1","state":"TX","detail_file":"data/details/data-centers-01.json","id":"ntt-global-data-centers-dallas-tx1-tx","status":"Operating","status_group":"Operating","landscape_weight":8.0,"search":"ntt global data centers dallas tx1 ntt global data centers americas operating operating data center garland, dallas county, tx garland dallas county tx comanche peak heb00796 lake texoma","nearest_nuclear_latitude":32.2984,"nearest_nuclear_longitude":-97.7855,"nearest_power_latitude":33.1166,"nearest_power_longitude":-96.6531,"nearest_water_latitude":33.824,"nearest_water_longitude":-96.571}},{"type":"Feature","geometry":{"type":"Point","coordinates":[-96.7762,31.824]},"properties":{"key":"nexus-hubbard-campus-hill-county-tx","layer":"data-center","name":"Nexus Hubbard Data Center & Power Campus","state":"TX","detail_file":"data/details/data-centers-01.json","id":"nexus-hubbard-campus-hill-county-tx","status":"Proposed","status_group":"Proposed","capacity_mw":612.0,"capacity_label":"612 MW planned","landscape_weight":2000.0,"search":"nexus hubbard data center & power campus nexus data centers proposed proposed likely hubbard, hill, tx hubbard hill tx on_site_gas unknown comanche peak payne battlecreek solar colorado river - austin","nearest_nuclear_latitude":32.2984,"nearest_nuclear_longitude":-97.7855,"nearest_power_latitude":31.8525,"nearest_power_longitude":-96.7554,"nearest_water_latitude":30.267,"nearest_water_longitude":-97.743}},{"type":"Feature","geometry":{"type":"Point","coordinates":[-102.8796,30.8938]},"properties":{"key":"poolside-project-horizon-pecos-county-tx","layer":"data-center","name":"Poolside Project Horizon AI Campus","state":"TX","detail_file":"data/details/data-centers-07.json","id":"poolside-project-horizon-pecos-county-tx","status":"Proposed","status_group":"Proposed","capacity_mw":2000.0,"capacity_label":"2,000 MW planned","landscape_weight":568.0,"search":"poolside project horizon ai campus poolside ai proposed proposed confirmed pecos, tx pecos tx on_site_gas project matador nuclear fort stockton clean energy center (bess) rio grande - el paso","nearest_nuclear_latitude":35.2838,"nearest_nuclear_longitude":-101.569,"nearest_power_latitude":30.8915,"nearest_power_longitude":-102.8828,"nearest_water_latitude":31.761,"nearest_water_longitude":-106.485}},{"type":"Feature","geometry":{"type":"Point","coordinates":[-97.85,29.87]},"properties":{"key":"powerhouse-uhland-caldwell-county-tx","layer":"data-center","name":"PowerHouse Caldwell County Data Center","state":"TX","detail_file":"data/details/data-centers-05.json","id":"powerhouse-uhland-caldwell-county-tx","status":"Proposed","status_group":"Proposed","landscape_weight":500.0,"search":"powerhouse caldwell county data center powerhouse data centers proposed proposed likely uhland, caldwell, tx uhland caldwell tx grid bluebonnet electric cooperative (via tract's caldwell valley technology park interconnection; lcra also named for the park) south texas project timmerman power plant colorado river - austin","nearest_nuclear_latitude":28.795,"nearest_nuclear_longitude":-96.0481,"nearest_power_latitude":29.875,"nearest_power_longitude":-97.807,"nearest_water_latitude":30.267,"nearest_water_longitude":-97.743}},{"type":"Feature","geometry":{"type":"Point","coordinates":[-97.02,32.62]},"properties":{"key":"powerhouse-provident-grand-prairie-tx","layer":"data-center","name":"PowerHouse Grand Prairie Campus","state":"TX","detail_file":"data/details/data-centers-03.json","id":"powerhouse-provident-grand-prairie-tx","status":"Under construction","status_group":"Under construction","capacity_mw":1800.0,"capacity_label":"1,800 MW planned","landscape_weight":1800.0,"search":"powerhouse grand prairie campus powerhouse data centers / provident under construction under construction confirmed grand prairie, ellis, tx grand prairie ellis tx grid oncor comanche peak wal896 lake texoma","nearest_nuclear_latitude":32.2984,"nearest_nuclear_longitude":-97.7855,"nearest_power_latitude":32.6735,"nearest_power_longitude":-97.0362,"nearest_water_latitude":33.824,"nearest_water_longitude":-96.571}},{"type":"Feature","geometry":{"type":"Point","coordinates":[-96.8784,32.838]},"properties":{"key":"prime-dfw01-01-tx","layer":"data-center","name":"Prime DFW01-01","state":"TX","detail_file":"data/details/data-centers-07.json","id":"prime-dfw01-01-tx","status":"Operating","status_group":"Operating","capacity_mw":8.0,"capacity_label":"8 MW operating","landscape_weight":8.0,"search":"prime dfw01-01 prime data centers operating operating likely dallas, dallas county, tx dallas dallas county tx grid oncor comanche peak smt dallas iii bess lake texoma","nearest_nuclear_latitude":32.2984,"nearest_nuclear_longitude":-97.7855,"nearest_power_latitude":32.825,"nearest_power_longitude":-96.8629,"nearest_water_latitude":33.824,"nearest_water_longitude":-96.571}},{"type":"Feature","geometry":{"type":"Point","coordinates":[-97.13,32.03]},"properties":{"key":"rcm-hill-project-aquila-hill-county-tx","layer":"data-center","name":"Project Aquila","state":"TX","detail_file":"data/details/data-centers-06.json","id":"rcm-hill-project-aquila-hill-county-tx","status":"Proposed","status_group":"Proposed","capacity_mw":1235.0,"capacity_label":"1,235 MW planned","landscape_weight":800.0,"search":"project aquila rcm hill, llc proposed proposed likely hill, tx hill tx grid brazos electric power cooperative / hilco electric cooperative (via lone star transmission and ercot interconnection) comanche peak hillsboro solar project colorado river - austin","nearest_nuclear_latitude":32.2984,"nearest_nuclear_longitude":-97.7855,"nearest_power_latitude":32.0296,"nearest_power_longitude":-97.1456,"nearest_water_latitude":30.267,"nearest_water_longitude":-97.743}},{"type":"Feature","geometry":{"type":"Point","coordinates":[-101.543,35.396]},"properties":{"key":"fermi-matador-amarillo-tx","layer":"data-center","name":"Project Matador","state":"TX","detail_file":"data/details/data-centers-03.json","id":"fermi-matador-amarillo-tx","status":"Under construction","status_group":"Under construction","landscape_weight":5769.0,"search":"project matador fermi america under construction under construction confirmed amarillo, carson county, tx amarillo carson county tx on_site_gas mixed xcel energy (sps) unknown project matador nuclear majestic 1 wind farm lake texoma","nearest_nuclear_latitude":35.2838,"nearest_nuclear_longitude":-101.569,"nearest_power_latitude":35.3919,"nearest_power_longitude":-101.53,"nearest_water_latitude":33.824,"nearest_water_longitude":-96.571}},{"type":"Feature","geometry":{"type":"Point","coordinates":[-97.4,31.44]},"properties":{"key":"galaxy-digital-mcgregor-tx","layer":"data-center","name":"Project Merlin (Helios II)","state":"TX","detail_file":"data/details/data-centers-02.json","id":"galaxy-digital-mcgregor-tx","status":"Proposed","status_group":"Proposed","capacity_mw":3500.0,"capacity_label":"3,500 MW planned","landscape_weight":3500.0,"search":"project merlin (helios ii) galaxy digital proposed proposed data center mcgregor, mclennan, tx mcgregor mclennan tx comanche peak edfr bluebonnet colorado river - austin","nearest_nuclear_latitude":32.2984,"nearest_nuclear_longitude":-97.7855,"nearest_power_latitude":31.4119,"nearest_power_longitude":-97.4237,"nearest_water_latitude":30.267,"nearest_water_longitude":-97.743}},{"type":"Feature","geometry":{"type":"Point","coordinates":[-96.9826,32.8972]},"properties":{"key":"qts-irving-1-tx","layer":"data-center","name":"QTS Irving 1","state":"TX","detail_file":"data/details/data-centers-01.json","id":"qts-irving-1-tx","status":"Operating","status_group":"Operating","capacity_mw":165.0,"capacity_label":"165 MW planned","landscape_weight":56.0,"search":"qts irving 1 qts operating operating data center irving, dallas county, tx irving dallas county tx comanche peak state farm insur support center central lake texoma","nearest_nuclear_latitude":32.2984,"nearest_nuclear_longitude":-97.7855,"nearest_power_latitude":32.9192,"nearest_power_longitude":-96.9894,"nearest_water_latitude":33.824,"nearest_water_longitude":-96.571}},{"type":"Feature","geometry":{"type":"Point","coordinates":[-96.8044,32.538]},"properties":{"key":"compass-red-oak-tx","layer":"data-center","name":"Red Oak Campus","state":"TX","detail_file":"data/details/data-centers-07.json","id":"compass-red-oak-tx","status":"Proposed","status_group":"Proposed","landscape_weight":8.0,"search":"red oak campus compass datacenters proposed proposed data center red oak, ellis, tx red oak ellis tx comanche peak wal3432 lake texoma","nearest_nuclear_latitude":32.2984,"nearest_nuclear_longitude":-97.7855,"nearest_power_latitude":32.5929,"nearest_power_longitude":-96.8798,"nearest_water_latitude":33.824,"nearest_water_longitude":-96.571}},{"type":"Feature","geometry":{"type":"Point","coordinates":[-96.7282,32.5135]},"properties":{"key":"databank-red-oak-tx","layer":"data-center","name":"Red Oak Campus","state":"TX","detail_file":"data/details/data-centers-02.json","id":"databank-red-oak-tx","status":"Under construction","status_group":"Under construction","capacity_mw":480.0,"capacity_label":"480 MW planned","landscape_weight":292.0,"search":"red oak campus databank under construction under construction data center red oak, ellis, tx red oak ellis tx comanche peak dolomite storage lake texoma","nearest_nuclear_latitude":32.2984,"nearest_nuclear_longitude":-97.7855,"nearest_power_latitude":32.4561,"nearest_power_longitude":-96.7377,"nearest_water_latitude":33.824,"nearest_water_longitude":-96.571}},{"type":"Feature","geometry":{"type":"Point","coordinates":[-97.3428,31.0982]},"properties":{"key":"rowan-temple-tx","layer":"data-center","name":"Rowan Project Temple","state":"TX","detail_file":"data/details/data-centers-01.json","id":"rowan-temple-tx","status":"Under construction","status_group":"Under construction","capacity_mw":300.0,"capacity_label":"300 MW planned","landscape_weight":300.0,"search":"rowan project temple rowan digital infrastructure under construction under construction confirmed temple, bell, tx temple bell tx grid oncor closed_loop comanche peak heb00182 colorado river - austin","nearest_nuclear_latitude":32.2984,"nearest_nuclear_longitude":-97.7855,"nearest_power_latitude":31.0721,"nearest_power_longitude":-97.3709,"nearest_water_latitude":30.267,"nearest_water_longitude":-97.743}},{"type":"Feature","geometry":{"type":"Point","coordinates":[-95.97,28.95]},"properties":{"key":"mara-site-mat-1177-matagorda-tx","layer":"data-center","name":"Site MAT 1177","state":"TX","detail_file":"data/details/data-centers-04.json","id":"mara-site-mat-1177-matagorda-tx","status":"Proposed","status_group":"Proposed","capacity_mw":1000.0,"capacity_label":"1,000 MW planned","landscape_weight":1200.0,"search":"site mat 1177 mara holdings proposed proposed data center matagorda, tx matagorda tx south texas project ventures bess colorado river - austin","nearest_nuclear_latitude":28.795,"nearest_nuclear_longitude":-96.0481,"nearest_power_latitude":28.9745,"nearest_power_longitude":-95.9938,"nearest_water_latitude":30.267,"nearest_water_longitude":-97.743}},{"type":"Feature","geometry":{"type":"Point","coordinates":[-95.7553,29.8029]},"properties":{"key":"skybox-houston-one-tx","layer":"data-center","name":"Skybox Houston One","state":"TX","detail_file":"data/details/data-centers-04.json","id":"skybox-houston-one-tx","status":"Operating","status_group":"Operating","capacity_mw":26.0,"capacity_label":"26 MW operating","landscape_weight":20.0,"search":"skybox houston one skybox datacenters operating operating mixed_use katy, harris county, tx katy harris county tx grid centerpoint energy (ercot) south texas project heb00776 colorado river - austin","nearest_nuclear_latitude":28.795,"nearest_nuclear_longitude":-96.0481,"nearest_power_latitude":29.8036,"nearest_power_longitude":-95.7605,"nearest_water_latitude":30.267,"nearest_water_longitude":-97.743}},{"type":"Feature","geometry":{"type":"Point","coordinates":[-97.7836,26.4804]},"properties":{"key":"soluna-project-kati-willacy-tx","layer":"data-center","name":"Soluna Project Kati","state":"TX","detail_file":"data/details/data-centers-02.json","id":"soluna-project-kati-willacy-tx","status":"Under construction","status_group":"Under construction","capacity_mw":166.0,"capacity_label":"166 MW planned","landscape_weight":166.0,"search":"soluna project kati soluna holdings under construction under construction likely raymondville, willacy, tx raymondville willacy tx ercot grid grid magic valley electric co-op inc south texas project magic valley wind farm i llc colorado river - austin","nearest_nuclear_latitude":28.795,"nearest_nuclear_longitude":-96.0481,"nearest_power_latitude":26.4753,"nearest_power_longitude":-97.6911,"nearest_water_latitude":30.267,"nearest_water_longitude":-97.743}},{"type":"Feature","geometry":{"type":"Point","coordinates":[-99.7331,32.4487]},"properties":{"key":"stargate-abilene-tx","layer":"data-center","name":"Stargate Abilene","state":"TX","detail_file":"data/details/data-centers-02.json","id":"stargate-abilene-tx","status":"Under construction","status_group":"Under construction","capacity_mw":1200.0,"capacity_label":"1,200 MW planned","landscape_weight":800.0,"search":"stargate abilene openai / oracle / crusoe under construction under construction confirmed abilene, taylor, tx abilene taylor tx grid (aep texas) mixed aep texas closed_loop comanche peak heb00070 colorado river - austin","nearest_nuclear_latitude":32.2984,"nearest_nuclear_longitude":-97.7855,"nearest_power_latitude":32.4333,"nearest_power_longitude":-99.7583,"nearest_water_latitude":30.267,"nearest_water_longitude":-97.743}},{"type":"Feature","geometry":{"type":"Point","coordinates":[-96.972,30.852]},"properties":{"key":"stargate-milam-county-tx","layer":"data-center","name":"Stargate Milam County Campus","state":"TX","detail_file":"data/details/data-centers-00.json","id":"stargate-milam-county-tx","status":"Under construction","status_group":"Under construction","capacity_mw":1200.0,"capacity_label":"1,200 MW planned","landscape_weight":595.0,"search":"stargate milam county campus openai / softbank (sb energy) under construction under construction confirmed milam, tx milam tx on-site natural gas microgrid solar ercot closed_loop comanche peak bt jungmann colorado river - austin","nearest_nuclear_latitude":32.2984,"nearest_nuclear_longitude":-97.7855,"nearest_power_latitude":30.9038,"nearest_power_longitude":-97.0578,"nearest_water_latitude":30.267,"nearest_water_longitude":-97.743}},{"type":"Feature","geometry":{"type":"Point","coordinates":[-96.6543,32.9836]},"properties":{"key":"stream-data-centers-dfwa-dfw-vii-tx","layer":"data-center","name":"Stream Data Centers DFWA (DFW VII)","state":"TX","detail_file":"data/details/data-centers-05.json","id":"stream-data-centers-dfwa-dfw-vii-tx","status":"Operating","status_group":"Operating","capacity_mw":43.0,"capacity_label":"43 MW operating","landscape_weight":43.0,"search":"stream data centers dfwa (dfw vii) stream data centers operating operating data center garland, dallas county, tx garland dallas county tx comanche peak heb00796 lake texoma","nearest_nuclear_latitude":32.2984,"nearest_nuclear_longitude":-97.7855,"nearest_power_latitude":33.1166,"nearest_power_longitude":-96.6531,"nearest_water_latitude":33.824,"nearest_water_longitude":-96.571}},{"type":"Feature","geometry":{"type":"Point","coordinates":[-97.6725,30.488]},"properties":{"key":"switch-the-rock-round-rock-tx","layer":"data-center","name":"Switch: The Rock (Round Rock)","state":"TX","detail_file":"data/details/data-centers-00.json","id":"switch-the-rock-round-rock-tx","status":"Under construction","status_group":"Under construction","landscape_weight":8.0,"search":"switch: the rock (round rock) switch under construction under construction likely round rock, williamson county, tx round rock williamson county tx ercot grid via oncor; company-wide '100% renewable' pledge with no site-specific ppa found grid oncor comanche peak heb00591 colorado river - austin","nearest_nuclear_latitude":32.2984,"nearest_nuclear_longitude":-97.7855,"nearest_power_latitude":30.5188,"nearest_power_longitude":-97.6585,"nearest_water_latitude":30.267,"nearest_water_longitude":-97.743}},{"type":"Feature","geometry":{"type":"Point","coordinates":[-96.138,32.911]},"properties":{"key":"core-scientific-quinlan-tx","layer":"data-center","name":"Telios Quinlan Campus","state":"TX","detail_file":"data/details/data-centers-01.json","id":"core-scientific-quinlan-tx","status":"Proposed","status_group":"Proposed","capacity_mw":430.0,"capacity_label":"430 MW planned","landscape_weight":260.0,"search":"telios quinlan campus core scientific proposed proposed data center quinlan, hunt county, tx quinlan hunt county tx farmers electric coop, inc comanche peak bt signal ranch lake texoma","nearest_nuclear_latitude":32.2984,"nearest_nuclear_longitude":-97.7855,"nearest_power_latitude":32.986,"nearest_power_longitude":-96.086,"nearest_water_latitude":33.824,"nearest_water_longitude":-96.571}},{"type":"Feature","geometry":{"type":"Point","coordinates":[-97.6171,30.2223]},"properties":{"key":"tesla-cortex-2-giga-texas-austin-tx","layer":"data-center","name":"Tesla Cortex 2.0 AI Training Cluster (Giga Texas)","state":"TX","detail_file":"data/details/data-centers-00.json","id":"tesla-cortex-2-giga-texas-austin-tx","status":"Under construction","status_group":"Under construction","capacity_mw":500.0,"capacity_label":"500 MW planned","landscape_weight":500.0,"search":"tesla cortex 2.0 ai training cluster (giga texas) tesla under construction under construction confirmed austin, travis, tx austin travis tx bluebonnet electric cooperative grid + on-site rooftop solar mixed bluebonnet electric cooperative south texas project austin tx gigafactory colorado river - austin","nearest_nuclear_latitude":28.795,"nearest_nuclear_longitude":-96.0481,"nearest_power_latitude":30.2202,"nearest_power_longitude":-97.6197,"nearest_water_latitude":30.267,"nearest_water_longitude":-97.743}},{"type":"Feature","geometry":{"type":"Point","coordinates":[-102.54,31.87]},"properties":{"key":"tcdc-ector-county-tx","layer":"data-center","name":"Texas Critical Data Centers (TCDC)","state":"TX","detail_file":"data/details/data-centers-03.json","id":"tcdc-ector-county-tx","status":"Proposed","status_group":"Proposed","capacity_mw":250.0,"capacity_label":"250 MW planned","landscape_weight":438.0,"search":"texas critical data centers (tcdc) sharon ai + new era energy & digital (joint venture) proposed proposed confirmed ector, tx ector tx thunderhead energy solutions (behind-the-meter gas) + ercot grid interconnection mixed project matador nuclear westover rio grande - el paso","nearest_nuclear_latitude":35.2838,"nearest_nuclear_longitude":-101.569,"nearest_power_latitude":31.8362,"nearest_power_longitude":-102.4461,"nearest_water_latitude":31.761,"nearest_water_longitude":-106.485}},{"type":"Feature","geometry":{"type":"Point","coordinates":[-96.8574,32.808]},"properties":{"key":"tierpoint-dallas-tx","layer":"data-center","name":"TierPoint Dallas","state":"TX","detail_file":"data/details/data-centers-05.json","id":"tierpoint-dallas-tx","status":"Operating","status_group":"Operating","landscape_weight":8.0,"search":"tierpoint dallas tierpoint operating operating data center dallas, dallas county, tx dallas dallas county tx comanche peak otherbenekdallas lake texoma","nearest_nuclear_latitude":32.2984,"nearest_nuclear_longitude":-97.7855,"nearest_power_latitude":32.8185,"nearest_power_longitude":-96.8532,"nearest_water_latitude":33.824,"nearest_water_longitude":-96.571}},{"type":"Feature","geometry":{"type":"Point","coordinates":[-96.6573,33.1379]},"properties":{"key":"tierpoint-dallas-allen-tx","layer":"data-center","name":"TierPoint Dallas-Allen","state":"TX","detail_file":"data/details/data-centers-06.json","id":"tierpoint-dallas-allen-tx","status":"Operating","status_group":"Operating","landscape_weight":8.0,"search":"tierpoint dallas-allen tierpoint operating operating data center allen, collin county, tx allen collin county tx comanche peak heb00796 lake texoma","nearest_nuclear_latitude":32.2984,"nearest_nuclear_longitude":-97.7855,"nearest_power_latitude":33.1166,"nearest_power_longitude":-96.6531,"nearest_water_latitude":33.824,"nearest_water_longitude":-96.571}},{"type":"Feature","geometry":{"type":"Point","coordinates":[-97.7889,29.9499]},"properties":{"key":"tract-caldwell-valley-uhland-tx","layer":"data-center","name":"Tract Caldwell Valley Technology Park","state":"TX","detail_file":"data/details/data-centers-04.json","id":"tract-caldwell-valley-uhland-tx","status":"Proposed","status_group":"Proposed","capacity_mw":2000.0,"capacity_label":"2,000 MW planned","landscape_weight":1515.0,"search":"tract caldwell valley technology park tract proposed proposed likely uhland, caldwell, tx uhland caldwell tx blue bonnet electric cooperative grid blue bonnet electric cooperative south texas project timmerman power plant colorado river - austin","nearest_nuclear_latitude":28.795,"nearest_nuclear_longitude":-96.0481,"nearest_power_latitude":29.875,"nearest_power_longitude":-97.807,"nearest_water_latitude":30.267,"nearest_water_longitude":-97.743}},{"type":"Feature","geometry":{"type":"Point","coordinates":[-99.2987,32.7272]},"properties":{"key":"vantage-frontier-shackelford-county-tx","layer":"data-center","name":"Vantage Frontier Campus","state":"TX","detail_file":"data/details/data-centers-02.json","id":"vantage-frontier-shackelford-county-tx","status":"Under construction","status_group":"Under construction","capacity_mw":1400.0,"capacity_label":"1,400 MW planned","landscape_weight":1200.0,"search":"vantage frontier campus vantage data centers (for openai / oracle) under construction under construction confirmed shackelford, tx shackelford tx on-site natural gas microgrid (voltagrid) on_site_gas closed_loop comanche peak hackberry wind farm lake texoma","nearest_nuclear_latitude":32.2984,"nearest_nuclear_longitude":-97.7855,"nearest_power_latitude":32.7683,"nearest_power_longitude":-99.4228,"nearest_water_latitude":33.824,"nearest_water_longitude":-96.571}},{"type":"Feature","geometry":{"type":"Point","coordinates":[-98.7892,29.4161]},"properties":{"key":"vantage-san-antonio-tx11-tx","layer":"data-center","name":"Vantage San Antonio TX11","state":"TX","detail_file":"data/details/data-centers-05.json","id":"vantage-san-antonio-tx11-tx","status":"Operating","status_group":"Operating","landscape_weight":8.0,"search":"vantage san antonio tx11 vantage operating operating data center san antonio, bexar county, tx san antonio bexar county tx south texas project heb_cps00085 colorado river - austin","nearest_nuclear_latitude":28.795,"nearest_nuclear_longitude":-96.0481,"nearest_power_latitude":29.4337,"nearest_power_longitude":-98.7035,"nearest_water_latitude":30.267,"nearest_water_longitude":-97.743}},{"type":"Feature","geometry":{"type":"Point","coordinates":[-98.6977,29.4791]},"properties":{"key":"vantage-san-antonio-tx22-tx","layer":"data-center","name":"Vantage San Antonio TX22","state":"TX","detail_file":"data/details/data-centers-06.json","id":"vantage-san-antonio-tx22-tx","status":"Under construction","status_group":"Under construction","landscape_weight":8.0,"search":"vantage san antonio tx22 vantage under construction under construction data center san antonio, bexar county, tx san antonio bexar county tx south texas project heb_cps00085 colorado river - austin","nearest_nuclear_latitude":28.795,"nearest_nuclear_longitude":-96.0481,"nearest_power_latitude":29.4337,"nearest_power_longitude":-98.7035,"nearest_water_latitude":30.267,"nearest_water_longitude":-97.743}},{"type":"Feature","geometry":{"type":"Point","coordinates":[-100.478,31.335]},"properties":{"key":"beacon-westline-dove-creek-san-angelo-tx","layer":"data-center","name":"Westline Site / Dove Creek Technology Campus","state":"TX","detail_file":"data/details/data-centers-04.json","id":"beacon-westline-dove-creek-san-angelo-tx","status":"Proposed","status_group":"Proposed","landscape_weight":1240.0,"search":"westline site / dove creek technology campus beacon data centers (via westline tx holdings) proposed proposed data center san angelo (tankersley area, unincorporated), tom green, tx san angelo (tankersley area, unincorporated) tom green tx concho valley electric co-op inc comanche peak angelo solar colorado river - austin","nearest_nuclear_latitude":32.2984,"nearest_nuclear_longitude":-97.7855,"nearest_power_latitude":31.51,"nearest_power_longitude":-100.58,"nearest_water_latitude":30.267,"nearest_water_longitude":-97.743}},{"type":"Feature","geometry":{"type":"Point","coordinates":[-112.5777,39.3527]},"properties":{"key":"creekstone-delta-ut","layer":"data-center","name":"Creekstone Energy Delta Gigasite","state":"UT","detail_file":"data/details/data-centers-03.json","id":"creekstone-delta-ut","status":"Under construction","status_group":"Under construction","capacity_mw":10000.0,"capacity_label":"10,000 MW planned","landscape_weight":1143.0,"search":"creekstone energy delta gigasite creekstone energy under construction under construction confirmed delta, millard, ut delta millard ut on-site natural gas + utility-scale solar (sitla lease) + nuclear planned mixed pacificorp air kemmerer unit 1 intermountain pumped storage project great salt lake","nearest_nuclear_latitude":41.706,"nearest_nuclear_longitude":-110.5603,"nearest_power_latitude":39.4147,"nearest_power_longitude":-112.4404,"nearest_water_latitude":41.169,"nearest_water_longitude":-112.583}},{"type":"Feature","geometry":{"type":"Point","coordinates":[-112.93,40.2]},"properties":{"key":"cyrusone-dugway-proving-ground-tooele-county-ut","layer":"data-center","name":"CyrusOne Dugway Proving Ground Data Center","state":"UT","detail_file":"data/details/data-centers-04.json","id":"cyrusone-dugway-proving-ground-tooele-county-ut","status":"Proposed","status_group":"Proposed","landscape_weight":1201.0,"search":"cyrusone dugway proving ground data center cyrusone (in exclusive negotiations with the us army) proposed proposed likely tooele, ut tooele ut grid \u2014 pacificorp grid pacificorp kemmerer unit 1 tooele army depot(csg) great salt lake","nearest_nuclear_latitude":41.706,"nearest_nuclear_longitude":-110.5603,"nearest_power_latitude":40.503,"nearest_power_longitude":-112.3706,"nearest_water_latitude":41.169,"nearest_water_longitude":-112.583}},{"type":"Feature","geometry":{"type":"Point","coordinates":[-111.9548,40.7563]},"properties":{"key":"flexential-salt-lake-city-downtown-ut","layer":"data-center","name":"Flexential Salt Lake City - Downtown","state":"UT","detail_file":"data/details/data-centers-05.json","id":"flexential-salt-lake-city-downtown-ut","status":"Operating","status_group":"Operating","capacity_mw":2.65,"capacity_label":"3 MW operating","landscape_weight":2.65,"search":"flexential salt lake city - downtown flexential operating operating data center salt lake city, salt lake county, ut salt lake city salt lake county ut pacificorp kemmerer unit 1 gadsby great salt lake","nearest_nuclear_latitude":41.706,"nearest_nuclear_longitude":-110.5603,"nearest_power_latitude":40.7686,"nearest_power_longitude":-111.9289,"nearest_water_latitude":41.169,"nearest_water_longitude":-112.583}},{"type":"Feature","geometry":{"type":"Point","coordinates":[-111.9203,40.7668]},"properties":{"key":"flexential-salt-lake-city-fair-park-ut","layer":"data-center","name":"Flexential Salt Lake City - Fair Park","state":"UT","detail_file":"data/details/data-centers-05.json","id":"flexential-salt-lake-city-fair-park-ut","status":"Operating","status_group":"Operating","landscape_weight":8.0,"search":"flexential salt lake city - fair park flexential operating operating data center salt lake city, salt lake county, ut salt lake city salt lake county ut pacificorp kemmerer unit 1 gadsby great salt lake","nearest_nuclear_latitude":41.706,"nearest_nuclear_longitude":-110.5603,"nearest_power_latitude":40.7686,"nearest_power_longitude":-111.9289,"nearest_water_latitude":41.169,"nearest_water_longitude":-112.583}},{"type":"Feature","geometry":{"type":"Point","coordinates":[-111.7279,40.3326]},"properties":{"key":"flexential-salt-lake-city-lindon-ut","layer":"data-center","name":"Flexential Salt Lake City - Lindon","state":"UT","detail_file":"data/details/data-centers-02.json","id":"flexential-salt-lake-city-lindon-ut","status":"Operating","status_group":"Operating","landscape_weight":8.0,"search":"flexential salt lake city - lindon flexential operating operating data center lindon, utah county, ut lindon utah county ut pacificorp kemmerer unit 1 lake side power plant great salt lake","nearest_nuclear_latitude":41.706,"nearest_nuclear_longitude":-110.5603,"nearest_power_latitude":40.3317,"nearest_power_longitude":-111.7542,"nearest_water_latitude":41.169,"nearest_water_longitude":-112.583}},{"type":"Feature","geometry":{"type":"Point","coordinates":[-111.8851,40.6856]},"properties":{"key":"flexential-salt-lake-city-millcreek-ut","layer":"data-center","name":"Flexential Salt Lake City - Millcreek","state":"UT","detail_file":"data/details/data-centers-04.json","id":"flexential-salt-lake-city-millcreek-ut","status":"Operating","status_group":"Operating","landscape_weight":8.0,"search":"flexential salt lake city - millcreek flexential operating operating data center salt lake city, salt lake county, ut salt lake city salt lake county ut pacificorp kemmerer unit 1 murray turbine great salt lake","nearest_nuclear_latitude":41.706,"nearest_nuclear_longitude":-110.5603,"nearest_power_latitude":40.67,"nearest_power_longitude":-111.89,"nearest_water_latitude":41.169,"nearest_water_longitude":-112.583}},{"type":"Feature","geometry":{"type":"Point","coordinates":[-111.986,40.6204]},"properties":{"key":"flexential-salt-lake-city-south-valley-slc09-ut","layer":"data-center","name":"Flexential Salt Lake City - South Valley (SLC09)","state":"UT","detail_file":"data/details/data-centers-04.json","id":"flexential-salt-lake-city-south-valley-slc09-ut","status":"Operating","status_group":"Operating","landscape_weight":8.0,"search":"flexential salt lake city - south valley (slc09) flexential operating operating data center west jordan, salt lake county, ut west jordan salt lake county ut pacificorp kemmerer unit 1 west valley generation project great salt lake","nearest_nuclear_latitude":41.706,"nearest_nuclear_longitude":-110.5603,"nearest_power_latitude":40.6667,"nearest_power_longitude":-112.0317,"nearest_water_latitude":41.169,"nearest_water_longitude":-112.583}},{"type":"Feature","geometry":{"type":"Point","coordinates":[-112.165,39.1072]},"properties":{"key":"joule-millard-county-ut","layer":"data-center","name":"Joule Energy and Data Center Campus","state":"UT","detail_file":"data/details/data-centers-02.json","id":"joule-millard-county-ut","status":"Under construction","status_group":"Under construction","capacity_mw":4000.0,"capacity_label":"4,000 MW planned","landscape_weight":4000.0,"search":"joule energy and data center campus joule capital partners under construction under construction confirmed holden, millard, ut holden millard ut on-site caterpillar g3520k gas generators; nuclear planned post-2030 on_site_gas pacificorp closed_loop kemmerer unit 1 pavant solar ii llc great salt lake","nearest_nuclear_latitude":41.706,"nearest_nuclear_longitude":-110.5603,"nearest_power_latitude":39.1625,"nearest_power_longitude":-112.343,"nearest_water_latitude":41.169,"nearest_water_longitude":-112.583}},{"type":"Feature","geometry":{"type":"Point","coordinates":[-111.9697,40.3138]},"properties":{"key":"meta-eagle-mountain-ut","layer":"data-center","name":"Meta Eagle Mountain Data Center Campus","state":"UT","detail_file":"data/details/data-centers-00.json","id":"meta-eagle-mountain-ut","status":"Operating","status_group":"Operating","landscape_weight":500.0,"search":"meta eagle mountain data center campus meta operating operating mixed_use eagle mountain, utah, ut eagle mountain utah ut grid (rocky mountain power) + renewable ppas solar rocky mountain power (pacificorp) hybrid kemmerer unit 1 lake side power plant great salt lake","nearest_nuclear_latitude":41.706,"nearest_nuclear_longitude":-110.5603,"nearest_power_latitude":40.3317,"nearest_power_longitude":-111.7542,"nearest_water_latitude":41.169,"nearest_water_longitude":-112.583}},{"type":"Feature","geometry":{"type":"Point","coordinates":[-111.9847,40.3155]},"properties":{"key":"qts-eagle-mountain-ut","layer":"data-center","name":"QTS Eagle Mountain Data Center Campus","state":"UT","detail_file":"data/details/data-centers-07.json","id":"qts-eagle-mountain-ut","status":"Under construction","status_group":"Under construction","landscape_weight":193.0,"search":"qts eagle mountain data center campus qts data centers under construction under construction confirmed eagle mountain, utah, ut eagle mountain utah ut grid (rocky mountain power); water-free cooling grid rocky mountain power (pacificorp) closed_loop kemmerer unit 1 lake side power plant great salt lake","nearest_nuclear_latitude":41.706,"nearest_nuclear_longitude":-110.5603,"nearest_power_latitude":40.3317,"nearest_power_longitude":-111.7542,"nearest_water_latitude":41.169,"nearest_water_longitude":-112.583}},{"type":"Feature","geometry":{"type":"Point","coordinates":[-113.5,41.5]},"properties":{"key":"stratos-box-elder-ut","layer":"data-center","name":"Stratos AI Data Center Campus","state":"UT","detail_file":"data/details/data-centers-05.json","id":"stratos-box-elder-ut","status":"Proposed","status_group":"Proposed","capacity_mw":9000.0,"capacity_label":"9,000 MW planned","landscape_weight":40000.0,"search":"stratos ai data center campus o'leary digital proposed proposed confirmed lucin, box elder, ut lucin box elder ut on-site natural gas (ruby pipeline) + planned solar array on_site_gas raft rural electric co-op inc closed_loop kemmerer unit 1 raft river geothermal power plant great salt lake","nearest_nuclear_latitude":41.706,"nearest_nuclear_longitude":-110.5603,"nearest_power_latitude":42.0994,"nearest_power_longitude":-113.3825,"nearest_water_latitude":41.169,"nearest_water_longitude":-112.583}},{"type":"Feature","geometry":{"type":"Point","coordinates":[-79.2905,36.6048]},"properties":{"key":"anchorstone-58-east-data-campus-ringgold-va","layer":"data-center","name":"58 East Data Campus (Route 58 East Data Center Campus)","state":"VA","detail_file":"data/details/data-centers-03.json","id":"anchorstone-58-east-data-campus-ringgold-va","status":"Permitted","status_group":"Permitted","landscape_weight":945.75,"search":"58 east data campus (route 58 east data center campus) anchorstone advisors llc permitted permitted data center ringgold, pittsylvania, va ringgold pittsylvania va harris (nc) danville farm, llc kerr reservoir","nearest_nuclear_latitude":35.6334,"nearest_nuclear_longitude":-78.9556,"nearest_power_latitude":36.591,"nearest_power_longitude":-79.302,"nearest_water_latitude":36.599,"nearest_water_longitude":-78.297}},{"type":"Feature","geometry":{"type":"Point","coordinates":[-77.503,38.0039]},"properties":{"key":"adp-ladysmith-data-hub-caroline-va","layer":"data-center","name":"ADP Ladysmith Data Hub","state":"VA","detail_file":"data/details/data-centers-06.json","id":"adp-ladysmith-data-hub-caroline-va","status":"Proposed","status_group":"Proposed","landscape_weight":140.38,"search":"adp ladysmith data hub adp ladysmith data hub, llc proposed proposed data center ruther glen, caroline, va ruther glen caroline va rappahannock electric co-op north anna ladysmith james river - richmond","nearest_nuclear_latitude":38.06,"nearest_nuclear_longitude":-77.7897,"nearest_power_latitude":38.0722,"nearest_power_longitude":-77.5133,"nearest_water_latitude":37.54,"nearest_water_longitude":-77.436}},{"type":"Feature","geometry":{"type":"Point","coordinates":[-77.3527,38.044]},"properties":{"key":"aws-mattermeade-caroline-va","layer":"data-center","name":"AWS Mattermeade Tech Campus","state":"VA","detail_file":"data/details/data-centers-02.json","id":"aws-mattermeade-caroline-va","status":"Proposed","status_group":"Proposed","capacity_mw":770.0,"capacity_label":"770 MW planned","landscape_weight":1143.0,"search":"aws mattermeade tech campus amazon web services proposed proposed confirmed bowling green, caroline, va bowling green caroline va grid north anna ladysmith james river - richmond","nearest_nuclear_latitude":38.06,"nearest_nuclear_longitude":-77.7897,"nearest_power_latitude":38.0722,"nearest_power_longitude":-77.5133,"nearest_water_latitude":37.54,"nearest_water_longitude":-77.436}},{"type":"Feature","geometry":{"type":"Point","coordinates":[-77.4706,39.0136]},"properties":{"key":"aligned-iad-01-va","layer":"data-center","name":"Aligned IAD-01","state":"VA","detail_file":"data/details/data-centers-06.json","id":"aligned-iad-01-va","status":"Operating","status_group":"Operating","capacity_mw":60.0,"capacity_label":"60 MW operating","landscape_weight":60.0,"search":"aligned iad-01 aligned operating operating likely ashburn, loudoun county, va ashburn loudoun county va grid \u2014 dominion energy virginia grid dominion energy virginia north anna dulles solar and storage potomac river - northern virginia","nearest_nuclear_latitude":38.06,"nearest_nuclear_longitude":-77.7897,"nearest_power_latitude":38.95,"nearest_power_longitude":-77.5,"nearest_water_latitude":38.969,"nearest_water_longitude":-77.386}},{"type":"Feature","geometry":{"type":"Point","coordinates":[-77.4408,38.9886]},"properties":{"key":"aligned-iad-03-va","layer":"data-center","name":"Aligned IAD-03","state":"VA","detail_file":"data/details/data-centers-03.json","id":"aligned-iad-03-va","status":"Operating","status_group":"Operating","landscape_weight":8.0,"search":"aligned iad-03 aligned operating operating likely ashburn, loudoun county, va ashburn loudoun county va grid \u2014 dominion energy virginia grid dominion energy virginia calvert cliffs nuclear power plant dulles solar and storage potomac river - northern virginia","nearest_nuclear_latitude":38.4344,"nearest_nuclear_longitude":-76.4417,"nearest_power_latitude":38.95,"nearest_power_longitude":-77.5,"nearest_water_latitude":38.969,"nearest_water_longitude":-77.386}},{"type":"Feature","geometry":{"type":"Point","coordinates":[-77.558,38.724]},"properties":{"key":"amazon-devlin-tech-park-va","layer":"data-center","name":"Amazon Devlin Technology Park","state":"VA","detail_file":"data/details/data-centers-05.json","id":"amazon-devlin-tech-park-va","status":"Permitted","status_group":"Permitted","landscape_weight":188.5,"search":"amazon devlin technology park amazon web services permitted permitted mixed_use bristow, prince william, va bristow prince william va north anna reid energy center, llc potomac river - northern virginia","nearest_nuclear_latitude":38.06,"nearest_nuclear_longitude":-77.7897,"nearest_power_latitude":38.7299,"nearest_power_longitude":-77.5924,"nearest_water_latitude":38.969,"nearest_water_longitude":-77.386}},{"type":"Feature","geometry":{"type":"Point","coordinates":[-77.3949,37.338]},"properties":{"key":"bermuda-hundred-data-center-chesterfield-va","layer":"data-center","name":"Bermuda Hundred Data Center (Old Bermuda Hundred Road)","state":"VA","detail_file":"data/details/data-centers-02.json","id":"bermuda-hundred-data-center-chesterfield-va","status":"Proposed","status_group":"Proposed","landscape_weight":89.0,"search":"bermuda hundred data center (old bermuda hundred road) undisclosed (landowner: washington single family fund3) proposed proposed data center chester, chesterfield, va chester chesterfield va dominion energy virginia surry chesterfield energy reliability center (cerc) james river - richmond","nearest_nuclear_latitude":37.1661,"nearest_nuclear_longitude":-76.6986,"nearest_power_latitude":37.3819,"nearest_power_longitude":-77.3844,"nearest_water_latitude":37.54,"nearest_water_longitude":-77.436}},{"type":"Feature","geometry":{"type":"Point","coordinates":[-79.35,36.68]},"properties":{"key":"stack-berry-hill-va","layer":"data-center","name":"Berry Hill / Southern Virginia Megasite","state":"VA","detail_file":"data/details/data-centers-07.json","id":"stack-berry-hill-va","status":"Proposed","status_group":"Proposed","landscape_weight":2990.0,"search":"berry hill / southern virginia megasite stack infrastructure proposed proposed data center berry hill, pittsylvania, va berry hill pittsylvania va harris (nc) danville kerr reservoir","nearest_nuclear_latitude":35.6334,"nearest_nuclear_longitude":-78.9556,"nearest_power_latitude":36.6606,"nearest_power_longitude":-79.2991,"nearest_water_latitude":36.599,"nearest_water_longitude":-78.297}},{"type":"Feature","geometry":{"type":"Point","coordinates":[-77.3219,38.2593]},"properties":{"key":"aws-birchwood-data-campus-king-george-va","layer":"data-center","name":"Birchwood Data Campus","state":"VA","detail_file":"data/details/data-centers-00.json","id":"aws-birchwood-data-campus-king-george-va","status":"Permitted","status_group":"Permitted","landscape_weight":869.0,"search":"birchwood data campus amazon web services (via birchwood power partners) permitted permitted data center king george, king george county, va king george king george county va north anna waste management king george lfgte potomac river - northern virginia","nearest_nuclear_latitude":38.06,"nearest_nuclear_longitude":-77.7897,"nearest_power_latitude":38.2747,"nearest_power_longitude":-77.3081,"nearest_water_latitude":38.969,"nearest_water_longitude":-77.386}},{"type":"Feature","geometry":{"type":"Point","coordinates":[-77.7875,38.7295]},"properties":{"key":"amazon-blackwell-road-warrenton-va","layer":"data-center","name":"Blackwell Road Data Center (Warrenton)","state":"VA","detail_file":"data/details/data-centers-04.json","id":"amazon-blackwell-road-warrenton-va","status":"Permitted","status_group":"Permitted","capacity_mw":40.0,"capacity_label":"40 MW planned","landscape_weight":42.0,"search":"blackwell road data center (warrenton) amazon data services permitted permitted data center warrenton, fauquier county, va warrenton fauquier county va dominion energy virginia north anna water treatment plant generators potomac river - northern virginia","nearest_nuclear_latitude":38.06,"nearest_nuclear_longitude":-77.7897,"nearest_power_latitude":38.7607,"nearest_power_longitude":-77.6209,"nearest_water_latitude":38.969,"nearest_water_longitude":-77.386}},{"type":"Feature","geometry":{"type":"Point","coordinates":[-77.4926,38.0082]},"properties":{"key":"bull-church-data-center-caroline-va","layer":"data-center","name":"Bull Church Data Center","state":"VA","detail_file":"data/details/data-centers-04.json","id":"bull-church-data-center-caroline-va","status":"Proposed","status_group":"Proposed","landscape_weight":87.53,"search":"bull church data center nrd retail, llc proposed proposed data center ruther glen, caroline, va ruther glen caroline va rappahannock electric co-op north anna ladysmith james river - richmond","nearest_nuclear_latitude":38.06,"nearest_nuclear_longitude":-77.7897,"nearest_power_latitude":38.0722,"nearest_power_longitude":-77.5133,"nearest_water_latitude":37.54,"nearest_water_longitude":-77.436}},{"type":"Feature","geometry":{"type":"Point","coordinates":[-77.4687,38.1911]},"properties":{"key":"aws-carters-store-tech-campus-spotsylvania-va","layer":"data-center","name":"Carter's Store Tech Campus","state":"VA","detail_file":"data/details/data-centers-05.json","id":"aws-carters-store-tech-campus-spotsylvania-va","status":"Permitted","status_group":"Permitted","landscape_weight":313.0,"search":"carter's store tech campus amazon web services permitted permitted data center spotsylvania, spotsylvania, va spotsylvania spotsylvania va rappahannock electric co-op north anna ladysmith james river - richmond","nearest_nuclear_latitude":38.06,"nearest_nuclear_longitude":-77.7897,"nearest_power_latitude":38.0722,"nearest_power_longitude":-77.5133,"nearest_water_latitude":37.54,"nearest_water_longitude":-77.436}},{"type":"Feature","geometry":{"type":"Point","coordinates":[-77.4416,37.3554]},"properties":{"key":"powerhouse-chirisa-chester-va","layer":"data-center","name":"Chirisa Technology Park \u2014 Richmond (Chester)","state":"VA","detail_file":"data/details/data-centers-01.json","id":"powerhouse-chirisa-chester-va","status":"Under construction","status_group":"Under construction","capacity_mw":120.0,"capacity_label":"120 MW planned","landscape_weight":120.0,"search":"chirisa technology park \u2014 richmond (chester) powerhouse data centers / chirisa (blue owl jv) under construction under construction likely chester, chesterfield, va chester chesterfield va grid dominion energy closed_loop surry chester solar technology park, llc james river - richmond","nearest_nuclear_latitude":37.1661,"nearest_nuclear_longitude":-76.6986,"nearest_power_latitude":37.317,"nearest_power_longitude":-77.466,"nearest_water_latitude":37.54,"nearest_water_longitude":-77.436}},{"type":"Feature","geometry":{"type":"Point","coordinates":[-77.4837,37.9374]},"properties":{"key":"cleanarc-ruther-glen-va","layer":"data-center","name":"CleanArc VA1","state":"VA","detail_file":"data/details/data-centers-03.json","id":"cleanarc-ruther-glen-va","status":"Under construction","status_group":"Under construction","capacity_mw":900.0,"capacity_label":"900 MW planned","landscape_weight":900.0,"search":"cleanarc va1 cleanarc data centers under construction under construction likely ruther glen, caroline, va ruther glen caroline va grid dominion energy virginia closed_loop north anna doswell energy center james river - richmond","nearest_nuclear_latitude":38.06,"nearest_nuclear_longitude":-77.7897,"nearest_power_latitude":37.8208,"nearest_power_longitude":-77.4463,"nearest_water_latitude":37.54,"nearest_water_longitude":-77.436}},{"type":"Feature","geometry":{"type":"Point","coordinates":[-77.4627,39.0102]},"properties":{"key":"cloudhq-lc1-va","layer":"data-center","name":"CloudHQ LC1","state":"VA","detail_file":"data/details/data-centers-01.json","id":"cloudhq-lc1-va","status":"Operating","status_group":"Operating","landscape_weight":8.0,"search":"cloudhq lc1 cloudhq operating operating data center ashburn, loudoun county, va ashburn loudoun county va dominion energy virginia calvert cliffs nuclear power plant dulles solar and storage potomac river - northern virginia","nearest_nuclear_latitude":38.4344,"nearest_nuclear_longitude":-76.4417,"nearest_power_latitude":38.95,"nearest_power_longitude":-77.5,"nearest_water_latitude":38.969,"nearest_water_longitude":-77.386}},{"type":"Feature","geometry":{"type":"Point","coordinates":[-77.4604,39.0112]},"properties":{"key":"cloudhq-lc3-va","layer":"data-center","name":"CloudHQ LC3","state":"VA","detail_file":"data/details/data-centers-01.json","id":"cloudhq-lc3-va","status":"Under construction","status_group":"Under construction","landscape_weight":8.0,"search":"cloudhq lc3 cloudhq under construction under construction data center ashburn, loudoun county, va ashburn loudoun county va dominion energy virginia calvert cliffs nuclear power plant dulles solar and storage potomac river - northern virginia","nearest_nuclear_latitude":38.4344,"nearest_nuclear_longitude":-76.4417,"nearest_power_latitude":38.95,"nearest_power_longitude":-77.5,"nearest_water_latitude":38.969,"nearest_water_longitude":-77.386}},{"type":"Feature","geometry":{"type":"Point","coordinates":[-77.4982,38.7196]},"properties":{"key":"cloudhq-manassas-mcc-va","layer":"data-center","name":"CloudHQ Manassas MCC Campus","state":"VA","detail_file":"data/details/data-centers-00.json","id":"cloudhq-manassas-mcc-va","status":"Under construction","status_group":"Under construction","capacity_mw":382.0,"capacity_label":"382 MW planned","landscape_weight":100.0,"search":"cloudhq manassas mcc campus cloudhq under construction under construction mixed_use manassas, prince william, va manassas prince william va grid dominion energy (clover hill substation) air north anna gateway gen potomac river - northern virginia","nearest_nuclear_latitude":38.06,"nearest_nuclear_longitude":-77.7897,"nearest_power_latitude":38.7253,"nearest_power_longitude":-77.5097,"nearest_water_latitude":38.969,"nearest_water_longitude":-77.386}},{"type":"Feature","geometry":{"type":"Point","coordinates":[-77.4595,39.0179]},"properties":{"key":"cologix-ash1-va","layer":"data-center","name":"Cologix ASH1","state":"VA","detail_file":"data/details/data-centers-05.json","id":"cologix-ash1-va","status":"Operating","status_group":"Operating","landscape_weight":8.0,"search":"cologix ash1 cologix operating operating data center ashburn, loudoun county, va ashburn loudoun county va dominion energy virginia calvert cliffs nuclear power plant dulles solar and storage potomac river - northern virginia","nearest_nuclear_latitude":38.4344,"nearest_nuclear_longitude":-76.4417,"nearest_power_latitude":38.95,"nearest_power_longitude":-77.5,"nearest_water_latitude":38.969,"nearest_water_longitude":-77.386}},{"type":"Feature","geometry":{"type":"Point","coordinates":[-77.5373,39.0436]},"properties":{"key":"compass-datacenters-loudoun-county-i-true-north-va","layer":"data-center","name":"Compass Datacenters Loudoun County I (\"True North\")","state":"VA","detail_file":"data/details/data-centers-04.json","id":"compass-datacenters-loudoun-county-i-true-north-va","status":"Operating","status_group":"Operating","landscape_weight":100.0,"search":"compass datacenters loudoun county i (\"true north\") compass datacenters operating operating data center leesburg, loudoun, va leesburg loudoun va north anna potomac energy center, llc potomac river - northern virginia","nearest_nuclear_latitude":38.06,"nearest_nuclear_longitude":-77.7897,"nearest_power_latitude":39.0581,"nearest_power_longitude":-77.545,"nearest_water_latitude":38.969,"nearest_water_longitude":-77.386}},{"type":"Feature","geometry":{"type":"Point","coordinates":[-77.8046,38.5507]},"properties":{"key":"convergent-technology-park-remington-fauquier-va","layer":"data-center","name":"Convergent Technology Park","state":"VA","detail_file":"data/details/data-centers-04.json","id":"convergent-technology-park-remington-fauquier-va","status":"Proposed","status_group":"Proposed","landscape_weight":140.0,"search":"convergent technology park convergent va llc proposed proposed data center remington, fauquier, va remington fauquier va north anna bealeton solar potomac river - northern virginia","nearest_nuclear_latitude":38.06,"nearest_nuclear_longitude":-77.7897,"nearest_power_latitude":38.5558,"nearest_power_longitude":-77.7783,"nearest_water_latitude":38.969,"nearest_water_longitude":-77.386}},{"type":"Feature","geometry":{"type":"Point","coordinates":[-77.3645,38.9506]},"properties":{"key":"coresite-va1-reston-va-va","layer":"data-center","name":"CoreSite VA1 - Reston, VA","state":"VA","detail_file":"data/details/data-centers-03.json","id":"coresite-va1-reston-va-va","status":"Operating","status_group":"Operating","landscape_weight":8.0,"search":"coresite va1 - reston, va coresite operating operating likely reston, fairfax county, va reston fairfax county va grid \u2014 dominion energy virginia grid dominion energy virginia calvert cliffs nuclear power plant reston town center solar 1 potomac river - northern virginia","nearest_nuclear_latitude":38.4344,"nearest_nuclear_longitude":-76.4417,"nearest_power_latitude":38.9599,"nearest_power_longitude":-77.3577,"nearest_water_latitude":38.969,"nearest_water_longitude":-77.386}},{"type":"Feature","geometry":{"type":"Point","coordinates":[-77.3724,38.9483]},"properties":{"key":"coresite-va3-reston-va-va","layer":"data-center","name":"CoreSite VA3 - Reston, VA","state":"VA","detail_file":"data/details/data-centers-07.json","id":"coresite-va3-reston-va-va","status":"Operating","status_group":"Operating","landscape_weight":8.0,"search":"coresite va3 - reston, va coresite operating operating confirmed reston, fairfax county, va reston fairfax county va dominion energy 100% renewable energy program (solar, hydroelectric, biomass; va3-specific green tariff) mixed dominion energy virginia calvert cliffs nuclear power plant reston town center solar 1 potomac river - northern virginia","nearest_nuclear_latitude":38.4344,"nearest_nuclear_longitude":-76.4417,"nearest_power_latitude":38.9599,"nearest_power_longitude":-77.3577,"nearest_water_latitude":38.969,"nearest_water_longitude":-77.386}},{"type":"Feature","geometry":{"type":"Point","coordinates":[-77.4762,38.2047]},"properties":{"key":"aws-cosner-technology-campus-massaponax-va","layer":"data-center","name":"Cosner Technology Campus","state":"VA","detail_file":"data/details/data-centers-07.json","id":"aws-cosner-technology-campus-massaponax-va","status":"Under construction","status_group":"Under construction","landscape_weight":329.0,"search":"cosner technology campus amazon web services under construction under construction data center massaponax, spotsylvania county, va massaponax spotsylvania county va rappahannock electric co-op north anna electric avenue facility james river - richmond","nearest_nuclear_latitude":38.06,"nearest_nuclear_longitude":-77.7897,"nearest_power_latitude":38.28,"nearest_power_longitude":-77.59,"nearest_water_latitude":37.54,"nearest_water_longitude":-77.436}},{"type":"Feature","geometry":{"type":"Point","coordinates":[-77.4334,38.2445]},"properties":{"key":"rck-crossroads-technology-campus-spotsylvania-va","layer":"data-center","name":"Crossroads Technology Campus","state":"VA","detail_file":"data/details/data-centers-05.json","id":"rck-crossroads-technology-campus-spotsylvania-va","status":"Proposed","status_group":"Proposed","landscape_weight":633.0,"search":"crossroads technology campus rck digital crossroads llc proposed proposed data center spotsylvania, va spotsylvania va north anna waste management king george lfgte james river - richmond","nearest_nuclear_latitude":38.06,"nearest_nuclear_longitude":-77.7897,"nearest_power_latitude":38.2747,"nearest_power_longitude":-77.3081,"nearest_water_latitude":37.54,"nearest_water_longitude":-77.436}},{"type":"Feature","geometry":{"type":"Point","coordinates":[-77.8863,38.5095]},"properties":{"key":"culpeper-brandy-station-va","layer":"data-center","name":"Culpeper Acquisitions Brandy Station Campus (denied)","state":"VA","detail_file":"data/details/data-centers-07.json","id":"culpeper-brandy-station-va","status":"Cancelled","status_group":"Cancelled","landscape_weight":8.0,"search":"culpeper acquisitions brandy station campus (denied) culpeper acquisitions llc cancelled cancelled likely brandy station, culpeper, va brandy station culpeper va grid dominion energy north anna greenwood solar i potomac river - northern virginia","nearest_nuclear_latitude":38.06,"nearest_nuclear_longitude":-77.7897,"nearest_power_latitude":38.4273,"nearest_power_longitude":-77.9079,"nearest_water_latitude":38.969,"nearest_water_longitude":-77.386}},{"type":"Feature","geometry":{"type":"Point","coordinates":[-77.4145,39.0259]},"properties":{"key":"cyrusone-nva1-nva2-nva3-sterling-va","layer":"data-center","name":"CyrusOne NVA1, NVA2 & NVA3 (Sterling)","state":"VA","detail_file":"data/details/data-centers-02.json","id":"cyrusone-nva1-nva2-nva3-sterling-va","status":"Operating","status_group":"Operating","landscape_weight":14.0,"search":"cyrusone nva1, nva2 & nva3 (sterling) cyrusone operating operating data center sterling, loudoun county, va sterling loudoun county va dominion energy virginia calvert cliffs nuclear power plant reston town center solar 1 potomac river - northern virginia","nearest_nuclear_latitude":38.4344,"nearest_nuclear_longitude":-76.4417,"nearest_power_latitude":38.9599,"nearest_power_longitude":-77.3577,"nearest_water_latitude":38.969,"nearest_water_longitude":-77.386}},{"type":"Feature","geometry":{"type":"Point","coordinates":[-77.4341,39.0244]},"properties":{"key":"cyrusone-nva5-sterling-va","layer":"data-center","name":"CyrusOne NVA5 (Sterling)","state":"VA","detail_file":"data/details/data-centers-05.json","id":"cyrusone-nva5-sterling-va","status":"Operating","status_group":"Operating","landscape_weight":8.0,"search":"cyrusone nva5 (sterling) cyrusone operating operating data center sterling, loudoun county, va sterling loudoun county va dominion energy virginia calvert cliffs nuclear power plant reston town center solar 1 potomac river - northern virginia","nearest_nuclear_latitude":38.4344,"nearest_nuclear_longitude":-76.4417,"nearest_power_latitude":38.9599,"nearest_power_longitude":-77.3577,"nearest_water_latitude":38.969,"nearest_water_longitude":-77.386}},{"type":"Feature","geometry":{"type":"Point","coordinates":[-77.434,39.0263]},"properties":{"key":"cyrusone-nva7-sterling-va","layer":"data-center","name":"CyrusOne NVA7 (Sterling)","state":"VA","detail_file":"data/details/data-centers-04.json","id":"cyrusone-nva7-sterling-va","status":"Operating","status_group":"Operating","landscape_weight":8.0,"search":"cyrusone nva7 (sterling) cyrusone operating operating data center sterling, loudoun county, va sterling loudoun county va dominion energy virginia calvert cliffs nuclear power plant reston town center solar 1 potomac river - northern virginia","nearest_nuclear_latitude":38.4344,"nearest_nuclear_longitude":-76.4417,"nearest_power_latitude":38.9599,"nearest_power_longitude":-77.3577,"nearest_water_latitude":38.969,"nearest_water_longitude":-77.386}},{"type":"Feature","geometry":{"type":"Point","coordinates":[-77.4132,39.0212]},"properties":{"key":"cyrusone-nva8-sterling-va","layer":"data-center","name":"CyrusOne NVA8 (Sterling)","state":"VA","detail_file":"data/details/data-centers-00.json","id":"cyrusone-nva8-sterling-va","status":"Operating","status_group":"Operating","landscape_weight":8.0,"search":"cyrusone nva8 (sterling) cyrusone operating operating data center sterling, loudoun county, va sterling loudoun county va dominion energy virginia calvert cliffs nuclear power plant reston town center solar 1 potomac river - northern virginia","nearest_nuclear_latitude":38.4344,"nearest_nuclear_longitude":-76.4417,"nearest_power_latitude":38.9599,"nearest_power_longitude":-77.3577,"nearest_water_latitude":38.969,"nearest_water_longitude":-77.386}},{"type":"Feature","geometry":{"type":"Point","coordinates":[-77.6735,38.7523]},"properties":{"key":"cyrusone-vint-hill-fauquier-va","layer":"data-center","name":"CyrusOne Vint Hill Campus","state":"VA","detail_file":"data/details/data-centers-05.json","id":"cyrusone-vint-hill-fauquier-va","status":"Proposed","status_group":"Proposed","landscape_weight":47.0,"search":"cyrusone vint hill campus cyrusone proposed proposed data center vint hill, fauquier county, va vint hill fauquier county va north anna water treatment plant generators potomac river - northern virginia","nearest_nuclear_latitude":38.06,"nearest_nuclear_longitude":-77.7897,"nearest_power_latitude":38.7607,"nearest_power_longitude":-77.6209,"nearest_water_latitude":38.969,"nearest_water_longitude":-77.386}},{"type":"Feature","geometry":{"type":"Point","coordinates":[-77.4543,37.5532]},"properties":{"key":"dc-blox-henrico-county-va","layer":"data-center","name":"DC Blox Henrico County Campus (withdrawn)","state":"VA","detail_file":"data/details/data-centers-06.json","id":"dc-blox-henrico-county-va","status":"Cancelled","status_group":"Cancelled","capacity_mw":50.0,"capacity_label":"50 MW planned","landscape_weight":50.0,"search":"dc blox henrico county campus (withdrawn) dc blox cancelled cancelled likely henrico, va henrico va grid \u2014 dominion energy virginia grid dominion energy virginia north anna richmond energy james river - richmond","nearest_nuclear_latitude":38.06,"nearest_nuclear_longitude":-77.7897,"nearest_power_latitude":37.5058,"nearest_power_longitude":-77.3739,"nearest_water_latitude":37.54,"nearest_water_longitude":-77.436}},{"type":"Feature","geometry":{"type":"Point","coordinates":[-77.2259,38.9137]},"properties":{"key":"digital-realty-8100-boone-boulevard-former-dupont-fabros-va3-va","layer":"data-center","name":"Digital Realty 8100 Boone Boulevard (former DuPont Fabros VA3)","state":"VA","detail_file":"data/details/data-centers-03.json","id":"digital-realty-8100-boone-boulevard-former-dupont-fabros-va3-va","status":"Operating","status_group":"Operating","landscape_weight":8.0,"search":"digital realty 8100 boone boulevard (former dupont fabros va3) digital realty operating operating data center vienna, fairfax county, va vienna fairfax county va dominion energy virginia calvert cliffs nuclear power plant reston town center solar 1 potomac river - northern virginia","nearest_nuclear_latitude":38.4344,"nearest_nuclear_longitude":-76.4417,"nearest_power_latitude":38.9599,"nearest_power_longitude":-77.3577,"nearest_water_latitude":38.969,"nearest_water_longitude":-77.386}},{"type":"Feature","geometry":{"type":"Point","coordinates":[-77.4656,39.0127]},"properties":{"key":"digital-realty-acc10-va","layer":"data-center","name":"Digital Realty ACC10","state":"VA","detail_file":"data/details/data-centers-00.json","id":"digital-realty-acc10-va","status":"Operating","status_group":"Operating","landscape_weight":8.0,"search":"digital realty acc10 digital realty operating operating data center ashburn, loudoun, va ashburn loudoun va dominion energy virginia north anna dulles solar and storage potomac river - northern virginia","nearest_nuclear_latitude":38.06,"nearest_nuclear_longitude":-77.7897,"nearest_power_latitude":38.95,"nearest_power_longitude":-77.5,"nearest_water_latitude":38.969,"nearest_water_longitude":-77.386}},{"type":"Feature","geometry":{"type":"Point","coordinates":[-77.4598,39.0199]},"properties":{"key":"digital-realty-acc3-va","layer":"data-center","name":"Digital Realty ACC3","state":"VA","detail_file":"data/details/data-centers-03.json","id":"digital-realty-acc3-va","status":"Operating","status_group":"Operating","capacity_mw":36.4,"capacity_label":"36 MW operating","landscape_weight":36.4,"search":"digital realty acc3 digital realty operating operating data center ashburn, loudoun county, va ashburn loudoun county va dominion energy virginia calvert cliffs nuclear power plant potomac energy center, llc potomac river - northern virginia","nearest_nuclear_latitude":38.4344,"nearest_nuclear_longitude":-76.4417,"nearest_power_latitude":39.0581,"nearest_power_longitude":-77.545,"nearest_water_latitude":38.969,"nearest_water_longitude":-77.386}},{"type":"Feature","geometry":{"type":"Point","coordinates":[-77.4674,39.0154]},"properties":{"key":"digital-realty-acc9-va","layer":"data-center","name":"Digital Realty ACC9","state":"VA","detail_file":"data/details/data-centers-04.json","id":"digital-realty-acc9-va","status":"Operating","status_group":"Operating","landscape_weight":8.0,"search":"digital realty acc9 digital realty operating operating data center ashburn, loudoun, va ashburn loudoun va dominion energy virginia north anna dulles solar and storage potomac river - northern virginia","nearest_nuclear_latitude":38.06,"nearest_nuclear_longitude":-77.7897,"nearest_power_latitude":38.95,"nearest_power_longitude":-77.5,"nearest_water_latitude":38.969,"nearest_water_longitude":-77.386}},{"type":"Feature","geometry":{"type":"Point","coordinates":[-77.4772,39.0011]},"properties":{"key":"digital-realty-iad38-va","layer":"data-center","name":"Digital Realty IAD38","state":"VA","detail_file":"data/details/data-centers-04.json","id":"digital-realty-iad38-va","status":"Operating","status_group":"Operating","landscape_weight":8.0,"search":"digital realty iad38 digital realty operating operating data center ashburn, loudoun, va ashburn loudoun va dominion energy virginia north anna dulles solar and storage potomac river - northern virginia","nearest_nuclear_latitude":38.06,"nearest_nuclear_longitude":-77.7897,"nearest_power_latitude":38.95,"nearest_power_longitude":-77.5,"nearest_water_latitude":38.969,"nearest_water_longitude":-77.386}},{"type":"Feature","geometry":{"type":"Point","coordinates":[-77.4582,39.0088]},"properties":{"key":"digital-realty-iad41-building-p-va","layer":"data-center","name":"Digital Realty IAD41 (Building P)","state":"VA","detail_file":"data/details/data-centers-06.json","id":"digital-realty-iad41-building-p-va","status":"Operating","status_group":"Operating","landscape_weight":8.0,"search":"digital realty iad41 (building p) digital realty operating operating data center ashburn, loudoun, va ashburn loudoun va dominion energy virginia calvert cliffs nuclear power plant dulles solar and storage potomac river - northern virginia","nearest_nuclear_latitude":38.4344,"nearest_nuclear_longitude":-76.4417,"nearest_power_latitude":38.95,"nearest_power_longitude":-77.5,"nearest_water_latitude":38.969,"nearest_water_longitude":-77.386}},{"type":"Feature","geometry":{"type":"Point","coordinates":[-77.4495,39.0057]},"properties":{"key":"digital-realty-iad42-building-r-va","layer":"data-center","name":"Digital Realty IAD42 (Building R)","state":"VA","detail_file":"data/details/data-centers-00.json","id":"digital-realty-iad42-building-r-va","status":"Operating","status_group":"Operating","landscape_weight":8.0,"search":"digital realty iad42 (building r) digital realty operating operating data center sterling, loudoun, va sterling loudoun va dominion energy virginia calvert cliffs nuclear power plant dulles solar and storage potomac river - northern virginia","nearest_nuclear_latitude":38.4344,"nearest_nuclear_longitude":-76.4417,"nearest_power_latitude":38.95,"nearest_power_longitude":-77.5,"nearest_water_latitude":38.969,"nearest_water_longitude":-77.386}},{"type":"Feature","geometry":{"type":"Point","coordinates":[-77.4527,39.0018]},"properties":{"key":"digital-realty-iad43-building-s-va","layer":"data-center","name":"Digital Realty IAD43 (Building S)","state":"VA","detail_file":"data/details/data-centers-03.json","id":"digital-realty-iad43-building-s-va","status":"Operating","status_group":"Operating","landscape_weight":8.0,"search":"digital realty iad43 (building s) digital realty operating operating data center sterling, loudoun, va sterling loudoun va dominion energy virginia calvert cliffs nuclear power plant dulles solar and storage potomac river - northern virginia","nearest_nuclear_latitude":38.4344,"nearest_nuclear_longitude":-76.4417,"nearest_power_latitude":38.95,"nearest_power_longitude":-77.5,"nearest_water_latitude":38.969,"nearest_water_longitude":-77.386}},{"type":"Feature","geometry":{"type":"Point","coordinates":[-77.4914,38.9609]},"properties":{"key":"digital-realty-iad44-va","layer":"data-center","name":"Digital Realty IAD44","state":"VA","detail_file":"data/details/data-centers-04.json","id":"digital-realty-iad44-va","status":"Operating","status_group":"Operating","landscape_weight":8.0,"search":"digital realty iad44 digital realty operating operating data center sterling, loudoun county, va sterling loudoun county va north anna dulles solar and storage potomac river - northern virginia","nearest_nuclear_latitude":38.06,"nearest_nuclear_longitude":-77.7897,"nearest_power_latitude":38.95,"nearest_power_longitude":-77.5,"nearest_water_latitude":38.969,"nearest_water_longitude":-77.386}},{"type":"Feature","geometry":{"type":"Point","coordinates":[-77.4339,38.9922]},"properties":{"key":"digital-realty-iad55-va","layer":"data-center","name":"Digital Realty IAD55","state":"VA","detail_file":"data/details/data-centers-02.json","id":"digital-realty-iad55-va","status":"Operating","status_group":"Operating","landscape_weight":8.0,"search":"digital realty iad55 digital realty operating operating data center sterling, loudoun, va sterling loudoun va dominion energy virginia calvert cliffs nuclear power plant dulles solar and storage potomac river - northern virginia","nearest_nuclear_latitude":38.4344,"nearest_nuclear_longitude":-76.4417,"nearest_power_latitude":38.95,"nearest_power_longitude":-77.5,"nearest_water_latitude":38.969,"nearest_water_longitude":-77.386}},{"type":"Feature","geometry":{"type":"Point","coordinates":[-77.4664,39.0066]},"properties":{"key":"digital-realty-iad73-va","layer":"data-center","name":"Digital Realty IAD73","state":"VA","detail_file":"data/details/data-centers-03.json","id":"digital-realty-iad73-va","status":"Operating","status_group":"Operating","landscape_weight":8.0,"search":"digital realty iad73 digital realty operating operating data center ashburn, loudoun, va ashburn loudoun va dominion energy virginia north anna dulles solar and storage potomac river - northern virginia","nearest_nuclear_latitude":38.06,"nearest_nuclear_longitude":-77.7897,"nearest_power_latitude":38.95,"nearest_power_longitude":-77.5,"nearest_water_latitude":38.969,"nearest_water_longitude":-77.386}},{"type":"Feature","geometry":{"type":"Point","coordinates":[-77.4625,39.0179]},"properties":{"key":"digital-realty-northern-virginia-acc4-va","layer":"data-center","name":"Digital Realty Northern Virginia ACC4","state":"VA","detail_file":"data/details/data-centers-03.json","id":"digital-realty-northern-virginia-acc4-va","status":"Operating","status_group":"Operating","landscape_weight":8.0,"search":"digital realty northern virginia acc4 digital realty operating operating data center ashburn, loudoun county, va ashburn loudoun county va dominion energy virginia calvert cliffs nuclear power plant dulles solar and storage potomac river - northern virginia","nearest_nuclear_latitude":38.4344,"nearest_nuclear_longitude":-76.4417,"nearest_power_latitude":38.95,"nearest_power_longitude":-77.5,"nearest_water_latitude":38.969,"nearest_water_longitude":-77.386}},{"type":"Feature","geometry":{"type":"Point","coordinates":[-77.4631,39.0202]},"properties":{"key":"digital-realty-northern-virginia-acc5-va","layer":"data-center","name":"Digital Realty Northern Virginia ACC5","state":"VA","detail_file":"data/details/data-centers-02.json","id":"digital-realty-northern-virginia-acc5-va","status":"Operating","status_group":"Operating","landscape_weight":8.0,"search":"digital realty northern virginia acc5 digital realty operating operating data center ashburn, loudoun county, va ashburn loudoun county va dominion energy virginia calvert cliffs nuclear power plant potomac energy center, llc potomac river - northern virginia","nearest_nuclear_latitude":38.4344,"nearest_nuclear_longitude":-76.4417,"nearest_power_latitude":39.0581,"nearest_power_longitude":-77.545,"nearest_water_latitude":38.969,"nearest_water_longitude":-77.386}},{"type":"Feature","geometry":{"type":"Point","coordinates":[-77.4871,39.0033]},"properties":{"key":"digital-realty-northern-virginia-iad14-va","layer":"data-center","name":"Digital Realty Northern Virginia IAD14","state":"VA","detail_file":"data/details/data-centers-06.json","id":"digital-realty-northern-virginia-iad14-va","status":"Operating","status_group":"Operating","landscape_weight":8.0,"search":"digital realty northern virginia iad14 digital realty operating operating data center ashburn, loudoun county, va ashburn loudoun county va dominion energy virginia north anna dulles solar and storage potomac river - northern virginia","nearest_nuclear_latitude":38.06,"nearest_nuclear_longitude":-77.7897,"nearest_power_latitude":38.95,"nearest_power_longitude":-77.5,"nearest_water_latitude":38.969,"nearest_water_longitude":-77.386}},{"type":"Feature","geometry":{"type":"Point","coordinates":[-77.3273,38.9485]},"properties":{"key":"digital-realty-va3-va","layer":"data-center","name":"Digital Realty VA3","state":"VA","detail_file":"data/details/data-centers-06.json","id":"digital-realty-va3-va","status":"Operating","status_group":"Operating","landscape_weight":8.0,"search":"digital realty va3 digital realty operating operating data center reston, fairfax county, va reston fairfax county va dominion energy virginia calvert cliffs nuclear power plant reston town center solar 1 potomac river - northern virginia","nearest_nuclear_latitude":38.4344,"nearest_nuclear_longitude":-76.4417,"nearest_power_latitude":38.9599,"nearest_power_longitude":-77.3577,"nearest_water_latitude":38.969,"nearest_water_longitude":-77.386}},{"type":"Feature","geometry":{"type":"Point","coordinates":[-77.5949,38.7781]},"properties":{"key":"digital-realty-va4-va","layer":"data-center","name":"Digital Realty VA4","state":"VA","detail_file":"data/details/data-centers-05.json","id":"digital-realty-va4-va","status":"Operating","status_group":"Operating","landscape_weight":8.0,"search":"digital realty va4 digital realty operating operating data center bristow, prince william county, va bristow prince william county va north anna water treatment plant generators potomac river - northern virginia","nearest_nuclear_latitude":38.06,"nearest_nuclear_longitude":-77.7897,"nearest_power_latitude":38.7607,"nearest_power_longitude":-77.6209,"nearest_water_latitude":38.969,"nearest_water_longitude":-77.386}},{"type":"Feature","geometry":{"type":"Point","coordinates":[-77.988,37.836]},"properties":{"key":"edgecore-shannon-hill-louisa-va","layer":"data-center","name":"EdgeCore Shannon Hill Data Center Campus","state":"VA","detail_file":"data/details/data-centers-01.json","id":"edgecore-shannon-hill-louisa-va","status":"Proposed","status_group":"Proposed","capacity_mw":1100.0,"capacity_label":"1,100 MW planned","landscape_weight":697.0,"search":"edgecore shannon hill data center campus edgecore digital infrastructure proposed proposed likely louisa county, va louisa county va grid rappahannock electric cooperative closed_loop north anna martin solar center james river - richmond","nearest_nuclear_latitude":38.06,"nearest_nuclear_longitude":-77.7897,"nearest_power_latitude":37.8805,"nearest_power_longitude":-78.0492,"nearest_water_latitude":37.54,"nearest_water_longitude":-77.436}},{"type":"Feature","geometry":{"type":"Point","coordinates":[-77.4875,39.0437]},"properties":{"key":"equinix-ashburn-va","layer":"data-center","name":"Equinix Ashburn Campus (DC1\u2013DC15)","state":"VA","detail_file":"data/details/data-centers-01.json","id":"equinix-ashburn-va","status":"Operating","status_group":"Operating","capacity_mw":500.0,"capacity_label":"500 MW operating","landscape_weight":500.0,"search":"equinix ashburn campus (dc1\u2013dc15) equinix operating operating mixed_use ashburn, loudoun, va ashburn loudoun va grid (dominion energy) + renewable ppas grid dominion energy hybrid north anna potomac energy center, llc potomac river - northern virginia","nearest_nuclear_latitude":38.06,"nearest_nuclear_longitude":-77.7897,"nearest_power_latitude":39.0581,"nearest_power_longitude":-77.545,"nearest_water_latitude":38.969,"nearest_water_longitude":-77.386}},{"type":"Feature","geometry":{"type":"Point","coordinates":[-77.4591,39.0164]},"properties":{"key":"equinix-dc2-va","layer":"data-center","name":"Equinix DC2","state":"VA","detail_file":"data/details/data-centers-07.json","id":"equinix-dc2-va","status":"Operating","status_group":"Operating","landscape_weight":8.0,"search":"equinix dc2 equinix operating operating data center ashburn, loudoun county, va ashburn loudoun county va dominion energy virginia calvert cliffs nuclear power plant dulles solar and storage potomac river - northern virginia","nearest_nuclear_latitude":38.4344,"nearest_nuclear_longitude":-76.4417,"nearest_power_latitude":38.95,"nearest_power_longitude":-77.5,"nearest_water_latitude":38.969,"nearest_water_longitude":-77.386}},{"type":"Feature","geometry":{"type":"Point","coordinates":[-77.4602,39.022]},"properties":{"key":"equinix-dc3-va","layer":"data-center","name":"Equinix DC3","state":"VA","detail_file":"data/details/data-centers-05.json","id":"equinix-dc3-va","status":"Operating","status_group":"Operating","landscape_weight":8.0,"search":"equinix dc3 equinix operating operating data center ashburn, loudoun county, va ashburn loudoun county va dominion energy virginia calvert cliffs nuclear power plant potomac energy center, llc potomac river - northern virginia","nearest_nuclear_latitude":38.4344,"nearest_nuclear_longitude":-76.4417,"nearest_power_latitude":39.0581,"nearest_power_longitude":-77.545,"nearest_water_latitude":38.969,"nearest_water_longitude":-77.386}},{"type":"Feature","geometry":{"type":"Point","coordinates":[-76.1882,36.6806]},"properties":{"key":"emerald-lakes-etheridge-lakes-data-center-chesapeake-va","layer":"data-center","name":"Etheridge Lakes Data Center (Great Bridge)","state":"VA","detail_file":"data/details/data-centers-07.json","id":"emerald-lakes-etheridge-lakes-data-center-chesapeake-va","status":"Cancelled","status_group":"Cancelled","landscape_weight":22.6,"search":"etheridge lakes data center (great bridge) emerald lakes estates (doug fuller) cancelled cancelled data center chesapeake, chesapeake (independent city), va chesapeake chesapeake (independent city) va dominion energy virginia surry bedford solar (dominion) james river - richmond","nearest_nuclear_latitude":37.1661,"nearest_nuclear_longitude":-76.6986,"nearest_power_latitude":36.7,"nearest_power_longitude":-76.1647,"nearest_water_latitude":37.54,"nearest_water_longitude":-77.436}},{"type":"Feature","geometry":{"type":"Point","coordinates":[-77.4387,37.6469]},"properties":{"key":"flexential-richmond-ric01-02-va","layer":"data-center","name":"Flexential Richmond (RIC01/02)","state":"VA","detail_file":"data/details/data-centers-05.json","id":"flexential-richmond-ric01-02-va","status":"Operating","status_group":"Operating","landscape_weight":8.0,"search":"flexential richmond (ric01/02) flexential operating operating data center richmond, henrico county, va richmond henrico county va dominion energy virginia north anna henrico james river - richmond","nearest_nuclear_latitude":38.06,"nearest_nuclear_longitude":-77.7897,"nearest_power_latitude":37.6788,"nearest_power_longitude":-77.5678,"nearest_water_latitude":37.54,"nearest_water_longitude":-77.436}},{"type":"Feature","geometry":{"type":"Point","coordinates":[-77.62,38.78]},"properties":{"key":"corscale-gainesville-crossing-va","layer":"data-center","name":"Gainesville Crossing Digital Campus (GCDC)","state":"VA","detail_file":"data/details/data-centers-02.json","id":"corscale-gainesville-crossing-va","status":"Under construction","status_group":"Under construction","capacity_mw":300.0,"capacity_label":"300 MW planned","landscape_weight":130.0,"search":"gainesville crossing digital campus (gcdc) corscale data centers (patrinely / usaa real estate) under construction under construction likely gainesville, prince william, va gainesville prince william va dominion energy grid dominion energy air north anna water treatment plant generators potomac river - northern virginia","nearest_nuclear_latitude":38.06,"nearest_nuclear_longitude":-77.7897,"nearest_power_latitude":38.7607,"nearest_power_longitude":-77.6209,"nearest_water_latitude":38.969,"nearest_water_longitude":-77.386}},{"type":"Feature","geometry":{"type":"Point","coordinates":[-77.7831,38.5607]},"properties":{"key":"gigaland-data-centers-remington-fauquier-va","layer":"data-center","name":"Gigaland Data Centers","state":"VA","detail_file":"data/details/data-centers-07.json","id":"gigaland-data-centers-remington-fauquier-va","status":"Proposed","status_group":"Proposed","landscape_weight":202.54,"search":"gigaland data centers gigaland llc proposed proposed data center remington, fauquier, va remington fauquier va north anna bealeton solar potomac river - northern virginia","nearest_nuclear_latitude":38.06,"nearest_nuclear_longitude":-77.7897,"nearest_power_latitude":38.5558,"nearest_power_longitude":-77.7783,"nearest_water_latitude":38.969,"nearest_water_longitude":-77.386}},{"type":"Feature","geometry":{"type":"Point","coordinates":[-77.5253,38.9432]},"properties":{"key":"google-arcola-loudoun-va","layer":"data-center","name":"Google Arcola Data Center (Loudoun County)","state":"VA","detail_file":"data/details/data-centers-03.json","id":"google-arcola-loudoun-va","status":"Operating","status_group":"Operating","landscape_weight":91.0,"search":"google arcola data center (loudoun county) google operating operating likely sterling, loudoun county, va sterling loudoun county va dominion energy grid delivery; aes has a 500 mw wind/solar/hydro/battery carbon-free-power contract for google's loudoun county facilities generally, but not co grid dominion energy north anna dulles solar and storage potomac river - northern virginia","nearest_nuclear_latitude":38.06,"nearest_nuclear_longitude":-77.7897,"nearest_power_latitude":38.95,"nearest_power_longitude":-77.5,"nearest_water_latitude":38.969,"nearest_water_longitude":-77.386}},{"type":"Feature","geometry":{"type":"Point","coordinates":[-77.71,37.454]},"properties":{"key":"google-loch-midlothian-va","layer":"data-center","name":"Google Project Loch","state":"VA","detail_file":"data/details/data-centers-02.json","id":"google-loch-midlothian-va","status":"Proposed","status_group":"Proposed","landscape_weight":340.0,"search":"google project loch google proposed proposed confirmed midlothian, chesterfield county, va midlothian chesterfield county va grid dominion energy virginia unknown north anna moseley hermon solar james river - richmond","nearest_nuclear_latitude":38.06,"nearest_nuclear_longitude":-77.7897,"nearest_power_latitude":37.4675,"nearest_power_longitude":-77.7335,"nearest_water_latitude":37.54,"nearest_water_longitude":-77.436}},{"type":"Feature","geometry":{"type":"Point","coordinates":[-77.482,38.213]},"properties":{"key":"hunters-ridge-south-data-center-campus-spotsylvania-va","layer":"data-center","name":"Hunters Ridge South Data Center Campus","state":"VA","detail_file":"data/details/data-centers-01.json","id":"hunters-ridge-south-data-center-campus-spotsylvania-va","status":"Permitted","status_group":"Permitted","landscape_weight":73.0,"search":"hunters ridge south data center campus american real estate partners (arep) permitted permitted data center spotsylvania, spotsylvania, va spotsylvania spotsylvania va north anna electric avenue facility james river - richmond","nearest_nuclear_latitude":38.06,"nearest_nuclear_longitude":-77.7897,"nearest_power_latitude":38.28,"nearest_power_longitude":-77.59,"nearest_water_latitude":37.54,"nearest_water_longitude":-77.436}},{"type":"Feature","geometry":{"type":"Point","coordinates":[-77.546,38.7772]},"properties":{"key":"iron-mountain-va-2-va","layer":"data-center","name":"Iron Mountain VA-2","state":"VA","detail_file":"data/details/data-centers-04.json","id":"iron-mountain-va-2-va","status":"Operating","status_group":"Operating","landscape_weight":8.0,"search":"iron mountain va-2 iron mountain operating operating data center manassas, prince william, va manassas prince william va north anna bethlehem energy center, llc - (va) potomac river - northern virginia","nearest_nuclear_latitude":38.06,"nearest_nuclear_longitude":-77.7897,"nearest_power_latitude":38.7819,"nearest_power_longitude":-77.5426,"nearest_water_latitude":38.969,"nearest_water_longitude":-77.386}},{"type":"Feature","geometry":{"type":"Point","coordinates":[-77.5451,38.7755]},"properties":{"key":"iron-mountain-va-3-va","layer":"data-center","name":"Iron Mountain VA-3","state":"VA","detail_file":"data/details/data-centers-00.json","id":"iron-mountain-va-3-va","status":"Operating","status_group":"Operating","landscape_weight":142.0,"search":"iron mountain va-3 iron mountain operating operating data center manassas, prince william, va manassas prince william va north anna railroad energy center, llc potomac river - northern virginia","nearest_nuclear_latitude":38.06,"nearest_nuclear_longitude":-77.7897,"nearest_power_latitude":38.7817,"nearest_power_longitude":-77.542,"nearest_water_latitude":38.969,"nearest_water_longitude":-77.386}},{"type":"Feature","geometry":{"type":"Point","coordinates":[-77.5422,38.7744]},"properties":{"key":"iron-mountain-va-4-va","layer":"data-center","name":"Iron Mountain VA-4","state":"VA","detail_file":"data/details/data-centers-04.json","id":"iron-mountain-va-4-va","status":"Operating","status_group":"Operating","capacity_mw":32.0,"capacity_label":"32 MW operating","landscape_weight":32.0,"search":"iron mountain va-4 iron mountain operating operating data center manassas, prince william, va manassas prince william va north anna railroad energy center, llc potomac river - northern virginia","nearest_nuclear_latitude":38.06,"nearest_nuclear_longitude":-77.7897,"nearest_power_latitude":38.7817,"nearest_power_longitude":-77.542,"nearest_water_latitude":38.969,"nearest_water_longitude":-77.386}},{"type":"Feature","geometry":{"type":"Point","coordinates":[-77.5386,38.7681]},"properties":{"key":"iron-mountain-va-6-va","layer":"data-center","name":"Iron Mountain VA-6","state":"VA","detail_file":"data/details/data-centers-04.json","id":"iron-mountain-va-6-va","status":"Operating","status_group":"Operating","capacity_mw":32.0,"capacity_label":"32 MW operating","landscape_weight":32.0,"search":"iron mountain va-6 iron mountain operating operating data center manassas, prince william, va manassas prince william va north anna railroad energy center, llc potomac river - northern virginia","nearest_nuclear_latitude":38.06,"nearest_nuclear_longitude":-77.7897,"nearest_power_latitude":38.7817,"nearest_power_longitude":-77.542,"nearest_water_latitude":38.969,"nearest_water_longitude":-77.386}},{"type":"Feature","geometry":{"type":"Point","coordinates":[-77.427,37.556]},"properties":{"key":"iron-mountain-white-oak-henrico-va","layer":"data-center","name":"Iron Mountain White Oak Technology Park Campus","state":"VA","detail_file":"data/details/data-centers-07.json","id":"iron-mountain-white-oak-henrico-va","status":"Proposed","status_group":"Proposed","capacity_mw":200.0,"capacity_label":"200 MW planned","landscape_weight":66.0,"search":"iron mountain white oak technology park campus iron mountain proposed proposed mixed_use henrico, henrico, va henrico henrico va grid dominion energy virginia north anna richmond energy james river - richmond","nearest_nuclear_latitude":38.06,"nearest_nuclear_longitude":-77.7897,"nearest_power_latitude":37.5058,"nearest_power_longitude":-77.3739,"nearest_water_latitude":37.54,"nearest_water_longitude":-77.436}},{"type":"Feature","geometry":{"type":"Point","coordinates":[-77.2901,38.2503]},"properties":{"key":"green-energy-ventures-king-george-technology-center-va","layer":"data-center","name":"King George Technology Center","state":"VA","detail_file":"data/details/data-centers-00.json","id":"green-energy-ventures-king-george-technology-center-va","status":"Proposed","status_group":"Proposed","landscape_weight":352.0,"search":"king george technology center green energy ventures proposed proposed data center king george, king george county, va king george king george county va north anna waste management king george lfgte james river - richmond","nearest_nuclear_latitude":38.06,"nearest_nuclear_longitude":-77.7897,"nearest_power_latitude":38.2747,"nearest_power_longitude":-77.3081,"nearest_water_latitude":37.54,"nearest_water_longitude":-77.436}},{"type":"Feature","geometry":{"type":"Point","coordinates":[-77.8168,38.0476]},"properties":{"key":"aws-lake-anna-technology-campus-louisa-va","layer":"data-center","name":"Lake Anna Technology Campus (LATC)","state":"VA","detail_file":"data/details/data-centers-02.json","id":"aws-lake-anna-technology-campus-louisa-va","status":"Under construction","status_group":"Under construction","capacity_mw":600.0,"capacity_label":"600 MW planned","landscape_weight":153.0,"search":"lake anna technology campus (latc) amazon web services (with reb investment company, llc as landowner) under construction under construction data center louisa, louisa, va louisa louisa va rappahannock electric co-op north anna north anna james river - richmond","nearest_nuclear_latitude":38.06,"nearest_nuclear_longitude":-77.7897,"nearest_power_latitude":38.06,"nearest_power_longitude":-77.7897,"nearest_water_latitude":37.54,"nearest_water_longitude":-77.436}},{"type":"Feature","geometry":{"type":"Point","coordinates":[-77.4576,39.0222]},"properties":{"key":"lumen-ashburn-va","layer":"data-center","name":"Lumen Ashburn","state":"VA","detail_file":"data/details/data-centers-02.json","id":"lumen-ashburn-va","status":"Operating","status_group":"Operating","landscape_weight":8.0,"search":"lumen ashburn lumen technologies operating operating data center ashburn, loudoun county, va ashburn loudoun county va dominion energy virginia calvert cliffs nuclear power plant potomac energy center, llc potomac river - northern virginia","nearest_nuclear_latitude":38.4344,"nearest_nuclear_longitude":-76.4417,"nearest_power_latitude":39.0581,"nearest_power_longitude":-77.545,"nearest_water_latitude":38.969,"nearest_water_longitude":-77.386}},{"type":"Feature","geometry":{"type":"Point","coordinates":[-77.2116,38.9209]},"properties":{"key":"lumen-mclean-1-va","layer":"data-center","name":"Lumen McLean 1","state":"VA","detail_file":"data/details/data-centers-02.json","id":"lumen-mclean-1-va","status":"Operating","status_group":"Operating","landscape_weight":8.0,"search":"lumen mclean 1 lumen technologies operating operating data center mclean, fairfax county, va mclean fairfax county va dominion energy virginia calvert cliffs nuclear power plant reston town center solar 1 potomac river - northern virginia","nearest_nuclear_latitude":38.4344,"nearest_nuclear_longitude":-76.4417,"nearest_power_latitude":38.9599,"nearest_power_longitude":-77.3577,"nearest_water_latitude":38.969,"nearest_water_longitude":-77.386}},{"type":"Feature","geometry":{"type":"Point","coordinates":[-77.5505,38.1869]},"properties":{"key":"lavue-massaponax-tech-campus-spotsylvania-va","layer":"data-center","name":"Massaponax Tech Campus","state":"VA","detail_file":"data/details/data-centers-03.json","id":"lavue-massaponax-tech-campus-spotsylvania-va","status":"Proposed","status_group":"Proposed","landscape_weight":588.5564,"search":"massaponax tech campus lavue lane owner llc proposed proposed data center massaponax, spotsylvania, va massaponax spotsylvania va north anna electric avenue facility james river - richmond","nearest_nuclear_latitude":38.06,"nearest_nuclear_longitude":-77.7897,"nearest_power_latitude":38.28,"nearest_power_longitude":-77.59,"nearest_water_latitude":37.54,"nearest_water_longitude":-77.436}},{"type":"Feature","geometry":{"type":"Point","coordinates":[-78.3649,36.6597]},"properties":{"key":"microsoft-boydton-bn-campus-mecklenburg-va","layer":"data-center","name":"Microsoft Boydton Campus (BN / Azure East US)","state":"VA","detail_file":"data/details/data-centers-07.json","id":"microsoft-boydton-bn-campus-mecklenburg-va","status":"Operating","status_group":"Operating","landscape_weight":8.0,"search":"microsoft boydton campus (bn / azure east us) microsoft operating operating data center boydton, mecklenburg, va boydton mecklenburg va harris (nc) john h kerr kerr reservoir","nearest_nuclear_latitude":35.6334,"nearest_nuclear_longitude":-78.9556,"nearest_power_latitude":36.5994,"nearest_power_longitude":-78.3005,"nearest_water_latitude":36.599,"nearest_water_longitude":-78.297}},{"type":"Feature","geometry":{"type":"Point","coordinates":[-77.56,38.728]},"properties":{"key":"microsoft-bristow-mnz03-va","layer":"data-center","name":"Microsoft Bristow Data Center Campus (MNZ03)","state":"VA","detail_file":"data/details/data-centers-00.json","id":"microsoft-bristow-mnz03-va","status":"Operating","status_group":"Operating","landscape_weight":83.0,"search":"microsoft bristow data center campus (mnz03) microsoft operating operating mixed_use bristow, prince william, va bristow prince william va grid dominion energy virginia north anna reid energy center, llc potomac river - northern virginia","nearest_nuclear_latitude":38.06,"nearest_nuclear_longitude":-77.7897,"nearest_power_latitude":38.7299,"nearest_power_longitude":-77.5924,"nearest_water_latitude":38.969,"nearest_water_longitude":-77.386}},{"type":"Feature","geometry":{"type":"Point","coordinates":[-78.4194,36.6798]},"properties":{"key":"microsoft-skipwith-road-campus-mecklenburg-va","layer":"data-center","name":"Microsoft Skipwith Road Campus (LYH03)","state":"VA","detail_file":"data/details/data-centers-05.json","id":"microsoft-skipwith-road-campus-mecklenburg-va","status":"Permitted","status_group":"Permitted","landscape_weight":369.0,"search":"microsoft skipwith road campus (lyh03) microsoft permitted permitted data center boydton, mecklenburg, va boydton mecklenburg va harris (nc) john h kerr kerr reservoir","nearest_nuclear_latitude":35.6334,"nearest_nuclear_longitude":-78.9556,"nearest_power_latitude":36.5994,"nearest_power_longitude":-78.3005,"nearest_water_latitude":36.599,"nearest_water_longitude":-78.297}},{"type":"Feature","geometry":{"type":"Point","coordinates":[-78.1026,36.7425]},"properties":{"key":"microsoft-tunstall-road-hillcrest-mecklenburg-va","layer":"data-center","name":"Microsoft Tunstall Road Campus (Hillcrest / AVC09)","state":"VA","detail_file":"data/details/data-centers-04.json","id":"microsoft-tunstall-road-hillcrest-mecklenburg-va","status":"Permitted","status_group":"Permitted","landscape_weight":132.0,"search":"microsoft tunstall road campus (hillcrest / avc09) microsoft permitted permitted data center south hill, mecklenburg, va south hill mecklenburg va surry alberta solar kerr reservoir","nearest_nuclear_latitude":37.1661,"nearest_nuclear_longitude":-76.6986,"nearest_power_latitude":36.8417,"nearest_power_longitude":-77.9105,"nearest_water_latitude":36.599,"nearest_water_longitude":-78.297}},{"type":"Feature","geometry":{"type":"Point","coordinates":[-77.5363,37.6935]},"properties":{"key":"tract-mountain-road-technology-park-hanover-va","layer":"data-center","name":"Mountain Road Technology Park","state":"VA","detail_file":"data/details/data-centers-04.json","id":"tract-mountain-road-technology-park-hanover-va","status":"Cancelled","status_group":"Cancelled","landscape_weight":427.0,"search":"mountain road technology park tract cancelled cancelled likely hanover, va hanover va grid dominion energy virginia north anna henrico james river - richmond","nearest_nuclear_latitude":38.06,"nearest_nuclear_longitude":-77.7897,"nearest_power_latitude":37.6788,"nearest_power_longitude":-77.5678,"nearest_water_latitude":37.54,"nearest_water_longitude":-77.436}},{"type":"Feature","geometry":{"type":"Point","coordinates":[-77.4549,39.0227]},"properties":{"key":"ntt-ashburn-va1-data-center-va","layer":"data-center","name":"NTT Ashburn VA1 Data Center","state":"VA","detail_file":"data/details/data-centers-05.json","id":"ntt-ashburn-va1-data-center-va","status":"Operating","status_group":"Operating","capacity_mw":12.6,"capacity_label":"13 MW operating","landscape_weight":12.6,"search":"ntt ashburn va1 data center ntt operating operating data center ashburn, loudoun county, va ashburn loudoun county va dominion energy virginia calvert cliffs nuclear power plant potomac energy center, llc potomac river - northern virginia","nearest_nuclear_latitude":38.4344,"nearest_nuclear_longitude":-76.4417,"nearest_power_latitude":39.0581,"nearest_power_longitude":-77.545,"nearest_water_latitude":38.969,"nearest_water_longitude":-77.386}},{"type":"Feature","geometry":{"type":"Point","coordinates":[-77.4576,39.025]},"properties":{"key":"ntt-ashburn-va2-data-center-va","layer":"data-center","name":"NTT Ashburn VA2 Data Center","state":"VA","detail_file":"data/details/data-centers-05.json","id":"ntt-ashburn-va2-data-center-va","status":"Operating","status_group":"Operating","capacity_mw":14.0,"capacity_label":"14 MW operating","landscape_weight":14.0,"search":"ntt ashburn va2 data center ntt operating operating data center ashburn, loudoun county, va ashburn loudoun county va dominion energy virginia calvert cliffs nuclear power plant potomac energy center, llc potomac river - northern virginia","nearest_nuclear_latitude":38.4344,"nearest_nuclear_longitude":-76.4417,"nearest_power_latitude":39.0581,"nearest_power_longitude":-77.545,"nearest_water_latitude":38.969,"nearest_water_longitude":-77.386}},{"type":"Feature","geometry":{"type":"Point","coordinates":[-77.4726,39.0183]},"properties":{"key":"ntt-ashburn-va5-data-center-va","layer":"data-center","name":"NTT Ashburn VA5 Data Center","state":"VA","detail_file":"data/details/data-centers-06.json","id":"ntt-ashburn-va5-data-center-va","status":"Operating","status_group":"Operating","capacity_mw":32.0,"capacity_label":"32 MW operating","landscape_weight":32.0,"search":"ntt ashburn va5 data center ntt operating operating data center ashburn, loudoun county, va ashburn loudoun county va dominion energy virginia north anna potomac energy center, llc potomac river - northern virginia","nearest_nuclear_latitude":38.06,"nearest_nuclear_longitude":-77.7897,"nearest_power_latitude":39.0581,"nearest_power_longitude":-77.545,"nearest_water_latitude":38.969,"nearest_water_longitude":-77.386}},{"type":"Feature","geometry":{"type":"Point","coordinates":[-77.472,39.016]},"properties":{"key":"ntt-ashburn-va7-data-center-va","layer":"data-center","name":"NTT Ashburn VA7 Data Center","state":"VA","detail_file":"data/details/data-centers-01.json","id":"ntt-ashburn-va7-data-center-va","status":"Under construction","status_group":"Under construction","landscape_weight":8.0,"search":"ntt ashburn va7 data center ntt under construction under construction data center ashburn, loudoun county, va ashburn loudoun county va dominion energy virginia north anna dulles solar and storage potomac river - northern virginia","nearest_nuclear_latitude":38.06,"nearest_nuclear_longitude":-77.7897,"nearest_power_latitude":38.95,"nearest_power_longitude":-77.5,"nearest_water_latitude":38.969,"nearest_water_longitude":-77.386}},{"type":"Feature","geometry":{"type":"Point","coordinates":[-77.4755,39.0202]},"properties":{"key":"ntt-ashburn-va8-data-center-va","layer":"data-center","name":"NTT Ashburn VA8 Data Center","state":"VA","detail_file":"data/details/data-centers-02.json","id":"ntt-ashburn-va8-data-center-va","status":"Operating","status_group":"Operating","landscape_weight":78.0,"search":"ntt ashburn va8 data center ntt global data centers americas operating operating data center ashburn, loudoun county, va ashburn loudoun county va dominion energy virginia north anna potomac energy center, llc potomac river - northern virginia","nearest_nuclear_latitude":38.06,"nearest_nuclear_longitude":-77.7897,"nearest_power_latitude":39.0581,"nearest_power_longitude":-77.545,"nearest_water_latitude":38.969,"nearest_water_longitude":-77.386}},{"type":"Feature","geometry":{"type":"Point","coordinates":[-77.9674,37.9997]},"properties":{"key":"aws-north-creek-technology-campus-louisa-va","layer":"data-center","name":"North Creek Technology Campus (NCTC)","state":"VA","detail_file":"data/details/data-centers-06.json","id":"aws-north-creek-technology-campus-louisa-va","status":"Proposed","status_group":"Proposed","capacity_mw":3000.0,"capacity_label":"3,000 MW planned","landscape_weight":816.0,"search":"north creek technology campus (nctc) amazon web services proposed proposed data center louisa, louisa, va louisa louisa va north anna energix aditya, llc james river - richmond","nearest_nuclear_latitude":38.06,"nearest_nuclear_longitude":-77.7897,"nearest_power_latitude":38.0177,"nearest_power_longitude":-77.9529,"nearest_water_latitude":37.54,"nearest_water_longitude":-77.436}},{"type":"Feature","geometry":{"type":"Point","coordinates":[-77.4428,38.1792]},"properties":{"key":"eagle-rock-pairmont-data-center-campus-spotsylvania-va","layer":"data-center","name":"Pairmont Data Center Campus","state":"VA","detail_file":"data/details/data-centers-05.json","id":"eagle-rock-pairmont-data-center-campus-spotsylvania-va","status":"Proposed","status_group":"Proposed","landscape_weight":99.35,"search":"pairmont data center campus eagle rock partners, llc proposed proposed data center spotsylvania, va spotsylvania va rappahannock electric co-op north anna ladysmith james river - richmond","nearest_nuclear_latitude":38.06,"nearest_nuclear_longitude":-77.7897,"nearest_power_latitude":38.0722,"nearest_power_longitude":-77.5133,"nearest_water_latitude":37.54,"nearest_water_longitude":-77.436}},{"type":"Feature","geometry":{"type":"Point","coordinates":[-77.4042,38.4113]},"properties":{"key":"amazon-potomac-church-fredericksburg-va","layer":"data-center","name":"Potomac Church Technology Center","state":"VA","detail_file":"data/details/data-centers-02.json","id":"amazon-potomac-church-fredericksburg-va","status":"Under construction","status_group":"Under construction","landscape_weight":49.9,"search":"potomac church technology center amazon data services under construction under construction data center fredericksburg, stafford county, va fredericksburg stafford county va dominion energy virginia north anna ameresco stafford potomac river - northern virginia","nearest_nuclear_latitude":38.06,"nearest_nuclear_longitude":-77.7897,"nearest_power_latitude":38.3842,"nearest_power_longitude":-77.4131,"nearest_water_latitude":38.969,"nearest_water_longitude":-77.386}},{"type":"Feature","geometry":{"type":"Point","coordinates":[-77.66,38.17]},"properties":{"key":"powerhouse-95-spotsylvania-va","layer":"data-center","name":"PowerHouse 95","state":"VA","detail_file":"data/details/data-centers-00.json","id":"powerhouse-95-spotsylvania-va","status":"Under construction","status_group":"Under construction","capacity_mw":800.0,"capacity_label":"800 MW planned","landscape_weight":145.0,"search":"powerhouse 95 powerhouse data centers (american real estate partners / arep, joint venture with harrison street) under construction under construction likely spotsylvania, spotsylvania county, va spotsylvania spotsylvania county va grid rappahannock electric co-op unknown north anna electric avenue facility james river - richmond","nearest_nuclear_latitude":38.06,"nearest_nuclear_longitude":-77.7897,"nearest_power_latitude":38.28,"nearest_power_longitude":-77.59,"nearest_water_latitude":37.54,"nearest_water_longitude":-77.436}},{"type":"Feature","geometry":{"type":"Point","coordinates":[-77.4505,39.0196]},"properties":{"key":"powerhouse-abx-1-va","layer":"data-center","name":"PowerHouse ABX-1","state":"VA","detail_file":"data/details/data-centers-05.json","id":"powerhouse-abx-1-va","status":"Operating","status_group":"Operating","landscape_weight":8.0,"search":"powerhouse abx-1 powerhouse data centers operating operating data center ashburn, loudoun county, va ashburn loudoun county va dominion energy virginia calvert cliffs nuclear power plant dulles solar and storage potomac river - northern virginia","nearest_nuclear_latitude":38.4344,"nearest_nuclear_longitude":-76.4417,"nearest_power_latitude":38.95,"nearest_power_longitude":-77.5,"nearest_water_latitude":38.969,"nearest_water_longitude":-77.386}},{"type":"Feature","geometry":{"type":"Point","coordinates":[-77.3257,37.3606]},"properties":{"key":"powerhouse-ctp-02-va","layer":"data-center","name":"PowerHouse CTP-02","state":"VA","detail_file":"data/details/data-centers-05.json","id":"powerhouse-ctp-02-va","status":"Under construction","status_group":"Under construction","capacity_mw":50.0,"capacity_label":"50 MW planned","landscape_weight":50.0,"search":"powerhouse ctp-02 powerhouse data centers (jv with chirisa technology parks and blue owl real estate) under construction under construction confirmed chester, chesterfield county, va chester chesterfield county va dominion energy virginia surry philip morris james river - richmond","nearest_nuclear_latitude":37.1661,"nearest_nuclear_longitude":-76.6986,"nearest_power_latitude":37.3418,"nearest_power_longitude":-77.287,"nearest_water_latitude":37.54,"nearest_water_longitude":-77.436}},{"type":"Feature","geometry":{"type":"Point","coordinates":[-77.68,38.8]},"properties":{"key":"prince-william-digital-gateway-va","layer":"data-center","name":"Prince William Digital Gateway","state":"VA","detail_file":"data/details/data-centers-07.json","id":"prince-william-digital-gateway-va","status":"Cancelled","status_group":"Cancelled","landscape_weight":2100.0,"search":"prince william digital gateway qts / compass datacenters cancelled cancelled likely gainesville, prince william, va gainesville prince william va grid dominion energy / novec north anna water treatment plant generators potomac river - northern virginia","nearest_nuclear_latitude":38.06,"nearest_nuclear_longitude":-77.7897,"nearest_power_latitude":38.7607,"nearest_power_longitude":-77.6209,"nearest_water_latitude":38.969,"nearest_water_longitude":-77.386}},{"type":"Feature","geometry":{"type":"Point","coordinates":[-77.2996,37.3463]},"properties":{"key":"google-project-peanut-chester-va","layer":"data-center","name":"Project Peanut","state":"VA","detail_file":"data/details/data-centers-07.json","id":"google-project-peanut-chester-va","status":"Under construction","status_group":"Under construction","landscape_weight":8.0,"search":"project peanut google under construction under construction data center chester, chesterfield, va chester chesterfield va dominion energy virginia surry philip morris james river - richmond","nearest_nuclear_latitude":37.1661,"nearest_nuclear_longitude":-76.6986,"nearest_power_latitude":37.3418,"nearest_power_longitude":-77.287,"nearest_water_latitude":37.54,"nearest_water_longitude":-77.436}},{"type":"Feature","geometry":{"type":"Point","coordinates":[-77.776,37.4474]},"properties":{"key":"google-project-skye-midlothian-va","layer":"data-center","name":"Project Skye","state":"VA","detail_file":"data/details/data-centers-01.json","id":"google-project-skye-midlothian-va","status":"Proposed","status_group":"Proposed","landscape_weight":887.7,"search":"project skye google proposed proposed data center midlothian, chesterfield, va midlothian chesterfield va north anna moseley hermon solar james river - richmond","nearest_nuclear_latitude":38.06,"nearest_nuclear_longitude":-77.7897,"nearest_power_latitude":37.4675,"nearest_power_longitude":-77.7335,"nearest_water_latitude":37.54,"nearest_water_longitude":-77.436}},{"type":"Feature","geometry":{"type":"Point","coordinates":[-77.4501,38.9995]},"properties":{"key":"qts-ashburn-1-va","layer":"data-center","name":"QTS Ashburn 1","state":"VA","detail_file":"data/details/data-centers-03.json","id":"qts-ashburn-1-va","status":"Operating","status_group":"Operating","landscape_weight":8.0,"search":"qts ashburn 1 qts operating operating data center sterling, loudoun county, va sterling loudoun county va dominion energy virginia calvert cliffs nuclear power plant dulles solar and storage potomac river - northern virginia","nearest_nuclear_latitude":38.4344,"nearest_nuclear_longitude":-76.4417,"nearest_power_latitude":38.95,"nearest_power_longitude":-77.5,"nearest_water_latitude":38.969,"nearest_water_longitude":-77.386}},{"type":"Feature","geometry":{"type":"Point","coordinates":[-77.4562,38.9959]},"properties":{"key":"qts-ashburn-2-ashburn-lockridge-va","layer":"data-center","name":"QTS Ashburn 2 (Ashburn-Lockridge)","state":"VA","detail_file":"data/details/data-centers-04.json","id":"qts-ashburn-2-ashburn-lockridge-va","status":"Operating","status_group":"Operating","landscape_weight":8.0,"search":"qts ashburn 2 (ashburn-lockridge) qts operating operating data center sterling, loudoun county, va sterling loudoun county va dominion energy virginia calvert cliffs nuclear power plant dulles solar and storage potomac river - northern virginia","nearest_nuclear_latitude":38.4344,"nearest_nuclear_longitude":-76.4417,"nearest_power_latitude":38.95,"nearest_power_longitude":-77.5,"nearest_water_latitude":38.969,"nearest_water_longitude":-77.386}},{"type":"Feature","geometry":{"type":"Point","coordinates":[-77.2475,37.4892]},"properties":{"key":"qts-richmond-1-dc1-ric1-white-oak-technology-park-va","layer":"data-center","name":"QTS Richmond 1 DC1 (RIC1, White Oak Technology Park)","state":"VA","detail_file":"data/details/data-centers-07.json","id":"qts-richmond-1-dc1-ric1-white-oak-technology-park-va","status":"Operating","status_group":"Operating","landscape_weight":8.0,"search":"qts richmond 1 dc1 (ric1, white oak technology park) qts operating operating data center sandston, henrico county, va sandston henrico county va dominion energy virginia surry bridleton solar james river - richmond","nearest_nuclear_latitude":37.1661,"nearest_nuclear_longitude":-76.6986,"nearest_power_latitude":37.46,"nearest_power_longitude":-77.27,"nearest_water_latitude":37.54,"nearest_water_longitude":-77.436}},{"type":"Feature","geometry":{"type":"Point","coordinates":[-77.27,37.49]},"properties":{"key":"qts-white-oak-technology-park-ii-henrico-va","layer":"data-center","name":"QTS White Oak Technology Park II (RIC5)","state":"VA","detail_file":"data/details/data-centers-05.json","id":"qts-white-oak-technology-park-ii-henrico-va","status":"Permitted","status_group":"Permitted","landscape_weight":622.0,"search":"qts white oak technology park ii (ric5) qts data centers permitted permitted likely sandston, henrico, va sandston henrico va grid dominion energy virginia surry bridleton solar james river - richmond","nearest_nuclear_latitude":37.1661,"nearest_nuclear_longitude":-76.6986,"nearest_power_latitude":37.46,"nearest_power_longitude":-77.27,"nearest_water_latitude":37.54,"nearest_water_longitude":-77.436}},{"type":"Feature","geometry":{"type":"Point","coordinates":[-77.997,38.474]},"properties":{"key":"red-ace-data-center-culpeper-va","layer":"data-center","name":"Red Ace Data Center","state":"VA","detail_file":"data/details/data-centers-02.json","id":"red-ace-data-center-culpeper-va","status":"Permitted","status_group":"Permitted","landscape_weight":69.19,"search":"red ace data center red ace capital management permitted permitted data center culpeper, culpeper county, va culpeper culpeper county va north anna greenwood solar i potomac river - northern virginia","nearest_nuclear_latitude":38.06,"nearest_nuclear_longitude":-77.7897,"nearest_power_latitude":38.4273,"nearest_power_longitude":-77.9079,"nearest_water_latitude":38.969,"nearest_water_longitude":-77.386}},{"type":"Feature","geometry":{"type":"Point","coordinates":[-77.8,38.53]},"properties":{"key":"pointone-remington-technology-park-fauquier-va","layer":"data-center","name":"Remington Technology Park","state":"VA","detail_file":"data/details/data-centers-05.json","id":"pointone-remington-technology-park-fauquier-va","status":"Permitted","status_group":"Permitted","landscape_weight":234.0,"search":"remington technology park pointone holdings inc. permitted permitted data center remington, fauquier, va remington fauquier va north anna marsh run generation facility potomac river - northern virginia","nearest_nuclear_latitude":38.06,"nearest_nuclear_longitude":-77.7897,"nearest_power_latitude":38.5283,"nearest_power_longitude":-77.7681,"nearest_water_latitude":38.969,"nearest_water_longitude":-77.386}},{"type":"Feature","geometry":{"type":"Point","coordinates":[-77.8,38.53]},"properties":{"key":"samx-data-centers-remington-fauquier-va","layer":"data-center","name":"SAMX Data Centers","state":"VA","detail_file":"data/details/data-centers-02.json","id":"samx-data-centers-remington-fauquier-va","status":"Proposed","status_group":"Proposed","landscape_weight":55.26,"search":"samx data centers samx data llc proposed proposed data center remington, fauquier, va remington fauquier va north anna marsh run generation facility potomac river - northern virginia","nearest_nuclear_latitude":38.06,"nearest_nuclear_longitude":-77.7897,"nearest_power_latitude":38.5283,"nearest_power_longitude":-77.7681,"nearest_water_latitude":38.969,"nearest_water_longitude":-77.386}},{"type":"Feature","geometry":{"type":"Point","coordinates":[-77.49,39.04]},"properties":{"key":"stack-nova-loudoun-va","layer":"data-center","name":"STACK NVA Loudoun 144MW Hyperscale Campus","state":"VA","detail_file":"data/details/data-centers-06.json","id":"stack-nova-loudoun-va","status":"Permitted","status_group":"Permitted","capacity_mw":144.0,"capacity_label":"144 MW planned","landscape_weight":122.0,"search":"stack nva loudoun 144mw hyperscale campus stack infrastructure permitted permitted likely ashburn, loudoun, va ashburn loudoun va grid dominion energy virginia north anna potomac energy center, llc potomac river - northern virginia","nearest_nuclear_latitude":38.06,"nearest_nuclear_longitude":-77.7897,"nearest_power_latitude":39.0581,"nearest_power_longitude":-77.545,"nearest_water_latitude":38.969,"nearest_water_longitude":-77.386}},{"type":"Feature","geometry":{"type":"Point","coordinates":[-77.4417,39.0047]},"properties":{"key":"stack-nva01a-va","layer":"data-center","name":"STACK NVA01A","state":"VA","detail_file":"data/details/data-centers-04.json","id":"stack-nva01a-va","status":"Operating","status_group":"Operating","capacity_mw":18.0,"capacity_label":"18 MW operating","landscape_weight":18.0,"search":"stack nva01a stack infrastructure operating operating data center sterling, loudoun county, va sterling loudoun county va dominion energy virginia calvert cliffs nuclear power plant dulles solar and storage potomac river - northern virginia","nearest_nuclear_latitude":38.4344,"nearest_nuclear_longitude":-76.4417,"nearest_power_latitude":38.95,"nearest_power_longitude":-77.5,"nearest_water_latitude":38.969,"nearest_water_longitude":-77.386}},{"type":"Feature","geometry":{"type":"Point","coordinates":[-77.48,39.0145]},"properties":{"key":"sabey-intergate-ashburn-building-a-va","layer":"data-center","name":"Sabey Intergate.Ashburn (Building A)","state":"VA","detail_file":"data/details/data-centers-01.json","id":"sabey-intergate-ashburn-building-a-va","status":"Under construction","status_group":"Under construction","capacity_mw":54.0,"capacity_label":"54 MW planned","landscape_weight":54.0,"search":"sabey intergate.ashburn (building a) sabey data centers under construction under construction likely ashburn, loudoun county, va ashburn loudoun county va grid \u2014 dominion energy virginia grid dominion energy virginia north anna dulles solar and storage potomac river - northern virginia","nearest_nuclear_latitude":38.06,"nearest_nuclear_longitude":-77.7897,"nearest_power_latitude":38.95,"nearest_power_longitude":-77.5,"nearest_water_latitude":38.969,"nearest_water_longitude":-77.386}},{"type":"Feature","geometry":{"type":"Point","coordinates":[-80.899,36.958]},"properties":{"key":"solis-arx-progress-park-wythe-va","layer":"data-center","name":"Solis Arx Progress Park Data Center Campus","state":"VA","detail_file":"data/details/data-centers-04.json","id":"solis-arx-progress-park-wythe-va","status":"Proposed","status_group":"Proposed","landscape_weight":8.0,"search":"solis arx progress park data center campus solis arx proposed proposed confirmed max meadows, wythe county, va max meadows wythe county va grid appalachian power mcguire wythe county solar lake norman","nearest_nuclear_latitude":35.4331,"nearest_nuclear_longitude":-80.9486,"nearest_power_latitude":36.876,"nearest_power_longitude":-80.837,"nearest_water_latitude":35.489,"nearest_water_longitude":-80.939}},{"type":"Feature","geometry":{"type":"Point","coordinates":[-77.485,38.365]},"properties":{"key":"stack-stafford-technology-campus-va","layer":"data-center","name":"Stafford Technology Campus","state":"VA","detail_file":"data/details/data-centers-03.json","id":"stack-stafford-technology-campus-va","status":"Permitted","status_group":"Permitted","capacity_mw":1100.0,"capacity_label":"1,100 MW planned","landscape_weight":500.0,"search":"stafford technology campus stack infrastructure permitted permitted data center falmouth, stafford county, va falmouth stafford county va dominion energy virginia north anna kinglet potomac river - northern virginia","nearest_nuclear_latitude":38.06,"nearest_nuclear_longitude":-77.7897,"nearest_power_latitude":38.3505,"nearest_power_longitude":-77.4762,"nearest_water_latitude":38.969,"nearest_water_longitude":-77.386}},{"type":"Feature","geometry":{"type":"Point","coordinates":[-77.4405,38.1885]},"properties":{"key":"aws-summit-crossing-tech-campus-spotsylvania-va","layer":"data-center","name":"Summit Crossing Tech Campus","state":"VA","detail_file":"data/details/data-centers-07.json","id":"aws-summit-crossing-tech-campus-spotsylvania-va","status":"Under construction","status_group":"Under construction","landscape_weight":231.0,"search":"summit crossing tech campus amazon web services under construction under construction data center massaponax, spotsylvania, va massaponax spotsylvania va rappahannock electric co-op north anna ladysmith james river - richmond","nearest_nuclear_latitude":38.06,"nearest_nuclear_longitude":-77.7897,"nearest_power_latitude":38.0722,"nearest_power_longitude":-77.5133,"nearest_water_latitude":37.54,"nearest_water_longitude":-77.436}},{"type":"Feature","geometry":{"type":"Point","coordinates":[-77.52,37.885]},"properties":{"key":"thornberry-data-center-campus-caroline-va","layer":"data-center","name":"Thornberry Data Center Campus","state":"VA","detail_file":"data/details/data-centers-01.json","id":"thornberry-data-center-campus-caroline-va","status":"Proposed","status_group":"Proposed","landscape_weight":657.0,"search":"thornberry data center campus thornberry, llc proposed proposed data center ruther glen, caroline, va ruther glen caroline va rappahannock electric co-op north anna doswell energy center james river - richmond","nearest_nuclear_latitude":38.06,"nearest_nuclear_longitude":-77.7897,"nearest_power_latitude":37.8208,"nearest_power_longitude":-77.4463,"nearest_water_latitude":37.54,"nearest_water_longitude":-77.436}},{"type":"Feature","geometry":{"type":"Point","coordinates":[-77.5296,38.1279]},"properties":{"key":"thornburg-business-park-data-center-spotsylvania-va","layer":"data-center","name":"Thornburg Business Park","state":"VA","detail_file":"data/details/data-centers-04.json","id":"thornburg-business-park-data-center-spotsylvania-va","status":"Proposed","status_group":"Proposed","landscape_weight":200.35,"search":"thornburg business park lid, llc (with iwg thornburg, llc and jr bluestar thornburg, llc) proposed proposed data center thornburg, spotsylvania, va thornburg spotsylvania va rappahannock electric co-op north anna ladysmith james river - richmond","nearest_nuclear_latitude":38.06,"nearest_nuclear_longitude":-77.7897,"nearest_power_latitude":38.0722,"nearest_power_longitude":-77.5133,"nearest_water_latitude":37.54,"nearest_water_longitude":-77.436}},{"type":"Feature","geometry":{"type":"Point","coordinates":[-77.5208,38.135]},"properties":{"key":"thornburg-industrial-park-data-center-spotsylvania-va","layer":"data-center","name":"Thornburg Industrial Park Data Center Campus","state":"VA","detail_file":"data/details/data-centers-02.json","id":"thornburg-industrial-park-data-center-spotsylvania-va","status":"Proposed","status_group":"Proposed","landscape_weight":8.0,"search":"thornburg industrial park data center campus south roxbury mill llc / grindstone va llc proposed proposed data center thornburg, spotsylvania, va thornburg spotsylvania va rappahannock electric co-op north anna ladysmith james river - richmond","nearest_nuclear_latitude":38.06,"nearest_nuclear_longitude":-77.7897,"nearest_power_latitude":38.0722,"nearest_power_longitude":-77.5133,"nearest_water_latitude":37.54,"nearest_water_longitude":-77.436}},{"type":"Feature","geometry":{"type":"Point","coordinates":[-77.68,37.68]},"properties":{"key":"tract-tuckahoe-technology-park-goochland-county-va","layer":"data-center","name":"Tuckahoe Technology Park","state":"VA","detail_file":"data/details/data-centers-06.json","id":"tract-tuckahoe-technology-park-goochland-county-va","status":"Proposed","status_group":"Proposed","capacity_mw":900.0,"capacity_label":"900 MW planned","landscape_weight":872.0,"search":"tuckahoe technology park tract proposed proposed likely goochland, va goochland va grid dominion energy virginia north anna henrico james river - richmond","nearest_nuclear_latitude":38.06,"nearest_nuclear_longitude":-77.7897,"nearest_power_latitude":37.6788,"nearest_power_longitude":-77.5678,"nearest_water_latitude":37.54,"nearest_water_longitude":-77.436}},{"type":"Feature","geometry":{"type":"Point","coordinates":[-77.4302,38.9979]},"properties":{"key":"vantage-ashburn-ii-va2-va","layer":"data-center","name":"Vantage Ashburn II (VA2)","state":"VA","detail_file":"data/details/data-centers-04.json","id":"vantage-ashburn-ii-va2-va","status":"Operating","status_group":"Operating","capacity_mw":96.0,"capacity_label":"96 MW planned","landscape_weight":96.0,"search":"vantage ashburn ii (va2) vantage operating operating data center sterling, loudoun county, va sterling loudoun county va dominion energy virginia calvert cliffs nuclear power plant reston town center solar 1 potomac river - northern virginia","nearest_nuclear_latitude":38.4344,"nearest_nuclear_longitude":-76.4417,"nearest_power_latitude":38.9599,"nearest_power_longitude":-77.3577,"nearest_water_latitude":38.969,"nearest_water_longitude":-77.386}},{"type":"Feature","geometry":{"type":"Point","coordinates":[-77.44,38.44]},"properties":{"key":"vantage-stafford-va4-va","layer":"data-center","name":"Vantage Data Centers VA4 Stafford Campus","state":"VA","detail_file":"data/details/data-centers-05.json","id":"vantage-stafford-va4-va","status":"Under construction","status_group":"Under construction","capacity_mw":192.0,"capacity_label":"192 MW planned","landscape_weight":82.0,"search":"vantage data centers va4 stafford campus vantage data centers under construction under construction mixed_use stafford, va stafford va grid dominion energy closed_loop north anna north stafford hs potomac river - northern virginia","nearest_nuclear_latitude":38.06,"nearest_nuclear_longitude":-77.7897,"nearest_power_latitude":38.4678,"nearest_power_longitude":-77.4553,"nearest_water_latitude":38.969,"nearest_water_longitude":-77.386}},{"type":"Feature","geometry":{"type":"Point","coordinates":[-77.664,38.746]},"properties":{"key":"vint-hill-corners-fauquier-va","layer":"data-center","name":"Vint Hill Corners","state":"VA","detail_file":"data/details/data-centers-04.json","id":"vint-hill-corners-fauquier-va","status":"Proposed","status_group":"Proposed","landscape_weight":50.0,"search":"vint hill corners vint hill corners llc proposed proposed data center vint hill, fauquier, va vint hill fauquier va north anna water treatment plant generators potomac river - northern virginia","nearest_nuclear_latitude":38.06,"nearest_nuclear_longitude":-77.7897,"nearest_power_latitude":38.7607,"nearest_power_longitude":-77.6209,"nearest_water_latitude":38.969,"nearest_water_longitude":-77.386}},{"type":"Feature","geometry":{"type":"Point","coordinates":[-82.53,36.99]},"properties":{"key":"wise-innovation-hub-wise-va","layer":"data-center","name":"Wise Innovation Hub (OASIS)","state":"VA","detail_file":"data/details/data-centers-01.json","id":"wise-innovation-hub-wise-va","status":"Proposed","status_group":"Proposed","landscape_weight":8.0,"search":"wise innovation hub (oasis) wise innovation hub venture llc proposed proposed likely wise, va wise va red post energy group (maverick project) other kairos power hermes 2 maverick project (wise innovation hub power supply) lake norman","nearest_nuclear_latitude":35.92,"nearest_nuclear_longitude":-84.39,"nearest_power_latitude":36.99,"nearest_power_longitude":-82.53,"nearest_water_latitude":35.489,"nearest_water_longitude":-80.939}},{"type":"Feature","geometry":{"type":"Point","coordinates":[-118.9135,46.0726]},"properties":{"key":"aws-wallula-gap-walla-walla-wa","layer":"data-center","name":"AWS Wallula Gap Campus","state":"WA","detail_file":"data/details/data-centers-01.json","id":"aws-wallula-gap-walla-walla-wa","status":"Under construction","status_group":"Under construction","capacity_mw":300.0,"capacity_label":"300 MW planned","landscape_weight":500.0,"search":"aws wallula gap campus amazon web services under construction under construction confirmed wallula, walla walla, wa wallula walla walla wa grid columbia rural electric assn, inc cascade advanced energy facility fpl energy vansycle llc (wa) columbia river - richland","nearest_nuclear_latitude":46.4706,"nearest_nuclear_longitude":-119.3339,"nearest_power_latitude":46.06,"nearest_power_longitude":-118.917,"nearest_water_latitude":46.276,"nearest_water_longitude":-119.273}},{"type":"Feature","geometry":{"type":"Point","coordinates":[-120.2093,47.4139]},"properties":{"key":"bitdeer-wenatchee-pangborn-wa","layer":"data-center","name":"Bitdeer Wenatchee (Pangborn) Data Center","state":"WA","detail_file":"data/details/data-centers-02.json","id":"bitdeer-wenatchee-pangborn-wa","status":"Under construction","status_group":"Under construction","capacity_mw":13.0,"capacity_label":"13 MW planned","landscape_weight":13.0,"search":"bitdeer wenatchee (pangborn) data center bitdeer technologies group under construction under construction data center east wenatchee, douglas, wa east wenatchee douglas wa pud no 1 of douglas county columbia generating station rock island columbia river - richland","nearest_nuclear_latitude":46.4711,"nearest_nuclear_longitude":-119.3339,"nearest_power_latitude":47.3461,"nearest_power_longitude":-120.0917,"nearest_water_latitude":46.276,"nearest_water_longitude":-119.273}},{"type":"Feature","geometry":{"type":"Point","coordinates":[-122.2889,47.4934]},"properties":{"key":"digital-realty-sea1-intergate-seattle-east-bldg-4-wa","layer":"data-center","name":"Digital Realty SEA1 (Intergate Seattle-East, Bldg 4)","state":"WA","detail_file":"data/details/data-centers-03.json","id":"digital-realty-sea1-intergate-seattle-east-bldg-4-wa","status":"Operating","status_group":"Operating","landscape_weight":8.0,"search":"digital realty sea1 (intergate seattle-east, bldg 4) digital realty operating operating data center tukwila, king county, wa tukwila king county wa seattle city light columbia generating station university of washington power plant columbia river - portland","nearest_nuclear_latitude":46.4711,"nearest_nuclear_longitude":-119.3339,"nearest_power_latitude":47.6539,"nearest_power_longitude":-122.3036,"nearest_water_latitude":45.56,"nearest_water_longitude":-122.68}},{"type":"Feature","geometry":{"type":"Point","coordinates":[-117.42,47.6542]},"properties":{"key":"lumen-spokane-wa","layer":"data-center","name":"Lumen Spokane","state":"WA","detail_file":"data/details/data-centers-05.json","id":"lumen-spokane-wa","status":"Operating","status_group":"Operating","landscape_weight":8.0,"search":"lumen spokane lumen technologies operating operating data center spokane, spokane county, wa spokane spokane county wa modern electric water company columbia generating station monroe street columbia river - richland","nearest_nuclear_latitude":46.4711,"nearest_nuclear_longitude":-119.3339,"nearest_power_latitude":47.6536,"nearest_power_longitude":-117.4206,"nearest_water_latitude":46.276,"nearest_water_longitude":-119.273}},{"type":"Feature","geometry":{"type":"Point","coordinates":[-120.2077,47.4078]},"properties":{"key":"microsoft-east-wenatchee-wa","layer":"data-center","name":"Microsoft East Wenatchee Data Center","state":"WA","detail_file":"data/details/data-centers-07.json","id":"microsoft-east-wenatchee-wa","status":"Operating","status_group":"Operating","capacity_mw":180.0,"capacity_label":"180 MW planned","landscape_weight":340.0,"search":"microsoft east wenatchee data center microsoft operating operating likely east wenatchee, douglas county, wa east wenatchee douglas county wa grid \u2014 pud no 1 of douglas county grid pud no 1 of douglas county columbia generating station orion - helion columbia river - richland","nearest_nuclear_latitude":46.4711,"nearest_nuclear_longitude":-119.3339,"nearest_power_latitude":47.3368,"nearest_power_longitude":-120.1043,"nearest_water_latitude":46.276,"nearest_water_longitude":-119.273}},{"type":"Feature","geometry":{"type":"Point","coordinates":[-120.2,47.23]},"properties":{"key":"microsoft-malaga-wa","layer":"data-center","name":"Microsoft Malaga Campus","state":"WA","detail_file":"data/details/data-centers-05.json","id":"microsoft-malaga-wa","status":"Under construction","status_group":"Under construction","capacity_mw":288.0,"capacity_label":"288 MW planned","landscape_weight":102.5,"search":"microsoft malaga campus microsoft under construction under construction confirmed malaga, chelan, wa malaga chelan wa chelan county pud hydropower (carbon-free) hydro chelan county pud air columbia generating station orion - helion columbia river - richland","nearest_nuclear_latitude":46.4711,"nearest_nuclear_longitude":-119.3339,"nearest_power_latitude":47.3368,"nearest_power_longitude":-120.1043,"nearest_water_latitude":46.276,"nearest_water_longitude":-119.273}},{"type":"Feature","geometry":{"type":"Point","coordinates":[-119.8657,47.2436]},"properties":{"key":"ntt-data-quincy-data-center-wa","layer":"data-center","name":"NTT Data Quincy Data Center","state":"WA","detail_file":"data/details/data-centers-03.json","id":"ntt-data-quincy-data-center-wa","status":"Operating","status_group":"Operating","capacity_mw":14.0,"capacity_label":"14 MW operating","landscape_weight":14.0,"search":"ntt data quincy data center ntt data operating operating data center quincy, grant county, wa quincy grant county wa pud no 2 of grant county columbia generating station sr quincy valley columbia river - richland","nearest_nuclear_latitude":46.4711,"nearest_nuclear_longitude":-119.3339,"nearest_power_latitude":47.28,"nearest_power_longitude":-119.7046,"nearest_water_latitude":46.276,"nearest_water_longitude":-119.273}},{"type":"Feature","geometry":{"type":"Point","coordinates":[-120.1894,47.4086]},"properties":{"key":"sabey-intergate-columbia-building-a-wa","layer":"data-center","name":"Sabey Intergate.Columbia Building A","state":"WA","detail_file":"data/details/data-centers-04.json","id":"sabey-intergate-columbia-building-a-wa","status":"Operating","status_group":"Operating","landscape_weight":8.0,"search":"sabey intergate.columbia building a sabey data centers operating operating data center east wenatchee, douglas county, wa east wenatchee douglas county wa pud no 1 of douglas county columbia generating station rock island columbia river - richland","nearest_nuclear_latitude":46.4711,"nearest_nuclear_longitude":-119.3339,"nearest_power_latitude":47.3461,"nearest_power_longitude":-120.0917,"nearest_water_latitude":46.276,"nearest_water_longitude":-119.273}},{"type":"Feature","geometry":{"type":"Point","coordinates":[-122.2882,47.4949]},"properties":{"key":"sabey-intergate-east-building-1-wa","layer":"data-center","name":"Sabey Intergate.East Building 1","state":"WA","detail_file":"data/details/data-centers-00.json","id":"sabey-intergate-east-building-1-wa","status":"Operating","status_group":"Operating","landscape_weight":8.0,"search":"sabey intergate.east building 1 sabey data centers operating operating data center tukwila, king county, wa tukwila king county wa seattle city light columbia generating station university of washington power plant columbia river - portland","nearest_nuclear_latitude":46.4711,"nearest_nuclear_longitude":-119.3339,"nearest_power_latitude":47.6539,"nearest_power_longitude":-122.3036,"nearest_water_latitude":45.56,"nearest_water_longitude":-122.68}},{"type":"Feature","geometry":{"type":"Point","coordinates":[-122.2897,47.492]},"properties":{"key":"sabey-intergate-east-building-5-sdc-east-5-wa","layer":"data-center","name":"Sabey Intergate.East Building 5 (SDC East 5)","state":"WA","detail_file":"data/details/data-centers-06.json","id":"sabey-intergate-east-building-5-sdc-east-5-wa","status":"Operating","status_group":"Operating","landscape_weight":8.0,"search":"sabey intergate.east building 5 (sdc east 5) sabey data centers operating operating data center tukwila, king county, wa tukwila king county wa seattle city light columbia generating station university of washington power plant columbia river - portland","nearest_nuclear_latitude":46.4711,"nearest_nuclear_longitude":-119.3339,"nearest_power_latitude":47.6539,"nearest_power_longitude":-122.3036,"nearest_water_latitude":45.56,"nearest_water_longitude":-122.68}},{"type":"Feature","geometry":{"type":"Point","coordinates":[-122.2933,47.4922]},"properties":{"key":"sabey-intergate-west-building-a-wa","layer":"data-center","name":"Sabey Intergate.West Building A","state":"WA","detail_file":"data/details/data-centers-01.json","id":"sabey-intergate-west-building-a-wa","status":"Operating","status_group":"Operating","landscape_weight":8.0,"search":"sabey intergate.west building a sabey data centers operating operating data center tukwila, king county, wa tukwila king county wa seattle city light columbia generating station university of washington power plant columbia river - portland","nearest_nuclear_latitude":46.4711,"nearest_nuclear_longitude":-119.3339,"nearest_power_latitude":47.6539,"nearest_power_longitude":-122.3036,"nearest_water_latitude":45.56,"nearest_water_longitude":-122.68}},{"type":"Feature","geometry":{"type":"Point","coordinates":[-122.2944,47.4941]},"properties":{"key":"sabey-intergate-west-building-c-wa","layer":"data-center","name":"Sabey Intergate.West Building C","state":"WA","detail_file":"data/details/data-centers-07.json","id":"sabey-intergate-west-building-c-wa","status":"Operating","status_group":"Operating","landscape_weight":8.0,"search":"sabey intergate.west building c sabey data centers operating operating data center tukwila, king county, wa tukwila king county wa seattle city light columbia generating station university of washington power plant columbia river - portland","nearest_nuclear_latitude":46.4711,"nearest_nuclear_longitude":-119.3339,"nearest_power_latitude":47.6539,"nearest_power_longitude":-122.3036,"nearest_water_latitude":45.56,"nearest_water_longitude":-122.68}},{"type":"Feature","geometry":{"type":"Point","coordinates":[-117.0959,47.6719]},"properties":{"key":"tierpoint-spokane-wa","layer":"data-center","name":"TierPoint Spokane","state":"WA","detail_file":"data/details/data-centers-03.json","id":"tierpoint-spokane-wa","status":"Operating","status_group":"Operating","landscape_weight":8.0,"search":"tierpoint spokane tierpoint operating operating data center liberty lake, spokane county, wa liberty lake spokane county wa columbia generating station boulder park columbia river - richland","nearest_nuclear_latitude":46.4711,"nearest_nuclear_longitude":-119.3339,"nearest_power_latitude":47.6972,"nearest_power_longitude":-117.1472,"nearest_water_latitude":46.276,"nearest_water_longitude":-119.273}},{"type":"Feature","geometry":{"type":"Point","coordinates":[-119.8145,47.2502]},"properties":{"key":"vantage-quincy-wa11-wa","layer":"data-center","name":"Vantage Quincy WA11","state":"WA","detail_file":"data/details/data-centers-07.json","id":"vantage-quincy-wa11-wa","status":"Operating","status_group":"Operating","landscape_weight":8.0,"search":"vantage quincy wa11 vantage operating operating data center quincy, grant county, wa quincy grant county wa pud no 2 of grant county columbia generating station sr quincy valley columbia river - richland","nearest_nuclear_latitude":46.4711,"nearest_nuclear_longitude":-119.3339,"nearest_power_latitude":47.28,"nearest_power_longitude":-119.7046,"nearest_water_latitude":46.276,"nearest_water_longitude":-119.273}},{"type":"Feature","geometry":{"type":"Point","coordinates":[-119.8137,47.254]},"properties":{"key":"vantage-wa12-wa","layer":"data-center","name":"Vantage WA12","state":"WA","detail_file":"data/details/data-centers-04.json","id":"vantage-wa12-wa","status":"Operating","status_group":"Operating","landscape_weight":68.0,"search":"vantage wa12 vantage data centers operating operating data center quincy, grant county, wa quincy grant county wa pud no 2 of grant county columbia generating station sr quincy valley columbia river - richland","nearest_nuclear_latitude":46.4711,"nearest_nuclear_longitude":-119.3339,"nearest_power_latitude":47.28,"nearest_power_longitude":-119.7046,"nearest_water_latitude":46.276,"nearest_water_longitude":-119.273}},{"type":"Feature","geometry":{"type":"Point","coordinates":[-122.3389,47.6144]},"properties":{"key":"westin-building-digital-realty-seattle-sea10-wa","layer":"data-center","name":"Westin Building (Digital Realty Seattle SEA10)","state":"WA","detail_file":"data/details/data-centers-02.json","id":"westin-building-digital-realty-seattle-sea10-wa","status":"Operating","status_group":"Operating","landscape_weight":8.0,"search":"westin building (digital realty seattle sea10) digital realty operating operating data center seattle, king county, wa seattle king county wa seattle city light columbia generating station university of washington power plant columbia river - portland","nearest_nuclear_latitude":46.4711,"nearest_nuclear_longitude":-119.3339,"nearest_power_latitude":47.6539,"nearest_power_longitude":-122.3036,"nearest_water_latitude":45.56,"nearest_water_longitude":-122.68}},{"type":"Feature","geometry":{"type":"Point","coordinates":[-88.3449,44.2044]},"properties":{"key":"ark-data-centers-green-bay-harrison-campus-wi","layer":"data-center","name":"Ark Data Centers Green Bay (Harrison Campus)","state":"WI","detail_file":"data/details/data-centers-03.json","id":"ark-data-centers-green-bay-harrison-campus-wi","status":"Operating","status_group":"Operating","capacity_mw":20.0,"capacity_label":"20 MW planned","landscape_weight":24.5,"search":"ark data centers green bay (harrison campus) involta (rebranded ark data centers, may 2024) operating operating data center harrison, calumet, wi harrison calumet wi we energies point beach nuclear plant appleton lake michigan - milwaukee","nearest_nuclear_latitude":44.2806,"nearest_nuclear_longitude":-87.5369,"nearest_power_latitude":44.2539,"nearest_power_longitude":-88.4096,"nearest_water_latitude":43.039,"nearest_water_longitude":-87.906}},{"type":"Feature","geometry":{"type":"Point","coordinates":[-91.007,42.716]},"properties":{"key":"cassville-grant-county-wi","layer":"data-center","name":"Cassville Data Center Campus (Undisclosed Developer)","state":"WI","detail_file":"data/details/data-centers-07.json","id":"cassville-grant-county-wi","status":"Cancelled","status_group":"Cancelled","landscape_weight":500.0,"search":"cassville data center campus (undisclosed developer) undisclosed (major tech company, nda not signed) cancelled cancelled likely cassville, grant county, wi cassville grant county wi grid \u2014 alliant energy grid alliant energy quad cities generating station cassville solar lake michigan - milwaukee","nearest_nuclear_latitude":41.7261,"nearest_nuclear_longitude":-90.3103,"nearest_power_latitude":42.7538,"nearest_power_longitude":-90.9274,"nearest_water_latitude":43.039,"nearest_water_longitude":-87.906}},{"type":"Feature","geometry":{"type":"Point","coordinates":[-87.9779,42.8631]},"properties":{"key":"expedient-mke1-milwaukee-franklin-wi","layer":"data-center","name":"Expedient MKE1 (Milwaukee/Franklin)","state":"WI","detail_file":"data/details/data-centers-02.json","id":"expedient-mke1-milwaukee-franklin-wi","status":"Operating","status_group":"Operating","capacity_mw":1.6,"capacity_label":"2 MW operating","landscape_weight":1.6,"search":"expedient mke1 (milwaukee/franklin) expedient operating operating data center franklin, milwaukee county, wi franklin milwaukee county wi we energies byron generating station ikea oak creek rooftop pv system lake michigan - milwaukee","nearest_nuclear_latitude":42.0742,"nearest_nuclear_longitude":-89.2819,"nearest_power_latitude":42.9029,"nearest_power_longitude":-87.9355,"nearest_water_latitude":43.039,"nearest_water_longitude":-87.906}},{"type":"Feature","geometry":{"type":"Point","coordinates":[-89.3923,43.0677]},"properties":{"key":"lumen-madison-1-wi","layer":"data-center","name":"Lumen Madison 1","state":"WI","detail_file":"data/details/data-centers-02.json","id":"lumen-madison-1-wi","status":"Operating","status_group":"Operating","landscape_weight":8.0,"search":"lumen madison 1 lumen technologies operating operating data center madison, dane county, wi madison dane county wi byron generating station uw madison charter street plant lake michigan - milwaukee","nearest_nuclear_latitude":42.0742,"nearest_nuclear_longitude":-89.2819,"nearest_power_latitude":43.07,"nearest_power_longitude":-89.4006,"nearest_water_latitude":43.039,"nearest_water_longitude":-87.906}},{"type":"Feature","geometry":{"type":"Point","coordinates":[-91.9193,44.8769]},"properties":{"key":"menomonie-data-center-wi","layer":"data-center","name":"Menomonie Data Center Campus","state":"WI","detail_file":"data/details/data-centers-02.json","id":"menomonie-data-center-wi","status":"Proposed","status_group":"Proposed","landscape_weight":324.0,"search":"menomonie data center campus undisclosed (balloonist llc) proposed proposed likely menomonie, dunn, wi menomonie dunn wi xcel energy grid xcel energy closed_loop prairie island menomonie lake superior - duluth","nearest_nuclear_latitude":44.622,"nearest_nuclear_longitude":-92.6333,"nearest_power_latitude":44.8842,"nearest_power_longitude":-91.9294,"nearest_water_latitude":46.786,"nearest_water_longitude":-92.1}},{"type":"Feature","geometry":{"type":"Point","coordinates":[-88.837,43.457]},"properties":{"key":"meta-beaver-dam-wi","layer":"data-center","name":"Meta Beaver Dam Data Center Campus","state":"WI","detail_file":"data/details/data-centers-04.json","id":"meta-beaver-dam-wi","status":"Under construction","status_group":"Under construction","capacity_mw":220.0,"capacity_label":"220 MW planned","landscape_weight":220.0,"search":"meta beaver dam data center campus meta under construction under construction confirmed beaver dam, dodge county, wi beaver dam dodge county wi alliant energy (100% renewable) grid alliant energy air point beach nuclear plant beaver dam solar lake michigan - milwaukee","nearest_nuclear_latitude":44.2806,"nearest_nuclear_longitude":-87.5369,"nearest_power_latitude":43.4939,"nearest_power_longitude":-88.7839,"nearest_water_latitude":43.039,"nearest_water_longitude":-87.906}},{"type":"Feature","geometry":{"type":"Point","coordinates":[-87.89,42.537]},"properties":{"key":"microsoft-kenosha-wi","layer":"data-center","name":"Microsoft Kenosha Data Center Campus","state":"WI","detail_file":"data/details/data-centers-02.json","id":"microsoft-kenosha-wi","status":"Proposed","status_group":"Proposed","landscape_weight":240.0,"search":"microsoft kenosha data center campus microsoft proposed proposed likely kenosha, kenosha county, wi kenosha kenosha county wi grid we energies (wec energy group) byron generating station zion energy center lake michigan - milwaukee","nearest_nuclear_latitude":42.0742,"nearest_nuclear_longitude":-89.2819,"nearest_power_latitude":42.4776,"nearest_power_longitude":-87.895,"nearest_water_latitude":43.039,"nearest_water_longitude":-87.906}},{"type":"Feature","geometry":{"type":"Point","coordinates":[-87.9023,42.7209]},"properties":{"key":"microsoft-mount-pleasant-wi","layer":"data-center","name":"Microsoft Mount Pleasant Data Center Campus","state":"WI","detail_file":"data/details/data-centers-00.json","id":"microsoft-mount-pleasant-wi","status":"Under construction","status_group":"Under construction","capacity_mw":1000.0,"capacity_label":"1,000 MW planned","landscape_weight":1575.0,"search":"microsoft mount pleasant data center campus microsoft under construction under construction confirmed mount pleasant, racine, wi mount pleasant racine wi grid (we energies) + planned renewables mixed we energies hybrid byron generating station cree lake michigan - milwaukee","nearest_nuclear_latitude":42.0742,"nearest_nuclear_longitude":-89.2819,"nearest_power_latitude":42.7174,"nearest_power_longitude":-87.8987,"nearest_water_latitude":43.039,"nearest_water_longitude":-87.906}},{"type":"Feature","geometry":{"type":"Point","coordinates":[-89.3401,43.2428]},"properties":{"key":"qts-dane-county-deforest-wi","layer":"data-center","name":"QTS Dane County Hyperscale Campus (DeForest)","state":"WI","detail_file":"data/details/data-centers-05.json","id":"qts-dane-county-deforest-wi","status":"Cancelled","status_group":"Cancelled","landscape_weight":650.0,"search":"qts dane county hyperscale campus (deforest) qts data centers cancelled cancelled likely deforest, dane county, wi deforest dane county wi alliant energy grid alliant energy air byron generating station vienna walbec customer hosted lake michigan - milwaukee","nearest_nuclear_latitude":42.0742,"nearest_nuclear_longitude":-89.2819,"nearest_power_latitude":43.2084,"nearest_power_longitude":-89.4102,"nearest_water_latitude":43.039,"nearest_water_longitude":-87.906}},{"type":"Feature","geometry":{"type":"Point","coordinates":[-87.8753,43.3882]},"properties":{"key":"stargate-port-washington-wi","layer":"data-center","name":"Stargate Lighthouse Campus","state":"WI","detail_file":"data/details/data-centers-00.json","id":"stargate-port-washington-wi","status":"Under construction","status_group":"Under construction","capacity_mw":902.0,"capacity_label":"902 MW planned","landscape_weight":672.0,"search":"stargate lighthouse campus vantage data centers (for openai / oracle) under construction under construction confirmed port washington, ozaukee, wi port washington ozaukee wi 70% renewable (solar + wind + battery) + grid mixed we energies (wec energy group) closed_loop point beach nuclear plant port washington generating station lake michigan - milwaukee","nearest_nuclear_latitude":44.2806,"nearest_nuclear_longitude":-87.5369,"nearest_power_latitude":43.3842,"nearest_power_longitude":-87.8689,"nearest_water_latitude":43.039,"nearest_water_longitude":-87.906}},{"type":"Feature","geometry":{"type":"Point","coordinates":[-87.9611,43.0098]},"properties":{"key":"tierpoint-milwaukee-wi","layer":"data-center","name":"TierPoint Milwaukee","state":"WI","detail_file":"data/details/data-centers-04.json","id":"tierpoint-milwaukee-wi","status":"Operating","status_group":"Operating","landscape_weight":8.0,"search":"tierpoint milwaukee tierpoint operating operating data center milwaukee, milwaukee county, wi milwaukee milwaukee county wi we energies point beach nuclear plant valley (wi) lake michigan - milwaukee","nearest_nuclear_latitude":44.2806,"nearest_nuclear_longitude":-87.5369,"nearest_power_latitude":43.0303,"nearest_power_longitude":-87.9233,"nearest_water_latitude":43.039,"nearest_water_longitude":-87.906}},{"type":"Feature","geometry":{"type":"Point","coordinates":[-89.82,44.39]},"properties":{"key":"pch-wi-holdings-wisconsin-rapids-wood-county-wi","layer":"data-center","name":"Wisconsin Rapids Data Center","state":"WI","detail_file":"data/details/data-centers-00.json","id":"pch-wi-holdings-wisconsin-rapids-wood-county-wi","status":"Proposed","status_group":"Proposed","landscape_weight":209.0,"search":"wisconsin rapids data center pch wi holdings llc proposed proposed likely wisconsin rapids, wood, wi wisconsin rapids wood wi point beach nuclear plant wisconsin rapids lake michigan - milwaukee","nearest_nuclear_latitude":44.2806,"nearest_nuclear_longitude":-87.5369,"nearest_power_latitude":44.3939,"nearest_power_longitude":-89.825,"nearest_water_latitude":43.039,"nearest_water_longitude":-87.906}},{"type":"Feature","geometry":{"type":"Point","coordinates":[-77.882,39.554]},"properties":{"key":"penzance-bedington-berkeley-county-wv","layer":"data-center","name":"Bedington Campus","state":"WV","detail_file":"data/details/data-centers-01.json","id":"penzance-bedington-berkeley-county-wv","status":"Proposed","status_group":"Proposed","capacity_mw":600.0,"capacity_label":"600 MW planned","landscape_weight":548.0,"search":"bedington campus penzance management proposed proposed likely berkeley, wv berkeley wv grid potomac edison (firstenergy) closed_loop crane clean energy center bedington energy facility, llc potomac river - northern virginia","nearest_nuclear_latitude":40.1515,"nearest_nuclear_longitude":-76.7232,"nearest_power_latitude":39.5318,"nearest_power_longitude":-77.8871,"nearest_water_latitude":38.969,"nearest_water_longitude":-77.386}},{"type":"Feature","geometry":{"type":"Point","coordinates":[-81.9565,38.6441]},"properties":{"key":"google-putnam-county-campus-wv","layer":"data-center","name":"Google Putnam County Data Center","state":"WV","detail_file":"data/details/data-centers-06.json","id":"google-putnam-county-campus-wv","status":"Proposed","status_group":"Proposed","landscape_weight":1700.0,"search":"google putnam county data center google proposed proposed data center buffalo, putnam, wv buffalo putnam wv appalachian power (aep) oklo aurora powerhouse winfield ohio river - cincinnati","nearest_nuclear_latitude":39.018,"nearest_nuclear_longitude":-82.996,"nearest_power_latitude":38.5274,"nearest_power_longitude":-81.9139,"nearest_water_latitude":39.103,"nearest_water_longitude":-84.512}},{"type":"Feature","geometry":{"type":"Point","coordinates":[-82.1,38.87]},"properties":{"key":"nscale-monarch-mason-county-wv","layer":"data-center","name":"Monarch Compute Campus","state":"WV","detail_file":"data/details/data-centers-00.json","id":"nscale-monarch-mason-county-wv","status":"Proposed","status_group":"Proposed","capacity_mw":2000.0,"capacity_label":"2,000 MW planned","landscape_weight":2250.0,"search":"monarch compute campus nscale proposed proposed confirmed point pleasant, mason, wv point pleasant mason wv on_site_gas appalachian power (aep) oklo aurora powerhouse kyger creek ohio river - cincinnati","nearest_nuclear_latitude":39.018,"nearest_nuclear_longitude":-82.996,"nearest_power_latitude":38.9144,"nearest_power_longitude":-82.1289,"nearest_water_latitude":39.103,"nearest_water_longitude":-84.512}},{"type":"Feature","geometry":{"type":"Point","coordinates":[-104.769,41.099]},"properties":{"key":"meta-cheyenne-wy","layer":"data-center","name":"Meta Cheyenne Data Center","state":"WY","detail_file":"data/details/data-centers-01.json","id":"meta-cheyenne-wy","status":"Under construction","status_group":"Under construction","landscape_weight":960.0,"search":"meta cheyenne data center meta under construction under construction confirmed cheyenne, laramie, wy cheyenne laramie wy black hills energy grid with planned renewable additions grid black hills energy kemmerer unit 1 cheyenne prairie generating station great salt lake","nearest_nuclear_latitude":41.706,"nearest_nuclear_longitude":-110.5603,"nearest_power_latitude":41.1236,"nearest_power_longitude":-104.72,"nearest_water_latitude":41.169,"nearest_water_longitude":-112.583}},{"type":"Feature","geometry":{"type":"Point","coordinates":[-104.79,41.09]},"properties":{"key":"microsoft-cheyenne-expansion-wy","layer":"data-center","name":"Microsoft Cheyenne Mega-Campus Expansion","state":"WY","detail_file":"data/details/data-centers-05.json","id":"microsoft-cheyenne-expansion-wy","status":"Permitted","status_group":"Permitted","landscape_weight":3200.0,"search":"microsoft cheyenne mega-campus expansion microsoft permitted permitted confirmed cheyenne, laramie, wy cheyenne laramie wy black hills energy (lpcs tariff); hydrogen fuel cell backup pilot completed with caterpillar grid black hills energy kemmerer unit 1 cheyenne prairie generating station great salt lake","nearest_nuclear_latitude":41.706,"nearest_nuclear_longitude":-110.5603,"nearest_power_latitude":41.1236,"nearest_power_longitude":-104.72,"nearest_water_latitude":41.169,"nearest_water_longitude":-112.583}},{"type":"Feature","geometry":{"type":"Point","coordinates":[-104.82,41.12]},"properties":{"key":"tallgrass-project-jade-cheyenne-wy","layer":"data-center","name":"Project Tembo","state":"WY","detail_file":"data/details/data-centers-03.json","id":"tallgrass-project-jade-cheyenne-wy","status":"Under construction","status_group":"Under construction","capacity_mw":2700.0,"capacity_label":"2,700 MW planned","landscape_weight":716.0,"search":"project tembo google under construction under construction likely cheyenne, laramie, wy cheyenne laramie wy on-site natural gas (tallgrass cheyenne power hub) on_site_gas kemmerer unit 1 cheyenne prairie generating station great salt lake","nearest_nuclear_latitude":41.706,"nearest_nuclear_longitude":-110.5603,"nearest_power_latitude":41.1236,"nearest_power_longitude":-104.72,"nearest_water_latitude":41.169,"nearest_water_longitude":-112.583}},{"type":"Feature","geometry":{"type":"Point","coordinates":[-110.81,41.27]},"properties":{"key":"prometheus-hyperscale-evanston-wy","layer":"data-center","name":"Prometheus Hyperscale Atlas Industrial Park Data Center Campus","state":"WY","detail_file":"data/details/data-centers-03.json","id":"prometheus-hyperscale-evanston-wy","status":"Permitted","status_group":"Permitted","capacity_mw":1250.0,"capacity_label":"1,250 MW planned","landscape_weight":506.0,"search":"prometheus hyperscale atlas industrial park data center campus prometheus hyperscale permitted permitted data center evanston, uinta, wy evanston uinta wy pacificorp kemmerer unit 1 transalta wyoming wind great salt lake","nearest_nuclear_latitude":41.706,"nearest_nuclear_longitude":-110.5603,"nearest_power_latitude":41.2874,"nearest_power_longitude":-110.5556,"nearest_water_latitude":41.169,"nearest_water_longitude":-112.583}},{"type":"Feature","geometry":{"type":"Point","coordinates":[-106.15,42.87]},"properties":{"key":"prometheus-hyperscale-casper-wy","layer":"data-center","name":"Prometheus Hyperscale Falls Ranch Data Center Campus","state":"WY","detail_file":"data/details/data-centers-07.json","id":"prometheus-hyperscale-casper-wy","status":"Proposed","status_group":"Proposed","capacity_mw":1500.0,"capacity_label":"1,500 MW planned","landscape_weight":1500.0,"search":"prometheus hyperscale falls ranch data center campus prometheus hyperscale proposed proposed data center glenrock, converse, wy glenrock converse wy pacificorp kemmerer unit 1 casper wind farm snake river - boise region","nearest_nuclear_latitude":41.706,"nearest_nuclear_longitude":-110.5603,"nearest_power_latitude":42.8847,"nearest_power_longitude":-106.2214,"nearest_water_latitude":43.188,"nearest_water_longitude":-112.719}}]}