{"type":"FeatureCollection","name":"us-reference-map","source":"https://www2.census.gov/geo/tiger/GENZ2023/shp/cb_2023_us_state_20m.zip","features":[{"type":"Feature","properties":{"state":"AK","name":"Alaska","source":"U.S. Census Bureau cartographic boundary file cb_2023_us_state_20m"},"geometry":{"type":"MultiPolygon","coordinates":[[[[179.48131826347884,51.97530898508944],[179.63684618468272,52.0257199500645],[179.77392211483203,51.97070098779374],[179.74301213036114,51.91175702842614],[179.64948417765393,51.87367805477296],[179.48463426148,51.921276022300084],[179.48131826347884,51.97530898508944]]],[[[178.60049370583928,51.6552642090708],[178.6606006759438,51.6830731895809],[178.9253305416567,51.623912228918165],[179.29578535336373,51.419240368285614],[179.4182402919008,51.41620337003684],[179.48041826040634,51.363868405873035],[179.2532713740266,51.33724742478873],[178.8692495690824,51.55699427522153],[178.60486670302726,51.61602323604464],[178.60049370583928,51.6552642090708]]],[[[178.43246179601311,51.965540996536184],[178.55261273515072,51.97397598994515],[178.59159771501444,51.95266000438722],[178.5024937593455,51.89965204145181],[178.43246179601311,51.965540996536184]]],[[[178.2044429090468,51.8308980909055],[178.32969984576147,51.836800085907846],[178.3740748216804,51.74786414681556],[178.27095587411196,51.76519413563105],[178.2044429090468,51.8308980909055]]],[[[178.07921497649625,52.01896796239244],[178.15476993898812,52.061428932526674],[178.2009009140875,51.99116398056833],[178.12094195439818,51.97701999094482],[178.07921497649625,52.01896796239244]]],[[[177.17879042949684,51.87922706782638],[177.46054029028707,51.99975898157581],[177.58127223297353,52.14493488027158],[177.67595318333792,52.09217491565409],[177.57206923371112,52.00181997896147],[177.6010062168598,51.92226203344965],[177.40953731416647,51.93082902960886],[177.3117693605609,51.825979102904334],[177.17879042949684,51.87922706782638]]],[[[173.86399516901824,52.79249050287308],[174.14011802402638,52.75074452445138],[174.1581490116738,52.70606655479706],[173.97511910578865,52.707466558553335],[173.8190421897553,52.75981252660813],[173.86399516901824,52.79249050287308]]],[[[173.31995141902482,52.41206578012464],[173.6380642651812,52.524216693899284],[173.77280219526637,52.50991270007582],[173.7022552258241,52.434811753720105],[173.74830419925723,52.39235378170873],[173.72569920818626,52.35658680695044],[173.31995141902482,52.41206578012464]]],[[[172.4589149054178,52.954555432985664],[172.64326981491428,53.004986392233825],[173.12199156669772,52.99035938746188],[173.42536540051097,52.86835246270153],[173.4238223982162,52.82880649001135],[173.20495151241704,52.848918482515806],[173.16690252764198,52.79523652064825],[172.90363166005852,52.761674551752265],[172.8093907107592,52.789297535644515],[172.7542397466502,52.87749747659063],[172.6699467930998,52.91301845478166],[172.47286089246498,52.89024147685537],[172.4589149054178,52.954555432985664]]],[[[-133.935016,55.920689],[-133.659241,56.083818],[-133.656415,56.326909],[-133.582116,56.352506],[-133.197009,56.333016],[-133.07823,56.246802],[-132.966922,56.224276],[-132.833864,56.103904],[-132.896433,56.099744],[-132.837592,56.024327],[-132.618464,55.911476],[-132.470697,55.782162],[-132.462531,55.673854],[-132.382505,55.665336],[-132.301119,55.55096],[-132.142945,55.457941],[-132.258056,55.416142],[-132.126398,55.288418],[-132.037122,55.275144],[-131.977397,55.180949],[-132.027513,55.104675],[-131.984592,55.027978],[-131.957914,54.791239],[-132.029747,54.701189],[-132.307943,54.718714],[-132.403533,54.784596],[-132.639032,54.753251],[-132.674324,54.674652],[-132.866355,54.700386],[-132.87721,54.753772],[-133.164788,54.976909],[-133.239695,55.092415],[-133.232491,55.198828],[-133.404497,55.214992],[-133.471938,55.247527],[-133.468217,55.281678],[-133.586605,55.3088],[-133.596762,55.218233],[-133.658359,55.232674],[-133.690174,55.304409],[-133.630945,55.416114],[-133.789055,55.457892],[-133.716665,55.660223],[-133.643324,55.729037],[-133.700468,55.837421],[-133.92025,55.860295],[-133.935016,55.920689]]],[[[-134.392983,56.864284],[-134.147103,56.95697],[-134.047753,56.923],[-133.942936,56.805551],[-133.86904,56.845938],[-133.921451,56.961511],[-134.049218,57.029203],[-134.008856,57.074578],[-133.887957,57.097744],[-133.334272,57.002442],[-133.104611,57.005701],[-132.98137,56.92738],[-132.903211,56.80361],[-132.619258,56.660778],[-132.611326,56.599913],[-132.671154,56.543071],[-132.806838,56.505492],[-133.041726,56.518356],[-133.183493,56.454241],[-133.655468,56.442279],[-133.821628,56.391602],[-133.960525,56.091359],[-134.087446,56.094939],[-134.118062,55.914642],[-134.311763,55.812285],[-134.374965,55.928492],[-134.291804,55.926219],[-134.202178,56.035175],[-134.259749,56.13444],[-134.294679,56.335888],[-134.197967,56.531028],[-134.320134,56.554484],[-134.30112,56.620317],[-134.376274,56.668608],[-134.418534,56.822333],[-134.392983,56.864284]]],[[[-134.960502,58.403758],[-134.788441,58.28909],[-134.699956,58.161494],[-134.174352,58.125284],[-134.183983,58.077295],[-133.904874,57.807406],[-133.896846,57.685524],[-133.808285,57.609604],[-133.871581,57.484158],[-133.866931,57.367869],[-133.786398,57.311528],[-133.840895,57.271074],[-133.983501,57.302838],[-134.100118,57.266285],[-134.193629,57.184879],[-134.565687,57.023737],[-134.634565,57.109863],[-134.640169,57.239852],[-134.55554,57.407428],[-134.695428,57.685335],[-134.783772,58.082292],[-134.958171,58.322057],[-134.960502,58.403758]]],[[[-136.573288,57.926844],[-136.538708,58.093482],[-136.365544,58.148854],[-136.387113,58.252414],[-135.78338,58.286709],[-135.712398,58.231892],[-135.275797,58.097024],[-134.950844,58.036993],[-134.926395,57.921919],[-135.004952,57.884338],[-134.824891,57.500067],[-134.854948,57.264766],[-134.615955,56.637289],[-134.626943,56.553868],[-134.669778,56.524129],[-134.634668,56.265832],[-134.674028,56.166925],[-134.810171,56.244987],[-135.175826,56.677876],[-135.467177,56.77141],[-135.550718,56.841228],[-135.353447,57.020905],[-135.571504,57.105697],[-135.63688,57.009874],[-135.856021,56.995636],[-135.844612,57.083568],[-135.755007,57.123972],[-135.753581,57.167168],[-135.832253,57.170647],[-135.870519,57.221639],[-135.837719,57.282068],[-135.892131,57.408048],[-136.088071,57.555291],[-136.163059,57.558861],[-136.372377,57.832587],[-136.573288,57.926844]]],[[[-152.064099,60.417137],[-151.952456,60.510609],[-151.839194,60.485862],[-151.956263,60.367841],[-152.079995,60.341191],[-152.064099,60.417137]]],[[[-153.597411,59.386827],[-153.412493,59.415105],[-153.347772,59.377985],[-153.386898,59.33075],[-153.515286,59.320878],[-153.597411,59.386827]]],[[[-154.779663,57.366335],[-154.52206,57.577786],[-154.196959,57.664639],[-153.994572,57.656905],[-153.930279,57.696791],[-153.93522,57.813047],[-153.721176,57.890615],[-153.512024,57.909156],[-153.533204,57.941117],[-153.484603,57.9765],[-153.386422,57.936526],[-153.299009,57.985626],[-153.419783,58.059638],[-153.044316,58.306336],[-152.925586,58.339686],[-152.883107,58.400443],[-152.640313,58.469868],[-152.66622,58.544087],[-152.560171,58.61968],[-152.354709,58.63828],[-152.337212,58.589095],[-152.512483,58.427349],[-152.49848,58.372351],[-152.387343,58.359499],[-152.35609,58.42347],[-152.301713,58.428697],[-152.227835,58.376424],[-152.129257,58.396414],[-151.817111,58.263444],[-151.795696,58.211096],[-151.862321,58.168265],[-152.03412,58.183737],[-152.112205,58.148559],[-152.482674,58.129813],[-152.766673,58.029887],[-152.722524,57.987364],[-152.804807,57.899175],[-152.753437,57.834452],[-152.635378,57.91861],[-152.526283,57.913266],[-152.432608,57.976029],[-152.324103,57.916604],[-152.351152,57.834768],[-152.212247,57.791433],[-152.440182,57.72664],[-152.313974,57.63642],[-152.161617,57.623287],[-152.323683,57.467861],[-152.253603,57.384019],[-152.323687,57.34266],[-152.570527,57.448909],[-152.630441,57.322668],[-152.695698,57.281318],[-152.943463,57.256956],[-152.949333,57.187346],[-152.880321,57.164798],[-152.90054,57.132076],[-153.06433,57.10379],[-153.342018,56.982825],[-153.404263,57.080511],[-153.580831,57.049048],[-153.541492,56.887875],[-153.83964,56.822099],[-154.017042,56.689311],[-154.153147,56.681697],[-154.129017,56.742168],[-154.305713,56.846871],[-154.312888,56.918673],[-154.528538,57.001892],[-154.523432,57.129106],[-154.594977,57.257161],[-154.79384,57.288862],[-154.779663,57.366335]]],[[[-154.840415,56.42032],[-154.514078,56.604059],[-154.095833,56.617786],[-154.025041,56.572517],[-153.878764,56.565925],[-154.02093,56.482025],[-154.529507,56.502655],[-154.742887,56.401678],[-154.840415,56.42032]]],[[[-155.750002,55.821849],[-155.605373,55.928826],[-155.530591,55.912213],[-155.591002,55.761725],[-155.718593,55.772356],[-155.750002,55.821849]]],[[[-156.733628,56.077593],[-156.683003,56.09881],[-156.614757,56.065178],[-156.618202,56.017802],[-156.681814,55.994337],[-156.735292,56.02264],[-156.733628,56.077593]]],[[[-157.326059,56.525169],[-157.172027,56.598039],[-156.975549,56.540446],[-157.326059,56.525169]]],[[[-160.252749,54.913251],[-160.137102,55.171565],[-159.870591,55.284889],[-159.816419,55.178051],[-159.670305,55.182337],[-159.521096,55.253393],[-159.203228,54.914842],[-159.309681,54.865813],[-159.447982,54.941374],[-159.504434,55.027316],[-159.752779,55.066139],[-159.813625,55.027467],[-160.027035,55.02091],[-160.226967,54.864075],[-160.252749,54.913251]]],[[[-160.856621,55.318488],[-160.808929,55.370122],[-160.687442,55.402198],[-160.517513,55.379378],[-160.260565,55.463674],[-160.137032,55.450709],[-160.154038,55.377518],[-160.341217,55.251799],[-160.468262,55.288925],[-160.527617,55.256374],[-160.486511,55.181951],[-160.525226,55.129871],[-160.655577,55.160261],[-160.821381,55.117851],[-160.856621,55.318488]]],[[[-161.07563,58.549916],[-161.056595,58.702202],[-160.700627,58.817368],[-160.679309,58.780226],[-160.880515,58.581325],[-161.07563,58.549916]]],[[[-161.426005,55.216563],[-161.329875,55.219418],[-161.344152,55.158504],[-161.451286,55.178027],[-161.426005,55.216563]]],[[[-161.697129,55.249148],[-161.523434,55.271659],[-161.560207,55.207045],[-161.691553,55.198479],[-161.697129,55.249148]]],[[[-162.844362,54.510428],[-162.585315,54.447995],[-162.34484,54.401336],[-162.46695,54.342692],[-162.760247,54.372193],[-162.861736,54.424771],[-162.844362,54.510428]]],[[[-165.602225,54.045267],[-165.00791,54.134934],[-164.7637,54.223153],[-164.956139,54.060988],[-165.602225,54.045267]]],[[[-166.06155,54.185092],[-165.62555,54.298964],[-165.478452,54.295333],[-165.383719,54.196731],[-165.549217,54.112196],[-165.875129,54.03642],[-165.901649,54.06287],[-166.046438,54.044186],[-166.112242,54.122528],[-166.06155,54.185092]]],[[[-167.430619,60.197006],[-167.317602,60.231541],[-166.842599,60.21047],[-166.835825,60.268751],[-166.713539,60.327341],[-166.616566,60.319221],[-166.490358,60.389466],[-166.371874,60.355156],[-166.149763,60.4367],[-166.03734,60.319456],[-165.883086,60.343368],[-165.67987,60.292435],[-165.722533,60.236468],[-165.683554,60.198335],[-165.723484,60.163824],[-165.666679,60.124304],[-165.709223,60.066003],[-165.532633,59.953425],[-165.706609,59.883564],[-165.982317,59.871637],[-166.084995,59.839649],[-166.084282,59.776059],[-166.190406,59.750206],[-166.36213,59.838604],[-166.665528,59.878168],[-167.333289,60.066626],[-167.343509,60.126287],[-167.430619,60.197006]]],[[[-167.851511,53.308668],[-167.135695,53.551227],[-167.16164,53.605909],[-167.005778,53.755446],[-167.141966,53.826932],[-167.140992,53.866774],[-167.031252,53.945204],[-166.742587,54.015501],[-166.644627,54.014495],[-166.508388,53.923949],[-166.357117,54.002343],[-166.075283,53.969571],[-166.404896,53.809345],[-166.336768,53.78709],[-166.113037,53.853716],[-166.138657,53.731082],[-166.444909,53.640646],[-166.749158,53.440944],[-167.166348,53.412793],[-167.308126,53.33433],[-167.417713,53.329856],[-167.488215,53.269121],[-167.622173,53.250362],[-167.851511,53.308668]]],[[[-168.12893,65.655744],[-167.979889,65.727972],[-166.038082,66.269512],[-165.407204,66.420441],[-164.400724,66.58111],[-163.824166,66.59168],[-163.603956,66.558089],[-163.873106,66.389015],[-163.843108,66.259869],[-163.925152,66.225078],[-163.80358,66.100059],[-163.695394,66.059552],[-162.750705,66.09016],[-162.622284,66.039526],[-162.331284,66.031403],[-162.137424,66.078547],[-161.838018,66.022582],[-161.484539,66.262426],[-161.198971,66.210949],[-160.993965,66.234444],[-161.089161,66.31514],[-161.322126,66.368554],[-161.694404,66.396174],[-161.916309,66.349481],[-161.87488,66.511446],[-162.175398,66.687789],[-162.501415,66.742503],[-162.626696,66.859572],[-162.468441,66.980604],[-162.842979,66.991177],[-163.702045,67.109375],[-163.878781,67.416125],[-164.051288,67.566351],[-164.256634,67.651651],[-165.35005,68.02586],[-165.97497,68.14091],[-166.089453,68.221299],[-166.313138,68.289164],[-166.838969,68.337186],[-166.328459,68.442261],[-166.193421,68.726649],[-166.224187,68.873175],[-165.522358,68.855839],[-164.253157,68.930938],[-163.574034,69.124077],[-163.244656,69.306081],[-163.151351,69.430262],[-163.151261,69.61263],[-162.989084,69.82525],[-162.302314,70.204227],[-161.879266,70.329269],[-161.288197,70.296772],[-160.81279,70.376696],[-160.214828,70.559087],[-159.648383,70.794368],[-159.17181,70.875103],[-159.114972,70.817402],[-158.85342,70.792352],[-157.768452,70.875842],[-157.421001,70.976805],[-156.809653,71.286886],[-156.56865,71.352561],[-156.531124,71.296338],[-156.074411,71.242489],[-156.044615,71.184701],[-155.587702,71.17256],[-155.520737,71.102476],[-155.533347,71.067683],[-155.762068,70.985644],[-155.95205,70.964831],[-155.979264,70.918524],[-155.924955,70.85272],[-155.731842,70.83116],[-155.543031,70.847175],[-155.485915,70.885905],[-155.513293,70.940579],[-155.060764,71.145422],[-154.581129,71.007321],[-154.608314,70.942405],[-154.572458,70.82594],[-154.290317,70.821495],[-154.127487,70.778133],[-153.89048,70.885719],[-153.23848,70.922467],[-152.223053,70.824594],[-152.19246,70.795294],[-152.348417,70.744382],[-152.352196,70.697802],[-152.473348,70.683669],[-152.433781,70.616926],[-151.697258,70.547741],[-151.739862,70.436207],[-151.175187,70.375558],[-150.903765,70.46091],[-150.557415,70.481643],[-150.301516,70.418392],[-150.074461,70.439333],[-149.866698,70.510769],[-149.461755,70.518271],[-148.928979,70.426835],[-148.667017,70.430084],[-148.477044,70.359068],[-148.46615,70.313609],[-148.203477,70.348188],[-147.9615,70.314201],[-147.765104,70.219806],[-147.233327,70.207553],[-147.161601,70.155612],[-146.991109,70.14761],[-146.885771,70.185917],[-146.006411,70.140402],[-145.858297,70.165996],[-145.43483,70.036994],[-144.902304,69.96451],[-144.672305,69.966876],[-144.455421,70.035244],[-143.914244,70.115696],[-143.281878,70.151052],[-141.43084,69.695144],[-141.002672,69.645609],[-141.00184,60.306105],[-140.53509,60.224224],[-140.472292,60.31059],[-139.989142,60.18524],[-139.698361,60.340421],[-139.086669,60.357654],[-139.200346,60.090701],[-139.046426,59.998235],[-138.702053,59.910245],[-138.584819,59.752453],[-137.604277,59.243057],[-137.498558,58.986694],[-137.526424,58.906834],[-136.826633,59.158389],[-136.581521,59.164909],[-136.466815,59.284252],[-136.474326,59.464194],[-136.358141,59.449799],[-136.234229,59.524731],[-136.23734,59.558734],[-136.350622,59.599326],[-135.945905,59.663802],[-135.477436,59.799626],[-135.231148,59.697176],[-135.027456,59.563692],[-135.026328,59.474658],[-135.067356,59.421855],[-134.961972,59.280376],[-134.702383,59.247836],[-134.566689,59.128278],[-134.481241,59.128071],[-134.379771,59.034961],[-134.401042,58.976221],[-134.327982,58.963431],[-134.328964,58.919593],[-134.250526,58.858046],[-133.840392,58.727991],[-133.379908,58.427909],[-133.461475,58.385526],[-133.176444,58.150151],[-133.076421,57.999762],[-132.869318,57.842941],[-132.252187,57.215655],[-132.371312,57.095229],[-132.051044,57.051155],[-132.125934,56.874698],[-131.871725,56.804965],[-131.90176,56.753158],[-131.835133,56.601849],[-131.581221,56.613275],[-131.085704,56.40654],[-130.810707,56.371063],[-130.622482,56.267939],[-130.466874,56.239789],[-130.425575,56.140676],[-130.24554,56.096876],[-130.102761,56.116696],[-130.00426,55.993379],[-130.013198,55.916382],[-130.12372,55.80704],[-130.150061,55.727099],[-130.111677,55.682051],[-130.120132,55.563919],[-129.982348,55.302079],[-130.339504,54.921376],[-130.636745,54.778456],[-130.62807,54.739341],[-130.686192,54.71691],[-130.792122,54.784784],[-130.866866,54.769068],[-130.932454,54.806938],[-131.013215,55.090069],[-131.093806,55.191335],[-131.160492,55.197481],[-131.190033,55.043173],[-131.246018,54.989555],[-131.245988,54.940491],[-131.195197,54.919767],[-131.253671,54.866779],[-131.594567,54.93113],[-131.646276,55.035579],[-131.605302,55.107436],[-131.748334,55.128588],[-131.828395,55.198482],[-131.862162,55.289284],[-131.844157,55.456742],[-132.183207,55.588128],[-132.265071,55.762174],[-132.067412,55.875078],[-132.279962,55.924839],[-132.323242,55.851878],[-132.397304,55.878867],[-132.492795,56.066436],[-132.594235,56.021858],[-132.708697,56.112124],[-132.718342,56.217704],[-132.877582,56.240322],[-133.070056,56.330951],[-132.977163,56.439673],[-132.627544,56.46287],[-132.45079,56.564098],[-132.529037,56.63797],[-132.556758,56.757242],[-132.792089,56.856152],[-132.93752,57.048321],[-133.466932,57.159356],[-133.544817,57.24257],[-133.472039,57.368651],[-133.519598,57.530705],[-133.676449,57.625192],[-133.65453,57.713689],[-133.703097,57.792152],[-134.049603,58.062027],[-134.078155,58.152046],[-134.146685,58.199084],[-134.631203,58.247446],[-134.750586,58.391533],[-134.936897,58.457474],[-135.104413,58.449263],[-135.049062,58.309295],[-135.10121,58.292607],[-135.087872,58.200073],[-135.306507,58.242916],[-135.408059,58.342999],[-135.649861,58.324517],[-135.728054,58.397067],[-136.041818,58.380161],[-136.265906,58.314499],[-136.544776,58.316665],[-136.591924,58.217886],[-136.70125,58.219416],[-136.717093,58.273508],[-136.986384,58.404043],[-137.078109,58.397474],[-137.653709,58.608324],[-137.681633,58.656452],[-137.941828,58.794322],[-137.951995,58.886029],[-138.224323,59.032216],[-138.636702,59.130585],[-139.861306,59.546678],[-139.74266,59.623871],[-139.585789,59.642765],[-139.608545,59.821961],[-139.776836,59.833835],[-140.176224,59.735965],[-140.242577,59.687888],[-140.792511,59.728573],[-141.392811,59.870028],[-141.595376,59.961905],[-142.426572,60.071066],[-142.908859,60.090328],[-143.897029,59.985938],[-144.005879,60.012981],[-144.1103,60.098939],[-144.348913,60.091184],[-144.429249,60.14802],[-144.654899,60.204882],[-144.929327,60.228253],[-144.957848,60.288152],[-145.089139,60.320014],[-145.136728,60.296219],[-145.380064,60.352829],[-145.639204,60.301971],[-145.988546,60.387427],[-146.393256,60.327476],[-146.607692,60.241182],[-146.916487,60.290973],[-147.376397,60.016192],[-147.339794,59.962102],[-147.452217,59.954011],[-147.470281,59.906732],[-147.391846,59.87776],[-147.876475,59.763893],[-147.92924,59.783875],[-147.855084,59.871915],[-147.956775,59.9594],[-148.25406,59.932357],[-148.220554,59.97635],[-148.313962,60.033859],[-148.478881,59.935806],[-148.634777,59.915747],[-149.123262,59.968559],[-149.376593,59.835879],[-149.472227,59.903693],[-149.572714,59.852317],[-149.595531,59.79772],[-149.506758,59.770927],[-149.527793,59.706846],[-149.626311,59.73441],[-149.731966,59.706783],[-149.74622,59.637585],[-149.842672,59.7013],[-149.919444,59.691836],[-150.280838,59.466833],[-150.385341,59.341963],[-150.430144,59.343357],[-150.4989,59.456298],[-150.581182,59.445233],[-150.680872,59.305412],[-150.822768,59.330763],[-150.912817,59.305214],[-150.887821,59.26792],[-150.942212,59.233136],[-151.126247,59.209923],[-151.470623,59.242621],[-151.43339,59.135517],[-151.662368,59.089735],[-151.858124,59.144234],[-151.984101,59.278696],[-151.886513,59.421033],[-151.205459,59.630284],[-151.296895,59.696861],[-151.448669,59.648171],[-151.643061,59.646966],[-151.869468,59.769159],[-151.71801,60.009473],[-151.421702,60.212931],[-151.366874,60.372655],[-151.30609,60.387257],[-151.28181,60.496034],[-151.410273,60.711023],[-151.261319,60.769801],[-151.062558,60.787429],[-150.401859,61.036227],[-150.194128,60.90134],[-149.985374,60.879033],[-149.717167,61.011303],[-150.005041,61.138556],[-150.265894,61.127365],[-150.204894,61.259548],[-150.535997,61.269724],[-150.939251,61.210299],[-151.166606,61.046404],[-151.4803,61.010902],[-151.720815,60.904257],[-151.800264,60.853672],[-151.716379,60.710415],[-151.89792,60.72175],[-152.261497,60.538237],[-152.331365,60.473525],[-152.30195,60.414328],[-152.234199,60.393888],[-152.376743,60.345613],[-152.411281,60.287864],[-152.574938,60.206451],[-152.575153,60.04826],[-152.700822,59.920309],[-152.967267,59.881494],[-153.051559,59.691562],[-153.155019,59.654344],[-153.542466,59.630236],[-153.577828,59.555991],[-153.76148,59.543411],[-153.699025,59.463603],[-153.998506,59.384723],[-154.030807,59.32704],[-154.122681,59.287622],[-154.180691,59.123235],[-154.063489,59.07214],[-153.695664,59.073994],[-153.267407,58.867218],[-153.369389,58.821255],[-153.445002,58.70931],[-153.55265,58.687176],[-153.591635,58.640084],[-153.851432,58.611872],[-153.930473,58.497482],[-154.07066,58.440018],[-153.985416,58.390877],[-154.074145,58.352661],[-154.222465,58.132566],[-154.581547,58.019285],[-155.026275,57.999302],[-155.118648,57.953925],[-155.061806,57.90433],[-155.097095,57.865356],[-155.272917,57.823981],[-155.285339,57.758726],[-155.354011,57.715261],[-155.609353,57.777699],[-155.629912,57.656376],[-155.724167,57.633445],[-155.732779,57.549732],[-156.046804,57.525724],[-156.012841,57.451394],[-156.362039,57.400474],[-156.334404,57.1823],[-156.44301,57.119533],[-156.55052,56.98461],[-156.704216,56.987079],[-156.825982,56.897667],[-156.935629,56.920087],[-157.183636,56.769079],[-157.290511,56.804713],[-157.530765,56.753775],[-157.563802,56.703426],[-157.45216,56.64322],[-157.496523,56.616897],[-157.674587,56.609507],[-157.791844,56.670692],[-157.918541,56.643137],[-157.817826,56.51421],[-157.869124,56.456612],[-158.371953,56.467334],[-158.489546,56.341865],[-158.207387,56.294354],[-158.117797,56.230742],[-158.374324,56.134522],[-158.431471,55.994452],[-159.096187,55.91475],[-159.086217,55.834869],[-159.532754,55.676424],[-159.696713,55.573306],[-159.760365,55.615203],[-159.679201,55.655895],[-159.673191,55.750961],[-159.627482,55.803248],[-159.770298,55.852357],[-159.847359,55.80253],[-160.026282,55.792295],[-160.058443,55.721734],[-160.392587,55.602771],[-160.521335,55.47442],[-160.654117,55.512596],[-160.666917,55.459776],[-160.976551,55.472736],[-161.253977,55.355896],[-161.486114,55.359322],[-161.514211,55.385254],[-161.469271,55.49683],[-161.376102,55.569794],[-161.392613,55.628221],[-161.587047,55.62006],[-161.700069,55.51439],[-161.686495,55.408041],[-161.863339,55.266989],[-161.817232,55.176529],[-161.576643,55.103831],[-161.550357,55.065734],[-161.792297,55.052278],[-161.956595,55.112174],[-162.053281,55.074212],[-162.11874,55.102911],[-162.219326,55.028975],[-162.236806,54.88163],[-162.349315,54.836049],[-162.428237,54.895434],[-162.41351,55.03656],[-162.471364,55.051932],[-162.587967,54.97201],[-162.834245,54.926851],[-162.962205,54.993538],[-163.352997,54.810174],[-163.184295,54.774912],[-163.068952,54.712605],[-163.037788,54.646995],[-163.223179,54.676895],[-163.572383,54.623211],[-164.03827,54.624688],[-164.257585,54.572722],[-164.337538,54.524259],[-164.352704,54.465023],[-164.456554,54.419856],[-164.743977,54.394216],[-164.861475,54.431353],[-164.948789,54.579877],[-164.741815,54.645441],[-164.576896,54.824564],[-164.57626,54.895342],[-164.43528,54.933126],[-164.343534,54.894139],[-163.774093,55.05578],[-163.527109,55.040871],[-163.429548,54.954759],[-163.343768,54.974439],[-163.280771,55.032959],[-163.314652,55.126312],[-162.86152,55.198339],[-162.900027,55.252466],[-162.64165,55.392576],[-162.219551,55.710867],[-161.807833,55.891954],[-161.15687,56.012216],[-160.807119,56.02398],[-160.793215,55.88596],[-160.508433,55.869379],[-160.457194,55.917233],[-160.589569,55.983048],[-160.488708,56.077214],[-160.385922,56.279706],[-159.828049,56.543935],[-158.972735,56.842138],[-158.853294,56.79262],[-158.656355,56.810012],[-158.679293,56.988625],[-158.531328,57.132156],[-158.32018,57.281558],[-158.083785,57.357181],[-157.931624,57.476208],[-157.678891,57.563888],[-157.709179,57.657459],[-157.596601,58.08867],[-157.48013,58.217354],[-157.547209,58.277535],[-157.541041,58.377302],[-157.481487,58.480771],[-157.135927,58.680731],[-156.993548,58.836798],[-157.116866,58.867533],[-158.140307,58.61502],[-158.232276,58.619902],[-158.332093,58.665313],[-158.376873,58.748043],[-158.564833,58.802715],[-158.520327,58.857105],[-158.619684,58.911048],[-158.767748,58.864264],[-158.780136,58.75379],[-158.861207,58.69558],[-158.704052,58.482759],[-158.880927,58.39067],[-159.063346,58.423139],[-159.409779,58.773611],[-159.643549,58.845063],[-159.601899,58.884671],[-159.61612,58.931601],[-159.712114,58.929468],[-159.792923,58.823971],[-159.908386,58.779903],[-160.322922,58.953953],[-160.256592,58.99448],[-160.31778,59.070477],[-160.730971,58.921186],[-160.823489,58.829136],[-160.872003,58.878472],[-161.001101,58.849693],[-161.337982,58.742912],[-161.372314,58.666172],[-161.751999,58.551842],[-161.802156,58.612318],[-162.027363,58.60705],[-162.171722,58.648441],[-161.824107,58.734549],[-161.764791,58.846235],[-161.804034,58.991717],[-162.048584,59.254177],[-161.992903,59.338385],[-161.70253,59.490906],[-162.37224,60.167009],[-162.45128,60.174367],[-162.49418,60.130271],[-162.515276,59.976183],[-162.737447,59.972254],[-163.172633,59.845058],[-163.772229,59.795624],[-164.133393,59.845612],[-164.208475,59.934461],[-164.13181,59.991177],[-164.411016,60.097675],[-164.698889,60.296298],[-164.984527,60.349929],[-165.129403,60.433707],[-164.956788,60.527837],[-165.274867,60.499021],[-165.420349,60.550692],[-164.991665,60.69884],[-165.08509,60.913763],[-165.194945,60.9739],[-165.057842,61.059746],[-165.203757,61.150341],[-165.325552,61.169306],[-165.385437,61.079574],[-165.55514,61.092674],[-165.640289,61.138066],[-165.623317,61.278431],[-165.831365,61.306719],[-165.921194,61.40308],[-165.746352,61.489304],[-165.912496,61.5562],[-166.075398,61.49298],[-166.149577,61.513288],[-166.211787,61.608373],[-166.143757,61.724352],[-166.050997,61.766689],[-166.094312,61.813859],[-165.639516,61.847006],[-165.743528,61.962533],[-165.754295,62.055955],[-165.096155,62.522452],[-165.052202,62.598217],[-164.837703,62.685267],[-164.87564,62.806254],[-164.813007,62.903919],[-164.607425,63.112899],[-164.442368,63.202672],[-164.066991,63.262276],[-163.73265,63.213257],[-163.316203,63.037763],[-163.053996,63.058334],[-162.844559,63.154191],[-162.821122,63.205596],[-162.72408,63.214615],[-162.526588,63.316551],[-162.352274,63.454069],[-162.707559,63.577607],[-162.587527,63.625115],[-162.401203,63.634367],[-161.982168,63.446313],[-161.421085,63.46015],[-161.191163,63.490072],[-161.073573,63.5617],[-160.783304,63.752893],[-160.76562,63.828714],[-160.941096,64.066319],[-160.962007,64.220575],[-161.263519,64.398166],[-161.504903,64.423074],[-161.469046,64.506575],[-161.389879,64.547833],[-161.198029,64.496626],[-160.793356,64.619317],[-160.783398,64.71716],[-160.935974,64.82237],[-161.133062,64.898219],[-161.327848,64.829836],[-161.376985,64.773036],[-161.64552,64.776452],[-162.188146,64.672395],[-162.234477,64.619336],[-162.539996,64.530931],[-162.603236,64.479904],[-162.632242,64.385734],[-162.768424,64.333516],[-162.857562,64.49978],[-162.940776,64.542417],[-163.033231,64.519314],[-163.027158,64.477945],[-163.133172,64.381844],[-163.4129,64.524986],[-163.829739,64.574965],[-164.307273,64.561488],[-165.001961,64.433917],[-166.236939,64.583558],[-166.413926,64.651229],[-166.482682,64.755101],[-166.407315,64.852281],[-166.432246,64.88316],[-166.911922,65.125965],[-166.634449,65.125873],[-166.479913,65.167249],[-166.451711,65.236178],[-166.347189,65.276341],[-166.439404,65.319058],[-167.474024,65.412744],[-168.04762,65.569149],[-168.12893,65.655744]]],[[[-169.28652,52.784747],[-168.785236,53.045038],[-168.804901,53.120015],[-168.763331,53.182812],[-168.581891,53.286521],[-168.445083,53.26533],[-168.342127,53.475992],[-168.027006,53.562755],[-167.789164,53.519329],[-167.856837,53.428609],[-167.842328,53.386489],[-168.296229,53.227235],[-168.457103,53.055839],[-168.613964,53.008776],[-168.755531,52.907507],[-168.851017,52.90804],[-169.261765,52.754897],[-169.28652,52.784747]]],[[[-169.81831,56.633612],[-169.474322,56.625183],[-169.453786,56.583786],[-169.685825,56.539717],[-169.81831,56.633612]]],[[[-170.207887,52.708899],[-170.092221,52.919387],[-170.026342,52.944912],[-169.857567,52.908533],[-169.76274,52.97805],[-169.820198,53.06679],[-169.747457,53.0932],[-169.680033,53.035075],[-169.666512,52.864349],[-169.703873,52.777117],[-169.951498,52.788615],[-170.077734,52.720416],[-170.207887,52.708899]]],[[[-170.420047,57.212917],[-170.143996,57.242804],[-170.133884,57.181329],[-170.286318,57.128169],[-170.421867,57.161202],[-170.420047,57.212917]]],[[[-170.817943,52.636275],[-170.671545,52.698082],[-170.532144,52.679971],[-170.58496,52.587186],[-170.788495,52.54024],[-170.841936,52.558171],[-170.817943,52.636275]]],[[[-171.312658,52.493502],[-171.256768,52.52858],[-171.196013,52.500106],[-171.226729,52.434269],[-171.30417,52.449952],[-171.312658,52.493502]]],[[[-171.849984,63.485039],[-171.791881,63.620625],[-171.802824,63.716391],[-171.743398,63.782971],[-171.613182,63.785065],[-171.552856,63.666251],[-170.950817,63.570127],[-170.606282,63.672732],[-170.344855,63.694225],[-170.095833,63.612701],[-170.007943,63.475428],[-169.656474,63.429929],[-169.462733,63.360458],[-168.685145,63.296427],[-168.841654,63.153844],[-169.230523,63.172948],[-169.436748,63.113579],[-169.534984,63.074355],[-169.568016,62.976879],[-169.638309,62.937527],[-169.757249,62.960087],[-169.788466,63.043015],[-169.88123,63.105848],[-170.263032,63.179147],[-170.430656,63.314284],[-170.663536,63.376109],[-171.067663,63.424579],[-171.433319,63.307578],[-171.760112,63.381633],[-171.849984,63.485039]]],[[[-172.61227777035137,52.30683587407721],[-172.448182,52.391439],[-172.301445,52.329951],[-172.63999575104052,52.244772915890664],[-172.61227777035137,52.30683587407721]]],[[[-173.074642,60.704657],[-172.912636,60.604129],[-172.847344,60.516742],[-172.238862,60.336642],[-172.254263,60.297375],[-172.630272,60.334922],[-173.0638,60.502589],[-173.115569,60.658971],[-173.074642,60.704657]]],[[[-175.30155838833485,52.05560997681838],[-174.55467277342467,52.16041292101793],[-174.4629648233204,52.21303888696225],[-174.4559818332782,52.31369781781534],[-174.18534997811253,52.41779575276833],[-174.0682510359899,52.390338774658815],[-173.98520607328996,52.31760782689188],[-174.04699703626846,52.236269881293545],[-174.02264104164112,52.13372095250471],[-173.52992629323006,52.15937194808482],[-173.37523236776318,52.10823598763342],[-172.94781458391148,52.10737900082249],[-172.98022556407017,52.06405702963137],[-173.5130502919025,52.02531804077292],[-174.27828190911836,52.08949697648795],[-174.38266385571885,52.08166597932488],[-174.40869583816223,52.01281902607065],[-175.32332437474506,52.00749600949791],[-175.30155838833485,52.05560997681838]]],[[[-176.98738451724492,51.606880257629676],[-176.9170895591354,51.79702412773232],[-176.78189062871394,51.832381105231036],[-176.76247963981737,51.86788608106294],[-176.8104346176783,51.92709703963858],[-176.77402463753788,51.965903013423684],[-176.57997673736907,52.00324599049054],[-176.54912075116508,51.95556902377481],[-176.57638273298332,51.84228310135256],[-176.1738729381663,51.88245707998276],[-176.21118992709353,52.0647139538967],[-176.14951196073366,52.11757791850636],[-176.0559850079208,52.10947692565962],[-175.8875160882085,51.99515000730902],[-175.45047231058953,52.01275000335308],[-175.42486132147843,51.97234003167093],[-175.78912013447888,51.91933106126146],[-175.99846602324925,51.8015501386107],[-176.46705178369086,51.72667618253619],[-176.71542565456045,51.620430251983784],[-176.93891854109293,51.5909902691895],[-176.98738451724492,51.606880257629676]]],[[[-177.67012017714939,51.74338915588115],[-177.22817840214645,51.803791119158106],[-177.1812724302703,51.94317502376822],[-177.04509149782717,51.898613056143176],[-177.09866246844877,51.82965510293687],[-177.1051894615802,51.719341178771515],[-177.18994141813235,51.697225192949674],[-177.65138718426303,51.6536122178446],[-177.70780315709627,51.7032761831109],[-177.67012017714939,51.74338915588115]]],[[[-178.19709091427848,51.90547203961533],[-177.9520950386973,51.9153560348415],[-177.88742406995246,51.85089807980287],[-177.61531220780554,51.85508807955241],[-177.86796107572104,51.67938219803039],[-177.9091860530132,51.59667925455555],[-178.11786494964804,51.67783919693781],[-177.98163101920707,51.715625172077175],[-177.9952730137957,51.78154312659112],[-178.22412989976047,51.8648890673515],[-178.19709091427848,51.90547203961533]]],[[[-178.8893475591327,51.57036026593025],[-178.678149666252,51.62601822874049],[-178.55147572983245,51.61018324038838],[-178.58478971232614,51.563868272045895],[-178.73458563664082,51.542334285997654],[-178.8893475591327,51.57036026593025]]],[[[-178.87684356877193,51.8379250818435],[-178.77965761816688,51.85155507294897],[-178.73335564065806,51.78395511973782],[-178.79240961028268,51.74607914549597],[-178.89595855836745,51.77922712216347],[-178.87684356877193,51.8379250818435]]],[[[-179.174265,51.279057],[-178.99559150393094,51.41449237264807],[-178.90888354654817,51.34059042384385],[-179.126856,51.219862],[-179.174265,51.279057]]]]}},{"type":"Feature","properties":{"state":"AL","name":"Alabama","source":"U.S. Census Bureau cartographic boundary file cb_2023_us_state_20m"},"geometry":{"type":"Polygon","coordinates":[[[-88.4686624840513,31.8938557116156],[-88.097888,34.892202],[-88.202959,35.008028],[-85.605165,34.984678],[-85.1844,32.861317],[-84.971831,32.442843],[-85.008096,32.336677],[-84.891841,32.263398],[-85.058749,32.136018],[-85.067829,31.967358],[-85.141831,31.839261],[-85.12553,31.694965],[-85.041881,31.544684],[-85.107516,31.186451],[-85.002499,31.000682],[-87.598937,30.997422],[-87.634943,30.865857],[-87.400189,30.657201],[-87.444722,30.507484],[-87.366601,30.436643],[-87.431784,30.403193],[-87.452282,30.344097],[-87.518324,30.280435],[-87.893201,30.239237],[-87.806466,30.279798],[-87.796717,30.324198],[-87.933355,30.487357],[-87.901711,30.550879],[-87.93107,30.652694],[-88.008396,30.684956],[-88.061998,30.644891],[-88.136173,30.320729],[-88.257764,30.318933],[-88.311608,30.368908],[-88.395023,30.369425],[-88.4686624840513,31.8938557116156]]]}},{"type":"Feature","properties":{"state":"AR","name":"Arkansas","source":"U.S. Census Bureau cartographic boundary file cb_2023_us_state_20m"},"geometry":{"type":"Polygon","coordinates":[[[-94.617919,36.499414],[-90.153871,36.495344],[-90.131038,36.415069],[-90.066136,36.386272],[-90.06398,36.303038],[-90.294492,36.112949],[-90.368718,35.995812],[-89.733095,36.000608],[-89.64727,35.89492],[-89.722634,35.873718],[-89.723426,35.809382],[-89.915491,35.754917],[-89.956589,35.695486],[-89.876548,35.626653],[-89.9325,35.607865],[-89.958498,35.541703],[-90.037615,35.550329],[-90.022064,35.457375],[-90.045306,35.415435],[-90.112504,35.410153],[-90.087903,35.36327],[-90.166594,35.274588],[-90.097947,35.249983],[-90.09061,35.118287],[-90.160058,35.12883],[-90.197146,35.050731],[-90.300697,35.028793],[-90.250095,34.90732],[-90.463795,34.834923],[-90.587224,34.615732],[-90.549244,34.568101],[-90.575336,34.415152],[-90.660404,34.33576],[-90.765174,34.342818],[-90.752681,34.289266],[-90.89456,34.22438],[-90.882701,34.184364],[-90.946323,34.109374],[-90.874541,34.072041],[-90.89242,34.02686],[-91.088696,33.961334],[-91.035961,33.943758],[-91.061247,33.877505],[-91.026782,33.763642],[-91.143287,33.747141],[-91.075389,33.714403],[-91.10098,33.660551],[-91.178311,33.651109],[-91.130902,33.610919],[-91.215671,33.529423],[-91.113764,33.393124],[-91.125539,33.280255],[-91.068708,33.232936],[-91.104317,33.131598],[-91.180836,33.098364],[-91.120379,33.05453],[-91.166073,33.004106],[-94.042964,33.019219],[-94.043428,33.551425],[-94.183395,33.592212],[-94.354165,33.556452],[-94.485875,33.637867],[-94.431515,35.369591],[-94.617919,36.499414]]]}},{"type":"Feature","properties":{"state":"AZ","name":"Arizona","source":"U.S. Census Bureau cartographic boundary file cb_2023_us_state_20m"},"geometry":{"type":"Polygon","coordinates":[[[-114.799683,32.593621],[-114.705717,32.741581],[-114.570675,32.747417],[-114.468971,32.845155],[-114.511343,33.023455],[-114.670803,33.037984],[-114.706175,33.105335],[-114.674491,33.255597],[-114.723259,33.288079],[-114.725282,33.405048],[-114.635183,33.422726],[-114.524599,33.552231],[-114.496565,33.719155],[-114.534987,33.928499],[-114.405941,34.11154],[-114.139055,34.259538],[-114.172845,34.344979],[-114.378852,34.450376],[-114.465246,34.691202],[-114.634382,34.87289],[-114.619905,35.121632],[-114.572747,35.138725],[-114.6645,35.449497],[-114.653406,35.610789],[-114.689407,35.651412],[-114.70371,35.814585],[-114.669687,35.865084],[-114.731159,35.943916],[-114.743342,36.070535],[-114.736165,36.104367],[-114.627855,36.141012],[-114.372106,36.143114],[-114.270645,36.03572],[-114.151725,36.024563],[-114.046838,36.194069],[-114.0506,37.000396],[-109.045223,36.999084],[-109.050044,31.332502],[-111.074825,31.332239],[-114.813613,32.494277],[-114.799683,32.593621]]]}},{"type":"Feature","properties":{"state":"CA","name":"California","source":"U.S. Census Bureau cartographic boundary file cb_2023_us_state_20m"},"geometry":{"type":"MultiPolygon","coordinates":[[[[-118.593969,33.467198],[-118.484785,33.487483],[-118.286261,33.351463],[-118.325244,33.299075],[-118.465368,33.326056],[-118.593969,33.467198]]],[[[-118.594033,33.035951],[-118.446771,32.895424],[-118.353504,32.821962],[-118.425634,32.800595],[-118.487908,32.84459],[-118.641578,33.017129],[-118.594033,33.035951]]],[[[-119.578942,33.278628],[-119.510489,33.307269],[-119.427171,33.266023],[-119.429559,33.228167],[-119.545872,33.233406],[-119.578942,33.278628]]],[[[-119.916216,34.058351],[-119.364214,34.050794],[-119.363065,34.000548],[-119.795938,33.962929],[-119.873358,33.980375],[-119.916216,34.058351]]],[[[-120.368278,34.076465],[-120.055107,34.037729],[-119.973691,33.942481],[-120.121817,33.895712],[-120.200085,33.956904],[-120.454134,34.028081],[-120.368278,34.076465]]],[[[-124.409591,40.438076],[-124.118147,40.989263],[-124.163988,41.138675],[-124.063076,41.439579],[-124.143479,41.709284],[-124.245027,41.7923],[-124.211605,41.99846],[-119.999168,41.99454],[-120.001014,38.999574],[-117.244917,37.030244],[-114.633487,35.001857],[-114.634382,34.87289],[-114.465246,34.691202],[-114.378852,34.450376],[-114.14093,34.305919],[-114.139055,34.259538],[-114.229715,34.186928],[-114.428026,34.092787],[-114.534987,33.928499],[-114.496565,33.719155],[-114.524599,33.552231],[-114.635183,33.422726],[-114.725282,33.405048],[-114.723259,33.288079],[-114.674491,33.255597],[-114.706175,33.105335],[-114.670803,33.037984],[-114.511343,33.023455],[-114.468971,32.845155],[-114.570675,32.747417],[-114.719633,32.718763],[-117.124862,32.534156],[-117.168866,32.671952],[-117.246069,32.669352],[-117.28077,33.012343],[-117.445583,33.268517],[-117.645582,33.440728],[-118.132698,33.753217],[-118.258687,33.703741],[-118.396606,33.735917],[-118.428407,33.774715],[-118.394307,33.804315],[-118.412708,33.883913],[-118.519514,34.027509],[-118.744952,34.032103],[-118.805114,34.001239],[-119.109784,34.094566],[-119.227743,34.161728],[-119.270144,34.252903],[-119.37578,34.321118],[-119.616862,34.420995],[-119.873971,34.408795],[-120.141165,34.473405],[-120.451425,34.447094],[-120.511421,34.522953],[-120.622575,34.554017],[-120.610266,34.85818],[-120.670835,34.904115],[-120.635787,35.123805],[-120.89679,35.247877],[-120.862133,35.360763],[-120.884757,35.430196],[-121.003359,35.46071],[-121.166712,35.635399],[-121.272322,35.666711],[-121.332449,35.783106],[-121.462264,35.885618],[-121.4862,35.970348],[-121.680145,36.165818],[-121.888491,36.30281],[-121.970427,36.582754],[-121.923866,36.634559],[-121.860604,36.611136],[-121.814462,36.682858],[-121.791544,36.815186],[-121.862266,36.931552],[-121.906468,36.96895],[-122.105976,36.955951],[-122.397065,37.187249],[-122.409258,37.374805],[-122.516689,37.52134],[-122.511983,37.77113],[-122.398139,37.80563],[-122.356784,37.729505],[-122.39319,37.707531],[-122.360219,37.592501],[-122.168449,37.504143],[-122.111998,37.528851],[-122.163049,37.667933],[-122.333711,37.809797],[-122.303931,37.830087],[-122.33453,37.908791],[-122.425258,37.955672],[-122.262861,38.051473],[-122.393588,38.143449],[-122.491283,38.108087],[-122.499465,38.032165],[-122.452995,37.996167],[-122.486375,37.921881],[-122.41847,37.852721],[-122.483483,37.826728],[-122.70264,37.89382],[-122.856573,38.016717],[-123.011533,38.003438],[-122.953629,38.17567],[-123.004122,38.297012],[-123.053504,38.299385],[-123.166428,38.474947],[-123.331899,38.565542],[-123.71054,38.91323],[-123.732892,38.954994],[-123.69074,39.021293],[-123.825331,39.360814],[-123.766475,39.552803],[-123.851714,39.832041],[-124.068908,40.021307],[-124.087086,40.078442],[-124.363414,40.260974],[-124.353124,40.331425],[-124.409591,40.438076]]]]}},{"type":"Feature","properties":{"state":"CO","name":"Colorado","source":"U.S. Census Bureau cartographic boundary file cb_2023_us_state_20m"},"geometry":{"type":"Polygon","coordinates":[[[-109.045223,36.999084],[-109.050076,41.000659],[-102.051614,41.002377],[-102.04224,36.993083],[-109.045223,36.999084]]]}},{"type":"Feature","properties":{"state":"CT","name":"Connecticut","source":"U.S. Census Bureau cartographic boundary file cb_2023_us_state_20m"},"geometry":{"type":"Polygon","coordinates":[[[-73.727775,41.100696],[-73.482709,41.21276],[-73.550961,41.295422],[-73.487314,42.049638],[-72.847142,42.036894],[-72.810078,41.998316],[-72.735496,42.036399],[-71.80065,42.023569],[-71.797683,41.416709],[-71.839649,41.412119],[-71.860513,41.320248],[-72.201422,41.315697],[-72.547235,41.250499],[-72.935646,41.258497],[-73.108352,41.153718],[-73.202656,41.158096],[-73.372296,41.10402],[-73.387227,41.058247],[-73.657336,40.985171],[-73.727775,41.100696]]]}},{"type":"Feature","properties":{"state":"DC","name":"District of Columbia","source":"U.S. Census Bureau cartographic boundary file cb_2023_us_state_20m"},"geometry":{"type":"Polygon","coordinates":[[[-77.119759,38.934343],[-77.041018,38.995548],[-76.909393,38.892852],[-77.039006,38.791645],[-77.039099,38.868112],[-77.119759,38.934343]]]}},{"type":"Feature","properties":{"state":"DE","name":"Delaware","source":"U.S. Census Bureau cartographic boundary file cb_2023_us_state_20m"},"geometry":{"type":"Polygon","coordinates":[[[-75.773786,39.7222],[-75.662846,39.821425],[-75.415062,39.801919],[-75.559446,39.629812],[-75.512732,39.578],[-75.528088,39.498114],[-75.593068,39.479186],[-75.408376,39.264698],[-75.396277,39.057884],[-75.34089,39.01996],[-75.304078,38.91316],[-75.159022,38.790193],[-75.089473,38.797198],[-75.048939,38.451263],[-75.693721,38.460128],[-75.773786,39.7222]]]}},{"type":"Feature","properties":{"state":"FL","name":"Florida","source":"U.S. Census Bureau cartographic boundary file cb_2023_us_state_20m"},"geometry":{"type":"MultiPolygon","coordinates":[[[[-81.811693,24.568745],[-81.751266,24.653517],[-81.44351,24.813364],[-81.305054,24.755185],[-81.243232,24.673998],[-81.685243,24.558676],[-81.811693,24.568745]]],[[[-82.028091,24.498716],[-81.983908,24.580682],[-81.868711,24.58412],[-81.918855,24.498131],[-82.028091,24.498716]]],[[[-82.179454,24.52947],[-82.144099,24.622481],[-82.086643,24.590071],[-82.100757,24.533288],[-82.179454,24.52947]]],[[[-87.634943,30.865857],[-87.598937,30.997422],[-85.002499,31.000682],[-84.864693,30.711542],[-82.218607,30.564395],[-82.180043,30.36861],[-82.094709,30.360766],[-82.040766,30.370144],[-82.028232,30.447385],[-82.032667,30.750674],[-81.943187,30.827437],[-81.42742,30.69802],[-81.434064,30.522569],[-81.256711,29.784693],[-80.966176,29.14796],[-80.583884,28.597705],[-80.525094,28.459454],[-80.587813,28.410856],[-80.606874,28.336484],[-80.589975,28.17799],[-80.046263,26.859238],[-80.035363,26.612346],[-80.109953,25.81826],[-80.154972,25.66549],[-80.229107,25.732509],[-80.337049,25.465621],[-80.31036,25.389707],[-80.234849,25.42196],[-80.176024,25.521154],[-80.163156,25.452184],[-80.358183,25.153228],[-80.651189,24.866131],[-80.966245,24.707852],[-81.103373,24.669463],[-81.148718,24.710477],[-80.610869,25.006995],[-80.516571,25.095457],[-80.495394,25.199808],[-80.747746,25.147441],[-80.812133,25.186039],[-81.079859,25.118797],[-81.170907,25.245857],[-81.146765,25.407577],[-81.289901,25.673554],[-81.355986,25.703526],[-81.38381,25.776751],[-81.614735,25.893977],[-81.672633,25.856654],[-81.727086,25.907207],[-81.844555,26.327712],[-81.923611,26.436658],[-82.075015,26.422059],[-82.180717,26.476257],[-82.314277,26.858384],[-82.743017,27.531086],[-82.65072,27.523115],[-82.43198,27.768092],[-82.448786,27.810036],[-82.553946,27.848462],[-82.733076,27.612972],[-82.746223,27.731306],[-82.846526,27.854301],[-82.828163,28.02013],[-82.859624,28.174135],[-82.764103,28.244345],[-82.665055,28.484434],[-82.668722,28.695658],[-82.712373,28.720921],[-82.730245,28.850155],[-82.688864,28.905609],[-82.759704,29.054192],[-82.823659,29.098902],[-82.798876,29.114504],[-82.827073,29.158425],[-82.996144,29.178074],[-83.016248,29.125371],[-83.053207,29.130839],[-83.074734,29.247975],[-83.169576,29.290355],[-83.240509,29.433178],[-83.401552,29.523291],[-83.414701,29.670536],[-83.537645,29.72306],[-83.679219,29.918513],[-84.000716,30.096209],[-84.20801,30.084776],[-84.366115,30.008662],[-84.349066,29.896812],[-84.535873,29.910092],[-84.57744,29.887828],[-84.564976,29.81018],[-85.045074,29.586991],[-85.259719,29.681296],[-85.352615,29.659787],[-85.416548,29.842628],[-85.38473,29.920949],[-85.811219,30.17832],[-86.222561,30.343585],[-86.632953,30.396299],[-87.518324,30.280435],[-87.366601,30.436643],[-87.444722,30.507484],[-87.400189,30.657201],[-87.634943,30.865857]]]]}},{"type":"Feature","properties":{"state":"GA","name":"Georgia","source":"U.S. Census Bureau cartographic boundary file cb_2023_us_state_20m"},"geometry":{"type":"Polygon","coordinates":[[[-85.605165,34.984678],[-83.108606,35.000659],[-83.140621,34.924915],[-83.323866,34.789712],[-83.33869,34.682002],[-83.048289,34.493254],[-82.873831,34.471508],[-82.715373,34.148165],[-82.556835,33.945353],[-82.32448,33.820033],[-82.161908,33.610643],[-81.926336,33.462937],[-81.932737,33.343541],[-81.846136,33.303843],[-81.846536,33.241746],[-81.763535,33.203648],[-81.755135,33.15155],[-81.50203,33.015113],[-81.499566,32.943722],[-81.42062,32.831223],[-81.397106,32.605587],[-81.194829,32.465086],[-81.133032,32.334794],[-81.153531,32.237687],[-81.113334,32.113205],[-80.84313,32.024226],[-81.130634,31.722692],[-81.133493,31.623348],[-81.279338,31.351127],[-81.282842,31.24433],[-81.402096,31.125383],[-81.444124,30.709714],[-81.732238,30.749635],[-81.943187,30.827437],[-82.032667,30.750674],[-82.028232,30.447385],[-82.040766,30.370144],[-82.094709,30.360766],[-82.180043,30.36861],[-82.218607,30.564395],[-84.864693,30.711542],[-84.91815,30.772082],[-85.035615,31.108192],[-85.107516,31.186451],[-85.041881,31.544684],[-85.12553,31.694965],[-85.141831,31.839261],[-85.067829,31.967358],[-85.058749,32.136018],[-84.891841,32.263398],[-85.008096,32.336677],[-84.971831,32.442843],[-85.1844,32.861317],[-85.605165,34.984678]]]}},{"type":"Feature","properties":{"state":"HI","name":"Hawaii","source":"U.S. Census Bureau cartographic boundary file cb_2023_us_state_20m"},"geometry":{"type":"MultiPolygon","coordinates":[[[[-156.06436884900856,19.730761521084002],[-155.8319528054812,19.982770590346842],[-155.90278482703525,20.177068637042264],[-155.89066782677224,20.255235656948866],[-155.85329781902638,20.27154366206211],[-155.1666296571907,19.937885596832903],[-155.08634563701517,19.855394578225795],[-155.0871226335005,19.728008546245945],[-155.00642761597476,19.739281551156367],[-154.97434660584145,19.63319652536659],[-154.8160135670708,19.500643496141866],[-155.02054160751186,19.331312448543006],[-155.15963963642324,19.268370429272025],[-155.26462365972054,19.274208428062412],[-155.50528570881042,19.137903387874612],[-155.67200973917335,18.917461328674246],[-155.8815547884815,19.03663935294813],[-155.91422079743475,19.099142367654558],[-155.888705799064,19.348026430315183],[-155.97821082640004,19.608154492809703],[-156.06436884900856,19.730761521084002]]],[[[-156.69989502664873,20.92062480049202],[-156.61958601251052,21.027788829686852],[-156.56277799958056,21.016162828446195],[-156.48105997762744,20.8981948012831],[-156.2425599262277,20.93783381813487],[-156.00353686873362,20.79554078926867],[-155.98541786308112,20.744240776906476],[-156.00187486524757,20.69805976485351],[-156.12990289129547,20.627518743544716],[-156.37763794438962,20.578422724204117],[-156.43187695698157,20.59813872758549],[-156.4735669724424,20.790751774592582],[-156.63179900833848,20.821235777619428],[-156.69989502664873,20.92062480049202]]],[[[-156.70227001437624,20.532446703380387],[-156.56714498700052,20.60489072538523],[-156.53964797844066,20.527639706864345],[-156.6688140061176,20.504733697425053],[-156.70227001437624,20.532446703380387]]],[[[-157.05913510550326,20.913402788031387],[-156.937534079152,20.925269794621915],[-156.8084740472292,20.82039177222723],[-156.8383260519421,20.764570757398584],[-156.96789507945212,20.73507574621445],[-157.05913510550326,20.913402788031387]]],[[[-157.31075316726006,21.10162282743466],[-157.2606951605553,21.225679859945018],[-156.7091110366757,21.158650859816074],[-156.80220505412262,21.06709083411854],[-156.8771420700405,21.04929582743279],[-157.0806651166622,21.101971834498208],[-157.31075316726006,21.10162282743466]]],[[[-158.27768439645266,21.57878491597672],[-158.1256153634336,21.586734922868693],[-157.96863333362964,21.712699959322546],[-157.8369502980292,21.529940917944216],[-157.84549529761674,21.466742901912887],[-157.7225112703431,21.459220903921544],[-157.71060526411924,21.358495879170157],[-157.6518052496214,21.313895869885602],[-157.70010525844936,21.263995855935544],[-157.80960528223932,21.257695850941776],[-157.89000530160732,21.30649586057197],[-158.10330534800545,21.2978958516825],[-158.27768439645266,21.57878491597672]]],[[[-159.78375174364348,22.064892985735536],[-159.73054973512285,22.139949006166635],[-159.58106370598833,22.223484032094596],[-159.40247166744578,22.232599040596853],[-159.31229864579703,22.18307803144712],[-159.29301863919565,22.122956017200654],[-159.33768564212156,21.951168973076825],[-159.44487366218496,21.868622948953675],[-159.60328469754006,21.89224394933531],[-159.75480073384986,21.97776796521191],[-159.78375174364348,22.064892985735536]]],[[[-160.2496158344034,21.81514090770677],[-160.19396482673525,21.922381936092563],[-160.0585488004478,21.996375959131402],[-160.07907080082143,21.89607593366722],[-160.1560978163388,21.867925924011722],[-160.20585682351359,21.779513900477912],[-160.2496158344034,21.81514090770677]]]]}},{"type":"Feature","properties":{"state":"IA","name":"Iowa","source":"U.S. Census Bureau cartographic boundary file cb_2023_us_state_20m"},"geometry":{"type":"Polygon","coordinates":[[[-96.624704,42.725497],[-96.500308,42.959391],[-96.511605,43.039927],[-96.439335,43.113916],[-96.475571,43.221054],[-96.522084,43.22096],[-96.578823,43.291095],[-96.530392,43.300034],[-96.521572,43.38564],[-96.594254,43.434153],[-96.598928,43.500457],[-91.217706,43.50055],[-91.207367,43.373659],[-91.05791,43.253968],[-91.175253,43.134665],[-91.138,42.903772],[-91.070716,42.775502],[-90.941567,42.683844],[-90.700856,42.626445],[-90.646727,42.471904],[-90.44632,42.357041],[-90.400653,42.239293],[-90.161159,42.106372],[-90.140613,41.995999],[-90.180643,41.811979],[-90.310708,41.742214],[-90.364128,41.579633],[-90.701159,41.454743],[-91.027787,41.423603],[-91.114186,41.250029],[-90.957246,41.111085],[-90.952233,40.954047],[-91.092993,40.821079],[-91.12082,40.672777],[-91.374252,40.58259],[-91.372921,40.399108],[-91.419422,40.378264],[-91.498093,40.401926],[-91.729115,40.61364],[-95.765645,40.585208],[-95.781909,40.653272],[-95.888697,40.736292],[-95.834156,40.783016],[-95.810709,40.886681],[-95.865878,41.017403],[-95.856788,41.187098],[-95.90969,41.184398],[-95.922529,41.455766],[-95.982962,41.469778],[-96.005079,41.544004],[-96.080493,41.528199],[-96.118105,41.613495],[-96.064537,41.793002],[-96.159098,41.910057],[-96.132537,41.974625],[-96.272877,42.047238],[-96.2689,42.11359],[-96.347752,42.166806],[-96.336003,42.264806],[-96.407998,42.337408],[-96.381307,42.461694],[-96.49297,42.517282],[-96.476952,42.556079],[-96.624704,42.725497]]]}},{"type":"Feature","properties":{"state":"ID","name":"Idaho","source":"U.S. Census Bureau cartographic boundary file cb_2023_us_state_20m"},"geometry":{"type":"Polygon","coordinates":[[[-117.243027,44.390974],[-117.225932,44.479389],[-117.14293,44.557236],[-117.062273,44.727143],[-116.9318,44.787181],[-116.865338,44.870599],[-116.841314,45.030907],[-116.754643,45.113972],[-116.674648,45.314342],[-116.463504,45.615785],[-116.593004,45.778541],[-116.78752,45.840204],[-116.859795,45.907264],[-116.981962,46.084915],[-116.923958,46.17092],[-117.062748,46.353624],[-117.035545,46.410012],[-117.032351,48.999188],[-116.049193,49.000912],[-116.049153,47.999923],[-115.845474,47.814967],[-115.835365,47.760957],[-115.72377,47.696671],[-115.73627,47.654762],[-115.694284,47.62346],[-115.717024,47.532693],[-115.634684,47.48176],[-115.71034,47.417784],[-115.470959,47.284873],[-115.326903,47.255912],[-114.76718,46.738828],[-114.626695,46.712889],[-114.621483,46.658143],[-114.320665,46.646963],[-114.351655,46.508119],[-114.403019,46.498675],[-114.384756,46.411784],[-114.422458,46.387097],[-114.445928,46.173933],[-114.514706,46.167726],[-114.388243,45.88234],[-114.517143,45.835993],[-114.562509,45.779927],[-114.504869,45.722176],[-114.538132,45.606834],[-114.506341,45.559216],[-114.279217,45.480616],[-114.251836,45.537812],[-114.083149,45.603996],[-114.014973,45.654008],[-114.015633,45.696127],[-113.971565,45.700636],[-113.806729,45.602146],[-113.735601,45.325265],[-113.57467,45.128411],[-113.45197,45.059247],[-113.474573,44.910846],[-113.422376,44.842595],[-113.301508,44.798985],[-113.247166,44.82295],[-113.131387,44.764738],[-113.006846,44.471715],[-112.881769,44.380315],[-112.707815,44.503023],[-112.387389,44.448058],[-112.358917,44.528847],[-112.286187,44.568472],[-112.125101,44.528527],[-111.870504,44.564033],[-111.807914,44.511716],[-111.704218,44.560205],[-111.562814,44.555209],[-111.385005,44.755128],[-111.122654,44.493659],[-111.048974,44.474072],[-111.046689,42.001567],[-117.026197,41.99989],[-117.023577,43.823811],[-116.937342,44.029376],[-116.977351,44.085364],[-116.895931,44.154295],[-116.971958,44.235677],[-117.216974,44.288357],[-117.192203,44.32863],[-117.243027,44.390974]]]}},{"type":"Feature","properties":{"state":"IL","name":"Illinois","source":"U.S. Census Bureau cartographic boundary file cb_2023_us_state_20m"},"geometry":{"type":"Polygon","coordinates":[[[-91.5062615151283,40.2001550699717],[-91.469656,40.322409],[-91.372921,40.399108],[-91.374252,40.58259],[-91.12082,40.672777],[-91.092993,40.821079],[-90.952233,40.954047],[-90.957246,41.111085],[-91.114186,41.250029],[-91.027787,41.423603],[-90.701159,41.454743],[-90.461432,41.523533],[-90.339528,41.598633],[-90.310708,41.742214],[-90.180643,41.811979],[-90.140613,41.995999],[-90.161159,42.106372],[-90.400653,42.239293],[-90.44632,42.357041],[-90.646727,42.471904],[-90.642843,42.508481],[-87.800477,42.49192],[-87.834769,42.301522],[-87.682359,42.075729],[-87.60945,41.845233],[-87.524141,41.72399],[-87.531646,39.347888],[-87.600397,39.312904],[-87.577029,39.211123],[-87.640435,39.166727],[-87.572588,39.057286],[-87.579117,39.001607],[-87.529496,38.971925],[-87.54737,38.875614],[-87.498948,38.757774],[-87.62012,38.639489],[-87.654166,38.511911],[-87.831972,38.307241],[-87.968968,38.237389],[-87.927468,38.151946],[-88.030884,38.030713],[-88.016311,37.961574],[-88.067364,37.856051],[-88.02803,37.799224],[-88.160062,37.654332],[-88.062294,37.487837],[-88.465861,37.400547],[-88.514661,37.290948],[-88.424776,37.149901],[-88.476127,37.068223],[-88.931745,37.227593],[-89.058036,37.188767],[-89.168087,37.074218],[-89.132915,36.982057],[-89.359456,37.042606],[-89.517032,37.28192],[-89.428185,37.356158],[-89.42594,37.407471],[-89.5124,37.52981],[-89.521948,37.696475],[-89.851048,37.90398],[-89.923185,37.870672],[-89.974221,37.919217],[-89.95491,37.966647],[-90.218708,38.094365],[-90.363926,38.236355],[-90.349743,38.377609],[-90.18451,38.611551],[-90.20991,38.72605],[-90.113327,38.849306],[-90.395816,38.960037],[-90.467784,38.961809],[-90.555693,38.870785],[-90.657254,38.92027],[-90.713629,39.053977],[-90.681086,39.10059],[-90.72996,39.255894],[-91.03827,39.448436],[-91.100307,39.538695],[-91.367753,39.729029],[-91.361571,39.787548],[-91.436051,39.84551],[-91.5062615151283,40.2001550699717]]]}},{"type":"Feature","properties":{"state":"IN","name":"Indiana","source":"U.S. Census Bureau cartographic boundary file cb_2023_us_state_20m"},"geometry":{"type":"Polygon","coordinates":[[[-88.0594711307875,37.8666875964907],[-88.016311,37.961574],[-88.030884,38.030713],[-87.927468,38.151946],[-87.968968,38.237389],[-87.831972,38.307241],[-87.654166,38.511911],[-87.62012,38.639489],[-87.498948,38.757774],[-87.54737,38.875614],[-87.529496,38.971925],[-87.579117,39.001607],[-87.572588,39.057286],[-87.640435,39.166727],[-87.577029,39.211123],[-87.600397,39.312904],[-87.531646,39.347888],[-87.524044,41.708335],[-87.261536,41.620336],[-86.824828,41.76024],[-84.805883,41.760216],[-84.820157,39.10548],[-84.897171,39.052407],[-84.832617,38.96146],[-84.877762,38.920357],[-84.786406,38.88222],[-84.812877,38.786087],[-84.962535,38.778035],[-85.187278,38.687609],[-85.275454,38.741172],[-85.448862,38.713368],[-85.433136,38.523914],[-85.587758,38.450495],[-85.683561,38.295469],[-85.816164,38.282969],[-85.894764,38.188469],[-85.922395,38.028679],[-86.033386,37.970382],[-86.206439,38.021876],[-86.321274,38.147418],[-86.521825,38.038327],[-86.509368,37.902887],[-86.599848,37.906754],[-86.615215,37.852857],[-86.722247,37.892648],[-86.810913,37.99715],[-87.010315,37.919668],[-87.105614,37.767631],[-87.180063,37.841375],[-87.418585,37.944763],[-87.551277,37.925418],[-87.625851,37.851919],[-87.921744,37.907885],[-87.903804,37.817762],[-87.970262,37.781856],[-88.02803,37.799224],[-88.0594711307875,37.8666875964907]]]}},{"type":"Feature","properties":{"state":"KS","name":"Kansas","source":"U.S. Census Bureau cartographic boundary file cb_2023_us_state_20m"},"geometry":{"type":"Polygon","coordinates":[[[-102.051744,40.003078],[-95.30829,39.999998],[-95.081534,39.861718],[-94.95154,39.900533],[-94.860371,39.74953],[-94.971078,39.723146],[-95.113557,39.553941],[-94.946662,39.399717],[-94.888972,39.392432],[-94.908065,39.323663],[-94.799663,39.206018],[-94.591933,39.155003],[-94.617964,36.998905],[-102.04224,36.993083],[-102.051744,40.003078]]]}},{"type":"Feature","properties":{"state":"KY","name":"Kentucky","source":"U.S. Census Bureau cartographic boundary file cb_2023_us_state_20m"},"geometry":{"type":"Polygon","coordinates":[[[-89.544434,36.57451],[-89.407906,36.562345],[-89.378694,36.622292],[-89.324658,36.624032],[-89.227319,36.569375],[-89.165488,36.662426],[-89.202511,36.716618],[-89.15699,36.755968],[-89.098843,36.95785],[-89.168087,37.074218],[-89.000968,37.224401],[-88.476127,37.068223],[-88.424776,37.149901],[-88.514661,37.290948],[-88.465861,37.400547],[-88.062294,37.487837],[-88.160062,37.654332],[-88.02803,37.799224],[-87.970262,37.781856],[-87.903804,37.817762],[-87.921744,37.907885],[-87.625851,37.851919],[-87.551277,37.925418],[-87.418585,37.944763],[-87.180063,37.841375],[-87.105614,37.767631],[-87.010315,37.919668],[-86.810913,37.99715],[-86.722247,37.892648],[-86.615215,37.852857],[-86.599848,37.906754],[-86.509368,37.902887],[-86.521825,38.038327],[-86.321274,38.147418],[-86.206439,38.021876],[-86.033386,37.970382],[-85.922395,38.028679],[-85.894764,38.188469],[-85.816164,38.282969],[-85.683561,38.295469],[-85.587758,38.450495],[-85.498866,38.468242],[-85.4156,38.546341],[-85.448862,38.713368],[-85.275454,38.741172],[-85.187278,38.687609],[-84.962535,38.778035],[-84.812877,38.786087],[-84.786406,38.88222],[-84.877762,38.920357],[-84.832617,38.96146],[-84.897171,39.052407],[-84.750749,39.147358],[-84.607928,39.073238],[-84.445242,39.114461],[-84.297255,38.989694],[-84.212904,38.805707],[-83.852085,38.751433],[-83.77216,38.65815],[-83.679484,38.630036],[-83.533339,38.702105],[-83.286514,38.599241],[-82.889193,38.756076],[-82.851314,38.604334],[-82.618474,38.477089],[-82.571877,38.315781],[-82.626182,38.134835],[-82.464987,37.976859],[-82.487556,37.916975],[-82.296118,37.686174],[-82.064418,37.544516],[-81.968297,37.537798],[-82.355343,37.26522],[-82.726294,37.111852],[-82.722254,37.057948],[-82.869183,36.974182],[-82.895445,36.882145],[-83.07559,36.850589],[-83.136395,36.743088],[-83.527112,36.665985],[-83.690714,36.582581],[-86.507771,36.652445],[-87.853204,36.633247],[-87.849567,36.663701],[-88.070532,36.678118],[-88.050466,36.500053],[-89.539232,36.497934],[-89.571481,36.538087],[-89.544434,36.57451]]]}},{"type":"Feature","properties":{"state":"LA","name":"Louisiana","source":"U.S. Census Bureau cartographic boundary file cb_2023_us_state_20m"},"geometry":{"type":"Polygon","coordinates":[[[-94.041833,31.992402],[-94.042964,33.019219],[-91.166073,33.004106],[-91.072075,32.937832],[-91.157614,32.776033],[-91.056999,32.72558],[-91.098762,32.685291],[-91.011275,32.516596],[-91.060516,32.512361],[-91.052907,32.438442],[-90.965986,32.424806],[-90.986672,32.35176],[-90.92117,32.342073],[-90.991227,32.214662],[-91.108509,32.20815],[-91.034707,32.101053],[-91.080808,32.023456],[-91.17741,31.973257],[-91.18111,31.920059],[-91.290135,31.833658],[-91.345714,31.842861],[-91.318576,31.745315],[-91.380915,31.732464],[-91.395715,31.644165],[-91.463817,31.620365],[-91.437616,31.546166],[-91.51714,31.498394],[-91.536061,31.338355],[-91.508858,31.291644],[-91.644356,31.234414],[-91.590051,31.193693],[-91.621671,31.13687],[-91.560365,31.049508],[-91.636942,30.999416],[-89.728147,31.002431],[-89.836331,30.727197],[-89.821868,30.644024],[-89.607655,30.217096],[-89.524504,30.180753],[-89.845065,30.01841],[-89.852583,29.952721],[-89.647064,29.863602],[-89.598129,29.881409],[-89.574425,29.983738],[-89.494064,30.040972],[-89.342163,30.059172],[-89.183256,30.149344],[-89.236298,29.877081],[-89.293251,29.803053],[-89.271034,29.756355],[-89.399162,29.770592],[-89.403956,29.681808],[-89.602109,29.610295],[-89.53215,29.434567],[-89.200389,29.344418],[-89.116653,29.219532],[-89.025974,29.215153],[-89.01428,29.166913],[-89.066617,29.090714],[-89.11653,29.074097],[-89.142866,28.991623],[-89.259354,29.058358],[-89.400966,28.933812],[-89.40353,29.016964],[-89.361098,29.071848],[-89.482844,29.215053],[-89.639663,29.290531],[-89.842641,29.318823],[-90.223587,29.085075],[-90.867853,29.056064],[-90.941877,29.162373],[-91.278792,29.247776],[-91.334885,29.298775],[-91.265452,29.360976],[-91.363967,29.420664],[-91.394307,29.497115],[-91.460963,29.469961],[-91.531021,29.531543],[-91.541974,29.594353],[-91.643832,29.630625],[-91.623829,29.69924],[-91.667128,29.745822],[-91.85307,29.702936],[-91.873266,29.627277],[-91.711081,29.569328],[-91.821579,29.473925],[-92.064513,29.585665],[-92.323465,29.531497],[-92.568038,29.577397],[-93.17693,29.770487],[-93.538462,29.763299],[-93.837971,29.690619],[-93.929208,29.802952],[-93.70394,30.054291],[-93.70719,30.275513],[-93.760328,30.329924],[-93.702665,30.429947],[-93.729195,30.544842],[-93.629904,30.67994],[-93.530936,30.924534],[-93.535097,31.185614],[-93.602443,31.182541],[-93.613942,31.259375],[-93.67544,31.30104],[-93.668146,31.375103],[-93.749476,31.46869],[-93.725925,31.504092],[-93.834924,31.586211],[-93.803419,31.700686],[-93.85339,31.805467],[-94.041833,31.992402]]]}},{"type":"Feature","properties":{"state":"MA","name":"Massachusetts","source":"U.S. Census Bureau cartographic boundary file cb_2023_us_state_20m"},"geometry":{"type":"MultiPolygon","coordinates":[[[[-70.275526,41.310464],[-70.079133,41.319504],[-70.049053,41.391702],[-69.984869,41.358818],[-69.960181,41.264546],[-70.211479,41.248765],[-70.275526,41.310464]]],[[[-70.833802,41.353386],[-70.757797,41.365702],[-70.603555,41.482384],[-70.463833,41.419145],[-70.448262,41.353651],[-70.693635,41.342833],[-70.821284,41.251014],[-70.833802,41.353386]]],[[[-73.508142,42.086257],[-73.264957,42.74594],[-71.294205,42.69699],[-71.181803,42.73759],[-71.149703,42.815489],[-71.064201,42.806289],[-71.031201,42.859089],[-70.817296,42.87229],[-70.772267,42.711064],[-70.72982,42.669602],[-70.602506,42.677702],[-70.594014,42.63503],[-70.654727,42.582234],[-70.848492,42.550195],[-70.835991,42.490496],[-70.913192,42.427697],[-70.982994,42.423996],[-70.997838,42.321205],[-70.967351,42.268168],[-70.881242,42.300663],[-70.73056,42.21094],[-70.63848,42.081579],[-70.662476,41.960592],[-70.546386,41.916751],[-70.54103,41.815754],[-70.441718,41.752898],[-70.272289,41.721346],[-70.024734,41.787364],[-70.006111,41.852396],[-70.06901,41.884924],[-70.083775,42.012041],[-70.190834,42.020028],[-70.245385,42.063733],[-70.138942,42.092907],[-70.049382,42.064689],[-69.935952,41.809422],[-69.931129,41.622659],[-69.964982,41.55111],[-70.011229,41.543931],[-70.007011,41.671579],[-70.321588,41.630508],[-70.948431,41.409193],[-70.934986,41.454699],[-70.698197,41.559002],[-70.695392,41.602546],[-70.765463,41.641575],[-70.981708,41.51007],[-71.12057,41.497448],[-71.132888,41.660102],[-71.329396,41.7826],[-71.339298,41.893399],[-71.3817,41.893199],[-71.381401,42.018798],[-72.735496,42.036399],[-72.810078,41.998316],[-72.847142,42.036894],[-73.487314,42.049638],[-73.508142,42.086257]]]]}},{"type":"Feature","properties":{"state":"MD","name":"Maryland","source":"U.S. Census Bureau cartographic boundary file cb_2023_us_state_20m"},"geometry":{"type":"MultiPolygon","coordinates":[[[[-76.046213,38.025533],[-75.980089,38.004891],[-75.984648,37.938121],[-76.04653,37.953586],[-76.046213,38.025533]]],[[[-79.486873,39.205961],[-79.476662,39.721078],[-75.788596,39.722199],[-75.693721,38.460128],[-75.048939,38.451263],[-75.242266,38.027209],[-75.624341,37.994211],[-75.669711,37.950796],[-75.783815,37.972594],[-75.892686,37.916848],[-75.86381,38.100968],[-75.937089,38.124209],[-75.942375,38.187066],[-75.864104,38.200858],[-75.888513,38.241423],[-76.038935,38.254932],[-76.005904,38.07717],[-76.095548,38.125123],[-76.088639,38.192649],[-76.257667,38.324855],[-76.33636,38.492235],[-76.277461,38.541851],[-76.279589,38.60952],[-76.165435,38.6102],[-76.175159,38.673236],[-76.238725,38.712845],[-76.347998,38.686234],[-76.340543,38.730338],[-76.39035,38.757004],[-76.271575,38.851771],[-76.19109,38.82966],[-76.203638,38.928382],[-76.317947,38.911312],[-76.376202,38.850461],[-76.361727,38.939175],[-76.301847,39.039651],[-76.231765,39.018518],[-76.278527,39.145764],[-76.159673,39.335909],[-76.00688,39.414527],[-76.012312,39.453115],[-76.525785,39.177908],[-76.428681,39.131709],[-76.39408,39.011311],[-76.471281,38.956512],[-76.45028,38.941113],[-76.516944,38.851157],[-76.489878,38.838715],[-76.558743,38.756352],[-76.492699,38.482849],[-76.393378,38.389477],[-76.392668,38.239663],[-76.320136,38.138339],[-76.322093,38.036503],[-76.590637,38.214212],[-76.864292,38.268945],[-76.975492,38.347327],[-77.016371,38.445572],[-77.211188,38.380662],[-77.259962,38.435821],[-77.246584,38.538341],[-77.129084,38.614364],[-77.132501,38.673816],[-77.053199,38.709915],[-77.039006,38.791645],[-76.909393,38.892852],[-77.041018,38.995548],[-77.119759,38.934343],[-77.249803,38.985909],[-77.248403,39.026909],[-77.462617,39.076248],[-77.521222,39.161057],[-77.459883,39.218682],[-77.588235,39.301955],[-77.719519,39.321314],[-77.829814,39.587288],[-78.006734,39.601337],[-78.08226,39.671166],[-78.382959,39.622246],[-78.460951,39.525987],[-78.590654,39.530192],[-78.707098,39.555857],[-78.77114,39.638387],[-78.956751,39.440264],[-79.091329,39.472407],[-79.283723,39.30964],[-79.486873,39.205961]]]]}},{"type":"Feature","properties":{"state":"ME","name":"Maine","source":"U.S. Census Bureau cartographic boundary file cb_2023_us_state_20m"},"geometry":{"type":"MultiPolygon","coordinates":[[[[-68.944433,43.835326],[-68.874784,43.904715],[-68.849009,43.849841],[-68.888483,43.803781],[-68.944433,43.835326]]],[[[-71.083924,45.305451],[-71.012757,45.34476],[-70.949365,45.331536],[-70.892822,45.239172],[-70.84443,45.234513],[-70.808613,45.311606],[-70.825612,45.400305],[-70.781471,45.431159],[-70.634661,45.383608],[-70.723396,45.510394],[-70.552793,45.667836],[-70.383552,45.734869],[-70.415684,45.786158],[-70.259117,45.890755],[-70.317629,46.01908],[-70.239566,46.142762],[-70.290896,46.185838],[-70.207415,46.331316],[-70.053748,46.429236],[-69.997086,46.69523],[-69.219996,47.457159],[-69.039301,47.42217],[-69.0402,47.2451],[-68.900985,47.178519],[-68.604819,47.249418],[-68.588725,47.281721],[-68.375615,47.292268],[-68.361559,47.355605],[-68.26971,47.353733],[-67.952269,47.196142],[-67.789761,47.065744],[-67.779984,45.938163],[-67.750422,45.917898],[-67.803678,45.869379],[-67.763955,45.829983],[-67.803626,45.781624],[-67.803313,45.677886],[-67.710464,45.679372],[-67.675417,45.630959],[-67.534919,45.595428],[-67.455406,45.604665],[-67.417417,45.501985],[-67.476855,45.49724],[-67.427243,45.37369],[-67.480256,45.268185],[-67.339869,45.125594],[-67.271076,45.191081],[-67.161247,45.162879],[-66.949895,44.817419],[-67.293403,44.599265],[-67.448513,44.600322],[-67.521168,44.50991],[-67.503208,44.476918],[-67.579726,44.429131],[-67.653123,44.525823],[-67.793589,44.494779],[-67.899571,44.394078],[-68.01399,44.390255],[-68.049334,44.33073],[-68.125624,44.387127],[-68.189155,44.373833],[-68.173608,44.328397],[-68.22949,44.266918],[-68.17433,44.225908],[-68.306519,44.234829],[-68.331032,44.10758],[-68.502942,44.099722],[-68.584101,44.071589],[-68.617085,44.010097],[-68.657031,44.003823],[-68.669383,44.076359],[-68.874139,44.025359],[-68.935327,44.13038],[-68.888597,44.15955],[-68.95189,44.218719],[-69.040193,44.233673],[-69.075667,44.129991],[-69.031878,44.079036],[-69.077028,43.973654],[-69.17498,43.976949],[-69.321031,43.856708],[-69.393288,43.95642],[-69.50329,43.837673],[-69.717074,43.792403],[-69.833471,43.701281],[-69.915593,43.775112],[-70.096039,43.672276],[-70.168227,43.675136],[-70.206123,43.557627],[-70.361214,43.52919],[-70.385615,43.487031],[-70.327303,43.458521],[-70.416311,43.361059],[-70.553854,43.321886],[-70.596185,43.163466],[-70.703818,43.059825],[-70.8281,43.129086],[-70.813119,43.217252],[-70.984335,43.376128],[-70.954755,43.509802],[-71.083924,45.305451]]]]}},{"type":"Feature","properties":{"state":"MI","name":"Michigan","source":"U.S. Census Bureau cartographic boundary file cb_2023_us_state_20m"},"geometry":{"type":"MultiPolygon","coordinates":[[[[-84.61622,45.89447],[-84.517895,45.828543],[-84.35602,45.771895],[-84.394038,45.727623],[-84.484128,45.73071],[-84.650783,45.85921],[-84.61622,45.89447]]],[[[-85.701809,45.736129],[-85.524448,45.829794],[-85.360952,45.817554],[-85.509276,45.596475],[-85.561634,45.572213],[-85.622741,45.586028],[-85.701809,45.736129]]],[[[-86.154824,45.002394],[-86.04443,45.159582],[-85.954021,45.119281],[-86.081487,44.990096],[-86.154824,45.002394]]],[[[-86.824828,41.76024],[-86.597899,41.918291],[-86.356218,42.254166],[-86.240642,42.54],[-86.208309,42.762789],[-86.226305,42.988284],[-86.540787,43.644593],[-86.431198,43.84072],[-86.514702,44.058119],[-86.26871,44.345324],[-86.220697,44.566742],[-86.248474,44.699046],[-86.089186,44.741496],[-86.058862,44.911012],[-85.980219,44.906136],[-85.9316,44.968788],[-85.854304,44.938147],[-85.780439,44.977932],[-85.633124,45.170899],[-85.551072,45.210742],[-85.56613,45.043633],[-85.520034,44.973996],[-85.475204,44.991053],[-85.380659,45.046319],[-85.371593,45.270834],[-85.196704,45.360641],[-84.959119,45.375973],[-84.912956,45.409776],[-85.040936,45.436701],[-85.109252,45.521626],[-85.119737,45.569026],[-85.061488,45.639505],[-84.97095,45.686334],[-85.014509,45.760329],[-84.866976,45.752066],[-84.772765,45.789301],[-84.46168,45.652404],[-84.329537,45.66438],[-84.196043,45.621456],[-84.095905,45.497298],[-83.909472,45.485784],[-83.599273,45.352561],[-83.488826,45.355872],[-83.385104,45.274195],[-83.405914,45.227157],[-83.265896,45.026844],[-83.442052,45.051056],[-83.438856,44.940843],[-83.320503,44.880571],[-83.276836,44.689354],[-83.336988,44.332919],[-83.442731,44.265361],[-83.524817,44.261558],[-83.58409,44.056748],[-83.679654,44.036365],[-83.693214,43.98877],[-83.869406,43.960719],[-83.94774,43.735165],[-83.909479,43.672622],[-83.817894,43.673789],[-83.683351,43.590584],[-83.51234,43.733726],[-83.407146,43.919807],[-82.928884,44.069389],[-82.793205,44.023247],[-82.633641,43.831224],[-82.523086,43.225361],[-82.415937,43.005555],[-82.509935,42.637294],[-82.583996,42.554041],[-82.679059,42.52221],[-82.706371,42.621107],[-82.639701,42.661233],[-82.707885,42.675497],[-82.801022,42.629545],[-82.755927,42.564415],[-82.859316,42.541935],[-82.92397,42.352068],[-83.096521,42.290138],[-83.133511,42.088143],[-83.441668,41.808646],[-83.424076,41.740738],[-83.453832,41.732647],[-84.806082,41.696089],[-84.805883,41.760216],[-86.824828,41.76024]]],[[[-89.255202,47.876102],[-88.631908,48.148307],[-88.425162,48.21065],[-88.427373,48.166764],[-88.55044,48.102111],[-88.579172,48.040758],[-88.852923,47.965322],[-88.898986,47.900685],[-89.157738,47.824015],[-89.255202,47.876102]]],[[[-90.418136,46.566094],[-90.04542,46.668272],[-89.831956,46.804053],[-89.415154,46.843983],[-89.142595,46.984859],[-88.959409,47.008496],[-88.88914,47.100575],[-88.217822,47.448738],[-87.801184,47.473301],[-87.591498,47.424113],[-87.604704,47.388625],[-87.941613,47.390073],[-87.94336,47.335899],[-88.194218,47.209242],[-88.340052,47.080494],[-88.477935,46.85056],[-88.143688,46.966665],[-88.065192,46.918563],[-87.900339,46.909686],[-87.595307,46.78295],[-87.503025,46.647497],[-87.381649,46.580059],[-87.366767,46.507303],[-86.976958,46.526581],[-86.810967,46.449663],[-86.695645,46.555026],[-86.557731,46.487434],[-86.138295,46.672935],[-85.482096,46.680432],[-85.25686,46.75338],[-84.964652,46.772845],[-85.028291,46.675125],[-85.027374,46.553756],[-84.969464,46.47629],[-84.678423,46.487694],[-84.493401,46.440313],[-84.420274,46.501077],[-84.293016,46.492803],[-84.193729,46.53992],[-84.117925,46.517619],[-84.114941,46.174114],[-83.882303,46.042065],[-83.815826,46.108529],[-83.598612,46.090085],[-83.480639,45.996164],[-83.526347,45.918636],[-83.583052,45.915919],[-84.080071,45.970822],[-84.376429,45.931962],[-84.480436,45.977764],[-84.734002,45.907026],[-84.706383,45.848658],[-84.792763,45.858691],[-85.003597,46.00613],[-85.381394,46.082044],[-85.540858,46.079581],[-85.697203,45.960158],[-85.810442,45.980087],[-85.913769,45.919439],[-86.072067,45.965313],[-86.278007,45.942057],[-86.349134,45.83416],[-86.54143,45.70811],[-86.636895,45.542053],[-86.712328,45.610939],[-86.705184,45.690901],[-86.647319,45.732618],[-86.773279,45.811385],[-86.838746,45.722307],[-86.964275,45.672761],[-87.070442,45.718779],[-87.172241,45.661788],[-87.590208,45.095264],[-87.741805,45.197051],[-87.657349,45.368752],[-87.863489,45.35302],[-87.777671,45.609204],[-87.824676,45.653211],[-87.781007,45.673934],[-87.879812,45.754843],[-88.105518,45.798839],[-88.135067,45.821694],[-88.073944,45.875593],[-88.115346,45.922211],[-88.526673,46.020822],[-88.65776,45.989287],[-89.09163,46.138505],[-90.120489,46.336852],[-90.214866,46.499947],[-90.418136,46.566094]]]]}},{"type":"Feature","properties":{"state":"MN","name":"Minnesota","source":"U.S. Census Bureau cartographic boundary file cb_2023_us_state_20m"},"geometry":{"type":"Polygon","coordinates":[[[-97.229039,49.000687],[-95.153711,48.998903],[-95.153314,49.384358],[-94.952111,49.368679],[-94.816222,49.320987],[-94.683069,48.883929],[-94.694312,48.789352],[-94.508862,48.700362],[-94.281797,48.705255],[-94.250191,48.656323],[-93.844008,48.629395],[-93.815178,48.526508],[-93.467504,48.545664],[-93.464308,48.591792],[-93.347528,48.62662],[-92.954876,48.631493],[-92.728046,48.53929],[-92.634931,48.542873],[-92.657101,48.466915],[-92.456325,48.414204],[-92.469948,48.351836],[-92.369174,48.220268],[-92.314665,48.240527],[-92.26228,48.354933],[-92.055228,48.359213],[-91.980772,48.247801],[-91.714931,48.19913],[-91.692366,48.11933],[-91.559272,48.108268],[-91.542512,48.053268],[-91.250112,48.084087],[-90.843624,48.243576],[-90.775962,48.122229],[-90.703702,48.096009],[-90.136191,48.112136],[-89.868153,47.989898],[-89.749314,48.023325],[-89.489226,48.014528],[-89.974296,47.830514],[-90.735927,47.624343],[-91.023124,47.464964],[-91.456965,47.139156],[-92.062088,46.804038],[-92.01529,46.706469],[-92.143338,46.731596],[-92.205492,46.664741],[-92.292192,46.663242],[-92.294033,46.074377],[-92.35176,46.015685],[-92.656125,45.924442],[-92.869689,45.715142],[-92.881136,45.573409],[-92.756906,45.557499],[-92.646768,45.437929],[-92.761868,45.284938],[-92.740509,45.113396],[-92.802911,45.065403],[-92.750802,44.941567],[-92.805287,44.768361],[-92.54928,44.577704],[-92.361518,44.558935],[-92.232472,44.445434],[-91.9636,44.362112],[-91.817302,44.164235],[-91.573283,44.026901],[-91.440536,44.001501],[-91.243955,43.773046],[-91.273252,43.666623],[-91.217706,43.50055],[-96.45326,43.50039],[-96.457781,45.30761],[-96.521787,45.375645],[-96.710786,45.43693],[-96.851621,45.619412],[-96.587093,45.816445],[-96.554507,46.083978],[-96.60104,46.319554],[-96.709095,46.435294],[-96.790523,46.63688],[-96.763973,46.912507],[-96.833504,47.01011],[-96.854073,47.57201],[-97.146745,48.168556],[-97.149122,48.532305],[-97.100009,48.667926],[-97.229039,49.000687]]]}},{"type":"Feature","properties":{"state":"MO","name":"Missouri","source":"U.S. Census Bureau cartographic boundary file cb_2023_us_state_20m"},"geometry":{"type":"Polygon","coordinates":[[[-95.765645,40.585208],[-91.729115,40.61364],[-91.498093,40.401926],[-91.419422,40.378264],[-91.511956,40.170441],[-91.436051,39.84551],[-91.361571,39.787548],[-91.367753,39.729029],[-91.100307,39.538695],[-91.03827,39.448436],[-90.72996,39.255894],[-90.681086,39.10059],[-90.713629,39.053977],[-90.657254,38.92027],[-90.555693,38.870785],[-90.467784,38.961809],[-90.395816,38.960037],[-90.113327,38.849306],[-90.20991,38.72605],[-90.18451,38.611551],[-90.349743,38.377609],[-90.363926,38.236355],[-90.218708,38.094365],[-89.95491,37.966647],[-89.974221,37.919217],[-89.923185,37.870672],[-89.851048,37.90398],[-89.521948,37.696475],[-89.5124,37.52981],[-89.42594,37.407471],[-89.428185,37.356158],[-89.517032,37.28192],[-89.359456,37.042606],[-89.098843,36.95785],[-89.15699,36.755968],[-89.202511,36.716618],[-89.165488,36.662426],[-89.227319,36.569375],[-89.324658,36.624032],[-89.378694,36.622292],[-89.407906,36.562345],[-89.544434,36.57451],[-89.571481,36.538087],[-89.51038,36.378356],[-89.522695,36.344789],[-89.600544,36.342985],[-89.611819,36.309088],[-89.554289,36.277751],[-89.69263,36.224959],[-89.592102,36.135637],[-89.733095,36.000608],[-90.368718,35.995812],[-90.294492,36.112949],[-90.06398,36.303038],[-90.066136,36.386272],[-90.131038,36.415069],[-90.153871,36.495344],[-94.617919,36.499414],[-94.591933,39.155003],[-94.799663,39.206018],[-94.908065,39.323663],[-94.888972,39.392432],[-94.946662,39.399717],[-95.113557,39.553941],[-94.971078,39.723146],[-94.860371,39.74953],[-94.878677,39.826522],[-94.95154,39.900533],[-95.081534,39.861718],[-95.382957,40.027112],[-95.414734,40.06982],[-95.394216,40.108263],[-95.48102,40.188524],[-95.472548,40.236078],[-95.653729,40.322582],[-95.649418,40.396149],[-95.765645,40.585208]]]}},{"type":"Feature","properties":{"state":"MS","name":"Mississippi","source":"U.S. Census Bureau cartographic boundary file cb_2023_us_state_20m"},"geometry":{"type":"Polygon","coordinates":[[[-91.644356,31.234414],[-91.508858,31.291644],[-91.536061,31.338355],[-91.51714,31.498394],[-91.437616,31.546166],[-91.463817,31.620365],[-91.395715,31.644165],[-91.380915,31.732464],[-91.318576,31.745315],[-91.345714,31.842861],[-91.290135,31.833658],[-91.18111,31.920059],[-91.17741,31.973257],[-91.117409,31.987057],[-91.034707,32.101053],[-91.108509,32.20815],[-90.991227,32.214662],[-90.92117,32.342073],[-90.986672,32.35176],[-90.965986,32.424806],[-91.052907,32.438442],[-91.060516,32.512361],[-91.011275,32.516596],[-91.098762,32.685291],[-91.056999,32.72558],[-91.157614,32.776033],[-91.072075,32.937832],[-91.166073,33.004106],[-91.120379,33.05453],[-91.180836,33.098364],[-91.104317,33.131598],[-91.068708,33.232936],[-91.125539,33.280255],[-91.113764,33.393124],[-91.215671,33.529423],[-91.130902,33.610919],[-91.178311,33.651109],[-91.10098,33.660551],[-91.075389,33.714403],[-91.143287,33.747141],[-91.026782,33.763642],[-91.061247,33.877505],[-91.035961,33.943758],[-91.088696,33.961334],[-90.89242,34.02686],[-90.874541,34.072041],[-90.946323,34.109374],[-90.882701,34.184364],[-90.89456,34.22438],[-90.752681,34.289266],[-90.765174,34.342818],[-90.660404,34.33576],[-90.575336,34.415152],[-90.549244,34.568101],[-90.587224,34.615732],[-90.463795,34.834923],[-90.250095,34.90732],[-90.309297,34.995694],[-88.200064,34.995634],[-88.097888,34.892202],[-88.46866,31.933173],[-88.409927,30.342115],[-88.471875,30.32002],[-88.971233,30.390798],[-89.344746,30.293196],[-89.524504,30.180753],[-89.607655,30.217096],[-89.821868,30.644024],[-89.836331,30.727197],[-89.728147,31.002431],[-91.636942,30.999416],[-91.560365,31.049508],[-91.621671,31.13687],[-91.590051,31.193693],[-91.644356,31.234414]]]}},{"type":"Feature","properties":{"state":"MT","name":"Montana","source":"U.S. Census Bureau cartographic boundary file cb_2023_us_state_20m"},"geometry":{"type":"Polygon","coordinates":[[[-116.049193,49.000912],[-104.048736,48.999877],[-104.039138,44.99852],[-111.044275,45.001345],[-111.048974,44.474072],[-111.122654,44.493659],[-111.385005,44.755128],[-111.562814,44.555209],[-111.704218,44.560205],[-111.807914,44.511716],[-111.870504,44.564033],[-112.125101,44.528527],[-112.286187,44.568472],[-112.358917,44.528847],[-112.387389,44.448058],[-112.707815,44.503023],[-112.881769,44.380315],[-113.006846,44.471715],[-113.131387,44.764738],[-113.247166,44.82295],[-113.301508,44.798985],[-113.422376,44.842595],[-113.474573,44.910846],[-113.45197,45.059247],[-113.57467,45.128411],[-113.735601,45.325265],[-113.806729,45.602146],[-113.971565,45.700636],[-114.015633,45.696127],[-114.014973,45.654008],[-114.083149,45.603996],[-114.251836,45.537812],[-114.279217,45.480616],[-114.506341,45.559216],[-114.538132,45.606834],[-114.504869,45.722176],[-114.562509,45.779927],[-114.517143,45.835993],[-114.388243,45.88234],[-114.514706,46.167726],[-114.445928,46.173933],[-114.422458,46.387097],[-114.384756,46.411784],[-114.403019,46.498675],[-114.351655,46.508119],[-114.320665,46.646963],[-114.621483,46.658143],[-114.626695,46.712889],[-114.76718,46.738828],[-115.326903,47.255912],[-115.470959,47.284873],[-115.71034,47.417784],[-115.634684,47.48176],[-115.717024,47.532693],[-115.694284,47.62346],[-115.73627,47.654762],[-115.72377,47.696671],[-115.835365,47.760957],[-115.845474,47.814967],[-116.049153,47.999923],[-116.049193,49.000912]]]}},{"type":"Feature","properties":{"state":"NC","name":"North Carolina","source":"U.S. Census Bureau cartographic boundary file cb_2023_us_state_20m"},"geometry":{"type":"Polygon","coordinates":[[[-84.2865983787409,35.2057582184959],[-84.223718,35.269078],[-84.097508,35.247382],[-84.02351,35.295783],[-84.021782,35.407418],[-83.771736,35.562118],[-83.498335,35.562981],[-83.161537,35.763363],[-82.978414,35.78261],[-82.899718,35.874602],[-82.910608,35.92693],[-82.81613,35.923986],[-82.779397,35.992511],[-82.628365,36.062105],[-82.595525,36.026012],[-82.610885,35.974442],[-82.557874,35.953901],[-82.297655,36.13351],[-82.211251,36.159012],[-82.127146,36.104417],[-82.02874,36.124322],[-81.908137,36.302013],[-81.833202,36.347339],[-81.705966,36.338496],[-81.734312,36.413342],[-81.677535,36.588117],[-80.295243,36.543973],[-75.867044,36.550754],[-75.79641,36.290351],[-75.458659,35.596597],[-75.533627,35.225825],[-75.757916,35.183079],[-76.137269,34.987858],[-76.386804,34.784579],[-76.535946,34.588577],[-76.618719,34.67255],[-76.906257,34.68282],[-77.136843,34.632926],[-77.462922,34.471354],[-77.764022,34.245641],[-77.960172,33.853315],[-78.136952,33.912178],[-78.276147,33.912364],[-78.541087,33.851112],[-79.675299,34.804744],[-80.796997,34.823874],[-80.782042,34.935782],[-80.93495,35.107409],[-81.041489,35.044703],[-81.04287,35.149248],[-82.411301,35.202483],[-82.746431,35.079131],[-83.108606,35.000659],[-84.321869,34.988408],[-84.2865983787409,35.2057582184959]]]}},{"type":"Feature","properties":{"state":"ND","name":"North Dakota","source":"U.S. Census Bureau cartographic boundary file cb_2023_us_state_20m"},"geometry":{"type":"Polygon","coordinates":[[[-104.048736,48.999877],[-97.229039,49.000687],[-97.100009,48.667926],[-97.149122,48.532305],[-97.146745,48.168556],[-96.854073,47.57201],[-96.833504,47.01011],[-96.763973,46.912507],[-96.790523,46.63688],[-96.709095,46.435294],[-96.60104,46.319554],[-96.563672,45.935245],[-104.045443,45.94531],[-104.048736,48.999877]]]}},{"type":"Feature","properties":{"state":"NE","name":"Nebraska","source":"U.S. Census Bureau cartographic boundary file cb_2023_us_state_20m"},"geometry":{"type":"Polygon","coordinates":[[[-104.053249,41.001406],[-104.053127,43.000585],[-98.49855,42.99856],[-98.434503,42.929227],[-98.14806,42.840013],[-98.035034,42.764205],[-97.950147,42.769619],[-97.857957,42.865093],[-97.302075,42.86566],[-97.131331,42.771929],[-96.697639,42.659143],[-96.7093,42.603753],[-96.611489,42.506088],[-96.381307,42.461694],[-96.407998,42.337408],[-96.336003,42.264806],[-96.347752,42.166806],[-96.2689,42.11359],[-96.272877,42.047238],[-96.132537,41.974625],[-96.159098,41.910057],[-96.064537,41.793002],[-96.118105,41.613495],[-96.080493,41.528199],[-96.005079,41.544004],[-95.982962,41.469778],[-95.922529,41.455766],[-95.90969,41.184398],[-95.856788,41.187098],[-95.865878,41.017403],[-95.810709,40.886681],[-95.834156,40.783016],[-95.888697,40.736292],[-95.748626,40.603355],[-95.75711,40.52599],[-95.694726,40.493602],[-95.653729,40.322582],[-95.472548,40.236078],[-95.48102,40.188524],[-95.394216,40.108263],[-95.414734,40.06982],[-95.30829,39.999998],[-102.051744,40.003078],[-102.051614,41.002377],[-104.053249,41.001406]]]}},{"type":"Feature","properties":{"state":"NH","name":"New Hampshire","source":"U.S. Census Bureau cartographic boundary file cb_2023_us_state_20m"},"geometry":{"type":"Polygon","coordinates":[[[-72.556112,42.866252],[-72.532186,42.954945],[-72.444977,43.004416],[-72.37944,43.574069],[-72.183333,43.808177],[-72.036883,44.103119],[-72.046302,44.291983],[-71.818838,44.352939],[-71.579974,44.501778],[-71.551722,44.627598],[-71.626909,44.747224],[-71.494403,44.911837],[-71.531605,44.976023],[-71.405636,45.198139],[-71.438546,45.239004],[-71.283684,45.301977],[-71.13943,45.242958],[-71.083924,45.305451],[-70.954755,43.509802],[-70.984335,43.376128],[-70.813119,43.217252],[-70.8281,43.129086],[-70.703818,43.059825],[-70.817296,42.87229],[-71.031201,42.859089],[-71.064201,42.806289],[-71.149703,42.815489],[-71.181803,42.73759],[-71.294205,42.69699],[-72.458519,42.726853],[-72.556112,42.866252]]]}},{"type":"Feature","properties":{"state":"NJ","name":"New Jersey","source":"U.S. Census Bureau cartographic boundary file cb_2023_us_state_20m"},"geometry":{"type":"Polygon","coordinates":[[[-75.559446,39.629812],[-75.415062,39.801919],[-75.13342,39.896213],[-75.11922,39.965412],[-74.721604,40.15381],[-74.969597,40.39977],[-75.056102,40.416066],[-75.078503,40.548296],[-75.186737,40.569406],[-75.177477,40.764225],[-75.108505,40.791094],[-75.065438,40.885682],[-75.133086,40.980179],[-74.905256,41.155668],[-74.815703,41.296151],[-74.694914,41.357423],[-73.893979,40.997197],[-74.047313,40.690466],[-74.202247,40.630903],[-74.260611,40.502436],[-74.261889,40.464706],[-74.206188,40.440707],[-74.047884,40.418908],[-73.997943,40.476668],[-73.976982,40.408508],[-74.101443,39.756173],[-74.36699,39.402017],[-74.646595,39.212002],[-74.807917,38.985948],[-74.864458,38.94041],[-74.967274,38.933413],[-74.885914,39.143627],[-74.905181,39.174945],[-75.048487,39.215222],[-75.136667,39.181883],[-75.536431,39.460559],[-75.512732,39.578],[-75.559446,39.629812]]]}},{"type":"Feature","properties":{"state":"NM","name":"New Mexico","source":"U.S. Census Bureau cartographic boundary file cb_2023_us_state_20m"},"geometry":{"type":"Polygon","coordinates":[[[-109.050044,31.332502],[-109.045223,36.999084],[-103.002199,37.000104],[-103.002434,36.500397],[-103.041924,36.500439],[-103.064423,32.000518],[-106.618486,32.000495],[-106.63588,31.871514],[-106.528242,31.783148],[-108.208394,31.783599],[-108.208573,31.333395],[-109.050044,31.332502]]]}},{"type":"Feature","properties":{"state":"NV","name":"Nevada","source":"U.S. Census Bureau cartographic boundary file cb_2023_us_state_20m"},"geometry":{"type":"Polygon","coordinates":[[[-120.001014,38.999574],[-119.999168,41.99454],[-114.041723,41.99372],[-114.046838,36.194069],[-114.151725,36.024563],[-114.21369,36.015613],[-114.316109,36.063109],[-114.372106,36.143114],[-114.572031,36.15161],[-114.736165,36.104367],[-114.731159,35.943916],[-114.669687,35.865084],[-114.70371,35.814585],[-114.689407,35.651412],[-114.653406,35.610789],[-114.6645,35.449497],[-114.572747,35.138725],[-114.619905,35.121632],[-114.633487,35.001857],[-117.244917,37.030244],[-120.001014,38.999574]]]}},{"type":"Feature","properties":{"state":"NY","name":"New York","source":"U.S. Census Bureau cartographic boundary file cb_2023_us_state_20m"},"geometry":{"type":"MultiPolygon","coordinates":[[[[-72.018926,41.274114],[-71.926802,41.290122],[-71.917281,41.251333],[-72.034754,41.234818],[-72.018926,41.274114]]],[[[-79.761951,42.26986],[-79.138569,42.564462],[-79.04886,42.689158],[-78.851355,42.791758],[-78.909159,42.933257],[-79.019964,42.994756],[-79.00545,43.057231],[-79.074467,43.077855],[-79.044567,43.153255],[-79.070469,43.262454],[-78.547395,43.369541],[-77.760231,43.341161],[-77.551022,43.235763],[-77.341092,43.280661],[-76.952174,43.270692],[-76.769025,43.318452],[-76.417581,43.521285],[-76.235834,43.529256],[-76.203473,43.574978],[-76.229268,43.804135],[-76.296758,43.857079],[-76.441848,43.882864],[-76.279314,43.972462],[-76.307674,44.025277],[-76.37556,44.031536],[-76.334584,44.164945],[-75.834126,44.422433],[-75.76623,44.515851],[-75.255517,44.857651],[-74.834669,45.014683],[-73.343124,45.01084],[-73.338979,44.917681],[-73.379822,44.857037],[-73.33443,44.802188],[-73.389966,44.61962],[-73.293613,44.440559],[-73.334637,44.356877],[-73.316618,44.257769],[-73.43688,44.042578],[-73.350707,43.770463],[-73.424977,43.598775],[-73.395767,43.568087],[-73.327702,43.625913],[-73.242042,43.534925],[-73.290944,42.80192],[-73.264957,42.74594],[-73.508142,42.086257],[-73.550961,41.295422],[-73.482709,41.21276],[-73.727775,41.100696],[-73.657336,40.985171],[-73.766276,40.881099],[-73.654372,40.878199],[-73.485365,40.946397],[-73.229285,40.905121],[-73.110368,40.971938],[-72.585327,40.997587],[-72.354123,41.139952],[-72.189163,41.193549],[-72.283093,41.067874],[-72.162898,41.053187],[-72.126704,41.115139],[-72.051928,41.020506],[-71.959595,41.071237],[-71.856214,41.070598],[-71.936977,41.006137],[-73.20844,40.630884],[-73.774928,40.590759],[-73.940591,40.542896],[-74.057316,40.597546],[-74.260611,40.502436],[-74.202247,40.630903],[-74.047313,40.690466],[-73.893979,40.997197],[-74.694914,41.357423],[-74.734893,41.425818],[-74.982463,41.496467],[-75.043879,41.575094],[-75.074412,41.802191],[-75.263005,41.885109],[-75.341125,41.992772],[-79.761313,41.998808],[-79.761951,42.26986]]]]}},{"type":"Feature","properties":{"state":"OH","name":"Ohio","source":"U.S. Census Bureau cartographic boundary file cb_2023_us_state_20m"},"geometry":{"type":"MultiPolygon","coordinates":[[[[-82.863342,41.693693],[-82.82572,41.72281],[-82.782719,41.694003],[-82.788876,41.643047],[-82.842099,41.628323],[-82.863342,41.693693]]],[[[-84.820157,39.10548],[-84.806082,41.696089],[-83.453832,41.732647],[-82.934369,41.514353],[-82.834101,41.587587],[-82.717878,41.54193],[-82.616952,41.428425],[-82.460599,41.386316],[-81.994565,41.51444],[-81.738755,41.48855],[-81.286925,41.760243],[-80.519425,41.977523],[-80.518991,40.638801],[-80.667957,40.582496],[-80.604895,40.446667],[-80.631596,40.385468],[-80.606596,40.303869],[-80.736804,40.080072],[-80.740126,39.970793],[-80.803394,39.918762],[-80.824969,39.801092],[-80.869933,39.763555],[-80.829764,39.711839],[-81.128533,39.449375],[-81.347567,39.34577],[-81.456143,39.409274],[-81.559647,39.330774],[-81.565247,39.276175],[-81.678331,39.273755],[-81.752754,39.184676],[-81.742953,39.106578],[-81.807855,39.083978],[-81.775734,38.980737],[-81.827354,38.945898],[-81.89847,38.929603],[-81.941829,38.993295],[-82.041563,39.017878],[-82.20929,38.802672],[-82.175167,38.608484],[-82.27427,38.593683],[-82.323999,38.449268],[-82.593673,38.421809],[-82.724846,38.5576],[-82.851314,38.604334],[-82.889193,38.756076],[-83.286514,38.599241],[-83.533339,38.702105],[-83.679484,38.630036],[-83.77216,38.65815],[-83.852085,38.751433],[-84.212904,38.805707],[-84.326539,39.027463],[-84.40094,39.046362],[-84.462042,39.12176],[-84.607928,39.073238],[-84.750749,39.147358],[-84.820157,39.10548]]]]}},{"type":"Feature","properties":{"state":"OK","name":"Oklahoma","source":"U.S. Census Bureau cartographic boundary file cb_2023_us_state_20m"},"geometry":{"type":"Polygon","coordinates":[[[-103.002434,36.500397],[-103.002199,37.000104],[-94.617964,36.998905],[-94.617919,36.499414],[-94.431515,35.369591],[-94.485875,33.637867],[-94.528928,33.62184],[-94.766146,33.748031],[-94.841634,33.739431],[-94.98165,33.852284],[-95.226393,33.961954],[-95.283445,33.877746],[-95.352338,33.867789],[-95.603657,33.927195],[-95.820596,33.858465],[-95.935325,33.875099],[-96.15163,33.831946],[-96.229023,33.748021],[-96.277269,33.769735],[-96.363135,33.694215],[-96.436455,33.78005],[-96.502286,33.77346],[-96.523863,33.818114],[-96.592926,33.830916],[-96.590112,33.880665],[-96.659896,33.916666],[-96.712422,33.831633],[-96.794276,33.868886],[-96.850593,33.847211],[-96.905253,33.947219],[-96.952313,33.944582],[-97.055838,33.855741],[-97.091072,33.735115],[-97.149394,33.721967],[-97.205652,33.809824],[-97.166629,33.847311],[-97.206141,33.91428],[-97.372941,33.819454],[-97.444193,33.823773],[-97.486505,33.916994],[-97.55827,33.897099],[-97.671772,33.99137],[-97.865765,33.849393],[-97.951215,33.878424],[-97.947572,33.991053],[-98.082839,34.002412],[-98.123377,34.15454],[-98.16912,34.114171],[-98.364023,34.157109],[-98.475066,34.064269],[-98.648073,34.164441],[-98.737232,34.130992],[-98.94022,34.203686],[-99.189511,34.214312],[-99.2116,34.31397],[-99.350407,34.437083],[-99.394956,34.442099],[-99.420432,34.380464],[-99.58448,34.407673],[-99.600026,34.374688],[-99.696462,34.381036],[-99.929334,34.576714],[-100.000381,34.560509],[-100.000406,36.499702],[-103.002434,36.500397]]]}},{"type":"Feature","properties":{"state":"OR","name":"Oregon","source":"U.S. Census Bureau cartographic boundary file cb_2023_us_state_20m"},"geometry":{"type":"Polygon","coordinates":[[[-124.552441,42.840568],[-124.436198,43.071312],[-124.400404,43.302121],[-124.233534,43.55713],[-124.150267,43.91085],[-124.074066,44.798107],[-123.962887,45.280218],[-123.976544,45.489733],[-123.939448,45.708795],[-123.993703,45.946431],[-123.937471,45.977306],[-123.92933,46.041978],[-123.95919,46.141675],[-124.041128,46.197672],[-123.998052,46.235327],[-123.912405,46.17945],[-123.757589,46.213001],[-123.718149,46.188989],[-123.479644,46.269131],[-123.371433,46.146372],[-123.115904,46.185268],[-122.904119,46.083734],[-122.813998,45.960984],[-122.774511,45.680437],[-122.738109,45.644138],[-122.331502,45.548241],[-122.101675,45.583516],[-121.811304,45.706761],[-121.33777,45.704949],[-121.215779,45.671238],[-121.183841,45.606441],[-121.084933,45.647893],[-120.895575,45.642945],[-120.634968,45.745847],[-120.40396,45.699249],[-120.210754,45.725951],[-119.965744,45.824365],[-119.669877,45.856867],[-119.600549,45.919581],[-119.12612,45.932859],[-118.987129,45.999855],[-116.915989,45.995413],[-116.78752,45.840204],[-116.535698,45.734231],[-116.463504,45.615785],[-116.674648,45.314342],[-116.754643,45.113972],[-116.841314,45.030907],[-116.865338,44.870599],[-116.9318,44.787181],[-117.062273,44.727143],[-117.14293,44.557236],[-117.225932,44.479389],[-117.243027,44.390974],[-117.192203,44.32863],[-117.216974,44.288357],[-116.971958,44.235677],[-116.895931,44.154295],[-116.977351,44.085364],[-116.937342,44.029376],[-117.023577,43.823811],[-117.026197,41.99989],[-124.211605,41.99846],[-124.314289,42.067864],[-124.410982,42.250547],[-124.413119,42.657934],[-124.510017,42.734746],[-124.552441,42.840568]]]}},{"type":"Feature","properties":{"state":"PA","name":"Pennsylvania","source":"U.S. Census Bureau cartographic boundary file cb_2023_us_state_20m"},"geometry":{"type":"Polygon","coordinates":[[[-80.519342,39.721403],[-80.519425,41.977523],[-80.154084,42.114757],[-80.088512,42.173184],[-80.020323,42.163116],[-79.761951,42.26986],[-79.761313,41.998808],[-75.341125,41.992772],[-75.263005,41.885109],[-75.074412,41.802191],[-75.043879,41.575094],[-74.982463,41.496467],[-74.734893,41.425818],[-74.694914,41.357423],[-74.815703,41.296151],[-74.905256,41.155668],[-75.133086,40.980179],[-75.065438,40.885682],[-75.192612,40.715874],[-75.186737,40.569406],[-75.078503,40.548296],[-75.056102,40.416066],[-74.969597,40.39977],[-74.721604,40.15381],[-75.11922,39.965412],[-75.13342,39.896213],[-75.415062,39.801919],[-75.662846,39.821425],[-75.773786,39.7222],[-80.519342,39.721403]]]}},{"type":"Feature","properties":{"state":"RI","name":"Rhode Island","source":"U.S. Census Bureau cartographic boundary file cb_2023_us_state_20m"},"geometry":{"type":"MultiPolygon","coordinates":[[[[-71.631472,41.166678],[-71.593342,41.237428],[-71.54541,41.24273],[-71.51921,41.149624],[-71.631472,41.166678]]],[[[-71.860513,41.320248],[-71.839649,41.412119],[-71.797683,41.416709],[-71.799242,42.008065],[-71.381401,42.018798],[-71.3817,41.893199],[-71.339298,41.893399],[-71.329396,41.7826],[-71.132888,41.660102],[-71.12057,41.497448],[-71.19302,41.457931],[-71.285639,41.487805],[-71.312694,41.451402],[-71.428652,41.454158],[-71.483295,41.371722],[-71.860513,41.320248]]]]}},{"type":"Feature","properties":{"state":"SC","name":"South Carolina","source":"U.S. Census Bureau cartographic boundary file cb_2023_us_state_20m"},"geometry":{"type":"Polygon","coordinates":[[[-83.353238,34.728648],[-83.140621,34.924915],[-83.108606,35.000659],[-82.746431,35.079131],[-82.411301,35.202483],[-81.04287,35.149248],[-81.041489,35.044703],[-80.93495,35.107409],[-80.782042,34.935782],[-80.796997,34.823874],[-79.675299,34.804744],[-78.541087,33.851112],[-78.772737,33.768511],[-78.938076,33.639826],[-79.135441,33.403867],[-79.172394,33.206577],[-79.329909,33.089986],[-79.359961,33.006672],[-79.483499,33.001265],[-79.522449,33.03535],[-79.580725,33.006447],[-79.606615,32.972248],[-79.569762,32.926692],[-80.000801,32.605892],[-80.148406,32.578479],[-80.338354,32.47873],[-80.46571,32.4953],[-80.455192,32.326458],[-80.596394,32.273549],[-80.714601,32.325656],[-80.766038,32.292608],[-80.669166,32.216783],[-80.858735,32.099581],[-80.885517,32.0346],[-81.113334,32.113205],[-81.153531,32.237687],[-81.133032,32.334794],[-81.194829,32.465086],[-81.397106,32.605587],[-81.42062,32.831223],[-81.499566,32.943722],[-81.50203,33.015113],[-81.755135,33.15155],[-81.763535,33.203648],[-81.846536,33.241746],[-81.846136,33.303843],[-81.932737,33.343541],[-81.926336,33.462937],[-82.161908,33.610643],[-82.32448,33.820033],[-82.556835,33.945353],[-82.715373,34.148165],[-82.873831,34.471508],[-83.048289,34.493254],[-83.33869,34.682002],[-83.353238,34.728648]]]}},{"type":"Feature","properties":{"state":"SD","name":"South Dakota","source":"U.S. Census Bureau cartographic boundary file cb_2023_us_state_20m"},"geometry":{"type":"Polygon","coordinates":[[[-104.053127,43.000585],[-104.045443,45.94531],[-96.563672,45.935245],[-96.587093,45.816445],[-96.851621,45.619412],[-96.710786,45.43693],[-96.521787,45.375645],[-96.457781,45.30761],[-96.45326,43.50039],[-96.598928,43.500457],[-96.594254,43.434153],[-96.521572,43.38564],[-96.530392,43.300034],[-96.578823,43.291095],[-96.522084,43.22096],[-96.475571,43.221054],[-96.439335,43.113916],[-96.511605,43.039927],[-96.500308,42.959391],[-96.624704,42.725497],[-96.526766,42.641184],[-96.476952,42.556079],[-96.49297,42.517282],[-96.445508,42.49063],[-96.611489,42.506088],[-96.7093,42.603753],[-96.697639,42.659143],[-97.131331,42.771929],[-97.237868,42.853139],[-97.857957,42.865093],[-97.950147,42.769619],[-98.035034,42.764205],[-98.14806,42.840013],[-98.434503,42.929227],[-98.49855,42.99856],[-104.053127,43.000585]]]}},{"type":"Feature","properties":{"state":"TN","name":"Tennessee","source":"U.S. Census Bureau cartographic boundary file cb_2023_us_state_20m"},"geometry":{"type":"Polygon","coordinates":[[[-90.300697,35.028793],[-90.197146,35.050731],[-90.160058,35.12883],[-90.09061,35.118287],[-90.097947,35.249983],[-90.166594,35.274588],[-90.087903,35.36327],[-90.112504,35.410153],[-90.045306,35.415435],[-90.022064,35.457375],[-90.037615,35.550329],[-89.958498,35.541703],[-89.9325,35.607865],[-89.876548,35.626653],[-89.956589,35.695486],[-89.915491,35.754917],[-89.723426,35.809382],[-89.722634,35.873718],[-89.64727,35.89492],[-89.733095,36.000608],[-89.592102,36.135637],[-89.69263,36.224959],[-89.554289,36.277751],[-89.611819,36.309088],[-89.600544,36.342985],[-89.522695,36.344789],[-89.539232,36.497934],[-88.050466,36.500053],[-88.070532,36.678118],[-87.849567,36.663701],[-87.853204,36.633247],[-86.507771,36.652445],[-83.690714,36.582581],[-81.6469,36.611918],[-81.734312,36.413342],[-81.705966,36.338496],[-81.833202,36.347339],[-81.908137,36.302013],[-82.02874,36.124322],[-82.127146,36.104417],[-82.211251,36.159012],[-82.297655,36.13351],[-82.557874,35.953901],[-82.610885,35.974442],[-82.595525,36.026012],[-82.628365,36.062105],[-82.779397,35.992511],[-82.81613,35.923986],[-82.910608,35.92693],[-82.899718,35.874602],[-82.978414,35.78261],[-83.161537,35.763363],[-83.498335,35.562981],[-83.771736,35.562118],[-84.021782,35.407418],[-84.02351,35.295783],[-84.097508,35.247382],[-84.223718,35.269078],[-84.28322,35.226577],[-84.321869,34.988408],[-90.309297,34.995694],[-90.300697,35.028793]]]}},{"type":"Feature","properties":{"state":"TX","name":"Texas","source":"U.S. Census Bureau cartographic boundary file cb_2023_us_state_20m"},"geometry":{"type":"Polygon","coordinates":[[[-106.63588,31.871514],[-106.618486,32.000495],[-103.064423,32.000518],[-103.041924,36.500439],[-100.000406,36.499702],[-100.000381,34.560509],[-99.929334,34.576714],[-99.696462,34.381036],[-99.600026,34.374688],[-99.58448,34.407673],[-99.420432,34.380464],[-99.394956,34.442099],[-99.350407,34.437083],[-99.2116,34.31397],[-99.189511,34.214312],[-98.94022,34.203686],[-98.737232,34.130992],[-98.648073,34.164441],[-98.475066,34.064269],[-98.364023,34.157109],[-98.16912,34.114171],[-98.123377,34.15454],[-98.082839,34.002412],[-97.947572,33.991053],[-97.951215,33.878424],[-97.865765,33.849393],[-97.671772,33.99137],[-97.55827,33.897099],[-97.486505,33.916994],[-97.444193,33.823773],[-97.372941,33.819454],[-97.206141,33.91428],[-97.166629,33.847311],[-97.205652,33.809824],[-97.149394,33.721967],[-97.091072,33.735115],[-97.055838,33.855741],[-96.952313,33.944582],[-96.905253,33.947219],[-96.850593,33.847211],[-96.794276,33.868886],[-96.712422,33.831633],[-96.659896,33.916666],[-96.590112,33.880665],[-96.592926,33.830916],[-96.523863,33.818114],[-96.502286,33.77346],[-96.436455,33.78005],[-96.363135,33.694215],[-96.277269,33.769735],[-96.229023,33.748021],[-96.15163,33.831946],[-95.935325,33.875099],[-95.820596,33.858465],[-95.603657,33.927195],[-95.352338,33.867789],[-95.283445,33.877746],[-95.226393,33.961954],[-94.98165,33.852284],[-94.841634,33.739431],[-94.766146,33.748031],[-94.388052,33.565511],[-94.183395,33.592212],[-94.043428,33.551425],[-94.041833,31.992402],[-93.85339,31.805467],[-93.803419,31.700686],[-93.834924,31.586211],[-93.725925,31.504092],[-93.749476,31.46869],[-93.668146,31.375103],[-93.67544,31.30104],[-93.613942,31.259375],[-93.602443,31.182541],[-93.535097,31.185614],[-93.530936,30.924534],[-93.629904,30.67994],[-93.729195,30.544842],[-93.702665,30.429947],[-93.760328,30.329924],[-93.70719,30.275513],[-93.70394,30.054291],[-93.929208,29.802952],[-93.837971,29.690619],[-94.056506,29.671163],[-94.670389,29.43078],[-94.731047,29.369141],[-94.72253,29.331446],[-95.026219,29.148064],[-95.38239,28.866348],[-96.328817,28.423659],[-96.792158,28.110497],[-97.003325,27.908307],[-97.296057,27.427175],[-97.378697,27.060044],[-97.145567,25.971132],[-97.338346,25.923125],[-97.372864,25.840117],[-97.422636,25.840378],[-97.644011,26.006614],[-97.795291,26.055218],[-98.197046,26.056153],[-98.442536,26.199151],[-98.654221,26.23596],[-98.807348,26.369421],[-99.082002,26.39651],[-99.268613,26.843213],[-99.44697,27.026026],[-99.445238,27.223341],[-99.529654,27.306051],[-99.487521,27.412396],[-99.530138,27.580207],[-99.704601,27.654954],[-99.844737,27.778809],[-99.932161,27.96771],[-100.075474,28.124882],[-100.267604,28.250269],[-100.39727,28.575637],[-100.500354,28.66196],[-100.53583,28.805888],[-100.627206,28.903734],[-100.674656,29.099777],[-100.886842,29.307848],[-100.995607,29.363403],[-101.060151,29.458661],[-101.254895,29.520342],[-101.400636,29.738079],[-101.561569,29.794658],[-101.654578,29.765163],[-102.115682,29.79239],[-102.301381,29.877674],[-102.349861,29.862317],[-102.392906,29.765569],[-102.512687,29.780303],[-102.677192,29.738261],[-102.808692,29.522319],[-102.824564,29.399558],[-102.891022,29.287113],[-102.871347,29.241625],[-103.076355,29.085722],[-103.126748,28.982124],[-103.28119,28.982138],[-103.724743,29.19147],[-103.789034,29.257502],[-104.055596,29.33091],[-104.539761,29.676074],[-104.672327,29.911112],[-104.702788,30.211736],[-104.859521,30.390413],[-104.924796,30.604832],[-105.21866,30.801567],[-105.394242,30.852979],[-105.953943,31.364749],[-106.175675,31.456279],[-106.370139,31.71071],[-106.581344,31.813906],[-106.63588,31.871514]]]}},{"type":"Feature","properties":{"state":"UT","name":"Utah","source":"U.S. Census Bureau cartographic boundary file cb_2023_us_state_20m"},"geometry":{"type":"Polygon","coordinates":[[[-114.0506,37.000396],[-114.041723,41.99372],[-111.046689,42.001567],[-111.046723,40.997959],[-109.050076,41.000659],[-109.045223,36.999084],[-114.0506,37.000396]]]}},{"type":"Feature","properties":{"state":"VA","name":"Virginia","source":"U.S. Census Bureau cartographic boundary file cb_2023_us_state_20m"},"geometry":{"type":"MultiPolygon","coordinates":[[[[-76.023475,37.289067],[-75.941182,37.563839],[-75.812155,37.749502],[-75.818125,37.791698],[-75.702914,37.849659],[-75.757694,37.903912],[-75.624341,37.994211],[-75.242266,38.027209],[-75.380638,37.851702],[-75.439001,37.869335],[-75.48927,37.832457],[-75.672877,37.483696],[-75.658379,37.451815],[-75.817387,37.193437],[-75.942399,37.089607],[-75.979608,37.100448],[-76.023475,37.289067]]],[[[-83.675413,36.600814],[-83.136395,36.743088],[-83.07559,36.850589],[-82.895445,36.882145],[-82.869183,36.974182],[-82.722254,37.057948],[-82.726294,37.111852],[-82.355343,37.26522],[-81.968297,37.537798],[-81.932279,37.511961],[-81.984891,37.454315],[-81.896001,37.331967],[-81.678603,37.202467],[-81.560625,37.206663],[-81.362156,37.337687],[-81.225104,37.234874],[-80.835479,37.334824],[-80.883248,37.383933],[-80.865148,37.419927],[-80.770082,37.372363],[-80.544836,37.474695],[-80.46482,37.426144],[-80.223386,37.623185],[-80.292258,37.683732],[-80.199633,37.827507],[-79.971231,38.044326],[-79.916174,38.184386],[-79.787542,38.273298],[-79.804093,38.313922],[-79.689675,38.431439],[-79.649075,38.591515],[-79.54257,38.553217],[-79.476638,38.457228],[-79.297758,38.416438],[-79.092955,38.659517],[-78.999014,38.840074],[-78.869276,38.762991],[-78.772793,38.893742],[-78.561711,39.009007],[-78.413943,39.158415],[-78.401813,39.276754],[-78.34048,39.353492],[-78.347087,39.466012],[-77.828157,39.132329],[-77.719519,39.321314],[-77.588235,39.301955],[-77.459883,39.218682],[-77.519929,39.120925],[-77.248403,39.026909],[-77.249803,38.985909],[-77.146601,38.96421],[-77.039099,38.868112],[-77.053199,38.709915],[-77.132501,38.673816],[-77.1302,38.635017],[-77.246704,38.635217],[-77.295274,38.562125],[-77.317288,38.383576],[-77.265295,38.333165],[-77.048137,38.360145],[-76.962311,38.214075],[-76.838795,38.163476],[-76.613939,38.148587],[-76.491998,38.017222],[-76.236725,37.889174],[-76.310307,37.794849],[-76.32912,37.670976],[-76.279447,37.618225],[-76.29796,37.557636],[-76.24846,37.375135],[-76.275552,37.309964],[-76.393958,37.39594],[-76.437525,37.37975],[-76.36229,37.270226],[-76.394132,37.22515],[-76.271262,37.084544],[-76.304272,37.001378],[-76.189959,36.931447],[-75.996252,36.922047],[-75.867044,36.550754],[-80.295243,36.543973],[-81.677535,36.588117],[-81.6469,36.611918],[-83.675413,36.600814]]]]}},{"type":"Feature","properties":{"state":"VT","name":"Vermont","source":"U.S. Census Bureau cartographic boundary file cb_2023_us_state_20m"},"geometry":{"type":"Polygon","coordinates":[[[-73.43688,44.042578],[-73.316618,44.257769],[-73.334637,44.356877],[-73.293613,44.440559],[-73.389966,44.61962],[-73.33443,44.802188],[-73.379822,44.857037],[-73.338979,44.917681],[-73.343124,45.01084],[-71.501088,45.013377],[-71.531605,44.976023],[-71.494403,44.911837],[-71.626909,44.747224],[-71.551722,44.627598],[-71.579974,44.501778],[-71.818838,44.352939],[-72.046302,44.291983],[-72.036883,44.103119],[-72.116706,43.991954],[-72.105875,43.94937],[-72.37944,43.574069],[-72.444977,43.004416],[-72.532186,42.954945],[-72.556112,42.866252],[-72.458519,42.726853],[-73.264957,42.74594],[-73.290944,42.80192],[-73.242042,43.534925],[-73.327702,43.625913],[-73.395767,43.568087],[-73.424977,43.598775],[-73.350707,43.770463],[-73.43688,44.042578]]]}},{"type":"Feature","properties":{"state":"WA","name":"Washington","source":"U.S. Census Bureau cartographic boundary file cb_2023_us_state_20m"},"geometry":{"type":"MultiPolygon","coordinates":[[[[-123.237148,48.683466],[-123.070427,48.699971],[-122.937925,48.790315],[-122.818436,48.744629],[-122.743049,48.661991],[-122.79901,48.604683],[-122.771206,48.562426],[-122.817912,48.483888],[-122.803521,48.428748],[-122.874135,48.418196],[-123.141478,48.505291],[-123.237148,48.683466]]],[[[-124.725839,48.386012],[-124.653243,48.390691],[-124.050734,48.177747],[-123.314578,48.113725],[-123.144783,48.175943],[-123.004128,48.090516],[-122.760448,48.14324],[-122.698465,48.103102],[-122.701294,47.972979],[-122.651063,47.920985],[-122.542924,47.996404],[-122.607342,48.030992],[-122.633167,48.163281],[-122.711508,48.193573],[-122.752563,48.260061],[-122.665338,48.416453],[-122.689121,48.476849],[-122.642597,48.588339],[-122.732506,48.838097],[-122.821631,48.941369],[-122.75802,49.002357],[-117.032351,48.999188],[-117.035545,46.410012],[-117.062748,46.353624],[-116.923958,46.17092],[-116.981962,46.084915],[-116.915989,45.995413],[-118.987129,45.999855],[-119.12612,45.932859],[-119.600549,45.919581],[-119.669877,45.856867],[-119.965744,45.824365],[-120.210754,45.725951],[-120.505863,45.700048],[-120.634968,45.745847],[-120.895575,45.642945],[-121.084933,45.647893],[-121.183841,45.606441],[-121.215779,45.671238],[-121.533106,45.726541],[-121.867167,45.693277],[-122.262625,45.544321],[-122.643907,45.609739],[-122.774511,45.680437],[-122.813998,45.960984],[-122.904119,46.083734],[-123.115904,46.185268],[-123.371433,46.146372],[-123.479644,46.269131],[-123.669501,46.266832],[-123.700764,46.305278],[-123.875525,46.239787],[-123.969427,46.291398],[-124.080671,46.267239],[-124.069583,46.630651],[-123.923269,46.672708],[-124.080983,46.735003],[-124.138225,46.905534],[-124.180111,46.926357],[-124.188544,47.157859],[-124.236349,47.287287],[-124.319379,47.355559],[-124.412106,47.691199],[-124.672427,47.964414],[-124.721725,48.153185],[-124.669265,48.296353],[-124.725839,48.386012]]]]}},{"type":"Feature","properties":{"state":"WI","name":"Wisconsin","source":"U.S. Census Bureau cartographic boundary file cb_2023_us_state_20m"},"geometry":{"type":"MultiPolygon","coordinates":[[[[-86.934276,45.421149],[-86.835749,45.450188],[-86.805868,45.412903],[-86.899891,45.295185],[-86.956198,45.352006],[-86.934276,45.421149]]],[[[-90.776921,47.024324],[-90.560936,47.037013],[-90.511623,46.961407],[-90.549104,46.915461],[-90.637124,46.906724],[-90.776921,47.024324]]],[[[-92.881136,45.573409],[-92.869689,45.715142],[-92.721128,45.883805],[-92.35176,46.015685],[-92.294033,46.074377],[-92.292192,46.663242],[-92.205492,46.664741],[-92.143338,46.731596],[-91.961889,46.682539],[-91.511077,46.757453],[-91.211647,46.866824],[-91.167601,46.84476],[-90.984617,46.925602],[-90.989375,46.982274],[-90.924128,47.001888],[-90.745305,46.894254],[-90.95565,46.592503],[-90.794775,46.624941],[-90.73726,46.692267],[-90.56556,46.584892],[-90.214866,46.499947],[-90.120489,46.336852],[-89.09163,46.138505],[-88.65776,45.989287],[-88.526673,46.020822],[-88.178008,45.947111],[-88.073944,45.875593],[-88.135067,45.821694],[-88.105518,45.798839],[-87.995876,45.795435],[-87.805076,45.703556],[-87.781007,45.673934],[-87.824676,45.653211],[-87.777671,45.609204],[-87.863489,45.35302],[-87.657349,45.368752],[-87.741805,45.197051],[-87.590208,45.095264],[-87.630298,44.976865],[-87.843433,44.924355],[-87.838359,44.873987],[-87.983494,44.720196],[-87.998716,44.609288],[-88.041202,44.572581],[-88.005518,44.539216],[-87.943801,44.529693],[-87.77516,44.639281],[-87.581306,44.851791],[-87.393405,44.934393],[-87.264877,45.081361],[-87.238224,45.167259],[-87.121609,45.209783],[-87.057627,45.292838],[-86.97778,45.290684],[-87.063157,45.079316],[-87.446963,44.586274],[-87.545382,44.321385],[-87.507419,44.210803],[-87.655183,44.081894],[-87.736017,43.873721],[-87.706204,43.679542],[-87.889207,43.307652],[-87.900485,43.12591],[-87.834879,42.856717],[-87.766675,42.784896],[-87.814674,42.64402],[-87.800477,42.49192],[-90.642843,42.508481],[-90.700856,42.626445],[-91.017239,42.719566],[-91.138,42.903772],[-91.174692,43.038713],[-91.175253,43.134665],[-91.05791,43.253968],[-91.207367,43.373659],[-91.273252,43.666623],[-91.243955,43.773046],[-91.291002,43.852733],[-91.440536,44.001501],[-91.573283,44.026901],[-91.817302,44.164235],[-91.9636,44.362112],[-92.232472,44.445434],[-92.361518,44.558935],[-92.54928,44.577704],[-92.805287,44.768361],[-92.750802,44.941567],[-92.802911,45.065403],[-92.740509,45.113396],[-92.761868,45.284938],[-92.646768,45.437929],[-92.756906,45.557499],[-92.881136,45.573409]]]]}},{"type":"Feature","properties":{"state":"WV","name":"West Virginia","source":"U.S. Census Bureau cartographic boundary file cb_2023_us_state_20m"},"geometry":{"type":"Polygon","coordinates":[[[-82.626182,38.134835],[-82.593673,38.421809],[-82.323999,38.449268],[-82.27427,38.593683],[-82.175167,38.608484],[-82.20929,38.802672],[-82.041563,39.017878],[-81.941829,38.993295],[-81.89847,38.929603],[-81.827354,38.945898],[-81.775734,38.980737],[-81.807855,39.083978],[-81.742953,39.106578],[-81.752754,39.184676],[-81.678331,39.273755],[-81.565247,39.276175],[-81.559647,39.330774],[-81.456143,39.409274],[-81.347567,39.34577],[-81.249088,39.389992],[-80.865575,39.662751],[-80.829764,39.711839],[-80.869933,39.763555],[-80.824969,39.801092],[-80.803394,39.918762],[-80.740126,39.970793],[-80.736804,40.080072],[-80.606596,40.303869],[-80.631596,40.385468],[-80.604895,40.446667],[-80.667957,40.582496],[-80.627171,40.619936],[-80.518991,40.638801],[-80.519342,39.721403],[-79.476662,39.721078],[-79.486873,39.205961],[-79.283723,39.30964],[-79.091329,39.472407],[-78.956751,39.440264],[-78.77114,39.638387],[-78.707098,39.555857],[-78.460951,39.525987],[-78.382959,39.622246],[-78.08226,39.671166],[-78.006734,39.601337],[-77.829814,39.587288],[-77.719519,39.321314],[-77.828157,39.132329],[-78.347087,39.466012],[-78.34048,39.353492],[-78.401813,39.276754],[-78.413943,39.158415],[-78.561711,39.009007],[-78.772793,38.893742],[-78.869276,38.762991],[-78.999014,38.840074],[-79.092955,38.659517],[-79.297758,38.416438],[-79.476638,38.457228],[-79.54257,38.553217],[-79.649075,38.591515],[-79.689675,38.431439],[-79.804093,38.313922],[-79.787542,38.273298],[-79.916174,38.184386],[-79.971231,38.044326],[-80.199633,37.827507],[-80.292258,37.683732],[-80.223386,37.623185],[-80.291644,37.536505],[-80.46482,37.426144],[-80.544836,37.474695],[-80.770082,37.372363],[-80.865148,37.419927],[-80.883248,37.383933],[-80.835479,37.334824],[-81.225104,37.234874],[-81.362156,37.337687],[-81.560625,37.206663],[-81.678603,37.202467],[-81.849949,37.285227],[-81.984891,37.454315],[-81.932279,37.511961],[-82.064418,37.544516],[-82.296118,37.686174],[-82.487556,37.916975],[-82.464987,37.976859],[-82.626182,38.134835]]]}},{"type":"Feature","properties":{"state":"WY","name":"Wyoming","source":"U.S. Census Bureau cartographic boundary file cb_2023_us_state_20m"},"geometry":{"type":"Polygon","coordinates":[[[-111.046723,40.997959],[-111.044275,45.001345],[-104.057698,44.997431],[-104.053249,41.001406],[-111.046723,40.997959]]]}}]}